station_hour_id,hour,hour_sin,hour_cos,temperature_c,rain_mm,weekend,nearby_event,bikes_available,empty_docks,next_hour_rentals,empty_next_hour
BS-0001,19,-0.96593,0.25882,14.5,3.1,0,0,23,17,13,0
BS-0002,11,0.25882,-0.96593,24.7,3.4,1,0,15,25,20,0
BS-0003,18,-1.0,-0.0,11.9,0.0,1,0,9,31,11,0
BS-0004,7,0.96593,-0.25882,10.0,3.3,0,0,20,20,18,0
BS-0005,0,0.0,1.0,11.6,0.0,0,0,16,24,7,0
BS-0006,6,1.0,0.0,5.1,0.2,1,0,24,16,19,0
BS-0007,23,-0.25882,0.96593,24.5,0.0,0,0,10,30,8,0
BS-0008,23,-0.25882,0.96593,21.8,0.0,0,0,8,32,4,0
BS-0009,16,-0.86603,-0.5,-1.7,1.8,0,0,15,25,21,0
BS-0010,5,0.96593,0.25882,33.9,0.0,1,0,16,24,12,0
BS-0011,12,0.0,-1.0,6.5,0.0,0,0,7,33,12,1
BS-0012,0,0.0,1.0,7.7,0.0,0,0,8,32,6,0
BS-0013,4,0.86603,0.5,9.3,0.0,0,1,11,29,12,0
BS-0014,20,-0.86603,0.5,17.2,0.5,1,0,16,24,13,0
BS-0015,16,-0.86603,-0.5,19.0,0.2,1,0,17,23,28,0
BS-0016,4,0.86603,0.5,18.5,0.0,0,0,21,19,10,0
BS-0017,20,-0.86603,0.5,25.9,0.0,1,0,26,14,12,0
BS-0018,20,-0.86603,0.5,18.9,0.0,0,0,15,25,14,0
BS-0019,4,0.86603,0.5,25.9,0.0,0,0,18,22,8,0
BS-0020,17,-0.96593,-0.25882,18.7,0.0,0,0,14,26,18,0
BS-0021,4,0.86603,0.5,22.7,0.0,1,0,5,35,8,0
BS-0022,1,0.25882,0.96593,6.0,0.0,1,0,31,9,1,0
BS-0023,4,0.86603,0.5,21.1,3.8,0,0,1,39,0,0
BS-0024,2,0.5,0.86603,23.6,1.4,0,0,17,23,12,0
BS-0025,19,-0.96593,0.25882,6.2,0.0,1,0,13,27,19,0
BS-0026,10,0.5,-0.86603,3.9,0.0,1,0,25,15,27,0
BS-0027,11,0.25882,-0.96593,10.6,0.0,1,0,18,22,16,0
BS-0028,17,-0.96593,-0.25882,8.0,0.0,0,0,16,24,25,0
BS-0029,13,-0.25882,-0.96593,13.3,2.5,1,1,14,26,18,0
BS-0030,2,0.5,0.86603,11.3,0.0,0,0,10,30,2,0
BS-0031,9,0.70711,-0.70711,16.5,4.0,1,1,25,15,16,0
BS-0032,4,0.86603,0.5,14.2,0.0,1,0,14,26,9,0
BS-0033,17,-0.96593,-0.25882,20.8,0.0,1,0,16,24,25,0
BS-0034,18,-1.0,-0.0,18.7,0.0,0,0,16,24,26,0
BS-0035,14,-0.5,-0.86603,18.5,0.0,0,0,16,24,26,1
BS-0036,7,0.96593,-0.25882,24.2,1.3,0,0,13,27,17,0
BS-0037,7,0.96593,-0.25882,17.6,1.5,0,0,20,20,17,0
BS-0038,19,-0.96593,0.25882,27.9,0.0,0,0,32,8,23,0
BS-0039,10,0.5,-0.86603,19.0,4.2,0,0,19,21,9,0
BS-0040,2,0.5,0.86603,24.0,0.0,0,0,17,23,10,0
BS-0041,4,0.86603,0.5,17.4,0.0,0,0,9,31,12,0
BS-0042,22,-0.5,0.86603,12.6,0.0,0,0,18,22,6,0
BS-0043,19,-0.96593,0.25882,8.2,0.5,0,0,33,7,22,0
BS-0044,0,0.0,1.0,17.4,0.0,0,0,11,29,3,0
BS-0045,16,-0.86603,-0.5,26.3,0.0,1,0,9,31,28,0
BS-0046,3,0.70711,0.70711,23.5,0.0,0,0,1,39,10,1
BS-0047,19,-0.96593,0.25882,-2.1,1.7,0,0,17,23,16,0
BS-0048,1,0.25882,0.96593,26.9,0.0,0,0,11,29,8,0
BS-0049,1,0.25882,0.96593,27.7,0.0,0,1,22,18,21,0
BS-0050,16,-0.86603,-0.5,11.4,0.0,0,0,1,39,32,1
BS-0051,3,0.70711,0.70711,13.6,0.0,1,0,1,39,8,1
BS-0052,21,-0.70711,0.70711,2.7,5.2,0,0,22,18,0,0
BS-0053,5,0.96593,0.25882,26.5,4.6,1,0,15,25,0,0
BS-0054,1,0.25882,0.96593,21.6,0.0,0,0,16,24,6,0
BS-0055,8,0.86603,-0.5,21.0,1.0,0,0,18,22,29,1
BS-0056,9,0.70711,-0.70711,22.4,0.0,0,0,15,25,22,0
BS-0057,12,0.0,-1.0,6.9,0.1,1,0,20,20,17,0
BS-0058,20,-0.86603,0.5,15.0,0.0,1,0,21,19,13,0
BS-0059,22,-0.5,0.86603,5.7,0.0,1,0,6,34,5,0
BS-0060,1,0.25882,0.96593,5.2,0.0,1,0,26,14,3,0
BS-0061,1,0.25882,0.96593,2.0,0.0,0,0,15,25,4,0
BS-0062,8,0.86603,-0.5,4.0,0.0,0,0,10,30,23,0
BS-0063,15,-0.70711,-0.70711,11.5,0.0,0,0,13,27,21,0
BS-0064,9,0.70711,-0.70711,5.8,0.0,0,1,24,16,30,0
BS-0065,5,0.96593,0.25882,5.6,4.0,1,1,17,23,3,0
BS-0066,9,0.70711,-0.70711,3.7,0.3,0,0,17,23,15,0
BS-0067,5,0.96593,0.25882,15.5,0.0,0,0,16,24,8,0
BS-0068,22,-0.5,0.86603,5.6,2.1,1,0,22,18,0,0
BS-0069,15,-0.70711,-0.70711,8.1,0.0,0,0,23,17,20,0
BS-0070,19,-0.96593,0.25882,18.7,0.0,0,0,23,17,26,0
BS-0071,4,0.86603,0.5,31.9,0.0,0,0,22,18,15,0
BS-0072,23,-0.25882,0.96593,25.3,0.0,0,0,12,28,13,0
BS-0073,5,0.96593,0.25882,5.0,0.0,0,0,24,16,4,0
BS-0074,1,0.25882,0.96593,14.4,0.0,0,0,27,13,6,0
BS-0075,10,0.5,-0.86603,4.9,0.0,0,1,22,18,45,0
BS-0076,10,0.5,-0.86603,15.4,3.8,0,0,7,33,8,0
BS-0077,14,-0.5,-0.86603,12.7,0.0,0,0,12,28,19,1
BS-0078,17,-0.96593,-0.25882,3.7,0.0,1,0,17,23,25,0
BS-0079,1,0.25882,0.96593,22.1,0.0,1,0,15,25,11,0
BS-0080,16,-0.86603,-0.5,22.0,0.0,0,0,22,18,27,0
BS-0081,1,0.25882,0.96593,29.5,2.7,0,0,15,25,3,0
BS-0082,22,-0.5,0.86603,17.0,0.0,0,0,26,14,7,0
BS-0083,5,0.96593,0.25882,11.1,1.2,0,0,24,16,6,0
BS-0084,13,-0.25882,-0.96593,11.8,1.6,0,0,8,32,10,0
BS-0085,5,0.96593,0.25882,21.2,4.3,1,0,9,31,1,0
BS-0086,3,0.70711,0.70711,8.5,0.0,1,0,26,14,8,0
BS-0087,13,-0.25882,-0.96593,29.1,0.0,1,0,18,22,27,0
BS-0088,8,0.86603,-0.5,13.8,0.0,0,0,21,19,16,0
BS-0089,16,-0.86603,-0.5,13.3,0.0,0,0,15,25,25,1
BS-0090,4,0.86603,0.5,24.0,0.0,0,0,16,24,14,0
BS-0091,11,0.25882,-0.96593,22.2,0.0,0,0,1,39,21,1
BS-0092,1,0.25882,0.96593,9.5,0.0,0,0,10,30,5,0
BS-0093,20,-0.86603,0.5,21.3,1.4,0,0,22,18,21,0
BS-0094,22,-0.5,0.86603,19.3,0.0,1,0,24,16,10,0
BS-0095,6,1.0,0.0,16.1,0.0,1,0,9,31,10,0
BS-0096,12,0.0,-1.0,2.4,0.0,0,0,30,10,19,0
BS-0097,21,-0.70711,0.70711,8.8,0.0,0,1,26,14,13,0
BS-0098,6,1.0,0.0,16.8,0.0,0,0,16,24,21,0
BS-0099,17,-0.96593,-0.25882,9.4,0.0,0,0,19,21,27,0
BS-0100,15,-0.70711,-0.70711,20.1,0.0,0,0,6,34,33,1
BS-0101,9,0.70711,-0.70711,12.1,0.0,0,1,27,13,33,0
BS-0102,10,0.5,-0.86603,14.9,0.0,0,0,21,19,23,0
BS-0103,5,0.96593,0.25882,8.7,0.0,1,0,9,31,7,0
BS-0104,23,-0.25882,0.96593,14.6,7.4,1,0,29,11,2,0
BS-0105,3,0.70711,0.70711,14.4,0.0,1,0,32,8,6,0
BS-0106,4,0.86603,0.5,9.8,0.0,0,0,16,24,5,0
BS-0107,0,0.0,1.0,26.2,0.0,1,0,4,36,15,1
BS-0108,7,0.96593,-0.25882,-1.1,0.0,1,0,14,26,11,0
BS-0109,19,-0.96593,0.25882,-0.4,0.0,0,0,10,30,22,1
BS-0110,5,0.96593,0.25882,-0.0,0.0,0,0,17,23,4,0
BS-0111,8,0.86603,-0.5,9.6,0.0,0,0,14,26,23,0
BS-0112,15,-0.70711,-0.70711,25.4,0.0,1,0,10,30,23,1
BS-0113,11,0.25882,-0.96593,5.0,0.0,0,0,13,27,17,0
BS-0114,2,0.5,0.86603,3.5,0.2,1,0,21,19,4,0
BS-0115,13,-0.25882,-0.96593,23.1,0.0,0,0,19,21,16,0
BS-0116,19,-0.96593,0.25882,14.0,0.0,1,0,14,26,14,0
BS-0117,16,-0.86603,-0.5,6.2,0.0,0,0,16,24,33,0
BS-0118,14,-0.5,-0.86603,3.1,5.7,0,0,19,21,0,0
BS-0119,5,0.96593,0.25882,4.6,0.0,0,0,21,19,9,0
BS-0120,10,0.5,-0.86603,10.4,1.5,0,0,10,30,15,0
BS-0121,6,1.0,0.0,19.5,0.0,1,0,17,23,11,0
BS-0122,10,0.5,-0.86603,25.5,0.0,0,1,20,20,42,1
BS-0123,0,0.0,1.0,7.5,0.0,1,0,21,19,6,0
BS-0124,0,0.0,1.0,27.2,0.0,0,1,21,19,15,0
BS-0125,8,0.86603,-0.5,14.1,0.0,0,0,9,31,28,0
BS-0126,12,0.0,-1.0,4.3,0.0,0,0,6,34,10,0
BS-0127,8,0.86603,-0.5,17.8,0.0,1,0,14,26,19,0
BS-0128,9,0.70711,-0.70711,18.7,0.0,0,0,26,14,24,0
BS-0129,11,0.25882,-0.96593,6.7,0.0,1,0,11,29,11,0
BS-0130,21,-0.70711,0.70711,3.1,0.0,1,0,24,16,5,0
BS-0131,22,-0.5,0.86603,10.3,0.0,0,0,17,23,7,0
BS-0132,11,0.25882,-0.96593,24.7,0.0,0,0,15,25,29,1
BS-0133,1,0.25882,0.96593,9.7,2.2,0,0,10,30,1,0
BS-0134,5,0.96593,0.25882,3.9,0.0,0,0,4,36,3,0
BS-0135,7,0.96593,-0.25882,28.4,0.0,0,0,17,23,28,0
BS-0136,22,-0.5,0.86603,22.8,0.0,0,0,10,30,10,0
BS-0137,7,0.96593,-0.25882,14.7,0.0,1,1,14,26,30,1
BS-0138,4,0.86603,0.5,8.4,2.6,0,1,24,16,4,0
BS-0139,8,0.86603,-0.5,11.1,1.1,0,0,13,27,13,0
BS-0140,18,-1.0,-0.0,4.5,0.0,1,1,2,38,27,0
BS-0141,18,-1.0,-0.0,20.3,0.0,0,0,1,39,37,1
BS-0142,14,-0.5,-0.86603,1.4,3.3,1,0,3,37,16,1
BS-0143,23,-0.25882,0.96593,20.2,0.0,0,0,8,32,13,1
BS-0144,20,-0.86603,0.5,13.3,0.0,1,0,21,19,11,0
BS-0145,19,-0.96593,0.25882,7.8,0.0,1,0,13,27,5,0
BS-0146,15,-0.70711,-0.70711,4.3,0.0,1,0,27,13,26,0
BS-0147,17,-0.96593,-0.25882,20.7,0.0,0,0,21,19,36,0
BS-0148,20,-0.86603,0.5,21.9,0.0,0,0,13,27,13,0
BS-0149,12,0.0,-1.0,10.4,0.0,1,0,7,33,17,0
BS-0150,9,0.70711,-0.70711,11.7,0.0,1,0,4,36,18,0
BS-0151,12,0.0,-1.0,27.4,0.0,0,0,19,21,15,0
BS-0152,9,0.70711,-0.70711,6.2,1.7,0,1,9,31,27,1
BS-0153,18,-1.0,-0.0,11.8,0.9,0,0,24,16,24,0
BS-0154,13,-0.25882,-0.96593,6.0,0.0,0,0,17,23,11,0
BS-0155,1,0.25882,0.96593,28.7,0.0,0,0,15,25,8,0
BS-0156,22,-0.5,0.86603,17.2,0.0,0,0,17,23,8,0
BS-0157,23,-0.25882,0.96593,21.7,0.0,0,0,30,10,5,0
BS-0158,0,0.0,1.0,20.7,0.0,0,0,17,23,6,0
BS-0159,15,-0.70711,-0.70711,18.7,0.0,0,0,12,28,27,1
BS-0160,13,-0.25882,-0.96593,20.7,2.0,0,0,12,28,12,0
BS-0161,5,0.96593,0.25882,24.6,0.0,0,0,24,16,13,0
BS-0162,23,-0.25882,0.96593,25.0,0.0,0,1,26,14,23,0
BS-0163,23,-0.25882,0.96593,2.9,0.0,0,0,6,34,4,0
BS-0164,14,-0.5,-0.86603,13.4,0.0,1,0,15,25,25,0
BS-0165,22,-0.5,0.86603,25.4,0.0,1,0,17,23,19,0
BS-0166,20,-0.86603,0.5,-0.5,0.5,1,0,18,22,9,0
BS-0167,13,-0.25882,-0.96593,25.1,0.0,1,0,14,26,19,1
BS-0168,5,0.96593,0.25882,18.4,0.0,0,0,30,10,10,0
BS-0169,14,-0.5,-0.86603,26.9,0.0,0,0,14,26,13,0
BS-0170,16,-0.86603,-0.5,16.2,2.1,1,0,26,14,20,0
BS-0171,9,0.70711,-0.70711,21.3,0.0,1,0,1,39,30,1
BS-0172,22,-0.5,0.86603,18.3,0.0,0,0,11,29,8,0
BS-0173,6,1.0,0.0,21.1,0.0,0,0,14,26,9,0
BS-0174,11,0.25882,-0.96593,23.4,0.0,0,0,7,33,23,1
BS-0175,20,-0.86603,0.5,19.3,4.3,0,0,17,23,5,0
BS-0176,20,-0.86603,0.5,12.7,0.0,0,0,21,19,15,0
BS-0177,18,-1.0,-0.0,8.1,0.0,0,0,10,30,10,0
BS-0178,14,-0.5,-0.86603,1.7,8.2,0,0,34,6,1,0
BS-0179,8,0.86603,-0.5,-4.8,0.0,0,0,23,17,23,0
BS-0180,3,0.70711,0.70711,15.8,0.7,0,0,15,25,3,0
BS-0181,15,-0.70711,-0.70711,5.4,0.0,1,0,17,23,24,0
BS-0182,5,0.96593,0.25882,20.3,0.0,0,0,25,15,8,0
BS-0183,8,0.86603,-0.5,11.0,2.7,0,0,14,26,14,0
BS-0184,8,0.86603,-0.5,9.8,0.9,0,0,16,24,17,0
BS-0185,13,-0.25882,-0.96593,1.4,0.0,0,0,9,31,18,1
BS-0186,7,0.96593,-0.25882,0.0,3.0,0,0,23,17,15,0
BS-0187,18,-1.0,-0.0,12.3,0.0,0,0,12,28,30,0
BS-0188,5,0.96593,0.25882,10.3,0.0,0,0,22,18,15,0
BS-0189,12,0.0,-1.0,24.7,1.0,0,1,9,31,15,0
BS-0190,12,0.0,-1.0,1.1,0.0,0,0,11,29,9,0
BS-0191,7,0.96593,-0.25882,-0.5,1.4,0,0,18,22,19,0
BS-0192,0,0.0,1.0,4.7,0.0,1,0,21,19,6,0
BS-0193,5,0.96593,0.25882,28.7,2.5,0,0,26,14,12,0
BS-0194,23,-0.25882,0.96593,9.2,0.5,0,0,18,22,3,0
BS-0195,9,0.70711,-0.70711,11.1,0.0,1,0,1,39,15,0
BS-0196,22,-0.5,0.86603,14.0,0.0,0,0,32,8,3,0
BS-0197,1,0.25882,0.96593,2.7,4.9,1,0,13,27,1,0
BS-0198,22,-0.5,0.86603,-0.7,5.6,0,0,9,31,0,0
BS-0199,21,-0.70711,0.70711,20.7,2.3,0,0,6,34,8,0
BS-0200,19,-0.96593,0.25882,3.7,0.0,0,0,18,22,19,0
BS-0201,11,0.25882,-0.96593,16.3,1.4,0,0,25,15,11,0
BS-0202,7,0.96593,-0.25882,10.7,0.0,0,0,4,36,36,1
BS-0203,21,-0.70711,0.70711,18.6,0.0,0,1,17,23,21,0
BS-0204,6,1.0,0.0,24.7,0.0,0,0,11,29,23,0
BS-0205,23,-0.25882,0.96593,12.8,0.0,0,0,11,29,2,0
BS-0206,6,1.0,0.0,15.5,0.0,0,0,16,24,15,0
BS-0207,19,-0.96593,0.25882,21.3,0.0,0,0,16,24,22,0
BS-0208,6,1.0,0.0,28.7,0.0,0,0,12,28,19,0
BS-0209,7,0.96593,-0.25882,0.4,0.0,0,0,16,24,20,0
BS-0210,0,0.0,1.0,1.4,0.0,0,0,22,18,2,0
BS-0211,7,0.96593,-0.25882,25.0,1.7,1,0,22,18,13,0
BS-0212,20,-0.86603,0.5,22.9,0.0,0,0,14,26,10,0
BS-0213,10,0.5,-0.86603,5.0,1.5,1,0,18,22,9,0
BS-0214,19,-0.96593,0.25882,9.0,0.0,0,0,10,30,22,0
BS-0215,16,-0.86603,-0.5,21.5,0.0,1,0,12,28,26,1
BS-0216,7,0.96593,-0.25882,15.2,1.9,1,0,15,25,6,0
BS-0217,0,0.0,1.0,12.1,1.3,0,0,32,8,5,0
BS-0218,2,0.5,0.86603,21.1,0.0,0,0,16,24,9,0
BS-0219,12,0.0,-1.0,2.5,0.0,0,0,4,36,13,1
BS-0220,6,1.0,0.0,7.2,1.0,0,1,28,12,23,0
BS-0221,7,0.96593,-0.25882,15.9,0.0,0,0,1,39,24,1
BS-0222,20,-0.86603,0.5,0.3,0.0,0,0,12,28,7,0
BS-0223,3,0.70711,0.70711,7.9,3.1,0,0,8,32,2,0
BS-0224,12,0.0,-1.0,20.4,2.2,1,0,7,33,16,0
BS-0225,19,-0.96593,0.25882,1.2,0.0,0,0,20,20,17,0
BS-0226,3,0.70711,0.70711,13.3,0.0,0,0,26,14,6,0
BS-0227,16,-0.86603,-0.5,28.6,0.0,0,0,11,29,29,0
BS-0228,19,-0.96593,0.25882,21.1,0.0,0,0,25,15,24,0
BS-0229,15,-0.70711,-0.70711,9.9,0.0,0,0,16,24,22,1
BS-0230,21,-0.70711,0.70711,1.4,2.4,0,0,30,10,2,0
BS-0231,2,0.5,0.86603,23.2,0.0,1,0,5,35,9,0
BS-0232,5,0.96593,0.25882,0.7,5.6,0,0,19,21,2,0
BS-0233,20,-0.86603,0.5,11.6,0.2,0,0,16,24,12,0
BS-0234,3,0.70711,0.70711,25.9,0.0,0,0,16,24,8,0
BS-0235,2,0.5,0.86603,16.9,0.0,0,0,15,25,9,1
BS-0236,3,0.70711,0.70711,5.3,0.0,0,0,14,26,3,0
BS-0237,23,-0.25882,0.96593,17.8,0.0,0,0,27,13,10,0
BS-0238,8,0.86603,-0.5,9.5,0.0,0,0,34,6,27,0
BS-0239,19,-0.96593,0.25882,8.3,0.0,0,0,13,27,21,0
BS-0240,8,0.86603,-0.5,6.6,0.0,1,0,32,8,11,0
BS-0241,6,1.0,0.0,31.4,2.1,0,0,8,32,11,0
BS-0242,5,0.96593,0.25882,22.7,0.0,1,0,26,14,10,0
BS-0243,15,-0.70711,-0.70711,4.1,0.0,0,0,15,25,28,0
BS-0244,6,1.0,0.0,22.7,0.0,0,0,27,13,21,0
BS-0245,15,-0.70711,-0.70711,6.9,1.2,0,0,17,23,14,0
BS-0246,5,0.96593,0.25882,16.0,2.9,0,0,9,31,3,0
BS-0247,8,0.86603,-0.5,21.0,0.0,0,0,3,37,26,1
BS-0248,8,0.86603,-0.5,10.9,0.0,0,0,6,34,24,1
BS-0249,20,-0.86603,0.5,21.3,0.0,0,0,3,37,15,0
BS-0250,2,0.5,0.86603,7.1,0.0,0,0,21,19,6,0
BS-0251,22,-0.5,0.86603,23.2,0.0,1,0,14,26,12,0
BS-0252,5,0.96593,0.25882,28.6,0.0,0,0,17,23,9,0
BS-0253,11,0.25882,-0.96593,18.8,0.0,0,0,16,24,13,0
BS-0254,18,-1.0,-0.0,7.6,0.0,0,0,17,23,29,0
BS-0255,15,-0.70711,-0.70711,15.5,0.0,1,1,9,31,40,1
BS-0256,3,0.70711,0.70711,14.9,0.0,0,0,27,13,4,0
BS-0257,1,0.25882,0.96593,9.5,0.0,0,1,16,24,8,0
BS-0258,15,-0.70711,-0.70711,2.3,0.0,1,0,17,23,21,0
BS-0259,13,-0.25882,-0.96593,25.5,0.0,0,0,18,22,17,0
BS-0260,2,0.5,0.86603,20.2,0.0,0,0,31,9,7,0
BS-0261,14,-0.5,-0.86603,2.6,0.0,1,0,4,36,16,0
BS-0262,23,-0.25882,0.96593,2.3,2.6,0,0,20,20,1,0
BS-0263,1,0.25882,0.96593,13.6,0.0,0,0,32,8,7,0
BS-0264,10,0.5,-0.86603,24.9,4.3,0,0,11,29,7,0
BS-0265,8,0.86603,-0.5,26.6,0.0,0,0,2,38,21,1
BS-0266,12,0.0,-1.0,11.6,0.0,1,0,5,35,16,0
BS-0267,4,0.86603,0.5,23.3,0.0,1,1,17,23,14,0
BS-0268,22,-0.5,0.86603,27.3,0.0,1,0,18,22,13,0
BS-0269,20,-0.86603,0.5,14.3,0.0,1,1,6,34,17,0
BS-0270,9,0.70711,-0.70711,31.1,1.1,1,0,4,36,19,0
BS-0271,8,0.86603,-0.5,14.1,0.0,0,0,5,35,27,1
BS-0272,1,0.25882,0.96593,24.5,0.0,0,0,27,13,10,0
BS-0273,20,-0.86603,0.5,8.5,0.0,0,0,16,24,15,0
BS-0274,7,0.96593,-0.25882,19.8,4.6,1,1,14,26,9,0
BS-0275,21,-0.70711,0.70711,26.3,0.0,1,0,21,19,14,0
BS-0276,15,-0.70711,-0.70711,8.9,0.0,1,0,1,39,16,1
BS-0277,22,-0.5,0.86603,6.9,0.0,0,0,30,10,5,0
BS-0278,18,-1.0,-0.0,27.0,0.0,0,0,25,15,24,0
BS-0279,8,0.86603,-0.5,4.4,0.0,0,0,15,25,25,0
BS-0280,19,-0.96593,0.25882,16.3,0.0,0,0,8,32,23,1
BS-0281,12,0.0,-1.0,19.7,4.0,0,0,18,22,10,0
BS-0282,8,0.86603,-0.5,21.7,0.0,0,0,19,21,26,0
BS-0283,17,-0.96593,-0.25882,14.7,4.8,1,0,7,33,8,0
BS-0284,22,-0.5,0.86603,31.4,4.3,0,0,17,23,0,0
BS-0285,1,0.25882,0.96593,23.7,2.8,0,0,22,18,4,0
BS-0286,23,-0.25882,0.96593,16.2,4.5,0,0,22,18,1,0
BS-0287,6,1.0,0.0,8.0,0.0,0,1,18,22,19,0
BS-0288,19,-0.96593,0.25882,0.5,1.0,1,0,27,13,13,0
BS-0289,17,-0.96593,-0.25882,12.4,0.0,1,0,18,22,17,0
BS-0290,16,-0.86603,-0.5,7.0,0.3,0,0,11,29,27,0
BS-0291,19,-0.96593,0.25882,4.8,1.7,0,0,1,39,14,0
BS-0292,13,-0.25882,-0.96593,3.8,0.0,0,1,26,14,12,0
BS-0293,11,0.25882,-0.96593,8.1,0.0,0,0,22,18,10,0
BS-0294,23,-0.25882,0.96593,26.9,0.0,0,1,19,21,15,0
BS-0295,9,0.70711,-0.70711,26.9,0.0,0,0,23,17,18,0
BS-0296,17,-0.96593,-0.25882,6.5,0.0,1,0,32,8,19,0
BS-0297,23,-0.25882,0.96593,-0.2,2.5,0,1,20,20,7,0
BS-0298,5,0.96593,0.25882,18.8,0.0,0,1,8,32,18,1
BS-0299,19,-0.96593,0.25882,23.7,0.0,0,0,19,21,24,0
BS-0300,3,0.70711,0.70711,28.6,0.0,0,0,10,30,9,0
BS-0301,16,-0.86603,-0.5,12.1,1.6,1,0,16,24,17,0
BS-0302,9,0.70711,-0.70711,25.7,0.0,0,0,8,32,21,0
BS-0303,23,-0.25882,0.96593,22.5,0.0,0,0,25,15,9,0
BS-0304,6,1.0,0.0,14.1,0.0,0,0,14,26,18,1
BS-0305,19,-0.96593,0.25882,0.5,0.0,0,0,13,27,20,0
BS-0306,16,-0.86603,-0.5,9.1,2.5,0,0,16,24,19,0
BS-0307,18,-1.0,-0.0,2.2,1.0,0,0,16,24,25,0
BS-0308,21,-0.70711,0.70711,19.0,0.0,0,0,18,22,17,0
BS-0309,15,-0.70711,-0.70711,18.6,0.0,0,1,22,18,32,0
BS-0310,21,-0.70711,0.70711,17.3,0.0,0,0,27,13,13,0
BS-0311,9,0.70711,-0.70711,26.2,0.0,1,1,15,25,21,0
BS-0312,13,-0.25882,-0.96593,3.5,0.0,0,0,25,15,11,0
BS-0313,14,-0.5,-0.86603,25.0,1.5,0,0,11,29,16,1
BS-0314,16,-0.86603,-0.5,11.4,9.2,0,1,27,13,8,0
BS-0315,18,-1.0,-0.0,13.3,0.0,1,0,22,18,21,0
BS-0316,18,-1.0,-0.0,9.6,0.7,1,0,6,34,15,0
BS-0317,5,0.96593,0.25882,25.5,0.0,0,0,17,23,8,0
BS-0318,20,-0.86603,0.5,9.3,0.0,0,0,18,22,13,0
BS-0319,4,0.86603,0.5,28.2,0.9,1,0,19,21,5,0
BS-0320,22,-0.5,0.86603,6.6,0.0,1,0,16,24,3,0
BS-0321,17,-0.96593,-0.25882,8.1,0.4,0,0,11,29,25,0
BS-0322,15,-0.70711,-0.70711,21.8,0.0,1,0,2,38,30,1
BS-0323,6,1.0,0.0,16.1,0.0,0,1,19,21,23,0
BS-0324,20,-0.86603,0.5,4.1,0.0,1,0,20,20,8,0
BS-0325,9,0.70711,-0.70711,17.0,2.4,0,0,22,18,22,0
BS-0326,7,0.96593,-0.25882,25.3,1.5,1,0,14,26,20,0
BS-0327,19,-0.96593,0.25882,14.8,0.0,0,0,21,19,32,0
BS-0328,11,0.25882,-0.96593,6.3,0.0,0,0,19,21,8,0
BS-0329,2,0.5,0.86603,21.5,3.5,0,0,6,34,2,0
BS-0330,22,-0.5,0.86603,11.9,0.0,1,1,8,32,16,1
BS-0331,23,-0.25882,0.96593,16.2,0.0,0,0,11,29,4,0
BS-0332,9,0.70711,-0.70711,0.3,0.0,0,0,7,33,20,0
BS-0333,2,0.5,0.86603,15.0,0.0,1,0,4,36,9,0
BS-0334,2,0.5,0.86603,12.9,0.0,1,0,5,35,5,0
BS-0335,6,1.0,0.0,0.7,3.5,0,0,29,11,3,0
BS-0336,4,0.86603,0.5,21.9,0.0,0,0,34,6,12,0
BS-0337,15,-0.70711,-0.70711,24.1,0.0,0,0,7,33,26,1
BS-0338,14,-0.5,-0.86603,10.1,0.0,0,1,12,28,18,0
BS-0339,0,0.0,1.0,19.4,0.0,0,0,3,37,6,0
BS-0340,22,-0.5,0.86603,20.0,1.1,0,0,26,14,2,0
BS-0341,9,0.70711,-0.70711,0.4,7.2,0,0,9,31,1,0
BS-0342,5,0.96593,0.25882,7.5,0.9,0,1,6,34,12,0
BS-0343,22,-0.5,0.86603,22.4,0.0,0,0,12,28,9,0
BS-0344,23,-0.25882,0.96593,10.9,0.0,0,0,22,18,4,0
BS-0345,6,1.0,0.0,27.0,0.0,1,0,10,30,17,0
BS-0346,21,-0.70711,0.70711,24.9,0.0,0,0,22,18,13,0
BS-0347,13,-0.25882,-0.96593,24.9,0.0,0,0,21,19,21,0
BS-0348,16,-0.86603,-0.5,11.4,6.0,0,0,10,30,19,0
BS-0349,17,-0.96593,-0.25882,17.9,7.1,0,0,5,35,12,0
BS-0350,5,0.96593,0.25882,22.4,0.0,0,1,17,23,22,0
BS-0351,11,0.25882,-0.96593,24.4,0.0,0,0,11,29,20,1
BS-0352,8,0.86603,-0.5,16.6,3.2,1,0,23,17,19,0
BS-0353,10,0.5,-0.86603,8.0,0.0,0,0,24,16,15,0
BS-0354,5,0.96593,0.25882,7.2,0.0,0,0,27,13,8,0
BS-0355,14,-0.5,-0.86603,22.5,0.0,1,0,30,10,25,0
BS-0356,12,0.0,-1.0,7.7,0.0,1,0,25,15,16,0
BS-0357,4,0.86603,0.5,3.5,1.1,0,0,13,27,1,0
BS-0358,19,-0.96593,0.25882,15.7,0.0,0,0,8,32,21,0
BS-0359,9,0.70711,-0.70711,3.9,0.0,0,0,12,28,14,0
BS-0360,14,-0.5,-0.86603,7.3,1.4,1,0,11,29,15,0
BS-0361,14,-0.5,-0.86603,12.6,0.0,0,1,24,16,19,0
BS-0362,14,-0.5,-0.86603,6.4,2.2,1,0,8,32,10,0
BS-0363,2,0.5,0.86603,4.6,0.0,0,0,19,21,3,0
BS-0364,5,0.96593,0.25882,6.0,0.0,0,0,14,26,3,0
BS-0365,10,0.5,-0.86603,26.9,1.2,0,0,9,31,21,0
BS-0366,11,0.25882,-0.96593,30.6,0.0,0,0,17,23,18,0
BS-0367,14,-0.5,-0.86603,10.0,0.0,0,0,20,20,11,0
BS-0368,20,-0.86603,0.5,9.7,0.0,0,0,13,27,21,0
BS-0369,11,0.25882,-0.96593,19.9,0.0,0,0,8,32,17,0
BS-0370,5,0.96593,0.25882,29.4,0.0,0,0,19,21,11,0
BS-0371,6,1.0,0.0,10.9,0.0,1,0,4,36,14,0
BS-0372,11,0.25882,-0.96593,23.2,0.0,1,0,15,25,13,0
BS-0373,16,-0.86603,-0.5,3.3,0.0,0,0,16,24,35,1
BS-0374,4,0.86603,0.5,2.1,0.0,0,0,20,20,2,0
BS-0375,12,0.0,-1.0,5.3,0.0,0,0,23,17,12,0
BS-0376,5,0.96593,0.25882,18.9,0.0,0,0,10,30,20,1
BS-0377,4,0.86603,0.5,5.9,0.0,0,0,21,19,7,0
BS-0378,18,-1.0,-0.0,28.9,0.0,1,0,18,22,30,0
BS-0379,5,0.96593,0.25882,16.6,0.0,0,0,29,11,11,0
BS-0380,17,-0.96593,-0.25882,24.8,1.8,1,0,2,38,28,0
BS-0381,21,-0.70711,0.70711,26.3,0.0,0,0,16,24,17,0
BS-0382,10,0.5,-0.86603,16.2,3.3,0,0,20,20,13,0
BS-0383,0,0.0,1.0,14.3,0.0,0,1,29,11,21,0
BS-0384,4,0.86603,0.5,27.0,0.0,0,1,20,20,22,0
BS-0385,13,-0.25882,-0.96593,20.3,0.0,0,0,11,29,23,1
BS-0386,10,0.5,-0.86603,21.5,0.0,1,0,10,30,25,1
BS-0387,11,0.25882,-0.96593,4.1,0.0,1,0,27,13,23,0
BS-0388,6,1.0,0.0,7.5,0.0,1,0,23,17,8,0
BS-0389,10,0.5,-0.86603,20.0,6.9,0,0,9,31,1,0
BS-0390,15,-0.70711,-0.70711,12.5,0.0,0,0,20,20,17,0
BS-0391,0,0.0,1.0,4.6,1.8,0,0,33,7,1,0
BS-0392,6,1.0,0.0,12.9,0.0,0,0,21,19,11,0
BS-0393,20,-0.86603,0.5,5.2,0.0,0,0,22,18,5,0
BS-0394,18,-1.0,-0.0,11.9,0.0,1,0,15,25,21,0
BS-0395,17,-0.96593,-0.25882,5.9,0.0,0,0,23,17,30,0
BS-0396,13,-0.25882,-0.96593,11.4,0.0,0,0,19,21,13,0
BS-0397,11,0.25882,-0.96593,18.4,2.8,0,1,14,26,16,0
BS-0398,14,-0.5,-0.86603,8.2,1.8,1,0,22,18,17,0
BS-0399,12,0.0,-1.0,0.5,0.9,1,1,26,14,24,0
BS-0400,4,0.86603,0.5,23.8,0.0,1,0,16,24,7,0
BS-0401,16,-0.86603,-0.5,4.2,0.0,0,0,14,26,23,0
BS-0402,9,0.70711,-0.70711,8.5,0.5,0,0,15,25,26,0
BS-0403,17,-0.96593,-0.25882,8.5,6.5,0,0,18,22,11,0
BS-0404,23,-0.25882,0.96593,9.5,0.0,0,0,19,21,6,0
BS-0405,14,-0.5,-0.86603,13.5,0.0,0,1,8,32,25,1
BS-0406,8,0.86603,-0.5,15.1,0.0,0,0,11,29,17,0
BS-0407,18,-1.0,-0.0,14.0,0.0,1,0,16,24,24,0
BS-0408,18,-1.0,-0.0,18.3,0.0,0,0,22,18,36,0
BS-0409,8,0.86603,-0.5,10.5,0.0,0,0,1,39,20,0
BS-0410,1,0.25882,0.96593,3.4,0.0,0,0,12,28,4,0
BS-0411,11,0.25882,-0.96593,18.5,1.6,0,0,22,18,8,0
BS-0412,17,-0.96593,-0.25882,24.3,0.0,0,0,3,37,36,1
BS-0413,23,-0.25882,0.96593,3.6,0.0,0,0,18,22,8,0
BS-0414,20,-0.86603,0.5,21.6,0.4,0,0,17,23,15,0
BS-0415,17,-0.96593,-0.25882,10.2,0.0,0,0,9,31,15,0
BS-0416,18,-1.0,-0.0,17.2,0.0,0,0,15,25,37,0
BS-0417,13,-0.25882,-0.96593,23.1,0.0,0,0,22,18,20,0
BS-0418,4,0.86603,0.5,9.8,2.8,1,0,27,13,1,0
BS-0419,1,0.25882,0.96593,6.0,0.0,0,0,24,16,3,0
BS-0420,20,-0.86603,0.5,25.3,0.0,0,0,16,24,19,0
BS-0421,14,-0.5,-0.86603,19.2,0.0,0,0,12,28,18,0
BS-0422,4,0.86603,0.5,9.9,0.0,0,0,15,25,8,0
BS-0423,21,-0.70711,0.70711,0.2,0.7,0,0,15,25,5,0
BS-0424,6,1.0,0.0,10.8,5.4,0,0,27,13,2,0
BS-0425,3,0.70711,0.70711,21.1,0.0,0,1,11,29,17,1
BS-0426,14,-0.5,-0.86603,2.4,0.0,0,0,30,10,17,0
BS-0427,11,0.25882,-0.96593,23.9,3.0,0,1,15,25,16,0
BS-0428,2,0.5,0.86603,22.2,0.0,1,0,20,20,4,0
BS-0429,4,0.86603,0.5,7.9,1.4,0,0,27,13,3,0
BS-0430,8,0.86603,-0.5,34.1,0.0,1,1,18,22,32,0
BS-0431,4,0.86603,0.5,13.6,0.6,0,1,8,32,14,1
BS-0432,17,-0.96593,-0.25882,1.0,2.9,0,0,27,13,14,0
BS-0433,22,-0.5,0.86603,11.7,0.0,1,0,25,15,4,0
BS-0434,4,0.86603,0.5,29.6,0.0,1,0,14,26,10,0
BS-0435,21,-0.70711,0.70711,-2.5,0.0,0,0,25,15,6,0
BS-0436,9,0.70711,-0.70711,24.6,0.0,0,0,23,17,27,0
BS-0437,22,-0.5,0.86603,21.5,0.0,0,0,25,15,12,0
BS-0438,5,0.96593,0.25882,6.8,0.0,0,0,6,34,8,0
BS-0439,21,-0.70711,0.70711,15.2,2.7,0,0,24,16,1,0
BS-0440,0,0.0,1.0,5.4,0.0,1,1,1,39,13,1
BS-0441,21,-0.70711,0.70711,12.0,0.0,0,0,22,18,15,0
BS-0442,5,0.96593,0.25882,4.6,1.7,0,0,16,24,5,0
BS-0443,7,0.96593,-0.25882,4.1,0.0,1,1,15,25,27,0
BS-0444,10,0.5,-0.86603,27.3,0.0,1,0,26,14,22,0
BS-0445,7,0.96593,-0.25882,18.5,0.0,1,0,11,29,21,1
BS-0446,13,-0.25882,-0.96593,24.0,0.0,0,0,11,29,22,1
BS-0447,8,0.86603,-0.5,6.1,2.6,0,0,27,13,13,0
BS-0448,3,0.70711,0.70711,7.8,3.6,0,0,21,19,2,0
BS-0449,2,0.5,0.86603,3.1,0.0,1,0,17,23,5,0
BS-0450,20,-0.86603,0.5,14.6,0.0,0,0,27,13,17,0
BS-0451,10,0.5,-0.86603,20.9,4.7,1,0,26,14,4,0
BS-0452,0,0.0,1.0,6.4,0.0,1,0,14,26,2,0
BS-0453,12,0.0,-1.0,9.0,0.0,1,0,11,29,26,1
BS-0454,12,0.0,-1.0,19.6,0.0,0,0,18,22,13,0
BS-0455,18,-1.0,-0.0,25.5,0.7,0,0,12,28,33,0
BS-0456,2,0.5,0.86603,6.9,0.0,0,0,10,30,4,0
BS-0457,2,0.5,0.86603,21.6,0.0,0,0,8,32,6,0
BS-0458,17,-0.96593,-0.25882,7.1,0.0,0,0,13,27,35,1
BS-0459,14,-0.5,-0.86603,6.3,0.0,0,0,25,15,19,0
BS-0460,5,0.96593,0.25882,9.0,5.0,0,0,17,23,1,0
BS-0461,6,1.0,0.0,4.7,0.4,1,0,18,22,7,0
BS-0462,11,0.25882,-0.96593,19.9,0.0,0,0,12,28,17,0
BS-0463,20,-0.86603,0.5,8.0,0.0,0,0,15,25,13,0
BS-0464,21,-0.70711,0.70711,8.6,0.0,1,0,19,21,9,0
BS-0465,22,-0.5,0.86603,3.3,0.0,1,0,19,21,5,0
BS-0466,21,-0.70711,0.70711,12.3,0.0,0,0,14,26,12,0
BS-0467,22,-0.5,0.86603,23.8,0.0,0,1,12,28,16,0
BS-0468,16,-0.86603,-0.5,5.9,0.0,0,0,15,25,27,1
BS-0469,13,-0.25882,-0.96593,13.7,0.3,1,0,12,28,24,0
BS-0470,19,-0.96593,0.25882,23.9,0.0,0,0,13,27,28,0
BS-0471,10,0.5,-0.86603,31.8,0.0,0,0,18,22,19,0
BS-0472,14,-0.5,-0.86603,19.3,0.0,1,0,11,29,19,1
BS-0473,11,0.25882,-0.96593,16.3,0.0,0,0,9,31,19,0
BS-0474,9,0.70711,-0.70711,9.2,0.0,0,1,16,24,20,0
BS-0475,0,0.0,1.0,10.2,0.0,1,0,26,14,5,0
BS-0476,9,0.70711,-0.70711,26.4,0.8,0,0,27,13,26,0
BS-0477,13,-0.25882,-0.96593,18.7,0.0,0,1,10,30,25,1
BS-0478,6,1.0,0.0,17.6,1.1,0,0,4,36,15,1
BS-0479,21,-0.70711,0.70711,15.1,0.0,0,0,23,17,16,0
BS-0480,15,-0.70711,-0.70711,28.1,0.0,1,1,6,34,40,1
BS-0481,9,0.70711,-0.70711,7.5,0.0,0,0,5,35,24,1
BS-0482,2,0.5,0.86603,5.4,0.0,0,0,26,14,4,0
BS-0483,6,1.0,0.0,19.1,0.0,0,0,12,28,16,0
BS-0484,18,-1.0,-0.0,26.8,0.0,0,1,26,14,22,0
BS-0485,6,1.0,0.0,24.2,0.4,0,0,21,19,20,0
BS-0486,14,-0.5,-0.86603,28.1,0.0,0,0,15,25,18,0
BS-0487,10,0.5,-0.86603,12.7,1.6,1,0,15,25,10,0
BS-0488,18,-1.0,-0.0,12.3,0.0,1,0,24,16,21,0
BS-0489,15,-0.70711,-0.70711,9.5,0.0,1,0,26,14,18,0
BS-0490,18,-1.0,-0.0,22.3,0.0,1,0,22,18,34,0
BS-0491,9,0.70711,-0.70711,19.7,0.0,0,0,16,24,33,1
BS-0492,16,-0.86603,-0.5,23.1,0.0,0,0,12,28,29,1
BS-0493,10,0.5,-0.86603,21.7,0.0,1,0,16,24,18,0
BS-0494,8,0.86603,-0.5,6.3,0.0,0,0,9,31,20,0
BS-0495,1,0.25882,0.96593,22.7,3.0,1,0,23,17,4,0
BS-0496,10,0.5,-0.86603,10.3,0.0,1,0,19,21,18,0
BS-0497,15,-0.70711,-0.70711,20.8,0.0,1,0,21,19,27,0
BS-0498,8,0.86603,-0.5,21.6,5.6,0,0,15,25,6,0
BS-0499,12,0.0,-1.0,19.9,1.2,0,0,13,27,12,0
BS-0500,9,0.70711,-0.70711,10.5,0.0,0,0,15,25,21,0
BS-0501,0,0.0,1.0,26.2,0.0,0,0,5,35,5,0
BS-0502,16,-0.86603,-0.5,22.1,0.0,1,0,1,39,30,1
BS-0503,10,0.5,-0.86603,5.7,2.6,0,0,17,23,9,0
BS-0504,9,0.70711,-0.70711,23.4,6.4,0,0,15,25,10,0
BS-0505,14,-0.5,-0.86603,14.8,0.0,0,0,20,20,15,0
BS-0506,13,-0.25882,-0.96593,24.1,0.0,0,0,7,33,15,0
BS-0507,2,0.5,0.86603,22.9,0.0,0,0,19,21,6,0
BS-0508,11,0.25882,-0.96593,7.5,0.9,0,0,8,32,10,0
BS-0509,2,0.5,0.86603,22.9,0.0,1,0,15,25,11,0
BS-0510,6,1.0,0.0,17.5,0.0,0,0,17,23,18,0
BS-0511,23,-0.25882,0.96593,29.3,0.0,0,0,19,21,6,0
BS-0512,6,1.0,0.0,2.1,0.0,0,0,20,20,19,0
BS-0513,3,0.70711,0.70711,14.2,0.0,0,0,12,28,6,0
BS-0514,7,0.96593,-0.25882,18.6,0.0,1,0,3,37,27,1
BS-0515,10,0.5,-0.86603,17.0,0.0,0,0,13,27,23,1
BS-0516,18,-1.0,-0.0,9.9,0.0,1,0,15,25,14,0
BS-0517,7,0.96593,-0.25882,25.5,0.0,0,0,16,24,22,0
BS-0518,20,-0.86603,0.5,16.6,2.3,0,0,20,20,4,0
BS-0519,12,0.0,-1.0,12.3,2.1,1,0,26,14,12,0
BS-0520,0,0.0,1.0,15.6,0.0,0,0,21,19,9,0
BS-0521,15,-0.70711,-0.70711,4.0,0.9,0,0,15,25,16,0
BS-0522,3,0.70711,0.70711,21.6,0.0,1,0,16,24,8,0
BS-0523,9,0.70711,-0.70711,24.8,0.0,0,0,11,29,28,1
BS-0524,20,-0.86603,0.5,23.5,0.0,1,0,13,27,19,0
BS-0525,10,0.5,-0.86603,15.0,0.0,0,0,20,20,15,0
BS-0526,22,-0.5,0.86603,11.6,0.0,0,0,11,29,5,0
BS-0527,18,-1.0,-0.0,18.7,3.3,1,0,23,17,18,0
BS-0528,7,0.96593,-0.25882,7.5,0.0,0,0,21,19,22,0
BS-0529,22,-0.5,0.86603,20.0,0.0,0,0,24,16,11,0
BS-0530,13,-0.25882,-0.96593,18.1,0.0,0,0,16,24,23,1
BS-0531,0,0.0,1.0,25.0,0.0,0,0,11,29,9,0
BS-0532,19,-0.96593,0.25882,17.8,0.0,0,0,8,32,23,1
BS-0533,11,0.25882,-0.96593,27.2,0.0,1,1,4,36,30,1
BS-0534,1,0.25882,0.96593,22.8,0.0,1,0,7,33,9,0
BS-0535,23,-0.25882,0.96593,11.2,0.0,0,0,11,29,2,0
BS-0536,17,-0.96593,-0.25882,24.3,0.0,0,0,26,14,36,0
BS-0537,4,0.86603,0.5,4.9,0.0,0,1,14,26,15,0
BS-0538,1,0.25882,0.96593,19.1,0.0,0,0,26,14,10,0
BS-0539,19,-0.96593,0.25882,25.0,0.0,0,0,9,31,19,0
BS-0540,16,-0.86603,-0.5,23.1,0.0,0,0,11,29,26,0
BS-0541,6,1.0,0.0,17.7,0.0,0,0,15,25,5,0
BS-0542,17,-0.96593,-0.25882,6.8,0.0,0,1,16,24,40,1
BS-0543,7,0.96593,-0.25882,20.7,0.0,1,0,21,19,12,0
BS-0544,10,0.5,-0.86603,16.3,0.0,0,0,13,27,20,0
BS-0545,11,0.25882,-0.96593,1.5,5.3,1,0,16,24,3,0
BS-0546,20,-0.86603,0.5,19.1,0.0,0,0,18,22,16,0
BS-0547,2,0.5,0.86603,22.5,0.0,1,0,19,21,13,0
BS-0548,19,-0.96593,0.25882,20.8,0.0,0,0,12,28,22,0
BS-0549,9,0.70711,-0.70711,6.2,1.9,0,0,18,22,15,0
BS-0550,3,0.70711,0.70711,31.5,1.2,0,1,12,28,12,0
BS-0551,9,0.70711,-0.70711,18.0,2.6,1,0,22,18,15,0
BS-0552,7,0.96593,-0.25882,0.8,0.8,1,0,3,37,10,0
BS-0553,5,0.96593,0.25882,14.2,0.0,1,0,27,13,6,0
BS-0554,12,0.0,-1.0,22.3,1.0,0,0,10,30,11,0
BS-0555,21,-0.70711,0.70711,12.5,0.0,1,0,21,19,8,0
BS-0556,23,-0.25882,0.96593,33.5,0.0,0,1,4,36,21,1
BS-0557,17,-0.96593,-0.25882,28.1,0.0,0,0,8,32,34,1
BS-0558,23,-0.25882,0.96593,14.4,5.2,0,0,22,18,1,0
BS-0559,9,0.70711,-0.70711,11.6,4.1,0,0,7,33,12,0
BS-0560,6,1.0,0.0,32.3,0.0,1,0,23,17,16,0
BS-0561,14,-0.5,-0.86603,30.1,0.0,0,0,26,14,20,0
BS-0562,13,-0.25882,-0.96593,4.6,0.0,0,0,24,16,8,0
BS-0563,12,0.0,-1.0,2.9,0.0,1,0,25,15,17,0
BS-0564,7,0.96593,-0.25882,20.3,1.0,1,0,2,38,17,1
BS-0565,3,0.70711,0.70711,23.0,0.0,0,0,15,25,5,0
BS-0566,1,0.25882,0.96593,25.7,0.0,0,0,8,32,8,0
BS-0567,23,-0.25882,0.96593,25.5,0.0,0,0,20,20,16,0
BS-0568,5,0.96593,0.25882,26.1,0.0,0,0,19,21,16,0
BS-0569,3,0.70711,0.70711,16.2,0.0,0,0,26,14,8,0
BS-0570,8,0.86603,-0.5,-2.2,2.3,0,0,29,11,16,0
BS-0571,18,-1.0,-0.0,4.3,0.0,1,0,1,39,16,0
BS-0572,20,-0.86603,0.5,20.5,0.0,0,0,24,16,19,0
BS-0573,16,-0.86603,-0.5,0.3,4.1,0,0,1,39,10,0
BS-0574,7,0.96593,-0.25882,5.1,0.0,0,0,14,26,18,0
BS-0575,20,-0.86603,0.5,6.6,0.0,0,0,13,27,12,0
BS-0576,1,0.25882,0.96593,18.1,0.0,0,1,31,9,14,0
BS-0577,8,0.86603,-0.5,1.4,3.9,0,0,1,39,15,1
BS-0578,17,-0.96593,-0.25882,23.4,0.0,0,0,18,22,43,1
BS-0579,8,0.86603,-0.5,30.3,0.0,1,0,10,30,15,0
BS-0580,21,-0.70711,0.70711,8.8,2.0,1,0,22,18,0,0
BS-0581,14,-0.5,-0.86603,4.7,0.0,0,0,13,27,23,1
BS-0582,17,-0.96593,-0.25882,-1.6,0.0,1,0,21,19,19,0
BS-0583,9,0.70711,-0.70711,5.9,0.0,0,0,18,22,21,0
BS-0584,7,0.96593,-0.25882,24.8,0.0,0,0,12,28,30,1
BS-0585,1,0.25882,0.96593,11.8,0.0,0,0,22,18,8,0
BS-0586,6,1.0,0.0,16.2,0.0,0,0,12,28,15,0
BS-0587,5,0.96593,0.25882,14.8,5.0,1,0,4,36,0,0
BS-0588,4,0.86603,0.5,9.3,0.0,0,0,20,20,7,0
BS-0589,17,-0.96593,-0.25882,27.2,0.0,0,0,10,30,28,1
BS-0590,5,0.96593,0.25882,-2.5,0.0,1,0,20,20,5,0
BS-0591,20,-0.86603,0.5,11.0,0.0,0,1,12,28,19,0
BS-0592,18,-1.0,-0.0,25.4,0.0,0,1,6,34,48,1
BS-0593,8,0.86603,-0.5,7.0,0.0,0,0,8,32,23,1
BS-0594,6,1.0,0.0,27.2,0.4,0,0,10,30,22,0
BS-0595,20,-0.86603,0.5,12.8,0.0,1,0,23,17,8,0
BS-0596,8,0.86603,-0.5,22.1,0.0,0,0,9,31,29,1
BS-0597,14,-0.5,-0.86603,9.2,0.7,0,0,17,23,24,0
BS-0598,19,-0.96593,0.25882,-0.8,0.0,0,0,7,33,23,0
BS-0599,18,-1.0,-0.0,0.4,2.3,1,0,21,19,12,0
BS-0600,3,0.70711,0.70711,25.4,0.0,0,0,13,27,8,0
BS-0601,17,-0.96593,-0.25882,8.2,0.0,0,0,25,15,17,0
BS-0602,17,-0.96593,-0.25882,6.5,0.0,1,1,20,20,21,0
BS-0603,20,-0.86603,0.5,24.9,0.0,0,0,25,15,17,0
BS-0604,8,0.86603,-0.5,10.6,0.0,0,0,9,31,30,1
BS-0605,15,-0.70711,-0.70711,13.3,0.0,1,0,20,20,22,0
BS-0606,4,0.86603,0.5,15.5,0.0,0,0,17,23,8,0
BS-0607,8,0.86603,-0.5,28.0,0.0,0,0,27,13,27,0
BS-0608,6,1.0,0.0,13.4,0.0,0,0,24,16,12,0
BS-0609,14,-0.5,-0.86603,13.5,0.0,0,0,22,18,22,0
BS-0610,21,-0.70711,0.70711,7.5,0.0,0,0,11,29,12,0
BS-0611,12,0.0,-1.0,12.8,0.0,0,0,5,35,16,1
BS-0612,1,0.25882,0.96593,11.1,0.0,0,1,18,22,15,0
BS-0613,7,0.96593,-0.25882,4.7,0.0,1,0,18,22,22,0
BS-0614,3,0.70711,0.70711,26.0,0.0,0,0,22,18,5,0
BS-0615,9,0.70711,-0.70711,17.5,0.0,0,0,17,23,19,0
BS-0616,11,0.25882,-0.96593,21.0,0.0,0,1,11,29,19,0
BS-0617,18,-1.0,-0.0,16.9,0.0,0,0,18,22,33,1
BS-0618,5,0.96593,0.25882,17.5,0.0,0,0,22,18,13,0
BS-0619,5,0.96593,0.25882,30.1,0.0,0,1,19,21,17,0
BS-0620,14,-0.5,-0.86603,-0.9,0.0,1,0,16,24,30,0
BS-0621,9,0.70711,-0.70711,6.9,0.0,0,0,1,39,24,1
BS-0622,4,0.86603,0.5,24.9,0.0,0,0,30,10,7,0
BS-0623,7,0.96593,-0.25882,2.3,0.0,1,0,13,27,14,0
BS-0624,12,0.0,-1.0,7.1,0.0,0,0,11,29,9,0
BS-0625,1,0.25882,0.96593,14.7,0.0,1,0,22,18,8,0
BS-0626,0,0.0,1.0,23.6,0.0,0,0,34,6,16,0
BS-0627,9,0.70711,-0.70711,26.3,0.0,0,0,24,16,26,0
BS-0628,9,0.70711,-0.70711,16.8,0.0,0,0,7,33,29,0
BS-0629,3,0.70711,0.70711,10.2,0.0,0,0,23,17,4,0
BS-0630,7,0.96593,-0.25882,5.0,0.0,0,0,12,28,23,0
BS-0631,8,0.86603,-0.5,19.0,0.0,1,0,22,18,13,0
BS-0632,8,0.86603,-0.5,4.0,0.0,1,0,16,24,16,0
BS-0633,13,-0.25882,-0.96593,25.7,0.0,1,0,18,22,20,0
BS-0634,7,0.96593,-0.25882,15.3,0.0,0,0,1,39,24,1
BS-0635,6,1.0,0.0,20.5,0.0,1,0,13,27,15,0
BS-0636,0,0.0,1.0,30.5,0.0,1,0,21,19,11,0
BS-0637,2,0.5,0.86603,23.2,0.0,0,0,9,31,9,0
BS-0638,23,-0.25882,0.96593,10.4,0.0,1,0,18,22,5,0
BS-0639,22,-0.5,0.86603,18.5,1.5,0,0,16,24,4,0
BS-0640,15,-0.70711,-0.70711,-2.6,6.4,0,0,22,18,8,0
BS-0641,5,0.96593,0.25882,29.0,0.0,0,0,13,27,13,0
BS-0642,23,-0.25882,0.96593,10.2,0.0,0,0,15,25,2,0
BS-0643,15,-0.70711,-0.70711,21.5,0.0,1,0,28,12,26,0
BS-0644,11,0.25882,-0.96593,7.1,0.0,0,0,16,24,10,0
BS-0645,11,0.25882,-0.96593,7.5,1.8,0,0,7,33,5,0
BS-0646,6,1.0,0.0,29.2,0.0,1,0,21,19,8,0
BS-0647,9,0.70711,-0.70711,10.7,0.0,0,0,7,33,20,1
BS-0648,5,0.96593,0.25882,6.8,0.8,0,0,25,15,7,0
BS-0649,12,0.0,-1.0,8.1,0.0,0,1,8,32,10,0
BS-0650,14,-0.5,-0.86603,14.9,0.0,1,0,18,22,22,1
BS-0651,23,-0.25882,0.96593,20.7,0.0,0,0,15,25,12,0
BS-0652,1,0.25882,0.96593,23.5,0.0,0,0,10,30,10,0
BS-0653,3,0.70711,0.70711,30.7,0.0,0,0,19,21,7,0
BS-0654,5,0.96593,0.25882,4.6,0.0,1,0,23,17,6,0
BS-0655,13,-0.25882,-0.96593,21.6,0.0,0,1,13,27,23,1
BS-0656,22,-0.5,0.86603,-0.2,0.0,0,0,22,18,7,0
BS-0657,12,0.0,-1.0,19.1,0.0,0,0,20,20,16,0
BS-0658,4,0.86603,0.5,18.8,0.0,0,0,18,22,10,0
BS-0659,5,0.96593,0.25882,15.6,0.0,0,0,33,7,18,0
BS-0660,2,0.5,0.86603,19.3,0.0,1,0,16,24,10,0
BS-0661,4,0.86603,0.5,7.9,0.0,0,0,11,29,8,0
BS-0662,6,1.0,0.0,27.1,0.0,1,0,11,29,19,0
BS-0663,7,0.96593,-0.25882,22.5,0.0,1,0,10,30,20,0
BS-0664,18,-1.0,-0.0,8.9,0.0,0,0,10,30,20,0
BS-0665,12,0.0,-1.0,5.9,0.0,0,0,23,17,8,0
BS-0666,13,-0.25882,-0.96593,11.5,0.0,0,0,21,19,14,0
BS-0667,8,0.86603,-0.5,9.1,0.0,1,1,21,19,22,0
BS-0668,7,0.96593,-0.25882,18.1,3.1,0,0,12,28,13,0
BS-0669,7,0.96593,-0.25882,21.0,0.0,0,0,26,14,18,0
BS-0670,10,0.5,-0.86603,27.5,0.0,0,0,23,17,23,0
BS-0671,8,0.86603,-0.5,9.0,0.0,1,0,7,33,15,0
BS-0672,22,-0.5,0.86603,11.1,2.1,0,0,16,24,0,0
BS-0673,9,0.70711,-0.70711,9.5,0.0,0,0,15,25,26,0
BS-0674,7,0.96593,-0.25882,7.7,0.5,0,0,18,22,20,0
BS-0675,21,-0.70711,0.70711,15.1,0.0,0,0,34,6,12,0
BS-0676,5,0.96593,0.25882,5.6,0.0,0,0,22,18,7,0
BS-0677,19,-0.96593,0.25882,8.0,0.0,0,1,19,21,30,0
BS-0678,10,0.5,-0.86603,19.7,0.0,0,0,15,25,20,0
BS-0679,6,1.0,0.0,10.4,0.0,1,0,18,22,10,0
BS-0680,10,0.5,-0.86603,15.2,0.0,0,0,6,34,18,0
BS-0681,12,0.0,-1.0,25.1,0.0,0,1,18,22,31,1
BS-0682,22,-0.5,0.86603,17.4,0.0,0,0,1,39,12,1
BS-0683,13,-0.25882,-0.96593,20.0,0.0,1,0,23,17,21,0
BS-0684,19,-0.96593,0.25882,21.0,0.0,0,0,27,13,27,0
BS-0685,1,0.25882,0.96593,11.1,3.9,1,0,8,32,0,0
BS-0686,14,-0.5,-0.86603,16.3,6.7,1,0,28,12,9,0
BS-0687,19,-0.96593,0.25882,6.8,0.0,1,0,16,24,12,0
BS-0688,2,0.5,0.86603,7.9,3.7,0,0,15,25,1,0
BS-0689,22,-0.5,0.86603,3.6,0.0,1,0,21,19,4,0
BS-0690,10,0.5,-0.86603,23.0,0.0,0,0,11,29,23,1
BS-0691,1,0.25882,0.96593,25.2,0.0,1,0,17,23,9,0
BS-0692,2,0.5,0.86603,24.8,3.4,0,0,22,18,3,0
BS-0693,0,0.0,1.0,22.8,0.0,0,0,14,26,12,1
BS-0694,8,0.86603,-0.5,9.5,0.0,1,0,5,35,10,0
BS-0695,8,0.86603,-0.5,10.6,0.0,0,0,15,25,29,1
BS-0696,4,0.86603,0.5,15.2,4.8,0,0,13,27,0,0
BS-0697,14,-0.5,-0.86603,9.4,6.2,0,0,34,6,0,0
BS-0698,0,0.0,1.0,27.2,4.3,0,0,17,23,1,0
BS-0699,1,0.25882,0.96593,24.7,0.0,0,0,20,20,8,0
BS-0700,14,-0.5,-0.86603,18.9,5.6,0,0,19,21,4,0
BS-0701,7,0.96593,-0.25882,7.3,0.0,0,0,17,23,18,0
BS-0702,6,1.0,0.0,21.3,0.0,1,0,12,28,14,0
BS-0703,15,-0.70711,-0.70711,20.2,0.0,0,0,3,37,21,1
BS-0704,8,0.86603,-0.5,15.5,0.0,1,0,30,10,21,0
BS-0705,23,-0.25882,0.96593,9.9,0.0,0,0,28,12,4,0
BS-0706,14,-0.5,-0.86603,12.9,0.0,0,0,10,30,13,0
BS-0707,8,0.86603,-0.5,18.2,0.0,0,0,2,38,23,1
BS-0708,9,0.70711,-0.70711,25.6,0.0,1,0,24,16,19,0
BS-0709,23,-0.25882,0.96593,18.9,0.0,1,0,13,27,7,1
BS-0710,5,0.96593,0.25882,11.8,0.0,0,0,21,19,9,0
BS-0711,4,0.86603,0.5,17.1,0.0,0,0,15,25,5,0
BS-0712,19,-0.96593,0.25882,20.3,0.0,0,0,9,31,18,0
BS-0713,14,-0.5,-0.86603,19.4,0.0,0,0,19,21,17,0
BS-0714,14,-0.5,-0.86603,-1.0,0.0,0,0,17,23,20,0
BS-0715,7,0.96593,-0.25882,10.0,0.0,0,0,7,33,24,1
BS-0716,0,0.0,1.0,8.7,2.4,1,0,29,11,0,0
BS-0717,0,0.0,1.0,20.4,2.6,0,1,23,17,5,0
BS-0718,21,-0.70711,0.70711,10.2,1.7,1,0,32,8,1,0
BS-0719,16,-0.86603,-0.5,23.4,0.0,0,0,12,28,26,0
BS-0720,0,0.0,1.0,17.0,0.0,1,0,27,13,11,0
BS-0721,22,-0.5,0.86603,22.2,0.0,0,0,11,29,11,0
BS-0722,7,0.96593,-0.25882,17.6,0.0,1,0,14,26,20,0
BS-0723,0,0.0,1.0,22.0,0.0,1,0,10,30,14,0
BS-0724,21,-0.70711,0.70711,25.6,0.0,0,1,24,16,18,0
BS-0725,18,-1.0,-0.0,16.3,0.0,1,1,8,32,37,1
BS-0726,1,0.25882,0.96593,19.1,1.0,1,0,32,8,4,0
BS-0727,2,0.5,0.86603,24.9,5.0,0,0,19,21,0,0
BS-0728,7,0.96593,-0.25882,14.8,0.0,0,0,27,13,23,0
BS-0729,16,-0.86603,-0.5,9.2,2.5,1,0,14,26,17,0
BS-0730,0,0.0,1.0,9.5,0.0,0,0,31,9,1,0
BS-0731,23,-0.25882,0.96593,24.9,0.0,0,0,9,31,5,0
BS-0732,0,0.0,1.0,11.9,0.0,0,0,19,21,5,0
BS-0733,18,-1.0,-0.0,8.2,0.0,0,0,10,30,27,0
BS-0734,13,-0.25882,-0.96593,22.2,1.8,1,0,24,16,18,0
BS-0735,11,0.25882,-0.96593,24.1,0.0,0,1,23,17,23,0
BS-0736,23,-0.25882,0.96593,25.4,0.0,0,0,9,31,9,0
BS-0737,22,-0.5,0.86603,10.0,1.0,0,0,13,27,5,0
BS-0738,9,0.70711,-0.70711,21.6,0.0,0,0,10,30,23,0
BS-0739,5,0.96593,0.25882,-0.3,1.2,0,0,24,16,7,0
BS-0740,11,0.25882,-0.96593,22.0,0.0,0,1,11,29,24,1
BS-0741,16,-0.86603,-0.5,13.8,1.9,1,0,14,26,18,0
BS-0742,16,-0.86603,-0.5,6.9,4.0,1,0,8,32,12,0
BS-0743,16,-0.86603,-0.5,22.6,0.0,1,0,25,15,27,0
BS-0744,18,-1.0,-0.0,12.4,0.4,0,1,22,18,36,1
BS-0745,16,-0.86603,-0.5,7.1,0.0,0,0,14,26,36,1
BS-0746,11,0.25882,-0.96593,13.6,0.9,0,0,17,23,8,0
BS-0747,23,-0.25882,0.96593,11.8,0.0,1,0,9,31,12,0
BS-0748,16,-0.86603,-0.5,20.2,0.0,0,1,1,39,47,1
BS-0749,11,0.25882,-0.96593,23.0,0.0,0,0,6,34,13,0
BS-0750,11,0.25882,-0.96593,22.8,0.0,0,0,16,24,16,0
BS-0751,18,-1.0,-0.0,18.4,8.5,0,1,13,27,15,0
BS-0752,23,-0.25882,0.96593,7.5,0.0,0,0,15,25,3,0
BS-0753,15,-0.70711,-0.70711,3.9,3.7,0,0,11,29,13,0
BS-0754,12,0.0,-1.0,9.7,0.0,0,0,12,28,12,0
BS-0755,13,-0.25882,-0.96593,7.4,3.6,0,0,34,6,3,0
BS-0756,17,-0.96593,-0.25882,15.9,1.5,1,0,6,34,21,1
BS-0757,3,0.70711,0.70711,19.2,0.0,1,0,34,6,7,0
BS-0758,9,0.70711,-0.70711,10.3,0.0,0,0,18,22,16,0
BS-0759,21,-0.70711,0.70711,13.5,0.0,0,0,8,32,12,0
BS-0760,9,0.70711,-0.70711,6.0,0.0,0,0,10,30,20,1
BS-0761,22,-0.5,0.86603,23.6,0.0,0,0,19,21,11,0
BS-0762,3,0.70711,0.70711,1.5,0.0,0,0,15,25,8,0
BS-0763,1,0.25882,0.96593,20.4,0.0,1,0,16,24,12,0
BS-0764,9,0.70711,-0.70711,12.4,0.0,1,0,15,25,17,0
BS-0765,11,0.25882,-0.96593,25.4,0.0,1,0,9,31,26,1
BS-0766,4,0.86603,0.5,41.1,2.3,0,0,30,10,5,0
BS-0767,16,-0.86603,-0.5,0.4,0.0,0,0,15,25,31,0
BS-0768,10,0.5,-0.86603,7.3,2.6,0,0,2,38,11,0
BS-0769,8,0.86603,-0.5,7.0,0.0,1,0,6,34,22,0
BS-0770,5,0.96593,0.25882,16.4,0.0,0,1,26,14,19,0
BS-0771,12,0.0,-1.0,26.6,0.0,0,0,10,30,21,1
BS-0772,17,-0.96593,-0.25882,25.2,0.0,0,0,24,16,40,0
BS-0773,2,0.5,0.86603,26.3,0.0,0,0,29,11,9,0
BS-0774,12,0.0,-1.0,1.1,0.0,1,0,13,27,18,0
BS-0775,23,-0.25882,0.96593,-0.4,1.5,1,0,22,18,1,0
BS-0776,7,0.96593,-0.25882,17.5,6.5,0,0,16,24,5,0
BS-0777,10,0.5,-0.86603,3.6,0.4,0,0,5,35,22,1
BS-0778,13,-0.25882,-0.96593,20.7,0.0,0,0,21,19,21,0
BS-0779,11,0.25882,-0.96593,26.2,0.0,1,0,16,24,6,0
BS-0780,12,0.0,-1.0,23.3,0.0,1,0,5,35,17,0
BS-0781,19,-0.96593,0.25882,1.8,0.0,0,0,11,29,22,0
BS-0782,14,-0.5,-0.86603,11.0,5.1,1,1,24,16,14,0
BS-0783,16,-0.86603,-0.5,19.6,0.0,0,0,3,37,32,1
BS-0784,0,0.0,1.0,27.0,0.0,0,0,28,12,10,0
BS-0785,6,1.0,0.0,10.6,0.0,0,0,15,25,14,0
BS-0786,19,-0.96593,0.25882,24.6,0.0,0,0,12,28,13,0
BS-0787,10,0.5,-0.86603,8.8,0.0,1,1,3,37,26,1
BS-0788,21,-0.70711,0.70711,13.0,0.0,1,0,15,25,5,0
BS-0789,15,-0.70711,-0.70711,16.4,0.8,1,0,21,19,18,0
BS-0790,1,0.25882,0.96593,4.0,7.8,0,0,21,19,0,0
BS-0791,7,0.96593,-0.25882,1.5,0.0,0,1,10,30,26,1
BS-0792,14,-0.5,-0.86603,26.9,0.0,1,0,21,19,30,1
BS-0793,23,-0.25882,0.96593,6.5,0.0,1,0,10,30,5,0
BS-0794,15,-0.70711,-0.70711,0.8,6.1,0,0,17,23,9,0
BS-0795,8,0.86603,-0.5,14.2,0.0,0,0,17,23,23,0
BS-0796,5,0.96593,0.25882,7.3,0.0,0,0,19,21,8,0
BS-0797,15,-0.70711,-0.70711,18.9,0.0,1,1,22,18,30,1
BS-0798,12,0.0,-1.0,27.5,0.0,0,1,26,14,27,0
BS-0799,4,0.86603,0.5,6.7,0.0,0,0,26,14,4,0
BS-0800,5,0.96593,0.25882,14.2,0.0,0,0,16,24,11,0
BS-0801,14,-0.5,-0.86603,5.9,2.7,1,0,8,32,5,0
BS-0802,11,0.25882,-0.96593,17.8,0.0,0,1,24,16,32,0
BS-0803,7,0.96593,-0.25882,21.3,0.0,1,0,11,29,15,0
BS-0804,13,-0.25882,-0.96593,17.3,2.1,0,0,15,25,13,0
BS-0805,6,1.0,0.0,19.5,0.7,1,1,4,36,18,1
BS-0806,23,-0.25882,0.96593,8.2,0.0,0,0,21,19,4,0
BS-0807,22,-0.5,0.86603,23.5,0.0,1,1,12,28,14,0
BS-0808,23,-0.25882,0.96593,18.9,0.0,1,0,34,6,4,0
BS-0809,5,0.96593,0.25882,14.8,0.0,0,0,12,28,9,0
BS-0810,15,-0.70711,-0.70711,8.4,0.0,1,1,9,31,23,1
BS-0811,4,0.86603,0.5,8.1,0.0,0,1,13,27,12,0
BS-0812,6,1.0,0.0,18.1,0.0,0,0,11,29,19,1
BS-0813,0,0.0,1.0,12.8,0.0,1,0,12,28,6,0
BS-0814,1,0.25882,0.96593,25.0,0.0,0,0,13,27,10,0
BS-0815,11,0.25882,-0.96593,8.2,2.2,1,0,18,22,7,0
BS-0816,18,-1.0,-0.0,25.4,0.7,1,0,15,25,24,0
BS-0817,13,-0.25882,-0.96593,16.7,0.0,1,0,2,38,24,1
BS-0818,16,-0.86603,-0.5,3.4,4.8,0,0,12,28,22,0
BS-0819,14,-0.5,-0.86603,18.1,0.0,0,0,1,39,13,1
BS-0820,15,-0.70711,-0.70711,23.1,0.0,1,1,13,27,35,1
BS-0821,19,-0.96593,0.25882,15.9,1.2,0,0,14,26,26,1
BS-0822,11,0.25882,-0.96593,5.2,0.0,1,0,9,31,21,1
BS-0823,7,0.96593,-0.25882,8.6,0.1,1,0,21,19,14,0
BS-0824,17,-0.96593,-0.25882,7.3,0.0,0,1,9,31,33,0
BS-0825,15,-0.70711,-0.70711,17.7,0.0,0,0,23,17,25,0
BS-0826,6,1.0,0.0,21.5,0.0,0,1,18,22,25,0
BS-0827,2,0.5,0.86603,28.4,0.0,1,0,28,12,12,0
BS-0828,21,-0.70711,0.70711,14.5,0.0,0,0,25,15,13,0
BS-0829,8,0.86603,-0.5,7.9,0.5,0,0,20,20,25,0
BS-0830,6,1.0,0.0,18.7,0.0,1,0,4,36,10,1
BS-0831,14,-0.5,-0.86603,12.8,1.6,0,0,17,23,16,0
BS-0832,4,0.86603,0.5,10.1,0.0,0,0,25,15,5,0
BS-0833,21,-0.70711,0.70711,19.0,0.0,0,0,8,32,14,0
BS-0834,13,-0.25882,-0.96593,27.1,0.0,0,0,19,21,11,0
BS-0835,16,-0.86603,-0.5,26.2,0.0,1,0,27,13,36,0
BS-0836,6,1.0,0.0,8.8,0.0,0,0,23,17,18,0
BS-0837,19,-0.96593,0.25882,0.8,0.0,0,0,19,21,18,0
BS-0838,15,-0.70711,-0.70711,11.6,0.0,0,0,5,35,21,1
BS-0839,9,0.70711,-0.70711,8.7,1.1,1,0,20,20,15,0
BS-0840,12,0.0,-1.0,14.0,0.0,0,0,6,34,16,1
BS-0841,7,0.96593,-0.25882,9.5,0.0,1,0,13,27,21,0
BS-0842,1,0.25882,0.96593,24.1,0.0,1,0,19,21,8,0
BS-0843,9,0.70711,-0.70711,1.0,0.0,0,0,21,19,29,0
BS-0844,2,0.5,0.86603,1.0,0.0,0,0,20,20,1,0
BS-0845,9,0.70711,-0.70711,24.9,0.0,0,0,21,19,27,0
BS-0846,4,0.86603,0.5,21.9,0.0,0,0,27,13,8,0
BS-0847,1,0.25882,0.96593,16.5,3.5,1,0,13,27,0,0
BS-0848,13,-0.25882,-0.96593,20.4,1.8,0,0,12,28,11,0
BS-0849,0,0.0,1.0,-1.7,0.0,0,0,19,21,4,0
BS-0850,22,-0.5,0.86603,7.6,0.0,1,0,15,25,5,0
BS-0851,15,-0.70711,-0.70711,8.3,0.0,0,0,26,14,21,0
BS-0852,15,-0.70711,-0.70711,25.1,0.0,0,0,9,31,24,0
BS-0853,4,0.86603,0.5,11.6,0.0,0,0,3,37,4,0
BS-0854,22,-0.5,0.86603,16.6,0.0,0,0,13,27,5,0
BS-0855,22,-0.5,0.86603,8.2,0.0,1,0,26,14,8,0
BS-0856,22,-0.5,0.86603,27.7,0.0,0,0,18,22,15,0
BS-0857,6,1.0,0.0,25.8,2.1,1,0,13,27,11,0
BS-0858,15,-0.70711,-0.70711,9.9,0.1,1,0,12,28,23,0
BS-0859,20,-0.86603,0.5,33.8,3.1,0,0,13,27,14,0
BS-0860,5,0.96593,0.25882,23.7,0.0,0,0,34,6,12,0
BS-0861,17,-0.96593,-0.25882,27.2,0.0,0,0,13,27,31,0
BS-0862,2,0.5,0.86603,15.4,3.8,0,1,16,24,2,0
BS-0863,11,0.25882,-0.96593,17.9,0.0,1,0,4,36,15,0
BS-0864,22,-0.5,0.86603,27.1,0.0,0,0,23,17,9,0
BS-0865,23,-0.25882,0.96593,11.7,1.9,0,0,22,18,1,0
BS-0866,22,-0.5,0.86603,20.3,0.0,1,0,15,25,7,0
BS-0867,9,0.70711,-0.70711,17.2,0.0,1,0,30,10,18,0
BS-0868,11,0.25882,-0.96593,25.9,0.0,0,0,20,20,24,0
BS-0869,13,-0.25882,-0.96593,25.1,0.0,0,0,34,6,14,0
BS-0870,13,-0.25882,-0.96593,-0.2,0.0,0,0,17,23,13,0
BS-0871,14,-0.5,-0.86603,23.6,0.0,0,0,10,30,20,1
BS-0872,14,-0.5,-0.86603,12.3,0.0,0,0,12,28,17,0
BS-0873,9,0.70711,-0.70711,16.0,0.0,1,0,11,29,18,0
BS-0874,13,-0.25882,-0.96593,11.8,0.0,0,0,13,27,15,0
BS-0875,20,-0.86603,0.5,17.8,0.0,0,0,5,35,16,0
BS-0876,6,1.0,0.0,29.6,0.0,0,0,14,26,16,0
BS-0877,4,0.86603,0.5,6.1,0.0,1,0,27,13,8,0
BS-0878,1,0.25882,0.96593,1.5,0.0,0,0,26,14,5,0
BS-0879,7,0.96593,-0.25882,16.3,0.0,1,0,28,12,19,0
BS-0880,19,-0.96593,0.25882,8.0,1.2,0,0,8,32,13,0
BS-0881,16,-0.86603,-0.5,7.6,0.0,0,0,18,22,27,1
BS-0882,10,0.5,-0.86603,12.3,0.0,0,0,5,35,10,0
BS-0883,7,0.96593,-0.25882,16.8,0.6,0,0,9,31,27,1
BS-0884,8,0.86603,-0.5,13.8,3.2,1,0,24,16,7,0
BS-0885,5,0.96593,0.25882,11.0,0.0,0,0,24,16,10,0
BS-0886,20,-0.86603,0.5,13.5,0.0,0,0,11,29,15,1
BS-0887,5,0.96593,0.25882,16.7,0.0,0,0,10,30,12,0
BS-0888,12,0.0,-1.0,4.1,0.0,1,1,24,16,26,0
BS-0889,6,1.0,0.0,15.6,0.0,0,0,21,19,21,0
BS-0890,9,0.70711,-0.70711,8.6,0.0,0,0,21,19,21,0
BS-0891,19,-0.96593,0.25882,3.5,1.0,1,0,5,35,10,0
BS-0892,6,1.0,0.0,5.2,0.0,0,0,23,17,12,0
BS-0893,10,0.5,-0.86603,21.5,0.0,0,0,7,33,22,1
BS-0894,0,0.0,1.0,23.5,0.0,0,0,26,14,14,0
BS-0895,12,0.0,-1.0,14.6,0.0,1,0,17,23,22,0
BS-0896,20,-0.86603,0.5,7.1,0.0,1,0,22,18,10,0
BS-0897,11,0.25882,-0.96593,24.4,0.0,0,0,14,26,18,0
BS-0898,14,-0.5,-0.86603,29.8,0.0,0,0,23,17,36,1
BS-0899,14,-0.5,-0.86603,20.9,0.0,0,0,12,28,16,0
BS-0900,16,-0.86603,-0.5,25.0,0.0,1,0,18,22,27,0
BS-0901,13,-0.25882,-0.96593,8.0,0.0,0,0,14,26,10,0
BS-0902,21,-0.70711,0.70711,26.2,0.0,0,0,26,14,11,0
BS-0903,15,-0.70711,-0.70711,22.9,0.0,0,0,17,23,29,0
BS-0904,21,-0.70711,0.70711,12.8,3.1,0,1,20,20,7,0
BS-0905,20,-0.86603,0.5,25.1,0.0,0,0,5,35,18,0
BS-0906,21,-0.70711,0.70711,25.4,7.1,0,0,21,19,1,0
BS-0907,0,0.0,1.0,17.4,0.0,0,0,15,25,4,0
BS-0908,13,-0.25882,-0.96593,2.8,0.0,0,0,18,22,15,0
BS-0909,19,-0.96593,0.25882,25.0,0.0,1,1,1,39,23,1
BS-0910,10,0.5,-0.86603,6.1,0.0,0,0,10,30,17,0
BS-0911,0,0.0,1.0,19.5,1.5,0,0,22,18,5,0
BS-0912,14,-0.5,-0.86603,31.5,2.0,0,0,6,34,20,1
BS-0913,2,0.5,0.86603,10.3,0.0,1,0,28,12,4,0
BS-0914,21,-0.70711,0.70711,26.0,0.0,0,0,26,14,14,0
BS-0915,8,0.86603,-0.5,19.7,2.4,0,0,8,32,26,1
BS-0916,5,0.96593,0.25882,19.6,0.0,0,0,20,20,14,0
BS-0917,8,0.86603,-0.5,16.2,0.0,0,0,26,14,23,0
BS-0918,13,-0.25882,-0.96593,16.0,0.0,0,0,9,31,12,0
BS-0919,17,-0.96593,-0.25882,21.6,0.0,0,0,18,22,35,0
BS-0920,1,0.25882,0.96593,20.7,0.0,0,0,16,24,4,0
BS-0921,12,0.0,-1.0,20.7,0.0,0,0,28,12,17,0
BS-0922,11,0.25882,-0.96593,4.5,0.0,0,0,23,17,7,0
BS-0923,4,0.86603,0.5,25.1,0.0,0,0,16,24,6,0
BS-0924,9,0.70711,-0.70711,25.2,0.0,0,0,15,25,35,1
BS-0925,23,-0.25882,0.96593,23.7,0.0,0,0,12,28,9,0
BS-0926,9,0.70711,-0.70711,19.9,0.0,0,1,19,21,27,0
BS-0927,7,0.96593,-0.25882,5.8,0.0,0,1,21,19,34,1
BS-0928,17,-0.96593,-0.25882,25.8,0.0,0,0,13,27,32,1
BS-0929,8,0.86603,-0.5,23.3,0.0,0,0,15,25,34,1
BS-0930,6,1.0,0.0,15.2,0.0,0,0,15,25,14,0
BS-0931,15,-0.70711,-0.70711,16.6,0.0,0,0,23,17,24,0
BS-0932,16,-0.86603,-0.5,24.5,0.0,0,1,13,27,47,1
BS-0933,11,0.25882,-0.96593,7.3,0.0,1,1,11,29,27,1
BS-0934,7,0.96593,-0.25882,5.2,0.0,0,1,11,29,23,0
BS-0935,0,0.0,1.0,28.0,0.0,1,0,12,28,14,0
BS-0936,21,-0.70711,0.70711,10.9,0.9,0,0,12,28,7,0
BS-0937,2,0.5,0.86603,11.6,0.0,0,0,9,31,5,0
BS-0938,17,-0.96593,-0.25882,9.3,0.0,0,0,23,17,34,0
BS-0939,12,0.0,-1.0,23.4,0.0,1,0,23,17,26,0
BS-0940,0,0.0,1.0,5.3,0.0,0,0,21,19,2,0
BS-0941,15,-0.70711,-0.70711,22.6,0.0,0,0,7,33,30,1
BS-0942,12,0.0,-1.0,4.9,2.6,1,0,15,25,8,0
BS-0943,9,0.70711,-0.70711,4.2,0.0,0,0,15,25,16,0
BS-0944,12,0.0,-1.0,20.9,3.7,0,0,21,19,3,0
BS-0945,17,-0.96593,-0.25882,23.2,0.0,1,0,8,32,30,1
BS-0946,2,0.5,0.86603,29.1,0.0,0,0,15,25,11,0
BS-0947,15,-0.70711,-0.70711,21.2,0.0,0,0,15,25,27,1
BS-0948,16,-0.86603,-0.5,9.2,0.5,0,0,15,25,20,0
BS-0949,8,0.86603,-0.5,17.7,0.0,1,0,17,23,20,0
BS-0950,4,0.86603,0.5,13.1,0.0,0,0,12,28,12,1
BS-0951,22,-0.5,0.86603,26.9,0.3,0,0,25,15,15,0
BS-0952,17,-0.96593,-0.25882,14.7,0.0,0,1,4,36,43,1
BS-0953,19,-0.96593,0.25882,11.2,2.7,1,0,11,29,4,0
BS-0954,2,0.5,0.86603,24.1,0.0,0,0,12,28,8,0
BS-0955,16,-0.86603,-0.5,24.3,2.6,0,1,3,37,21,1
BS-0956,19,-0.96593,0.25882,19.2,0.0,0,0,22,18,25,0
BS-0957,18,-1.0,-0.0,7.2,0.0,0,0,4,36,26,1
BS-0958,19,-0.96593,0.25882,6.7,0.9,0,0,12,28,16,0
BS-0959,12,0.0,-1.0,21.3,0.0,1,0,8,32,24,1
BS-0960,3,0.70711,0.70711,13.1,0.0,0,0,18,22,4,0
BS-0961,11,0.25882,-0.96593,21.9,2.0,0,0,23,17,15,0
BS-0962,13,-0.25882,-0.96593,24.6,3.6,0,0,7,33,10,0
BS-0963,0,0.0,1.0,6.8,0.0,1,0,19,21,3,0
BS-0964,0,0.0,1.0,12.0,0.0,1,0,17,23,4,0
BS-0965,19,-0.96593,0.25882,4.6,0.0,0,0,10,30,21,0
BS-0966,21,-0.70711,0.70711,8.7,2.7,1,0,13,27,1,0
BS-0967,16,-0.86603,-0.5,28.2,2.4,0,0,15,25,27,0
BS-0968,8,0.86603,-0.5,1.8,0.0,0,1,9,31,34,1
BS-0969,20,-0.86603,0.5,21.9,0.0,0,0,16,24,20,0
BS-0970,16,-0.86603,-0.5,26.3,0.0,0,0,20,20,29,0
BS-0971,2,0.5,0.86603,13.5,0.0,1,0,22,18,3,0
BS-0972,1,0.25882,0.96593,7.9,0.0,0,0,19,21,4,0
BS-0973,4,0.86603,0.5,26.6,0.0,0,0,31,9,12,0
BS-0974,8,0.86603,-0.5,18.6,5.1,0,0,27,13,12,0
BS-0975,17,-0.96593,-0.25882,-1.5,0.0,0,0,9,31,36,1
BS-0976,14,-0.5,-0.86603,3.6,2.1,0,0,11,29,20,0
BS-0977,15,-0.70711,-0.70711,6.6,0.0,1,1,1,39,32,1
BS-0978,21,-0.70711,0.70711,26.1,0.0,0,1,1,39,35,1
BS-0979,6,1.0,0.0,6.6,0.0,1,0,9,31,12,0
BS-0980,17,-0.96593,-0.25882,2.0,0.0,0,0,6,34,31,1
BS-0981,17,-0.96593,-0.25882,2.6,0.0,1,1,9,31,25,0
BS-0982,13,-0.25882,-0.96593,5.8,0.0,0,0,13,27,13,0
BS-0983,3,0.70711,0.70711,19.1,0.0,1,0,14,26,9,0
BS-0984,23,-0.25882,0.96593,25.6,0.0,1,0,19,21,7,0
BS-0985,9,0.70711,-0.70711,18.0,0.0,0,0,18,22,39,1
BS-0986,1,0.25882,0.96593,11.3,0.0,1,0,20,20,5,0
BS-0987,1,0.25882,0.96593,22.7,0.0,0,0,21,19,15,0
BS-0988,6,1.0,0.0,29.2,0.0,0,0,13,27,17,0
BS-0989,3,0.70711,0.70711,8.4,2.7,1,0,16,24,1,0
BS-0990,22,-0.5,0.86603,17.1,6.6,0,0,19,21,1,0
BS-0991,21,-0.70711,0.70711,-0.9,0.0,0,0,23,17,5,0
BS-0992,15,-0.70711,-0.70711,13.6,0.0,0,1,14,26,34,1
BS-0993,8,0.86603,-0.5,4.6,1.0,1,0,25,15,9,0
BS-0994,21,-0.70711,0.70711,11.1,0.0,1,0,34,6,7,0
BS-0995,14,-0.5,-0.86603,4.4,0.0,0,0,23,17,19,0
BS-0996,22,-0.5,0.86603,31.5,3.7,0,0,18,22,2,0
BS-0997,5,0.96593,0.25882,22.4,0.0,1,0,28,12,11,0
BS-0998,0,0.0,1.0,21.3,0.0,0,1,13,27,16,1
BS-0999,22,-0.5,0.86603,3.5,0.0,1,0,1,39,3,0
BS-1000,2,0.5,0.86603,6.8,0.0,1,0,20,20,4,0
BS-1001,21,-0.70711,0.70711,5.8,0.0,0,0,17,23,9,0
BS-1002,7,0.96593,-0.25882,23.3,1.1,0,0,5,35,26,1
BS-1003,14,-0.5,-0.86603,16.6,4.7,1,0,19,21,8,0
BS-1004,1,0.25882,0.96593,24.0,1.8,0,0,16,24,3,0
BS-1005,23,-0.25882,0.96593,4.2,6.3,1,0,24,16,1,0
BS-1006,4,0.86603,0.5,5.4,2.6,0,0,26,14,2,0
BS-1007,17,-0.96593,-0.25882,8.0,0.0,1,1,12,28,30,0
BS-1008,0,0.0,1.0,19.3,2.5,1,0,16,24,0,0
BS-1009,7,0.96593,-0.25882,28.1,0.0,1,0,6,34,20,1
BS-1010,6,1.0,0.0,18.8,0.0,0,0,8,32,22,1
BS-1011,23,-0.25882,0.96593,19.7,0.0,0,0,16,24,7,0
BS-1012,9,0.70711,-0.70711,5.8,0.0,0,0,9,31,23,1
BS-1013,2,0.5,0.86603,3.7,1.2,1,0,14,26,1,0
BS-1014,17,-0.96593,-0.25882,26.2,0.0,1,1,2,38,37,1
BS-1015,13,-0.25882,-0.96593,16.5,1.6,0,0,22,18,12,0
BS-1016,19,-0.96593,0.25882,1.7,0.0,1,0,21,19,12,0
BS-1017,19,-0.96593,0.25882,17.3,0.0,0,0,15,25,21,0
BS-1018,23,-0.25882,0.96593,27.9,0.0,0,0,11,29,7,0
BS-1019,16,-0.86603,-0.5,-0.2,0.0,1,0,21,19,18,0
BS-1020,13,-0.25882,-0.96593,17.8,0.0,0,0,15,25,17,0
BS-1021,3,0.70711,0.70711,0.0,4.2,0,0,28,12,1,0
BS-1022,7,0.96593,-0.25882,6.9,0.0,0,1,13,27,26,0
BS-1023,4,0.86603,0.5,23.0,0.0,0,0,15,25,10,0
BS-1024,3,0.70711,0.70711,12.3,0.0,1,0,22,18,3,0
BS-1025,5,0.96593,0.25882,11.2,3.9,0,0,29,11,2,0
BS-1026,16,-0.86603,-0.5,8.7,0.0,1,0,10,30,19,0
BS-1027,0,0.0,1.0,5.0,0.0,0,0,23,17,2,0
BS-1028,23,-0.25882,0.96593,20.7,0.0,0,0,15,25,13,0
BS-1029,8,0.86603,-0.5,11.6,0.0,0,0,18,22,33,0
BS-1030,10,0.5,-0.86603,-4.4,0.0,1,0,27,13,22,0
BS-1031,15,-0.70711,-0.70711,8.6,1.8,0,0,19,21,26,0
BS-1032,11,0.25882,-0.96593,22.2,0.0,1,0,15,25,22,0
BS-1033,16,-0.86603,-0.5,17.5,0.0,0,0,25,15,33,0
BS-1034,7,0.96593,-0.25882,18.1,0.0,0,0,13,27,23,0
BS-1035,6,1.0,0.0,27.2,0.0,0,0,22,18,17,0
BS-1036,19,-0.96593,0.25882,10.8,0.0,0,0,26,14,16,0
BS-1037,0,0.0,1.0,4.8,0.0,1,0,23,17,2,0
BS-1038,0,0.0,1.0,22.0,2.0,1,0,18,22,1,0
BS-1039,4,0.86603,0.5,19.0,0.0,0,1,24,16,12,0
BS-1040,13,-0.25882,-0.96593,10.4,0.0,0,0,6,34,13,1
BS-1041,16,-0.86603,-0.5,12.7,0.0,0,0,16,24,27,1
BS-1042,17,-0.96593,-0.25882,23.3,1.0,1,0,12,28,24,0
BS-1043,15,-0.70711,-0.70711,26.0,0.0,0,0,15,25,25,1
BS-1044,18,-1.0,-0.0,9.8,0.0,0,0,11,29,33,1
BS-1045,17,-0.96593,-0.25882,2.5,0.0,0,0,15,25,28,0
BS-1046,21,-0.70711,0.70711,5.2,2.6,0,1,24,16,13,0
BS-1047,16,-0.86603,-0.5,17.5,0.0,0,0,15,25,19,0
BS-1048,23,-0.25882,0.96593,23.1,0.0,0,1,21,19,17,0
BS-1049,10,0.5,-0.86603,16.0,0.0,0,1,6,34,23,1
BS-1050,17,-0.96593,-0.25882,-2.4,0.3,0,0,4,36,24,1
BS-1051,13,-0.25882,-0.96593,21.4,0.0,0,0,2,38,16,1
BS-1052,2,0.5,0.86603,30.1,4.6,0,0,17,23,0,0
BS-1053,7,0.96593,-0.25882,16.1,0.0,0,0,10,30,22,0
BS-1054,12,0.0,-1.0,24.5,0.0,0,0,12,28,19,0
BS-1055,19,-0.96593,0.25882,16.8,0.0,0,0,2,38,24,1
BS-1056,0,0.0,1.0,17.9,0.0,0,0,12,28,9,0
BS-1057,2,0.5,0.86603,3.3,0.0,1,0,30,10,6,0
BS-1058,13,-0.25882,-0.96593,15.3,0.0,0,0,21,19,16,0
BS-1059,16,-0.86603,-0.5,19.6,0.0,0,0,1,39,35,1
BS-1060,21,-0.70711,0.70711,5.6,0.0,1,0,21,19,7,0
BS-1061,11,0.25882,-0.96593,9.3,0.0,0,0,6,34,13,0
BS-1062,9,0.70711,-0.70711,22.0,0.0,0,0,12,28,22,1
BS-1063,8,0.86603,-0.5,5.0,0.0,0,0,24,16,20,0
BS-1064,18,-1.0,-0.0,30.1,0.0,0,0,16,24,35,0
BS-1065,19,-0.96593,0.25882,22.7,0.6,1,0,21,19,20,0
BS-1066,21,-0.70711,0.70711,9.2,0.0,0,0,18,22,10,0
BS-1067,15,-0.70711,-0.70711,23.3,1.7,1,0,10,30,21,1
BS-1068,0,0.0,1.0,21.2,0.0,1,0,7,33,8,0
BS-1069,23,-0.25882,0.96593,13.0,0.0,1,0,21,19,4,0
BS-1070,12,0.0,-1.0,16.3,0.0,1,0,15,25,28,0
BS-1071,15,-0.70711,-0.70711,14.4,0.0,0,0,23,17,30,1
BS-1072,17,-0.96593,-0.25882,9.2,2.1,0,0,22,18,29,0
BS-1073,9,0.70711,-0.70711,20.4,0.0,0,0,20,20,26,0
BS-1074,1,0.25882,0.96593,24.5,0.0,0,0,24,16,10,0
BS-1075,21,-0.70711,0.70711,16.4,0.5,0,0,18,22,9,0
BS-1076,15,-0.70711,-0.70711,0.8,0.0,0,0,16,24,26,1
BS-1077,21,-0.70711,0.70711,5.3,0.0,0,0,9,31,9,0
BS-1078,12,0.0,-1.0,8.7,3.2,0,0,15,25,1,0
BS-1079,18,-1.0,-0.0,14.4,0.0,0,0,17,23,19,0
BS-1080,23,-0.25882,0.96593,6.0,0.0,0,0,24,16,6,0
BS-1081,5,0.96593,0.25882,20.1,0.0,0,0,20,20,4,0
BS-1082,19,-0.96593,0.25882,12.3,0.0,0,0,16,24,22,0
BS-1083,13,-0.25882,-0.96593,12.3,0.0,1,1,10,30,25,1
BS-1084,9,0.70711,-0.70711,8.6,0.0,1,0,9,31,19,0
BS-1085,9,0.70711,-0.70711,7.6,0.0,0,0,25,15,23,0
BS-1086,7,0.96593,-0.25882,7.4,0.0,1,0,32,8,14,0
BS-1087,20,-0.86603,0.5,16.4,0.0,1,0,15,25,10,0
BS-1088,19,-0.96593,0.25882,15.5,0.0,0,0,18,22,20,0
BS-1089,0,0.0,1.0,21.5,3.1,1,1,29,11,7,0
BS-1090,9,0.70711,-0.70711,-0.7,0.0,0,0,25,15,18,0
BS-1091,20,-0.86603,0.5,13.9,0.0,0,0,28,12,14,0
BS-1092,15,-0.70711,-0.70711,22.5,0.0,0,0,15,25,16,0
BS-1093,16,-0.86603,-0.5,3.6,1.4,0,0,15,25,23,0
BS-1094,16,-0.86603,-0.5,-0.0,1.7,1,0,6,34,16,0
BS-1095,0,0.0,1.0,22.2,1.1,0,0,14,26,5,0
BS-1096,8,0.86603,-0.5,16.3,0.9,0,0,5,35,23,1
BS-1097,3,0.70711,0.70711,17.3,0.0,0,0,16,24,9,0
BS-1098,4,0.86603,0.5,26.0,0.0,0,0,16,24,17,0
BS-1099,4,0.86603,0.5,20.1,0.0,0,0,31,9,12,0
BS-1100,13,-0.25882,-0.96593,11.5,0.0,0,0,18,22,14,0
BS-1101,23,-0.25882,0.96593,25.3,0.0,0,0,18,22,15,0
BS-1102,3,0.70711,0.70711,16.4,3.1,0,0,23,17,0,0
BS-1103,3,0.70711,0.70711,5.7,0.0,0,0,13,27,3,0
BS-1104,0,0.0,1.0,9.0,0.0,1,0,9,31,5,0
BS-1105,11,0.25882,-0.96593,13.5,0.0,0,0,12,28,12,0
BS-1106,4,0.86603,0.5,14.7,0.0,0,0,25,15,11,0
BS-1107,10,0.5,-0.86603,9.4,0.0,1,0,27,13,19,0
BS-1108,16,-0.86603,-0.5,7.0,1.1,1,0,24,16,18,0
BS-1109,21,-0.70711,0.70711,25.1,0.0,1,0,8,32,7,0
BS-1110,19,-0.96593,0.25882,23.0,0.0,1,0,12,28,16,0
BS-1111,15,-0.70711,-0.70711,8.6,0.0,0,0,13,27,16,0
BS-1112,9,0.70711,-0.70711,26.1,0.0,1,0,18,22,31,0
BS-1113,14,-0.5,-0.86603,24.4,0.0,0,0,6,34,26,1
BS-1114,3,0.70711,0.70711,14.0,0.0,0,0,25,15,7,0
BS-1115,0,0.0,1.0,11.3,0.0,0,0,31,9,4,0
BS-1116,3,0.70711,0.70711,0.2,0.0,1,0,15,25,1,0
BS-1117,11,0.25882,-0.96593,26.6,1.7,0,0,28,12,19,0
BS-1118,20,-0.86603,0.5,9.8,0.0,0,0,22,18,18,0
BS-1119,7,0.96593,-0.25882,24.8,0.0,0,0,17,23,19,0
BS-1120,22,-0.5,0.86603,22.5,0.0,0,0,30,10,7,0
BS-1121,8,0.86603,-0.5,25.9,5.2,1,0,10,30,6,0
BS-1122,18,-1.0,-0.0,20.0,1.5,0,0,4,36,23,1
BS-1123,23,-0.25882,0.96593,9.3,0.0,0,0,24,16,4,0
BS-1124,16,-0.86603,-0.5,17.8,0.0,0,0,16,24,33,1
BS-1125,8,0.86603,-0.5,25.1,0.0,0,0,14,26,27,0
BS-1126,7,0.96593,-0.25882,22.0,1.5,1,0,8,32,8,0
BS-1127,15,-0.70711,-0.70711,28.4,0.0,1,0,21,19,33,1
BS-1128,3,0.70711,0.70711,10.7,0.0,1,0,29,11,2,0
BS-1129,5,0.96593,0.25882,16.6,0.0,1,0,19,21,11,0
BS-1130,9,0.70711,-0.70711,8.7,0.0,1,0,12,28,25,0
BS-1131,8,0.86603,-0.5,21.6,0.0,0,0,16,24,27,0
BS-1132,21,-0.70711,0.70711,13.9,0.0,0,0,5,35,10,0
BS-1133,22,-0.5,0.86603,18.4,0.0,1,0,17,23,12,0
BS-1134,19,-0.96593,0.25882,2.8,0.0,0,0,4,36,20,0
BS-1135,3,0.70711,0.70711,4.3,3.8,1,0,24,16,2,0
BS-1136,19,-0.96593,0.25882,8.9,2.9,0,0,28,12,9,0
BS-1137,7,0.96593,-0.25882,9.6,0.0,0,0,1,39,16,1
BS-1138,8,0.86603,-0.5,12.3,0.0,1,0,19,21,23,0
BS-1139,15,-0.70711,-0.70711,3.6,1.4,1,0,21,19,17,0
BS-1140,5,0.96593,0.25882,16.7,0.0,0,0,10,30,11,0
BS-1141,23,-0.25882,0.96593,14.8,3.8,0,0,13,27,2,0
BS-1142,6,1.0,0.0,18.9,0.0,1,0,8,32,12,0
BS-1143,22,-0.5,0.86603,10.1,0.0,0,0,15,25,9,0
BS-1144,0,0.0,1.0,16.0,0.0,0,0,22,18,2,0
BS-1145,15,-0.70711,-0.70711,21.4,0.0,0,0,15,25,24,1
BS-1146,22,-0.5,0.86603,4.0,0.9,0,0,26,14,1,0
BS-1147,0,0.0,1.0,12.2,9.7,0,0,12,28,0,0
BS-1148,17,-0.96593,-0.25882,9.5,4.2,1,0,11,29,12,0
BS-1149,3,0.70711,0.70711,6.6,0.0,0,1,15,25,6,0
BS-1150,12,0.0,-1.0,11.2,1.1,0,0,17,23,10,0
BS-1151,8,0.86603,-0.5,3.4,0.0,0,0,21,19,24,0
BS-1152,16,-0.86603,-0.5,11.1,0.0,0,0,14,26,34,1
BS-1153,16,-0.86603,-0.5,24.3,0.0,0,0,6,34,37,1
BS-1154,14,-0.5,-0.86603,17.7,0.0,1,0,12,28,29,1
BS-1155,12,0.0,-1.0,25.1,0.0,0,0,14,26,19,1
BS-1156,8,0.86603,-0.5,21.3,0.0,0,0,12,28,32,1
BS-1157,9,0.70711,-0.70711,13.0,0.0,1,0,15,25,26,0
BS-1158,9,0.70711,-0.70711,12.6,0.0,1,0,21,19,19,0
BS-1159,10,0.5,-0.86603,22.1,0.0,0,0,12,28,21,0
BS-1160,0,0.0,1.0,4.9,0.0,0,0,18,22,2,0
BS-1161,7,0.96593,-0.25882,15.3,0.0,0,0,19,21,21,0
BS-1162,22,-0.5,0.86603,28.3,0.0,0,0,18,22,13,0
BS-1163,2,0.5,0.86603,5.0,0.0,0,0,4,36,8,1
BS-1164,5,0.96593,0.25882,15.8,0.0,1,0,18,22,8,0
BS-1165,12,0.0,-1.0,17.7,0.0,0,0,5,35,15,1
BS-1166,1,0.25882,0.96593,13.4,0.0,0,0,7,33,9,1
BS-1167,10,0.5,-0.86603,17.5,0.0,0,0,10,30,22,1
BS-1168,18,-1.0,-0.0,23.5,0.0,0,0,15,25,24,0
BS-1169,10,0.5,-0.86603,38.6,0.0,0,0,25,15,24,0
BS-1170,23,-0.25882,0.96593,17.6,0.0,0,0,18,22,5,0
BS-1171,2,0.5,0.86603,-3.3,0.0,0,0,22,18,4,0
BS-1172,17,-0.96593,-0.25882,25.4,0.0,1,1,21,19,42,0
BS-1173,6,1.0,0.0,19.9,0.0,0,0,12,28,18,1
BS-1174,22,-0.5,0.86603,25.7,0.0,0,0,23,17,9,0
BS-1175,18,-1.0,-0.0,19.2,0.0,0,0,10,30,25,1
BS-1176,4,0.86603,0.5,24.6,0.0,0,0,24,16,12,0
BS-1177,14,-0.5,-0.86603,4.4,0.0,1,1,4,36,28,1
BS-1178,3,0.70711,0.70711,8.8,0.0,1,1,16,24,13,0
BS-1179,10,0.5,-0.86603,14.1,0.0,1,0,15,25,19,0
BS-1180,15,-0.70711,-0.70711,27.6,1.1,0,0,16,24,24,0
BS-1181,5,0.96593,0.25882,10.5,0.0,0,0,15,25,9,0
BS-1182,13,-0.25882,-0.96593,2.6,2.5,0,0,15,25,4,0
BS-1183,18,-1.0,-0.0,20.8,0.0,0,1,15,25,36,1
BS-1184,3,0.70711,0.70711,8.1,2.3,0,0,27,13,0,0
BS-1185,6,1.0,0.0,7.6,2.0,0,0,16,24,12,0
BS-1186,16,-0.86603,-0.5,13.9,0.0,0,0,19,21,27,0
BS-1187,11,0.25882,-0.96593,11.4,0.0,0,0,2,38,22,1
BS-1188,0,0.0,1.0,20.9,0.0,1,1,7,33,13,0
BS-1189,18,-1.0,-0.0,23.4,0.0,0,0,24,16,27,0
BS-1190,17,-0.96593,-0.25882,19.6,2.0,0,0,22,18,30,0
BS-1191,20,-0.86603,0.5,20.3,0.0,1,0,12,28,16,0
BS-1192,14,-0.5,-0.86603,25.1,0.9,1,1,10,30,20,0
BS-1193,19,-0.96593,0.25882,20.8,0.0,0,0,12,28,17,0
BS-1194,20,-0.86603,0.5,25.0,0.0,0,0,19,21,23,0
BS-1195,20,-0.86603,0.5,15.0,0.0,0,0,12,28,15,0
BS-1196,2,0.5,0.86603,8.5,0.0,0,1,24,16,8,0
BS-1197,8,0.86603,-0.5,3.6,0.0,0,0,2,38,26,1
BS-1198,2,0.5,0.86603,5.7,0.0,0,1,22,18,11,0
BS-1199,5,0.96593,0.25882,11.1,0.0,0,0,12,28,10,0
BS-1200,23,-0.25882,0.96593,7.0,0.0,0,0,13,27,1,0
BS-1201,21,-0.70711,0.70711,14.6,0.0,0,0,19,21,6,0
BS-1202,15,-0.70711,-0.70711,-3.5,0.0,0,0,21,19,20,0
BS-1203,17,-0.96593,-0.25882,8.3,0.7,0,0,8,32,26,1
BS-1204,10,0.5,-0.86603,13.4,0.0,0,1,8,32,26,0
BS-1205,6,1.0,0.0,25.6,1.8,1,0,12,28,15,0
BS-1206,2,0.5,0.86603,15.9,0.6,0,0,11,29,17,0
BS-1207,14,-0.5,-0.86603,9.2,1.4,1,0,15,25,13,0
BS-1208,8,0.86603,-0.5,14.2,4.0,0,0,12,28,15,0
BS-1209,13,-0.25882,-0.96593,26.7,0.0,0,0,6,34,13,1
BS-1210,15,-0.70711,-0.70711,24.6,4.3,0,0,10,30,19,0
BS-1211,23,-0.25882,0.96593,20.6,0.0,0,0,15,25,4,0
BS-1212,15,-0.70711,-0.70711,5.0,0.0,1,0,8,32,20,1
BS-1213,8,0.86603,-0.5,18.4,0.0,0,0,5,35,20,0
BS-1214,20,-0.86603,0.5,12.8,0.0,1,0,1,39,15,0
BS-1215,5,0.96593,0.25882,20.9,0.0,1,0,14,26,9,0
BS-1216,8,0.86603,-0.5,22.7,0.0,0,0,26,14,22,0
BS-1217,16,-0.86603,-0.5,11.2,0.0,1,0,22,18,29,0
BS-1218,0,0.0,1.0,17.0,0.0,0,0,27,13,7,0
BS-1219,2,0.5,0.86603,8.4,0.0,0,0,8,32,4,0
BS-1220,21,-0.70711,0.70711,2.0,0.0,0,0,19,21,9,0
BS-1221,22,-0.5,0.86603,10.2,1.3,0,0,19,21,2,0
BS-1222,21,-0.70711,0.70711,9.2,2.2,0,0,14,26,2,0
BS-1223,6,1.0,0.0,30.1,0.0,1,0,13,27,14,0
BS-1224,22,-0.5,0.86603,21.7,0.0,0,0,6,34,6,0
BS-1225,5,0.96593,0.25882,15.0,0.0,1,0,23,17,10,0
BS-1226,14,-0.5,-0.86603,25.7,0.0,0,0,16,24,17,0
BS-1227,5,0.96593,0.25882,17.4,0.0,0,0,8,32,13,0
BS-1228,22,-0.5,0.86603,2.0,2.8,1,0,19,21,0,0
BS-1229,6,1.0,0.0,17.9,0.0,1,0,9,31,12,0
BS-1230,14,-0.5,-0.86603,7.5,0.0,1,1,10,30,29,1
BS-1231,9,0.70711,-0.70711,16.6,0.0,0,0,1,39,27,1
BS-1232,10,0.5,-0.86603,13.7,0.0,0,0,13,27,13,0
BS-1233,3,0.70711,0.70711,8.7,0.0,0,0,23,17,5,0
BS-1234,16,-0.86603,-0.5,5.3,0.0,0,0,1,39,26,1
BS-1235,13,-0.25882,-0.96593,8.4,0.0,0,0,12,28,14,0
BS-1236,2,0.5,0.86603,23.9,0.0,1,0,24,16,11,0
BS-1237,22,-0.5,0.86603,18.0,0.0,0,0,5,35,6,0
BS-1238,23,-0.25882,0.96593,28.5,3.2,0,0,29,11,4,0
BS-1239,0,0.0,1.0,12.9,0.6,0,0,9,31,6,0
BS-1240,2,0.5,0.86603,2.1,0.0,0,0,15,25,2,0
BS-1241,1,0.25882,0.96593,6.6,0.9,0,0,19,21,1,0
BS-1242,6,1.0,0.0,18.4,2.2,0,0,12,28,15,0
BS-1243,6,1.0,0.0,20.7,0.0,0,0,12,28,11,0
BS-1244,18,-1.0,-0.0,23.1,1.9,1,0,26,14,17,0
BS-1245,10,0.5,-0.86603,2.3,0.0,0,0,21,19,18,0
BS-1246,19,-0.96593,0.25882,8.0,1.0,0,0,19,21,25,0
BS-1247,16,-0.86603,-0.5,15.9,0.0,0,0,21,19,30,0
BS-1248,10,0.5,-0.86603,13.7,0.0,0,0,12,28,14,0
BS-1249,11,0.25882,-0.96593,-5.2,0.0,0,0,22,18,16,0
BS-1250,5,0.96593,0.25882,24.4,0.0,0,0,30,10,11,0
BS-1251,11,0.25882,-0.96593,16.9,0.0,0,0,29,11,16,0
BS-1252,12,0.0,-1.0,18.5,0.3,0,0,18,22,10,0
BS-1253,20,-0.86603,0.5,5.3,0.0,0,0,19,21,14,0
BS-1254,21,-0.70711,0.70711,15.1,0.0,1,0,13,27,3,0
BS-1255,21,-0.70711,0.70711,6.7,0.0,0,0,12,28,7,0
BS-1256,9,0.70711,-0.70711,20.3,1.1,0,0,12,28,18,0
BS-1257,13,-0.25882,-0.96593,11.0,0.6,1,0,8,32,16,1
BS-1258,16,-0.86603,-0.5,21.6,0.0,1,0,24,16,35,0
BS-1259,19,-0.96593,0.25882,13.1,0.0,0,0,14,26,14,0
BS-1260,5,0.96593,0.25882,15.2,0.0,0,0,19,21,7,0
BS-1261,2,0.5,0.86603,23.9,1.5,0,0,25,15,7,0
BS-1262,0,0.0,1.0,8.7,0.0,1,0,15,25,4,0
BS-1263,15,-0.70711,-0.70711,20.5,0.2,0,0,17,23,30,1
BS-1264,7,0.96593,-0.25882,13.4,0.0,0,0,18,22,18,0
BS-1265,12,0.0,-1.0,25.8,0.0,1,0,18,22,22,0
BS-1266,22,-0.5,0.86603,5.1,0.0,0,0,14,26,3,0
BS-1267,10,0.5,-0.86603,24.7,2.1,0,0,1,39,21,1
BS-1268,15,-0.70711,-0.70711,14.3,1.8,0,0,26,14,23,0
BS-1269,2,0.5,0.86603,13.3,0.0,0,0,9,31,6,1
BS-1270,8,0.86603,-0.5,26.7,0.0,0,0,14,26,28,1
BS-1271,13,-0.25882,-0.96593,23.0,0.0,0,0,10,30,22,1
BS-1272,21,-0.70711,0.70711,11.9,0.0,0,1,18,22,20,0
BS-1273,2,0.5,0.86603,11.2,0.0,0,0,20,20,3,0
BS-1274,22,-0.5,0.86603,7.3,0.0,1,1,14,26,8,0
BS-1275,15,-0.70711,-0.70711,6.8,1.2,0,0,9,31,21,1
BS-1276,18,-1.0,-0.0,15.8,0.0,0,0,7,33,27,0
BS-1277,10,0.5,-0.86603,12.2,0.0,0,0,18,22,25,0
BS-1278,2,0.5,0.86603,-1.8,0.0,1,0,18,22,5,0
BS-1279,20,-0.86603,0.5,18.9,0.0,0,0,3,37,9,0
BS-1280,9,0.70711,-0.70711,14.4,0.0,0,0,17,23,19,0
BS-1281,12,0.0,-1.0,27.9,0.0,0,0,11,29,12,0
BS-1282,18,-1.0,-0.0,13.3,6.1,0,0,23,17,13,0
BS-1283,11,0.25882,-0.96593,21.6,0.0,0,0,9,31,11,0
BS-1284,13,-0.25882,-0.96593,9.8,0.0,0,0,13,27,15,1
BS-1285,20,-0.86603,0.5,9.0,0.0,1,0,12,28,6,0
BS-1286,21,-0.70711,0.70711,28.2,0.0,0,0,25,15,15,0
BS-1287,13,-0.25882,-0.96593,3.2,0.0,0,0,15,25,13,0
BS-1288,15,-0.70711,-0.70711,29.0,0.0,0,0,11,29,31,1
BS-1289,15,-0.70711,-0.70711,19.9,0.0,0,0,8,32,22,1
BS-1290,3,0.70711,0.70711,12.3,0.0,0,0,13,27,2,0
BS-1291,10,0.5,-0.86603,26.7,0.0,1,0,13,27,28,0
BS-1292,20,-0.86603,0.5,20.1,1.5,1,0,30,10,5,0
BS-1293,13,-0.25882,-0.96593,23.7,0.0,1,0,18,22,21,0
BS-1294,18,-1.0,-0.0,4.1,0.9,0,0,21,19,27,0
BS-1295,5,0.96593,0.25882,16.3,0.0,0,0,15,25,10,0
BS-1296,16,-0.86603,-0.5,8.2,0.0,1,0,1,39,19,1
BS-1297,12,0.0,-1.0,11.1,0.1,0,1,21,19,17,0
BS-1298,1,0.25882,0.96593,7.4,0.0,0,0,30,10,6,0
BS-1299,22,-0.5,0.86603,-1.5,0.0,0,0,16,24,4,0
BS-1300,14,-0.5,-0.86603,10.0,0.0,0,0,20,20,14,0
BS-1301,12,0.0,-1.0,22.9,3.7,1,0,28,12,6,0
BS-1302,12,0.0,-1.0,22.8,0.0,0,0,22,18,11,0
BS-1303,17,-0.96593,-0.25882,0.8,1.8,1,0,18,22,17,0
BS-1304,0,0.0,1.0,12.3,0.0,1,0,7,33,7,0
BS-1305,23,-0.25882,0.96593,26.0,5.2,0,0,17,23,1,0
BS-1306,0,0.0,1.0,25.9,0.0,0,0,21,19,7,0
BS-1307,23,-0.25882,0.96593,12.4,0.0,0,0,17,23,6,0
BS-1308,17,-0.96593,-0.25882,15.5,0.0,1,0,3,37,21,0
BS-1309,3,0.70711,0.70711,18.9,0.0,0,0,19,21,6,0
BS-1310,7,0.96593,-0.25882,6.9,0.0,0,0,18,22,27,1
BS-1311,6,1.0,0.0,4.6,0.0,0,0,14,26,11,0
BS-1312,1,0.25882,0.96593,2.9,0.0,0,0,13,27,2,0
BS-1313,7,0.96593,-0.25882,23.9,0.0,0,0,22,18,32,0
BS-1314,20,-0.86603,0.5,24.0,2.2,1,0,28,12,8,0
BS-1315,10,0.5,-0.86603,21.0,0.0,0,0,18,22,26,0
BS-1316,0,0.0,1.0,20.6,0.0,1,0,20,20,5,0
BS-1317,6,1.0,0.0,15.7,0.0,0,0,4,36,21,1
BS-1318,6,1.0,0.0,21.1,3.5,0,0,21,19,7,0
BS-1319,10,0.5,-0.86603,33.8,4.6,0,0,34,6,8,0
BS-1320,1,0.25882,0.96593,9.0,0.0,1,1,18,22,9,0
BS-1321,11,0.25882,-0.96593,23.0,0.0,1,1,2,38,17,1
BS-1322,9,0.70711,-0.70711,12.0,0.0,1,0,12,28,31,0
BS-1323,0,0.0,1.0,23.5,0.0,0,0,6,34,17,1
BS-1324,0,0.0,1.0,12.2,1.6,0,0,25,15,1,0
BS-1325,16,-0.86603,-0.5,21.7,0.0,0,0,11,29,32,0
BS-1326,10,0.5,-0.86603,12.8,0.0,0,0,10,30,24,0
BS-1327,13,-0.25882,-0.96593,10.7,0.1,0,0,1,39,16,1
BS-1328,0,0.0,1.0,23.6,0.0,1,0,8,32,14,1
BS-1329,20,-0.86603,0.5,23.6,0.0,0,0,18,22,21,0
BS-1330,9,0.70711,-0.70711,17.0,0.0,0,0,19,21,33,0
BS-1331,14,-0.5,-0.86603,15.0,2.0,0,0,15,25,12,0
BS-1332,15,-0.70711,-0.70711,24.9,0.0,0,0,21,19,30,0
BS-1333,21,-0.70711,0.70711,18.7,0.0,1,0,12,28,8,0
BS-1334,19,-0.96593,0.25882,26.1,0.0,0,0,12,28,27,0
BS-1335,12,0.0,-1.0,5.5,2.0,0,0,10,30,3,0
BS-1336,10,0.5,-0.86603,10.6,6.3,0,0,34,6,2,0
BS-1337,13,-0.25882,-0.96593,12.2,0.0,0,0,23,17,15,0
BS-1338,18,-1.0,-0.0,22.2,0.0,0,0,1,39,36,1
BS-1339,17,-0.96593,-0.25882,15.4,0.0,0,1,8,32,37,1
BS-1340,10,0.5,-0.86603,12.0,0.0,0,0,23,17,21,0
BS-1341,13,-0.25882,-0.96593,5.3,0.0,1,0,10,30,20,1
BS-1342,13,-0.25882,-0.96593,30.6,0.0,0,0,12,28,17,0
BS-1343,8,0.86603,-0.5,17.8,0.0,0,1,4,36,28,1
BS-1344,2,0.5,0.86603,13.1,0.0,0,1,21,19,16,0
BS-1345,6,1.0,0.0,14.6,0.0,1,0,14,26,12,0
BS-1346,16,-0.86603,-0.5,6.9,0.0,1,1,8,32,30,1
BS-1347,11,0.25882,-0.96593,9.3,0.0,0,0,21,19,12,0
BS-1348,7,0.96593,-0.25882,8.3,3.1,0,0,6,34,13,1
BS-1349,13,-0.25882,-0.96593,15.1,0.0,1,0,1,39,17,1
BS-1350,14,-0.5,-0.86603,23.6,0.0,1,0,2,38,22,1
BS-1351,12,0.0,-1.0,20.2,0.0,0,0,12,28,16,0
BS-1352,7,0.96593,-0.25882,17.8,0.0,1,0,28,12,23,0
BS-1353,14,-0.5,-0.86603,9.2,0.0,1,0,4,36,27,1
BS-1354,14,-0.5,-0.86603,7.3,0.8,0,0,21,19,17,0
BS-1355,11,0.25882,-0.96593,0.2,1.0,0,0,24,16,5,0
BS-1356,3,0.70711,0.70711,25.5,0.0,0,0,22,18,12,0
BS-1357,2,0.5,0.86603,1.8,0.0,0,0,23,17,5,0
BS-1358,17,-0.96593,-0.25882,19.6,0.0,0,0,16,24,31,0
BS-1359,18,-1.0,-0.0,11.7,2.7,0,0,17,23,19,0
BS-1360,18,-1.0,-0.0,23.0,2.7,0,0,11,29,25,1
BS-1361,4,0.86603,0.5,3.9,0.0,0,0,23,17,7,0
BS-1362,18,-1.0,-0.0,8.8,0.7,1,0,1,39,19,0
BS-1363,4,0.86603,0.5,13.5,0.0,0,0,33,7,7,0
BS-1364,6,1.0,0.0,5.8,3.2,0,0,27,13,7,0
BS-1365,8,0.86603,-0.5,5.0,4.3,1,0,22,18,6,0
BS-1366,22,-0.5,0.86603,14.6,0.0,0,0,17,23,10,0
BS-1367,12,0.0,-1.0,13.0,0.0,0,0,31,9,12,0
BS-1368,19,-0.96593,0.25882,12.9,0.0,0,0,15,25,15,0
BS-1369,22,-0.5,0.86603,6.1,1.0,0,0,18,22,3,0
BS-1370,10,0.5,-0.86603,27.1,0.0,0,0,28,12,28,0
BS-1371,10,0.5,-0.86603,7.7,0.0,1,1,7,33,17,0
BS-1372,0,0.0,1.0,28.2,0.5,0,0,4,36,11,0
BS-1373,16,-0.86603,-0.5,6.0,0.0,1,0,1,39,16,1
BS-1374,13,-0.25882,-0.96593,25.3,0.0,0,0,13,27,24,0
BS-1375,1,0.25882,0.96593,3.6,0.0,1,1,33,7,8,0
BS-1376,5,0.96593,0.25882,5.9,0.0,0,0,10,30,6,0
BS-1377,20,-0.86603,0.5,6.7,0.0,1,0,9,31,8,0
BS-1378,4,0.86603,0.5,4.4,0.0,1,1,12,28,7,0
BS-1379,21,-0.70711,0.70711,22.0,0.0,1,0,7,33,10,0
BS-1380,0,0.0,1.0,21.1,1.8,1,0,27,13,4,0
BS-1381,6,1.0,0.0,25.7,0.0,1,1,15,25,20,0
BS-1382,0,0.0,1.0,22.5,0.0,1,1,14,26,17,0
BS-1383,6,1.0,0.0,17.5,0.0,0,0,12,28,15,0
BS-1384,5,0.96593,0.25882,6.8,3.6,1,0,10,30,1,0
BS-1385,5,0.96593,0.25882,21.9,0.6,0,0,8,32,14,1
BS-1386,6,1.0,0.0,3.6,0.0,0,0,4,36,15,1
BS-1387,0,0.0,1.0,25.1,0.0,0,0,29,11,14,0
BS-1388,21,-0.70711,0.70711,15.1,0.0,1,1,13,27,16,0
BS-1389,3,0.70711,0.70711,19.0,0.0,0,0,12,28,6,0
BS-1390,11,0.25882,-0.96593,17.6,2.0,0,1,22,18,17,0
BS-1391,7,0.96593,-0.25882,9.0,0.0,0,0,21,19,19,0
BS-1392,23,-0.25882,0.96593,19.2,0.0,1,0,12,28,7,0
BS-1393,17,-0.96593,-0.25882,13.5,0.0,0,0,5,35,36,1
BS-1394,0,0.0,1.0,6.1,0.0,0,0,14,26,5,0
BS-1395,4,0.86603,0.5,21.9,0.0,1,0,10,30,12,1
BS-1396,7,0.96593,-0.25882,5.2,0.0,0,0,3,37,27,1
BS-1397,11,0.25882,-0.96593,15.3,3.0,1,0,34,6,11,0
BS-1398,6,1.0,0.0,16.0,0.0,1,0,26,14,10,0
BS-1399,15,-0.70711,-0.70711,3.8,0.0,0,0,2,38,24,1
BS-1400,14,-0.5,-0.86603,25.3,0.0,0,1,11,29,27,1
BS-1401,5,0.96593,0.25882,0.1,0.0,0,0,11,29,8,0
BS-1402,22,-0.5,0.86603,2.7,0.0,0,0,9,31,6,0
BS-1403,0,0.0,1.0,17.1,6.2,1,0,10,30,0,0
BS-1404,23,-0.25882,0.96593,12.2,0.0,1,0,16,24,8,0
BS-1405,6,1.0,0.0,15.8,0.0,1,0,15,25,18,0
BS-1406,7,0.96593,-0.25882,4.3,2.6,0,0,16,24,13,0
BS-1407,1,0.25882,0.96593,6.9,0.0,0,0,15,25,4,0
BS-1408,22,-0.5,0.86603,12.3,0.0,1,0,18,22,6,0
BS-1409,0,0.0,1.0,22.4,0.0,0,0,31,9,9,0
BS-1410,4,0.86603,0.5,16.0,0.0,0,0,9,31,6,0
BS-1411,8,0.86603,-0.5,5.9,0.0,1,0,19,21,25,0
BS-1412,10,0.5,-0.86603,22.6,0.0,1,0,15,25,18,0
BS-1413,18,-1.0,-0.0,8.9,0.0,1,0,14,26,12,0
BS-1414,23,-0.25882,0.96593,23.8,0.0,1,0,14,26,15,0
BS-1415,9,0.70711,-0.70711,10.1,0.0,1,0,26,14,12,0
BS-1416,3,0.70711,0.70711,24.4,0.0,1,0,6,34,16,1
BS-1417,23,-0.25882,0.96593,16.9,0.0,0,0,16,24,3,0
BS-1418,2,0.5,0.86603,21.2,0.0,1,0,29,11,8,0
BS-1419,15,-0.70711,-0.70711,20.6,0.0,0,0,19,21,32,1
BS-1420,7,0.96593,-0.25882,19.2,1.1,0,1,17,23,29,0
BS-1421,6,1.0,0.0,10.7,0.6,0,0,8,32,10,0
BS-1422,23,-0.25882,0.96593,-0.0,0.0,0,0,2,38,5,0
BS-1423,1,0.25882,0.96593,5.9,0.0,1,0,12,28,1,0
BS-1424,19,-0.96593,0.25882,19.9,0.0,0,0,15,25,24,0
BS-1425,23,-0.25882,0.96593,13.4,2.0,0,0,25,15,2,0
BS-1426,23,-0.25882,0.96593,9.5,0.0,1,0,28,12,3,0
BS-1427,14,-0.5,-0.86603,18.4,7.7,1,0,19,21,2,0
BS-1428,7,0.96593,-0.25882,25.3,0.0,0,0,19,21,22,0
BS-1429,21,-0.70711,0.70711,17.5,0.0,1,0,1,39,14,1
BS-1430,18,-1.0,-0.0,24.6,0.0,1,0,12,28,21,0
BS-1431,21,-0.70711,0.70711,2.2,0.0,0,0,10,30,10,0
BS-1432,16,-0.86603,-0.5,16.8,0.0,1,0,10,30,32,1
BS-1433,13,-0.25882,-0.96593,1.8,0.0,0,0,8,32,15,0
BS-1434,19,-0.96593,0.25882,8.7,0.0,1,0,4,36,14,1
BS-1435,8,0.86603,-0.5,10.9,0.0,0,0,23,17,24,0
BS-1436,8,0.86603,-0.5,23.1,0.0,0,0,25,15,30,0
BS-1437,17,-0.96593,-0.25882,3.1,0.0,0,0,20,20,37,1
BS-1438,12,0.0,-1.0,16.9,3.6,0,0,1,39,5,1
BS-1439,23,-0.25882,0.96593,12.3,3.6,1,0,25,15,1,0
BS-1440,1,0.25882,0.96593,24.0,0.0,0,0,5,35,8,1
BS-1441,13,-0.25882,-0.96593,20.2,0.0,0,0,10,30,15,0
BS-1442,22,-0.5,0.86603,10.2,0.0,0,0,23,17,5,0
BS-1443,15,-0.70711,-0.70711,20.8,0.0,0,0,13,27,25,1
BS-1444,21,-0.70711,0.70711,22.0,1.3,0,0,17,23,12,0
BS-1445,6,1.0,0.0,13.6,0.0,0,0,8,32,15,1
BS-1446,6,1.0,0.0,17.9,0.7,1,0,14,26,14,0
BS-1447,6,1.0,0.0,24.9,0.0,0,0,10,30,24,1
BS-1448,6,1.0,0.0,24.0,0.0,1,0,9,31,16,0
BS-1449,6,1.0,0.0,24.4,0.0,0,1,1,39,25,1
BS-1450,19,-0.96593,0.25882,15.6,0.0,0,0,32,8,21,0
BS-1451,16,-0.86603,-0.5,12.0,0.0,1,0,16,24,23,0
BS-1452,3,0.70711,0.70711,25.1,2.3,0,0,20,20,3,0
BS-1453,4,0.86603,0.5,30.7,0.0,0,1,17,23,20,1
BS-1454,6,1.0,0.0,23.6,0.0,0,1,11,29,31,1
BS-1455,15,-0.70711,-0.70711,6.1,1.9,1,0,1,39,18,1
BS-1456,4,0.86603,0.5,15.4,0.0,0,0,27,13,8,0
BS-1457,13,-0.25882,-0.96593,12.6,0.9,0,0,16,24,16,0
BS-1458,15,-0.70711,-0.70711,7.6,1.6,0,0,13,27,22,0
BS-1459,9,0.70711,-0.70711,14.4,0.0,0,0,14,26,31,1
BS-1460,12,0.0,-1.0,12.6,3.6,1,0,8,32,4,0
BS-1461,15,-0.70711,-0.70711,20.2,0.0,1,0,11,29,26,1
BS-1462,10,0.5,-0.86603,18.2,2.3,0,1,8,32,23,0
BS-1463,5,0.96593,0.25882,19.7,0.0,0,0,15,25,11,0
BS-1464,17,-0.96593,-0.25882,33.6,0.0,0,1,8,32,50,1
BS-1465,7,0.96593,-0.25882,15.8,1.6,0,0,9,31,16,0
BS-1466,22,-0.5,0.86603,18.8,0.0,0,0,14,26,8,0
BS-1467,2,0.5,0.86603,1.2,0.0,0,0,30,10,4,0
BS-1468,23,-0.25882,0.96593,23.9,0.0,0,1,29,11,20,0
BS-1469,18,-1.0,-0.0,18.2,0.0,0,0,16,24,34,0
BS-1470,22,-0.5,0.86603,12.1,0.0,1,0,27,13,5,0
BS-1471,14,-0.5,-0.86603,14.9,0.0,0,0,11,29,22,1
BS-1472,17,-0.96593,-0.25882,20.3,1.2,1,0,10,30,20,0
BS-1473,23,-0.25882,0.96593,5.9,0.0,0,0,24,16,1,0
BS-1474,8,0.86603,-0.5,23.5,0.0,0,0,18,22,25,0
BS-1475,15,-0.70711,-0.70711,3.6,0.0,0,0,14,26,17,0
BS-1476,10,0.5,-0.86603,11.2,3.1,0,0,7,33,11,0
BS-1477,13,-0.25882,-0.96593,13.3,0.0,0,0,29,11,10,0
BS-1478,11,0.25882,-0.96593,20.4,1.9,0,0,18,22,12,0
BS-1479,20,-0.86603,0.5,29.9,0.0,0,0,20,20,19,0
BS-1480,22,-0.5,0.86603,19.6,0.0,0,0,23,17,6,0
BS-1481,2,0.5,0.86603,8.8,0.0,0,0,10,30,0,0
BS-1482,10,0.5,-0.86603,13.6,0.0,0,0,11,29,16,0
BS-1483,14,-0.5,-0.86603,23.8,0.4,0,0,4,36,15,1
BS-1484,23,-0.25882,0.96593,9.6,0.0,0,0,24,16,4,0
BS-1485,9,0.70711,-0.70711,17.4,0.0,0,0,15,25,20,0
BS-1486,21,-0.70711,0.70711,20.2,0.0,0,1,17,23,22,0
BS-1487,14,-0.5,-0.86603,4.6,0.0,1,0,15,25,24,1
BS-1488,10,0.5,-0.86603,11.0,4.6,0,0,15,25,4,0
BS-1489,2,0.5,0.86603,7.1,2.2,0,0,21,19,0,0
BS-1490,17,-0.96593,-0.25882,19.5,0.0,1,1,19,21,24,0
BS-1491,15,-0.70711,-0.70711,26.1,0.0,0,0,8,32,38,1
BS-1492,2,0.5,0.86603,31.4,0.0,0,0,7,33,8,0
BS-1493,1,0.25882,0.96593,18.9,0.0,1,0,1,39,13,1
BS-1494,9,0.70711,-0.70711,12.6,0.0,0,0,18,22,24,0
BS-1495,13,-0.25882,-0.96593,7.0,1.5,0,1,23,17,21,0
BS-1496,7,0.96593,-0.25882,24.9,0.0,1,0,10,30,22,0
BS-1497,14,-0.5,-0.86603,5.7,0.0,0,0,17,23,20,0
BS-1498,16,-0.86603,-0.5,3.7,4.9,1,0,13,27,6,0
BS-1499,8,0.86603,-0.5,18.8,0.0,0,1,4,36,40,1
BS-1500,12,0.0,-1.0,19.8,0.0,1,0,10,30,17,0
BS-1501,22,-0.5,0.86603,27.8,0.0,0,0,24,16,6,0
BS-1502,21,-0.70711,0.70711,20.4,0.0,0,0,9,31,19,1
BS-1503,23,-0.25882,0.96593,24.7,0.0,0,1,1,39,13,1
BS-1504,20,-0.86603,0.5,12.5,0.0,1,1,7,33,19,0
BS-1505,5,0.96593,0.25882,17.8,0.0,0,0,23,17,14,0
BS-1506,12,0.0,-1.0,25.0,0.0,0,0,12,28,18,0
BS-1507,2,0.5,0.86603,8.3,0.0,0,0,17,23,4,0
BS-1508,6,1.0,0.0,13.7,0.0,1,0,15,25,13,0
BS-1509,1,0.25882,0.96593,11.2,2.7,0,0,11,29,1,0
BS-1510,14,-0.5,-0.86603,19.2,2.4,1,0,21,19,24,0
BS-1511,2,0.5,0.86603,18.7,0.0,0,0,2,38,6,0
BS-1512,18,-1.0,-0.0,4.8,0.8,0,0,9,31,21,0
BS-1513,14,-0.5,-0.86603,7.5,0.0,1,0,3,37,18,1
BS-1514,21,-0.70711,0.70711,10.6,0.0,0,0,14,26,10,0
BS-1515,10,0.5,-0.86603,15.8,0.0,0,0,8,32,20,0
BS-1516,20,-0.86603,0.5,3.8,0.0,0,0,24,16,12,0
BS-1517,8,0.86603,-0.5,21.0,0.0,0,0,9,31,16,0
BS-1518,23,-0.25882,0.96593,3.0,0.0,0,0,13,27,1,0
BS-1519,20,-0.86603,0.5,31.4,0.0,0,0,1,39,13,1
BS-1520,3,0.70711,0.70711,16.2,12.9,1,0,21,19,1,0
BS-1521,20,-0.86603,0.5,9.2,4.3,0,1,17,23,12,0
BS-1522,5,0.96593,0.25882,23.6,6.3,0,1,16,24,4,0
BS-1523,15,-0.70711,-0.70711,24.7,0.0,1,0,1,39,29,1
BS-1524,1,0.25882,0.96593,24.3,0.0,0,0,8,32,6,0
BS-1525,18,-1.0,-0.0,14.7,0.0,0,0,12,28,24,0
BS-1526,17,-0.96593,-0.25882,29.1,0.0,1,0,16,24,26,0
BS-1527,22,-0.5,0.86603,24.5,0.6,0,0,13,27,12,0
BS-1528,4,0.86603,0.5,13.3,0.0,0,0,21,19,4,0
BS-1529,1,0.25882,0.96593,22.3,0.0,0,0,15,25,8,0
BS-1530,21,-0.70711,0.70711,29.9,0.0,1,0,11,29,11,1
BS-1531,17,-0.96593,-0.25882,3.2,6.0,0,0,14,26,11,0
BS-1532,7,0.96593,-0.25882,-3.8,0.0,0,0,17,23,23,0
BS-1533,11,0.25882,-0.96593,13.3,0.0,0,0,26,14,12,0
BS-1534,3,0.70711,0.70711,16.3,4.8,1,0,33,7,1,0
BS-1535,12,0.0,-1.0,25.7,0.0,1,0,13,27,21,0
BS-1536,11,0.25882,-0.96593,3.6,0.0,0,0,15,25,10,0
BS-1537,23,-0.25882,0.96593,13.6,0.0,0,0,18,22,9,0
BS-1538,17,-0.96593,-0.25882,11.1,0.0,0,0,7,33,22,0
BS-1539,4,0.86603,0.5,2.1,2.8,0,0,17,23,0,0
BS-1540,3,0.70711,0.70711,4.7,0.0,0,0,18,22,3,0
BS-1541,11,0.25882,-0.96593,19.6,0.7,0,0,21,19,20,0
BS-1542,20,-0.86603,0.5,-0.3,9.3,1,0,14,26,0,0
BS-1543,21,-0.70711,0.70711,24.6,3.2,1,0,17,23,6,0
BS-1544,10,0.5,-0.86603,26.5,0.0,0,0,8,32,28,1
BS-1545,0,0.0,1.0,24.0,0.0,0,0,18,22,7,0
BS-1546,19,-0.96593,0.25882,13.9,0.0,0,0,18,22,17,0
BS-1547,5,0.96593,0.25882,25.4,1.2,0,0,8,32,11,1
BS-1548,6,1.0,0.0,12.8,0.0,0,0,21,19,12,0
BS-1549,5,0.96593,0.25882,3.5,0.0,0,0,34,6,9,0
BS-1550,1,0.25882,0.96593,24.8,0.0,0,0,11,29,12,1
BS-1551,9,0.70711,-0.70711,21.3,0.0,0,0,19,21,37,0
BS-1552,0,0.0,1.0,8.8,1.4,0,0,29,11,0,0
BS-1553,6,1.0,0.0,20.5,0.0,0,0,15,25,21,0
BS-1554,14,-0.5,-0.86603,3.9,12.6,0,0,20,20,2,0
BS-1555,20,-0.86603,0.5,24.7,0.0,0,0,11,29,20,0
BS-1556,4,0.86603,0.5,19.4,4.3,1,0,18,22,0,0
BS-1557,17,-0.96593,-0.25882,17.6,0.0,0,0,17,23,29,0
BS-1558,13,-0.25882,-0.96593,25.3,0.0,1,0,19,21,27,1
BS-1559,8,0.86603,-0.5,16.4,0.7,0,1,18,22,36,0
BS-1560,20,-0.86603,0.5,5.1,0.0,0,0,20,20,15,0
BS-1561,2,0.5,0.86603,8.3,2.3,0,1,1,39,8,1
BS-1562,19,-0.96593,0.25882,6.8,2.6,0,0,25,15,13,0
BS-1563,11,0.25882,-0.96593,22.3,0.0,0,0,19,21,14,0
BS-1564,9,0.70711,-0.70711,19.3,0.0,0,0,23,17,19,0
BS-1565,8,0.86603,-0.5,24.7,2.5,0,0,23,17,14,0
BS-1566,17,-0.96593,-0.25882,17.0,0.0,1,0,20,20,15,0
BS-1567,2,0.5,0.86603,10.9,0.0,0,0,17,23,2,0
BS-1568,10,0.5,-0.86603,28.8,0.0,0,0,16,24,28,0
BS-1569,0,0.0,1.0,7.1,0.0,0,0,9,31,5,0
BS-1570,5,0.96593,0.25882,29.0,0.0,0,0,27,13,19,0
BS-1571,12,0.0,-1.0,19.4,0.0,0,0,17,23,18,0
BS-1572,7,0.96593,-0.25882,20.8,0.0,0,0,13,27,24,1
BS-1573,13,-0.25882,-0.96593,19.0,0.3,1,0,6,34,19,1
BS-1574,0,0.0,1.0,13.9,0.0,1,0,8,32,7,0
BS-1575,7,0.96593,-0.25882,12.5,0.0,0,0,18,22,19,0
BS-1576,23,-0.25882,0.96593,15.9,0.0,0,0,33,7,7,0
BS-1577,7,0.96593,-0.25882,9.5,0.0,0,0,17,23,19,0
BS-1578,8,0.86603,-0.5,24.2,0.0,0,0,32,8,23,0
BS-1579,13,-0.25882,-0.96593,22.8,0.0,0,0,18,22,14,0
BS-1580,8,0.86603,-0.5,5.0,1.4,0,0,33,7,22,0
BS-1581,14,-0.5,-0.86603,17.8,0.0,0,0,10,30,28,1
BS-1582,20,-0.86603,0.5,14.4,1.9,0,0,34,6,10,0
BS-1583,0,0.0,1.0,9.8,0.0,1,0,25,15,7,0
BS-1584,22,-0.5,0.86603,19.2,0.0,0,0,12,28,11,0
BS-1585,10,0.5,-0.86603,15.7,0.0,0,0,13,27,26,0
BS-1586,0,0.0,1.0,20.3,0.0,0,0,25,15,11,0
BS-1587,3,0.70711,0.70711,19.1,1.0,1,0,16,24,7,0
BS-1588,0,0.0,1.0,4.4,0.7,0,0,30,10,3,0
BS-1589,5,0.96593,0.25882,8.3,1.0,0,0,12,28,3,0
BS-1590,10,0.5,-0.86603,27.7,1.2,0,0,14,26,20,0
BS-1591,7,0.96593,-0.25882,4.6,0.0,0,0,23,17,11,0
BS-1592,14,-0.5,-0.86603,16.6,0.0,0,0,7,33,17,0
BS-1593,7,0.96593,-0.25882,13.5,0.0,0,0,10,30,17,0
BS-1594,13,-0.25882,-0.96593,12.4,0.0,0,0,19,21,18,1
BS-1595,14,-0.5,-0.86603,5.1,0.0,0,0,23,17,18,0
BS-1596,14,-0.5,-0.86603,9.3,1.0,0,0,20,20,14,0
BS-1597,11,0.25882,-0.96593,19.1,0.0,0,0,13,27,18,0
BS-1598,8,0.86603,-0.5,7.4,0.0,0,0,15,25,20,0
BS-1599,1,0.25882,0.96593,8.9,2.8,1,0,24,16,2,0
BS-1600,7,0.96593,-0.25882,29.4,0.0,0,0,13,27,27,1
BS-1601,10,0.5,-0.86603,19.5,0.0,0,0,12,28,16,0
BS-1602,0,0.0,1.0,18.7,0.0,0,0,21,19,9,0
BS-1603,7,0.96593,-0.25882,10.4,0.0,0,0,30,10,17,0
BS-1604,10,0.5,-0.86603,22.3,0.0,1,0,14,26,27,1
BS-1605,14,-0.5,-0.86603,7.7,0.0,0,0,22,18,18,0
BS-1606,0,0.0,1.0,6.5,4.4,0,1,19,21,0,0
BS-1607,20,-0.86603,0.5,9.3,0.0,1,0,14,26,16,0
BS-1608,11,0.25882,-0.96593,27.5,3.4,1,0,19,21,9,0
BS-1609,15,-0.70711,-0.70711,20.5,0.0,0,0,14,26,24,0
BS-1610,15,-0.70711,-0.70711,7.5,0.0,0,0,15,25,23,1
BS-1611,11,0.25882,-0.96593,28.4,0.0,0,1,18,22,28,0
BS-1612,20,-0.86603,0.5,15.1,0.0,0,0,14,26,10,0
BS-1613,4,0.86603,0.5,18.8,0.0,0,0,5,35,11,1
BS-1614,6,1.0,0.0,22.7,0.0,1,1,15,25,25,0
BS-1615,9,0.70711,-0.70711,21.6,0.0,0,0,14,26,29,0
BS-1616,3,0.70711,0.70711,15.2,0.0,0,0,31,9,2,0
BS-1617,3,0.70711,0.70711,30.2,0.0,0,0,18,22,11,0
BS-1618,15,-0.70711,-0.70711,9.6,1.6,1,1,8,32,27,1
BS-1619,5,0.96593,0.25882,2.4,0.0,0,0,12,28,7,0
BS-1620,16,-0.86603,-0.5,16.1,0.0,1,0,14,26,20,0
BS-1621,16,-0.86603,-0.5,12.9,0.0,1,0,29,11,21,0
BS-1622,10,0.5,-0.86603,27.9,0.4,0,0,24,16,19,0
BS-1623,3,0.70711,0.70711,23.7,0.0,0,0,22,18,18,0
BS-1624,13,-0.25882,-0.96593,12.8,4.6,0,0,17,23,1,0
BS-1625,14,-0.5,-0.86603,3.2,0.0,1,0,19,21,16,0
BS-1626,22,-0.5,0.86603,14.1,0.0,0,0,9,31,14,1
BS-1627,15,-0.70711,-0.70711,10.5,0.0,0,0,22,18,25,1
BS-1628,21,-0.70711,0.70711,21.1,0.0,1,0,15,25,13,0
BS-1629,18,-1.0,-0.0,23.5,0.0,1,0,3,37,24,0
BS-1630,0,0.0,1.0,12.6,0.0,0,0,14,26,3,0
BS-1631,6,1.0,0.0,23.4,0.0,1,0,10,30,15,0
BS-1632,21,-0.70711,0.70711,6.2,0.0,1,0,11,29,6,0
BS-1633,8,0.86603,-0.5,24.9,0.0,0,1,14,26,43,1
BS-1634,4,0.86603,0.5,-0.1,0.5,0,0,1,39,4,1
BS-1635,23,-0.25882,0.96593,17.5,0.0,1,0,24,16,8,0
BS-1636,19,-0.96593,0.25882,17.5,0.0,0,0,22,18,22,0
BS-1637,9,0.70711,-0.70711,20.8,0.0,0,0,12,28,28,0
BS-1638,3,0.70711,0.70711,2.7,0.0,0,0,9,31,5,0
BS-1639,9,0.70711,-0.70711,11.4,0.0,0,0,16,24,19,0
BS-1640,1,0.25882,0.96593,4.8,0.0,1,0,7,33,3,0
BS-1641,22,-0.5,0.86603,5.5,0.0,0,0,22,18,4,0
BS-1642,14,-0.5,-0.86603,-3.9,0.0,1,0,19,21,13,0
BS-1643,20,-0.86603,0.5,10.1,0.0,1,0,16,24,10,0
BS-1644,19,-0.96593,0.25882,27.0,0.0,0,1,7,33,23,0
BS-1645,7,0.96593,-0.25882,17.0,0.3,1,0,16,24,13,0
BS-1646,8,0.86603,-0.5,18.8,0.0,1,0,27,13,28,0
BS-1647,9,0.70711,-0.70711,20.0,1.8,1,0,11,29,17,0
BS-1648,4,0.86603,0.5,21.6,0.0,1,1,11,29,20,1
BS-1649,3,0.70711,0.70711,18.6,0.0,0,0,20,20,12,0
BS-1650,1,0.25882,0.96593,14.9,0.0,0,0,21,19,12,0
BS-1651,3,0.70711,0.70711,0.9,0.0,0,0,6,34,7,1
BS-1652,4,0.86603,0.5,0.1,0.0,1,1,15,25,10,0
BS-1653,12,0.0,-1.0,18.7,0.0,0,0,18,22,15,0
BS-1654,19,-0.96593,0.25882,21.2,0.0,1,0,9,31,17,0
BS-1655,13,-0.25882,-0.96593,20.2,0.0,0,0,16,24,18,0
BS-1656,18,-1.0,-0.0,4.9,3.5,0,0,29,11,14,0
BS-1657,22,-0.5,0.86603,8.0,0.0,1,0,34,6,5,0
BS-1658,9,0.70711,-0.70711,3.7,0.0,0,0,17,23,20,0
BS-1659,14,-0.5,-0.86603,27.0,0.0,1,0,1,39,31,1
BS-1660,21,-0.70711,0.70711,17.7,0.0,1,1,12,28,25,0
BS-1661,23,-0.25882,0.96593,14.0,0.9,0,1,19,21,9,0
BS-1662,10,0.5,-0.86603,19.3,0.0,0,0,13,27,18,0
BS-1663,14,-0.5,-0.86603,10.0,0.3,0,0,11,29,17,0
BS-1664,10,0.5,-0.86603,12.2,0.0,0,0,11,29,11,0
BS-1665,22,-0.5,0.86603,23.8,0.0,1,0,4,36,7,0
BS-1666,15,-0.70711,-0.70711,3.4,0.0,1,0,18,22,26,0
BS-1667,13,-0.25882,-0.96593,4.8,0.0,0,0,18,22,10,0
BS-1668,17,-0.96593,-0.25882,21.3,0.0,1,0,26,14,28,0
BS-1669,15,-0.70711,-0.70711,22.7,0.0,0,0,6,34,32,1
BS-1670,15,-0.70711,-0.70711,12.6,2.2,1,0,14,26,9,0
BS-1671,11,0.25882,-0.96593,26.4,0.0,0,0,8,32,18,0
BS-1672,6,1.0,0.0,5.9,0.0,1,0,28,12,12,0
BS-1673,8,0.86603,-0.5,8.8,0.0,1,0,15,25,22,0
BS-1674,6,1.0,0.0,13.5,0.0,1,0,1,39,10,0
BS-1675,1,0.25882,0.96593,26.4,0.0,0,0,8,32,8,0
BS-1676,9,0.70711,-0.70711,4.5,0.0,0,0,15,25,19,0
BS-1677,19,-0.96593,0.25882,21.3,0.0,0,0,1,39,26,1
BS-1678,16,-0.86603,-0.5,16.2,0.0,1,0,6,34,18,0
BS-1679,11,0.25882,-0.96593,27.4,0.0,1,0,12,28,21,0
BS-1680,5,0.96593,0.25882,16.3,0.0,0,0,16,24,15,0
BS-1681,3,0.70711,0.70711,8.1,2.2,0,1,23,17,5,0
BS-1682,23,-0.25882,0.96593,24.6,4.1,0,0,10,30,0,0
BS-1683,21,-0.70711,0.70711,18.2,0.0,0,0,20,20,6,0
BS-1684,1,0.25882,0.96593,17.8,0.0,0,0,26,14,6,0
BS-1685,19,-0.96593,0.25882,24.6,0.0,0,0,18,22,20,0
BS-1686,6,1.0,0.0,22.1,0.0,0,0,3,37,17,0
BS-1687,11,0.25882,-0.96593,24.1,0.0,1,0,7,33,19,0
BS-1688,17,-0.96593,-0.25882,9.4,2.1,0,0,22,18,25,0
BS-1689,23,-0.25882,0.96593,1.8,0.0,0,0,26,14,5,0
BS-1690,0,0.0,1.0,4.9,0.0,0,1,22,18,8,0
BS-1691,0,0.0,1.0,4.5,0.0,0,0,15,25,5,0
BS-1692,2,0.5,0.86603,14.1,0.0,0,0,4,36,4,1
BS-1693,7,0.96593,-0.25882,12.6,0.0,0,0,12,28,19,0
BS-1694,17,-0.96593,-0.25882,7.3,0.3,0,0,5,35,20,1
BS-1695,23,-0.25882,0.96593,6.2,0.0,0,0,31,9,6,0
BS-1696,7,0.96593,-0.25882,2.3,0.0,0,1,13,27,27,1
BS-1697,19,-0.96593,0.25882,27.2,0.0,0,0,7,33,24,0
BS-1698,16,-0.86603,-0.5,3.6,1.9,0,1,1,39,28,1
BS-1699,14,-0.5,-0.86603,7.8,0.0,0,0,20,20,16,0
BS-1700,16,-0.86603,-0.5,6.7,0.0,0,0,9,31,31,1
BS-1701,22,-0.5,0.86603,24.5,2.1,0,0,10,30,5,0
BS-1702,15,-0.70711,-0.70711,2.5,0.0,1,1,10,30,15,0
BS-1703,5,0.96593,0.25882,22.5,0.0,0,0,12,28,10,0
BS-1704,20,-0.86603,0.5,24.0,0.0,0,0,9,31,15,0
BS-1705,0,0.0,1.0,11.1,0.0,1,0,9,31,5,0
BS-1706,7,0.96593,-0.25882,22.5,0.0,0,0,17,23,10,0
BS-1707,16,-0.86603,-0.5,14.8,0.0,0,1,23,17,34,0
BS-1708,12,0.0,-1.0,18.2,0.0,0,0,23,17,12,0
BS-1709,12,0.0,-1.0,12.7,0.0,0,0,18,22,11,0
BS-1710,9,0.70711,-0.70711,22.6,0.0,0,0,5,35,32,1
BS-1711,16,-0.86603,-0.5,19.5,0.0,0,0,13,27,35,1
BS-1712,17,-0.96593,-0.25882,17.6,2.0,0,1,10,30,40,1
BS-1713,23,-0.25882,0.96593,25.2,0.0,0,0,20,20,9,0
BS-1714,10,0.5,-0.86603,4.0,0.0,0,0,9,31,15,0
BS-1715,22,-0.5,0.86603,27.5,0.0,0,0,20,20,10,0
BS-1716,0,0.0,1.0,32.4,0.0,0,0,15,25,10,0
BS-1717,5,0.96593,0.25882,11.6,0.0,1,0,14,26,3,0
BS-1718,21,-0.70711,0.70711,15.4,0.0,1,0,17,23,9,0
BS-1719,15,-0.70711,-0.70711,8.2,0.0,0,0,16,24,27,0
BS-1720,23,-0.25882,0.96593,16.1,0.0,1,1,16,24,16,0
BS-1721,10,0.5,-0.86603,10.4,0.0,1,0,21,19,14,0
BS-1722,11,0.25882,-0.96593,20.7,0.0,0,0,10,30,17,0
BS-1723,23,-0.25882,0.96593,12.7,2.0,0,0,5,35,0,0
BS-1724,13,-0.25882,-0.96593,19.7,0.0,0,0,15,25,19,0
BS-1725,5,0.96593,0.25882,0.3,2.8,0,0,18,22,0,0
BS-1726,17,-0.96593,-0.25882,16.5,4.1,0,0,4,36,13,0
BS-1727,19,-0.96593,0.25882,23.9,0.0,0,0,1,39,15,0
BS-1728,7,0.96593,-0.25882,18.9,0.0,0,0,8,32,16,0
BS-1729,4,0.86603,0.5,7.3,1.7,0,0,12,28,0,0
BS-1730,9,0.70711,-0.70711,28.8,6.7,0,0,23,17,9,0
BS-1731,0,0.0,1.0,20.9,0.0,0,0,23,17,7,0
BS-1732,23,-0.25882,0.96593,20.6,0.0,0,0,22,18,9,0
BS-1733,2,0.5,0.86603,7.5,0.0,0,0,29,11,4,0
BS-1734,11,0.25882,-0.96593,24.8,0.0,1,0,18,22,23,0
BS-1735,3,0.70711,0.70711,27.2,0.0,0,0,5,35,17,1
BS-1736,1,0.25882,0.96593,15.9,1.2,1,0,4,36,4,0
BS-1737,19,-0.96593,0.25882,18.6,1.5,0,0,21,19,12,0
BS-1738,4,0.86603,0.5,21.5,0.0,1,0,20,20,10,0
BS-1739,15,-0.70711,-0.70711,5.9,0.0,1,0,12,28,22,0
BS-1740,17,-0.96593,-0.25882,7.1,0.0,1,0,11,29,20,0
BS-1741,2,0.5,0.86603,21.8,0.0,0,0,26,14,4,0
BS-1742,17,-0.96593,-0.25882,10.1,0.0,0,1,18,22,37,1
BS-1743,5,0.96593,0.25882,8.8,0.0,1,0,12,28,7,0
BS-1744,2,0.5,0.86603,26.0,0.0,0,0,28,12,19,0
BS-1745,9,0.70711,-0.70711,25.7,0.0,1,0,5,35,8,0
BS-1746,22,-0.5,0.86603,25.5,0.0,0,0,16,24,14,0
BS-1747,9,0.70711,-0.70711,14.3,1.8,1,0,21,19,15,0
BS-1748,20,-0.86603,0.5,18.8,0.0,1,1,10,30,25,0
BS-1749,4,0.86603,0.5,28.0,0.0,1,0,13,27,9,0
BS-1750,14,-0.5,-0.86603,7.4,0.0,1,0,20,20,10,0
BS-1751,1,0.25882,0.96593,27.5,0.0,0,0,2,38,9,1
BS-1752,16,-0.86603,-0.5,1.4,0.0,0,0,14,26,28,0
BS-1753,11,0.25882,-0.96593,23.5,0.0,1,0,14,26,29,0
BS-1754,12,0.0,-1.0,14.0,0.0,0,0,15,25,14,0
BS-1755,23,-0.25882,0.96593,13.6,3.7,1,0,22,18,0,0
BS-1756,11,0.25882,-0.96593,26.2,0.0,0,0,1,39,17,1
BS-1757,15,-0.70711,-0.70711,12.3,0.0,0,0,15,25,11,0
BS-1758,10,0.5,-0.86603,7.6,0.0,0,0,21,19,13,0
BS-1759,15,-0.70711,-0.70711,21.6,0.0,0,1,13,27,21,1
BS-1760,15,-0.70711,-0.70711,9.6,0.0,0,0,13,27,30,1
BS-1761,6,1.0,0.0,12.3,0.4,0,0,19,21,17,0
BS-1762,11,0.25882,-0.96593,1.6,1.8,0,0,15,25,7,0
BS-1763,11,0.25882,-0.96593,1.2,0.0,0,0,8,32,13,0
BS-1764,15,-0.70711,-0.70711,2.8,0.0,0,0,18,22,17,0
BS-1765,2,0.5,0.86603,4.9,4.5,0,0,20,20,1,0
BS-1766,3,0.70711,0.70711,16.3,0.0,0,1,21,19,25,0
BS-1767,2,0.5,0.86603,12.0,0.0,0,0,22,18,4,0
BS-1768,11,0.25882,-0.96593,14.0,2.1,1,1,20,20,26,0
BS-1769,4,0.86603,0.5,17.1,4.0,1,0,13,27,2,0
BS-1770,0,0.0,1.0,8.2,0.0,1,0,18,22,5,0
BS-1771,9,0.70711,-0.70711,9.9,0.0,0,1,4,36,38,1
BS-1772,0,0.0,1.0,9.5,1.7,0,0,26,14,1,0
BS-1773,23,-0.25882,0.96593,27.6,4.8,0,0,26,14,0,0
BS-1774,13,-0.25882,-0.96593,11.8,0.0,1,0,9,31,19,1
BS-1775,13,-0.25882,-0.96593,19.0,0.0,0,0,19,21,14,0
BS-1776,19,-0.96593,0.25882,15.1,0.0,0,0,10,30,19,0
BS-1777,6,1.0,0.0,20.8,0.0,0,0,27,13,17,0
BS-1778,19,-0.96593,0.25882,6.0,1.1,0,0,15,25,13,0
BS-1779,13,-0.25882,-0.96593,9.6,2.1,0,0,31,9,7,0
BS-1780,12,0.0,-1.0,21.8,4.8,1,0,23,17,9,0
BS-1781,16,-0.86603,-0.5,16.1,0.0,1,1,21,19,37,0
BS-1782,23,-0.25882,0.96593,4.6,0.0,0,0,8,32,7,0
BS-1783,6,1.0,0.0,21.0,0.0,1,0,29,11,21,0
BS-1784,22,-0.5,0.86603,22.6,0.0,1,0,15,25,8,0
BS-1785,7,0.96593,-0.25882,5.8,0.0,0,0,10,30,19,0
BS-1786,15,-0.70711,-0.70711,12.9,0.0,1,0,4,36,29,1
BS-1787,21,-0.70711,0.70711,18.2,0.0,0,0,29,11,17,0
BS-1788,23,-0.25882,0.96593,5.2,0.0,0,0,23,17,6,0
BS-1789,19,-0.96593,0.25882,21.7,0.0,0,0,16,24,20,0
BS-1790,19,-0.96593,0.25882,15.6,0.0,1,0,28,12,24,0
BS-1791,0,0.0,1.0,21.4,7.3,0,0,13,27,1,0
BS-1792,19,-0.96593,0.25882,6.0,0.0,0,0,25,15,21,0
BS-1793,21,-0.70711,0.70711,4.4,0.0,0,0,19,21,7,0
BS-1794,10,0.5,-0.86603,2.9,1.3,0,0,25,15,13,0
BS-1795,20,-0.86603,0.5,25.3,0.0,0,0,21,19,20,0
BS-1796,13,-0.25882,-0.96593,11.1,0.0,1,0,1,39,16,0
BS-1797,9,0.70711,-0.70711,7.5,0.0,0,0,22,18,19,0
BS-1798,17,-0.96593,-0.25882,30.2,0.0,0,0,24,16,34,0
BS-1799,2,0.5,0.86603,1.9,1.0,0,1,5,35,11,1
BS-1800,2,0.5,0.86603,6.6,0.0,0,0,16,24,5,0
BS-1801,18,-1.0,-0.0,1.2,0.0,1,0,23,17,24,0
BS-1802,8,0.86603,-0.5,12.5,0.0,0,0,22,18,17,0
BS-1803,7,0.96593,-0.25882,14.9,0.0,1,0,24,16,16,0
BS-1804,23,-0.25882,0.96593,7.2,0.0,1,0,16,24,6,0
BS-1805,23,-0.25882,0.96593,17.3,0.9,0,0,14,26,4,0
BS-1806,7,0.96593,-0.25882,12.4,0.0,0,0,8,32,20,0
BS-1807,3,0.70711,0.70711,5.2,0.0,0,0,30,10,2,0
BS-1808,4,0.86603,0.5,27.5,0.0,0,1,15,25,20,1
BS-1809,23,-0.25882,0.96593,28.0,7.2,0,0,22,18,1,0
BS-1810,15,-0.70711,-0.70711,13.9,0.0,0,0,15,25,29,1
BS-1811,11,0.25882,-0.96593,4.2,1.1,1,1,9,31,27,1
BS-1812,13,-0.25882,-0.96593,25.9,2.1,0,0,22,18,12,0
BS-1813,21,-0.70711,0.70711,2.5,8.3,1,0,18,22,0,0
BS-1814,16,-0.86603,-0.5,25.3,0.6,0,0,16,24,29,0
BS-1815,4,0.86603,0.5,29.7,1.8,0,0,8,32,7,0
BS-1816,5,0.96593,0.25882,28.5,0.0,0,0,26,14,12,0
BS-1817,22,-0.5,0.86603,8.4,0.0,0,0,20,20,7,0
BS-1818,15,-0.70711,-0.70711,16.3,0.0,0,0,14,26,23,1
BS-1819,20,-0.86603,0.5,28.9,0.0,1,0,15,25,12,0
BS-1820,12,0.0,-1.0,28.2,0.0,0,0,17,23,13,0
BS-1821,13,-0.25882,-0.96593,13.1,1.8,1,0,28,12,13,0
BS-1822,9,0.70711,-0.70711,16.1,0.0,0,1,11,29,28,1
BS-1823,2,0.5,0.86603,30.6,0.0,0,0,16,24,12,0
BS-1824,5,0.96593,0.25882,20.4,0.0,1,0,11,29,13,0
BS-1825,21,-0.70711,0.70711,16.2,0.0,0,0,19,21,12,0
BS-1826,16,-0.86603,-0.5,25.6,0.0,1,0,21,19,28,0
BS-1827,3,0.70711,0.70711,6.2,0.0,0,0,21,19,5,0
BS-1828,6,1.0,0.0,15.4,0.0,1,0,17,23,17,0
BS-1829,16,-0.86603,-0.5,9.5,0.0,0,0,34,6,20,0
BS-1830,19,-0.96593,0.25882,2.0,2.9,0,0,18,22,11,0
BS-1831,21,-0.70711,0.70711,27.4,0.0,0,0,1,39,14,0
BS-1832,8,0.86603,-0.5,18.6,0.0,0,1,10,30,26,1
BS-1833,14,-0.5,-0.86603,27.5,0.0,0,0,5,35,28,1
BS-1834,12,0.0,-1.0,9.1,0.0,0,0,23,17,8,0
BS-1835,18,-1.0,-0.0,8.8,0.0,0,0,17,23,32,0
BS-1836,10,0.5,-0.86603,24.6,0.0,0,0,8,32,26,0
BS-1837,9,0.70711,-0.70711,10.9,0.0,0,0,13,27,20,0
BS-1838,13,-0.25882,-0.96593,12.2,0.0,0,0,6,34,9,1
BS-1839,18,-1.0,-0.0,20.4,0.0,1,0,16,24,17,0
BS-1840,19,-0.96593,0.25882,18.5,0.0,0,0,1,39,22,1
BS-1841,14,-0.5,-0.86603,25.4,0.0,0,0,22,18,24,0
BS-1842,7,0.96593,-0.25882,3.6,3.1,1,0,12,28,11,0
BS-1843,5,0.96593,0.25882,17.2,0.0,0,0,1,39,9,1
BS-1844,21,-0.70711,0.70711,32.3,0.0,0,0,19,21,16,0
BS-1845,9,0.70711,-0.70711,5.6,5.4,0,0,20,20,6,0
BS-1846,8,0.86603,-0.5,23.6,0.0,0,0,27,13,20,0
BS-1847,19,-0.96593,0.25882,26.1,0.0,0,0,2,38,36,1
BS-1848,20,-0.86603,0.5,17.7,0.0,1,0,11,29,11,0
BS-1849,12,0.0,-1.0,36.7,0.0,0,0,6,34,17,0
BS-1850,13,-0.25882,-0.96593,6.0,1.9,0,0,31,9,12,0
BS-1851,16,-0.86603,-0.5,13.0,3.0,0,0,13,27,13,0
BS-1852,0,0.0,1.0,6.4,0.8,0,0,31,9,0,0
BS-1853,4,0.86603,0.5,23.0,0.0,0,0,11,29,6,0
BS-1854,2,0.5,0.86603,8.3,2.7,0,1,14,26,5,0
BS-1855,15,-0.70711,-0.70711,17.2,0.0,0,0,19,21,24,0
BS-1856,19,-0.96593,0.25882,7.1,3.8,0,0,13,27,11,0
BS-1857,14,-0.5,-0.86603,26.7,0.0,0,0,1,39,19,1
BS-1858,18,-1.0,-0.0,1.3,0.0,1,1,22,18,23,0
BS-1859,7,0.96593,-0.25882,2.3,1.4,1,0,30,10,7,0
BS-1860,10,0.5,-0.86603,8.2,0.0,0,0,5,35,12,0
BS-1861,4,0.86603,0.5,12.9,0.0,0,0,28,12,7,0
BS-1862,21,-0.70711,0.70711,22.9,0.0,0,1,14,26,14,0
BS-1863,13,-0.25882,-0.96593,9.3,2.0,0,0,13,27,6,0
BS-1864,13,-0.25882,-0.96593,20.9,1.6,1,0,16,24,19,0
BS-1865,15,-0.70711,-0.70711,0.1,0.0,0,0,14,26,22,0
BS-1866,11,0.25882,-0.96593,29.0,0.0,0,0,7,33,17,1
BS-1867,12,0.0,-1.0,13.7,1.3,0,0,9,31,7,0
BS-1868,13,-0.25882,-0.96593,-4.3,0.0,0,1,27,13,19,0
BS-1869,7,0.96593,-0.25882,6.0,0.0,0,0,16,24,21,0
BS-1870,16,-0.86603,-0.5,9.3,1.5,1,0,1,39,23,1
BS-1871,20,-0.86603,0.5,25.8,1.1,0,0,11,29,17,0
BS-1872,8,0.86603,-0.5,22.6,0.0,1,0,18,22,25,0
BS-1873,1,0.25882,0.96593,-3.2,0.0,1,0,24,16,3,0
BS-1874,14,-0.5,-0.86603,26.2,0.0,0,0,17,23,25,0
BS-1875,12,0.0,-1.0,28.6,0.0,1,0,15,25,20,0
BS-1876,9,0.70711,-0.70711,10.2,0.0,0,0,17,23,22,0
BS-1877,15,-0.70711,-0.70711,9.1,1.0,1,1,17,23,32,1
BS-1878,23,-0.25882,0.96593,19.5,0.0,0,0,19,21,7,0
BS-1879,1,0.25882,0.96593,13.8,4.8,0,1,15,25,0,0
BS-1880,14,-0.5,-0.86603,22.0,0.0,0,0,13,27,21,1
BS-1881,3,0.70711,0.70711,8.9,0.0,0,0,31,9,7,0
BS-1882,11,0.25882,-0.96593,12.7,0.0,0,0,15,25,9,0
BS-1883,4,0.86603,0.5,8.0,0.0,0,0,32,8,2,0
BS-1884,14,-0.5,-0.86603,21.8,0.0,0,0,9,31,29,1
BS-1885,13,-0.25882,-0.96593,27.8,0.0,1,0,22,18,14,0
BS-1886,3,0.70711,0.70711,25.7,0.4,1,0,19,21,13,0
BS-1887,8,0.86603,-0.5,7.6,3.2,0,0,23,17,19,0
BS-1888,23,-0.25882,0.96593,9.9,0.0,0,0,13,27,3,0
BS-1889,0,0.0,1.0,6.5,5.0,0,0,27,13,0,0
BS-1890,4,0.86603,0.5,26.9,0.0,1,0,12,28,11,0
BS-1891,18,-1.0,-0.0,18.8,0.0,0,0,15,25,36,0
BS-1892,10,0.5,-0.86603,13.3,0.0,0,0,10,30,16,0
BS-1893,13,-0.25882,-0.96593,30.2,0.0,1,0,27,13,20,0
BS-1894,11,0.25882,-0.96593,25.3,0.0,1,0,13,27,17,0
BS-1895,8,0.86603,-0.5,17.3,0.0,0,0,14,26,20,0
BS-1896,14,-0.5,-0.86603,10.6,2.6,0,0,17,23,8,0
BS-1897,6,1.0,0.0,1.4,0.0,0,0,20,20,18,0
BS-1898,7,0.96593,-0.25882,13.5,0.8,0,0,11,29,20,0
BS-1899,2,0.5,0.86603,19.6,0.0,0,0,27,13,7,0
BS-1900,6,1.0,0.0,2.1,0.0,1,1,22,18,21,0
BS-1901,18,-1.0,-0.0,26.2,0.0,0,0,14,26,31,0
BS-1902,19,-0.96593,0.25882,24.2,2.6,1,1,11,29,16,0
BS-1903,1,0.25882,0.96593,25.8,0.2,0,0,25,15,7,0
BS-1904,2,0.5,0.86603,24.2,0.0,0,1,10,30,18,0
BS-1905,17,-0.96593,-0.25882,11.6,1.1,0,0,17,23,32,0
BS-1906,18,-1.0,-0.0,10.1,0.0,1,0,14,26,24,0
BS-1907,16,-0.86603,-0.5,12.6,0.0,1,0,15,25,26,0
BS-1908,0,0.0,1.0,18.6,0.0,0,0,28,12,5,0
BS-1909,4,0.86603,0.5,23.0,0.0,0,0,14,26,14,0
BS-1910,13,-0.25882,-0.96593,12.2,0.0,0,0,12,28,13,0
BS-1911,6,1.0,0.0,11.7,0.0,1,0,31,9,9,0
BS-1912,10,0.5,-0.86603,4.6,0.0,1,1,13,27,23,0
BS-1913,17,-0.96593,-0.25882,17.9,0.0,0,0,27,13,34,0
BS-1914,19,-0.96593,0.25882,32.1,0.0,1,0,28,12,16,0
BS-1915,22,-0.5,0.86603,12.5,0.0,0,0,16,24,8,0
BS-1916,7,0.96593,-0.25882,26.4,0.0,0,0,15,25,22,0
BS-1917,20,-0.86603,0.5,4.0,1.4,0,0,16,24,9,0
BS-1918,15,-0.70711,-0.70711,21.5,0.0,0,0,22,18,28,0
BS-1919,0,0.0,1.0,16.9,0.0,1,0,23,17,7,0
BS-1920,8,0.86603,-0.5,22.8,0.0,0,1,1,39,39,1
BS-1921,10,0.5,-0.86603,5.0,0.0,0,0,19,21,26,0
BS-1922,6,1.0,0.0,20.6,0.0,0,0,3,37,18,1
BS-1923,16,-0.86603,-0.5,11.9,0.0,1,0,6,34,20,0
BS-1924,4,0.86603,0.5,10.0,0.0,0,0,27,13,5,0
BS-1925,10,0.5,-0.86603,26.5,0.0,0,0,1,39,26,1
BS-1926,14,-0.5,-0.86603,23.1,0.0,1,0,1,39,20,1
BS-1927,3,0.70711,0.70711,8.5,4.0,0,0,14,26,1,0
BS-1928,14,-0.5,-0.86603,17.4,0.0,1,1,9,31,32,1
BS-1929,4,0.86603,0.5,7.3,0.0,1,0,28,12,6,0
BS-1930,5,0.96593,0.25882,2.6,1.6,0,0,17,23,6,0
BS-1931,15,-0.70711,-0.70711,28.6,2.8,1,0,3,37,30,1
BS-1932,20,-0.86603,0.5,15.4,0.2,0,0,15,25,11,0
BS-1933,3,0.70711,0.70711,1.8,0.0,0,0,20,20,3,0
BS-1934,12,0.0,-1.0,25.3,0.0,0,0,3,37,18,1
BS-1935,4,0.86603,0.5,8.6,0.0,0,0,15,25,1,0
BS-1936,19,-0.96593,0.25882,12.8,8.4,0,0,29,11,1,0
BS-1937,2,0.5,0.86603,23.7,0.0,0,0,23,17,5,0
BS-1938,14,-0.5,-0.86603,8.1,1.1,0,0,17,23,9,0
BS-1939,21,-0.70711,0.70711,10.6,0.0,0,0,23,17,11,0
BS-1940,5,0.96593,0.25882,13.4,0.0,1,0,22,18,8,0
BS-1941,8,0.86603,-0.5,7.4,6.5,1,0,34,6,1,0
BS-1942,13,-0.25882,-0.96593,24.4,0.0,0,0,10,30,27,1
BS-1943,8,0.86603,-0.5,26.7,0.0,0,0,1,39,26,1
BS-1944,18,-1.0,-0.0,12.1,0.0,0,0,7,33,34,1
BS-1945,13,-0.25882,-0.96593,13.6,0.0,0,0,2,38,12,1
BS-1946,20,-0.86603,0.5,30.7,0.0,1,0,22,18,26,0
BS-1947,16,-0.86603,-0.5,5.5,0.0,1,0,25,15,27,0
BS-1948,2,0.5,0.86603,9.2,0.0,0,0,12,28,5,0
BS-1949,23,-0.25882,0.96593,17.0,0.0,1,0,17,23,6,0
BS-1950,8,0.86603,-0.5,22.9,0.0,1,0,16,24,18,0
BS-1951,8,0.86603,-0.5,1.1,0.0,0,0,18,22,24,0
BS-1952,8,0.86603,-0.5,24.3,0.0,0,0,21,19,28,0
BS-1953,15,-0.70711,-0.70711,16.9,1.1,0,0,10,30,20,0
BS-1954,23,-0.25882,0.96593,20.3,0.0,1,1,15,25,13,0
BS-1955,11,0.25882,-0.96593,8.0,0.0,1,0,22,18,15,0
BS-1956,1,0.25882,0.96593,17.3,0.0,0,0,26,14,10,0
BS-1957,17,-0.96593,-0.25882,28.1,0.0,0,0,8,32,38,1
BS-1958,3,0.70711,0.70711,16.5,0.0,0,0,16,24,7,0
BS-1959,17,-0.96593,-0.25882,28.8,1.5,1,0,13,27,21,0
BS-1960,18,-1.0,-0.0,20.8,3.3,0,0,15,25,19,0
BS-1961,5,0.96593,0.25882,1.7,1.5,1,0,29,11,4,0
BS-1962,14,-0.5,-0.86603,25.8,0.0,0,1,15,25,26,1
BS-1963,6,1.0,0.0,13.8,0.0,0,0,14,26,30,1
BS-1964,5,0.96593,0.25882,13.3,0.0,0,0,16,24,15,0
BS-1965,9,0.70711,-0.70711,12.7,0.4,0,0,9,31,29,1
BS-1966,16,-0.86603,-0.5,12.2,0.0,0,1,7,33,36,1
BS-1967,21,-0.70711,0.70711,3.5,1.2,0,0,1,39,7,0
BS-1968,16,-0.86603,-0.5,24.7,0.0,1,0,1,39,23,1
BS-1969,6,1.0,0.0,19.4,0.0,1,0,7,33,14,0
BS-1970,13,-0.25882,-0.96593,24.1,3.6,1,0,25,15,16,0
BS-1971,9,0.70711,-0.70711,20.7,0.0,0,0,12,28,25,0
BS-1972,12,0.0,-1.0,17.1,1.5,1,0,13,27,12,0
BS-1973,8,0.86603,-0.5,7.7,0.0,0,0,4,36,27,1
BS-1974,0,0.0,1.0,15.5,0.0,1,0,18,22,6,0
BS-1975,18,-1.0,-0.0,18.0,0.0,1,0,24,16,36,1
BS-1976,8,0.86603,-0.5,19.7,4.7,0,0,15,25,11,0
BS-1977,5,0.96593,0.25882,25.0,0.0,0,0,10,30,18,0
BS-1978,16,-0.86603,-0.5,18.9,1.9,0,0,12,28,25,1
BS-1979,14,-0.5,-0.86603,7.9,3.6,0,1,15,25,9,0
BS-1980,8,0.86603,-0.5,9.5,1.1,0,1,6,34,33,1
BS-1981,19,-0.96593,0.25882,9.6,0.0,0,0,15,25,20,0
BS-1982,5,0.96593,0.25882,18.9,0.0,0,1,13,27,19,1
BS-1983,8,0.86603,-0.5,7.6,0.0,1,0,30,10,12,0
BS-1984,14,-0.5,-0.86603,21.5,0.7,0,0,9,31,21,1
BS-1985,9,0.70711,-0.70711,13.2,0.0,0,0,21,19,24,0
BS-1986,18,-1.0,-0.0,26.4,1.1,0,1,4,36,43,1
BS-1987,1,0.25882,0.96593,15.5,4.7,1,0,24,16,2,0
BS-1988,6,1.0,0.0,9.6,0.0,1,1,17,23,25,1
BS-1989,23,-0.25882,0.96593,30.7,0.0,0,0,24,16,6,0
BS-1990,2,0.5,0.86603,7.3,1.7,0,0,22,18,1,0
BS-1991,23,-0.25882,0.96593,26.8,0.0,0,1,3,37,15,0
BS-1992,14,-0.5,-0.86603,7.3,0.0,0,0,8,32,16,1
BS-1993,18,-1.0,-0.0,19.0,0.0,0,0,19,21,34,0
BS-1994,18,-1.0,-0.0,19.2,2.3,0,0,12,28,30,1
BS-1995,11,0.25882,-0.96593,21.3,0.0,0,0,22,18,22,0
BS-1996,13,-0.25882,-0.96593,7.3,0.0,1,0,15,25,15,0
BS-1997,8,0.86603,-0.5,17.1,0.4,0,1,1,39,35,1
BS-1998,20,-0.86603,0.5,16.5,0.0,1,0,15,25,10,0
BS-1999,17,-0.96593,-0.25882,-0.9,0.0,0,0,21,19,30,0
BS-2000,13,-0.25882,-0.96593,25.7,0.0,0,0,18,22,17,0
BS-2001,8,0.86603,-0.5,1.3,0.0,0,0,11,29,22,0
BS-2002,12,0.0,-1.0,10.5,0.0,0,0,18,22,15,0
BS-2003,20,-0.86603,0.5,10.3,0.0,0,0,12,28,9,0
BS-2004,22,-0.5,0.86603,8.5,0.0,0,0,33,7,5,0
BS-2005,2,0.5,0.86603,26.7,0.0,0,0,25,15,13,0
BS-2006,11,0.25882,-0.96593,8.7,0.0,0,0,12,28,11,0
BS-2007,7,0.96593,-0.25882,18.0,0.0,0,0,10,30,27,1
BS-2008,18,-1.0,-0.0,12.8,0.0,0,0,6,34,32,1
BS-2009,21,-0.70711,0.70711,-5.5,0.0,0,0,15,25,4,0
BS-2010,10,0.5,-0.86603,0.7,3.2,1,0,20,20,10,0
BS-2011,15,-0.70711,-0.70711,21.0,0.0,0,0,1,39,31,1
BS-2012,1,0.25882,0.96593,19.1,0.0,0,0,31,9,9,0
BS-2013,23,-0.25882,0.96593,4.7,0.0,0,0,33,7,6,0
BS-2014,4,0.86603,0.5,25.4,0.0,1,0,14,26,8,0
BS-2015,16,-0.86603,-0.5,7.0,0.0,0,0,4,36,33,1
BS-2016,5,0.96593,0.25882,24.9,0.9,0,0,9,31,10,0
BS-2017,4,0.86603,0.5,1.1,0.0,0,1,11,29,14,0
BS-2018,16,-0.86603,-0.5,24.5,0.0,0,0,20,20,31,0
BS-2019,9,0.70711,-0.70711,25.0,1.7,0,0,15,25,24,0
BS-2020,14,-0.5,-0.86603,6.4,0.0,0,0,25,15,23,0
BS-2021,23,-0.25882,0.96593,16.4,0.0,0,0,18,22,8,0
BS-2022,0,0.0,1.0,14.7,0.0,1,1,20,20,12,0
BS-2023,18,-1.0,-0.0,25.1,0.0,1,0,17,23,19,0
BS-2024,1,0.25882,0.96593,10.9,0.0,0,0,12,28,2,0
BS-2025,11,0.25882,-0.96593,14.7,2.1,1,1,12,28,20,0
BS-2026,23,-0.25882,0.96593,15.0,0.0,0,0,13,27,9,0
BS-2027,5,0.96593,0.25882,17.7,0.0,0,0,18,22,10,0
BS-2028,19,-0.96593,0.25882,26.1,1.0,0,0,4,36,31,1
BS-2029,21,-0.70711,0.70711,14.2,0.0,1,0,23,17,8,0
BS-2030,5,0.96593,0.25882,-0.4,0.0,0,0,23,17,8,0
BS-2031,8,0.86603,-0.5,22.0,0.0,0,0,23,17,27,0
BS-2032,16,-0.86603,-0.5,27.9,0.0,0,0,13,27,28,0
BS-2033,0,0.0,1.0,23.3,0.0,0,0,8,32,9,0
BS-2034,22,-0.5,0.86603,22.6,0.0,1,0,17,23,8,0
BS-2035,17,-0.96593,-0.25882,8.0,0.0,1,0,11,29,28,1
BS-2036,18,-1.0,-0.0,10.0,0.0,0,0,8,32,25,0
BS-2037,6,1.0,0.0,3.9,0.0,0,0,7,33,12,0
BS-2038,15,-0.70711,-0.70711,23.8,0.0,0,1,1,39,33,1
BS-2039,11,0.25882,-0.96593,29.5,0.0,0,1,18,22,23,0
BS-2040,5,0.96593,0.25882,7.0,12.9,0,0,21,19,2,0
BS-2041,4,0.86603,0.5,25.3,0.0,0,0,6,34,13,1
BS-2042,4,0.86603,0.5,19.1,0.0,0,0,34,6,11,0
BS-2043,5,0.96593,0.25882,15.7,2.8,1,0,10,30,4,0
BS-2044,20,-0.86603,0.5,27.6,0.0,0,0,23,17,13,0
BS-2045,11,0.25882,-0.96593,3.0,0.5,0,0,16,24,3,0
BS-2046,16,-0.86603,-0.5,9.4,0.0,1,0,17,23,21,0
BS-2047,5,0.96593,0.25882,18.3,0.0,1,0,22,18,11,0
BS-2048,19,-0.96593,0.25882,25.8,0.0,0,0,11,29,27,1
BS-2049,0,0.0,1.0,20.6,0.5,0,1,30,10,20,0
BS-2050,23,-0.25882,0.96593,12.7,0.0,0,0,16,24,4,0
BS-2051,16,-0.86603,-0.5,21.2,0.0,1,0,9,31,24,0
BS-2052,5,0.96593,0.25882,11.3,0.0,1,0,12,28,14,0
BS-2053,11,0.25882,-0.96593,14.8,0.0,0,0,32,8,18,0
BS-2054,7,0.96593,-0.25882,-1.9,2.5,0,0,19,21,18,0
BS-2055,14,-0.5,-0.86603,7.0,2.1,0,0,8,32,10,0
BS-2056,17,-0.96593,-0.25882,15.4,7.1,0,0,1,39,10,1
BS-2057,16,-0.86603,-0.5,13.6,0.0,0,1,11,29,30,1
BS-2058,7,0.96593,-0.25882,26.2,0.0,1,0,22,18,14,0
BS-2059,6,1.0,0.0,27.9,0.3,0,0,21,19,22,0
BS-2060,4,0.86603,0.5,1.2,5.0,0,0,15,25,0,0
BS-2061,8,0.86603,-0.5,28.6,0.0,0,0,6,34,25,1
BS-2062,3,0.70711,0.70711,7.2,0.0,0,0,25,15,6,0
BS-2063,11,0.25882,-0.96593,10.2,0.0,0,0,1,39,10,0
BS-2064,8,0.86603,-0.5,11.0,0.0,0,0,17,23,25,0
BS-2065,11,0.25882,-0.96593,14.9,1.6,0,0,18,22,4,0
BS-2066,0,0.0,1.0,12.7,0.0,1,0,30,10,7,0
BS-2067,12,0.0,-1.0,5.9,0.0,0,0,16,24,10,0
BS-2068,5,0.96593,0.25882,12.9,1.6,1,0,7,33,3,0
BS-2069,22,-0.5,0.86603,22.3,0.0,0,0,6,34,13,0
BS-2070,19,-0.96593,0.25882,20.6,0.0,0,0,2,38,21,0
BS-2071,21,-0.70711,0.70711,15.4,0.0,0,0,7,33,14,0
BS-2072,17,-0.96593,-0.25882,2.9,1.5,0,1,16,24,29,0
BS-2073,14,-0.5,-0.86603,28.6,0.0,0,0,7,33,18,1
BS-2074,0,0.0,1.0,14.6,3.3,0,0,24,16,0,0
BS-2075,16,-0.86603,-0.5,15.5,0.0,0,0,10,30,25,1
BS-2076,3,0.70711,0.70711,25.6,0.0,0,0,29,11,7,0
BS-2077,8,0.86603,-0.5,22.9,1.6,0,0,14,26,26,0
BS-2078,2,0.5,0.86603,16.2,0.0,0,0,10,30,8,0
BS-2079,17,-0.96593,-0.25882,5.2,0.0,0,0,15,25,36,0
BS-2080,19,-0.96593,0.25882,16.8,0.0,0,0,13,27,23,0
BS-2081,6,1.0,0.0,26.8,1.3,0,0,1,39,11,1
BS-2082,18,-1.0,-0.0,25.0,0.0,0,0,20,20,27,0
BS-2083,0,0.0,1.0,10.4,0.0,0,0,23,17,4,0
BS-2084,22,-0.5,0.86603,4.4,1.6,0,0,15,25,1,0
BS-2085,15,-0.70711,-0.70711,7.3,0.0,1,0,5,35,17,1
BS-2086,20,-0.86603,0.5,26.2,0.0,1,0,13,27,22,0
BS-2087,7,0.96593,-0.25882,15.5,0.0,1,0,18,22,11,0
BS-2088,9,0.70711,-0.70711,24.1,0.0,0,1,20,20,37,0
BS-2089,8,0.86603,-0.5,18.2,0.0,0,1,9,31,35,1
BS-2090,7,0.96593,-0.25882,20.8,0.0,0,0,19,21,27,0
BS-2091,8,0.86603,-0.5,12.7,0.0,0,0,28,12,24,0
BS-2092,17,-0.96593,-0.25882,20.2,0.0,0,0,14,26,32,1
BS-2093,6,1.0,0.0,13.0,0.0,0,0,11,29,16,0
BS-2094,0,0.0,1.0,15.3,1.5,0,1,15,25,7,0
BS-2095,5,0.96593,0.25882,24.6,2.5,1,1,6,34,11,0
BS-2096,13,-0.25882,-0.96593,5.4,0.0,0,0,10,30,16,0
BS-2097,10,0.5,-0.86603,11.0,0.0,0,1,9,31,29,1
BS-2098,1,0.25882,0.96593,6.8,0.0,0,0,13,27,6,0
BS-2099,22,-0.5,0.86603,13.6,0.0,0,0,9,31,14,0
BS-2100,23,-0.25882,0.96593,1.6,3.5,1,0,14,26,0,0
BS-2101,17,-0.96593,-0.25882,9.7,0.0,0,0,22,18,21,0
BS-2102,12,0.0,-1.0,13.9,0.0,0,0,18,22,9,0
BS-2103,2,0.5,0.86603,14.6,0.0,1,0,11,29,4,0
BS-2104,21,-0.70711,0.70711,28.2,0.0,0,0,12,28,16,1
BS-2105,14,-0.5,-0.86603,22.0,0.0,0,0,15,25,26,1
BS-2106,6,1.0,0.0,20.5,0.0,1,0,14,26,13,0
BS-2107,11,0.25882,-0.96593,21.5,0.0,0,0,21,19,22,0
BS-2108,2,0.5,0.86603,23.1,0.0,1,0,16,24,11,0
BS-2109,10,0.5,-0.86603,3.0,0.8,1,0,12,28,16,0
BS-2110,10,0.5,-0.86603,22.0,0.0,0,0,4,36,22,1
BS-2111,18,-1.0,-0.0,8.4,1.0,0,0,20,20,20,0
BS-2112,12,0.0,-1.0,27.0,0.0,1,0,26,14,19,0
BS-2113,6,1.0,0.0,25.8,2.2,0,0,25,15,12,0
BS-2114,14,-0.5,-0.86603,21.5,0.0,0,0,7,33,20,0
BS-2115,4,0.86603,0.5,3.0,0.0,0,0,19,21,4,0
BS-2116,22,-0.5,0.86603,14.1,1.5,1,0,17,23,3,0
BS-2117,14,-0.5,-0.86603,21.3,0.0,0,0,1,39,20,1
BS-2118,3,0.70711,0.70711,16.7,0.0,1,0,10,30,5,0
BS-2119,15,-0.70711,-0.70711,6.3,0.3,1,1,12,28,20,1
BS-2120,14,-0.5,-0.86603,9.8,0.0,0,0,9,31,13,0
BS-2121,20,-0.86603,0.5,14.2,0.0,0,1,7,33,21,0
BS-2122,20,-0.86603,0.5,23.7,2.6,0,0,8,32,13,0
BS-2123,19,-0.96593,0.25882,33.3,0.0,0,0,13,27,23,0
BS-2124,23,-0.25882,0.96593,9.8,0.0,0,0,16,24,7,0
BS-2125,8,0.86603,-0.5,11.9,0.0,0,1,23,17,40,1
BS-2126,5,0.96593,0.25882,7.7,3.6,0,1,23,17,7,0
BS-2127,1,0.25882,0.96593,20.8,0.0,1,0,16,24,6,0
BS-2128,22,-0.5,0.86603,25.9,0.0,0,0,16,24,13,0
BS-2129,1,0.25882,0.96593,25.5,0.0,0,0,25,15,17,0
BS-2130,10,0.5,-0.86603,9.7,0.0,1,0,7,33,13,0
BS-2131,6,1.0,0.0,16.9,0.0,0,0,8,32,22,0
BS-2132,2,0.5,0.86603,19.0,0.0,0,0,25,15,6,0
BS-2133,4,0.86603,0.5,1.1,0.0,0,0,32,8,9,0
BS-2134,2,0.5,0.86603,17.3,0.0,1,0,32,8,6,0
BS-2135,7,0.96593,-0.25882,5.3,2.2,0,0,15,25,12,0
BS-2136,6,1.0,0.0,11.0,0.0,0,0,11,29,12,0
BS-2137,5,0.96593,0.25882,8.9,0.0,0,0,16,24,7,0
BS-2138,5,0.96593,0.25882,1.9,0.0,0,0,24,16,4,0
BS-2139,15,-0.70711,-0.70711,5.4,0.0,0,0,10,30,25,1
BS-2140,19,-0.96593,0.25882,8.5,0.0,0,0,24,16,14,0
BS-2141,23,-0.25882,0.96593,24.2,1.2,0,0,17,23,4,0
BS-2142,11,0.25882,-0.96593,23.1,0.0,0,0,24,16,19,0
BS-2143,6,1.0,0.0,3.3,3.6,0,0,7,33,1,0
BS-2144,4,0.86603,0.5,12.8,0.0,1,0,16,24,7,0
BS-2145,2,0.5,0.86603,18.7,0.0,0,0,7,33,9,0
BS-2146,12,0.0,-1.0,8.1,0.0,0,0,16,24,14,0
BS-2147,0,0.0,1.0,6.5,0.0,1,0,34,6,5,0
BS-2148,13,-0.25882,-0.96593,10.9,0.0,1,0,11,29,20,1
BS-2149,22,-0.5,0.86603,26.0,0.0,0,0,16,24,12,0
BS-2150,18,-1.0,-0.0,7.6,5.0,0,1,10,30,14,0
BS-2151,10,0.5,-0.86603,12.9,0.0,1,1,19,21,22,0
BS-2152,15,-0.70711,-0.70711,17.7,0.0,0,0,20,20,18,0
BS-2153,11,0.25882,-0.96593,10.2,0.0,0,0,14,26,14,0
BS-2154,10,0.5,-0.86603,23.6,5.3,0,0,13,27,8,0
BS-2155,15,-0.70711,-0.70711,16.8,0.0,0,0,10,30,14,0
BS-2156,18,-1.0,-0.0,15.6,0.0,1,0,21,19,19,0
BS-2157,12,0.0,-1.0,22.2,0.0,0,0,16,24,9,0
BS-2158,0,0.0,1.0,12.6,2.2,0,0,24,16,1,0
BS-2159,12,0.0,-1.0,6.7,0.0,0,0,5,35,15,1
BS-2160,19,-0.96593,0.25882,26.3,0.0,1,0,22,18,14,0
BS-2161,7,0.96593,-0.25882,15.5,0.0,1,0,1,39,18,1
BS-2162,20,-0.86603,0.5,17.8,0.0,1,0,9,31,8,0
BS-2163,16,-0.86603,-0.5,-0.3,0.0,0,0,22,18,29,0
BS-2164,1,0.25882,0.96593,11.9,0.2,1,0,27,13,7,0
BS-2165,9,0.70711,-0.70711,12.2,0.0,0,0,12,28,24,0
BS-2166,2,0.5,0.86603,25.0,0.0,1,1,21,19,16,0
BS-2167,10,0.5,-0.86603,2.2,0.0,1,0,2,38,16,0
BS-2168,17,-0.96593,-0.25882,26.6,0.0,0,0,13,27,33,1
BS-2169,5,0.96593,0.25882,16.0,3.4,0,1,19,21,8,0
BS-2170,3,0.70711,0.70711,13.1,0.0,0,0,20,20,4,0
BS-2171,13,-0.25882,-0.96593,6.9,0.0,1,0,13,27,20,1
BS-2172,18,-1.0,-0.0,17.9,0.0,0,0,4,36,32,1
BS-2173,14,-0.5,-0.86603,32.8,0.0,1,0,10,30,26,1
BS-2174,18,-1.0,-0.0,13.3,5.0,0,0,14,26,10,0
BS-2175,2,0.5,0.86603,13.8,0.0,0,0,34,6,10,0
BS-2176,22,-0.5,0.86603,5.8,0.0,1,0,17,23,7,0
BS-2177,5,0.96593,0.25882,24.7,0.0,1,0,10,30,11,0
BS-2178,22,-0.5,0.86603,27.8,0.0,0,0,5,35,5,0
BS-2179,14,-0.5,-0.86603,16.8,0.0,1,0,9,31,17,0
BS-2180,6,1.0,0.0,22.2,0.0,1,0,9,31,21,1
BS-2181,5,0.96593,0.25882,14.5,0.8,0,0,4,36,8,0
BS-2182,2,0.5,0.86603,16.9,6.8,0,0,28,12,3,0
BS-2183,18,-1.0,-0.0,2.2,0.0,0,0,13,27,22,0
BS-2184,21,-0.70711,0.70711,27.7,0.0,0,0,14,26,15,0
BS-2185,10,0.5,-0.86603,10.6,0.0,0,0,11,29,17,1
BS-2186,0,0.0,1.0,19.1,2.2,0,1,18,22,9,0
BS-2187,9,0.70711,-0.70711,21.7,0.0,1,0,21,19,24,0
BS-2188,19,-0.96593,0.25882,23.6,0.0,0,0,13,27,16,0
BS-2189,14,-0.5,-0.86603,10.3,0.0,0,0,7,33,14,1
BS-2190,13,-0.25882,-0.96593,9.1,0.0,0,0,11,29,10,0
BS-2191,13,-0.25882,-0.96593,19.4,0.0,1,0,20,20,18,0
BS-2192,0,0.0,1.0,6.0,0.0,0,0,20,20,1,0
BS-2193,18,-1.0,-0.0,15.9,0.0,0,0,16,24,39,1
BS-2194,1,0.25882,0.96593,0.8,0.0,0,0,15,25,6,0
BS-2195,23,-0.25882,0.96593,11.4,0.0,0,0,19,21,7,0
BS-2196,4,0.86603,0.5,29.5,0.0,0,1,16,24,20,1
BS-2197,2,0.5,0.86603,25.5,0.0,0,1,23,17,11,0
BS-2198,19,-0.96593,0.25882,13.2,0.0,1,1,11,29,33,0
BS-2199,19,-0.96593,0.25882,16.2,5.8,0,0,21,19,6,0
BS-2200,3,0.70711,0.70711,24.2,0.0,0,0,17,23,6,0
BS-2201,18,-1.0,-0.0,23.3,0.0,0,0,22,18,33,0
BS-2202,19,-0.96593,0.25882,11.9,0.0,1,0,14,26,15,0
BS-2203,9,0.70711,-0.70711,7.4,0.0,0,0,4,36,20,1
BS-2204,0,0.0,1.0,15.5,0.7,1,0,22,18,7,0
BS-2205,7,0.96593,-0.25882,19.6,0.0,1,0,15,25,19,0
BS-2206,3,0.70711,0.70711,12.5,0.0,1,0,22,18,5,0
BS-2207,22,-0.5,0.86603,16.0,0.0,1,0,21,19,8,0
BS-2208,5,0.96593,0.25882,2.6,1.7,1,0,20,20,3,0
BS-2209,14,-0.5,-0.86603,5.6,0.0,0,0,12,28,15,0
BS-2210,8,0.86603,-0.5,10.6,0.0,0,0,24,16,22,0
BS-2211,14,-0.5,-0.86603,30.2,0.0,1,0,15,25,31,0
BS-2212,12,0.0,-1.0,12.9,0.0,0,0,21,19,20,0
BS-2213,19,-0.96593,0.25882,-0.3,3.6,0,0,17,23,16,0
BS-2214,20,-0.86603,0.5,7.3,0.0,0,0,18,22,17,0
BS-2215,13,-0.25882,-0.96593,18.5,0.0,1,0,19,21,20,0
BS-2216,7,0.96593,-0.25882,5.0,3.5,0,0,26,14,8,0
BS-2217,21,-0.70711,0.70711,14.8,0.0,0,0,9,31,16,0
BS-2218,14,-0.5,-0.86603,23.2,0.0,1,0,19,21,27,0
BS-2219,8,0.86603,-0.5,-0.1,2.7,0,0,17,23,16,0
BS-2220,13,-0.25882,-0.96593,23.7,0.0,1,0,25,15,19,0
BS-2221,22,-0.5,0.86603,5.6,0.0,1,0,15,25,4,0
BS-2222,19,-0.96593,0.25882,14.6,2.8,0,0,17,23,14,0
BS-2223,16,-0.86603,-0.5,6.2,0.0,0,0,17,23,31,0
BS-2224,19,-0.96593,0.25882,7.9,0.0,0,0,16,24,14,0
BS-2225,19,-0.96593,0.25882,4.1,0.0,0,0,7,33,25,1
BS-2226,10,0.5,-0.86603,14.2,0.0,1,0,23,17,23,0
BS-2227,15,-0.70711,-0.70711,21.1,0.0,0,0,22,18,26,0
BS-2228,2,0.5,0.86603,9.4,0.0,0,0,10,30,3,0
BS-2229,12,0.0,-1.0,23.3,0.0,0,0,22,18,21,0
BS-2230,19,-0.96593,0.25882,23.8,1.3,1,0,11,29,10,0
BS-2231,21,-0.70711,0.70711,8.9,1.4,1,1,15,25,10,0
BS-2232,15,-0.70711,-0.70711,13.7,0.0,1,0,5,35,23,1
BS-2233,17,-0.96593,-0.25882,7.5,0.0,1,0,9,31,16,0
BS-2234,9,0.70711,-0.70711,9.5,0.0,0,0,22,18,13,0
BS-2235,11,0.25882,-0.96593,13.5,0.0,1,1,8,32,22,0
BS-2236,2,0.5,0.86603,24.9,0.0,0,0,14,26,13,0
BS-2237,3,0.70711,0.70711,14.7,0.0,1,0,15,25,6,0
BS-2238,12,0.0,-1.0,6.0,0.1,0,0,20,20,6,0
BS-2239,19,-0.96593,0.25882,5.7,0.0,0,1,22,18,24,0
BS-2240,15,-0.70711,-0.70711,21.4,0.0,1,0,1,39,31,1
BS-2241,12,0.0,-1.0,9.2,0.0,1,0,25,15,13,0
BS-2242,17,-0.96593,-0.25882,11.6,0.0,1,0,11,29,20,0
BS-2243,16,-0.86603,-0.5,20.7,0.0,1,0,16,24,34,0
BS-2244,16,-0.86603,-0.5,30.9,3.1,1,0,1,39,16,0
BS-2245,2,0.5,0.86603,3.8,1.4,0,0,10,30,0,0
BS-2246,3,0.70711,0.70711,26.3,0.0,0,0,29,11,12,0
BS-2247,18,-1.0,-0.0,-4.3,0.0,0,0,12,28,25,0
BS-2248,8,0.86603,-0.5,17.1,0.0,0,0,18,22,26,0
BS-2249,12,0.0,-1.0,12.9,0.0,0,0,13,27,17,0
BS-2250,4,0.86603,0.5,1.9,0.0,0,0,26,14,1,0
BS-2251,6,1.0,0.0,15.0,3.0,0,0,23,17,5,0
BS-2252,10,0.5,-0.86603,1.2,1.5,0,0,11,29,16,0
BS-2253,8,0.86603,-0.5,4.3,0.0,0,0,13,27,24,0
BS-2254,15,-0.70711,-0.70711,7.3,1.7,1,0,34,6,15,0
BS-2255,3,0.70711,0.70711,21.6,0.0,0,1,23,17,17,0
BS-2256,0,0.0,1.0,4.7,5.5,0,0,33,7,0,0
BS-2257,22,-0.5,0.86603,8.3,0.0,1,0,17,23,7,0
BS-2258,10,0.5,-0.86603,25.7,0.0,1,0,20,20,19,0
BS-2259,16,-0.86603,-0.5,24.8,0.0,1,0,10,30,34,1
BS-2260,0,0.0,1.0,22.7,0.0,0,0,26,14,10,0
BS-2261,3,0.70711,0.70711,15.0,0.0,0,0,21,19,4,0
BS-2262,10,0.5,-0.86603,14.3,0.0,0,0,20,20,19,0
BS-2263,2,0.5,0.86603,25.8,0.0,0,0,17,23,15,0
BS-2264,8,0.86603,-0.5,22.0,0.0,0,0,28,12,40,1
BS-2265,17,-0.96593,-0.25882,6.2,0.0,0,0,28,12,24,0
BS-2266,9,0.70711,-0.70711,9.7,0.0,0,0,24,16,15,0
BS-2267,9,0.70711,-0.70711,12.3,1.4,0,0,19,21,13,0
BS-2268,7,0.96593,-0.25882,2.4,0.0,1,0,23,17,17,0
BS-2269,7,0.96593,-0.25882,8.9,0.0,1,0,17,23,15,0
BS-2270,0,0.0,1.0,12.7,3.3,0,1,25,15,6,0
BS-2271,6,1.0,0.0,2.3,0.0,0,0,17,23,17,0
BS-2272,17,-0.96593,-0.25882,7.2,0.0,0,0,5,35,24,0
BS-2273,8,0.86603,-0.5,17.0,0.0,1,0,15,25,19,0
BS-2274,7,0.96593,-0.25882,11.8,0.0,0,0,8,32,24,1
BS-2275,22,-0.5,0.86603,13.9,0.0,0,0,26,14,4,0
BS-2276,7,0.96593,-0.25882,18.1,0.0,1,0,16,24,14,0
BS-2277,12,0.0,-1.0,7.4,0.0,1,0,12,28,17,0
BS-2278,2,0.5,0.86603,10.7,0.0,1,0,11,29,7,0
BS-2279,13,-0.25882,-0.96593,19.7,0.0,1,0,20,20,20,0
BS-2280,18,-1.0,-0.0,19.5,0.0,1,0,13,27,23,0
BS-2281,11,0.25882,-0.96593,17.2,0.0,1,0,20,20,17,0
BS-2282,4,0.86603,0.5,5.9,0.0,1,0,14,26,5,0
BS-2283,12,0.0,-1.0,21.8,0.0,1,0,20,20,29,1
BS-2284,11,0.25882,-0.96593,11.2,0.0,0,0,6,34,11,0
BS-2285,22,-0.5,0.86603,7.8,0.0,0,0,33,7,7,0
BS-2286,14,-0.5,-0.86603,-5.1,0.0,1,0,14,26,23,0
BS-2287,8,0.86603,-0.5,24.6,0.0,0,0,13,27,35,1
BS-2288,17,-0.96593,-0.25882,3.2,0.0,1,1,16,24,25,0
BS-2289,0,0.0,1.0,6.5,2.1,0,0,18,22,0,0
BS-2290,17,-0.96593,-0.25882,6.9,0.0,0,0,18,22,39,0
BS-2291,1,0.25882,0.96593,13.8,0.0,0,0,14,26,3,0
BS-2292,1,0.25882,0.96593,33.6,0.0,0,0,23,17,6,0
BS-2293,7,0.96593,-0.25882,6.5,0.0,0,0,17,23,18,0
BS-2294,19,-0.96593,0.25882,14.4,0.0,0,0,11,29,21,1
BS-2295,22,-0.5,0.86603,14.6,0.0,0,0,12,28,14,0
BS-2296,7,0.96593,-0.25882,27.7,0.0,1,0,5,35,17,0
BS-2297,21,-0.70711,0.70711,15.6,0.0,1,0,12,28,11,0
BS-2298,21,-0.70711,0.70711,30.4,0.0,0,0,8,32,9,0
BS-2299,6,1.0,0.0,10.1,0.0,0,0,20,20,20,0
BS-2300,4,0.86603,0.5,10.8,0.0,0,0,14,26,8,0
BS-2301,9,0.70711,-0.70711,7.5,0.0,0,0,18,22,14,0
BS-2302,8,0.86603,-0.5,9.2,0.0,0,0,1,39,26,1
BS-2303,22,-0.5,0.86603,4.6,0.0,0,0,18,22,5,0
BS-2304,20,-0.86603,0.5,3.2,0.0,0,0,28,12,21,0
BS-2305,6,1.0,0.0,4.4,0.0,0,1,3,37,28,1
BS-2306,4,0.86603,0.5,26.2,4.0,0,0,15,25,1,0
BS-2307,17,-0.96593,-0.25882,8.3,0.0,0,1,5,35,30,0
BS-2308,21,-0.70711,0.70711,1.7,2.0,0,0,12,28,0,0
BS-2309,17,-0.96593,-0.25882,22.9,0.0,1,0,13,27,24,0
BS-2310,4,0.86603,0.5,6.5,0.6,0,0,16,24,6,0
BS-2311,21,-0.70711,0.70711,19.6,1.3,0,1,25,15,8,0
BS-2312,15,-0.70711,-0.70711,12.1,3.0,0,1,15,25,29,1
BS-2313,20,-0.86603,0.5,0.5,0.0,1,0,19,21,16,0
BS-2314,18,-1.0,-0.0,19.7,2.7,1,0,1,39,15,0
BS-2315,22,-0.5,0.86603,4.7,1.7,0,0,10,30,1,0
BS-2316,11,0.25882,-0.96593,16.0,0.0,1,1,5,35,31,1
BS-2317,15,-0.70711,-0.70711,20.7,0.7,0,0,18,22,22,0
BS-2318,23,-0.25882,0.96593,4.4,0.0,0,0,29,11,6,0
BS-2319,7,0.96593,-0.25882,25.9,0.0,0,0,8,32,23,0
BS-2320,5,0.96593,0.25882,16.6,5.8,0,0,24,16,1,0
BS-2321,16,-0.86603,-0.5,21.4,5.7,1,0,24,16,8,0
BS-2322,13,-0.25882,-0.96593,16.6,0.0,0,0,18,22,19,0
BS-2323,2,0.5,0.86603,15.0,0.0,0,0,17,23,9,0
BS-2324,11,0.25882,-0.96593,17.5,1.5,0,0,15,25,8,0
BS-2325,7,0.96593,-0.25882,6.6,0.0,0,0,9,31,17,0
BS-2326,5,0.96593,0.25882,12.6,2.7,0,0,12,28,2,0
BS-2327,7,0.96593,-0.25882,25.1,0.0,1,0,6,34,18,0
BS-2328,23,-0.25882,0.96593,9.5,0.0,0,0,5,35,3,0
BS-2329,18,-1.0,-0.0,20.5,0.0,0,0,13,27,29,0
BS-2330,6,1.0,0.0,11.4,0.0,0,0,8,32,12,0
BS-2331,19,-0.96593,0.25882,0.5,0.0,0,1,17,23,25,0
BS-2332,20,-0.86603,0.5,11.5,0.0,0,0,11,29,12,0
BS-2333,16,-0.86603,-0.5,21.0,0.0,1,0,11,29,27,1
BS-2334,10,0.5,-0.86603,0.8,0.0,1,0,10,30,12,0
BS-2335,0,0.0,1.0,11.7,0.0,0,0,15,25,6,0
BS-2336,18,-1.0,-0.0,11.0,0.0,0,0,15,25,26,0
BS-2337,21,-0.70711,0.70711,7.5,0.0,0,0,1,39,10,0
BS-2338,5,0.96593,0.25882,19.5,0.0,0,0,30,10,16,0
BS-2339,11,0.25882,-0.96593,10.1,0.0,1,0,12,28,23,0
BS-2340,9,0.70711,-0.70711,13.0,0.0,0,0,15,25,33,0
BS-2341,21,-0.70711,0.70711,10.1,1.1,0,0,15,25,8,0
BS-2342,20,-0.86603,0.5,8.1,5.2,0,0,25,15,1,0
BS-2343,13,-0.25882,-0.96593,15.3,0.0,0,0,13,27,13,0
BS-2344,7,0.96593,-0.25882,20.3,0.0,0,0,13,27,20,0
BS-2345,18,-1.0,-0.0,16.9,0.7,1,0,15,25,27,1
BS-2346,14,-0.5,-0.86603,14.6,0.0,0,0,27,13,19,0
BS-2347,9,0.70711,-0.70711,22.9,0.0,1,1,13,27,25,0
BS-2348,15,-0.70711,-0.70711,27.6,0.0,0,0,33,7,32,0
BS-2349,1,0.25882,0.96593,22.4,0.0,0,0,26,14,8,0
BS-2350,1,0.25882,0.96593,19.0,0.0,0,0,27,13,7,0
BS-2351,10,0.5,-0.86603,23.8,0.0,0,0,13,27,16,0
BS-2352,14,-0.5,-0.86603,14.3,0.0,0,0,9,31,21,1
BS-2353,10,0.5,-0.86603,25.2,0.0,0,0,15,25,22,0
BS-2354,15,-0.70711,-0.70711,21.8,0.0,0,0,7,33,25,1
BS-2355,16,-0.86603,-0.5,25.2,3.6,1,0,25,15,20,0
BS-2356,19,-0.96593,0.25882,23.6,0.0,0,0,10,30,22,0
BS-2357,11,0.25882,-0.96593,3.4,0.0,0,0,24,16,12,0
BS-2358,1,0.25882,0.96593,21.4,0.0,0,1,15,25,15,0
BS-2359,2,0.5,0.86603,17.2,0.0,0,0,34,6,8,0
BS-2360,22,-0.5,0.86603,8.2,0.0,1,0,9,31,8,0
BS-2361,4,0.86603,0.5,19.7,0.0,1,0,20,20,11,0
BS-2362,14,-0.5,-0.86603,10.4,1.8,0,0,21,19,7,0
BS-2363,15,-0.70711,-0.70711,3.8,0.0,0,1,3,37,22,1
BS-2364,17,-0.96593,-0.25882,22.7,0.0,1,0,16,24,26,0
BS-2365,9,0.70711,-0.70711,16.1,2.0,1,0,11,29,7,0
BS-2366,14,-0.5,-0.86603,12.5,2.7,0,0,18,22,6,0
BS-2367,21,-0.70711,0.70711,9.0,0.0,0,0,20,20,8,0
BS-2368,6,1.0,0.0,10.1,0.4,1,0,27,13,10,0
BS-2369,13,-0.25882,-0.96593,25.2,0.0,0,0,23,17,22,0
BS-2370,17,-0.96593,-0.25882,14.2,3.8,0,0,21,19,17,0
BS-2371,23,-0.25882,0.96593,2.4,0.0,0,0,21,19,4,0
BS-2372,22,-0.5,0.86603,26.1,0.0,0,0,7,33,10,0
BS-2373,0,0.0,1.0,25.4,0.0,0,0,11,29,8,0
BS-2374,11,0.25882,-0.96593,28.0,0.0,0,0,1,39,17,0
BS-2375,10,0.5,-0.86603,8.0,0.0,1,0,7,33,20,1
BS-2376,14,-0.5,-0.86603,25.7,0.0,0,1,14,26,32,1
BS-2377,23,-0.25882,0.96593,-1.9,0.0,0,0,11,29,7,0
BS-2378,23,-0.25882,0.96593,9.3,0.0,1,0,26,14,3,0
BS-2379,17,-0.96593,-0.25882,21.2,0.0,1,0,19,21,32,0
BS-2380,1,0.25882,0.96593,16.8,0.0,0,0,18,22,4,0
BS-2381,23,-0.25882,0.96593,3.0,0.0,0,0,34,6,2,0
BS-2382,4,0.86603,0.5,28.2,2.5,1,0,17,23,6,0
BS-2383,23,-0.25882,0.96593,16.0,0.0,1,0,16,24,7,0
BS-2384,19,-0.96593,0.25882,6.3,0.0,0,0,19,21,29,0
BS-2385,14,-0.5,-0.86603,19.3,0.0,0,0,23,17,16,0
BS-2386,22,-0.5,0.86603,11.5,0.0,0,0,18,22,6,0
BS-2387,12,0.0,-1.0,25.6,0.0,0,0,7,33,12,0
BS-2388,16,-0.86603,-0.5,11.1,0.0,0,0,17,23,30,1
BS-2389,1,0.25882,0.96593,10.8,0.0,1,0,19,21,4,0
BS-2390,19,-0.96593,0.25882,18.8,2.0,0,0,19,21,19,0
BS-2391,11,0.25882,-0.96593,17.2,0.0,0,0,20,20,17,0
BS-2392,9,0.70711,-0.70711,6.5,0.0,1,0,18,22,18,0
BS-2393,22,-0.5,0.86603,3.4,0.0,0,0,8,32,7,0
BS-2394,14,-0.5,-0.86603,12.5,2.0,1,0,15,25,17,0
BS-2395,10,0.5,-0.86603,12.8,0.0,0,0,8,32,18,0
BS-2396,15,-0.70711,-0.70711,6.4,0.0,0,0,10,30,21,1
BS-2397,0,0.0,1.0,8.6,0.0,1,0,27,13,2,0
BS-2398,2,0.5,0.86603,26.3,0.0,0,0,10,30,8,0
BS-2399,2,0.5,0.86603,13.5,0.0,0,1,32,8,14,0
BS-2400,21,-0.70711,0.70711,14.9,0.0,0,0,13,27,8,0
