reading_id,vibration_rms_mm_s,motor_temp_c,load_pct,current_variation_a,acoustic_kurtosis,days_since_service,recent_auto_stops,ambient_temp_c,urgent_inspection
EQ-00001,1.98,49.9,22.1,0.45,2.26,235,0,34.2,0
EQ-00002,1.92,71.2,61.3,2.42,4.74,445,1,21.4,1
EQ-00003,1.9,51.1,66.3,0.77,3.66,123,0,22.3,0
EQ-00004,1.71,67.8,99.8,0.72,3.12,375,0,23.3,0
EQ-00005,2.05,73.3,81.7,0.46,3.65,123,2,29.5,1
EQ-00006,1.48,65.4,68.9,1.37,4.49,487,0,31.1,1
EQ-00007,1.32,63.7,54.8,3.49,3.95,378,0,23.1,0
EQ-00008,2.67,63.4,93.1,1.03,3.26,313,0,23.7,0
EQ-00009,1.55,71.9,64.7,2.15,3.94,102,1,25.7,0
EQ-00010,3.47,50.5,76.3,0.41,4.11,482,3,27.3,0
EQ-00011,0.64,75.6,88.1,0.2,1.64,317,0,16.8,0
EQ-00012,2.2,56.9,54.5,0.85,1.46,75,1,24.1,0
EQ-00013,5.12,64.0,75.6,1.66,4.9,305,0,30.1,0
EQ-00014,6.56,50.1,94.9,1.07,4.23,17,1,24.9,0
EQ-00015,4.04,63.4,23.2,0.05,1.3,114,0,17.5,0
EQ-00016,4.0,60.2,86.4,1.15,3.44,279,0,34.2,0
EQ-00017,1.9,49.0,87.7,1.04,2.47,511,0,32.1,0
EQ-00018,3.26,53.8,79.7,1.39,1.31,530,1,20.0,0
EQ-00019,0.52,54.1,69.1,0.68,1.47,299,1,24.6,0
EQ-00020,1.77,50.3,46.5,1.73,5.98,58,1,25.1,0
EQ-00021,2.03,78.5,76.8,2.34,4.13,283,1,27.8,0
EQ-00022,1.33,70.1,62.6,1.22,5.96,449,0,25.0,0
EQ-00023,2.41,67.5,80.1,0.56,3.28,426,0,21.7,0
EQ-00024,2.0,67.5,31.4,1.19,3.16,149,0,25.0,0
EQ-00025,0.97,53.1,26.9,2.25,2.35,76,0,19.3,0
EQ-00026,0.61,52.0,90.0,3.76,1.84,298,0,26.9,0
EQ-00027,3.25,55.9,63.4,0.75,1.81,145,1,28.8,0
EQ-00028,4.15,66.7,81.4,0.31,2.81,19,2,23.2,0
EQ-00029,5.76,63.9,64.7,0.97,5.45,532,1,25.8,0
EQ-00030,1.76,73.0,65.1,0.59,2.33,322,2,30.9,0
EQ-00031,2.71,67.4,34.0,0.84,4.73,190,0,35.2,0
EQ-00032,4.93,51.0,54.7,2.42,4.33,253,0,21.8,0
EQ-00033,2.92,48.6,60.6,0.8,5.72,11,0,21.1,0
EQ-00034,4.92,79.3,56.8,0.68,2.34,356,1,22.6,0
EQ-00035,2.01,68.6,79.3,1.72,3.49,215,0,30.6,0
EQ-00036,0.67,63.1,39.3,0.47,4.45,426,2,25.7,0
EQ-00037,1.92,59.9,52.4,2.64,2.43,201,0,23.0,0
EQ-00038,1.75,41.3,60.8,1.61,3.81,535,1,21.5,0
EQ-00039,2.48,57.6,75.4,0.31,2.88,475,0,30.0,0
EQ-00040,8.2,71.2,66.7,0.47,1.73,25,1,19.7,0
EQ-00041,0.62,68.6,88.1,0.74,7.51,5,2,28.3,0
EQ-00042,6.83,60.2,22.5,0.23,2.09,39,1,19.2,0
EQ-00043,2.18,52.8,35.3,3.62,7.4,466,1,21.6,0
EQ-00044,1.87,75.0,70.7,1.29,1.05,441,0,18.2,0
EQ-00045,3.68,51.7,38.6,2.4,4.73,379,1,24.8,0
EQ-00046,1.0,65.0,52.7,1.1,2.05,528,1,12.9,0
EQ-00047,6.38,91.8,75.9,1.17,4.49,527,1,21.0,1
EQ-00048,7.16,85.2,84.3,1.03,5.85,488,0,31.0,1
EQ-00049,1.55,50.0,68.2,0.26,1.69,70,0,28.6,0
EQ-00050,2.95,63.2,52.5,0.62,2.81,193,2,22.4,0
EQ-00051,1.49,64.5,80.4,1.99,1.76,200,1,10.0,0
EQ-00052,3.71,68.2,90.9,1.97,1.36,238,0,23.6,0
EQ-00053,0.83,78.6,80.9,0.14,2.82,53,0,26.6,0
EQ-00054,0.38,49.1,37.3,2.46,1.21,11,0,22.1,0
EQ-00055,2.21,57.5,96.2,3.86,3.27,330,1,21.5,0
EQ-00056,3.55,63.3,57.2,1.95,1.74,370,0,27.9,0
EQ-00057,2.65,71.4,95.7,0.73,1.05,404,0,22.4,0
EQ-00058,2.72,45.5,80.7,1.29,3.33,125,2,17.5,0
EQ-00059,2.24,49.2,49.5,1.41,2.63,252,0,18.4,0
EQ-00060,4.51,71.3,80.1,0.14,2.6,411,0,12.8,0
EQ-00061,2.02,49.6,86.0,0.89,2.09,334,0,23.4,0
EQ-00062,1.33,45.7,60.1,0.76,3.27,502,1,25.0,0
EQ-00063,1.38,63.4,31.0,0.39,3.0,244,0,23.5,0
EQ-00064,3.56,63.4,45.4,0.78,1.61,181,0,27.1,0
EQ-00065,1.45,67.3,60.2,0.74,1.05,276,1,11.4,0
EQ-00066,2.45,79.2,69.2,2.28,3.64,503,0,20.1,0
EQ-00067,2.19,66.3,51.2,0.1,5.37,242,0,20.5,0
EQ-00068,3.36,52.9,22.1,1.33,1.85,432,0,24.5,0
EQ-00069,1.83,68.6,23.7,2.17,3.11,77,1,29.1,0
EQ-00070,4.13,48.8,97.8,2.98,2.55,392,0,31.1,0
EQ-00071,3.05,61.8,64.3,0.53,3.17,388,1,33.8,0
EQ-00072,2.13,74.6,99.9,0.68,2.23,103,0,33.2,0
EQ-00073,2.29,58.9,36.4,2.36,2.69,172,2,28.8,0
EQ-00074,0.64,98.8,65.1,0.33,2.3,490,1,18.5,0
EQ-00075,9.98,71.9,95.2,0.66,2.23,61,1,22.5,0
EQ-00076,1.68,66.3,93.8,3.58,2.97,255,0,16.4,0
EQ-00077,2.01,68.4,72.6,1.84,2.46,481,1,29.3,0
EQ-00078,1.18,81.7,67.7,0.92,2.36,192,0,25.3,0
EQ-00079,0.28,70.5,31.9,4.26,1.05,511,1,26.3,0
EQ-00080,1.02,78.8,58.7,2.88,1.96,346,1,16.7,0
EQ-00081,1.55,53.9,63.0,0.78,1.8,156,1,29.2,0
EQ-00082,4.99,62.0,30.9,2.04,1.54,47,0,25.3,0
EQ-00083,4.69,73.8,90.1,1.76,3.85,8,2,20.9,0
EQ-00084,2.24,66.8,91.1,2.42,1.06,320,0,20.1,1
EQ-00085,1.89,82.3,83.7,0.84,1.41,251,0,17.3,0
EQ-00086,4.72,72.8,92.0,0.89,3.07,479,0,24.6,0
EQ-00087,5.91,47.6,71.7,2.58,3.39,16,0,19.1,0
EQ-00088,5.28,65.0,55.8,0.85,4.16,50,1,24.3,0
EQ-00089,1.22,58.2,95.2,1.8,3.87,217,1,31.1,0
EQ-00090,6.2,51.0,23.2,0.54,1.68,48,1,34.0,0
EQ-00091,1.56,59.7,61.7,0.84,6.08,326,1,20.0,0
EQ-00092,5.38,71.9,45.1,0.84,2.35,231,0,20.5,0
EQ-00093,1.92,50.4,34.1,0.27,2.85,102,1,29.2,0
EQ-00094,4.86,69.8,38.1,0.93,2.98,138,2,24.3,0
EQ-00095,1.79,75.0,60.8,0.1,5.04,240,0,22.6,0
EQ-00096,4.13,67.4,85.2,2.02,2.06,276,1,22.3,0
EQ-00097,5.55,56.3,85.7,0.71,1.52,498,1,8.7,0
EQ-00098,1.33,50.3,31.9,2.39,1.05,453,0,12.6,0
EQ-00099,1.38,75.6,40.2,0.94,1.66,460,1,27.4,0
EQ-00100,0.73,56.4,90.3,1.11,2.33,123,0,19.6,0
EQ-00101,1.26,53.7,72.7,0.96,1.96,332,3,26.1,0
EQ-00102,1.31,65.8,64.5,2.63,2.83,352,0,25.2,0
EQ-00103,5.85,90.0,38.9,1.16,3.52,264,1,28.7,0
EQ-00104,6.06,71.8,49.7,0.91,5.76,366,2,26.8,0
EQ-00105,3.11,56.2,29.8,1.63,3.5,5,0,36.9,0
EQ-00106,3.08,69.3,71.7,0.35,2.49,321,0,26.9,0
EQ-00107,1.84,76.1,58.4,0.79,3.13,332,0,14.8,1
EQ-00108,0.98,71.3,43.2,2.14,2.6,8,2,26.0,0
EQ-00109,8.27,36.0,73.2,2.05,1.73,248,0,18.5,0
EQ-00110,6.22,57.3,89.5,1.0,1.74,157,1,22.2,1
EQ-00111,1.41,67.3,90.1,2.06,4.53,165,1,27.4,0
EQ-00112,4.4,82.8,26.2,0.75,1.05,193,0,26.3,0
EQ-00113,1.14,76.5,48.3,1.76,2.86,96,1,14.9,0
EQ-00114,2.19,55.8,49.9,1.12,1.34,42,0,24.7,0
EQ-00115,4.16,85.9,79.1,0.96,2.28,446,1,25.5,0
EQ-00116,2.18,53.0,74.1,2.03,2.73,277,1,24.0,0
EQ-00117,2.12,66.8,28.1,0.78,1.49,329,0,11.1,0
EQ-00118,5.95,57.4,29.6,0.14,2.49,5,0,25.7,0
EQ-00119,6.44,53.1,68.4,3.1,3.12,403,0,14.9,0
EQ-00120,4.74,50.8,78.9,2.51,2.58,391,2,27.0,0
EQ-00121,2.18,58.3,57.2,2.58,2.47,433,0,25.0,0
EQ-00122,5.11,78.3,54.0,1.51,2.55,520,0,20.9,0
EQ-00123,1.54,59.0,59.5,1.55,1.44,287,1,27.8,0
EQ-00124,1.04,63.2,41.4,0.47,2.75,283,1,18.3,0
EQ-00125,2.06,54.8,71.8,1.89,2.42,345,1,25.7,0
EQ-00126,3.79,59.7,40.7,0.51,2.4,321,1,27.2,0
EQ-00127,1.23,65.4,43.3,2.89,2.13,66,2,35.3,0
EQ-00128,3.94,75.3,48.3,0.25,2.02,447,1,25.5,0
EQ-00129,1.61,58.8,26.3,0.53,1.68,506,0,22.6,0
EQ-00130,6.06,74.8,42.5,0.24,4.16,94,0,27.2,0
EQ-00131,8.54,76.4,27.9,3.3,6.41,344,1,33.3,0
EQ-00132,1.12,67.1,86.9,1.01,3.14,76,2,23.3,0
EQ-00133,1.7,58.3,89.6,1.93,2.76,408,0,27.3,0
EQ-00134,5.72,67.3,49.0,1.97,3.51,382,2,29.6,0
EQ-00135,4.76,72.2,61.8,0.98,5.05,289,0,17.4,0
EQ-00136,2.71,62.3,52.2,0.75,4.55,427,2,25.3,0
EQ-00137,1.44,66.3,92.8,4.54,3.59,385,1,30.5,1
EQ-00138,1.5,75.9,45.5,0.24,4.14,447,1,36.1,0
EQ-00139,1.7,57.8,90.1,0.42,3.64,39,1,18.0,0
EQ-00140,2.1,87.7,36.0,2.14,3.32,127,1,31.5,0
EQ-00141,4.01,60.9,29.6,5.8,1.72,425,2,22.4,0
EQ-00142,1.33,56.7,64.0,1.0,1.43,214,1,20.1,0
EQ-00143,1.89,72.2,31.2,0.88,1.72,114,0,32.3,0
EQ-00144,1.28,68.8,79.9,0.3,2.1,248,0,24.1,0
EQ-00145,7.65,49.4,65.4,0.23,5.16,276,0,28.2,0
EQ-00146,9.71,48.7,38.5,0.97,1.45,492,0,26.1,0
EQ-00147,6.57,65.8,27.9,0.12,1.54,380,0,21.1,0
EQ-00148,0.97,76.8,51.4,1.45,3.66,269,0,22.7,0
EQ-00149,5.2,83.6,65.8,1.36,3.95,246,0,19.7,0
EQ-00150,1.8,52.6,53.8,0.61,3.39,85,1,19.5,0
EQ-00151,2.46,73.6,64.3,4.16,2.25,128,0,23.8,0
EQ-00152,1.74,64.6,44.4,2.2,3.24,218,2,24.0,0
EQ-00153,1.36,61.9,24.1,2.24,3.76,149,0,25.6,0
EQ-00154,2.7,49.5,91.1,1.7,1.49,396,0,22.0,0
EQ-00155,0.53,55.3,39.2,0.98,3.17,289,0,22.6,0
EQ-00156,1.14,80.3,27.7,2.28,5.91,512,0,26.0,0
EQ-00157,1.9,77.6,47.6,1.17,2.44,494,1,18.3,0
EQ-00158,2.37,79.9,56.8,3.37,3.81,307,0,27.8,1
EQ-00159,5.35,53.4,87.7,0.5,3.97,513,0,23.7,0
EQ-00160,1.05,46.6,63.5,1.02,2.58,114,0,22.8,0
EQ-00161,2.12,76.2,75.9,2.9,1.79,154,0,33.1,1
EQ-00162,8.68,82.7,91.0,3.96,4.27,481,0,18.7,1
EQ-00163,1.92,79.5,27.5,0.59,2.65,395,1,27.8,0
EQ-00164,3.04,77.1,61.1,0.7,2.01,429,0,29.8,0
EQ-00165,1.53,82.4,47.8,1.48,2.21,384,0,34.9,0
EQ-00166,3.76,55.4,23.4,0.67,5.6,337,1,28.3,0
EQ-00167,1.26,65.3,55.9,0.15,2.65,95,0,18.7,0
EQ-00168,1.45,66.3,72.9,1.19,1.07,291,0,8.7,0
EQ-00169,3.43,63.8,90.6,0.3,3.85,454,0,26.3,0
EQ-00170,0.6,74.2,82.2,1.97,2.64,137,1,27.0,0
EQ-00171,2.26,66.3,25.8,0.77,3.09,79,0,37.4,0
EQ-00172,0.85,55.5,44.2,1.53,5.04,247,1,23.0,0
EQ-00173,10.5,72.5,49.6,1.14,1.58,371,2,22.8,0
EQ-00174,0.45,62.6,90.4,1.89,2.12,499,1,35.0,0
EQ-00175,2.87,64.9,42.7,0.28,2.37,396,1,27.9,0
EQ-00176,3.01,60.4,24.9,0.13,1.05,516,0,21.0,0
EQ-00177,0.3,55.0,36.8,0.05,3.29,135,1,25.1,0
EQ-00178,1.44,70.0,26.4,0.96,2.01,265,1,16.8,0
EQ-00179,4.59,78.5,75.2,0.4,1.91,534,1,27.6,0
EQ-00180,6.16,65.3,49.6,0.18,2.4,534,2,19.8,0
EQ-00181,5.09,69.6,38.3,0.89,1.72,423,0,30.5,0
EQ-00182,1.06,80.9,68.8,2.35,2.34,40,3,20.3,1
EQ-00183,6.07,58.4,90.5,0.44,1.72,206,0,28.7,0
EQ-00184,5.09,64.1,35.1,2.08,5.24,464,1,28.2,0
EQ-00185,2.73,78.3,53.3,2.3,3.53,370,2,23.5,1
EQ-00186,1.63,55.9,84.5,1.24,2.02,456,0,25.8,0
EQ-00187,1.36,94.3,73.0,0.3,4.99,184,0,33.7,0
EQ-00188,5.12,76.0,59.0,0.38,2.78,282,0,26.9,0
EQ-00189,0.84,56.8,75.0,2.53,1.94,37,0,15.6,0
EQ-00190,3.96,75.0,88.0,1.28,2.7,183,0,21.9,1
EQ-00191,3.54,66.5,25.9,1.02,3.65,430,2,33.0,0
EQ-00192,4.32,55.0,62.3,1.49,2.45,74,1,18.1,0
EQ-00193,1.01,71.5,48.0,3.97,2.69,528,0,27.1,0
EQ-00194,3.14,51.4,82.3,0.24,1.65,135,2,27.4,0
EQ-00195,1.29,76.1,24.3,1.47,1.77,251,0,24.3,0
EQ-00196,9.89,70.6,72.0,0.35,2.11,305,0,23.3,1
EQ-00197,3.71,74.0,23.9,2.58,2.02,305,3,27.0,1
EQ-00198,2.78,66.7,52.1,0.94,1.72,161,0,15.4,0
EQ-00199,3.81,49.7,68.0,1.04,3.75,409,0,26.1,0
EQ-00200,4.18,85.9,42.0,2.32,3.16,190,2,21.1,0
EQ-00201,2.07,70.2,36.6,0.31,3.2,490,0,31.5,0
EQ-00202,2.56,47.3,23.2,0.5,2.03,342,0,23.9,0
EQ-00203,0.91,84.1,79.0,0.51,1.99,434,0,25.6,0
EQ-00204,2.88,63.5,55.0,0.11,3.15,271,0,26.6,0
EQ-00205,2.85,54.9,84.9,4.44,2.86,134,0,26.8,0
EQ-00206,3.19,75.6,51.9,1.87,1.64,165,1,26.8,1
EQ-00207,5.69,76.4,68.3,1.57,3.68,350,0,36.1,0
EQ-00208,3.7,65.4,97.2,1.43,4.54,170,1,29.2,0
EQ-00209,2.19,55.1,89.0,0.27,4.61,22,0,26.6,0
EQ-00210,10.5,62.8,69.9,0.48,1.4,265,1,27.2,0
EQ-00211,1.86,68.5,83.3,0.53,1.61,250,0,27.8,1
EQ-00212,0.64,53.2,77.5,2.19,4.65,447,0,29.0,0
EQ-00213,5.2,61.8,92.8,1.78,1.61,17,0,30.5,1
EQ-00214,3.93,75.1,27.1,0.77,3.23,200,0,33.4,0
EQ-00215,6.77,57.7,23.5,0.72,3.24,343,0,28.5,0
EQ-00216,1.43,70.6,99.3,0.46,2.69,63,2,20.5,1
EQ-00217,2.37,53.3,86.5,0.22,3.15,411,2,31.4,0
EQ-00218,0.21,67.5,58.6,4.29,5.07,309,1,23.9,0
EQ-00219,0.86,77.7,31.0,3.95,3.11,392,0,18.6,0
EQ-00220,7.57,70.4,23.2,0.61,4.71,45,1,30.1,0
EQ-00221,0.71,68.7,88.5,1.63,1.83,14,0,25.9,0
EQ-00222,9.43,67.6,43.8,0.17,10.11,37,0,24.5,0
EQ-00223,2.51,75.6,87.2,0.69,4.54,463,0,23.3,0
EQ-00224,2.75,63.2,40.8,1.31,2.22,178,1,24.1,0
EQ-00225,3.31,54.9,34.7,2.64,5.72,213,1,26.5,0
EQ-00226,10.5,55.7,64.9,2.98,1.08,97,1,23.4,1
EQ-00227,4.78,72.5,95.2,2.09,2.89,430,0,23.3,0
EQ-00228,0.89,69.7,72.4,0.44,3.05,67,0,30.8,0
EQ-00229,1.98,82.2,27.5,0.8,3.89,522,1,15.1,0
EQ-00230,4.49,44.9,89.9,1.12,1.36,383,2,26.6,0
EQ-00231,3.06,70.1,22.7,1.43,4.68,180,0,23.6,0
EQ-00232,0.71,70.0,70.5,0.38,12.08,515,1,24.2,0
EQ-00233,2.76,54.7,31.2,0.73,1.15,241,0,21.3,0
EQ-00234,1.75,69.7,99.0,0.29,3.82,514,1,36.1,0
EQ-00235,1.53,76.7,57.6,0.5,6.53,139,0,31.2,0
EQ-00236,0.81,51.7,69.0,0.93,4.52,90,1,17.9,0
EQ-00237,3.01,53.7,86.8,2.24,3.42,409,1,23.8,0
EQ-00238,1.01,66.5,25.5,0.44,1.76,3,1,24.6,0
EQ-00239,6.38,73.7,42.4,1.21,2.63,330,0,26.8,0
EQ-00240,3.8,75.4,47.4,0.37,2.71,244,0,32.7,1
EQ-00241,1.42,72.7,69.6,2.97,7.5,129,0,35.2,0
EQ-00242,0.74,50.0,55.8,2.25,2.98,394,1,28.3,0
EQ-00243,2.65,58.1,39.9,0.15,2.76,516,0,27.4,0
EQ-00244,1.05,63.4,74.5,1.85,1.76,434,0,24.2,0
EQ-00245,2.26,53.7,36.1,2.27,1.78,399,0,33.5,0
EQ-00246,6.5,82.0,78.9,0.74,1.55,473,0,23.2,1
EQ-00247,1.79,85.3,50.0,0.89,4.8,536,1,20.2,0
EQ-00248,1.39,68.4,79.3,1.83,2.11,461,0,26.3,0
EQ-00249,6.84,61.6,60.9,0.56,1.97,398,0,25.3,0
EQ-00250,4.76,65.5,81.3,1.03,2.52,435,0,19.1,0
EQ-00251,1.93,71.0,23.7,1.76,1.99,211,0,29.2,0
EQ-00252,1.45,61.9,66.5,3.82,2.28,63,0,28.3,0
EQ-00253,5.9,60.2,30.7,5.6,1.69,128,0,33.0,1
EQ-00254,3.2,51.6,39.4,0.81,3.62,460,0,27.6,0
EQ-00255,1.66,52.6,31.5,3.45,1.51,519,1,22.8,0
EQ-00256,2.75,60.3,54.8,3.04,4.13,401,2,12.7,0
EQ-00257,2.5,58.5,57.5,0.75,5.9,162,2,14.4,0
EQ-00258,0.69,84.2,69.1,1.35,3.53,409,1,26.3,0
EQ-00259,2.72,71.0,30.0,0.57,7.03,270,1,36.2,0
EQ-00260,2.27,79.8,22.4,0.11,2.0,33,1,19.4,0
EQ-00261,0.62,65.4,45.6,0.63,5.04,450,2,29.9,0
EQ-00262,0.44,60.8,24.3,0.57,4.69,203,0,31.0,0
EQ-00263,1.23,66.5,87.7,2.64,1.74,212,2,24.5,0
EQ-00264,4.85,70.7,89.5,1.5,2.68,370,0,36.1,1
EQ-00265,4.23,61.9,64.3,0.63,6.72,280,1,21.2,0
EQ-00266,4.12,70.1,90.5,0.51,5.48,3,1,27.7,0
EQ-00267,7.05,77.8,78.0,0.67,2.85,297,0,21.3,1
EQ-00268,1.73,61.8,86.9,5.51,3.38,69,0,26.4,0
EQ-00269,0.8,76.2,52.5,1.24,2.96,98,1,27.3,0
EQ-00270,5.88,50.4,100.0,0.66,2.34,87,0,29.3,0
EQ-00271,1.56,54.9,59.6,1.47,3.46,168,0,21.2,0
EQ-00272,0.22,75.9,24.0,0.18,2.48,143,0,29.1,0
EQ-00273,6.89,53.9,48.2,1.27,4.29,75,2,29.7,0
EQ-00274,2.61,75.0,72.1,0.99,3.46,212,0,23.3,0
EQ-00275,5.27,58.9,36.6,1.8,2.6,513,0,13.4,0
EQ-00276,4.54,61.9,79.1,0.16,3.33,339,0,19.7,0
EQ-00277,6.66,46.9,97.3,3.25,4.04,514,0,29.4,1
EQ-00278,4.2,74.0,48.2,0.79,3.53,173,1,22.1,0
EQ-00279,0.63,76.1,71.2,1.14,6.76,249,2,27.2,0
EQ-00280,1.68,49.7,70.6,1.72,1.7,245,2,18.3,0
EQ-00281,2.36,73.3,77.9,2.46,3.68,323,2,27.4,0
EQ-00282,6.31,70.1,90.7,0.56,6.78,112,1,23.3,1
EQ-00283,3.24,42.5,90.2,1.06,2.95,97,1,26.2,0
EQ-00284,1.79,62.5,78.0,0.41,1.35,296,0,21.2,0
EQ-00285,1.52,68.2,28.2,0.36,3.06,138,0,25.4,0
EQ-00286,3.0,82.4,71.6,1.61,1.24,533,0,17.1,0
EQ-00287,0.64,56.5,52.1,0.99,5.88,406,0,20.3,0
EQ-00288,0.39,51.8,76.3,0.52,2.92,71,1,36.9,0
EQ-00289,2.04,72.0,83.1,2.12,4.59,27,0,16.3,0
EQ-00290,5.58,65.0,26.0,0.29,3.71,284,0,24.4,0
EQ-00291,1.97,72.6,91.8,0.84,2.16,32,1,29.6,0
EQ-00292,2.81,58.7,92.5,0.92,2.66,490,1,28.8,0
EQ-00293,3.49,58.9,28.6,0.27,1.94,112,1,22.0,0
EQ-00294,2.81,71.4,100.0,1.79,5.9,315,1,18.1,0
EQ-00295,3.63,65.4,75.6,2.48,4.68,515,0,17.5,0
EQ-00296,3.89,62.3,89.9,1.58,3.51,29,0,21.6,0
EQ-00297,2.01,71.1,53.9,1.38,1.33,97,0,34.4,0
EQ-00298,6.74,83.9,92.7,2.87,4.62,532,0,19.1,1
EQ-00299,1.1,55.7,73.1,0.44,4.32,209,1,25.8,0
EQ-00300,2.52,59.0,98.4,1.39,3.03,80,3,24.0,0
EQ-00301,5.14,62.7,77.4,0.47,2.77,240,1,23.5,1
EQ-00302,2.72,76.2,77.5,3.25,3.34,80,1,23.8,0
EQ-00303,7.15,85.9,32.2,0.34,3.41,277,1,28.9,0
EQ-00304,0.23,67.7,83.3,1.59,1.48,173,1,25.8,0
EQ-00305,3.24,65.3,29.6,1.47,2.16,50,0,28.2,0
EQ-00306,0.58,58.6,63.7,0.65,2.57,242,1,21.1,0
EQ-00307,1.47,75.4,64.5,1.38,5.05,302,1,24.2,0
EQ-00308,4.65,59.3,65.9,0.19,1.94,359,1,22.2,0
EQ-00309,1.6,66.5,97.1,0.29,2.66,222,0,27.6,0
EQ-00310,0.48,69.8,99.3,0.54,6.85,422,0,16.3,0
EQ-00311,2.97,56.1,99.8,0.51,1.85,310,3,23.8,0
EQ-00312,4.55,80.5,36.6,1.04,3.45,303,2,30.9,0
EQ-00313,2.95,74.8,30.0,3.02,4.05,372,1,18.8,0
EQ-00314,0.92,69.5,30.3,2.19,1.7,514,0,21.4,0
EQ-00315,7.75,57.7,57.1,1.52,1.05,381,0,27.8,1
EQ-00316,3.26,77.2,51.0,3.24,3.1,61,2,25.2,0
EQ-00317,1.59,79.6,53.4,0.25,3.33,302,1,24.3,1
EQ-00318,1.02,80.5,29.9,1.03,1.32,355,0,29.1,0
EQ-00319,3.89,78.4,89.2,0.32,2.32,264,1,14.2,0
EQ-00320,2.94,65.8,78.4,0.61,1.46,221,0,24.1,0
EQ-00321,4.75,69.6,28.7,1.43,6.45,339,0,20.2,0
EQ-00322,4.46,66.9,74.2,1.23,4.17,32,1,15.6,1
EQ-00323,2.8,81.2,46.2,2.45,2.13,111,0,30.2,0
EQ-00324,0.38,75.5,97.4,1.0,2.08,467,1,16.5,0
EQ-00325,2.45,74.6,24.0,2.64,4.87,84,0,25.7,0
EQ-00326,4.43,58.6,29.3,0.47,2.42,35,2,18.7,0
EQ-00327,3.46,65.9,62.9,0.32,6.06,457,0,23.4,1
EQ-00328,0.63,55.9,51.4,1.84,2.26,452,1,15.0,0
EQ-00329,7.08,56.4,77.1,1.13,2.33,413,0,28.5,0
EQ-00330,2.01,65.7,62.7,0.42,1.97,129,3,18.3,0
EQ-00331,1.9,69.3,47.6,0.74,3.04,107,0,23.4,1
EQ-00332,4.16,79.5,76.2,0.51,2.43,104,0,20.3,0
EQ-00333,1.71,63.7,32.3,0.45,2.95,277,0,23.7,0
EQ-00334,2.99,66.6,79.3,1.15,2.42,196,1,21.2,0
EQ-00335,1.82,77.1,36.9,2.17,3.76,221,0,17.7,0
EQ-00336,0.87,79.4,80.9,0.47,4.43,68,1,22.9,0
EQ-00337,2.19,62.4,51.5,0.5,4.07,475,0,22.1,0
EQ-00338,7.66,66.1,40.2,1.41,4.52,453,1,34.3,0
EQ-00339,3.19,81.8,93.6,1.24,2.49,274,4,29.1,0
EQ-00340,0.16,77.6,82.1,1.69,2.28,259,0,23.6,0
EQ-00341,0.85,62.7,51.7,1.23,5.06,518,1,23.5,0
EQ-00342,0.81,63.9,42.8,2.4,2.66,125,1,26.4,0
EQ-00343,2.29,64.9,92.5,0.31,1.92,273,0,20.0,0
EQ-00344,6.36,57.5,99.2,2.34,9.19,146,0,22.8,1
EQ-00345,4.28,64.4,85.2,1.17,1.58,270,0,22.5,0
EQ-00346,2.95,66.4,34.1,0.69,1.2,15,0,24.3,0
EQ-00347,5.23,71.2,67.5,0.54,1.05,290,0,30.6,0
EQ-00348,0.7,61.5,50.1,2.78,3.26,275,1,24.9,0
EQ-00349,3.25,58.0,48.3,0.62,2.11,46,2,25.0,0
EQ-00350,3.65,75.8,53.7,1.44,7.53,436,0,20.9,0
EQ-00351,0.77,61.5,44.7,1.17,1.96,207,0,25.3,0
EQ-00352,3.11,54.6,74.3,1.79,3.56,465,0,35.8,0
EQ-00353,1.68,68.4,51.6,0.8,2.59,156,0,21.6,0
EQ-00354,1.26,70.6,45.4,2.01,2.57,171,2,19.5,0
EQ-00355,2.82,53.8,59.7,1.99,1.9,213,0,27.5,0
EQ-00356,0.7,65.2,27.0,1.49,1.94,437,1,17.8,0
EQ-00357,1.86,57.0,91.9,0.79,5.46,125,0,17.0,0
EQ-00358,3.83,42.6,30.9,1.17,3.6,497,0,21.9,0
EQ-00359,1.6,81.4,71.0,0.34,1.67,47,3,27.4,1
EQ-00360,2.1,51.2,69.6,0.21,1.77,287,0,25.3,0
EQ-00361,4.32,70.6,36.9,1.75,4.75,82,0,19.7,0
EQ-00362,1.91,56.8,84.2,2.17,3.33,381,1,20.8,0
EQ-00363,0.24,69.0,46.1,1.42,1.84,124,0,10.0,0
EQ-00364,2.26,73.5,59.8,0.98,3.18,511,0,30.7,0
EQ-00365,5.62,57.7,82.7,4.49,1.05,109,2,31.6,1
EQ-00366,1.41,67.6,83.5,1.04,5.3,22,2,19.7,0
EQ-00367,2.1,59.1,70.3,0.45,3.68,513,1,29.1,0
EQ-00368,1.47,79.6,23.9,0.4,1.05,259,0,25.1,0
EQ-00369,1.38,67.8,64.9,0.05,2.69,169,0,16.3,0
EQ-00370,2.88,47.2,85.7,2.17,2.37,313,0,16.7,0
EQ-00371,7.14,42.0,42.3,2.63,4.27,312,1,34.5,0
EQ-00372,2.12,75.6,72.7,1.56,4.58,86,0,27.3,0
EQ-00373,0.63,64.7,65.1,0.88,3.32,126,0,26.8,0
EQ-00374,1.49,76.6,95.3,0.32,3.52,99,0,28.3,0
EQ-00375,6.26,62.7,88.0,0.51,4.06,395,0,23.7,1
EQ-00376,0.95,60.9,77.5,0.9,1.99,296,1,21.8,0
EQ-00377,1.23,58.1,35.7,0.77,1.57,312,0,26.1,0
EQ-00378,2.21,81.0,34.6,0.52,1.8,437,0,27.7,0
EQ-00379,1.6,62.5,35.3,2.23,2.7,104,0,24.8,0
EQ-00380,6.33,60.6,31.4,0.7,2.74,168,0,24.4,0
EQ-00381,4.89,48.7,57.3,1.75,4.13,417,0,21.2,0
EQ-00382,1.5,78.1,88.1,0.44,6.61,101,1,24.4,0
EQ-00383,3.12,71.1,72.3,2.69,2.93,89,1,21.1,0
EQ-00384,3.88,73.2,81.4,1.5,2.27,162,0,25.6,0
EQ-00385,0.2,67.1,62.5,1.04,2.02,126,2,23.7,0
EQ-00386,4.45,59.3,98.3,0.88,1.81,339,0,19.4,0
EQ-00387,2.36,71.0,65.9,1.58,7.05,377,0,22.9,0
EQ-00388,7.17,77.3,68.6,0.43,6.08,154,0,15.3,1
EQ-00389,3.0,69.9,85.3,1.1,2.5,478,0,21.4,1
EQ-00390,2.99,53.8,89.8,0.58,1.86,380,0,24.5,0
EQ-00391,6.23,76.2,83.0,0.1,1.29,435,2,27.1,0
EQ-00392,0.27,76.4,68.4,1.79,3.09,193,1,34.5,0
EQ-00393,0.25,68.0,61.8,0.87,1.47,311,0,26.1,0
EQ-00394,8.6,65.1,47.5,0.8,2.05,3,0,14.7,0
EQ-00395,8.92,68.1,96.5,1.55,5.04,360,0,25.0,1
EQ-00396,3.49,62.7,24.5,0.37,3.92,256,1,15.2,0
EQ-00397,1.26,78.2,30.8,1.66,3.03,371,1,20.8,0
EQ-00398,2.84,71.9,67.4,2.07,2.16,72,0,17.6,0
EQ-00399,2.15,72.0,32.8,0.12,6.85,243,0,22.4,0
EQ-00400,3.1,63.8,29.9,0.85,3.76,536,0,28.7,0
EQ-00401,2.42,63.4,27.5,0.72,1.6,267,0,26.2,0
EQ-00402,0.49,73.5,43.4,1.09,2.43,264,0,20.5,0
EQ-00403,4.1,70.4,83.9,1.82,1.78,397,1,21.2,0
EQ-00404,2.72,65.9,25.5,1.42,2.93,166,0,27.1,0
EQ-00405,4.66,87.0,44.6,0.77,1.57,479,1,25.8,0
EQ-00406,1.88,89.1,68.0,0.48,1.72,306,0,19.6,0
EQ-00407,5.45,72.8,81.1,1.46,2.18,472,2,32.0,1
EQ-00408,2.65,64.7,80.6,1.38,6.15,513,0,22.8,0
EQ-00409,1.14,55.2,58.7,1.54,2.72,275,0,26.7,0
EQ-00410,6.52,65.7,29.2,0.83,4.07,278,1,22.1,1
EQ-00411,2.63,67.2,86.3,0.91,3.88,410,2,18.6,0
EQ-00412,4.05,65.8,50.5,1.38,2.9,346,0,23.0,0
EQ-00413,1.77,63.2,69.3,2.33,1.05,539,0,25.4,0
EQ-00414,3.76,67.1,50.0,0.67,3.35,249,3,18.6,0
EQ-00415,6.44,57.4,77.2,3.67,4.13,470,1,13.6,1
EQ-00416,1.04,67.8,73.6,1.83,4.44,412,1,32.6,0
EQ-00417,4.94,72.0,62.6,0.85,2.19,406,1,28.6,0
EQ-00418,1.59,43.3,76.2,0.5,10.77,196,0,30.6,0
EQ-00419,1.29,74.6,49.4,0.21,2.59,183,2,16.7,0
EQ-00420,1.36,64.9,94.3,3.92,2.32,509,0,33.9,1
EQ-00421,2.97,92.8,55.9,0.06,2.73,209,0,16.2,0
EQ-00422,1.15,63.8,98.4,1.54,2.16,68,0,28.3,0
EQ-00423,2.7,59.2,27.0,0.84,1.57,184,3,24.7,0
EQ-00424,5.84,65.2,86.9,1.0,1.6,391,1,25.0,0
EQ-00425,4.66,63.5,52.2,3.29,7.52,89,0,16.3,0
EQ-00426,1.44,63.0,57.1,0.53,2.46,219,0,23.5,0
EQ-00427,3.76,55.0,24.5,1.67,1.87,120,1,22.3,0
EQ-00428,1.02,63.0,67.8,1.26,2.31,204,0,23.0,0
EQ-00429,1.67,55.8,37.5,1.61,2.75,186,1,37.4,0
EQ-00430,7.19,74.9,40.3,2.0,8.87,205,1,26.2,0
EQ-00431,0.5,83.2,26.2,1.02,4.46,514,1,19.2,0
EQ-00432,1.97,73.2,53.5,3.13,1.44,492,0,27.7,0
EQ-00433,4.73,69.4,96.2,0.61,4.33,28,1,28.7,0
EQ-00434,1.48,69.3,32.8,0.28,2.32,530,1,13.7,0
EQ-00435,1.5,67.1,34.3,0.2,3.29,445,0,19.5,0
EQ-00436,1.48,65.4,54.7,0.21,1.86,131,0,24.6,0
EQ-00437,0.87,52.3,83.0,0.27,1.1,61,1,30.1,0
EQ-00438,3.78,59.0,71.8,0.44,3.05,517,0,25.6,0
EQ-00439,2.64,44.9,55.6,1.15,3.1,441,0,27.2,0
EQ-00440,1.28,56.1,36.5,0.89,1.77,248,0,30.7,0
EQ-00441,5.71,68.6,43.4,0.64,1.78,341,1,21.4,0
EQ-00442,3.17,72.4,73.3,0.6,3.55,121,1,21.4,0
EQ-00443,2.97,53.5,28.6,1.71,9.93,480,0,21.2,0
EQ-00444,2.3,62.6,74.1,2.04,1.63,187,0,24.6,0
EQ-00445,4.04,56.1,92.8,0.39,2.64,18,0,24.9,0
EQ-00446,0.66,56.7,90.0,0.18,3.92,343,0,27.9,0
EQ-00447,4.43,59.9,77.6,2.58,4.03,379,0,15.9,0
EQ-00448,7.6,60.0,43.2,0.55,2.41,153,1,30.4,1
EQ-00449,2.97,71.4,56.7,2.14,2.35,80,0,27.7,0
EQ-00450,4.98,66.5,44.9,1.24,2.88,77,0,33.7,0
EQ-00451,0.84,63.9,77.9,0.43,1.84,309,1,20.9,0
EQ-00452,3.35,56.7,30.6,0.72,1.52,305,0,34.2,0
EQ-00453,0.83,61.1,90.7,3.45,4.39,482,1,22.9,0
EQ-00454,1.67,68.1,34.7,0.52,5.31,450,0,23.0,0
EQ-00455,8.31,48.4,64.4,2.31,10.87,317,0,24.6,1
EQ-00456,0.81,57.9,50.9,3.93,2.77,132,0,15.0,0
EQ-00457,1.87,84.4,87.8,0.1,1.05,283,0,23.3,0
EQ-00458,3.74,86.4,45.0,2.12,4.11,158,2,17.7,1
EQ-00459,2.5,77.5,56.9,0.25,3.28,4,1,23.3,0
EQ-00460,0.58,69.6,70.4,1.59,2.29,533,0,24.1,0
EQ-00461,0.18,57.9,35.5,0.71,3.54,141,1,22.2,0
EQ-00462,5.25,59.0,92.8,0.76,3.12,34,0,23.3,0
EQ-00463,2.65,46.6,55.3,1.26,4.29,276,0,28.8,0
EQ-00464,6.77,69.1,37.9,0.69,2.74,153,3,20.3,0
EQ-00465,1.76,66.5,60.7,2.24,3.03,443,1,19.5,0
EQ-00466,6.04,69.8,82.3,0.2,2.27,532,0,24.1,1
EQ-00467,2.9,68.7,73.1,1.41,13.5,38,1,32.3,0
EQ-00468,0.22,65.5,25.9,0.95,4.96,284,0,14.8,0
EQ-00469,0.64,87.5,95.1,0.14,1.29,192,0,35.2,0
EQ-00470,3.41,85.5,69.5,0.54,2.72,533,0,15.6,0
EQ-00471,10.5,68.5,99.9,0.81,1.45,337,1,21.1,1
EQ-00472,2.35,77.3,56.9,1.13,1.41,106,0,23.7,0
EQ-00473,2.88,63.4,59.6,0.31,1.8,106,1,15.8,0
EQ-00474,0.45,64.6,95.9,1.8,8.34,422,0,28.7,0
EQ-00475,2.97,55.6,83.7,0.16,4.74,452,1,19.9,0
EQ-00476,6.82,76.3,75.7,1.89,2.73,139,0,29.4,1
EQ-00477,1.22,81.4,87.1,0.96,2.12,82,2,14.0,0
EQ-00478,5.59,47.7,70.2,0.29,2.47,351,0,22.4,0
EQ-00479,1.77,60.8,60.9,0.65,1.21,18,0,18.8,0
EQ-00480,3.27,65.8,44.4,3.47,9.01,166,0,28.4,0
EQ-00481,2.69,61.7,49.4,2.34,3.72,21,1,24.5,0
EQ-00482,0.57,63.0,71.3,0.72,1.71,45,1,32.1,0
EQ-00483,4.74,64.9,78.9,0.55,5.71,102,1,31.2,0
EQ-00484,6.4,60.1,42.1,1.02,1.05,51,1,25.5,0
EQ-00485,0.72,47.4,88.2,0.46,7.52,285,1,28.1,0
EQ-00486,4.98,67.6,57.7,1.56,2.62,106,0,29.4,0
EQ-00487,1.91,72.5,88.3,1.18,8.12,78,1,30.6,0
EQ-00488,2.76,49.0,94.2,0.17,7.1,12,1,20.1,0
EQ-00489,0.29,74.5,35.3,1.32,2.39,365,1,28.9,0
EQ-00490,2.01,81.8,55.9,0.85,1.67,32,1,15.8,0
EQ-00491,3.1,73.1,47.5,0.52,2.11,78,0,28.7,0
EQ-00492,5.16,78.6,49.5,1.35,4.14,500,2,19.0,0
EQ-00493,1.8,69.9,95.4,0.67,2.86,307,2,18.3,0
EQ-00494,0.74,77.1,85.0,2.82,1.33,249,0,11.9,0
EQ-00495,3.59,62.2,35.5,1.36,5.58,301,0,15.3,0
EQ-00496,2.74,53.0,60.6,2.31,3.54,46,1,24.4,0
EQ-00497,3.4,57.6,79.9,1.66,4.77,388,4,21.1,0
EQ-00498,5.21,54.8,87.7,1.25,3.73,123,1,22.0,0
EQ-00499,3.0,55.3,86.6,1.76,6.17,290,0,18.4,0
EQ-00500,7.61,64.6,43.4,3.16,1.22,86,0,17.9,0
EQ-00501,2.37,68.5,76.2,1.84,3.43,341,0,25.6,0
EQ-00502,8.39,75.1,28.8,2.51,1.39,196,0,23.4,0
EQ-00503,2.96,62.9,58.2,3.01,4.25,46,0,33.8,1
EQ-00504,6.23,71.3,56.3,1.54,4.59,76,0,26.3,0
EQ-00505,4.26,66.1,44.3,0.57,4.66,97,0,26.1,0
EQ-00506,2.39,59.7,57.3,0.83,1.13,88,0,26.4,0
EQ-00507,0.56,84.9,91.6,0.18,1.47,395,0,19.8,0
EQ-00508,6.96,82.7,76.8,1.0,2.32,359,1,18.8,1
EQ-00509,5.26,79.7,45.0,0.25,4.78,239,0,26.1,0
EQ-00510,1.84,68.5,86.5,0.89,4.46,243,1,24.4,0
EQ-00511,0.22,79.9,34.4,1.58,3.16,528,1,25.4,1
EQ-00512,3.64,64.1,33.4,3.0,2.22,500,0,21.0,0
EQ-00513,3.16,53.9,73.9,0.46,1.87,196,0,23.5,0
EQ-00514,2.4,61.5,99.8,1.34,1.42,486,2,19.8,0
EQ-00515,6.74,51.9,61.4,0.78,2.57,69,1,33.2,0
EQ-00516,4.47,63.4,93.0,1.27,5.92,84,0,31.7,0
EQ-00517,1.62,59.8,48.0,0.8,5.21,434,1,22.9,0
EQ-00518,3.65,72.7,67.9,1.65,3.28,90,1,31.8,0
EQ-00519,6.22,68.1,62.5,0.77,1.05,233,0,10.5,0
EQ-00520,2.48,60.6,93.7,0.37,3.42,446,1,18.6,0
EQ-00521,2.11,75.8,51.9,0.34,6.62,98,1,23.2,0
EQ-00522,4.33,64.0,44.7,0.5,3.81,460,1,18.1,0
EQ-00523,4.31,71.6,77.0,0.45,2.38,127,0,23.5,0
EQ-00524,6.3,71.1,56.0,0.35,1.05,363,0,24.6,0
EQ-00525,4.81,71.8,76.7,1.31,4.71,522,0,24.6,1
EQ-00526,3.34,74.6,52.3,2.57,1.26,362,1,27.7,0
EQ-00527,0.81,56.8,84.9,2.04,2.7,245,0,26.3,0
EQ-00528,1.15,77.9,81.9,0.64,2.84,258,0,19.2,0
EQ-00529,3.3,70.0,72.5,1.0,2.91,309,1,36.6,0
EQ-00530,0.56,65.6,85.1,2.92,6.47,347,0,29.2,0
EQ-00531,0.75,62.8,64.9,1.39,1.86,439,1,33.8,0
EQ-00532,2.57,66.2,35.8,1.86,2.39,309,1,20.8,0
EQ-00533,1.58,43.0,44.5,2.77,3.89,203,4,19.1,0
EQ-00534,1.19,60.9,68.1,1.12,5.43,115,0,21.7,0
EQ-00535,4.81,73.0,30.0,1.18,5.25,446,0,23.8,0
EQ-00536,2.47,35.0,92.3,0.13,2.87,418,1,20.3,0
EQ-00537,0.87,55.9,86.0,2.97,2.02,454,2,24.0,0
EQ-00538,2.47,62.1,67.6,1.65,3.49,191,1,19.6,0
EQ-00539,3.83,69.5,88.1,1.03,1.33,369,1,29.8,0
EQ-00540,10.5,70.7,34.3,0.74,2.4,139,1,22.0,0
EQ-00541,5.36,63.9,81.7,3.91,4.45,138,1,19.9,0
EQ-00542,1.59,64.3,85.6,0.65,6.78,486,2,29.4,0
EQ-00543,4.91,43.9,41.9,0.42,1.64,120,1,18.3,0
EQ-00544,3.98,57.7,71.6,0.06,1.52,445,1,29.7,0
EQ-00545,4.45,46.2,44.8,1.69,2.38,49,0,27.3,0
EQ-00546,2.02,56.5,75.4,0.9,2.53,334,2,16.4,0
EQ-00547,3.29,50.2,65.9,1.51,2.27,121,0,23.2,0
EQ-00548,0.71,68.7,43.3,3.61,5.35,25,0,18.8,0
EQ-00549,4.93,56.7,90.1,1.26,1.67,245,1,24.2,1
EQ-00550,0.69,61.9,83.0,2.22,1.86,150,0,30.8,0
EQ-00551,1.96,91.8,51.6,1.28,3.05,75,1,34.3,0
EQ-00552,4.0,92.3,29.1,1.09,1.3,113,0,19.3,0
EQ-00553,1.71,58.3,61.2,1.61,2.48,211,0,16.6,0
EQ-00554,8.74,49.1,34.2,1.88,2.01,215,0,16.4,0
EQ-00555,1.26,64.4,67.0,1.15,1.53,34,0,29.2,0
EQ-00556,3.0,61.8,43.3,2.46,3.84,491,1,25.0,0
EQ-00557,1.37,72.6,44.4,2.69,3.64,368,2,20.4,0
EQ-00558,1.08,69.1,96.6,1.56,4.36,500,0,22.8,0
EQ-00559,3.03,74.9,94.8,1.28,3.82,406,0,20.8,0
EQ-00560,5.94,67.4,75.8,0.6,3.0,314,0,29.9,0
EQ-00561,0.37,64.0,24.5,1.33,4.13,91,0,27.2,0
EQ-00562,1.72,57.1,89.8,0.99,1.5,97,1,35.2,0
EQ-00563,1.65,48.0,86.3,0.8,1.79,188,0,23.1,0
EQ-00564,2.5,59.0,72.8,1.14,2.89,369,0,20.9,0
EQ-00565,1.14,60.0,42.1,0.97,2.86,409,0,24.0,0
EQ-00566,5.69,49.6,90.9,0.75,1.71,430,1,25.0,0
EQ-00567,0.8,55.8,50.5,1.89,4.6,305,0,27.3,0
EQ-00568,0.92,71.0,78.3,0.36,4.84,485,1,34.2,0
EQ-00569,1.48,69.1,44.4,0.68,9.02,206,2,26.3,0
EQ-00570,1.22,62.5,32.4,2.02,1.72,44,2,18.0,0
EQ-00571,7.16,83.9,79.2,1.88,1.91,168,1,29.7,1
EQ-00572,6.6,49.4,70.9,0.59,3.06,95,0,19.0,0
EQ-00573,1.26,75.0,95.8,2.18,1.95,250,1,27.4,0
EQ-00574,2.67,56.4,68.7,0.25,2.36,401,0,26.9,0
EQ-00575,2.93,45.8,25.5,0.7,1.57,310,0,16.5,0
EQ-00576,1.32,65.7,25.5,0.54,1.39,205,0,21.5,0
EQ-00577,4.89,72.7,32.1,1.16,3.38,279,0,23.6,0
EQ-00578,3.45,56.0,27.7,1.75,1.07,244,2,11.8,0
EQ-00579,7.2,79.1,33.9,2.24,2.8,42,1,20.5,0
EQ-00580,0.99,60.8,31.6,1.21,3.23,24,0,19.8,0
EQ-00581,1.51,59.5,38.2,3.14,2.66,367,0,32.1,0
EQ-00582,0.99,67.8,87.7,0.17,2.28,129,0,17.6,0
EQ-00583,1.12,82.8,87.9,0.05,1.44,340,0,16.0,0
EQ-00584,4.45,54.9,23.4,0.93,3.05,167,0,25.8,0
EQ-00585,1.73,44.8,71.1,0.72,1.56,190,1,32.8,0
EQ-00586,3.28,47.6,73.9,0.11,2.26,498,1,29.2,0
EQ-00587,3.77,87.1,76.9,1.69,2.76,38,0,24.5,0
EQ-00588,5.08,65.8,42.1,0.25,3.76,245,0,26.1,0
EQ-00589,8.6,71.7,57.6,2.2,2.42,513,1,29.9,0
EQ-00590,2.05,75.0,47.4,0.54,4.02,236,0,28.2,0
EQ-00591,1.09,64.5,67.2,0.77,3.11,25,1,15.0,0
EQ-00592,5.64,62.7,78.9,3.46,4.91,158,2,18.7,1
EQ-00593,6.17,75.6,42.1,2.24,2.63,246,1,37.8,0
EQ-00594,0.87,65.8,48.3,0.05,1.05,456,3,27.2,0
EQ-00595,7.54,45.9,39.8,1.03,2.43,147,1,23.2,0
EQ-00596,1.04,75.3,32.9,0.78,3.23,183,0,27.5,0
EQ-00597,5.35,54.3,71.0,1.11,4.42,452,1,24.7,0
EQ-00598,0.66,90.7,62.8,0.56,3.8,323,1,19.8,0
EQ-00599,2.05,59.9,33.4,2.65,5.47,112,0,30.5,0
EQ-00600,1.62,60.6,67.3,1.86,3.54,434,0,26.3,0
EQ-00601,3.73,69.2,83.4,0.43,1.51,327,0,29.5,0
EQ-00602,2.64,67.1,82.1,2.54,2.52,90,0,21.4,0
EQ-00603,2.61,59.2,99.3,2.4,2.34,412,2,31.4,0
EQ-00604,4.07,63.2,48.4,0.44,1.09,455,0,21.8,0
EQ-00605,1.35,48.0,60.3,1.63,1.67,172,0,21.5,0
EQ-00606,3.57,44.3,29.1,4.39,2.29,491,0,27.7,0
EQ-00607,7.47,61.7,28.3,1.32,2.28,152,1,27.5,0
EQ-00608,6.98,51.3,34.2,1.68,2.87,344,0,33.6,0
EQ-00609,1.27,62.8,77.9,0.47,3.37,122,3,23.1,0
EQ-00610,2.28,56.5,54.8,0.28,1.75,98,0,16.1,0
EQ-00611,5.0,38.3,79.4,0.77,2.39,369,0,27.3,0
EQ-00612,3.35,70.4,74.6,0.73,1.68,379,0,26.5,0
EQ-00613,3.14,72.1,51.4,2.37,2.41,224,0,20.7,0
EQ-00614,6.69,49.2,62.8,0.29,2.82,317,1,29.4,0
EQ-00615,2.39,76.5,43.9,0.86,4.04,292,0,25.3,0
EQ-00616,0.91,60.9,78.8,0.64,4.83,361,1,15.5,0
EQ-00617,4.52,66.7,89.1,0.84,3.16,16,1,26.7,0
EQ-00618,0.62,74.3,98.0,0.4,2.46,476,1,35.2,0
EQ-00619,3.78,80.1,48.6,1.53,3.25,411,0,34.0,0
EQ-00620,1.76,64.0,30.6,0.61,1.24,181,0,37.7,0
EQ-00621,1.94,61.6,43.4,2.41,4.54,154,0,24.8,0
EQ-00622,0.53,53.1,47.7,3.53,1.8,530,0,22.8,0
EQ-00623,5.44,56.1,88.7,0.28,1.38,409,1,22.3,1
EQ-00624,0.95,51.8,83.0,0.47,1.84,345,0,33.1,0
EQ-00625,2.82,63.4,89.6,0.45,2.17,103,1,25.4,0
EQ-00626,1.1,61.2,84.9,2.88,3.56,257,1,23.1,0
EQ-00627,2.98,86.5,48.1,0.42,4.06,25,0,23.8,0
EQ-00628,1.55,62.9,22.9,1.15,3.19,309,2,14.8,0
EQ-00629,2.4,87.8,54.6,0.39,2.56,257,0,23.3,0
EQ-00630,3.15,65.9,97.4,0.87,3.25,231,1,16.9,1
EQ-00631,1.52,67.6,49.6,1.21,7.18,491,0,12.6,0
EQ-00632,3.76,64.5,48.7,0.72,4.21,164,1,29.4,0
EQ-00633,1.14,78.9,56.0,1.33,1.98,390,0,26.0,0
EQ-00634,2.62,65.7,38.6,1.68,3.78,342,1,22.8,0
EQ-00635,1.03,74.6,51.4,0.34,1.95,207,0,16.8,0
EQ-00636,3.64,67.5,89.6,0.78,2.53,434,1,19.1,0
EQ-00637,4.03,77.6,81.9,0.15,1.96,269,0,27.8,0
EQ-00638,4.04,59.5,45.3,0.2,1.46,284,0,29.5,0
EQ-00639,2.03,55.0,49.7,0.96,3.52,243,0,25.5,0
EQ-00640,2.34,61.3,67.6,0.64,4.8,476,0,25.5,0
EQ-00641,7.34,82.2,71.1,0.08,6.42,185,0,27.6,1
EQ-00642,4.63,62.9,66.3,0.89,3.25,383,1,28.6,0
EQ-00643,0.99,84.2,27.6,1.46,3.01,339,0,17.3,0
EQ-00644,6.04,58.5,58.9,0.29,3.1,253,0,27.5,0
EQ-00645,0.72,83.1,53.3,0.63,3.62,155,0,11.3,0
EQ-00646,0.8,63.5,30.3,0.88,3.05,30,0,14.9,0
EQ-00647,1.05,95.0,23.9,1.67,5.08,302,1,24.4,0
EQ-00648,5.91,61.1,31.2,0.8,2.69,428,1,28.8,0
EQ-00649,1.08,65.5,39.7,3.13,5.1,260,0,35.0,0
EQ-00650,2.32,57.3,52.6,1.3,2.29,282,1,17.6,0
EQ-00651,1.98,79.3,45.8,0.26,3.21,378,1,23.8,0
EQ-00652,1.54,62.1,77.6,0.52,5.69,532,0,21.2,0
EQ-00653,5.33,61.0,96.7,0.31,1.31,409,3,10.9,1
EQ-00654,1.64,58.5,78.3,0.17,4.39,112,0,24.7,0
EQ-00655,8.37,52.3,69.9,1.3,3.04,171,1,29.8,1
EQ-00656,3.41,57.3,31.2,0.74,1.46,303,0,20.0,0
EQ-00657,2.95,67.3,57.2,0.3,3.48,73,1,28.7,0
EQ-00658,1.01,63.3,66.1,2.11,4.24,216,2,24.4,1
EQ-00659,1.71,64.9,82.8,2.7,4.69,84,0,32.6,0
EQ-00660,2.13,67.8,44.7,0.64,2.01,108,2,28.7,0
EQ-00661,0.42,65.7,47.5,1.04,2.52,423,1,28.0,0
EQ-00662,2.77,81.5,66.2,0.62,4.65,215,1,20.7,0
EQ-00663,3.34,77.3,71.6,2.39,3.3,12,0,17.8,0
EQ-00664,1.66,66.4,26.8,2.23,2.43,73,1,31.0,0
EQ-00665,2.53,67.9,80.4,0.84,2.09,233,2,27.1,0
EQ-00666,0.15,68.3,45.4,0.88,3.6,54,0,22.1,0
EQ-00667,4.15,67.8,98.6,1.33,3.99,22,0,13.8,0
EQ-00668,3.4,65.1,89.2,1.17,4.34,337,1,12.8,0
EQ-00669,3.11,69.4,78.6,1.34,2.54,35,1,20.2,0
EQ-00670,2.76,64.4,37.5,0.61,3.48,138,0,29.9,0
EQ-00671,1.65,71.8,22.2,0.53,2.61,251,1,14.0,0
EQ-00672,3.97,69.9,64.3,1.57,1.75,131,0,15.7,0
EQ-00673,8.36,71.8,59.2,1.15,2.27,233,1,30.6,1
EQ-00674,1.99,61.3,96.6,3.61,2.99,146,2,36.9,1
EQ-00675,10.5,81.1,55.9,0.38,1.05,278,1,27.6,1
EQ-00676,3.49,62.8,24.8,1.27,7.18,417,1,22.4,0
EQ-00677,2.81,63.1,23.0,0.4,2.43,287,1,19.2,0
EQ-00678,2.52,53.2,78.6,1.07,1.76,335,1,17.5,0
EQ-00679,7.69,84.3,35.8,0.69,2.01,507,3,20.0,0
EQ-00680,5.7,65.5,65.2,0.76,2.36,216,1,22.5,0
EQ-00681,4.45,65.6,33.5,0.92,7.06,227,0,23.9,0
EQ-00682,1.13,68.0,87.9,1.31,4.74,165,3,32.0,0
EQ-00683,0.81,64.5,36.6,1.11,2.17,345,0,25.4,0
EQ-00684,0.15,65.4,38.5,2.38,2.71,393,0,28.1,0
EQ-00685,0.7,55.8,89.8,1.52,2.27,466,0,24.8,0
EQ-00686,1.72,68.1,56.1,1.24,1.88,79,0,35.7,0
EQ-00687,3.73,46.8,67.4,1.13,4.45,45,3,34.2,1
EQ-00688,1.41,73.1,57.8,0.63,1.77,453,1,17.5,0
EQ-00689,2.14,55.9,36.3,0.68,2.85,433,0,23.1,0
EQ-00690,6.55,67.3,89.4,0.6,2.06,457,1,30.3,1
EQ-00691,0.58,63.4,39.2,1.1,4.29,16,2,14.6,0
EQ-00692,2.47,67.4,86.9,0.47,2.35,207,0,31.6,0
EQ-00693,7.96,76.2,85.7,0.78,5.2,251,0,23.6,0
EQ-00694,1.72,62.6,27.7,1.4,1.95,141,0,14.9,0
EQ-00695,3.02,55.5,53.6,1.13,2.08,50,2,28.7,0
EQ-00696,3.16,59.6,74.7,0.46,4.88,287,1,24.6,0
EQ-00697,0.57,62.2,32.9,0.78,4.69,281,1,28.6,0
EQ-00698,1.96,75.5,54.9,2.28,1.05,68,1,21.4,1
EQ-00699,6.12,53.2,74.5,1.35,1.63,507,0,25.4,0
EQ-00700,5.57,64.3,37.1,2.39,6.89,427,1,17.9,0
EQ-00701,1.63,59.6,96.2,3.91,5.85,445,1,24.8,0
EQ-00702,3.27,57.2,73.2,0.41,2.63,123,0,20.3,0
EQ-00703,1.27,48.0,78.2,0.74,2.34,20,1,24.7,0
EQ-00704,3.48,65.7,60.9,0.76,3.0,76,0,16.5,0
EQ-00705,1.51,64.4,99.3,0.29,1.92,310,0,23.0,0
EQ-00706,6.75,74.1,85.3,2.18,2.13,51,0,12.6,0
EQ-00707,2.93,61.7,23.6,0.26,3.73,204,0,21.7,0
EQ-00708,1.59,69.2,89.7,0.83,1.05,7,3,29.0,0
EQ-00709,1.98,54.8,92.4,1.42,2.77,389,0,19.7,0
EQ-00710,2.21,65.5,74.4,1.31,3.04,104,1,25.0,1
EQ-00711,4.39,86.5,78.4,0.94,1.68,278,1,24.4,0
EQ-00712,1.82,75.4,45.7,0.45,3.0,242,1,21.0,0
EQ-00713,0.99,66.2,24.1,1.05,6.69,462,1,27.5,0
EQ-00714,0.89,75.1,43.5,0.96,1.64,150,3,16.5,0
EQ-00715,2.88,76.4,82.4,0.61,3.47,524,1,19.2,0
EQ-00716,1.33,60.7,32.4,0.45,2.28,264,1,26.2,0
EQ-00717,1.53,55.0,37.7,0.24,2.71,459,0,23.7,0
EQ-00718,2.62,68.9,22.6,1.42,1.38,349,1,22.6,0
EQ-00719,4.42,63.1,46.7,0.05,3.57,326,2,14.7,0
EQ-00720,0.87,62.9,77.3,0.84,2.33,70,1,32.7,0
EQ-00721,6.42,76.8,32.3,1.4,3.77,298,0,19.4,0
EQ-00722,1.35,65.3,86.2,0.6,1.24,243,0,21.6,0
EQ-00723,0.3,73.4,69.7,0.9,2.08,334,0,28.3,0
EQ-00724,2.5,57.2,38.5,1.2,7.78,147,0,24.2,0
EQ-00725,2.85,70.3,85.2,1.11,6.2,439,0,32.3,1
EQ-00726,6.95,57.6,92.9,0.26,1.66,296,0,21.1,0
EQ-00727,4.51,67.0,98.0,1.93,1.05,266,0,12.9,0
EQ-00728,1.77,58.1,66.4,0.38,1.32,188,0,36.3,0
EQ-00729,2.53,55.9,33.1,1.96,5.89,309,0,28.1,0
EQ-00730,3.21,51.3,61.1,0.88,3.91,472,2,21.7,0
EQ-00731,4.71,71.6,71.5,0.77,1.88,539,0,24.2,0
EQ-00732,1.79,67.7,89.2,2.6,5.0,397,1,22.8,1
EQ-00733,1.3,61.6,50.8,0.44,3.55,358,0,28.5,0
EQ-00734,6.14,81.4,82.8,1.27,2.22,517,1,32.3,1
EQ-00735,1.5,55.3,59.5,1.49,3.07,44,1,27.1,0
EQ-00736,4.5,77.4,76.7,2.25,6.48,77,0,15.0,0
EQ-00737,5.52,60.4,83.4,0.59,4.19,324,0,31.7,0
EQ-00738,2.21,64.1,35.1,0.1,6.69,225,1,23.1,0
EQ-00739,1.04,72.7,35.0,0.4,2.76,351,1,22.3,0
EQ-00740,1.43,71.5,50.2,2.31,2.72,160,1,11.9,0
EQ-00741,8.44,52.5,67.6,0.31,2.27,401,1,11.2,1
EQ-00742,4.66,62.7,67.6,0.59,2.8,341,0,17.3,0
EQ-00743,5.25,56.2,34.6,2.35,2.4,468,0,25.1,0
EQ-00744,2.77,64.0,97.9,0.42,2.44,347,1,25.3,0
EQ-00745,1.83,81.2,57.3,2.66,4.61,432,1,33.2,1
EQ-00746,1.72,62.8,69.1,0.51,2.26,127,0,32.2,0
EQ-00747,3.07,76.6,49.5,0.75,4.2,328,0,16.0,0
EQ-00748,6.03,58.4,33.7,0.76,3.41,493,0,33.7,1
EQ-00749,1.58,64.0,53.6,1.05,1.72,191,0,27.1,0
EQ-00750,2.59,58.1,75.9,0.38,2.22,215,1,19.0,0
EQ-00751,8.15,60.3,45.8,1.46,3.6,220,0,21.7,0
EQ-00752,2.82,64.4,82.7,4.4,4.12,79,2,16.9,0
EQ-00753,5.89,46.2,99.7,1.14,1.5,152,3,30.5,1
EQ-00754,1.28,59.5,96.2,0.46,8.74,335,1,22.0,0
EQ-00755,4.41,66.6,66.7,0.09,1.45,367,1,22.2,0
EQ-00756,0.69,76.9,59.8,0.25,3.2,431,0,27.5,0
EQ-00757,8.19,49.6,96.3,1.81,2.64,117,2,22.2,0
EQ-00758,1.26,62.5,51.7,1.2,1.98,282,1,18.9,0
EQ-00759,0.87,84.6,68.6,1.39,4.95,450,1,23.3,0
EQ-00760,1.6,63.5,77.2,1.44,3.4,463,1,24.4,0
EQ-00761,4.99,68.3,39.4,0.46,3.41,300,0,23.2,0
EQ-00762,1.57,72.4,31.2,0.95,2.02,293,1,22.8,0
EQ-00763,2.77,73.9,49.9,1.68,1.27,195,0,20.8,0
EQ-00764,1.97,83.4,51.3,2.95,1.73,74,0,29.7,0
EQ-00765,0.31,70.4,42.2,1.6,2.16,235,0,42.0,0
EQ-00766,4.54,69.1,66.9,0.59,1.91,210,0,30.5,0
EQ-00767,0.85,72.2,27.5,0.83,4.56,533,0,21.1,0
EQ-00768,2.62,64.2,65.1,0.11,2.64,125,0,35.6,0
EQ-00769,2.5,68.0,45.8,0.71,3.73,375,1,18.5,0
EQ-00770,3.05,72.0,59.3,2.25,2.24,70,1,15.2,0
EQ-00771,5.66,57.4,41.0,0.66,1.36,474,1,30.1,0
EQ-00772,1.09,56.3,50.0,0.67,6.12,503,1,21.7,0
EQ-00773,2.33,64.3,92.0,0.91,4.28,237,1,17.5,0
EQ-00774,5.09,67.9,91.6,0.82,1.6,12,0,35.5,0
EQ-00775,1.12,64.3,64.4,0.62,3.04,186,0,28.3,0
EQ-00776,3.38,70.4,62.7,1.71,1.87,410,0,23.2,0
EQ-00777,0.7,70.5,82.1,2.52,1.6,314,0,20.6,0
EQ-00778,4.0,72.8,47.2,0.54,3.34,356,0,24.7,0
EQ-00779,2.63,67.0,80.9,1.37,2.7,25,1,26.8,0
EQ-00780,2.54,49.3,69.4,0.72,4.88,177,1,21.5,0
EQ-00781,2.74,74.5,70.1,1.7,3.06,307,1,32.1,0
EQ-00782,7.63,47.0,76.3,1.36,3.55,464,0,25.8,1
EQ-00783,8.8,71.6,50.8,0.34,3.16,445,0,30.0,0
EQ-00784,2.46,57.4,54.2,0.29,1.99,95,1,13.8,0
EQ-00785,7.21,70.5,75.6,1.4,1.24,456,0,22.6,1
EQ-00786,1.09,59.3,55.8,1.25,2.12,475,0,23.5,0
EQ-00787,3.95,71.1,47.3,1.2,1.43,285,0,17.6,0
EQ-00788,3.95,71.4,27.1,0.51,2.32,235,0,14.3,0
EQ-00789,4.87,66.1,65.3,0.76,2.11,132,1,15.1,0
EQ-00790,0.41,75.7,49.4,0.96,2.49,47,0,26.2,0
EQ-00791,4.57,70.6,89.1,1.25,3.89,256,0,26.3,0
EQ-00792,1.05,63.5,96.9,2.85,6.55,9,1,26.5,0
EQ-00793,1.0,56.1,62.8,2.1,2.2,75,0,26.2,0
EQ-00794,2.3,53.9,77.1,3.17,2.91,16,0,21.2,0
EQ-00795,5.01,85.1,93.2,0.69,3.5,389,1,21.5,1
EQ-00796,1.8,65.9,26.6,0.63,7.61,44,1,28.7,0
EQ-00797,6.91,66.2,79.8,0.49,6.61,442,1,19.5,1
EQ-00798,4.58,69.5,81.1,2.63,2.02,321,2,22.5,1
EQ-00799,0.74,60.9,64.5,0.11,7.12,160,2,27.2,0
EQ-00800,2.11,80.2,72.8,2.39,1.29,52,0,23.5,0
EQ-00801,3.16,73.2,37.7,0.18,2.26,382,0,21.6,0
EQ-00802,6.63,74.4,57.7,1.36,6.19,469,2,13.5,0
EQ-00803,0.92,62.8,79.4,0.4,3.15,458,2,20.6,0
EQ-00804,10.5,72.5,48.6,1.06,2.47,370,1,31.5,0
EQ-00805,2.58,58.2,78.5,0.78,4.88,86,3,19.5,0
EQ-00806,5.2,79.2,75.6,0.91,2.43,414,0,30.3,0
EQ-00807,2.28,57.9,84.3,2.85,5.31,91,1,34.9,0
EQ-00808,6.23,86.8,96.2,0.56,2.51,315,0,16.3,1
EQ-00809,1.18,60.9,93.8,1.52,6.4,260,1,21.5,1
EQ-00810,2.02,69.8,95.5,1.05,1.05,333,2,13.9,1
EQ-00811,1.62,56.8,55.3,0.14,6.73,356,1,19.2,0
EQ-00812,1.13,46.9,62.2,1.45,1.74,29,2,13.2,0
EQ-00813,0.54,75.9,86.0,0.54,1.75,273,1,25.7,0
EQ-00814,1.2,56.3,35.4,2.94,3.41,466,0,20.0,0
EQ-00815,4.03,53.3,96.1,0.44,2.58,344,0,23.8,1
EQ-00816,5.37,60.5,78.4,0.41,1.75,121,1,24.3,0
EQ-00817,2.0,52.2,36.0,1.55,2.51,374,0,22.8,0
EQ-00818,3.76,56.6,90.6,0.14,2.59,199,0,27.9,0
EQ-00819,4.06,67.0,58.7,1.02,1.15,524,0,30.4,0
EQ-00820,0.54,85.2,74.6,0.62,2.12,307,1,22.1,1
EQ-00821,1.04,68.0,83.9,0.16,2.31,10,2,19.0,0
EQ-00822,0.63,64.9,31.5,0.46,4.37,356,0,26.1,0
EQ-00823,2.1,97.6,56.0,0.47,4.11,33,0,22.1,0
EQ-00824,0.78,80.1,52.4,0.75,1.42,104,1,22.4,0
EQ-00825,8.6,64.4,33.9,0.88,6.1,138,2,20.5,1
EQ-00826,1.98,54.9,87.9,4.14,4.22,416,2,24.2,0
EQ-00827,1.6,68.4,60.1,0.84,1.05,211,1,24.7,0
EQ-00828,3.79,66.1,70.6,0.32,1.56,378,0,29.3,0
EQ-00829,4.76,70.2,85.1,0.75,3.27,163,0,35.4,0
EQ-00830,0.54,63.3,93.1,1.1,3.28,185,0,24.8,0
EQ-00831,2.44,52.4,77.1,0.3,1.07,338,0,22.8,0
EQ-00832,6.11,67.4,73.0,0.72,3.31,510,1,19.9,0
EQ-00833,3.06,59.8,85.6,0.36,8.14,243,0,25.3,0
EQ-00834,0.88,71.9,59.9,2.32,2.39,314,1,28.7,0
EQ-00835,1.34,48.5,97.9,1.63,3.6,30,1,14.5,0
EQ-00836,2.4,73.3,54.2,1.54,2.91,60,0,30.3,0
EQ-00837,1.36,72.4,60.7,3.03,6.84,514,0,27.7,0
EQ-00838,5.94,61.2,32.7,1.09,2.23,392,0,19.8,0
EQ-00839,2.06,65.4,22.9,0.64,3.66,500,4,21.2,0
EQ-00840,2.98,86.1,53.1,2.82,2.08,423,0,18.0,0
EQ-00841,1.02,60.3,89.8,2.11,1.58,507,0,19.9,0
EQ-00842,5.46,53.1,84.5,0.75,2.58,203,1,21.5,0
EQ-00843,1.1,75.6,84.6,1.97,2.74,200,1,35.4,0
EQ-00844,1.53,62.9,75.3,1.93,6.72,268,1,29.6,0
EQ-00845,2.88,61.0,53.0,1.1,2.06,191,1,24.4,0
EQ-00846,5.73,64.4,84.4,1.72,5.92,420,0,14.8,1
EQ-00847,6.51,54.8,66.2,0.92,2.8,204,2,28.7,0
EQ-00848,2.31,63.1,91.8,0.64,4.2,386,1,27.7,0
EQ-00849,7.02,78.4,43.7,2.15,3.35,333,0,29.5,0
EQ-00850,8.18,75.7,39.9,0.08,2.78,333,1,23.3,1
EQ-00851,0.32,77.2,55.6,0.26,1.05,138,2,34.0,0
EQ-00852,0.73,49.2,54.4,0.34,2.77,354,0,31.9,0
EQ-00853,3.14,64.4,72.2,0.66,3.19,392,0,21.3,0
EQ-00854,3.87,68.2,24.6,0.57,9.19,203,0,27.2,0
EQ-00855,4.56,61.7,63.8,1.38,2.62,233,0,26.1,0
EQ-00856,4.23,53.0,61.9,1.21,4.04,25,0,22.7,0
EQ-00857,4.39,61.0,70.7,0.05,2.73,102,0,30.5,0
EQ-00858,4.46,86.7,76.9,1.42,3.12,336,1,18.9,1
EQ-00859,3.04,66.5,69.7,2.64,2.15,440,1,28.8,0
EQ-00860,1.09,67.8,47.9,0.34,5.43,313,0,18.6,0
EQ-00861,4.84,75.0,53.8,0.79,1.64,420,0,16.5,0
EQ-00862,1.07,56.2,39.7,0.39,2.94,435,2,19.5,0
EQ-00863,3.86,76.5,95.5,2.12,3.05,319,0,30.1,0
EQ-00864,0.85,67.6,65.1,1.8,3.01,340,0,24.2,0
EQ-00865,3.0,47.1,97.1,3.22,2.62,147,0,32.3,0
EQ-00866,2.9,60.2,41.4,3.21,1.61,126,1,29.9,0
EQ-00867,3.57,51.3,46.2,0.77,2.16,243,1,33.7,0
EQ-00868,1.73,62.4,94.0,0.26,5.83,425,0,21.2,0
EQ-00869,0.66,77.9,66.7,0.06,3.83,420,0,24.1,0
EQ-00870,2.83,67.0,27.0,1.3,6.01,376,0,20.1,0
EQ-00871,4.51,66.4,80.5,2.7,3.94,184,0,17.6,1
EQ-00872,2.4,74.9,98.0,0.69,3.37,426,2,26.8,0
EQ-00873,4.13,48.6,26.8,2.11,3.14,347,0,29.1,0
EQ-00874,2.55,59.4,93.9,2.13,1.34,125,1,14.9,0
EQ-00875,1.0,79.2,88.5,0.82,1.78,94,0,30.3,0
EQ-00876,10.5,68.0,67.5,1.98,3.02,172,0,16.0,1
EQ-00877,3.77,74.1,96.9,0.77,5.03,446,0,28.4,0
EQ-00878,3.88,44.2,94.4,0.17,1.05,294,0,29.0,0
EQ-00879,1.42,72.0,39.8,0.39,8.63,486,0,25.3,0
EQ-00880,9.23,76.9,88.4,1.49,6.87,294,3,37.2,1
EQ-00881,2.0,62.9,97.9,2.73,2.48,54,1,33.8,0
EQ-00882,4.49,60.5,23.8,0.87,1.05,150,0,24.4,0
EQ-00883,3.53,56.4,77.2,1.44,4.25,247,0,20.2,0
EQ-00884,1.2,87.6,38.4,0.71,2.66,43,4,24.3,0
EQ-00885,1.38,65.9,49.7,2.06,6.3,347,0,24.7,1
EQ-00886,1.08,73.3,90.3,0.88,2.06,16,0,23.8,0
EQ-00887,2.52,56.7,49.8,2.38,3.04,143,1,22.6,0
EQ-00888,1.07,63.8,64.1,1.62,1.55,508,0,29.4,0
EQ-00889,1.53,66.2,71.4,2.74,2.57,250,0,28.0,0
EQ-00890,6.3,61.6,89.7,0.24,2.32,27,1,25.3,0
EQ-00891,3.78,50.5,82.0,2.98,4.91,519,0,18.3,0
EQ-00892,4.0,67.9,53.1,2.18,2.03,244,0,23.0,0
EQ-00893,2.76,93.2,66.1,0.69,1.05,196,1,31.3,0
EQ-00894,4.88,55.7,74.2,2.69,2.48,198,1,25.0,0
EQ-00895,4.91,62.1,86.4,0.37,1.47,480,2,27.6,1
EQ-00896,5.5,83.1,96.0,2.91,2.91,56,0,23.5,1
EQ-00897,2.22,78.7,27.5,0.22,3.44,35,2,23.9,0
EQ-00898,3.96,60.6,60.5,1.02,7.11,67,0,29.2,0
EQ-00899,2.9,54.3,95.5,1.03,2.34,43,0,29.8,0
EQ-00900,3.55,69.5,24.7,0.59,1.61,155,0,17.8,0
EQ-00901,2.04,51.4,51.4,3.38,2.76,406,1,18.3,0
EQ-00902,7.82,59.4,83.2,0.78,3.39,418,0,27.6,0
EQ-00903,2.79,69.6,79.7,0.85,3.75,21,0,18.9,0
EQ-00904,1.32,73.5,84.5,1.8,2.2,127,1,17.2,1
EQ-00905,2.99,48.1,51.0,1.3,3.47,152,1,28.0,0
EQ-00906,0.69,76.8,33.0,0.23,3.31,262,0,16.0,0
EQ-00907,3.65,67.2,66.2,2.87,5.26,15,0,23.6,0
EQ-00908,10.5,46.1,25.0,1.01,3.53,285,0,9.8,0
EQ-00909,2.78,43.7,45.7,0.54,4.22,499,3,26.7,0
EQ-00910,1.35,57.9,93.3,1.32,1.34,174,0,27.6,0
EQ-00911,4.05,77.8,47.7,1.38,4.43,51,3,17.2,0
EQ-00912,5.2,58.2,82.5,1.12,3.14,415,2,26.9,1
EQ-00913,3.73,68.4,69.8,1.38,5.33,522,1,26.6,0
EQ-00914,1.11,57.5,52.8,1.97,2.62,385,0,20.9,0
EQ-00915,1.42,69.0,76.9,2.42,2.54,67,0,29.6,0
EQ-00916,2.94,64.9,74.4,1.15,3.24,25,0,18.8,0
EQ-00917,0.39,67.6,49.5,2.25,4.02,47,0,15.8,0
EQ-00918,1.95,69.8,82.2,0.98,1.72,113,0,23.0,0
EQ-00919,1.53,51.1,88.8,2.61,2.77,231,1,24.6,0
EQ-00920,1.51,59.1,56.6,0.95,1.91,270,0,25.5,0
EQ-00921,4.16,64.4,69.5,0.69,7.79,137,0,29.3,0
EQ-00922,2.89,70.8,60.1,2.06,1.05,106,1,27.4,0
EQ-00923,2.09,74.1,74.5,1.28,1.46,470,0,40.8,0
EQ-00924,0.92,68.7,35.6,2.97,3.79,254,0,30.0,0
EQ-00925,2.2,65.8,95.0,3.04,2.26,38,0,22.4,0
EQ-00926,4.93,71.9,46.7,0.22,4.77,83,1,28.4,0
EQ-00927,10.5,55.5,97.1,0.69,3.11,242,1,21.7,1
EQ-00928,2.2,76.3,96.7,0.97,3.85,530,0,21.7,0
EQ-00929,2.39,76.4,41.7,0.95,1.26,378,0,24.2,0
EQ-00930,3.61,64.8,92.2,0.51,3.13,123,3,14.0,0
EQ-00931,2.98,57.7,81.4,1.98,3.16,73,1,17.6,0
EQ-00932,3.29,64.0,29.2,0.14,2.36,328,0,24.8,0
EQ-00933,0.71,70.7,76.2,1.9,4.3,186,2,24.0,0
EQ-00934,1.85,60.4,28.0,1.34,3.44,517,0,39.3,0
EQ-00935,3.67,57.5,91.4,1.31,4.47,116,1,27.4,0
EQ-00936,0.72,89.2,52.5,0.72,2.01,423,1,25.5,0
EQ-00937,3.32,72.9,50.6,2.27,4.11,530,0,22.4,0
EQ-00938,2.8,69.1,91.2,1.9,1.46,485,0,21.9,0
EQ-00939,3.95,60.9,58.6,1.34,7.9,537,2,20.4,0
EQ-00940,3.43,65.4,90.0,0.78,4.54,204,0,30.3,0
EQ-00941,3.03,62.8,81.0,1.38,1.48,215,1,25.2,0
EQ-00942,5.27,66.7,67.2,1.51,3.47,524,0,22.3,0
EQ-00943,4.5,67.7,53.5,2.71,2.32,428,1,21.7,0
EQ-00944,1.0,73.7,46.3,1.22,1.4,90,0,28.3,0
EQ-00945,2.83,61.9,52.3,0.7,4.61,262,0,35.3,0
EQ-00946,6.23,69.3,31.2,1.95,1.5,476,0,35.1,0
EQ-00947,1.32,75.8,70.1,1.67,3.32,78,2,11.1,0
EQ-00948,3.76,67.3,30.1,1.74,2.83,230,0,33.2,0
EQ-00949,2.7,83.1,52.0,0.7,2.66,402,0,31.9,0
EQ-00950,9.0,78.7,74.8,1.58,2.68,392,0,25.3,1
EQ-00951,0.89,70.9,37.2,0.83,2.72,359,1,23.5,0
EQ-00952,0.84,71.5,72.2,0.55,2.78,422,0,29.6,0
EQ-00953,2.3,71.7,74.3,1.35,4.42,298,1,23.5,0
EQ-00954,8.62,57.4,59.4,0.4,5.94,260,0,22.1,0
EQ-00955,5.18,54.8,45.5,1.47,2.53,439,2,19.2,1
EQ-00956,0.83,78.7,59.2,1.83,1.31,302,1,21.9,0
EQ-00957,1.67,54.5,65.4,0.72,1.37,438,2,26.7,0
EQ-00958,6.53,65.1,86.5,0.13,2.9,178,0,26.1,0
EQ-00959,1.12,65.9,36.6,2.07,1.24,112,0,28.0,0
EQ-00960,2.67,84.6,96.0,1.24,3.92,186,1,30.8,0
EQ-00961,4.71,48.1,27.6,2.79,1.65,537,0,20.2,0
EQ-00962,3.51,66.2,35.6,0.77,3.81,42,0,21.9,0
EQ-00963,4.16,65.7,79.3,0.61,2.55,71,1,24.2,0
EQ-00964,3.67,73.9,94.1,2.91,8.82,406,1,20.7,1
EQ-00965,2.28,76.9,27.1,0.75,5.75,390,1,20.4,0
EQ-00966,0.53,57.7,53.6,1.92,3.1,474,0,21.1,0
EQ-00967,8.36,61.6,87.1,0.47,1.59,123,0,25.8,0
EQ-00968,9.06,67.8,25.1,1.53,3.68,250,0,16.0,0
EQ-00969,2.31,48.9,72.9,2.11,3.56,293,0,16.6,0
EQ-00970,7.17,67.7,71.5,2.01,2.83,424,0,33.4,0
EQ-00971,5.78,70.6,31.4,2.61,3.0,345,1,20.8,0
EQ-00972,4.63,53.0,67.8,0.31,7.41,215,0,27.1,0
EQ-00973,2.29,79.6,69.8,0.2,1.5,114,0,30.1,0
EQ-00974,1.55,68.1,73.0,2.3,2.81,420,2,18.7,0
EQ-00975,1.22,78.3,59.8,0.69,2.63,316,1,14.2,1
EQ-00976,0.54,71.5,61.2,1.8,2.03,130,3,24.9,0
EQ-00977,6.41,85.7,79.6,0.5,1.99,457,0,23.5,1
EQ-00978,0.75,72.6,50.4,0.76,4.31,153,2,24.3,0
EQ-00979,1.8,59.6,69.0,0.88,2.85,196,1,29.2,0
EQ-00980,0.92,63.9,34.0,0.61,1.49,416,0,24.5,0
EQ-00981,10.5,59.6,45.9,0.9,1.98,355,0,23.6,1
EQ-00982,1.1,50.4,65.1,0.9,2.65,371,2,20.3,0
EQ-00983,4.73,73.4,33.8,2.19,5.39,388,0,20.5,0
EQ-00984,2.41,63.2,89.7,1.03,1.87,426,1,32.6,0
EQ-00985,3.62,70.6,48.5,0.47,1.82,211,0,16.1,0
EQ-00986,1.3,62.6,87.9,1.43,2.78,498,0,21.4,0
EQ-00987,1.96,62.6,29.1,1.33,1.16,19,0,22.6,0
EQ-00988,0.58,75.0,41.1,0.61,3.95,353,1,25.6,0
EQ-00989,4.56,61.3,43.0,0.3,2.43,331,1,33.4,0
EQ-00990,4.55,73.0,25.9,0.48,2.75,418,0,21.3,0
EQ-00991,2.8,54.1,99.9,0.4,2.22,75,0,19.0,0
EQ-00992,0.8,69.6,49.0,3.61,1.68,41,0,27.9,0
EQ-00993,4.74,55.7,36.5,1.49,2.49,479,1,18.0,0
EQ-00994,3.45,79.7,85.5,1.94,1.67,265,2,26.7,1
EQ-00995,6.29,38.6,69.7,1.02,4.04,533,2,28.1,0
EQ-00996,1.23,58.3,82.3,2.07,5.41,397,1,22.7,1
EQ-00997,3.64,77.1,58.3,1.23,2.1,399,0,30.9,0
EQ-00998,3.37,68.5,56.4,0.84,2.75,512,1,18.9,0
EQ-00999,6.44,78.2,28.5,0.24,4.22,402,2,31.7,0
EQ-01000,0.49,73.7,54.5,1.19,4.01,112,1,29.1,0
EQ-01001,1.78,52.7,57.4,0.22,4.61,240,0,18.0,0
EQ-01002,0.75,78.9,97.4,0.43,3.15,466,1,20.9,0
EQ-01003,1.06,55.4,58.9,3.06,2.27,287,0,21.2,0
EQ-01004,1.65,67.9,84.2,1.01,2.25,434,2,25.2,0
EQ-01005,1.21,74.0,98.7,1.14,5.62,518,0,14.7,0
EQ-01006,1.62,63.8,64.5,0.77,5.95,501,0,16.7,0
EQ-01007,0.92,66.8,84.1,1.14,2.96,57,0,26.9,0
EQ-01008,4.38,55.2,61.7,2.16,3.81,154,2,27.9,0
EQ-01009,8.55,54.7,33.1,2.14,1.11,364,1,35.6,0
EQ-01010,5.14,66.2,86.6,1.64,3.63,247,1,28.9,0
EQ-01011,3.82,65.7,26.5,2.27,4.88,471,0,24.9,0
EQ-01012,0.38,66.8,87.3,1.09,2.52,391,1,28.0,0
EQ-01013,3.96,54.1,37.3,2.34,5.67,72,0,18.4,0
EQ-01014,1.77,70.4,59.9,1.05,2.38,374,1,25.1,0
EQ-01015,5.41,80.3,60.2,1.17,2.07,328,0,32.0,0
EQ-01016,3.14,51.6,82.4,1.62,2.89,47,0,26.7,0
EQ-01017,1.3,47.6,28.2,1.07,3.55,130,0,17.3,0
EQ-01018,0.49,68.8,61.2,1.31,3.37,347,0,31.7,0
EQ-01019,1.39,64.7,61.0,0.99,2.36,24,1,18.7,0
EQ-01020,1.92,76.0,99.9,0.66,1.9,417,1,24.0,0
EQ-01021,4.4,61.2,42.1,0.34,1.66,60,0,23.6,0
EQ-01022,1.24,54.1,49.6,5.02,2.37,305,3,21.2,0
EQ-01023,4.91,71.2,48.6,2.13,2.24,307,0,23.9,1
EQ-01024,1.5,78.0,34.8,0.47,1.05,134,0,21.8,0
EQ-01025,5.14,65.1,89.6,2.59,3.55,18,1,20.6,0
EQ-01026,2.57,60.8,53.9,1.1,2.74,283,1,25.5,0
EQ-01027,3.19,70.2,27.2,2.06,1.84,428,1,19.5,0
EQ-01028,0.48,90.0,81.2,0.83,3.08,187,0,24.0,0
EQ-01029,1.85,77.8,64.3,2.45,3.4,251,1,22.2,0
EQ-01030,4.75,65.1,56.0,2.08,2.02,65,0,23.9,0
EQ-01031,7.35,53.1,72.3,0.79,2.99,289,1,26.3,0
EQ-01032,2.37,54.5,94.9,3.21,1.91,282,0,22.1,0
EQ-01033,4.59,42.1,44.8,0.92,3.79,136,0,23.5,0
EQ-01034,1.4,75.2,26.3,0.51,3.87,256,0,14.9,0
EQ-01035,1.06,61.9,96.2,0.62,1.99,390,3,23.8,0
EQ-01036,3.86,64.2,89.3,2.49,1.36,516,0,14.1,0
EQ-01037,2.58,83.5,73.7,1.38,2.44,155,0,33.9,0
EQ-01038,2.99,55.7,47.7,1.43,3.02,102,0,18.4,0
EQ-01039,3.43,69.5,26.1,1.16,1.92,103,1,20.6,0
EQ-01040,0.51,61.1,97.3,1.04,1.66,286,0,22.5,0
EQ-01041,2.75,65.1,98.6,0.33,3.26,117,0,24.9,0
EQ-01042,1.92,76.9,73.0,0.91,2.81,347,1,28.8,0
EQ-01043,2.0,83.7,34.2,0.99,6.82,63,0,19.3,0
EQ-01044,0.65,80.0,30.9,0.69,1.35,412,0,25.6,0
EQ-01045,2.37,69.4,66.0,0.56,3.61,414,0,17.9,0
EQ-01046,1.52,57.4,68.1,2.53,2.75,500,1,22.8,0
EQ-01047,1.75,64.7,38.3,0.77,2.76,216,0,31.8,0
EQ-01048,1.32,71.2,88.9,2.0,2.41,244,0,19.3,0
EQ-01049,2.08,59.1,79.6,3.13,2.65,408,1,27.1,0
EQ-01050,2.96,40.6,40.6,2.63,6.7,115,0,28.5,0
EQ-01051,2.45,61.1,46.4,0.1,1.42,162,1,21.4,0
EQ-01052,0.89,59.9,78.0,0.38,1.96,88,0,31.3,0
EQ-01053,6.66,64.7,91.3,0.86,2.48,31,0,25.1,1
EQ-01054,2.42,48.7,49.5,2.43,1.69,75,1,16.8,0
EQ-01055,2.98,75.4,38.1,0.66,1.52,379,0,29.8,0
EQ-01056,2.55,62.9,37.0,0.35,5.01,228,1,24.8,0
EQ-01057,4.25,46.4,55.9,1.31,3.94,523,1,24.1,1
EQ-01058,2.17,54.6,58.7,0.75,6.05,448,0,27.8,0
EQ-01059,0.6,72.6,40.5,1.26,2.54,314,1,25.2,0
EQ-01060,2.84,46.3,51.7,0.14,1.97,68,3,24.7,0
EQ-01061,4.56,73.2,63.3,3.39,3.44,263,2,33.7,0
EQ-01062,2.22,80.2,37.2,0.93,2.29,30,1,27.7,0
EQ-01063,1.45,72.3,97.0,0.25,6.67,31,0,28.5,0
EQ-01064,1.46,74.9,40.8,0.09,4.59,54,2,21.7,0
EQ-01065,1.97,72.5,80.7,0.6,2.51,527,1,22.9,0
EQ-01066,5.26,55.8,87.7,0.93,1.91,73,0,22.1,0
EQ-01067,2.04,74.1,54.6,2.69,3.39,506,2,11.7,0
EQ-01068,2.61,66.0,35.2,0.94,3.38,385,1,26.5,0
EQ-01069,0.52,75.3,75.3,1.96,4.37,33,0,25.5,0
EQ-01070,3.15,65.6,56.7,0.97,3.18,450,4,14.4,0
EQ-01071,2.93,75.9,92.7,0.7,3.19,128,0,29.1,0
EQ-01072,3.23,70.9,74.4,1.27,4.77,475,1,14.9,0
EQ-01073,2.72,59.4,44.1,1.46,2.55,324,1,24.0,0
EQ-01074,4.28,65.2,50.2,1.1,2.07,120,1,27.5,0
EQ-01075,3.02,76.9,74.0,0.92,1.97,249,0,19.7,0
EQ-01076,1.07,55.4,58.0,2.85,1.87,451,0,21.9,0
EQ-01077,1.36,70.4,53.1,2.93,2.33,155,0,22.2,0
EQ-01078,1.55,68.5,93.4,2.04,1.58,124,1,21.8,0
EQ-01079,1.02,64.8,22.4,0.62,3.38,386,1,32.6,0
EQ-01080,1.9,58.7,86.4,2.38,2.36,449,0,24.9,1
EQ-01081,4.48,58.6,76.6,0.96,2.22,44,1,25.9,0
EQ-01082,5.89,68.9,40.5,0.17,3.01,211,0,30.2,0
EQ-01083,5.2,68.2,43.6,1.33,4.85,351,1,16.8,0
EQ-01084,3.68,74.1,81.5,1.57,1.49,363,0,27.0,1
EQ-01085,2.72,74.4,65.3,2.99,3.36,523,2,22.9,0
EQ-01086,3.3,55.2,45.2,2.06,2.31,148,1,27.6,0
EQ-01087,1.49,73.3,60.6,0.76,2.03,244,1,23.8,0
EQ-01088,1.9,86.0,81.3,0.31,2.48,319,0,33.8,0
EQ-01089,1.33,73.0,66.4,0.89,4.05,455,0,21.4,0
EQ-01090,4.15,72.1,86.0,0.23,5.03,436,0,23.1,0
EQ-01091,1.48,84.1,36.2,1.62,2.41,470,1,30.5,0
EQ-01092,5.45,79.9,96.6,0.45,1.05,380,0,31.2,0
EQ-01093,5.72,67.9,39.4,3.43,6.28,198,2,19.9,1
EQ-01094,3.51,65.2,72.3,0.55,7.27,513,1,27.9,0
EQ-01095,1.57,52.9,93.7,1.59,2.45,134,0,23.1,0
EQ-01096,2.45,77.4,56.7,1.49,2.89,9,1,15.1,1
EQ-01097,3.86,71.2,65.2,1.53,1.67,534,0,13.6,0
EQ-01098,2.81,82.1,80.7,0.71,1.07,425,0,25.9,0
EQ-01099,7.94,79.1,27.5,1.17,5.61,77,4,17.7,0
EQ-01100,1.54,74.1,54.8,1.92,3.51,7,1,29.0,0
EQ-01101,6.0,66.4,58.4,1.18,2.91,461,0,18.8,1
EQ-01102,5.56,62.9,57.0,1.08,3.91,256,0,20.0,0
EQ-01103,2.42,74.0,49.6,1.72,2.02,329,2,18.5,0
EQ-01104,1.43,69.3,72.6,1.72,2.75,98,0,21.5,0
EQ-01105,4.26,76.5,64.4,2.11,2.27,465,1,25.1,0
EQ-01106,3.38,70.3,25.5,1.07,3.19,279,1,28.7,0
EQ-01107,2.56,77.2,57.9,3.21,3.43,398,0,15.4,0
EQ-01108,0.5,93.7,46.9,1.52,3.87,325,0,30.1,0
EQ-01109,6.28,63.3,47.3,0.58,1.26,488,0,32.5,0
EQ-01110,2.07,70.8,28.3,1.34,4.44,448,1,25.0,0
EQ-01111,1.42,83.0,82.3,0.5,1.63,13,1,29.3,0
EQ-01112,1.49,69.6,48.3,2.36,2.81,39,1,18.0,0
EQ-01113,0.71,66.5,34.8,0.37,2.1,449,1,25.6,0
EQ-01114,6.6,62.5,66.8,1.2,5.51,127,2,22.9,0
EQ-01115,5.01,75.2,47.5,1.42,2.14,40,1,30.4,0
EQ-01116,0.98,64.5,33.0,0.46,3.79,338,0,18.1,0
EQ-01117,0.63,84.5,75.0,0.32,2.12,216,1,22.5,0
EQ-01118,1.59,81.2,78.1,1.37,2.4,419,0,18.1,0
EQ-01119,3.99,45.9,79.1,2.9,1.57,439,0,20.8,0
EQ-01120,8.13,65.9,40.7,1.86,2.13,420,0,26.4,0
EQ-01121,5.8,67.9,40.9,0.88,1.41,138,0,17.0,0
EQ-01122,2.6,62.8,46.2,1.96,2.4,408,0,16.8,0
EQ-01123,1.94,66.7,56.5,0.78,5.49,340,1,14.2,0
EQ-01124,1.03,75.5,67.5,1.06,1.05,290,0,27.0,0
EQ-01125,1.07,53.2,94.4,0.57,4.81,29,2,11.1,0
EQ-01126,5.08,71.7,98.9,0.38,3.65,364,0,21.3,1
EQ-01127,0.75,64.7,88.0,2.71,1.35,510,0,25.8,0
EQ-01128,1.95,68.2,80.3,0.08,1.6,10,0,24.5,0
EQ-01129,1.94,81.1,55.9,0.8,2.57,504,2,18.2,0
EQ-01130,4.69,74.5,33.2,1.15,7.07,25,0,22.5,1
EQ-01131,6.42,52.1,39.8,1.99,3.63,537,1,23.0,0
EQ-01132,2.0,59.5,52.8,0.65,1.68,492,1,28.1,0
EQ-01133,2.69,51.7,64.9,0.59,3.39,323,1,18.2,0
EQ-01134,0.79,78.5,48.0,3.65,5.18,9,0,23.2,0
EQ-01135,2.35,75.8,44.8,0.63,5.19,367,0,21.8,0
EQ-01136,2.06,74.9,30.1,1.43,1.6,530,1,27.2,0
EQ-01137,7.7,68.6,44.1,0.89,3.27,159,0,28.3,0
EQ-01138,1.42,63.0,40.2,0.77,3.47,204,0,21.9,0
EQ-01139,1.1,69.9,90.7,2.14,2.07,533,1,18.2,0
EQ-01140,2.19,47.6,84.9,1.87,1.59,265,1,26.6,0
EQ-01141,7.83,65.0,32.1,2.32,3.54,311,0,23.9,0
EQ-01142,1.17,72.8,22.7,1.77,3.77,214,1,30.5,0
EQ-01143,1.46,70.5,69.4,3.63,2.92,497,1,23.9,1
EQ-01144,10.45,61.4,65.5,0.93,4.57,474,0,25.0,1
EQ-01145,2.54,67.4,49.2,2.54,2.63,72,0,27.8,0
EQ-01146,1.25,69.6,26.3,4.42,1.58,78,2,27.2,0
EQ-01147,0.47,72.9,53.1,0.26,3.92,468,1,20.9,0
EQ-01148,3.26,76.2,56.8,2.36,3.74,142,1,15.4,0
EQ-01149,0.69,70.3,61.5,0.63,3.29,5,1,20.1,0
EQ-01150,10.5,43.1,48.2,0.35,1.54,537,1,22.8,0
EQ-01151,2.85,82.2,26.3,1.15,3.77,38,1,25.1,0
EQ-01152,3.79,75.8,57.8,3.34,5.07,508,2,28.6,0
EQ-01153,2.42,60.9,22.1,1.44,2.13,243,1,21.0,1
EQ-01154,3.63,58.5,75.4,1.08,3.82,130,2,23.6,0
EQ-01155,4.86,85.0,64.4,1.89,3.99,280,1,18.6,0
EQ-01156,1.9,55.3,88.8,0.62,3.74,43,1,21.5,0
EQ-01157,1.63,75.7,74.2,4.83,2.31,12,2,29.8,0
EQ-01158,3.91,65.3,30.9,2.04,1.97,242,4,30.7,1
EQ-01159,4.81,67.9,55.0,0.57,2.07,409,1,21.4,0
EQ-01160,4.28,58.0,57.9,0.31,4.15,238,0,21.2,0
EQ-01161,2.54,59.2,59.1,0.88,4.53,255,0,12.3,0
EQ-01162,2.4,47.1,75.7,0.92,2.55,272,2,27.1,0
EQ-01163,1.44,71.5,63.1,1.62,4.49,292,1,24.3,0
EQ-01164,3.47,45.8,65.3,1.51,4.71,60,0,27.4,0
EQ-01165,1.55,68.9,97.4,2.66,3.37,7,1,13.8,0
EQ-01166,2.63,64.2,34.4,1.91,1.71,223,1,21.5,0
EQ-01167,1.43,68.2,49.3,0.25,4.3,376,1,20.7,0
EQ-01168,2.74,79.4,52.4,0.23,1.98,121,0,21.3,0
EQ-01169,3.07,77.2,37.0,1.81,5.16,238,0,18.0,0
EQ-01170,2.02,83.5,78.7,1.37,3.79,413,0,23.7,0
EQ-01171,1.46,62.5,52.7,0.19,3.14,451,0,17.4,0
EQ-01172,1.5,60.1,59.0,0.64,3.18,35,0,24.4,0
EQ-01173,2.31,56.2,34.1,2.44,2.5,536,0,28.3,0
EQ-01174,1.3,54.9,59.5,0.94,2.47,129,0,29.1,0
EQ-01175,1.98,71.6,85.5,0.55,1.06,497,0,41.2,0
EQ-01176,2.94,61.2,96.9,1.04,1.78,418,2,22.9,0
EQ-01177,7.85,66.4,30.0,3.95,3.93,398,1,25.0,1
EQ-01178,0.24,75.1,64.5,2.43,2.51,337,1,22.7,0
EQ-01179,1.52,55.2,27.7,1.46,2.57,378,0,21.1,0
EQ-01180,1.9,60.5,81.5,1.71,2.72,72,2,31.3,0
EQ-01181,3.9,61.8,34.2,0.26,11.12,295,1,11.8,0
EQ-01182,1.45,70.6,69.8,3.73,1.33,460,0,22.7,0
EQ-01183,6.38,64.7,22.5,2.03,1.09,98,0,19.1,0
EQ-01184,1.95,73.7,43.7,1.76,8.97,65,2,27.1,0
EQ-01185,1.37,59.9,38.1,0.29,2.41,349,0,15.7,0
EQ-01186,3.85,75.7,39.8,1.17,1.47,462,0,31.6,0
EQ-01187,1.46,52.1,33.0,1.02,2.29,283,0,32.0,0
EQ-01188,4.51,59.8,52.1,1.72,5.42,31,0,21.1,0
EQ-01189,8.05,74.3,90.1,1.29,1.05,268,2,31.8,1
EQ-01190,1.3,58.2,38.4,0.7,1.6,221,0,23.1,0
EQ-01191,4.4,64.0,68.5,0.06,2.59,75,1,36.6,0
EQ-01192,1.61,66.9,45.4,0.77,3.57,515,1,20.3,0
EQ-01193,3.05,69.0,34.8,0.31,2.34,425,0,21.1,0
EQ-01194,2.7,57.6,95.1,0.37,2.77,47,0,28.3,0
EQ-01195,3.27,69.6,85.9,1.05,4.61,134,0,26.4,0
EQ-01196,3.13,84.5,84.1,1.15,4.55,312,1,18.9,0
EQ-01197,1.21,51.7,97.0,0.19,2.54,72,1,17.5,0
EQ-01198,1.58,57.7,37.6,1.12,3.05,96,1,23.4,0
EQ-01199,1.99,70.3,79.9,0.88,3.48,327,1,32.3,0
EQ-01200,1.14,59.8,74.9,0.93,3.04,40,1,32.3,0
EQ-01201,2.15,67.5,98.8,0.29,4.45,185,0,30.5,0
EQ-01202,2.64,56.1,99.3,1.3,2.25,211,2,28.2,0
EQ-01203,3.66,81.3,62.2,1.78,1.62,213,0,13.8,0
EQ-01204,3.16,62.7,78.4,4.54,2.08,15,0,28.8,0
EQ-01205,3.78,75.6,58.8,1.05,4.48,404,1,29.2,0
EQ-01206,1.83,53.8,59.3,0.86,2.79,214,0,23.0,0
EQ-01207,1.36,57.5,32.1,0.39,2.19,191,0,19.1,0
EQ-01208,2.37,55.8,82.3,0.41,4.15,387,0,24.4,0
EQ-01209,2.48,53.3,97.8,0.36,2.8,485,0,24.2,0
EQ-01210,5.3,77.1,61.6,2.29,1.05,159,0,29.1,0
EQ-01211,1.12,54.3,54.3,1.51,2.39,232,0,31.6,0
EQ-01212,2.9,82.8,33.1,3.96,2.81,2,0,17.7,0
EQ-01213,1.48,50.8,50.3,2.49,2.74,518,0,26.7,0
EQ-01214,2.43,60.4,96.2,0.64,2.51,295,0,28.9,0
EQ-01215,1.79,61.4,65.5,0.54,1.94,183,1,27.4,0
EQ-01216,2.5,66.6,65.6,1.09,2.66,289,0,32.4,0
EQ-01217,0.9,75.4,98.6,0.72,1.05,78,1,29.7,0
EQ-01218,2.57,65.8,24.6,2.48,4.72,16,1,17.4,0
EQ-01219,6.3,53.1,53.1,3.81,5.09,118,1,21.0,1
EQ-01220,2.37,56.7,92.1,0.57,2.67,131,1,25.6,0
EQ-01221,5.02,73.5,28.9,3.12,2.62,315,1,13.4,0
EQ-01222,3.57,54.8,54.5,0.91,3.25,463,0,30.1,0
EQ-01223,2.26,80.1,56.8,0.51,3.99,292,0,25.7,0
EQ-01224,1.51,52.3,70.0,1.13,2.99,253,1,17.9,0
EQ-01225,4.74,82.3,34.6,0.7,4.42,424,1,18.6,0
EQ-01226,5.82,67.5,67.1,1.89,1.54,299,0,32.8,0
EQ-01227,6.46,72.1,36.1,0.6,1.66,514,1,31.1,0
EQ-01228,2.69,59.0,22.4,1.95,2.47,407,1,23.6,0
EQ-01229,0.61,64.1,92.8,0.56,3.69,23,1,36.5,0
EQ-01230,0.73,70.8,68.7,0.47,3.55,518,0,25.0,0
EQ-01231,4.08,56.6,65.1,0.39,1.44,108,0,22.9,0
EQ-01232,1.4,62.2,100.0,0.89,4.36,449,1,25.0,0
EQ-01233,5.84,74.8,65.0,0.44,5.44,154,1,23.0,0
EQ-01234,2.96,72.9,41.7,0.41,1.05,351,0,20.1,0
EQ-01235,5.68,58.3,64.0,1.66,2.8,355,2,23.9,0
EQ-01236,2.08,77.4,96.2,3.02,2.28,165,1,21.1,0
EQ-01237,3.51,58.4,40.0,2.52,1.15,427,2,30.6,0
EQ-01238,6.06,72.8,49.5,0.23,4.99,533,1,25.2,1
EQ-01239,2.58,71.8,35.0,1.26,4.14,18,3,27.5,0
EQ-01240,2.82,66.3,79.0,2.43,3.39,3,1,18.7,0
EQ-01241,2.48,66.2,46.8,0.11,2.11,534,0,18.3,0
EQ-01242,3.36,64.5,85.5,1.46,2.32,433,0,21.8,0
EQ-01243,3.91,65.3,89.2,2.38,1.54,227,0,18.6,0
EQ-01244,2.84,65.3,35.7,1.14,2.18,216,2,32.3,0
EQ-01245,3.39,84.8,29.9,2.52,2.18,424,0,28.4,0
EQ-01246,0.79,64.6,62.7,2.12,1.71,168,0,16.8,0
EQ-01247,4.22,71.9,38.9,1.08,3.86,317,0,16.6,0
EQ-01248,5.6,91.0,56.4,0.19,1.83,173,1,24.3,0
EQ-01249,0.97,73.1,22.2,0.05,3.2,332,1,15.3,0
EQ-01250,2.11,81.2,71.0,0.07,4.51,77,0,31.2,0
EQ-01251,2.9,68.7,25.2,0.49,3.16,206,0,24.7,0
EQ-01252,2.26,66.7,54.2,0.15,4.48,512,1,19.9,0
EQ-01253,2.04,59.7,50.6,0.58,2.42,388,2,30.9,0
EQ-01254,0.63,69.2,30.7,0.31,1.74,155,1,36.3,0
EQ-01255,0.92,68.4,41.7,0.17,4.08,510,0,21.3,0
EQ-01256,4.12,71.7,45.4,0.37,3.77,474,0,21.8,0
EQ-01257,1.3,66.9,60.5,2.74,2.76,510,0,34.3,0
EQ-01258,1.29,57.7,28.2,1.5,3.48,331,0,27.4,0
EQ-01259,1.8,77.3,86.0,0.72,1.05,5,1,20.3,0
EQ-01260,0.69,50.8,77.0,0.38,2.29,152,1,23.3,0
EQ-01261,2.3,54.6,58.9,0.28,2.47,525,1,30.0,0
EQ-01262,4.07,59.7,46.3,1.43,2.49,436,0,19.0,0
EQ-01263,2.87,54.9,99.6,0.57,2.63,41,0,29.6,0
EQ-01264,1.55,66.3,79.6,0.26,1.96,65,2,12.4,0
EQ-01265,2.18,71.5,90.6,0.86,2.39,278,0,34.9,0
EQ-01266,1.58,68.1,25.3,1.25,3.63,272,1,30.2,0
EQ-01267,5.76,67.5,37.2,0.48,3.09,370,0,33.2,1
EQ-01268,4.59,49.9,67.4,0.14,1.29,144,0,27.2,0
EQ-01269,0.77,65.4,45.3,0.44,2.09,74,0,22.8,0
EQ-01270,1.31,78.3,39.2,0.24,3.4,504,0,20.1,0
EQ-01271,6.1,61.1,63.1,0.85,2.85,179,0,27.5,0
EQ-01272,6.35,68.9,61.2,1.71,1.81,301,0,23.0,0
EQ-01273,8.0,94.3,82.7,0.97,3.36,374,0,27.8,1
EQ-01274,3.08,70.4,37.6,1.2,1.5,405,1,21.7,0
EQ-01275,2.63,75.3,98.1,2.73,3.98,163,1,25.7,0
EQ-01276,3.6,62.0,31.9,0.84,2.34,74,1,16.2,0
EQ-01277,3.1,50.8,80.4,0.72,3.96,161,1,23.7,0
EQ-01278,0.57,66.7,94.8,0.95,3.62,214,0,20.2,0
EQ-01279,2.61,65.6,22.9,0.48,1.47,379,0,28.6,0
EQ-01280,2.01,66.5,28.8,1.2,3.74,188,2,25.0,0
EQ-01281,0.15,74.9,76.6,2.02,1.63,426,0,19.6,0
EQ-01282,1.29,62.1,53.5,4.21,1.76,359,1,34.4,0
EQ-01283,1.14,69.0,61.9,1.44,4.01,464,2,34.1,1
EQ-01284,0.66,50.5,73.9,2.03,1.81,175,0,25.2,0
EQ-01285,7.45,64.2,36.0,1.71,1.87,211,0,29.0,0
EQ-01286,4.69,66.9,42.7,1.71,3.19,216,0,34.4,0
EQ-01287,4.59,61.3,51.0,2.15,2.98,230,1,23.6,1
EQ-01288,1.14,79.5,93.3,1.0,5.37,537,1,25.5,0
EQ-01289,0.4,47.3,77.5,0.91,2.71,404,0,25.6,0
EQ-01290,9.05,79.2,85.9,0.08,2.89,382,0,21.7,1
EQ-01291,8.12,61.6,95.0,0.79,2.83,85,2,18.6,0
EQ-01292,1.93,74.3,62.9,1.79,2.46,443,0,20.0,0
EQ-01293,0.95,52.2,90.4,0.44,4.85,442,0,17.9,0
EQ-01294,5.46,65.9,39.0,1.01,4.36,304,0,12.2,0
EQ-01295,4.1,56.3,68.4,3.3,2.06,489,1,21.3,0
EQ-01296,3.55,75.7,78.4,0.46,3.09,270,0,27.3,0
EQ-01297,0.87,48.4,29.9,0.97,1.86,152,0,32.9,0
EQ-01298,3.95,62.3,93.6,3.28,2.96,248,0,31.2,0
EQ-01299,6.11,78.9,49.0,0.82,1.95,477,0,25.3,0
EQ-01300,6.81,73.0,47.1,0.83,2.57,504,1,19.5,0
EQ-01301,4.12,53.9,59.9,1.96,2.25,434,3,19.3,0
EQ-01302,0.15,62.9,50.9,0.69,5.14,433,0,24.9,0
EQ-01303,2.13,62.5,93.2,2.32,2.19,473,0,24.2,0
EQ-01304,5.75,83.4,25.4,1.75,2.98,500,0,27.1,0
EQ-01305,0.62,71.4,92.0,0.59,4.25,365,1,31.7,0
EQ-01306,1.4,70.6,63.9,2.02,1.8,402,0,23.2,0
EQ-01307,0.77,62.1,24.8,2.05,4.08,171,0,28.2,0
EQ-01308,2.99,64.9,34.8,1.0,3.43,433,3,24.6,1
EQ-01309,0.75,61.0,69.2,1.92,1.4,369,1,23.2,0
EQ-01310,1.23,65.5,52.3,1.38,7.6,436,1,31.7,0
EQ-01311,0.55,81.2,27.2,1.45,2.71,524,0,31.6,0
EQ-01312,4.06,65.9,62.1,1.46,1.18,169,0,22.4,0
EQ-01313,6.48,58.4,63.5,0.18,2.71,144,0,19.0,0
EQ-01314,1.35,62.6,99.0,0.47,1.21,398,0,18.2,0
EQ-01315,2.46,82.5,33.6,0.95,5.05,442,0,24.8,0
EQ-01316,2.96,56.7,83.2,1.0,2.91,316,1,16.5,0
EQ-01317,4.26,59.9,77.0,0.41,1.05,464,1,22.3,0
EQ-01318,4.29,58.5,43.9,0.32,1.97,304,0,22.9,0
EQ-01319,6.36,66.7,60.4,1.41,3.68,332,1,27.8,0
EQ-01320,2.05,52.5,40.5,0.32,3.87,10,0,29.0,0
EQ-01321,5.34,42.1,83.2,0.17,3.2,537,1,27.0,1
EQ-01322,0.92,51.2,35.3,0.34,1.69,351,0,36.8,0
EQ-01323,4.25,64.6,47.0,0.91,1.63,179,0,23.0,0
EQ-01324,1.99,62.9,56.3,2.71,4.93,364,1,11.8,0
EQ-01325,0.18,73.6,53.0,1.56,2.37,466,0,27.7,0
EQ-01326,2.28,70.0,90.8,1.8,4.44,428,1,22.4,1
EQ-01327,6.2,80.4,84.6,0.36,4.22,442,0,21.3,0
EQ-01328,6.3,60.9,86.0,0.88,3.76,316,1,24.7,0
EQ-01329,2.47,59.8,30.6,0.12,4.35,286,1,17.5,0
EQ-01330,5.12,74.4,39.9,1.64,2.28,403,0,34.9,0
EQ-01331,1.23,58.7,62.9,0.26,2.76,519,0,27.3,0
EQ-01332,6.81,58.8,75.8,0.48,2.98,471,0,22.4,0
EQ-01333,2.89,57.1,82.8,0.17,5.9,440,0,23.3,0
EQ-01334,2.77,63.7,54.9,1.27,1.05,481,1,21.5,0
EQ-01335,7.59,60.4,73.4,1.56,3.41,112,0,21.7,0
EQ-01336,7.71,67.0,33.7,0.27,4.18,219,0,19.9,0
EQ-01337,6.61,61.4,40.6,1.37,2.12,104,2,35.1,0
EQ-01338,9.13,81.0,28.3,0.62,3.39,378,0,23.2,0
EQ-01339,3.93,78.1,76.2,1.96,1.73,56,2,26.5,0
EQ-01340,3.57,61.3,72.1,1.16,5.96,11,0,27.1,0
EQ-01341,1.81,72.4,96.1,0.23,6.25,14,0,18.0,0
EQ-01342,1.45,71.9,46.1,1.01,3.73,205,0,18.4,0
EQ-01343,2.2,46.9,93.4,0.61,2.98,222,0,26.5,0
EQ-01344,8.19,65.8,47.5,1.43,2.63,289,0,29.8,0
EQ-01345,2.31,53.8,23.3,0.8,2.7,290,1,23.9,0
EQ-01346,1.22,60.4,80.1,0.62,3.92,295,2,23.3,0
EQ-01347,1.0,63.5,72.1,1.89,1.85,516,3,19.7,0
EQ-01348,5.25,69.6,66.2,0.05,3.11,78,1,15.8,0
EQ-01349,4.41,48.8,97.0,0.72,6.19,408,1,18.9,0
EQ-01350,2.51,49.9,28.0,2.63,2.21,24,0,25.2,0
EQ-01351,1.91,70.0,28.9,3.28,5.44,233,1,20.9,0
EQ-01352,6.81,41.0,36.4,0.49,4.06,439,1,19.9,0
EQ-01353,0.55,74.0,24.3,1.5,2.35,214,0,18.6,0
EQ-01354,1.41,48.6,73.4,2.69,2.28,55,1,26.1,0
EQ-01355,1.65,62.5,53.1,0.41,4.42,219,1,14.1,0
EQ-01356,2.06,47.8,56.8,0.66,1.37,537,1,25.5,0
EQ-01357,3.74,65.7,98.2,0.56,2.4,528,0,29.4,0
EQ-01358,2.25,60.6,75.2,1.12,1.94,188,1,16.4,0
EQ-01359,2.38,80.8,78.6,0.57,1.66,429,0,20.2,0
EQ-01360,2.25,67.6,61.1,1.07,2.6,322,1,22.6,0
EQ-01361,0.64,67.1,54.3,1.25,2.54,102,0,13.1,0
EQ-01362,2.69,63.6,37.6,0.54,1.78,251,0,21.5,0
EQ-01363,2.07,74.9,36.1,0.94,1.4,45,1,16.9,0
EQ-01364,3.85,65.1,75.2,0.4,3.02,526,0,19.2,0
EQ-01365,5.76,80.0,24.8,1.25,2.45,54,3,23.3,0
EQ-01366,1.77,73.6,77.0,2.43,2.73,446,4,21.8,0
EQ-01367,3.54,61.0,87.3,0.43,7.44,490,0,27.1,0
EQ-01368,1.69,76.3,92.3,1.63,2.36,408,2,28.5,0
EQ-01369,8.93,69.9,93.5,0.14,4.3,165,2,25.3,1
EQ-01370,5.92,88.7,97.5,1.64,1.05,501,0,30.8,1
EQ-01371,1.69,73.0,93.2,1.85,1.05,84,3,31.5,0
EQ-01372,2.38,78.8,23.8,1.05,2.43,212,0,22.7,0
EQ-01373,2.05,77.1,53.9,0.85,2.1,173,0,19.1,0
EQ-01374,3.7,67.0,36.8,1.9,3.06,216,0,34.7,0
EQ-01375,1.42,53.1,62.4,1.81,2.45,144,0,28.9,0
EQ-01376,3.47,68.9,72.7,0.29,2.98,322,0,27.1,0
EQ-01377,2.58,61.7,86.6,0.8,5.97,227,1,27.0,0
EQ-01378,2.49,66.6,98.6,1.11,4.47,499,3,29.2,0
EQ-01379,4.52,69.1,52.1,1.7,4.25,481,0,29.5,0
EQ-01380,3.83,51.9,96.0,2.98,3.39,472,2,16.6,0
EQ-01381,3.25,72.7,29.1,1.06,2.84,350,3,22.0,0
EQ-01382,4.18,66.7,24.2,1.25,2.33,470,1,31.2,0
EQ-01383,5.19,48.9,79.4,1.76,7.26,465,3,14.9,1
EQ-01384,5.34,78.1,89.0,1.59,2.71,233,0,27.6,0
EQ-01385,0.76,68.3,81.1,2.23,2.8,532,1,21.4,0
EQ-01386,2.16,74.9,31.6,1.68,1.6,109,0,18.7,0
EQ-01387,2.44,55.6,59.8,2.17,3.73,327,2,15.8,0
EQ-01388,1.5,65.5,83.0,1.01,1.51,521,1,22.1,0
EQ-01389,3.34,75.8,40.4,1.23,2.84,385,2,32.5,0
EQ-01390,1.79,43.1,50.5,1.17,3.85,263,0,15.6,0
EQ-01391,5.1,69.1,30.4,0.4,1.12,441,0,17.6,0
EQ-01392,2.23,66.8,33.4,0.69,4.45,86,0,26.7,0
EQ-01393,4.55,73.8,86.1,1.51,2.81,450,0,33.0,1
EQ-01394,9.38,60.8,71.5,1.67,6.99,271,0,24.9,0
EQ-01395,2.84,76.6,80.5,1.94,3.79,467,2,21.6,1
EQ-01396,2.11,67.3,28.6,0.87,4.58,384,0,29.1,0
EQ-01397,4.14,66.4,42.7,0.47,4.82,263,1,15.8,0
EQ-01398,4.21,54.7,79.9,0.92,4.39,202,0,15.4,0
EQ-01399,5.51,73.2,77.3,2.71,3.46,408,0,33.6,1
EQ-01400,1.93,59.2,48.5,0.66,1.99,66,1,25.1,0
EQ-01401,1.51,46.9,66.7,3.13,2.55,121,1,25.0,0
EQ-01402,0.29,70.4,60.1,2.13,1.66,371,0,30.6,0
EQ-01403,8.01,72.7,38.8,0.63,6.44,423,0,17.5,0
EQ-01404,0.5,70.1,82.7,1.16,3.47,502,0,30.2,0
EQ-01405,4.88,50.3,45.1,2.2,6.03,485,1,30.9,0
EQ-01406,7.3,62.3,58.1,4.34,4.23,361,0,28.3,0
EQ-01407,1.42,59.9,31.5,0.72,2.94,4,1,21.6,0
EQ-01408,1.55,71.2,72.1,1.47,2.2,221,0,25.6,0
EQ-01409,3.66,55.5,56.9,2.95,1.61,200,0,22.2,0
EQ-01410,3.63,58.9,78.1,2.81,5.55,513,0,15.2,0
EQ-01411,1.93,51.0,99.5,1.85,4.5,140,3,32.4,0
EQ-01412,3.48,70.8,73.1,0.21,5.23,508,2,30.3,0
EQ-01413,2.86,73.4,63.2,0.88,3.09,124,0,25.5,0
EQ-01414,1.96,54.9,28.3,1.45,3.53,468,1,33.2,0
EQ-01415,0.91,78.3,88.6,0.93,4.55,49,1,27.9,0
EQ-01416,0.48,63.9,45.2,0.62,1.75,230,0,16.8,0
EQ-01417,2.32,66.4,95.1,1.26,2.75,105,0,27.0,0
EQ-01418,3.83,60.2,44.6,0.73,1.57,272,0,24.9,0
EQ-01419,2.34,66.0,85.5,0.19,7.53,380,0,23.0,0
EQ-01420,1.74,60.2,60.4,0.51,2.23,336,1,21.8,0
EQ-01421,0.45,65.5,91.4,0.33,6.95,12,1,29.2,0
EQ-01422,3.58,66.2,74.0,3.91,1.45,473,1,18.8,0
EQ-01423,0.39,82.2,47.7,0.95,4.46,380,0,30.7,0
EQ-01424,3.29,57.7,80.0,0.64,2.04,98,2,25.9,0
EQ-01425,1.46,78.5,27.1,0.64,3.41,259,1,27.1,0
EQ-01426,2.75,60.5,88.7,2.44,2.27,7,0,30.9,0
EQ-01427,0.53,74.6,37.6,0.54,3.27,85,0,12.5,0
EQ-01428,7.08,77.5,93.0,0.77,3.44,270,1,29.2,1
EQ-01429,6.36,47.6,88.3,0.45,5.45,470,0,21.0,1
EQ-01430,0.59,83.3,62.6,2.49,1.85,406,1,31.6,1
EQ-01431,0.74,53.3,63.2,3.78,1.89,204,0,23.9,0
EQ-01432,1.95,57.8,92.1,1.35,1.96,348,2,33.8,0
EQ-01433,2.69,83.0,98.5,0.65,5.46,102,0,18.0,0
EQ-01434,2.55,65.7,57.5,0.93,3.3,486,1,22.6,0
EQ-01435,1.68,62.4,27.3,1.11,3.52,535,0,18.4,0
EQ-01436,0.85,56.0,65.5,5.05,4.27,390,0,20.8,0
EQ-01437,5.93,35.6,72.0,0.57,2.41,53,0,14.4,0
EQ-01438,0.8,59.9,85.6,0.55,1.83,426,0,22.1,0
EQ-01439,0.9,56.2,65.4,0.05,1.81,234,0,21.6,0
EQ-01440,3.67,68.9,84.8,0.06,2.11,356,0,28.6,0
EQ-01441,1.39,64.7,45.5,1.48,3.38,387,1,17.9,0
EQ-01442,4.65,78.4,94.3,0.68,4.72,274,0,28.6,0
EQ-01443,2.65,72.8,98.3,1.24,1.4,72,0,15.3,0
EQ-01444,2.03,75.9,92.3,0.09,3.54,179,1,12.3,0
EQ-01445,2.22,60.6,91.3,1.85,4.29,317,0,22.5,0
EQ-01446,1.16,82.9,76.0,2.08,1.89,442,0,21.0,0
EQ-01447,2.82,46.2,98.5,0.74,7.27,392,2,18.8,0
EQ-01448,7.33,74.5,97.6,0.57,4.33,44,0,32.3,1
EQ-01449,3.52,90.4,42.2,0.57,7.75,282,0,28.8,0
EQ-01450,2.0,65.5,59.2,0.9,2.03,530,2,17.2,0
EQ-01451,0.73,82.6,55.1,1.43,4.39,138,1,28.2,0
EQ-01452,3.23,72.0,91.8,1.82,1.11,201,0,21.6,0
EQ-01453,3.34,74.6,94.0,0.54,1.05,143,0,23.8,0
EQ-01454,0.84,61.8,79.6,0.17,1.83,514,0,26.3,0
EQ-01455,6.17,54.4,24.8,1.52,3.98,32,0,22.1,0
EQ-01456,3.31,53.6,64.0,0.47,2.13,380,0,24.7,0
EQ-01457,1.8,57.9,34.4,3.86,3.21,346,1,20.5,0
EQ-01458,2.19,61.2,67.3,1.67,3.92,115,0,21.7,0
EQ-01459,0.32,55.4,94.7,0.47,2.95,128,1,17.8,0
EQ-01460,2.04,57.7,90.4,1.16,2.78,226,1,26.3,0
EQ-01461,1.96,73.4,35.2,0.76,3.53,455,1,15.0,0
EQ-01462,3.59,48.3,97.2,0.55,4.09,127,0,18.6,0
EQ-01463,2.15,63.7,83.1,0.42,2.59,307,0,30.8,0
EQ-01464,4.95,75.6,83.3,1.29,2.56,514,1,24.5,1
EQ-01465,3.86,73.9,58.7,1.67,2.09,190,0,23.6,0
EQ-01466,3.24,80.6,55.2,0.82,1.18,219,2,32.7,0
EQ-01467,2.05,66.0,33.9,0.19,7.45,241,0,21.0,0
EQ-01468,2.18,67.1,32.2,1.26,3.5,446,1,22.6,0
EQ-01469,0.91,75.3,73.7,0.07,1.96,211,0,23.6,0
EQ-01470,4.54,77.1,56.7,1.31,7.44,209,0,32.3,0
EQ-01471,3.54,64.0,25.3,1.5,2.77,118,0,32.8,0
EQ-01472,3.7,78.2,57.8,2.23,4.63,449,0,20.0,0
EQ-01473,1.52,75.0,57.8,1.14,3.31,40,0,23.9,0
EQ-01474,0.84,45.1,49.5,0.48,3.09,187,1,33.9,0
EQ-01475,3.67,67.5,50.3,1.1,6.55,342,0,24.5,0
EQ-01476,5.9,72.5,83.3,2.35,3.2,370,1,23.2,1
EQ-01477,1.33,53.1,77.4,1.2,2.63,519,1,28.5,0
EQ-01478,2.68,69.5,70.6,0.97,2.52,531,0,25.2,0
EQ-01479,4.45,76.4,38.0,2.31,2.67,185,0,18.0,0
EQ-01480,1.41,61.0,69.5,1.06,2.16,152,3,27.8,0
EQ-01481,3.5,40.9,46.4,1.64,2.83,45,0,27.2,0
EQ-01482,3.81,63.5,37.4,0.77,3.25,16,1,18.6,0
EQ-01483,0.61,66.1,98.1,1.95,3.48,157,1,21.9,0
EQ-01484,0.53,55.1,55.3,0.72,2.09,197,3,19.0,0
EQ-01485,2.95,72.6,66.8,1.63,2.37,65,1,23.8,0
EQ-01486,3.04,64.0,65.2,1.65,2.75,151,1,20.0,0
EQ-01487,7.02,70.4,69.0,0.52,3.4,117,0,28.6,0
EQ-01488,1.67,64.4,28.9,2.99,4.23,11,0,22.8,0
EQ-01489,4.28,71.4,54.5,1.21,3.07,337,0,22.7,0
EQ-01490,0.94,72.9,92.2,1.2,4.36,453,1,16.8,0
EQ-01491,1.46,58.3,42.9,0.42,3.41,87,1,21.7,0
EQ-01492,2.31,74.4,83.9,0.67,3.27,514,0,17.2,1
EQ-01493,0.55,59.7,84.4,1.81,2.41,265,2,18.7,0
EQ-01494,0.8,62.8,53.4,0.88,4.17,416,1,27.4,0
EQ-01495,2.54,73.6,73.4,0.39,1.05,483,1,24.6,0
EQ-01496,1.86,57.0,68.9,0.24,1.05,439,1,26.2,0
EQ-01497,7.05,58.7,52.1,0.46,2.08,288,0,19.4,0
EQ-01498,0.54,64.5,33.3,1.79,1.99,228,0,23.2,0
EQ-01499,2.61,50.9,45.7,1.07,2.24,381,0,20.0,0
EQ-01500,3.17,67.5,22.7,1.89,5.85,393,1,23.7,0
EQ-01501,6.42,67.0,61.0,1.3,3.37,250,0,24.6,0
EQ-01502,3.42,72.0,76.9,1.96,5.56,161,0,34.1,1
EQ-01503,2.98,69.0,34.3,0.66,2.67,454,0,32.4,0
EQ-01504,1.17,67.1,46.1,0.61,2.51,70,0,31.1,0
EQ-01505,4.05,52.2,57.5,0.49,2.3,364,1,30.9,0
EQ-01506,5.05,67.8,67.4,0.8,3.64,164,1,28.9,1
EQ-01507,1.32,53.8,56.6,3.15,3.82,12,0,14.8,0
EQ-01508,4.15,74.4,76.1,1.91,2.69,436,0,16.6,1
EQ-01509,3.01,47.3,26.9,1.12,3.96,342,0,29.4,0
EQ-01510,3.35,63.1,52.0,0.91,4.39,16,1,21.3,0
EQ-01511,2.75,56.3,30.1,0.54,1.88,135,1,28.4,0
EQ-01512,3.14,75.2,33.1,1.09,4.85,366,0,11.1,0
EQ-01513,5.33,68.4,31.6,4.15,2.37,408,0,19.9,0
EQ-01514,3.6,45.6,47.4,4.53,2.32,422,0,21.6,0
EQ-01515,1.83,59.4,73.8,0.32,3.84,354,1,26.9,0
EQ-01516,2.41,48.3,68.8,1.55,2.68,452,0,23.1,0
EQ-01517,1.93,76.4,22.0,1.7,3.35,302,0,19.7,0
EQ-01518,1.95,54.7,41.9,1.31,3.49,100,0,28.2,0
EQ-01519,2.3,50.2,76.0,0.77,1.9,470,1,26.7,0
EQ-01520,1.75,68.5,27.3,0.77,2.01,260,0,17.9,0
EQ-01521,3.1,61.7,26.0,1.6,4.04,57,0,22.5,0
EQ-01522,6.42,73.3,66.5,1.39,2.96,398,1,15.0,0
EQ-01523,4.23,63.4,97.8,2.07,7.92,323,0,26.7,0
EQ-01524,3.19,77.6,79.8,0.57,1.74,146,0,19.1,1
EQ-01525,1.81,69.1,47.3,0.77,1.38,165,2,28.2,0
EQ-01526,3.05,55.4,29.8,0.59,2.73,35,1,22.5,0
EQ-01527,5.87,58.0,50.5,1.54,2.57,294,0,32.0,0
EQ-01528,4.87,62.8,70.8,1.02,3.35,293,0,30.7,0
EQ-01529,2.66,53.9,79.5,1.52,1.85,288,0,17.6,0
EQ-01530,0.5,66.3,91.2,0.56,3.89,413,0,28.9,0
EQ-01531,1.46,54.3,35.1,3.05,1.78,25,0,31.8,0
EQ-01532,5.95,62.1,70.7,1.31,2.82,432,0,18.8,0
EQ-01533,4.93,54.2,44.1,0.77,1.64,491,0,29.2,0
EQ-01534,0.15,60.9,32.4,0.98,4.94,316,2,26.7,0
EQ-01535,1.34,66.8,70.9,0.72,2.35,463,1,29.7,0
EQ-01536,7.02,87.9,32.0,0.36,1.94,440,2,14.7,0
EQ-01537,3.17,60.7,30.8,0.24,3.99,286,1,25.4,0
EQ-01538,4.49,65.8,85.3,2.18,2.33,489,0,20.7,0
EQ-01539,3.34,73.0,94.5,0.91,3.36,244,1,32.9,0
EQ-01540,1.01,74.1,41.5,1.02,1.62,86,1,22.4,0
EQ-01541,8.44,74.1,92.5,0.22,2.84,39,0,26.9,1
EQ-01542,1.14,71.9,79.8,1.39,1.99,37,0,16.7,0
EQ-01543,0.45,70.6,89.5,1.2,1.29,96,0,22.3,0
EQ-01544,5.57,49.4,76.7,0.75,1.97,289,1,22.2,0
EQ-01545,2.22,55.4,33.8,0.28,2.14,63,0,20.6,0
EQ-01546,1.71,75.5,97.9,0.92,2.39,279,0,29.6,0
EQ-01547,2.96,66.0,57.9,1.02,7.24,54,1,17.2,0
EQ-01548,1.07,76.4,86.0,0.63,2.58,257,0,19.9,0
EQ-01549,3.23,76.5,59.5,0.16,3.36,29,1,14.5,0
EQ-01550,3.0,56.8,98.5,0.16,1.26,207,1,29.3,0
EQ-01551,2.34,69.4,29.6,0.24,1.28,400,0,24.7,0
EQ-01552,4.15,69.3,63.4,2.7,3.2,427,0,27.2,0
EQ-01553,0.87,68.0,43.9,1.04,3.59,240,2,18.8,0
EQ-01554,3.23,63.5,96.9,1.04,5.37,57,0,16.4,0
EQ-01555,7.56,84.9,86.2,0.98,1.93,284,0,16.6,1
EQ-01556,3.23,63.0,70.2,1.47,2.98,424,1,22.8,0
EQ-01557,2.43,70.0,62.6,3.11,3.85,126,0,15.3,0
EQ-01558,5.23,66.8,83.9,0.5,4.75,252,0,26.3,0
EQ-01559,3.33,61.3,84.1,1.33,2.78,494,1,24.3,0
EQ-01560,5.32,58.2,32.3,0.76,5.56,127,0,32.7,0
EQ-01561,8.17,52.7,97.9,5.27,2.04,330,0,23.3,1
EQ-01562,1.3,73.8,45.8,1.01,2.6,359,0,35.5,0
EQ-01563,2.54,57.9,51.0,0.66,2.08,371,0,24.2,0
EQ-01564,0.21,76.4,27.8,1.51,1.98,94,1,25.4,0
EQ-01565,2.3,68.7,74.0,0.36,7.34,244,0,18.8,0
EQ-01566,2.55,50.9,33.2,1.22,3.31,410,0,18.7,0
EQ-01567,2.58,69.8,84.7,1.06,5.23,255,1,24.0,0
EQ-01568,3.16,77.5,76.7,2.11,2.84,74,0,19.4,0
EQ-01569,1.06,73.9,85.3,2.34,11.92,422,2,30.6,0
EQ-01570,2.98,63.4,91.7,1.36,1.59,165,0,26.7,0
EQ-01571,1.23,63.2,89.1,2.95,1.23,423,1,17.6,0
EQ-01572,1.01,56.2,29.9,0.6,2.17,92,2,25.0,0
EQ-01573,4.09,73.9,86.3,0.95,4.03,419,2,28.0,0
EQ-01574,1.27,77.5,69.7,0.96,2.61,369,0,22.2,0
EQ-01575,1.75,65.3,58.0,0.93,4.24,432,0,18.5,0
EQ-01576,2.81,69.2,28.2,0.43,1.89,241,2,21.5,0
EQ-01577,2.27,70.6,74.7,0.56,2.41,295,0,33.4,0
EQ-01578,7.08,63.8,26.8,2.38,4.36,424,0,28.9,0
EQ-01579,2.21,75.7,90.0,0.11,4.28,213,1,24.0,0
EQ-01580,1.83,85.3,23.5,0.25,1.91,430,3,21.8,0
EQ-01581,5.15,60.8,82.0,0.54,3.36,79,0,15.1,0
EQ-01582,0.83,61.3,59.5,1.07,4.18,347,0,22.6,0
EQ-01583,0.67,73.0,53.0,1.06,1.62,9,2,20.3,0
EQ-01584,7.58,70.7,23.9,2.81,2.09,499,1,22.9,0
EQ-01585,1.2,69.8,62.9,0.62,4.15,336,0,25.0,0
EQ-01586,2.33,69.9,93.1,1.78,6.64,500,0,28.4,0
EQ-01587,8.81,51.6,99.6,4.18,5.99,213,1,25.5,1
EQ-01588,6.92,58.3,50.9,3.14,2.87,452,0,12.0,1
EQ-01589,6.02,69.1,58.1,1.21,2.33,131,0,16.5,0
EQ-01590,8.07,56.7,46.4,0.48,2.46,197,0,27.2,0
EQ-01591,0.98,85.4,49.7,0.81,2.85,207,1,26.7,0
EQ-01592,6.09,83.2,51.4,0.99,1.05,368,2,27.4,0
EQ-01593,4.67,60.7,96.7,1.03,4.6,241,0,25.2,0
EQ-01594,6.1,69.5,39.7,1.24,3.16,106,1,21.4,0
EQ-01595,2.6,77.0,86.6,2.98,2.24,153,0,20.3,0
EQ-01596,0.22,59.8,83.9,0.43,2.35,221,0,17.9,0
EQ-01597,3.54,68.5,60.9,3.73,2.52,110,1,17.5,0
EQ-01598,5.35,67.1,46.5,0.26,3.07,460,0,19.5,0
EQ-01599,5.24,64.1,40.1,3.32,3.7,455,0,26.3,0
EQ-01600,2.34,51.6,87.2,1.93,1.88,151,1,14.5,0
EQ-01601,5.28,73.7,74.3,2.14,3.29,194,3,27.6,0
EQ-01602,3.94,69.1,74.0,1.46,2.45,257,0,11.0,0
EQ-01603,1.11,86.7,95.7,0.79,1.23,465,0,27.2,0
EQ-01604,2.47,42.6,37.0,0.41,2.3,47,0,22.2,0
EQ-01605,2.3,58.7,59.5,0.73,3.03,476,1,25.8,0
EQ-01606,0.52,69.2,63.3,1.17,5.46,3,1,32.0,0
EQ-01607,4.1,68.7,33.2,0.05,3.07,138,0,24.1,0
EQ-01608,1.84,49.4,52.0,0.53,3.66,519,0,17.5,0
EQ-01609,5.66,61.6,58.5,2.36,2.2,375,1,31.4,1
EQ-01610,5.63,72.0,78.9,1.86,1.71,268,1,21.5,1
EQ-01611,5.1,75.9,96.7,0.53,3.68,178,1,21.5,0
EQ-01612,2.95,59.7,37.5,1.56,1.99,74,0,24.0,0
EQ-01613,1.16,60.9,30.1,1.7,3.39,384,0,21.5,0
EQ-01614,3.51,57.4,24.4,0.26,3.01,415,1,32.7,0
EQ-01615,4.77,58.0,69.8,1.34,3.0,71,0,18.4,0
EQ-01616,3.75,59.4,75.7,2.6,6.54,295,1,27.1,0
EQ-01617,3.02,62.7,87.0,4.24,4.37,185,0,24.5,0
EQ-01618,1.25,66.1,57.8,3.35,2.87,229,0,23.8,0
EQ-01619,2.66,53.3,89.9,1.91,1.05,69,2,23.1,0
EQ-01620,0.39,51.9,44.3,0.16,2.79,445,1,23.3,0
EQ-01621,2.36,70.3,36.5,0.8,1.97,17,0,30.8,0
EQ-01622,1.27,61.3,70.0,1.98,2.88,355,0,12.7,0
EQ-01623,0.92,87.5,98.4,3.62,2.07,84,2,19.6,1
EQ-01624,5.21,66.4,35.6,2.38,4.66,413,2,14.1,0
EQ-01625,1.89,75.7,94.0,1.03,2.34,166,0,23.9,0
EQ-01626,2.2,64.5,87.2,0.55,2.0,295,1,27.7,0
EQ-01627,2.4,68.9,39.1,1.49,6.45,146,1,22.5,0
EQ-01628,1.64,79.3,48.6,3.9,3.04,107,2,12.7,1
EQ-01629,2.01,55.1,34.8,2.18,3.68,315,1,11.2,0
EQ-01630,9.17,83.5,71.0,0.5,2.52,454,0,28.0,1
EQ-01631,2.25,58.8,26.0,0.6,2.21,86,0,21.3,0
EQ-01632,0.76,55.8,22.1,0.4,3.01,221,0,25.7,0
EQ-01633,3.31,72.8,29.7,4.07,2.78,37,1,17.3,0
EQ-01634,6.64,76.1,56.6,0.64,2.31,313,0,20.3,0
EQ-01635,3.19,59.4,70.9,1.0,9.6,255,1,12.1,0
EQ-01636,3.28,46.6,77.7,1.35,3.85,114,0,22.1,0
EQ-01637,1.05,69.2,50.3,2.98,7.26,349,1,18.1,0
EQ-01638,1.0,63.6,83.0,0.98,2.5,129,0,29.9,0
EQ-01639,0.38,71.8,33.6,0.17,1.37,164,2,29.3,0
EQ-01640,3.85,64.0,36.4,1.4,3.08,239,0,26.2,0
EQ-01641,3.2,54.9,28.6,1.61,3.27,33,0,15.6,0
EQ-01642,4.25,60.8,87.2,1.45,6.91,348,0,27.2,0
EQ-01643,0.75,63.4,55.5,0.78,2.51,345,0,24.5,0
EQ-01644,1.53,67.4,64.7,2.48,4.25,34,1,31.4,0
EQ-01645,1.24,70.2,42.9,0.93,2.72,523,2,21.2,0
EQ-01646,2.45,65.7,53.3,0.25,2.25,89,0,20.7,0
EQ-01647,3.5,63.5,75.2,0.93,3.6,129,0,36.5,0
EQ-01648,9.42,80.5,62.3,0.98,2.58,167,1,27.1,1
EQ-01649,1.56,49.4,33.1,4.01,4.05,297,2,21.1,0
EQ-01650,4.45,81.4,22.3,0.92,4.14,525,1,24.5,0
EQ-01651,1.52,65.7,51.8,0.81,2.72,387,0,23.2,0
EQ-01652,5.77,63.0,30.8,0.72,4.05,118,1,17.5,0
EQ-01653,1.14,56.7,72.9,1.05,5.26,382,0,31.2,0
EQ-01654,2.83,60.8,60.3,0.91,2.35,232,0,26.6,0
EQ-01655,3.92,92.5,50.1,1.06,3.64,207,0,22.8,0
EQ-01656,0.65,67.5,92.9,1.15,1.67,390,0,17.3,0
EQ-01657,1.25,56.7,62.2,1.21,3.24,205,0,22.0,0
EQ-01658,5.28,58.4,22.4,1.59,6.2,215,1,21.4,0
EQ-01659,2.74,70.9,90.4,0.86,3.78,245,0,14.6,0
EQ-01660,1.09,76.8,42.1,0.5,2.31,402,0,12.0,0
EQ-01661,2.95,64.1,85.0,0.78,5.93,8,0,29.7,0
EQ-01662,4.19,66.7,31.5,0.9,2.37,57,3,25.6,0
EQ-01663,1.74,66.8,33.7,0.61,3.22,325,0,23.8,0
EQ-01664,4.87,68.7,80.3,0.05,4.5,442,1,26.4,0
EQ-01665,1.72,60.8,75.2,2.42,4.17,98,1,27.3,0
EQ-01666,1.34,79.4,52.7,0.4,1.89,227,0,23.2,0
EQ-01667,1.42,70.1,73.2,0.81,7.94,391,1,29.1,0
EQ-01668,1.19,66.3,39.6,1.26,1.76,139,0,10.5,0
EQ-01669,4.88,64.8,50.2,0.73,2.69,312,1,25.2,0
EQ-01670,2.76,75.0,85.1,1.14,1.8,214,1,26.2,0
EQ-01671,2.53,60.1,48.9,1.35,3.99,394,2,27.0,0
EQ-01672,3.94,67.8,28.6,1.03,3.31,395,0,21.6,0
EQ-01673,0.75,68.1,23.5,2.22,1.72,58,0,22.6,0
EQ-01674,6.11,73.3,52.0,0.62,11.68,200,2,30.2,0
EQ-01675,4.82,78.9,43.5,0.6,1.48,508,1,20.0,1
EQ-01676,4.09,64.5,94.2,0.7,2.76,279,2,35.3,0
EQ-01677,2.45,72.1,70.6,2.46,2.97,287,1,39.3,0
EQ-01678,2.68,85.8,99.4,1.3,3.05,437,1,25.9,0
EQ-01679,1.96,58.1,32.8,1.47,2.79,292,1,31.2,0
EQ-01680,1.17,58.9,36.2,0.98,1.62,519,1,21.7,0
EQ-01681,4.43,73.5,82.1,0.78,2.93,291,1,29.1,1
EQ-01682,3.63,64.5,57.3,1.33,7.57,434,0,29.8,0
EQ-01683,4.0,65.2,26.8,0.79,1.48,333,0,18.0,0
EQ-01684,3.83,54.2,84.5,1.31,2.99,497,1,26.8,0
EQ-01685,2.3,66.1,41.1,0.05,2.41,350,0,20.6,0
EQ-01686,1.11,75.3,40.0,0.94,3.03,291,0,19.1,0
EQ-01687,4.96,57.0,47.0,1.11,5.32,521,1,31.4,0
EQ-01688,1.89,66.3,40.0,2.02,2.38,322,0,24.8,0
EQ-01689,3.7,92.0,85.1,2.65,1.7,12,0,32.9,1
EQ-01690,2.12,57.7,77.7,0.91,2.76,95,0,24.8,0
EQ-01691,3.83,59.9,85.6,0.22,1.7,8,1,29.0,0
EQ-01692,2.75,71.4,63.9,2.42,1.38,441,0,24.3,0
EQ-01693,4.49,52.7,33.6,2.24,4.64,198,1,28.2,0
EQ-01694,4.8,39.5,86.9,1.83,2.32,495,1,25.4,1
EQ-01695,1.22,63.1,52.4,0.18,3.48,164,2,27.9,0
EQ-01696,0.92,65.1,33.5,5.8,2.53,463,1,26.4,1
EQ-01697,1.67,78.1,93.9,0.86,2.92,385,0,21.6,0
EQ-01698,0.15,79.6,72.1,1.04,2.47,59,0,22.7,0
EQ-01699,1.71,67.8,62.4,0.62,2.51,225,0,21.3,0
EQ-01700,8.14,65.9,54.8,0.68,3.02,106,1,18.4,0
EQ-01701,2.72,72.9,75.0,0.64,2.97,538,1,33.7,0
EQ-01702,1.83,56.5,97.5,1.32,1.92,231,0,28.9,0
EQ-01703,4.86,65.1,68.2,1.9,2.24,7,0,8.0,0
EQ-01704,6.86,55.3,29.1,1.02,3.94,396,2,23.1,0
EQ-01705,0.84,53.3,29.5,0.07,2.26,518,0,24.6,0
EQ-01706,2.39,61.0,83.9,1.72,4.8,190,0,28.1,0
EQ-01707,1.59,58.5,79.1,2.5,4.01,327,2,30.2,0
EQ-01708,2.01,68.7,38.4,0.27,2.82,221,0,23.0,0
EQ-01709,6.53,70.5,38.1,1.53,2.24,175,0,15.4,1
EQ-01710,1.06,73.4,78.5,0.87,4.89,496,0,15.0,0
EQ-01711,6.84,65.8,31.5,1.0,7.54,398,1,27.8,0
EQ-01712,0.74,67.7,75.5,0.28,7.63,341,0,23.3,0
EQ-01713,1.89,84.0,55.9,1.29,1.05,450,1,34.7,1
EQ-01714,2.99,66.1,84.5,2.46,3.77,220,0,25.0,0
EQ-01715,8.09,99.3,61.9,1.77,5.44,25,1,20.9,1
EQ-01716,3.15,70.7,31.0,1.71,5.29,105,1,30.4,0
EQ-01717,8.49,72.2,35.6,0.4,3.54,33,1,28.3,0
EQ-01718,1.75,59.5,60.0,0.24,1.61,299,0,28.5,0
EQ-01719,2.7,60.5,90.7,0.46,1.9,198,0,25.2,0
EQ-01720,1.5,52.3,44.0,0.44,2.88,463,0,24.0,0
EQ-01721,2.82,76.2,87.6,1.08,3.93,18,0,19.0,0
EQ-01722,2.29,70.5,30.9,1.82,2.64,360,0,19.2,0
EQ-01723,3.26,68.5,68.6,0.79,5.21,184,0,25.6,0
EQ-01724,1.1,78.4,38.1,1.09,3.36,398,0,21.1,0
EQ-01725,1.31,56.4,95.8,1.21,7.28,177,1,16.3,0
EQ-01726,1.44,47.2,54.5,0.75,4.57,126,2,27.0,0
EQ-01727,1.99,61.9,90.1,1.51,4.4,275,0,26.0,0
EQ-01728,2.6,66.5,83.8,0.44,2.49,210,0,24.9,0
EQ-01729,2.61,56.2,48.1,0.53,3.8,137,0,23.6,0
EQ-01730,0.98,75.4,42.7,0.63,2.39,78,1,42.0,0
EQ-01731,1.47,61.2,58.0,1.14,2.64,517,0,22.8,0
EQ-01732,1.49,69.8,27.3,0.88,4.15,144,0,26.6,0
EQ-01733,3.72,76.8,39.0,1.19,2.95,71,0,20.6,0
EQ-01734,8.12,84.6,23.6,0.96,3.69,27,0,18.3,0
EQ-01735,2.67,66.2,97.6,0.51,1.76,513,1,24.1,0
EQ-01736,4.09,65.2,49.8,0.89,2.62,117,1,26.3,0
EQ-01737,4.45,85.5,87.8,3.92,3.63,125,0,30.5,1
EQ-01738,2.04,66.2,54.8,0.35,4.16,527,0,26.7,0
EQ-01739,2.44,68.6,87.8,0.79,2.11,490,2,22.1,0
EQ-01740,3.55,87.2,30.8,1.32,2.65,322,0,28.9,0
EQ-01741,3.35,57.0,83.9,0.71,3.54,110,1,25.6,0
EQ-01742,3.81,66.8,45.1,2.59,6.02,227,1,19.8,0
EQ-01743,2.25,82.5,62.8,0.7,3.66,86,0,31.2,0
EQ-01744,3.64,55.2,64.7,2.39,2.28,337,0,23.3,0
EQ-01745,3.31,61.4,36.3,0.31,3.59,47,0,29.1,0
EQ-01746,2.32,66.0,89.0,3.28,3.15,476,1,21.0,1
EQ-01747,5.5,53.3,76.2,0.96,1.72,146,0,41.4,0
EQ-01748,2.96,64.8,48.3,0.35,2.14,502,1,17.5,0
EQ-01749,0.18,68.0,22.9,0.05,2.79,466,1,20.5,0
EQ-01750,0.51,52.5,77.5,2.73,2.14,487,1,20.3,0
EQ-01751,4.3,48.3,94.2,1.51,3.81,49,0,23.6,0
EQ-01752,0.6,48.1,45.6,0.85,2.58,393,0,16.2,0
EQ-01753,2.79,58.4,36.3,1.4,5.8,156,0,21.4,0
EQ-01754,1.6,59.6,37.9,0.65,3.6,250,1,32.0,0
EQ-01755,7.63,72.9,68.2,2.08,3.47,124,0,31.7,1
EQ-01756,6.67,64.4,80.1,0.59,4.68,448,1,22.7,1
EQ-01757,2.04,61.6,62.8,2.68,3.05,372,1,11.5,0
EQ-01758,3.42,74.5,26.2,1.54,2.54,503,0,31.8,0
EQ-01759,2.72,81.3,62.5,0.93,4.39,510,2,29.2,0
EQ-01760,3.35,58.7,22.0,0.83,2.48,459,1,24.1,0
EQ-01761,1.48,65.3,58.6,1.29,2.73,245,0,20.2,0
EQ-01762,3.26,74.2,27.9,0.57,5.43,104,1,18.6,0
EQ-01763,0.86,70.9,73.0,1.87,5.86,128,0,29.8,0
EQ-01764,8.59,75.7,51.0,1.14,2.07,310,0,33.8,0
EQ-01765,1.48,85.1,27.0,0.59,3.85,101,1,14.5,0
EQ-01766,2.8,55.2,58.1,0.42,4.24,134,0,26.3,0
EQ-01767,2.81,48.1,58.5,0.92,4.85,239,0,29.5,0
EQ-01768,1.82,70.9,64.0,0.88,4.24,254,1,17.0,0
EQ-01769,1.77,70.8,29.3,1.6,4.45,404,0,33.6,0
EQ-01770,1.07,71.3,40.0,2.58,1.79,261,0,25.9,0
EQ-01771,4.12,70.9,53.5,3.07,3.27,197,0,28.6,0
EQ-01772,4.25,66.8,88.8,0.99,2.05,421,0,26.4,0
EQ-01773,2.76,66.7,23.7,3.1,3.54,508,1,31.7,0
EQ-01774,0.97,54.7,68.2,1.01,3.81,271,0,24.5,0
EQ-01775,1.65,75.1,83.6,0.47,1.38,101,0,27.2,0
EQ-01776,1.47,60.6,22.9,0.92,3.57,242,2,27.5,0
EQ-01777,2.56,73.6,42.6,0.77,2.23,307,1,29.6,0
EQ-01778,3.53,56.2,62.7,1.18,5.73,471,0,25.7,0
EQ-01779,2.64,74.4,25.4,1.79,2.34,303,0,30.8,0
EQ-01780,2.19,69.5,59.9,0.57,2.8,357,0,31.2,0
EQ-01781,3.26,56.8,23.5,2.45,7.63,387,0,18.5,0
EQ-01782,3.04,58.2,56.7,2.89,4.28,152,1,34.6,1
EQ-01783,2.21,73.4,56.3,1.21,2.94,161,0,23.7,0
EQ-01784,4.27,44.1,87.0,1.52,2.63,11,0,26.7,0
EQ-01785,5.65,66.6,73.3,0.22,4.02,291,0,25.3,0
EQ-01786,1.23,84.8,55.5,3.1,2.24,369,0,21.6,0
EQ-01787,0.54,84.1,64.3,0.24,1.95,135,0,8.0,0
EQ-01788,2.35,69.5,70.6,1.15,5.57,343,0,22.8,0
EQ-01789,0.94,81.6,39.6,1.32,5.64,245,0,19.0,0
EQ-01790,2.0,51.4,91.0,2.09,1.23,423,0,29.3,0
EQ-01791,2.64,62.7,32.6,1.08,3.2,18,1,22.0,0
EQ-01792,0.84,86.9,53.5,2.19,4.59,281,2,20.9,1
EQ-01793,1.18,71.9,37.0,2.51,2.44,506,0,10.9,0
EQ-01794,3.8,88.6,73.5,1.46,1.86,366,1,28.9,0
EQ-01795,0.44,69.7,47.8,1.22,2.78,490,1,18.6,0
EQ-01796,4.45,78.7,49.0,0.83,1.44,421,3,18.7,0
EQ-01797,3.6,70.8,43.9,0.47,1.55,182,1,29.4,0
EQ-01798,1.36,54.7,96.6,0.1,3.12,119,1,21.3,0
EQ-01799,1.1,64.1,83.9,0.75,3.19,158,0,14.0,0
EQ-01800,4.27,72.2,66.6,0.49,2.91,109,0,27.4,0
EQ-01801,2.73,49.4,86.0,2.35,4.43,323,1,25.1,0
EQ-01802,4.68,66.1,64.2,0.33,1.62,167,2,25.5,0
EQ-01803,1.76,87.7,27.7,0.67,3.5,379,1,21.5,0
EQ-01804,1.77,63.5,39.0,2.34,1.6,22,0,21.3,0
EQ-01805,0.57,68.8,75.8,1.08,1.3,24,1,30.0,0
EQ-01806,2.02,56.1,54.2,1.09,3.12,487,0,21.3,0
EQ-01807,2.92,56.6,46.5,0.4,3.73,273,0,24.7,0
EQ-01808,1.63,76.2,94.9,2.3,6.19,180,1,12.7,0
EQ-01809,3.56,55.8,71.4,0.67,3.66,531,1,26.1,0
EQ-01810,0.91,70.6,97.2,2.52,1.63,249,1,15.1,0
EQ-01811,3.16,39.5,31.5,1.31,2.4,31,0,23.6,0
EQ-01812,1.41,80.9,67.0,0.51,4.68,8,0,20.0,0
EQ-01813,0.72,62.9,99.8,1.04,5.05,2,0,29.1,0
EQ-01814,0.35,62.9,90.0,1.62,3.84,459,1,31.0,0
EQ-01815,2.78,77.3,28.6,0.9,3.03,406,0,18.5,0
EQ-01816,7.65,59.3,76.5,1.48,2.64,3,0,21.2,1
EQ-01817,3.71,48.6,54.7,1.53,4.52,53,1,33.8,1
EQ-01818,8.56,66.1,61.6,1.1,3.72,464,0,32.3,1
EQ-01819,6.19,67.6,92.1,1.2,6.3,478,1,16.7,1
EQ-01820,1.23,57.0,39.6,2.1,7.06,214,0,33.2,0
EQ-01821,2.61,55.3,50.6,0.59,1.96,401,0,20.4,0
EQ-01822,1.56,68.5,82.1,0.57,2.11,38,1,13.2,0
EQ-01823,2.48,67.4,41.0,1.77,3.76,250,0,31.9,0
EQ-01824,2.43,64.2,60.7,1.91,3.12,531,1,17.1,0
EQ-01825,1.13,53.4,38.4,0.72,2.83,111,1,17.7,0
EQ-01826,2.87,69.3,71.4,0.68,2.05,92,0,23.9,0
EQ-01827,3.44,64.8,58.0,2.79,2.49,514,1,27.8,0
EQ-01828,1.93,60.7,83.6,1.53,3.46,499,1,20.7,1
EQ-01829,2.21,62.3,75.4,0.05,3.1,402,0,21.2,0
EQ-01830,3.28,59.1,59.4,2.06,4.64,377,0,26.9,0
EQ-01831,4.2,76.9,82.9,0.76,2.94,404,0,23.3,0
EQ-01832,0.9,64.0,83.4,1.57,1.31,164,0,25.6,0
EQ-01833,1.69,63.7,28.7,0.24,2.03,5,0,18.1,0
EQ-01834,3.25,69.6,61.9,0.91,1.59,318,0,22.0,0
EQ-01835,1.0,72.7,39.5,0.67,4.49,424,1,16.3,0
EQ-01836,6.08,86.8,23.5,0.9,3.3,451,0,19.1,0
EQ-01837,5.46,54.9,99.3,1.48,4.77,478,1,28.8,0
EQ-01838,4.17,52.2,70.6,2.03,3.46,520,1,21.4,1
EQ-01839,2.1,76.5,59.4,0.79,4.15,434,0,25.0,0
EQ-01840,2.64,60.2,63.2,1.58,1.75,148,0,20.8,0
EQ-01841,2.04,80.2,41.6,1.11,2.81,454,1,22.9,0
EQ-01842,3.53,61.5,56.5,0.78,11.13,456,0,26.2,0
EQ-01843,5.01,53.1,62.1,0.96,3.74,172,0,24.7,0
EQ-01844,1.16,55.4,60.2,0.36,3.28,157,0,23.3,0
EQ-01845,5.07,61.9,46.6,0.55,2.33,180,1,21.1,0
EQ-01846,1.27,62.6,72.2,4.3,3.78,296,1,29.4,0
EQ-01847,2.92,65.9,91.2,2.13,1.67,498,1,26.7,0
EQ-01848,3.5,63.5,87.6,1.0,6.5,462,1,24.5,0
EQ-01849,2.0,81.8,52.6,1.4,3.43,507,1,40.9,0
EQ-01850,2.37,70.2,84.2,1.62,3.24,427,2,24.5,0
EQ-01851,3.01,61.4,83.6,1.5,1.7,74,1,30.0,0
EQ-01852,8.82,68.9,49.9,3.53,3.69,539,1,19.5,0
EQ-01853,1.41,45.8,89.1,0.84,3.67,144,0,21.3,0
EQ-01854,4.32,57.0,71.1,1.03,5.0,453,0,21.3,0
EQ-01855,0.69,71.1,38.2,0.81,5.15,144,1,21.6,0
EQ-01856,0.7,64.4,84.6,1.07,3.74,158,0,21.6,0
EQ-01857,3.03,65.5,84.8,2.38,3.89,102,0,24.5,1
EQ-01858,2.97,61.4,76.8,0.27,3.31,138,1,10.6,0
EQ-01859,1.08,65.6,50.1,0.45,7.73,53,1,25.8,0
EQ-01860,2.62,56.8,68.2,0.11,4.39,531,0,26.9,0
EQ-01861,3.65,70.9,77.7,1.51,2.27,128,0,28.6,0
EQ-01862,4.59,75.1,62.4,0.73,4.53,221,0,29.0,0
EQ-01863,3.16,68.6,77.0,2.21,2.85,126,0,25.5,0
EQ-01864,1.38,64.5,86.5,2.55,3.86,253,2,16.2,0
EQ-01865,1.15,74.4,50.4,1.11,5.59,240,2,26.5,0
EQ-01866,3.53,70.7,29.5,1.18,4.26,388,0,17.1,0
EQ-01867,1.29,92.5,40.1,0.47,5.31,134,0,18.9,0
EQ-01868,1.38,60.6,23.4,0.53,1.72,285,0,22.0,0
EQ-01869,2.51,65.6,81.9,1.91,3.35,335,0,22.7,0
EQ-01870,1.44,61.9,49.7,0.61,5.19,458,1,30.9,0
EQ-01871,5.01,66.9,43.0,2.36,2.82,259,1,15.9,0
EQ-01872,3.89,63.9,25.1,1.74,2.11,32,0,17.9,0
EQ-01873,2.3,68.1,91.0,4.57,3.14,431,1,17.0,0
EQ-01874,1.33,57.2,32.3,3.12,1.61,339,1,32.5,0
EQ-01875,2.07,63.7,75.0,1.33,4.25,112,0,25.7,0
EQ-01876,0.15,66.1,65.1,0.89,2.77,97,0,25.7,0
EQ-01877,3.37,56.7,58.4,0.4,1.49,58,2,29.7,0
EQ-01878,5.94,67.8,41.1,0.91,6.67,47,2,37.5,0
EQ-01879,10.5,68.7,81.8,1.44,1.9,521,0,15.5,1
EQ-01880,2.02,58.9,42.2,0.82,2.42,457,3,23.5,0
EQ-01881,1.48,67.3,23.6,1.95,1.2,276,0,27.2,0
EQ-01882,2.8,77.7,39.3,4.03,1.4,178,3,11.9,1
EQ-01883,2.31,45.7,61.1,0.24,1.66,176,1,19.4,0
EQ-01884,2.01,55.8,99.3,2.3,1.65,532,0,26.1,0
EQ-01885,0.69,59.8,85.1,1.7,3.99,499,2,31.6,0
EQ-01886,3.98,70.9,71.3,0.13,2.61,188,1,17.2,0
EQ-01887,0.64,72.0,98.0,1.7,10.11,204,1,20.8,0
EQ-01888,3.3,78.2,88.4,1.73,1.3,414,0,26.1,0
EQ-01889,5.61,59.3,98.0,1.64,2.2,528,2,17.4,1
EQ-01890,3.4,72.9,94.4,1.43,3.36,353,1,15.0,1
EQ-01891,8.55,79.3,84.6,1.04,2.52,474,0,20.8,1
EQ-01892,2.21,47.9,59.0,1.36,6.1,392,1,26.1,1
EQ-01893,5.94,69.8,55.3,0.88,2.87,521,0,37.4,0
EQ-01894,0.62,63.0,50.7,2.4,1.58,406,1,16.6,0
EQ-01895,0.99,63.6,95.1,0.97,2.04,526,0,24.2,0
EQ-01896,1.14,60.1,32.4,1.74,5.18,36,0,29.0,0
EQ-01897,1.76,57.2,64.4,1.17,3.66,75,2,20.9,0
EQ-01898,4.47,66.2,28.9,0.6,1.43,519,1,21.4,0
EQ-01899,3.77,81.1,58.8,0.82,1.63,263,0,27.9,0
EQ-01900,1.54,81.4,23.5,2.2,1.98,455,0,28.9,0
EQ-01901,4.7,55.2,35.4,2.02,6.3,104,1,21.7,1
EQ-01902,1.26,69.0,62.3,0.56,1.47,351,0,28.1,0
EQ-01903,1.54,76.9,55.3,3.51,2.15,490,0,22.4,0
EQ-01904,3.66,71.9,84.2,5.74,1.31,465,1,20.0,0
EQ-01905,1.74,70.9,97.2,1.26,2.5,501,0,15.2,0
EQ-01906,2.7,65.9,84.6,0.4,3.54,141,1,30.4,0
EQ-01907,2.9,66.5,23.6,2.59,4.21,423,1,19.0,1
EQ-01908,1.96,60.2,27.5,1.19,3.19,357,1,21.6,0
EQ-01909,1.38,82.4,91.7,1.07,2.58,384,0,10.8,0
EQ-01910,3.56,48.8,78.9,0.66,3.17,255,1,24.1,0
EQ-01911,1.89,42.3,47.5,0.81,4.62,321,2,24.4,0
EQ-01912,0.89,75.9,46.4,0.44,2.63,288,1,20.8,0
EQ-01913,1.59,70.5,25.1,0.15,3.72,207,1,14.2,0
EQ-01914,6.71,62.5,85.8,1.3,2.16,15,1,25.9,0
EQ-01915,1.53,58.2,33.4,0.92,5.44,407,1,21.3,0
EQ-01916,2.86,61.7,83.8,0.38,4.79,66,0,22.6,0
EQ-01917,3.6,71.5,35.7,0.78,5.1,168,0,18.5,0
EQ-01918,2.16,60.1,85.9,0.62,4.96,293,0,26.6,0
EQ-01919,5.96,80.1,50.6,2.97,2.64,374,1,25.5,0
EQ-01920,5.09,68.7,38.0,3.06,4.0,316,0,18.5,0
EQ-01921,4.12,72.4,99.6,0.59,1.91,144,0,24.5,0
EQ-01922,4.48,71.5,39.5,3.13,3.07,149,1,22.6,0
EQ-01923,3.58,73.3,83.6,0.27,10.34,102,0,13.7,1
EQ-01924,1.47,74.9,82.0,0.17,3.07,84,1,22.9,0
EQ-01925,2.09,59.4,80.0,1.07,2.26,72,0,19.9,0
EQ-01926,4.66,56.8,49.1,1.18,1.28,73,0,24.2,0
EQ-01927,4.3,51.0,37.9,1.74,1.21,355,2,24.1,0
EQ-01928,1.54,76.8,72.4,0.67,3.03,368,0,38.5,1
EQ-01929,0.91,58.9,72.1,1.55,2.09,99,0,24.1,0
EQ-01930,2.54,70.2,60.1,1.06,5.49,64,2,13.4,0
EQ-01931,3.37,57.8,89.2,0.41,1.74,180,0,22.7,0
EQ-01932,1.97,67.3,51.4,0.56,4.09,252,0,25.0,0
EQ-01933,3.76,75.0,52.8,0.8,2.04,196,0,24.1,0
EQ-01934,5.75,66.4,82.2,1.39,3.17,459,1,22.0,1
EQ-01935,4.45,76.6,84.9,2.43,3.67,500,1,26.2,1
EQ-01936,4.12,58.7,82.6,0.18,7.39,223,1,26.1,1
EQ-01937,0.43,58.1,71.5,2.63,3.63,238,0,23.9,0
EQ-01938,3.75,65.3,23.8,1.57,6.55,128,1,16.6,0
EQ-01939,0.58,65.7,53.9,1.67,3.27,395,1,31.1,0
EQ-01940,0.61,67.6,36.6,2.31,1.05,444,3,23.5,0
EQ-01941,0.84,55.1,25.0,0.13,1.05,337,1,20.2,0
EQ-01942,4.4,68.3,72.7,0.47,1.62,441,1,25.7,0
EQ-01943,1.8,59.6,69.6,2.32,2.78,384,0,27.2,0
EQ-01944,2.97,62.3,38.1,0.44,5.12,120,0,39.5,0
EQ-01945,10.5,45.4,32.8,1.83,2.39,48,3,22.6,1
EQ-01946,2.77,90.1,66.5,0.96,3.16,51,1,27.1,0
EQ-01947,4.39,76.7,24.5,1.48,4.12,240,0,19.8,0
EQ-01948,2.39,84.6,23.6,0.75,1.96,512,0,26.2,0
EQ-01949,3.61,59.6,96.5,0.95,2.42,64,2,29.0,0
EQ-01950,4.22,55.9,52.3,0.25,2.11,234,0,28.6,0
EQ-01951,5.35,63.5,52.3,0.39,3.84,308,1,22.9,0
EQ-01952,2.38,59.4,73.6,2.57,3.41,517,1,27.9,0
EQ-01953,1.79,73.2,24.3,0.7,2.51,302,0,25.4,0
EQ-01954,4.53,62.0,86.5,0.8,4.72,57,1,17.9,0
EQ-01955,4.17,54.6,71.1,0.15,2.58,509,0,27.5,0
EQ-01956,3.22,68.7,94.6,1.24,3.44,423,1,20.1,0
EQ-01957,1.53,70.1,53.1,2.0,2.68,448,0,17.8,0
EQ-01958,3.44,79.1,35.3,3.01,6.46,207,0,23.8,0
EQ-01959,5.94,53.3,22.9,2.38,2.31,194,0,30.4,0
EQ-01960,1.45,54.3,23.8,0.97,3.64,497,1,29.6,0
EQ-01961,2.01,77.4,58.6,4.95,3.1,256,0,24.4,0
EQ-01962,0.94,66.8,81.0,1.96,1.36,31,0,27.3,0
EQ-01963,1.63,80.5,58.4,0.72,1.97,315,0,30.1,0
EQ-01964,3.05,64.2,68.4,0.17,3.96,518,0,17.3,0
EQ-01965,1.03,47.2,80.4,1.08,1.41,349,0,15.8,0
EQ-01966,3.82,86.3,76.0,1.37,2.36,376,0,23.1,0
EQ-01967,8.74,71.0,66.0,0.9,5.47,293,1,20.5,1
EQ-01968,2.01,50.9,45.7,1.85,2.37,521,0,25.1,0
EQ-01969,1.03,57.4,65.8,0.47,2.59,197,0,22.6,0
EQ-01970,0.92,53.1,67.7,0.44,11.47,115,0,27.0,0
EQ-01971,2.85,67.6,25.7,0.42,3.61,524,2,25.2,0
EQ-01972,6.95,58.6,57.9,0.23,2.07,319,0,31.9,0
EQ-01973,6.4,71.0,87.9,2.16,5.68,157,0,25.5,1
EQ-01974,0.66,77.8,54.1,2.08,1.14,340,4,24.2,0
EQ-01975,2.6,60.3,28.7,0.22,4.12,366,0,27.0,0
EQ-01976,4.41,54.9,51.7,1.5,1.78,327,1,25.2,0
EQ-01977,6.37,73.3,85.4,3.47,7.17,460,1,27.8,1
EQ-01978,2.78,65.7,54.5,2.55,2.43,532,0,20.8,0
EQ-01979,1.45,57.1,26.8,1.6,2.7,400,0,26.5,0
EQ-01980,3.54,57.2,99.9,0.67,3.1,155,0,20.6,0
EQ-01981,1.26,55.2,89.5,0.19,2.02,231,0,24.8,0
EQ-01982,3.09,70.4,26.1,1.29,2.67,509,0,17.0,0
EQ-01983,4.59,69.5,85.8,1.45,3.7,17,0,25.5,0
EQ-01984,1.35,42.7,47.9,1.79,5.33,305,1,19.6,0
EQ-01985,1.55,64.3,68.7,3.14,2.22,452,1,33.6,0
EQ-01986,2.99,69.4,65.5,2.65,2.11,455,1,29.2,0
EQ-01987,1.9,69.5,58.0,2.49,2.75,266,0,24.3,0
EQ-01988,1.43,88.8,32.5,1.79,1.88,145,0,29.9,0
EQ-01989,5.48,94.5,46.1,0.15,5.67,351,0,27.5,1
EQ-01990,1.28,67.5,47.5,1.33,3.21,123,1,17.1,0
EQ-01991,0.77,65.0,41.4,1.26,2.53,47,1,28.9,0
EQ-01992,1.32,52.7,86.7,0.62,2.84,281,0,24.0,0
EQ-01993,0.15,91.6,89.8,2.14,5.18,300,3,27.5,1
EQ-01994,0.61,55.6,61.9,1.29,5.55,534,1,18.7,0
EQ-01995,10.04,73.5,30.9,0.18,2.8,351,0,12.8,0
EQ-01996,1.48,71.5,65.7,1.43,2.67,85,1,25.1,0
EQ-01997,3.94,51.4,27.9,0.3,1.94,166,0,23.7,0
EQ-01998,2.14,63.0,59.5,0.45,2.71,101,0,23.2,0
EQ-01999,2.23,82.3,69.7,1.22,2.79,464,0,23.3,0
EQ-02000,0.98,80.5,57.1,0.36,1.44,234,1,30.5,0
EQ-02001,1.53,62.3,70.1,0.06,1.38,139,1,24.1,0
EQ-02002,5.8,73.6,53.4,0.78,2.4,439,0,24.4,0
EQ-02003,1.74,68.6,67.4,1.45,1.69,502,2,25.0,0
EQ-02004,3.85,68.5,70.1,0.93,2.07,151,0,17.4,1
EQ-02005,3.35,60.6,70.1,3.69,3.57,164,0,17.8,0
EQ-02006,6.59,42.9,43.7,1.13,2.78,294,0,22.9,0
EQ-02007,1.5,80.3,43.4,2.02,1.36,203,0,15.8,0
EQ-02008,3.56,56.2,31.7,1.23,2.71,356,0,12.8,0
EQ-02009,1.86,62.2,22.4,0.87,4.24,511,0,22.5,0
EQ-02010,0.94,67.6,57.3,0.7,3.06,16,1,15.0,0
EQ-02011,4.99,67.0,96.4,0.86,3.1,56,1,16.2,1
EQ-02012,2.29,67.0,57.9,1.37,2.72,283,1,20.8,1
EQ-02013,4.22,57.7,91.5,0.11,4.6,415,1,28.4,0
EQ-02014,2.23,64.1,34.8,0.65,4.32,252,0,21.5,0
EQ-02015,4.28,63.0,27.2,2.38,1.05,100,0,33.9,0
EQ-02016,1.48,65.0,76.1,2.36,1.31,419,0,19.0,0
EQ-02017,0.41,53.3,23.5,0.45,3.95,437,0,20.9,0
EQ-02018,2.98,50.9,99.2,0.51,1.63,329,0,34.2,1
EQ-02019,2.95,80.3,58.2,0.26,4.23,368,0,24.8,0
EQ-02020,5.07,63.7,22.9,0.83,2.98,531,0,24.5,0
EQ-02021,1.74,47.2,30.6,1.03,4.24,83,0,27.3,0
EQ-02022,2.77,71.3,23.6,0.21,1.78,34,1,20.5,0
EQ-02023,2.34,74.3,38.7,0.49,2.42,391,0,17.0,0
EQ-02024,6.41,74.9,40.2,0.29,4.39,102,1,22.9,0
EQ-02025,2.14,58.0,43.8,0.41,4.32,279,1,21.8,0
EQ-02026,3.88,71.9,30.6,1.16,3.58,292,0,27.8,0
EQ-02027,2.24,42.4,29.2,1.03,2.81,330,0,23.3,0
EQ-02028,3.41,56.5,72.6,0.27,4.55,84,0,34.1,0
EQ-02029,4.0,59.3,85.8,0.42,7.41,146,0,15.8,0
EQ-02030,4.59,78.8,55.6,0.3,2.21,95,4,24.0,0
EQ-02031,1.27,70.3,99.3,0.48,2.2,475,0,17.6,0
EQ-02032,0.23,70.9,79.4,0.42,1.62,379,2,20.0,0
EQ-02033,5.45,71.3,30.2,0.69,2.84,28,0,31.1,0
EQ-02034,1.74,60.9,67.8,1.5,1.49,416,1,30.2,1
EQ-02035,2.56,45.7,81.9,0.71,2.31,158,0,24.9,0
EQ-02036,5.16,77.0,31.2,0.57,2.52,106,1,27.1,0
EQ-02037,5.72,61.6,55.5,0.33,6.34,157,0,26.7,0
EQ-02038,5.7,64.0,83.4,0.54,1.5,193,2,27.2,0
EQ-02039,1.96,51.6,23.3,1.23,3.74,346,0,22.6,0
EQ-02040,3.19,63.2,74.1,1.27,6.8,76,1,27.4,0
EQ-02041,0.22,70.5,85.2,0.91,3.36,10,0,13.0,0
EQ-02042,1.98,74.8,50.6,2.07,1.14,162,1,24.9,0
EQ-02043,3.07,46.3,87.1,1.07,2.4,49,0,26.6,0
EQ-02044,2.33,62.9,36.2,1.43,2.31,259,3,36.6,0
EQ-02045,0.39,58.3,63.0,1.24,2.53,489,2,21.8,0
EQ-02046,1.31,74.1,43.3,0.59,3.85,414,1,19.0,0
EQ-02047,6.27,64.7,82.7,1.85,1.28,133,1,30.0,1
EQ-02048,1.42,54.9,69.4,3.29,2.87,308,1,21.3,0
EQ-02049,1.56,73.8,61.1,1.05,2.28,99,0,30.3,0
EQ-02050,5.16,83.9,68.5,3.12,1.99,502,1,16.5,1
EQ-02051,3.97,49.3,59.4,1.3,3.36,343,1,22.0,0
EQ-02052,1.17,67.6,25.1,0.92,2.03,466,0,30.4,0
EQ-02053,2.25,83.0,32.2,0.31,1.71,234,1,21.3,0
EQ-02054,3.81,84.7,97.0,1.01,4.67,64,0,31.5,0
EQ-02055,4.72,89.0,64.9,0.7,2.05,509,0,30.3,1
EQ-02056,0.97,79.4,83.8,1.57,3.71,479,0,28.8,0
EQ-02057,1.39,74.2,88.6,0.17,3.71,235,1,22.8,0
EQ-02058,2.86,51.1,25.8,1.36,2.95,13,1,24.1,1
EQ-02059,1.52,65.3,55.6,1.18,2.03,238,1,19.7,0
EQ-02060,3.14,79.3,51.8,0.37,2.32,258,0,21.2,0
EQ-02061,2.76,61.1,88.3,0.52,5.18,339,0,26.5,0
EQ-02062,2.07,57.4,98.3,2.09,4.42,35,1,21.9,0
EQ-02063,3.25,79.7,91.3,1.37,3.26,31,0,19.1,0
EQ-02064,2.39,67.3,62.8,0.56,1.87,401,1,20.1,0
EQ-02065,0.77,62.1,95.7,2.34,4.97,144,0,23.8,0
EQ-02066,4.88,72.6,86.0,2.01,3.2,477,3,35.0,1
EQ-02067,10.5,77.9,34.6,1.69,2.51,174,1,19.0,1
EQ-02068,0.71,61.4,72.2,2.53,4.32,267,1,24.7,0
EQ-02069,5.22,65.4,22.4,0.3,1.61,313,0,14.9,0
EQ-02070,7.5,71.7,57.7,0.96,3.44,442,1,24.3,0
EQ-02071,1.36,47.8,98.7,0.44,1.05,289,2,29.2,0
EQ-02072,2.33,72.3,22.2,0.59,3.84,267,0,24.7,0
EQ-02073,5.97,67.1,98.0,0.23,4.13,66,1,26.8,0
EQ-02074,3.27,64.6,62.4,0.79,1.94,387,1,14.4,0
EQ-02075,4.72,69.8,40.4,1.72,5.34,430,1,27.2,0
EQ-02076,3.94,81.3,33.1,1.34,2.07,307,1,32.7,1
EQ-02077,0.76,78.6,79.1,1.03,2.83,309,2,19.0,0
EQ-02078,1.38,50.6,31.7,2.02,2.9,40,3,25.6,0
EQ-02079,4.72,55.0,31.8,1.71,3.03,262,1,32.8,0
EQ-02080,5.0,56.1,48.2,0.29,2.13,435,1,26.3,0
EQ-02081,1.34,67.2,85.0,0.84,3.12,14,0,23.0,0
EQ-02082,5.31,58.5,91.5,0.55,7.7,409,0,27.2,0
EQ-02083,0.98,58.1,75.9,1.14,3.76,177,0,17.8,0
EQ-02084,3.62,58.7,41.4,1.53,6.18,376,1,27.6,0
EQ-02085,0.15,42.4,53.6,1.97,3.23,136,0,11.5,0
EQ-02086,3.05,65.3,47.7,1.42,3.18,56,2,23.0,0
EQ-02087,0.47,60.9,99.3,1.01,2.66,139,0,29.6,0
EQ-02088,3.34,73.6,66.8,1.82,1.65,371,0,8.3,0
EQ-02089,1.71,70.3,94.4,3.72,2.12,170,0,30.5,0
EQ-02090,6.83,69.2,53.5,0.88,1.6,170,0,27.9,0
EQ-02091,2.9,72.8,53.8,0.86,3.91,394,0,21.8,0
EQ-02092,1.88,75.0,42.4,0.25,3.87,520,0,27.2,0
EQ-02093,0.89,64.3,34.7,0.23,1.54,388,0,15.7,0
EQ-02094,3.69,68.7,45.9,2.6,2.45,69,0,31.9,0
EQ-02095,3.79,64.1,68.0,2.93,1.74,180,0,24.0,0
EQ-02096,2.26,70.1,32.6,0.23,3.31,427,2,20.8,0
EQ-02097,4.16,52.3,23.2,0.5,3.87,136,2,23.1,0
EQ-02098,2.62,58.4,64.9,2.45,1.8,151,0,30.9,0
EQ-02099,2.84,67.5,38.0,1.39,3.98,234,2,29.2,0
EQ-02100,1.23,79.7,90.6,1.7,1.91,87,1,13.2,0
EQ-02101,6.74,61.6,25.1,1.52,4.83,27,1,24.0,0
EQ-02102,1.17,79.4,46.6,0.3,5.37,377,0,23.3,0
EQ-02103,0.68,75.8,71.5,3.07,1.05,296,1,24.6,0
EQ-02104,3.85,70.8,85.3,0.6,5.31,289,0,26.3,0
EQ-02105,2.59,83.9,87.6,0.98,4.0,63,0,21.4,0
EQ-02106,0.54,89.3,42.3,0.42,3.53,115,1,35.6,0
EQ-02107,0.81,55.9,50.1,2.3,1.39,11,1,28.9,0
EQ-02108,4.58,60.0,37.2,0.98,4.17,4,0,22.0,0
EQ-02109,2.11,65.9,42.1,0.94,2.09,8,3,28.9,0
EQ-02110,0.76,65.2,66.2,0.9,1.89,109,0,19.3,0
EQ-02111,5.82,68.1,29.8,1.16,4.31,24,1,8.5,0
EQ-02112,1.5,60.7,35.4,0.4,4.62,430,0,20.4,0
EQ-02113,2.02,68.5,80.0,0.74,3.74,178,1,17.4,0
EQ-02114,2.31,55.1,70.1,1.33,2.23,195,1,23.0,0
EQ-02115,3.56,61.4,84.6,0.92,1.98,116,1,15.3,0
EQ-02116,4.45,87.4,34.7,0.87,5.34,470,0,22.9,0
EQ-02117,0.52,82.9,94.6,0.78,2.87,508,0,32.9,0
EQ-02118,7.73,70.7,39.1,0.62,4.11,488,1,21.2,0
EQ-02119,5.04,78.2,89.7,0.88,3.24,510,0,16.5,0
EQ-02120,2.71,64.0,39.5,0.92,5.61,418,0,22.5,0
EQ-02121,1.32,69.1,71.7,2.91,2.9,435,0,24.9,0
EQ-02122,2.83,63.3,70.8,3.48,3.49,274,0,25.5,0
EQ-02123,2.82,78.7,44.4,0.75,4.24,269,0,27.6,0
EQ-02124,3.38,61.7,91.3,0.36,3.9,106,0,19.5,0
EQ-02125,3.41,84.5,46.6,2.91,1.67,314,0,22.6,1
EQ-02126,1.75,84.7,77.9,0.84,2.76,361,0,30.2,0
EQ-02127,10.3,76.4,44.2,1.89,2.65,203,1,19.3,1
EQ-02128,1.77,58.5,40.6,2.42,2.64,363,0,23.1,0
EQ-02129,3.27,65.7,69.1,1.22,4.34,444,0,24.2,0
EQ-02130,2.0,55.3,24.2,0.9,3.03,494,0,19.6,0
EQ-02131,8.77,72.5,96.6,1.9,3.58,280,1,19.8,1
EQ-02132,1.21,67.9,46.4,1.26,3.38,378,1,21.1,0
EQ-02133,6.04,67.0,67.9,0.74,1.06,514,0,29.0,0
EQ-02134,2.46,70.2,95.7,0.45,2.02,251,1,26.5,0
EQ-02135,1.37,53.5,37.4,1.71,2.13,471,1,27.4,0
EQ-02136,3.83,62.4,22.9,0.21,5.76,538,0,24.1,1
EQ-02137,9.13,51.1,64.5,0.66,2.05,162,0,32.1,0
EQ-02138,1.11,76.8,59.3,0.94,3.28,249,1,21.7,0
EQ-02139,2.11,78.1,32.7,1.1,3.59,134,1,20.9,1
EQ-02140,1.21,70.0,94.0,3.49,3.14,290,1,22.2,0
EQ-02141,1.23,69.7,72.9,0.5,5.0,367,0,23.8,0
EQ-02142,4.28,55.8,97.3,0.96,2.81,55,1,22.9,0
EQ-02143,2.17,60.7,31.5,0.11,5.91,201,1,24.9,0
EQ-02144,1.05,39.7,23.9,1.44,2.45,407,1,22.2,0
EQ-02145,6.74,58.1,68.4,0.43,2.23,440,0,23.8,0
EQ-02146,2.6,61.8,74.7,0.88,4.21,267,0,19.2,0
EQ-02147,2.07,52.9,69.5,2.23,3.81,283,0,12.1,0
EQ-02148,4.43,74.5,98.2,0.84,1.94,314,1,25.5,0
EQ-02149,1.19,71.8,46.5,0.79,4.85,434,0,19.0,0
EQ-02150,0.66,42.6,70.4,2.6,1.26,375,0,27.8,0
EQ-02151,2.37,68.0,80.8,0.13,1.05,127,0,23.1,0
EQ-02152,3.74,70.7,99.9,0.77,7.73,498,2,32.0,0
EQ-02153,6.05,76.3,50.6,0.78,2.06,354,0,11.3,0
EQ-02154,0.67,60.5,90.6,2.56,3.77,486,0,37.3,0
EQ-02155,3.56,62.0,42.7,1.07,4.09,334,0,20.9,0
EQ-02156,1.43,53.0,68.2,1.87,4.72,223,1,22.7,0
EQ-02157,5.04,73.7,77.8,0.98,2.53,209,1,21.3,1
EQ-02158,5.24,60.2,27.9,0.32,6.25,273,2,24.6,0
EQ-02159,2.95,84.7,78.2,1.5,4.71,304,1,22.2,0
EQ-02160,2.8,48.7,71.8,5.52,2.34,529,2,27.0,1
EQ-02161,1.19,63.4,89.2,0.27,2.11,13,0,31.6,0
EQ-02162,1.78,87.6,84.5,1.99,2.02,98,1,18.3,0
EQ-02163,3.7,66.6,98.5,0.19,4.58,109,0,22.4,0
EQ-02164,1.83,75.1,28.1,0.24,3.25,121,3,32.8,0
EQ-02165,3.32,76.9,68.8,3.35,2.53,57,2,31.5,0
EQ-02166,0.94,59.5,78.3,1.08,1.8,323,0,29.3,0
EQ-02167,0.7,58.7,82.6,0.23,1.59,206,0,30.9,0
EQ-02168,0.16,75.1,35.8,0.86,2.65,27,1,27.2,0
EQ-02169,1.6,58.4,57.8,0.27,1.25,538,0,32.4,0
EQ-02170,5.82,72.2,74.1,2.21,4.35,257,1,20.5,0
EQ-02171,1.76,59.7,28.3,1.77,1.48,27,1,26.2,0
EQ-02172,1.99,54.8,68.7,0.39,1.1,136,0,28.6,0
EQ-02173,4.87,66.6,39.6,0.67,4.08,188,0,25.0,0
EQ-02174,2.47,40.7,54.6,2.42,2.37,115,1,28.5,0
EQ-02175,1.22,56.4,63.2,1.78,3.32,400,0,21.2,0
EQ-02176,2.28,46.4,58.3,0.92,1.36,102,0,17.4,0
EQ-02177,1.07,63.2,25.2,0.47,3.0,182,2,27.8,0
EQ-02178,2.11,58.0,36.7,0.44,2.35,24,1,17.8,0
EQ-02179,6.23,53.1,28.1,2.67,2.84,218,0,31.1,0
EQ-02180,1.18,51.7,83.9,0.43,6.07,331,0,24.3,0
EQ-02181,0.69,66.0,56.8,0.79,3.42,355,2,24.7,0
EQ-02182,3.27,62.6,40.0,0.47,3.03,447,0,31.4,0
EQ-02183,2.26,71.6,63.8,2.18,2.62,410,0,23.5,0
EQ-02184,1.53,66.7,77.7,0.92,1.86,309,1,24.4,0
EQ-02185,2.86,60.6,40.9,0.16,1.77,421,0,17.4,0
EQ-02186,2.3,54.4,24.9,0.1,2.79,93,2,26.2,0
EQ-02187,3.33,65.6,65.9,3.08,6.11,78,0,12.9,0
EQ-02188,7.36,63.9,73.0,0.5,1.98,111,0,33.3,0
EQ-02189,0.81,71.3,69.7,0.8,5.74,237,1,25.8,0
EQ-02190,1.38,42.6,96.1,0.25,2.62,363,0,21.8,0
EQ-02191,2.42,48.8,77.3,0.61,1.64,58,1,12.7,0
EQ-02192,3.93,65.8,89.3,1.43,1.25,5,0,26.8,0
EQ-02193,1.28,71.0,86.3,0.97,4.83,124,0,29.4,0
EQ-02194,1.48,76.1,88.8,0.22,3.13,445,2,26.9,0
EQ-02195,4.35,47.4,49.6,1.41,3.11,408,0,21.9,0
EQ-02196,2.84,64.0,70.3,0.67,2.06,325,0,30.9,0
EQ-02197,4.24,79.3,79.6,0.05,4.87,237,4,13.0,0
EQ-02198,1.98,58.4,58.1,0.21,1.9,459,0,22.1,0
EQ-02199,2.06,60.2,64.4,2.01,1.9,340,1,19.6,0
EQ-02200,1.22,50.0,74.2,0.47,2.36,75,0,17.6,0
EQ-02201,2.37,58.3,78.8,1.45,4.46,460,0,28.6,0
EQ-02202,3.38,52.1,26.0,0.89,2.95,361,2,23.3,0
EQ-02203,3.24,68.7,26.9,2.28,3.32,142,0,25.2,0
EQ-02204,1.06,63.3,49.6,1.25,3.06,295,1,20.3,0
EQ-02205,2.0,59.3,48.3,2.13,4.41,228,2,16.8,0
EQ-02206,2.97,65.6,47.8,0.56,1.7,407,1,33.8,0
EQ-02207,3.77,86.5,38.9,0.46,2.55,56,1,17.1,0
EQ-02208,1.61,71.7,41.5,2.02,2.09,248,1,17.0,0
EQ-02209,0.69,64.4,95.5,0.57,4.28,130,0,26.3,0
EQ-02210,6.36,70.4,86.7,2.88,2.55,296,2,20.0,1
EQ-02211,6.4,72.5,82.2,0.29,2.93,438,0,23.1,0
EQ-02212,2.77,66.3,53.6,2.26,4.83,42,0,16.7,0
EQ-02213,3.15,65.6,85.9,1.17,2.94,490,1,30.1,0
EQ-02214,0.97,58.2,72.2,0.77,3.22,145,2,25.4,0
EQ-02215,1.55,52.8,44.4,0.64,2.53,281,0,12.2,0
EQ-02216,1.36,65.3,32.2,0.91,1.98,196,1,11.5,0
EQ-02217,7.68,79.1,65.2,0.54,1.05,83,2,19.6,1
EQ-02218,4.62,71.3,54.3,3.16,4.08,275,0,17.4,0
EQ-02219,3.68,66.6,39.8,0.29,1.96,186,0,23.6,0
EQ-02220,2.15,67.2,89.8,0.22,3.01,474,2,21.9,0
EQ-02221,3.0,71.2,83.2,1.71,1.81,211,1,18.7,0
EQ-02222,2.58,58.6,41.5,1.98,1.05,400,0,18.7,0
EQ-02223,0.82,71.6,40.9,0.7,3.08,301,2,28.7,0
EQ-02224,4.81,65.3,78.9,0.56,1.39,388,0,22.7,0
EQ-02225,7.44,76.6,26.3,0.15,4.34,214,0,17.0,0
EQ-02226,4.87,68.9,52.2,1.39,2.04,147,1,22.0,0
EQ-02227,4.1,66.7,89.7,2.6,2.83,338,0,21.5,0
EQ-02228,8.6,56.4,42.2,0.67,1.65,295,1,14.2,0
EQ-02229,8.07,58.6,48.3,1.73,2.64,77,1,19.4,0
EQ-02230,0.28,75.5,87.0,0.09,2.63,219,2,17.6,0
EQ-02231,1.84,54.6,66.0,1.31,5.15,439,2,23.0,0
EQ-02232,4.35,64.2,76.4,1.45,6.65,517,1,19.2,1
EQ-02233,5.86,61.4,81.1,1.3,7.4,414,0,16.2,0
EQ-02234,3.71,59.1,36.3,1.56,2.07,394,0,17.3,0
EQ-02235,1.12,55.6,39.6,2.19,4.29,160,1,18.0,0
EQ-02236,8.53,98.7,89.8,2.37,1.88,189,1,23.6,1
EQ-02237,3.03,72.5,28.4,0.55,4.32,48,0,35.6,0
EQ-02238,0.82,68.7,28.9,0.92,1.2,312,0,25.9,0
EQ-02239,0.15,59.6,88.9,1.62,2.59,470,0,36.8,0
EQ-02240,0.41,69.7,42.6,2.58,7.06,327,0,27.4,0
EQ-02241,1.22,76.5,69.8,1.12,8.56,472,1,24.3,0
EQ-02242,1.12,59.5,50.6,0.65,2.58,3,1,28.8,0
EQ-02243,0.68,66.7,81.3,1.61,1.3,250,0,28.8,0
EQ-02244,4.02,54.2,69.2,0.86,3.9,449,0,26.5,1
EQ-02245,2.19,59.5,22.2,0.05,1.45,170,2,22.6,0
EQ-02246,1.87,50.0,77.2,0.7,2.45,296,0,24.5,0
EQ-02247,5.86,68.2,93.2,1.69,3.05,127,1,32.1,1
EQ-02248,2.36,65.5,71.1,0.06,4.88,22,0,18.8,1
EQ-02249,3.59,67.2,38.3,0.3,13.5,444,2,21.4,0
EQ-02250,2.96,54.2,62.5,0.53,3.17,214,2,8.0,0
EQ-02251,7.21,60.2,33.9,0.23,4.04,462,2,22.8,0
EQ-02252,3.45,67.2,57.7,3.58,6.29,82,0,28.9,0
EQ-02253,5.24,44.8,54.2,1.46,3.05,258,1,20.2,0
EQ-02254,6.25,59.3,28.0,1.06,2.35,265,0,29.9,0
EQ-02255,1.41,57.4,76.4,1.08,5.45,168,1,19.0,0
EQ-02256,2.19,79.3,40.2,1.12,2.52,518,0,22.2,0
EQ-02257,4.72,73.4,43.2,0.34,1.18,119,0,10.9,0
EQ-02258,0.49,62.0,37.0,1.87,2.84,97,2,25.9,0
EQ-02259,3.28,81.7,82.8,2.04,1.05,465,1,14.5,0
EQ-02260,2.15,76.7,47.7,0.85,2.98,272,0,25.5,0
EQ-02261,3.16,63.7,70.0,3.83,1.3,9,0,30.7,0
EQ-02262,1.54,63.9,83.4,1.94,3.48,330,0,29.0,0
EQ-02263,4.36,68.0,81.9,3.04,10.66,151,1,16.0,1
EQ-02264,1.58,65.9,31.7,0.83,2.41,160,1,22.9,0
EQ-02265,0.61,56.1,48.6,1.07,2.98,404,0,26.5,0
EQ-02266,1.42,85.6,48.7,0.87,3.6,303,1,13.6,0
EQ-02267,1.79,58.4,62.8,0.14,1.37,271,0,18.6,0
EQ-02268,4.35,68.1,60.4,0.93,5.63,270,0,31.9,0
EQ-02269,2.11,48.7,87.2,0.9,3.14,502,0,23.0,0
EQ-02270,3.56,84.6,32.1,0.59,3.96,310,0,34.9,0
EQ-02271,6.16,64.8,44.2,3.39,2.42,227,2,23.7,1
EQ-02272,2.22,69.0,39.8,0.56,3.75,299,1,22.8,0
EQ-02273,6.35,70.0,31.4,0.97,2.84,344,0,28.9,0
EQ-02274,4.42,66.9,71.0,1.21,5.97,387,0,31.7,0
EQ-02275,0.75,65.8,45.4,1.89,3.4,428,0,30.6,0
EQ-02276,1.14,54.1,75.2,2.38,4.83,69,1,14.5,0
EQ-02277,5.27,54.3,30.8,1.59,2.09,264,1,9.8,0
EQ-02278,0.79,60.0,34.0,1.51,2.88,393,0,18.7,0
EQ-02279,2.1,65.8,40.0,0.59,6.26,157,0,16.8,0
EQ-02280,1.05,75.3,27.1,2.5,2.71,114,2,22.7,0
EQ-02281,5.19,70.8,41.1,0.07,2.37,258,1,19.3,0
EQ-02282,4.26,58.2,46.1,2.0,2.28,134,0,28.6,0
EQ-02283,2.05,76.7,58.9,0.4,2.27,354,0,31.8,0
EQ-02284,1.78,56.7,82.8,1.59,1.43,452,2,19.8,0
EQ-02285,2.21,82.7,96.5,2.0,2.48,349,1,22.1,0
EQ-02286,2.17,80.1,89.1,2.31,5.55,328,0,25.2,1
EQ-02287,1.99,74.8,43.7,0.94,1.73,140,0,20.9,0
EQ-02288,1.91,69.2,81.1,1.12,3.59,519,0,31.0,0
EQ-02289,1.49,55.8,51.0,1.65,1.81,495,2,18.6,0
EQ-02290,1.19,60.7,48.6,0.86,4.51,227,0,20.7,0
EQ-02291,4.21,77.2,58.0,1.04,4.9,114,0,28.8,0
EQ-02292,5.29,58.1,47.5,0.42,2.18,151,0,29.4,0
EQ-02293,2.29,67.6,46.9,1.97,5.37,250,0,16.1,0
EQ-02294,2.52,60.8,52.8,1.89,3.99,347,0,21.2,0
EQ-02295,1.5,75.1,61.8,0.54,2.91,383,1,22.6,0
EQ-02296,4.96,67.3,49.5,1.1,1.84,268,0,17.2,0
EQ-02297,2.28,69.6,71.1,0.76,1.92,424,1,17.6,0
EQ-02298,2.04,60.0,88.6,0.66,2.74,521,0,24.4,0
EQ-02299,1.62,50.9,67.3,0.19,4.36,216,0,26.3,0
EQ-02300,1.46,69.2,96.2,0.33,1.05,61,1,23.7,0
EQ-02301,2.6,73.1,64.8,0.93,1.37,93,1,21.4,0
EQ-02302,2.52,73.7,67.6,0.37,1.95,231,1,17.8,0
EQ-02303,2.02,82.0,58.1,0.61,6.15,486,0,19.3,1
EQ-02304,1.96,65.9,39.1,2.08,3.78,463,3,26.2,0
EQ-02305,0.86,74.5,44.0,1.54,2.35,509,1,18.9,0
EQ-02306,1.03,70.5,47.1,0.21,5.02,496,1,14.4,0
EQ-02307,0.86,66.5,36.7,0.56,2.79,149,2,25.9,0
EQ-02308,2.04,69.6,72.7,0.47,1.44,84,0,28.4,0
EQ-02309,0.83,63.6,61.8,2.31,4.42,181,0,21.9,0
EQ-02310,1.29,64.5,90.9,0.05,3.05,530,0,25.3,0
EQ-02311,2.88,68.9,57.3,1.49,3.8,78,1,26.0,0
EQ-02312,7.37,61.6,78.2,0.23,1.65,428,1,23.4,0
EQ-02313,4.21,56.0,40.2,0.1,2.57,467,1,25.6,0
EQ-02314,4.01,89.9,27.1,1.39,4.75,531,1,27.4,0
EQ-02315,2.13,68.8,23.0,0.55,5.22,338,1,21.6,0
EQ-02316,0.98,48.0,70.8,0.97,1.9,272,0,29.9,0
EQ-02317,3.4,78.8,52.7,0.83,2.74,190,0,20.1,0
EQ-02318,1.12,35.0,40.9,0.21,6.1,170,1,24.7,0
EQ-02319,3.75,71.4,24.1,0.99,2.69,493,0,23.6,0
EQ-02320,0.73,71.3,42.9,1.0,3.24,474,0,30.6,0
EQ-02321,3.02,81.8,95.3,0.24,1.77,407,1,27.5,0
EQ-02322,1.78,73.0,69.5,2.2,1.05,481,1,20.9,0
EQ-02323,4.74,62.6,81.5,1.46,3.24,507,1,28.0,0
EQ-02324,0.58,67.2,96.6,0.61,2.52,475,1,19.7,0
EQ-02325,4.42,60.5,53.6,1.07,1.76,194,1,33.6,0
EQ-02326,1.61,63.1,61.0,1.56,1.43,470,1,25.3,0
EQ-02327,3.62,82.6,87.3,0.96,3.82,76,0,18.7,0
EQ-02328,9.72,70.0,51.9,0.94,5.1,226,0,27.2,0
EQ-02329,2.66,73.6,31.0,0.44,1.3,9,1,27.7,0
EQ-02330,2.21,64.4,28.5,0.92,1.57,139,2,25.0,0
EQ-02331,3.96,77.2,70.9,1.4,1.74,444,0,17.0,0
EQ-02332,6.49,76.7,52.2,1.73,2.77,263,1,20.5,0
EQ-02333,1.29,64.1,99.4,1.63,2.57,109,1,31.9,0
EQ-02334,1.88,63.6,62.8,2.46,4.76,521,0,19.0,0
EQ-02335,3.53,51.4,40.8,1.82,4.18,131,0,26.7,0
EQ-02336,1.05,56.0,59.8,3.13,1.6,182,1,24.0,0
EQ-02337,2.35,58.1,46.4,3.49,1.91,204,0,29.0,0
EQ-02338,0.96,75.7,70.4,0.91,2.17,248,0,22.2,0
EQ-02339,6.01,69.6,91.4,1.17,5.38,284,0,23.5,1
EQ-02340,2.24,56.9,70.3,0.87,3.03,472,1,10.6,0
EQ-02341,2.83,66.0,73.5,0.37,3.32,467,0,22.7,0
EQ-02342,1.61,71.4,92.1,0.6,4.25,130,2,13.0,0
EQ-02343,4.15,49.3,82.5,0.78,1.63,130,1,27.6,0
EQ-02344,1.13,61.9,23.8,1.75,7.9,26,1,27.1,0
EQ-02345,3.11,68.4,84.3,0.87,1.88,223,0,24.8,0
EQ-02346,2.72,60.5,62.4,0.88,1.72,478,0,27.3,0
EQ-02347,5.38,78.5,50.9,0.39,3.66,168,0,22.5,0
EQ-02348,2.63,68.5,88.1,0.48,4.4,508,0,27.4,0
EQ-02349,4.26,55.7,89.0,0.52,3.87,432,0,33.2,0
EQ-02350,1.89,63.1,76.1,0.18,4.02,132,0,26.8,0
EQ-02351,3.77,67.5,36.7,0.52,1.54,475,0,28.6,0
EQ-02352,4.43,59.9,23.7,0.97,2.68,500,0,18.4,0
EQ-02353,1.25,57.2,50.4,0.58,1.78,200,0,24.7,0
EQ-02354,3.37,79.9,93.6,2.69,2.64,40,1,21.8,0
EQ-02355,0.84,67.0,27.6,1.53,2.43,378,1,15.4,0
EQ-02356,4.22,64.2,88.0,3.25,1.96,243,2,28.9,0
EQ-02357,2.13,48.9,37.4,4.33,8.85,145,1,26.5,0
EQ-02358,0.46,73.6,63.9,0.57,1.62,380,0,28.3,0
EQ-02359,5.42,60.0,50.4,0.52,1.88,472,0,18.3,1
EQ-02360,3.4,73.5,70.1,1.14,3.04,49,1,31.4,0
EQ-02361,6.9,67.5,86.0,1.18,3.4,538,0,16.2,1
EQ-02362,2.77,68.4,92.6,0.82,1.71,212,2,14.8,0
EQ-02363,0.99,66.5,49.3,2.01,7.59,162,1,20.4,1
EQ-02364,5.06,68.7,32.9,1.81,3.59,479,1,19.1,0
EQ-02365,3.16,76.2,50.6,1.03,1.66,231,1,28.2,0
EQ-02366,5.71,49.2,94.1,0.21,2.95,217,0,26.7,0
EQ-02367,0.68,74.1,82.6,2.55,2.58,158,1,33.8,0
EQ-02368,4.17,60.3,48.9,1.62,2.89,485,0,15.8,0
EQ-02369,3.68,81.1,96.1,2.2,1.65,135,2,19.0,0
EQ-02370,0.52,55.1,97.6,1.17,2.83,448,1,8.0,0
EQ-02371,0.77,68.1,84.5,0.96,2.59,410,0,16.6,0
EQ-02372,4.56,69.6,29.0,0.43,9.67,276,0,18.6,0
EQ-02373,0.87,59.2,89.9,5.08,2.27,453,0,26.5,0
EQ-02374,4.17,78.2,91.0,0.06,3.89,320,1,20.1,0
EQ-02375,1.08,87.2,39.6,2.12,1.05,253,1,15.7,1
EQ-02376,1.94,61.9,74.9,2.89,1.23,287,1,21.0,0
EQ-02377,1.61,64.1,89.0,1.13,1.34,244,0,23.2,0
EQ-02378,3.36,68.4,67.8,0.83,5.96,464,1,26.3,1
EQ-02379,1.61,70.4,67.0,0.87,2.05,283,0,19.3,0
EQ-02380,2.04,74.4,95.2,1.72,3.67,495,1,20.0,0
EQ-02381,1.09,41.3,44.0,1.9,4.78,6,2,37.2,0
EQ-02382,1.51,62.2,25.8,0.6,4.33,528,2,28.2,0
EQ-02383,1.4,66.5,78.2,1.42,2.13,470,1,17.8,0
EQ-02384,7.7,52.3,67.2,0.37,4.23,67,1,22.8,0
EQ-02385,0.88,64.7,52.6,0.32,4.76,150,0,24.3,0
EQ-02386,2.01,48.8,60.9,0.76,1.85,152,1,31.0,0
EQ-02387,1.59,61.3,48.6,1.14,1.86,486,0,21.9,0
EQ-02388,1.44,51.8,79.6,0.73,2.51,119,1,21.1,0
EQ-02389,2.31,50.3,91.3,2.64,1.46,437,1,29.0,0
EQ-02390,1.43,67.0,45.5,0.5,1.79,5,1,27.0,0
EQ-02391,0.95,84.7,49.8,3.41,1.88,157,0,25.7,1
EQ-02392,1.38,79.2,62.3,0.46,2.19,467,0,17.6,0
EQ-02393,1.68,49.9,63.0,1.01,2.19,473,1,29.7,0
EQ-02394,6.37,69.1,57.5,0.52,1.67,527,0,29.4,0
EQ-02395,2.01,68.6,73.7,0.8,1.52,37,1,17.4,0
EQ-02396,2.19,55.3,56.2,3.52,3.06,82,1,14.9,0
EQ-02397,1.68,66.1,51.7,1.7,2.9,413,1,34.2,0
EQ-02398,4.22,71.6,88.6,0.94,3.25,26,0,23.7,0
EQ-02399,0.62,45.7,44.2,3.36,3.15,105,0,19.3,0
EQ-02400,3.32,42.7,85.0,0.93,4.53,296,1,20.2,0
EQ-02401,0.96,60.4,39.9,0.54,2.38,43,1,21.4,0
EQ-02402,3.61,63.9,30.0,0.69,3.41,395,0,22.2,0
EQ-02403,0.74,70.5,98.6,0.09,2.43,317,0,23.4,0
EQ-02404,5.25,53.7,51.8,1.52,3.08,488,0,18.7,0
EQ-02405,2.23,56.9,37.1,2.08,6.32,49,0,18.2,0
EQ-02406,0.61,58.2,60.5,1.22,2.09,385,0,9.5,0
EQ-02407,0.82,71.2,29.5,0.2,2.58,125,0,37.2,0
EQ-02408,4.07,56.2,28.7,1.11,3.53,170,0,24.7,0
EQ-02409,2.0,65.8,26.6,0.23,4.04,255,1,23.7,0
EQ-02410,2.9,60.1,27.6,0.17,1.86,270,0,25.9,0
EQ-02411,2.88,52.2,81.3,0.05,1.93,140,0,20.6,0
EQ-02412,3.28,71.2,30.8,0.38,2.31,340,1,30.9,0
EQ-02413,1.31,79.3,53.6,0.53,4.33,505,0,18.5,0
EQ-02414,0.32,79.7,92.9,0.69,3.16,48,2,25.3,0
EQ-02415,1.7,79.0,35.7,2.88,1.87,527,1,18.8,1
EQ-02416,4.03,77.3,23.5,2.04,5.37,461,3,30.8,0
EQ-02417,5.18,65.6,97.1,0.51,3.76,48,1,30.1,0
EQ-02418,5.68,70.1,74.9,2.17,4.39,237,0,28.2,0
EQ-02419,0.44,48.0,38.3,0.63,2.93,126,0,13.1,0
EQ-02420,1.32,68.0,95.2,0.57,1.77,133,0,18.3,0
EQ-02421,0.92,77.0,33.7,2.69,2.02,191,0,12.7,0
EQ-02422,2.15,44.3,75.4,1.44,2.29,169,1,25.9,0
EQ-02423,5.92,72.0,34.5,1.03,1.94,61,0,22.8,0
EQ-02424,1.94,70.0,98.0,1.42,2.06,212,1,27.7,0
EQ-02425,0.19,64.9,44.3,0.8,3.44,360,0,23.3,0
EQ-02426,1.05,65.6,46.9,1.42,3.33,170,2,28.3,0
EQ-02427,5.07,49.8,82.4,0.59,2.62,21,1,34.9,0
EQ-02428,2.89,60.1,49.1,0.16,1.86,356,0,18.1,0
EQ-02429,2.95,85.8,66.5,1.59,3.23,262,1,21.2,0
EQ-02430,1.68,62.4,93.4,1.71,11.6,61,0,15.7,0
EQ-02431,2.0,75.1,81.0,1.13,1.7,280,1,28.8,0
EQ-02432,1.37,59.0,70.0,1.34,2.36,320,0,24.4,0
EQ-02433,4.56,63.6,87.0,1.55,1.05,190,1,26.8,0
EQ-02434,3.3,70.3,82.4,2.31,1.05,111,0,24.0,1
EQ-02435,2.91,75.4,30.4,1.34,2.27,388,1,21.5,0
EQ-02436,3.86,78.0,27.0,1.97,4.57,259,2,22.0,1
EQ-02437,5.05,61.9,36.0,1.57,2.34,64,1,17.6,0
EQ-02438,6.52,59.0,67.9,0.28,5.35,144,1,32.3,0
EQ-02439,4.64,71.4,74.8,1.82,1.48,43,0,25.6,0
EQ-02440,1.67,53.7,90.2,0.89,3.83,66,2,34.5,0
EQ-02441,5.33,56.1,32.0,0.49,5.16,154,0,22.0,0
EQ-02442,3.7,76.8,77.3,1.69,2.01,359,0,25.0,0
EQ-02443,1.44,58.0,65.4,0.13,4.07,293,3,27.6,0
EQ-02444,4.87,74.6,87.2,0.7,1.05,216,2,17.0,1
EQ-02445,4.19,56.5,26.4,0.11,5.16,99,0,29.3,0
EQ-02446,2.57,57.9,84.8,0.3,8.18,385,1,20.7,0
EQ-02447,2.01,62.5,91.5,5.55,1.82,450,1,34.6,0
EQ-02448,2.23,61.7,51.4,0.46,2.77,28,0,17.6,0
EQ-02449,0.95,52.3,63.8,1.38,3.74,517,1,23.1,0
EQ-02450,10.5,63.9,94.2,4.4,1.17,76,1,23.7,1
EQ-02451,2.25,63.2,83.9,0.57,3.07,63,1,20.7,0
EQ-02452,0.48,49.3,95.9,0.37,1.64,303,0,21.7,0
EQ-02453,3.17,61.6,93.1,0.92,2.18,344,2,29.3,0
EQ-02454,4.28,71.8,36.0,0.85,2.48,89,0,25.9,0
EQ-02455,3.42,90.0,87.1,0.92,5.42,167,1,23.7,1
EQ-02456,2.95,57.9,89.6,0.08,2.07,147,3,27.4,0
EQ-02457,4.27,73.0,61.1,1.0,2.78,116,1,22.0,0
EQ-02458,2.04,64.9,52.9,0.44,2.02,48,1,34.9,0
EQ-02459,1.29,66.5,48.8,0.42,3.38,503,1,21.5,0
EQ-02460,0.74,83.9,27.3,0.5,4.8,89,1,23.0,0
EQ-02461,1.2,57.5,67.8,0.58,3.18,154,0,20.1,0
EQ-02462,1.07,58.7,69.6,0.33,5.75,392,0,19.6,0
EQ-02463,2.22,71.9,25.4,0.71,2.26,375,0,22.1,0
EQ-02464,6.39,62.4,69.4,1.03,1.94,212,1,16.8,0
EQ-02465,1.99,62.1,57.1,1.64,3.11,343,2,23.6,0
EQ-02466,1.08,80.2,66.4,0.85,2.53,218,0,17.5,0
EQ-02467,2.28,92.0,67.9,0.95,3.62,34,0,13.4,0
EQ-02468,3.08,64.9,89.3,0.55,1.81,468,1,20.7,0
EQ-02469,6.78,71.2,27.7,0.08,2.73,104,0,22.0,0
EQ-02470,2.68,60.6,55.0,1.1,2.02,78,0,20.9,0
EQ-02471,4.32,54.3,25.3,0.44,9.28,163,1,25.9,0
EQ-02472,8.29,79.5,89.7,2.25,2.59,314,0,19.3,1
EQ-02473,3.74,63.9,37.0,1.02,13.5,332,0,28.8,0
EQ-02474,1.83,79.6,62.5,0.23,3.93,535,1,26.7,0
EQ-02475,6.68,71.0,87.2,1.4,3.96,351,1,19.0,1
EQ-02476,4.51,68.4,74.6,0.73,1.24,526,0,26.5,0
EQ-02477,4.71,57.9,30.0,1.75,2.71,251,1,18.6,0
EQ-02478,1.5,62.1,34.0,0.74,3.5,377,0,31.6,0
EQ-02479,0.81,45.5,94.8,0.33,1.96,98,1,24.2,0
EQ-02480,1.54,66.3,67.4,0.2,1.62,485,0,25.8,0
EQ-02481,3.76,74.6,23.9,2.08,4.09,248,0,35.3,0
EQ-02482,1.55,54.5,56.5,2.53,3.23,177,0,23.8,0
EQ-02483,3.44,60.6,86.0,3.22,3.79,198,2,21.1,0
EQ-02484,3.02,74.5,93.8,1.86,3.34,176,3,26.0,0
EQ-02485,2.12,82.4,75.4,0.14,4.21,324,0,19.3,0
EQ-02486,5.55,60.0,85.0,0.18,4.21,517,1,19.1,1
EQ-02487,3.62,84.4,77.9,0.79,3.12,413,0,24.0,1
EQ-02488,3.87,59.2,25.9,0.38,2.39,240,0,21.4,0
EQ-02489,2.22,77.6,32.8,1.79,2.33,15,0,18.4,0
EQ-02490,5.54,75.8,60.1,1.42,1.74,531,1,28.9,0
EQ-02491,0.82,61.9,25.4,1.32,2.04,273,1,33.6,0
EQ-02492,2.13,53.8,40.0,0.41,3.53,519,0,18.4,0
EQ-02493,4.03,67.7,95.8,2.26,1.84,304,1,24.7,0
EQ-02494,4.52,61.7,35.4,3.3,3.35,59,0,28.3,0
EQ-02495,1.15,76.1,58.4,0.1,3.64,54,0,23.5,0
EQ-02496,1.9,74.4,70.7,0.73,5.32,412,0,26.4,0
EQ-02497,0.93,69.1,44.8,0.44,3.92,519,0,25.1,0
EQ-02498,8.61,62.9,46.3,1.81,3.0,335,2,25.8,0
EQ-02499,4.25,66.0,45.7,1.04,2.55,511,2,25.1,0
EQ-02500,1.41,67.1,75.7,0.5,6.51,336,2,39.3,0
EQ-02501,0.69,53.6,71.1,1.8,2.0,321,0,35.1,0
EQ-02502,0.15,75.9,48.2,2.53,1.42,150,1,26.8,0
EQ-02503,6.96,52.1,62.5,0.52,3.39,508,0,23.3,0
EQ-02504,0.81,69.6,36.4,0.95,2.38,297,0,25.8,0
EQ-02505,2.52,82.2,65.4,2.64,3.86,148,0,18.7,0
EQ-02506,1.82,89.8,70.3,1.04,2.77,29,0,8.4,0
EQ-02507,8.54,57.9,38.5,1.5,1.89,532,0,27.6,1
EQ-02508,4.71,65.0,67.9,2.92,2.51,372,1,25.9,0
EQ-02509,0.25,64.3,32.7,0.2,1.62,264,0,26.0,0
EQ-02510,1.13,49.3,47.4,0.63,3.53,18,0,26.2,0
EQ-02511,2.61,65.3,36.1,4.08,1.85,110,0,37.1,0
EQ-02512,6.12,71.3,98.5,0.25,3.83,165,1,25.1,1
EQ-02513,10.5,74.3,93.5,0.38,3.18,105,1,22.3,1
EQ-02514,4.66,62.2,81.9,0.83,6.98,360,2,18.7,0
EQ-02515,4.94,55.9,92.2,0.98,1.46,422,2,18.3,0
EQ-02516,3.51,54.5,71.3,1.24,1.71,87,0,21.6,0
EQ-02517,4.19,70.5,83.1,1.46,3.52,301,0,31.7,0
EQ-02518,3.03,66.0,56.4,2.42,2.36,123,0,21.5,0
EQ-02519,0.42,54.4,64.1,0.57,3.06,426,1,33.5,0
EQ-02520,10.5,54.9,37.7,0.11,1.77,111,1,32.8,0
EQ-02521,0.89,72.4,43.1,0.85,2.38,252,0,15.2,0
EQ-02522,4.19,62.1,69.2,0.28,2.41,357,0,19.6,0
EQ-02523,3.18,68.8,94.2,0.59,2.42,77,1,25.7,0
EQ-02524,1.37,73.3,54.2,1.49,1.05,515,0,23.0,0
EQ-02525,2.09,62.0,40.9,2.17,1.35,347,0,30.7,0
EQ-02526,1.02,59.6,89.9,1.59,3.02,433,3,18.2,0
EQ-02527,3.15,59.6,57.2,1.19,3.5,289,0,23.6,0
EQ-02528,1.27,62.9,70.9,0.42,4.07,7,1,24.9,0
EQ-02529,5.72,66.8,68.6,1.24,1.58,539,1,17.7,0
EQ-02530,3.38,63.3,69.3,0.49,3.77,392,2,21.4,1
EQ-02531,2.02,54.5,71.0,0.95,2.72,346,1,16.3,0
EQ-02532,0.76,67.1,24.0,0.19,1.9,410,1,24.6,0
EQ-02533,1.43,71.8,63.3,0.66,2.13,424,1,23.8,0
EQ-02534,2.43,75.3,59.2,1.65,2.8,344,1,19.0,0
EQ-02535,0.15,53.2,41.9,0.51,3.35,31,0,20.3,0
EQ-02536,2.86,68.4,64.3,1.37,3.21,398,0,28.2,0
EQ-02537,2.28,77.2,29.8,1.68,1.19,267,1,26.6,0
EQ-02538,4.52,70.9,51.0,0.75,2.29,478,1,22.8,0
EQ-02539,2.96,67.5,42.0,3.05,2.92,472,0,24.5,0
EQ-02540,0.58,76.7,88.8,1.42,2.5,317,2,25.2,0
EQ-02541,6.47,56.2,79.9,0.89,5.58,73,2,26.9,1
EQ-02542,3.26,62.1,84.7,0.07,2.69,129,0,28.9,0
EQ-02543,0.74,72.9,79.3,1.72,1.75,215,0,18.1,0
EQ-02544,2.92,80.0,64.8,2.08,3.39,103,0,31.6,0
EQ-02545,1.15,78.5,55.4,0.24,4.99,16,0,18.3,0
EQ-02546,1.68,72.9,90.8,1.96,4.06,181,0,24.4,0
EQ-02547,1.65,58.4,41.1,0.55,5.14,293,0,41.0,0
EQ-02548,2.44,61.3,61.3,1.46,1.66,405,0,16.6,0
EQ-02549,2.92,55.7,75.7,0.28,2.25,402,0,20.1,0
EQ-02550,1.17,70.4,68.1,2.5,1.71,180,0,32.2,0
EQ-02551,1.04,97.8,26.9,0.38,2.62,344,1,16.9,0
EQ-02552,3.04,61.2,31.1,0.67,2.07,294,1,18.8,0
EQ-02553,3.24,64.7,42.3,0.74,5.21,409,1,27.8,0
EQ-02554,5.52,73.7,75.0,1.2,2.57,350,1,22.2,0
EQ-02555,1.82,59.6,47.5,1.88,3.56,178,1,20.2,0
EQ-02556,10.5,61.7,41.6,1.78,1.13,458,0,21.1,0
EQ-02557,1.53,58.4,82.0,2.21,1.28,27,1,18.6,0
EQ-02558,2.15,74.2,57.3,1.71,1.62,499,0,19.2,0
EQ-02559,2.21,92.8,93.5,1.9,2.75,246,1,20.2,0
EQ-02560,0.63,73.2,96.2,0.14,3.88,202,0,26.6,0
EQ-02561,2.91,59.7,72.0,0.31,4.35,55,0,27.7,0
EQ-02562,4.99,75.1,22.5,0.22,2.22,445,0,8.7,0
EQ-02563,1.32,58.2,32.0,0.61,1.82,440,0,22.6,0
EQ-02564,2.37,49.7,27.2,0.77,4.1,8,1,23.6,0
EQ-02565,1.58,65.0,53.8,1.82,3.48,415,2,22.4,0
EQ-02566,1.47,85.4,73.9,0.56,1.66,213,1,33.6,0
EQ-02567,4.3,72.1,51.6,0.15,3.0,189,0,24.3,0
EQ-02568,1.39,56.4,99.9,2.48,4.74,538,2,14.3,0
EQ-02569,4.68,65.7,73.2,2.1,1.89,250,2,22.8,0
EQ-02570,8.02,48.7,83.8,1.67,1.05,337,1,19.4,1
EQ-02571,3.9,74.4,52.3,0.11,3.97,458,0,19.6,0
EQ-02572,1.65,60.1,46.9,0.81,3.05,161,0,21.5,0
EQ-02573,2.57,58.0,90.0,2.26,6.04,488,0,27.8,0
EQ-02574,3.36,79.1,35.6,1.12,5.1,495,1,14.1,1
EQ-02575,3.38,54.3,77.1,0.89,1.3,424,0,26.8,0
EQ-02576,3.34,72.9,43.8,0.85,1.8,31,2,19.5,0
EQ-02577,2.69,68.5,52.1,0.92,2.84,279,2,29.4,0
EQ-02578,2.28,71.2,44.9,1.5,1.45,207,1,18.5,0
EQ-02579,7.3,71.5,97.3,0.68,3.14,184,0,31.9,1
EQ-02580,4.19,78.3,63.4,0.69,3.02,223,1,20.6,0
EQ-02581,1.37,63.6,26.7,1.13,1.75,256,0,24.2,0
EQ-02582,1.12,68.6,93.2,0.36,2.65,413,1,24.3,1
EQ-02583,1.17,82.0,28.3,1.31,7.05,496,0,29.3,0
EQ-02584,5.99,50.0,25.3,0.36,1.14,212,1,22.5,0
EQ-02585,0.98,74.2,33.8,0.23,1.99,456,0,25.8,0
EQ-02586,0.68,71.7,87.8,1.33,2.98,393,0,24.1,0
EQ-02587,1.54,72.6,47.4,0.18,1.05,112,1,28.4,0
EQ-02588,5.75,63.0,50.8,1.97,1.9,241,1,19.2,0
EQ-02589,3.66,40.4,29.1,2.53,2.48,399,2,24.8,0
EQ-02590,1.66,65.1,77.8,2.96,2.68,299,0,25.4,0
EQ-02591,4.89,68.2,73.3,2.05,1.71,428,2,14.5,0
EQ-02592,1.27,68.2,82.6,1.61,2.59,152,0,18.2,0
EQ-02593,2.71,56.4,43.1,0.7,2.42,439,0,19.1,0
EQ-02594,2.82,61.7,52.4,0.31,2.11,273,0,21.5,0
EQ-02595,1.86,56.4,91.5,3.4,3.14,322,1,14.5,0
EQ-02596,1.1,60.3,32.1,0.5,3.68,195,0,21.1,0
EQ-02597,4.01,76.4,97.4,1.42,2.67,105,0,30.3,0
EQ-02598,4.48,75.7,96.9,0.87,1.27,459,2,30.2,1
EQ-02599,6.4,71.4,56.2,2.08,2.03,372,2,20.0,0
EQ-02600,4.03,80.7,60.5,4.35,2.32,320,1,27.2,0
EQ-02601,3.77,78.8,88.4,0.23,2.51,8,0,23.5,0
EQ-02602,4.53,44.5,89.5,0.36,2.38,162,0,21.2,0
EQ-02603,3.75,60.6,79.5,1.13,1.89,320,1,18.7,0
EQ-02604,1.6,45.7,55.5,0.57,3.32,53,1,26.0,0
EQ-02605,1.05,63.3,22.6,1.96,2.57,310,2,23.2,0
EQ-02606,1.09,57.9,92.3,1.93,3.38,65,0,14.5,0
EQ-02607,4.93,55.4,78.4,0.5,6.16,71,0,24.9,0
EQ-02608,0.98,53.1,45.4,0.69,2.45,489,1,19.8,0
EQ-02609,2.05,72.6,90.3,0.72,1.83,147,0,28.1,0
EQ-02610,1.83,69.9,36.7,1.37,3.41,501,0,8.0,1
EQ-02611,3.62,85.9,55.9,0.31,2.52,121,1,16.0,0
EQ-02612,2.76,78.8,76.3,0.56,4.47,56,1,25.9,0
EQ-02613,4.37,58.7,79.6,1.72,3.1,36,0,23.8,0
EQ-02614,0.5,64.4,54.7,0.62,3.75,535,1,21.3,0
EQ-02615,1.78,70.5,64.4,1.99,3.61,396,1,21.2,0
EQ-02616,1.6,51.7,32.7,1.72,3.29,195,1,22.5,0
EQ-02617,1.56,77.5,55.8,0.14,5.69,121,1,25.5,0
EQ-02618,2.32,54.7,78.5,0.37,3.41,63,1,17.8,0
EQ-02619,5.35,72.9,44.1,0.37,1.76,466,1,19.1,0
EQ-02620,2.36,64.6,24.9,1.12,4.86,131,0,19.9,0
EQ-02621,3.6,79.1,36.5,1.2,7.11,29,0,28.0,0
EQ-02622,2.89,59.5,72.5,0.99,4.74,468,1,25.4,0
EQ-02623,5.45,66.9,80.5,1.29,4.91,136,1,28.4,1
EQ-02624,2.37,58.1,93.7,0.69,3.89,72,1,24.4,0
EQ-02625,4.22,72.1,73.4,0.22,2.06,122,0,19.0,0
EQ-02626,2.27,50.0,29.7,0.35,3.06,68,1,23.1,0
EQ-02627,0.88,82.1,42.9,1.1,2.22,25,1,27.7,0
EQ-02628,3.25,73.0,99.6,1.16,1.05,259,1,24.3,0
EQ-02629,8.24,61.3,29.7,2.95,5.44,37,1,15.5,0
EQ-02630,1.56,46.1,47.4,1.47,1.2,194,0,19.4,0
EQ-02631,5.5,61.1,90.4,1.16,3.9,45,1,22.9,0
EQ-02632,2.91,88.5,26.6,0.75,3.53,423,1,33.4,0
EQ-02633,3.2,96.8,41.1,1.71,2.6,299,2,23.9,1
EQ-02634,1.17,71.1,70.6,0.41,1.21,301,1,35.3,0
EQ-02635,0.54,61.0,42.1,2.8,2.78,268,2,18.7,0
EQ-02636,0.73,65.5,58.6,0.21,3.14,286,0,28.1,0
EQ-02637,4.82,63.8,30.7,0.73,3.54,24,1,28.3,0
EQ-02638,2.16,67.8,50.5,0.49,4.16,317,1,37.1,0
EQ-02639,2.92,62.0,46.5,0.64,3.08,316,1,17.0,0
EQ-02640,2.57,78.6,56.2,0.89,1.7,37,0,21.1,0
EQ-02641,3.62,52.3,82.5,0.44,4.39,373,0,24.3,0
EQ-02642,1.06,83.0,95.9,1.52,3.85,516,0,37.1,0
EQ-02643,1.95,63.1,52.5,0.98,1.06,309,0,29.7,0
EQ-02644,0.43,68.5,50.5,2.09,1.88,240,0,24.1,0
EQ-02645,10.13,67.3,65.7,0.78,3.79,417,0,24.7,1
EQ-02646,5.62,69.0,83.7,2.9,2.94,117,1,18.2,0
EQ-02647,2.75,72.4,39.5,0.77,3.8,223,2,23.6,0
EQ-02648,2.6,80.8,97.3,0.29,1.64,14,1,25.4,0
EQ-02649,5.68,75.2,25.0,0.93,2.3,363,0,29.2,0
EQ-02650,2.36,73.8,73.2,1.22,1.48,468,0,29.3,0
EQ-02651,4.97,72.2,59.2,1.58,3.36,156,1,25.6,0
EQ-02652,6.62,78.8,90.3,1.13,2.57,332,0,22.5,1
EQ-02653,7.59,59.9,30.3,0.28,3.07,504,0,26.5,0
EQ-02654,1.62,55.3,46.1,0.6,2.67,363,1,16.3,0
EQ-02655,6.34,70.7,92.6,0.52,4.92,474,2,26.2,0
EQ-02656,2.89,75.0,62.6,0.65,1.75,263,0,28.0,0
EQ-02657,5.06,70.8,39.0,0.26,1.29,98,0,22.3,0
EQ-02658,4.78,53.0,22.6,1.69,2.12,435,0,19.5,0
EQ-02659,2.01,80.9,45.8,0.45,3.61,476,0,27.6,0
EQ-02660,2.54,56.0,83.5,0.93,1.74,532,0,23.0,0
EQ-02661,3.74,88.1,64.3,1.6,3.23,69,1,17.7,0
EQ-02662,6.91,57.9,36.9,2.53,5.74,355,1,29.7,0
EQ-02663,0.28,70.5,32.6,1.42,2.56,394,1,27.1,0
EQ-02664,1.74,46.9,46.2,3.87,4.01,262,1,19.5,0
EQ-02665,5.08,71.0,91.7,1.02,1.35,498,1,10.3,1
EQ-02666,4.26,69.0,58.2,2.84,2.62,433,1,26.1,0
EQ-02667,1.21,61.2,74.1,1.58,3.18,233,0,30.3,0
EQ-02668,2.75,79.4,53.5,0.59,1.76,33,0,30.5,0
EQ-02669,2.09,94.3,31.7,1.03,11.55,79,1,27.4,0
EQ-02670,1.35,48.2,31.3,0.35,4.24,390,0,33.2,0
EQ-02671,4.87,64.9,63.6,0.36,2.64,416,0,30.3,0
EQ-02672,3.53,51.3,25.6,0.75,4.19,495,0,19.3,0
EQ-02673,1.4,39.9,51.5,0.69,1.5,264,1,25.3,0
EQ-02674,4.27,65.4,62.8,1.75,1.61,158,1,30.3,0
EQ-02675,6.25,77.6,46.7,2.97,3.43,9,0,31.1,1
EQ-02676,4.03,76.0,25.5,0.42,1.05,178,1,29.0,0
EQ-02677,2.86,38.4,78.6,0.67,7.26,256,0,34.6,0
EQ-02678,2.59,64.5,65.0,0.54,1.12,75,0,27.0,0
EQ-02679,1.11,64.9,47.5,0.31,3.0,438,1,17.6,0
EQ-02680,3.71,64.7,24.6,1.91,2.93,11,3,31.6,0
EQ-02681,1.41,73.9,90.0,1.41,3.89,144,0,32.4,0
EQ-02682,5.5,76.0,87.6,1.63,3.7,349,2,19.6,1
EQ-02683,3.26,74.0,44.6,0.57,9.11,355,0,19.2,0
EQ-02684,1.22,83.4,56.3,1.48,6.31,125,1,25.4,0
EQ-02685,2.18,54.4,26.7,1.35,1.12,275,0,20.5,0
EQ-02686,1.21,57.9,37.6,2.4,3.07,350,1,24.7,0
EQ-02687,2.79,56.4,37.3,3.45,4.5,96,0,31.0,0
EQ-02688,1.3,66.4,91.7,1.04,1.91,219,1,21.5,0
EQ-02689,2.78,54.7,98.5,0.05,4.53,362,2,24.6,0
EQ-02690,2.94,57.4,87.1,2.79,2.34,363,0,19.7,0
EQ-02691,3.46,79.9,92.9,1.27,6.54,449,0,34.3,1
EQ-02692,1.52,69.5,75.4,3.93,2.37,327,0,33.9,0
EQ-02693,2.28,72.6,51.0,0.51,1.78,49,1,25.4,0
EQ-02694,4.03,57.5,98.1,0.83,1.84,13,0,17.9,0
EQ-02695,6.73,67.2,73.1,0.13,3.01,218,1,29.4,0
EQ-02696,7.3,71.9,75.7,0.61,2.55,234,2,26.7,0
EQ-02697,0.88,74.0,93.7,1.17,3.37,216,0,30.8,0
EQ-02698,6.55,65.2,41.4,0.75,2.45,35,2,21.4,0
EQ-02699,1.61,42.8,69.6,2.04,1.49,485,0,15.5,0
EQ-02700,1.21,81.4,78.9,0.8,2.27,39,1,24.7,0
EQ-02701,2.48,57.0,64.3,0.1,3.92,425,1,29.6,0
EQ-02702,6.74,77.2,49.0,0.43,2.51,460,1,33.8,0
EQ-02703,3.05,64.0,68.1,0.08,2.49,388,1,17.3,0
EQ-02704,8.6,60.3,30.2,2.26,2.99,248,0,29.6,1
EQ-02705,1.6,61.3,95.6,5.8,3.06,147,0,34.1,0
EQ-02706,2.46,76.1,27.0,3.43,2.82,100,0,28.3,0
EQ-02707,1.4,61.0,51.6,1.0,6.35,352,2,21.3,0
EQ-02708,3.89,57.6,27.2,1.98,11.74,382,0,25.3,0
EQ-02709,0.34,65.0,40.9,2.68,3.39,408,0,19.3,0
EQ-02710,7.1,45.9,61.8,0.17,8.96,117,0,21.4,0
EQ-02711,3.28,67.2,57.5,0.58,2.75,216,0,14.5,0
EQ-02712,3.77,76.9,84.1,0.93,1.9,113,0,32.3,0
EQ-02713,1.96,80.2,96.0,0.08,3.79,261,0,20.8,0
EQ-02714,5.26,52.6,49.7,1.32,8.45,419,2,23.0,0
EQ-02715,4.39,52.1,36.3,0.51,2.88,266,1,21.8,0
EQ-02716,3.18,69.8,65.5,0.3,2.68,301,1,27.2,0
EQ-02717,3.7,75.9,58.0,1.68,3.25,448,0,23.7,0
EQ-02718,2.47,56.5,45.5,1.09,1.54,490,2,25.5,0
EQ-02719,4.15,79.8,65.7,1.48,1.67,305,0,23.8,0
EQ-02720,2.32,65.2,75.5,0.05,2.75,491,1,21.3,0
EQ-02721,2.9,68.3,25.9,3.48,2.54,476,0,18.8,0
EQ-02722,0.99,54.9,24.9,0.44,3.92,91,0,16.1,0
EQ-02723,2.25,83.5,90.7,2.09,2.5,494,1,22.0,0
EQ-02724,0.62,58.0,54.0,1.32,4.08,339,0,32.9,0
EQ-02725,2.66,64.0,46.9,0.86,4.18,383,1,23.6,0
EQ-02726,3.92,60.1,60.4,0.62,3.67,123,1,27.7,0
EQ-02727,0.68,69.0,56.7,0.52,1.66,356,1,21.1,0
EQ-02728,2.23,35.0,61.4,1.38,1.74,75,1,28.0,0
EQ-02729,1.17,70.7,82.0,0.47,4.32,106,0,21.7,0
EQ-02730,4.63,78.2,49.0,0.63,2.26,371,0,10.8,1
EQ-02731,7.36,69.3,59.5,0.37,2.0,41,0,22.4,0
EQ-02732,3.5,72.4,73.8,1.68,3.0,235,0,18.3,0
EQ-02733,0.77,59.9,49.1,0.8,3.92,435,1,24.6,0
EQ-02734,2.99,84.6,29.2,2.07,2.1,289,1,20.9,1
EQ-02735,0.72,54.1,72.2,0.58,3.34,507,0,17.5,0
EQ-02736,3.3,50.4,67.8,0.96,3.28,378,1,28.5,0
EQ-02737,1.16,65.6,35.9,0.26,1.51,213,1,29.8,0
EQ-02738,1.42,54.5,54.4,2.14,4.54,359,0,23.7,0
EQ-02739,1.12,65.5,60.6,0.28,3.69,361,2,33.5,0
EQ-02740,4.24,58.8,42.8,1.72,1.77,253,1,17.1,0
EQ-02741,2.08,80.3,44.2,1.22,2.74,369,2,23.0,0
EQ-02742,4.22,60.7,73.4,0.41,1.65,66,1,18.1,0
EQ-02743,1.56,65.7,38.1,1.78,1.41,177,0,16.7,0
EQ-02744,6.86,59.1,58.5,0.44,3.73,358,2,27.9,0
EQ-02745,8.41,55.3,58.4,1.01,2.5,47,0,29.6,0
EQ-02746,1.24,81.6,27.5,0.59,4.91,419,0,14.6,0
EQ-02747,3.06,68.9,42.8,0.27,2.56,223,1,37.3,0
EQ-02748,2.64,62.4,95.5,2.01,1.23,50,0,12.0,0
EQ-02749,2.07,49.7,74.5,1.15,2.28,94,3,18.3,0
EQ-02750,4.82,57.9,81.3,1.49,6.18,39,1,28.2,1
EQ-02751,1.9,62.3,57.4,1.37,1.05,393,0,31.4,0
EQ-02752,1.78,53.9,90.0,1.69,2.09,198,1,22.6,0
EQ-02753,3.58,61.0,93.6,0.6,3.58,25,0,21.0,0
EQ-02754,1.56,70.2,81.0,0.24,2.18,300,2,27.9,0
EQ-02755,2.6,70.0,32.6,0.39,1.43,518,2,18.2,0
EQ-02756,1.46,67.4,33.8,0.67,5.32,304,1,28.6,0
EQ-02757,4.27,69.4,40.0,0.16,1.69,385,1,16.6,0
EQ-02758,3.9,83.2,59.3,3.47,1.93,519,1,24.2,1
EQ-02759,3.05,49.0,44.4,1.27,4.44,427,0,26.3,0
EQ-02760,4.62,62.6,40.6,0.83,6.6,148,0,21.2,0
EQ-02761,0.65,59.8,44.3,0.57,2.45,370,1,34.6,0
EQ-02762,5.74,57.8,59.6,1.15,2.82,33,0,25.5,0
EQ-02763,4.63,84.5,69.3,1.96,3.95,225,3,20.2,1
EQ-02764,3.31,57.6,80.6,0.8,9.25,435,0,28.8,0
EQ-02765,3.87,67.3,82.3,0.39,2.08,58,0,23.7,0
EQ-02766,0.71,66.3,48.6,0.69,2.27,194,0,18.3,0
EQ-02767,1.55,58.1,26.5,0.57,10.4,261,0,26.2,0
EQ-02768,2.66,65.8,22.0,0.69,2.46,70,1,24.1,0
EQ-02769,3.23,79.9,93.0,1.26,1.4,439,0,18.0,0
EQ-02770,2.19,65.9,27.9,1.31,2.51,511,1,26.0,0
EQ-02771,6.06,73.1,92.7,0.69,2.93,458,1,29.0,0
EQ-02772,3.25,74.4,73.6,0.95,2.63,200,0,20.8,0
EQ-02773,1.46,62.1,51.1,0.92,2.87,258,0,27.9,0
EQ-02774,1.66,65.9,47.2,1.12,4.05,253,1,27.8,0
EQ-02775,2.68,70.4,27.0,1.46,3.11,351,0,32.3,0
EQ-02776,2.81,75.3,89.1,0.4,1.19,281,0,17.4,0
EQ-02777,4.61,66.4,51.8,0.35,5.67,82,0,23.5,0
EQ-02778,5.9,45.9,63.1,3.66,5.91,381,0,13.9,0
EQ-02779,0.36,64.3,90.1,1.14,1.39,46,0,23.2,0
EQ-02780,3.33,62.7,77.3,2.37,2.1,522,0,17.3,0
EQ-02781,3.37,67.9,69.7,0.34,4.34,309,0,20.0,0
EQ-02782,2.21,47.4,68.4,0.58,1.81,272,0,30.1,1
EQ-02783,2.64,61.3,84.6,0.32,4.26,493,2,32.4,0
EQ-02784,2.73,69.1,41.6,0.19,2.36,496,0,28.9,0
EQ-02785,0.85,64.0,32.9,0.95,1.76,360,0,27.1,0
EQ-02786,1.2,54.3,53.3,1.69,6.69,359,0,20.2,0
EQ-02787,3.27,58.1,43.7,1.92,4.28,531,0,26.6,0
EQ-02788,0.93,64.5,38.4,0.79,4.97,527,0,14.4,0
EQ-02789,2.5,65.4,52.8,0.54,1.51,269,0,26.8,0
EQ-02790,0.91,92.3,83.2,0.86,3.02,370,0,24.0,0
EQ-02791,1.96,64.4,93.9,1.73,3.39,113,2,25.3,0
EQ-02792,1.88,46.2,55.1,2.0,4.83,211,2,30.9,0
EQ-02793,2.79,58.9,86.5,2.04,5.92,36,0,21.4,0
EQ-02794,2.81,70.2,88.7,4.39,4.32,37,0,21.4,1
EQ-02795,2.5,66.1,64.4,0.99,4.75,14,0,21.3,0
EQ-02796,5.72,61.4,95.9,1.33,4.84,183,1,22.5,1
EQ-02797,6.46,92.3,36.8,1.32,2.72,400,1,21.6,0
EQ-02798,4.49,56.5,23.0,2.91,1.23,149,1,16.2,0
EQ-02799,1.41,62.0,73.1,0.56,3.39,426,0,28.0,0
EQ-02800,2.35,66.3,71.2,1.63,2.23,61,1,28.9,0
EQ-02801,0.94,74.1,92.9,0.55,2.48,211,3,24.9,0
EQ-02802,4.69,56.5,71.6,1.33,1.98,268,0,31.8,0
EQ-02803,1.7,70.9,94.5,1.02,2.53,470,0,23.1,0
EQ-02804,1.27,63.6,86.9,1.73,3.71,166,0,26.5,0
EQ-02805,3.57,73.8,63.4,0.73,5.54,513,1,23.4,0
EQ-02806,2.5,78.8,26.2,2.74,2.43,362,0,21.3,0
EQ-02807,3.93,42.9,74.9,0.4,1.35,441,0,32.1,0
EQ-02808,2.45,66.9,89.9,1.32,2.26,256,1,20.0,0
EQ-02809,1.02,44.8,83.5,0.78,5.19,403,1,26.3,0
EQ-02810,3.58,57.0,69.2,0.81,2.15,501,0,21.6,0
EQ-02811,2.6,58.6,92.1,0.45,6.18,267,2,30.3,0
EQ-02812,1.81,62.0,66.5,1.27,1.86,285,1,28.2,0
EQ-02813,4.97,49.7,88.9,1.32,2.19,393,0,30.6,0
EQ-02814,1.65,63.4,36.2,0.51,5.83,129,1,30.5,0
EQ-02815,4.8,73.8,98.8,0.93,5.6,385,0,20.3,0
EQ-02816,1.88,74.7,37.6,0.72,2.26,256,0,18.6,0
EQ-02817,2.82,53.6,69.9,1.31,2.74,38,1,20.5,0
EQ-02818,2.45,59.1,75.0,0.57,5.31,95,0,27.2,0
EQ-02819,2.83,59.0,75.3,1.06,4.47,333,0,26.6,0
EQ-02820,6.34,53.8,53.8,2.37,3.83,271,1,24.9,0
EQ-02821,0.8,58.8,83.4,0.45,2.45,141,1,27.7,0
EQ-02822,7.63,79.0,24.0,2.41,4.7,321,0,23.8,1
EQ-02823,3.49,53.7,71.2,0.15,2.53,144,1,29.4,0
EQ-02824,2.33,49.6,45.1,1.85,2.47,269,0,23.8,0
EQ-02825,4.19,70.4,34.2,0.36,3.26,84,0,29.7,0
EQ-02826,4.57,76.4,46.6,2.85,2.01,365,0,30.5,1
EQ-02827,0.89,62.5,27.0,0.9,3.97,411,0,23.1,0
EQ-02828,3.12,75.9,25.0,0.67,1.81,452,0,22.7,0
EQ-02829,2.67,61.9,86.5,1.27,1.62,373,2,21.0,0
EQ-02830,4.05,59.8,47.9,5.23,3.29,154,1,16.4,0
EQ-02831,3.47,89.5,36.4,2.71,1.73,261,0,24.5,0
EQ-02832,0.78,67.9,45.4,0.54,5.0,467,0,21.9,0
EQ-02833,0.67,79.4,81.3,1.17,3.16,335,1,33.7,0
EQ-02834,4.02,76.4,39.5,0.3,4.55,310,0,24.4,0
EQ-02835,7.64,62.5,76.4,1.07,3.24,186,1,20.4,1
EQ-02836,4.06,67.0,51.9,1.83,6.12,347,0,30.2,1
EQ-02837,2.12,61.2,81.6,0.39,4.99,539,2,23.4,0
EQ-02838,1.75,51.1,68.5,0.9,4.57,112,0,23.4,0
EQ-02839,1.27,83.1,90.7,4.19,1.99,107,2,19.6,1
EQ-02840,2.69,60.2,70.3,0.8,3.15,177,0,18.3,0
EQ-02841,2.57,63.9,91.6,2.78,1.91,236,1,32.8,0
EQ-02842,2.34,65.0,73.7,2.08,2.25,140,0,22.2,0
EQ-02843,1.39,46.2,95.7,2.69,5.34,466,0,32.2,0
EQ-02844,3.67,60.0,47.8,5.2,3.02,229,1,20.4,0
EQ-02845,3.52,70.2,50.0,0.54,5.37,152,0,27.6,0
EQ-02846,1.45,55.2,25.9,0.29,1.58,75,0,30.3,0
EQ-02847,2.66,59.7,65.6,0.14,2.57,295,1,20.3,0
EQ-02848,4.39,50.1,77.3,1.44,3.6,196,1,25.6,0
EQ-02849,2.19,64.0,37.1,0.51,4.02,348,1,22.0,0
EQ-02850,1.37,71.7,92.6,2.33,3.72,202,2,23.5,0
EQ-02851,2.33,51.2,99.0,1.79,2.78,90,0,24.9,0
EQ-02852,4.26,61.7,68.7,1.77,2.22,454,1,14.6,0
EQ-02853,1.14,72.3,45.9,0.7,1.66,362,1,28.1,0
EQ-02854,4.68,82.3,31.6,0.95,1.85,339,0,21.8,0
EQ-02855,2.09,55.2,61.7,2.11,4.44,266,0,18.4,0
EQ-02856,2.0,76.2,51.2,1.27,13.5,61,1,29.5,0
EQ-02857,2.15,62.1,66.4,3.29,1.52,142,0,26.2,0
EQ-02858,4.02,74.7,32.5,0.93,2.73,493,1,10.8,0
EQ-02859,2.74,79.4,89.8,0.32,2.27,186,1,26.3,0
EQ-02860,2.55,57.4,82.8,1.44,3.64,214,4,25.3,1
EQ-02861,1.12,70.8,48.5,2.34,2.36,360,1,19.2,0
EQ-02862,0.83,47.6,42.8,1.14,4.99,322,1,12.0,0
EQ-02863,3.67,68.6,24.1,0.31,3.89,171,1,31.0,0
EQ-02864,2.59,74.0,61.0,0.84,3.06,191,0,16.3,0
EQ-02865,1.6,74.3,83.1,1.02,1.78,534,1,22.5,0
EQ-02866,1.36,55.0,59.8,0.84,4.67,20,0,20.3,0
EQ-02867,0.4,65.4,84.9,3.66,3.72,52,0,16.3,0
EQ-02868,6.08,63.7,25.4,0.66,1.93,47,0,33.5,0
EQ-02869,4.76,64.2,36.0,0.51,3.78,533,0,23.8,0
EQ-02870,2.47,66.9,84.4,1.02,1.05,290,1,23.1,0
EQ-02871,1.31,79.1,50.0,1.12,3.95,14,0,27.0,0
EQ-02872,3.27,54.5,68.6,4.42,1.2,455,1,29.9,0
EQ-02873,2.56,56.2,32.6,0.42,2.24,396,3,21.4,0
EQ-02874,2.62,69.6,67.7,0.71,3.44,73,1,11.5,0
EQ-02875,3.73,74.7,24.0,0.58,4.31,192,0,18.8,0
EQ-02876,5.08,81.3,41.0,0.52,2.86,49,0,24.1,0
EQ-02877,0.63,48.2,30.7,2.44,1.21,345,0,29.5,0
EQ-02878,7.29,83.0,80.9,2.45,5.4,175,2,15.5,1
EQ-02879,0.91,64.8,97.1,2.44,4.44,240,1,28.2,0
EQ-02880,0.31,63.1,89.9,0.66,3.49,454,2,21.9,0
EQ-02881,2.29,58.4,26.9,0.32,1.99,307,0,31.3,0
EQ-02882,3.89,70.3,32.2,0.29,2.73,257,0,30.0,0
EQ-02883,1.48,36.5,33.1,0.42,1.66,295,0,26.1,0
EQ-02884,5.84,58.8,34.9,3.77,3.86,153,0,26.1,0
EQ-02885,3.57,65.1,51.9,0.26,2.38,131,1,17.5,0
EQ-02886,8.28,67.8,66.3,3.14,5.33,469,0,28.5,1
EQ-02887,3.83,55.7,82.0,0.81,6.33,174,0,26.0,0
EQ-02888,1.2,76.9,59.6,0.21,3.21,119,3,30.8,0
EQ-02889,1.76,69.8,51.2,1.14,1.47,461,0,22.9,0
EQ-02890,2.99,60.2,89.8,5.29,2.1,530,0,29.7,1
EQ-02891,1.8,75.2,87.2,1.38,2.8,463,0,33.9,0
EQ-02892,6.84,59.2,24.5,0.13,5.46,328,1,26.6,0
EQ-02893,2.13,57.1,81.9,0.32,3.05,50,0,24.3,0
EQ-02894,2.59,75.5,50.7,1.4,1.16,348,0,21.1,0
EQ-02895,2.51,68.8,86.6,2.67,1.9,44,0,30.9,0
EQ-02896,4.55,65.5,58.8,0.75,5.03,287,0,27.2,0
EQ-02897,1.59,63.8,58.1,1.11,10.23,127,1,25.6,0
EQ-02898,5.63,67.0,84.7,2.02,3.1,87,1,26.1,1
EQ-02899,2.44,69.4,52.2,2.55,2.36,129,2,23.2,0
EQ-02900,3.81,65.4,58.5,2.24,2.12,347,0,22.6,0
EQ-02901,1.34,78.2,91.2,1.52,1.95,151,1,28.5,0
EQ-02902,4.32,64.2,39.4,1.97,2.31,357,2,24.7,1
EQ-02903,3.43,69.2,61.8,1.9,3.23,156,2,32.4,0
EQ-02904,4.17,78.9,84.7,1.05,2.37,425,1,23.2,0
EQ-02905,3.15,46.6,56.3,1.28,1.61,38,0,34.3,0
EQ-02906,9.5,57.9,70.1,0.48,4.11,380,0,30.7,0
EQ-02907,8.65,72.7,95.1,0.69,4.21,492,0,16.1,1
EQ-02908,1.72,72.0,68.3,0.33,1.96,209,1,23.0,0
EQ-02909,0.76,55.2,85.1,1.0,1.97,205,2,32.5,0
EQ-02910,7.49,72.5,84.4,1.65,1.89,286,1,27.9,1
EQ-02911,6.07,50.6,76.3,0.98,5.79,497,0,14.4,0
EQ-02912,0.73,66.8,83.8,0.81,2.43,295,0,18.4,0
EQ-02913,5.48,82.0,91.4,0.49,1.43,380,0,16.5,1
EQ-02914,0.96,67.1,65.3,0.43,2.76,79,0,29.1,0
EQ-02915,1.55,67.2,39.1,3.32,3.08,532,0,24.9,0
EQ-02916,2.98,71.2,68.8,0.62,2.57,508,0,17.8,0
EQ-02917,6.41,63.8,40.8,2.37,2.37,205,0,24.5,0
EQ-02918,3.97,62.2,92.6,0.53,2.06,269,4,26.5,0
EQ-02919,0.73,76.9,92.3,0.83,1.39,379,1,17.5,0
EQ-02920,4.84,77.4,98.4,2.69,2.35,201,0,37.0,1
EQ-02921,4.91,67.3,78.5,0.84,1.85,36,1,27.2,1
EQ-02922,3.82,63.3,47.4,1.02,3.21,98,1,13.9,0
EQ-02923,1.42,66.5,85.1,2.2,5.85,438,1,23.3,0
EQ-02924,3.12,64.1,26.0,0.92,2.54,89,0,31.1,0
EQ-02925,5.29,79.5,35.3,1.3,2.29,495,0,23.1,0
EQ-02926,5.48,68.9,28.5,0.24,1.1,169,2,23.9,0
EQ-02927,3.86,62.4,96.9,0.57,4.78,356,0,27.8,0
EQ-02928,7.2,85.2,73.8,0.86,3.62,309,1,23.6,1
EQ-02929,1.14,43.6,79.6,2.92,2.32,64,0,23.6,0
EQ-02930,2.99,61.0,78.3,1.71,1.77,215,0,16.6,0
EQ-02931,2.49,72.1,98.2,0.38,5.52,329,0,27.2,0
EQ-02932,3.07,68.0,22.6,1.58,3.43,455,0,19.8,0
EQ-02933,8.53,75.0,48.3,0.64,2.01,77,1,26.0,0
EQ-02934,3.75,44.5,60.6,1.71,1.05,129,0,17.3,0
EQ-02935,1.01,71.7,94.5,1.13,4.79,36,0,22.9,0
EQ-02936,0.63,75.3,80.9,0.05,1.65,31,1,22.0,0
EQ-02937,4.86,56.4,75.9,1.53,3.26,5,0,25.3,0
EQ-02938,1.29,70.7,85.0,1.43,3.36,346,0,22.1,0
EQ-02939,4.24,59.4,50.0,0.98,7.6,328,0,24.1,0
EQ-02940,1.56,52.5,75.6,1.66,4.96,274,0,28.1,0
EQ-02941,1.92,74.1,62.7,2.29,3.95,234,1,25.3,0
EQ-02942,2.43,66.7,68.2,0.81,3.36,531,1,30.6,0
EQ-02943,6.74,61.7,82.0,0.66,2.61,523,0,20.7,1
EQ-02944,2.46,76.6,83.7,2.1,1.93,394,0,22.5,0
EQ-02945,2.16,55.4,84.0,0.92,2.82,228,0,32.4,0
EQ-02946,4.67,75.7,74.0,1.3,4.18,451,3,17.3,1
EQ-02947,2.61,50.7,67.6,0.22,1.68,302,0,24.3,0
EQ-02948,7.79,62.0,33.0,1.36,2.52,50,2,29.9,0
EQ-02949,1.71,56.6,68.7,0.93,1.84,187,1,28.4,0
EQ-02950,1.81,57.5,47.8,0.65,4.99,147,0,14.8,0
EQ-02951,3.85,78.7,37.7,0.9,1.24,355,1,27.3,0
EQ-02952,3.89,58.4,97.3,0.64,1.6,523,1,20.5,0
EQ-02953,3.91,59.6,83.6,0.83,2.78,18,0,14.3,0
EQ-02954,4.72,64.6,29.3,0.05,1.78,511,0,11.4,0
EQ-02955,6.68,57.7,84.4,1.06,7.7,456,1,30.9,1
EQ-02956,1.11,70.3,82.7,0.62,2.32,308,0,29.5,0
EQ-02957,4.47,68.0,47.0,0.61,2.88,534,0,20.1,0
EQ-02958,3.8,76.6,66.9,0.38,4.53,482,2,28.4,0
EQ-02959,2.09,84.6,73.7,2.37,4.37,298,0,27.1,1
EQ-02960,2.32,82.0,51.9,0.56,2.2,236,1,26.7,0
EQ-02961,0.62,57.7,71.9,0.34,1.84,177,1,17.3,0
EQ-02962,5.92,70.8,80.8,1.82,2.87,346,0,22.3,0
EQ-02963,4.86,46.5,57.0,1.22,4.23,367,1,21.3,0
EQ-02964,5.59,67.1,65.7,0.66,4.99,412,0,24.8,1
EQ-02965,0.62,63.8,62.6,0.48,1.05,442,0,16.8,0
EQ-02966,1.73,51.0,22.2,0.79,6.22,350,2,29.2,0
EQ-02967,2.27,62.2,45.3,1.72,1.21,363,0,15.4,0
EQ-02968,2.66,74.4,32.4,0.16,3.16,68,0,33.2,0
EQ-02969,2.44,81.4,35.5,0.75,2.95,191,0,27.4,0
EQ-02970,1.1,65.5,29.3,0.32,1.67,404,1,24.4,0
EQ-02971,0.7,60.3,52.4,4.44,5.41,477,1,30.3,0
EQ-02972,6.63,69.2,57.8,2.75,2.92,256,0,24.1,0
EQ-02973,1.36,75.4,68.2,3.72,3.14,222,0,27.6,0
EQ-02974,0.15,66.9,74.6,0.57,3.07,337,1,27.6,0
EQ-02975,4.32,66.8,45.4,2.1,2.42,345,1,32.2,0
EQ-02976,0.96,76.8,37.1,0.72,3.36,57,0,18.3,0
EQ-02977,0.58,61.3,84.0,0.62,2.88,471,0,20.1,0
EQ-02978,4.23,71.0,40.2,0.32,2.33,12,0,22.5,0
EQ-02979,2.7,81.1,28.7,1.98,5.72,76,1,19.0,0
EQ-02980,4.68,55.1,47.9,0.18,2.15,214,2,20.1,0
EQ-02981,5.58,61.1,97.9,0.49,2.32,380,0,28.0,0
EQ-02982,2.69,85.0,99.7,0.84,1.82,387,2,27.4,0
EQ-02983,8.54,55.6,82.0,0.19,10.37,520,1,27.1,1
EQ-02984,2.3,67.2,32.4,2.89,2.27,262,1,18.6,0
EQ-02985,2.35,61.7,68.8,0.86,2.93,299,0,22.1,0
EQ-02986,4.3,60.0,41.9,0.54,2.43,401,2,37.1,0
EQ-02987,3.92,65.5,63.1,0.25,2.73,125,1,21.9,0
EQ-02988,3.89,74.1,96.3,1.29,2.45,493,0,26.9,0
EQ-02989,0.68,61.5,39.4,0.31,4.04,108,1,21.3,0
EQ-02990,1.97,63.7,35.2,0.96,1.05,327,0,28.4,0
EQ-02991,10.5,61.1,74.2,0.16,3.73,108,1,24.1,0
EQ-02992,1.48,61.3,45.5,1.96,6.19,290,1,30.5,0
EQ-02993,2.52,65.8,76.0,2.1,2.2,484,1,18.8,0
EQ-02994,1.14,70.6,60.7,0.73,2.3,18,0,23.2,0
EQ-02995,1.63,74.2,80.0,2.85,5.23,319,0,29.3,0
EQ-02996,0.46,70.1,62.7,2.53,5.2,466,0,29.7,0
EQ-02997,1.36,88.9,43.7,2.1,3.19,111,0,24.2,1
EQ-02998,1.79,45.7,30.0,0.4,4.09,228,1,21.8,0
EQ-02999,8.49,67.4,29.1,0.71,2.51,464,1,20.9,0
EQ-03000,2.25,80.7,85.2,1.1,1.05,295,1,23.8,0
EQ-03001,7.01,60.6,36.7,1.74,2.1,55,1,23.9,0
EQ-03002,4.78,81.6,78.6,0.69,5.79,17,1,15.9,0
EQ-03003,5.8,76.8,84.3,1.33,3.62,425,0,35.5,1
EQ-03004,1.06,64.2,58.7,2.53,1.79,512,1,15.8,0
EQ-03005,3.68,57.0,50.9,0.57,1.7,400,1,27.4,0
EQ-03006,7.77,48.9,49.3,1.06,2.55,299,1,34.2,0
EQ-03007,2.86,79.0,81.2,1.13,1.93,204,1,16.8,0
EQ-03008,1.76,46.1,22.3,0.63,1.32,35,1,26.4,0
EQ-03009,2.04,40.0,30.9,2.34,3.75,228,0,22.3,0
EQ-03010,2.79,68.7,48.7,0.87,4.74,14,1,25.7,0
EQ-03011,7.16,67.7,29.7,1.21,1.19,454,2,23.5,0
EQ-03012,4.37,71.5,22.2,1.35,4.56,376,0,29.2,0
EQ-03013,2.24,62.8,59.4,0.49,2.56,162,0,27.6,0
EQ-03014,2.49,69.5,78.5,0.82,5.84,289,2,21.7,1
EQ-03015,1.17,71.9,89.4,2.94,3.0,56,0,22.4,0
EQ-03016,2.98,77.6,47.1,3.89,3.46,501,0,27.1,0
EQ-03017,5.27,65.6,27.5,2.34,2.6,474,1,12.4,0
EQ-03018,2.87,78.2,78.8,2.32,2.3,274,0,22.7,0
EQ-03019,2.5,70.1,61.8,0.16,1.57,431,1,32.3,0
EQ-03020,2.42,52.4,44.9,1.77,3.2,220,0,16.8,0
EQ-03021,6.75,56.0,25.9,3.19,2.97,136,0,26.5,0
EQ-03022,2.14,72.7,35.4,2.41,3.59,95,2,14.2,0
EQ-03023,2.06,68.4,84.7,0.73,2.23,36,0,28.3,0
EQ-03024,5.18,46.7,43.6,0.54,3.43,507,0,16.5,0
EQ-03025,0.75,67.6,69.0,1.22,1.41,534,1,17.7,0
EQ-03026,0.49,68.0,96.7,0.8,3.2,34,1,15.6,0
EQ-03027,4.8,70.9,46.6,0.23,2.21,88,0,24.8,0
EQ-03028,3.15,54.7,41.6,0.98,3.3,417,0,28.2,0
EQ-03029,1.76,54.2,58.4,2.91,1.45,386,1,24.5,0
EQ-03030,1.17,64.7,96.1,2.3,4.21,105,0,20.9,0
EQ-03031,1.62,75.6,30.1,2.78,3.01,292,0,18.3,0
EQ-03032,3.52,65.3,87.5,0.43,7.74,222,0,22.5,0
EQ-03033,1.75,75.4,57.7,0.37,1.94,400,0,24.4,0
EQ-03034,4.3,65.1,76.2,4.19,1.05,318,1,19.2,1
EQ-03035,0.36,72.5,78.8,0.51,4.06,536,2,26.2,0
EQ-03036,0.75,72.9,71.8,1.9,3.19,249,1,22.4,0
EQ-03037,3.83,56.6,68.8,1.92,3.03,451,1,20.4,0
EQ-03038,1.95,57.3,41.1,1.35,1.29,42,1,28.8,0
EQ-03039,1.81,60.4,45.9,1.49,10.58,128,2,22.4,0
EQ-03040,3.13,84.4,31.6,1.72,1.17,86,0,17.6,0
EQ-03041,4.77,58.0,98.0,2.52,5.73,468,0,27.2,0
EQ-03042,1.21,66.9,70.9,2.68,3.76,9,0,24.6,0
EQ-03043,1.73,73.1,53.4,0.48,2.72,173,0,31.3,0
EQ-03044,1.18,59.6,33.0,1.84,2.23,447,1,29.3,0
EQ-03045,6.85,83.2,28.1,0.53,2.06,363,0,20.0,0
EQ-03046,2.22,62.7,39.5,1.38,7.45,19,0,19.3,0
EQ-03047,0.68,65.4,58.3,1.45,5.16,4,1,24.4,0
EQ-03048,1.52,61.9,30.4,2.81,1.87,358,0,19.1,0
EQ-03049,1.94,58.4,48.2,1.65,4.46,65,2,20.0,0
EQ-03050,3.48,53.1,56.8,1.47,2.31,255,0,15.8,0
EQ-03051,0.66,66.8,91.1,0.45,8.45,136,0,21.7,0
EQ-03052,1.31,66.0,86.7,1.03,4.72,11,0,23.9,0
EQ-03053,2.86,48.6,99.2,0.53,1.36,260,2,16.4,0
EQ-03054,3.01,57.6,96.0,1.43,2.0,248,1,12.8,0
EQ-03055,1.62,50.9,25.0,0.86,1.93,68,1,27.9,0
EQ-03056,1.4,69.7,78.9,1.21,7.87,100,0,26.1,0
EQ-03057,3.4,54.0,44.2,1.26,4.16,168,0,24.4,0
EQ-03058,3.74,66.5,90.2,1.16,2.75,483,0,26.1,0
EQ-03059,1.24,45.4,76.0,2.95,3.96,299,0,17.8,0
EQ-03060,1.98,75.2,25.0,0.13,2.63,87,1,19.6,0
EQ-03061,3.0,67.6,83.3,0.48,4.4,411,0,18.4,0
EQ-03062,1.58,85.0,36.6,0.05,7.61,485,1,21.2,0
EQ-03063,0.73,51.8,81.4,0.32,3.37,195,0,18.7,0
EQ-03064,1.6,85.9,78.8,0.47,2.94,521,1,35.7,0
EQ-03065,7.08,65.2,44.0,0.53,3.95,517,1,18.8,0
EQ-03066,3.67,74.4,45.6,1.03,1.73,11,1,26.5,0
EQ-03067,3.05,72.9,33.7,1.03,6.01,337,0,20.5,0
EQ-03068,2.63,74.7,83.7,0.93,4.03,324,1,17.1,0
EQ-03069,2.55,64.8,93.7,0.96,6.45,59,1,29.9,0
EQ-03070,2.55,51.8,54.5,1.05,4.71,418,1,22.8,0
EQ-03071,1.93,53.5,81.4,3.17,1.47,256,0,11.9,0
EQ-03072,9.97,61.3,33.2,1.68,6.91,297,0,37.4,0
EQ-03073,1.31,69.7,92.8,1.04,1.67,95,1,27.5,0
EQ-03074,5.0,64.0,30.4,1.12,2.87,144,1,32.7,0
EQ-03075,4.38,81.8,54.7,1.65,5.42,72,1,26.6,0
EQ-03076,0.4,85.7,45.4,0.22,6.11,460,0,31.9,0
EQ-03077,0.52,69.4,42.8,1.45,2.45,342,1,22.5,0
EQ-03078,1.36,73.1,53.3,0.44,1.49,467,0,18.9,0
EQ-03079,1.55,59.6,47.9,0.93,1.8,223,1,27.8,0
EQ-03080,0.83,70.2,98.8,0.52,1.05,313,0,22.9,0
EQ-03081,0.27,72.8,73.2,1.85,3.29,19,0,34.7,0
EQ-03082,2.27,61.1,83.9,1.53,4.88,3,1,19.5,0
EQ-03083,2.43,70.6,26.5,0.49,1.3,209,0,22.7,0
EQ-03084,1.55,42.7,29.3,0.51,4.34,139,1,30.2,0
EQ-03085,0.95,60.6,36.0,1.5,1.81,117,0,21.5,0
EQ-03086,4.81,48.5,67.6,0.92,1.53,225,1,31.3,0
EQ-03087,1.93,65.8,26.1,1.29,2.68,175,1,30.4,0
EQ-03088,0.5,65.4,51.5,2.36,1.58,129,1,18.7,0
EQ-03089,3.83,66.0,32.7,1.29,1.89,304,1,25.0,1
EQ-03090,0.92,67.0,40.4,2.96,5.86,373,1,19.7,0
EQ-03091,3.84,69.2,89.1,2.89,2.03,277,0,31.0,0
EQ-03092,3.73,82.9,94.4,0.31,2.08,191,1,26.2,0
EQ-03093,4.42,70.0,33.6,0.15,2.08,225,0,20.3,0
EQ-03094,1.37,78.5,51.5,0.08,7.11,504,0,17.7,0
EQ-03095,1.79,62.8,81.7,0.43,6.15,183,0,26.8,0
EQ-03096,5.04,75.2,83.5,0.21,1.05,352,0,25.4,0
EQ-03097,0.88,69.7,93.1,4.98,1.11,365,0,16.8,0
EQ-03098,4.29,53.2,23.3,3.76,2.78,343,3,15.7,0
EQ-03099,1.85,67.8,75.7,0.94,2.43,205,0,28.7,1
EQ-03100,1.9,41.5,91.2,0.58,5.94,430,1,24.4,0
EQ-03101,5.26,58.5,87.7,0.45,3.59,35,0,20.4,1
EQ-03102,3.9,88.1,90.5,5.52,3.17,391,1,27.8,1
EQ-03103,2.03,68.2,30.9,0.33,2.3,178,1,29.9,0
EQ-03104,7.38,71.1,80.4,0.27,2.24,324,0,26.0,1
EQ-03105,1.44,57.8,40.1,2.62,3.94,192,1,33.0,0
EQ-03106,1.47,74.2,55.3,0.2,2.77,483,0,28.5,0
EQ-03107,5.82,56.7,27.6,0.95,1.31,132,0,29.2,0
EQ-03108,2.21,67.7,48.6,0.27,4.52,352,1,25.1,0
EQ-03109,2.46,67.7,28.7,1.9,3.06,411,0,20.5,0
EQ-03110,3.21,69.1,65.9,1.51,2.1,238,1,23.6,0
EQ-03111,2.9,66.1,96.5,0.83,2.95,201,0,18.7,1
EQ-03112,1.13,75.1,95.4,0.6,3.64,315,1,23.5,0
EQ-03113,5.24,61.7,55.3,1.68,1.65,213,1,27.5,0
EQ-03114,1.21,82.4,53.7,2.81,3.95,379,0,26.6,0
EQ-03115,1.54,71.5,74.1,1.28,4.31,496,0,35.9,0
EQ-03116,0.83,59.0,47.5,1.16,2.38,475,0,31.8,0
EQ-03117,3.68,65.8,88.2,0.23,2.54,93,0,23.2,0
EQ-03118,3.66,77.7,56.3,1.24,2.57,428,2,27.3,1
EQ-03119,3.02,54.9,42.3,2.24,4.02,395,1,22.5,0
EQ-03120,4.08,64.9,62.8,0.32,4.55,362,2,23.2,0
EQ-03121,0.37,69.7,71.9,1.9,2.07,301,1,25.4,0
EQ-03122,3.53,72.8,72.6,0.42,2.84,52,0,17.7,0
EQ-03123,3.41,40.8,94.1,0.62,3.44,455,0,20.0,0
EQ-03124,1.45,75.6,63.0,0.67,2.58,7,0,20.4,0
EQ-03125,2.18,85.8,49.3,0.34,1.89,184,0,28.3,0
EQ-03126,5.33,61.3,88.4,2.11,1.58,98,0,22.3,0
EQ-03127,3.93,72.7,93.9,1.13,3.97,135,0,28.8,0
EQ-03128,2.62,72.4,30.0,1.47,4.94,179,0,25.1,0
EQ-03129,10.5,63.9,30.8,2.61,2.99,168,1,22.5,0
EQ-03130,1.2,68.2,40.3,0.75,1.05,155,0,38.7,0
EQ-03131,3.26,57.3,73.4,1.92,2.22,215,1,20.1,0
EQ-03132,6.47,69.5,57.4,1.46,2.78,432,0,33.6,0
EQ-03133,3.47,52.0,70.4,1.53,3.07,209,0,13.8,0
EQ-03134,3.84,45.2,39.7,0.51,4.5,62,0,21.6,0
EQ-03135,7.82,82.4,23.4,0.92,2.74,365,0,24.9,0
EQ-03136,4.95,53.1,87.0,2.16,1.8,456,0,27.8,0
EQ-03137,3.58,83.3,38.0,0.66,2.55,85,3,26.7,0
EQ-03138,2.84,65.0,36.0,0.42,2.75,181,0,30.0,0
EQ-03139,6.46,75.0,22.8,1.31,1.96,149,2,22.8,0
EQ-03140,1.04,66.1,28.5,1.82,2.86,515,0,26.7,0
EQ-03141,6.92,57.9,41.9,1.17,4.32,71,1,19.7,0
EQ-03142,3.3,47.0,58.6,1.51,1.05,515,1,18.5,0
EQ-03143,3.08,71.4,50.4,0.38,8.22,408,2,20.5,0
EQ-03144,3.39,52.4,76.6,2.21,3.94,193,2,15.5,0
EQ-03145,3.92,56.7,65.5,1.79,3.73,480,1,18.3,0
EQ-03146,3.59,75.7,46.0,0.38,2.27,401,0,33.2,0
EQ-03147,5.64,55.5,26.7,1.84,2.37,163,0,22.8,1
EQ-03148,3.6,57.4,69.9,1.02,1.67,253,1,21.3,0
EQ-03149,6.01,70.5,99.7,0.17,2.77,33,0,27.1,0
EQ-03150,4.76,68.0,38.4,1.86,3.88,418,0,26.9,1
EQ-03151,10.31,65.2,22.7,1.25,3.8,66,0,28.0,0
EQ-03152,4.69,77.9,54.1,0.48,3.76,395,1,18.0,1
EQ-03153,0.53,81.9,63.8,0.36,4.57,410,1,26.1,0
EQ-03154,4.06,58.5,69.1,2.71,2.34,532,0,30.1,0
EQ-03155,1.46,62.6,67.4,0.85,5.58,106,2,23.9,0
EQ-03156,2.39,68.3,22.5,1.06,7.55,386,0,26.9,0
EQ-03157,0.68,65.0,73.9,1.81,2.4,357,1,23.2,0
EQ-03158,3.02,85.9,83.3,2.91,1.59,446,1,21.6,0
EQ-03159,0.91,69.0,57.7,0.21,4.11,278,0,19.4,0
EQ-03160,0.55,81.6,57.7,1.06,2.57,273,0,16.5,0
EQ-03161,2.46,72.6,50.7,1.7,4.2,140,1,27.2,0
EQ-03162,5.08,86.4,46.1,0.9,2.37,201,2,22.6,1
EQ-03163,1.14,50.8,93.0,3.54,1.91,90,1,26.5,0
EQ-03164,4.69,62.1,60.0,0.66,1.15,424,0,22.7,0
EQ-03165,0.68,58.5,91.9,0.29,7.31,532,0,26.2,0
EQ-03166,0.66,64.1,83.2,0.83,2.83,218,0,14.8,0
EQ-03167,6.99,59.9,40.7,1.55,2.53,485,1,19.0,0
EQ-03168,0.71,84.2,74.3,1.42,1.38,364,0,21.2,0
EQ-03169,2.57,67.5,74.8,0.94,4.59,191,0,25.9,0
EQ-03170,2.96,68.2,50.4,1.53,3.69,513,1,18.2,0
EQ-03171,2.38,79.1,62.1,2.55,5.21,379,0,26.5,0
EQ-03172,3.18,65.6,93.0,1.49,1.44,448,0,28.2,0
EQ-03173,5.47,78.4,25.3,0.57,2.67,324,3,18.1,0
EQ-03174,2.75,76.4,90.4,0.54,1.89,366,0,18.6,0
EQ-03175,2.82,57.7,29.2,1.77,2.82,146,0,20.7,0
EQ-03176,2.07,82.2,51.0,1.62,4.04,124,1,29.8,0
EQ-03177,0.9,69.6,33.8,3.82,2.78,324,1,23.8,0
EQ-03178,1.06,72.9,49.7,3.48,3.36,461,1,16.3,0
EQ-03179,2.25,52.3,85.8,1.54,2.81,490,0,24.8,0
EQ-03180,2.01,67.2,45.5,2.39,2.13,199,0,22.0,0
EQ-03181,3.19,91.5,36.6,0.53,2.81,517,0,32.6,0
EQ-03182,2.09,56.8,37.1,0.39,6.44,511,0,28.0,0
EQ-03183,0.75,58.5,29.0,1.12,2.3,424,1,18.4,0
EQ-03184,7.71,93.7,29.6,1.37,5.83,350,3,25.6,0
EQ-03185,1.33,55.6,50.4,0.55,2.18,131,3,30.1,0
EQ-03186,1.55,69.0,83.4,3.0,1.92,4,1,28.6,0
EQ-03187,5.4,47.8,37.2,1.82,1.4,221,0,27.1,0
EQ-03188,6.74,56.6,31.4,0.63,1.17,281,3,20.0,0
EQ-03189,0.43,63.2,26.8,1.21,3.86,170,0,39.9,0
EQ-03190,2.63,66.6,60.5,0.54,4.26,87,2,26.3,0
EQ-03191,3.26,65.2,36.9,3.04,3.87,297,1,19.3,0
EQ-03192,3.67,69.8,76.7,1.95,4.8,160,0,31.7,1
EQ-03193,2.25,81.6,43.8,2.71,1.26,529,2,29.1,1
EQ-03194,1.06,58.4,98.8,0.74,1.73,42,1,21.6,0
EQ-03195,2.87,71.2,93.0,0.57,1.71,210,1,24.5,0
EQ-03196,1.46,63.3,59.9,0.44,1.11,177,1,27.6,0
EQ-03197,1.52,75.1,49.9,0.23,2.28,445,1,30.0,1
EQ-03198,3.33,64.5,93.2,1.47,1.54,204,1,17.5,0
EQ-03199,0.4,73.2,73.6,0.94,4.07,77,0,29.6,0
EQ-03200,10.5,72.9,26.5,0.91,3.8,421,1,16.7,0
EQ-03201,3.01,55.2,34.6,0.49,3.46,278,3,20.1,0
EQ-03202,1.32,58.2,52.0,0.3,3.16,365,2,24.1,0
EQ-03203,6.13,52.7,85.0,0.77,4.9,141,2,17.8,0
EQ-03204,3.55,85.0,69.8,0.89,1.79,326,1,23.9,0
EQ-03205,5.7,61.6,47.7,1.01,3.6,266,1,29.4,0
EQ-03206,4.03,68.8,32.1,1.71,2.07,391,0,32.9,0
EQ-03207,7.86,62.9,53.4,1.42,1.15,84,1,20.4,0
EQ-03208,3.09,56.4,40.9,0.71,3.77,455,2,15.3,0
EQ-03209,4.39,61.5,66.1,3.28,1.42,509,0,22.2,0
EQ-03210,2.2,62.5,64.3,1.13,2.16,130,0,16.3,0
EQ-03211,7.19,70.0,40.1,1.56,1.46,435,1,18.5,1
EQ-03212,2.32,68.1,59.4,1.22,3.87,175,0,34.4,0
EQ-03213,5.37,63.2,65.2,1.3,2.99,381,0,16.1,0
EQ-03214,1.48,56.9,95.8,0.33,5.41,162,1,24.5,0
EQ-03215,3.07,65.3,33.2,0.21,2.02,412,0,16.8,0
EQ-03216,1.24,70.5,33.6,0.69,2.53,217,0,29.4,0
EQ-03217,3.72,59.8,78.2,0.36,1.28,53,1,26.2,0
EQ-03218,4.33,66.7,95.0,1.02,3.73,233,0,22.2,0
EQ-03219,2.51,54.8,45.5,4.94,1.62,411,0,24.8,0
EQ-03220,1.67,51.3,56.3,1.64,1.55,512,2,22.4,0
EQ-03221,5.78,65.2,27.4,0.44,1.51,141,1,16.2,0
EQ-03222,1.52,54.3,37.1,0.26,3.66,324,0,34.4,0
EQ-03223,2.27,82.6,85.5,1.23,1.53,245,0,25.6,0
EQ-03224,7.56,63.5,35.8,0.36,3.76,505,2,26.0,0
EQ-03225,2.09,71.1,82.0,0.29,1.72,518,1,20.5,0
EQ-03226,2.17,60.4,82.9,0.77,1.67,18,1,28.2,0
EQ-03227,1.18,79.3,25.9,1.34,2.18,96,2,30.2,0
EQ-03228,10.5,78.7,75.1,0.73,3.78,102,1,22.5,0
EQ-03229,7.86,73.8,54.3,0.92,1.29,237,0,23.5,0
EQ-03230,0.79,72.4,57.8,2.24,3.16,284,0,28.6,0
EQ-03231,2.81,78.5,58.6,0.4,1.25,315,2,20.1,0
EQ-03232,2.97,67.9,72.2,1.31,3.93,258,0,21.5,0
EQ-03233,3.8,62.2,54.7,1.64,1.75,412,2,16.6,0
EQ-03234,1.06,66.0,78.8,0.27,2.6,341,0,22.7,0
EQ-03235,5.22,55.5,92.6,2.33,4.72,322,4,20.8,1
EQ-03236,0.72,76.4,70.7,0.76,2.17,183,0,32.7,0
EQ-03237,7.93,64.3,30.8,2.53,1.72,244,1,20.8,1
EQ-03238,2.62,53.8,64.6,0.47,1.35,104,1,25.8,0
EQ-03239,3.84,67.5,29.9,1.65,2.6,85,0,29.9,0
EQ-03240,3.06,60.3,52.5,4.24,1.05,303,0,23.8,0
EQ-03241,4.06,60.1,92.8,0.93,4.24,101,2,26.4,0
EQ-03242,0.67,58.9,37.7,0.61,1.83,140,1,36.4,0
EQ-03243,7.05,55.4,87.8,1.3,4.74,416,1,31.6,0
EQ-03244,5.57,60.7,34.6,1.07,4.22,363,0,24.9,0
EQ-03245,2.88,71.9,95.9,0.28,2.48,246,1,19.3,0
EQ-03246,6.59,58.8,76.0,2.24,3.46,88,1,25.4,0
EQ-03247,5.72,66.1,85.5,0.39,2.14,196,1,20.3,1
EQ-03248,0.48,63.9,62.3,1.24,6.7,393,0,18.6,0
EQ-03249,4.04,61.8,47.9,1.62,6.84,427,0,29.1,0
EQ-03250,1.12,67.8,30.6,2.21,1.95,226,0,25.0,0
EQ-03251,0.15,62.5,36.1,0.7,3.71,517,0,33.9,0
EQ-03252,4.09,48.4,32.3,0.87,2.54,100,2,23.8,0
EQ-03253,2.22,66.4,42.2,2.1,2.3,26,0,26.7,0
EQ-03254,0.51,79.4,70.5,1.25,3.7,397,0,30.4,0
EQ-03255,1.75,62.0,34.7,2.1,4.15,200,0,18.3,0
EQ-03256,5.56,69.6,85.8,3.69,2.54,442,0,17.0,1
EQ-03257,2.13,51.9,36.5,1.24,1.93,260,1,34.2,0
EQ-03258,4.38,85.9,75.0,2.33,1.64,95,1,23.7,1
EQ-03259,0.8,68.0,61.5,0.39,3.52,502,0,23.7,0
EQ-03260,1.14,52.1,61.4,3.05,1.66,156,1,23.6,0
EQ-03261,0.54,68.5,46.6,0.69,3.86,142,0,28.6,0
EQ-03262,3.93,68.0,44.7,0.41,1.84,380,0,23.1,0
EQ-03263,2.38,57.9,49.1,1.6,4.67,434,1,13.6,0
EQ-03264,5.98,78.5,31.3,1.28,1.82,36,1,27.2,0
EQ-03265,1.42,71.6,31.5,1.18,3.33,216,2,20.2,0
EQ-03266,1.32,64.2,71.0,1.08,2.92,513,0,10.8,0
EQ-03267,1.5,53.1,61.3,0.12,1.92,211,0,24.9,0
EQ-03268,2.17,76.7,90.2,2.8,4.03,130,2,22.6,0
EQ-03269,0.33,71.3,98.9,1.11,1.98,452,0,30.4,0
EQ-03270,1.33,65.8,50.0,1.58,4.98,231,0,28.3,0
EQ-03271,1.84,79.4,85.9,0.59,2.42,483,1,22.3,0
EQ-03272,5.52,49.7,47.3,1.73,1.57,464,1,25.2,0
EQ-03273,5.24,75.2,81.2,1.35,1.88,276,1,37.7,1
EQ-03274,2.12,74.9,36.2,1.18,4.11,242,0,21.3,0
EQ-03275,2.81,75.4,60.8,1.21,1.88,420,0,27.2,1
EQ-03276,2.85,67.8,35.7,0.19,2.6,480,0,25.9,0
EQ-03277,1.81,52.9,48.1,2.12,1.54,241,0,16.1,0
EQ-03278,3.91,64.2,37.4,0.17,2.34,289,0,19.5,0
EQ-03279,0.8,66.1,31.1,3.78,7.96,519,1,26.1,0
EQ-03280,9.02,73.0,91.4,3.54,2.17,244,0,21.6,1
EQ-03281,1.79,74.5,28.5,0.29,2.23,307,1,28.8,0
EQ-03282,2.59,69.6,32.4,0.75,2.03,338,0,27.1,0
EQ-03283,2.23,77.3,97.0,1.5,3.85,155,1,24.8,0
EQ-03284,5.53,58.1,64.7,0.31,1.52,84,1,30.9,0
EQ-03285,4.11,67.4,59.0,0.32,2.72,194,2,17.3,0
EQ-03286,4.59,83.7,29.6,1.03,4.45,178,0,35.9,0
EQ-03287,0.74,54.5,53.2,0.76,1.99,48,1,21.2,0
EQ-03288,1.31,69.8,82.3,1.38,2.94,199,1,27.9,0
EQ-03289,2.44,71.6,43.5,3.33,3.51,14,0,25.1,0
EQ-03290,1.5,72.4,69.3,1.35,2.54,167,1,24.4,0
EQ-03291,0.93,73.0,22.2,0.83,3.58,119,1,42.0,0
EQ-03292,1.56,54.8,68.9,0.05,2.11,493,2,24.0,0
EQ-03293,2.27,69.6,32.8,0.1,3.12,214,0,25.5,0
EQ-03294,1.42,63.8,32.2,2.26,3.03,89,1,21.1,0
EQ-03295,5.84,56.9,99.3,2.65,1.54,121,1,28.7,1
EQ-03296,0.91,63.7,75.1,0.26,3.35,484,1,16.8,1
EQ-03297,1.87,68.3,83.6,0.97,2.65,112,1,17.0,0
EQ-03298,8.15,69.4,60.0,1.74,4.4,394,0,18.8,0
EQ-03299,2.24,63.4,53.1,1.04,3.39,283,0,23.3,0
EQ-03300,4.84,36.9,99.7,1.62,6.36,181,0,19.6,1
EQ-03301,2.62,61.7,42.0,0.53,4.93,303,2,25.8,0
EQ-03302,1.69,63.7,91.5,4.8,3.33,392,1,27.0,0
EQ-03303,2.2,58.8,90.7,1.1,4.04,227,3,17.2,0
EQ-03304,5.39,68.0,84.8,1.49,2.57,457,1,17.1,0
EQ-03305,2.71,86.5,36.8,3.15,1.5,61,0,19.0,0
EQ-03306,4.18,62.5,64.6,1.69,10.31,18,0,30.5,1
EQ-03307,3.7,68.0,27.3,1.57,2.62,247,0,33.9,0
EQ-03308,2.15,56.8,78.0,1.97,2.6,510,0,27.1,0
EQ-03309,2.51,35.0,49.9,0.14,8.65,178,0,21.0,0
EQ-03310,1.33,75.9,46.1,2.52,5.22,197,2,23.7,0
EQ-03311,1.84,65.6,96.5,0.45,2.74,158,0,27.3,0
EQ-03312,6.51,71.3,36.6,0.94,1.09,348,2,21.0,0
EQ-03313,1.64,57.3,86.1,0.36,2.01,105,0,38.1,0
EQ-03314,4.96,46.5,36.8,0.76,4.81,329,1,29.2,0
EQ-03315,1.56,60.9,100.0,1.15,1.3,384,1,14.2,0
EQ-03316,0.81,66.7,97.8,1.95,3.16,162,0,19.7,0
EQ-03317,2.7,69.6,85.7,1.68,1.64,95,1,23.7,0
EQ-03318,2.36,35.8,75.7,1.28,2.11,194,0,8.0,0
EQ-03319,3.32,84.5,55.3,2.02,7.98,235,0,24.4,0
EQ-03320,5.44,86.2,72.8,1.42,6.75,4,2,24.4,0
EQ-03321,4.87,73.5,80.6,0.92,5.53,445,0,16.0,0
EQ-03322,3.67,58.1,70.5,2.62,2.46,413,0,16.2,0
EQ-03323,4.88,70.7,56.9,0.14,1.88,259,0,26.8,0
EQ-03324,1.6,54.0,42.1,1.03,2.28,488,0,35.1,0
EQ-03325,4.03,60.1,76.6,0.21,1.69,58,0,22.7,0
EQ-03326,1.15,60.0,34.1,1.51,1.82,203,1,18.9,0
EQ-03327,1.74,81.1,70.9,0.41,3.72,335,0,23.5,0
EQ-03328,2.13,51.6,43.1,2.7,2.18,121,2,18.6,0
EQ-03329,2.45,65.0,95.5,3.84,2.99,74,0,17.0,0
EQ-03330,1.8,62.5,43.2,2.63,3.93,368,1,29.3,0
EQ-03331,4.37,55.2,95.4,1.63,3.3,327,1,29.0,1
EQ-03332,2.19,61.9,87.0,3.17,5.54,20,0,24.1,0
EQ-03333,1.95,55.7,68.9,0.32,1.17,521,0,16.9,0
EQ-03334,0.85,74.2,77.6,1.39,5.38,504,1,15.9,0
EQ-03335,1.11,64.1,29.7,0.4,3.24,467,0,30.6,0
EQ-03336,0.66,59.6,67.6,1.54,3.38,519,1,26.8,1
EQ-03337,0.56,77.4,92.1,1.71,5.4,350,0,29.3,1
EQ-03338,3.98,79.7,31.4,2.03,2.49,501,0,22.9,0
EQ-03339,0.77,70.6,35.3,1.07,9.38,391,0,17.3,0
EQ-03340,2.57,62.1,56.5,2.12,3.78,501,2,25.7,0
EQ-03341,4.7,68.6,61.0,2.23,1.5,449,2,30.5,0
EQ-03342,6.3,64.3,46.0,2.0,1.8,258,0,19.3,1
EQ-03343,2.31,68.9,65.6,2.68,2.55,442,0,23.1,0
EQ-03344,2.87,69.1,47.3,1.44,1.19,261,1,33.0,0
EQ-03345,3.87,85.1,86.2,2.15,2.67,57,0,26.8,0
EQ-03346,3.21,67.9,52.0,1.75,2.96,39,1,19.7,0
EQ-03347,4.01,57.7,43.7,1.2,2.43,263,0,13.2,0
EQ-03348,0.57,61.2,77.9,0.68,6.2,66,1,19.9,0
EQ-03349,7.05,79.1,90.3,2.79,5.78,288,0,26.7,1
EQ-03350,2.17,77.1,60.8,0.28,4.21,523,0,31.5,0
EQ-03351,0.71,73.2,60.2,0.6,1.05,475,1,16.5,0
EQ-03352,3.02,59.3,23.1,2.63,1.46,508,0,25.0,0
EQ-03353,3.78,77.3,88.8,0.95,4.31,192,0,30.6,0
EQ-03354,5.38,80.5,69.0,1.1,6.8,260,0,22.3,0
EQ-03355,2.1,73.8,91.2,1.6,3.08,306,1,23.2,0
EQ-03356,2.97,62.6,66.9,1.07,3.15,128,0,18.5,0
EQ-03357,2.0,68.9,74.0,1.62,3.19,189,0,27.7,0
EQ-03358,4.19,66.7,68.1,0.48,5.6,246,2,21.3,0
EQ-03359,1.08,68.3,83.9,2.77,2.44,341,0,17.3,0
EQ-03360,1.2,56.7,89.1,0.62,2.87,170,1,19.7,0
EQ-03361,6.63,75.0,80.3,1.06,2.84,408,0,26.1,0
EQ-03362,2.06,50.4,38.8,0.95,2.71,241,0,19.2,0
EQ-03363,4.77,58.8,29.9,1.25,4.49,239,1,32.5,0
EQ-03364,0.22,78.2,28.5,1.89,3.1,190,0,28.0,0
EQ-03365,0.58,66.6,90.2,2.84,3.19,481,1,35.9,0
EQ-03366,4.06,62.1,67.2,1.86,1.9,172,0,21.6,0
EQ-03367,1.65,63.6,39.1,0.74,5.13,409,0,35.2,0
EQ-03368,2.42,70.9,80.2,0.56,3.68,216,1,23.7,0
EQ-03369,1.64,77.3,71.1,0.64,1.83,451,2,25.7,0
EQ-03370,2.84,44.9,26.7,2.13,2.92,48,2,20.5,0
EQ-03371,1.13,55.8,96.5,1.92,2.31,477,0,24.5,0
EQ-03372,2.13,42.8,60.2,2.13,4.14,69,0,20.6,0
EQ-03373,3.54,90.1,46.2,1.29,1.34,528,1,20.3,0
EQ-03374,2.97,80.5,59.5,0.73,7.45,270,0,35.3,0
EQ-03375,4.63,67.0,57.7,0.39,5.06,529,3,29.8,0
EQ-03376,1.94,61.4,86.0,1.1,2.21,78,2,32.3,0
EQ-03377,3.58,65.2,62.2,0.24,4.43,346,1,25.0,0
EQ-03378,3.32,78.5,43.3,1.25,2.71,375,2,18.6,0
EQ-03379,1.85,71.4,76.1,0.75,2.66,198,0,15.9,0
EQ-03380,3.99,76.3,93.5,0.3,3.11,346,0,26.2,1
EQ-03381,1.49,56.7,56.7,0.71,1.87,66,0,20.9,0
EQ-03382,2.12,77.5,88.3,0.53,2.09,517,0,25.4,0
EQ-03383,0.7,63.1,65.8,0.82,12.71,461,3,20.2,0
EQ-03384,1.49,68.2,75.0,1.06,1.51,442,0,26.7,0
EQ-03385,1.79,45.3,82.1,0.44,2.05,288,0,21.8,0
EQ-03386,1.88,75.0,89.4,3.69,3.21,283,2,29.6,0
EQ-03387,4.38,77.5,23.1,0.25,3.19,145,0,21.3,0
EQ-03388,0.74,71.6,22.7,0.41,3.25,318,1,21.7,0
EQ-03389,3.42,74.9,93.1,2.43,2.92,62,0,28.4,0
EQ-03390,2.69,73.3,38.7,0.36,2.98,523,1,20.5,0
EQ-03391,6.86,59.4,41.3,0.56,1.54,102,0,31.5,0
EQ-03392,0.76,64.9,97.9,0.53,2.01,522,0,19.7,0
EQ-03393,1.07,64.8,81.8,1.29,2.69,481,0,20.7,0
EQ-03394,1.33,69.2,83.4,0.4,2.78,159,1,16.5,0
EQ-03395,3.22,60.8,51.7,0.76,2.59,418,2,29.8,0
EQ-03396,1.83,63.6,47.1,1.34,2.68,343,0,28.6,0
EQ-03397,2.0,72.3,31.4,2.7,2.93,13,0,23.8,0
EQ-03398,3.12,54.9,96.8,1.46,3.05,380,1,20.8,0
EQ-03399,2.33,86.1,55.2,0.68,5.8,200,0,32.4,0
EQ-03400,1.41,76.5,29.2,1.13,5.55,241,2,23.1,0
EQ-03401,0.65,71.4,57.3,2.44,2.63,466,0,25.2,0
EQ-03402,1.93,66.0,24.3,0.93,2.39,123,0,20.0,0
EQ-03403,2.67,66.7,24.5,0.8,1.66,370,1,23.1,0
EQ-03404,0.15,83.6,55.7,1.95,7.44,178,0,34.1,0
EQ-03405,2.75,92.8,86.7,1.1,7.54,150,1,24.2,0
EQ-03406,2.06,71.7,76.3,0.43,2.24,335,2,21.2,0
EQ-03407,2.4,66.5,23.1,0.87,5.23,114,0,21.0,0
EQ-03408,0.99,56.9,28.4,1.25,5.06,211,0,25.0,0
EQ-03409,2.7,65.4,85.8,1.28,1.45,113,4,22.4,0
EQ-03410,6.5,70.9,86.8,1.53,2.69,310,1,18.7,0
EQ-03411,0.91,66.9,35.9,1.58,2.52,362,1,24.5,0
EQ-03412,0.37,77.5,86.0,0.67,5.34,517,0,23.6,0
EQ-03413,1.95,78.7,73.2,0.65,1.86,162,1,21.5,0
EQ-03414,7.48,70.5,40.5,0.93,1.99,50,0,27.0,0
EQ-03415,3.09,54.2,49.5,3.19,4.32,482,0,20.3,0
EQ-03416,2.22,48.0,98.4,0.72,1.61,282,4,25.3,0
EQ-03417,2.53,49.8,37.2,0.77,1.84,433,2,21.9,0
EQ-03418,2.89,59.5,75.0,0.61,5.04,522,1,25.7,1
EQ-03419,1.37,64.2,93.8,0.99,1.76,87,0,23.9,0
EQ-03420,2.21,84.2,78.3,0.97,1.99,49,0,28.1,0
EQ-03421,1.52,70.9,41.7,1.41,5.3,214,2,32.1,0
EQ-03422,4.21,59.8,99.6,0.4,3.31,429,0,23.1,0
EQ-03423,4.49,65.1,85.7,0.54,3.26,372,0,28.3,0
EQ-03424,4.8,49.0,26.8,1.86,3.3,496,2,25.1,0
EQ-03425,5.62,71.3,86.7,1.22,3.29,327,0,31.1,1
EQ-03426,5.58,60.5,77.5,2.58,5.39,483,1,34.7,1
EQ-03427,3.66,51.7,91.1,0.49,3.28,206,1,22.1,0
EQ-03428,2.98,48.1,94.9,0.55,3.59,538,2,27.7,0
EQ-03429,1.41,62.4,43.7,2.01,3.62,415,0,25.8,0
EQ-03430,1.52,65.6,89.1,1.05,5.19,487,0,29.5,0
EQ-03431,2.18,51.2,62.3,1.33,3.4,339,0,19.7,0
EQ-03432,3.12,45.5,72.4,0.18,1.96,296,1,33.3,0
EQ-03433,1.79,81.1,73.3,1.04,2.24,32,0,26.8,0
EQ-03434,4.4,55.8,70.9,1.39,4.68,365,1,28.1,0
EQ-03435,3.13,62.9,89.0,0.29,2.34,160,1,31.8,0
EQ-03436,5.56,38.2,68.6,1.52,3.17,264,0,29.8,0
EQ-03437,1.03,61.0,37.2,2.15,5.73,121,1,27.7,1
EQ-03438,1.85,69.3,41.5,1.0,4.87,139,1,26.8,0
EQ-03439,5.95,75.8,72.6,1.8,5.11,514,1,20.0,0
EQ-03440,4.87,59.4,30.3,0.52,2.38,168,1,22.9,0
EQ-03441,5.34,71.4,51.3,0.87,3.04,141,1,22.3,0
EQ-03442,1.25,62.9,77.1,0.42,1.05,484,0,20.5,0
EQ-03443,1.35,83.6,49.2,1.12,2.92,14,0,18.4,0
EQ-03444,2.59,65.6,95.4,1.6,3.37,478,1,26.9,0
EQ-03445,2.06,84.7,27.2,3.03,5.64,55,0,11.2,0
EQ-03446,0.72,74.8,78.7,2.11,3.61,153,0,22.4,0
EQ-03447,1.37,77.3,59.8,1.78,1.76,180,0,13.2,0
EQ-03448,5.14,61.2,24.3,1.89,3.5,507,0,25.6,0
EQ-03449,1.44,69.0,71.7,1.07,5.3,483,0,19.5,0
EQ-03450,0.89,74.7,71.7,2.06,3.24,55,0,27.7,0
EQ-03451,2.62,47.3,33.3,2.96,2.01,270,0,35.5,0
EQ-03452,2.82,50.7,69.6,1.12,1.48,24,0,27.4,0
EQ-03453,7.53,66.4,33.2,1.05,2.72,192,0,34.8,0
EQ-03454,7.23,64.9,36.9,1.91,2.42,337,2,19.8,1
EQ-03455,1.83,71.6,25.4,0.9,2.7,517,3,20.3,1
EQ-03456,2.17,63.1,88.6,0.06,4.7,516,1,16.3,0
EQ-03457,2.61,66.6,35.5,0.61,2.89,230,2,15.6,0
EQ-03458,4.65,69.2,67.0,0.47,4.17,7,0,22.7,0
EQ-03459,6.23,54.0,76.6,1.32,2.61,502,0,24.2,0
EQ-03460,3.3,66.9,61.4,0.8,3.59,477,0,28.9,0
EQ-03461,0.15,57.1,90.1,1.05,6.87,459,1,21.7,0
EQ-03462,1.63,63.5,31.7,1.09,1.67,232,1,19.6,0
EQ-03463,2.97,68.9,79.6,0.79,6.14,29,1,16.6,0
EQ-03464,1.43,75.1,46.7,4.28,2.61,264,0,28.2,0
EQ-03465,1.94,59.8,71.9,0.47,3.21,327,1,24.4,0
EQ-03466,0.57,59.2,32.5,0.46,3.39,511,0,23.1,0
EQ-03467,0.42,60.7,53.2,3.23,4.76,360,1,23.6,0
EQ-03468,5.37,68.5,27.2,0.3,1.54,142,3,21.4,0
EQ-03469,9.97,82.3,55.4,0.19,2.4,472,0,18.1,1
EQ-03470,0.76,60.9,81.1,0.73,5.03,287,1,29.8,0
EQ-03471,1.21,63.1,67.5,0.6,3.05,33,1,19.7,1
EQ-03472,7.54,58.9,99.9,0.7,3.32,102,1,24.0,0
EQ-03473,0.9,69.9,37.1,0.37,3.42,258,2,28.8,0
EQ-03474,5.54,67.6,37.4,2.31,2.88,167,1,26.2,0
EQ-03475,3.09,78.4,72.7,0.78,4.92,229,0,24.9,0
EQ-03476,2.12,82.5,43.3,1.44,4.37,459,1,31.4,0
EQ-03477,1.61,91.9,49.6,2.6,1.08,222,0,20.1,0
EQ-03478,2.22,71.4,49.5,1.61,5.36,11,0,24.6,0
EQ-03479,1.12,72.5,84.1,1.15,3.05,375,0,19.5,0
EQ-03480,0.62,56.8,90.6,1.54,1.22,409,2,21.2,0
EQ-03481,1.83,76.3,49.9,0.96,2.49,439,0,16.5,0
EQ-03482,2.16,72.5,42.3,0.65,4.88,51,1,19.9,0
EQ-03483,2.78,79.3,95.7,2.01,1.57,310,1,12.7,0
EQ-03484,7.07,71.2,65.6,1.44,1.28,154,2,27.3,0
EQ-03485,6.77,74.1,84.7,0.38,1.48,382,1,21.1,0
EQ-03486,2.07,67.9,83.5,1.11,2.75,325,3,10.3,0
EQ-03487,4.8,54.5,87.1,1.42,1.58,455,5,23.2,1
EQ-03488,2.14,62.5,95.4,0.08,2.63,223,0,15.9,0
EQ-03489,2.46,59.0,42.2,0.79,2.6,462,0,27.8,0
EQ-03490,1.5,76.9,29.2,0.38,3.88,479,0,21.6,0
EQ-03491,6.11,49.1,35.5,2.33,3.91,517,0,25.5,0
EQ-03492,4.29,50.3,95.6,0.61,1.05,52,3,23.3,0
EQ-03493,0.76,67.8,69.9,0.44,5.39,384,1,31.4,0
EQ-03494,2.74,59.4,34.2,1.51,3.41,342,0,16.8,0
EQ-03495,4.18,58.5,93.7,2.15,3.59,296,0,18.3,0
EQ-03496,2.39,70.3,74.6,2.05,1.33,534,0,23.0,0
EQ-03497,3.18,57.5,30.7,1.58,1.74,126,1,17.1,0
EQ-03498,2.35,72.5,53.6,4.13,1.42,50,1,20.3,0
EQ-03499,1.84,75.5,89.0,0.9,2.33,226,2,27.5,0
EQ-03500,5.66,70.7,72.8,1.88,2.15,308,0,26.7,0
EQ-03501,1.56,56.0,39.5,1.01,2.33,136,3,23.3,0
EQ-03502,1.63,66.2,68.0,0.42,3.47,106,0,18.5,0
EQ-03503,2.34,60.1,78.3,0.72,2.69,485,0,20.8,0
EQ-03504,2.21,76.8,42.7,1.37,3.31,176,1,27.4,0
EQ-03505,7.05,51.6,83.0,0.27,2.38,377,0,22.2,0
EQ-03506,2.07,63.7,79.9,0.53,2.62,278,2,18.1,0
EQ-03507,2.32,55.5,37.0,2.04,2.73,43,1,28.2,0
EQ-03508,1.91,62.6,75.0,0.45,2.31,436,1,20.1,0
EQ-03509,1.15,66.4,27.2,0.6,2.45,537,0,14.6,0
EQ-03510,8.33,78.0,47.5,0.77,1.76,456,2,26.9,1
EQ-03511,2.09,57.5,98.0,0.05,4.63,356,0,21.2,0
EQ-03512,1.58,53.3,70.8,0.58,1.71,40,0,26.6,0
EQ-03513,8.93,71.6,32.2,1.42,2.22,395,0,23.6,0
EQ-03514,4.47,67.0,54.1,1.91,3.26,462,1,18.7,0
EQ-03515,1.64,70.9,25.5,1.78,2.26,346,1,25.3,0
EQ-03516,1.64,63.4,50.1,1.3,6.3,255,2,28.0,0
EQ-03517,0.98,62.6,84.2,1.56,1.78,258,0,22.0,0
EQ-03518,4.32,70.3,34.7,2.19,3.77,364,3,29.7,0
EQ-03519,1.17,69.8,74.4,0.45,3.12,350,0,21.7,0
EQ-03520,1.94,61.9,90.4,0.37,2.88,54,0,17.1,0
EQ-03521,1.9,71.7,83.8,3.39,4.63,227,2,35.9,0
EQ-03522,2.84,73.0,41.7,1.38,1.13,384,0,23.5,0
EQ-03523,1.45,66.2,29.8,2.26,1.98,308,0,22.7,0
EQ-03524,1.82,63.4,52.2,0.46,1.65,352,1,28.3,0
EQ-03525,2.73,75.7,32.3,0.51,2.55,126,0,19.0,0
EQ-03526,2.89,56.2,87.0,0.57,1.92,309,1,21.0,0
EQ-03527,1.87,58.2,75.2,1.24,1.67,344,0,32.2,0
EQ-03528,2.54,65.0,94.8,1.6,4.87,294,1,29.5,0
EQ-03529,0.15,67.1,41.4,2.98,2.92,114,0,20.9,0
EQ-03530,1.33,69.2,71.9,0.41,1.75,209,0,27.5,0
EQ-03531,9.48,75.2,93.1,0.53,2.81,150,1,27.1,1
EQ-03532,1.17,68.3,24.1,0.83,1.76,315,0,20.8,0
EQ-03533,2.45,74.0,26.8,1.31,1.05,451,0,24.7,0
EQ-03534,1.66,71.4,98.7,0.25,1.48,13,1,21.9,0
EQ-03535,6.3,72.8,81.3,0.92,2.09,23,2,23.7,1
EQ-03536,1.97,68.9,53.3,1.56,1.93,46,0,33.2,0
EQ-03537,3.26,62.0,22.6,1.25,3.5,242,0,21.0,0
EQ-03538,1.99,60.8,74.6,2.63,2.25,104,1,25.6,0
EQ-03539,5.89,67.2,47.3,4.61,4.36,222,2,22.6,1
EQ-03540,0.15,83.1,22.6,0.93,3.17,539,1,19.1,0
EQ-03541,3.49,49.4,97.5,0.35,3.91,411,2,25.9,0
EQ-03542,4.24,66.3,30.0,0.74,1.93,131,0,33.2,0
EQ-03543,2.2,76.7,65.6,0.3,3.39,163,1,25.1,0
EQ-03544,1.67,67.4,71.0,1.05,2.8,197,1,23.3,0
EQ-03545,0.67,54.4,44.8,2.55,2.26,337,0,32.9,0
EQ-03546,0.28,60.1,60.6,1.28,2.13,490,0,17.6,0
EQ-03547,1.54,74.3,75.6,1.39,4.74,199,1,25.5,0
EQ-03548,0.66,44.8,26.6,0.37,2.52,167,0,25.1,0
EQ-03549,6.89,67.9,45.7,1.09,8.24,287,1,24.4,1
EQ-03550,0.86,73.7,94.5,0.93,1.56,212,2,17.2,0
EQ-03551,2.48,68.1,66.9,3.71,3.9,4,0,28.3,0
EQ-03552,2.27,59.3,99.7,0.18,5.17,178,1,18.4,0
EQ-03553,1.68,49.9,50.3,0.31,4.7,395,0,19.6,0
EQ-03554,1.75,58.3,92.7,1.88,1.34,4,1,23.3,0
EQ-03555,2.85,76.1,42.5,1.79,2.79,300,1,18.4,0
EQ-03556,2.01,62.1,39.7,0.62,3.39,505,0,39.9,0
EQ-03557,1.36,64.3,73.9,1.55,1.05,345,0,26.0,0
EQ-03558,3.45,47.7,32.4,1.55,4.84,497,0,27.4,0
EQ-03559,1.04,66.2,93.5,1.05,1.57,290,0,24.2,0
EQ-03560,1.54,72.2,57.7,1.93,1.8,296,0,26.2,0
EQ-03561,0.66,77.3,43.8,1.24,3.24,214,1,31.1,1
EQ-03562,3.25,81.7,44.8,1.25,1.51,4,0,24.3,0
EQ-03563,0.43,81.6,34.9,1.07,2.72,499,0,26.6,0
EQ-03564,6.23,74.0,82.1,0.69,1.9,110,0,26.7,1
EQ-03565,2.16,50.7,97.9,1.85,1.72,515,0,20.8,0
EQ-03566,3.24,54.6,32.0,2.46,3.63,91,0,26.1,0
EQ-03567,1.33,74.0,93.8,3.98,3.26,426,0,29.6,0
EQ-03568,4.05,67.4,30.8,1.45,3.06,153,1,34.0,0
EQ-03569,2.52,69.3,45.8,1.61,2.89,427,0,30.1,0
EQ-03570,2.63,63.1,78.1,1.1,2.63,104,1,29.2,0
EQ-03571,1.15,43.8,95.7,1.84,2.28,382,0,27.7,0
EQ-03572,4.48,85.1,92.1,0.6,3.49,9,0,30.8,0
EQ-03573,0.27,72.9,74.1,0.32,1.32,374,0,19.9,0
EQ-03574,1.75,63.6,86.1,0.68,3.04,83,1,15.9,0
EQ-03575,1.6,41.7,63.4,2.04,3.06,239,1,24.7,0
EQ-03576,6.71,66.8,67.2,0.29,3.91,333,1,38.4,0
EQ-03577,6.09,63.2,81.2,2.54,1.17,81,1,30.0,1
EQ-03578,1.62,51.2,91.5,0.6,2.95,13,0,22.6,0
EQ-03579,4.08,86.3,46.6,4.39,2.95,485,2,21.8,1
EQ-03580,3.1,64.7,40.1,0.84,2.14,74,1,20.1,0
EQ-03581,3.3,67.2,84.0,1.01,2.86,181,1,30.7,0
EQ-03582,2.67,38.7,28.6,2.54,1.7,114,0,14.8,0
EQ-03583,5.12,69.4,49.2,0.38,3.14,121,0,27.1,0
EQ-03584,4.18,73.1,78.9,0.55,1.05,419,2,21.1,1
EQ-03585,0.64,68.3,53.4,2.29,5.26,78,1,22.8,0
EQ-03586,0.78,63.0,25.9,0.3,2.9,209,0,21.4,0
EQ-03587,2.58,65.7,52.4,0.48,2.36,454,3,20.1,1
EQ-03588,3.0,70.1,43.3,2.44,4.83,13,0,19.0,0
EQ-03589,3.03,61.7,91.4,1.58,1.71,271,0,23.4,0
EQ-03590,6.28,65.0,75.2,1.88,3.0,246,0,25.3,0
EQ-03591,3.06,76.1,71.2,0.47,2.53,473,0,33.8,0
EQ-03592,4.88,71.7,88.8,1.02,2.09,228,4,26.9,1
EQ-03593,1.91,53.6,27.8,0.61,2.48,31,2,18.5,0
EQ-03594,3.02,66.1,30.5,0.71,7.63,234,1,22.6,0
EQ-03595,0.89,71.0,51.3,0.81,3.85,279,4,19.4,0
EQ-03596,4.99,53.4,92.2,0.5,3.55,270,0,24.2,0
EQ-03597,2.07,58.3,65.1,1.29,2.48,109,2,16.8,0
EQ-03598,1.75,60.6,85.6,0.21,3.15,110,0,30.2,0
EQ-03599,7.17,69.4,76.8,1.83,3.38,72,1,28.5,0
EQ-03600,2.22,64.9,55.6,1.68,4.87,63,3,9.2,0
EQ-03601,5.04,72.9,51.0,2.4,3.96,19,0,25.6,0
EQ-03602,3.89,63.3,29.6,0.8,3.44,408,0,27.4,0
EQ-03603,3.21,68.1,83.0,3.46,8.02,413,0,25.2,0
EQ-03604,2.76,62.9,77.5,0.64,1.05,319,0,23.5,0
EQ-03605,2.54,54.4,86.4,0.61,3.1,456,4,21.3,0
EQ-03606,5.44,67.8,48.7,1.52,3.66,233,0,20.6,0
EQ-03607,1.66,60.8,88.4,0.44,3.35,290,1,28.1,0
EQ-03608,6.11,61.5,39.1,0.85,3.55,450,0,25.8,0
EQ-03609,1.56,54.8,35.4,0.63,4.33,80,0,23.7,0
EQ-03610,0.71,68.3,81.0,1.15,3.54,304,1,24.3,0
EQ-03611,2.8,71.0,71.2,0.69,4.56,224,0,20.3,0
EQ-03612,0.41,53.2,91.4,1.43,2.69,453,0,27.6,0
EQ-03613,10.5,63.6,38.8,0.17,9.47,377,1,17.8,1
EQ-03614,1.04,69.9,30.8,1.4,1.73,490,1,31.1,0
EQ-03615,6.37,59.0,74.9,2.51,4.31,365,1,26.5,0
EQ-03616,4.58,76.6,46.2,0.98,3.54,276,1,35.1,1
EQ-03617,8.07,51.8,51.9,0.85,1.42,341,2,21.0,1
EQ-03618,4.05,56.4,53.3,1.8,3.11,315,1,21.3,0
EQ-03619,5.21,71.8,22.7,0.58,3.63,44,0,21.2,0
EQ-03620,4.18,53.0,33.4,1.54,2.87,333,3,17.6,0
EQ-03621,0.95,66.5,91.1,0.3,2.59,468,0,22.6,0
EQ-03622,0.79,64.0,53.6,3.07,1.84,3,1,30.5,0
EQ-03623,0.84,55.0,22.2,0.93,5.05,291,1,12.8,0
EQ-03624,1.04,55.7,94.5,0.73,2.32,172,0,21.0,0
EQ-03625,5.29,64.3,49.0,2.3,1.55,526,1,24.3,0
EQ-03626,8.55,62.2,75.3,1.44,5.11,2,1,25.7,1
EQ-03627,2.08,67.1,78.9,1.05,1.06,421,0,33.3,0
EQ-03628,7.41,66.8,59.4,1.71,3.36,207,0,22.5,0
EQ-03629,3.93,68.9,91.2,0.39,4.87,379,1,30.6,0
EQ-03630,2.84,77.2,27.6,2.18,8.1,437,1,27.7,0
EQ-03631,5.54,44.3,58.5,0.95,1.48,44,1,23.8,0
EQ-03632,1.92,63.6,68.2,0.79,3.23,315,1,32.8,0
EQ-03633,1.71,58.2,60.4,0.6,5.36,308,0,22.3,0
EQ-03634,1.63,70.9,45.2,0.53,1.13,247,0,21.2,0
EQ-03635,1.09,49.8,44.2,0.76,4.86,469,0,20.1,0
EQ-03636,6.71,70.1,50.4,1.1,2.47,158,1,29.3,0
EQ-03637,3.39,58.2,42.7,1.28,1.26,436,1,27.7,0
EQ-03638,4.54,73.9,75.7,2.93,3.44,477,0,26.8,0
EQ-03639,4.04,68.1,78.7,0.46,2.05,326,1,15.4,0
EQ-03640,5.46,63.5,49.9,0.25,2.18,113,0,31.0,0
EQ-03641,5.39,76.8,45.9,2.41,4.66,116,0,20.2,0
EQ-03642,3.18,59.6,69.0,0.54,2.54,333,0,22.7,0
EQ-03643,0.61,49.2,71.3,1.05,3.21,159,0,30.1,0
EQ-03644,2.32,46.5,55.4,1.72,1.05,323,0,22.6,0
EQ-03645,4.81,71.2,24.9,1.3,1.69,193,1,22.7,0
EQ-03646,0.23,74.6,22.8,0.69,2.48,261,0,35.2,0
EQ-03647,2.04,44.3,89.5,0.6,2.73,7,0,27.9,0
EQ-03648,1.39,56.1,65.6,0.4,6.07,502,1,18.2,0
EQ-03649,2.6,81.7,75.2,1.07,4.95,144,0,17.9,0
EQ-03650,0.83,73.9,31.1,1.66,5.6,30,0,21.1,0
EQ-03651,3.06,65.7,36.2,0.79,2.45,500,0,22.4,0
EQ-03652,7.14,70.1,62.0,1.52,1.43,204,1,22.9,0
EQ-03653,3.29,68.6,92.9,0.32,6.23,341,0,12.2,0
EQ-03654,0.79,62.0,52.7,1.04,2.33,150,0,22.4,0
EQ-03655,0.93,69.8,79.1,0.06,2.26,516,0,27.6,0
EQ-03656,3.26,69.6,46.6,0.28,6.99,175,1,37.6,0
EQ-03657,3.18,62.7,49.5,0.75,4.11,26,0,24.6,0
EQ-03658,3.56,57.8,90.5,0.6,2.55,275,2,30.5,0
EQ-03659,6.98,60.8,69.9,1.12,3.01,30,0,20.1,0
EQ-03660,1.08,60.0,73.3,0.84,3.68,293,3,28.4,0
EQ-03661,2.02,63.4,46.1,1.32,3.75,355,1,23.6,0
EQ-03662,1.58,62.7,25.7,0.75,2.7,399,0,23.0,0
EQ-03663,6.08,64.9,34.6,2.89,3.67,321,0,22.3,0
EQ-03664,1.06,76.2,46.0,1.56,3.07,215,3,37.7,0
EQ-03665,1.56,71.0,74.3,0.88,5.01,104,2,22.6,0
EQ-03666,3.1,59.2,24.9,1.51,2.08,261,0,22.1,0
EQ-03667,2.38,67.1,54.8,2.31,5.12,393,0,23.8,0
EQ-03668,4.2,62.4,60.0,2.35,1.05,481,0,17.4,0
EQ-03669,2.4,82.0,83.8,1.27,2.94,399,1,23.9,0
EQ-03670,2.61,81.7,45.7,1.63,1.05,177,0,22.4,0
EQ-03671,3.57,72.6,45.6,2.85,1.99,493,1,26.3,0
EQ-03672,0.75,69.4,81.3,0.92,1.38,382,0,11.4,0
EQ-03673,2.43,42.2,48.6,1.3,4.37,6,0,20.8,0
EQ-03674,1.83,68.1,84.9,1.18,3.76,246,0,31.7,0
EQ-03675,2.2,59.3,68.8,1.15,4.66,444,0,28.2,0
EQ-03676,0.83,63.4,79.6,0.67,1.4,302,0,33.0,0
EQ-03677,1.75,69.5,77.5,0.69,1.65,288,1,34.1,0
EQ-03678,8.44,71.3,45.6,0.7,3.06,390,0,16.2,0
EQ-03679,2.87,68.6,47.4,1.66,2.56,392,0,30.2,0
EQ-03680,1.98,82.5,42.0,1.71,1.49,423,1,28.3,1
EQ-03681,2.31,78.4,56.1,0.86,2.34,484,1,20.6,0
EQ-03682,1.82,83.7,90.3,1.31,2.02,469,1,21.2,0
EQ-03683,3.7,51.0,36.8,0.54,5.74,460,0,25.1,0
EQ-03684,2.52,67.2,32.0,1.76,1.76,72,0,26.2,0
EQ-03685,1.12,65.9,37.2,1.36,4.05,39,1,28.2,0
EQ-03686,3.29,50.7,28.0,0.4,3.71,518,1,21.4,1
EQ-03687,4.17,68.3,85.2,2.67,2.15,290,0,24.3,0
EQ-03688,1.91,61.3,83.1,0.33,1.66,195,1,26.7,0
EQ-03689,2.35,69.2,75.8,0.23,6.43,241,0,21.7,0
EQ-03690,8.71,76.9,98.9,0.43,2.89,28,2,30.1,0
EQ-03691,6.14,53.6,90.5,0.17,2.52,58,0,25.7,0
EQ-03692,0.83,61.5,76.0,1.08,1.93,88,0,20.8,0
EQ-03693,2.58,82.0,68.7,2.05,1.41,305,0,34.8,0
EQ-03694,0.68,85.3,48.0,1.03,1.19,405,1,23.6,0
EQ-03695,1.75,74.5,66.8,0.18,2.5,66,2,23.7,0
EQ-03696,2.11,57.6,55.4,0.98,1.14,349,0,21.7,0
EQ-03697,3.11,62.4,90.3,1.54,7.62,485,0,18.9,0
EQ-03698,2.75,57.3,22.4,1.74,3.83,405,1,25.9,0
EQ-03699,3.64,64.5,67.0,0.2,2.73,143,1,15.9,0
EQ-03700,1.6,64.5,83.5,1.59,2.0,529,0,21.9,0
EQ-03701,2.6,68.1,87.1,0.9,2.48,178,0,22.5,0
EQ-03702,7.35,62.8,70.9,2.81,2.61,44,2,23.0,0
EQ-03703,3.43,72.9,46.3,0.38,3.05,433,0,15.3,0
EQ-03704,3.46,79.5,70.2,3.41,4.7,442,1,28.0,0
EQ-03705,5.19,68.8,97.4,0.94,2.81,537,4,19.5,1
EQ-03706,4.19,80.7,42.8,0.85,6.47,517,0,15.8,0
EQ-03707,1.77,47.3,54.9,1.53,1.64,265,0,19.0,0
EQ-03708,4.17,86.2,66.9,2.43,2.83,290,1,23.6,0
EQ-03709,2.66,69.0,91.2,1.07,1.66,265,0,17.8,0
EQ-03710,3.72,74.8,38.2,0.88,5.1,278,0,33.3,0
EQ-03711,5.25,63.1,30.9,1.64,2.35,21,0,20.2,0
EQ-03712,7.26,58.8,74.3,1.52,4.66,315,0,31.3,0
EQ-03713,2.08,48.4,92.8,0.62,3.81,446,2,17.5,0
EQ-03714,2.1,66.8,60.4,2.59,1.13,436,2,19.5,0
EQ-03715,1.55,52.5,33.0,0.94,3.1,70,0,20.8,0
EQ-03716,5.22,55.5,81.0,3.39,6.65,352,0,21.4,1
EQ-03717,0.76,60.8,65.8,0.48,2.14,37,2,26.3,0
EQ-03718,1.35,77.5,24.0,0.82,3.52,120,1,20.2,0
EQ-03719,1.35,62.5,93.2,0.16,2.22,286,1,13.2,0
EQ-03720,4.98,35.0,58.6,0.7,3.76,273,0,19.7,0
EQ-03721,2.73,75.1,60.1,1.44,3.91,452,0,20.9,0
EQ-03722,0.96,61.3,33.7,0.69,2.44,488,0,20.1,0
EQ-03723,1.28,86.4,99.3,1.74,1.06,477,0,21.1,0
EQ-03724,3.36,76.9,46.5,1.11,1.56,29,1,23.0,0
EQ-03725,3.48,71.2,29.3,2.1,2.02,209,0,32.4,0
EQ-03726,0.47,83.2,41.6,1.02,2.08,27,1,34.2,0
EQ-03727,3.65,65.3,30.5,0.83,5.73,521,0,27.4,0
EQ-03728,1.68,67.7,53.6,0.33,2.88,234,1,19.6,0
EQ-03729,2.25,82.4,79.3,0.31,1.21,288,0,13.9,0
EQ-03730,2.56,77.0,22.1,0.14,1.99,75,1,22.0,0
EQ-03731,1.05,61.2,73.5,1.47,2.11,95,0,12.8,0
EQ-03732,0.63,59.5,82.9,0.25,1.88,152,1,28.6,0
EQ-03733,0.84,54.3,79.0,3.24,2.91,439,1,21.4,0
EQ-03734,4.8,64.6,64.1,1.44,2.54,146,1,23.3,0
EQ-03735,7.9,59.0,55.8,0.39,3.21,95,1,29.4,0
EQ-03736,2.46,83.8,26.1,1.14,1.28,30,2,18.1,0
EQ-03737,7.74,67.1,73.9,1.51,3.87,390,0,25.8,0
EQ-03738,4.38,60.4,46.7,1.3,2.16,524,1,31.1,1
EQ-03739,5.57,67.6,71.6,1.29,4.02,307,0,23.1,0
EQ-03740,5.77,92.6,32.6,0.5,5.93,273,3,20.9,0
EQ-03741,2.17,67.6,99.7,0.25,3.62,87,0,23.7,0
EQ-03742,7.52,58.0,78.2,0.72,1.28,210,0,31.3,1
EQ-03743,5.12,35.8,91.2,4.73,3.86,136,1,18.6,1
EQ-03744,7.73,66.4,41.6,3.0,2.81,409,0,23.7,0
EQ-03745,1.62,35.5,86.9,2.16,2.26,441,1,27.0,0
EQ-03746,2.34,84.0,68.0,0.41,2.39,166,0,14.6,0
EQ-03747,4.73,61.1,73.0,0.19,2.05,202,0,20.9,0
EQ-03748,6.27,67.0,42.6,0.35,3.13,494,1,27.6,0
EQ-03749,5.08,80.3,44.4,1.06,3.8,302,1,24.5,0
EQ-03750,1.86,70.2,83.4,0.69,1.91,212,2,33.2,0
EQ-03751,1.4,62.3,85.1,1.17,1.8,270,1,27.8,0
EQ-03752,5.06,64.1,46.9,0.33,2.03,283,2,12.0,0
EQ-03753,2.69,57.2,80.3,1.56,4.5,379,0,23.0,0
EQ-03754,1.33,51.4,36.0,0.25,2.96,144,1,22.9,0
EQ-03755,5.03,91.7,38.4,2.41,4.45,47,0,27.5,1
EQ-03756,1.8,69.6,55.2,0.44,1.56,135,0,29.1,0
EQ-03757,2.98,69.9,90.9,1.86,2.67,43,0,21.2,0
EQ-03758,3.55,70.3,55.6,1.18,2.73,394,1,23.7,0
EQ-03759,2.67,59.6,94.8,2.98,4.04,290,0,16.1,0
EQ-03760,4.98,61.4,60.2,0.11,2.28,490,1,36.6,0
EQ-03761,2.09,62.2,58.6,0.99,2.21,405,3,17.8,0
EQ-03762,2.26,77.1,39.1,2.02,5.82,485,0,8.0,0
EQ-03763,3.83,69.4,85.2,4.42,3.62,505,0,22.4,0
EQ-03764,2.2,70.3,74.1,2.77,2.37,196,0,33.6,0
EQ-03765,3.86,65.5,57.5,1.06,9.39,431,0,18.3,0
EQ-03766,1.13,50.7,97.0,0.64,3.51,376,1,21.6,0
EQ-03767,2.09,72.4,38.6,1.51,1.9,354,0,36.6,0
EQ-03768,1.32,52.7,44.2,0.66,6.2,88,1,19.5,0
EQ-03769,0.21,76.6,91.1,1.34,1.64,173,0,21.1,0
EQ-03770,0.8,53.8,60.3,0.83,2.36,534,0,19.7,0
EQ-03771,1.39,61.0,36.6,2.22,3.24,147,0,21.7,0
EQ-03772,1.51,69.9,39.2,2.62,6.58,418,2,27.6,0
EQ-03773,2.08,66.8,60.3,0.87,4.55,464,0,25.4,0
EQ-03774,2.59,62.1,85.0,2.08,4.42,422,1,13.0,0
EQ-03775,2.35,53.2,62.7,1.09,7.29,255,1,29.1,0
EQ-03776,0.74,55.5,80.8,1.85,2.69,408,0,19.7,0
EQ-03777,1.95,71.6,43.6,0.58,4.8,199,0,21.6,0
EQ-03778,2.48,66.7,86.4,1.25,3.14,138,0,30.7,0
EQ-03779,2.94,58.3,52.9,1.15,2.72,64,2,30.6,0
EQ-03780,5.35,54.7,32.9,2.27,4.08,125,1,34.2,1
EQ-03781,3.92,63.1,87.0,0.19,4.79,92,0,9.5,1
EQ-03782,3.61,74.6,31.9,0.3,8.5,382,1,26.1,1
EQ-03783,3.46,55.0,28.7,2.52,6.22,190,1,17.5,0
EQ-03784,5.0,72.7,89.3,0.43,4.55,442,0,17.9,0
EQ-03785,2.28,82.2,46.8,2.08,1.91,179,1,20.1,0
EQ-03786,2.43,45.7,58.5,0.56,1.74,260,2,29.5,0
EQ-03787,1.9,70.9,67.6,1.72,1.34,216,0,22.9,0
EQ-03788,4.78,74.1,35.7,2.23,2.51,27,0,16.0,0
EQ-03789,10.11,60.1,95.8,1.16,2.01,38,0,26.6,0
EQ-03790,2.88,69.7,41.9,1.04,2.74,251,0,28.8,0
EQ-03791,1.15,66.2,86.6,0.36,4.75,478,1,18.7,0
EQ-03792,1.09,55.1,45.4,0.79,1.76,428,0,26.9,0
EQ-03793,3.22,85.6,61.9,0.39,3.12,211,1,34.9,0
EQ-03794,0.37,76.9,42.7,0.67,2.2,86,1,27.8,0
EQ-03795,0.59,81.2,95.3,3.64,4.22,93,0,22.6,0
EQ-03796,0.55,56.7,44.2,1.76,3.32,37,2,18.1,0
EQ-03797,4.9,85.4,79.1,1.87,4.08,256,1,25.1,1
EQ-03798,2.7,70.7,53.4,1.21,2.58,239,1,32.7,0
EQ-03799,2.41,50.0,22.6,3.12,3.63,310,1,12.8,0
EQ-03800,1.02,70.7,83.3,1.74,2.45,3,0,18.1,0
EQ-03801,2.71,56.4,68.6,0.41,3.49,334,1,25.0,0
EQ-03802,2.02,71.8,29.1,0.35,1.91,327,0,30.2,0
EQ-03803,3.56,89.8,35.0,0.52,2.88,434,0,26.0,1
EQ-03804,2.82,66.8,33.4,0.76,2.18,261,0,21.4,0
EQ-03805,2.02,71.7,59.3,0.91,2.22,160,0,24.3,0
EQ-03806,1.23,53.7,49.5,1.42,2.19,358,0,25.3,0
EQ-03807,0.98,61.6,81.2,2.64,2.69,178,0,27.6,0
EQ-03808,2.48,65.0,74.2,0.12,4.02,434,0,21.5,0
EQ-03809,1.63,72.4,62.8,1.26,1.24,135,0,25.0,0
EQ-03810,5.1,70.4,95.4,1.27,2.73,475,0,21.8,0
EQ-03811,2.35,74.3,52.8,1.9,7.21,174,0,17.6,0
EQ-03812,3.36,75.6,33.8,0.65,3.55,363,1,22.0,0
EQ-03813,3.01,58.5,86.9,1.85,3.64,73,0,32.4,0
EQ-03814,1.87,58.5,22.7,1.7,1.53,438,1,24.1,0
EQ-03815,3.33,61.4,36.3,0.51,3.87,479,0,18.0,0
EQ-03816,0.55,70.3,71.7,2.25,1.06,470,0,19.1,0
EQ-03817,4.2,45.3,48.0,0.31,2.09,170,0,27.1,0
EQ-03818,4.51,50.5,64.0,2.1,2.1,105,1,30.8,0
EQ-03819,3.77,77.7,85.5,0.36,3.89,515,0,23.4,0
EQ-03820,2.76,75.9,32.0,1.67,1.13,141,1,22.4,0
EQ-03821,2.81,53.0,57.6,2.96,3.29,214,0,24.0,0
EQ-03822,1.9,65.2,86.1,1.81,2.61,280,0,21.9,0
EQ-03823,2.31,63.7,46.0,0.25,3.09,247,0,17.6,0
EQ-03824,1.04,75.4,45.4,0.41,2.44,506,0,21.0,0
EQ-03825,4.46,59.1,91.2,0.57,2.11,247,2,12.8,0
EQ-03826,1.93,60.6,53.5,1.52,4.71,424,1,19.9,0
EQ-03827,1.95,42.7,93.1,1.54,2.7,396,0,26.0,0
EQ-03828,3.85,73.2,31.4,1.76,3.32,501,1,16.9,0
EQ-03829,1.04,62.0,78.3,1.27,1.57,257,0,22.8,0
EQ-03830,2.75,66.6,93.6,0.85,4.39,147,1,26.2,0
EQ-03831,2.89,75.0,23.0,1.45,8.22,324,1,18.3,0
EQ-03832,3.74,72.1,35.4,0.11,1.18,211,0,32.0,0
EQ-03833,8.38,66.9,44.1,2.05,2.16,316,2,30.6,0
EQ-03834,2.92,63.3,93.9,3.68,4.57,19,0,21.5,0
EQ-03835,1.55,62.3,35.3,1.24,5.33,208,1,25.6,0
EQ-03836,3.66,65.2,81.5,0.58,2.63,89,0,26.0,0
EQ-03837,4.52,72.6,91.7,0.29,1.36,140,1,23.1,0
EQ-03838,0.44,60.0,55.4,2.22,6.64,56,0,28.4,0
EQ-03839,1.19,75.1,62.5,0.76,2.75,181,1,24.7,0
EQ-03840,4.16,72.6,53.1,0.29,7.2,327,3,26.3,0
EQ-03841,4.81,56.6,72.3,1.61,5.02,416,2,31.8,0
EQ-03842,3.38,55.1,57.5,0.45,3.74,479,1,38.5,0
EQ-03843,2.47,60.9,46.8,0.41,2.15,56,0,23.9,0
EQ-03844,2.45,77.9,74.9,0.65,3.47,116,2,25.1,0
EQ-03845,0.64,68.4,35.3,0.68,2.56,496,0,24.3,0
EQ-03846,1.36,52.1,36.3,2.22,4.1,122,1,26.8,0
EQ-03847,3.09,55.2,40.8,0.97,2.04,152,2,22.6,1
EQ-03848,1.22,58.1,48.8,0.34,4.77,354,1,29.5,0
EQ-03849,3.83,84.3,95.1,2.54,3.64,180,1,26.1,0
EQ-03850,6.7,60.8,24.5,2.49,2.6,390,2,16.9,0
EQ-03851,4.43,72.3,98.4,0.43,2.72,73,0,31.5,0
EQ-03852,1.22,65.0,41.7,0.74,3.49,147,0,21.0,0
EQ-03853,3.07,58.4,97.0,1.01,3.68,2,0,23.0,0
EQ-03854,5.52,80.3,53.8,1.72,2.27,302,2,34.0,1
EQ-03855,0.75,63.2,91.7,1.22,2.3,455,2,29.9,0
EQ-03856,2.2,53.0,74.3,2.3,2.06,191,0,15.9,0
EQ-03857,2.35,57.9,76.3,1.11,5.4,232,0,20.7,0
EQ-03858,3.01,62.2,82.3,1.14,1.05,29,1,18.9,0
EQ-03859,1.7,66.1,51.6,0.53,2.19,258,0,22.1,0
EQ-03860,0.27,65.9,50.9,0.22,4.93,515,0,24.1,1
EQ-03861,3.4,85.8,96.9,1.08,5.55,301,2,12.9,1
EQ-03862,5.63,62.4,59.6,0.66,2.6,210,0,19.8,0
EQ-03863,2.84,75.3,87.5,0.28,2.86,289,0,25.9,0
EQ-03864,2.64,70.8,59.8,0.29,4.63,233,0,19.8,0
EQ-03865,4.8,62.2,59.0,2.03,3.59,477,2,26.3,0
EQ-03866,3.57,61.3,48.0,2.08,5.07,47,0,22.3,0
EQ-03867,0.82,77.4,80.4,1.02,3.06,75,1,20.9,0
EQ-03868,2.93,61.8,94.2,1.55,1.83,332,0,18.7,0
EQ-03869,3.87,71.5,37.3,1.75,4.71,229,2,24.2,0
EQ-03870,2.85,81.2,46.6,1.11,1.88,451,1,37.8,0
EQ-03871,2.38,61.8,78.7,0.99,3.19,199,0,17.7,0
EQ-03872,3.56,73.6,44.6,1.23,2.49,437,3,31.1,0
EQ-03873,3.25,53.5,49.7,2.43,1.05,78,3,24.1,0
EQ-03874,2.58,76.7,96.5,5.7,4.51,430,0,23.6,0
EQ-03875,6.18,76.7,62.6,0.64,2.58,512,1,20.1,0
EQ-03876,2.53,70.1,50.1,0.66,1.82,397,0,22.9,0
EQ-03877,1.94,75.9,31.1,1.17,2.03,97,1,15.5,0
EQ-03878,0.67,69.1,30.7,4.3,3.61,419,0,25.8,0
EQ-03879,3.05,70.1,51.5,2.27,2.17,88,0,19.0,0
EQ-03880,2.07,59.4,70.5,1.08,3.51,539,2,31.5,0
EQ-03881,3.58,50.1,86.4,0.13,3.62,203,0,21.5,0
EQ-03882,2.21,90.5,35.1,1.48,3.12,50,0,20.3,0
EQ-03883,2.18,68.4,52.7,1.35,2.53,60,2,14.7,0
EQ-03884,2.89,75.3,43.5,1.92,3.67,346,1,31.6,0
EQ-03885,1.3,81.8,22.5,0.71,1.95,321,0,16.1,0
EQ-03886,3.55,61.3,76.9,2.9,2.01,400,0,19.3,0
EQ-03887,2.36,70.1,91.9,0.75,4.0,190,0,24.5,0
EQ-03888,3.36,61.1,33.4,0.79,3.62,279,0,26.9,0
EQ-03889,3.65,59.2,86.9,1.14,1.9,352,1,18.8,0
EQ-03890,4.78,60.2,24.4,3.56,6.16,360,1,12.9,0
EQ-03891,3.32,50.4,72.9,2.55,2.32,399,1,29.1,0
EQ-03892,3.5,85.1,95.3,0.28,3.25,197,0,14.5,0
EQ-03893,4.02,53.3,67.3,1.65,1.68,215,0,19.6,0
EQ-03894,4.32,62.1,52.0,1.37,5.31,486,0,29.7,0
EQ-03895,3.59,74.3,83.7,1.41,1.87,408,2,24.0,1
EQ-03896,3.46,65.0,49.9,3.93,2.09,132,1,28.9,0
EQ-03897,3.09,55.8,90.9,1.37,1.55,329,0,28.8,0
EQ-03898,1.99,59.7,98.8,3.58,1.64,86,0,26.3,0
EQ-03899,9.81,75.4,72.6,1.43,1.42,442,1,19.9,0
EQ-03900,2.88,75.8,50.7,0.86,2.89,101,0,18.5,0
EQ-03901,4.75,47.4,79.2,0.19,1.63,441,0,28.5,0
EQ-03902,2.45,56.4,90.5,1.19,4.16,185,0,19.9,0
EQ-03903,3.84,71.7,64.2,0.34,2.3,417,1,33.9,0
EQ-03904,5.41,66.1,76.4,0.83,4.95,239,0,20.7,0
EQ-03905,2.44,54.9,97.6,1.5,3.15,516,0,23.9,0
EQ-03906,1.61,72.3,53.1,1.45,3.37,358,1,23.4,0
EQ-03907,1.92,55.6,96.8,1.79,6.45,16,2,23.5,0
EQ-03908,4.38,64.7,31.7,0.58,5.95,486,1,27.5,0
EQ-03909,3.98,77.8,97.7,3.29,4.29,259,0,34.2,1
EQ-03910,4.94,49.6,50.7,0.62,1.7,457,0,28.4,0
EQ-03911,0.67,73.7,28.7,0.39,4.17,379,0,19.8,0
EQ-03912,0.23,59.4,68.6,1.0,2.31,452,1,31.8,0
EQ-03913,5.08,56.4,83.8,0.24,2.39,210,0,29.3,1
EQ-03914,1.33,78.8,89.5,0.46,10.64,182,0,28.9,0
EQ-03915,0.78,74.3,33.4,1.22,2.87,4,2,18.6,1
EQ-03916,1.48,60.5,27.6,0.74,1.75,163,1,20.1,0
EQ-03917,0.61,55.4,57.3,1.52,4.28,406,0,18.4,0
EQ-03918,4.23,61.9,84.7,4.86,2.05,59,0,8.0,0
EQ-03919,2.19,56.0,42.5,0.69,1.16,191,0,24.8,0
EQ-03920,3.49,68.9,37.6,1.08,3.9,199,0,14.5,0
EQ-03921,3.56,62.3,85.2,2.18,1.05,458,1,26.5,0
EQ-03922,10.5,76.3,44.2,1.19,1.87,159,0,21.7,0
EQ-03923,1.37,68.5,76.2,1.25,2.71,26,1,23.8,0
EQ-03924,0.47,81.4,69.9,0.25,2.03,72,0,28.0,0
EQ-03925,2.73,70.0,94.7,2.75,5.8,160,1,25.9,0
EQ-03926,2.29,78.5,59.9,0.78,2.4,298,0,23.9,0
EQ-03927,0.66,83.1,65.4,0.68,2.94,254,0,36.7,0
EQ-03928,1.69,84.2,89.6,0.64,1.17,402,1,28.8,0
EQ-03929,3.99,75.2,65.8,0.25,1.96,80,0,26.8,0
EQ-03930,1.63,66.1,93.4,2.61,3.49,334,1,27.3,0
EQ-03931,8.83,69.1,75.5,0.58,3.39,23,0,23.6,0
EQ-03932,1.8,74.4,98.9,0.12,1.93,429,0,12.1,0
EQ-03933,2.45,71.9,95.6,1.3,1.75,233,1,22.2,0
EQ-03934,7.05,49.9,45.8,2.96,4.85,122,0,26.0,0
EQ-03935,3.47,65.1,39.3,1.34,3.65,318,2,13.5,0
EQ-03936,8.22,72.0,61.4,0.05,3.67,480,1,31.6,1
EQ-03937,5.24,69.9,78.0,0.4,5.67,215,0,32.7,0
EQ-03938,5.37,50.8,66.1,2.32,4.94,532,0,24.1,0
EQ-03939,4.23,87.6,61.3,2.58,1.99,507,1,22.4,1
EQ-03940,0.82,78.4,47.1,1.27,2.37,338,0,27.8,0
EQ-03941,3.87,74.3,45.3,0.65,3.6,267,1,23.7,0
EQ-03942,0.89,65.4,63.5,0.46,3.34,60,1,18.6,0
EQ-03943,4.49,69.9,28.6,1.32,3.88,377,0,27.1,0
EQ-03944,3.74,76.5,53.2,1.05,2.71,232,0,31.5,0
EQ-03945,3.91,61.0,95.8,1.24,2.57,394,1,24.9,0
EQ-03946,0.92,75.0,71.7,1.18,2.36,464,1,20.5,0
EQ-03947,1.24,55.4,88.2,0.77,1.2,492,1,16.9,0
EQ-03948,3.94,73.0,95.3,1.6,3.11,42,1,16.6,1
EQ-03949,4.93,56.6,94.0,2.07,2.05,229,0,12.8,0
EQ-03950,6.0,61.8,83.7,2.09,1.97,35,1,19.7,0
EQ-03951,3.54,64.0,40.7,1.85,3.92,378,0,22.0,0
EQ-03952,2.59,86.7,41.0,0.65,3.65,497,0,27.4,0
EQ-03953,1.41,73.6,92.4,0.37,1.65,51,0,19.0,0
EQ-03954,1.51,64.9,65.0,2.48,2.33,130,1,34.0,0
EQ-03955,4.18,61.3,86.4,1.43,1.26,425,1,24.5,0
EQ-03956,1.9,75.0,58.6,0.32,3.63,129,0,21.0,0
EQ-03957,3.07,76.2,35.4,0.33,2.98,415,0,20.5,0
EQ-03958,5.32,83.5,58.1,2.28,1.83,270,1,28.5,1
EQ-03959,5.64,65.5,46.4,0.99,1.68,523,0,27.7,1
EQ-03960,1.75,70.4,33.9,0.45,2.46,217,1,25.3,0
EQ-03961,2.39,56.5,64.9,0.79,2.26,195,0,18.5,0
EQ-03962,3.01,68.6,91.4,0.83,3.71,529,1,20.8,0
EQ-03963,0.57,65.0,66.1,0.48,1.57,361,0,25.7,0
EQ-03964,2.2,59.2,93.3,0.76,2.01,7,0,23.6,0
EQ-03965,3.07,75.4,22.7,1.84,3.77,386,2,13.1,0
EQ-03966,6.36,54.1,66.4,0.37,1.93,500,0,24.7,0
EQ-03967,2.76,63.1,30.0,0.53,2.09,19,0,23.0,0
EQ-03968,0.93,74.2,82.1,0.82,3.56,69,2,40.1,0
EQ-03969,3.59,70.7,87.9,1.05,3.34,351,0,19.4,0
EQ-03970,5.52,68.7,39.7,0.3,3.86,302,0,15.4,0
EQ-03971,2.34,84.2,61.7,1.34,4.08,529,0,8.0,0
EQ-03972,6.17,62.4,47.6,0.47,1.28,96,0,26.2,0
EQ-03973,6.54,66.0,34.9,3.61,1.77,343,0,20.4,1
EQ-03974,3.04,66.1,37.4,0.08,1.31,154,0,24.1,0
EQ-03975,2.84,58.8,92.4,0.99,3.15,153,2,20.8,0
EQ-03976,5.65,67.7,79.7,0.6,2.87,515,0,20.8,0
EQ-03977,2.61,63.0,91.3,1.15,3.92,157,1,25.6,0
EQ-03978,2.45,73.3,87.2,0.55,2.61,23,1,21.9,0
EQ-03979,1.46,60.7,63.3,1.57,4.52,38,0,28.8,0
EQ-03980,3.57,57.2,86.3,0.68,2.47,200,1,16.6,0
EQ-03981,5.44,76.5,77.4,0.65,2.16,290,0,21.0,0
EQ-03982,3.72,66.6,94.0,0.52,1.71,304,1,33.7,0
EQ-03983,5.28,61.2,47.1,3.45,10.01,193,0,26.8,0
EQ-03984,1.67,55.4,34.5,2.38,1.06,520,0,26.5,0
EQ-03985,1.5,69.9,91.1,0.14,3.79,307,1,18.9,0
EQ-03986,3.89,69.1,35.1,0.72,5.82,320,0,23.9,0
EQ-03987,1.8,74.1,24.1,1.82,4.12,166,1,25.3,0
EQ-03988,5.84,66.0,94.4,3.21,3.57,118,1,20.9,0
EQ-03989,0.85,87.2,49.9,1.06,3.62,22,2,25.5,1
EQ-03990,2.77,70.7,97.2,1.57,7.56,271,1,25.8,0
EQ-03991,0.98,72.0,92.7,1.07,1.73,249,0,31.1,0
EQ-03992,1.06,72.3,83.9,0.33,3.49,325,0,27.2,0
EQ-03993,5.73,55.2,30.6,0.63,6.69,76,1,17.5,0
EQ-03994,3.43,61.8,78.9,2.43,3.05,217,1,24.9,0
EQ-03995,2.65,43.9,65.0,0.63,1.2,451,1,27.6,0
EQ-03996,2.39,66.3,94.1,3.53,2.77,170,1,20.4,0
EQ-03997,0.53,59.8,30.0,0.62,2.24,409,0,23.4,0
EQ-03998,1.77,51.0,71.8,1.68,2.09,253,1,23.3,0
EQ-03999,5.83,91.4,27.6,0.39,3.22,225,0,34.9,0
EQ-04000,4.07,76.7,95.9,2.78,1.08,338,1,20.5,0
EQ-04001,3.06,72.6,62.9,1.03,1.82,342,0,35.0,0
EQ-04002,2.15,65.5,39.2,3.09,3.78,236,0,16.4,0
EQ-04003,1.01,74.4,38.0,0.78,1.68,329,0,11.2,0
EQ-04004,3.03,71.5,23.7,2.49,4.3,7,0,31.8,0
EQ-04005,1.79,71.5,99.1,1.67,2.96,479,0,29.2,0
EQ-04006,4.0,65.6,51.5,3.16,2.31,317,1,17.9,0
EQ-04007,1.99,77.2,47.3,0.86,3.8,460,0,34.9,0
EQ-04008,1.04,78.4,85.8,3.45,2.1,174,1,26.9,1
EQ-04009,2.27,74.2,24.9,3.12,2.25,53,1,21.3,0
EQ-04010,2.87,68.0,84.9,0.4,3.08,348,0,27.6,0
EQ-04011,9.28,54.0,56.1,1.4,3.28,156,0,23.9,1
EQ-04012,2.47,64.8,28.7,0.27,6.1,283,0,24.2,0
EQ-04013,4.6,61.3,56.0,0.54,2.36,54,1,23.8,0
EQ-04014,6.35,68.8,78.5,0.28,2.6,133,1,26.4,1
EQ-04015,3.85,62.7,67.3,2.59,3.2,389,0,15.0,0
EQ-04016,0.76,74.5,62.7,5.58,1.74,47,1,23.2,0
EQ-04017,2.71,70.2,78.4,1.33,1.44,488,1,17.0,0
EQ-04018,0.64,59.9,72.4,0.7,4.19,314,0,27.1,0
EQ-04019,0.63,59.8,43.3,2.0,3.48,386,0,31.6,0
EQ-04020,1.47,84.7,24.9,1.25,1.59,394,2,15.5,0
EQ-04021,1.25,62.9,78.8,1.34,2.67,533,0,17.8,0
EQ-04022,1.57,86.5,90.5,4.1,1.59,105,0,23.7,1
EQ-04023,3.06,58.5,85.6,1.31,6.92,527,1,24.8,0
EQ-04024,8.95,81.8,70.6,0.51,2.13,483,1,16.5,1
EQ-04025,3.63,80.7,31.7,1.89,2.19,79,1,21.0,0
EQ-04026,2.21,80.8,61.1,0.36,4.49,451,0,28.1,0
EQ-04027,1.29,60.6,71.1,1.07,5.72,369,0,20.1,0
EQ-04028,6.69,79.3,80.1,0.86,3.3,4,0,19.3,0
EQ-04029,1.23,71.0,45.2,0.96,1.53,157,0,25.0,0
EQ-04030,2.35,88.4,84.7,1.05,2.53,179,1,24.9,0
EQ-04031,4.39,73.1,74.6,3.64,2.31,230,0,27.6,1
EQ-04032,2.35,58.5,60.7,1.59,3.13,166,0,32.6,0
EQ-04033,3.18,76.1,73.9,0.97,2.28,364,0,14.6,0
EQ-04034,1.11,80.1,65.0,0.55,2.37,292,0,22.8,0
EQ-04035,10.5,67.5,33.0,0.91,1.66,162,0,17.0,0
EQ-04036,2.27,76.4,86.6,1.69,1.26,264,0,14.9,0
EQ-04037,1.26,49.5,80.4,2.46,3.47,342,0,25.9,0
EQ-04038,3.13,50.3,23.9,3.22,6.96,143,0,30.3,0
EQ-04039,1.76,46.7,79.0,1.23,4.94,367,1,28.6,0
EQ-04040,1.68,69.6,31.5,1.21,4.6,173,0,22.0,0
EQ-04041,2.14,63.8,90.3,2.34,2.76,73,1,16.9,0
EQ-04042,2.95,73.3,43.1,0.52,3.83,182,2,15.2,0
EQ-04043,0.81,80.7,34.8,1.19,1.74,159,0,29.4,0
EQ-04044,5.3,54.5,88.4,1.25,3.59,477,0,27.1,0
EQ-04045,0.32,58.1,28.7,0.46,4.2,324,0,28.7,0
EQ-04046,2.51,73.2,41.0,1.48,2.65,460,1,18.7,1
EQ-04047,8.45,69.0,64.7,1.53,1.08,309,0,29.3,0
EQ-04048,4.41,66.1,30.7,0.75,1.39,420,2,24.4,0
EQ-04049,3.68,56.2,44.0,0.98,1.95,245,0,29.0,0
EQ-04050,1.5,63.3,39.1,0.94,2.56,343,0,31.2,0
EQ-04051,4.63,59.8,76.4,0.44,2.57,383,0,30.8,0
EQ-04052,3.57,62.1,80.4,1.75,4.38,350,1,22.6,0
EQ-04053,1.35,64.9,59.5,1.03,5.98,213,1,19.2,0
EQ-04054,4.65,64.8,33.5,1.05,3.28,369,0,26.4,0
EQ-04055,2.37,78.8,65.8,0.66,3.97,167,1,23.3,0
EQ-04056,2.54,57.8,40.7,2.59,3.08,16,0,32.2,0
EQ-04057,0.95,46.5,46.3,0.48,1.3,520,0,31.0,0
EQ-04058,3.85,66.3,28.9,1.32,2.09,363,1,20.2,0
EQ-04059,3.13,79.0,63.3,0.4,7.2,206,1,27.7,0
EQ-04060,0.36,63.2,89.1,0.57,1.05,125,2,22.0,0
EQ-04061,3.93,53.0,36.7,1.64,3.68,16,1,22.3,0
EQ-04062,3.62,73.2,30.2,0.72,2.87,494,1,25.8,0
EQ-04063,3.07,70.4,35.2,0.7,1.74,85,1,12.7,0
EQ-04064,3.96,73.8,42.1,1.55,3.08,264,0,13.2,0
EQ-04065,6.25,60.4,55.5,0.58,5.8,14,0,29.1,0
EQ-04066,2.56,59.6,50.8,3.02,4.04,109,1,21.4,0
EQ-04067,4.23,51.4,51.5,2.03,2.83,238,1,22.4,0
EQ-04068,3.04,66.9,26.3,1.32,6.46,303,1,27.1,0
EQ-04069,1.14,72.1,30.1,1.07,3.53,516,0,20.7,0
EQ-04070,1.55,80.2,23.1,0.42,3.9,61,1,24.7,0
EQ-04071,0.89,57.7,31.2,1.84,1.62,393,1,22.6,0
EQ-04072,3.69,61.0,40.3,1.63,1.89,395,2,19.6,0
EQ-04073,5.46,58.9,34.6,0.53,3.1,40,1,31.0,0
EQ-04074,0.37,69.3,32.2,0.1,5.55,128,0,29.5,0
EQ-04075,2.13,43.7,98.2,1.23,3.6,81,2,21.7,0
EQ-04076,0.43,53.8,83.5,1.55,3.01,368,1,18.5,0
EQ-04077,5.3,35.0,98.7,0.83,3.93,227,0,24.2,0
EQ-04078,3.79,79.0,39.9,2.65,4.14,445,2,42.0,0
EQ-04079,0.87,79.4,67.2,0.64,5.71,419,1,23.5,0
EQ-04080,0.88,71.1,55.6,0.62,4.74,472,0,21.8,0
EQ-04081,2.47,71.0,84.2,1.61,5.67,129,2,21.2,1
EQ-04082,3.41,63.8,42.0,0.92,3.83,48,1,23.4,0
EQ-04083,1.87,62.0,39.5,1.08,1.39,114,0,33.7,0
EQ-04084,0.16,45.4,57.3,1.25,3.81,95,0,24.0,0
EQ-04085,3.35,75.8,41.5,1.04,3.84,150,1,17.7,0
EQ-04086,0.36,66.5,90.5,0.21,2.11,512,0,11.9,0
EQ-04087,6.52,60.6,81.2,1.43,1.92,333,2,16.9,1
EQ-04088,2.85,65.5,61.7,0.21,1.93,176,0,17.5,0
EQ-04089,3.7,80.0,90.8,1.46,3.41,223,1,13.8,0
EQ-04090,0.4,71.9,79.3,1.61,2.05,265,1,26.2,0
EQ-04091,1.82,63.8,50.7,0.77,1.42,300,1,33.3,0
EQ-04092,1.39,70.8,43.4,0.38,4.64,106,0,20.3,0
EQ-04093,4.11,63.0,30.0,1.05,1.99,305,1,21.1,0
EQ-04094,1.74,58.7,32.4,0.76,1.37,362,0,28.3,0
EQ-04095,1.33,63.4,74.1,1.41,2.19,39,1,24.6,0
EQ-04096,3.69,60.3,37.1,0.39,1.9,193,1,24.9,0
EQ-04097,2.31,57.4,34.8,0.14,2.73,119,2,20.5,0
EQ-04098,3.55,65.6,53.0,2.5,5.43,66,0,20.3,0
EQ-04099,1.62,61.7,35.6,0.16,5.37,467,0,10.2,0
EQ-04100,4.33,65.5,97.8,0.39,4.06,155,1,32.0,0
EQ-04101,3.26,66.0,48.5,1.99,3.3,89,0,35.2,0
EQ-04102,1.08,56.5,74.0,1.11,5.16,455,1,22.3,0
EQ-04103,2.41,66.4,81.9,0.42,3.19,243,1,30.9,0
EQ-04104,2.86,57.2,41.1,0.29,2.0,151,1,20.5,0
EQ-04105,5.7,73.4,44.2,2.31,2.42,45,1,26.5,1
EQ-04106,1.17,75.3,97.2,2.09,3.2,236,0,35.5,0
EQ-04107,1.01,55.3,87.8,0.37,2.19,20,0,20.2,0
EQ-04108,4.05,59.3,49.2,0.39,2.94,133,0,24.9,0
EQ-04109,1.43,78.5,30.4,1.77,1.11,7,0,17.2,0
EQ-04110,0.78,57.3,67.5,0.51,2.51,199,1,25.8,0
EQ-04111,1.64,66.3,66.9,1.63,7.34,451,0,17.8,0
EQ-04112,3.37,70.6,36.7,2.64,4.21,184,0,26.5,0
EQ-04113,1.53,48.6,62.8,0.85,2.19,213,2,24.7,0
EQ-04114,1.56,63.8,29.8,1.72,1.92,6,0,20.5,0
EQ-04115,1.64,75.5,68.6,4.28,2.44,361,0,28.1,1
EQ-04116,4.0,78.1,31.8,0.39,1.28,174,0,28.8,0
EQ-04117,7.02,68.7,68.7,0.36,1.05,438,1,21.8,0
EQ-04118,0.98,73.0,88.4,0.72,2.64,184,0,24.7,0
EQ-04119,2.86,72.1,98.2,2.06,2.71,277,1,23.8,0
EQ-04120,0.52,73.1,88.0,1.34,1.05,310,1,24.8,0
EQ-04121,2.0,75.2,88.6,0.1,2.48,113,2,22.6,0
EQ-04122,5.91,71.3,77.2,2.6,5.85,408,1,21.7,1
EQ-04123,0.87,44.3,67.0,0.38,1.38,318,1,27.0,0
EQ-04124,0.72,49.7,78.1,0.34,2.66,111,1,19.0,0
EQ-04125,4.96,68.9,77.7,3.62,4.38,322,0,27.8,1
EQ-04126,0.94,57.5,52.7,0.82,3.66,225,1,22.2,0
EQ-04127,3.63,75.0,92.6,1.3,4.07,128,0,30.3,0
EQ-04128,4.7,70.0,71.9,1.58,5.22,295,0,37.7,0
EQ-04129,8.76,58.2,91.6,1.74,2.41,401,2,25.0,1
EQ-04130,4.43,68.4,92.5,1.13,1.71,33,1,20.2,0
EQ-04131,1.39,71.6,42.1,1.65,7.2,202,1,18.4,0
EQ-04132,0.51,71.3,55.3,2.92,3.97,431,0,26.5,0
EQ-04133,0.19,56.1,61.3,2.54,3.34,229,1,24.8,0
EQ-04134,6.45,62.7,70.0,1.6,3.92,179,2,23.9,0
EQ-04135,3.56,68.4,36.5,3.27,1.29,9,3,30.9,0
EQ-04136,6.02,68.6,87.7,0.94,1.52,459,1,27.1,1
EQ-04137,3.61,75.7,29.1,0.37,2.43,394,2,23.4,0
EQ-04138,2.89,68.1,88.9,0.31,2.86,408,1,18.7,0
EQ-04139,1.95,82.7,89.3,1.66,2.92,5,0,19.1,0
EQ-04140,1.51,65.6,54.5,1.83,2.12,225,1,32.0,0
EQ-04141,6.21,56.0,87.1,2.68,2.02,10,0,27.7,0
EQ-04142,2.15,68.1,48.1,1.03,1.26,53,0,35.3,0
EQ-04143,3.83,62.9,43.1,4.18,3.67,198,0,18.7,1
EQ-04144,5.52,58.8,55.9,0.85,1.2,52,0,21.9,0
EQ-04145,0.95,64.9,81.0,0.66,3.72,252,2,27.3,0
EQ-04146,1.32,69.3,66.9,0.97,2.12,287,1,28.9,0
EQ-04147,0.29,62.6,67.3,1.41,3.33,180,1,23.6,0
EQ-04148,3.71,63.1,25.9,0.64,1.24,447,0,18.1,0
EQ-04149,2.45,70.6,56.0,0.97,1.98,143,0,21.0,0
EQ-04150,5.58,58.9,64.5,0.11,2.89,12,0,16.6,0
EQ-04151,1.21,55.0,65.6,2.54,4.44,242,0,26.1,0
EQ-04152,2.16,66.0,64.5,0.71,3.99,235,0,22.1,0
EQ-04153,2.18,67.6,62.2,0.89,2.61,64,2,27.3,0
EQ-04154,2.64,70.9,41.3,1.9,1.23,476,0,30.6,0
EQ-04155,1.74,56.5,73.0,0.99,1.05,327,0,19.8,0
EQ-04156,3.63,56.6,39.9,1.37,5.46,20,1,23.2,0
EQ-04157,2.82,53.8,52.9,1.02,2.7,269,0,22.9,0
EQ-04158,3.66,76.1,74.7,1.09,1.88,314,0,17.6,0
EQ-04159,0.23,55.4,85.7,0.8,1.35,279,0,26.7,0
EQ-04160,0.61,77.5,25.9,2.36,1.87,187,0,30.8,0
EQ-04161,1.09,83.9,90.5,0.85,3.35,102,2,21.0,0
EQ-04162,1.31,74.0,87.9,2.23,2.33,319,0,32.7,0
EQ-04163,0.45,75.4,78.8,1.25,3.9,402,1,15.1,0
EQ-04164,2.59,64.9,60.4,0.4,1.62,256,2,17.0,0
EQ-04165,4.06,65.5,34.6,2.23,2.9,78,0,27.3,0
EQ-04166,0.61,82.3,69.8,4.32,5.82,526,5,24.0,1
EQ-04167,4.18,61.7,92.1,0.83,1.95,291,1,33.1,0
EQ-04168,7.5,63.6,56.6,0.73,1.17,24,0,22.5,0
EQ-04169,3.37,55.1,23.3,1.44,2.67,93,1,19.0,0
EQ-04170,1.27,55.8,87.5,2.21,8.49,476,0,13.9,0
EQ-04171,0.44,61.6,38.7,2.4,4.05,307,1,26.9,0
EQ-04172,3.37,72.4,67.4,0.81,6.85,117,2,27.5,1
EQ-04173,3.21,65.7,96.9,0.74,4.64,237,0,22.7,1
EQ-04174,2.44,68.8,97.2,0.29,2.3,405,0,39.7,0
EQ-04175,1.51,63.0,27.4,2.27,3.22,262,1,20.0,0
EQ-04176,9.99,69.8,86.7,1.29,3.03,131,0,23.5,0
EQ-04177,2.86,78.5,65.5,0.85,4.0,278,2,23.0,0
EQ-04178,1.63,62.6,70.7,0.68,2.2,385,3,23.2,0
EQ-04179,1.46,68.7,96.2,1.43,8.86,387,2,24.1,0
EQ-04180,4.68,70.2,60.8,0.78,3.23,271,3,26.8,0
EQ-04181,3.5,65.5,68.2,2.48,3.05,108,0,26.5,0
EQ-04182,3.5,60.6,95.9,0.39,1.59,147,0,32.3,0
EQ-04183,9.06,67.3,76.9,2.48,2.83,481,0,31.5,1
EQ-04184,1.56,60.5,86.7,0.95,5.21,243,0,25.2,0
EQ-04185,0.27,92.8,80.8,0.78,2.01,85,0,23.5,0
EQ-04186,3.3,71.3,22.9,2.24,1.77,331,0,24.6,0
EQ-04187,4.29,58.4,65.3,1.54,1.27,455,0,22.8,0
EQ-04188,5.87,68.7,85.1,1.42,3.77,289,0,13.9,1
EQ-04189,4.07,68.2,56.7,0.84,7.14,417,2,22.4,1
EQ-04190,0.81,56.0,98.6,1.72,2.5,297,0,30.8,0
EQ-04191,1.99,61.5,93.9,1.4,2.13,184,0,25.0,0
EQ-04192,6.02,65.7,91.8,0.7,3.09,457,0,28.4,1
EQ-04193,4.08,57.8,38.1,0.36,4.39,308,0,33.3,0
EQ-04194,10.5,83.3,61.6,0.49,5.61,391,0,20.5,0
EQ-04195,0.71,62.4,28.7,0.51,7.23,123,0,27.7,0
EQ-04196,1.07,60.8,33.5,0.94,1.5,261,1,23.6,0
EQ-04197,2.96,75.1,58.0,0.73,2.16,138,0,25.0,0
EQ-04198,2.35,71.2,58.4,0.55,3.0,482,1,30.7,0
EQ-04199,2.93,71.4,44.8,1.18,1.49,491,1,25.6,0
EQ-04200,4.77,70.6,31.7,0.57,2.71,397,1,27.4,0
EQ-04201,3.04,84.1,51.2,1.75,1.05,489,2,33.0,1
EQ-04202,4.38,57.9,85.0,0.19,7.12,521,1,16.3,0
EQ-04203,8.97,62.0,82.0,0.16,2.35,36,0,27.5,1
EQ-04204,0.74,67.3,34.4,0.94,2.36,527,1,26.6,0
EQ-04205,2.18,44.5,58.9,1.5,3.93,118,1,32.4,0
EQ-04206,3.17,71.3,40.2,1.03,2.88,203,0,23.2,0
EQ-04207,1.61,56.4,27.8,1.66,1.18,346,2,28.2,0
EQ-04208,3.02,55.6,98.9,3.03,1.53,442,2,14.7,0
EQ-04209,2.08,65.4,43.5,0.48,4.36,440,0,21.3,0
EQ-04210,3.75,54.6,36.3,1.85,3.18,275,1,23.9,0
EQ-04211,1.19,65.8,76.4,2.54,3.04,170,0,25.8,0
EQ-04212,2.86,77.6,55.7,0.46,2.61,58,1,27.0,0
EQ-04213,3.14,69.6,27.1,1.81,2.94,158,0,27.8,0
EQ-04214,2.58,74.8,52.4,2.36,7.61,291,1,17.3,0
EQ-04215,2.01,66.3,33.9,0.19,1.91,528,1,17.6,0
EQ-04216,5.08,81.7,85.1,0.49,3.47,420,0,25.9,0
EQ-04217,3.03,71.0,34.9,1.15,3.32,113,0,17.0,0
EQ-04218,1.55,63.2,88.8,0.83,1.27,323,1,21.3,0
EQ-04219,2.73,65.8,33.3,1.35,5.84,474,1,29.4,0
EQ-04220,5.12,69.3,23.8,1.55,1.05,266,0,23.3,0
EQ-04221,6.23,66.5,45.8,2.08,4.93,407,1,28.9,0
EQ-04222,4.25,69.1,75.4,1.53,1.46,178,1,28.9,0
EQ-04223,4.25,81.0,43.1,2.07,4.45,516,1,23.5,1
EQ-04224,3.93,71.2,92.2,1.56,4.25,294,0,30.6,0
EQ-04225,1.74,73.2,75.3,0.21,2.36,197,0,26.9,0
EQ-04226,2.4,70.3,49.7,2.61,1.95,536,0,29.5,0
EQ-04227,3.74,51.9,90.4,0.76,1.47,296,1,17.8,0
EQ-04228,1.41,74.6,47.8,1.21,4.13,223,2,18.1,0
EQ-04229,2.35,83.4,48.4,2.99,3.69,308,0,22.0,0
EQ-04230,8.28,64.3,93.9,1.11,4.11,308,1,33.0,1
EQ-04231,0.53,78.1,32.5,0.35,2.48,495,1,27.9,0
EQ-04232,1.11,74.4,42.2,0.24,2.52,305,0,27.3,0
EQ-04233,4.66,91.5,56.6,0.23,2.75,499,3,23.7,1
EQ-04234,1.55,69.9,47.4,1.95,2.14,313,1,17.0,0
EQ-04235,3.98,65.8,81.0,0.83,7.81,322,0,28.9,0
EQ-04236,1.39,60.0,97.1,0.63,1.71,161,0,19.9,0
EQ-04237,5.17,80.5,33.5,0.26,3.71,150,0,26.4,0
EQ-04238,3.68,53.8,46.1,2.79,4.64,185,2,20.7,0
EQ-04239,4.84,67.2,67.9,0.29,1.36,48,0,20.3,0
EQ-04240,2.23,58.1,68.2,0.08,1.54,132,2,30.8,0
EQ-04241,2.43,46.2,32.0,0.49,1.05,352,0,30.6,0
EQ-04242,0.6,88.4,66.2,3.64,7.64,539,1,26.5,1
EQ-04243,10.5,62.6,62.3,0.34,1.58,324,0,20.7,0
EQ-04244,2.81,68.8,51.0,1.29,2.23,489,1,21.4,0
EQ-04245,0.63,80.1,51.8,1.38,2.57,52,0,15.6,0
EQ-04246,2.44,69.4,62.6,2.14,2.31,350,2,23.7,1
EQ-04247,10.42,65.8,27.4,1.14,13.5,342,0,21.6,1
EQ-04248,2.23,75.3,31.3,2.36,3.06,282,1,22.2,0
EQ-04249,3.28,66.7,64.0,0.38,4.13,248,0,37.6,0
EQ-04250,0.99,62.0,79.1,0.48,2.24,269,0,21.3,0
EQ-04251,0.68,85.5,93.0,0.64,5.72,290,0,24.7,0
EQ-04252,3.61,78.0,42.8,0.94,4.06,375,2,21.8,0
EQ-04253,3.94,61.4,76.5,1.53,3.0,130,0,22.4,0
EQ-04254,6.95,52.9,29.1,1.35,2.19,236,1,29.8,0
EQ-04255,1.31,60.2,89.6,0.48,2.25,108,0,17.7,0
EQ-04256,9.94,69.0,62.9,3.9,1.26,157,1,31.0,1
EQ-04257,3.21,63.5,76.6,1.51,2.93,398,0,22.7,0
EQ-04258,0.16,57.0,77.7,1.12,2.48,24,0,21.9,0
EQ-04259,3.12,53.3,77.2,2.08,3.8,206,0,20.5,0
EQ-04260,1.65,69.1,49.8,0.69,2.31,347,0,15.8,0
EQ-04261,3.07,83.7,80.8,2.99,5.43,426,0,24.5,0
EQ-04262,1.71,75.4,63.5,1.31,5.48,31,0,38.0,0
EQ-04263,2.65,66.8,31.3,0.37,2.33,276,0,35.1,0
EQ-04264,1.59,63.8,76.5,2.13,3.18,423,0,28.1,0
EQ-04265,3.8,71.6,31.7,3.76,2.69,406,1,29.0,0
EQ-04266,2.21,52.4,37.1,1.62,6.3,243,0,9.5,0
EQ-04267,4.24,56.0,51.4,0.68,3.46,503,0,20.3,0
EQ-04268,4.92,69.9,39.1,4.33,4.66,122,0,17.9,0
EQ-04269,2.53,60.5,86.0,0.57,2.26,365,0,34.8,0
EQ-04270,2.83,64.2,47.7,0.52,2.23,368,0,29.1,0
EQ-04271,1.25,64.1,83.2,1.5,3.02,464,0,30.7,0
EQ-04272,3.65,74.2,65.7,1.68,2.19,12,1,31.5,0
EQ-04273,0.74,63.6,77.8,1.16,3.41,50,0,24.1,0
EQ-04274,2.13,73.5,64.6,1.59,4.12,309,0,23.0,0
EQ-04275,4.34,58.8,48.4,0.53,2.61,434,0,22.8,0
EQ-04276,6.49,50.9,76.9,0.14,1.96,324,2,27.3,0
EQ-04277,1.28,60.4,58.9,1.76,2.23,348,0,28.4,0
EQ-04278,2.32,80.4,24.7,2.61,8.19,95,0,37.2,0
EQ-04279,5.24,67.9,92.7,2.0,1.99,166,0,28.6,1
EQ-04280,2.51,76.1,80.9,1.27,4.1,230,1,27.9,0
EQ-04281,2.91,44.2,66.8,0.48,4.78,342,0,17.3,0
EQ-04282,3.27,64.4,59.4,0.52,4.0,482,2,32.1,0
EQ-04283,0.86,76.4,73.3,0.52,4.04,21,1,28.2,0
EQ-04284,4.16,58.9,63.0,1.23,6.31,219,0,29.2,1
EQ-04285,1.64,66.9,41.1,0.85,1.23,297,0,27.6,0
EQ-04286,1.35,63.8,91.7,0.49,3.34,163,1,18.7,0
EQ-04287,4.32,82.2,52.0,0.69,4.93,296,0,31.6,0
EQ-04288,2.85,66.8,73.9,0.13,1.28,517,3,33.9,0
EQ-04289,4.61,46.7,80.5,0.26,3.56,171,0,31.5,0
EQ-04290,2.88,60.7,61.9,1.2,1.85,452,1,21.6,0
EQ-04291,4.21,53.1,57.9,1.79,2.64,4,1,18.4,0
EQ-04292,6.53,66.8,66.6,0.52,1.9,406,1,21.0,1
EQ-04293,0.85,81.7,65.6,1.6,4.34,318,2,16.4,0
EQ-04294,3.13,79.4,71.3,1.71,1.19,359,0,26.7,0
EQ-04295,4.17,71.6,30.6,0.63,3.24,76,0,28.8,0
EQ-04296,1.29,47.6,88.8,1.28,2.05,525,1,17.4,0
EQ-04297,3.32,67.9,47.1,1.19,5.2,371,0,18.2,0
EQ-04298,2.14,73.8,57.2,0.41,3.42,278,2,38.0,0
EQ-04299,2.93,68.4,63.2,2.32,1.72,17,2,24.0,0
EQ-04300,3.11,67.9,68.9,0.65,2.0,301,0,17.1,0
EQ-04301,1.28,73.2,89.0,0.6,6.72,129,2,14.5,0
EQ-04302,2.22,51.0,38.4,0.34,2.3,293,0,31.2,0
EQ-04303,4.77,58.5,44.1,0.41,1.81,193,0,15.7,0
EQ-04304,5.97,72.3,89.2,0.78,4.56,519,0,16.0,1
EQ-04305,2.55,62.3,66.9,0.49,3.72,462,0,34.6,0
EQ-04306,5.08,65.4,42.8,2.12,8.58,483,2,23.1,1
EQ-04307,3.14,64.5,86.8,0.93,1.5,221,1,24.6,0
EQ-04308,0.24,75.1,41.7,0.46,2.53,59,0,27.9,0
EQ-04309,1.2,47.3,91.6,1.05,4.02,407,0,26.5,0
EQ-04310,0.45,61.3,52.9,0.26,2.68,174,3,24.2,0
EQ-04311,0.54,66.0,30.2,0.59,2.16,401,2,23.1,0
EQ-04312,0.87,63.4,48.9,1.91,5.24,455,1,33.2,0
EQ-04313,2.1,80.7,93.8,1.59,2.78,235,0,23.0,0
EQ-04314,7.09,58.5,73.4,1.71,2.97,172,3,21.1,0
EQ-04315,10.5,63.8,96.6,1.1,1.64,173,0,23.6,1
EQ-04316,1.67,73.6,52.9,0.73,2.33,501,1,14.3,0
EQ-04317,0.8,62.5,27.0,2.64,2.74,310,0,24.7,0
EQ-04318,1.61,49.1,30.4,3.15,2.92,29,0,24.5,0
EQ-04319,4.64,69.1,45.1,3.7,2.9,338,1,25.9,1
EQ-04320,3.24,77.0,73.5,0.44,4.01,211,1,28.7,0
EQ-04321,3.3,72.9,33.1,0.19,1.65,273,0,31.2,0
EQ-04322,2.34,91.3,49.9,2.56,4.02,176,1,30.9,0
EQ-04323,1.32,77.7,70.9,1.57,2.73,427,0,24.7,0
EQ-04324,2.97,56.8,70.9,1.48,3.03,124,1,23.1,0
EQ-04325,2.73,64.3,54.3,0.32,1.08,8,0,22.9,0
EQ-04326,0.91,74.9,36.3,2.0,1.82,185,1,20.2,0
EQ-04327,2.18,65.7,43.7,0.56,1.96,461,2,20.8,0
EQ-04328,2.53,71.2,48.2,0.16,3.32,115,0,25.6,0
EQ-04329,0.54,63.2,32.4,2.51,2.54,322,0,26.1,0
EQ-04330,4.76,54.2,78.0,1.99,3.37,378,0,22.0,0
EQ-04331,1.3,68.3,34.1,2.34,3.48,50,0,20.0,0
EQ-04332,4.5,66.6,82.0,0.63,2.6,427,2,31.1,0
EQ-04333,1.69,59.0,53.1,0.36,3.51,33,0,25.8,0
EQ-04334,1.28,90.9,86.4,0.68,2.46,303,0,24.7,0
EQ-04335,3.58,67.0,74.3,1.39,1.57,261,0,29.9,0
EQ-04336,0.79,49.8,76.1,0.46,1.24,365,2,28.3,0
EQ-04337,2.41,70.4,63.2,0.56,1.97,411,1,17.8,0
EQ-04338,2.69,68.5,81.4,3.35,5.13,39,1,18.1,0
EQ-04339,2.69,56.7,42.9,0.38,3.53,194,1,31.4,0
EQ-04340,1.2,47.6,86.4,1.12,4.93,236,1,19.5,1
EQ-04341,1.7,65.3,63.5,1.61,2.51,453,1,23.6,0
EQ-04342,3.66,68.4,28.2,0.83,3.46,184,2,22.9,0
EQ-04343,4.44,73.8,87.8,2.04,3.45,265,0,28.0,0
EQ-04344,3.41,76.1,54.4,1.31,5.82,516,1,22.3,0
EQ-04345,0.88,53.2,94.8,0.43,4.01,298,0,32.5,0
EQ-04346,2.57,70.4,47.9,1.63,1.58,21,1,32.1,0
EQ-04347,0.39,45.4,87.8,1.2,1.05,520,1,25.0,0
EQ-04348,2.52,66.1,45.6,1.15,3.25,112,0,24.2,0
EQ-04349,1.15,73.9,32.2,0.19,3.67,386,1,23.7,0
EQ-04350,3.47,77.2,96.5,1.2,2.79,254,0,28.6,0
EQ-04351,2.55,50.5,71.6,1.59,4.72,301,1,28.8,0
EQ-04352,1.24,53.4,41.9,2.97,4.37,68,1,22.0,0
EQ-04353,2.31,68.2,80.0,1.08,1.34,329,1,18.4,0
EQ-04354,0.76,78.3,37.8,1.23,5.0,475,0,18.9,0
EQ-04355,2.93,40.6,98.8,1.09,1.05,141,0,25.8,0
EQ-04356,6.32,85.7,60.7,0.45,3.82,102,0,29.1,0
EQ-04357,4.21,60.8,27.3,1.92,3.36,203,0,34.4,0
EQ-04358,4.84,75.2,88.4,1.1,1.32,170,1,17.1,0
EQ-04359,2.57,48.3,28.8,0.84,3.01,152,0,17.5,0
EQ-04360,3.62,63.2,85.2,3.32,2.11,30,0,35.1,0
EQ-04361,1.86,61.3,38.0,1.2,1.27,410,1,30.9,0
EQ-04362,0.33,71.0,38.6,1.24,3.25,539,0,24.5,0
EQ-04363,10.49,58.2,45.4,0.15,2.17,84,0,25.8,0
EQ-04364,2.02,70.3,37.8,0.76,2.38,196,1,26.5,0
EQ-04365,2.24,66.3,23.9,0.98,2.5,294,0,20.8,0
EQ-04366,4.06,66.0,86.0,0.31,2.64,98,2,34.5,0
EQ-04367,6.55,71.4,62.5,0.23,3.93,343,1,25.3,0
EQ-04368,4.43,60.8,73.3,2.05,4.47,209,1,33.5,0
EQ-04369,1.93,54.3,80.6,1.34,2.08,19,0,18.1,0
EQ-04370,8.3,70.2,48.2,0.51,3.2,466,0,18.0,0
EQ-04371,3.45,90.4,24.1,0.43,4.13,432,2,23.6,0
EQ-04372,5.03,58.8,60.5,2.36,3.54,72,0,23.0,0
EQ-04373,3.57,92.2,46.9,0.77,3.18,215,2,29.7,0
EQ-04374,2.05,71.4,64.5,2.37,2.7,153,0,13.8,0
EQ-04375,1.78,73.6,36.9,2.15,2.9,527,1,28.5,0
EQ-04376,2.79,54.9,77.2,0.78,1.25,68,2,23.5,0
EQ-04377,9.45,74.8,78.5,2.58,4.61,6,0,21.2,1
EQ-04378,5.15,60.7,71.4,0.75,2.43,83,3,21.6,0
EQ-04379,1.95,54.6,98.5,0.74,5.36,457,0,25.7,0
EQ-04380,1.64,64.0,99.4,0.8,1.45,176,1,24.4,0
EQ-04381,1.6,71.2,40.7,0.47,3.68,338,2,21.3,0
EQ-04382,2.66,63.2,79.4,0.3,3.29,265,0,11.3,0
EQ-04383,0.7,54.4,46.8,3.74,2.61,322,0,34.8,0
EQ-04384,1.3,48.9,39.1,0.22,3.85,403,0,24.8,0
EQ-04385,0.84,69.8,27.4,2.2,2.76,279,0,26.0,0
EQ-04386,2.94,68.2,68.8,0.98,1.19,124,0,29.6,0
EQ-04387,0.88,72.9,59.9,1.18,1.44,71,0,19.1,0
EQ-04388,4.43,79.7,30.0,1.04,2.46,77,0,18.6,0
EQ-04389,7.6,63.3,49.3,1.38,3.22,56,1,17.5,0
EQ-04390,1.27,62.4,26.3,0.47,2.69,398,2,31.3,0
EQ-04391,2.85,61.6,98.0,0.43,4.01,145,0,22.4,0
EQ-04392,5.34,69.9,62.7,1.59,2.81,283,2,26.0,0
EQ-04393,2.5,80.3,61.1,0.45,3.18,100,1,34.3,0
EQ-04394,1.63,76.6,61.4,1.07,4.6,32,0,30.1,0
EQ-04395,5.62,64.6,56.4,0.98,2.74,2,0,26.8,0
EQ-04396,4.69,55.6,91.4,1.39,6.9,381,0,27.6,0
EQ-04397,1.29,54.9,82.2,1.93,3.91,357,0,24.8,0
EQ-04398,1.13,76.9,66.8,1.83,3.16,465,0,19.9,0
EQ-04399,2.1,70.0,38.3,0.15,2.24,208,0,21.8,0
EQ-04400,3.17,55.3,65.9,0.5,6.69,539,0,29.8,0
EQ-04401,2.68,48.3,26.1,2.16,2.29,454,0,18.4,0
EQ-04402,0.33,88.9,48.0,0.91,1.05,474,0,24.1,0
EQ-04403,4.03,85.7,50.5,1.65,3.64,222,0,20.6,0
EQ-04404,3.44,80.8,58.6,2.54,1.88,448,0,23.0,0
EQ-04405,3.62,76.1,65.6,0.41,4.72,161,2,20.1,0
EQ-04406,5.09,60.7,48.5,0.87,3.67,470,0,19.9,1
EQ-04407,2.18,56.5,44.9,1.03,2.55,347,2,21.4,1
EQ-04408,1.34,73.7,24.7,0.97,1.87,381,1,19.8,0
EQ-04409,4.96,61.2,46.2,1.16,4.26,391,0,21.8,0
EQ-04410,2.48,65.8,22.4,2.82,8.77,207,1,30.8,0
EQ-04411,2.82,72.4,65.2,1.37,3.41,46,0,34.6,0
EQ-04412,0.55,60.8,53.7,1.66,4.9,532,2,15.0,0
EQ-04413,2.55,84.6,50.6,0.18,1.68,262,0,22.3,0
EQ-04414,1.97,70.1,36.6,2.89,4.83,118,2,22.6,0
EQ-04415,1.92,59.2,80.7,1.34,3.32,176,3,27.2,0
EQ-04416,6.5,62.6,40.2,2.74,2.82,415,1,21.4,0
EQ-04417,0.35,67.3,54.0,0.13,1.31,382,1,29.7,0
EQ-04418,3.98,68.3,49.4,2.91,4.04,79,1,30.7,0
EQ-04419,1.12,80.9,46.8,0.8,1.51,104,1,13.0,0
EQ-04420,2.48,72.8,37.5,0.24,2.73,518,0,31.5,0
EQ-04421,2.51,73.1,80.6,0.05,7.6,401,1,15.9,0
EQ-04422,4.56,55.8,89.1,0.75,2.62,98,0,18.0,0
EQ-04423,4.06,81.7,91.0,1.43,2.42,358,2,25.3,0
EQ-04424,3.54,61.7,91.0,0.59,5.44,470,1,16.2,0
EQ-04425,8.18,70.4,29.1,0.47,1.92,321,1,28.8,0
EQ-04426,1.17,44.8,64.5,1.3,1.87,250,0,39.0,0
EQ-04427,3.72,76.2,87.7,0.12,1.73,124,2,27.1,0
EQ-04428,1.52,60.1,59.8,0.4,3.61,466,1,15.0,0
EQ-04429,6.14,63.1,58.0,0.21,2.91,211,0,23.2,0
EQ-04430,2.41,52.3,24.5,1.18,2.23,217,0,21.8,0
EQ-04431,2.36,60.4,95.5,0.19,5.02,102,1,23.2,0
EQ-04432,1.94,51.9,68.7,1.01,2.02,187,1,16.8,0
EQ-04433,2.35,64.9,35.9,3.0,1.3,76,0,24.2,0
EQ-04434,0.47,69.3,68.7,0.94,2.33,249,0,22.5,0
EQ-04435,4.58,58.6,52.3,3.97,1.88,539,1,26.1,0
EQ-04436,3.96,77.1,26.0,2.17,1.05,98,2,24.2,0
EQ-04437,4.39,73.1,71.8,1.48,2.1,21,0,29.7,0
EQ-04438,0.26,64.6,60.5,0.66,3.94,49,2,16.0,0
EQ-04439,3.55,63.3,70.5,3.08,3.81,30,1,29.5,0
EQ-04440,1.33,54.5,56.6,0.39,2.74,284,0,19.5,0
EQ-04441,0.51,74.9,95.0,1.03,1.15,380,0,19.5,0
EQ-04442,1.51,61.8,83.4,0.05,1.09,293,0,21.6,0
EQ-04443,2.8,72.0,47.3,0.98,2.13,471,0,22.8,0
EQ-04444,1.41,65.4,93.7,2.67,2.63,162,2,29.2,0
EQ-04445,7.65,72.7,67.5,0.69,2.48,5,2,23.7,1
EQ-04446,1.03,82.8,29.6,0.26,3.33,360,1,24.1,0
EQ-04447,2.61,58.0,35.2,0.27,5.65,304,0,27.3,0
EQ-04448,1.15,59.8,42.4,1.55,1.98,200,0,27.4,0
EQ-04449,2.03,64.1,99.5,1.04,4.12,517,3,31.9,0
EQ-04450,4.98,76.9,45.1,0.23,2.8,200,2,28.8,0
EQ-04451,1.8,57.7,49.0,1.16,3.44,285,1,24.7,0
EQ-04452,4.27,61.0,36.0,1.03,5.4,500,0,23.9,0
EQ-04453,3.07,58.9,99.4,2.33,3.07,181,0,19.8,0
EQ-04454,0.61,65.3,90.7,1.88,4.92,444,3,20.7,1
EQ-04455,5.14,52.1,22.9,3.1,2.56,278,1,20.0,0
EQ-04456,2.23,62.3,75.5,2.04,3.89,119,0,32.6,0
EQ-04457,2.05,54.9,28.5,0.8,1.93,144,2,21.9,0
EQ-04458,1.35,75.0,63.4,5.8,4.27,476,0,30.6,1
EQ-04459,1.74,54.9,80.0,1.0,1.13,291,0,12.5,0
EQ-04460,3.25,76.7,26.7,0.97,3.1,476,0,22.4,0
EQ-04461,1.63,63.1,62.0,0.45,3.82,133,0,23.8,0
EQ-04462,2.24,57.4,90.5,0.22,2.94,486,0,24.3,0
EQ-04463,1.24,66.6,52.8,1.4,5.18,385,0,27.3,0
EQ-04464,0.97,62.2,76.7,2.66,2.89,424,0,13.1,0
EQ-04465,2.01,50.4,89.3,1.18,1.41,116,0,28.8,0
EQ-04466,1.39,73.2,61.4,2.3,2.47,289,2,28.6,0
EQ-04467,1.84,63.3,26.5,0.54,2.4,168,1,21.2,0
EQ-04468,5.26,79.5,99.7,1.62,4.88,473,1,25.6,1
EQ-04469,10.01,81.3,35.2,1.15,1.51,528,2,22.4,0
EQ-04470,2.22,72.7,62.2,0.69,1.91,50,1,16.5,0
EQ-04471,2.3,71.1,23.9,1.76,2.71,455,2,21.4,0
EQ-04472,4.44,62.2,92.9,0.82,6.74,223,0,28.0,0
EQ-04473,2.88,67.2,28.5,3.34,1.15,387,0,18.8,0
EQ-04474,3.99,61.9,86.5,1.2,4.98,376,1,27.8,0
EQ-04475,2.07,82.5,68.4,2.35,1.44,99,0,22.9,0
EQ-04476,1.83,53.0,79.0,0.59,2.65,62,0,27.3,0
EQ-04477,6.18,52.5,35.3,1.08,3.68,525,1,21.4,0
EQ-04478,2.31,78.2,49.4,1.21,4.96,486,1,24.8,0
EQ-04479,3.55,59.8,80.5,4.04,2.44,150,4,24.8,0
EQ-04480,2.57,54.1,73.4,0.51,3.75,192,0,22.7,0
EQ-04481,1.76,67.8,39.8,1.64,2.37,291,0,27.2,0
EQ-04482,1.79,68.4,61.7,0.74,3.61,454,1,20.6,0
EQ-04483,0.73,66.5,33.5,1.26,3.47,393,1,25.9,0
EQ-04484,2.84,64.9,95.6,0.22,1.74,398,0,27.3,0
EQ-04485,1.43,79.3,24.5,1.14,3.24,160,0,22.6,0
EQ-04486,3.91,68.1,86.3,2.23,2.62,251,0,26.3,0
EQ-04487,2.09,77.2,39.1,1.06,2.89,364,0,16.2,0
EQ-04488,3.53,69.4,62.4,2.3,3.54,145,0,22.5,0
EQ-04489,0.93,72.3,52.8,1.08,3.49,308,2,29.3,0
EQ-04490,0.86,70.8,88.4,1.51,2.33,260,2,27.1,0
EQ-04491,2.75,68.4,55.9,1.18,1.05,288,0,12.7,0
EQ-04492,6.99,77.1,26.8,2.06,2.92,327,1,40.8,0
EQ-04493,3.26,45.6,32.5,1.5,2.88,42,0,18.7,0
EQ-04494,3.27,67.5,56.5,2.22,2.71,455,2,31.1,1
EQ-04495,0.34,45.3,43.1,1.63,1.84,184,1,21.0,0
EQ-04496,3.44,84.5,44.2,1.07,4.01,286,0,22.4,0
EQ-04497,3.61,68.6,27.5,0.26,3.05,412,2,25.8,0
EQ-04498,2.28,81.1,35.5,1.83,1.86,88,2,30.9,1
EQ-04499,3.01,56.2,64.6,2.09,1.81,405,1,30.8,0
EQ-04500,2.89,51.8,66.1,0.56,2.71,307,0,33.0,0
