order_id,order_date,customer_id,channel,status,order_timestamp_utc
O00588,2024-01-01,C0079,web,completed,2024-01-01T20:39:26Z
O00968,2024-01-01,C0031,web,completed,2024-01-01T21:05:41Z
O02320,2024-01-01,C0080,web,completed,2024-01-01T08:31:58Z
O02918,2024-01-01,C0116,phone,completed,2024-01-01T14:43:47Z
O03129,2024-01-01,C0020,phone,completed,2024-01-01T10:50:27Z
O03300,2024-01-01,C0136,web,completed,2024-01-01T14:10:55Z
O03407,2024-01-01,C0098,phone,completed,2024-01-01T14:24:49Z
O04135,2024-01-01,C0030,web,completed,2024-01-01T15:27:13Z
O04423,2024-01-01,C0179,phone,completed,2024-01-01T13:53:03Z
O04985,2024-01-01,C0031,store,completed,2024-01-01T17:16:37Z
O05782,2024-01-01,C0040,web,completed,2024-01-01T20:42:21Z
O03128,2024-01-02,C0101,web,completed,2024-01-02T23:26:53Z
O03916,2024-01-02,C0028,store,completed,2024-01-02T16:45:11Z
O04575,2024-01-02,C0088,store,completed,2024-01-02T13:29:02Z
O05399,2024-01-02,C0177,web,completed,2024-01-02T09:44:40Z
O00426,2024-01-03,C0087,phone,completed,2024-01-03T14:21:58Z
O00512,2024-01-03,C0033,web,completed,2024-01-03T13:54:22Z
O02323,2024-01-03,C0098,web,completed,2024-01-03T16:47:11Z
O02356,2024-01-03,C0050,web,completed,2024-01-03T09:41:28Z
O02572,2024-01-03,C0160,web,completed,2024-01-03T11:33:40Z
O02657,2024-01-03,C0141,web,completed,2024-01-03T15:09:49Z
O02756,2024-01-03,C0012,web,completed,2024-01-03T19:05:18Z
O04721,2024-01-03,C0102,phone,completed,2024-01-03T15:26:48Z
O05460,2024-01-03,C0166,phone,completed,2024-01-03T12:53:17Z
O00277,2024-01-04,C0078,web,completed,2024-01-04T19:38:08Z
O00779,2024-01-04,C0082,web,completed,2024-01-04T11:48:00Z
O01030,2024-01-04,C0047,web,completed,2024-01-04T20:46:39Z
O03450,2024-01-04,C0041,web,completed,2024-01-04T19:16:46Z
O03679,2024-01-04,C0088,store,completed,2024-01-04T13:30:34Z
O03873,2024-01-04,C0041,web,completed,2024-01-04T09:14:06Z
O04716,2024-01-04,C0121,web,completed,2024-01-04T19:39:28Z
O05602,2024-01-04,C0061,web,pending,2024-01-04T18:04:45Z
O05714,2024-01-04,C0063,web,cancelled,2024-01-04T18:33:33Z
O00141,2024-01-05,C0102,web,completed,2024-01-05T17:47:18Z
O00555,2024-01-05,C0037,web,completed,2024-01-05T04:20:26Z
O00694,2024-01-05,C0083,web,completed,2024-01-05T11:16:24Z
O01239,2024-01-05,C0049,web,completed,2024-01-05T21:02:14Z
O01356,2024-01-05,C0055,web,completed,2024-01-05T06:51:16Z
O02821,2024-01-05,C0054,web,completed,2024-01-05T12:26:39Z
O03802,2024-01-05,C0114,web,completed,2024-01-05T17:30:47Z
O05704,2024-01-05,C0068,web,completed,2024-01-05T19:24:24Z
O05916,2024-01-05,C0073,web,completed,2024-01-05T20:19:10Z
O02311,2024-01-06,C0079,store,completed,2024-01-06T09:06:05Z
O02486,2024-01-06,C0020,phone,completed,2024-01-06T14:41:27Z
O03653,2024-01-06,C0149,store,completed,2024-01-06T11:54:30Z
O04545,2024-01-06,C0017,store,completed,2024-01-06T10:29:41Z
O04787,2024-01-06,C0136,web,completed,2024-01-06T16:09:22Z
O00042,2024-01-07,C0087,phone,completed,2024-01-07T11:41:37Z
O00148,2024-01-07,C0039,store,completed,2024-01-07T12:57:05Z
O01005,2024-01-07,C0005,web,completed,2024-01-07T09:20:57Z
O01069,2024-01-07,C0067,web,completed,2024-01-07T22:29:41Z
O02555,2024-01-07,C0058,web,completed,2024-01-07T12:45:58Z
O02795,2024-01-07,C0123,web,completed,2024-01-07T20:15:43Z
O03860,2024-01-07,C0043,phone,pending,2024-01-07T12:44:16Z
O00374,2024-01-08,C0010,web,completed,2024-01-08T08:26:54Z
O01846,2024-01-08,C0092,web,completed,2024-01-08T16:42:12Z
O02230,2024-01-08,C0033,store,completed,2024-01-08T12:48:34Z
O02426,2024-01-08,C0106,web,completed,2024-01-08T10:27:51Z
O02494,2024-01-08,C0103,web,completed,2024-01-08T20:29:43Z
O02811,2024-01-08,C0171,web,completed,2024-01-08T15:18:37Z
O03471,2024-01-08,C0074,web,completed,2024-01-08T18:05:38Z
O03810,2024-01-08,C0059,web,completed,2024-01-08T07:45:24Z
O04197,2024-01-08,C0122,web,completed,2024-01-08T05:10:29Z
O04578,2024-01-08,C0175,web,completed,2024-01-08T13:39:08Z
O05210,2024-01-08,C0070,store,completed,2024-01-08T10:10:35Z
O05511,2024-01-08,C0128,web,completed,2024-01-08T10:17:55Z
O05903,2024-01-08,C0158,web,completed,2024-01-08T18:26:20Z
O00473,2024-01-09,C0013,web,completed,2024-01-09T18:17:01Z
O00766,2024-01-09,C0164,web,completed,2024-01-09T22:25:28Z
O02390,2024-01-09,C0075,web,completed,2024-01-09T20:03:04Z
O02524,2024-01-09,C0010,phone,completed,2024-01-09T12:40:29Z
O02778,2024-01-09,C0066,web,completed,2024-01-09T22:09:34Z
O03787,2024-01-09,C0149,store,completed,2024-01-09T13:48:16Z
O05055,2024-01-09,C0046,store,completed,2024-01-09T12:32:31Z
O05474,2024-01-09,C0164,store,completed,2024-01-09T13:17:01Z
O01274,2024-01-10,C0072,web,cancelled,2024-01-10T21:00:53Z
O01734,2024-01-10,C0120,web,completed,2024-01-10T09:18:33Z
O01917,2024-01-10,C0093,web,completed,2024-01-10T08:39:40Z
O02573,2024-01-10,C0029,phone,completed,2024-01-10T11:14:39Z
O02624,2024-01-10,C0117,web,cancelled,2024-01-10T20:56:46Z
O03024,2024-01-10,C0007,web,completed,2024-01-10T08:36:54Z
O05203,2024-01-10,C0037,web,completed,2024-01-10T11:14:02Z
O05370,2024-01-10,C0162,web,completed,2024-01-10T17:32:22Z
O05750,2024-01-10,C0032,web,completed,2024-01-10T21:27:48Z
O05802,2024-01-10,C0150,web,completed,2024-01-10T13:12:57Z
O00258,2024-01-11,C0079,web,completed,2024-01-11T12:37:30Z
O00989,2024-01-11,C0017,store,completed,2024-01-11T11:59:56Z
O01934,2024-01-11,C0173,store,completed,2024-01-11T11:31:02Z
O02856,2024-01-11,C0104,web,completed,2024-01-11T15:58:59Z
O02950,2024-01-11,C0065,phone,completed,2024-01-11T16:05:44Z
O03635,2024-01-11,C0157,phone,completed,2024-01-11T16:13:53Z
O04389,2024-01-11,C0011,store,completed,2024-01-11T14:28:18Z
O05534,2024-01-11,C0088,phone,completed,2024-01-11T15:20:39Z
O00930,2024-01-12,C0087,store,completed,2024-01-12T12:53:05Z
O01159,2024-01-12,C0153,web,completed,2024-01-12T20:22:15Z
O02239,2024-01-12,C0162,store,completed,2024-01-12T19:56:14Z
O02548,2024-01-12,C0152,store,cancelled,2024-01-12T10:04:49Z
O03209,2024-01-12,C0038,web,completed,2024-01-12T09:44:10Z
O03954,2024-01-12,C0089,web,completed,2024-01-12T18:43:52Z
O03970,2024-01-12,C0054,web,completed,2024-01-12T10:16:18Z
O04738,2024-01-12,C0027,web,completed,2024-01-12T20:19:58Z
O05394,2024-01-12,C0032,phone,completed,2024-01-12T13:26:08Z
O05530,2024-01-12,C0004,web,completed,2024-01-12T02:10:13Z
O00325,2024-01-13,C0160,store,completed,2024-01-13T10:01:40Z
O01332,2024-01-13,C0081,web,completed,2024-01-13T09:17:30Z
O01438,2024-01-13,C0137,web,completed,2024-01-13T19:45:34Z
O01467,2024-01-13,C0091,web,completed,2024-01-13T11:51:48Z
O02276,2024-01-13,C0178,store,completed,2024-01-13T16:05:44Z
O02912,2024-01-13,C0146,web,cancelled,2024-01-13T09:26:07Z
O03695,2024-01-13,C0151,store,completed,2024-01-13T18:04:23Z
O04972,2024-01-13,C0142,store,completed,2024-01-13T12:07:29Z
O05996,2024-01-13,C0095,web,completed,2024-01-13T19:18:57Z
O00427,2024-01-14,C0024,web,cancelled,2024-01-14T12:57:55Z
O01188,2024-01-14,C0023,web,completed,2024-01-14T04:35:33Z
O01560,2024-01-14,C0117,web,completed,2024-01-14T18:50:06Z
O02377,2024-01-14,C0092,web,pending,2024-01-14T09:44:25Z
O03057,2024-01-14,C0114,web,completed,2024-01-14T23:09:35Z
O01253,2024-01-15,C0120,store,completed,2024-01-15T19:44:48Z
O02053,2024-01-15,C0163,web,completed,2024-01-15T16:38:47Z
O02088,2024-01-15,C0036,web,completed,2024-01-15T02:39:06Z
O00580,2024-01-16,C0041,web,completed,2024-01-16T21:15:47Z
O01803,2024-01-16,C0130,web,completed,2024-01-16T11:20:31Z
O02009,2024-01-16,C0160,store,completed,2024-01-16T15:55:52Z
O02129,2024-01-16,C0168,web,completed,2024-01-16T18:17:24Z
O02272,2024-01-16,C0147,web,completed,2024-01-16T14:55:25Z
O02338,2024-01-16,C0091,web,completed,2024-01-16T19:57:52Z
O02959,2024-01-16,C0155,store,completed,2024-01-16T13:31:14Z
O02995,2024-01-16,C0133,web,completed,2024-01-16T11:59:44Z
O03073,2024-01-16,C0056,web,completed,2024-01-16T21:57:06Z
O04703,2024-01-16,C0102,store,completed,2024-01-16T09:28:35Z
O05278,2024-01-16,C0062,web,completed,2024-01-16T09:11:49Z
O00375,2024-01-17,C0153,web,completed,2024-01-17T13:55:08Z
O01801,2024-01-17,C0007,web,completed,2024-01-17T22:35:09Z
O02235,2024-01-17,C0100,store,completed,2024-01-17T12:34:09Z
O02563,2024-01-17,C0071,web,completed,2024-01-17T08:32:01Z
O03162,2024-01-17,C0044,web,completed,2024-01-17T06:11:10Z
O03868,2024-01-17,C0076,store,completed,2024-01-17T09:25:35Z
O04187,2024-01-17,C0127,web,completed,2024-01-17T19:48:23Z
O04405,2024-01-17,C0101,web,completed,2024-01-17T13:59:30Z
O00038,2024-01-18,C0172,web,completed,2024-01-18T21:47:51Z
O01240,2024-01-18,C0089,store,completed,2024-01-18T09:29:10Z
O01303,2024-01-18,C0052,web,completed,2024-01-18T11:13:14Z
O01551,2024-01-18,C0065,web,completed,2024-01-18T18:56:24Z
O02852,2024-01-18,C0111,store,completed,2024-01-18T09:00:22Z
O03043,2024-01-18,C0099,store,completed,2024-01-18T14:53:06Z
O03343,2024-01-18,C0053,web,completed,2024-01-18T21:06:03Z
O03628,2024-01-18,C0076,web,completed,2024-01-18T22:41:05Z
O04168,2024-01-18,C0001,phone,completed,2024-01-18T15:48:54Z
O04884,2024-01-18,C0143,store,completed,2024-01-18T20:19:48Z
O05641,2024-01-18,C0140,phone,completed,2024-01-18T15:37:38Z
O00407,2024-01-19,C0153,web,completed,2024-01-19T20:44:08Z
O01446,2024-01-19,C0167,web,completed,2024-01-19T17:19:30Z
O02014,2024-01-19,C0175,store,cancelled,2024-01-19T17:50:27Z
O02026,2024-01-19,C0061,web,completed,2024-01-19T14:41:38Z
O02119,2024-01-19,C0056,store,completed,2024-01-19T12:03:08Z
O02180,2024-01-19,C0175,web,completed,2024-01-19T16:09:25Z
O03019,2024-01-19,C0153,web,completed,2024-01-19T11:20:22Z
O03197,2024-01-19,C0090,phone,completed,2024-01-19T12:44:19Z
O04096,2024-01-19,C0001,store,completed,2024-01-19T12:10:41Z
O05104,2024-01-19,C0053,web,pending,2024-01-19T13:47:56Z
O00129,2024-01-20,C0027,store,completed,2024-01-20T18:51:28Z
O00515,2024-01-20,C0073,web,completed,2024-01-20T13:27:32Z
O02313,2024-01-20,C0098,store,completed,2024-01-20T17:29:39Z
O02809,2024-01-20,C0006,store,completed,2024-01-20T17:33:31Z
O04041,2024-01-20,C0044,store,completed,2024-01-20T15:04:17Z
O04136,2024-01-20,C0049,web,completed,2024-01-20T20:02:12Z
O04342,2024-01-20,C0101,web,completed,2024-01-20T19:30:51Z
O01164,2024-01-21,C0137,phone,completed,2024-01-21T10:57:36Z
O02431,2024-01-21,C0077,web,completed,2024-01-21T08:37:43Z
O02489,2024-01-21,C0170,web,completed,2024-01-21T07:31:56Z
O04167,2024-01-21,C0056,web,completed,2024-01-21T09:57:57Z
O05546,2024-01-21,C0079,web,completed,2024-01-21T20:24:35Z
O05900,2024-01-21,C0103,store,completed,2024-01-21T16:59:47Z
O00892,2024-01-22,C0007,phone,completed,2024-01-22T17:05:15Z
O01325,2024-01-22,C0066,web,cancelled,2024-01-22T18:03:05Z
O01346,2024-01-22,C0003,web,completed,2024-01-22T18:10:10Z
O02125,2024-01-22,C0180,web,completed,2024-01-22T18:00:34Z
O02750,2024-01-22,C0149,web,completed,2024-01-22T16:40:31Z
O02785,2024-01-22,C0076,web,completed,2024-01-22T20:55:47Z
O03190,2024-01-22,C0102,web,completed,2024-01-22T16:14:35Z
O03658,2024-01-22,C0021,web,completed,2024-01-22T22:50:07Z
O04558,2024-01-22,C0165,web,completed,2024-01-22T08:43:05Z
O04936,2024-01-22,C0113,web,completed,2024-01-22T19:43:25Z
O00496,2024-01-23,C0023,store,completed,2024-01-23T16:12:40Z
O01528,2024-01-23,C0014,web,completed,2024-01-23T13:44:53Z
O01569,2024-01-23,C0160,phone,completed,2024-01-23T14:38:16Z
O02187,2024-01-23,C0024,phone,completed,2024-01-23T12:31:18Z
O02244,2024-01-23,C0106,web,completed,2024-01-23T10:57:08Z
O03618,2024-01-23,C0093,web,completed,2024-01-23T22:33:26Z
O03648,2024-01-23,C0099,web,completed,2024-01-23T14:07:43Z
O05042,2024-01-23,C0171,store,completed,2024-01-23T14:56:56Z
O00118,2024-01-24,C0093,web,completed,2024-01-24T20:36:28Z
O02309,2024-01-24,C0077,web,completed,2024-01-24T14:39:59Z
O02488,2024-01-24,C0173,phone,completed,2024-01-24T14:50:57Z
O02788,2024-01-24,C0170,web,completed,2024-01-24T09:16:51Z
O03619,2024-01-24,C0088,web,completed,2024-01-24T19:07:07Z
O04092,2024-01-24,C0069,web,completed,2024-01-24T18:01:41Z
O05536,2024-01-24,C0009,store,completed,2024-01-24T09:05:27Z
O00652,2024-01-25,C0061,web,completed,2024-01-25T21:25:17Z
O00815,2024-01-25,C0137,store,completed,2024-01-25T13:18:26Z
O02392,2024-01-25,C0011,store,completed,2024-01-25T12:30:55Z
O03668,2024-01-25,C0096,web,completed,2024-01-25T20:32:06Z
O04004,2024-01-25,C0049,store,completed,2024-01-25T20:02:52Z
O04222,2024-01-25,C0151,web,completed,2024-01-25T12:46:50Z
O04670,2024-01-25,C0160,web,completed,2024-01-25T08:39:59Z
O05096,2024-01-25,C0171,web,completed,2024-01-25T19:08:39Z
O05105,2024-01-25,C0032,web,cancelled,2024-01-25T08:40:53Z
O00408,2024-01-26,C0081,phone,completed,2024-01-26T09:14:14Z
O00658,2024-01-26,C0131,store,completed,2024-01-26T10:51:46Z
O00835,2024-01-26,C0050,web,completed,2024-01-26T11:00:54Z
O01272,2024-01-26,C0037,web,pending,2024-01-26T19:54:02Z
O01844,2024-01-26,C0128,web,completed,2024-01-26T00:09:03Z
O02106,2024-01-26,C0048,web,completed,2024-01-26T18:58:48Z
O02275,2024-01-26,C0093,web,completed,2024-01-26T11:17:50Z
O02561,2024-01-26,C0166,store,completed,2024-01-26T09:40:48Z
O02610,2024-01-26,C0135,web,completed,2024-01-26T22:07:46Z
O02633,2024-01-26,C0140,store,completed,2024-01-26T15:49:50Z
O03305,2024-01-26,C0013,web,completed,2024-01-26T05:27:12Z
O04432,2024-01-26,C0103,web,completed,2024-01-26T09:41:30Z
O04812,2024-01-26,C0122,web,completed,2024-01-26T20:32:37Z
O05113,2024-01-26,C0037,phone,cancelled,2024-01-26T15:26:09Z
O05128,2024-01-26,C0045,web,completed,2024-01-26T20:03:11Z
O05159,2024-01-26,C0032,web,completed,2024-01-26T12:05:42Z
O00059,2024-01-27,C0170,store,completed,2024-01-27T20:44:36Z
O00565,2024-01-27,C0131,web,completed,2024-01-27T06:04:36Z
O01299,2024-01-27,C0119,web,completed,2024-01-27T05:13:53Z
O02442,2024-01-27,C0131,store,completed,2024-01-27T16:24:10Z
O04348,2024-01-27,C0164,web,completed,2024-01-27T08:46:11Z
O04978,2024-01-27,C0075,web,completed,2024-01-27T23:35:27Z
O05622,2024-01-27,C0160,web,completed,2024-01-27T20:15:38Z
O00569,2024-01-28,C0147,web,completed,2024-01-28T18:26:08Z
O00837,2024-01-28,C0017,web,completed,2024-01-28T22:32:18Z
O00891,2024-01-28,C0125,web,completed,2024-01-28T18:32:41Z
O01040,2024-01-28,C0073,web,completed,2024-01-28T19:26:56Z
O01784,2024-01-28,C0021,web,completed,2024-01-28T09:27:30Z
O02136,2024-01-28,C0073,web,completed,2024-01-28T15:54:28Z
O02583,2024-01-28,C0148,store,completed,2024-01-28T10:58:08Z
O02627,2024-01-28,C0102,web,completed,2024-01-28T12:05:18Z
O02869,2024-01-28,C0087,web,completed,2024-01-28T15:47:36Z
O03187,2024-01-28,C0056,store,completed,2024-01-28T15:58:24Z
O03391,2024-01-28,C0070,phone,completed,2024-01-28T12:50:13Z
O04090,2024-01-28,C0110,phone,completed,2024-01-28T13:36:19Z
O04774,2024-01-28,C0040,web,completed,2024-01-28T05:17:25Z
O05887,2024-01-28,C0039,web,pending,2024-01-28T16:08:13Z
O00108,2024-01-29,C0061,store,completed,2024-01-29T14:21:33Z
O00926,2024-01-29,C0144,web,cancelled,2024-01-29T19:32:38Z
O00974,2024-01-29,C0078,store,completed,2024-01-29T15:36:18Z
O01492,2024-01-29,C0145,store,completed,2024-01-29T16:20:32Z
O01558,2024-01-29,C0104,store,completed,2024-01-29T13:31:37Z
O01979,2024-01-29,C0113,store,completed,2024-01-29T12:57:30Z
O02271,2024-01-29,C0067,phone,completed,2024-01-29T14:33:53Z
O02367,2024-01-29,C0175,phone,completed,2024-01-29T16:51:30Z
O02408,2024-01-29,C0162,web,completed,2024-01-29T17:16:47Z
O02864,2024-01-29,C0139,store,completed,2024-01-29T12:31:50Z
O03143,2024-01-29,C0093,web,completed,2024-01-29T16:02:06Z
O03406,2024-01-29,C0150,web,completed,2024-01-29T07:52:50Z
O03847,2024-01-29,C0085,store,completed,2024-01-29T09:04:16Z
O00221,2024-01-30,C0043,web,completed,2024-01-30T13:29:10Z
O01169,2024-01-30,C0162,web,completed,2024-01-30T13:03:44Z
O01589,2024-01-30,C0100,web,pending,2024-01-30T02:26:49Z
O02233,2024-01-30,C0087,web,completed,2024-01-30T21:24:22Z
O02359,2024-01-30,C0048,store,completed,2024-01-30T10:14:36Z
O02739,2024-01-30,C0078,phone,completed,2024-01-30T10:30:21Z
O03447,2024-01-30,C0080,store,completed,2024-01-30T19:04:59Z
O05102,2024-01-30,C0156,store,completed,2024-01-30T16:25:18Z
O05276,2024-01-30,C0020,phone,completed,2024-01-30T14:08:42Z
O05293,2024-01-30,C0074,web,completed,2024-01-30T14:55:38Z
O00439,2024-01-31,C0163,web,completed,2024-01-31T01:40:12Z
O01430,2024-01-31,C0065,web,completed,2024-01-31T17:28:09Z
O01845,2024-01-31,C0172,web,completed,2024-01-31T10:25:50Z
O04407,2024-01-31,C0045,web,completed,2024-01-31T23:57:33Z
O04440,2024-01-31,C0047,phone,completed,2024-01-31T15:48:59Z
O04450,2024-01-31,C0106,phone,completed,2024-01-31T10:30:26Z
O05964,2024-01-31,C0100,phone,completed,2024-01-31T12:19:04Z
O01777,2024-02-01,C0067,web,completed,2024-02-01T20:02:26Z
O01966,2024-02-01,C0025,web,completed,2024-02-01T16:55:09Z
O02068,2024-02-01,C0174,web,completed,2024-02-01T10:14:54Z
O02308,2024-02-01,C0096,web,completed,2024-02-01T06:37:13Z
O02387,2024-02-01,C0039,web,completed,2024-02-01T12:11:29Z
O03189,2024-02-01,C0071,store,completed,2024-02-01T14:43:29Z
O03800,2024-02-01,C0160,web,completed,2024-02-01T07:16:14Z
O03879,2024-02-01,C0114,phone,completed,2024-02-01T15:51:38Z
O04626,2024-02-01,C0021,phone,completed,2024-02-01T14:24:40Z
O04671,2024-02-01,C0138,store,completed,2024-02-01T16:36:03Z
O05019,2024-02-01,C0005,store,completed,2024-02-01T12:44:32Z
O05627,2024-02-01,C0049,web,completed,2024-02-01T13:55:50Z
O05823,2024-02-01,C0127,web,cancelled,2024-02-01T16:31:46Z
O00136,2024-02-02,C0149,web,pending,2024-02-02T21:22:30Z
O01331,2024-02-02,C0116,web,completed,2024-02-02T22:18:35Z
O02198,2024-02-02,C0152,web,completed,2024-02-02T21:23:20Z
O02420,2024-02-02,C0089,web,completed,2024-02-02T16:50:31Z
O03329,2024-02-02,C0115,web,completed,2024-02-02T08:01:23Z
O03351,2024-02-02,C0137,web,completed,2024-02-02T22:37:37Z
O03638,2024-02-02,C0135,web,completed,2024-02-02T10:00:20Z
O03931,2024-02-02,C0123,phone,completed,2024-02-02T10:15:01Z
O05041,2024-02-02,C0025,web,completed,2024-02-02T22:41:26Z
O05281,2024-02-02,C0126,web,completed,2024-02-02T13:08:35Z
O05811,2024-02-02,C0029,store,completed,2024-02-02T09:24:16Z
O00243,2024-02-03,C0133,web,completed,2024-02-03T19:31:38Z
O00386,2024-02-03,C0019,web,completed,2024-02-03T23:48:37Z
O00793,2024-02-03,C0013,web,completed,2024-02-03T16:59:45Z
O01629,2024-02-03,C0038,store,completed,2024-02-03T18:30:43Z
O02326,2024-02-03,C0164,web,completed,2024-02-03T23:37:46Z
O02800,2024-02-03,C0090,store,completed,2024-02-03T17:04:06Z
O04223,2024-02-03,C0171,web,completed,2024-02-03T20:48:26Z
O04247,2024-02-03,C0075,web,completed,2024-02-03T17:57:39Z
O05412,2024-02-03,C0113,store,completed,2024-02-03T19:06:59Z
O05480,2024-02-03,C0149,web,completed,2024-02-03T12:49:44Z
O02851,2024-02-04,C0113,web,completed,2024-02-04T20:38:20Z
O04355,2024-02-04,C0130,web,completed,2024-02-04T09:17:02Z
O05165,2024-02-04,C0014,store,completed,2024-02-04T16:57:29Z
O05875,2024-02-04,C0019,web,completed,2024-02-04T23:51:27Z
O02683,2024-02-05,C0130,phone,completed,2024-02-05T17:14:24Z
O02700,2024-02-05,C0125,web,completed,2024-02-05T20:38:05Z
O02982,2024-02-05,C0067,web,completed,2024-02-05T17:32:48Z
O03732,2024-02-05,C0058,web,completed,2024-02-05T22:26:49Z
O05079,2024-02-05,C0095,web,completed,2024-02-05T05:03:22Z
O05575,2024-02-05,C0020,web,completed,2024-02-05T06:22:06Z
O05745,2024-02-05,C0083,web,completed,2024-02-05T19:45:42Z
O01110,2024-02-06,C0132,phone,completed,2024-02-06T15:00:51Z
O02168,2024-02-06,C0016,web,completed,2024-02-06T20:23:48Z
O03215,2024-02-06,C0077,web,completed,2024-02-06T06:54:14Z
O03957,2024-02-06,C0035,web,completed,2024-02-06T18:14:51Z
O04385,2024-02-06,C0105,web,completed,2024-02-06T00:57:30Z
O04574,2024-02-06,C0164,web,cancelled,2024-02-06T19:31:01Z
O05205,2024-02-06,C0087,phone,completed,2024-02-06T12:41:53Z
O05434,2024-02-06,C0039,store,completed,2024-02-06T15:15:14Z
O02386,2024-02-07,C0056,web,completed,2024-02-07T21:31:20Z
O05192,2024-02-07,C0161,store,completed,2024-02-07T17:54:17Z
O05688,2024-02-07,C0074,store,completed,2024-02-07T14:26:23Z
O05904,2024-02-07,C0028,web,completed,2024-02-07T12:32:53Z
O01122,2024-02-08,C0069,web,completed,2024-02-08T10:40:05Z
O01622,2024-02-08,C0068,web,completed,2024-02-08T13:26:43Z
O02262,2024-02-08,C0080,web,completed,2024-02-08T20:32:59Z
O04233,2024-02-08,C0082,web,completed,2024-02-08T13:46:24Z
O00775,2024-02-09,C0173,store,completed,2024-02-09T10:07:34Z
O01126,2024-02-09,C0002,phone,completed,2024-02-09T17:51:42Z
O01954,2024-02-09,C0070,web,completed,2024-02-09T18:03:23Z
O01999,2024-02-09,C0093,web,completed,2024-02-09T22:13:29Z
O04649,2024-02-09,C0030,store,completed,2024-02-09T10:06:21Z
O05462,2024-02-09,C0011,store,completed,2024-02-09T09:21:12Z
O00550,2024-02-10,C0125,web,completed,2024-02-10T02:18:27Z
O01536,2024-02-10,C0141,web,completed,2024-02-10T18:52:20Z
O02000,2024-02-10,C0099,web,completed,2024-02-10T15:53:57Z
O03221,2024-02-10,C0055,web,pending,2024-02-10T20:30:32Z
O03267,2024-02-10,C0048,web,completed,2024-02-10T12:20:53Z
O03341,2024-02-10,C0019,web,completed,2024-02-10T11:33:19Z
O03473,2024-02-10,C0004,web,completed,2024-02-10T22:18:31Z
O03494,2024-02-10,C0049,web,completed,2024-02-10T20:12:35Z
O03545,2024-02-10,C0148,web,cancelled,2024-02-10T19:01:17Z
O04195,2024-02-10,C0055,phone,completed,2024-02-10T11:17:19Z
O04839,2024-02-10,C0163,web,completed,2024-02-10T10:20:52Z
O05613,2024-02-10,C0166,web,cancelled,2024-02-10T12:03:33Z
O05697,2024-02-10,C0124,store,completed,2024-02-10T17:35:47Z
O00041,2024-02-11,C0085,web,completed,2024-02-11T15:51:28Z
O00371,2024-02-11,C0042,store,completed,2024-02-11T20:35:40Z
O00577,2024-02-11,C0096,web,completed,2024-02-11T20:40:54Z
O00683,2024-02-11,C0084,web,completed,2024-02-11T20:28:11Z
O01373,2024-02-11,C0040,web,completed,2024-02-11T18:19:06Z
O01566,2024-02-11,C0024,web,completed,2024-02-11T19:19:57Z
O03144,2024-02-11,C0065,web,completed,2024-02-11T17:56:25Z
O03534,2024-02-11,C0052,web,completed,2024-02-11T05:56:57Z
O03761,2024-02-11,C0021,store,completed,2024-02-11T10:17:02Z
O04133,2024-02-11,C0091,web,completed,2024-02-11T11:34:03Z
O04524,2024-02-11,C0156,web,completed,2024-02-11T16:15:30Z
O05018,2024-02-11,C0061,phone,completed,2024-02-11T11:02:03Z
O05058,2024-02-11,C0033,web,completed,2024-02-11T08:38:23Z
O05202,2024-02-11,C0016,web,completed,2024-02-11T06:53:41Z
O05656,2024-02-11,C0115,phone,completed,2024-02-11T10:58:18Z
O02236,2024-02-12,C0143,web,completed,2024-02-12T14:13:24Z
O02681,2024-02-12,C0070,web,completed,2024-02-12T00:17:06Z
O02971,2024-02-12,C0081,web,completed,2024-02-12T21:09:00Z
O02996,2024-02-12,C0096,web,completed,2024-02-12T17:16:29Z
O03966,2024-02-12,C0033,web,completed,2024-02-12T13:24:25Z
O04289,2024-02-12,C0042,store,completed,2024-02-12T16:28:50Z
O05393,2024-02-12,C0030,web,completed,2024-02-12T12:13:19Z
O05614,2024-02-12,C0037,web,completed,2024-02-12T11:54:28Z
O00551,2024-02-13,C0150,store,completed,2024-02-13T15:20:13Z
O00553,2024-02-13,C0106,store,completed,2024-02-13T12:14:55Z
O00617,2024-02-13,C0052,web,completed,2024-02-13T06:29:27Z
O00776,2024-02-13,C0122,web,completed,2024-02-13T19:11:09Z
O01123,2024-02-13,C0006,store,completed,2024-02-13T09:19:08Z
O01317,2024-02-13,C0109,web,completed,2024-02-13T22:05:00Z
O02278,2024-02-13,C0134,store,completed,2024-02-13T11:48:01Z
O02567,2024-02-13,C0051,store,completed,2024-02-13T10:42:37Z
O04566,2024-02-13,C0144,web,completed,2024-02-13T11:05:34Z
O04793,2024-02-13,C0058,web,completed,2024-02-13T18:41:50Z
O05493,2024-02-13,C0089,web,completed,2024-02-13T00:16:51Z
O00010,2024-02-14,C0032,web,pending,2024-02-14T18:27:09Z
O00394,2024-02-14,C0111,web,completed,2024-02-14T20:59:51Z
O00938,2024-02-14,C0060,store,completed,2024-02-14T11:14:55Z
O02981,2024-02-14,C0132,phone,completed,2024-02-14T12:58:36Z
O04615,2024-02-14,C0177,store,pending,2024-02-14T20:04:21Z
O04823,2024-02-14,C0146,web,completed,2024-02-14T20:08:19Z
O01086,2024-02-15,C0071,web,completed,2024-02-15T20:06:36Z
O01898,2024-02-15,C0110,phone,completed,2024-02-15T10:30:24Z
O02112,2024-02-15,C0096,store,completed,2024-02-15T12:49:04Z
O03444,2024-02-15,C0066,web,completed,2024-02-15T04:44:20Z
O03454,2024-02-15,C0031,web,completed,2024-02-15T03:42:09Z
O04036,2024-02-15,C0153,web,completed,2024-02-15T20:50:42Z
O04091,2024-02-15,C0027,store,completed,2024-02-15T16:49:19Z
O04518,2024-02-15,C0112,web,completed,2024-02-15T21:08:35Z
O04875,2024-02-15,C0030,store,completed,2024-02-15T10:46:08Z
O05420,2024-02-15,C0027,web,completed,2024-02-15T19:03:10Z
O05712,2024-02-15,C0179,web,completed,2024-02-15T17:07:59Z
O00880,2024-02-16,C0142,web,completed,2024-02-16T00:55:00Z
O01395,2024-02-16,C0088,web,completed,2024-02-16T23:34:35Z
O02983,2024-02-16,C0044,web,completed,2024-02-16T09:34:53Z
O03082,2024-02-16,C0180,web,completed,2024-02-16T21:24:32Z
O04506,2024-02-16,C0160,web,completed,2024-02-16T18:10:16Z
O04684,2024-02-16,C0161,web,completed,2024-02-16T06:26:35Z
O05270,2024-02-16,C0180,store,completed,2024-02-16T12:20:39Z
O05574,2024-02-16,C0044,web,cancelled,2024-02-16T21:11:01Z
O00796,2024-02-17,C0125,web,completed,2024-02-17T18:09:13Z
O01049,2024-02-17,C0038,web,completed,2024-02-17T21:50:15Z
O02779,2024-02-17,C0079,store,completed,2024-02-17T15:11:33Z
O02860,2024-02-17,C0117,web,completed,2024-02-17T15:45:40Z
O03067,2024-02-17,C0019,web,completed,2024-02-17T20:45:34Z
O03681,2024-02-17,C0142,web,completed,2024-02-17T20:43:59Z
O00634,2024-02-18,C0062,store,completed,2024-02-18T13:55:30Z
O00764,2024-02-18,C0081,web,cancelled,2024-02-18T02:02:47Z
O01145,2024-02-18,C0081,web,completed,2024-02-18T17:25:24Z
O02666,2024-02-18,C0033,web,completed,2024-02-18T08:46:53Z
O02881,2024-02-18,C0010,web,completed,2024-02-18T14:09:40Z
O03102,2024-02-18,C0173,store,completed,2024-02-18T10:21:57Z
O03523,2024-02-18,C0133,web,completed,2024-02-18T10:40:11Z
O04862,2024-02-18,C0160,store,completed,2024-02-18T17:59:54Z
O04981,2024-02-18,C0155,web,completed,2024-02-18T11:20:28Z
O05084,2024-02-18,C0090,phone,completed,2024-02-18T14:38:52Z
O05717,2024-02-18,C0114,store,completed,2024-02-18T12:24:31Z
O05962,2024-02-18,C0120,web,completed,2024-02-18T20:39:43Z
O05965,2024-02-18,C0051,web,cancelled,2024-02-18T20:56:34Z
O00456,2024-02-19,C0168,web,pending,2024-02-19T08:46:54Z
O00790,2024-02-19,C0129,store,completed,2024-02-19T17:51:47Z
O00851,2024-02-19,C0170,web,completed,2024-02-19T08:00:12Z
O01908,2024-02-19,C0059,web,completed,2024-02-19T20:27:01Z
O03610,2024-02-19,C0071,web,completed,2024-02-19T23:59:22Z
O04968,2024-02-19,C0074,web,completed,2024-02-19T19:55:53Z
O05164,2024-02-19,C0152,phone,pending,2024-02-19T12:37:19Z
O05298,2024-02-19,C0164,web,completed,2024-02-19T18:34:34Z
O05917,2024-02-19,C0115,web,cancelled,2024-02-19T15:00:36Z
O00765,2024-02-20,C0147,store,completed,2024-02-20T19:30:28Z
O01064,2024-02-20,C0026,phone,completed,2024-02-20T10:20:22Z
O02095,2024-02-20,C0050,web,completed,2024-02-20T14:46:07Z
O02926,2024-02-20,C0004,web,completed,2024-02-20T10:18:41Z
O03337,2024-02-20,C0006,web,cancelled,2024-02-20T13:01:57Z
O03401,2024-02-20,C0061,web,completed,2024-02-20T11:11:05Z
O03934,2024-02-20,C0085,web,completed,2024-02-20T20:35:52Z
O04094,2024-02-20,C0100,web,cancelled,2024-02-20T12:28:12Z
O05774,2024-02-20,C0076,web,completed,2024-02-20T10:28:31Z
O00474,2024-02-21,C0120,web,cancelled,2024-02-21T16:27:15Z
O01022,2024-02-21,C0110,phone,completed,2024-02-21T09:00:28Z
O01982,2024-02-21,C0024,web,completed,2024-02-21T22:14:39Z
O02319,2024-02-21,C0149,web,completed,2024-02-21T16:53:06Z
O02737,2024-02-21,C0006,web,completed,2024-02-21T12:08:17Z
O04397,2024-02-21,C0041,store,completed,2024-02-21T16:18:52Z
O05617,2024-02-21,C0173,store,completed,2024-02-21T18:06:59Z
O05824,2024-02-21,C0052,web,completed,2024-02-21T23:21:57Z
O05851,2024-02-21,C0015,store,completed,2024-02-21T10:24:08Z
O00287,2024-02-22,C0045,store,completed,2024-02-22T12:13:33Z
O00787,2024-02-22,C0140,web,completed,2024-02-22T08:48:50Z
O01984,2024-02-22,C0105,store,completed,2024-02-22T15:24:32Z
O05064,2024-02-22,C0111,web,completed,2024-02-22T10:04:15Z
O05919,2024-02-22,C0060,web,completed,2024-02-22T10:06:51Z
O00446,2024-02-23,C0167,web,completed,2024-02-23T18:31:44Z
O01024,2024-02-23,C0051,web,completed,2024-02-23T12:50:22Z
O01508,2024-02-23,C0111,store,completed,2024-02-23T13:06:45Z
O03422,2024-02-23,C0052,web,completed,2024-02-23T20:02:12Z
O03886,2024-02-23,C0091,web,completed,2024-02-23T22:24:07Z
O04759,2024-02-23,C0155,store,completed,2024-02-23T18:43:06Z
O05010,2024-02-23,C0004,web,completed,2024-02-23T12:10:50Z
O05126,2024-02-23,C0150,web,completed,2024-02-23T10:39:24Z
O05388,2024-02-23,C0107,web,pending,2024-02-23T16:11:14Z
O05497,2024-02-23,C0141,store,completed,2024-02-23T16:08:51Z
O00814,2024-02-24,C0060,web,completed,2024-02-24T21:44:20Z
O02005,2024-02-24,C0129,web,completed,2024-02-24T17:43:14Z
O02241,2024-02-24,C0091,store,completed,2024-02-24T11:17:09Z
O02745,2024-02-24,C0161,web,pending,2024-02-24T22:04:53Z
O02815,2024-02-24,C0061,store,completed,2024-02-24T16:19:31Z
O03052,2024-02-24,C0037,store,completed,2024-02-24T13:27:31Z
O05605,2024-02-24,C0020,web,completed,2024-02-24T17:49:26Z
O05793,2024-02-24,C0134,store,pending,2024-02-24T10:21:07Z
O05871,2024-02-24,C0018,web,completed,2024-02-24T22:05:28Z
O01232,2024-02-25,C0008,web,completed,2024-02-25T22:08:09Z
O03544,2024-02-25,C0034,web,completed,2024-02-25T17:57:12Z
O04181,2024-02-25,C0036,web,completed,2024-02-25T12:52:01Z
O04623,2024-02-25,C0052,store,completed,2024-02-25T10:09:55Z
O05636,2024-02-25,C0081,web,completed,2024-02-25T13:54:36Z
O00154,2024-02-26,C0025,store,completed,2024-02-26T13:58:24Z
O00425,2024-02-26,C0082,store,completed,2024-02-26T14:39:11Z
O01124,2024-02-26,C0075,web,completed,2024-02-26T23:08:49Z
O01699,2024-02-26,C0030,web,completed,2024-02-26T20:22:28Z
O01843,2024-02-26,C0125,store,completed,2024-02-26T10:49:55Z
O03063,2024-02-26,C0068,web,completed,2024-02-26T13:33:03Z
O00894,2024-02-27,C0143,web,completed,2024-02-27T13:03:47Z
O01120,2024-02-27,C0155,store,completed,2024-02-27T15:03:45Z
O01810,2024-02-27,C0053,web,completed,2024-02-27T20:49:12Z
O02107,2024-02-27,C0043,web,completed,2024-02-27T22:31:26Z
O02371,2024-02-27,C0097,phone,completed,2024-02-27T14:45:00Z
O03078,2024-02-27,C0092,web,completed,2024-02-27T23:16:16Z
O03744,2024-02-27,C0083,phone,completed,2024-02-27T09:23:27Z
O04597,2024-02-27,C0049,phone,pending,2024-02-27T10:26:09Z
O04606,2024-02-27,C0118,web,completed,2024-02-27T18:29:23Z
O04726,2024-02-27,C0067,web,completed,2024-02-27T22:38:19Z
O04784,2024-02-27,C0076,store,completed,2024-02-27T16:43:27Z
O05769,2024-02-27,C0173,web,completed,2024-02-27T19:39:35Z
O05906,2024-02-27,C0126,web,completed,2024-02-27T16:36:57Z
O00852,2024-02-28,C0044,web,completed,2024-02-28T13:33:10Z
O01343,2024-02-28,C0074,web,completed,2024-02-28T19:59:50Z
O01728,2024-02-28,C0029,web,completed,2024-02-28T05:59:26Z
O02710,2024-02-28,C0147,web,completed,2024-02-28T21:44:44Z
O04129,2024-02-28,C0052,web,completed,2024-02-28T23:27:31Z
O00497,2024-02-29,C0131,store,completed,2024-02-29T15:10:18Z
O00976,2024-02-29,C0028,web,completed,2024-02-29T22:42:21Z
O01436,2024-02-29,C0075,store,completed,2024-02-29T16:23:24Z
O01617,2024-02-29,C0011,web,completed,2024-02-29T18:08:43Z
O02191,2024-02-29,C0007,web,cancelled,2024-02-29T17:43:54Z
O02919,2024-02-29,C0166,web,completed,2024-02-29T15:11:38Z
O03372,2024-02-29,C0084,store,cancelled,2024-02-29T12:41:24Z
O04534,2024-02-29,C0089,web,completed,2024-02-29T15:15:07Z
O05784,2024-02-29,C0097,web,completed,2024-02-29T08:19:40Z
O05826,2024-02-29,C0055,web,completed,2024-02-29T19:43:39Z
O00180,2024-03-01,C0005,store,completed,2024-03-01T09:53:19Z
O02670,2024-03-01,C0119,web,completed,2024-03-01T11:09:46Z
O02733,2024-03-01,C0006,phone,completed,2024-03-01T15:45:14Z
O04990,2024-03-01,C0126,web,completed,2024-03-01T19:10:07Z
O05286,2024-03-01,C0073,phone,completed,2024-03-01T11:45:08Z
O05396,2024-03-01,C0132,web,completed,2024-03-01T12:16:40Z
O05616,2024-03-01,C0128,web,completed,2024-03-01T22:44:12Z
O01925,2024-03-02,C0152,web,completed,2024-03-02T17:32:42Z
O02631,2024-03-02,C0013,web,pending,2024-03-02T22:34:36Z
O03448,2024-03-02,C0100,store,completed,2024-03-02T11:18:37Z
O03756,2024-03-02,C0127,web,completed,2024-03-02T13:43:58Z
O04292,2024-03-02,C0069,web,completed,2024-03-02T15:26:41Z
O01146,2024-03-03,C0034,store,completed,2024-03-03T09:32:24Z
O01330,2024-03-03,C0103,web,completed,2024-03-03T21:57:36Z
O01638,2024-03-03,C0020,web,completed,2024-03-03T15:10:56Z
O04596,2024-03-03,C0095,store,completed,2024-03-03T17:19:19Z
O05065,2024-03-03,C0127,web,completed,2024-03-03T17:42:29Z
O05247,2024-03-03,C0088,store,completed,2024-03-03T15:48:20Z
O00127,2024-03-04,C0079,store,completed,2024-03-04T11:24:54Z
O00604,2024-03-04,C0073,store,completed,2024-03-04T18:18:50Z
O00767,2024-03-04,C0110,web,completed,2024-03-04T23:01:44Z
O01990,2024-03-04,C0095,web,completed,2024-03-04T20:13:45Z
O02369,2024-03-04,C0011,web,completed,2024-03-04T16:37:27Z
O04065,2024-03-04,C0150,store,completed,2024-03-04T11:36:38Z
O04653,2024-03-04,C0135,web,completed,2024-03-04T12:18:15Z
O05191,2024-03-04,C0004,web,completed,2024-03-04T18:21:24Z
O00330,2024-03-05,C0014,web,completed,2024-03-05T11:39:48Z
O01568,2024-03-05,C0001,web,completed,2024-03-05T21:34:10Z
O01998,2024-03-05,C0105,web,pending,2024-03-05T01:02:20Z
O02010,2024-03-05,C0172,web,completed,2024-03-05T20:08:50Z
O03687,2024-03-05,C0115,web,completed,2024-03-05T09:41:46Z
O03838,2024-03-05,C0129,web,completed,2024-03-05T08:06:23Z
O04873,2024-03-05,C0149,web,cancelled,2024-03-05T23:17:11Z
O05509,2024-03-05,C0159,phone,completed,2024-03-05T10:01:25Z
O05588,2024-03-05,C0033,web,completed,2024-03-05T18:52:55Z
O05666,2024-03-05,C0049,web,completed,2024-03-05T23:37:04Z
O01906,2024-03-06,C0003,web,completed,2024-03-06T09:35:47Z
O02047,2024-03-06,C0051,web,completed,2024-03-06T12:28:53Z
O02518,2024-03-06,C0116,web,completed,2024-03-06T19:27:06Z
O03936,2024-03-06,C0060,web,completed,2024-03-06T21:34:10Z
O05408,2024-03-06,C0023,web,cancelled,2024-03-06T15:30:33Z
O05537,2024-03-06,C0109,phone,completed,2024-03-06T13:17:41Z
O00013,2024-03-07,C0159,web,completed,2024-03-07T19:00:59Z
O00969,2024-03-07,C0034,web,completed,2024-03-07T23:01:30Z
O01484,2024-03-07,C0043,store,completed,2024-03-07T10:41:43Z
O01894,2024-03-07,C0129,web,completed,2024-03-07T23:19:19Z
O02141,2024-03-07,C0068,web,completed,2024-03-07T16:10:25Z
O02647,2024-03-07,C0096,web,completed,2024-03-07T06:22:40Z
O03126,2024-03-07,C0062,web,completed,2024-03-07T14:19:47Z
O04859,2024-03-07,C0018,web,completed,2024-03-07T21:54:49Z
O05263,2024-03-07,C0029,web,completed,2024-03-07T15:23:19Z
O00850,2024-03-08,C0153,web,completed,2024-03-08T20:42:48Z
O00896,2024-03-08,C0143,web,completed,2024-03-08T16:13:53Z
O01491,2024-03-08,C0087,web,completed,2024-03-08T09:34:52Z
O01855,2024-03-08,C0159,web,completed,2024-03-08T08:19:09Z
O02752,2024-03-08,C0160,web,completed,2024-03-08T17:16:04Z
O04376,2024-03-08,C0169,web,completed,2024-03-08T06:13:00Z
O04446,2024-03-08,C0012,store,completed,2024-03-08T13:51:46Z
O04642,2024-03-08,C0004,web,completed,2024-03-08T05:20:39Z
O05595,2024-03-08,C0159,web,completed,2024-03-08T21:20:10Z
O00654,2024-03-09,C0104,web,completed,2024-03-09T09:03:51Z
O01142,2024-03-09,C0111,store,completed,2024-03-09T17:33:32Z
O01231,2024-03-09,C0164,web,completed,2024-03-09T21:02:05Z
O01956,2024-03-09,C0018,web,completed,2024-03-09T14:32:44Z
O03041,2024-03-09,C0041,web,completed,2024-03-09T12:19:45Z
O03393,2024-03-09,C0171,web,completed,2024-03-09T17:32:45Z
O03935,2024-03-09,C0109,store,completed,2024-03-09T13:18:22Z
O01719,2024-03-10,C0049,web,completed,2024-03-10T11:37:12Z
O01744,2024-03-10,C0155,store,completed,2024-03-10T16:57:07Z
O02003,2024-03-10,C0082,store,completed,2024-03-10T10:20:10Z
O03014,2024-03-10,C0160,store,completed,2024-03-10T11:02:49Z
O03581,2024-03-10,C0073,web,completed,2024-03-10T15:41:59Z
O03878,2024-03-10,C0141,phone,cancelled,2024-03-10T10:59:39Z
O05066,2024-03-10,C0113,web,completed,2024-03-10T16:55:23Z
O05375,2024-03-10,C0096,store,completed,2024-03-10T18:57:58Z
O05970,2024-03-10,C0130,web,completed,2024-03-10T21:27:11Z
O00847,2024-03-11,C0016,web,completed,2024-03-11T11:28:39Z
O01043,2024-03-11,C0147,store,completed,2024-03-11T12:15:44Z
O01099,2024-03-11,C0006,web,completed,2024-03-11T18:44:33Z
O04213,2024-03-11,C0159,web,completed,2024-03-11T21:22:42Z
O04724,2024-03-11,C0078,store,completed,2024-03-11T09:31:02Z
O04883,2024-03-11,C0159,store,completed,2024-03-11T14:22:29Z
O05780,2024-03-11,C0025,web,completed,2024-03-11T12:17:25Z
O05888,2024-03-11,C0039,web,completed,2024-03-11T20:06:49Z
O00548,2024-03-12,C0036,store,completed,2024-03-12T14:09:23Z
O01140,2024-03-12,C0160,web,completed,2024-03-12T12:07:31Z
O05007,2024-03-12,C0001,phone,completed,2024-03-12T11:27:33Z
O05601,2024-03-12,C0035,phone,completed,2024-03-12T14:50:03Z
O00298,2024-03-13,C0112,store,completed,2024-03-13T09:00:12Z
O02089,2024-03-13,C0174,phone,completed,2024-03-13T16:46:38Z
O02865,2024-03-13,C0126,phone,completed,2024-03-13T10:50:53Z
O03049,2024-03-13,C0018,phone,completed,2024-03-13T12:49:28Z
O04490,2024-03-13,C0074,web,completed,2024-03-13T22:28:03Z
O05726,2024-03-13,C0042,store,cancelled,2024-03-13T11:28:35Z
O00438,2024-03-14,C0154,web,completed,2024-03-14T10:18:40Z
O00984,2024-03-14,C0137,phone,completed,2024-03-14T10:53:05Z
O01254,2024-03-14,C0066,web,completed,2024-03-14T11:06:25Z
O02412,2024-03-14,C0066,web,completed,2024-03-14T10:04:08Z
O03561,2024-03-14,C0089,web,completed,2024-03-14T21:10:19Z
O03885,2024-03-14,C0021,phone,completed,2024-03-14T11:14:03Z
O04251,2024-03-14,C0142,web,completed,2024-03-14T14:20:15Z
O04491,2024-03-14,C0133,web,completed,2024-03-14T18:25:12Z
O04631,2024-03-14,C0083,web,completed,2024-03-14T21:01:55Z
O05183,2024-03-14,C0106,web,completed,2024-03-14T08:45:06Z
O05184,2024-03-14,C0018,web,completed,2024-03-14T08:27:37Z
O05289,2024-03-14,C0116,web,completed,2024-03-14T09:11:51Z
O05604,2024-03-14,C0027,store,completed,2024-03-14T16:06:49Z
O05607,2024-03-14,C0026,web,completed,2024-03-14T17:08:59Z
O00667,2024-03-15,C0047,web,completed,2024-03-15T06:12:24Z
O00889,2024-03-15,C0159,web,completed,2024-03-15T13:28:56Z
O01459,2024-03-15,C0012,web,completed,2024-03-15T18:54:48Z
O02832,2024-03-15,C0112,web,completed,2024-03-15T10:48:58Z
O03854,2024-03-15,C0112,web,cancelled,2024-03-15T16:31:29Z
O04040,2024-03-15,C0106,store,completed,2024-03-15T19:57:22Z
O04361,2024-03-15,C0082,store,completed,2024-03-15T13:47:35Z
O05053,2024-03-15,C0163,web,completed,2024-03-15T09:39:19Z
O05133,2024-03-15,C0124,store,completed,2024-03-15T11:58:06Z
O05579,2024-03-15,C0110,web,completed,2024-03-15T21:01:35Z
O05779,2024-03-15,C0042,web,completed,2024-03-15T14:40:24Z
O05838,2024-03-15,C0064,phone,completed,2024-03-15T12:48:37Z
O00160,2024-03-16,C0148,web,pending,2024-03-16T22:48:55Z
O00178,2024-03-16,C0167,web,completed,2024-03-16T14:46:19Z
O03163,2024-03-16,C0086,web,completed,2024-03-16T16:58:34Z
O04207,2024-03-16,C0110,web,completed,2024-03-16T16:17:39Z
O04237,2024-03-16,C0095,phone,completed,2024-03-16T13:22:19Z
O04844,2024-03-16,C0052,web,completed,2024-03-16T14:04:22Z
O04886,2024-03-16,C0069,web,completed,2024-03-16T08:18:09Z
O00383,2024-03-17,C0064,store,completed,2024-03-17T16:58:23Z
O01296,2024-03-17,C0074,store,completed,2024-03-17T11:46:33Z
O02012,2024-03-17,C0020,web,completed,2024-03-17T20:31:15Z
O02639,2024-03-17,C0143,web,completed,2024-03-17T21:58:55Z
O02838,2024-03-17,C0156,store,completed,2024-03-17T14:06:40Z
O02845,2024-03-17,C0046,web,completed,2024-03-17T06:39:56Z
O03483,2024-03-17,C0053,store,completed,2024-03-17T13:06:55Z
O04637,2024-03-17,C0138,store,completed,2024-03-17T14:58:00Z
O04748,2024-03-17,C0163,store,completed,2024-03-17T09:56:40Z
O05455,2024-03-17,C0096,web,completed,2024-03-17T18:04:01Z
O00050,2024-03-18,C0154,web,completed,2024-03-18T20:09:51Z
O01806,2024-03-18,C0075,store,completed,2024-03-18T13:12:27Z
O03089,2024-03-18,C0060,web,completed,2024-03-18T00:34:47Z
O04183,2024-03-18,C0164,web,completed,2024-03-18T13:52:52Z
O04261,2024-03-18,C0005,web,completed,2024-03-18T14:51:33Z
O04330,2024-03-18,C0068,web,completed,2024-03-18T12:40:09Z
O04366,2024-03-18,C0050,web,completed,2024-03-18T20:08:29Z
O04398,2024-03-18,C0054,web,completed,2024-03-18T17:14:57Z
O05558,2024-03-18,C0004,phone,completed,2024-03-18T17:47:51Z
O05843,2024-03-18,C0110,web,completed,2024-03-18T10:55:35Z
O00964,2024-03-19,C0104,web,completed,2024-03-19T21:34:22Z
O01015,2024-03-19,C0097,web,completed,2024-03-19T08:23:48Z
O01102,2024-03-19,C0056,web,cancelled,2024-03-19T16:14:33Z
O01401,2024-03-19,C0164,web,completed,2024-03-19T23:43:36Z
O01620,2024-03-19,C0129,web,completed,2024-03-19T15:56:22Z
O01875,2024-03-19,C0001,web,completed,2024-03-19T15:07:07Z
O02482,2024-03-19,C0166,web,completed,2024-03-19T20:13:50Z
O03203,2024-03-19,C0115,web,completed,2024-03-19T12:42:18Z
O03360,2024-03-19,C0124,store,completed,2024-03-19T18:03:01Z
O03643,2024-03-19,C0094,web,completed,2024-03-19T17:30:27Z
O03932,2024-03-19,C0045,web,completed,2024-03-19T19:34:09Z
O04725,2024-03-19,C0083,web,completed,2024-03-19T19:06:22Z
O04795,2024-03-19,C0134,web,completed,2024-03-19T18:08:02Z
O05162,2024-03-19,C0008,phone,completed,2024-03-19T12:57:31Z
O00362,2024-03-20,C0095,web,completed,2024-03-20T11:26:08Z
O01370,2024-03-20,C0126,web,pending,2024-03-20T10:29:20Z
O01770,2024-03-20,C0044,web,completed,2024-03-20T08:30:56Z
O02505,2024-03-20,C0083,web,completed,2024-03-20T15:13:48Z
O02663,2024-03-20,C0144,phone,completed,2024-03-20T17:14:04Z
O04868,2024-03-20,C0050,store,completed,2024-03-20T15:59:52Z
O04980,2024-03-20,C0149,web,completed,2024-03-20T18:21:25Z
O05649,2024-03-20,C0049,store,completed,2024-03-20T13:21:02Z
O05992,2024-03-20,C0004,web,completed,2024-03-20T17:22:59Z
O00882,2024-03-21,C0073,web,completed,2024-03-21T22:39:02Z
O02502,2024-03-21,C0091,web,completed,2024-03-21T19:32:18Z
O02651,2024-03-21,C0041,web,completed,2024-03-21T22:23:02Z
O02895,2024-03-21,C0050,web,pending,2024-03-21T22:45:50Z
O03323,2024-03-21,C0090,store,completed,2024-03-21T10:16:03Z
O03837,2024-03-21,C0170,web,completed,2024-03-21T21:56:09Z
O04974,2024-03-21,C0021,phone,cancelled,2024-03-21T13:04:54Z
O00052,2024-03-22,C0137,store,completed,2024-03-22T14:42:23Z
O00529,2024-03-22,C0120,store,completed,2024-03-22T13:59:03Z
O01059,2024-03-22,C0013,web,pending,2024-03-22T23:17:18Z
O04257,2024-03-22,C0059,web,completed,2024-03-22T10:30:17Z
O04301,2024-03-22,C0032,web,completed,2024-03-22T23:11:05Z
O04421,2024-03-22,C0100,store,completed,2024-03-22T17:07:42Z
O04477,2024-03-22,C0009,web,completed,2024-03-22T21:07:58Z
O05896,2024-03-22,C0088,web,completed,2024-03-22T21:21:56Z
O00004,2024-03-23,C0109,web,completed,2024-03-23T09:55:47Z
O00226,2024-03-23,C0017,web,completed,2024-03-23T17:23:32Z
O00729,2024-03-23,C0047,web,completed,2024-03-23T21:12:58Z
O01891,2024-03-23,C0054,web,completed,2024-03-23T19:45:28Z
O03062,2024-03-23,C0176,web,completed,2024-03-23T16:51:23Z
O03960,2024-03-23,C0132,phone,completed,2024-03-23T11:11:23Z
O04480,2024-03-23,C0120,store,completed,2024-03-23T10:43:04Z
O04680,2024-03-23,C0170,web,completed,2024-03-23T20:43:26Z
O04776,2024-03-23,C0118,web,completed,2024-03-23T22:50:36Z
O05381,2024-03-23,C0030,store,completed,2024-03-23T09:18:09Z
O00955,2024-03-24,C0147,web,completed,2024-03-24T11:16:58Z
O01682,2024-03-24,C0032,web,completed,2024-03-24T11:23:30Z
O02007,2024-03-24,C0101,web,completed,2024-03-24T22:52:58Z
O02175,2024-03-24,C0159,web,completed,2024-03-24T11:33:02Z
O02538,2024-03-24,C0079,web,completed,2024-03-24T09:55:03Z
O03158,2024-03-24,C0177,phone,completed,2024-03-24T10:08:34Z
O03882,2024-03-24,C0002,web,completed,2024-03-24T22:15:32Z
O03959,2024-03-24,C0049,web,completed,2024-03-24T18:47:12Z
O03962,2024-03-24,C0127,web,completed,2024-03-24T20:51:37Z
O03969,2024-03-24,C0022,web,completed,2024-03-24T21:37:56Z
O04702,2024-03-24,C0020,store,completed,2024-03-24T12:06:05Z
O05806,2024-03-24,C0074,web,completed,2024-03-24T11:24:26Z
O00110,2024-03-25,C0071,phone,completed,2024-03-25T17:50:22Z
O00595,2024-03-25,C0135,web,completed,2024-03-25T20:07:32Z
O03297,2024-03-25,C0033,web,completed,2024-03-25T10:36:19Z
O03595,2024-03-25,C0080,web,completed,2024-03-25T19:10:40Z
O04755,2024-03-25,C0019,web,completed,2024-03-25T15:48:13Z
O00484,2024-03-26,C0118,web,completed,2024-03-26T19:54:10Z
O01439,2024-03-26,C0180,web,completed,2024-03-26T22:45:11Z
O03313,2024-03-26,C0092,store,completed,2024-03-26T10:35:29Z
O04616,2024-03-26,C0034,store,completed,2024-03-26T14:01:30Z
O05677,2024-03-26,C0039,store,completed,2024-03-26T13:16:59Z
O00119,2024-03-27,C0176,web,completed,2024-03-27T16:30:28Z
O01006,2024-03-27,C0118,web,completed,2024-03-27T15:58:04Z
O01876,2024-03-27,C0131,phone,completed,2024-03-27T13:14:13Z
O01881,2024-03-27,C0062,web,completed,2024-03-27T19:36:03Z
O04313,2024-03-27,C0116,web,completed,2024-03-27T23:01:28Z
O04521,2024-03-27,C0109,web,completed,2024-03-27T21:16:28Z
O04527,2024-03-27,C0023,web,completed,2024-03-27T06:48:49Z
O04555,2024-03-27,C0023,web,completed,2024-03-27T19:44:46Z
O04560,2024-03-27,C0049,web,completed,2024-03-27T15:27:38Z
O05918,2024-03-27,C0164,web,completed,2024-03-27T21:46:37Z
O01380,2024-03-28,C0121,phone,completed,2024-03-28T11:26:39Z
O01539,2024-03-28,C0079,web,completed,2024-03-28T19:55:57Z
O02406,2024-03-28,C0062,web,completed,2024-03-28T14:35:25Z
O02702,2024-03-28,C0005,web,completed,2024-03-28T20:22:30Z
O03533,2024-03-28,C0162,web,completed,2024-03-28T20:29:27Z
O03771,2024-03-28,C0091,web,completed,2024-03-28T11:35:44Z
O03889,2024-03-28,C0087,web,completed,2024-03-28T09:23:11Z
O03906,2024-03-28,C0166,web,completed,2024-03-28T18:06:44Z
O03909,2024-03-28,C0104,web,completed,2024-03-28T21:43:16Z
O03920,2024-03-28,C0098,store,completed,2024-03-28T10:05:57Z
O04349,2024-03-28,C0018,store,completed,2024-03-28T10:16:11Z
O04918,2024-03-28,C0170,web,cancelled,2024-03-28T12:19:31Z
O05027,2024-03-28,C0127,phone,completed,2024-03-28T16:43:45Z
O05640,2024-03-28,C0144,store,completed,2024-03-28T16:50:10Z
O05868,2024-03-28,C0015,web,completed,2024-03-28T14:47:28Z
O00476,2024-03-29,C0106,store,completed,2024-03-29T10:23:16Z
O00633,2024-03-29,C0085,store,completed,2024-03-29T12:22:07Z
O03347,2024-03-29,C0048,web,cancelled,2024-03-29T17:49:42Z
O04215,2024-03-29,C0179,web,completed,2024-03-29T07:25:28Z
O04230,2024-03-29,C0133,web,completed,2024-03-29T20:34:44Z
O05523,2024-03-29,C0119,web,completed,2024-03-29T21:12:26Z
O00299,2024-03-30,C0141,phone,completed,2024-03-30T15:16:14Z
O00324,2024-03-30,C0081,web,completed,2024-03-30T14:10:10Z
O00455,2024-03-30,C0139,store,completed,2024-03-30T13:20:23Z
O00493,2024-03-30,C0164,store,completed,2024-03-30T11:54:45Z
O01766,2024-03-30,C0095,web,completed,2024-03-30T13:11:16Z
O01864,2024-03-30,C0127,store,completed,2024-03-30T10:00:26Z
O02902,2024-03-30,C0115,store,completed,2024-03-30T12:51:22Z
O03794,2024-03-30,C0177,web,completed,2024-03-30T11:32:45Z
O04048,2024-03-30,C0167,web,completed,2024-03-30T22:21:29Z
O05134,2024-03-30,C0169,phone,completed,2024-03-30T14:01:52Z
O00228,2024-03-31,C0098,web,completed,2024-03-31T23:28:36Z
O00403,2024-03-31,C0047,store,pending,2024-03-31T18:49:54Z
O01244,2024-03-31,C0058,web,completed,2024-03-31T20:21:27Z
O01288,2024-03-31,C0001,web,completed,2024-03-31T07:42:00Z
O01450,2024-03-31,C0039,phone,pending,2024-03-31T12:28:29Z
O01697,2024-03-31,C0024,web,completed,2024-03-31T15:27:34Z
O02032,2024-03-31,C0064,web,completed,2024-03-31T17:38:50Z
O02330,2024-03-31,C0068,phone,completed,2024-03-31T10:42:13Z
O03704,2024-03-31,C0003,web,completed,2024-03-31T20:04:50Z
O04341,2024-03-31,C0058,store,completed,2024-03-31T20:40:52Z
O04586,2024-03-31,C0111,web,pending,2024-03-31T21:09:18Z
O05598,2024-03-31,C0032,web,completed,2024-03-31T15:44:16Z
O00701,2024-04-01,C0030,web,completed,2024-04-01T18:37:56Z
O00723,2024-04-01,C0059,store,cancelled,2024-04-01T12:59:33Z
O02096,2024-04-01,C0146,store,cancelled,2024-04-01T12:12:10Z
O02872,2024-04-01,C0039,store,completed,2024-04-01T11:44:03Z
O03993,2024-04-01,C0043,web,completed,2024-04-01T22:45:24Z
O04061,2024-04-01,C0027,web,completed,2024-04-01T21:00:40Z
O04068,2024-04-01,C0015,store,completed,2024-04-01T11:44:10Z
O04117,2024-04-01,C0102,web,completed,2024-04-01T20:58:15Z
O05061,2024-04-01,C0136,web,completed,2024-04-01T22:46:08Z
O05110,2024-04-01,C0126,store,completed,2024-04-01T15:59:48Z
O05674,2024-04-01,C0138,web,completed,2024-04-01T11:57:16Z
O01257,2024-04-02,C0131,web,completed,2024-04-02T23:33:15Z
O02791,2024-04-02,C0063,web,completed,2024-04-02T15:59:25Z
O03355,2024-04-02,C0044,store,completed,2024-04-02T11:46:46Z
O04029,2024-04-02,C0111,store,completed,2024-04-02T16:34:22Z
O01165,2024-04-03,C0146,store,completed,2024-04-03T17:50:12Z
O01497,2024-04-03,C0166,web,cancelled,2024-04-03T00:34:34Z
O01749,2024-04-03,C0151,store,completed,2024-04-03T20:52:02Z
O02215,2024-04-03,C0051,web,completed,2024-04-03T11:53:31Z
O04216,2024-04-03,C0062,phone,completed,2024-04-03T15:46:05Z
O04246,2024-04-03,C0154,web,completed,2024-04-03T15:20:44Z
O04304,2024-04-03,C0057,web,completed,2024-04-03T14:14:11Z
O04552,2024-04-03,C0158,web,completed,2024-04-03T10:33:24Z
O01421,2024-04-04,C0044,web,completed,2024-04-04T16:44:51Z
O01647,2024-04-04,C0018,web,completed,2024-04-04T19:44:41Z
O02615,2024-04-04,C0036,store,completed,2024-04-04T20:09:24Z
O03270,2024-04-04,C0175,web,completed,2024-04-04T15:14:55Z
O03504,2024-04-04,C0042,store,completed,2024-04-04T11:59:43Z
O04354,2024-04-04,C0092,web,completed,2024-04-04T20:58:05Z
O04604,2024-04-04,C0082,phone,pending,2024-04-04T12:07:12Z
O05504,2024-04-04,C0096,web,completed,2024-04-04T10:24:27Z
O02621,2024-04-05,C0052,phone,completed,2024-04-05T11:11:47Z
O03419,2024-04-05,C0156,phone,completed,2024-04-05T16:32:48Z
O04306,2024-04-05,C0060,web,completed,2024-04-05T12:36:16Z
O05099,2024-04-05,C0121,web,completed,2024-04-05T12:16:08Z
O00015,2024-04-06,C0054,store,completed,2024-04-06T19:30:24Z
O00146,2024-04-06,C0094,web,completed,2024-04-06T11:24:50Z
O01060,2024-04-06,C0171,web,completed,2024-04-06T15:15:02Z
O01074,2024-04-06,C0033,store,completed,2024-04-06T11:47:38Z
O01772,2024-04-06,C0110,phone,completed,2024-04-06T15:09:12Z
O03053,2024-04-06,C0052,web,completed,2024-04-06T22:36:51Z
O04966,2024-04-06,C0030,store,completed,2024-04-06T17:04:13Z
O05417,2024-04-06,C0105,store,completed,2024-04-06T09:51:52Z
O00201,2024-04-07,C0078,web,completed,2024-04-07T13:05:37Z
O00411,2024-04-07,C0009,web,completed,2024-04-07T20:36:07Z
O00458,2024-04-07,C0007,store,completed,2024-04-07T16:09:56Z
O00517,2024-04-07,C0104,web,completed,2024-04-07T20:58:26Z
O00740,2024-04-07,C0038,phone,completed,2024-04-07T16:11:31Z
O02205,2024-04-07,C0039,store,completed,2024-04-07T16:02:49Z
O03251,2024-04-07,C0126,web,completed,2024-04-07T20:37:17Z
O05187,2024-04-07,C0091,web,completed,2024-04-07T09:59:14Z
O05439,2024-04-07,C0157,store,completed,2024-04-07T14:40:30Z
O00044,2024-04-08,C0054,store,completed,2024-04-08T14:51:23Z
O01070,2024-04-08,C0085,phone,pending,2024-04-08T15:57:54Z
O01155,2024-04-08,C0086,web,completed,2024-04-08T11:46:44Z
O01988,2024-04-08,C0066,web,completed,2024-04-08T19:15:31Z
O03180,2024-04-08,C0092,phone,completed,2024-04-08T10:20:47Z
O03446,2024-04-08,C0090,web,completed,2024-04-08T22:00:43Z
O05952,2024-04-08,C0007,store,completed,2024-04-08T18:09:59Z
O00841,2024-04-09,C0170,web,completed,2024-04-09T14:21:38Z
O01096,2024-04-09,C0143,web,completed,2024-04-09T16:04:59Z
O01710,2024-04-09,C0113,web,completed,2024-04-09T08:35:24Z
O02478,2024-04-09,C0176,store,completed,2024-04-09T18:05:17Z
O03752,2024-04-09,C0028,web,completed,2024-04-09T20:36:22Z
O05140,2024-04-09,C0046,web,completed,2024-04-09T23:28:53Z
O00547,2024-04-10,C0013,phone,completed,2024-04-10T11:14:46Z
O00589,2024-04-10,C0095,web,cancelled,2024-04-10T13:14:36Z
O01730,2024-04-10,C0052,web,completed,2024-04-10T19:56:49Z
O01868,2024-04-10,C0157,store,completed,2024-04-10T09:27:13Z
O03513,2024-04-10,C0063,web,completed,2024-04-10T19:19:33Z
O05498,2024-04-10,C0085,web,completed,2024-04-10T16:28:03Z
O05723,2024-04-10,C0062,web,completed,2024-04-10T14:49:51Z
O05961,2024-04-10,C0104,web,completed,2024-04-10T05:50:23Z
O00868,2024-04-11,C0156,phone,completed,2024-04-11T16:52:03Z
O01715,2024-04-11,C0135,web,completed,2024-04-11T20:32:15Z
O01926,2024-04-11,C0069,store,completed,2024-04-11T17:13:44Z
O02457,2024-04-11,C0149,web,completed,2024-04-11T21:17:12Z
O04877,2024-04-11,C0065,web,cancelled,2024-04-11T17:24:46Z
O04956,2024-04-11,C0026,web,completed,2024-04-11T11:47:13Z
O05260,2024-04-11,C0096,web,completed,2024-04-11T04:20:57Z
O00389,2024-04-12,C0149,phone,completed,2024-04-12T14:06:38Z
O00933,2024-04-12,C0148,web,completed,2024-04-12T20:55:31Z
O01031,2024-04-12,C0067,web,completed,2024-04-12T16:07:26Z
O02022,2024-04-12,C0062,web,completed,2024-04-12T19:18:12Z
O03998,2024-04-12,C0049,store,completed,2024-04-12T18:50:48Z
O04097,2024-04-12,C0011,web,completed,2024-04-12T14:58:34Z
O04897,2024-04-12,C0024,web,completed,2024-04-12T09:15:58Z
O04954,2024-04-12,C0070,web,completed,2024-04-12T22:40:55Z
O04992,2024-04-12,C0097,web,completed,2024-04-12T13:49:10Z
O00380,2024-04-13,C0131,web,cancelled,2024-04-13T11:07:05Z
O01968,2024-04-13,C0160,web,completed,2024-04-13T09:22:04Z
O02764,2024-04-13,C0063,web,completed,2024-04-13T23:05:04Z
O02780,2024-04-13,C0103,web,completed,2024-04-13T09:31:49Z
O02947,2024-04-13,C0108,store,completed,2024-04-13T14:05:46Z
O03803,2024-04-13,C0003,web,completed,2024-04-13T18:24:52Z
O04132,2024-04-13,C0085,web,completed,2024-04-13T19:26:31Z
O04305,2024-04-13,C0020,web,completed,2024-04-13T19:24:26Z
O04448,2024-04-13,C0051,web,completed,2024-04-13T14:10:28Z
O00068,2024-04-14,C0148,store,completed,2024-04-14T11:25:47Z
O01119,2024-04-14,C0092,web,completed,2024-04-14T12:25:09Z
O01217,2024-04-14,C0043,web,completed,2024-04-14T11:47:50Z
O01563,2024-04-14,C0144,web,completed,2024-04-14T13:57:41Z
O01870,2024-04-14,C0024,phone,completed,2024-04-14T15:52:04Z
O02126,2024-04-14,C0134,store,cancelled,2024-04-14T16:12:18Z
O02396,2024-04-14,C0147,web,completed,2024-04-14T11:27:41Z
O02848,2024-04-14,C0051,web,completed,2024-04-14T22:06:17Z
O04221,2024-04-14,C0141,web,completed,2024-04-14T18:14:17Z
O04228,2024-04-14,C0090,web,completed,2024-04-14T17:17:37Z
O04314,2024-04-14,C0016,web,completed,2024-04-14T18:09:37Z
O00700,2024-04-15,C0073,web,completed,2024-04-15T09:19:41Z
O01916,2024-04-15,C0180,web,completed,2024-04-15T19:33:40Z
O02503,2024-04-15,C0073,phone,completed,2024-04-15T09:45:26Z
O03339,2024-04-15,C0027,web,completed,2024-04-15T15:26:05Z
O03836,2024-04-15,C0037,web,completed,2024-04-15T11:19:26Z
O03853,2024-04-15,C0017,web,completed,2024-04-15T20:46:14Z
O03912,2024-04-15,C0127,web,completed,2024-04-15T21:27:32Z
O04658,2024-04-15,C0050,web,completed,2024-04-15T20:57:28Z
O05634,2024-04-15,C0092,phone,completed,2024-04-15T13:04:37Z
O05836,2024-04-15,C0084,web,completed,2024-04-15T22:55:29Z
O01458,2024-04-16,C0016,web,completed,2024-04-16T17:38:36Z
O02196,2024-04-16,C0017,web,completed,2024-04-16T20:07:04Z
O02701,2024-04-16,C0130,phone,completed,2024-04-16T13:40:28Z
O02867,2024-04-16,C0061,web,completed,2024-04-16T22:20:29Z
O03815,2024-04-16,C0128,store,completed,2024-04-16T13:58:57Z
O04424,2024-04-16,C0009,web,completed,2024-04-16T16:35:10Z
O04522,2024-04-16,C0070,web,completed,2024-04-16T11:08:05Z
O04599,2024-04-16,C0088,web,completed,2024-04-16T00:38:25Z
O05020,2024-04-16,C0158,phone,completed,2024-04-16T15:32:44Z
O05314,2024-04-16,C0068,web,completed,2024-04-16T05:12:34Z
O05915,2024-04-16,C0167,web,completed,2024-04-16T09:06:56Z
O01204,2024-04-17,C0105,web,completed,2024-04-17T10:24:37Z
O02123,2024-04-17,C0062,store,completed,2024-04-17T12:23:38Z
O02169,2024-04-17,C0168,phone,completed,2024-04-17T12:17:45Z
O02508,2024-04-17,C0071,web,completed,2024-04-17T11:14:54Z
O02549,2024-04-17,C0062,web,completed,2024-04-17T17:09:45Z
O03342,2024-04-17,C0012,web,completed,2024-04-17T21:21:59Z
O04109,2024-04-17,C0066,store,completed,2024-04-17T11:43:17Z
O04243,2024-04-17,C0025,store,completed,2024-04-17T11:40:15Z
O00982,2024-04-18,C0078,store,completed,2024-04-18T14:45:59Z
O02906,2024-04-18,C0029,web,completed,2024-04-18T23:06:31Z
O04461,2024-04-18,C0090,web,completed,2024-04-18T19:43:51Z
O00616,2024-04-19,C0077,web,completed,2024-04-19T22:19:12Z
O01613,2024-04-19,C0080,store,completed,2024-04-19T14:40:49Z
O01689,2024-04-19,C0084,store,cancelled,2024-04-19T12:56:26Z
O01758,2024-04-19,C0099,store,completed,2024-04-19T20:26:59Z
O03033,2024-04-19,C0150,store,completed,2024-04-19T18:34:47Z
O03552,2024-04-19,C0153,web,completed,2024-04-19T12:02:19Z
O04730,2024-04-19,C0064,store,cancelled,2024-04-19T14:04:33Z
O05984,2024-04-19,C0120,store,completed,2024-04-19T14:34:38Z
O00886,2024-04-20,C0102,web,completed,2024-04-20T15:40:44Z
O02905,2024-04-20,C0160,web,completed,2024-04-20T13:25:19Z
O03257,2024-04-20,C0101,web,cancelled,2024-04-20T09:25:11Z
O04945,2024-04-20,C0092,web,completed,2024-04-20T21:59:26Z
O05586,2024-04-20,C0137,store,completed,2024-04-20T11:06:45Z
O05766,2024-04-20,C0146,web,completed,2024-04-20T17:10:01Z
O05799,2024-04-20,C0069,web,completed,2024-04-20T13:06:10Z
O05908,2024-04-20,C0143,store,completed,2024-04-20T15:53:16Z
O00549,2024-04-21,C0163,store,completed,2024-04-21T09:00:03Z
O00712,2024-04-21,C0122,web,completed,2024-04-21T18:48:01Z
O01651,2024-04-21,C0050,store,completed,2024-04-21T17:06:09Z
O02662,2024-04-21,C0120,web,completed,2024-04-21T18:13:26Z
O02746,2024-04-21,C0153,store,completed,2024-04-21T13:22:04Z
O02946,2024-04-21,C0079,web,completed,2024-04-21T20:37:53Z
O04225,2024-04-21,C0067,web,completed,2024-04-21T01:32:10Z
O04589,2024-04-21,C0012,web,completed,2024-04-21T22:20:32Z
O05209,2024-04-21,C0089,web,completed,2024-04-21T09:53:12Z
O02378,2024-04-22,C0026,web,completed,2024-04-22T19:08:43Z
O03852,2024-04-22,C0055,web,completed,2024-04-22T18:57:57Z
O04444,2024-04-22,C0126,phone,completed,2024-04-22T13:33:18Z
O04629,2024-04-22,C0003,web,completed,2024-04-22T16:46:21Z
O05039,2024-04-22,C0140,store,completed,2024-04-22T11:44:02Z
O00518,2024-04-23,C0068,store,completed,2024-04-23T12:28:42Z
O00721,2024-04-23,C0178,web,completed,2024-04-23T02:19:26Z
O00934,2024-04-23,C0014,store,completed,2024-04-23T15:14:36Z
O01477,2024-04-23,C0014,web,completed,2024-04-23T20:31:48Z
O03617,2024-04-23,C0058,store,completed,2024-04-23T16:02:06Z
O03832,2024-04-23,C0025,store,completed,2024-04-23T13:37:36Z
O04253,2024-04-23,C0135,phone,completed,2024-04-23T11:10:02Z
O00283,2024-04-24,C0067,web,completed,2024-04-24T11:34:27Z
O00308,2024-04-24,C0178,web,completed,2024-04-24T15:04:10Z
O01830,2024-04-24,C0145,web,completed,2024-04-24T21:34:55Z
O02428,2024-04-24,C0042,web,completed,2024-04-24T11:36:55Z
O04072,2024-04-24,C0035,store,completed,2024-04-24T09:18:55Z
O05060,2024-04-24,C0118,web,completed,2024-04-24T22:30:00Z
O00774,2024-04-25,C0031,phone,completed,2024-04-25T14:42:58Z
O00828,2024-04-25,C0126,web,completed,2024-04-25T22:13:58Z
O00992,2024-04-25,C0136,web,completed,2024-04-25T17:47:04Z
O02351,2024-04-25,C0175,store,completed,2024-04-25T17:03:36Z
O03449,2024-04-25,C0172,web,completed,2024-04-25T18:28:25Z
O03893,2024-04-25,C0042,web,completed,2024-04-25T18:30:09Z
O04081,2024-04-25,C0161,web,completed,2024-04-25T20:42:04Z
O04469,2024-04-25,C0166,web,completed,2024-04-25T20:11:50Z
O04617,2024-04-25,C0129,web,completed,2024-04-25T16:43:30Z
O01555,2024-04-26,C0148,store,cancelled,2024-04-26T12:55:58Z
O01627,2024-04-26,C0024,store,completed,2024-04-26T16:01:22Z
O02464,2024-04-26,C0071,phone,completed,2024-04-26T10:22:13Z
O05929,2024-04-26,C0109,web,completed,2024-04-26T16:35:56Z
O05940,2024-04-26,C0057,web,completed,2024-04-26T20:05:12Z
O00268,2024-04-27,C0057,web,completed,2024-04-27T21:39:22Z
O00567,2024-04-27,C0068,phone,completed,2024-04-27T15:47:14Z
O02212,2024-04-27,C0108,store,completed,2024-04-27T15:28:55Z
O02911,2024-04-27,C0107,web,completed,2024-04-27T12:05:41Z
O03259,2024-04-27,C0139,phone,completed,2024-04-27T17:32:09Z
O03294,2024-04-27,C0087,web,completed,2024-04-27T08:40:40Z
O03443,2024-04-27,C0144,web,completed,2024-04-27T13:18:04Z
O03597,2024-04-27,C0080,web,completed,2024-04-27T16:45:45Z
O04067,2024-04-27,C0027,store,completed,2024-04-27T12:30:20Z
O05256,2024-04-27,C0090,web,completed,2024-04-27T21:43:31Z
O05818,2024-04-27,C0061,store,completed,2024-04-27T17:02:26Z
O00090,2024-04-28,C0141,store,completed,2024-04-28T19:15:39Z
O01329,2024-04-28,C0079,web,completed,2024-04-28T08:21:53Z
O04367,2024-04-28,C0141,web,completed,2024-04-28T16:16:08Z
O05565,2024-04-28,C0113,web,completed,2024-04-28T09:11:41Z
O05653,2024-04-28,C0023,store,completed,2024-04-28T09:32:17Z
O01129,2024-04-29,C0115,web,completed,2024-04-29T09:12:26Z
O01509,2024-04-29,C0003,web,pending,2024-04-29T15:32:31Z
O02480,2024-04-29,C0104,web,completed,2024-04-29T12:25:01Z
O03839,2024-04-29,C0118,store,pending,2024-04-29T15:18:22Z
O04947,2024-04-29,C0038,web,completed,2024-04-29T19:45:06Z
O05693,2024-04-29,C0131,web,completed,2024-04-29T02:27:14Z
O05825,2024-04-29,C0098,web,completed,2024-04-29T16:19:23Z
O00286,2024-04-30,C0075,web,cancelled,2024-04-30T20:00:22Z
O00762,2024-04-30,C0159,web,completed,2024-04-30T17:12:35Z
O01472,2024-04-30,C0122,store,pending,2024-04-30T09:37:30Z
O01639,2024-04-30,C0135,web,completed,2024-04-30T13:51:25Z
O02048,2024-04-30,C0143,web,completed,2024-04-30T08:05:46Z
O02921,2024-04-30,C0178,phone,completed,2024-04-30T16:19:01Z
O02925,2024-04-30,C0114,web,completed,2024-04-30T18:14:45Z
O04234,2024-04-30,C0171,web,completed,2024-04-30T12:46:47Z
O04326,2024-04-30,C0156,phone,completed,2024-04-30T13:16:55Z
O00981,2024-05-01,C0115,web,completed,2024-05-01T23:44:02Z
O01137,2024-05-01,C0013,web,completed,2024-05-01T16:57:32Z
O02183,2024-05-01,C0175,web,completed,2024-05-01T09:47:20Z
O02637,2024-05-01,C0006,store,completed,2024-05-01T20:11:00Z
O02698,2024-05-01,C0158,web,completed,2024-05-01T16:06:50Z
O03097,2024-05-01,C0040,web,completed,2024-05-01T13:00:28Z
O03519,2024-05-01,C0020,web,completed,2024-05-01T23:17:28Z
O04260,2024-05-01,C0179,store,completed,2024-05-01T10:12:03Z
O04984,2024-05-01,C0179,web,completed,2024-05-01T22:59:15Z
O05501,2024-05-01,C0011,phone,pending,2024-05-01T13:02:05Z
O05881,2024-05-01,C0166,web,completed,2024-05-01T15:00:55Z
O05987,2024-05-01,C0058,web,completed,2024-05-01T17:59:58Z
O00334,2024-05-02,C0085,web,completed,2024-05-02T12:52:30Z
O01101,2024-05-02,C0067,web,completed,2024-05-02T21:09:26Z
O01654,2024-05-02,C0069,store,completed,2024-05-02T12:24:51Z
O01723,2024-05-02,C0011,store,completed,2024-05-02T13:19:31Z
O01822,2024-05-02,C0143,web,completed,2024-05-02T23:13:11Z
O02283,2024-05-02,C0171,phone,completed,2024-05-02T11:11:01Z
O04161,2024-05-02,C0066,web,completed,2024-05-02T14:33:12Z
O04411,2024-05-02,C0161,web,completed,2024-05-02T19:27:10Z
O04756,2024-05-02,C0161,web,completed,2024-05-02T19:22:15Z
O00249,2024-05-03,C0128,web,completed,2024-05-03T14:24:20Z
O00327,2024-05-03,C0163,phone,completed,2024-05-03T14:27:27Z
O00716,2024-05-03,C0107,store,completed,2024-05-03T12:06:51Z
O01621,2024-05-03,C0071,store,completed,2024-05-03T14:15:12Z
O02103,2024-05-03,C0135,web,completed,2024-05-03T21:25:20Z
O03104,2024-05-03,C0090,store,completed,2024-05-03T09:33:29Z
O03253,2024-05-03,C0125,store,completed,2024-05-03T10:57:14Z
O03509,2024-05-03,C0140,web,completed,2024-05-03T20:20:07Z
O03629,2024-05-03,C0130,store,completed,2024-05-03T17:54:56Z
O03647,2024-05-03,C0104,phone,completed,2024-05-03T13:09:42Z
O03739,2024-05-03,C0026,store,completed,2024-05-03T16:41:59Z
O00624,2024-05-04,C0153,phone,completed,2024-05-04T11:31:09Z
O00637,2024-05-04,C0046,web,cancelled,2024-05-04T17:49:31Z
O01672,2024-05-04,C0021,store,completed,2024-05-04T11:26:36Z
O02512,2024-05-04,C0056,web,completed,2024-05-04T02:04:55Z
O02775,2024-05-04,C0087,store,completed,2024-05-04T12:15:02Z
O02824,2024-05-04,C0150,web,completed,2024-05-04T08:45:14Z
O02927,2024-05-04,C0094,store,completed,2024-05-04T12:49:01Z
O03083,2024-05-04,C0167,web,completed,2024-05-04T12:16:11Z
O01287,2024-05-05,C0032,web,completed,2024-05-05T14:25:23Z
O02519,2024-05-05,C0039,store,completed,2024-05-05T12:20:19Z
O04695,2024-05-05,C0056,web,completed,2024-05-05T08:36:01Z
O04715,2024-05-05,C0069,web,completed,2024-05-05T11:17:45Z
O05451,2024-05-05,C0169,web,cancelled,2024-05-05T23:21:55Z
O05490,2024-05-05,C0026,web,completed,2024-05-05T17:47:31Z
O01768,2024-05-06,C0006,web,completed,2024-05-06T13:01:46Z
O02228,2024-05-06,C0104,web,completed,2024-05-06T20:44:50Z
O03105,2024-05-06,C0027,web,completed,2024-05-06T21:10:26Z
O03110,2024-05-06,C0171,store,completed,2024-05-06T16:42:48Z
O03269,2024-05-06,C0078,store,completed,2024-05-06T12:04:55Z
O04201,2024-05-06,C0047,web,completed,2024-05-06T08:55:59Z
O04238,2024-05-06,C0141,store,completed,2024-05-06T16:02:05Z
O05845,2024-05-06,C0108,web,completed,2024-05-06T19:08:02Z
O05985,2024-05-06,C0161,phone,cancelled,2024-05-06T15:44:47Z
O00257,2024-05-07,C0057,web,completed,2024-05-07T18:31:51Z
O00289,2024-05-07,C0034,web,completed,2024-05-07T08:45:16Z
O00749,2024-05-07,C0057,web,completed,2024-05-07T15:51:02Z
O02644,2024-05-07,C0064,store,completed,2024-05-07T13:27:15Z
O04062,2024-05-07,C0139,web,completed,2024-05-07T14:51:25Z
O02551,2024-05-08,C0002,web,completed,2024-05-08T21:11:16Z
O04115,2024-05-08,C0070,phone,cancelled,2024-05-08T16:55:25Z
O05707,2024-05-08,C0139,web,completed,2024-05-08T13:44:30Z
O00120,2024-05-09,C0077,web,completed,2024-05-09T15:28:15Z
O00372,2024-05-09,C0004,web,completed,2024-05-09T17:02:09Z
O01782,2024-05-09,C0062,web,completed,2024-05-09T14:36:33Z
O03786,2024-05-09,C0094,web,completed,2024-05-09T15:28:49Z
O04008,2024-05-09,C0118,web,completed,2024-05-09T12:40:58Z
O01046,2024-05-10,C0055,web,completed,2024-05-10T20:29:58Z
O01284,2024-05-10,C0048,web,completed,2024-05-10T21:09:08Z
O01503,2024-05-10,C0142,web,completed,2024-05-10T17:33:10Z
O02131,2024-05-10,C0091,web,completed,2024-05-10T21:18:35Z
O02888,2024-05-10,C0171,store,completed,2024-05-10T12:09:55Z
O05695,2024-05-10,C0002,web,completed,2024-05-10T08:21:33Z
O00833,2024-05-11,C0088,web,completed,2024-05-11T19:15:03Z
O00931,2024-05-11,C0138,web,completed,2024-05-11T18:10:48Z
O01451,2024-05-11,C0054,web,completed,2024-05-11T07:30:30Z
O01502,2024-05-11,C0069,web,completed,2024-05-11T12:04:39Z
O01607,2024-05-11,C0104,web,completed,2024-05-11T09:23:56Z
O02547,2024-05-11,C0061,web,completed,2024-05-11T21:15:11Z
O02941,2024-05-11,C0096,web,completed,2024-05-11T13:07:35Z
O03733,2024-05-11,C0014,web,completed,2024-05-11T19:29:26Z
O02762,2024-05-12,C0142,web,completed,2024-05-12T10:42:06Z
O03241,2024-05-12,C0066,web,completed,2024-05-12T23:45:27Z
O03280,2024-05-12,C0122,phone,completed,2024-05-12T15:15:28Z
O03700,2024-05-12,C0008,web,completed,2024-05-12T22:55:05Z
O04119,2024-05-12,C0021,phone,completed,2024-05-12T10:35:55Z
O05025,2024-05-12,C0145,web,cancelled,2024-05-12T22:20:18Z
O05550,2024-05-12,C0004,web,completed,2024-05-12T14:40:27Z
O05663,2024-05-12,C0071,web,completed,2024-05-12T15:18:11Z
O05699,2024-05-12,C0019,web,completed,2024-05-12T21:51:15Z
O05935,2024-05-12,C0042,phone,completed,2024-05-12T14:36:04Z
O00014,2024-05-13,C0050,web,completed,2024-05-13T05:06:39Z
O00629,2024-05-13,C0089,store,completed,2024-05-13T12:35:39Z
O03767,2024-05-13,C0023,web,completed,2024-05-13T08:47:56Z
O04426,2024-05-13,C0011,web,completed,2024-05-13T20:24:52Z
O04832,2024-05-13,C0123,web,completed,2024-05-13T09:51:19Z
O05114,2024-05-13,C0145,web,cancelled,2024-05-13T14:52:32Z
O05648,2024-05-13,C0008,store,completed,2024-05-13T12:50:03Z
O00978,2024-05-14,C0137,phone,completed,2024-05-14T12:32:15Z
O01907,2024-05-14,C0068,web,completed,2024-05-14T14:11:11Z
O03171,2024-05-14,C0055,store,completed,2024-05-14T11:18:37Z
O04208,2024-05-14,C0084,web,completed,2024-05-14T14:14:20Z
O04530,2024-05-14,C0166,phone,completed,2024-05-14T13:59:46Z
O05261,2024-05-14,C0136,web,completed,2024-05-14T14:17:35Z
O05816,2024-05-14,C0144,web,completed,2024-05-14T23:17:31Z
O00018,2024-05-15,C0100,web,completed,2024-05-15T22:54:47Z
O00056,2024-05-15,C0045,store,completed,2024-05-15T09:42:25Z
O00229,2024-05-15,C0118,store,completed,2024-05-15T15:32:59Z
O01093,2024-05-15,C0053,phone,completed,2024-05-15T12:01:05Z
O01351,2024-05-15,C0107,web,completed,2024-05-15T18:01:07Z
O03486,2024-05-15,C0107,web,completed,2024-05-15T20:01:30Z
O03799,2024-05-15,C0172,web,completed,2024-05-15T20:50:52Z
O03872,2024-05-15,C0010,web,completed,2024-05-15T18:55:36Z
O05301,2024-05-15,C0049,web,completed,2024-05-15T20:35:50Z
O00329,2024-05-16,C0022,web,pending,2024-05-16T21:02:02Z
O01175,2024-05-16,C0180,web,completed,2024-05-16T17:42:12Z
O01320,2024-05-16,C0009,web,completed,2024-05-16T21:45:38Z
O01991,2024-05-16,C0004,web,completed,2024-05-16T15:01:11Z
O02171,2024-05-16,C0067,web,completed,2024-05-16T13:42:42Z
O02554,2024-05-16,C0031,store,completed,2024-05-16T11:41:05Z
O05853,2024-05-16,C0055,store,completed,2024-05-16T18:42:45Z
O00725,2024-05-17,C0027,phone,completed,2024-05-17T10:16:17Z
O02132,2024-05-17,C0117,web,completed,2024-05-17T23:09:42Z
O03184,2024-05-17,C0160,web,completed,2024-05-17T18:12:18Z
O05232,2024-05-17,C0171,web,completed,2024-05-17T13:41:02Z
O00016,2024-05-18,C0004,web,completed,2024-05-18T20:37:02Z
O00086,2024-05-18,C0117,web,completed,2024-05-18T00:57:43Z
O00409,2024-05-18,C0021,store,completed,2024-05-18T19:18:45Z
O02452,2024-05-18,C0149,web,completed,2024-05-18T16:14:29Z
O02471,2024-05-18,C0121,store,completed,2024-05-18T13:05:19Z
O02836,2024-05-18,C0019,store,completed,2024-05-18T14:33:25Z
O03170,2024-05-18,C0161,web,completed,2024-05-18T18:37:53Z
O03516,2024-05-18,C0062,store,completed,2024-05-18T20:49:04Z
O03530,2024-05-18,C0145,web,completed,2024-05-18T14:00:10Z
O03639,2024-05-18,C0056,store,completed,2024-05-18T12:08:17Z
O03921,2024-05-18,C0059,web,completed,2024-05-18T10:06:45Z
O04718,2024-05-18,C0036,store,completed,2024-05-18T13:36:55Z
O05522,2024-05-18,C0105,web,completed,2024-05-18T05:57:04Z
O05606,2024-05-18,C0062,web,cancelled,2024-05-18T15:44:04Z
O05667,2024-05-18,C0013,web,completed,2024-05-18T12:23:59Z
O00393,2024-05-19,C0100,web,completed,2024-05-19T11:07:11Z
O02622,2024-05-19,C0058,web,completed,2024-05-19T18:25:29Z
O03352,2024-05-19,C0124,web,completed,2024-05-19T18:09:22Z
O00290,2024-05-20,C0144,phone,completed,2024-05-20T15:18:08Z
O01147,2024-05-20,C0176,store,completed,2024-05-20T13:05:41Z
O01290,2024-05-20,C0039,web,completed,2024-05-20T21:49:22Z
O02792,2024-05-20,C0176,web,completed,2024-05-20T18:39:04Z
O02886,2024-05-20,C0101,web,completed,2024-05-20T10:41:04Z
O03018,2024-05-20,C0041,store,completed,2024-05-20T16:56:17Z
O03064,2024-05-20,C0096,store,completed,2024-05-20T16:00:03Z
O03616,2024-05-20,C0055,web,pending,2024-05-20T21:42:50Z
O04484,2024-05-20,C0065,phone,completed,2024-05-20T09:18:01Z
O05543,2024-05-20,C0045,web,cancelled,2024-05-20T06:32:51Z
O05585,2024-05-20,C0034,web,completed,2024-05-20T11:28:32Z
O05590,2024-05-20,C0141,web,completed,2024-05-20T15:17:47Z
O03340,2024-05-21,C0056,phone,completed,2024-05-21T12:01:30Z
O03622,2024-05-21,C0110,web,completed,2024-05-21T23:24:09Z
O03654,2024-05-21,C0129,web,completed,2024-05-21T21:56:03Z
O04005,2024-05-21,C0090,web,completed,2024-05-21T16:05:53Z
O00216,2024-05-22,C0071,web,completed,2024-05-22T19:55:41Z
O00733,2024-05-22,C0118,store,completed,2024-05-22T12:49:25Z
O01003,2024-05-22,C0173,web,completed,2024-05-22T14:20:31Z
O01659,2024-05-22,C0016,web,completed,2024-05-22T16:25:19Z
O01836,2024-05-22,C0101,web,cancelled,2024-05-22T13:45:15Z
O02325,2024-05-22,C0163,store,completed,2024-05-22T12:02:08Z
O02826,2024-05-22,C0038,web,completed,2024-05-22T21:12:36Z
O03311,2024-05-22,C0150,web,completed,2024-05-22T09:27:41Z
O04476,2024-05-22,C0021,store,cancelled,2024-05-22T17:05:14Z
O04679,2024-05-22,C0018,web,completed,2024-05-22T09:34:00Z
O04794,2024-05-22,C0027,web,completed,2024-05-22T06:17:45Z
O00726,2024-05-23,C0061,web,completed,2024-05-23T23:16:02Z
O03258,2024-05-23,C0039,phone,completed,2024-05-23T14:06:04Z
O03727,2024-05-23,C0138,web,completed,2024-05-23T18:20:45Z
O04170,2024-05-23,C0175,web,pending,2024-05-23T14:33:00Z
O04826,2024-05-23,C0013,store,completed,2024-05-23T14:11:59Z
O04899,2024-05-23,C0095,web,completed,2024-05-23T12:23:11Z
O05761,2024-05-23,C0135,web,completed,2024-05-23T09:23:33Z
O00760,2024-05-24,C0028,web,completed,2024-05-24T18:13:47Z
O01171,2024-05-24,C0016,web,completed,2024-05-24T20:28:53Z
O01872,2024-05-24,C0025,web,completed,2024-05-24T20:12:14Z
O01933,2024-05-24,C0080,store,cancelled,2024-05-24T14:44:17Z
O05528,2024-05-24,C0008,web,completed,2024-05-24T13:32:55Z
O02006,2024-05-25,C0100,store,completed,2024-05-25T15:54:58Z
O02407,2024-05-25,C0042,phone,completed,2024-05-25T12:11:32Z
O03013,2024-05-25,C0005,web,completed,2024-05-25T16:20:06Z
O03056,2024-05-25,C0007,store,completed,2024-05-25T11:58:31Z
O03367,2024-05-25,C0061,store,completed,2024-05-25T09:51:55Z
O03712,2024-05-25,C0049,phone,completed,2024-05-25T10:05:11Z
O03972,2024-05-25,C0053,web,completed,2024-05-25T20:50:05Z
O04039,2024-05-25,C0113,web,completed,2024-05-25T21:55:43Z
O04315,2024-05-25,C0123,store,completed,2024-05-25T09:03:41Z
O04960,2024-05-25,C0141,store,completed,2024-05-25T15:15:45Z
O05211,2024-05-25,C0028,store,completed,2024-05-25T17:53:43Z
O00210,2024-05-26,C0017,store,completed,2024-05-26T14:28:19Z
O00434,2024-05-26,C0006,web,completed,2024-05-26T19:11:57Z
O00678,2024-05-26,C0158,store,completed,2024-05-26T14:11:39Z
O00859,2024-05-26,C0090,web,completed,2024-05-26T15:40:45Z
O01106,2024-05-26,C0059,web,completed,2024-05-26T23:29:09Z
O01291,2024-05-26,C0152,store,completed,2024-05-26T11:41:32Z
O02896,2024-05-26,C0043,web,completed,2024-05-26T16:50:34Z
O02944,2024-05-26,C0066,phone,completed,2024-05-26T09:28:24Z
O03598,2024-05-26,C0179,web,completed,2024-05-26T18:45:35Z
O03656,2024-05-26,C0163,web,completed,2024-05-26T19:37:43Z
O03778,2024-05-26,C0078,store,completed,2024-05-26T15:17:47Z
O03944,2024-05-26,C0153,store,completed,2024-05-26T15:56:32Z
O05654,2024-05-26,C0098,web,completed,2024-05-26T18:46:06Z
O05891,2024-05-26,C0025,phone,completed,2024-05-26T11:50:31Z
O02254,2024-05-27,C0049,phone,completed,2024-05-27T16:33:40Z
O02293,2024-05-27,C0143,store,completed,2024-05-27T10:23:35Z
O02676,2024-05-27,C0099,web,completed,2024-05-27T11:00:44Z
O03626,2024-05-27,C0108,web,completed,2024-05-27T21:22:35Z
O04470,2024-05-27,C0079,store,completed,2024-05-27T14:17:20Z
O04927,2024-05-27,C0011,phone,completed,2024-05-27T12:50:51Z
O05924,2024-05-27,C0127,store,completed,2024-05-27T16:22:31Z
O00203,2024-05-28,C0128,web,completed,2024-05-28T14:19:03Z
O00951,2024-05-28,C0020,phone,completed,2024-05-28T10:22:11Z
O01176,2024-05-28,C0023,web,completed,2024-05-28T14:55:56Z
O01411,2024-05-28,C0043,web,completed,2024-05-28T17:59:14Z
O02181,2024-05-28,C0009,web,completed,2024-05-28T08:13:20Z
O02760,2024-05-28,C0180,web,completed,2024-05-28T21:51:23Z
O02891,2024-05-28,C0170,web,completed,2024-05-28T20:48:48Z
O04488,2024-05-28,C0013,store,completed,2024-05-28T10:55:36Z
O04504,2024-05-28,C0068,store,completed,2024-05-28T19:11:24Z
O04731,2024-05-28,C0134,store,completed,2024-05-28T09:57:55Z
O04828,2024-05-28,C0170,web,completed,2024-05-28T21:38:31Z
O05594,2024-05-28,C0116,web,completed,2024-05-28T17:38:12Z
O05619,2024-05-28,C0180,store,completed,2024-05-28T17:40:29Z
O05785,2024-05-28,C0033,web,cancelled,2024-05-28T05:37:40Z
O01701,2024-05-29,C0057,web,completed,2024-05-29T22:29:49Z
O03010,2024-05-29,C0011,web,completed,2024-05-29T12:50:03Z
O03088,2024-05-29,C0090,web,completed,2024-05-29T22:39:56Z
O03303,2024-05-29,C0150,store,completed,2024-05-29T14:46:38Z
O03961,2024-05-29,C0172,web,completed,2024-05-29T16:40:25Z
O04499,2024-05-29,C0073,store,completed,2024-05-29T10:15:05Z
O04948,2024-05-29,C0074,web,completed,2024-05-29T11:19:50Z
O05344,2024-05-29,C0066,phone,cancelled,2024-05-29T10:01:13Z
O05577,2024-05-29,C0142,web,completed,2024-05-29T17:59:12Z
O00254,2024-05-30,C0081,store,completed,2024-05-30T11:23:33Z
O00338,2024-05-30,C0056,web,completed,2024-05-30T14:46:37Z
O01485,2024-05-30,C0074,web,completed,2024-05-30T22:26:09Z
O01912,2024-05-30,C0136,web,completed,2024-05-30T22:02:54Z
O02202,2024-05-30,C0012,web,completed,2024-05-30T21:15:37Z
O03334,2024-05-30,C0088,web,completed,2024-05-30T18:36:38Z
O04046,2024-05-30,C0169,web,completed,2024-05-30T19:31:00Z
O04502,2024-05-30,C0126,web,completed,2024-05-30T22:54:35Z
O04512,2024-05-30,C0087,phone,completed,2024-05-30T15:08:22Z
O05059,2024-05-30,C0077,store,completed,2024-05-30T09:48:30Z
O00313,2024-05-31,C0061,web,completed,2024-05-31T17:00:26Z
O00950,2024-05-31,C0122,web,completed,2024-05-31T13:49:14Z
O01033,2024-05-31,C0001,phone,completed,2024-05-31T13:53:22Z
O01173,2024-05-31,C0081,web,completed,2024-05-31T23:26:10Z
O01603,2024-05-31,C0103,web,completed,2024-05-31T13:56:17Z
O05506,2024-05-31,C0170,web,completed,2024-05-31T17:14:29Z
O00281,2024-06-01,C0038,web,completed,2024-06-01T19:45:57Z
O01474,2024-06-01,C0098,web,completed,2024-06-01T12:32:41Z
O02214,2024-06-01,C0018,web,completed,2024-06-01T04:14:15Z
O02398,2024-06-01,C0028,web,completed,2024-06-01T16:52:01Z
O03084,2024-06-01,C0118,web,completed,2024-06-01T18:36:40Z
O04958,2024-06-01,C0137,store,completed,2024-06-01T16:14:30Z
O05089,2024-06-01,C0144,web,completed,2024-06-01T18:19:23Z
O00412,2024-06-02,C0080,web,completed,2024-06-02T05:43:05Z
O00756,2024-06-02,C0176,web,completed,2024-06-02T19:04:59Z
O02162,2024-06-02,C0005,web,completed,2024-06-02T02:39:33Z
O02784,2024-06-02,C0117,web,completed,2024-06-02T20:28:49Z
O02794,2024-06-02,C0074,web,completed,2024-06-02T17:09:37Z
O03467,2024-06-02,C0166,web,completed,2024-06-02T19:48:51Z
O03585,2024-06-02,C0011,store,completed,2024-06-02T10:08:55Z
O03971,2024-06-02,C0055,web,cancelled,2024-06-02T04:17:50Z
O04316,2024-06-02,C0179,web,completed,2024-06-02T07:43:11Z
O04739,2024-06-02,C0139,store,completed,2024-06-02T09:36:26Z
O04758,2024-06-02,C0153,web,completed,2024-06-02T13:12:09Z
O05227,2024-06-02,C0160,web,completed,2024-06-02T16:05:24Z
O05296,2024-06-02,C0021,store,completed,2024-06-02T16:38:53Z
O01429,2024-06-03,C0166,web,completed,2024-06-03T19:51:07Z
O01726,2024-06-03,C0116,web,completed,2024-06-03T12:43:54Z
O02255,2024-06-03,C0117,phone,completed,2024-06-03T09:22:24Z
O03060,2024-06-03,C0025,web,completed,2024-06-03T22:34:57Z
O03177,2024-06-03,C0127,web,completed,2024-06-03T15:50:40Z
O03460,2024-06-03,C0158,web,completed,2024-06-03T16:42:45Z
O03861,2024-06-03,C0010,web,completed,2024-06-03T05:06:08Z
O04323,2024-06-03,C0155,web,completed,2024-06-03T18:48:13Z
O04328,2024-06-03,C0094,web,completed,2024-06-03T19:03:21Z
O04699,2024-06-03,C0076,store,cancelled,2024-06-03T18:55:49Z
O05365,2024-06-03,C0084,phone,completed,2024-06-03T13:18:46Z
O05488,2024-06-03,C0110,web,completed,2024-06-03T12:08:29Z
O01056,2024-06-04,C0159,web,completed,2024-06-04T10:22:51Z
O01326,2024-06-04,C0099,web,pending,2024-06-04T21:54:54Z
O02307,2024-06-04,C0021,web,completed,2024-06-04T21:54:57Z
O02796,2024-06-04,C0072,web,completed,2024-06-04T11:35:55Z
O02928,2024-06-04,C0026,web,completed,2024-06-04T18:08:25Z
O03006,2024-06-04,C0110,web,completed,2024-06-04T17:20:20Z
O03721,2024-06-04,C0098,web,completed,2024-06-04T12:40:14Z
O04474,2024-06-04,C0108,web,completed,2024-06-04T07:35:29Z
O05541,2024-06-04,C0153,store,completed,2024-06-04T18:32:37Z
O00695,2024-06-05,C0058,web,completed,2024-06-05T17:11:25Z
O03680,2024-06-05,C0043,web,completed,2024-06-05T16:36:12Z
O03976,2024-06-05,C0150,web,completed,2024-06-05T21:22:11Z
O04391,2024-06-05,C0163,store,completed,2024-06-05T16:49:45Z
O05757,2024-06-05,C0113,web,cancelled,2024-06-05T18:17:51Z
O00185,2024-06-06,C0097,phone,cancelled,2024-06-06T11:49:52Z
O00214,2024-06-06,C0175,store,completed,2024-06-06T16:55:47Z
O04057,2024-06-06,C0048,store,completed,2024-06-06T15:10:50Z
O04217,2024-06-06,C0033,phone,cancelled,2024-06-06T17:10:25Z
O05731,2024-06-06,C0146,web,completed,2024-06-06T20:23:44Z
O01202,2024-06-07,C0085,store,completed,2024-06-07T13:54:55Z
O02384,2024-06-07,C0125,web,completed,2024-06-07T14:24:33Z
O02975,2024-06-07,C0177,web,completed,2024-06-07T08:45:13Z
O03363,2024-06-07,C0006,web,completed,2024-06-07T21:41:23Z
O04146,2024-06-07,C0034,phone,completed,2024-06-07T12:33:14Z
O04270,2024-06-07,C0142,store,completed,2024-06-07T13:33:48Z
O05217,2024-06-07,C0023,web,completed,2024-06-07T21:36:04Z
O05683,2024-06-07,C0042,web,completed,2024-06-07T18:23:28Z
O05831,2024-06-07,C0014,phone,completed,2024-06-07T13:34:26Z
O00665,2024-06-08,C0160,web,completed,2024-06-08T15:29:28Z
O00903,2024-06-08,C0122,store,completed,2024-06-08T14:13:30Z
O02410,2024-06-08,C0147,store,completed,2024-06-08T13:47:49Z
O02806,2024-06-08,C0027,web,completed,2024-06-08T20:03:20Z
O02839,2024-06-08,C0029,web,completed,2024-06-08T20:34:51Z
O02846,2024-06-08,C0170,store,completed,2024-06-08T10:05:34Z
O03531,2024-06-08,C0031,web,completed,2024-06-08T12:47:44Z
O03750,2024-06-08,C0086,web,completed,2024-06-08T11:44:40Z
O04415,2024-06-08,C0129,web,completed,2024-06-08T12:29:30Z
O05589,2024-06-08,C0113,web,completed,2024-06-08T22:23:22Z
O01378,2024-06-09,C0084,web,cancelled,2024-06-09T21:14:59Z
O01987,2024-06-09,C0143,web,completed,2024-06-09T21:10:09Z
O02458,2024-06-09,C0094,web,completed,2024-06-09T21:32:01Z
O02820,2024-06-09,C0123,store,cancelled,2024-06-09T13:56:52Z
O03245,2024-06-09,C0030,web,completed,2024-06-09T19:40:31Z
O03376,2024-06-09,C0012,store,completed,2024-06-09T13:43:48Z
O04055,2024-06-09,C0110,store,completed,2024-06-09T16:01:28Z
O04510,2024-06-09,C0178,web,completed,2024-06-09T21:18:13Z
O05267,2024-06-09,C0083,web,completed,2024-06-09T10:33:38Z
O05673,2024-06-09,C0170,web,completed,2024-06-09T23:04:14Z
O00961,2024-06-10,C0039,phone,completed,2024-06-10T11:49:08Z
O01012,2024-06-10,C0012,web,completed,2024-06-10T21:57:13Z
O01029,2024-06-10,C0171,web,completed,2024-06-10T17:31:59Z
O02209,2024-06-10,C0098,web,cancelled,2024-06-10T01:25:33Z
O02533,2024-06-10,C0131,store,completed,2024-06-10T14:55:48Z
O04010,2024-06-10,C0166,phone,completed,2024-06-10T11:40:24Z
O04969,2024-06-10,C0023,web,cancelled,2024-06-10T10:15:44Z
O05475,2024-06-10,C0118,web,completed,2024-06-10T20:18:08Z
O00124,2024-06-11,C0161,web,completed,2024-06-11T14:31:53Z
O00997,2024-06-11,C0120,web,cancelled,2024-06-11T00:42:17Z
O02039,2024-06-11,C0028,web,cancelled,2024-06-11T17:02:20Z
O02690,2024-06-11,C0107,store,pending,2024-06-11T12:35:27Z
O03331,2024-06-11,C0007,web,completed,2024-06-11T10:03:31Z
O03963,2024-06-11,C0013,store,completed,2024-06-11T16:05:34Z
O04059,2024-06-11,C0165,web,completed,2024-06-11T08:18:50Z
O04882,2024-06-11,C0003,web,completed,2024-06-11T10:12:45Z
O05051,2024-06-11,C0115,web,completed,2024-06-11T14:28:46Z
O05539,2024-06-11,C0105,phone,completed,2024-06-11T10:46:11Z
O00271,2024-06-12,C0036,web,cancelled,2024-06-12T16:59:01Z
O00672,2024-06-12,C0178,store,completed,2024-06-12T11:02:43Z
O03497,2024-06-12,C0009,web,completed,2024-06-12T21:06:04Z
O03698,2024-06-12,C0110,store,completed,2024-06-12T18:24:47Z
O03900,2024-06-12,C0103,phone,completed,2024-06-12T15:30:41Z
O04278,2024-06-12,C0088,web,completed,2024-06-12T19:34:31Z
O05403,2024-06-12,C0020,web,completed,2024-06-12T19:45:55Z
O05684,2024-06-12,C0073,store,completed,2024-06-12T10:35:18Z
O05981,2024-06-12,C0169,store,completed,2024-06-12T10:35:56Z
O00768,2024-06-13,C0021,store,completed,2024-06-13T13:05:40Z
O02459,2024-06-13,C0113,phone,completed,2024-06-13T15:48:59Z
O05645,2024-06-13,C0176,web,completed,2024-06-13T10:17:47Z
O05801,2024-06-13,C0073,web,completed,2024-06-13T21:09:02Z
O05994,2024-06-13,C0041,web,completed,2024-06-13T20:36:21Z
O00451,2024-06-14,C0037,store,pending,2024-06-14T15:33:30Z
O01036,2024-06-14,C0008,phone,completed,2024-06-14T11:31:08Z
O01212,2024-06-14,C0028,web,completed,2024-06-14T08:47:06Z
O03576,2024-06-14,C0055,web,completed,2024-06-14T19:13:21Z
O04099,2024-06-14,C0003,store,completed,2024-06-14T11:45:41Z
O04343,2024-06-14,C0007,web,completed,2024-06-14T19:42:32Z
O04953,2024-06-14,C0130,web,completed,2024-06-14T22:27:23Z
O05361,2024-06-14,C0145,store,completed,2024-06-14T17:42:04Z
O05804,2024-06-14,C0150,phone,completed,2024-06-14T14:13:59Z
O01721,2024-06-15,C0125,web,completed,2024-06-15T21:04:34Z
O01817,2024-06-15,C0082,web,completed,2024-06-15T18:51:21Z
O02063,2024-06-15,C0097,web,completed,2024-06-15T19:45:46Z
O03801,2024-06-15,C0055,store,cancelled,2024-06-15T20:00:29Z
O03973,2024-06-15,C0125,store,completed,2024-06-15T09:27:35Z
O04557,2024-06-15,C0112,store,completed,2024-06-15T10:16:14Z
O00376,2024-06-16,C0081,web,completed,2024-06-16T13:34:43Z
O01246,2024-06-16,C0055,web,completed,2024-06-16T10:54:09Z
O03914,2024-06-16,C0037,web,completed,2024-06-16T06:12:52Z
O04867,2024-06-16,C0064,store,completed,2024-06-16T15:25:02Z
O00761,2024-06-17,C0108,web,completed,2024-06-17T04:28:33Z
O01143,2024-06-17,C0035,web,completed,2024-06-17T12:45:35Z
O01184,2024-06-17,C0166,web,cancelled,2024-06-17T15:06:55Z
O01781,2024-06-17,C0011,web,completed,2024-06-17T12:40:40Z
O02580,2024-06-17,C0030,web,completed,2024-06-17T06:52:57Z
O03425,2024-06-17,C0157,web,completed,2024-06-17T23:55:44Z
O01441,2024-06-18,C0102,web,completed,2024-06-18T16:14:13Z
O01686,2024-06-18,C0018,store,completed,2024-06-18T17:31:44Z
O02166,2024-06-18,C0137,web,completed,2024-06-18T11:51:27Z
O02479,2024-06-18,C0043,web,completed,2024-06-18T16:12:49Z
O03116,2024-06-18,C0055,web,cancelled,2024-06-18T19:21:38Z
O03457,2024-06-18,C0020,store,completed,2024-06-18T15:29:16Z
O04409,2024-06-18,C0008,store,completed,2024-06-18T12:36:02Z
O04741,2024-06-18,C0063,web,completed,2024-06-18T20:22:25Z
O04786,2024-06-18,C0102,web,completed,2024-06-18T15:45:14Z
O05960,2024-06-18,C0013,web,completed,2024-06-18T11:22:35Z
O00810,2024-06-19,C0012,web,completed,2024-06-19T11:35:03Z
O02465,2024-06-19,C0107,web,completed,2024-06-19T20:43:22Z
O03168,2024-06-19,C0152,web,cancelled,2024-06-19T14:16:25Z
O03240,2024-06-19,C0126,store,completed,2024-06-19T17:24:19Z
O04482,2024-06-19,C0172,web,pending,2024-06-19T20:16:56Z
O04569,2024-06-19,C0091,store,completed,2024-06-19T15:57:25Z
O00109,2024-06-20,C0025,store,completed,2024-06-20T16:00:27Z
O00123,2024-06-20,C0135,store,completed,2024-06-20T13:41:31Z
O00625,2024-06-20,C0147,store,completed,2024-06-20T12:31:06Z
O01042,2024-06-20,C0096,web,completed,2024-06-20T15:50:07Z
O02020,2024-06-20,C0115,phone,completed,2024-06-20T12:39:33Z
O04544,2024-06-20,C0126,web,completed,2024-06-20T22:13:02Z
O05000,2024-06-20,C0179,web,completed,2024-06-20T18:53:27Z
O00009,2024-06-21,C0023,web,completed,2024-06-21T03:25:14Z
O00994,2024-06-21,C0030,phone,completed,2024-06-21T10:52:13Z
O01226,2024-06-21,C0061,web,completed,2024-06-21T12:08:24Z
O03220,2024-06-21,C0165,phone,completed,2024-06-21T13:32:00Z
O03366,2024-06-21,C0102,web,completed,2024-06-21T10:11:05Z
O03452,2024-06-21,C0176,store,cancelled,2024-06-21T14:18:19Z
O03866,2024-06-21,C0035,web,completed,2024-06-21T17:19:13Z
O04138,2024-06-21,C0177,web,completed,2024-06-21T03:29:56Z
O05046,2024-06-21,C0011,store,completed,2024-06-21T10:42:07Z
O05449,2024-06-21,C0053,phone,completed,2024-06-21T10:53:58Z
O05572,2024-06-21,C0014,web,completed,2024-06-21T18:38:36Z
O05927,2024-06-21,C0057,store,completed,2024-06-21T20:43:05Z
O00818,2024-06-22,C0021,web,completed,2024-06-22T23:24:12Z
O00839,2024-06-22,C0088,phone,completed,2024-06-22T13:33:25Z
O01307,2024-06-22,C0095,store,pending,2024-06-22T12:26:55Z
O02150,2024-06-22,C0058,web,pending,2024-06-22T09:25:59Z
O02447,2024-06-22,C0072,store,completed,2024-06-22T12:40:38Z
O02957,2024-06-22,C0037,web,completed,2024-06-22T23:35:03Z
O03368,2024-06-22,C0155,store,completed,2024-06-22T18:23:34Z
O05259,2024-06-22,C0152,web,completed,2024-06-22T19:52:08Z
O05297,2024-06-22,C0089,web,cancelled,2024-06-22T17:09:40Z
O05426,2024-06-22,C0037,store,cancelled,2024-06-22T13:19:09Z
O05527,2024-06-22,C0113,store,cancelled,2024-06-22T11:15:51Z
O01824,2024-06-23,C0069,store,completed,2024-06-23T09:16:42Z
O01848,2024-06-23,C0069,store,completed,2024-06-23T20:33:00Z
O03546,2024-06-23,C0135,store,completed,2024-06-23T11:07:40Z
O04904,2024-06-23,C0162,store,completed,2024-06-23T09:10:35Z
O05333,2024-06-23,C0122,web,completed,2024-06-23T19:24:35Z
O00181,2024-06-24,C0090,web,completed,2024-06-24T14:20:41Z
O00253,2024-06-24,C0141,store,completed,2024-06-24T14:34:12Z
O02859,2024-06-24,C0124,web,pending,2024-06-24T18:43:52Z
O02991,2024-06-24,C0173,store,completed,2024-06-24T15:47:28Z
O04572,2024-06-24,C0161,web,completed,2024-06-24T13:42:05Z
O04573,2024-06-24,C0180,web,completed,2024-06-24T11:39:00Z
O04961,2024-06-24,C0175,web,completed,2024-06-24T23:50:13Z
O05070,2024-06-24,C0105,web,completed,2024-06-24T21:59:10Z
O05090,2024-06-24,C0060,phone,completed,2024-06-24T11:44:25Z
O05441,2024-06-24,C0051,store,completed,2024-06-24T12:32:47Z
O00365,2024-06-25,C0178,phone,completed,2024-06-25T17:38:52Z
O00820,2024-06-25,C0052,web,completed,2024-06-25T09:05:46Z
O01606,2024-06-25,C0115,phone,completed,2024-06-25T10:28:54Z
O02004,2024-06-25,C0153,web,completed,2024-06-25T17:11:20Z
O03061,2024-06-25,C0083,web,completed,2024-06-25T10:31:00Z
O03358,2024-06-25,C0076,web,completed,2024-06-25T12:40:54Z
O04427,2024-06-25,C0023,web,completed,2024-06-25T20:39:58Z
O05206,2024-06-25,C0050,web,completed,2024-06-25T08:44:35Z
O05326,2024-06-25,C0090,web,completed,2024-06-25T12:55:32Z
O01714,2024-06-26,C0053,web,completed,2024-06-26T13:50:17Z
O03000,2024-06-26,C0119,store,completed,2024-06-26T14:59:10Z
O00912,2024-06-27,C0175,phone,completed,2024-06-27T12:11:39Z
O00924,2024-06-27,C0154,store,completed,2024-06-27T10:15:55Z
O03474,2024-06-27,C0018,store,completed,2024-06-27T14:24:49Z
O04962,2024-06-27,C0116,web,completed,2024-06-27T19:40:42Z
O05494,2024-06-27,C0122,web,completed,2024-06-27T19:36:52Z
O00805,2024-06-28,C0100,store,completed,2024-06-28T15:49:16Z
O00948,2024-06-28,C0050,web,completed,2024-06-28T08:43:36Z
O00962,2024-06-28,C0123,web,completed,2024-06-28T07:44:14Z
O02577,2024-06-28,C0171,store,completed,2024-06-28T09:57:32Z
O05429,2024-06-28,C0159,web,completed,2024-06-28T10:12:36Z
O03155,2024-06-29,C0043,web,completed,2024-06-29T20:55:49Z
O03381,2024-06-29,C0095,store,completed,2024-06-29T12:54:32Z
O04853,2024-06-29,C0112,web,completed,2024-06-29T18:02:28Z
O05765,2024-06-29,C0065,web,completed,2024-06-29T19:07:12Z
O00251,2024-06-30,C0056,web,completed,2024-06-30T23:45:05Z
O00340,2024-06-30,C0053,web,completed,2024-06-30T21:38:35Z
O02399,2024-06-30,C0141,store,completed,2024-06-30T11:16:44Z
O03160,2024-06-30,C0074,web,completed,2024-06-30T07:23:46Z
O03975,2024-06-30,C0126,store,completed,2024-06-30T14:32:06Z
O04905,2024-06-30,C0162,web,completed,2024-06-30T07:45:45Z
O05082,2024-06-30,C0117,phone,pending,2024-06-30T11:19:53Z
O05548,2024-06-30,C0115,web,completed,2024-06-30T20:26:41Z
O00358,2024-07-01,C0164,web,completed,2024-07-01T12:52:42Z
O01377,2024-07-01,C0123,web,completed,2024-07-01T22:14:05Z
O02099,2024-07-01,C0144,web,completed,2024-07-01T13:26:14Z
O02831,2024-07-01,C0012,store,cancelled,2024-07-01T13:21:44Z
O03179,2024-07-01,C0129,store,completed,2024-07-01T13:06:34Z
O04333,2024-07-01,C0079,store,completed,2024-07-01T12:24:08Z
O04337,2024-07-01,C0027,web,completed,2024-07-01T12:50:51Z
O04723,2024-07-01,C0003,web,completed,2024-07-01T18:38:22Z
O04820,2024-07-01,C0113,store,completed,2024-07-01T17:22:03Z
O04913,2024-07-01,C0103,web,completed,2024-07-01T12:22:13Z
O05056,2024-07-01,C0038,web,completed,2024-07-01T23:07:42Z
O05584,2024-07-01,C0066,store,completed,2024-07-01T15:54:00Z
O05650,2024-07-01,C0174,phone,completed,2024-07-01T10:34:38Z
O05833,2024-07-01,C0059,store,completed,2024-07-01T12:14:55Z
O05899,2024-07-01,C0114,web,cancelled,2024-07-01T20:26:26Z
O01404,2024-07-02,C0019,web,completed,2024-07-02T20:12:58Z
O01910,2024-07-02,C0009,web,completed,2024-07-02T16:18:38Z
O02072,2024-07-02,C0094,store,completed,2024-07-02T18:47:14Z
O02611,2024-07-02,C0028,store,completed,2024-07-02T18:29:05Z
O03274,2024-07-02,C0162,store,completed,2024-07-02T15:01:46Z
O03870,2024-07-02,C0106,store,completed,2024-07-02T15:51:29Z
O03991,2024-07-02,C0165,web,completed,2024-07-02T18:11:09Z
O05185,2024-07-02,C0168,store,completed,2024-07-02T11:30:16Z
O05268,2024-07-02,C0156,web,completed,2024-07-02T18:48:26Z
O05873,2024-07-02,C0087,web,completed,2024-07-02T11:09:52Z
O00306,2024-07-03,C0095,web,completed,2024-07-03T14:04:26Z
O00944,2024-07-03,C0041,store,completed,2024-07-03T13:39:10Z
O01735,2024-07-03,C0149,web,completed,2024-07-03T20:03:26Z
O01867,2024-07-03,C0053,web,completed,2024-07-03T02:31:57Z
O03398,2024-07-03,C0160,phone,completed,2024-07-03T15:32:43Z
O05680,2024-07-03,C0043,web,completed,2024-07-03T21:00:54Z
O00813,2024-07-04,C0064,web,completed,2024-07-04T13:00:36Z
O01132,2024-07-04,C0054,store,completed,2024-07-04T15:46:16Z
O01216,2024-07-04,C0069,web,completed,2024-07-04T11:13:06Z
O02077,2024-07-04,C0001,web,completed,2024-07-04T19:18:46Z
O02298,2024-07-04,C0032,phone,completed,2024-07-04T14:32:18Z
O03247,2024-07-04,C0108,phone,completed,2024-07-04T10:27:27Z
O03522,2024-07-04,C0036,store,completed,2024-07-04T14:47:55Z
O04239,2024-07-04,C0112,web,completed,2024-07-04T21:10:54Z
O04892,2024-07-04,C0021,web,cancelled,2024-07-04T21:23:57Z
O05850,2024-07-04,C0101,web,completed,2024-07-04T16:54:02Z
O00373,2024-07-05,C0119,web,completed,2024-07-05T07:19:23Z
O00584,2024-07-05,C0114,web,completed,2024-07-05T12:09:10Z
O00731,2024-07-05,C0085,store,completed,2024-07-05T19:13:11Z
O01823,2024-07-05,C0169,phone,completed,2024-07-05T17:42:45Z
O02353,2024-07-05,C0047,store,completed,2024-07-05T15:03:40Z
O02617,2024-07-05,C0075,store,completed,2024-07-05T12:42:38Z
O04588,2024-07-05,C0176,web,completed,2024-07-05T10:01:56Z
O05852,2024-07-05,C0176,web,completed,2024-07-05T13:40:15Z
O00294,2024-07-06,C0007,web,completed,2024-07-06T19:35:39Z
O01496,2024-07-06,C0009,web,completed,2024-07-06T16:28:37Z
O02315,2024-07-06,C0011,web,completed,2024-07-06T10:45:40Z
O05485,2024-07-06,C0153,store,completed,2024-07-06T12:59:16Z
O05763,2024-07-06,C0032,web,cancelled,2024-07-06T10:55:19Z
O01309,2024-07-07,C0025,web,completed,2024-07-07T13:47:27Z
O03032,2024-07-07,C0045,web,completed,2024-07-07T10:41:11Z
O03148,2024-07-07,C0130,store,completed,2024-07-07T14:15:07Z
O04414,2024-07-07,C0148,store,completed,2024-07-07T15:43:56Z
O05495,2024-07-07,C0022,web,completed,2024-07-07T15:14:54Z
O05507,2024-07-07,C0050,web,completed,2024-07-07T08:41:02Z
O03009,2024-07-08,C0041,store,completed,2024-07-08T16:30:45Z
O03808,2024-07-08,C0136,web,completed,2024-07-08T21:33:03Z
O04095,2024-07-08,C0107,phone,completed,2024-07-08T15:02:22Z
O04282,2024-07-08,C0179,web,completed,2024-07-08T13:35:10Z
O05132,2024-07-08,C0013,phone,completed,2024-07-08T17:04:03Z
O00472,2024-07-09,C0011,web,completed,2024-07-09T21:24:38Z
O00475,2024-07-09,C0162,web,completed,2024-07-09T20:04:42Z
O00732,2024-07-09,C0168,web,completed,2024-07-09T21:17:11Z
O01900,2024-07-09,C0077,web,completed,2024-07-09T00:09:35Z
O02748,2024-07-09,C0179,phone,completed,2024-07-09T11:48:07Z
O03772,2024-07-09,C0071,web,completed,2024-07-09T10:28:19Z
O04944,2024-07-09,C0102,web,completed,2024-07-09T07:51:03Z
O04946,2024-07-09,C0136,phone,completed,2024-07-09T16:27:18Z
O00939,2024-07-10,C0008,phone,completed,2024-07-10T17:07:57Z
O01518,2024-07-10,C0134,web,completed,2024-07-10T09:03:42Z
O02087,2024-07-10,C0160,phone,completed,2024-07-10T13:03:41Z
O02932,2024-07-10,C0130,web,completed,2024-07-10T08:03:11Z
O04757,2024-07-10,C0119,phone,completed,2024-07-10T09:48:36Z
O05022,2024-07-10,C0016,phone,completed,2024-07-10T17:39:40Z
O01026,2024-07-11,C0040,store,completed,2024-07-11T16:33:59Z
O01759,2024-07-11,C0005,web,completed,2024-07-11T19:20:02Z
O02312,2024-07-11,C0043,web,completed,2024-07-11T21:44:21Z
O02677,2024-07-11,C0164,store,completed,2024-07-11T09:02:30Z
O03601,2024-07-11,C0090,store,completed,2024-07-11T19:45:15Z
O04541,2024-07-11,C0023,web,completed,2024-07-11T16:49:10Z
O04610,2024-07-11,C0096,store,pending,2024-07-11T09:59:04Z
O00011,2024-07-12,C0001,web,pending,2024-07-12T20:08:51Z
O00531,2024-07-12,C0084,web,completed,2024-07-12T09:34:17Z
O00773,2024-07-12,C0016,web,completed,2024-07-12T10:36:01Z
O01205,2024-07-12,C0094,store,completed,2024-07-12T14:29:41Z
O01853,2024-07-12,C0077,web,completed,2024-07-12T19:45:23Z
O02722,2024-07-12,C0138,store,completed,2024-07-12T14:34:05Z
O03428,2024-07-12,C0104,web,completed,2024-07-12T09:34:55Z
O03586,2024-07-12,C0044,web,completed,2024-07-12T20:18:55Z
O04026,2024-07-12,C0114,web,completed,2024-07-12T22:44:38Z
O04169,2024-07-12,C0176,store,completed,2024-07-12T18:50:25Z
O04308,2024-07-12,C0056,web,completed,2024-07-12T00:14:03Z
O04627,2024-07-12,C0063,web,completed,2024-07-12T08:58:05Z
O04809,2024-07-12,C0040,store,completed,2024-07-12T12:10:42Z
O04949,2024-07-12,C0007,web,completed,2024-07-12T20:58:35Z
O05028,2024-07-12,C0159,web,pending,2024-07-12T09:51:44Z
O05340,2024-07-12,C0079,web,completed,2024-07-12T14:36:00Z
O05829,2024-07-12,C0081,store,completed,2024-07-12T12:04:19Z
O01789,2024-07-13,C0111,store,completed,2024-07-13T12:32:48Z
O03147,2024-07-13,C0011,store,completed,2024-07-13T16:17:41Z
O03264,2024-07-13,C0169,web,completed,2024-07-13T09:47:48Z
O03388,2024-07-13,C0168,web,completed,2024-07-13T19:27:11Z
O04701,2024-07-13,C0002,store,completed,2024-07-13T15:20:29Z
O04896,2024-07-13,C0011,store,completed,2024-07-13T13:14:06Z
O01405,2024-07-14,C0127,web,completed,2024-07-14T17:21:05Z
O01932,2024-07-14,C0110,web,completed,2024-07-14T10:00:07Z
O02043,2024-07-14,C0135,store,pending,2024-07-14T19:14:17Z
O02085,2024-07-14,C0038,web,completed,2024-07-14T14:43:19Z
O02225,2024-07-14,C0076,web,cancelled,2024-07-14T21:56:33Z
O02405,2024-07-14,C0017,store,completed,2024-07-14T18:47:17Z
O02535,2024-07-14,C0020,web,completed,2024-07-14T08:52:33Z
O02963,2024-07-14,C0174,phone,cancelled,2024-07-14T11:16:48Z
O03999,2024-07-14,C0085,web,completed,2024-07-14T21:18:28Z
O04172,2024-07-14,C0035,web,completed,2024-07-14T23:30:33Z
O04857,2024-07-14,C0084,web,completed,2024-07-14T12:56:29Z
O05453,2024-07-14,C0119,web,completed,2024-07-14T05:16:48Z
O00413,2024-07-15,C0051,web,completed,2024-07-15T08:48:18Z
O01837,2024-07-15,C0061,store,completed,2024-07-15T14:11:02Z
O02774,2024-07-15,C0175,web,completed,2024-07-15T07:09:41Z
O03688,2024-07-15,C0155,web,completed,2024-07-15T07:00:28Z
O04006,2024-07-15,C0114,store,completed,2024-07-15T12:03:13Z
O04043,2024-07-15,C0138,store,completed,2024-07-15T11:58:45Z
O00422,2024-07-16,C0168,phone,completed,2024-07-16T17:19:08Z
O01904,2024-07-16,C0179,web,completed,2024-07-16T22:18:35Z
O02019,2024-07-16,C0073,web,completed,2024-07-16T19:41:42Z
O02763,2024-07-16,C0065,web,completed,2024-07-16T19:33:49Z
O02807,2024-07-16,C0053,web,completed,2024-07-16T16:24:32Z
O02827,2024-07-16,C0071,web,pending,2024-07-16T13:57:06Z
O02968,2024-07-16,C0006,phone,completed,2024-07-16T14:28:02Z
O03768,2024-07-16,C0158,web,completed,2024-07-16T12:06:05Z
O04191,2024-07-16,C0133,store,completed,2024-07-16T11:50:38Z
O04934,2024-07-16,C0084,web,completed,2024-07-16T18:08:25Z
O05385,2024-07-16,C0062,web,completed,2024-07-16T08:07:26Z
O00789,2024-07-17,C0149,web,completed,2024-07-17T14:37:43Z
O02052,2024-07-17,C0126,web,completed,2024-07-17T18:32:29Z
O02083,2024-07-17,C0108,web,completed,2024-07-17T16:00:57Z
O02790,2024-07-17,C0082,web,completed,2024-07-17T20:57:29Z
O03532,2024-07-17,C0173,web,completed,2024-07-17T16:07:01Z
O03809,2024-07-17,C0094,web,completed,2024-07-17T22:28:19Z
O04214,2024-07-17,C0097,web,completed,2024-07-17T12:52:59Z
O05054,2024-07-17,C0028,web,completed,2024-07-17T19:20:02Z
O05813,2024-07-17,C0121,web,completed,2024-07-17T07:12:01Z
O05872,2024-07-17,C0166,web,completed,2024-07-17T18:19:04Z
O00635,2024-07-18,C0028,web,completed,2024-07-18T22:48:56Z
O00957,2024-07-18,C0045,store,completed,2024-07-18T14:47:36Z
O01008,2024-07-18,C0038,web,completed,2024-07-18T12:29:03Z
O01009,2024-07-18,C0004,web,completed,2024-07-18T20:52:06Z
O01921,2024-07-18,C0161,web,cancelled,2024-07-18T07:47:18Z
O02887,2024-07-18,C0094,web,completed,2024-07-18T02:58:26Z
O05198,2024-07-18,C0116,store,completed,2024-07-18T16:08:48Z
O05573,2024-07-18,C0166,store,completed,2024-07-18T14:12:50Z
O00513,2024-07-19,C0032,store,completed,2024-07-19T13:05:50Z
O00827,2024-07-19,C0102,web,completed,2024-07-19T17:34:13Z
O02691,2024-07-19,C0071,web,completed,2024-07-19T22:28:16Z
O04443,2024-07-19,C0139,web,completed,2024-07-19T04:04:14Z
O04848,2024-07-19,C0110,web,completed,2024-07-19T14:11:21Z
O00292,2024-07-20,C0025,phone,completed,2024-07-20T13:33:52Z
O00504,2024-07-20,C0053,phone,completed,2024-07-20T11:54:31Z
O00783,2024-07-20,C0098,web,completed,2024-07-20T13:44:49Z
O00826,2024-07-20,C0145,web,completed,2024-07-20T10:11:06Z
O01752,2024-07-20,C0004,phone,completed,2024-07-20T13:27:40Z
O01815,2024-07-20,C0102,web,completed,2024-07-20T20:08:35Z
O02715,2024-07-20,C0002,web,completed,2024-07-20T20:19:23Z
O02759,2024-07-20,C0151,phone,completed,2024-07-20T09:31:06Z
O04782,2024-07-20,C0144,web,completed,2024-07-20T05:01:19Z
O05242,2024-07-20,C0132,web,completed,2024-07-20T16:17:21Z
O05294,2024-07-20,C0079,web,pending,2024-07-20T17:56:28Z
O00676,2024-07-21,C0045,web,completed,2024-07-21T19:10:40Z
O01283,2024-07-21,C0153,web,completed,2024-07-21T13:10:20Z
O01605,2024-07-21,C0106,web,completed,2024-07-21T18:51:35Z
O02279,2024-07-21,C0073,store,completed,2024-07-21T12:41:19Z
O02415,2024-07-21,C0171,web,completed,2024-07-21T19:19:38Z
O03540,2024-07-21,C0129,web,pending,2024-07-21T09:22:26Z
O03742,2024-07-21,C0179,web,completed,2024-07-21T21:31:02Z
O03804,2024-07-21,C0021,store,completed,2024-07-21T17:00:09Z
O03897,2024-07-21,C0045,web,completed,2024-07-21T17:43:25Z
O04827,2024-07-21,C0036,web,completed,2024-07-21T01:39:54Z
O04833,2024-07-21,C0034,store,completed,2024-07-21T13:17:57Z
O05277,2024-07-21,C0005,store,completed,2024-07-21T12:08:51Z
O05295,2024-07-21,C0045,web,completed,2024-07-21T22:39:33Z
O05910,2024-07-21,C0057,web,cancelled,2024-07-21T11:33:41Z
O00714,2024-07-22,C0128,phone,completed,2024-07-22T13:56:56Z
O02001,2024-07-22,C0069,web,completed,2024-07-22T15:08:16Z
O03146,2024-07-22,C0102,store,completed,2024-07-22T10:23:41Z
O03338,2024-07-22,C0147,web,cancelled,2024-07-22T23:38:01Z
O04963,2024-07-22,C0125,phone,completed,2024-07-22T14:51:55Z
O01624,2024-07-23,C0033,store,completed,2024-07-23T10:43:06Z
O03034,2024-07-23,C0064,web,completed,2024-07-23T19:28:38Z
O03077,2024-07-23,C0033,web,completed,2024-07-23T07:31:50Z
O05026,2024-07-23,C0163,store,completed,2024-07-23T14:29:54Z
O05246,2024-07-23,C0111,web,completed,2024-07-23T21:48:48Z
O00074,2024-07-24,C0051,web,completed,2024-07-24T17:22:15Z
O00126,2024-07-24,C0013,web,completed,2024-07-24T17:43:06Z
O00742,2024-07-24,C0135,web,completed,2024-07-24T19:59:08Z
O00925,2024-07-24,C0062,web,completed,2024-07-24T17:32:03Z
O01158,2024-07-24,C0027,web,completed,2024-07-24T13:37:13Z
O01179,2024-07-24,C0001,web,cancelled,2024-07-24T18:03:47Z
O02395,2024-07-24,C0125,store,completed,2024-07-24T09:03:51Z
O02553,2024-07-24,C0076,store,cancelled,2024-07-24T17:29:20Z
O04667,2024-07-24,C0166,web,completed,2024-07-24T19:06:24Z
O05091,2024-07-24,C0130,web,pending,2024-07-24T09:21:31Z
O00410,2024-07-25,C0026,web,completed,2024-07-25T07:52:52Z
O02578,2024-07-25,C0096,web,cancelled,2024-07-25T22:25:49Z
O03237,2024-07-25,C0179,web,completed,2024-07-25T18:10:33Z
O03806,2024-07-25,C0027,web,completed,2024-07-25T23:26:14Z
O04852,2024-07-25,C0102,web,completed,2024-07-25T07:09:33Z
O05430,2024-07-25,C0059,web,completed,2024-07-25T13:26:19Z
O00881,2024-07-26,C0155,web,completed,2024-07-26T01:35:35Z
O00901,2024-07-26,C0080,store,completed,2024-07-26T12:45:11Z
O00973,2024-07-26,C0054,web,completed,2024-07-26T05:52:21Z
O01281,2024-07-26,C0039,phone,completed,2024-07-26T16:08:20Z
O01883,2024-07-26,C0021,web,completed,2024-07-26T19:41:45Z
O02226,2024-07-26,C0097,store,completed,2024-07-26T12:56:49Z
O02257,2024-07-26,C0021,web,completed,2024-07-26T19:48:33Z
O04244,2024-07-26,C0148,web,completed,2024-07-26T00:01:02Z
O04285,2024-07-26,C0170,web,completed,2024-07-26T23:38:46Z
O05083,2024-07-26,C0145,phone,completed,2024-07-26T16:11:54Z
O00526,2024-07-27,C0144,web,completed,2024-07-27T03:04:47Z
O01019,2024-07-27,C0053,web,completed,2024-07-27T16:28:47Z
O01512,2024-07-27,C0115,web,completed,2024-07-27T01:23:17Z
O02383,2024-07-27,C0034,web,completed,2024-07-27T20:05:47Z
O03718,2024-07-27,C0108,web,completed,2024-07-27T18:23:18Z
O03777,2024-07-27,C0055,web,completed,2024-07-27T13:47:58Z
O04866,2024-07-27,C0060,phone,completed,2024-07-27T12:30:26Z
O00073,2024-07-28,C0116,web,pending,2024-07-28T17:28:24Z
O00622,2024-07-28,C0156,web,completed,2024-07-28T17:41:25Z
O04229,2024-07-28,C0122,web,completed,2024-07-28T21:25:54Z
O04513,2024-07-28,C0111,store,completed,2024-07-28T19:17:33Z
O05161,2024-07-28,C0015,store,cancelled,2024-07-28T13:20:42Z
O05356,2024-07-28,C0030,web,completed,2024-07-28T21:54:33Z
O05668,2024-07-28,C0161,web,pending,2024-07-28T19:11:44Z
O00144,2024-07-29,C0076,store,completed,2024-07-29T15:18:44Z
O01695,2024-07-29,C0117,store,completed,2024-07-29T11:37:29Z
O01809,2024-07-29,C0027,store,completed,2024-07-29T14:59:00Z
O04339,2024-07-29,C0045,web,completed,2024-07-29T21:31:36Z
O00081,2024-07-30,C0161,store,pending,2024-07-30T10:34:48Z
O00492,2024-07-30,C0106,phone,completed,2024-07-30T14:44:45Z
O02327,2024-07-30,C0063,web,completed,2024-07-30T14:24:51Z
O03005,2024-07-30,C0007,web,completed,2024-07-30T15:58:34Z
O03997,2024-07-30,C0109,web,completed,2024-07-30T00:36:38Z
O05905,2024-07-30,C0003,phone,completed,2024-07-30T14:01:34Z
O00001,2024-07-31,C0046,phone,completed,2024-07-31T13:25:48Z
O00107,2024-07-31,C0155,web,completed,2024-07-31T19:27:16Z
O01959,2024-07-31,C0094,web,completed,2024-07-31T22:36:42Z
O02061,2024-07-31,C0065,web,completed,2024-07-31T23:14:58Z
O02648,2024-07-31,C0089,store,completed,2024-07-31T18:53:45Z
O04104,2024-07-31,C0150,web,completed,2024-07-31T18:50:10Z
O05363,2024-07-31,C0071,web,completed,2024-07-31T17:48:45Z
O01366,2024-08-01,C0100,web,completed,2024-08-01T17:36:52Z
O02115,2024-08-01,C0172,store,completed,2024-08-01T10:35:22Z
O02249,2024-08-01,C0035,web,completed,2024-08-01T17:59:25Z
O02360,2024-08-01,C0044,store,completed,2024-08-01T10:55:09Z
O02734,2024-08-01,C0113,web,completed,2024-08-01T21:58:29Z
O02923,2024-08-01,C0122,store,completed,2024-08-01T09:58:00Z
O03125,2024-08-01,C0008,web,completed,2024-08-01T16:00:09Z
O05440,2024-08-01,C0094,store,cancelled,2024-08-01T16:17:47Z
O05728,2024-08-01,C0168,web,completed,2024-08-01T11:42:35Z
O00929,2024-08-02,C0176,store,completed,2024-08-02T10:13:18Z
O01594,2024-08-02,C0027,phone,completed,2024-08-02T16:43:32Z
O02002,2024-08-02,C0011,store,completed,2024-08-02T18:26:13Z
O02114,2024-08-02,C0118,web,completed,2024-08-02T13:39:28Z
O02546,2024-08-02,C0149,phone,completed,2024-08-02T12:58:59Z
O02740,2024-08-02,C0084,phone,completed,2024-08-02T10:14:51Z
O02841,2024-08-02,C0142,web,completed,2024-08-02T21:38:33Z
O04329,2024-08-02,C0119,web,completed,2024-08-02T13:08:31Z
O05235,2024-08-02,C0102,web,pending,2024-08-02T12:02:47Z
O00817,2024-08-03,C0117,web,completed,2024-08-03T16:32:55Z
O01931,2024-08-03,C0126,web,completed,2024-08-03T18:25:30Z
O02754,2024-08-03,C0008,web,completed,2024-08-03T19:36:30Z
O02920,2024-08-03,C0043,store,completed,2024-08-03T18:53:11Z
O03199,2024-08-03,C0131,store,completed,2024-08-03T19:19:48Z
O03304,2024-08-03,C0178,store,completed,2024-08-03T17:00:28Z
O03793,2024-08-03,C0153,store,completed,2024-08-03T17:13:18Z
O00536,2024-08-04,C0138,phone,completed,2024-08-04T14:59:08Z
O00564,2024-08-04,C0061,web,completed,2024-08-04T13:53:26Z
O00823,2024-08-04,C0063,store,completed,2024-08-04T12:35:23Z
O00893,2024-08-04,C0169,phone,completed,2024-08-04T15:25:15Z
O01526,2024-08-04,C0168,web,completed,2024-08-04T20:09:04Z
O01550,2024-08-04,C0148,phone,completed,2024-08-04T15:37:47Z
O02557,2024-08-04,C0020,store,cancelled,2024-08-04T13:35:43Z
O04380,2024-08-04,C0102,web,cancelled,2024-08-04T22:53:48Z
O05343,2024-08-04,C0113,web,completed,2024-08-04T14:06:29Z
O05520,2024-08-04,C0114,web,completed,2024-08-04T20:23:17Z
O00320,2024-08-05,C0039,web,completed,2024-08-05T20:03:19Z
O00967,2024-08-05,C0051,web,completed,2024-08-05T20:28:05Z
O01103,2024-08-05,C0098,web,completed,2024-08-05T06:28:59Z
O01533,2024-08-05,C0047,store,completed,2024-08-05T18:44:52Z
O01731,2024-08-05,C0070,web,completed,2024-08-05T22:14:26Z
O02543,2024-08-05,C0035,store,completed,2024-08-05T12:15:07Z
O02693,2024-08-05,C0159,phone,completed,2024-08-05T13:59:13Z
O04438,2024-08-05,C0104,phone,completed,2024-08-05T16:46:00Z
O04801,2024-08-05,C0083,store,completed,2024-08-05T10:14:14Z
O05457,2024-08-05,C0043,web,completed,2024-08-05T11:15:13Z
O00275,2024-08-06,C0122,store,completed,2024-08-06T15:23:19Z
O01174,2024-08-06,C0124,web,completed,2024-08-06T18:00:53Z
O01546,2024-08-06,C0085,web,cancelled,2024-08-06T18:34:41Z
O02199,2024-08-06,C0099,web,completed,2024-08-06T14:21:09Z
O02560,2024-08-06,C0161,store,completed,2024-08-06T12:17:57Z
O02674,2024-08-06,C0074,web,completed,2024-08-06T18:14:16Z
O03542,2024-08-06,C0032,web,completed,2024-08-06T16:08:50Z
O04188,2024-08-06,C0018,web,completed,2024-08-06T19:20:33Z
O04190,2024-08-06,C0141,web,completed,2024-08-06T21:12:40Z
O04466,2024-08-06,C0089,web,completed,2024-08-06T19:08:11Z
O00213,2024-08-07,C0099,web,completed,2024-08-07T08:45:57Z
O00524,2024-08-07,C0005,web,completed,2024-08-07T18:46:24Z
O00613,2024-08-07,C0036,store,completed,2024-08-07T14:18:03Z
O00645,2024-08-07,C0045,web,completed,2024-08-07T21:04:12Z
O00697,2024-08-07,C0168,web,completed,2024-08-07T20:30:32Z
O01540,2024-08-07,C0059,store,completed,2024-08-07T12:42:01Z
O02306,2024-08-07,C0106,web,completed,2024-08-07T21:39:10Z
O02602,2024-08-07,C0001,store,completed,2024-08-07T09:40:45Z
O02626,2024-08-07,C0038,web,completed,2024-08-07T14:14:23Z
O05933,2024-08-07,C0117,web,completed,2024-08-07T12:25:51Z
O00152,2024-08-08,C0123,web,completed,2024-08-08T13:56:12Z
O00631,2024-08-08,C0111,web,completed,2024-08-08T13:32:12Z
O00824,2024-08-08,C0086,phone,completed,2024-08-08T11:52:04Z
O02667,2024-08-08,C0156,web,completed,2024-08-08T10:53:25Z
O03660,2024-08-08,C0063,web,completed,2024-08-08T21:32:03Z
O03867,2024-08-08,C0141,web,completed,2024-08-08T11:54:54Z
O04287,2024-08-08,C0154,web,completed,2024-08-08T21:14:40Z
O04299,2024-08-08,C0100,phone,completed,2024-08-08T11:15:25Z
O05201,2024-08-08,C0180,web,completed,2024-08-08T11:20:07Z
O00437,2024-08-09,C0130,web,completed,2024-08-09T14:06:34Z
O00470,2024-08-09,C0106,web,cancelled,2024-08-09T14:50:36Z
O00611,2024-08-09,C0160,store,completed,2024-08-09T12:02:20Z
O01794,2024-08-09,C0168,store,completed,2024-08-09T17:47:52Z
O02137,2024-08-09,C0030,store,completed,2024-08-09T12:55:34Z
O02453,2024-08-09,C0100,web,completed,2024-08-09T12:52:03Z
O02876,2024-08-09,C0110,web,completed,2024-08-09T20:00:10Z
O03106,2024-08-09,C0119,web,pending,2024-08-09T15:43:29Z
O03222,2024-08-09,C0112,web,completed,2024-08-09T10:45:05Z
O03949,2024-08-09,C0170,web,completed,2024-08-09T14:22:57Z
O05170,2024-08-09,C0093,web,completed,2024-08-09T18:21:22Z
O00089,2024-08-10,C0004,web,completed,2024-08-10T05:14:36Z
O01944,2024-08-10,C0002,store,completed,2024-08-10T10:47:32Z
O03637,2024-08-10,C0108,store,completed,2024-08-10T16:59:25Z
O04035,2024-08-10,C0058,store,completed,2024-08-10T12:35:02Z
O04077,2024-08-10,C0137,web,completed,2024-08-10T04:02:25Z
O00414,2024-08-11,C0068,store,completed,2024-08-11T18:05:14Z
O00539,2024-08-11,C0108,phone,completed,2024-08-11T13:59:41Z
O02523,2024-08-11,C0113,web,completed,2024-08-11T06:04:09Z
O03166,2024-08-11,C0025,store,completed,2024-08-11T12:14:40Z
O03578,2024-08-11,C0180,web,completed,2024-08-11T15:52:44Z
O04121,2024-08-11,C0127,web,completed,2024-08-11T21:11:45Z
O04908,2024-08-11,C0173,web,pending,2024-08-11T23:34:45Z
O00482,2024-08-12,C0035,store,completed,2024-08-12T17:53:49Z
O00490,2024-08-12,C0113,web,completed,2024-08-12T20:24:48Z
O01148,2024-08-12,C0003,web,completed,2024-08-12T22:35:28Z
O02094,2024-08-12,C0074,web,completed,2024-08-12T19:33:30Z
O02124,2024-08-12,C0109,web,completed,2024-08-12T21:08:25Z
O02462,2024-08-12,C0041,web,completed,2024-08-12T21:46:47Z
O02530,2024-08-12,C0137,web,completed,2024-08-12T22:36:14Z
O03059,2024-08-12,C0123,web,completed,2024-08-12T19:06:45Z
O04710,2024-08-12,C0019,web,completed,2024-08-12T22:12:54Z
O05749,2024-08-12,C0153,phone,completed,2024-08-12T13:39:34Z
O00303,2024-08-13,C0091,web,completed,2024-08-13T10:43:58Z
O00357,2024-08-13,C0075,store,completed,2024-08-13T11:28:43Z
O00650,2024-08-13,C0025,web,completed,2024-08-13T20:47:26Z
O00702,2024-08-13,C0060,web,completed,2024-08-13T11:27:11Z
O01227,2024-08-13,C0009,store,completed,2024-08-13T17:48:30Z
O01419,2024-08-13,C0111,web,completed,2024-08-13T08:06:43Z
O01763,2024-08-13,C0088,web,completed,2024-08-13T12:51:52Z
O02245,2024-08-13,C0011,store,completed,2024-08-13T12:34:12Z
O03249,2024-08-13,C0162,web,cancelled,2024-08-13T07:44:30Z
O05391,2024-08-13,C0158,store,pending,2024-08-13T13:09:45Z
O00808,2024-08-14,C0167,phone,completed,2024-08-14T12:22:20Z
O02217,2024-08-14,C0108,phone,completed,2024-08-14T11:16:16Z
O02363,2024-08-14,C0004,web,completed,2024-08-14T22:14:09Z
O02411,2024-08-14,C0174,store,completed,2024-08-14T20:28:19Z
O03030,2024-08-14,C0142,web,cancelled,2024-08-14T08:18:14Z
O03472,2024-08-14,C0107,web,completed,2024-08-14T06:25:47Z
O04645,2024-08-14,C0166,web,completed,2024-08-14T17:13:20Z
O04903,2024-08-14,C0022,web,completed,2024-08-14T19:17:37Z
O05093,2024-08-14,C0162,store,completed,2024-08-14T19:22:57Z
O00612,2024-08-15,C0140,web,completed,2024-08-15T19:39:49Z
O01785,2024-08-15,C0131,web,completed,2024-08-15T20:21:29Z
O02354,2024-08-15,C0059,store,completed,2024-08-15T16:37:04Z
O02435,2024-08-15,C0014,web,completed,2024-08-15T20:06:57Z
O03524,2024-08-15,C0175,web,completed,2024-08-15T07:29:50Z
O03564,2024-08-15,C0137,web,completed,2024-08-15T22:25:13Z
O04471,2024-08-15,C0011,store,completed,2024-08-15T14:41:55Z
O05557,2024-08-15,C0103,web,completed,2024-08-15T22:31:07Z
O05629,2024-08-15,C0039,web,completed,2024-08-15T14:37:41Z
O05702,2024-08-15,C0001,web,completed,2024-08-15T11:41:19Z
O00508,2024-08-16,C0137,web,completed,2024-08-16T03:49:09Z
O01865,2024-08-16,C0176,store,completed,2024-08-16T14:07:39Z
O02777,2024-08-16,C0147,web,pending,2024-08-16T19:29:46Z
O03350,2024-08-16,C0095,web,completed,2024-08-16T15:00:16Z
O03819,2024-08-16,C0166,phone,completed,2024-08-16T09:16:12Z
O03845,2024-08-16,C0034,web,completed,2024-08-16T13:30:10Z
O03941,2024-08-16,C0133,phone,completed,2024-08-16T09:03:09Z
O04318,2024-08-16,C0076,web,completed,2024-08-16T19:47:37Z
O04402,2024-08-16,C0127,phone,completed,2024-08-16T16:15:47Z
O05258,2024-08-16,C0112,store,cancelled,2024-08-16T14:50:08Z
O05325,2024-08-16,C0062,store,completed,2024-08-16T14:13:03Z
O05531,2024-08-16,C0085,web,completed,2024-08-16T15:18:23Z
O05753,2024-08-16,C0098,web,completed,2024-08-16T15:04:16Z
O00669,2024-08-17,C0039,store,completed,2024-08-17T15:48:50Z
O01109,2024-08-17,C0164,web,completed,2024-08-17T20:25:37Z
O02974,2024-08-17,C0040,web,completed,2024-08-17T17:33:01Z
O03479,2024-08-17,C0029,web,completed,2024-08-17T20:22:32Z
O03869,2024-08-17,C0102,web,completed,2024-08-17T12:07:19Z
O04288,2024-08-17,C0134,web,completed,2024-08-17T22:38:37Z
O04384,2024-08-17,C0106,store,completed,2024-08-17T13:25:37Z
O01111,2024-08-18,C0058,store,completed,2024-08-18T13:33:28Z
O02454,2024-08-18,C0059,web,completed,2024-08-18T12:04:26Z
O04334,2024-08-18,C0107,web,pending,2024-08-18T19:59:02Z
O05411,2024-08-18,C0011,web,pending,2024-08-18T20:26:16Z
O00102,2024-08-19,C0152,phone,completed,2024-08-19T14:51:38Z
O01342,2024-08-19,C0084,store,completed,2024-08-19T15:04:36Z
O01507,2024-08-19,C0048,web,completed,2024-08-19T22:53:30Z
O01552,2024-08-19,C0077,store,completed,2024-08-19T16:38:42Z
O01757,2024-08-19,C0048,web,completed,2024-08-19T11:04:16Z
O01885,2024-08-19,C0020,phone,completed,2024-08-19T12:30:16Z
O02093,2024-08-19,C0155,web,completed,2024-08-19T14:50:23Z
O04258,2024-08-19,C0142,web,cancelled,2024-08-19T18:15:13Z
O04632,2024-08-19,C0083,phone,completed,2024-08-19T15:08:26Z
O05148,2024-08-19,C0094,web,completed,2024-08-19T19:26:04Z
O05870,2024-08-19,C0056,store,completed,2024-08-19T13:48:01Z
O05993,2024-08-19,C0088,web,completed,2024-08-19T19:00:20Z
O01406,2024-08-20,C0041,web,completed,2024-08-20T22:33:19Z
O01880,2024-08-20,C0037,store,completed,2024-08-20T14:00:15Z
O02008,2024-08-20,C0120,web,completed,2024-08-20T18:40:28Z
O02606,2024-08-20,C0140,store,completed,2024-08-20T12:50:12Z
O03676,2024-08-20,C0122,web,completed,2024-08-20T08:49:07Z
O05685,2024-08-20,C0094,web,completed,2024-08-20T23:38:24Z
O01163,2024-08-21,C0077,store,completed,2024-08-21T09:09:57Z
O01479,2024-08-21,C0073,web,completed,2024-08-21T03:48:25Z
O02394,2024-08-21,C0170,web,completed,2024-08-21T19:31:54Z
O03605,2024-08-21,C0163,store,completed,2024-08-21T16:52:27Z
O05770,2024-08-21,C0160,web,completed,2024-08-21T23:13:02Z
O00844,2024-08-22,C0013,phone,cancelled,2024-08-22T17:05:50Z
O01645,2024-08-22,C0177,store,completed,2024-08-22T18:25:15Z
O01983,2024-08-22,C0007,web,completed,2024-08-22T09:50:39Z
O02015,2024-08-22,C0089,web,completed,2024-08-22T17:42:31Z
O02179,2024-08-22,C0057,web,completed,2024-08-22T22:56:37Z
O02694,2024-08-22,C0038,web,completed,2024-08-22T13:02:24Z
O02976,2024-08-22,C0023,store,cancelled,2024-08-22T10:32:11Z
O03119,2024-08-22,C0101,web,completed,2024-08-22T09:44:48Z
O05036,2024-08-22,C0111,phone,completed,2024-08-22T14:14:31Z
O05513,2024-08-22,C0130,web,completed,2024-08-22T14:30:40Z
O01183,2024-08-23,C0011,store,completed,2024-08-23T17:27:52Z
O01367,2024-08-23,C0070,web,completed,2024-08-23T17:41:49Z
O01371,2024-08-23,C0041,web,completed,2024-08-23T17:01:28Z
O01456,2024-08-23,C0151,store,completed,2024-08-23T17:17:23Z
O01705,2024-08-23,C0094,store,completed,2024-08-23T13:10:18Z
O04781,2024-08-23,C0050,web,completed,2024-08-23T17:55:32Z
O05477,2024-08-23,C0158,store,completed,2024-08-23T15:46:25Z
O00416,2024-08-24,C0071,store,completed,2024-08-24T11:51:52Z
O00596,2024-08-24,C0072,web,completed,2024-08-24T14:16:55Z
O01185,2024-08-24,C0013,web,completed,2024-08-24T11:18:33Z
O03225,2024-08-24,C0143,web,completed,2024-08-24T17:44:49Z
O04210,2024-08-24,C0110,web,completed,2024-08-24T09:05:54Z
O04449,2024-08-24,C0116,phone,completed,2024-08-24T13:47:35Z
O05554,2024-08-24,C0158,web,completed,2024-08-24T17:42:02Z
O00088,2024-08-25,C0121,store,completed,2024-08-25T13:04:15Z
O00384,2024-08-25,C0080,web,completed,2024-08-25T13:17:38Z
O00420,2024-08-25,C0005,web,completed,2024-08-25T16:47:05Z
O00521,2024-08-25,C0031,web,completed,2024-08-25T07:55:11Z
O00727,2024-08-25,C0045,phone,completed,2024-08-25T10:19:36Z
O02735,2024-08-25,C0115,store,completed,2024-08-25T11:12:52Z
O03711,2024-08-25,C0161,store,cancelled,2024-08-25T11:44:05Z
O03823,2024-08-25,C0095,store,completed,2024-08-25T18:51:17Z
O03888,2024-08-25,C0116,web,completed,2024-08-25T15:20:57Z
O04957,2024-08-25,C0109,web,completed,2024-08-25T22:45:42Z
O05284,2024-08-25,C0005,web,completed,2024-08-25T07:02:35Z
O00481,2024-08-26,C0064,web,completed,2024-08-26T23:07:56Z
O01416,2024-08-26,C0110,web,completed,2024-08-26T08:03:23Z
O02659,2024-08-26,C0025,web,completed,2024-08-26T13:31:07Z
O03317,2024-08-26,C0140,store,completed,2024-08-26T15:59:16Z
O04603,2024-08-26,C0132,web,completed,2024-08-26T13:20:05Z
O05285,2024-08-26,C0004,web,completed,2024-08-26T16:39:09Z
O05390,2024-08-26,C0069,web,completed,2024-08-26T15:04:08Z
O00132,2024-08-27,C0136,web,completed,2024-08-27T22:34:08Z
O00248,2024-08-27,C0096,store,completed,2024-08-27T14:43:11Z
O00342,2024-08-27,C0125,store,completed,2024-08-27T10:37:12Z
O02090,2024-08-27,C0059,web,completed,2024-08-27T06:39:08Z
O03115,2024-08-27,C0017,web,completed,2024-08-27T16:58:39Z
O03780,2024-08-27,C0130,web,completed,2024-08-27T08:35:26Z
O04735,2024-08-27,C0168,web,completed,2024-08-27T18:12:14Z
O04891,2024-08-27,C0060,store,completed,2024-08-27T12:13:04Z
O00060,2024-08-28,C0094,web,completed,2024-08-28T11:08:28Z
O02689,2024-08-28,C0141,web,completed,2024-08-28T23:28:59Z
O03090,2024-08-28,C0078,phone,completed,2024-08-28T17:32:25Z
O03527,2024-08-28,C0037,web,completed,2024-08-28T07:50:19Z
O04761,2024-08-28,C0053,phone,completed,2024-08-28T11:14:00Z
O04816,2024-08-28,C0057,web,completed,2024-08-28T08:50:27Z
O04901,2024-08-28,C0018,web,completed,2024-08-28T13:07:10Z
O00566,2024-08-29,C0010,web,completed,2024-08-29T19:16:21Z
O00587,2024-08-29,C0003,web,completed,2024-08-29T21:24:14Z
O01125,2024-08-29,C0079,web,completed,2024-08-29T17:34:11Z
O01648,2024-08-29,C0012,web,completed,2024-08-29T16:47:09Z
O03275,2024-08-29,C0158,store,completed,2024-08-29T11:14:36Z
O03362,2024-08-29,C0038,web,completed,2024-08-29T12:59:10Z
O04281,2024-08-29,C0110,web,completed,2024-08-29T22:33:02Z
O04744,2024-08-29,C0080,web,completed,2024-08-29T18:15:32Z
O05320,2024-08-29,C0174,store,completed,2024-08-29T11:48:27Z
O05376,2024-08-29,C0036,web,completed,2024-08-29T08:19:43Z
O00037,2024-08-30,C0030,store,completed,2024-08-30T11:58:11Z
O01452,2024-08-30,C0086,store,completed,2024-08-30T12:25:54Z
O01895,2024-08-30,C0129,web,completed,2024-08-30T20:15:56Z
O01905,2024-08-30,C0153,web,completed,2024-08-30T19:41:39Z
O02531,2024-08-30,C0076,web,completed,2024-08-30T16:38:54Z
O03403,2024-08-30,C0022,phone,completed,2024-08-30T13:10:21Z
O03875,2024-08-30,C0118,web,cancelled,2024-08-30T19:12:32Z
O04613,2024-08-30,C0065,store,completed,2024-08-30T10:03:23Z
O05097,2024-08-30,C0051,web,completed,2024-08-30T13:49:50Z
O05938,2024-08-30,C0056,web,completed,2024-08-30T14:02:49Z
O01207,2024-08-31,C0029,store,completed,2024-08-31T13:30:45Z
O02194,2024-08-31,C0119,web,completed,2024-08-31T09:40:55Z
O02417,2024-08-31,C0174,web,completed,2024-08-31T16:31:15Z
O02618,2024-08-31,C0094,web,completed,2024-08-31T11:20:15Z
O04298,2024-08-31,C0167,web,completed,2024-08-31T14:04:43Z
O04676,2024-08-31,C0132,web,completed,2024-08-31T22:10:40Z
O05067,2024-08-31,C0014,phone,completed,2024-08-31T13:29:26Z
O05127,2024-08-31,C0164,phone,completed,2024-08-31T15:19:50Z
O05730,2024-08-31,C0100,web,completed,2024-08-31T12:18:57Z
O00853,2024-09-01,C0095,store,completed,2024-09-01T13:25:48Z
O01058,2024-09-01,C0173,phone,completed,2024-09-01T17:44:42Z
O01107,2024-09-01,C0124,phone,completed,2024-09-01T10:26:35Z
O04268,2024-09-01,C0050,store,completed,2024-09-01T10:08:47Z
O04659,2024-09-01,C0167,store,completed,2024-09-01T12:44:41Z
O04729,2024-09-01,C0097,store,completed,2024-09-01T18:52:10Z
O05103,2024-09-01,C0057,web,completed,2024-09-01T14:24:38Z
O05400,2024-09-01,C0135,phone,cancelled,2024-09-01T12:59:10Z
O00537,2024-09-02,C0135,web,completed,2024-09-02T04:48:24Z
O02591,2024-09-02,C0110,web,completed,2024-09-02T19:26:34Z
O02709,2024-09-02,C0171,web,completed,2024-09-02T10:55:27Z
O02870,2024-09-02,C0148,web,completed,2024-09-02T14:20:16Z
O02987,2024-09-02,C0112,store,completed,2024-09-02T16:06:18Z
O03466,2024-09-02,C0092,web,completed,2024-09-02T17:52:55Z
O04497,2024-09-02,C0114,web,completed,2024-09-02T17:01:37Z
O00791,2024-09-03,C0001,web,completed,2024-09-03T07:40:10Z
O05003,2024-09-03,C0180,web,completed,2024-09-03T08:44:45Z
O05866,2024-09-03,C0098,store,completed,2024-09-03T17:26:11Z
O00036,2024-09-04,C0068,web,completed,2024-09-04T11:12:19Z
O00128,2024-09-04,C0118,store,completed,2024-09-04T14:08:37Z
O01061,2024-09-04,C0057,web,completed,2024-09-04T19:30:54Z
O01676,2024-09-04,C0131,store,completed,2024-09-04T12:35:39Z
O03705,2024-09-04,C0108,store,completed,2024-09-04T14:28:18Z
O00151,2024-09-05,C0039,web,completed,2024-09-05T22:40:05Z
O00255,2024-09-05,C0065,web,completed,2024-09-05T19:03:43Z
O00322,2024-09-05,C0173,store,completed,2024-09-05T18:29:31Z
O00623,2024-09-05,C0132,store,completed,2024-09-05T12:37:49Z
O00907,2024-09-05,C0071,store,completed,2024-09-05T16:36:30Z
O00963,2024-09-05,C0039,web,completed,2024-09-05T20:19:16Z
O01302,2024-09-05,C0133,phone,completed,2024-09-05T13:21:51Z
O01914,2024-09-05,C0055,phone,completed,2024-09-05T11:31:29Z
O01948,2024-09-05,C0050,web,completed,2024-09-05T22:32:47Z
O02224,2024-09-05,C0089,web,completed,2024-09-05T21:24:23Z
O02231,2024-09-05,C0032,store,completed,2024-09-05T20:36:09Z
O02536,2024-09-05,C0070,phone,completed,2024-09-05T13:48:28Z
O02571,2024-09-05,C0038,phone,completed,2024-09-05T15:30:54Z
O02936,2024-09-05,C0154,web,completed,2024-09-05T20:46:37Z
O03833,2024-09-05,C0170,store,completed,2024-09-05T13:08:30Z
O04193,2024-09-05,C0039,web,completed,2024-09-05T17:20:01Z
O04451,2024-09-05,C0156,phone,completed,2024-09-05T13:04:51Z
O05234,2024-09-05,C0066,store,completed,2024-09-05T16:10:47Z
O00450,2024-09-06,C0060,web,completed,2024-09-06T14:00:31Z
O00921,2024-09-06,C0160,web,completed,2024-09-06T05:03:22Z
O01090,2024-09-06,C0048,web,completed,2024-09-06T16:25:15Z
O01454,2024-09-06,C0152,web,completed,2024-09-06T05:05:41Z
O01469,2024-09-06,C0010,store,completed,2024-09-06T13:04:24Z
O02576,2024-09-06,C0051,web,completed,2024-09-06T12:29:32Z
O03636,2024-09-06,C0152,web,completed,2024-09-06T15:28:28Z
O03725,2024-09-06,C0015,phone,completed,2024-09-06T13:03:00Z
O05153,2024-09-06,C0152,web,completed,2024-09-06T22:02:04Z
O00026,2024-09-07,C0085,store,completed,2024-09-07T13:13:12Z
O00156,2024-09-07,C0048,web,completed,2024-09-07T17:38:16Z
O00256,2024-09-07,C0071,web,completed,2024-09-07T21:18:23Z
O00538,2024-09-07,C0137,web,completed,2024-09-07T19:01:14Z
O01396,2024-09-07,C0002,web,completed,2024-09-07T03:59:24Z
O01662,2024-09-07,C0168,web,completed,2024-09-07T17:38:27Z
O02290,2024-09-07,C0070,web,completed,2024-09-07T22:12:42Z
O03111,2024-09-07,C0068,web,completed,2024-09-07T23:15:17Z
O03214,2024-09-07,C0131,web,completed,2024-09-07T20:07:33Z
O03458,2024-09-07,C0027,web,completed,2024-09-07T18:33:59Z
O03673,2024-09-07,C0089,web,completed,2024-09-07T19:40:53Z
O04000,2024-09-07,C0003,web,completed,2024-09-07T20:46:07Z
O05718,2024-09-07,C0074,web,cancelled,2024-09-07T19:20:29Z
O00155,2024-09-08,C0065,web,completed,2024-09-08T22:58:48Z
O02455,2024-09-08,C0052,web,completed,2024-09-08T08:54:08Z
O03039,2024-09-08,C0098,store,completed,2024-09-08T09:56:29Z
O03964,2024-09-08,C0161,web,cancelled,2024-09-08T07:24:43Z
O04204,2024-09-08,C0180,store,completed,2024-09-08T14:36:50Z
O05160,2024-09-08,C0016,store,completed,2024-09-08T12:59:31Z
O01133,2024-09-09,C0111,phone,completed,2024-09-09T10:05:53Z
O01259,2024-09-09,C0046,store,completed,2024-09-09T11:53:06Z
O01641,2024-09-09,C0149,web,completed,2024-09-09T11:04:48Z
O02165,2024-09-09,C0004,web,completed,2024-09-09T08:05:36Z
O02873,2024-09-09,C0102,store,completed,2024-09-09T16:54:45Z
O03137,2024-09-09,C0044,web,cancelled,2024-09-09T10:40:03Z
O03965,2024-09-09,C0026,web,completed,2024-09-09T16:44:12Z
O04437,2024-09-09,C0090,web,completed,2024-09-09T19:14:21Z
O05564,2024-09-09,C0039,phone,completed,2024-09-09T12:15:06Z
O05638,2024-09-09,C0004,phone,completed,2024-09-09T13:05:11Z
O01314,2024-09-10,C0027,web,completed,2024-09-10T19:20:04Z
O03243,2024-09-10,C0106,web,completed,2024-09-10T23:15:41Z
O03499,2024-09-10,C0012,web,completed,2024-09-10T10:18:00Z
O04053,2024-09-10,C0059,web,completed,2024-09-10T13:29:09Z
O05880,2024-09-10,C0124,store,completed,2024-09-10T11:33:52Z
O00145,2024-09-11,C0102,web,completed,2024-09-11T18:53:10Z
O00546,2024-09-11,C0020,web,completed,2024-09-11T17:24:15Z
O00895,2024-09-11,C0002,web,completed,2024-09-11T23:41:01Z
O02299,2024-09-11,C0085,web,completed,2024-09-11T20:23:46Z
O02686,2024-09-11,C0015,web,completed,2024-09-11T07:33:10Z
O03690,2024-09-11,C0093,web,completed,2024-09-11T14:48:52Z
O04302,2024-09-11,C0130,web,completed,2024-09-11T17:37:39Z
O04870,2024-09-11,C0039,web,completed,2024-09-11T20:58:49Z
O05254,2024-09-11,C0020,phone,completed,2024-09-11T12:27:30Z
O05798,2024-09-11,C0136,phone,completed,2024-09-11T14:25:15Z
O01289,2024-09-12,C0050,phone,completed,2024-09-12T15:18:01Z
O02593,2024-09-12,C0122,store,completed,2024-09-12T11:36:48Z
O03027,2024-09-12,C0094,web,completed,2024-09-12T13:16:08Z
O03079,2024-09-12,C0169,web,completed,2024-09-12T10:27:31Z
O03748,2024-09-12,C0081,web,completed,2024-09-12T21:40:04Z
O04418,2024-09-12,C0125,web,completed,2024-09-12T04:33:27Z
O04542,2024-09-12,C0133,phone,completed,2024-09-12T17:55:16Z
O05957,2024-09-12,C0026,web,completed,2024-09-12T22:43:53Z
O00452,2024-09-13,C0168,web,completed,2024-09-13T12:30:49Z
O00581,2024-09-13,C0030,web,completed,2024-09-13T19:42:30Z
O00615,2024-09-13,C0042,phone,completed,2024-09-13T12:29:48Z
O00748,2024-09-13,C0134,web,completed,2024-09-13T20:01:45Z
O01337,2024-09-13,C0025,store,completed,2024-09-13T20:28:28Z
O02097,2024-09-13,C0077,store,completed,2024-09-13T17:42:51Z
O03503,2024-09-13,C0174,phone,completed,2024-09-13T10:52:02Z
O04357,2024-09-13,C0158,web,completed,2024-09-13T15:56:51Z
O04830,2024-09-13,C0020,web,completed,2024-09-13T12:35:42Z
O02128,2024-09-14,C0081,web,completed,2024-09-14T01:58:21Z
O03047,2024-09-14,C0020,store,completed,2024-09-14T15:46:07Z
O03417,2024-09-14,C0089,phone,completed,2024-09-14T16:56:09Z
O03455,2024-09-14,C0130,web,completed,2024-09-14T22:59:12Z
O05471,2024-09-14,C0116,web,completed,2024-09-14T23:54:36Z
O05521,2024-09-14,C0103,web,completed,2024-09-14T07:15:03Z
O05794,2024-09-14,C0073,store,completed,2024-09-14T10:45:35Z
O00686,2024-09-15,C0116,web,completed,2024-09-15T20:24:24Z
O02376,2024-09-15,C0034,web,completed,2024-09-15T16:10:35Z
O02871,2024-09-15,C0114,store,completed,2024-09-15T14:17:41Z
O04822,2024-09-15,C0173,store,cancelled,2024-09-15T13:15:42Z
O04917,2024-09-15,C0092,web,cancelled,2024-09-15T23:19:21Z
O05033,2024-09-15,C0162,phone,completed,2024-09-15T09:12:07Z
O05220,2024-09-15,C0166,web,completed,2024-09-15T17:10:20Z
O00046,2024-09-16,C0172,web,completed,2024-09-16T22:00:37Z
O02144,2024-09-16,C0113,web,completed,2024-09-16T17:52:47Z
O02562,2024-09-16,C0152,store,completed,2024-09-16T11:47:49Z
O03373,2024-09-16,C0054,store,completed,2024-09-16T09:26:37Z
O03863,2024-09-16,C0167,web,completed,2024-09-16T22:48:47Z
O04363,2024-09-16,C0111,store,completed,2024-09-16T17:45:23Z
O04651,2024-09-16,C0135,web,completed,2024-09-16T21:54:33Z
O01579,2024-09-17,C0020,phone,completed,2024-09-17T13:40:03Z
O01915,2024-09-17,C0009,web,completed,2024-09-17T11:53:33Z
O02208,2024-09-17,C0046,web,completed,2024-09-17T06:01:44Z
O03074,2024-09-17,C0087,store,completed,2024-09-17T17:13:55Z
O04245,2024-09-17,C0136,web,completed,2024-09-17T08:38:56Z
O04536,2024-09-17,C0116,web,completed,2024-09-17T07:52:28Z
O05031,2024-09-17,C0042,phone,completed,2024-09-17T15:40:04Z
O05190,2024-09-17,C0149,phone,completed,2024-09-17T09:57:01Z
O05195,2024-09-17,C0160,web,completed,2024-09-17T17:34:48Z
O01021,2024-09-18,C0123,web,completed,2024-09-18T09:01:07Z
O02868,2024-09-18,C0076,web,cancelled,2024-09-18T18:05:14Z
O05570,2024-09-18,C0046,web,completed,2024-09-18T20:20:56Z
O05878,2024-09-18,C0113,phone,completed,2024-09-18T15:27:52Z
O05884,2024-09-18,C0092,web,completed,2024-09-18T17:26:49Z
O00024,2024-09-19,C0174,web,completed,2024-09-19T10:59:04Z
O00062,2024-09-19,C0023,phone,completed,2024-09-19T14:35:03Z
O02189,2024-09-19,C0057,web,completed,2024-09-19T21:14:41Z
O02545,2024-09-19,C0115,web,completed,2024-09-19T22:30:18Z
O03496,2024-09-19,C0025,web,completed,2024-09-19T16:37:44Z
O04017,2024-09-19,C0134,web,completed,2024-09-19T11:45:32Z
O04263,2024-09-19,C0076,web,completed,2024-09-19T19:53:58Z
O05778,2024-09-19,C0170,store,completed,2024-09-19T16:35:07Z
O02133,2024-09-20,C0021,phone,cancelled,2024-09-20T12:46:35Z
O02513,2024-09-20,C0166,store,completed,2024-09-20T10:42:25Z
O02751,2024-09-20,C0061,phone,completed,2024-09-20T11:52:07Z
O03470,2024-09-20,C0091,web,completed,2024-09-20T17:05:09Z
O04147,2024-09-20,C0111,web,completed,2024-09-20T18:12:10Z
O00083,2024-09-21,C0171,web,completed,2024-09-21T20:43:11Z
O00212,2024-09-21,C0170,web,completed,2024-09-21T21:13:01Z
O01230,2024-09-21,C0119,phone,completed,2024-09-21T13:46:19Z
O01384,2024-09-21,C0052,store,completed,2024-09-21T11:13:28Z
O01993,2024-09-21,C0144,store,completed,2024-09-21T17:30:54Z
O02243,2024-09-21,C0174,store,completed,2024-09-21T12:30:09Z
O02444,2024-09-21,C0109,web,completed,2024-09-21T19:08:34Z
O03817,2024-09-21,C0158,web,completed,2024-09-21T11:07:45Z
O04481,2024-09-21,C0077,web,completed,2024-09-21T17:14:39Z
O04628,2024-09-21,C0086,store,completed,2024-09-21T12:32:26Z
O04751,2024-09-21,C0160,web,completed,2024-09-21T10:26:45Z
O05882,2024-09-21,C0070,store,completed,2024-09-21T10:50:46Z
O00106,2024-09-22,C0074,web,completed,2024-09-22T20:46:44Z
O01667,2024-09-22,C0131,web,pending,2024-09-22T03:35:16Z
O02370,2024-09-22,C0040,store,completed,2024-09-22T13:54:35Z
O02574,2024-09-22,C0002,web,completed,2024-09-22T22:28:22Z
O03394,2024-09-22,C0178,web,completed,2024-09-22T21:45:09Z
O04712,2024-09-22,C0073,web,completed,2024-09-22T14:38:03Z
O04760,2024-09-22,C0148,store,completed,2024-09-22T16:13:09Z
O05136,2024-09-22,C0025,web,completed,2024-09-22T12:56:46Z
O05241,2024-09-22,C0152,web,completed,2024-09-22T17:56:00Z
O05835,2024-09-22,C0170,web,completed,2024-09-22T00:40:30Z
O05956,2024-09-22,C0071,web,completed,2024-09-22T13:38:10Z
O00223,2024-09-23,C0165,web,completed,2024-09-23T18:14:13Z
O00260,2024-09-23,C0090,web,completed,2024-09-23T18:15:22Z
O01322,2024-09-23,C0052,web,completed,2024-09-23T10:34:08Z
O01666,2024-09-23,C0007,store,completed,2024-09-23T11:17:01Z
O02347,2024-09-23,C0176,web,completed,2024-09-23T13:48:54Z
O03429,2024-09-23,C0040,web,completed,2024-09-23T21:06:22Z
O04662,2024-09-23,C0041,web,completed,2024-09-23T18:00:34Z
O04928,2024-09-23,C0163,web,completed,2024-09-23T21:23:14Z
O00423,2024-09-24,C0081,web,completed,2024-09-24T13:20:18Z
O02234,2024-09-24,C0164,web,completed,2024-09-24T05:16:18Z
O02884,2024-09-24,C0151,web,completed,2024-09-24T21:40:54Z
O04487,2024-09-24,C0115,web,completed,2024-09-24T08:54:27Z
O01016,2024-09-25,C0099,web,completed,2024-09-25T14:29:29Z
O01677,2024-09-25,C0012,store,completed,2024-09-25T14:44:01Z
O02242,2024-09-25,C0080,web,completed,2024-09-25T21:34:58Z
O03623,2024-09-25,C0105,web,completed,2024-09-25T19:53:39Z
O05711,2024-09-25,C0136,store,completed,2024-09-25T14:14:20Z
O00202,2024-09-26,C0179,phone,completed,2024-09-26T10:40:35Z
O01233,2024-09-26,C0097,web,completed,2024-09-26T06:42:49Z
O04199,2024-09-26,C0169,phone,completed,2024-09-26T12:39:24Z
O05404,2024-09-26,C0131,web,completed,2024-09-26T13:12:58Z
O05861,2024-09-26,C0109,web,completed,2024-09-26T10:51:09Z
O00172,2024-09-27,C0058,web,completed,2024-09-27T10:21:39Z
O00599,2024-09-27,C0099,web,completed,2024-09-27T23:53:14Z
O00970,2024-09-27,C0172,web,completed,2024-09-27T22:55:16Z
O00998,2024-09-27,C0174,store,completed,2024-09-27T15:04:02Z
O01358,2024-09-27,C0132,store,completed,2024-09-27T13:06:39Z
O02432,2024-09-27,C0081,phone,completed,2024-09-27T13:53:14Z
O02520,2024-09-27,C0020,web,completed,2024-09-27T21:25:58Z
O04344,2024-09-27,C0174,web,completed,2024-09-27T16:53:38Z
O05646,2024-09-27,C0122,web,completed,2024-09-27T20:42:14Z
O00142,2024-09-28,C0128,web,completed,2024-09-28T21:36:16Z
O00323,2024-09-28,C0134,web,completed,2024-09-28T20:10:06Z
O02016,2024-09-28,C0101,web,completed,2024-09-28T12:45:32Z
O03200,2024-09-28,C0046,web,completed,2024-09-28T17:52:51Z
O04509,2024-09-28,C0168,web,completed,2024-09-28T23:44:06Z
O05484,2024-09-28,C0143,web,completed,2024-09-28T12:00:21Z
O00436,2024-09-29,C0048,web,completed,2024-09-29T16:01:29Z
O00864,2024-09-29,C0080,store,completed,2024-09-29T17:05:46Z
O04811,2024-09-29,C0136,web,completed,2024-09-29T03:40:27Z
O05236,2024-09-29,C0171,web,pending,2024-09-29T18:47:27Z
O00245,2024-09-30,C0113,store,completed,2024-09-30T10:27:23Z
O00465,2024-09-30,C0091,web,completed,2024-09-30T15:51:11Z
O00855,2024-09-30,C0029,web,completed,2024-09-30T20:07:19Z
O01023,2024-09-30,C0132,store,completed,2024-09-30T14:46:30Z
O02154,2024-09-30,C0153,web,completed,2024-09-30T21:58:07Z
O03369,2024-09-30,C0162,web,completed,2024-09-30T08:13:18Z
O04265,2024-09-30,C0173,store,completed,2024-09-30T13:51:17Z
O05287,2024-09-30,C0027,web,completed,2024-09-30T20:58:14Z
O00899,2024-10-01,C0100,web,completed,2024-10-01T07:32:24Z
O01722,2024-10-01,C0147,web,completed,2024-10-01T20:55:51Z
O02798,2024-10-01,C0122,web,completed,2024-10-01T20:01:33Z
O03762,2024-10-01,C0143,web,completed,2024-10-01T20:58:40Z
O04120,2024-10-01,C0038,web,completed,2024-10-01T11:59:33Z
O04320,2024-10-01,C0067,phone,completed,2024-10-01T15:38:19Z
O04636,2024-10-01,C0166,web,completed,2024-10-01T19:51:28Z
O04941,2024-10-01,C0051,web,completed,2024-10-01T17:06:05Z
O05163,2024-10-01,C0120,web,completed,2024-10-01T19:25:51Z
O05854,2024-10-01,C0088,web,completed,2024-10-01T09:06:21Z
O01431,2024-10-02,C0053,web,completed,2024-10-02T06:11:01Z
O01586,2024-10-02,C0136,web,completed,2024-10-02T23:41:29Z
O02393,2024-10-02,C0065,web,completed,2024-10-02T14:31:16Z
O02569,2024-10-02,C0140,store,cancelled,2024-10-02T20:12:15Z
O03101,2024-10-02,C0093,web,completed,2024-10-02T20:27:17Z
O03621,2024-10-02,C0132,web,completed,2024-10-02T07:28:40Z
O04060,2024-10-02,C0074,phone,completed,2024-10-02T09:28:40Z
O04297,2024-10-02,C0113,store,completed,2024-10-02T11:09:44Z
O04356,2024-10-02,C0022,store,completed,2024-10-02T16:31:43Z
O05885,2024-10-02,C0098,web,completed,2024-10-02T03:22:42Z
O00917,2024-10-03,C0151,web,completed,2024-10-03T23:59:14Z
O03723,2024-10-03,C0026,web,completed,2024-10-03T12:52:48Z
O04682,2024-10-03,C0164,web,completed,2024-10-03T10:33:39Z
O05212,2024-10-03,C0171,web,completed,2024-10-03T20:12:02Z
O05222,2024-10-03,C0149,web,completed,2024-10-03T17:55:34Z
O00065,2024-10-04,C0022,phone,completed,2024-10-04T11:05:52Z
O00169,2024-10-04,C0167,phone,completed,2024-10-04T10:42:21Z
O01511,2024-10-04,C0077,web,completed,2024-10-04T21:50:11Z
O01942,2024-10-04,C0029,store,completed,2024-10-04T17:55:04Z
O02529,2024-10-04,C0100,phone,completed,2024-10-04T12:35:04Z
O02628,2024-10-04,C0051,phone,cancelled,2024-10-04T14:39:47Z
O03054,2024-10-04,C0128,phone,completed,2024-10-04T15:44:58Z
O03633,2024-10-04,C0054,phone,completed,2024-10-04T14:32:46Z
O03848,2024-10-04,C0075,web,completed,2024-10-04T17:25:54Z
O05017,2024-10-04,C0130,web,completed,2024-10-04T19:11:53Z
O05311,2024-10-04,C0030,web,completed,2024-10-04T11:52:29Z
O05612,2024-10-04,C0109,web,completed,2024-10-04T20:02:12Z
O00601,2024-10-05,C0005,store,completed,2024-10-05T11:07:58Z
O00688,2024-10-05,C0078,web,completed,2024-10-05T15:12:10Z
O02284,2024-10-05,C0151,web,completed,2024-10-05T13:00:23Z
O03383,2024-10-05,C0101,phone,completed,2024-10-05T13:20:55Z
O03566,2024-10-05,C0005,web,completed,2024-10-05T23:22:39Z
O03947,2024-10-05,C0050,phone,completed,2024-10-05T14:44:19Z
O04580,2024-10-05,C0008,web,completed,2024-10-05T21:53:13Z
O05178,2024-10-05,C0137,store,cancelled,2024-10-05T10:06:58Z
O05849,2024-10-05,C0064,store,completed,2024-10-05T17:25:18Z
O00752,2024-10-06,C0042,phone,completed,2024-10-06T14:43:28Z
O01306,2024-10-06,C0121,web,completed,2024-10-06T13:33:17Z
O01388,2024-10-06,C0010,web,pending,2024-10-06T09:28:32Z
O01774,2024-10-06,C0026,web,completed,2024-10-06T16:38:30Z
O02301,2024-10-06,C0180,store,completed,2024-10-06T11:38:56Z
O02894,2024-10-06,C0176,store,completed,2024-10-06T15:55:53Z
O03620,2024-10-06,C0128,phone,pending,2024-10-06T10:38:37Z
O05150,2024-10-06,C0162,web,completed,2024-10-06T21:52:19Z
O05913,2024-10-06,C0129,phone,completed,2024-10-06T10:10:15Z
O00171,2024-10-07,C0084,store,completed,2024-10-07T12:09:26Z
O00220,2024-10-07,C0093,phone,pending,2024-10-07T11:32:16Z
O01220,2024-10-07,C0043,web,completed,2024-10-07T19:57:03Z
O02678,2024-10-07,C0179,web,cancelled,2024-10-07T13:03:41Z
O03076,2024-10-07,C0029,web,pending,2024-10-07T10:58:13Z
O03591,2024-10-07,C0025,store,completed,2024-10-07T11:07:00Z
O04154,2024-10-07,C0021,web,completed,2024-10-07T16:26:02Z
O04319,2024-10-07,C0151,store,completed,2024-10-07T12:34:59Z
O04434,2024-10-07,C0105,web,completed,2024-10-07T22:11:12Z
O05373,2024-10-07,C0143,phone,cancelled,2024-10-07T11:50:27Z
O05615,2024-10-07,C0147,store,pending,2024-10-07T17:33:48Z
O01634,2024-10-08,C0067,store,completed,2024-10-08T10:40:07Z
O02135,2024-10-08,C0125,web,completed,2024-10-08T15:47:52Z
O02605,2024-10-08,C0157,web,completed,2024-10-08T21:06:06Z
O05525,2024-10-08,C0097,web,completed,2024-10-08T18:27:09Z
O01047,2024-10-09,C0119,web,completed,2024-10-09T19:49:54Z
O02498,2024-10-09,C0029,phone,completed,2024-10-09T12:09:04Z
O02699,2024-10-09,C0005,web,completed,2024-10-09T18:06:24Z
O02758,2024-10-09,C0105,phone,completed,2024-10-09T15:56:20Z
O02877,2024-10-09,C0127,web,completed,2024-10-09T21:41:16Z
O03314,2024-10-09,C0102,web,completed,2024-10-09T10:26:18Z
O04841,2024-10-09,C0023,web,completed,2024-10-09T05:51:16Z
O05720,2024-10-09,C0117,web,completed,2024-10-09T19:40:08Z
O01703,2024-10-10,C0047,web,completed,2024-10-10T08:24:07Z
O02221,2024-10-10,C0159,store,completed,2024-10-10T10:47:52Z
O02534,2024-10-10,C0077,web,completed,2024-10-10T22:56:02Z
O02566,2024-10-10,C0042,store,completed,2024-10-10T16:20:44Z
O02645,2024-10-10,C0142,store,completed,2024-10-10T20:19:20Z
O03324,2024-10-10,C0029,web,completed,2024-10-10T12:16:27Z
O03829,2024-10-10,C0130,web,completed,2024-10-10T21:46:43Z
O03859,2024-10-10,C0039,web,cancelled,2024-10-10T16:43:14Z
O05233,2024-10-10,C0149,web,completed,2024-10-10T20:47:51Z
O00188,2024-10-11,C0146,web,completed,2024-10-11T15:22:40Z
O00204,2024-10-11,C0009,phone,completed,2024-10-11T12:10:28Z
O00638,2024-10-11,C0069,store,pending,2024-10-11T14:53:46Z
O01530,2024-10-11,C0142,store,completed,2024-10-11T20:58:26Z
O02024,2024-10-11,C0172,phone,completed,2024-10-11T11:52:22Z
O02139,2024-10-11,C0144,phone,completed,2024-10-11T10:50:17Z
O04485,2024-10-11,C0144,web,completed,2024-10-11T08:30:25Z
O04505,2024-10-11,C0108,store,completed,2024-10-11T11:04:20Z
O04922,2024-10-11,C0098,store,completed,2024-10-11T17:27:14Z
O05166,2024-10-11,C0023,web,cancelled,2024-10-11T18:26:54Z
O05865,2024-10-11,C0174,web,completed,2024-10-11T18:03:11Z
O00771,2024-10-12,C0158,phone,completed,2024-10-12T11:25:35Z
O00772,2024-10-12,C0174,web,completed,2024-10-12T17:20:08Z
O04706,2024-10-12,C0158,web,completed,2024-10-12T16:11:32Z
O05189,2024-10-12,C0112,web,completed,2024-10-12T12:57:36Z
O05591,2024-10-12,C0070,web,completed,2024-10-12T07:46:20Z
O01297,2024-10-13,C0158,web,completed,2024-10-13T20:15:15Z
O02829,2024-10-13,C0028,store,completed,2024-10-13T14:46:24Z
O05004,2024-10-13,C0142,store,completed,2024-10-13T12:24:54Z
O05072,2024-10-13,C0108,web,completed,2024-10-13T13:38:14Z
O05382,2024-10-13,C0133,store,pending,2024-10-13T18:22:44Z
O05419,2024-10-13,C0064,store,cancelled,2024-10-13T15:11:02Z
O00061,2024-10-14,C0097,web,completed,2024-10-14T09:17:38Z
O03985,2024-10-14,C0044,store,completed,2024-10-14T11:01:13Z
O04810,2024-10-14,C0155,web,completed,2024-10-14T20:21:17Z
O04991,2024-10-14,C0010,store,completed,2024-10-14T10:13:02Z
O00084,2024-10-15,C0073,web,completed,2024-10-15T15:34:37Z
O01798,2024-10-15,C0077,web,completed,2024-10-15T21:55:06Z
O01878,2024-10-15,C0137,web,cancelled,2024-10-15T10:14:31Z
O02160,2024-10-15,C0164,store,completed,2024-10-15T12:11:28Z
O04058,2024-10-15,C0024,web,completed,2024-10-15T22:12:32Z
O04570,2024-10-15,C0147,web,completed,2024-10-15T15:37:59Z
O00540,2024-10-16,C0035,web,completed,2024-10-16T07:54:55Z
O02688,2024-10-16,C0025,web,completed,2024-10-16T17:51:30Z
O02863,2024-10-16,C0127,store,completed,2024-10-16T18:49:30Z
O02997,2024-10-16,C0125,web,completed,2024-10-16T15:40:16Z
O03307,2024-10-16,C0159,store,completed,2024-10-16T15:05:34Z
O03682,2024-10-16,C0118,store,completed,2024-10-16T11:32:42Z
O04790,2024-10-16,C0174,web,cancelled,2024-10-16T19:15:23Z
O00516,2024-10-17,C0178,web,completed,2024-10-17T00:01:26Z
O01152,2024-10-17,C0140,web,completed,2024-10-17T00:47:04Z
O02277,2024-10-17,C0059,store,completed,2024-10-17T13:28:04Z
O03071,2024-10-17,C0053,web,completed,2024-10-17T12:46:39Z
O03235,2024-10-17,C0144,web,completed,2024-10-17T13:39:59Z
O03252,2024-10-17,C0130,web,completed,2024-10-17T22:13:35Z
O00562,2024-10-18,C0107,web,completed,2024-10-18T23:57:52Z
O01433,2024-10-18,C0088,web,completed,2024-10-18T13:42:44Z
O02174,2024-10-18,C0116,web,completed,2024-10-18T09:08:41Z
O02402,2024-10-18,C0176,store,completed,2024-10-18T13:48:01Z
O03728,2024-10-18,C0033,store,completed,2024-10-18T12:55:57Z
O04294,2024-10-18,C0022,web,completed,2024-10-18T13:13:10Z
O04378,2024-10-18,C0003,store,completed,2024-10-18T11:26:28Z
O05733,2024-10-18,C0109,phone,completed,2024-10-18T15:33:45Z
O05864,2024-10-18,C0063,store,completed,2024-10-18T13:09:12Z
O05898,2024-10-18,C0138,store,completed,2024-10-18T09:18:27Z
O02122,2024-10-19,C0018,store,completed,2024-10-19T17:58:43Z
O03404,2024-10-19,C0162,web,completed,2024-10-19T15:43:35Z
O03517,2024-10-19,C0150,phone,completed,2024-10-19T12:24:34Z
O04089,2024-10-19,C0174,store,completed,2024-10-19T14:12:40Z
O04280,2024-10-19,C0179,web,completed,2024-10-19T17:23:56Z
O04562,2024-10-19,C0046,store,completed,2024-10-19T13:01:00Z
O04770,2024-10-19,C0139,web,completed,2024-10-19T11:43:30Z
O05352,2024-10-19,C0149,store,completed,2024-10-19T14:54:33Z
O05934,2024-10-19,C0061,web,completed,2024-10-19T19:26:16Z
O00356,2024-10-20,C0113,web,completed,2024-10-20T19:22:42Z
O00363,2024-10-20,C0168,web,completed,2024-10-20T15:17:24Z
O01495,2024-10-20,C0028,store,completed,2024-10-20T11:58:24Z
O01646,2024-10-20,C0036,store,pending,2024-10-20T16:47:54Z
O02668,2024-10-20,C0029,phone,completed,2024-10-20T13:05:17Z
O02799,2024-10-20,C0163,phone,completed,2024-10-20T14:36:44Z
O03175,2024-10-20,C0110,web,completed,2024-10-20T13:40:49Z
O04559,2024-10-20,C0135,web,completed,2024-10-20T07:24:00Z
O05483,2024-10-20,C0073,web,cancelled,2024-10-20T09:49:09Z
O00486,2024-10-21,C0158,web,completed,2024-10-21T21:26:25Z
O00949,2024-10-21,C0121,web,completed,2024-10-21T12:41:25Z
O01098,2024-10-21,C0117,web,completed,2024-10-21T14:00:18Z
O01318,2024-10-21,C0165,web,completed,2024-10-21T09:07:39Z
O01537,2024-10-21,C0082,phone,completed,2024-10-21T10:44:46Z
O02140,2024-10-21,C0160,store,completed,2024-10-21T11:22:43Z
O02274,2024-10-21,C0108,phone,pending,2024-10-21T15:19:07Z
O03131,2024-10-21,C0091,web,completed,2024-10-21T08:07:56Z
O03254,2024-10-21,C0173,phone,completed,2024-10-21T12:41:37Z
O03378,2024-10-21,C0108,store,completed,2024-10-21T09:33:16Z
O03543,2024-10-21,C0122,web,completed,2024-10-21T17:07:53Z
O04194,2024-10-21,C0017,web,completed,2024-10-21T12:56:46Z
O04503,2024-10-21,C0101,web,completed,2024-10-21T19:54:06Z
O05112,2024-10-21,C0167,web,completed,2024-10-21T12:23:14Z
O05832,2024-10-21,C0069,web,completed,2024-10-21T15:55:38Z
O05936,2024-10-21,C0054,web,completed,2024-10-21T15:31:14Z
O05941,2024-10-21,C0166,web,completed,2024-10-21T19:14:35Z
O00647,2024-10-22,C0003,web,completed,2024-10-22T17:17:33Z
O00995,2024-10-22,C0016,web,completed,2024-10-22T11:34:40Z
O01519,2024-10-22,C0065,store,completed,2024-10-22T13:53:21Z
O02264,2024-10-22,C0176,store,cancelled,2024-10-22T10:55:35Z
O03624,2024-10-22,C0151,web,completed,2024-10-22T18:21:20Z
O03937,2024-10-22,C0091,store,completed,2024-10-22T17:07:50Z
O04436,2024-10-22,C0060,web,completed,2024-10-22T08:06:41Z
O05324,2024-10-22,C0101,web,completed,2024-10-22T14:38:59Z
O05977,2024-10-22,C0161,store,completed,2024-10-22T11:59:16Z
O01327,2024-10-23,C0012,phone,completed,2024-10-23T12:31:16Z
O01344,2024-10-23,C0105,web,completed,2024-10-23T19:12:28Z
O01980,2024-10-23,C0152,web,completed,2024-10-23T11:59:30Z
O02882,2024-10-23,C0037,web,completed,2024-10-23T21:42:47Z
O03001,2024-10-23,C0033,web,completed,2024-10-23T16:37:17Z
O05269,2024-10-23,C0177,web,completed,2024-10-23T10:53:52Z
O05611,2024-10-23,C0007,web,completed,2024-10-23T19:59:34Z
O05911,2024-10-23,C0104,web,pending,2024-10-23T21:30:07Z
O00159,2024-10-24,C0022,store,completed,2024-10-24T15:27:13Z
O01293,2024-10-24,C0159,web,completed,2024-10-24T09:13:27Z
O02304,2024-10-24,C0067,web,completed,2024-10-24T14:54:56Z
O02962,2024-10-24,C0151,web,completed,2024-10-24T13:03:48Z
O03133,2024-10-24,C0017,store,completed,2024-10-24T16:07:40Z
O03983,2024-10-24,C0157,store,completed,2024-10-24T18:06:24Z
O04923,2024-10-24,C0100,web,completed,2024-10-24T14:39:09Z
O04926,2024-10-24,C0104,store,completed,2024-10-24T12:34:52Z
O05549,2024-10-24,C0161,phone,completed,2024-10-24T12:11:20Z
O01077,2024-10-25,C0030,web,completed,2024-10-25T11:39:29Z
O01295,2024-10-25,C0082,web,completed,2024-10-25T19:21:17Z
O01300,2024-10-25,C0024,web,completed,2024-10-25T20:51:37Z
O01896,2024-10-25,C0154,web,completed,2024-10-25T20:16:15Z
O03632,2024-10-25,C0140,web,completed,2024-10-25T18:38:09Z
O03689,2024-10-25,C0082,web,completed,2024-10-25T14:52:43Z
O04126,2024-10-25,C0147,web,completed,2024-10-25T18:31:11Z
O00332,2024-10-26,C0159,web,completed,2024-10-26T21:22:03Z
O00703,2024-10-26,C0005,phone,completed,2024-10-26T13:37:59Z
O01657,2024-10-26,C0175,phone,completed,2024-10-26T13:33:48Z
O02041,2024-10-26,C0065,web,completed,2024-10-26T18:28:46Z
O02269,2024-10-26,C0100,web,completed,2024-10-26T19:39:41Z
O05354,2024-10-26,C0158,web,completed,2024-10-26T11:17:44Z
O05571,2024-10-26,C0133,store,completed,2024-10-26T11:52:58Z
O05747,2024-10-26,C0118,web,completed,2024-10-26T11:56:14Z
O00692,2024-10-27,C0058,store,cancelled,2024-10-27T17:31:14Z
O00980,2024-10-27,C0145,phone,completed,2024-10-27T11:40:42Z
O01249,2024-10-27,C0133,web,completed,2024-10-27T10:42:09Z
O01499,2024-10-27,C0069,store,completed,2024-10-27T13:34:14Z
O01608,2024-10-27,C0013,store,completed,2024-10-27T11:20:00Z
O02786,2024-10-27,C0126,web,completed,2024-10-27T14:01:19Z
O03722,2024-10-27,C0045,web,completed,2024-10-27T05:37:37Z
O05199,2024-10-27,C0117,store,completed,2024-10-27T15:48:04Z
O05328,2024-10-27,C0137,web,completed,2024-10-27T13:41:52Z
O05869,2024-10-27,C0109,web,cancelled,2024-10-27T18:24:24Z
O01138,2024-10-28,C0131,web,completed,2024-10-28T16:30:12Z
O02352,2024-10-28,C0125,web,completed,2024-10-28T20:18:54Z
O03987,2024-10-28,C0062,store,completed,2024-10-28T18:46:13Z
O04889,2024-10-28,C0164,web,completed,2024-10-28T13:47:09Z
O05224,2024-10-28,C0051,store,completed,2024-10-28T12:11:19Z
O05415,2024-10-28,C0009,store,completed,2024-10-28T15:33:11Z
O05432,2024-10-28,C0051,web,completed,2024-10-28T22:15:06Z
O05468,2024-10-28,C0057,store,completed,2024-10-28T09:20:51Z
O05547,2024-10-28,C0009,web,completed,2024-10-28T19:29:21Z
O00077,2024-10-29,C0131,web,completed,2024-10-29T18:19:13Z
O00415,2024-10-29,C0003,web,completed,2024-10-29T10:57:28Z
O00432,2024-10-29,C0154,web,completed,2024-10-29T14:33:36Z
O00825,2024-10-29,C0049,web,completed,2024-10-29T11:31:39Z
O01255,2024-10-29,C0179,web,completed,2024-10-29T20:38:09Z
O01882,2024-10-29,C0141,web,completed,2024-10-29T06:39:26Z
O00153,2024-10-30,C0038,web,completed,2024-10-30T20:41:39Z
O00199,2024-10-30,C0176,web,completed,2024-10-30T19:48:24Z
O00443,2024-10-30,C0129,phone,completed,2024-10-30T11:36:31Z
O02527,2024-10-30,C0162,web,completed,2024-10-30T11:58:43Z
O03908,2024-10-30,C0015,web,completed,2024-10-30T10:03:17Z
O04224,2024-10-30,C0012,web,completed,2024-10-30T17:47:29Z
O05319,2024-10-30,C0071,phone,completed,2024-10-30T13:57:26Z
O01490,2024-10-31,C0037,web,completed,2024-10-31T22:22:50Z
O02335,2024-10-31,C0091,web,completed,2024-10-31T21:28:37Z
O02730,2024-10-31,C0058,phone,completed,2024-10-31T13:19:36Z
O03020,2024-10-31,C0085,store,cancelled,2024-10-31T13:25:19Z
O03127,2024-10-31,C0058,store,completed,2024-10-31T14:30:01Z
O03159,2024-10-31,C0125,web,completed,2024-10-31T01:51:51Z
O03432,2024-10-31,C0059,phone,completed,2024-10-31T09:46:31Z
O03538,2024-10-31,C0082,store,completed,2024-10-31T15:14:11Z
O03649,2024-10-31,C0009,web,completed,2024-10-31T21:46:11Z
O03659,2024-10-31,C0121,store,cancelled,2024-10-31T18:57:45Z
O04803,2024-10-31,C0008,store,completed,2024-10-31T11:13:09Z
O04955,2024-10-31,C0063,web,completed,2024-10-31T13:33:23Z
O05719,2024-10-31,C0042,web,completed,2024-10-31T11:09:59Z
O01002,2024-11-01,C0041,web,cancelled,2024-11-01T11:48:49Z
O02203,2024-11-01,C0099,web,completed,2024-11-01T10:38:58Z
O02539,2024-11-01,C0011,web,completed,2024-11-01T11:53:25Z
O03826,2024-11-01,C0163,store,completed,2024-11-01T14:46:07Z
O03892,2024-11-01,C0128,web,completed,2024-11-01T21:32:16Z
O04185,2024-11-01,C0083,web,completed,2024-11-01T17:42:32Z
O04728,2024-11-01,C0025,web,pending,2024-11-01T18:30:03Z
O05398,2024-11-01,C0175,store,completed,2024-11-01T11:43:09Z
O01680,2024-11-02,C0037,web,completed,2024-11-02T13:26:08Z
O01871,2024-11-02,C0025,web,completed,2024-11-02T22:17:30Z
O01961,2024-11-02,C0060,store,completed,2024-11-02T15:02:21Z
O02510,2024-11-02,C0121,web,pending,2024-11-02T12:14:30Z
O02708,2024-11-02,C0163,store,completed,2024-11-02T12:24:20Z
O03456,2024-11-02,C0123,web,completed,2024-11-02T16:56:30Z
O05179,2024-11-02,C0015,phone,completed,2024-11-02T17:36:13Z
O01156,2024-11-03,C0048,store,completed,2024-11-03T13:28:08Z
O01860,2024-11-03,C0170,web,completed,2024-11-03T14:54:43Z
O02853,2024-11-03,C0076,web,completed,2024-11-03T10:24:34Z
O03217,2024-11-03,C0077,web,completed,2024-11-03T15:21:03Z
O03464,2024-11-03,C0142,web,completed,2024-11-03T22:04:24Z
O05219,2024-11-03,C0031,store,completed,2024-11-03T16:59:24Z
O05562,2024-11-03,C0042,web,completed,2024-11-03T22:49:17Z
O00923,2024-11-04,C0087,phone,completed,2024-11-04T12:01:45Z
O00975,2024-11-04,C0104,store,completed,2024-11-04T12:27:21Z
O01727,2024-11-04,C0121,web,completed,2024-11-04T23:01:33Z
O01808,2024-11-04,C0090,web,completed,2024-11-04T19:54:38Z
O01834,2024-11-04,C0011,store,completed,2024-11-04T17:58:51Z
O02297,2024-11-04,C0114,web,pending,2024-11-04T18:49:17Z
O05063,2024-11-04,C0101,web,completed,2024-11-04T03:52:36Z
O05193,2024-11-04,C0138,web,completed,2024-11-04T21:13:27Z
O05510,2024-11-04,C0173,store,cancelled,2024-11-04T11:49:17Z
O00131,2024-11-05,C0072,store,completed,2024-11-05T14:41:50Z
O01018,2024-11-05,C0112,web,completed,2024-11-05T10:25:36Z
O01063,2024-11-05,C0090,web,completed,2024-11-05T20:20:56Z
O01234,2024-11-05,C0175,web,completed,2024-11-05T08:01:55Z
O01751,2024-11-05,C0067,web,completed,2024-11-05T18:48:46Z
O01765,2024-11-05,C0003,web,completed,2024-11-05T06:24:30Z
O03476,2024-11-05,C0030,web,completed,2024-11-05T18:33:18Z
O01079,2024-11-06,C0102,web,completed,2024-11-06T15:15:33Z
O01082,2024-11-06,C0163,store,cancelled,2024-11-06T14:34:02Z
O01094,2024-11-06,C0145,phone,completed,2024-11-06T12:07:12Z
O01270,2024-11-06,C0165,web,completed,2024-11-06T22:30:58Z
O01305,2024-11-06,C0131,store,completed,2024-11-06T12:55:10Z
O01918,2024-11-06,C0179,store,completed,2024-11-06T11:19:28Z
O01945,2024-11-06,C0092,web,pending,2024-11-06T21:58:30Z
O02641,2024-11-06,C0050,web,completed,2024-11-06T06:14:02Z
O03389,2024-11-06,C0169,phone,cancelled,2024-11-06T11:20:50Z
O05862,2024-11-06,C0107,web,completed,2024-11-06T18:02:33Z
O00996,2024-11-07,C0143,web,completed,2024-11-07T13:44:55Z
O04657,2024-11-07,C0173,store,completed,2024-11-07T12:19:50Z
O05200,2024-11-07,C0055,web,completed,2024-11-07T21:46:29Z
O00022,2024-11-08,C0074,web,completed,2024-11-08T21:46:16Z
O00884,2024-11-08,C0148,web,completed,2024-11-08T19:08:05Z
O03669,2024-11-08,C0115,web,completed,2024-11-08T16:39:13Z
O04650,2024-11-08,C0021,phone,completed,2024-11-08T09:21:00Z
O04925,2024-11-08,C0108,store,completed,2024-11-08T12:31:35Z
O04952,2024-11-08,C0159,store,cancelled,2024-11-08T13:04:18Z
O05078,2024-11-08,C0080,store,completed,2024-11-08T20:29:56Z
O05144,2024-11-08,C0001,store,completed,2024-11-08T10:52:24Z
O00649,2024-11-09,C0031,store,completed,2024-11-09T15:18:44Z
O00900,2024-11-09,C0164,phone,completed,2024-11-09T12:17:44Z
O00910,2024-11-09,C0146,store,completed,2024-11-09T10:52:19Z
O01041,2024-11-09,C0026,store,completed,2024-11-09T16:50:37Z
O01357,2024-11-09,C0025,store,completed,2024-11-09T17:56:02Z
O01773,2024-11-09,C0012,web,completed,2024-11-09T10:53:02Z
O02059,2024-11-09,C0130,web,completed,2024-11-09T10:36:00Z
O02858,2024-11-09,C0092,web,completed,2024-11-09T17:58:31Z
O02875,2024-11-09,C0095,web,completed,2024-11-09T19:33:23Z
O03140,2024-11-09,C0123,web,completed,2024-11-09T00:14:40Z
O03167,2024-11-09,C0009,phone,completed,2024-11-09T09:07:51Z
O03399,2024-11-09,C0110,web,completed,2024-11-09T03:43:31Z
O03418,2024-11-09,C0048,phone,completed,2024-11-09T16:18:34Z
O03557,2024-11-09,C0125,web,completed,2024-11-09T18:12:40Z
O04688,2024-11-09,C0075,web,completed,2024-11-09T09:09:40Z
O04967,2024-11-09,C0135,store,completed,2024-11-09T18:06:58Z
O00370,2024-11-10,C0034,store,completed,2024-11-10T13:16:20Z
O01278,2024-11-10,C0055,store,completed,2024-11-10T16:12:32Z
O05421,2024-11-10,C0082,store,completed,2024-11-10T11:41:10Z
O00031,2024-11-11,C0134,web,pending,2024-11-11T10:17:27Z
O01862,2024-11-11,C0024,store,completed,2024-11-11T11:38:01Z
O02118,2024-11-11,C0120,web,completed,2024-11-11T06:20:55Z
O02185,2024-11-11,C0066,store,completed,2024-11-11T10:44:04Z
O02541,2024-11-11,C0091,web,completed,2024-11-11T16:52:14Z
O02812,2024-11-11,C0020,web,completed,2024-11-11T22:45:54Z
O03891,2024-11-11,C0051,store,completed,2024-11-11T13:34:26Z
O05239,2024-11-11,C0020,web,completed,2024-11-11T14:36:02Z
O05518,2024-11-11,C0059,web,completed,2024-11-11T12:04:07Z
O00295,2024-11-12,C0141,web,completed,2024-11-12T08:20:33Z
O01393,2024-11-12,C0155,web,completed,2024-11-12T08:26:06Z
O04622,2024-11-12,C0130,web,cancelled,2024-11-12T16:47:26Z
O04851,2024-11-12,C0152,store,completed,2024-11-12T10:03:00Z
O05048,2024-11-12,C0134,web,completed,2024-11-12T10:05:14Z
O01435,2024-11-13,C0076,web,cancelled,2024-11-13T20:01:54Z
O01482,2024-11-13,C0019,web,completed,2024-11-13T15:19:24Z
O03178,2024-11-13,C0088,web,pending,2024-11-13T19:35:37Z
O04529,2024-11-13,C0047,store,completed,2024-11-13T11:23:06Z
O05197,2024-11-13,C0074,web,completed,2024-11-13T15:38:33Z
O05578,2024-11-13,C0039,web,completed,2024-11-13T09:58:17Z
O00344,2024-11-14,C0016,web,completed,2024-11-14T13:54:15Z
O01083,2024-11-14,C0118,store,completed,2024-11-14T13:51:39Z
O01100,2024-11-14,C0104,web,completed,2024-11-14T17:25:12Z
O01312,2024-11-14,C0163,web,completed,2024-11-14T08:41:49Z
O02484,2024-11-14,C0118,web,completed,2024-11-14T16:39:03Z
O02828,2024-11-14,C0021,store,completed,2024-11-14T11:02:48Z
O00535,2024-11-15,C0028,web,completed,2024-11-15T20:35:52Z
O00661,2024-11-15,C0118,phone,completed,2024-11-15T13:21:25Z
O00708,2024-11-15,C0168,web,pending,2024-11-15T15:31:11Z
O02062,2024-11-15,C0072,web,completed,2024-11-15T19:19:35Z
O02294,2024-11-15,C0100,web,pending,2024-11-15T10:52:53Z
O03420,2024-11-15,C0083,web,completed,2024-11-15T14:15:02Z
O05482,2024-11-15,C0048,store,completed,2024-11-15T12:53:52Z
O00777,2024-11-16,C0034,phone,completed,2024-11-16T16:08:29Z
O01538,2024-11-16,C0070,phone,completed,2024-11-16T17:39:52Z
O01819,2024-11-16,C0064,web,completed,2024-11-16T21:51:51Z
O02724,2024-11-16,C0029,web,completed,2024-11-16T14:59:45Z
O03120,2024-11-16,C0123,web,completed,2024-11-16T18:55:43Z
O03216,2024-11-16,C0088,web,completed,2024-11-16T10:34:43Z
O04386,2024-11-16,C0075,store,completed,2024-11-16T19:19:18Z
O05631,2024-11-16,C0106,web,completed,2024-11-16T23:10:22Z
O05644,2024-11-16,C0130,phone,completed,2024-11-16T10:46:06Z
O00875,2024-11-17,C0095,phone,completed,2024-11-17T15:36:33Z
O01197,2024-11-17,C0027,web,completed,2024-11-17T13:30:36Z
O01700,2024-11-17,C0032,store,completed,2024-11-17T12:38:26Z
O01892,2024-11-17,C0050,store,completed,2024-11-17T17:23:40Z
O02197,2024-11-17,C0165,phone,completed,2024-11-17T14:59:35Z
O02350,2024-11-17,C0027,store,completed,2024-11-17T20:38:14Z
O02439,2024-11-17,C0009,store,completed,2024-11-17T11:50:05Z
O03003,2024-11-17,C0039,web,completed,2024-11-17T17:04:36Z
O03176,2024-11-17,C0109,web,completed,2024-11-17T20:31:20Z
O05438,2024-11-17,C0166,store,completed,2024-11-17T09:21:37Z
O05846,2024-11-17,C0125,web,pending,2024-11-17T23:35:17Z
O00887,2024-11-18,C0002,web,completed,2024-11-18T10:57:16Z
O01091,2024-11-18,C0171,store,completed,2024-11-18T13:59:15Z
O02148,2024-11-18,C0036,web,completed,2024-11-18T14:17:38Z
O02331,2024-11-18,C0010,web,completed,2024-11-18T13:08:23Z
O02429,2024-11-18,C0170,web,completed,2024-11-18T05:04:55Z
O02599,2024-11-18,C0172,web,completed,2024-11-18T15:45:19Z
O02943,2024-11-18,C0092,web,pending,2024-11-18T08:47:38Z
O03112,2024-11-18,C0155,web,completed,2024-11-18T21:21:02Z
O03286,2024-11-18,C0013,phone,completed,2024-11-18T10:31:08Z
O03663,2024-11-18,C0107,store,completed,2024-11-18T14:15:55Z
O04747,2024-11-18,C0006,web,completed,2024-11-18T15:08:20Z
O05266,2024-11-18,C0059,web,completed,2024-11-18T20:15:44Z
O05351,2024-11-18,C0050,store,completed,2024-11-18T11:26:09Z
O05652,2024-11-18,C0030,phone,pending,2024-11-18T11:16:46Z
O00161,2024-11-19,C0008,web,completed,2024-11-19T19:43:39Z
O02880,2024-11-19,C0133,web,pending,2024-11-19T21:14:16Z
O03114,2024-11-19,C0057,web,completed,2024-11-19T13:41:02Z
O03665,2024-11-19,C0062,web,completed,2024-11-19T21:42:34Z
O04458,2024-11-19,C0081,phone,completed,2024-11-19T11:22:04Z
O04602,2024-11-19,C0119,store,completed,2024-11-19T16:45:44Z
O05013,2024-11-19,C0087,web,completed,2024-11-19T19:45:12Z
O05044,2024-11-19,C0078,phone,completed,2024-11-19T16:24:45Z
O00029,2024-11-20,C0019,phone,completed,2024-11-20T14:37:39Z
O00590,2024-11-20,C0032,web,completed,2024-11-20T22:17:55Z
O00679,2024-11-20,C0006,web,completed,2024-11-20T18:19:25Z
O03508,2024-11-20,C0178,phone,completed,2024-11-20T12:17:49Z
O03512,2024-11-20,C0032,web,completed,2024-11-20T19:01:04Z
O03574,2024-11-20,C0071,web,completed,2024-11-20T09:47:54Z
O04125,2024-11-20,C0072,store,completed,2024-11-20T18:25:57Z
O05623,2024-11-20,C0093,web,completed,2024-11-20T15:23:47Z
O00341,2024-11-21,C0110,web,completed,2024-11-21T21:01:18Z
O00457,2024-11-21,C0139,web,completed,2024-11-21T09:29:59Z
O00485,2024-11-21,C0017,phone,completed,2024-11-21T09:35:35Z
O02213,2024-11-21,C0038,store,completed,2024-11-21T15:31:40Z
O02238,2024-11-21,C0180,store,completed,2024-11-21T11:44:43Z
O02430,2024-11-21,C0075,web,pending,2024-11-21T11:35:49Z
O04734,2024-11-21,C0109,web,completed,2024-11-21T11:48:41Z
O05661,2024-11-21,C0114,web,cancelled,2024-11-21T20:57:11Z
O00922,2024-11-22,C0041,web,completed,2024-11-22T11:03:46Z
O01241,2024-11-22,C0004,web,completed,2024-11-22T07:11:11Z
O01340,2024-11-22,C0087,store,completed,2024-11-22T13:17:55Z
O02552,2024-11-22,C0117,store,completed,2024-11-22T14:26:23Z
O02835,2024-11-22,C0086,web,completed,2024-11-22T23:00:27Z
O03792,2024-11-22,C0095,store,completed,2024-11-22T13:37:24Z
O03923,2024-11-22,C0153,web,completed,2024-11-22T13:17:19Z
O04123,2024-11-22,C0174,web,completed,2024-11-22T19:05:02Z
O05687,2024-11-22,C0089,store,completed,2024-11-22T15:15:12Z
O00985,2024-11-23,C0104,web,completed,2024-11-23T14:44:08Z
O01053,2024-11-23,C0062,web,completed,2024-11-23T17:23:43Z
O01707,2024-11-23,C0096,web,completed,2024-11-23T14:09:09Z
O03191,2024-11-23,C0048,web,completed,2024-11-23T11:30:49Z
O03821,2024-11-23,C0122,web,completed,2024-11-23T12:06:46Z
O04103,2024-11-23,C0065,web,completed,2024-11-23T13:35:11Z
O01298,2024-11-24,C0056,web,completed,2024-11-24T20:17:28Z
O01348,2024-11-24,C0050,store,completed,2024-11-24T09:07:57Z
O01828,2024-11-24,C0025,web,completed,2024-11-24T09:02:21Z
O02333,2024-11-24,C0037,store,completed,2024-11-24T12:59:29Z
O03261,2024-11-24,C0061,web,completed,2024-11-24T20:01:00Z
O03299,2024-11-24,C0171,web,completed,2024-11-24T22:07:38Z
O04174,2024-11-24,C0119,store,completed,2024-11-24T19:17:49Z
O04388,2024-11-24,C0062,store,completed,2024-11-24T18:08:36Z
O04807,2024-11-24,C0028,web,completed,2024-11-24T14:00:26Z
O00856,2024-11-25,C0121,store,completed,2024-11-25T15:19:25Z
O01294,2024-11-25,C0029,store,completed,2024-11-25T16:15:05Z
O01851,2024-11-25,C0079,phone,completed,2024-11-25T15:28:12Z
O02127,2024-11-25,C0035,web,completed,2024-11-25T22:45:09Z
O04771,2024-11-25,C0058,web,completed,2024-11-25T09:22:48Z
O05308,2024-11-25,C0015,web,completed,2024-11-25T21:00:44Z
O00377,2024-11-26,C0145,store,completed,2024-11-26T19:28:16Z
O00534,2024-11-26,C0125,store,completed,2024-11-26T17:24:21Z
O01582,2024-11-26,C0122,web,completed,2024-11-26T17:39:26Z
O02100,2024-11-26,C0179,web,cancelled,2024-11-26T00:02:34Z
O02757,2024-11-26,C0179,web,completed,2024-11-26T20:53:10Z
O03484,2024-11-26,C0135,web,pending,2024-11-26T22:36:31Z
O03671,2024-11-26,C0129,web,completed,2024-11-26T10:01:38Z
O03746,2024-11-26,C0010,phone,completed,2024-11-26T10:08:03Z
O04665,2024-11-26,C0083,web,completed,2024-11-26T19:37:06Z
O05626,2024-11-26,C0133,web,completed,2024-11-26T08:45:44Z
O00082,2024-11-27,C0096,store,completed,2024-11-27T09:19:48Z
O00307,2024-11-27,C0173,store,completed,2024-11-27T17:27:08Z
O02357,2024-11-27,C0039,store,completed,2024-11-27T14:40:05Z
O02801,2024-11-27,C0077,web,completed,2024-11-27T18:38:03Z
O04160,2024-11-27,C0126,web,completed,2024-11-27T22:47:12Z
O01190,2024-11-28,C0158,web,completed,2024-11-28T19:03:07Z
O02368,2024-11-28,C0006,web,completed,2024-11-28T11:05:27Z
O02601,2024-11-28,C0106,web,completed,2024-11-28T18:39:59Z
O02632,2024-11-28,C0033,web,completed,2024-11-28T04:05:00Z
O02658,2024-11-28,C0075,store,completed,2024-11-28T12:56:21Z
O04124,2024-11-28,C0045,store,completed,2024-11-28T18:15:54Z
O05015,2024-11-28,C0094,web,completed,2024-11-28T21:49:08Z
O05596,2024-11-28,C0067,web,completed,2024-11-28T15:37:44Z
O00215,2024-11-29,C0083,web,completed,2024-11-29T13:54:39Z
O01547,2024-11-29,C0027,web,completed,2024-11-29T11:50:19Z
O01877,2024-11-29,C0117,web,completed,2024-11-29T21:21:15Z
O02419,2024-11-29,C0001,store,completed,2024-11-29T19:18:18Z
O02938,2024-11-29,C0018,phone,completed,2024-11-29T09:33:15Z
O04152,2024-11-29,C0118,store,completed,2024-11-29T11:38:30Z
O05895,2024-11-29,C0055,web,completed,2024-11-29T08:27:37Z
O01221,2024-11-30,C0008,web,completed,2024-11-30T21:31:21Z
O02314,2024-11-30,C0079,web,completed,2024-11-30T10:28:24Z
O02999,2024-11-30,C0140,web,completed,2024-11-30T20:09:35Z
O03201,2024-11-30,C0123,web,completed,2024-11-30T08:39:32Z
O04400,2024-11-30,C0170,phone,completed,2024-11-30T12:43:19Z
O04453,2024-11-30,C0108,phone,completed,2024-11-30T10:12:58Z
O04472,2024-11-30,C0162,phone,completed,2024-11-30T10:28:11Z
O04935,2024-11-30,C0125,web,completed,2024-11-30T09:37:34Z
O04999,2024-11-30,C0083,store,completed,2024-11-30T13:17:14Z
O05651,2024-11-30,C0073,web,completed,2024-11-30T15:27:40Z
O00597,2024-12-01,C0118,phone,completed,2024-12-01T11:51:54Z
O02960,2024-12-01,C0009,phone,completed,2024-12-01T11:08:11Z
O02988,2024-12-01,C0070,web,completed,2024-12-01T22:53:48Z
O03046,2024-12-01,C0055,web,completed,2024-12-01T13:28:50Z
O05444,2024-12-01,C0106,web,completed,2024-12-01T17:50:20Z
O05732,2024-12-01,C0158,phone,completed,2024-12-01T15:22:45Z
O05764,2024-12-01,C0048,store,cancelled,2024-12-01T12:13:36Z
O05995,2024-12-01,C0133,web,completed,2024-12-01T14:44:00Z
O01873,2024-12-02,C0143,web,completed,2024-12-02T22:39:32Z
O02596,2024-12-02,C0067,store,completed,2024-12-02T14:26:35Z
O02967,2024-12-02,C0073,web,completed,2024-12-02T17:34:17Z
O04106,2024-12-02,C0097,web,completed,2024-12-02T23:42:37Z
O05016,2024-12-02,C0111,web,completed,2024-12-02T19:08:27Z
O05115,2024-12-02,C0006,web,completed,2024-12-02T12:58:03Z
O01753,2024-12-03,C0165,web,completed,2024-12-03T14:37:10Z
O02609,2024-12-03,C0120,web,completed,2024-12-03T19:17:52Z
O02619,2024-12-03,C0020,web,completed,2024-12-03T13:33:19Z
O03774,2024-12-03,C0110,web,completed,2024-12-03T19:17:08Z
O04431,2024-12-03,C0130,store,completed,2024-12-03T18:15:21Z
O05248,2024-12-03,C0030,store,completed,2024-12-03T10:16:10Z
O05756,2024-12-03,C0022,web,completed,2024-12-03T22:45:14Z
O05858,2024-12-03,C0140,web,completed,2024-12-03T19:52:09Z
O00693,2024-12-04,C0119,web,completed,2024-12-04T10:34:52Z
O00988,2024-12-04,C0035,store,completed,2024-12-04T10:48:01Z
O02029,2024-12-04,C0096,web,completed,2024-12-04T17:20:51Z
O02155,2024-12-04,C0127,store,completed,2024-12-04T12:00:07Z
O03130,2024-12-04,C0149,store,completed,2024-12-04T20:35:40Z
O03701,2024-12-04,C0107,store,completed,2024-12-04T17:43:45Z
O04430,2024-12-04,C0137,web,completed,2024-12-04T19:32:23Z
O00087,2024-12-05,C0080,web,completed,2024-12-05T13:57:43Z
O00346,2024-12-05,C0099,store,completed,2024-12-05T16:26:57Z
O00770,2024-12-05,C0082,web,completed,2024-12-05T18:04:17Z
O01825,2024-12-05,C0078,web,completed,2024-12-05T16:56:36Z
O02373,2024-12-05,C0106,web,cancelled,2024-12-05T15:36:47Z
O02892,2024-12-05,C0121,web,completed,2024-12-05T18:34:00Z
O03021,2024-12-05,C0108,web,completed,2024-12-05T18:14:38Z
O03151,2024-12-05,C0095,store,completed,2024-12-05T18:02:24Z
O03535,2024-12-05,C0083,web,completed,2024-12-05T18:30:28Z
O04118,2024-12-05,C0144,web,completed,2024-12-05T17:24:04Z
O04365,2024-12-05,C0162,store,completed,2024-12-05T18:27:54Z
O05141,2024-12-05,C0045,web,completed,2024-12-05T17:25:33Z
O05682,2024-12-05,C0153,web,completed,2024-12-05T06:28:35Z
O00794,2024-12-06,C0057,phone,cancelled,2024-12-06T12:17:42Z
O01756,2024-12-06,C0070,web,completed,2024-12-06T06:27:42Z
O01852,2024-12-06,C0085,store,completed,2024-12-06T12:55:39Z
O03173,2024-12-06,C0134,web,completed,2024-12-06T18:52:13Z
O03246,2024-12-06,C0031,web,completed,2024-12-06T15:05:50Z
O01035,2024-12-07,C0129,web,pending,2024-12-07T18:58:04Z
O02640,2024-12-07,C0065,web,completed,2024-12-07T15:16:18Z
O03016,2024-12-07,C0009,phone,completed,2024-12-07T14:09:36Z
O05418,2024-12-07,C0009,web,completed,2024-12-07T01:52:36Z
O00162,2024-12-08,C0171,web,completed,2024-12-08T20:37:46Z
O00264,2024-12-08,C0089,web,completed,2024-12-08T06:38:18Z
O00542,2024-12-08,C0161,store,completed,2024-12-08T13:43:10Z
O00552,2024-12-08,C0059,store,cancelled,2024-12-08T13:09:04Z
O00751,2024-12-08,C0143,web,completed,2024-12-08T08:25:40Z
O00999,2024-12-08,C0143,web,completed,2024-12-08T12:06:42Z
O01601,2024-12-08,C0126,web,completed,2024-12-08T06:10:33Z
O02237,2024-12-08,C0029,web,cancelled,2024-12-08T14:07:47Z
O03382,2024-12-08,C0067,web,completed,2024-12-08T20:03:22Z
O03495,2024-12-08,C0098,web,completed,2024-12-08T18:49:13Z
O03568,2024-12-08,C0113,web,completed,2024-12-08T18:49:04Z
O04209,2024-12-08,C0014,web,completed,2024-12-08T15:16:10Z
O04373,2024-12-08,C0070,web,completed,2024-12-08T21:07:26Z
O04486,2024-12-08,C0081,phone,completed,2024-12-08T13:11:21Z
O05384,2024-12-08,C0028,store,completed,2024-12-08T12:57:12Z
O05459,2024-12-08,C0180,web,completed,2024-12-08T22:47:47Z
O05553,2024-12-08,C0090,web,completed,2024-12-08T09:46:44Z
O01311,2024-12-09,C0143,web,completed,2024-12-09T15:31:00Z
O02697,2024-12-09,C0073,web,completed,2024-12-09T17:07:07Z
O05819,2024-12-09,C0116,store,completed,2024-12-09T11:59:41Z
O00477,2024-12-10,C0029,web,pending,2024-12-10T12:35:53Z
O03529,2024-12-10,C0113,phone,completed,2024-12-10T14:41:49Z
O04140,2024-12-10,C0151,web,completed,2024-12-10T18:34:52Z
O04797,2024-12-10,C0020,store,completed,2024-12-10T12:37:32Z
O04829,2024-12-10,C0031,web,completed,2024-12-10T17:37:54Z
O05637,2024-12-10,C0145,web,completed,2024-12-10T10:59:34Z
O05986,2024-12-10,C0001,web,completed,2024-12-10T20:23:22Z
O00039,2024-12-11,C0136,store,completed,2024-12-11T17:31:22Z
O00140,2024-12-11,C0119,web,completed,2024-12-11T10:44:35Z
O00879,2024-12-11,C0054,web,completed,2024-12-11T15:49:00Z
O01928,2024-12-11,C0064,web,cancelled,2024-12-11T07:38:11Z
O03094,2024-12-11,C0175,store,completed,2024-12-11T16:06:53Z
O03188,2024-12-11,C0176,web,cancelled,2024-12-11T17:05:06Z
O03753,2024-12-11,C0091,web,completed,2024-12-11T17:32:51Z
O04374,2024-12-11,C0101,web,completed,2024-12-11T20:00:17Z
O04789,2024-12-11,C0066,web,cancelled,2024-12-11T09:35:54Z
O05620,2024-12-11,C0026,phone,completed,2024-12-11T15:35:03Z
O00316,2024-12-12,C0010,web,completed,2024-12-12T21:02:05Z
O00656,2024-12-12,C0141,web,completed,2024-12-12T07:57:45Z
O01390,2024-12-12,C0141,store,completed,2024-12-12T14:05:24Z
O01683,2024-12-12,C0124,web,completed,2024-12-12T22:26:50Z
O03521,2024-12-12,C0111,web,completed,2024-12-12T06:37:36Z
O04796,2024-12-12,C0036,web,completed,2024-12-12T20:53:33Z
O05109,2024-12-12,C0111,web,completed,2024-12-12T23:57:41Z
O00717,2024-12-13,C0066,store,completed,2024-12-13T10:24:11Z
O01210,2024-12-13,C0068,store,completed,2024-12-13T17:13:59Z
O01556,2024-12-13,C0049,store,completed,2024-12-13T10:58:06Z
O01610,2024-12-13,C0108,web,completed,2024-12-13T20:19:03Z
O01732,2024-12-13,C0180,phone,completed,2024-12-13T09:40:53Z
O02038,2024-12-13,C0058,web,completed,2024-12-13T20:46:52Z
O02220,2024-12-13,C0065,web,completed,2024-12-13T19:59:19Z
O02581,2024-12-13,C0112,web,cancelled,2024-12-13T22:18:17Z
O02673,2024-12-13,C0086,web,completed,2024-12-13T12:35:53Z
O02731,2024-12-13,C0156,web,completed,2024-12-13T19:45:53Z
O04186,2024-12-13,C0069,web,completed,2024-12-13T10:29:57Z
O05274,2024-12-13,C0127,web,completed,2024-12-13T18:57:40Z
O05369,2024-12-13,C0096,web,completed,2024-12-13T22:10:22Z
O05500,2024-12-13,C0067,web,completed,2024-12-13T19:01:38Z
O00114,2024-12-14,C0160,store,completed,2024-12-14T16:18:53Z
O01258,2024-12-14,C0123,web,completed,2024-12-14T19:30:04Z
O01280,2024-12-14,C0099,web,completed,2024-12-14T10:56:57Z
O01716,2024-12-14,C0031,store,completed,2024-12-14T19:02:58Z
O02138,2024-12-14,C0049,web,completed,2024-12-14T05:45:22Z
O02404,2024-12-14,C0155,web,cancelled,2024-12-14T20:19:45Z
O02725,2024-12-14,C0060,phone,completed,2024-12-14T09:19:36Z
O02804,2024-12-14,C0119,web,completed,2024-12-14T09:44:29Z
O03421,2024-12-14,C0174,web,completed,2024-12-14T11:01:03Z
O03631,2024-12-14,C0080,web,completed,2024-12-14T07:14:54Z
O03890,2024-12-14,C0110,store,completed,2024-12-14T16:20:55Z
O03901,2024-12-14,C0155,web,completed,2024-12-14T16:41:24Z
O04403,2024-12-14,C0011,phone,completed,2024-12-14T11:50:36Z
O04727,2024-12-14,C0158,web,completed,2024-12-14T14:49:44Z
O04766,2024-12-14,C0113,web,completed,2024-12-14T20:09:52Z
O05228,2024-12-14,C0162,web,completed,2024-12-14T11:58:31Z
O05317,2024-12-14,C0158,store,completed,2024-12-14T11:21:02Z
O00040,2024-12-15,C0037,web,completed,2024-12-15T19:40:32Z
O00483,2024-12-15,C0127,web,completed,2024-12-15T20:52:05Z
O00799,2024-12-15,C0123,web,completed,2024-12-15T23:51:59Z
O00874,2024-12-15,C0117,web,completed,2024-12-15T16:07:51Z
O02329,2024-12-15,C0115,web,completed,2024-12-15T11:05:44Z
O02521,2024-12-15,C0030,web,completed,2024-12-15T21:58:48Z
O02669,2024-12-15,C0131,web,completed,2024-12-15T20:59:27Z
O02823,2024-12-15,C0085,web,completed,2024-12-15T21:06:41Z
O03553,2024-12-15,C0061,web,completed,2024-12-15T09:10:06Z
O04007,2024-12-15,C0101,web,cancelled,2024-12-15T20:06:37Z
O05168,2024-12-15,C0146,web,completed,2024-12-15T17:36:54Z
O05240,2024-12-15,C0143,phone,completed,2024-12-15T14:34:23Z
O00312,2024-12-16,C0160,web,completed,2024-12-16T15:47:36Z
O01587,2024-12-16,C0067,web,cancelled,2024-12-16T20:44:33Z
O03439,2024-12-16,C0008,store,completed,2024-12-16T14:20:43Z
O04127,2024-12-16,C0160,web,completed,2024-12-16T19:46:49Z
O04550,2024-12-16,C0023,web,completed,2024-12-16T07:20:45Z
O05135,2024-12-16,C0085,web,completed,2024-12-16T17:46:04Z
O05660,2024-12-16,C0160,web,completed,2024-12-16T19:30:42Z
O00993,2024-12-17,C0048,web,cancelled,2024-12-17T17:36:47Z
O01529,2024-12-17,C0160,phone,completed,2024-12-17T11:25:12Z
O01975,2024-12-17,C0177,web,completed,2024-12-17T14:18:24Z
O02803,2024-12-17,C0135,web,completed,2024-12-17T19:18:50Z
O03978,2024-12-17,C0042,store,completed,2024-12-17T16:06:10Z
O04038,2024-12-17,C0149,web,completed,2024-12-17T14:29:09Z
O04425,2024-12-17,C0172,store,completed,2024-12-17T15:43:14Z
O04678,2024-12-17,C0049,store,completed,2024-12-17T14:31:47Z
O05839,2024-12-17,C0176,phone,completed,2024-12-17T14:53:17Z
O00709,2024-12-18,C0069,web,cancelled,2024-12-18T13:20:39Z
O01580,2024-12-18,C0035,web,completed,2024-12-18T17:13:05Z
O01738,2024-12-18,C0124,phone,completed,2024-12-18T16:53:30Z
O02035,2024-12-18,C0072,store,cancelled,2024-12-18T13:04:11Z
O02603,2024-12-18,C0026,web,completed,2024-12-18T14:56:19Z
O03674,2024-12-18,C0053,store,completed,2024-12-18T12:38:34Z
O04110,2024-12-18,C0062,store,completed,2024-12-18T13:06:53Z
O04745,2024-12-18,C0147,store,completed,2024-12-18T19:52:13Z
O04907,2024-12-18,C0064,web,completed,2024-12-18T08:57:47Z
O05282,2024-12-18,C0120,web,completed,2024-12-18T23:50:51Z
O05336,2024-12-18,C0101,web,completed,2024-12-18T03:57:15Z
O00897,2024-12-19,C0056,phone,completed,2024-12-19T09:37:49Z
O04638,2024-12-19,C0016,store,completed,2024-12-19T14:39:30Z
O05538,2024-12-19,C0063,web,completed,2024-12-19T17:56:15Z
O05633,2024-12-19,C0153,web,completed,2024-12-19T18:34:01Z
O05902,2024-12-19,C0123,store,completed,2024-12-19T15:41:44Z
O05939,2024-12-19,C0012,web,completed,2024-12-19T19:34:19Z
O00846,2024-12-20,C0012,store,completed,2024-12-20T17:28:42Z
O05703,2024-12-20,C0145,store,completed,2024-12-20T10:12:11Z
O01153,2024-12-21,C0070,store,completed,2024-12-21T15:33:17Z
O01997,2024-12-21,C0148,web,completed,2024-12-21T09:28:09Z
O02889,2024-12-21,C0128,web,completed,2024-12-21T10:06:28Z
O03785,2024-12-21,C0059,store,completed,2024-12-21T15:26:10Z
O05676,2024-12-21,C0180,web,completed,2024-12-21T19:58:16Z
O05821,2024-12-21,C0080,web,completed,2024-12-21T13:12:13Z
O00501,2024-12-22,C0076,web,completed,2024-12-22T20:42:57Z
O00758,2024-12-22,C0018,web,completed,2024-12-22T16:22:02Z
O02120,2024-12-22,C0042,store,completed,2024-12-22T11:28:09Z
O03796,2024-12-22,C0015,web,pending,2024-12-22T21:57:05Z
O04563,2024-12-22,C0024,web,completed,2024-12-22T23:50:35Z
O05057,2024-12-22,C0045,store,completed,2024-12-22T14:32:50Z
O00745,2024-12-23,C0138,store,completed,2024-12-23T09:41:46Z
O01333,2024-12-23,C0078,web,completed,2024-12-23T08:08:50Z
O01425,2024-12-23,C0101,web,completed,2024-12-23T17:57:03Z
O02216,2024-12-23,C0034,phone,completed,2024-12-23T15:32:01Z
O04255,2024-12-23,C0030,web,completed,2024-12-23T09:46:47Z
O04286,2024-12-23,C0039,web,completed,2024-12-23T16:16:52Z
O05252,2024-12-23,C0162,web,completed,2024-12-23T18:08:37Z
O05540,2024-12-23,C0153,store,completed,2024-12-23T12:46:08Z
O00609,2024-12-24,C0006,web,completed,2024-12-24T22:34:06Z
O01092,2024-12-24,C0081,store,completed,2024-12-24T14:33:16Z
O01953,2024-12-24,C0022,store,completed,2024-12-24T12:33:35Z
O02582,2024-12-24,C0075,web,completed,2024-12-24T20:52:46Z
O02922,2024-12-24,C0095,web,completed,2024-12-24T21:14:17Z
O03072,2024-12-24,C0026,web,completed,2024-12-24T16:42:00Z
O03091,2024-12-24,C0001,web,completed,2024-12-24T20:49:18Z
O04003,2024-12-24,C0128,store,completed,2024-12-24T14:28:10Z
O04179,2024-12-24,C0032,web,completed,2024-12-24T21:43:49Z
O04879,2024-12-24,C0044,web,completed,2024-12-24T21:14:02Z
O00359,2024-12-25,C0153,phone,completed,2024-12-25T17:38:14Z
O01679,2024-12-25,C0095,store,completed,2024-12-25T12:35:14Z
O02660,2024-12-25,C0030,web,completed,2024-12-25T12:13:33Z
O03233,2024-12-25,C0088,web,completed,2024-12-25T11:34:23Z
O05024,2024-12-25,C0170,web,completed,2024-12-25T19:57:50Z
O05213,2024-12-25,C0087,store,completed,2024-12-25T15:37:35Z
O05551,2024-12-25,C0033,web,completed,2024-12-25T09:22:48Z
O05795,2024-12-25,C0178,store,completed,2024-12-25T09:28:15Z
O01211,2024-12-26,C0067,web,completed,2024-12-26T06:32:40Z
O02424,2024-12-26,C0125,web,completed,2024-12-26T14:46:39Z
O03729,2024-12-26,C0046,web,completed,2024-12-26T14:14:27Z
O04775,2024-12-26,C0134,web,completed,2024-12-26T16:49:02Z
O05659,2024-12-26,C0074,store,completed,2024-12-26T13:12:38Z
O00237,2024-12-27,C0162,web,completed,2024-12-27T17:05:04Z
O00503,2024-12-27,C0160,store,completed,2024-12-27T15:18:18Z
O02630,2024-12-27,C0124,web,completed,2024-12-27T02:04:09Z
O02742,2024-12-27,C0006,web,completed,2024-12-27T16:09:18Z
O03210,2024-12-27,C0121,web,completed,2024-12-27T19:13:14Z
O03556,2024-12-27,C0005,store,completed,2024-12-27T16:08:17Z
O05040,2024-12-27,C0033,web,completed,2024-12-27T18:36:47Z
O00639,2024-12-28,C0158,web,completed,2024-12-28T14:23:02Z
O01481,2024-12-28,C0019,web,completed,2024-12-28T17:28:59Z
O02879,2024-12-28,C0155,web,completed,2024-12-28T23:40:13Z
O05834,2024-12-28,C0048,web,completed,2024-12-28T20:21:20Z
O00076,2024-12-29,C0071,phone,completed,2024-12-29T10:00:39Z
O00468,2024-12-29,C0175,store,completed,2024-12-29T14:08:32Z
O00632,2024-12-29,C0085,web,completed,2024-12-29T21:36:20Z
O02188,2024-12-29,C0052,store,completed,2024-12-29T15:40:21Z
O03928,2024-12-29,C0062,store,cancelled,2024-12-29T09:24:22Z
O04262,2024-12-29,C0068,store,completed,2024-12-29T19:57:28Z
O04783,2024-12-29,C0152,web,completed,2024-12-29T08:28:41Z
O05706,2024-12-29,C0170,phone,completed,2024-12-29T17:27:54Z
O05797,2024-12-29,C0147,store,completed,2024-12-29T14:05:22Z
O05978,2024-12-29,C0082,web,completed,2024-12-29T18:56:48Z
O02204,2024-12-30,C0041,web,completed,2024-12-30T21:21:49Z
O03651,2024-12-30,C0155,web,cancelled,2024-12-30T16:04:07Z
O04178,2024-12-30,C0123,web,completed,2024-12-30T18:33:09Z
O04785,2024-12-30,C0144,web,completed,2024-12-30T06:08:29Z
O04887,2024-12-30,C0172,web,completed,2024-12-30T19:58:51Z
O00545,2024-12-31,C0076,web,completed,2024-12-31T20:05:51Z
O00943,2024-12-31,C0026,web,completed,2024-12-31T20:58:42Z
O02086,2024-12-31,C0113,web,completed,2024-12-31T01:10:37Z
O04495,2024-12-31,C0037,web,completed,2024-12-31T09:43:03Z
O01310,2025-01-01,C0078,web,completed,2025-01-01T10:26:49Z
O01463,2025-01-01,C0066,store,completed,2025-01-01T16:42:56Z
O01571,2025-01-01,C0057,store,completed,2025-01-01T20:31:53Z
O01919,2025-01-01,C0081,web,completed,2025-01-01T09:38:52Z
O02978,2025-01-01,C0073,store,completed,2025-01-01T17:06:52Z
O03922,2025-01-01,C0099,web,completed,2025-01-01T09:43:07Z
O04800,2025-01-01,C0008,web,completed,2025-01-01T22:12:10Z
O05560,2025-01-01,C0105,store,completed,2025-01-01T12:02:27Z
O05580,2025-01-01,C0002,web,completed,2025-01-01T09:16:01Z
O05610,2025-01-01,C0023,store,completed,2025-01-01T20:22:52Z
O00898,2025-01-02,C0081,web,completed,2025-01-02T22:10:17Z
O01203,2025-01-02,C0055,web,completed,2025-01-02T11:49:25Z
O01339,2025-01-02,C0057,web,completed,2025-01-02T16:47:00Z
O01504,2025-01-02,C0110,web,completed,2025-01-02T20:49:59Z
O01544,2025-01-02,C0148,web,completed,2025-01-02T17:27:23Z
O01857,2025-01-02,C0090,store,completed,2025-01-02T13:34:05Z
O02965,2025-01-02,C0168,web,completed,2025-01-02T12:26:30Z
O03864,2025-01-02,C0043,store,completed,2025-01-02T13:09:32Z
O04614,2025-01-02,C0026,web,completed,2025-01-02T21:46:13Z
O04860,2025-01-02,C0056,store,completed,2025-01-02T09:21:02Z
O05743,2025-01-02,C0165,web,completed,2025-01-02T09:39:34Z
O00954,2025-01-03,C0097,web,completed,2025-01-03T20:06:53Z
O01681,2025-01-03,C0126,store,completed,2025-01-03T15:52:24Z
O02559,2025-01-03,C0036,web,cancelled,2025-01-03T10:55:24Z
O04250,2025-01-03,C0020,web,completed,2025-01-03T13:57:52Z
O04445,2025-01-03,C0090,web,completed,2025-01-03T16:47:13Z
O05088,2025-01-03,C0089,web,completed,2025-01-03T12:35:08Z
O05465,2025-01-03,C0064,web,completed,2025-01-03T22:04:03Z
O00663,2025-01-04,C0081,store,completed,2025-01-04T09:01:10Z
O00786,2025-01-04,C0137,store,completed,2025-01-04T17:07:31Z
O01543,2025-01-04,C0064,web,completed,2025-01-04T18:39:21Z
O02696,2025-01-04,C0086,web,completed,2025-01-04T07:06:51Z
O03816,2025-01-04,C0041,web,completed,2025-01-04T10:10:01Z
O03915,2025-01-04,C0169,web,completed,2025-01-04T18:39:04Z
O04998,2025-01-04,C0001,store,completed,2025-01-04T10:41:48Z
O05741,2025-01-04,C0025,store,pending,2025-01-04T13:06:14Z
O00116,2025-01-05,C0100,web,completed,2025-01-05T14:02:43Z
O01553,2025-01-05,C0150,web,cancelled,2025-01-05T07:03:06Z
O01656,2025-01-05,C0013,web,cancelled,2025-01-05T18:07:36Z
O01725,2025-01-05,C0083,web,completed,2025-01-05T23:43:22Z
O02055,2025-01-05,C0099,web,completed,2025-01-05T07:03:32Z
O02389,2025-01-05,C0108,web,cancelled,2025-01-05T19:22:08Z
O03142,2025-01-05,C0088,store,completed,2025-01-05T14:44:11Z
O03724,2025-01-05,C0079,store,completed,2025-01-05T17:16:50Z
O04088,2025-01-05,C0085,web,completed,2025-01-05T15:52:58Z
O04834,2025-01-05,C0176,store,completed,2025-01-05T20:00:07Z
O05678,2025-01-05,C0158,web,completed,2025-01-05T14:56:36Z
O05814,2025-01-05,C0043,store,completed,2025-01-05T10:30:22Z
O05925,2025-01-05,C0030,store,completed,2025-01-05T11:12:57Z
O00643,2025-01-06,C0161,web,completed,2025-01-06T15:04:45Z
O00660,2025-01-06,C0126,store,completed,2025-01-06T13:40:07Z
O01741,2025-01-06,C0082,web,completed,2025-01-06T21:27:00Z
O01783,2025-01-06,C0045,web,completed,2025-01-06T06:30:21Z
O03070,2025-01-06,C0147,web,completed,2025-01-06T19:10:20Z
O04002,2025-01-06,C0091,web,completed,2025-01-06T07:14:19Z
O04157,2025-01-06,C0159,web,completed,2025-01-06T11:58:00Z
O04669,2025-01-06,C0021,web,completed,2025-01-06T17:02:06Z
O05392,2025-01-06,C0153,web,completed,2025-01-06T12:19:38Z
O05643,2025-01-06,C0098,web,completed,2025-01-06T20:17:15Z
O01890,2025-01-07,C0085,store,completed,2025-01-07T12:50:14Z
O02280,2025-01-07,C0124,store,completed,2025-01-07T19:39:11Z
O04023,2025-01-07,C0077,store,completed,2025-01-07T11:09:26Z
O04370,2025-01-07,C0162,store,completed,2025-01-07T11:45:09Z
O05487,2025-01-07,C0056,web,completed,2025-01-07T08:27:38Z
O05628,2025-01-07,C0037,web,completed,2025-01-07T18:41:39Z
O05734,2025-01-07,C0019,phone,completed,2025-01-07T15:43:19Z
O05805,2025-01-07,C0041,web,completed,2025-01-07T22:49:43Z
O00927,2025-01-08,C0113,web,completed,2025-01-08T20:17:43Z
O01162,2025-01-08,C0148,store,completed,2025-01-08T12:56:16Z
O02081,2025-01-08,C0178,phone,completed,2025-01-08T12:12:05Z
O02149,2025-01-08,C0119,web,completed,2025-01-08T16:30:02Z
O02305,2025-01-08,C0074,web,completed,2025-01-08T00:18:55Z
O02400,2025-01-08,C0173,phone,completed,2025-01-08T14:00:33Z
O03279,2025-01-08,C0106,web,completed,2025-01-08T13:11:34Z
O03290,2025-01-08,C0147,web,completed,2025-01-08T21:50:39Z
O03336,2025-01-08,C0157,store,completed,2025-01-08T14:44:27Z
O03437,2025-01-08,C0157,web,completed,2025-01-08T14:00:41Z
O04336,2025-01-08,C0127,web,completed,2025-01-08T23:23:25Z
O00198,2025-01-09,C0171,web,completed,2025-01-09T14:47:25Z
O00234,2025-01-09,C0087,web,completed,2025-01-09T15:13:59Z
O01400,2025-01-09,C0038,store,completed,2025-01-09T16:35:21Z
O02158,2025-01-09,C0093,store,completed,2025-01-09T12:59:25Z
O02413,2025-01-09,C0138,store,completed,2025-01-09T09:58:31Z
O02924,2025-01-09,C0027,phone,completed,2025-01-09T15:37:39Z
O03291,2025-01-09,C0131,web,completed,2025-01-09T11:05:43Z
O03322,2025-01-09,C0148,store,completed,2025-01-09T16:07:15Z
O03330,2025-01-09,C0078,store,completed,2025-01-09T15:46:36Z
O03765,2025-01-09,C0066,web,completed,2025-01-09T21:12:08Z
O04335,2025-01-09,C0130,web,completed,2025-01-09T10:32:29Z
O05945,2025-01-09,C0074,store,completed,2025-01-09T09:06:24Z
O00585,2025-01-10,C0125,web,cancelled,2025-01-10T20:36:08Z
O00819,2025-01-10,C0030,web,cancelled,2025-01-10T16:57:59Z
O01747,2025-01-10,C0134,phone,pending,2025-01-10T13:25:29Z
O04051,2025-01-10,C0100,web,completed,2025-01-10T17:29:11Z
O04083,2025-01-10,C0067,web,completed,2025-01-10T09:50:40Z
O04312,2025-01-10,C0070,web,completed,2025-01-10T15:04:17Z
O04929,2025-01-10,C0102,store,completed,2025-01-10T09:08:50Z
O04987,2025-01-10,C0022,web,completed,2025-01-10T05:29:44Z
O05030,2025-01-10,C0009,web,completed,2025-01-10T14:37:35Z
O05350,2025-01-10,C0003,store,completed,2025-01-10T11:16:09Z
O05901,2025-01-10,C0115,web,completed,2025-01-10T17:20:41Z
O01215,2025-01-11,C0111,web,completed,2025-01-11T10:32:26Z
O02075,2025-01-11,C0108,web,completed,2025-01-11T16:54:12Z
O03326,2025-01-11,C0084,store,completed,2025-01-11T14:02:08Z
O04937,2025-01-11,C0025,store,completed,2025-01-11T14:39:06Z
O05145,2025-01-11,C0038,web,completed,2025-01-11T16:09:18Z
O05803,2025-01-11,C0066,web,completed,2025-01-11T16:28:26Z
O00311,2025-01-12,C0142,web,pending,2025-01-12T22:57:29Z
O01088,2025-01-12,C0136,web,cancelled,2025-01-12T21:49:13Z
O01541,2025-01-12,C0123,web,completed,2025-01-12T14:05:04Z
O01748,2025-01-12,C0161,web,completed,2025-01-12T15:49:40Z
O01778,2025-01-12,C0069,web,cancelled,2025-01-12T21:29:33Z
O02050,2025-01-12,C0165,web,pending,2025-01-12T19:01:10Z
O04565,2025-01-12,C0026,web,completed,2025-01-12T05:10:47Z
O04697,2025-01-12,C0098,web,completed,2025-01-12T10:30:05Z
O04856,2025-01-12,C0173,web,completed,2025-01-12T22:37:57Z
O00391,2025-01-13,C0172,web,completed,2025-01-13T18:14:22Z
O00869,2025-01-13,C0037,store,completed,2025-01-13T17:11:12Z
O00945,2025-01-13,C0111,store,completed,2025-01-13T13:18:21Z
O01260,2025-01-13,C0131,web,completed,2025-01-13T22:34:55Z
O01684,2025-01-13,C0143,store,completed,2025-01-13T15:49:06Z
O02074,2025-01-13,C0134,store,completed,2025-01-13T13:42:14Z
O03359,2025-01-13,C0162,web,completed,2025-01-13T21:26:08Z
O03747,2025-01-13,C0106,web,completed,2025-01-13T06:27:42Z
O04417,2025-01-13,C0132,store,completed,2025-01-13T13:22:50Z
O04590,2025-01-13,C0007,web,completed,2025-01-13T07:09:48Z
O00911,2025-01-14,C0173,store,pending,2025-01-14T09:10:01Z
O01494,2025-01-14,C0035,store,completed,2025-01-14T13:04:13Z
O01669,2025-01-14,C0044,store,completed,2025-01-14T14:49:01Z
O02491,2025-01-14,C0072,web,completed,2025-01-14T05:23:43Z
O00049,2025-01-15,C0030,web,completed,2025-01-15T11:39:39Z
O01408,2025-01-15,C0120,store,completed,2025-01-15T16:25:03Z
O01811,2025-01-15,C0006,store,completed,2025-01-15T16:41:16Z
O01879,2025-01-15,C0097,web,completed,2025-01-15T14:27:05Z
O02343,2025-01-15,C0141,web,cancelled,2025-01-15T21:11:33Z
O02542,2025-01-15,C0151,phone,completed,2025-01-15T13:12:58Z
O03392,2025-01-15,C0137,phone,pending,2025-01-15T11:22:53Z
O04080,2025-01-15,C0081,web,completed,2025-01-15T19:54:55Z
O04392,2025-01-15,C0151,phone,completed,2025-01-15T16:56:59Z
O04843,2025-01-15,C0072,store,completed,2025-01-15T10:06:47Z
O05171,2025-01-15,C0062,web,completed,2025-01-15T20:56:38Z
O00684,2025-01-16,C0133,web,completed,2025-01-16T12:26:57Z
O01114,2025-01-16,C0088,phone,completed,2025-01-16T10:56:29Z
O01365,2025-01-16,C0126,web,completed,2025-01-16T17:36:09Z
O01950,2025-01-16,C0105,web,completed,2025-01-16T20:50:05Z
O02501,2025-01-16,C0086,web,completed,2025-01-16T19:26:50Z
O03469,2025-01-16,C0012,web,cancelled,2025-01-16T14:02:42Z
O03500,2025-01-16,C0023,web,completed,2025-01-16T10:19:50Z
O03506,2025-01-16,C0154,store,completed,2025-01-16T19:53:09Z
O04240,2025-01-16,C0077,web,completed,2025-01-16T19:00:30Z
O04845,2025-01-16,C0066,store,completed,2025-01-16T14:21:42Z
O05446,2025-01-16,C0149,web,completed,2025-01-16T16:38:36Z
O05948,2025-01-16,C0147,web,completed,2025-01-16T11:14:22Z
O00297,2025-01-17,C0010,store,completed,2025-01-17T17:16:06Z
O00397,2025-01-17,C0086,web,completed,2025-01-17T18:22:11Z
O00687,2025-01-17,C0067,web,completed,2025-01-17T21:44:34Z
O01372,2025-01-17,C0049,store,completed,2025-01-17T13:04:14Z
O01628,2025-01-17,C0003,web,completed,2025-01-17T15:04:57Z
O03599,2025-01-17,C0146,web,completed,2025-01-17T17:27:28Z
O04001,2025-01-17,C0019,store,completed,2025-01-17T16:52:22Z
O04359,2025-01-17,C0034,web,completed,2025-01-17T15:33:20Z
O04369,2025-01-17,C0091,web,pending,2025-01-17T09:35:42Z
O05216,2025-01-17,C0023,web,completed,2025-01-17T21:59:54Z
O05448,2025-01-17,C0049,web,pending,2025-01-17T21:20:27Z
O00319,2025-01-18,C0156,store,completed,2025-01-18T12:52:38Z
O00499,2025-01-18,C0157,web,completed,2025-01-18T22:25:43Z
O00809,2025-01-18,C0168,web,completed,2025-01-18T16:44:41Z
O01256,2025-01-18,C0050,phone,completed,2025-01-18T15:37:55Z
O01453,2025-01-18,C0010,web,completed,2025-01-18T20:23:25Z
O02031,2025-01-18,C0123,web,completed,2025-01-18T12:53:29Z
O02302,2025-01-18,C0154,web,completed,2025-01-18T13:25:56Z
O02706,2025-01-18,C0022,web,completed,2025-01-18T17:50:28Z
O03292,2025-01-18,C0026,web,completed,2025-01-18T14:08:38Z
O03481,2025-01-18,C0067,web,completed,2025-01-18T17:25:07Z
O03743,2025-01-18,C0043,phone,completed,2025-01-18T15:54:21Z
O04130,2025-01-18,C0055,web,completed,2025-01-18T15:14:12Z
O04473,2025-01-18,C0035,web,cancelled,2025-01-18T17:07:42Z
O05074,2025-01-18,C0081,store,completed,2025-01-18T18:16:03Z
O00079,2025-01-19,C0062,web,completed,2025-01-19T23:19:42Z
O00285,2025-01-19,C0116,store,pending,2025-01-19T12:38:12Z
O00858,2025-01-19,C0021,web,completed,2025-01-19T12:40:52Z
O00867,2025-01-19,C0082,phone,completed,2025-01-19T11:49:27Z
O01323,2025-01-19,C0080,web,completed,2025-01-19T19:08:52Z
O01567,2025-01-19,C0104,phone,completed,2025-01-19T14:25:45Z
O02080,2025-01-19,C0005,web,completed,2025-01-19T10:11:52Z
O02334,2025-01-19,C0128,store,completed,2025-01-19T12:08:07Z
O03584,2025-01-19,C0109,web,completed,2025-01-19T23:23:12Z
O05414,2025-01-19,C0065,web,completed,2025-01-19T09:32:37Z
O00444,2025-01-20,C0030,web,completed,2025-01-20T13:11:08Z
O00543,2025-01-20,C0101,web,completed,2025-01-20T18:03:45Z
O00673,2025-01-20,C0113,web,completed,2025-01-20T20:27:09Z
O01460,2025-01-20,C0107,web,completed,2025-01-20T17:32:48Z
O04307,2025-01-20,C0044,web,completed,2025-01-20T10:18:12Z
O04582,2025-01-20,C0145,phone,completed,2025-01-20T09:04:31Z
O00067,2025-01-21,C0096,web,pending,2025-01-21T10:07:43Z
O03099,2025-01-21,C0031,store,completed,2025-01-21T19:06:12Z
O04205,2025-01-21,C0140,web,completed,2025-01-21T19:07:12Z
O04864,2025-01-21,C0054,store,completed,2025-01-21T09:23:45Z
O05107,2025-01-21,C0073,phone,completed,2025-01-21T12:29:56Z
O05657,2025-01-21,C0098,web,completed,2025-01-21T17:55:09Z
O01525,2025-01-22,C0119,store,completed,2025-01-22T13:19:12Z
O01576,2025-01-22,C0066,web,completed,2025-01-22T21:36:41Z
O03282,2025-01-22,C0105,web,completed,2025-01-22T13:37:31Z
O03520,2025-01-22,C0087,web,completed,2025-01-22T19:24:46Z
O05759,2025-01-22,C0022,web,completed,2025-01-22T07:54:01Z
O00164,2025-01-23,C0089,phone,completed,2025-01-23T10:13:23Z
O00173,2025-01-23,C0018,web,completed,2025-01-23T16:55:08Z
O00845,2025-01-23,C0099,web,completed,2025-01-23T15:35:26Z
O02917,2025-01-23,C0147,web,completed,2025-01-23T08:35:54Z
O03026,2025-01-23,C0018,store,completed,2025-01-23T14:38:23Z
O04107,2025-01-23,C0141,web,completed,2025-01-23T17:52:18Z
O05980,2025-01-23,C0029,web,completed,2025-01-23T21:14:34Z
O00019,2025-01-24,C0131,web,completed,2025-01-24T16:41:54Z
O01087,2025-01-24,C0069,store,completed,2025-01-24T17:48:48Z
O01516,2025-01-24,C0027,web,cancelled,2025-01-24T11:01:09Z
O01609,2025-01-24,C0099,web,completed,2025-01-24T19:30:28Z
O02704,2025-01-24,C0007,store,completed,2025-01-24T15:21:45Z
O03361,2025-01-24,C0071,store,completed,2025-01-24T12:03:17Z
O04162,2025-01-24,C0062,web,completed,2025-01-24T16:26:16Z
O04284,2025-01-24,C0083,web,completed,2025-01-24T19:59:44Z
O04462,2025-01-24,C0127,web,completed,2025-01-24T16:05:43Z
O04717,2025-01-24,C0083,web,completed,2025-01-24T17:05:42Z
O04779,2025-01-24,C0007,web,completed,2025-01-24T11:09:44Z
O05436,2025-01-24,C0068,web,completed,2025-01-24T19:42:15Z
O05665,2025-01-24,C0118,web,completed,2025-01-24T17:24:51Z
O05979,2025-01-24,C0108,store,completed,2025-01-24T11:51:44Z
O00544,2025-01-25,C0168,store,pending,2025-01-25T19:46:51Z
O00655,2025-01-25,C0032,store,completed,2025-01-25T13:03:36Z
O01737,2025-01-25,C0172,web,completed,2025-01-25T23:40:34Z
O02167,2025-01-25,C0111,store,completed,2025-01-25T10:00:02Z
O03244,2025-01-25,C0141,web,completed,2025-01-25T20:15:25Z
O05529,2025-01-25,C0140,web,completed,2025-01-25T11:25:20Z
O01415,2025-01-26,C0159,web,completed,2025-01-26T20:05:27Z
O02105,2025-01-26,C0151,store,completed,2025-01-26T18:47:44Z
O02469,2025-01-26,C0072,phone,completed,2025-01-26T17:44:53Z
O03086,2025-01-26,C0170,store,completed,2025-01-26T11:00:39Z
O03319,2025-01-26,C0047,web,completed,2025-01-26T03:16:59Z
O03841,2025-01-26,C0028,web,completed,2025-01-26T12:39:39Z
O03856,2025-01-26,C0076,web,completed,2025-01-26T21:34:09Z
O04031,2025-01-26,C0163,web,completed,2025-01-26T21:05:00Z
O05479,2025-01-26,C0037,web,completed,2025-01-26T15:15:28Z
O05775,2025-01-26,C0029,web,completed,2025-01-26T14:14:35Z
O00627,2025-01-27,C0020,web,completed,2025-01-27T22:04:19Z
O01189,2025-01-27,C0132,phone,completed,2025-01-27T13:31:52Z
O02493,2025-01-27,C0139,web,completed,2025-01-27T20:11:02Z
O05143,2025-01-27,C0172,web,completed,2025-01-27T22:15:02Z
O05332,2025-01-27,C0026,web,completed,2025-01-27T18:53:34Z
O00354,2025-01-28,C0133,web,completed,2025-01-28T20:00:08Z
O02436,2025-01-28,C0148,phone,completed,2025-01-28T10:12:45Z
O03898,2025-01-28,C0039,web,completed,2025-01-28T09:00:28Z
O04422,2025-01-28,C0156,store,completed,2025-01-28T16:54:39Z
O05967,2025-01-28,C0147,web,cancelled,2025-01-28T11:20:18Z
O00671,2025-01-29,C0151,web,completed,2025-01-29T23:14:26Z
O00785,2025-01-29,C0018,web,completed,2025-01-29T06:54:13Z
O01708,2025-01-29,C0005,web,completed,2025-01-29T13:08:59Z
O01814,2025-01-29,C0079,web,completed,2025-01-29T13:16:01Z
O01874,2025-01-29,C0147,web,completed,2025-01-29T17:13:05Z
O02142,2025-01-29,C0177,web,completed,2025-01-29T12:25:59Z
O03008,2025-01-29,C0110,store,completed,2025-01-29T16:46:03Z
O04009,2025-01-29,C0115,web,cancelled,2025-01-29T16:30:10Z
O04520,2025-01-29,C0150,web,completed,2025-01-29T09:56:35Z
O05889,2025-01-29,C0149,web,completed,2025-01-29T17:55:44Z
O00211,2025-01-30,C0150,phone,completed,2025-01-30T16:11:14Z
O00347,2025-01-30,C0090,web,cancelled,2025-01-30T22:43:31Z
O00797,2025-01-30,C0014,web,pending,2025-01-30T12:04:50Z
O01513,2025-01-30,C0008,phone,completed,2025-01-30T09:03:33Z
O02248,2025-01-30,C0064,web,completed,2025-01-30T19:56:16Z
O02380,2025-01-30,C0010,phone,completed,2025-01-30T15:21:14Z
O03717,2025-01-30,C0129,store,completed,2025-01-30T17:55:04Z
O05366,2025-01-30,C0011,store,completed,2025-01-30T11:08:22Z
O05876,2025-01-30,C0131,web,completed,2025-01-30T21:41:08Z
O05912,2025-01-30,C0042,web,completed,2025-01-30T21:39:13Z
O00404,2025-01-31,C0028,web,completed,2025-01-31T16:28:21Z
O01505,2025-01-31,C0156,store,completed,2025-01-31T10:31:56Z
O01969,2025-01-31,C0041,web,cancelled,2025-01-31T15:55:41Z
O04291,2025-01-31,C0144,web,completed,2025-01-31T18:45:30Z
O05225,2025-01-31,C0037,web,completed,2025-01-31T18:45:53Z
O05505,2025-01-31,C0179,web,completed,2025-01-31T19:01:31Z
O05783,2025-01-31,C0055,web,pending,2025-01-31T19:16:36Z
O00640,2025-02-01,C0006,web,completed,2025-02-01T15:13:37Z
O01248,2025-02-01,C0075,store,completed,2025-02-01T13:56:45Z
O02201,2025-02-01,C0065,web,cancelled,2025-02-01T23:00:57Z
O02321,2025-02-01,C0092,web,completed,2025-02-01T21:56:36Z
O04452,2025-02-01,C0103,store,completed,2025-02-01T16:14:10Z
O05789,2025-02-01,C0143,web,completed,2025-02-01T16:44:15Z
O00097,2025-02-02,C0005,web,completed,2025-02-02T00:01:58Z
O01615,2025-02-02,C0116,web,completed,2025-02-02T21:19:30Z
O02346,2025-02-02,C0058,web,completed,2025-02-02T12:44:41Z
O02789,2025-02-02,C0009,store,completed,2025-02-02T13:18:48Z
O02808,2025-02-02,C0174,web,completed,2025-02-02T23:46:20Z
O02843,2025-02-02,C0152,phone,completed,2025-02-02T11:53:16Z
O05149,2025-02-02,C0079,web,pending,2025-02-02T08:04:23Z
O00094,2025-02-03,C0127,phone,completed,2025-02-03T09:50:06Z
O00685,2025-02-03,C0084,store,completed,2025-02-03T12:22:09Z
O01206,2025-02-03,C0080,web,completed,2025-02-03T20:04:06Z
O02260,2025-02-03,C0058,store,completed,2025-02-03T17:06:13Z
O03103,2025-02-03,C0126,store,completed,2025-02-03T10:18:00Z
O03791,2025-02-03,C0007,store,completed,2025-02-03T16:24:15Z
O03855,2025-02-03,C0019,store,completed,2025-02-03T14:09:06Z
O00378,2025-02-04,C0033,phone,completed,2025-02-04T17:43:07Z
O00429,2025-02-04,C0077,phone,completed,2025-02-04T12:10:51Z
O01426,2025-02-04,C0050,web,completed,2025-02-04T11:00:16Z
O01775,2025-02-04,C0153,store,completed,2025-02-04T17:20:16Z
O01793,2025-02-04,C0082,web,completed,2025-02-04T00:00:25Z
O02281,2025-02-04,C0058,store,completed,2025-02-04T09:12:54Z
O02883,2025-02-04,C0025,web,completed,2025-02-04T19:31:34Z
O04768,2025-02-04,C0099,web,completed,2025-02-04T11:22:41Z
O04898,2025-02-04,C0073,store,completed,2025-02-04T15:36:03Z
O05316,2025-02-04,C0078,phone,completed,2025-02-04T16:38:34Z
O02680,2025-02-05,C0143,store,completed,2025-02-05T17:27:15Z
O02685,2025-02-05,C0017,web,completed,2025-02-05T09:55:42Z
O00591,2025-02-06,C0098,web,completed,2025-02-06T20:03:23Z
O00849,2025-02-06,C0109,store,completed,2025-02-06T09:42:49Z
O01941,2025-02-06,C0004,web,completed,2025-02-06T11:44:20Z
O02049,2025-02-06,C0061,web,completed,2025-02-06T18:05:05Z
O04854,2025-02-06,C0104,web,pending,2025-02-06T07:17:01Z
O05086,2025-02-06,C0154,web,completed,2025-02-06T22:10:18Z
O05237,2025-02-06,C0091,web,completed,2025-02-06T19:34:59Z
O05378,2025-02-06,C0068,web,completed,2025-02-06T19:30:31Z
O01468,2025-02-07,C0070,web,completed,2025-02-07T17:55:22Z
O01712,2025-02-07,C0050,web,completed,2025-02-07T18:47:57Z
O03755,2025-02-07,C0167,web,completed,2025-02-07T20:15:25Z
O03955,2025-02-07,C0059,web,completed,2025-02-07T13:42:53Z
O05001,2025-02-07,C0004,web,completed,2025-02-07T09:49:50Z
O05157,2025-02-07,C0071,store,completed,2025-02-07T11:43:42Z
O05563,2025-02-07,C0026,web,completed,2025-02-07T20:57:28Z
O00130,2025-02-08,C0098,store,completed,2025-02-08T11:53:50Z
O01574,2025-02-08,C0046,web,completed,2025-02-08T14:14:19Z
O02287,2025-02-08,C0104,web,completed,2025-02-08T17:28:26Z
O02753,2025-02-08,C0163,web,completed,2025-02-08T19:02:08Z
O03080,2025-02-08,C0143,web,completed,2025-02-08T15:59:53Z
O03295,2025-02-08,C0179,store,completed,2025-02-08T09:06:27Z
O03713,2025-02-08,C0144,store,pending,2025-02-08T15:08:53Z
O03736,2025-02-08,C0055,web,completed,2025-02-08T18:02:49Z
O05690,2025-02-08,C0014,web,completed,2025-02-08T11:19:21Z
O01742,2025-02-09,C0029,web,completed,2025-02-09T22:48:53Z
O03260,2025-02-09,C0014,store,completed,2025-02-09T14:27:28Z
O03266,2025-02-09,C0122,store,completed,2025-02-09T13:46:03Z
O04044,2025-02-09,C0004,web,completed,2025-02-09T21:52:49Z
O04325,2025-02-09,C0161,web,completed,2025-02-09T16:01:16Z
O04439,2025-02-09,C0006,web,completed,2025-02-09T13:28:07Z
O01422,2025-02-10,C0072,web,pending,2025-02-10T19:34:33Z
O02665,2025-02-10,C0123,store,completed,2025-02-10T11:17:37Z
O02672,2025-02-10,C0134,web,completed,2025-02-10T23:03:07Z
O02966,2025-02-10,C0020,web,completed,2025-02-10T16:53:29Z
O03289,2025-02-10,C0115,web,completed,2025-02-10T10:26:31Z
O03485,2025-02-10,C0010,store,completed,2025-02-10T15:25:09Z
O04274,2025-02-10,C0112,web,completed,2025-02-10T10:37:51Z
O04310,2025-02-10,C0084,phone,completed,2025-02-10T11:04:37Z
O00351,2025-02-11,C0085,phone,completed,2025-02-11T13:22:50Z
O01191,2025-02-11,C0033,web,completed,2025-02-11T20:24:50Z
O01698,2025-02-11,C0053,web,completed,2025-02-11T18:21:26Z
O03098,2025-02-11,C0164,web,completed,2025-02-11T14:01:22Z
O04492,2025-02-11,C0003,phone,cancelled,2025-02-11T12:04:07Z
O04989,2025-02-11,C0014,web,completed,2025-02-11T15:01:23Z
O04993,2025-02-11,C0050,web,completed,2025-02-11T05:15:16Z
O05265,2025-02-11,C0127,web,completed,2025-02-11T20:04:34Z
O05625,2025-02-11,C0016,store,completed,2025-02-11T17:32:32Z
O05722,2025-02-11,C0039,store,completed,2025-02-11T17:12:47Z
O00070,2025-02-12,C0010,web,completed,2025-02-12T08:36:58Z
O00644,2025-02-12,C0116,phone,completed,2025-02-12T09:54:35Z
O01779,2025-02-12,C0075,store,completed,2025-02-12T17:23:19Z
O02178,2025-02-12,C0051,web,completed,2025-02-12T18:08:21Z
O03996,2025-02-12,C0024,web,completed,2025-02-12T06:45:00Z
O04910,2025-02-12,C0124,web,completed,2025-02-12T08:21:05Z
O05092,2025-02-12,C0128,web,cancelled,2025-02-12T18:05:31Z
O05988,2025-02-12,C0006,web,cancelled,2025-02-12T16:06:41Z
O00510,2025-02-13,C0078,web,completed,2025-02-13T02:26:16Z
O01117,2025-02-13,C0144,phone,completed,2025-02-13T15:35:54Z
O01160,2025-02-13,C0084,phone,completed,2025-02-13T12:50:04Z
O01448,2025-02-13,C0056,web,completed,2025-02-13T20:17:53Z
O02300,2025-02-13,C0174,phone,pending,2025-02-13T12:53:14Z
O02550,2025-02-13,C0043,phone,completed,2025-02-13T09:15:35Z
O03226,2025-02-13,C0141,web,completed,2025-02-13T22:57:40Z
O04011,2025-02-13,C0130,store,completed,2025-02-13T12:48:38Z
O04296,2025-02-13,C0055,web,cancelled,2025-02-13T21:21:28Z
O04375,2025-02-13,C0117,web,completed,2025-02-13T21:16:23Z
O05155,2025-02-13,C0157,web,completed,2025-02-13T14:05:34Z
O01455,2025-02-14,C0058,phone,completed,2025-02-14T12:54:58Z
O03763,2025-02-14,C0031,phone,completed,2025-02-14T13:31:23Z
O03992,2025-02-14,C0027,phone,completed,2025-02-14T12:03:32Z
O04158,2025-02-14,C0003,web,completed,2025-02-14T14:30:43Z
O04914,2025-02-14,C0136,web,completed,2025-02-14T14:04:23Z
O05519,2025-02-14,C0005,store,cancelled,2025-02-14T15:17:03Z
O03156,2025-02-15,C0142,web,completed,2025-02-15T19:05:30Z
O04704,2025-02-15,C0083,phone,completed,2025-02-15T12:38:43Z
O04791,2025-02-15,C0007,phone,completed,2025-02-15T14:14:50Z
O05559,2025-02-15,C0049,phone,completed,2025-02-15T12:47:19Z
O00284,2025-02-16,C0074,web,completed,2025-02-16T19:39:34Z
O00440,2025-02-16,C0090,web,completed,2025-02-16T18:11:33Z
O03075,2025-02-16,C0037,web,completed,2025-02-16T20:58:11Z
O03100,2025-02-16,C0032,store,completed,2025-02-16T14:57:09Z
O04396,2025-02-16,C0173,web,completed,2025-02-16T15:19:39Z
O04429,2025-02-16,C0079,web,cancelled,2025-02-16T16:50:22Z
O00807,2025-02-17,C0028,phone,completed,2025-02-17T16:16:46Z
O01861,2025-02-17,C0063,web,completed,2025-02-17T17:05:57Z
O02537,2025-02-17,C0078,web,completed,2025-02-17T15:51:47Z
O02862,2025-02-17,C0093,store,completed,2025-02-17T11:37:17Z
O02998,2025-02-17,C0134,store,completed,2025-02-17T12:06:06Z
O03652,2025-02-17,C0022,store,completed,2025-02-17T14:23:11Z
O03807,2025-02-17,C0097,store,completed,2025-02-17T15:35:11Z
O04042,2025-02-17,C0172,web,completed,2025-02-17T09:01:58Z
O04654,2025-02-17,C0142,web,completed,2025-02-17T19:58:56Z
O00659,2025-02-18,C0159,store,completed,2025-02-18T13:27:02Z
O01076,2025-02-18,C0034,web,completed,2025-02-18T18:22:33Z
O01341,2025-02-18,C0079,web,completed,2025-02-18T02:38:51Z
O02727,2025-02-18,C0001,web,completed,2025-02-18T18:05:44Z
O02766,2025-02-18,C0023,store,completed,2025-02-18T13:34:37Z
O04371,2025-02-18,C0166,store,completed,2025-02-18T11:47:58Z
O05545,2025-02-18,C0002,web,completed,2025-02-18T15:54:09Z
O00182,2025-02-19,C0142,web,completed,2025-02-19T06:14:38Z
O00217,2025-02-19,C0141,web,cancelled,2025-02-19T23:53:53Z
O00953,2025-02-19,C0148,web,completed,2025-02-19T19:30:59Z
O01720,2025-02-19,C0071,store,completed,2025-02-19T16:08:20Z
O02258,2025-02-19,C0121,web,completed,2025-02-19T18:47:04Z
O02421,2025-02-19,C0031,web,completed,2025-02-19T11:04:25Z
O03666,2025-02-19,C0005,web,completed,2025-02-19T11:23:57Z
O04921,2025-02-19,C0067,web,completed,2025-02-19T23:50:22Z
O00705,2025-02-20,C0112,web,pending,2025-02-20T19:27:24Z
O02324,2025-02-20,C0147,store,completed,2025-02-20T10:01:20Z
O02349,2025-02-20,C0178,web,completed,2025-02-20T11:10:19Z
O02638,2025-02-20,C0059,web,completed,2025-02-20T11:13:06Z
O05907,2025-02-20,C0164,web,completed,2025-02-20T11:49:54Z
O05990,2025-02-20,C0063,web,completed,2025-02-20T07:05:19Z
O00034,2025-02-21,C0105,web,completed,2025-02-21T17:18:21Z
O00906,2025-02-21,C0147,store,completed,2025-02-21T14:41:02Z
O01674,2025-02-21,C0072,web,completed,2025-02-21T19:40:33Z
O02588,2025-02-21,C0002,web,pending,2025-02-21T19:22:34Z
O02592,2025-02-21,C0128,store,completed,2025-02-21T13:07:21Z
O03318,2025-02-21,C0007,store,pending,2025-02-21T11:25:30Z
O03918,2025-02-21,C0101,web,completed,2025-02-21T04:53:19Z
O04050,2025-02-21,C0011,web,completed,2025-02-21T19:58:06Z
O04635,2025-02-21,C0169,store,completed,2025-02-21T09:52:39Z
O04977,2025-02-21,C0056,web,pending,2025-02-21T15:05:48Z
O05840,2025-02-21,C0062,store,completed,2025-02-21T19:43:57Z
O00280,2025-02-22,C0103,phone,completed,2025-02-22T12:42:15Z
O01382,2025-02-22,C0159,web,completed,2025-02-22T18:26:37Z
O01974,2025-02-22,C0101,web,completed,2025-02-22T18:28:19Z
O02045,2025-02-22,C0120,store,completed,2025-02-22T09:45:12Z
O02381,2025-02-22,C0118,web,completed,2025-02-22T10:06:07Z
O02487,2025-02-22,C0121,web,completed,2025-02-22T22:35:00Z
O02579,2025-02-22,C0071,web,cancelled,2025-02-22T18:31:56Z
O03161,2025-02-22,C0151,phone,completed,2025-02-22T11:46:31Z
O03788,2025-02-22,C0116,store,completed,2025-02-22T15:50:19Z
O03805,2025-02-22,C0016,web,completed,2025-02-22T16:38:49Z
O04056,2025-02-22,C0086,web,completed,2025-02-22T20:49:48Z
O05397,2025-02-22,C0003,web,completed,2025-02-22T23:39:22Z
O00057,2025-02-23,C0158,web,completed,2025-02-23T20:14:36Z
O00197,2025-02-23,C0034,web,completed,2025-02-23T19:25:44Z
O02229,2025-02-23,C0172,web,completed,2025-02-23T20:48:53Z
O03408,2025-02-23,C0008,store,cancelled,2025-02-23T12:02:39Z
O04933,2025-02-23,C0179,web,completed,2025-02-23T12:42:35Z
O05264,2025-02-23,C0010,web,completed,2025-02-23T20:09:47Z
O05897,2025-02-23,C0155,web,completed,2025-02-23T15:27:30Z
O00035,2025-02-24,C0169,web,completed,2025-02-24T13:13:10Z
O00368,2025-02-24,C0115,web,completed,2025-02-24T12:30:54Z
O00388,2025-02-24,C0082,web,completed,2025-02-24T13:02:58Z
O00804,2025-02-24,C0052,web,completed,2025-02-24T11:24:43Z
O00946,2025-02-24,C0126,web,completed,2025-02-24T18:16:41Z
O01105,2025-02-24,C0151,web,completed,2025-02-24T19:02:42Z
O01899,2025-02-24,C0021,web,completed,2025-02-24T22:52:33Z
O02218,2025-02-24,C0117,store,completed,2025-02-24T09:52:16Z
O03491,2025-02-24,C0084,store,completed,2025-02-24T16:56:29Z
O03714,2025-02-24,C0080,store,completed,2025-02-24T14:17:35Z
O03943,2025-02-24,C0114,phone,completed,2025-02-24T12:46:46Z
O05386,2025-02-24,C0108,store,completed,2025-02-24T16:55:42Z
O05808,2025-02-24,C0056,web,completed,2025-02-24T19:50:53Z
O05879,2025-02-24,C0003,web,completed,2025-02-24T18:42:58Z
O00754,2025-02-25,C0115,web,cancelled,2025-02-25T09:53:37Z
O02025,2025-02-25,C0128,web,completed,2025-02-25T19:01:28Z
O02414,2025-02-25,C0113,web,completed,2025-02-25T12:58:33Z
O02437,2025-02-25,C0084,web,completed,2025-02-25T14:14:54Z
O02768,2025-02-25,C0065,web,completed,2025-02-25T14:20:10Z
O03058,2025-02-25,C0179,store,completed,2025-02-25T14:26:23Z
O03702,2025-02-25,C0171,web,completed,2025-02-25T08:55:33Z
O00012,2025-02-26,C0106,web,completed,2025-02-26T17:51:10Z
O00718,2025-02-26,C0038,web,completed,2025-02-26T18:48:34Z
O00194,2025-02-27,C0030,store,completed,2025-02-27T16:53:21Z
O01161,2025-02-27,C0173,store,completed,2025-02-27T11:50:57Z
O01696,2025-02-27,C0060,store,completed,2025-02-27T14:49:01Z
O04698,2025-02-27,C0169,store,completed,2025-02-27T17:52:11Z
O05142,2025-02-27,C0132,web,completed,2025-02-27T20:00:42Z
O05587,2025-02-27,C0097,store,cancelled,2025-02-27T19:02:57Z
O05999,2025-02-27,C0107,web,completed,2025-02-27T12:23:45Z
O01391,2025-02-28,C0042,store,completed,2025-02-28T12:59:37Z
O01397,2025-02-28,C0006,web,completed,2025-02-28T18:48:03Z
O01633,2025-02-28,C0030,web,completed,2025-02-28T00:34:03Z
O01826,2025-02-28,C0166,store,completed,2025-02-28T10:04:15Z
O02496,2025-02-28,C0174,phone,completed,2025-02-28T16:15:31Z
O03288,2025-02-28,C0151,store,pending,2025-02-28T17:09:50Z
O04171,2025-02-28,C0139,web,completed,2025-02-28T20:31:23Z
O00366,2025-03-01,C0144,web,completed,2025-03-01T21:31:44Z
O00747,2025-03-01,C0059,web,completed,2025-03-01T20:05:54Z
O01958,2025-03-01,C0179,store,completed,2025-03-01T14:11:31Z
O02018,2025-03-01,C0112,web,pending,2025-03-01T21:44:27Z
O02643,2025-03-01,C0024,web,completed,2025-03-01T20:07:03Z
O02825,2025-03-01,C0127,store,completed,2025-03-01T09:34:31Z
O03560,2025-03-01,C0010,store,completed,2025-03-01T10:55:58Z
O04951,2025-03-01,C0115,web,completed,2025-03-01T00:23:43Z
O05469,2025-03-01,C0100,web,completed,2025-03-01T11:49:58Z
O01457,2025-03-02,C0161,web,completed,2025-03-02T14:31:01Z
O01854,2025-03-02,C0129,store,completed,2025-03-02T09:02:33Z
O01927,2025-03-02,C0158,web,completed,2025-03-02T23:30:58Z
O01977,2025-03-02,C0110,web,completed,2025-03-02T13:55:28Z
O02855,2025-03-02,C0151,web,completed,2025-03-02T08:12:31Z
O03028,2025-03-02,C0091,web,cancelled,2025-03-02T18:04:15Z
O04358,2025-03-02,C0088,web,completed,2025-03-02T18:59:53Z
O04587,2025-03-02,C0172,store,completed,2025-03-02T09:36:13Z
O00480,2025-03-03,C0168,phone,completed,2025-03-03T10:27:07Z
O01640,2025-03-03,C0163,store,completed,2025-03-03T11:30:37Z
O02040,2025-03-03,C0003,web,cancelled,2025-03-03T08:48:44Z
O00505,2025-03-04,C0110,web,completed,2025-03-04T21:13:55Z
O00863,2025-03-04,C0125,web,completed,2025-03-04T19:01:11Z
O01192,2025-03-04,C0010,store,completed,2025-03-04T10:27:13Z
O01510,2025-03-04,C0054,web,completed,2025-03-04T22:58:57Z
O01534,2025-03-04,C0150,web,completed,2025-03-04T14:19:19Z
O02113,2025-03-04,C0069,store,completed,2025-03-04T14:29:17Z
O02134,2025-03-04,C0059,web,completed,2025-03-04T23:19:13Z
O03164,2025-03-04,C0041,store,completed,2025-03-04T12:59:25Z
O03410,2025-03-04,C0117,web,completed,2025-03-04T09:04:22Z
O03555,2025-03-04,C0049,web,completed,2025-03-04T21:53:08Z
O05152,2025-03-04,C0077,phone,completed,2025-03-04T13:18:24Z
O00353,2025-03-05,C0001,web,completed,2025-03-05T10:52:00Z
O00662,2025-03-05,C0057,web,cancelled,2025-03-05T12:08:03Z
O00690,2025-03-05,C0012,store,completed,2025-03-05T12:07:48Z
O04598,2025-03-05,C0059,web,completed,2025-03-05T19:31:56Z
O05383,2025-03-05,C0174,web,completed,2025-03-05T15:00:42Z
O05464,2025-03-05,C0027,store,completed,2025-03-05T15:46:13Z
O05672,2025-03-05,C0026,store,completed,2025-03-05T12:23:31Z
O00085,2025-03-06,C0092,phone,completed,2025-03-06T15:23:27Z
O00232,2025-03-06,C0090,web,completed,2025-03-06T11:27:59Z
O00352,2025-03-06,C0033,web,completed,2025-03-06T08:17:57Z
O00618,2025-03-06,C0090,store,completed,2025-03-06T17:15:50Z
O01108,2025-03-06,C0119,web,completed,2025-03-06T20:52:12Z
O01181,2025-03-06,C0149,web,completed,2025-03-06T18:43:45Z
O01321,2025-03-06,C0038,web,completed,2025-03-06T20:12:16Z
O01971,2025-03-06,C0082,web,completed,2025-03-06T10:58:19Z
O03055,2025-03-06,C0142,web,completed,2025-03-06T16:42:34Z
O04219,2025-03-06,C0150,web,completed,2025-03-06T21:29:46Z
O05106,2025-03-06,C0056,web,completed,2025-03-06T19:02:15Z
O01764,2025-03-07,C0025,phone,completed,2025-03-07T12:17:20Z
O03899,2025-03-07,C0108,store,completed,2025-03-07T11:46:00Z
O04113,2025-03-07,C0098,phone,completed,2025-03-07T11:48:15Z
O04293,2025-03-07,C0172,web,completed,2025-03-07T18:51:03Z
O05108,2025-03-07,C0086,web,completed,2025-03-07T12:21:02Z
O05422,2025-03-07,C0008,store,pending,2025-03-07T15:58:34Z
O05473,2025-03-07,C0103,web,completed,2025-03-07T13:26:08Z
O01532,2025-03-08,C0108,store,completed,2025-03-08T19:33:35Z
O01800,2025-03-08,C0065,web,completed,2025-03-08T19:03:31Z
O02679,2025-03-08,C0171,web,completed,2025-03-08T20:35:53Z
O02893,2025-03-08,C0037,web,completed,2025-03-08T14:26:41Z
O03134,2025-03-08,C0119,store,completed,2025-03-08T11:17:39Z
O03206,2025-03-08,C0080,web,completed,2025-03-08T15:38:00Z
O03758,2025-03-08,C0026,web,completed,2025-03-08T22:34:52Z
O03871,2025-03-08,C0065,web,completed,2025-03-08T12:58:59Z
O04525,2025-03-08,C0104,web,cancelled,2025-03-08T13:48:27Z
O04686,2025-03-08,C0072,web,completed,2025-03-08T21:26:18Z
O00400,2025-03-09,C0170,store,completed,2025-03-09T13:25:39Z
O00710,2025-03-09,C0011,phone,completed,2025-03-09T10:59:25Z
O02558,2025-03-09,C0017,web,pending,2025-03-09T13:27:40Z
O03580,2025-03-09,C0078,web,completed,2025-03-09T09:29:13Z
O03614,2025-03-09,C0044,store,completed,2025-03-09T16:48:09Z
O03751,2025-03-09,C0036,web,completed,2025-03-09T15:20:42Z
O05338,2025-03-09,C0101,web,completed,2025-03-09T20:24:05Z
O05701,2025-03-09,C0078,web,completed,2025-03-09T21:33:43Z
O01486,2025-03-10,C0113,web,completed,2025-03-10T13:20:45Z
O01955,2025-03-10,C0038,web,completed,2025-03-10T20:18:36Z
O01995,2025-03-10,C0164,store,completed,2025-03-10T14:04:44Z
O04620,2025-03-10,C0101,web,completed,2025-03-10T23:50:34Z
O00788,2025-03-11,C0032,phone,completed,2025-03-11T15:08:44Z
O01068,2025-03-11,C0080,web,completed,2025-03-11T21:51:57Z
O01115,2025-03-11,C0160,web,pending,2025-03-11T10:07:09Z
O01531,2025-03-11,C0027,phone,completed,2025-03-11T13:21:26Z
O04442,2025-03-11,C0179,store,completed,2025-03-11T14:25:47Z
O05139,2025-03-11,C0087,web,completed,2025-03-11T22:03:25Z
O05389,2025-03-11,C0170,store,completed,2025-03-11T16:39:11Z
O05463,2025-03-11,C0022,web,completed,2025-03-11T17:27:01Z
O00310,2025-03-12,C0075,store,completed,2025-03-12T14:15:32Z
O01196,2025-03-12,C0022,web,completed,2025-03-12T20:11:38Z
O01600,2025-03-12,C0122,store,completed,2025-03-12T12:08:00Z
O03335,2025-03-12,C0047,web,pending,2025-03-12T08:52:58Z
O03735,2025-03-12,C0082,web,completed,2025-03-12T22:35:19Z
O04387,2025-03-12,C0125,store,completed,2025-03-12T11:50:26Z
O00242,2025-03-13,C0077,store,completed,2025-03-13T15:22:21Z
O00244,2025-03-13,C0135,web,completed,2025-03-13T07:02:24Z
O01423,2025-03-13,C0042,store,completed,2025-03-13T11:38:19Z
O01630,2025-03-13,C0161,store,completed,2025-03-13T11:33:39Z
O01929,2025-03-13,C0079,store,completed,2025-03-13T14:28:16Z
O02027,2025-03-13,C0039,web,completed,2025-03-13T17:03:29Z
O02770,2025-03-13,C0148,web,completed,2025-03-13T20:18:57Z
O03205,2025-03-13,C0104,web,completed,2025-03-13T09:24:53Z
O03405,2025-03-13,C0101,web,completed,2025-03-13T19:47:41Z
O03657,2025-03-13,C0056,store,completed,2025-03-13T12:20:20Z
O04082,2025-03-13,C0021,web,completed,2025-03-13T00:32:58Z
O05244,2025-03-13,C0021,web,completed,2025-03-13T18:59:24Z
O05748,2025-03-13,C0150,web,completed,2025-03-13T17:02:02Z
O01363,2025-03-14,C0053,web,completed,2025-03-14T10:21:37Z
O01992,2025-03-14,C0164,web,completed,2025-03-14T17:58:47Z
O02270,2025-03-14,C0180,web,completed,2025-03-14T19:58:36Z
O03036,2025-03-14,C0156,store,completed,2025-03-14T17:52:04Z
O03380,2025-03-14,C0112,store,completed,2025-03-14T15:53:42Z
O03842,2025-03-14,C0081,store,completed,2025-03-14T12:11:11Z
O03884,2025-03-14,C0081,web,completed,2025-03-14T11:26:11Z
O05273,2025-03-14,C0060,web,completed,2025-03-14T17:47:08Z
O05312,2025-03-14,C0099,web,completed,2025-03-14T19:42:06Z
O02023,2025-03-15,C0040,web,completed,2025-03-15T04:14:19Z
O02781,2025-03-15,C0110,phone,completed,2025-03-15T10:46:59Z
O03551,2025-03-15,C0024,web,completed,2025-03-15T13:05:13Z
O04177,2025-03-15,C0028,web,completed,2025-03-15T10:38:22Z
O04500,2025-03-15,C0032,web,completed,2025-03-15T18:35:46Z
O05486,2025-03-15,C0013,store,completed,2025-03-15T12:31:37Z
O05582,2025-03-15,C0079,store,completed,2025-03-15T13:22:50Z
O05812,2025-03-15,C0042,store,completed,2025-03-15T14:06:17Z
O00666,2025-03-16,C0064,web,completed,2025-03-16T19:40:49Z
O01403,2025-03-16,C0114,web,completed,2025-03-16T16:42:59Z
O02121,2025-03-16,C0076,store,completed,2025-03-16T18:00:11Z
O02933,2025-03-16,C0027,store,completed,2025-03-16T16:58:36Z
O02969,2025-03-16,C0026,web,completed,2025-03-16T17:30:30Z
O03169,2025-03-16,C0036,web,completed,2025-03-16T21:21:36Z
O03894,2025-03-16,C0024,store,completed,2025-03-16T14:36:02Z
O04338,2025-03-16,C0156,web,completed,2025-03-16T16:23:54Z
O04742,2025-03-16,C0146,web,completed,2025-03-16T19:21:03Z
O05138,2025-03-16,C0010,phone,completed,2025-03-16T16:29:49Z
O05147,2025-03-16,C0116,web,completed,2025-03-16T17:12:01Z
O00053,2025-03-17,C0170,web,completed,2025-03-17T18:09:03Z
O00928,2025-03-17,C0091,phone,completed,2025-03-17T11:19:37Z
O01565,2025-03-17,C0171,web,completed,2025-03-17T22:40:21Z
O01842,2025-03-17,C0030,store,completed,2025-03-17T17:35:55Z
O02207,2025-03-17,C0180,store,completed,2025-03-17T09:53:14Z
O03686,2025-03-17,C0156,web,cancelled,2025-03-17T19:13:45Z
O04395,2025-03-17,C0158,web,completed,2025-03-17T14:21:39Z
O05002,2025-03-17,C0039,web,completed,2025-03-17T18:28:44Z
O05407,2025-03-17,C0037,web,completed,2025-03-17T19:03:05Z
O05662,2025-03-17,C0077,web,completed,2025-03-17T10:46:07Z
O01225,2025-03-18,C0118,store,completed,2025-03-18T19:10:54Z
O01611,2025-03-18,C0009,store,completed,2025-03-18T17:56:07Z
O02296,2025-03-18,C0082,store,completed,2025-03-18T14:51:11Z
O00630,2025-03-19,C0013,web,completed,2025-03-19T14:12:16Z
O00759,2025-03-19,C0111,web,completed,2025-03-19T21:47:08Z
O03271,2025-03-19,C0012,store,completed,2025-03-19T15:37:59Z
O03603,2025-03-19,C0140,web,completed,2025-03-19T19:01:04Z
O04203,2025-03-19,C0045,store,completed,2025-03-19T18:23:38Z
O04236,2025-03-19,C0158,web,completed,2025-03-19T16:45:39Z
O04478,2025-03-19,C0094,web,completed,2025-03-19T21:55:28Z
O04526,2025-03-19,C0140,web,cancelled,2025-03-19T17:48:27Z
O05679,2025-03-19,C0151,web,completed,2025-03-19T07:48:47Z
O05681,2025-03-19,C0120,web,completed,2025-03-19T09:10:23Z
O00390,2025-03-20,C0168,web,cancelled,2025-03-20T14:33:16Z
O00466,2025-03-20,C0102,web,completed,2025-03-20T15:43:37Z
O01352,2025-03-20,C0134,web,completed,2025-03-20T13:35:10Z
O01849,2025-03-20,C0108,web,completed,2025-03-20T21:01:58Z
O02265,2025-03-20,C0014,web,completed,2025-03-20T16:40:19Z
O02492,2025-03-20,C0151,store,completed,2025-03-20T09:43:02Z
O03025,2025-03-20,C0065,web,completed,2025-03-20T14:58:55Z
O03150,2025-03-20,C0014,web,completed,2025-03-20T20:32:20Z
O03207,2025-03-20,C0163,store,cancelled,2025-03-20T19:23:25Z
O03356,2025-03-20,C0164,store,completed,2025-03-20T12:38:25Z
O04605,2025-03-20,C0140,phone,completed,2025-03-20T10:04:53Z
O05118,2025-03-20,C0156,web,completed,2025-03-20T14:17:39Z
O00343,2025-03-21,C0014,web,completed,2025-03-21T14:55:54Z
O00675,2025-03-21,C0012,web,completed,2025-03-21T19:58:29Z
O01112,2025-03-21,C0091,store,completed,2025-03-21T10:40:54Z
O01480,2025-03-21,C0007,web,completed,2025-03-21T17:29:17Z
O01943,2025-03-21,C0156,web,completed,2025-03-21T21:14:03Z
O02934,2025-03-21,C0014,store,completed,2025-03-21T12:43:32Z
O04607,2025-03-21,C0095,store,completed,2025-03-21T12:44:28Z
O05364,2025-03-21,C0116,phone,completed,2025-03-21T11:19:07Z
O00236,2025-03-22,C0010,phone,completed,2025-03-22T09:37:09Z
O01116,2025-03-22,C0028,web,completed,2025-03-22T22:41:34Z
O01935,2025-03-22,C0135,web,completed,2025-03-22T16:53:23Z
O02143,2025-03-22,C0098,web,completed,2025-03-22T19:16:08Z
O03757,2025-03-22,C0098,store,completed,2025-03-22T12:19:39Z
O04719,2025-03-22,C0163,web,completed,2025-03-22T16:43:46Z
O05435,2025-03-22,C0077,phone,completed,2025-03-22T16:21:49Z
O00541,2025-03-23,C0108,store,completed,2025-03-23T11:08:05Z
O00711,2025-03-23,C0127,web,completed,2025-03-23T10:50:47Z
O00734,2025-03-23,C0158,web,completed,2025-03-23T22:54:55Z
O01575,2025-03-23,C0021,web,completed,2025-03-23T13:02:50Z
O01869,2025-03-23,C0032,store,completed,2025-03-23T14:04:49Z
O01986,2025-03-23,C0176,web,completed,2025-03-23T17:39:08Z
O03385,2025-03-23,C0131,web,completed,2025-03-23T07:57:57Z
O03390,2025-03-23,C0148,web,completed,2025-03-23T15:24:21Z
O03828,2025-03-23,C0085,web,completed,2025-03-23T14:36:22Z
O05318,2025-03-23,C0096,store,completed,2025-03-23T19:12:03Z
O02253,2025-03-24,C0092,store,completed,2025-03-24T10:13:47Z
O02485,2025-03-24,C0167,web,completed,2025-03-24T17:46:07Z
O03411,2025-03-24,C0102,store,completed,2025-03-24T09:29:13Z
O04137,2025-03-24,C0014,store,completed,2025-03-24T11:12:00Z
O04300,2025-03-24,C0060,web,completed,2025-03-24T11:13:44Z
O05204,2025-03-24,C0089,store,completed,2025-03-24T17:57:53Z
O05229,2025-03-24,C0057,store,completed,2025-03-24T13:38:19Z
O00296,2025-03-25,C0154,store,completed,2025-03-25T20:11:46Z
O00514,2025-03-25,C0166,web,completed,2025-03-25T17:21:15Z
O00620,2025-03-25,C0038,store,completed,2025-03-25T12:44:30Z
O03562,2025-03-25,C0053,store,completed,2025-03-25T14:48:00Z
O03781,2025-03-25,C0071,store,completed,2025-03-25T19:44:34Z
O03994,2025-03-25,C0073,store,completed,2025-03-25T14:31:12Z
O04381,2025-03-25,C0136,web,completed,2025-03-25T20:17:44Z
O00179,2025-03-26,C0007,store,completed,2025-03-26T10:09:35Z
O01236,2025-03-26,C0051,store,completed,2025-03-26T15:22:50Z
O01743,2025-03-26,C0118,store,completed,2025-03-26T11:06:52Z
O05744,2025-03-26,C0022,store,completed,2025-03-26T13:12:05Z
O00055,2025-03-27,C0033,web,completed,2025-03-27T08:31:11Z
O00511,2025-03-27,C0180,web,completed,2025-03-27T12:41:29Z
O00904,2025-03-27,C0090,web,completed,2025-03-27T20:29:11Z
O01247,2025-03-27,C0138,web,completed,2025-03-27T23:32:09Z
O01592,2025-03-27,C0032,store,completed,2025-03-27T14:59:55Z
O01802,2025-03-27,C0119,web,completed,2025-03-27T21:34:38Z
O01949,2025-03-27,C0003,phone,completed,2025-03-27T14:38:08Z
O02635,2025-03-27,C0140,store,completed,2025-03-27T09:25:26Z
O03284,2025-03-27,C0110,web,completed,2025-03-27T08:28:21Z
O03699,2025-03-27,C0092,web,completed,2025-03-27T11:25:54Z
O04583,2025-03-27,C0171,store,completed,2025-03-27T18:44:49Z
O00741,2025-03-28,C0150,web,completed,2025-03-28T19:44:09Z
O01000,2025-03-28,C0015,store,cancelled,2025-03-28T09:44:39Z
O01897,2025-03-28,C0172,store,completed,2025-03-28T15:22:22Z
O01978,2025-03-28,C0155,web,completed,2025-03-28T16:20:29Z
O02716,2025-03-28,C0085,store,cancelled,2025-03-28T11:38:18Z
O03664,2025-03-28,C0041,web,completed,2025-03-28T15:06:36Z
O03896,2025-03-28,C0141,web,completed,2025-03-28T22:17:32Z
O05358,2025-03-28,C0098,web,completed,2025-03-28T20:37:48Z
O00227,2025-03-29,C0171,web,completed,2025-03-29T08:21:39Z
O00302,2025-03-29,C0052,web,completed,2025-03-29T16:10:34Z
O00838,2025-03-29,C0130,web,completed,2025-03-29T05:35:54Z
O01004,2025-03-29,C0126,web,completed,2025-03-29T22:21:00Z
O01644,2025-03-29,C0111,store,completed,2025-03-29T11:00:10Z
O02348,2025-03-29,C0105,web,completed,2025-03-29T20:16:35Z
O03306,2025-03-29,C0021,web,completed,2025-03-29T10:59:48Z
O04788,2025-03-29,C0171,web,completed,2025-03-29T14:48:27Z
O05675,2025-03-29,C0077,store,completed,2025-03-29T13:26:31Z
O05937,2025-03-29,C0018,web,completed,2025-03-29T16:26:16Z
O00558,2025-03-30,C0130,web,completed,2025-03-30T15:21:54Z
O01858,2025-03-30,C0166,store,completed,2025-03-30T14:15:54Z
O03153,2025-03-30,C0148,web,completed,2025-03-30T17:10:46Z
O03773,2025-03-30,C0070,web,completed,2025-03-30T12:03:47Z
O05700,2025-03-30,C0167,web,completed,2025-03-30T12:50:01Z
O00261,2025-03-31,C0180,web,completed,2025-03-31T10:07:01Z
O00691,2025-03-31,C0069,web,completed,2025-03-31T22:26:59Z
O01285,2025-03-31,C0059,web,completed,2025-03-31T20:05:06Z
O02664,2025-03-31,C0015,web,cancelled,2025-03-31T21:40:44Z
O02747,2025-03-31,C0128,store,completed,2025-03-31T12:43:30Z
O03559,2025-03-31,C0135,web,completed,2025-03-31T19:28:01Z
O04182,2025-03-31,C0178,store,completed,2025-03-31T14:34:43Z
O04479,2025-03-31,C0059,web,completed,2025-03-31T10:22:26Z
O00801,2025-04-01,C0169,web,completed,2025-04-01T17:38:44Z
O03265,2025-04-01,C0077,web,completed,2025-04-01T23:40:50Z
O03905,2025-04-01,C0088,store,completed,2025-04-01T15:01:35Z
O04514,2025-04-01,C0096,web,completed,2025-04-01T18:42:32Z
O05196,2025-04-01,C0007,web,completed,2025-04-01T06:40:41Z
O00104,2025-04-02,C0083,web,completed,2025-04-02T19:46:30Z
O00134,2025-04-02,C0038,store,completed,2025-04-02T18:28:40Z
O00935,2025-04-02,C0073,store,completed,2025-04-02T12:37:01Z
O01066,2025-04-02,C0037,web,completed,2025-04-02T06:32:21Z
O01154,2025-04-02,C0118,store,completed,2025-04-02T13:56:10Z
O01863,2025-04-02,C0078,web,completed,2025-04-02T10:07:13Z
O03248,2025-04-02,C0135,web,completed,2025-04-02T20:41:46Z
O03684,2025-04-02,C0017,web,completed,2025-04-02T14:54:10Z
O04523,2025-04-02,C0003,store,pending,2025-04-02T10:45:05Z
O05180,2025-04-02,C0107,web,completed,2025-04-02T14:41:02Z
O00811,2025-04-03,C0064,store,completed,2025-04-03T12:43:57Z
O00919,2025-04-03,C0127,store,completed,2025-04-03T14:20:49Z
O01194,2025-04-03,C0134,web,completed,2025-04-03T09:12:16Z
O02719,2025-04-03,C0146,phone,completed,2025-04-03T17:39:23Z
O03346,2025-04-03,C0013,store,completed,2025-04-03T15:15:58Z
O03797,2025-04-03,C0050,web,completed,2025-04-03T17:54:18Z
O05062,2025-04-03,C0176,web,completed,2025-04-03T17:16:03Z
O00033,2025-04-04,C0072,web,completed,2025-04-04T08:40:00Z
O01595,2025-04-04,C0019,web,cancelled,2025-04-04T21:34:40Z
O02472,2025-04-04,C0167,phone,completed,2025-04-04T11:37:13Z
O04372,2025-04-04,C0087,web,completed,2025-04-04T19:52:55Z
O05167,2025-04-04,C0124,web,pending,2025-04-04T13:32:19Z
O01632,2025-04-05,C0099,web,completed,2025-04-05T21:15:53Z
O03321,2025-04-05,C0170,store,completed,2025-04-05T18:04:17Z
O03365,2025-04-05,C0148,web,pending,2025-04-05T09:03:26Z
O03737,2025-04-05,C0169,store,cancelled,2025-04-05T12:58:53Z
O00385,2025-04-06,C0140,store,completed,2025-04-06T09:39:38Z
O01812,2025-04-06,C0108,web,completed,2025-04-06T22:24:58Z
O03344,2025-04-06,C0169,web,completed,2025-04-06T19:07:56Z
O03558,2025-04-06,C0173,web,completed,2025-04-06T07:12:21Z
O05188,2025-04-06,C0122,web,completed,2025-04-06T01:55:58Z
O00418,2025-04-07,C0093,web,completed,2025-04-07T22:39:01Z
O02460,2025-04-07,C0039,web,completed,2025-04-07T02:48:22Z
O04814,2025-04-07,C0091,web,completed,2025-04-07T12:41:50Z
O05335,2025-04-07,C0001,web,completed,2025-04-07T10:54:47Z
O05445,2025-04-07,C0012,store,completed,2025-04-07T14:57:22Z
O00105,2025-04-08,C0053,web,completed,2025-04-08T09:36:59Z
O01121,2025-04-08,C0071,web,completed,2025-04-08T18:19:26Z
O01581,2025-04-08,C0080,web,completed,2025-04-08T14:37:54Z
O02184,2025-04-08,C0077,web,completed,2025-04-08T21:01:48Z
O02586,2025-04-08,C0042,web,cancelled,2025-04-08T18:56:53Z
O02623,2025-04-08,C0124,web,completed,2025-04-08T13:31:42Z
O03630,2025-04-08,C0161,web,completed,2025-04-08T15:24:35Z
O04769,2025-04-08,C0058,store,completed,2025-04-08T20:06:59Z
O04924,2025-04-08,C0127,store,completed,2025-04-08T14:25:34Z
O05119,2025-04-08,C0074,store,completed,2025-04-08T18:00:59Z
O05124,2025-04-08,C0020,web,completed,2025-04-08T20:08:03Z
O05322,2025-04-08,C0111,web,completed,2025-04-08T13:46:53Z
O05709,2025-04-08,C0140,web,completed,2025-04-08T20:03:44Z
O00005,2025-04-09,C0058,web,completed,2025-04-09T19:22:24Z
O02259,2025-04-09,C0123,phone,completed,2025-04-09T12:52:48Z
O02434,2025-04-09,C0179,web,completed,2025-04-09T12:30:41Z
O02600,2025-04-09,C0047,web,completed,2025-04-09T20:56:50Z
O02961,2025-04-09,C0065,store,completed,2025-04-09T12:19:44Z
O03670,2025-04-09,C0059,store,completed,2025-04-09T10:40:08Z
O03844,2025-04-09,C0064,phone,completed,2025-04-09T12:20:03Z
O04532,2025-04-09,C0023,web,completed,2025-04-09T22:32:54Z
O04714,2025-04-09,C0085,web,completed,2025-04-09T06:22:50Z
O05129,2025-04-09,C0016,web,completed,2025-04-09T17:34:42Z
O00291,2025-04-10,C0048,web,completed,2025-04-10T21:37:34Z
O00367,2025-04-10,C0099,web,completed,2025-04-10T08:42:00Z
O01913,2025-04-10,C0132,store,completed,2025-04-10T13:47:56Z
O02986,2025-04-10,C0107,web,completed,2025-04-10T18:29:22Z
O03582,2025-04-10,C0003,store,completed,2025-04-10T09:43:54Z
O03609,2025-04-10,C0035,web,completed,2025-04-10T13:36:42Z
O00189,2025-04-11,C0177,web,completed,2025-04-11T19:05:15Z
O00361,2025-04-11,C0105,phone,pending,2025-04-11T09:20:23Z
O00395,2025-04-11,C0103,web,completed,2025-04-11T13:58:42Z
O01128,2025-04-11,C0051,store,completed,2025-04-11T17:50:13Z
O01965,2025-04-11,C0092,web,completed,2025-04-11T17:58:02Z
O02980,2025-04-11,C0016,store,completed,2025-04-11T11:12:45Z
O05569,2025-04-11,C0167,web,completed,2025-04-11T20:59:46Z
O00147,2025-04-12,C0122,web,completed,2025-04-12T09:26:33Z
O01424,2025-04-12,C0177,web,completed,2025-04-12T15:10:59Z
O04577,2025-04-12,C0113,phone,cancelled,2025-04-12T14:41:56Z
O04689,2025-04-12,C0007,web,completed,2025-04-12T09:36:27Z
O01476,2025-04-13,C0004,web,cancelled,2025-04-13T20:28:22Z
O01561,2025-04-13,C0124,web,completed,2025-04-13T18:38:30Z
O01718,2025-04-13,C0045,web,completed,2025-04-13T23:15:10Z
O02173,2025-04-13,C0124,web,completed,2025-04-13T22:36:24Z
O02456,2025-04-13,C0106,web,completed,2025-04-13T16:03:31Z
O02818,2025-04-13,C0143,web,completed,2025-04-13T12:33:57Z
O03589,2025-04-13,C0066,store,completed,2025-04-13T18:31:58Z
O03734,2025-04-13,C0160,web,completed,2025-04-13T23:39:40Z
O03784,2025-04-13,C0157,web,completed,2025-04-13T16:31:51Z
O04256,2025-04-13,C0145,phone,completed,2025-04-13T09:41:50Z
O05073,2025-04-13,C0173,web,completed,2025-04-13T16:20:40Z
O05842,2025-04-13,C0091,store,completed,2025-04-13T12:24:22Z
O05857,2025-04-13,C0022,web,completed,2025-04-13T05:04:25Z
O05944,2025-04-13,C0169,web,completed,2025-04-13T15:57:13Z
O01866,2025-04-14,C0037,web,completed,2025-04-14T12:17:35Z
O02526,2025-04-14,C0144,store,completed,2025-04-14T12:40:49Z
O03096,2025-04-14,C0167,web,cancelled,2025-04-14T08:14:34Z
O04206,2025-04-14,C0165,web,completed,2025-04-14T10:02:31Z
O04675,2025-04-14,C0051,web,completed,2025-04-14T17:55:38Z
O05655,2025-04-14,C0030,store,completed,2025-04-14T13:46:30Z
O05958,2025-04-14,C0141,store,completed,2025-04-14T11:39:27Z
O01275,2025-04-15,C0178,store,completed,2025-04-15T12:20:39Z
O01717,2025-04-15,C0158,web,pending,2025-04-15T15:22:46Z
O01839,2025-04-15,C0024,store,completed,2025-04-15T13:15:14Z
O01886,2025-04-15,C0070,web,completed,2025-04-15T12:45:02Z
O03048,2025-04-15,C0097,web,completed,2025-04-15T17:13:49Z
O04020,2025-04-15,C0052,web,pending,2025-04-15T20:27:26Z
O04156,2025-04-15,C0166,phone,completed,2025-04-15T10:34:51Z
O04404,2025-04-15,C0040,store,completed,2025-04-15T09:33:23Z
O04584,2025-04-15,C0028,web,completed,2025-04-15T21:57:23Z
O01007,2025-04-16,C0075,web,completed,2025-04-16T09:22:15Z
O02152,2025-04-16,C0068,web,completed,2025-04-16T18:21:09Z
O04644,2025-04-16,C0125,web,completed,2025-04-16T19:51:26Z
O04821,2025-04-16,C0109,store,completed,2025-04-16T12:37:14Z
O05820,2025-04-16,C0116,web,completed,2025-04-16T21:31:23Z
O05914,2025-04-16,C0057,web,completed,2025-04-16T20:00:26Z
O00027,2025-04-17,C0069,web,completed,2025-04-17T08:02:26Z
O00337,2025-04-17,C0155,web,completed,2025-04-17T17:46:27Z
O01355,2025-04-17,C0050,web,completed,2025-04-17T21:39:54Z
O01386,2025-04-17,C0028,web,completed,2025-04-17T20:41:34Z
O01713,2025-04-17,C0144,store,completed,2025-04-17T14:51:38Z
O02854,2025-04-17,C0057,web,completed,2025-04-17T12:34:48Z
O03590,2025-04-17,C0063,web,completed,2025-04-17T21:47:16Z
O04705,2025-04-17,C0031,store,completed,2025-04-17T18:35:50Z
O05362,2025-04-17,C0020,store,completed,2025-04-17T13:02:54Z
O05828,2025-04-17,C0137,web,completed,2025-04-17T09:31:01Z
O01084,2025-04-18,C0163,web,completed,2025-04-18T14:27:33Z
O01261,2025-04-18,C0179,web,completed,2025-04-18T14:44:56Z
O02729,2025-04-18,C0067,web,completed,2025-04-18T12:40:16Z
O04547,2025-04-18,C0075,web,cancelled,2025-04-18T18:17:00Z
O04938,2025-04-18,C0001,web,completed,2025-04-18T20:07:22Z
O05431,2025-04-18,C0180,web,completed,2025-04-18T23:56:41Z
O05556,2025-04-18,C0074,web,completed,2025-04-18T06:14:05Z
O00724,2025-04-19,C0158,web,completed,2025-04-19T08:40:57Z
O00872,2025-04-19,C0006,store,cancelled,2025-04-19T15:52:25Z
O01952,2025-04-19,C0105,store,completed,2025-04-19T11:25:52Z
O01967,2025-04-19,C0007,web,completed,2025-04-19T11:31:42Z
O03113,2025-04-19,C0170,web,completed,2025-04-19T20:12:17Z
O03587,2025-04-19,C0143,store,completed,2025-04-19T14:54:13Z
O05754,2025-04-19,C0098,web,cancelled,2025-04-19T14:51:57Z
O00339,2025-04-20,C0164,web,completed,2025-04-20T19:55:50Z
O00781,2025-04-20,C0030,web,completed,2025-04-20T17:59:14Z
O03012,2025-04-20,C0010,phone,completed,2025-04-20T14:01:30Z
O03958,2025-04-20,C0137,web,completed,2025-04-20T10:48:24Z
O04940,2025-04-20,C0063,store,completed,2025-04-20T15:09:44Z
O04995,2025-04-20,C0070,web,completed,2025-04-20T11:53:52Z
O05302,2025-04-20,C0113,web,completed,2025-04-20T14:05:16Z
O00225,2025-04-21,C0156,phone,completed,2025-04-21T10:38:48Z
O01051,2025-04-21,C0096,web,completed,2025-04-21T14:41:29Z
O01527,2025-04-21,C0066,store,completed,2025-04-21T11:44:41Z
O03186,2025-04-21,C0168,web,cancelled,2025-04-21T20:41:20Z
O03588,2025-04-21,C0009,web,completed,2025-04-21T22:58:01Z
O03824,2025-04-21,C0076,web,completed,2025-04-21T09:51:35Z
O04410,2025-04-21,C0177,phone,completed,2025-04-21T14:36:15Z
O04932,2025-04-21,C0136,web,completed,2025-04-21T17:32:19Z
O05008,2025-04-21,C0102,web,pending,2025-04-21T17:20:39Z
O05792,2025-04-21,C0062,web,completed,2025-04-21T23:40:27Z
O05863,2025-04-21,C0179,web,completed,2025-04-21T19:37:34Z
O00028,2025-04-22,C0132,store,completed,2025-04-22T12:25:15Z
O01228,2025-04-22,C0075,web,cancelled,2025-04-22T23:36:12Z
O01816,2025-04-22,C0021,web,completed,2025-04-22T20:26:08Z
O03416,2025-04-22,C0129,web,completed,2025-04-22T20:34:11Z
O04015,2025-04-22,C0012,web,completed,2025-04-22T23:26:41Z
O04700,2025-04-22,C0089,web,completed,2025-04-22T08:24:41Z
O05476,2025-04-22,C0156,store,completed,2025-04-22T14:26:20Z
O05526,2025-04-22,C0180,web,completed,2025-04-22T12:15:43Z
O05555,2025-04-22,C0112,store,completed,2025-04-22T16:18:19Z
O00166,2025-04-23,C0058,web,completed,2025-04-23T21:24:16Z
O02517,2025-04-23,C0145,web,completed,2025-04-23T07:27:35Z
O03615,2025-04-23,C0090,store,completed,2025-04-23T10:00:16Z
O03851,2025-04-23,C0049,web,completed,2025-04-23T17:55:17Z
O03857,2025-04-23,C0166,web,completed,2025-04-23T11:02:42Z
O04165,2025-04-23,C0161,web,completed,2025-04-23T17:40:50Z
O05608,2025-04-23,C0043,web,completed,2025-04-23T18:54:29Z
O05642,2025-04-23,C0004,store,completed,2025-04-23T11:47:47Z
O05983,2025-04-23,C0127,web,completed,2025-04-23T10:17:14Z
O00728,2025-04-24,C0175,web,completed,2025-04-24T21:02:44Z
O02744,2025-04-24,C0006,web,completed,2025-04-24T18:52:02Z
O03427,2025-04-24,C0169,web,completed,2025-04-24T09:53:29Z
O03979,2025-04-24,C0028,web,completed,2025-04-24T20:44:27Z
O04871,2025-04-24,C0085,web,completed,2025-04-24T02:54:11Z
O05787,2025-04-24,C0087,web,completed,2025-04-24T18:41:41Z
O00023,2025-04-25,C0072,store,completed,2025-04-25T09:59:02Z
O00071,2025-04-25,C0113,store,completed,2025-04-25T11:50:05Z
O00743,2025-04-25,C0107,web,completed,2025-04-25T17:57:07Z
O00821,2025-04-25,C0162,web,completed,2025-04-25T19:02:46Z
O01498,2025-04-25,C0158,store,completed,2025-04-25T19:31:56Z
O02322,2025-04-25,C0164,store,completed,2025-04-25T12:27:01Z
O04176,2025-04-25,C0038,phone,completed,2025-04-25T11:44:42Z
O04685,2025-04-25,C0158,web,completed,2025-04-25T06:39:21Z
O04869,2025-04-25,C0020,web,completed,2025-04-25T13:21:13Z
O05786,2025-04-25,C0032,web,pending,2025-04-25T19:28:39Z
O00007,2025-04-26,C0131,store,completed,2025-04-26T14:27:54Z
O00078,2025-04-26,C0108,web,cancelled,2025-04-26T08:41:08Z
O00309,2025-04-26,C0086,phone,completed,2025-04-26T12:47:39Z
O00461,2025-04-26,C0081,web,completed,2025-04-26T18:10:04Z
O00598,2025-04-26,C0101,store,completed,2025-04-26T19:51:18Z
O00798,2025-04-26,C0121,store,pending,2025-04-26T12:42:37Z
O02130,2025-04-26,C0036,web,completed,2025-04-26T22:23:39Z
O02607,2025-04-26,C0077,web,completed,2025-04-26T22:21:11Z
O03093,2025-04-26,C0003,web,completed,2025-04-26T18:57:49Z
O03611,2025-04-26,C0015,web,completed,2025-04-26T17:09:21Z
O03929,2025-04-26,C0064,web,completed,2025-04-26T23:09:08Z
O01001,2025-04-27,C0016,store,cancelled,2025-04-27T13:25:52Z
O01673,2025-04-27,C0094,phone,completed,2025-04-27T16:46:58Z
O01760,2025-04-27,C0103,store,completed,2025-04-27T18:32:03Z
O02497,2025-04-27,C0132,web,completed,2025-04-27T22:18:25Z
O05049,2025-04-27,C0112,store,completed,2025-04-27T15:40:23Z
O05874,2025-04-27,C0080,store,completed,2025-04-27T17:56:34Z
O01385,2025-04-28,C0142,web,completed,2025-04-28T21:04:11Z
O02044,2025-04-28,C0067,store,completed,2025-04-28T11:43:26Z
O05755,2025-04-28,C0102,web,completed,2025-04-28T00:12:41Z
O01268,2025-04-29,C0143,store,pending,2025-04-29T12:04:33Z
O01833,2025-04-29,C0038,store,completed,2025-04-29T09:47:10Z
O01951,2025-04-29,C0122,web,completed,2025-04-29T18:03:18Z
O02721,2025-04-29,C0025,web,completed,2025-04-29T11:46:13Z
O02931,2025-04-29,C0022,store,completed,2025-04-29T11:05:37Z
O03316,2025-04-29,C0180,store,completed,2025-04-29T11:43:21Z
O00489,2025-04-30,C0070,web,completed,2025-04-30T19:12:30Z
O01588,2025-04-30,C0099,web,completed,2025-04-30T18:08:15Z
O02273,2025-04-30,C0054,store,completed,2025-04-30T19:00:24Z
O02310,2025-04-30,C0084,web,completed,2025-04-30T12:26:54Z
O03627,2025-04-30,C0027,phone,completed,2025-04-30T14:41:36Z
O04640,2025-04-30,C0150,web,completed,2025-04-30T21:02:03Z
O05111,2025-04-30,C0152,web,completed,2025-04-30T21:48:40Z
O05283,2025-04-30,C0048,web,completed,2025-04-30T14:25:15Z
O05402,2025-04-30,C0011,web,completed,2025-04-30T08:19:56Z
O05552,2025-04-30,C0060,web,completed,2025-04-30T09:17:15Z
O01578,2025-05-01,C0097,web,completed,2025-05-01T19:53:42Z
O01813,2025-05-01,C0097,store,completed,2025-05-01T11:08:48Z
O04139,2025-05-01,C0068,web,completed,2025-05-01T17:34:50Z
O04594,2025-05-01,C0055,web,cancelled,2025-05-01T08:23:02Z
O04694,2025-05-01,C0086,web,completed,2025-05-01T19:12:09Z
O05458,2025-05-01,C0015,web,completed,2025-05-01T17:42:00Z
O00168,2025-05-02,C0074,web,completed,2025-05-02T20:40:53Z
O01229,2025-05-02,C0032,web,completed,2025-05-02T21:30:57Z
O01780,2025-05-02,C0024,store,completed,2025-05-02T18:23:26Z
O03276,2025-05-02,C0022,web,cancelled,2025-05-02T15:08:53Z
O03749,2025-05-02,C0119,web,completed,2025-05-02T22:23:58Z
O04153,2025-05-02,C0020,store,completed,2025-05-02T16:45:12Z
O04350,2025-05-02,C0119,web,completed,2025-05-02T22:39:56Z
O04772,2025-05-02,C0144,web,cancelled,2025-05-02T19:28:51Z
O05427,2025-05-02,C0073,web,pending,2025-05-02T17:48:56Z
O00350,2025-05-03,C0087,phone,completed,2025-05-03T10:20:51Z
O00364,2025-05-03,C0150,web,completed,2025-05-03T06:07:20Z
O01073,2025-05-03,C0018,web,completed,2025-05-03T09:29:28Z
O02470,2025-05-03,C0075,web,completed,2025-05-03T11:39:57Z
O02655,2025-05-03,C0031,store,completed,2025-05-03T14:02:53Z
O03117,2025-05-03,C0023,web,completed,2025-05-03T12:24:01Z
O03232,2025-05-03,C0151,web,completed,2025-05-03T20:01:42Z
O03327,2025-05-03,C0168,phone,completed,2025-05-03T13:13:48Z
O03835,2025-05-03,C0173,web,completed,2025-05-03T21:08:35Z
O05976,2025-05-03,C0078,web,completed,2025-05-03T23:33:43Z
O02159,2025-05-04,C0097,web,completed,2025-05-04T19:06:21Z
O02634,2025-05-04,C0125,web,completed,2025-05-04T00:35:14Z
O04931,2025-05-04,C0046,phone,completed,2025-05-04T15:10:42Z
O05023,2025-05-04,C0057,web,pending,2025-05-04T13:34:37Z
O05892,2025-05-04,C0152,phone,cancelled,2025-05-04T10:34:15Z
O00273,2025-05-05,C0035,web,completed,2025-05-05T22:06:24Z
O00554,2025-05-05,C0137,phone,completed,2025-05-05T11:47:29Z
O01473,2025-05-05,C0080,web,completed,2025-05-05T14:53:43Z
O01564,2025-05-05,C0018,web,completed,2025-05-05T22:51:35Z
O02833,2025-05-05,C0155,web,completed,2025-05-05T18:41:21Z
O03924,2025-05-05,C0071,web,completed,2025-05-05T18:48:19Z
O04074,2025-05-05,C0099,web,completed,2025-05-05T00:42:51Z
O04382,2025-05-05,C0180,store,completed,2025-05-05T13:02:29Z
O05372,2025-05-05,C0038,web,completed,2025-05-05T07:12:50Z
O05969,2025-05-05,C0163,web,completed,2025-05-05T10:01:24Z
O00184,2025-05-06,C0029,store,completed,2025-05-06T17:53:27Z
O00755,2025-05-06,C0138,web,completed,2025-05-06T22:46:12Z
O00956,2025-05-06,C0137,web,completed,2025-05-06T19:14:58Z
O01027,2025-05-06,C0128,web,completed,2025-05-06T17:29:41Z
O01104,2025-05-06,C0033,web,completed,2025-05-06T14:23:45Z
O01394,2025-05-06,C0129,web,completed,2025-05-06T22:45:42Z
O04539,2025-05-06,C0133,web,completed,2025-05-06T22:00:35Z
O04750,2025-05-06,C0084,store,completed,2025-05-06T14:23:18Z
O00043,2025-05-07,C0090,web,completed,2025-05-07T19:34:52Z
O02930,2025-05-07,C0146,web,completed,2025-05-07T19:09:13Z
O02972,2025-05-07,C0011,web,completed,2025-05-07T17:37:45Z
O03301,2025-05-07,C0090,store,completed,2025-05-07T19:22:09Z
O04711,2025-05-07,C0047,web,completed,2025-05-07T09:26:24Z
O04971,2025-05-07,C0016,web,completed,2025-05-07T09:15:58Z
O05737,2025-05-07,C0124,store,completed,2025-05-07T13:11:32Z
O05777,2025-05-07,C0108,store,completed,2025-05-07T11:22:26Z
O05848,2025-05-07,C0108,store,completed,2025-05-07T20:05:29Z
O01222,2025-05-08,C0165,web,completed,2025-05-08T01:48:14Z
O01251,2025-05-08,C0139,web,completed,2025-05-08T23:38:59Z
O01269,2025-05-08,C0121,store,completed,2025-05-08T11:41:36Z
O02649,2025-05-08,C0092,phone,pending,2025-05-08T09:38:34Z
O02650,2025-05-08,C0065,web,completed,2025-05-08T09:32:49Z
O03445,2025-05-08,C0020,web,completed,2025-05-08T22:12:10Z
O04511,2025-05-08,C0007,web,completed,2025-05-08T16:14:06Z
O04538,2025-05-08,C0076,web,completed,2025-05-08T13:44:03Z
O03004,2025-05-09,C0163,web,completed,2025-05-09T12:52:59Z
O03298,2025-05-09,C0144,web,completed,2025-05-09T06:00:51Z
O03919,2025-05-09,C0056,phone,completed,2025-05-09T09:50:31Z
O04231,2025-05-09,C0118,store,completed,2025-05-09T13:13:55Z
O04815,2025-05-09,C0123,web,completed,2025-05-09T11:44:10Z
O05249,2025-05-09,C0087,web,completed,2025-05-09T20:02:43Z
O00441,2025-05-10,C0135,web,completed,2025-05-10T19:29:01Z
O00883,2025-05-10,C0016,store,cancelled,2025-05-10T11:57:50Z
O01214,2025-05-10,C0092,web,completed,2025-05-10T18:21:36Z
O01733,2025-05-10,C0137,web,completed,2025-05-10T12:39:15Z
O02282,2025-05-10,C0025,web,completed,2025-05-10T22:09:43Z
O02332,2025-05-10,C0172,store,completed,2025-05-10T10:44:56Z
O02979,2025-05-10,C0001,web,completed,2025-05-10T18:47:20Z
O03502,2025-05-10,C0014,store,completed,2025-05-10T13:20:43Z
O03537,2025-05-10,C0031,web,completed,2025-05-10T14:56:34Z
O04052,2025-05-10,C0134,phone,completed,2025-05-10T14:53:11Z
O04878,2025-05-10,C0130,store,completed,2025-05-10T19:02:21Z
O05621,2025-05-10,C0135,phone,completed,2025-05-10T12:46:41Z
O00574,2025-05-11,C0090,web,completed,2025-05-11T18:58:26Z
O01127,2025-05-11,C0082,web,completed,2025-05-11T19:55:54Z
O01134,2025-05-11,C0162,store,completed,2025-05-11T17:11:49Z
O01186,2025-05-11,C0013,web,completed,2025-05-11T12:03:25Z
O01736,2025-05-11,C0066,web,completed,2025-05-11T17:04:02Z
O02765,2025-05-11,C0120,store,completed,2025-05-11T16:18:19Z
O02890,2025-05-11,C0095,web,completed,2025-05-11T12:17:15Z
O03138,2025-05-11,C0022,web,completed,2025-05-11T12:40:20Z
O03434,2025-05-11,C0136,store,completed,2025-05-11T14:38:35Z
O04713,2025-05-11,C0140,web,completed,2025-05-11T12:58:12Z
O05461,2025-05-11,C0144,web,completed,2025-05-11T21:53:05Z
O05856,2025-05-11,C0049,store,completed,2025-05-11T14:13:31Z
O00757,2025-05-12,C0166,web,completed,2025-05-12T18:31:53Z
O00778,2025-05-12,C0046,store,completed,2025-05-12T15:18:58Z
O01182,2025-05-12,C0011,web,completed,2025-05-12T21:37:12Z
O01292,2025-05-12,C0023,web,completed,2025-05-12T11:15:20Z
O01691,2025-05-12,C0180,store,completed,2025-05-12T13:34:33Z
O02164,2025-05-12,C0065,store,completed,2025-05-12T11:18:13Z
O03413,2025-05-12,C0094,web,completed,2025-05-12T14:24:40Z
O03415,2025-05-12,C0174,store,completed,2025-05-12T15:33:58Z
O04641,2025-05-12,C0175,store,completed,2025-05-12T11:09:23Z
O05669,2025-05-12,C0089,web,completed,2025-05-12T23:42:41Z
O00379,2025-05-13,C0028,web,completed,2025-05-13T18:11:32Z
O00578,2025-05-13,C0076,web,completed,2025-05-13T07:58:53Z
O00941,2025-05-13,C0052,web,completed,2025-05-13T18:14:34Z
O01141,2025-05-13,C0037,store,completed,2025-05-13T14:16:23Z
O01661,2025-05-13,C0015,phone,completed,2025-05-13T11:57:45Z
O02337,2025-05-13,C0098,web,completed,2025-05-13T17:13:02Z
O02423,2025-05-13,C0129,phone,completed,2025-05-13T12:06:55Z
O02461,2025-05-13,C0071,web,completed,2025-05-13T14:40:24Z
O03212,2025-05-13,C0094,web,cancelled,2025-05-13T18:24:48Z
O03738,2025-05-13,C0047,store,completed,2025-05-13T15:58:51Z
O04460,2025-05-13,C0154,store,cancelled,2025-05-13T10:37:55Z
O04939,2025-05-13,C0116,web,completed,2025-05-13T22:08:31Z
O01771,2025-05-14,C0012,web,completed,2025-05-14T18:46:12Z
O02268,2025-05-14,C0153,web,completed,2025-05-14T16:56:12Z
O02358,2025-05-14,C0152,web,completed,2025-05-14T03:09:58Z
O02544,2025-05-14,C0123,store,completed,2025-05-14T11:42:35Z
O03081,2025-05-14,C0031,web,completed,2025-05-14T13:59:22Z
O04842,2025-05-14,C0045,web,completed,2025-05-14T15:40:20Z
O04915,2025-05-14,C0077,web,completed,2025-05-14T19:17:57Z
O05069,2025-05-14,C0048,web,completed,2025-05-14T15:08:58Z
O05566,2025-05-14,C0118,store,completed,2025-05-14T15:49:36Z
O01223,2025-05-15,C0069,web,completed,2025-05-15T11:04:03Z
O01675,2025-05-15,C0137,web,completed,2025-05-15T21:09:34Z
O02364,2025-05-15,C0125,web,completed,2025-05-15T15:47:48Z
O04122,2025-05-15,C0136,web,completed,2025-05-15T13:56:47Z
O00971,2025-05-16,C0008,web,completed,2025-05-16T13:06:55Z
O01444,2025-05-16,C0151,web,completed,2025-05-16T12:24:08Z
O02401,2025-05-16,C0072,store,cancelled,2025-05-16T15:09:09Z
O05032,2025-05-16,C0120,phone,completed,2025-05-16T17:26:39Z
O05949,2025-05-16,C0072,web,completed,2025-05-16T11:32:12Z
O01067,2025-05-17,C0089,store,completed,2025-05-17T18:18:36Z
O01360,2025-05-17,C0114,web,completed,2025-05-17T21:00:06Z
O01410,2025-05-17,C0118,store,completed,2025-05-17T18:19:31Z
O01545,2025-05-17,C0060,web,completed,2025-05-17T19:45:22Z
O02345,2025-05-17,C0127,web,completed,2025-05-17T06:01:57Z
O03375,2025-05-17,C0073,web,completed,2025-05-17T23:17:21Z
O03068,2025-05-18,C0003,phone,completed,2025-05-18T16:21:10Z
O03706,2025-05-18,C0030,web,completed,2025-05-18T10:47:04Z
O05337,2025-05-18,C0134,web,completed,2025-05-18T14:02:03Z
O00628,2025-05-19,C0072,web,completed,2025-05-19T14:07:08Z
O00832,2025-05-19,C0128,store,completed,2025-05-19T16:36:50Z
O02250,2025-05-19,C0139,web,completed,2025-05-19T19:45:12Z
O04435,2025-05-19,C0062,web,completed,2025-05-19T20:36:14Z
O05447,2025-05-19,C0174,store,completed,2025-05-19T16:00:34Z
O05953,2025-05-19,C0144,store,completed,2025-05-19T12:02:05Z
O02418,2025-05-20,C0066,web,completed,2025-05-20T21:25:56Z
O02910,2025-05-20,C0034,store,completed,2025-05-20T15:34:57Z
O03953,2025-05-20,C0002,store,completed,2025-05-20T19:58:11Z
O04128,2025-05-20,C0038,store,completed,2025-05-20T16:49:20Z
O05331,2025-05-20,C0180,phone,pending,2025-05-20T12:23:09Z
O00491,2025-05-21,C0097,store,completed,2025-05-21T20:42:43Z
O01044,2025-05-21,C0148,web,completed,2025-05-21T12:39:22Z
O02291,2025-05-21,C0148,web,completed,2025-05-21T15:51:44Z
O03283,2025-05-21,C0043,web,completed,2025-05-21T22:47:19Z
O03596,2025-05-21,C0078,web,completed,2025-05-21T16:03:35Z
O04893,2025-05-21,C0140,web,completed,2025-05-21T14:06:30Z
O00387,2025-05-22,C0045,web,completed,2025-05-22T08:38:10Z
O00506,2025-05-22,C0008,store,completed,2025-05-22T13:23:54Z
O01901,2025-05-22,C0137,web,completed,2025-05-22T14:44:14Z
O02252,2025-05-22,C0009,web,cancelled,2025-05-22T20:56:56Z
O02646,2025-05-22,C0005,web,completed,2025-05-22T16:44:00Z
O02783,2025-05-22,C0047,web,completed,2025-05-22T19:47:24Z
O03453,2025-05-22,C0156,phone,completed,2025-05-22T14:02:16Z
O03567,2025-05-22,C0144,store,completed,2025-05-22T09:06:20Z
O04595,2025-05-22,C0180,store,completed,2025-05-22T16:08:23Z
O03238,2025-05-23,C0082,phone,completed,2025-05-23T11:34:27Z
O04540,2025-05-23,C0024,web,completed,2025-05-23T20:49:07Z
O02030,2025-05-24,C0008,web,completed,2025-05-24T19:25:40Z
O02192,2025-05-24,C0104,web,completed,2025-05-24T14:06:58Z
O02342,2025-05-24,C0088,web,completed,2025-05-24T21:17:18Z
O02372,2025-05-24,C0027,web,completed,2025-05-24T05:10:18Z
O03185,2025-05-24,C0101,web,completed,2025-05-24T11:30:32Z
O03223,2025-05-24,C0153,web,completed,2025-05-24T22:05:52Z
O03396,2025-05-24,C0024,web,cancelled,2025-05-24T13:46:25Z
O03440,2025-05-24,C0122,web,completed,2025-05-24T05:01:32Z
O03927,2025-05-24,C0110,web,completed,2025-05-24T07:46:56Z
O00619,2025-05-25,C0094,web,completed,2025-05-25T21:45:12Z
O01523,2025-05-25,C0131,store,completed,2025-05-25T15:00:34Z
O02642,2025-05-25,C0062,web,completed,2025-05-25T20:46:28Z
O03050,2025-05-25,C0007,store,completed,2025-05-25T11:05:38Z
O04064,2025-05-25,C0067,web,completed,2025-05-25T07:42:35Z
O04324,2025-05-25,C0104,web,completed,2025-05-25T11:17:41Z
O00890,2025-05-26,C0137,web,completed,2025-05-26T21:22:06Z
O01706,2025-05-26,C0140,web,completed,2025-05-26T15:24:44Z
O01888,2025-05-26,C0164,store,completed,2025-05-26T11:12:33Z
O02251,2025-05-26,C0020,web,completed,2025-05-26T19:55:21Z
O02977,2025-05-26,C0143,web,completed,2025-05-26T21:12:30Z
O03820,2025-05-26,C0045,phone,completed,2025-05-26T13:44:08Z
O04489,2025-05-26,C0060,web,completed,2025-05-26T03:00:03Z
O05405,2025-05-26,C0120,store,completed,2025-05-26T18:24:52Z
O05664,2025-05-26,C0100,phone,completed,2025-05-26T15:44:11Z
O01369,2025-05-27,C0155,store,completed,2025-05-27T14:38:47Z
O02051,2025-05-27,C0044,store,completed,2025-05-27T15:49:06Z
O02156,2025-05-27,C0178,store,completed,2025-05-27T18:01:09Z
O02878,2025-05-27,C0065,web,cancelled,2025-05-27T10:42:54Z
O03015,2025-05-27,C0097,web,completed,2025-05-27T16:25:22Z
O03708,2025-05-27,C0077,web,completed,2025-05-27T17:53:58Z
O03818,2025-05-27,C0167,web,completed,2025-05-27T09:18:45Z
O00579,2025-05-28,C0042,store,completed,2025-05-28T12:18:07Z
O02528,2025-05-28,C0163,web,completed,2025-05-28T15:24:32Z
O03435,2025-05-28,C0035,store,completed,2025-05-28T11:53:24Z
O03770,2025-05-28,C0028,web,completed,2025-05-28T18:32:34Z
O03830,2025-05-28,C0031,web,completed,2025-05-28T20:11:50Z
O05292,2025-05-28,C0089,web,completed,2025-05-28T15:23:25Z
O01052,2025-05-29,C0007,web,completed,2025-05-29T16:07:33Z
O01487,2025-05-29,C0079,web,completed,2025-05-29T08:50:18Z
O02065,2025-05-29,C0045,phone,completed,2025-05-29T10:20:23Z
O02705,2025-05-29,C0136,web,completed,2025-05-29T23:18:34Z
O00100,2025-05-30,C0089,web,completed,2025-05-30T15:35:33Z
O00502,2025-05-30,C0127,web,completed,2025-05-30T19:06:26Z
O02713,2025-05-30,C0097,web,completed,2025-05-30T16:04:42Z
O03087,2025-05-30,C0095,web,completed,2025-05-30T06:00:32Z
O03424,2025-05-30,C0046,web,completed,2025-05-30T17:43:45Z
O03569,2025-05-30,C0051,web,cancelled,2025-05-30T23:53:47Z
O04202,2025-05-30,C0005,store,completed,2025-05-30T14:36:10Z
O04269,2025-05-30,C0095,phone,completed,2025-05-30T13:31:50Z
O00192,2025-05-31,C0055,store,completed,2025-05-31T19:58:49Z
O00704,2025-05-31,C0023,web,pending,2025-05-31T10:17:42Z
O03228,2025-05-31,C0120,web,completed,2025-05-31T21:41:40Z
O03593,2025-05-31,C0037,phone,completed,2025-05-31T14:08:30Z
O03782,2025-05-31,C0171,phone,completed,2025-05-31T14:38:17Z
O04696,2025-05-31,C0023,web,completed,2025-05-31T08:17:49Z
O05809,2025-05-31,C0003,web,completed,2025-05-31T22:55:51Z
O01465,2025-06-01,C0151,web,completed,2025-06-01T13:03:05Z
O02703,2025-06-01,C0009,web,completed,2025-06-01T12:00:50Z
O02755,2025-06-01,C0066,web,completed,2025-06-01T19:39:58Z
O03029,2025-06-01,C0011,web,completed,2025-06-01T13:18:33Z
O03951,2025-06-01,C0061,store,cancelled,2025-06-01T17:33:14Z
O04144,2025-06-01,C0163,store,completed,2025-06-01T19:34:35Z
O04568,2025-06-01,C0122,store,completed,2025-06-01T09:12:01Z
O00396,2025-06-02,C0014,store,completed,2025-06-02T18:26:38Z
O00500,2025-06-02,C0039,store,completed,2025-06-02T16:39:47Z
O01522,2025-06-02,C0105,web,completed,2025-06-02T15:23:47Z
O01590,2025-06-02,C0112,store,completed,2025-06-02T19:11:10Z
O02286,2025-06-02,C0001,web,cancelled,2025-06-02T20:40:18Z
O03154,2025-06-02,C0073,web,completed,2025-06-02T13:27:24Z
O03933,2025-06-02,C0077,phone,completed,2025-06-02T15:46:01Z
O04390,2025-06-02,C0005,phone,completed,2025-06-02T12:37:40Z
O00115,2025-06-03,C0150,web,completed,2025-06-03T08:19:47Z
O00494,2025-06-03,C0078,store,pending,2025-06-03T19:35:05Z
O02058,2025-06-03,C0175,web,completed,2025-06-03T09:16:58Z
O03315,2025-06-03,C0007,web,pending,2025-06-03T11:30:04Z
O03677,2025-06-03,C0036,store,cancelled,2025-06-03T19:17:53Z
O05395,2025-06-03,C0057,store,completed,2025-06-03T15:42:33Z
O05478,2025-06-03,C0143,web,cancelled,2025-06-03T22:28:39Z
O05973,2025-06-03,C0051,store,completed,2025-06-03T15:21:50Z
O00720,2025-06-04,C0016,web,completed,2025-06-04T19:34:30Z
O00920,2025-06-04,C0107,web,completed,2025-06-04T14:02:30Z
O01702,2025-06-04,C0173,web,completed,2025-06-04T17:45:21Z
O03152,2025-06-04,C0050,store,completed,2025-06-04T13:13:48Z
O05214,2025-06-04,C0025,phone,completed,2025-06-04T12:47:01Z
O00266,2025-06-05,C0041,store,completed,2025-06-05T12:23:13Z
O00621,2025-06-05,C0129,store,completed,2025-06-05T17:27:26Z
O00670,2025-06-05,C0098,phone,completed,2025-06-05T11:48:48Z
O01374,2025-06-05,C0143,web,completed,2025-06-05T03:49:10Z
O02195,2025-06-05,C0162,store,completed,2025-06-05T17:47:33Z
O00133,2025-06-06,C0084,web,completed,2025-06-06T20:41:50Z
O00231,2025-06-06,C0169,web,completed,2025-06-06T22:46:03Z
O00392,2025-06-06,C0175,phone,pending,2025-06-06T15:06:42Z
O00435,2025-06-06,C0123,web,completed,2025-06-06T11:32:55Z
O02267,2025-06-06,C0004,web,completed,2025-06-06T15:00:53Z
O03183,2025-06-06,C0043,web,completed,2025-06-06T18:37:31Z
O03811,2025-06-06,C0144,web,completed,2025-06-06T10:08:54Z
O03956,2025-06-06,C0162,web,completed,2025-06-06T17:21:00Z
O05491,2025-06-06,C0115,store,pending,2025-06-06T09:51:46Z
O05781,2025-06-06,C0125,web,completed,2025-06-06T10:52:35Z
O05883,2025-06-06,C0169,phone,completed,2025-06-06T14:20:16Z
O02355,2025-06-07,C0013,web,completed,2025-06-07T18:36:14Z
O03262,2025-06-07,C0035,web,completed,2025-06-07T22:30:51Z
O04858,2025-06-07,C0105,store,completed,2025-06-07T12:16:31Z
O05466,2025-06-07,C0065,web,completed,2025-06-07T17:17:57Z
O05692,2025-06-07,C0041,store,completed,2025-06-07T13:00:33Z
O00020,2025-06-08,C0178,web,completed,2025-06-08T22:13:09Z
O00096,2025-06-08,C0176,web,completed,2025-06-08T17:01:06Z
O00753,2025-06-08,C0112,web,completed,2025-06-08T18:14:21Z
O01277,2025-06-08,C0020,phone,completed,2025-06-08T17:29:24Z
O01301,2025-06-08,C0170,web,completed,2025-06-08T09:03:50Z
O01922,2025-06-08,C0094,web,completed,2025-06-08T21:14:41Z
O03790,2025-06-08,C0140,web,completed,2025-06-08T20:43:15Z
O05416,2025-06-08,C0003,phone,completed,2025-06-08T14:25:02Z
O05926,2025-06-08,C0151,web,completed,2025-06-08T10:58:55Z
O01711,2025-06-09,C0174,web,completed,2025-06-09T20:38:13Z
O01746,2025-06-09,C0011,web,completed,2025-06-09T08:14:56Z
O03402,2025-06-09,C0026,store,completed,2025-06-09T10:08:15Z
O03667,2025-06-09,C0066,phone,completed,2025-06-09T10:34:00Z
O03692,2025-06-09,C0161,web,completed,2025-06-09T13:58:58Z
O04085,2025-06-09,C0022,web,completed,2025-06-09T13:31:30Z
O05698,2025-06-09,C0164,web,completed,2025-06-09T20:54:33Z
O00058,2025-06-10,C0045,web,completed,2025-06-10T20:44:39Z
O01520,2025-06-10,C0120,store,completed,2025-06-10T15:21:38Z
O01829,2025-06-10,C0082,store,completed,2025-06-10T17:34:42Z
O02540,2025-06-10,C0137,phone,completed,2025-06-10T15:48:08Z
O02598,2025-06-10,C0170,store,completed,2025-06-10T15:52:44Z
O03874,2025-06-10,C0107,store,completed,2025-06-10T12:54:52Z
O05117,2025-06-10,C0071,web,completed,2025-06-10T13:26:14Z
O05181,2025-06-10,C0145,store,completed,2025-06-10T17:10:14Z
O05670,2025-06-10,C0034,store,completed,2025-06-10T13:27:22Z
O05736,2025-06-10,C0059,web,completed,2025-06-10T21:55:27Z
O00602,2025-06-11,C0036,web,completed,2025-06-11T19:11:47Z
O04049,2025-06-11,C0171,web,completed,2025-06-11T18:43:56Z
O04494,2025-06-11,C0152,web,completed,2025-06-11T20:30:24Z
O04736,2025-06-11,C0149,store,completed,2025-06-11T19:12:31Z
O04824,2025-06-11,C0022,store,completed,2025-06-11T09:38:15Z
O01946,2025-06-12,C0023,web,completed,2025-06-12T18:00:09Z
O02240,2025-06-12,C0091,store,completed,2025-06-12T14:06:21Z
O02288,2025-06-12,C0165,web,completed,2025-06-12T17:18:00Z
O02726,2025-06-12,C0067,store,completed,2025-06-12T17:35:21Z
O02814,2025-06-12,C0030,phone,completed,2025-06-12T10:14:26Z
O03371,2025-06-12,C0053,web,completed,2025-06-12T16:57:38Z
O04780,2025-06-12,C0167,web,completed,2025-06-12T17:34:02Z
O01428,2025-06-13,C0030,web,completed,2025-06-13T21:21:27Z
O02684,2025-06-13,C0172,web,completed,2025-06-13T07:19:46Z
O03002,2025-06-13,C0041,web,completed,2025-06-13T19:49:38Z
O03124,2025-06-13,C0122,web,completed,2025-06-13T15:03:24Z
O03309,2025-06-13,C0033,web,pending,2025-06-13T17:45:03Z
O03345,2025-06-13,C0055,store,completed,2025-06-13T12:21:59Z
O03441,2025-06-13,C0155,web,completed,2025-06-13T19:38:25Z
O04100,2025-06-13,C0141,store,pending,2025-06-13T11:02:44Z
O05005,2025-06-13,C0170,web,completed,2025-06-13T12:52:09Z
O05120,2025-06-13,C0039,web,cancelled,2025-06-13T10:11:43Z
O05815,2025-06-13,C0026,store,completed,2025-06-13T15:51:04Z
O00360,2025-06-14,C0052,web,completed,2025-06-14T08:57:38Z
O00431,2025-06-14,C0155,web,completed,2025-06-14T18:23:41Z
O00866,2025-06-14,C0077,web,completed,2025-06-14T10:52:43Z
O01618,2025-06-14,C0033,web,completed,2025-06-14T22:10:36Z
O02021,2025-06-14,C0127,phone,completed,2025-06-14T10:38:40Z
O02473,2025-06-14,C0113,web,completed,2025-06-14T13:49:02Z
O02970,2025-06-14,C0156,web,completed,2025-06-14T13:37:54Z
O03696,2025-06-14,C0105,web,completed,2025-06-14T15:49:51Z
O03865,2025-06-14,C0028,web,completed,2025-06-14T17:19:31Z
O05470,2025-06-14,C0175,web,completed,2025-06-14T00:55:38Z
O05928,2025-06-14,C0132,web,completed,2025-06-14T08:04:28Z
O00054,2025-06-15,C0019,web,completed,2025-06-15T12:44:23Z
O01750,2025-06-15,C0022,phone,completed,2025-06-15T13:10:00Z
O01973,2025-06-15,C0062,web,completed,2025-06-15T12:30:59Z
O02017,2025-06-15,C0112,store,completed,2025-06-15T09:11:19Z
O02741,2025-06-15,C0158,web,completed,2025-06-15T13:58:22Z
O02908,2025-06-15,C0115,web,completed,2025-06-15T19:07:14Z
O02952,2025-06-15,C0058,web,completed,2025-06-15T16:00:38Z
O04034,2025-06-15,C0057,web,completed,2025-06-15T13:36:56Z
O05492,2025-06-15,C0037,store,completed,2025-06-15T20:24:07Z
O01470,2025-06-16,C0096,store,completed,2025-06-16T12:18:12Z
O02388,2025-06-16,C0066,store,completed,2025-06-16T11:39:29Z
O02840,2025-06-16,C0169,store,completed,2025-06-16T14:50:25Z
O03661,2025-06-16,C0078,web,completed,2025-06-16T12:22:16Z
O04030,2025-06-16,C0123,web,completed,2025-06-16T23:20:55Z
O04585,2025-06-16,C0105,web,completed,2025-06-16T07:29:39Z
O05095,2025-06-16,C0108,web,completed,2025-06-16T16:29:41Z
O00986,2025-06-17,C0176,web,completed,2025-06-17T18:14:53Z
O01200,2025-06-17,C0036,store,completed,2025-06-17T09:02:20Z
O01417,2025-06-17,C0107,web,completed,2025-06-17T23:27:10Z
O02036,2025-06-17,C0173,web,completed,2025-06-17T09:28:43Z
O02525,2025-06-17,C0146,web,completed,2025-06-17T20:13:40Z
O02584,2025-06-17,C0048,web,completed,2025-06-17T20:40:41Z
O03487,2025-06-17,C0134,web,completed,2025-06-17T09:22:36Z
O03831,2025-06-17,C0157,web,completed,2025-06-17T20:18:51Z
O04646,2025-06-17,C0009,web,completed,2025-06-17T11:44:07Z
O04863,2025-06-17,C0146,web,completed,2025-06-17T20:46:15Z
O00642,2025-06-18,C0147,store,completed,2025-06-18T09:05:49Z
O01790,2025-06-18,C0059,phone,completed,2025-06-18T13:34:19Z
O02656,2025-06-18,C0073,store,completed,2025-06-18T09:40:02Z
O04412,2025-06-18,C0172,store,completed,2025-06-18T17:34:29Z
O04548,2025-06-18,C0102,web,cancelled,2025-06-18T09:27:21Z
O04836,2025-06-18,C0030,phone,completed,2025-06-18T10:13:06Z
O00246,2025-06-19,C0050,web,cancelled,2025-06-19T12:13:32Z
O00606,2025-06-19,C0165,web,completed,2025-06-19T11:41:20Z
O00706,2025-06-19,C0016,phone,completed,2025-06-19T12:08:25Z
O00784,2025-06-19,C0170,web,completed,2025-06-19T09:33:02Z
O02692,2025-06-19,C0108,web,completed,2025-06-19T05:10:21Z
O04022,2025-06-19,C0041,web,completed,2025-06-19T19:28:07Z
O05169,2025-06-19,C0131,store,completed,2025-06-19T16:05:42Z
O05499,2025-06-19,C0023,web,cancelled,2025-06-19T00:41:01Z
O05830,2025-06-19,C0079,web,completed,2025-06-19T10:35:03Z
O00003,2025-06-20,C0147,web,completed,2025-06-20T17:59:02Z
O00235,2025-06-20,C0107,web,completed,2025-06-20T20:17:29Z
O00454,2025-06-20,C0152,store,completed,2025-06-20T16:17:45Z
O01224,2025-06-20,C0004,store,pending,2025-06-20T14:26:55Z
O01625,2025-06-20,C0107,web,completed,2025-06-20T23:40:21Z
O02222,2025-06-20,C0028,web,completed,2025-06-20T09:57:21Z
O02504,2025-06-20,C0045,store,cancelled,2025-06-20T11:01:31Z
O02830,2025-06-20,C0154,phone,completed,2025-06-20T12:44:28Z
O04406,2025-06-20,C0045,web,completed,2025-06-20T20:04:16Z
O04516,2025-06-20,C0115,web,completed,2025-06-20T17:45:20Z
O04890,2025-06-20,C0087,phone,completed,2025-06-20T15:47:38Z
O00006,2025-06-21,C0063,web,completed,2025-06-21T01:43:39Z
O00331,2025-06-21,C0105,store,completed,2025-06-21T11:43:43Z
O00525,2025-06-21,C0043,web,completed,2025-06-21T18:43:24Z
O01557,2025-06-21,C0097,web,completed,2025-06-21T19:46:51Z
O02190,2025-06-21,C0086,web,completed,2025-06-21T20:47:32Z
O02289,2025-06-21,C0125,web,completed,2025-06-21T20:27:24Z
O02328,2025-06-21,C0170,web,completed,2025-06-21T20:12:49Z
O02636,2025-06-21,C0023,store,completed,2025-06-21T10:52:14Z
O03526,2025-06-21,C0029,web,cancelled,2025-06-21T12:29:09Z
O04142,2025-06-21,C0047,web,completed,2025-06-21T14:13:11Z
O04818,2025-06-21,C0160,web,completed,2025-06-21T18:00:06Z
O04920,2025-06-21,C0007,web,cancelled,2025-06-21T12:09:39Z
O05443,2025-06-21,C0158,web,completed,2025-06-21T15:44:25Z
O05724,2025-06-21,C0159,phone,completed,2025-06-21T15:55:59Z
O00519,2025-06-22,C0078,store,completed,2025-06-22T14:37:04Z
O01542,2025-06-22,C0027,web,completed,2025-06-22T08:16:58Z
O01597,2025-06-22,C0035,store,completed,2025-06-22T15:29:45Z
O01893,2025-06-22,C0085,store,completed,2025-06-22T15:03:10Z
O02994,2025-06-22,C0045,store,completed,2025-06-22T13:09:47Z
O04753,2025-06-22,C0157,web,completed,2025-06-22T21:00:14Z
O05037,2025-06-22,C0172,web,completed,2025-06-22T18:24:09Z
O05087,2025-06-22,C0094,web,cancelled,2025-06-22T22:08:15Z
O00279,2025-06-23,C0151,web,completed,2025-06-23T20:08:13Z
O00419,2025-06-23,C0019,store,cancelled,2025-06-23T15:04:39Z
O00800,2025-06-23,C0066,web,completed,2025-06-23T13:51:49Z
O05280,2025-06-23,C0159,web,completed,2025-06-23T21:14:51Z
O00051,2025-06-24,C0054,web,completed,2025-06-24T13:33:44Z
O00965,2025-06-24,C0054,web,completed,2025-06-24T17:22:35Z
O02438,2025-06-24,C0012,web,pending,2025-06-24T16:35:36Z
O02446,2025-06-24,C0169,web,completed,2025-06-24T09:17:24Z
O02675,2025-06-24,C0024,web,completed,2025-06-24T10:57:16Z
O02802,2025-06-24,C0178,store,pending,2025-06-24T10:58:12Z
O02861,2025-06-24,C0051,web,completed,2025-06-24T20:12:32Z
O02984,2025-06-24,C0170,web,completed,2025-06-24T03:01:47Z
O04018,2025-06-24,C0093,web,completed,2025-06-24T22:55:52Z
O04916,2025-06-24,C0122,web,completed,2025-06-24T21:23:59Z
O05130,2025-06-24,C0145,web,cancelled,2025-06-24T18:00:57Z
O05972,2025-06-24,C0085,web,completed,2025-06-24T22:21:18Z
O00464,2025-06-25,C0091,web,completed,2025-06-25T21:32:47Z
O01761,2025-06-25,C0115,web,completed,2025-06-25T20:43:53Z
O02948,2025-06-25,C0132,phone,completed,2025-06-25T12:05:24Z
O04024,2025-06-25,C0112,store,pending,2025-06-25T15:45:44Z
O04593,2025-06-25,C0006,store,completed,2025-06-25T18:35:52Z
O05346,2025-06-25,C0117,store,completed,2025-06-25T16:31:57Z
O05768,2025-06-25,C0109,phone,completed,2025-06-25T10:43:57Z
O00940,2025-06-26,C0159,phone,completed,2025-06-26T09:39:33Z
O03917,2025-06-26,C0119,web,completed,2025-06-26T08:34:34Z
O04419,2025-06-26,C0105,store,completed,2025-06-26T13:20:04Z
O05710,2025-06-26,C0118,store,cancelled,2025-06-26T15:16:43Z
O05773,2025-06-26,C0042,web,completed,2025-06-26T10:34:41Z
O00735,2025-06-27,C0018,web,completed,2025-06-27T10:23:08Z
O01936,2025-06-27,C0047,web,cancelled,2025-06-27T09:53:35Z
O02303,2025-06-27,C0090,store,completed,2025-06-27T16:01:35Z
O02587,2025-06-27,C0021,web,completed,2025-06-27T20:13:35Z
O02652,2025-06-27,C0087,store,completed,2025-06-27T17:10:58Z
O04798,2025-06-27,C0121,web,completed,2025-06-27T14:11:08Z
O05597,2025-06-27,C0025,store,completed,2025-06-27T10:43:35Z
O00095,2025-06-28,C0046,web,completed,2025-06-28T17:36:11Z
O00736,2025-06-28,C0044,web,completed,2025-06-28T21:00:57Z
O01144,2025-06-28,C0037,store,completed,2025-06-28T11:19:12Z
O01151,2025-06-28,C0176,web,completed,2025-06-28T11:47:23Z
O01471,2025-06-28,C0110,store,completed,2025-06-28T17:24:35Z
O01938,2025-06-28,C0125,web,completed,2025-06-28T07:30:28Z
O02620,2025-06-28,C0071,web,completed,2025-06-28T08:50:24Z
O02793,2025-06-28,C0084,web,completed,2025-06-28T15:29:38Z
O04835,2025-06-28,C0171,store,completed,2025-06-28T14:09:52Z
O00937,2025-06-29,C0141,web,completed,2025-06-29T02:02:46Z
O01219,2025-06-29,C0104,web,completed,2025-06-29T03:48:18Z
O01276,2025-06-29,C0058,store,completed,2025-06-29T18:02:41Z
O01315,2025-06-29,C0049,web,completed,2025-06-29T10:20:29Z
O02989,2025-06-29,C0145,store,completed,2025-06-29T16:16:56Z
O03136,2025-06-29,C0016,web,completed,2025-06-29T18:07:01Z
O03149,2025-06-29,C0134,store,completed,2025-06-29T13:46:09Z
O03229,2025-06-29,C0046,store,completed,2025-06-29T09:15:35Z
O03349,2025-06-29,C0051,web,completed,2025-06-29T20:31:02Z
O04145,2025-06-29,C0089,web,completed,2025-06-29T20:04:42Z
O05081,2025-06-29,C0033,store,cancelled,2025-06-29T16:13:14Z
O05751,2025-06-29,C0050,phone,completed,2025-06-29T12:31:07Z
O01050,2025-06-30,C0150,web,completed,2025-06-30T11:33:18Z
O01850,2025-06-30,C0105,web,completed,2025-06-30T13:52:10Z
O02210,2025-06-30,C0104,web,completed,2025-06-30T10:25:54Z
O02467,2025-06-30,C0098,web,completed,2025-06-30T20:41:20Z
O02712,2025-06-30,C0074,web,completed,2025-06-30T22:42:14Z
O02767,2025-06-30,C0006,web,completed,2025-06-30T15:04:48Z
O02949,2025-06-30,C0142,store,completed,2025-06-30T13:42:14Z
O04071,2025-06-30,C0086,web,completed,2025-06-30T14:16:30Z
O04311,2025-06-30,C0037,web,pending,2025-06-30T18:44:24Z
O05359,2025-06-30,C0144,web,completed,2025-06-30T15:58:15Z
O05593,2025-06-30,C0159,store,completed,2025-06-30T14:56:13Z
O05727,2025-06-30,C0140,web,completed,2025-06-30T21:54:44Z
O01437,2025-07-01,C0169,web,completed,2025-07-01T15:39:44Z
O01660,2025-07-01,C0089,web,completed,2025-07-01T01:04:20Z
O02076,2025-07-01,C0082,store,completed,2025-07-01T13:37:28Z
O02079,2025-07-01,C0044,phone,completed,2025-07-01T14:43:57Z
O03607,2025-07-01,C0129,web,completed,2025-07-01T14:42:21Z
O04468,2025-07-01,C0151,web,completed,2025-07-01T18:50:16Z
O05348,2025-07-01,C0180,store,completed,2025-07-01T10:31:57Z
O00317,2025-07-02,C0006,web,cancelled,2025-07-02T20:28:57Z
O01089,2025-07-02,C0087,web,completed,2025-07-02T11:51:01Z
O01445,2025-07-02,C0136,phone,completed,2025-07-02T12:18:56Z
O01755,2025-07-02,C0141,phone,completed,2025-07-02T10:08:07Z
O02495,2025-07-02,C0149,phone,completed,2025-07-02T09:15:45Z
O02787,2025-07-02,C0057,web,completed,2025-07-02T20:29:41Z
O03051,2025-07-02,C0014,store,completed,2025-07-02T09:54:43Z
O03745,2025-07-02,C0161,web,completed,2025-07-02T16:26:09Z
O04111,2025-07-02,C0075,web,completed,2025-07-02T12:00:30Z
O05137,2025-07-02,C0171,web,completed,2025-07-02T13:10:58Z
O05275,2025-07-02,C0024,web,completed,2025-07-02T16:43:22Z
O00460,2025-07-03,C0050,web,completed,2025-07-03T19:46:39Z
O01562,2025-07-03,C0134,web,completed,2025-07-03T00:38:37Z
O04102,2025-07-03,C0113,web,completed,2025-07-03T11:58:22Z
O04508,2025-07-03,C0119,web,completed,2025-07-03T19:28:33Z
O04515,2025-07-03,C0156,web,completed,2025-07-03T14:09:10Z
O05305,2025-07-03,C0105,web,completed,2025-07-03T17:25:19Z
O05410,2025-07-03,C0085,web,completed,2025-07-03T22:46:32Z
O00158,2025-07-04,C0020,web,completed,2025-07-04T21:51:23Z
O00674,2025-07-04,C0139,phone,completed,2025-07-04T15:50:03Z
O00681,2025-07-04,C0052,store,completed,2025-07-04T12:45:04Z
O01095,2025-07-04,C0030,web,completed,2025-07-04T05:11:55Z
O01788,2025-07-04,C0029,web,completed,2025-07-04T19:17:37Z
O02361,2025-07-04,C0111,web,completed,2025-07-04T17:51:34Z
O02433,2025-07-04,C0002,web,pending,2025-07-04T19:56:49Z
O02682,2025-07-04,C0133,store,completed,2025-07-04T14:58:44Z
O03038,2025-07-04,C0091,web,completed,2025-07-04T12:54:58Z
O05894,2025-07-04,C0094,web,completed,2025-07-04T05:06:23Z
O05982,2025-07-04,C0152,web,completed,2025-07-04T21:54:10Z
O00406,2025-07-05,C0136,web,completed,2025-07-05T09:47:21Z
O02653,2025-07-05,C0097,web,completed,2025-07-05T15:49:56Z
O03211,2025-07-05,C0092,web,completed,2025-07-05T21:17:27Z
O03501,2025-07-05,C0017,web,completed,2025-07-05T23:47:38Z
O04535,2025-07-05,C0128,web,completed,2025-07-05T21:08:14Z
O04895,2025-07-05,C0140,web,completed,2025-07-05T16:29:01Z
O05075,2025-07-05,C0041,web,completed,2025-07-05T01:47:42Z
O05954,2025-07-05,C0179,web,completed,2025-07-05T09:52:32Z
O01596,2025-07-06,C0045,store,completed,2025-07-06T15:39:01Z
O02161,2025-07-06,C0160,store,completed,2025-07-06T13:50:41Z
O03193,2025-07-06,C0088,store,completed,2025-07-06T18:03:17Z
O03431,2025-07-06,C0174,web,completed,2025-07-06T23:09:50Z
O04108,2025-07-06,C0031,web,completed,2025-07-06T19:05:23Z
O05156,2025-07-06,C0061,web,completed,2025-07-06T19:52:48Z
O01835,2025-07-07,C0071,web,completed,2025-07-07T13:15:59Z
O02067,2025-07-07,C0142,store,cancelled,2025-07-07T18:26:29Z
O02223,2025-07-07,C0116,web,completed,2025-07-07T20:12:31Z
O02516,2025-07-07,C0039,store,completed,2025-07-07T16:01:49Z
O02564,2025-07-07,C0065,web,completed,2025-07-07T03:37:04Z
O03219,2025-07-07,C0054,phone,completed,2025-07-07T11:31:55Z
O03477,2025-07-07,C0147,web,completed,2025-07-07T15:05:53Z
O03703,2025-07-07,C0176,web,completed,2025-07-07T16:05:17Z
O03726,2025-07-07,C0119,store,completed,2025-07-07T18:19:33Z
O04151,2025-07-07,C0083,web,completed,2025-07-07T14:17:02Z
O05122,2025-07-07,C0180,store,completed,2025-07-07T10:12:08Z
O00175,2025-07-08,C0136,web,completed,2025-07-08T14:42:36Z
O00592,2025-07-08,C0172,web,completed,2025-07-08T13:00:03Z
O00689,2025-07-08,C0038,web,completed,2025-07-08T12:05:24Z
O00744,2025-07-08,C0136,web,completed,2025-07-08T23:39:23Z
O01658,2025-07-08,C0069,store,completed,2025-07-08T10:23:34Z
O01671,2025-07-08,C0148,store,completed,2025-07-08T18:30:47Z
O02101,2025-07-08,C0146,store,completed,2025-07-08T17:22:55Z
O03370,2025-07-08,C0153,web,completed,2025-07-08T19:12:59Z
O04290,2025-07-08,C0137,web,completed,2025-07-08T05:26:50Z
O05315,2025-07-08,C0071,web,completed,2025-07-08T21:33:55Z
O05966,2025-07-08,C0005,web,completed,2025-07-08T16:10:47Z
O00135,2025-07-09,C0016,web,completed,2025-07-09T10:22:36Z
O00263,2025-07-09,C0015,web,completed,2025-07-09T14:19:35Z
O00806,2025-07-09,C0070,web,completed,2025-07-09T19:08:20Z
O01911,2025-07-09,C0142,web,completed,2025-07-09T11:04:19Z
O02011,2025-07-09,C0031,web,completed,2025-07-09T19:07:40Z
O02509,2025-07-09,C0136,web,completed,2025-07-09T20:33:07Z
O02613,2025-07-09,C0103,store,completed,2025-07-09T17:25:41Z
O03902,2025-07-09,C0146,web,completed,2025-07-09T04:55:20Z
O04189,2025-07-09,C0029,store,completed,2025-07-09T13:34:21Z
O05158,2025-07-09,C0127,web,completed,2025-07-09T09:53:12Z
O05321,2025-07-09,C0131,web,completed,2025-07-09T03:00:05Z
O05481,2025-07-09,C0140,web,completed,2025-07-09T12:35:49Z
O00888,2025-07-10,C0034,web,completed,2025-07-10T17:44:25Z
O01501,2025-07-10,C0173,web,pending,2025-07-10T19:02:32Z
O01554,2025-07-10,C0028,web,completed,2025-07-10T09:57:13Z
O01985,2025-07-10,C0154,store,completed,2025-07-10T11:49:35Z
O02443,2025-07-10,C0047,store,completed,2025-07-10T13:07:23Z
O02608,2025-07-10,C0010,web,pending,2025-07-10T17:16:58Z
O02885,2025-07-10,C0106,web,completed,2025-07-10T13:59:31Z
O03310,2025-07-10,C0100,web,completed,2025-07-10T16:15:42Z
O00121,2025-07-11,C0064,store,completed,2025-07-11T16:56:43Z
O00780,2025-07-11,C0122,web,completed,2025-07-11T11:31:26Z
O00959,2025-07-11,C0058,web,completed,2025-07-11T20:54:22Z
O01172,2025-07-11,C0107,store,completed,2025-07-11T20:00:21Z
O01524,2025-07-11,C0037,phone,completed,2025-07-11T13:47:28Z
O01930,2025-07-11,C0091,web,completed,2025-07-11T15:24:50Z
O02822,2025-07-11,C0046,web,completed,2025-07-11T10:08:34Z
O02904,2025-07-11,C0163,web,cancelled,2025-07-11T18:48:51Z
O03108,2025-07-11,C0139,phone,completed,2025-07-11T13:14:57Z
O05330,2025-07-11,C0124,web,completed,2025-07-11T21:59:20Z
O05599,2025-07-11,C0106,web,completed,2025-07-11T21:28:57Z
O00265,2025-07-12,C0100,store,completed,2025-07-12T11:21:36Z
O00478,2025-07-12,C0082,store,completed,2025-07-12T12:12:38Z
O01514,2025-07-12,C0060,web,completed,2025-07-12T08:02:44Z
O03461,2025-07-12,C0034,store,completed,2025-07-12T13:07:35Z
O04483,2025-07-12,C0003,web,completed,2025-07-12T04:24:41Z
O04876,2025-07-12,C0162,web,completed,2025-07-12T16:48:37Z
O05230,2025-07-12,C0178,web,completed,2025-07-12T13:56:08Z
O05238,2025-07-12,C0009,web,completed,2025-07-12T15:01:56Z
O05334,2025-07-12,C0007,web,completed,2025-07-12T11:03:40Z
O00092,2025-07-13,C0025,web,completed,2025-07-13T06:59:43Z
O00272,2025-07-13,C0073,store,completed,2025-07-13T11:16:27Z
O00532,2025-07-13,C0046,web,completed,2025-07-13T14:13:06Z
O01237,2025-07-13,C0052,web,completed,2025-07-13T13:22:21Z
O02819,2025-07-13,C0021,web,completed,2025-07-13T17:11:58Z
O03123,2025-07-13,C0002,web,completed,2025-07-13T16:02:54Z
O03196,2025-07-13,C0040,store,completed,2025-07-13T13:09:06Z
O03357,2025-07-13,C0144,web,completed,2025-07-13T11:12:24Z
O03813,2025-07-13,C0078,web,pending,2025-07-13T13:52:51Z
O04983,2025-07-13,C0059,store,cancelled,2025-07-13T15:59:34Z
O05329,2025-07-13,C0167,phone,completed,2025-07-13T13:12:23Z
O05514,2025-07-13,C0175,web,completed,2025-07-13T18:25:07Z
O00680,2025-07-14,C0108,web,cancelled,2025-07-14T10:43:18Z
O01420,2025-07-14,C0035,store,completed,2025-07-14T11:22:40Z
O01652,2025-07-14,C0162,web,cancelled,2025-07-14T04:15:09Z
O01791,2025-07-14,C0145,store,completed,2025-07-14T18:57:59Z
O03760,2025-07-14,C0164,web,completed,2025-07-14T16:02:29Z
O04693,2025-07-14,C0111,web,completed,2025-07-14T20:20:02Z
O05355,2025-07-14,C0054,store,completed,2025-07-14T13:37:05Z
O05800,2025-07-14,C0081,store,completed,2025-07-14T13:44:59Z
O00282,2025-07-15,C0017,web,completed,2025-07-15T20:07:59Z
O01316,2025-07-15,C0061,store,completed,2025-07-15T16:46:36Z
O02514,2025-07-15,C0078,web,completed,2025-07-15T20:28:39Z
O02907,2025-07-15,C0176,web,completed,2025-07-15T16:07:17Z
O02956,2025-07-15,C0090,web,completed,2025-07-15T17:38:15Z
O04340,2025-07-15,C0071,web,completed,2025-07-15T16:13:08Z
O04664,2025-07-15,C0058,web,completed,2025-07-15T18:16:14Z
O01517,2025-07-16,C0079,web,completed,2025-07-16T12:44:29Z
O01623,2025-07-16,C0105,web,completed,2025-07-16T10:32:57Z
O02570,2025-07-16,C0012,store,completed,2025-07-16T13:18:21Z
O03037,2025-07-16,C0008,phone,completed,2025-07-16T09:46:50Z
O03482,2025-07-16,C0087,web,completed,2025-07-16T18:55:24Z
O03798,2025-07-16,C0152,web,completed,2025-07-16T11:14:44Z
O04767,2025-07-16,C0113,web,completed,2025-07-16T22:46:22Z
O04855,2025-07-16,C0099,web,completed,2025-07-16T09:25:06Z
O00240,2025-07-17,C0114,web,completed,2025-07-17T01:47:44Z
O00267,2025-07-17,C0180,store,completed,2025-07-17T20:57:59Z
O00479,2025-07-17,C0167,web,completed,2025-07-17T20:43:09Z
O00582,2025-07-17,C0113,phone,completed,2025-07-17T17:52:19Z
O00657,2025-07-17,C0090,web,completed,2025-07-17T13:00:41Z
O01334,2025-07-17,C0118,web,pending,2025-07-17T06:58:49Z
O01724,2025-07-17,C0118,web,completed,2025-07-17T23:00:46Z
O02013,2025-07-17,C0115,web,completed,2025-07-17T20:15:23Z
O03118,2025-07-17,C0020,web,completed,2025-07-17T07:38:47Z
O03423,2025-07-17,C0160,web,completed,2025-07-17T18:46:54Z
O00045,2025-07-18,C0163,phone,pending,2025-07-18T10:14:18Z
O00382,2025-07-18,C0065,web,completed,2025-07-18T14:13:40Z
O00575,2025-07-18,C0172,store,completed,2025-07-18T16:39:57Z
O01085,2025-07-18,C0116,web,completed,2025-07-18T12:53:29Z
O01177,2025-07-18,C0170,web,completed,2025-07-18T04:45:15Z
O02177,2025-07-18,C0023,web,completed,2025-07-18T14:11:35Z
O03547,2025-07-18,C0147,phone,completed,2025-07-18T12:56:21Z
O05413,2025-07-18,C0138,web,completed,2025-07-18T18:10:49Z
O05425,2025-07-18,C0125,web,completed,2025-07-18T11:00:20Z
O05442,2025-07-18,C0178,web,completed,2025-07-18T19:53:46Z
O05715,2025-07-18,C0168,web,cancelled,2025-07-18T21:11:12Z
O05847,2025-07-18,C0064,web,completed,2025-07-18T17:12:54Z
O00170,2025-07-19,C0060,web,completed,2025-07-19T14:36:25Z
O00952,2025-07-19,C0075,web,completed,2025-07-19T23:26:06Z
O01209,2025-07-19,C0085,web,completed,2025-07-19T19:13:51Z
O01304,2025-07-19,C0132,web,completed,2025-07-19T09:10:42Z
O02056,2025-07-19,C0140,store,completed,2025-07-19T13:44:51Z
O03364,2025-07-19,C0176,web,completed,2025-07-19T22:18:52Z
O04317,2025-07-19,C0004,phone,completed,2025-07-19T09:43:45Z
O04464,2025-07-19,C0140,store,completed,2025-07-19T18:06:37Z
O00278,2025-07-20,C0140,store,completed,2025-07-20T14:01:02Z
O02556,2025-07-20,C0004,web,completed,2025-07-20T21:10:02Z
O03333,2025-07-20,C0160,web,completed,2025-07-20T13:58:55Z
O03493,2025-07-20,C0042,web,completed,2025-07-20T22:13:59Z
O05357,2025-07-20,C0029,web,completed,2025-07-20T16:03:10Z
O05639,2025-07-20,C0089,phone,completed,2025-07-20T12:11:06Z
O04950,2025-07-21,C0113,store,completed,2025-07-21T18:04:33Z
O05221,2025-07-21,C0054,phone,completed,2025-07-21T12:10:04Z
O05742,2025-07-21,C0065,store,completed,2025-07-21T13:06:51Z
O05955,2025-07-21,C0127,web,completed,2025-07-21T19:05:04Z
O00149,2025-07-22,C0031,store,completed,2025-07-22T11:31:23Z
O00241,2025-07-22,C0121,phone,completed,2025-07-22T10:43:56Z
O00560,2025-07-22,C0019,web,completed,2025-07-22T19:30:05Z
O04327,2025-07-22,C0035,web,completed,2025-07-22T20:52:22Z
O04994,2025-07-22,C0049,web,pending,2025-07-22T11:50:34Z
O01208,2025-07-23,C0135,web,completed,2025-07-23T02:46:27Z
O01678,2025-07-23,C0014,store,completed,2025-07-23T17:33:55Z
O02246,2025-07-23,C0093,store,completed,2025-07-23T12:55:38Z
O02450,2025-07-23,C0126,web,completed,2025-07-23T11:40:33Z
O03948,2025-07-23,C0141,store,completed,2025-07-23T11:54:34Z
O04517,2025-07-23,C0174,web,completed,2025-07-23T10:13:56Z
O05946,2025-07-23,C0059,web,completed,2025-07-23T21:48:20Z
O00605,2025-07-24,C0118,web,completed,2025-07-24T20:07:05Z
O03141,2025-07-24,C0118,store,completed,2025-07-24T16:08:16Z
O03644,2025-07-24,C0118,web,completed,2025-07-24T09:19:40Z
O03950,2025-07-24,C0050,web,completed,2025-07-24T16:44:31Z
O04070,2025-07-24,C0007,web,completed,2025-07-24T17:57:03Z
O04276,2025-07-24,C0118,web,cancelled,2025-07-24T06:52:36Z
O04457,2025-07-24,C0117,store,completed,2025-07-24T15:26:02Z
O04507,2025-07-24,C0018,web,cancelled,2025-07-24T14:01:36Z
O04880,2025-07-24,C0150,web,completed,2025-07-24T19:09:49Z
O00335,2025-07-25,C0047,web,completed,2025-07-25T15:48:32Z
O00445,2025-07-25,C0033,web,completed,2025-07-25T18:38:18Z
O01118,2025-07-25,C0113,web,completed,2025-07-25T06:50:00Z
O01804,2025-07-25,C0110,store,completed,2025-07-25T17:21:12Z
O01859,2025-07-25,C0050,web,completed,2025-07-25T18:00:34Z
O02098,2025-07-25,C0040,web,completed,2025-07-25T15:18:50Z
O03412,2025-07-25,C0052,phone,completed,2025-07-25T14:44:01Z
O03492,2025-07-25,C0036,web,completed,2025-07-25T20:25:30Z
O03498,2025-07-25,C0058,phone,completed,2025-07-25T11:40:43Z
O03930,2025-07-25,C0064,phone,completed,2025-07-25T14:10:18Z
O04652,2025-07-25,C0134,store,completed,2025-07-25T20:03:38Z
O04663,2025-07-25,C0014,web,completed,2025-07-25T18:47:04Z
O05909,2025-07-25,C0120,store,completed,2025-07-25T12:09:26Z
O00636,2025-07-26,C0134,web,completed,2025-07-26T18:33:30Z
O01799,2025-07-26,C0077,phone,completed,2025-07-26T14:02:15Z
O02385,2025-07-26,C0013,web,completed,2025-07-26T19:24:48Z
O03277,2025-07-26,C0171,store,completed,2025-07-26T16:02:46Z
O03308,2025-07-26,C0074,web,completed,2025-07-26T21:58:05Z
O03536,2025-07-26,C0046,web,completed,2025-07-26T19:08:58Z
O00966,2025-07-27,C0159,web,completed,2025-07-27T18:51:13Z
O01960,2025-07-27,C0173,store,completed,2025-07-27T20:01:10Z
O02654,2025-07-27,C0116,web,completed,2025-07-27T13:07:10Z
O04192,2025-07-27,C0133,store,completed,2025-07-27T13:21:25Z
O04420,2025-07-27,C0055,store,completed,2025-07-27T13:28:55Z
O05691,2025-07-27,C0085,web,completed,2025-07-27T16:44:30Z
O05796,2025-07-27,C0003,phone,completed,2025-07-27T16:20:49Z
O00402,2025-07-28,C0044,web,cancelled,2025-07-28T11:58:00Z
O02416,2025-07-28,C0088,web,completed,2025-07-28T18:24:50Z
O03285,2025-07-28,C0179,web,completed,2025-07-28T17:07:12Z
O04543,2025-07-28,C0057,web,completed,2025-07-28T20:12:40Z
O04846,2025-07-28,C0098,store,completed,2025-07-28T14:52:51Z
O05146,2025-07-28,C0120,store,completed,2025-07-28T16:57:40Z
O05304,2025-07-28,C0131,web,completed,2025-07-28T19:38:39Z
O00250,2025-07-29,C0087,web,completed,2025-07-29T17:39:27Z
O00668,2025-07-29,C0019,web,completed,2025-07-29T19:18:36Z
O00822,2025-07-29,C0054,web,completed,2025-07-29T16:42:07Z
O00972,2025-07-29,C0098,store,completed,2025-07-29T16:53:38Z
O01242,2025-07-29,C0083,web,completed,2025-07-29T13:42:21Z
O02441,2025-07-29,C0036,web,completed,2025-07-29T11:36:57Z
O02817,2025-07-29,C0141,web,completed,2025-07-29T21:46:33Z
O03139,2025-07-29,C0001,phone,completed,2025-07-29T12:26:44Z
O03242,2025-07-29,C0111,store,completed,2025-07-29T14:25:58Z
O03827,2025-07-29,C0057,store,completed,2025-07-29T09:28:02Z
O04722,2025-07-29,C0033,store,completed,2025-07-29T14:24:12Z
O05360,2025-07-29,C0138,web,completed,2025-07-29T18:57:46Z
O05428,2025-07-29,C0026,store,completed,2025-07-29T10:14:26Z
O05844,2025-07-29,C0045,web,completed,2025-07-29T19:21:50Z
O00816,2025-07-30,C0146,store,completed,2025-07-30T13:42:12Z
O01010,2025-07-30,C0114,phone,completed,2025-07-30T13:38:27Z
O02463,2025-07-30,C0124,phone,completed,2025-07-30T15:11:33Z
O03011,2025-07-30,C0056,web,completed,2025-07-30T12:32:45Z
O03942,2025-07-30,C0029,web,completed,2025-07-30T17:33:10Z
O04131,2025-07-30,C0179,web,completed,2025-07-30T18:10:56Z
O04592,2025-07-30,C0147,web,completed,2025-07-30T19:23:17Z
O04611,2025-07-30,C0003,web,completed,2025-07-30T19:23:16Z
O04847,2025-07-30,C0082,web,completed,2025-07-30T17:40:31Z
O00195,2025-07-31,C0112,web,completed,2025-07-31T12:22:20Z
O01963,2025-07-31,C0146,web,completed,2025-07-31T22:19:15Z
O02490,2025-07-31,C0014,web,completed,2025-07-31T20:27:40Z
O03377,2025-07-31,C0146,phone,completed,2025-07-31T13:03:08Z
O04673,2025-07-31,C0087,web,completed,2025-07-31T11:02:10Z
O05291,2025-07-31,C0054,store,completed,2025-07-31T14:22:58Z
O00186,2025-08-01,C0155,web,completed,2025-08-01T21:20:01Z
O00209,2025-08-01,C0035,web,cancelled,2025-08-01T12:11:09Z
O00782,2025-08-01,C0082,web,completed,2025-08-01T23:12:14Z
O02954,2025-08-01,C0054,store,completed,2025-08-01T11:49:37Z
O03862,2025-08-01,C0112,phone,completed,2025-08-01T13:35:13Z
O04309,2025-08-01,C0023,store,completed,2025-08-01T15:59:05Z
O04778,2025-08-01,C0067,phone,completed,2025-08-01T09:47:04Z
O02506,2025-08-02,C0075,store,completed,2025-08-02T12:17:58Z
O03231,2025-08-02,C0043,web,completed,2025-08-02T17:53:45Z
O00424,2025-08-03,C0061,phone,completed,2025-08-03T11:59:43Z
O01243,2025-08-03,C0075,web,completed,2025-08-03T23:32:21Z
O01902,2025-08-03,C0133,phone,completed,2025-08-03T17:07:38Z
O02575,2025-08-03,C0030,web,completed,2025-08-03T20:58:15Z
O04271,2025-08-03,C0008,store,completed,2025-08-03T15:04:30Z
O04346,2025-08-03,C0175,web,completed,2025-08-03T22:45:54Z
O01187,2025-08-04,C0093,store,completed,2025-08-04T13:25:56Z
O02037,2025-08-04,C0110,web,completed,2025-08-04T21:25:35Z
O04677,2025-08-04,C0104,web,cancelled,2025-08-04T07:08:09Z
O04805,2025-08-04,C0059,web,completed,2025-08-04T07:36:06Z
O05307,2025-08-04,C0142,phone,completed,2025-08-04T17:24:12Z
O00117,2025-08-05,C0118,phone,pending,2025-08-05T14:43:38Z
O00224,2025-08-05,C0037,store,completed,2025-08-05T15:13:12Z
O00677,2025-08-05,C0034,web,completed,2025-08-05T18:51:37Z
O01449,2025-08-05,C0100,web,completed,2025-08-05T18:41:11Z
O02109,2025-08-05,C0049,web,completed,2025-08-05T20:05:04Z
O02172,2025-08-05,C0027,web,pending,2025-08-05T18:14:26Z
O02375,2025-08-05,C0171,store,cancelled,2025-08-05T11:01:48Z
O05923,2025-08-05,C0023,store,completed,2025-08-05T11:31:55Z
O00075,2025-08-06,C0024,web,completed,2025-08-06T21:24:21Z
O00167,2025-08-06,C0156,web,completed,2025-08-06T13:55:08Z
O00305,2025-08-06,C0045,store,completed,2025-08-06T18:50:37Z
O00559,2025-08-06,C0113,web,completed,2025-08-06T05:49:30Z
O01054,2025-08-06,C0017,web,completed,2025-08-06T07:55:34Z
O03409,2025-08-06,C0134,web,completed,2025-08-06T17:02:04Z
O00321,2025-08-07,C0045,web,completed,2025-08-07T21:06:15Z
O00336,2025-08-07,C0152,web,completed,2025-08-07T17:00:38Z
O00653,2025-08-07,C0033,web,completed,2025-08-07T22:18:29Z
O01402,2025-08-07,C0029,web,completed,2025-08-07T22:50:21Z
O02985,2025-08-07,C0179,web,completed,2025-08-07T21:17:14Z
O03693,2025-08-07,C0041,web,completed,2025-08-07T19:12:05Z
O03694,2025-08-07,C0096,phone,pending,2025-08-07T17:52:57Z
O04093,2025-08-07,C0005,web,completed,2025-08-07T15:29:31Z
O04173,2025-08-07,C0079,web,completed,2025-08-07T18:02:16Z
O04184,2025-08-07,C0092,web,completed,2025-08-07T19:53:41Z
O05014,2025-08-07,C0132,store,completed,2025-08-07T14:30:08Z
O05116,2025-08-07,C0143,store,completed,2025-08-07T18:14:06Z
O00157,2025-08-08,C0160,phone,completed,2025-08-08T13:01:06Z
O00238,2025-08-08,C0148,web,completed,2025-08-08T09:04:01Z
O00495,2025-08-08,C0083,web,completed,2025-08-08T14:17:38Z
O00570,2025-08-08,C0145,web,completed,2025-08-08T17:29:40Z
O00600,2025-08-08,C0155,web,cancelled,2025-08-08T19:12:08Z
O01014,2025-08-08,C0152,store,completed,2025-08-08T09:27:37Z
O02176,2025-08-08,C0082,web,completed,2025-08-08T19:59:33Z
O02409,2025-08-08,C0140,store,completed,2025-08-08T11:40:48Z
O03525,2025-08-08,C0008,web,completed,2025-08-08T07:00:37Z
O04643,2025-08-08,C0060,web,completed,2025-08-08T09:01:39Z
O00247,2025-08-09,C0028,web,completed,2025-08-09T15:15:43Z
O00459,2025-08-09,C0109,store,completed,2025-08-09T09:05:33Z
O01970,2025-08-09,C0160,web,completed,2025-08-09T09:09:40Z
O02070,2025-08-09,C0010,web,completed,2025-08-09T09:36:04Z
O02671,2025-08-09,C0160,store,completed,2025-08-09T16:13:03Z
O03850,2025-08-09,C0026,web,completed,2025-08-09T11:30:49Z
O04591,2025-08-09,C0053,web,completed,2025-08-09T20:20:51Z
O04975,2025-08-09,C0055,store,completed,2025-08-09T12:11:31Z
O05387,2025-08-09,C0154,web,completed,2025-08-09T20:59:08Z
O05409,2025-08-09,C0092,web,completed,2025-08-09T20:27:05Z
O05942,2025-08-09,C0120,web,completed,2025-08-09T22:17:38Z
O00610,2025-08-10,C0042,store,completed,2025-08-10T13:12:29Z
O01017,2025-08-10,C0169,web,completed,2025-08-10T10:48:20Z
O03198,2025-08-10,C0004,web,completed,2025-08-10T20:32:32Z
O03887,2025-08-10,C0099,web,completed,2025-08-10T17:45:11Z
O04840,2025-08-10,C0036,web,pending,2025-08-10T19:58:23Z
O05173,2025-08-10,C0029,phone,completed,2025-08-10T10:34:56Z
O05271,2025-08-10,C0160,store,completed,2025-08-10T14:09:31Z
O05496,2025-08-10,C0101,web,completed,2025-08-10T23:12:21Z
O00165,2025-08-11,C0072,web,completed,2025-08-11T22:14:41Z
O01218,2025-08-11,C0163,store,completed,2025-08-11T15:25:14Z
O01996,2025-08-11,C0116,store,completed,2025-08-11T09:09:26Z
O03846,2025-08-11,C0067,store,completed,2025-08-11T09:41:04Z
O03982,2025-08-11,C0176,web,completed,2025-08-11T18:55:43Z
O03995,2025-08-11,C0078,store,completed,2025-08-11T11:44:43Z
O04762,2025-08-11,C0032,web,completed,2025-08-11T22:53:44Z
O04930,2025-08-11,C0095,web,completed,2025-08-11T20:08:42Z
O05231,2025-08-11,C0069,store,completed,2025-08-11T11:00:21Z
O05251,2025-08-11,C0104,web,completed,2025-08-11T22:26:39Z
O05705,2025-08-11,C0174,web,completed,2025-08-11T20:44:58Z
O05932,2025-08-11,C0123,web,completed,2025-08-11T11:43:19Z
O00533,2025-08-12,C0157,web,completed,2025-08-12T19:18:01Z
O02483,2025-08-12,C0126,web,cancelled,2025-08-12T18:40:48Z
O02964,2025-08-12,C0157,web,cancelled,2025-08-12T18:47:17Z
O02992,2025-08-12,C0004,web,completed,2025-08-12T20:10:08Z
O03549,2025-08-12,C0014,store,completed,2025-08-12T18:59:06Z
O04352,2025-08-12,C0152,store,completed,2025-08-12T17:46:29Z
O04683,2025-08-12,C0153,web,completed,2025-08-12T15:01:30Z
O05339,2025-08-12,C0126,web,completed,2025-08-12T11:03:27Z
O05920,2025-08-12,C0146,store,completed,2025-08-12T17:53:48Z
O00230,2025-08-13,C0042,store,completed,2025-08-13T11:30:40Z
O00369,2025-08-13,C0061,web,completed,2025-08-13T21:26:49Z
O00792,2025-08-13,C0023,web,completed,2025-08-13T15:27:02Z
O01361,2025-08-13,C0091,store,completed,2025-08-13T19:32:23Z
O01643,2025-08-13,C0163,store,completed,2025-08-13T12:21:45Z
O02108,2025-08-13,C0047,web,completed,2025-08-13T12:24:50Z
O03157,2025-08-13,C0007,phone,completed,2025-08-13T09:51:44Z
O03462,2025-08-13,C0168,store,completed,2025-08-13T19:57:59Z
O03565,2025-08-13,C0007,web,completed,2025-08-13T22:48:52Z
O04493,2025-08-13,C0001,web,completed,2025-08-13T12:13:57Z
O04692,2025-08-13,C0050,store,completed,2025-08-13T18:33:32Z
O00101,2025-08-14,C0044,phone,cancelled,2025-08-14T12:33:06Z
O00914,2025-08-14,C0138,web,completed,2025-08-14T18:14:42Z
O01398,2025-08-14,C0013,web,completed,2025-08-14T15:07:24Z
O02565,2025-08-14,C0075,web,completed,2025-08-14T18:16:01Z
O03182,2025-08-14,C0105,web,completed,2025-08-14T22:54:17Z
O03604,2025-08-14,C0038,web,completed,2025-08-14T09:54:00Z
O05371,2025-08-14,C0029,web,completed,2025-08-14T21:43:51Z
O05516,2025-08-14,C0099,store,completed,2025-08-14T10:00:09Z
O01028,2025-08-15,C0006,store,completed,2025-08-15T13:03:11Z
O01279,2025-08-15,C0059,web,completed,2025-08-15T20:40:03Z
O02064,2025-08-15,C0103,store,completed,2025-08-15T14:20:22Z
O02211,2025-08-15,C0138,store,completed,2025-08-15T13:14:25Z
O02940,2025-08-15,C0063,store,completed,2025-08-15T10:18:13Z
O04618,2025-08-15,C0009,store,completed,2025-08-15T09:36:06Z
O01080,2025-08-16,C0082,web,completed,2025-08-16T23:00:16Z
O02046,2025-08-16,C0160,web,completed,2025-08-16T13:19:07Z
O03239,2025-08-16,C0163,store,completed,2025-08-16T16:35:55Z
O03731,2025-08-16,C0140,web,cancelled,2025-08-16T20:25:36Z
O05517,2025-08-16,C0011,web,completed,2025-08-16T20:30:24Z
O01045,2025-08-17,C0156,web,completed,2025-08-17T21:26:47Z
O01180,2025-08-17,C0142,store,completed,2025-08-17T09:39:29Z
O01598,2025-08-17,C0004,web,completed,2025-08-17T12:38:05Z
O02397,2025-08-17,C0016,web,completed,2025-08-17T21:05:00Z
O03031,2025-08-17,C0008,store,completed,2025-08-17T16:50:59Z
O03092,2025-08-17,C0075,store,completed,2025-08-17T13:02:22Z
O03255,2025-08-17,C0029,store,completed,2025-08-17T15:54:48Z
O05997,2025-08-17,C0123,store,completed,2025-08-17T11:16:15Z
O01585,2025-08-18,C0094,web,completed,2025-08-18T18:44:56Z
O01831,2025-08-18,C0084,web,completed,2025-08-18T13:11:22Z
O02743,2025-08-18,C0022,web,completed,2025-08-18T23:23:10Z
O03109,2025-08-18,C0118,web,completed,2025-08-18T07:38:35Z
O03514,2025-08-18,C0045,web,completed,2025-08-18T03:26:10Z
O04226,2025-08-18,C0103,web,completed,2025-08-18T18:16:39Z
O04235,2025-08-18,C0048,web,completed,2025-08-18T17:27:23Z
O00048,2025-08-19,C0153,web,completed,2025-08-19T18:59:38Z
O00664,2025-08-19,C0179,web,completed,2025-08-19T20:02:47Z
O00876,2025-08-19,C0147,web,completed,2025-08-19T19:59:53Z
O00977,2025-08-19,C0080,store,completed,2025-08-19T17:37:07Z
O01034,2025-08-19,C0076,store,completed,2025-08-19T19:54:53Z
O01097,2025-08-19,C0164,web,completed,2025-08-19T13:48:01Z
O01338,2025-08-19,C0004,web,cancelled,2025-08-19T18:37:26Z
O02232,2025-08-19,C0083,web,completed,2025-08-19T20:03:31Z
O02403,2025-08-19,C0171,phone,completed,2025-08-19T09:44:14Z
O03278,2025-08-19,C0036,store,completed,2025-08-19T18:29:02Z
O03384,2025-08-19,C0065,web,completed,2025-08-19T20:55:17Z
O03814,2025-08-19,C0125,store,completed,2025-08-19T13:03:31Z
O04553,2025-08-19,C0027,store,completed,2025-08-19T11:57:39Z
O04732,2025-08-19,C0152,web,completed,2025-08-19T19:24:05Z
O05006,2025-08-19,C0124,web,completed,2025-08-19T14:33:44Z
O05345,2025-08-19,C0153,web,completed,2025-08-19T19:21:32Z
O05592,2025-08-19,C0073,web,completed,2025-08-19T20:11:06Z
O05822,2025-08-19,C0084,web,completed,2025-08-19T09:14:39Z
O01032,2025-08-20,C0022,phone,completed,2025-08-20T14:19:48Z
O01841,2025-08-20,C0037,web,completed,2025-08-20T10:45:31Z
O03256,2025-08-20,C0152,web,completed,2025-08-20T19:43:13Z
O03312,2025-08-20,C0032,web,completed,2025-08-20T17:03:38Z
O04332,2025-08-20,C0095,store,completed,2025-08-20T11:35:22Z
O04364,2025-08-20,C0164,web,completed,2025-08-20T11:40:54Z
O04393,2025-08-20,C0041,web,completed,2025-08-20T11:50:07Z
O05452,2025-08-20,C0019,web,cancelled,2025-08-20T05:50:02Z
O00769,2025-08-21,C0137,web,completed,2025-08-21T10:12:36Z
O01832,2025-08-21,C0005,web,completed,2025-08-21T02:09:17Z
O03459,2025-08-21,C0037,web,completed,2025-08-21T06:10:24Z
O01055,2025-08-22,C0035,web,completed,2025-08-22T06:32:36Z
O01570,2025-08-22,C0026,web,completed,2025-08-22T19:03:43Z
O02616,2025-08-22,C0009,web,completed,2025-08-22T11:11:52Z
O02773,2025-08-22,C0084,web,completed,2025-08-22T19:12:03Z
O03539,2025-08-22,C0157,store,completed,2025-08-22T13:19:46Z
O03981,2025-08-22,C0054,web,completed,2025-08-22T13:26:22Z
O04086,2025-08-22,C0126,phone,completed,2025-08-22T13:39:03Z
O01354,2025-08-23,C0029,store,completed,2025-08-23T19:20:10Z
O02929,2025-08-23,C0118,web,completed,2025-08-23T04:46:00Z
O03478,2025-08-23,C0140,web,completed,2025-08-23T15:05:53Z
O05671,2025-08-23,C0158,web,completed,2025-08-23T21:56:54Z
O05713,2025-08-23,C0091,web,completed,2025-08-23T17:41:26Z
O00269,2025-08-24,C0110,phone,completed,2025-08-24T12:28:02Z
O00713,2025-08-24,C0044,store,completed,2025-08-24T18:25:29Z
O01685,2025-08-24,C0060,store,completed,2025-08-24T13:41:30Z
O02066,2025-08-24,C0005,store,completed,2025-08-24T17:11:13Z
O03218,2025-08-24,C0113,web,completed,2025-08-24T19:57:42Z
O00448,2025-08-25,C0006,web,completed,2025-08-25T21:24:00Z
O01149,2025-08-25,C0040,store,completed,2025-08-25T11:24:28Z
O01709,2025-08-25,C0084,store,completed,2025-08-25T17:30:57Z
O01754,2025-08-25,C0077,web,completed,2025-08-25T18:48:12Z
O02913,2025-08-25,C0160,web,completed,2025-08-25T10:59:38Z
O03397,2025-08-25,C0109,web,completed,2025-08-25T11:34:33Z
O03967,2025-08-25,C0042,web,pending,2025-08-25T21:28:23Z
O04850,2025-08-25,C0019,web,completed,2025-08-25T14:00:02Z
O04970,2025-08-25,C0055,web,pending,2025-08-25T12:24:41Z
O05533,2025-08-25,C0167,store,completed,2025-08-25T12:45:09Z
O00008,2025-08-26,C0058,store,completed,2025-08-26T10:31:05Z
O00802,2025-08-26,C0032,web,completed,2025-08-26T19:14:36Z
O01265,2025-08-26,C0030,web,completed,2025-08-26T17:10:30Z
O01820,2025-08-26,C0121,store,completed,2025-08-26T10:35:30Z
O01962,2025-08-26,C0153,web,completed,2025-08-26T06:25:55Z
O02193,2025-08-26,C0128,web,completed,2025-08-26T06:56:25Z
O02511,2025-08-26,C0162,web,completed,2025-08-26T00:18:47Z
O02717,2025-08-26,C0069,web,completed,2025-08-26T10:05:55Z
O02749,2025-08-26,C0131,web,completed,2025-08-26T06:55:49Z
O03655,2025-08-26,C0179,web,completed,2025-08-26T19:15:14Z
O04865,2025-08-26,C0170,web,completed,2025-08-26T11:21:21Z
O05306,2025-08-26,C0077,web,completed,2025-08-26T21:40:51Z
O00072,2025-08-27,C0039,phone,completed,2025-08-27T10:16:21Z
O00530,2025-08-27,C0076,web,completed,2025-08-27T11:41:07Z
O03675,2025-08-27,C0127,store,completed,2025-08-27T15:25:20Z
O04054,2025-08-27,C0063,store,completed,2025-08-27T11:35:51Z
O04149,2025-08-27,C0105,web,completed,2025-08-27T20:33:46Z
O04218,2025-08-27,C0079,web,completed,2025-08-27T05:01:54Z
O04533,2025-08-27,C0052,web,completed,2025-08-27T18:45:30Z
O05508,2025-08-27,C0071,web,completed,2025-08-27T01:40:53Z
O05576,2025-08-27,C0117,web,completed,2025-08-27T17:56:49Z
O00328,2025-08-28,C0031,web,completed,2025-08-28T19:57:47Z
O02597,2025-08-28,C0125,store,completed,2025-08-28T15:19:55Z
O03634,2025-08-28,C0066,web,completed,2025-08-28T11:20:12Z
O04656,2025-08-28,C0148,web,completed,2025-08-28T19:53:30Z
O00150,2025-08-29,C0086,phone,completed,2025-08-29T13:00:42Z
O00252,2025-08-29,C0127,web,completed,2025-08-29T17:59:47Z
O03463,2025-08-29,C0002,store,completed,2025-08-29T12:50:51Z
O04806,2025-08-29,C0136,phone,completed,2025-08-29T10:34:38Z
O01037,2025-08-30,C0168,web,completed,2025-08-30T21:13:15Z
O02028,2025-08-30,C0164,web,completed,2025-08-30T13:27:18Z
O02568,2025-08-30,C0032,store,completed,2025-08-30T14:17:24Z
O05300,2025-08-30,C0070,store,completed,2025-08-30T10:47:53Z
O00262,2025-08-31,C0164,store,completed,2025-08-31T11:38:32Z
O00345,2025-08-31,C0134,web,completed,2025-08-31T18:43:02Z
O00520,2025-08-31,C0067,web,completed,2025-08-31T08:09:58Z
O01636,2025-08-31,C0003,web,completed,2025-08-31T19:41:02Z
O01664,2025-08-31,C0135,store,completed,2025-08-31T17:27:30Z
O04625,2025-08-31,C0079,web,completed,2025-08-31T07:47:40Z
O04681,2025-08-31,C0009,web,completed,2025-08-31T16:04:12Z
O05100,2025-08-31,C0063,web,completed,2025-08-31T21:06:17Z
O00063,2025-09-01,C0172,web,completed,2025-09-01T12:00:16Z
O01267,2025-09-01,C0089,web,completed,2025-09-01T20:22:42Z
O01475,2025-09-01,C0031,web,completed,2025-09-01T22:48:13Z
O02440,2025-09-01,C0096,web,cancelled,2025-09-01T20:18:34Z
O03697,2025-09-01,C0031,web,completed,2025-09-01T13:11:02Z
O03858,2025-09-01,C0091,web,completed,2025-09-01T21:39:14Z
O04362,2025-09-01,C0080,web,completed,2025-09-01T18:11:32Z
O05038,2025-09-01,C0114,web,completed,2025-09-01T00:34:59Z
O05176,2025-09-01,C0137,web,completed,2025-09-01T20:49:29Z
O05342,2025-09-01,C0131,web,completed,2025-09-01T19:37:28Z
O05600,2025-09-01,C0002,web,completed,2025-09-01T20:12:08Z
O05968,2025-09-01,C0121,web,completed,2025-09-01T16:07:20Z
O00218,2025-09-02,C0111,web,completed,2025-09-02T16:46:27Z
O00488,2025-09-02,C0011,web,completed,2025-09-02T09:06:58Z
O00696,2025-09-02,C0023,web,completed,2025-09-02T02:33:00Z
O02718,2025-09-02,C0051,web,cancelled,2025-09-02T14:39:37Z
O03612,2025-09-02,C0140,store,completed,2025-09-02T11:11:31Z
O04079,2025-09-02,C0042,web,completed,2025-09-02T20:40:05Z
O05098,2025-09-02,C0078,web,completed,2025-09-02T23:34:20Z
O05760,2025-09-02,C0079,store,completed,2025-09-02T15:55:06Z
O00608,2025-09-03,C0121,web,completed,2025-09-03T19:20:50Z
O03719,2025-09-03,C0160,web,completed,2025-09-03T08:47:07Z
O04576,2025-09-03,C0121,store,completed,2025-09-03T12:41:00Z
O05250,2025-09-03,C0017,web,completed,2025-09-03T23:22:35Z
O00556,2025-09-04,C0103,web,completed,2025-09-04T18:45:57Z
O00730,2025-09-04,C0052,web,completed,2025-09-04T21:30:48Z
O00836,2025-09-04,C0115,web,completed,2025-09-04T13:33:20Z
O01572,2025-09-04,C0059,store,completed,2025-09-04T12:29:20Z
O01786,2025-09-04,C0045,phone,completed,2025-09-04T12:29:08Z
O03044,2025-09-04,C0155,web,completed,2025-09-04T14:57:26Z
O03822,2025-09-04,C0149,store,completed,2025-09-04T12:43:09Z
O04087,2025-09-04,C0018,phone,pending,2025-09-04T12:21:28Z
O04196,2025-09-04,C0044,web,completed,2025-09-04T19:12:42Z
O05401,2025-09-04,C0149,web,completed,2025-09-04T11:28:02Z
O05991,2025-09-04,C0061,store,completed,2025-09-04T12:23:09Z
O00069,2025-09-05,C0028,phone,completed,2025-09-05T12:13:58Z
O01039,2025-09-05,C0167,web,completed,2025-09-05T10:32:19Z
O02042,2025-09-05,C0058,web,completed,2025-09-05T20:04:30Z
O03263,2025-09-05,C0032,store,completed,2025-09-05T09:05:09Z
O03468,2025-09-05,C0004,web,completed,2025-09-05T22:54:06Z
O03583,2025-09-05,C0014,store,completed,2025-09-05T15:33:47Z
O04033,2025-09-05,C0144,web,completed,2025-09-05T12:31:43Z
O04076,2025-09-05,C0104,web,completed,2025-09-05T10:56:17Z
O04259,2025-09-05,C0167,web,completed,2025-09-05T13:03:59Z
O05974,2025-09-05,C0076,web,completed,2025-09-05T11:00:07Z
O00829,2025-09-06,C0061,web,completed,2025-09-06T22:10:09Z
O00947,2025-09-06,C0058,phone,completed,2025-09-06T16:12:39Z
O01072,2025-09-06,C0059,web,completed,2025-09-06T18:18:45Z
O01981,2025-09-06,C0071,web,completed,2025-09-06T20:54:06Z
O03017,2025-09-06,C0082,web,completed,2025-09-06T23:32:56Z
O04447,2025-09-06,C0124,web,completed,2025-09-06T21:56:37Z
O04763,2025-09-06,C0150,store,completed,2025-09-06T14:19:32Z
O05583,2025-09-06,C0170,store,completed,2025-09-06T09:12:29Z
O05738,2025-09-06,C0038,store,completed,2025-09-06T15:21:39Z
O05740,2025-09-06,C0108,store,completed,2025-09-06T12:41:28Z
O00915,2025-09-07,C0020,web,completed,2025-09-07T19:19:25Z
O01266,2025-09-07,C0035,store,completed,2025-09-07T19:02:42Z
O01665,2025-09-07,C0044,web,completed,2025-09-07T00:38:01Z
O01693,2025-09-07,C0105,web,completed,2025-09-07T19:48:24Z
O04872,2025-09-07,C0100,web,cancelled,2025-09-07T21:26:10Z
O05253,2025-09-07,C0074,store,completed,2025-09-07T09:53:23Z
O05762,2025-09-07,C0072,store,completed,2025-09-07T16:28:58Z
O01038,2025-09-08,C0120,web,completed,2025-09-08T21:05:29Z
O02117,2025-09-08,C0154,web,completed,2025-09-08T20:27:04Z
O02477,2025-09-08,C0115,phone,completed,2025-09-08T13:38:55Z
O02842,2025-09-08,C0103,web,completed,2025-09-08T15:16:57Z
O03165,2025-09-08,C0109,web,completed,2025-09-08T11:17:06Z
O03287,2025-09-08,C0099,web,completed,2025-09-08T17:33:54Z
O03904,2025-09-08,C0039,web,completed,2025-09-08T13:22:48Z
O04368,2025-09-08,C0036,web,completed,2025-09-08T10:41:44Z
O04519,2025-09-08,C0012,web,completed,2025-09-08T17:33:10Z
O05456,2025-09-08,C0169,store,completed,2025-09-08T16:36:42Z
O05603,2025-09-08,C0155,web,completed,2025-09-08T17:58:13Z
O00576,2025-09-09,C0010,phone,cancelled,2025-09-09T10:03:57Z
O04668,2025-09-09,C0113,web,completed,2025-09-09T19:30:48Z
O02589,2025-09-10,C0062,web,completed,2025-09-10T19:53:49Z
O02732,2025-09-10,C0011,web,completed,2025-09-10T10:10:29Z
O03903,2025-09-10,C0033,web,completed,2025-09-10T19:47:06Z
O04567,2025-09-10,C0009,web,completed,2025-09-10T09:32:38Z
O04691,2025-09-10,C0108,store,completed,2025-09-10T18:18:39Z
O04909,2025-09-10,C0032,store,cancelled,2025-09-10T09:51:58Z
O05437,2025-09-10,C0093,store,completed,2025-09-10T10:23:13Z
O00017,2025-09-11,C0158,web,completed,2025-09-11T23:45:46Z
O00099,2025-09-11,C0154,web,completed,2025-09-11T22:55:48Z
O00417,2025-09-11,C0096,web,completed,2025-09-11T19:05:17Z
O02157,2025-09-11,C0142,web,completed,2025-09-11T13:10:56Z
O02475,2025-09-11,C0047,web,completed,2025-09-11T21:17:21Z
O03672,2025-09-11,C0032,store,completed,2025-09-11T12:26:17Z
O04027,2025-09-11,C0142,web,completed,2025-09-11T13:26:51Z
O01383,2025-09-12,C0039,web,completed,2025-09-12T01:00:26Z
O01599,2025-09-12,C0059,web,pending,2025-09-12T22:07:32Z
O01796,2025-09-12,C0118,web,completed,2025-09-12T16:26:18Z
O02973,2025-09-12,C0084,web,completed,2025-09-12T07:31:13Z
O03414,2025-09-12,C0124,web,cancelled,2025-09-12T08:02:07Z
O05226,2025-09-12,C0129,store,completed,2025-09-12T11:13:18Z
O05255,2025-09-12,C0062,store,cancelled,2025-09-12T09:07:57Z
O00462,2025-09-13,C0077,store,completed,2025-09-13T10:17:22Z
O00557,2025-09-13,C0105,web,completed,2025-09-13T21:46:06Z
O00750,2025-09-13,C0155,web,completed,2025-09-13T16:38:50Z
O01313,2025-09-13,C0063,web,completed,2025-09-13T17:15:12Z
O01418,2025-09-13,C0154,web,completed,2025-09-13T20:26:40Z
O01937,2025-09-13,C0156,web,completed,2025-09-13T14:57:02Z
O02227,2025-09-13,C0021,store,completed,2025-09-13T09:22:49Z
O02711,2025-09-13,C0067,web,completed,2025-09-13T13:53:08Z
O03475,2025-09-13,C0121,web,completed,2025-09-13T17:12:55Z
O03849,2025-09-13,C0072,web,completed,2025-09-13T01:05:03Z
O00641,2025-09-14,C0124,web,completed,2025-09-14T15:43:40Z
O00873,2025-09-14,C0014,web,completed,2025-09-14T16:47:53Z
O01271,2025-09-14,C0043,web,completed,2025-09-14T06:09:20Z
O01515,2025-09-14,C0156,web,completed,2025-09-14T14:05:20Z
O03195,2025-09-14,C0035,store,completed,2025-09-14T13:04:47Z
O03505,2025-09-14,C0030,web,completed,2025-09-14T13:54:44Z
O03646,2025-09-14,C0157,web,completed,2025-09-14T09:00:33Z
O04454,2025-09-14,C0143,web,completed,2025-09-14T14:30:32Z
O04655,2025-09-14,C0140,web,cancelled,2025-09-14T08:47:57Z
O01889,2025-09-15,C0041,web,completed,2025-09-15T22:27:49Z
O02318,2025-09-15,C0079,web,completed,2025-09-15T21:08:08Z
O02629,2025-09-15,C0014,store,completed,2025-09-15T14:57:19Z
O00137,2025-09-16,C0025,store,completed,2025-09-16T18:57:11Z
O02500,2025-09-16,C0135,phone,completed,2025-09-16T11:44:41Z
O03273,2025-09-16,C0042,web,completed,2025-09-16T08:31:43Z
O03490,2025-09-16,C0089,web,completed,2025-09-16T12:35:39Z
O03691,2025-09-16,C0023,web,completed,2025-09-16T21:18:36Z
O03952,2025-09-16,C0080,web,completed,2025-09-16T11:16:02Z
O05207,2025-09-16,C0099,web,completed,2025-09-16T06:44:05Z
O05303,2025-09-16,C0172,web,completed,2025-09-16T18:59:20Z
O05380,2025-09-16,C0026,web,completed,2025-09-16T11:32:13Z
O00983,2025-09-17,C0174,web,completed,2025-09-17T22:40:07Z
O02915,2025-09-17,C0006,web,completed,2025-09-17T13:10:28Z
O03135,2025-09-17,C0039,web,completed,2025-09-17T00:21:55Z
O03488,2025-09-17,C0015,web,completed,2025-09-17T08:25:40Z
O04073,2025-09-17,C0160,web,completed,2025-09-17T18:03:48Z
O04965,2025-09-17,C0114,web,completed,2025-09-17T19:53:46Z
O05758,2025-09-17,C0048,phone,completed,2025-09-17T12:30:29Z
O00304,2025-09-18,C0072,store,completed,2025-09-18T15:06:34Z
O00405,2025-09-18,C0062,web,completed,2025-09-18T17:25:12Z
O01252,2025-09-18,C0087,web,completed,2025-09-18T12:03:21Z
O01413,2025-09-18,C0092,web,completed,2025-09-18T01:29:25Z
O01619,2025-09-18,C0021,store,completed,2025-09-18T09:01:33Z
O02336,2025-09-18,C0174,store,completed,2025-09-18T16:16:33Z
O03940,2025-09-18,C0077,web,completed,2025-09-18T19:31:00Z
O03989,2025-09-18,C0152,web,completed,2025-09-18T06:02:41Z
O04456,2025-09-18,C0151,web,completed,2025-09-18T20:15:43Z
O04465,2025-09-18,C0111,web,completed,2025-09-18T19:49:42Z
O04601,2025-09-18,C0140,web,completed,2025-09-18T20:26:43Z
O05635,2025-09-18,C0077,store,completed,2025-09-18T16:36:04Z
O00991,2025-09-19,C0016,web,completed,2025-09-19T07:06:21Z
O01193,2025-09-19,C0172,web,completed,2025-09-19T17:54:45Z
O01443,2025-09-19,C0030,web,completed,2025-09-19T13:42:16Z
O03678,2025-09-19,C0084,phone,pending,2025-09-19T15:40:14Z
O03769,2025-09-19,C0160,store,completed,2025-09-19T17:04:10Z
O04600,2025-09-19,C0014,web,completed,2025-09-19T14:42:24Z
O05524,2025-09-19,C0001,web,completed,2025-09-19T13:21:00Z
O05647,2025-09-19,C0041,web,completed,2025-09-19T11:45:20Z
O00219,2025-09-20,C0038,phone,completed,2025-09-20T11:33:47Z
O01245,2025-09-20,C0158,web,completed,2025-09-20T06:50:23Z
O02866,2025-09-20,C0040,phone,completed,2025-09-20T09:37:55Z
O04531,2025-09-20,C0116,web,cancelled,2025-09-20T20:06:58Z
O04561,2025-09-20,C0120,web,completed,2025-09-20T22:53:18Z
O05989,2025-09-20,C0080,phone,completed,2025-09-20T14:10:18Z
O00030,2025-09-21,C0144,web,completed,2025-09-21T21:14:24Z
O00463,2025-09-21,C0161,web,completed,2025-09-21T14:46:54Z
O00990,2025-09-21,C0158,web,completed,2025-09-21T21:06:57Z
O02339,2025-09-21,C0115,store,completed,2025-09-21T09:01:14Z
O02612,2025-09-21,C0013,web,completed,2025-09-21T13:47:25Z
O03192,2025-09-21,C0134,web,completed,2025-09-21T16:13:17Z
O04248,2025-09-21,C0151,web,completed,2025-09-21T20:35:13Z
O04634,2025-09-21,C0115,store,completed,2025-09-21T15:14:51Z
O04720,2025-09-21,C0011,store,completed,2025-09-21T14:17:21Z
O00861,2025-09-22,C0058,web,completed,2025-09-22T10:18:08Z
O01328,2025-09-22,C0091,phone,completed,2025-09-22T14:07:28Z
O01668,2025-09-22,C0179,web,completed,2025-09-22T06:49:59Z
O02374,2025-09-22,C0055,web,completed,2025-09-22T19:13:50Z
O02720,2025-09-22,C0004,web,cancelled,2025-09-22T15:42:57Z
O03172,2025-09-22,C0063,web,completed,2025-09-22T11:19:11Z
O03433,2025-09-22,C0015,web,completed,2025-09-22T21:11:53Z
O03895,2025-09-22,C0023,web,completed,2025-09-22T16:31:07Z
O04621,2025-09-22,C0116,store,completed,2025-09-22T12:03:45Z
O00862,2025-09-23,C0108,web,completed,2025-09-23T21:51:20Z
O01359,2025-09-23,C0016,phone,completed,2025-09-23T09:25:39Z
O01635,2025-09-23,C0032,web,completed,2025-09-23T20:51:25Z
O01655,2025-09-23,C0142,store,completed,2025-09-23T14:52:59Z
O04556,2025-09-23,C0061,store,completed,2025-09-23T11:12:34Z
O04639,2025-09-23,C0141,store,completed,2025-09-23T15:55:32Z
O05045,2025-09-23,C0049,web,cancelled,2025-09-23T21:26:36Z
O05215,2025-09-23,C0110,web,completed,2025-09-23T17:25:07Z
O05218,2025-09-23,C0041,store,completed,2025-09-23T16:10:07Z
O05535,2025-09-23,C0168,store,completed,2025-09-23T09:26:29Z
O05618,2025-09-23,C0149,web,completed,2025-09-23T18:32:59Z
O01048,2025-09-24,C0157,web,cancelled,2025-09-24T19:04:50Z
O01345,2025-09-24,C0092,phone,completed,2025-09-24T11:08:30Z
O02625,2025-09-24,C0177,web,completed,2025-09-24T23:10:25Z
O03145,2025-09-24,C0001,web,completed,2025-09-24T20:45:31Z
O03293,2025-09-24,C0126,store,completed,2025-09-24T11:48:34Z
O04066,2025-09-24,C0013,store,completed,2025-09-24T11:31:00Z
O04163,2025-09-24,C0114,web,completed,2025-09-24T11:23:11Z
O04564,2025-09-24,C0169,web,completed,2025-09-24T14:11:53Z
O00318,2025-09-25,C0010,store,completed,2025-09-25T13:03:50Z
O00603,2025-09-25,C0061,web,completed,2025-09-25T17:36:00Z
O00739,2025-09-25,C0102,web,completed,2025-09-25T10:39:55Z
O01057,2025-09-25,C0158,web,completed,2025-09-25T18:40:55Z
O02073,2025-09-25,C0133,web,completed,2025-09-25T13:16:42Z
O04012,2025-09-25,C0048,web,completed,2025-09-25T20:28:58Z
O04166,2025-09-25,C0171,web,pending,2025-09-25T02:59:57Z
O04220,2025-09-25,C0055,web,completed,2025-09-25T14:58:50Z
O04733,2025-09-25,C0066,web,completed,2025-09-25T17:01:33Z
O05080,2025-09-25,C0125,store,pending,2025-09-25T12:18:49Z
O05877,2025-09-25,C0019,web,completed,2025-09-25T12:22:29Z
O00707,2025-09-26,C0113,web,completed,2025-09-26T17:51:44Z
O00865,2025-09-26,C0154,web,completed,2025-09-26T16:32:40Z
O01113,2025-09-26,C0107,store,completed,2025-09-26T13:18:39Z
O01238,2025-09-26,C0154,phone,completed,2025-09-26T14:53:42Z
O01462,2025-09-26,C0075,web,completed,2025-09-26T21:31:32Z
O01787,2025-09-26,C0033,web,completed,2025-09-26T10:46:40Z
O03174,2025-09-26,C0178,web,completed,2025-09-26T07:45:13Z
O03320,2025-09-26,C0071,store,completed,2025-09-26T17:21:26Z
O03720,2025-09-26,C0180,web,completed,2025-09-26T16:03:59Z
O04150,2025-09-26,C0099,web,completed,2025-09-26T11:48:01Z
O04633,2025-09-26,C0104,store,completed,2025-09-26T10:03:14Z
O04749,2025-09-26,C0147,store,completed,2025-09-26T16:53:46Z
O05052,2025-09-26,C0173,web,completed,2025-09-26T18:22:15Z
O05272,2025-09-26,C0041,web,completed,2025-09-26T17:33:00Z
O05313,2025-09-26,C0096,web,completed,2025-09-26T19:29:36Z
O01235,2025-09-27,C0143,web,completed,2025-09-27T03:54:49Z
O01273,2025-09-27,C0079,web,completed,2025-09-27T20:03:18Z
O01478,2025-09-27,C0045,phone,completed,2025-09-27T13:51:36Z
O02146,2025-09-27,C0013,store,completed,2025-09-27T10:56:11Z
O03332,2025-09-27,C0106,web,completed,2025-09-27T19:51:56Z
O03939,2025-09-27,C0114,store,cancelled,2025-09-27T14:25:34Z
O04266,2025-09-27,C0150,web,pending,2025-09-27T19:35:26Z
O04648,2025-09-27,C0041,store,completed,2025-09-27T09:25:23Z
O05502,2025-09-27,C0002,phone,completed,2025-09-27T16:42:48Z
O05532,2025-09-27,C0090,web,completed,2025-09-27T22:56:09Z
O05963,2025-09-27,C0053,store,completed,2025-09-27T14:58:35Z
O00207,2025-09-28,C0103,web,completed,2025-09-28T11:07:12Z
O00381,2025-09-28,C0089,web,completed,2025-09-28T20:29:40Z
O00842,2025-09-28,C0180,store,completed,2025-09-28T15:28:16Z
O01593,2025-09-28,C0055,web,completed,2025-09-28T17:45:01Z
O03602,2025-09-28,C0069,store,pending,2025-09-28T10:40:31Z
O04912,2025-09-28,C0068,web,completed,2025-09-28T13:36:57Z
O00509,2025-09-29,C0079,web,completed,2025-09-29T16:40:05Z
O01379,2025-09-29,C0059,store,completed,2025-09-29T09:20:43Z
O01577,2025-09-29,C0142,web,completed,2025-09-29T10:39:11Z
O01887,2025-09-29,C0154,web,completed,2025-09-29T15:34:15Z
O02614,2025-09-29,C0131,phone,completed,2025-09-29T13:26:29Z
O04799,2025-09-29,C0011,store,completed,2025-09-29T10:36:47Z
O05047,2025-09-29,C0028,store,completed,2025-09-29T13:54:36Z
O05094,2025-09-29,C0077,web,completed,2025-09-29T00:49:37Z
O00594,2025-09-30,C0006,web,completed,2025-09-30T12:11:29Z
O00715,2025-09-30,C0029,store,completed,2025-09-30T12:31:59Z
O03268,2025-09-30,C0075,web,completed,2025-09-30T11:14:54Z
O03825,2025-09-30,C0137,web,completed,2025-09-30T22:56:25Z
O04347,2025-09-30,C0048,store,pending,2025-09-30T12:32:22Z
O05035,2025-09-30,C0052,store,completed,2025-09-30T20:18:37Z
O05347,2025-09-30,C0163,store,completed,2025-09-30T14:41:02Z
O05581,2025-09-30,C0084,web,completed,2025-09-30T21:55:05Z
O00877,2025-10-01,C0092,web,completed,2025-10-01T06:55:16Z
O01521,2025-10-01,C0062,web,completed,2025-10-01T16:41:53Z
O02054,2025-10-01,C0049,store,completed,2025-10-01T17:17:11Z
O00746,2025-10-02,C0128,phone,completed,2025-10-02T12:33:46Z
O01262,2025-10-02,C0147,web,completed,2025-10-02T17:24:10Z
O01690,2025-10-02,C0040,web,completed,2025-10-02T15:45:37Z
O03980,2025-10-02,C0132,web,completed,2025-10-02T23:42:39Z
O04019,2025-10-02,C0049,web,cancelled,2025-10-02T02:32:42Z
O04894,2025-10-02,C0085,store,completed,2025-10-02T11:30:51Z
O00112,2025-10-03,C0168,phone,completed,2025-10-03T12:56:11Z
O01166,2025-10-03,C0008,web,completed,2025-10-03T16:41:15Z
O01392,2025-10-03,C0177,web,completed,2025-10-03T11:22:34Z
O01442,2025-10-03,C0111,store,completed,2025-10-03T16:40:50Z
O01856,2025-10-03,C0115,phone,completed,2025-10-03T12:53:04Z
O03065,2025-10-03,C0178,web,completed,2025-10-03T16:26:26Z
O03876,2025-10-03,C0131,web,completed,2025-10-03T10:53:53Z
O03988,2025-10-03,C0031,web,completed,2025-10-03T23:15:03Z
O04198,2025-10-03,C0093,web,completed,2025-10-03T20:50:38Z
O05998,2025-10-03,C0078,web,completed,2025-10-03T12:52:38Z
O00682,2025-10-04,C0173,phone,completed,2025-10-04T10:16:04Z
O00871,2025-10-04,C0025,store,pending,2025-10-04T20:14:38Z
O01178,2025-10-04,C0144,web,completed,2025-10-04T12:41:27Z
O01198,2025-10-04,C0022,web,completed,2025-10-04T22:39:26Z
O01616,2025-10-04,C0110,store,completed,2025-10-04T18:46:52Z
O01805,2025-10-04,C0036,web,completed,2025-10-04T13:13:41Z
O02945,2025-10-04,C0114,web,completed,2025-10-04T19:35:46Z
O03236,2025-10-04,C0115,web,completed,2025-10-04T14:42:03Z
O03685,2025-10-04,C0105,web,completed,2025-10-04T10:47:36Z
O04148,2025-10-04,C0121,store,completed,2025-10-04T16:30:45Z
O04283,2025-10-04,C0130,web,completed,2025-10-04T18:54:05Z
O05257,2025-10-04,C0040,web,completed,2025-10-04T02:32:46Z
O01847,2025-10-05,C0088,web,completed,2025-10-05T17:24:46Z
O02102,2025-10-05,C0038,web,completed,2025-10-05T10:05:24Z
O02219,2025-10-05,C0002,web,completed,2025-10-05T22:27:10Z
O02955,2025-10-05,C0162,web,completed,2025-10-05T06:20:39Z
O03085,2025-10-05,C0131,web,pending,2025-10-05T18:27:57Z
O03438,2025-10-05,C0043,store,completed,2025-10-05T18:37:44Z
O03563,2025-10-05,C0078,web,completed,2025-10-05T03:43:28Z
O03880,2025-10-05,C0001,web,completed,2025-10-05T21:19:26Z
O04063,2025-10-05,C0106,web,completed,2025-10-05T22:53:39Z
O04707,2025-10-05,C0008,web,completed,2025-10-05T08:41:30Z
O05076,2025-10-05,C0173,store,completed,2025-10-05T15:56:03Z
O05472,2025-10-05,C0055,web,completed,2025-10-05T13:23:43Z
O00191,2025-10-06,C0144,store,completed,2025-10-06T10:57:20Z
O01071,2025-10-06,C0177,web,completed,2025-10-06T19:13:46Z
O01135,2025-10-06,C0126,web,completed,2025-10-06T17:24:57Z
O01464,2025-10-06,C0060,store,completed,2025-10-06T18:14:28Z
O01972,2025-10-06,C0148,web,completed,2025-10-06T10:55:46Z
O02261,2025-10-06,C0165,web,completed,2025-10-06T11:49:50Z
O03683,2025-10-06,C0085,web,completed,2025-10-06T18:03:23Z
O04581,2025-10-06,C0057,web,completed,2025-10-06T17:32:31Z
O00857,2025-10-07,C0140,web,completed,2025-10-07T22:11:12Z
O01584,2025-10-07,C0146,web,completed,2025-10-07T22:05:01Z
O01776,2025-10-07,C0175,phone,completed,2025-10-07T15:34:55Z
O02769,2025-10-07,C0005,web,completed,2025-10-07T14:33:04Z
O03436,2025-10-07,C0180,store,completed,2025-10-07T17:08:50Z
O03554,2025-10-07,C0153,web,completed,2025-10-07T13:56:31Z
O05012,2025-10-07,C0176,web,completed,2025-10-07T20:42:11Z
O05694,2025-10-07,C0129,store,completed,2025-10-07T15:16:25Z
O05930,2025-10-07,C0049,store,completed,2025-10-07T11:43:49Z
O05951,2025-10-07,C0041,store,completed,2025-10-07T12:15:56Z
O01131,2025-10-08,C0174,store,pending,2025-10-08T14:30:30Z
O01319,2025-10-08,C0164,store,completed,2025-10-08T13:23:24Z
O01687,2025-10-08,C0086,web,completed,2025-10-08T21:33:40Z
O02422,2025-10-08,C0083,phone,completed,2025-10-08T15:23:25Z
O03834,2025-10-08,C0119,web,cancelled,2025-10-08T12:44:05Z
O01353,2025-10-09,C0014,web,completed,2025-10-09T20:52:24Z
O03122,2025-10-09,C0025,web,cancelled,2025-10-09T17:46:28Z
O03302,2025-10-09,C0153,store,completed,2025-10-09T13:15:41Z
O03968,2025-10-09,C0057,web,completed,2025-10-09T18:07:58Z
O04254,2025-10-09,C0163,web,pending,2025-10-09T09:57:34Z
O04399,2025-10-09,C0031,store,completed,2025-10-09T09:11:48Z
O04777,2025-10-09,C0084,store,completed,2025-10-09T15:59:25Z
O05043,2025-10-09,C0103,web,completed,2025-10-09T20:03:27Z
O05771,2025-10-09,C0136,web,completed,2025-10-09T11:18:28Z
O01964,2025-10-10,C0153,web,completed,2025-10-10T07:15:53Z
O02532,2025-10-10,C0073,web,completed,2025-10-10T20:25:45Z
O04737,2025-10-10,C0086,store,completed,2025-10-10T18:22:47Z
O00932,2025-10-11,C0081,web,completed,2025-10-11T15:40:07Z
O00960,2025-10-11,C0076,store,completed,2025-10-11T12:57:56Z
O00979,2025-10-11,C0154,store,completed,2025-10-11T19:58:46Z
O01150,2025-10-11,C0032,web,completed,2025-10-11T11:48:11Z
O01591,2025-10-11,C0052,web,completed,2025-10-11T21:06:08Z
O01767,2025-10-11,C0013,store,completed,2025-10-11T14:02:22Z
O02340,2025-10-11,C0158,web,completed,2025-10-11T13:10:40Z
O02900,2025-10-11,C0136,web,completed,2025-10-11T22:00:46Z
O04098,2025-10-11,C0027,web,completed,2025-10-11T16:41:26Z
O05950,2025-10-11,C0041,web,completed,2025-10-11T22:31:34Z
O00527,2025-10-12,C0179,web,completed,2025-10-12T16:10:40Z
O00698,2025-10-12,C0083,web,completed,2025-10-12T11:43:03Z
O01375,2025-10-12,C0033,store,completed,2025-10-12T17:37:36Z
O01976,2025-10-12,C0089,web,completed,2025-10-12T10:57:17Z
O02958,2025-10-12,C0145,web,completed,2025-10-12T23:14:38Z
O03042,2025-10-12,C0091,web,completed,2025-10-12T19:26:04Z
O03775,2025-10-12,C0076,web,completed,2025-10-12T23:04:53Z
O04084,2025-10-12,C0063,web,completed,2025-10-12T17:54:18Z
O04825,2025-10-12,C0157,web,completed,2025-10-12T19:34:50Z
O01466,2025-10-13,C0009,web,completed,2025-10-13T20:35:58Z
O02427,2025-10-13,C0128,store,completed,2025-10-13T15:11:19Z
O02937,2025-10-13,C0140,web,completed,2025-10-13T16:30:48Z
O03234,2025-10-13,C0162,phone,completed,2025-10-13T11:00:13Z
O03515,2025-10-13,C0093,store,completed,2025-10-13T16:19:26Z
O03571,2025-10-13,C0019,web,completed,2025-10-13T21:31:08Z
O04813,2025-10-13,C0079,store,completed,2025-10-13T12:51:16Z
O02813,2025-10-14,C0177,phone,completed,2025-10-14T14:08:45Z
O03430,2025-10-14,C0078,web,completed,2025-10-14T16:09:28Z
O04013,2025-10-14,C0172,store,completed,2025-10-14T10:20:42Z
O04467,2025-10-14,C0083,web,completed,2025-10-14T23:13:46Z
O05374,2025-10-14,C0079,web,completed,2025-10-14T11:57:37Z
O05609,2025-10-14,C0013,web,completed,2025-10-14T12:52:01Z
O05746,2025-10-14,C0108,phone,completed,2025-10-14T10:39:06Z
O05767,2025-10-14,C0041,phone,completed,2025-10-14T10:40:47Z
O03442,2025-10-15,C0111,store,completed,2025-10-15T12:04:45Z
O03707,2025-10-15,C0069,phone,completed,2025-10-15T17:11:34Z
O04861,2025-10-15,C0152,web,completed,2025-10-15T16:00:45Z
O05368,2025-10-15,C0007,web,completed,2025-10-15T08:29:25Z
O01081,2025-10-16,C0040,web,completed,2025-10-16T16:27:49Z
O02499,2025-10-16,C0049,web,completed,2025-10-16T20:53:50Z
O03577,2025-10-16,C0155,web,completed,2025-10-16T19:33:31Z
O03710,2025-10-16,C0147,web,completed,2025-10-16T21:41:52Z
O04028,2025-10-16,C0159,web,completed,2025-10-16T16:17:59Z
O04047,2025-10-16,C0052,web,completed,2025-10-16T21:35:30Z
O04175,2025-10-16,C0174,store,completed,2025-10-16T09:42:13Z
O04272,2025-10-16,C0023,store,completed,2025-10-16T16:37:06Z
O04919,2025-10-16,C0140,web,completed,2025-10-16T16:00:36Z
O05175,2025-10-16,C0079,web,completed,2025-10-16T21:06:50Z
O01167,2025-10-17,C0053,store,completed,2025-10-17T16:46:24Z
O01940,2025-10-17,C0049,web,completed,2025-10-17T09:20:40Z
O01994,2025-10-17,C0044,web,completed,2025-10-17T10:00:33Z
O02362,2025-10-17,C0090,store,completed,2025-10-17T20:45:33Z
O03121,2025-10-17,C0002,store,completed,2025-10-17T15:27:40Z
O03194,2025-10-17,C0128,store,completed,2025-10-17T17:51:26Z
O03883,2025-10-17,C0118,store,pending,2025-10-17T13:49:10Z
O04988,2025-10-17,C0097,store,completed,2025-10-17T15:41:17Z
O05975,2025-10-17,C0171,web,completed,2025-10-17T17:38:45Z
O04114,2025-10-18,C0114,web,completed,2025-10-18T02:23:33Z
O04661,2025-10-18,C0068,web,completed,2025-10-18T10:25:16Z
O04709,2025-10-18,C0063,web,completed,2025-10-18T05:53:10Z
O00507,2025-10-19,C0001,store,cancelled,2025-10-19T20:39:59Z
O00563,2025-10-19,C0149,web,completed,2025-10-19T19:04:36Z
O00651,2025-10-19,C0001,web,completed,2025-10-19T20:07:53Z
O00936,2025-10-19,C0145,web,completed,2025-10-19T17:34:02Z
O03250,2025-10-19,C0118,web,completed,2025-10-19T19:57:59Z
O03386,2025-10-19,C0023,store,completed,2025-10-19T11:28:27Z
O03640,2025-10-19,C0096,store,completed,2025-10-19T12:52:23Z
O05009,2025-10-19,C0133,store,completed,2025-10-19T16:39:22Z
O00259,2025-10-20,C0043,store,cancelled,2025-10-20T19:55:47Z
O00571,2025-10-20,C0173,web,completed,2025-10-20T04:30:49Z
O00885,2025-10-20,C0178,web,completed,2025-10-20T20:59:30Z
O01440,2025-10-20,C0116,store,completed,2025-10-20T13:19:50Z
O01838,2025-10-20,C0168,phone,pending,2025-10-20T12:23:09Z
O02714,2025-10-20,C0135,web,completed,2025-10-20T13:14:15Z
O03181,2025-10-20,C0146,web,completed,2025-10-20T19:33:10Z
O03606,2025-10-20,C0050,web,completed,2025-10-20T19:30:27Z
O03730,2025-10-20,C0054,web,completed,2025-10-20T21:43:29Z
O05379,2025-10-20,C0136,web,completed,2025-10-20T22:19:54Z
O00854,2025-10-21,C0094,web,completed,2025-10-21T10:58:41Z
O01139,2025-10-21,C0051,web,completed,2025-10-21T11:54:49Z
O01535,2025-10-21,C0142,web,completed,2025-10-21T18:06:17Z
O04331,2025-10-21,C0172,web,completed,2025-10-21T12:30:25Z
O04743,2025-10-21,C0057,phone,completed,2025-10-21T15:09:47Z
O04964,2025-10-21,C0060,store,completed,2025-10-21T09:26:18Z
O05121,2025-10-21,C0100,web,completed,2025-10-21T15:52:35Z
O00239,2025-10-22,C0078,web,completed,2025-10-22T09:04:20Z
O00421,2025-10-22,C0052,store,completed,2025-10-22T18:06:28Z
O00902,2025-10-22,C0102,store,completed,2025-10-22T16:12:29Z
O02256,2025-10-22,C0055,web,completed,2025-10-22T16:46:37Z
O03662,2025-10-22,C0027,phone,completed,2025-10-22T11:59:14Z
O03938,2025-10-22,C0157,store,completed,2025-10-22T20:30:52Z
O04322,2025-10-22,C0129,web,completed,2025-10-22T20:04:08Z
O05101,2025-10-22,C0038,store,completed,2025-10-22T09:50:10Z
O02295,2025-10-23,C0118,phone,completed,2025-10-23T16:16:48Z
O03202,2025-10-23,C0148,store,completed,2025-10-23T14:55:58Z
O03395,2025-10-23,C0174,store,completed,2025-10-23T10:22:33Z
O03592,2025-10-23,C0021,store,completed,2025-10-23T11:11:18Z
O04819,2025-10-23,C0008,phone,completed,2025-10-23T16:23:52Z
O05512,2025-10-23,C0164,web,completed,2025-10-23T08:48:14Z
O00122,2025-10-24,C0148,web,completed,2025-10-24T18:08:03Z
O00442,2025-10-24,C0169,web,completed,2025-10-24T17:31:35Z
O02590,2025-10-24,C0100,store,completed,2025-10-24T12:20:17Z
O02797,2025-10-24,C0030,web,completed,2025-10-24T11:37:56Z
O03613,2025-10-24,C0061,web,completed,2025-10-24T14:26:35Z
O04463,2025-10-24,C0100,store,completed,2025-10-24T12:02:42Z
O04973,2025-10-24,C0176,web,completed,2025-10-24T08:37:04Z
O05085,2025-10-24,C0020,web,completed,2025-10-24T20:00:43Z
O05772,2025-10-24,C0072,web,completed,2025-10-24T12:42:21Z
O02445,2025-10-25,C0171,store,completed,2025-10-25T19:59:06Z
O03600,2025-10-25,C0040,store,completed,2025-10-25T11:35:25Z
O04608,2025-10-25,C0157,web,cancelled,2025-10-25T12:11:38Z
O04838,2025-10-25,C0017,store,completed,2025-10-25T15:18:31Z
O05859,2025-10-25,C0058,web,completed,2025-10-25T18:55:26Z
O00586,2025-10-26,C0106,store,completed,2025-10-26T16:27:02Z
O01653,2025-10-26,C0111,store,completed,2025-10-26T12:11:41Z
O01903,2025-10-26,C0046,store,completed,2025-10-26T12:05:04Z
O04105,2025-10-26,C0089,store,completed,2025-10-26T12:06:42Z
O04647,2025-10-26,C0007,web,completed,2025-10-26T09:56:43Z
O05855,2025-10-26,C0035,web,completed,2025-10-26T20:25:38Z
O05943,2025-10-26,C0142,store,pending,2025-10-26T11:46:48Z
O00626,2025-10-27,C0167,web,completed,2025-10-27T11:36:54Z
O02247,2025-10-27,C0066,web,completed,2025-10-27T19:23:03Z
O02594,2025-10-27,C0158,web,completed,2025-10-27T20:26:30Z
O03281,2025-10-27,C0088,web,completed,2025-10-27T16:14:25Z
O05739,2025-10-27,C0026,web,completed,2025-10-27T18:14:43Z
O00205,2025-10-28,C0022,web,completed,2025-10-28T21:13:16Z
O00433,2025-10-28,C0176,web,completed,2025-10-28T18:06:41Z
O00449,2025-10-28,C0069,web,completed,2025-10-28T19:08:29Z
O02585,2025-10-28,C0036,phone,completed,2025-10-28T12:27:45Z
O02661,2025-10-28,C0108,web,completed,2025-10-28T13:19:12Z
O00091,2025-10-29,C0121,web,completed,2025-10-29T17:42:16Z
O04413,2025-10-29,C0068,web,completed,2025-10-29T05:05:03Z
O04619,2025-10-29,C0030,web,completed,2025-10-29T19:46:58Z
O05377,2025-10-29,C0082,store,completed,2025-10-29T13:53:08Z
O00093,2025-10-30,C0164,web,completed,2025-10-30T21:30:15Z
O00614,2025-10-30,C0163,store,cancelled,2025-10-30T20:14:33Z
O00763,2025-10-30,C0074,web,completed,2025-10-30T11:46:29Z
O01434,2025-10-30,C0130,web,completed,2025-10-30T13:07:46Z
O02738,2025-10-30,C0033,web,completed,2025-10-30T08:14:51Z
O03227,2025-10-30,C0072,web,pending,2025-10-30T20:42:51Z
O03489,2025-10-30,C0148,web,completed,2025-10-30T21:53:13Z
O05406,2025-10-30,C0004,phone,completed,2025-10-30T13:45:50Z
O00066,2025-10-31,C0110,web,completed,2025-10-31T14:46:03Z
O00125,2025-10-31,C0018,web,completed,2025-10-31T12:01:14Z
O00913,2025-10-31,C0110,web,completed,2025-10-31T21:04:27Z
O01573,2025-10-31,C0174,web,completed,2025-10-31T19:46:57Z
O02899,2025-10-31,C0066,phone,completed,2025-10-31T11:18:45Z
O03986,2025-10-31,C0179,web,cancelled,2025-10-31T03:56:06Z
O04754,2025-10-31,C0145,web,completed,2025-10-31T10:32:18Z
O05029,2025-10-31,C0118,web,completed,2025-10-31T15:22:28Z
O05959,2025-10-31,C0159,web,completed,2025-10-31T11:13:03Z
O00138,2025-11-01,C0071,store,pending,2025-11-01T15:36:01Z
O00315,2025-11-01,C0129,web,completed,2025-11-01T20:56:55Z
O03426,2025-11-01,C0134,web,completed,2025-11-01T19:24:35Z
O03977,2025-11-01,C0063,web,completed,2025-11-01T19:57:39Z
O05716,2025-11-01,C0075,web,completed,2025-11-01T22:07:57Z
O01324,2025-11-02,C0020,web,completed,2025-11-02T15:36:37Z
O01364,2025-11-02,C0115,web,completed,2025-11-02T20:06:00Z
O01399,2025-11-02,C0105,web,completed,2025-11-02T17:50:39Z
O01909,2025-11-02,C0140,web,cancelled,2025-11-02T19:28:22Z
O02078,2025-11-02,C0176,web,completed,2025-11-02T12:37:10Z
O03224,2025-11-02,C0050,web,completed,2025-11-02T17:37:55Z
O03740,2025-11-02,C0073,store,completed,2025-11-02T18:48:21Z
O03881,2025-11-02,C0054,web,completed,2025-11-02T12:39:47Z
O04075,2025-11-02,C0142,web,completed,2025-11-02T20:06:30Z
O04212,2025-11-02,C0050,web,completed,2025-11-02T14:53:07Z
O04241,2025-11-02,C0150,web,completed,2025-11-02T20:37:37Z
O05309,2025-11-02,C0067,web,completed,2025-11-02T14:09:55Z
O00025,2025-11-03,C0155,phone,completed,2025-11-03T14:15:55Z
O01745,2025-11-03,C0002,web,completed,2025-11-03T16:31:27Z
O02379,2025-11-03,C0163,phone,completed,2025-11-03T16:17:57Z
O02914,2025-11-03,C0025,phone,completed,2025-11-03T17:36:49Z
O04014,2025-11-03,C0096,web,completed,2025-11-03T16:15:12Z
O01264,2025-11-04,C0104,web,completed,2025-11-04T14:59:56Z
O01282,2025-11-04,C0162,web,completed,2025-11-04T14:31:45Z
O01795,2025-11-04,C0062,web,completed,2025-11-04T22:52:58Z
O02761,2025-11-04,C0155,phone,completed,2025-11-04T17:36:33Z
O03379,2025-11-04,C0168,phone,completed,2025-11-04T13:21:59Z
O03465,2025-11-04,C0145,phone,completed,2025-11-04T10:56:11Z
O03741,2025-11-04,C0094,web,completed,2025-11-04T23:18:41Z
O03974,2025-11-04,C0098,web,completed,2025-11-04T17:41:07Z
O04496,2025-11-04,C0112,store,completed,2025-11-04T14:33:56Z
O04986,2025-11-04,C0144,web,cancelled,2025-11-04T18:24:24Z
O05921,2025-11-04,C0130,store,completed,2025-11-04T14:15:53Z
O00648,2025-11-05,C0146,web,completed,2025-11-05T22:59:24Z
O00699,2025-11-05,C0022,web,completed,2025-11-05T18:25:16Z
O00843,2025-11-05,C0012,web,completed,2025-11-05T16:56:13Z
O01335,2025-11-05,C0165,web,cancelled,2025-11-05T17:54:34Z
O01549,2025-11-05,C0168,web,cancelled,2025-11-05T13:53:16Z
O02317,2025-11-05,C0109,web,completed,2025-11-05T09:43:08Z
O02522,2025-11-05,C0064,store,completed,2025-11-05T16:53:13Z
O02844,2025-11-05,C0116,web,completed,2025-11-05T09:26:59Z
O04277,2025-11-05,C0072,web,completed,2025-11-05T12:23:53Z
O05177,2025-11-05,C0173,phone,completed,2025-11-05T13:46:42Z
O00719,2025-11-06,C0121,web,completed,2025-11-06T17:31:10Z
O01762,2025-11-06,C0073,web,completed,2025-11-06T21:02:49Z
O04242,2025-11-06,C0042,web,completed,2025-11-06T14:06:45Z
O05021,2025-11-06,C0096,web,completed,2025-11-06T17:09:54Z
O05467,2025-11-06,C0156,web,completed,2025-11-06T20:34:02Z
O00163,2025-11-07,C0031,phone,completed,2025-11-07T16:13:58Z
O01368,2025-11-07,C0108,web,completed,2025-11-07T20:20:07Z
O01612,2025-11-07,C0118,web,completed,2025-11-07T20:35:38Z
O02266,2025-11-07,C0177,phone,completed,2025-11-07T11:02:53Z
O02771,2025-11-07,C0120,web,completed,2025-11-07T18:34:51Z
O04802,2025-11-07,C0109,phone,completed,2025-11-07T14:46:17Z
O05245,2025-11-07,C0058,store,completed,2025-11-07T20:14:34Z
O00469,2025-11-08,C0095,web,completed,2025-11-08T17:58:24Z
O00498,2025-11-08,C0111,store,completed,2025-11-08T10:50:41Z
O01884,2025-11-08,C0025,web,completed,2025-11-08T15:24:56Z
O02082,2025-11-08,C0087,web,completed,2025-11-08T23:48:46Z
O02147,2025-11-08,C0050,web,completed,2025-11-08T11:39:42Z
O03518,2025-11-08,C0173,web,completed,2025-11-08T03:57:49Z
O03795,2025-11-08,C0031,store,completed,2025-11-08T13:07:56Z
O03840,2025-11-08,C0008,web,completed,2025-11-08T14:25:15Z
O04211,2025-11-08,C0145,web,completed,2025-11-08T23:51:31Z
O04554,2025-11-08,C0128,web,completed,2025-11-08T21:15:54Z
O05349,2025-11-08,C0002,web,completed,2025-11-08T17:26:27Z
O05515,2025-11-08,C0177,web,completed,2025-11-08T17:24:50Z
O05624,2025-11-08,C0144,web,completed,2025-11-08T23:17:19Z
O05735,2025-11-08,C0166,store,completed,2025-11-08T16:04:17Z
O00398,2025-11-09,C0175,store,completed,2025-11-09T15:33:48Z
O00738,2025-11-09,C0148,web,completed,2025-11-09T21:39:26Z
O02451,2025-11-09,C0117,phone,completed,2025-11-09T12:42:15Z
O02897,2025-11-09,C0101,web,completed,2025-11-09T09:03:21Z
O04101,2025-11-09,C0079,web,completed,2025-11-09T21:22:25Z
O04765,2025-11-09,C0032,web,completed,2025-11-09T13:55:44Z
O04792,2025-11-09,C0039,web,completed,2025-11-09T11:04:15Z
O04804,2025-11-09,C0032,web,completed,2025-11-09T22:28:04Z
O05288,2025-11-09,C0066,web,completed,2025-11-09T15:15:34Z
O05788,2025-11-09,C0090,phone,completed,2025-11-09T11:33:16Z
O00293,2025-11-10,C0041,store,completed,2025-11-10T11:03:20Z
O00348,2025-11-10,C0089,web,completed,2025-11-10T21:53:25Z
O01500,2025-11-10,C0130,web,completed,2025-11-10T15:36:23Z
O02810,2025-11-10,C0075,web,completed,2025-11-10T23:24:07Z
O02916,2025-11-10,C0104,web,completed,2025-11-10T21:24:19Z
O03066,2025-11-10,C0020,store,completed,2025-11-10T19:25:18Z
O03548,2025-11-10,C0020,store,completed,2025-11-10T10:50:31Z
O03812,2025-11-10,C0156,web,completed,2025-11-10T11:40:45Z
O04345,2025-11-10,C0125,store,completed,2025-11-10T15:59:41Z
O04428,2025-11-10,C0038,store,completed,2025-11-10T11:38:42Z
O05290,2025-11-10,C0053,store,cancelled,2025-11-10T12:52:59Z
O05867,2025-11-10,C0168,phone,completed,2025-11-10T14:30:35Z
O00143,2025-11-11,C0109,web,completed,2025-11-11T21:26:35Z
O00737,2025-11-11,C0029,web,completed,2025-11-11T17:52:14Z
O01195,2025-11-11,C0119,phone,completed,2025-11-11T14:57:22Z
O01583,2025-11-11,C0056,web,cancelled,2025-11-11T05:55:48Z
O02111,2025-11-11,C0173,web,completed,2025-11-11T06:41:40Z
O02186,2025-11-11,C0163,web,completed,2025-11-11T10:55:25Z
O02515,2025-11-11,C0012,phone,completed,2025-11-11T15:32:05Z
O02909,2025-11-11,C0105,web,completed,2025-11-11T19:53:36Z
O03550,2025-11-11,C0029,web,completed,2025-11-11T21:12:10Z
O03594,2025-11-11,C0107,store,completed,2025-11-11T17:14:27Z
O03926,2025-11-11,C0074,web,completed,2025-11-11T15:03:21Z
O03984,2025-11-11,C0117,phone,completed,2025-11-11T12:44:31Z
O04660,2025-11-11,C0160,web,completed,2025-11-11T08:45:25Z
O05544,2025-11-11,C0132,store,cancelled,2025-11-11T15:08:29Z
O05721,2025-11-11,C0096,web,completed,2025-11-11T10:57:21Z
O00222,2025-11-12,C0012,web,completed,2025-11-12T15:57:40Z
O02071,2025-11-12,C0024,web,completed,2025-11-12T21:05:33Z
O05729,2025-11-12,C0078,store,completed,2025-11-12T15:51:04Z
O00453,2025-11-13,C0057,store,completed,2025-11-13T19:29:18Z
O01389,2025-11-13,C0096,store,completed,2025-11-13T12:00:13Z
O03045,2025-11-13,C0161,web,completed,2025-11-13T07:58:47Z
O03204,2025-11-13,C0035,store,cancelled,2025-11-13T11:17:16Z
O04528,2025-11-13,C0028,phone,completed,2025-11-13T10:14:58Z
O00190,2025-11-14,C0067,web,completed,2025-11-14T20:13:55Z
O00314,2025-11-14,C0150,web,completed,2025-11-14T21:30:54Z
O00860,2025-11-14,C0087,store,completed,2025-11-14T13:03:10Z
O01483,2025-11-14,C0025,web,completed,2025-11-14T13:06:17Z
O01792,2025-11-14,C0051,web,completed,2025-11-14T19:05:01Z
O01840,2025-11-14,C0116,web,cancelled,2025-11-14T09:25:40Z
O04159,2025-11-14,C0127,web,completed,2025-11-14T09:43:02Z
O05489,2025-11-14,C0148,web,completed,2025-11-14T08:30:41Z
O00206,2025-11-15,C0029,web,completed,2025-11-15T09:20:08Z
O00233,2025-11-15,C0079,phone,completed,2025-11-15T11:44:45Z
O00607,2025-11-15,C0170,phone,completed,2025-11-15T10:00:02Z
O01011,2025-11-15,C0103,web,completed,2025-11-15T22:12:52Z
O01362,2025-11-15,C0140,store,completed,2025-11-15T11:18:15Z
O01694,2025-11-15,C0046,web,completed,2025-11-15T10:10:43Z
O01740,2025-11-15,C0147,store,completed,2025-11-15T11:48:55Z
O03387,2025-11-15,C0068,phone,completed,2025-11-15T15:50:35Z
O04394,2025-11-15,C0029,phone,completed,2025-11-15T09:02:53Z
O04459,2025-11-15,C0073,store,completed,2025-11-15T16:25:47Z
O04943,2025-11-15,C0044,web,completed,2025-11-15T07:20:42Z
O04959,2025-11-15,C0007,web,completed,2025-11-15T20:53:57Z
O05367,2025-11-15,C0056,web,completed,2025-11-15T18:20:30Z
O00831,2025-11-16,C0173,web,completed,2025-11-16T15:49:42Z
O01025,2025-11-16,C0067,web,completed,2025-11-16T22:50:35Z
O02263,2025-11-16,C0007,web,completed,2025-11-16T11:50:01Z
O02449,2025-11-16,C0170,web,completed,2025-11-16T18:13:51Z
O02507,2025-11-16,C0001,web,completed,2025-11-16T07:19:23Z
O02687,2025-11-16,C0032,store,completed,2025-11-16T19:21:30Z
O02805,2025-11-16,C0094,web,completed,2025-11-16T11:34:21Z
O03759,2025-11-16,C0167,web,completed,2025-11-16T15:35:07Z
O04021,2025-11-16,C0102,web,cancelled,2025-11-16T19:18:35Z
O04232,2025-11-16,C0023,web,completed,2025-11-16T19:09:36Z
O00113,2025-11-17,C0025,store,completed,2025-11-17T09:15:10Z
O00333,2025-11-17,C0129,web,completed,2025-11-17T10:14:05Z
O00487,2025-11-17,C0067,web,completed,2025-11-17T20:13:07Z
O00803,2025-11-17,C0131,store,completed,2025-11-17T15:53:10Z
O00870,2025-11-17,C0171,web,completed,2025-11-17T09:25:09Z
O01409,2025-11-17,C0008,web,completed,2025-11-17T17:58:38Z
O01688,2025-11-17,C0060,web,completed,2025-11-17T20:58:07Z
O01957,2025-11-17,C0165,web,completed,2025-11-17T18:49:46Z
O02170,2025-11-17,C0022,web,completed,2025-11-17T13:21:04Z
O02285,2025-11-17,C0160,web,completed,2025-11-17T10:56:05Z
O03208,2025-11-17,C0028,web,completed,2025-11-17T21:57:22Z
O04379,2025-11-17,C0180,web,completed,2025-11-17T17:49:46Z
O05423,2025-11-17,C0018,store,completed,2025-11-17T12:22:38Z
O05433,2025-11-17,C0013,store,completed,2025-11-17T10:46:28Z
O00193,2025-11-18,C0094,web,completed,2025-11-18T08:20:14Z
O00471,2025-11-18,C0021,web,completed,2025-11-18T12:50:43Z
O01199,2025-11-18,C0107,web,completed,2025-11-18T19:27:44Z
O01604,2025-11-18,C0111,web,completed,2025-11-18T07:18:59Z
O01947,2025-11-18,C0045,web,completed,2025-11-18T06:58:49Z
O02474,2025-11-18,C0037,web,pending,2025-11-18T20:11:35Z
O02776,2025-11-18,C0132,web,completed,2025-11-18T15:02:45Z
O03451,2025-11-18,C0044,web,completed,2025-11-18T20:38:08Z
O04900,2025-11-18,C0145,web,completed,2025-11-18T20:51:04Z
O05050,2025-11-18,C0124,web,completed,2025-11-18T17:21:38Z
O05327,2025-11-18,C0084,store,completed,2025-11-18T17:09:27Z
O05708,2025-11-18,C0090,phone,completed,2025-11-18T11:51:29Z
O00047,2025-11-19,C0055,web,completed,2025-11-19T12:55:31Z
O01432,2025-11-19,C0092,phone,completed,2025-11-19T12:05:46Z
O01769,2025-11-19,C0018,store,completed,2025-11-19T11:46:11Z
O02033,2025-11-19,C0005,web,completed,2025-11-19T16:47:03Z
O02145,2025-11-19,C0119,web,completed,2025-11-19T11:52:21Z
O02382,2025-11-19,C0104,store,completed,2025-11-19T13:03:16Z
O03400,2025-11-19,C0040,web,completed,2025-11-19T17:42:52Z
O00021,2025-11-20,C0003,store,completed,2025-11-20T14:03:17Z
O00795,2025-11-20,C0026,store,completed,2025-11-20T09:21:08Z
O00958,2025-11-20,C0038,web,completed,2025-11-20T17:38:41Z
O03007,2025-11-20,C0011,web,completed,2025-11-20T06:23:11Z
O03911,2025-11-20,C0001,web,completed,2025-11-20T13:46:19Z
O04498,2025-11-20,C0145,store,pending,2025-11-20T19:02:12Z
O04837,2025-11-20,C0140,web,completed,2025-11-20T07:53:21Z
O04982,2025-11-20,C0136,phone,completed,2025-11-20T10:31:07Z
O05841,2025-11-20,C0132,web,completed,2025-11-20T15:51:18Z
O00447,2025-11-21,C0020,web,completed,2025-11-21T08:15:36Z
O00528,2025-11-21,C0010,web,completed,2025-11-21T17:40:04Z
O01075,2025-11-21,C0154,web,completed,2025-11-21T21:45:17Z
O01663,2025-11-21,C0065,web,completed,2025-11-21T22:47:55Z
O02448,2025-11-21,C0105,store,completed,2025-11-21T13:07:13Z
O02723,2025-11-21,C0010,store,completed,2025-11-21T17:16:21Z
O03230,2025-11-21,C0036,web,completed,2025-11-21T10:39:33Z
O03354,2025-11-21,C0131,store,completed,2025-11-21T13:31:51Z
O04143,2025-11-21,C0071,store,completed,2025-11-21T16:41:52Z
O04455,2025-11-21,C0116,store,completed,2025-11-21T16:17:38Z
O05151,2025-11-21,C0025,store,completed,2025-11-21T14:26:59Z
O05323,2025-11-21,C0019,phone,completed,2025-11-21T17:48:50Z
O00111,2025-11-22,C0028,web,completed,2025-11-22T20:15:34Z
O01920,2025-11-22,C0106,web,completed,2025-11-22T12:59:52Z
O01924,2025-11-22,C0051,store,completed,2025-11-22T09:10:13Z
O02901,2025-11-22,C0174,web,pending,2025-11-22T15:02:35Z
O02939,2025-11-22,C0089,web,completed,2025-11-22T17:26:10Z
O03353,2025-11-22,C0063,store,completed,2025-11-22T10:56:13Z
O03789,2025-11-22,C0070,web,completed,2025-11-22T14:00:00Z
O04630,2025-11-22,C0149,web,completed,2025-11-22T19:48:14Z
O00401,2025-11-23,C0155,web,completed,2025-11-23T14:25:20Z
O03374,2025-11-23,C0019,web,completed,2025-11-23T17:30:51Z
O05208,2025-11-23,C0050,store,completed,2025-11-23T10:11:20Z
O00522,2025-11-24,C0052,store,completed,2025-11-24T15:29:02Z
O01447,2025-11-24,C0010,web,completed,2025-11-24T21:54:57Z
O02481,2025-11-24,C0056,store,completed,2025-11-24T15:55:57Z
O03625,2025-11-24,C0102,web,completed,2025-11-24T15:57:24Z
O04906,2025-11-24,C0122,store,completed,2025-11-24T10:34:02Z
O05071,2025-11-24,C0038,phone,completed,2025-11-24T11:31:28Z
O05353,2025-11-24,C0092,web,completed,2025-11-24T17:59:13Z
O05424,2025-11-24,C0004,web,completed,2025-11-24T18:16:10Z
O01336,2025-11-25,C0157,web,completed,2025-11-25T13:15:11Z
O01827,2025-11-25,C0087,web,completed,2025-11-25T19:49:30Z
O02316,2025-11-25,C0071,web,completed,2025-11-25T20:09:03Z
O02772,2025-11-25,C0041,web,completed,2025-11-25T15:18:58Z
O02847,2025-11-25,C0140,web,completed,2025-11-25T06:35:25Z
O05542,2025-11-25,C0045,web,completed,2025-11-25T05:25:08Z
O03095,2025-11-26,C0147,web,completed,2025-11-26T16:44:09Z
O03296,2025-11-26,C0113,web,completed,2025-11-26T17:28:55Z
O04501,2025-11-26,C0082,web,completed,2025-11-26T11:47:06Z
O05310,2025-11-26,C0084,web,completed,2025-11-26T21:58:27Z
O05658,2025-11-26,C0062,phone,completed,2025-11-26T16:07:18Z
O06000,2025-11-26,C0050,web,completed,2025-11-26T18:40:55Z
O01602,2025-11-27,C0130,store,cancelled,2025-11-27T11:11:48Z
O02425,2025-11-27,C0164,store,cancelled,2025-11-27T15:33:48Z
O03764,2025-11-27,C0117,store,completed,2025-11-27T11:44:26Z
O04078,2025-11-27,C0109,phone,completed,2025-11-27T10:16:57Z
O04817,2025-11-27,C0024,store,completed,2025-11-27T09:49:03Z
O00834,2025-11-28,C0019,store,completed,2025-11-28T18:07:18Z
O02366,2025-11-28,C0023,web,completed,2025-11-28T18:03:17Z
O02595,2025-11-28,C0157,web,completed,2025-11-28T19:29:11Z
O02707,2025-11-28,C0058,web,completed,2025-11-28T16:21:32Z
O03715,2025-11-28,C0132,store,completed,2025-11-28T12:47:15Z
O03877,2025-11-28,C0117,web,completed,2025-11-28T09:41:42Z
O04551,2025-11-28,C0062,store,completed,2025-11-28T11:27:17Z
O05341,2025-11-28,C0082,web,completed,2025-11-28T13:24:27Z
O05503,2025-11-28,C0102,store,completed,2025-11-28T16:49:25Z
O00139,2025-11-29,C0158,web,completed,2025-11-29T21:31:40Z
O01213,2025-11-29,C0097,web,completed,2025-11-29T21:16:42Z
O02153,2025-11-29,C0066,web,completed,2025-11-29T09:22:58Z
O02874,2025-11-29,C0121,store,completed,2025-11-29T16:59:34Z
O03035,2025-11-29,C0117,web,completed,2025-11-29T10:17:10Z
O03480,2025-11-29,C0068,web,completed,2025-11-29T18:55:24Z
O04180,2025-11-29,C0060,store,completed,2025-11-29T15:34:22Z
O04383,2025-11-29,C0072,web,completed,2025-11-29T17:04:11Z
O04401,2025-11-29,C0108,web,completed,2025-11-29T10:11:04Z
O05174,2025-11-29,C0074,web,completed,2025-11-29T21:10:33Z
O05931,2025-11-29,C0138,web,completed,2025-11-29T22:14:44Z
O00840,2025-11-30,C0090,web,completed,2025-11-30T20:37:30Z
O00905,2025-11-30,C0155,web,completed,2025-11-30T21:22:56Z
O01559,2025-11-30,C0168,web,completed,2025-11-30T19:55:06Z
O02206,2025-11-30,C0162,web,completed,2025-11-30T19:55:07Z
O04773,2025-11-30,C0129,web,completed,2025-11-30T07:21:41Z
O05034,2025-11-30,C0141,web,completed,2025-11-30T21:55:09Z
O05186,2025-11-30,C0060,web,completed,2025-11-30T07:42:53Z
O05790,2025-11-30,C0153,store,completed,2025-11-30T10:10:02Z
O01201,2025-12-01,C0094,web,completed,2025-12-01T19:09:50Z
O01414,2025-12-01,C0079,phone,completed,2025-12-01T13:40:32Z
O02850,2025-12-01,C0011,web,completed,2025-12-01T13:25:14Z
O03107,2025-12-01,C0026,web,pending,2025-12-01T20:52:50Z
O03541,2025-12-01,C0142,web,completed,2025-12-01T13:03:16Z
O05011,2025-12-01,C0118,web,completed,2025-12-01T12:44:03Z
O05299,2025-12-01,C0094,phone,completed,2025-12-01T11:29:01Z
O00064,2025-12-02,C0038,web,completed,2025-12-02T20:51:15Z
O00987,2025-12-02,C0144,web,completed,2025-12-02T19:27:32Z
O01286,2025-12-02,C0010,web,completed,2025-12-02T21:37:57Z
O01642,2025-12-02,C0137,web,completed,2025-12-02T14:19:05Z
O01818,2025-12-02,C0089,store,completed,2025-12-02T16:21:01Z
O01989,2025-12-02,C0018,web,completed,2025-12-02T11:34:03Z
O02151,2025-12-02,C0055,web,completed,2025-12-02T21:40:00Z
O02200,2025-12-02,C0173,web,completed,2025-12-02T16:40:25Z
O02837,2025-12-02,C0073,web,completed,2025-12-02T19:36:17Z
O02935,2025-12-02,C0041,store,completed,2025-12-02T18:02:44Z
O03779,2025-12-02,C0114,web,completed,2025-12-02T15:45:21Z
O03910,2025-12-02,C0092,store,completed,2025-12-02T17:18:45Z
O03946,2025-12-02,C0143,web,completed,2025-12-02T15:41:20Z
O04353,2025-12-02,C0146,web,completed,2025-12-02T05:00:04Z
O04360,2025-12-02,C0057,web,completed,2025-12-02T06:22:01Z
O05182,2025-12-02,C0110,web,completed,2025-12-02T09:58:51Z
O00196,2025-12-03,C0095,web,completed,2025-12-03T20:46:50Z
O00276,2025-12-03,C0050,phone,completed,2025-12-03T13:28:37Z
O00646,2025-12-03,C0041,web,pending,2025-12-03T09:55:41Z
O01626,2025-12-03,C0037,phone,completed,2025-12-03T11:46:31Z
O01692,2025-12-03,C0046,web,completed,2025-12-03T22:59:52Z
O01704,2025-12-03,C0016,phone,completed,2025-12-03T11:00:44Z
O02468,2025-12-03,C0136,web,completed,2025-12-03T08:41:01Z
O03040,2025-12-03,C0144,store,cancelled,2025-12-03T09:58:10Z
O04746,2025-12-03,C0161,web,completed,2025-12-03T19:50:21Z
O05696,2025-12-03,C0108,web,completed,2025-12-03T02:28:59Z
O00098,2025-12-04,C0110,web,cancelled,2025-12-04T17:26:23Z
O00187,2025-12-04,C0159,web,completed,2025-12-04T17:42:31Z
O00583,2025-12-04,C0165,phone,completed,2025-12-04T12:47:36Z
O02604,2025-12-04,C0115,web,completed,2025-12-04T21:13:18Z
O03642,2025-12-04,C0091,web,completed,2025-12-04T16:29:00Z
O05243,2025-12-04,C0051,web,completed,2025-12-04T21:36:18Z
O05752,2025-12-04,C0165,web,completed,2025-12-04T12:18:59Z
O05827,2025-12-04,C0056,store,completed,2025-12-04T14:10:07Z
O05890,2025-12-04,C0013,web,completed,2025-12-04T12:40:21Z
O01637,2025-12-05,C0139,store,completed,2025-12-05T20:35:25Z
O01923,2025-12-05,C0007,web,completed,2025-12-05T11:33:34Z
O03579,2025-12-05,C0048,web,pending,2025-12-05T15:38:03Z
O03945,2025-12-05,C0023,store,completed,2025-12-05T17:38:00Z
O04408,2025-12-05,C0129,store,completed,2025-12-05T18:01:47Z
O05632,2025-12-05,C0048,store,completed,2025-12-05T10:13:43Z
O05817,2025-12-05,C0003,store,completed,2025-12-05T16:31:36Z
O00467,2025-12-06,C0047,phone,completed,2025-12-06T13:46:02Z
O01821,2025-12-06,C0116,web,completed,2025-12-06T06:47:43Z
O03132,2025-12-06,C0035,web,completed,2025-12-06T08:15:14Z
O04764,2025-12-06,C0082,web,completed,2025-12-06T16:21:09Z
O04808,2025-12-06,C0067,web,completed,2025-12-06T20:38:48Z
O04979,2025-12-06,C0109,web,completed,2025-12-06T21:39:02Z
O05223,2025-12-06,C0082,web,completed,2025-12-06T15:42:50Z
O00572,2025-12-07,C0167,store,completed,2025-12-07T12:47:41Z
O01250,2025-12-07,C0123,web,completed,2025-12-07T18:38:20Z
O03328,2025-12-07,C0124,web,completed,2025-12-07T12:15:39Z
O03913,2025-12-07,C0093,web,completed,2025-12-07T09:02:51Z
O04441,2025-12-07,C0017,web,completed,2025-12-07T18:54:06Z
O04609,2025-12-07,C0160,store,completed,2025-12-07T16:38:25Z
O05630,2025-12-07,C0084,web,completed,2025-12-07T11:18:57Z
O05807,2025-12-07,C0151,web,completed,2025-12-07T19:55:35Z
O05893,2025-12-07,C0135,web,completed,2025-12-07T21:49:32Z
O00002,2025-12-08,C0109,phone,completed,2025-12-08T12:25:11Z
O00174,2025-12-08,C0071,web,completed,2025-12-08T09:41:25Z
O00909,2025-12-08,C0130,web,completed,2025-12-08T16:42:43Z
O01412,2025-12-08,C0131,web,completed,2025-12-08T15:44:35Z
O02182,2025-12-08,C0168,store,completed,2025-12-08T17:11:59Z
O02341,2025-12-08,C0036,store,completed,2025-12-08T12:11:54Z
O02466,2025-12-08,C0161,web,completed,2025-12-08T20:49:04Z
O02695,2025-12-08,C0154,web,completed,2025-12-08T13:54:13Z
O04155,2025-12-08,C0179,web,completed,2025-12-08T19:33:33Z
O04275,2025-12-08,C0077,web,completed,2025-12-08T16:57:45Z
O04295,2025-12-08,C0168,web,completed,2025-12-08T13:52:22Z
O04351,2025-12-08,C0042,web,completed,2025-12-08T21:09:58Z
O04475,2025-12-08,C0158,store,completed,2025-12-08T16:34:13Z
O05131,2025-12-08,C0143,web,completed,2025-12-08T08:48:12Z
O05194,2025-12-08,C0167,web,completed,2025-12-08T15:14:14Z
O05810,2025-12-08,C0166,web,completed,2025-12-08T21:46:40Z
O00288,2025-12-09,C0018,web,completed,2025-12-09T15:54:16Z
O01136,2025-12-09,C0146,web,completed,2025-12-09T14:20:28Z
O01631,2025-12-09,C0111,store,completed,2025-12-09T16:46:05Z
O01729,2025-12-09,C0125,web,completed,2025-12-09T21:58:07Z
O01797,2025-12-09,C0063,store,pending,2025-12-09T11:58:59Z
O02060,2025-12-09,C0100,web,completed,2025-12-09T10:47:06Z
O02163,2025-12-09,C0058,web,completed,2025-12-09T19:04:23Z
O02391,2025-12-09,C0118,web,completed,2025-12-09T08:22:00Z
O03754,2025-12-09,C0105,web,completed,2025-12-09T07:16:31Z
O04227,2025-12-09,C0106,web,completed,2025-12-09T11:50:46Z
O04888,2025-12-09,C0170,store,completed,2025-12-09T17:28:08Z
O04902,2025-12-09,C0023,web,completed,2025-12-09T13:19:08Z
O05450,2025-12-09,C0127,web,completed,2025-12-09T12:35:14Z
O00176,2025-12-10,C0167,web,completed,2025-12-10T20:30:20Z
O00399,2025-12-10,C0032,web,completed,2025-12-10T16:56:40Z
O00908,2025-12-10,C0103,web,completed,2025-12-10T21:11:18Z
O02034,2025-12-10,C0020,web,completed,2025-12-10T11:56:58Z
O03766,2025-12-10,C0180,web,pending,2025-12-10T13:22:40Z
O05125,2025-12-10,C0068,web,completed,2025-12-10T19:01:30Z
O00326,2025-12-11,C0105,web,pending,2025-12-11T11:46:08Z
O00848,2025-12-11,C0079,store,completed,2025-12-11T13:44:30Z
O01670,2025-12-11,C0147,store,completed,2025-12-11T16:22:42Z
O02344,2025-12-11,C0006,web,completed,2025-12-11T22:17:58Z
O02849,2025-12-11,C0085,web,completed,2025-12-11T20:30:04Z
O03511,2025-12-11,C0073,web,completed,2025-12-11T15:11:36Z
O03925,2025-12-11,C0114,web,cancelled,2025-12-11T18:12:10Z
O05886,2025-12-11,C0110,web,completed,2025-12-11T18:23:20Z
O05947,2025-12-11,C0095,store,completed,2025-12-11T12:24:50Z
O01350,2025-12-12,C0075,store,completed,2025-12-12T13:44:31Z
O01488,2025-12-12,C0053,web,completed,2025-12-12T18:12:33Z
O00300,2025-12-13,C0080,store,completed,2025-12-13T11:12:35Z
O00812,2025-12-13,C0107,web,completed,2025-12-13T13:30:39Z
O02116,2025-12-13,C0180,web,completed,2025-12-13T09:23:59Z
O03572,2025-12-13,C0031,store,completed,2025-12-13T16:01:25Z
O04249,2025-12-13,C0048,web,completed,2025-12-13T13:51:23Z
O04849,2025-12-13,C0167,web,completed,2025-12-13T19:45:39Z
O04996,2025-12-13,C0053,web,completed,2025-12-13T19:38:53Z
O00355,2025-12-14,C0028,phone,completed,2025-12-14T12:33:40Z
O00561,2025-12-14,C0158,store,completed,2025-12-14T13:09:38Z
O01157,2025-12-14,C0036,store,completed,2025-12-14T13:24:46Z
O02057,2025-12-14,C0129,store,completed,2025-12-14T09:30:12Z
O02736,2025-12-14,C0135,web,pending,2025-12-14T13:09:56Z
O02903,2025-12-14,C0116,web,cancelled,2025-12-14T17:49:21Z
O04141,2025-12-14,C0150,web,completed,2025-12-14T15:56:27Z
O04537,2025-12-14,C0061,web,completed,2025-12-14T21:51:57Z
O05567,2025-12-14,C0101,web,completed,2025-12-14T21:20:50Z
O05689,2025-12-14,C0135,web,cancelled,2025-12-14T11:22:16Z
O01168,2025-12-15,C0064,web,completed,2025-12-15T18:24:39Z
O02292,2025-12-15,C0008,web,completed,2025-12-15T11:02:44Z
O02857,2025-12-15,C0126,web,completed,2025-12-15T11:36:15Z
O03528,2025-12-15,C0083,store,completed,2025-12-15T12:31:50Z
O03907,2025-12-15,C0042,web,completed,2025-12-15T20:53:31Z
O04831,2025-12-15,C0058,store,completed,2025-12-15T17:18:48Z
O05154,2025-12-15,C0172,web,completed,2025-12-15T14:38:46Z
O00274,2025-12-16,C0048,phone,completed,2025-12-16T10:57:30Z
O00830,2025-12-16,C0138,phone,completed,2025-12-16T10:43:25Z
O00918,2025-12-16,C0003,web,completed,2025-12-16T17:35:04Z
O01427,2025-12-16,C0109,web,completed,2025-12-16T16:46:39Z
O01461,2025-12-16,C0179,phone,completed,2025-12-16T13:54:03Z
O01739,2025-12-16,C0103,web,completed,2025-12-16T08:37:21Z
O01807,2025-12-16,C0083,phone,completed,2025-12-16T15:51:52Z
O02104,2025-12-16,C0060,web,completed,2025-12-16T13:27:43Z
O02728,2025-12-16,C0068,store,completed,2025-12-16T14:31:59Z
O02993,2025-12-16,C0135,web,completed,2025-12-16T08:01:32Z
O04612,2025-12-16,C0052,store,completed,2025-12-16T14:14:18Z
O04672,2025-12-16,C0152,web,completed,2025-12-16T06:45:03Z
O04976,2025-12-16,C0019,web,pending,2025-12-16T16:59:41Z
O05262,2025-12-16,C0092,phone,completed,2025-12-16T14:07:10Z
O05686,2025-12-16,C0150,web,completed,2025-12-16T21:49:22Z
O01308,2025-12-17,C0080,web,completed,2025-12-17T23:33:07Z
O01349,2025-12-17,C0075,web,completed,2025-12-17T21:53:54Z
O01614,2025-12-17,C0013,web,completed,2025-12-17T21:06:48Z
O02091,2025-12-17,C0177,web,completed,2025-12-17T14:11:42Z
O02816,2025-12-17,C0149,phone,completed,2025-12-17T13:19:25Z
O03507,2025-12-17,C0133,web,completed,2025-12-17T23:24:17Z
O03573,2025-12-17,C0003,phone,completed,2025-12-17T12:11:54Z
O05922,2025-12-17,C0098,store,completed,2025-12-17T12:09:09Z
O05971,2025-12-17,C0051,web,completed,2025-12-17T13:37:45Z
O02110,2025-12-18,C0103,web,completed,2025-12-18T21:01:06Z
O02942,2025-12-18,C0071,web,cancelled,2025-12-18T18:58:34Z
O02951,2025-12-18,C0143,phone,completed,2025-12-18T14:45:40Z
O03608,2025-12-18,C0023,web,pending,2025-12-18T22:18:20Z
O04134,2025-12-18,C0173,web,cancelled,2025-12-18T13:12:34Z
O04279,2025-12-18,C0157,web,completed,2025-12-18T15:55:28Z
O04708,2025-12-18,C0073,web,completed,2025-12-18T07:54:08Z
O04911,2025-12-18,C0016,web,pending,2025-12-18T22:31:04Z
O01263,2025-12-19,C0136,web,completed,2025-12-19T18:00:45Z
O01387,2025-12-19,C0114,web,completed,2025-12-19T01:37:13Z
O02834,2025-12-19,C0167,phone,pending,2025-12-19T12:12:30Z
O03776,2025-12-19,C0117,store,completed,2025-12-19T12:52:38Z
O03990,2025-12-19,C0062,web,completed,2025-12-19T11:34:01Z
O04032,2025-12-19,C0140,web,completed,2025-12-19T00:41:20Z
O04045,2025-12-19,C0053,phone,completed,2025-12-19T11:01:56Z
O00301,2025-12-20,C0135,store,completed,2025-12-20T09:01:31Z
O02084,2025-12-20,C0162,web,completed,2025-12-20T18:00:41Z
O02782,2025-12-20,C0063,store,cancelled,2025-12-20T15:21:00Z
O02990,2025-12-20,C0161,store,completed,2025-12-20T15:38:19Z
O03023,2025-12-20,C0151,web,completed,2025-12-20T20:09:11Z
O03510,2025-12-20,C0158,web,completed,2025-12-20T19:59:37Z
O04571,2025-12-20,C0138,store,completed,2025-12-20T15:50:10Z
O05123,2025-12-20,C0017,web,completed,2025-12-20T19:58:44Z
O05860,2025-12-20,C0044,web,completed,2025-12-20T16:06:20Z
O00080,2025-12-21,C0153,web,completed,2025-12-21T10:28:17Z
O00428,2025-12-21,C0048,web,completed,2025-12-21T20:53:24Z
O00568,2025-12-21,C0043,web,completed,2025-12-21T19:55:44Z
O01020,2025-12-21,C0008,store,completed,2025-12-21T15:19:40Z
O04885,2025-12-21,C0168,store,completed,2025-12-21T15:06:31Z
O05077,2025-12-21,C0096,store,completed,2025-12-21T11:47:50Z
O00430,2025-12-22,C0175,web,completed,2025-12-22T23:51:27Z
O00942,2025-12-22,C0040,phone,completed,2025-12-22T16:06:59Z
O01489,2025-12-22,C0083,store,completed,2025-12-22T13:56:43Z
O01939,2025-12-22,C0180,web,completed,2025-12-22T19:12:14Z
O02092,2025-12-22,C0078,web,completed,2025-12-22T06:57:27Z
O02898,2025-12-22,C0018,web,completed,2025-12-22T20:02:19Z
O03272,2025-12-22,C0078,store,completed,2025-12-22T16:23:39Z
O03348,2025-12-22,C0019,web,completed,2025-12-22T19:42:17Z
O03645,2025-12-22,C0018,web,completed,2025-12-22T16:40:10Z
O04164,2025-12-22,C0141,web,completed,2025-12-22T11:37:05Z
O04252,2025-12-22,C0164,web,completed,2025-12-22T09:56:12Z
O04303,2025-12-22,C0093,web,completed,2025-12-22T18:05:26Z
O04416,2025-12-22,C0067,web,completed,2025-12-22T12:36:51Z
O04881,2025-12-22,C0119,web,completed,2025-12-22T17:53:55Z
O05172,2025-12-22,C0117,web,completed,2025-12-22T18:46:00Z
O00032,2025-12-23,C0068,store,completed,2025-12-23T18:16:51Z
O00183,2025-12-23,C0068,web,completed,2025-12-23T18:37:32Z
O01506,2025-12-23,C0106,phone,completed,2025-12-23T12:31:28Z
O03069,2025-12-23,C0110,phone,completed,2025-12-23T15:20:30Z
O03783,2025-12-23,C0054,store,completed,2025-12-23T11:22:03Z
O04321,2025-12-23,C0098,web,completed,2025-12-23T09:19:15Z
O04624,2025-12-23,C0118,web,completed,2025-12-23T14:43:53Z
O00208,2025-12-24,C0012,phone,completed,2025-12-24T11:28:19Z
O00722,2025-12-24,C0031,web,completed,2025-12-24T11:24:32Z
O01062,2025-12-24,C0050,web,completed,2025-12-24T18:47:31Z
O01130,2025-12-24,C0073,web,completed,2025-12-24T22:58:59Z
O01376,2025-12-24,C0103,store,completed,2025-12-24T17:53:48Z
O01381,2025-12-24,C0071,web,completed,2025-12-24T14:43:34Z
O03709,2025-12-24,C0051,store,completed,2025-12-24T12:44:47Z
O04025,2025-12-24,C0027,web,cancelled,2025-12-24T10:51:13Z
O04037,2025-12-24,C0161,web,completed,2025-12-24T05:13:36Z
O04264,2025-12-24,C0157,web,completed,2025-12-24T19:24:00Z
O04549,2025-12-24,C0039,web,completed,2025-12-24T17:30:22Z
O04674,2025-12-24,C0109,web,completed,2025-12-24T20:10:02Z
O00200,2025-12-25,C0157,web,completed,2025-12-25T06:42:37Z
O00523,2025-12-25,C0156,store,completed,2025-12-25T14:48:49Z
O00573,2025-12-25,C0100,web,completed,2025-12-25T18:34:56Z
O00916,2025-12-25,C0078,web,completed,2025-12-25T13:53:23Z
O01013,2025-12-25,C0078,web,completed,2025-12-25T23:48:06Z
O01065,2025-12-25,C0094,web,completed,2025-12-25T20:07:00Z
O03570,2025-12-25,C0157,web,completed,2025-12-25T16:07:09Z
O04579,2025-12-25,C0100,web,completed,2025-12-25T18:32:47Z
O04740,2025-12-25,C0021,web,completed,2025-12-25T05:41:09Z
O04874,2025-12-25,C0049,web,completed,2025-12-25T13:42:15Z
O05068,2025-12-25,C0038,store,completed,2025-12-25T12:48:57Z
O05725,2025-12-25,C0016,web,pending,2025-12-25T08:42:25Z
O05791,2025-12-25,C0130,web,completed,2025-12-25T16:17:16Z
O00177,2025-12-26,C0010,phone,completed,2025-12-26T11:27:42Z
O00593,2025-12-26,C0005,web,completed,2025-12-26T18:53:48Z
O03716,2025-12-26,C0063,web,completed,2025-12-26T15:00:36Z
O03843,2025-12-26,C0058,store,completed,2025-12-26T18:10:51Z
O04690,2025-12-26,C0080,web,completed,2025-12-26T22:11:16Z
O02476,2025-12-27,C0067,web,completed,2025-12-27T23:44:48Z
O04016,2025-12-27,C0151,store,completed,2025-12-27T17:37:40Z
O04267,2025-12-27,C0155,web,completed,2025-12-27T23:34:26Z
O04433,2025-12-27,C0049,web,completed,2025-12-27T20:59:41Z
O05568,2025-12-27,C0013,web,completed,2025-12-27T20:57:45Z
O00270,2025-12-28,C0101,web,completed,2025-12-28T10:59:20Z
O01078,2025-12-28,C0032,phone,completed,2025-12-28T12:27:44Z
O03213,2025-12-28,C0085,web,completed,2025-12-28T19:04:50Z
O04069,2025-12-28,C0071,store,completed,2025-12-28T16:17:35Z
O00103,2025-12-29,C0138,store,completed,2025-12-29T10:28:38Z
O01407,2025-12-29,C0064,web,completed,2025-12-29T21:23:38Z
O01493,2025-12-29,C0109,web,completed,2025-12-29T21:52:59Z
O01649,2025-12-29,C0145,store,completed,2025-12-29T12:45:43Z
O01650,2025-12-29,C0059,phone,completed,2025-12-29T13:38:27Z
O02069,2025-12-29,C0058,web,completed,2025-12-29T11:24:14Z
O03022,2025-12-29,C0116,web,completed,2025-12-29T10:22:37Z
O04112,2025-12-29,C0012,web,completed,2025-12-29T09:48:25Z
O04200,2025-12-29,C0134,store,completed,2025-12-29T14:30:26Z
O04377,2025-12-29,C0083,web,completed,2025-12-29T21:54:26Z
O04687,2025-12-29,C0095,web,completed,2025-12-29T07:26:59Z
O04997,2025-12-29,C0086,store,cancelled,2025-12-29T17:45:39Z
O05561,2025-12-29,C0146,web,cancelled,2025-12-29T20:05:07Z
O05837,2025-12-29,C0005,store,completed,2025-12-29T16:25:12Z
O00878,2025-12-30,C0025,web,completed,2025-12-30T16:23:10Z
O01170,2025-12-30,C0039,phone,completed,2025-12-30T14:46:14Z
O03325,2025-12-30,C0123,web,completed,2025-12-30T12:24:06Z
O03575,2025-12-30,C0085,web,completed,2025-12-30T19:54:17Z
O03641,2025-12-30,C0071,store,completed,2025-12-30T14:11:19Z
O04116,2025-12-30,C0036,web,completed,2025-12-30T20:43:13Z
O04273,2025-12-30,C0059,store,completed,2025-12-30T19:02:19Z
O04546,2025-12-30,C0108,store,completed,2025-12-30T10:59:14Z
O04752,2025-12-30,C0039,store,completed,2025-12-30T10:58:28Z
O05279,2025-12-30,C0065,store,completed,2025-12-30T11:38:53Z
O00349,2025-12-31,C0133,web,completed,2025-12-31T17:12:14Z
O01347,2025-12-31,C0098,web,completed,2025-12-31T16:02:11Z
O01548,2025-12-31,C0089,store,completed,2025-12-31T11:33:18Z
O02365,2025-12-31,C0048,web,completed,2025-12-31T08:30:11Z
O02953,2025-12-31,C0103,store,completed,2025-12-31T19:54:40Z
O03650,2025-12-31,C0125,store,completed,2025-12-31T18:40:15Z
O04666,2025-12-31,C0016,store,completed,2025-12-31T17:40:21Z
O04942,2025-12-31,C0005,web,completed,2025-12-31T09:22:48Z
O05454,2025-12-31,C0033,store,completed,2025-12-31T09:55:24Z
O05776,2025-12-31,C0118,web,completed,2025-12-31T21:22:37Z
