order_item_id,order_id,product_id,quantity,unit_price_at_sale
OI00001,O00588,P034,1,271.08
OI00002,O00588,P037,3,193.81
OI00003,O00588,P049,4,34.75
OI00004,O00588,P046,1,23.84
OI00005,O00968,P021,4,443.61
OI00006,O00968,P005,3,267.21
OI00007,O02320,P057,1,91.24
OI00008,O02320,P053,1,123.07
OI00009,O02320,P025,2,349.98
OI00010,O02918,P052,5,155.23
OI00011,O02918,P029,2,384.93
OI00012,O03129,P058,1,114.8
OI00013,O03300,P018,3,252.47
OI00014,O03300,P010,4,383.82
OI00015,O03407,P009,5,384.59
OI00016,O03407,P038,5,133.77
OI00017,O03407,P030,2,268.92
OI00018,O04135,P042,5,358.05
OI00019,O04135,P015,5,441.96
OI00020,O04135,P016,5,407.27
OI00021,O04423,P016,4,407.27
OI00022,O04423,P008,1,157.6
OI00023,O04423,P013,1,417.94
OI00024,O04985,P050,3,182.2
OI00025,O05782,P043,4,447.66
OI00026,O03128,P005,3,267.21
OI00027,O03128,P016,1,407.27
OI00028,O03916,P004,1,27.73
OI00029,O04575,P006,1,380.87
OI00030,O04575,P029,4,384.93
OI00031,O05399,P054,2,310.0
OI00032,O05399,P036,5,15.81
OI00033,O00426,P010,3,383.82
OI00034,O00426,P037,4,193.81
OI00035,O00426,P042,3,358.05
OI00036,O00512,P048,1,146.16
OI00037,O00512,P004,5,27.73
OI00038,O00512,P022,2,358.81
OI00039,O02323,P025,2,349.98
OI00040,O02323,P036,3,15.81
OI00041,O02323,P054,2,310.0
OI00042,O02356,P052,5,155.23
OI00043,O02356,P042,5,358.05
OI00044,O02572,P023,1,416.72
OI00045,O02572,P050,5,182.2
OI00046,O02657,P014,1,11.23
OI00047,O02756,P032,4,364.88
OI00048,O04721,P003,2,215.44
OI00049,O04721,P047,2,116.76
OI00050,O04721,P020,4,62.75
OI00051,O04721,P007,4,345.2
OI00052,O05460,P059,3,10.1
OI00053,O00277,P055,1,29.47
OI00054,O00277,P005,2,267.21
OI00055,O00277,P046,1,23.84
OI00056,O00277,P026,4,29.64
OI00057,O00779,P015,2,441.96
OI00058,O00779,P046,5,23.84
OI00059,O00779,P055,1,29.47
OI00060,O01030,P060,2,349.64
OI00061,O01030,P046,4,23.84
OI00062,O01030,P034,5,271.08
OI00063,O03450,P009,4,384.59
OI00064,O03450,P016,1,407.27
OI00065,O03450,P007,2,345.2
OI00066,O03450,P033,2,68.48
OI00067,O03679,P013,4,417.94
OI00068,O03679,P024,3,29.52
OI00069,O03679,P056,2,28.94
OI00070,O03873,P048,5,146.16
OI00071,O03873,P024,1,29.52
OI00072,O04716,P052,1,155.23
OI00073,O04716,P042,3,358.05
OI00074,O04716,P023,1,416.72
OI00075,O04716,P003,1,215.44
OI00076,O05602,P021,1,443.61
OI00077,O05602,P031,1,90.92
OI00078,O05602,P028,4,185.4
OI00079,O05714,P035,3,67.39
OI00080,O00141,P048,1,146.16
OI00081,O00141,P054,5,310.0
OI00082,O00141,P045,3,296.59
OI00083,O00141,P033,4,68.48
OI00084,O00555,P009,2,384.59
OI00085,O00694,P001,3,378.87
OI00086,O00694,P007,5,345.2
OI00087,O00694,P012,4,86.46
OI00088,O01239,P008,3,157.6
OI00089,O01239,P026,1,29.64
OI00090,O01239,P021,1,443.61
OI00091,O01356,P058,5,114.8
OI00092,O01356,P029,2,384.93
OI00093,O01356,P001,5,378.87
OI00094,O02821,P031,5,90.92
OI00095,O03802,P033,4,68.48
OI00096,O03802,P020,5,62.75
OI00097,O05704,P054,3,310.0
OI00098,O05704,P046,4,23.84
OI00099,O05916,P024,4,29.52
OI00100,O05916,P038,5,133.77
OI00101,O05916,P027,4,9.99
OI00102,O02311,P056,4,28.94
OI00103,O02311,P007,4,345.2
OI00104,O02486,P049,1,34.75
OI00105,O02486,P034,1,271.08
OI00106,O02486,P033,4,68.48
OI00107,O02486,P002,3,181.52
OI00108,O03653,P039,3,409.81
OI00109,O03653,P035,4,67.39
OI00110,O03653,P012,4,86.46
OI00111,O04545,P019,5,135.4
OI00112,O04787,P013,3,417.94
OI00113,O04787,P023,5,416.72
OI00114,O04787,P014,3,11.23
OI00115,O04787,P028,3,185.4
OI00116,O00042,P051,1,389.34
OI00117,O00148,P035,5,67.39
OI00118,O01005,P045,5,296.59
OI00119,O01005,P023,1,416.72
OI00120,O01005,P060,5,349.64
OI00121,O01069,P015,3,441.96
OI00122,O01069,P026,2,29.64
OI00123,O01069,P037,4,193.81
OI00124,O02555,P018,3,252.47
OI00125,O02555,P020,3,62.75
OI00126,O02555,P033,2,68.48
OI00127,O02795,P035,2,67.39
OI00128,O02795,P003,5,215.44
OI00129,O02795,P026,3,29.64
OI00130,O03860,P046,4,23.84
OI00131,O03860,P010,1,383.82
OI00132,O00374,P042,5,358.05
OI00133,O01846,P006,5,380.87
OI00134,O01846,P032,2,364.88
OI00135,O01846,P020,3,62.75
OI00136,O02230,P026,2,29.64
OI00137,O02230,P009,2,384.59
OI00138,O02230,P029,3,384.93
OI00139,O02426,P042,5,358.05
OI00140,O02426,P051,5,389.34
OI00141,O02494,P058,5,114.8
OI00142,O02494,P030,1,268.92
OI00143,O02811,P010,3,383.82
OI00144,O02811,P019,4,135.4
OI00145,O02811,P045,5,296.59
OI00146,O02811,P054,1,310.0
OI00147,O03471,P035,2,67.39
OI00148,O03471,P045,1,296.59
OI00149,O03810,P044,1,356.11
OI00150,O04197,P050,3,182.2
OI00151,O04197,P023,3,416.72
OI00152,O04578,P051,5,389.34
OI00153,O04578,P027,4,9.99
OI00154,O05210,P033,3,68.48
OI00155,O05511,P043,1,447.66
OI00156,O05903,P004,5,27.73
OI00157,O05903,P029,1,384.93
OI00158,O00473,P004,3,27.73
OI00159,O00473,P005,3,267.21
OI00160,O00766,P044,3,356.11
OI00161,O00766,P037,4,193.81
OI00162,O00766,P004,5,27.73
OI00163,O02390,P060,1,349.64
OI00164,O02390,P031,2,90.92
OI00165,O02390,P013,1,417.94
OI00166,O02524,P030,3,268.92
OI00167,O02524,P038,1,133.77
OI00168,O02778,P058,2,114.8
OI00169,O02778,P018,5,252.47
OI00170,O02778,P016,2,407.27
OI00171,O03787,P016,5,407.27
OI00172,O05055,P047,1,116.76
OI00173,O05474,P059,2,10.1
OI00174,O05474,P009,3,384.59
OI00175,O05474,P021,4,443.61
OI00176,O01274,P037,4,193.81
OI00177,O01274,P051,2,389.34
OI00178,O01734,P032,4,364.88
OI00179,O01917,P039,2,409.81
OI00180,O01917,P025,4,349.98
OI00181,O01917,P050,3,182.2
OI00182,O01917,P046,5,23.84
OI00183,O02573,P004,4,27.73
OI00184,O02573,P048,2,146.16
OI00185,O02624,P036,1,15.81
OI00186,O02624,P051,1,389.34
OI00187,O02624,P052,4,155.23
OI00188,O03024,P022,5,358.81
OI00189,O03024,P039,5,409.81
OI00190,O03024,P008,5,157.6
OI00191,O05203,P033,1,68.48
OI00192,O05203,P052,3,155.23
OI00193,O05203,P048,2,146.16
OI00194,O05370,P054,4,310.0
OI00195,O05370,P031,4,90.92
OI00196,O05370,P017,4,391.13
OI00197,O05750,P060,3,349.64
OI00198,O05750,P007,3,345.2
OI00199,O05750,P029,2,384.93
OI00200,O05802,P058,5,114.8
OI00201,O05802,P046,5,23.84
OI00202,O05802,P016,2,407.27
OI00203,O00258,P014,3,11.23
OI00204,O00258,P055,2,29.47
OI00205,O00258,P009,4,384.59
OI00206,O00989,P013,2,417.94
OI00207,O00989,P035,5,67.39
OI00208,O00989,P003,2,215.44
OI00209,O01934,P039,1,409.81
OI00210,O01934,P046,5,23.84
OI00211,O01934,P054,5,310.0
OI00212,O01934,P047,3,116.76
OI00213,O02856,P007,5,345.2
OI00214,O02856,P051,2,389.34
OI00215,O02950,P029,5,384.93
OI00216,O03635,P036,1,15.81
OI00217,O03635,P023,3,416.72
OI00218,O03635,P052,3,155.23
OI00219,O04389,P024,1,29.52
OI00220,O04389,P045,1,296.59
OI00221,O04389,P018,2,252.47
OI00222,O05534,P049,4,34.75
OI00223,O05534,P032,4,364.88
OI00224,O00930,P007,5,345.2
OI00225,O01159,P032,5,364.88
OI00226,O01159,P033,2,68.48
OI00227,O02239,P042,4,358.05
OI00228,O02239,P059,2,10.1
OI00229,O02239,P054,5,310.0
OI00230,O02548,P002,2,181.52
OI00231,O02548,P001,2,378.87
OI00232,O03209,P008,4,157.6
OI00233,O03209,P028,4,185.4
OI00234,O03209,P003,1,215.44
OI00235,O03954,P003,5,215.44
OI00236,O03954,P053,5,123.07
OI00237,O03954,P046,5,23.84
OI00238,O03970,P040,4,296.82
OI00239,O04738,P057,3,91.24
OI00240,O05394,P043,4,447.66
OI00241,O05394,P052,3,155.23
OI00242,O05394,P039,4,409.81
OI00243,O05530,P007,3,345.2
OI00244,O05530,P035,5,67.39
OI00245,O05530,P017,4,391.13
OI00246,O00325,P026,3,29.64
OI00247,O01332,P008,2,157.6
OI00248,O01332,P035,3,67.39
OI00249,O01438,P013,3,417.94
OI00250,O01467,P019,3,135.4
OI00251,O01467,P039,2,409.81
OI00252,O02276,P052,4,155.23
OI00253,O02276,P034,3,271.08
OI00254,O02912,P020,3,62.75
OI00255,O03695,P050,3,182.2
OI00256,O03695,P053,1,123.07
OI00257,O03695,P019,4,135.4
OI00258,O03695,P026,1,29.64
OI00259,O04972,P031,1,90.92
OI00260,O04972,P014,5,11.23
OI00261,O04972,P044,1,356.11
OI00262,O05996,P033,3,68.48
OI00263,O05996,P014,4,11.23
OI00264,O00427,P028,1,185.4
OI00265,O00427,P058,2,114.8
OI00266,O01188,P047,5,116.76
OI00267,O01560,P029,1,384.93
OI00268,O01560,P050,2,182.2
OI00269,O01560,P022,1,358.81
OI00270,O02377,P003,2,215.44
OI00271,O02377,P035,4,67.39
OI00272,O02377,P025,2,349.98
OI00273,O02377,P015,1,441.96
OI00274,O03057,P033,3,68.48
OI00275,O03057,P018,4,252.47
OI00276,O01253,P026,2,29.64
OI00277,O01253,P051,1,389.34
OI00278,O01253,P056,2,28.94
OI00279,O01253,P053,3,123.07
OI00280,O02053,P020,4,62.75
OI00281,O02053,P010,5,383.82
OI00282,O02053,P041,1,76.71
OI00283,O02088,P027,4,9.99
OI00284,O02088,P046,3,23.84
OI00285,O02088,P004,5,27.73
OI00286,O00580,P039,4,409.81
OI00287,O00580,P010,3,383.82
OI00288,O00580,P019,3,135.4
OI00289,O01803,P035,3,67.39
OI00290,O01803,P013,1,417.94
OI00291,O02009,P001,4,378.87
OI00292,O02009,P014,5,11.23
OI00293,O02009,P013,4,417.94
OI00294,O02009,P009,1,384.59
OI00295,O02129,P043,3,447.66
OI00296,O02129,P016,1,407.27
OI00297,O02272,P055,4,29.47
OI00298,O02272,P056,2,28.94
OI00299,O02272,P009,4,384.59
OI00300,O02338,P024,5,29.52
OI00301,O02338,P014,4,11.23
OI00302,O02959,P039,1,409.81
OI00303,O02959,P029,1,384.93
OI00304,O02995,P024,1,29.52
OI00305,O02995,P048,5,146.16
OI00306,O02995,P043,4,447.66
OI00307,O03073,P016,5,407.27
OI00308,O04703,P021,2,443.61
OI00309,O05278,P048,4,146.16
OI00310,O00375,P051,4,389.34
OI00311,O00375,P039,4,409.81
OI00312,O00375,P044,2,356.11
OI00313,O01801,P060,5,349.64
OI00314,O02235,P028,5,185.4
OI00315,O02563,P060,4,349.64
OI00316,O02563,P048,1,146.16
OI00317,O02563,P018,4,252.47
OI00318,O02563,P037,3,193.81
OI00319,O03162,P004,5,27.73
OI00320,O03162,P026,5,29.64
OI00321,O03868,P036,5,15.81
OI00322,O03868,P047,1,116.76
OI00323,O03868,P016,3,407.27
OI00324,O04187,P010,4,383.82
OI00325,O04187,P003,4,215.44
OI00326,O04187,P060,3,349.64
OI00327,O04405,P019,2,135.4
OI00328,O04405,P005,3,267.21
OI00329,O00038,P012,4,86.46
OI00330,O00038,P008,3,157.6
OI00331,O01240,P025,5,349.98
OI00332,O01240,P002,2,181.52
OI00333,O01240,P034,3,271.08
OI00334,O01303,P004,3,27.73
OI00335,O01303,P055,1,29.47
OI00336,O01303,P016,3,407.27
OI00337,O01551,P049,4,34.75
OI00338,O01551,P050,4,182.2
OI00339,O01551,P044,5,356.11
OI00340,O02852,P003,3,215.44
OI00341,O02852,P021,3,443.61
OI00342,O02852,P008,2,157.6
OI00343,O03043,P057,2,91.24
OI00344,O03043,P029,2,384.93
OI00345,O03043,P003,5,215.44
OI00346,O03343,P048,3,146.16
OI00347,O03343,P038,2,133.77
OI00348,O03343,P055,1,29.47
OI00349,O03343,P049,5,34.75
OI00350,O03628,P047,2,116.76
OI00351,O03628,P036,2,15.81
OI00352,O03628,P023,1,416.72
OI00353,O04168,P053,2,123.07
OI00354,O04168,P016,4,407.27
OI00355,O04168,P003,3,215.44
OI00356,O04884,P014,5,11.23
OI00357,O04884,P038,1,133.77
OI00358,O04884,P010,5,383.82
OI00359,O05641,P010,3,383.82
OI00360,O05641,P056,1,28.94
OI00361,O00407,P016,5,407.27
OI00362,O00407,P005,1,267.21
OI00363,O00407,P058,5,114.8
OI00364,O01446,P025,1,349.98
OI00365,O01446,P004,4,27.73
OI00366,O01446,P037,3,193.81
OI00367,O02014,P023,2,416.72
OI00368,O02014,P025,1,349.98
OI00369,O02014,P031,1,90.92
OI00370,O02014,P056,5,28.94
OI00371,O02026,P017,2,391.13
OI00372,O02026,P049,1,34.75
OI00373,O02119,P015,2,441.96
OI00374,O02119,P058,3,114.8
OI00375,O02119,P030,2,268.92
OI00376,O02119,P025,1,349.98
OI00377,O02180,P026,4,29.64
OI00378,O02180,P046,2,23.84
OI00379,O03019,P016,3,407.27
OI00380,O03019,P041,4,76.71
OI00381,O03019,P031,4,90.92
OI00382,O03019,P037,5,193.81
OI00383,O03197,P005,1,267.21
OI00384,O03197,P035,4,67.39
OI00385,O03197,P051,5,389.34
OI00386,O03197,P012,4,86.46
OI00387,O04096,P028,5,185.4
OI00388,O05104,P019,2,135.4
OI00389,O05104,P049,5,34.75
OI00390,O00129,P030,4,268.92
OI00391,O00129,P039,2,409.81
OI00392,O00129,P019,3,135.4
OI00393,O00129,P018,5,252.47
OI00394,O00515,P005,5,267.21
OI00395,O00515,P007,1,345.2
OI00396,O00515,P035,3,67.39
OI00397,O00515,P040,5,296.82
OI00398,O02313,P040,1,296.82
OI00399,O02313,P054,2,310.0
OI00400,O02313,P013,5,417.94
OI00401,O02809,P020,4,62.75
OI00402,O02809,P021,2,443.61
OI00403,O04041,P053,1,123.07
OI00404,O04041,P001,4,378.87
OI00405,O04136,P050,3,182.2
OI00406,O04136,P058,5,114.8
OI00407,O04342,P027,3,9.99
OI00408,O01164,P009,4,384.59
OI00409,O01164,P046,5,23.84
OI00410,O01164,P020,4,62.75
OI00411,O02431,P016,3,407.27
OI00412,O02431,P025,1,349.98
OI00413,O02431,P021,4,443.61
OI00414,O02489,P050,1,182.2
OI00415,O02489,P021,2,443.61
OI00416,O02489,P047,3,116.76
OI00417,O02489,P051,5,389.34
OI00418,O04167,P003,1,215.44
OI00419,O04167,P045,1,296.59
OI00420,O04167,P012,5,86.46
OI00421,O05546,P051,1,389.34
OI00422,O05546,P032,1,364.88
OI00423,O05546,P031,5,90.92
OI00424,O05900,P045,2,296.59
OI00425,O00892,P035,1,67.39
OI00426,O01325,P013,3,417.94
OI00427,O01346,P020,4,62.75
OI00428,O01346,P048,4,146.16
OI00429,O01346,P033,4,68.48
OI00430,O01346,P001,1,378.87
OI00431,O02125,P007,3,345.2
OI00432,O02125,P009,1,384.59
OI00433,O02750,P060,1,349.64
OI00434,O02785,P055,2,29.47
OI00435,O02785,P046,3,23.84
OI00436,O02785,P059,5,10.1
OI00437,O02785,P054,5,310.0
OI00438,O03190,P013,4,417.94
OI00439,O03658,P004,2,27.73
OI00440,O03658,P047,2,116.76
OI00441,O03658,P009,3,384.59
OI00442,O04558,P037,2,193.81
OI00443,O04936,P021,1,443.61
OI00444,O04936,P036,1,15.81
OI00445,O00496,P035,2,67.39
OI00446,O00496,P015,1,441.96
OI00447,O01528,P054,5,310.0
OI00448,O01528,P032,2,364.88
OI00449,O01528,P018,3,252.47
OI00450,O01528,P060,3,349.64
OI00451,O01569,P013,4,417.94
OI00452,O01569,P015,5,441.96
OI00453,O01569,P029,2,384.93
OI00454,O02187,P058,4,114.8
OI00455,O02187,P046,5,23.84
OI00456,O02187,P005,3,267.21
OI00457,O02244,P056,4,28.94
OI00458,O03618,P012,3,86.46
OI00459,O03648,P031,4,90.92
OI00460,O03648,P049,2,34.75
OI00461,O05042,P053,3,123.07
OI00462,O05042,P037,2,193.81
OI00463,O00118,P015,4,441.96
OI00464,O00118,P039,5,409.81
OI00465,O00118,P056,2,28.94
OI00466,O02309,P007,1,345.2
OI00467,O02488,P036,3,15.81
OI00468,O02488,P057,4,91.24
OI00469,O02488,P003,5,215.44
OI00470,O02788,P015,2,441.96
OI00471,O02788,P028,5,185.4
OI00472,O02788,P011,4,54.4
OI00473,O02788,P042,4,358.05
OI00474,O03619,P042,3,358.05
OI00475,O03619,P047,1,116.76
OI00476,O03619,P012,2,86.46
OI00477,O03619,P022,1,358.81
OI00478,O04092,P010,4,383.82
OI00479,O05536,P012,1,86.46
OI00480,O05536,P039,3,409.81
OI00481,O05536,P019,5,135.4
OI00482,O05536,P035,2,67.39
OI00483,O00652,P012,4,86.46
OI00484,O00652,P010,5,383.82
OI00485,O00652,P054,4,310.0
OI00486,O00815,P019,2,135.4
OI00487,O02392,P006,3,380.87
OI00488,O03668,P053,2,123.07
OI00489,O03668,P060,3,349.64
OI00490,O03668,P054,5,310.0
OI00491,O03668,P028,3,185.4
OI00492,O04004,P036,5,15.81
OI00493,O04004,P003,2,215.44
OI00494,O04004,P018,3,252.47
OI00495,O04222,P055,5,29.47
OI00496,O04670,P044,4,356.11
OI00497,O05096,P013,3,417.94
OI00498,O05096,P038,1,133.77
OI00499,O05096,P036,5,15.81
OI00500,O05105,P018,5,252.47
OI00501,O05105,P052,1,155.23
OI00502,O05105,P013,1,417.94
OI00503,O00408,P051,5,389.34
OI00504,O00408,P029,3,384.93
OI00505,O00658,P055,3,29.47
OI00506,O00658,P046,3,23.84
OI00507,O00658,P006,4,380.87
OI00508,O00835,P029,1,384.93
OI00509,O00835,P041,3,76.71
OI00510,O01272,P005,4,267.21
OI00511,O01272,P051,4,389.34
OI00512,O01272,P012,3,86.46
OI00513,O01844,P004,5,27.73
OI00514,O01844,P007,4,345.2
OI00515,O02106,P020,2,62.75
OI00516,O02106,P050,3,182.2
OI00517,O02106,P032,1,364.88
OI00518,O02275,P018,2,252.47
OI00519,O02275,P015,4,441.96
OI00520,O02275,P016,5,407.27
OI00521,O02561,P012,5,86.46
OI00522,O02561,P019,3,135.4
OI00523,O02561,P056,2,28.94
OI00524,O02561,P060,3,349.64
OI00525,O02610,P024,5,29.52
OI00526,O02633,P021,2,443.61
OI00527,O02633,P034,4,271.08
OI00528,O02633,P020,3,62.75
OI00529,O03305,P037,3,193.81
OI00530,O04432,P018,4,252.47
OI00531,O04432,P038,5,133.77
OI00532,O04432,P012,5,86.46
OI00533,O04432,P059,2,10.1
OI00534,O04812,P046,5,23.84
OI00535,O04812,P023,4,416.72
OI00536,O05113,P008,3,157.6
OI00537,O05128,P039,1,409.81
OI00538,O05128,P014,2,11.23
OI00539,O05128,P027,5,9.99
OI00540,O05159,P046,5,23.84
OI00541,O00059,P045,1,296.59
OI00542,O00565,P054,2,310.0
OI00543,O00565,P011,1,54.4
OI00544,O01299,P043,3,447.66
OI00545,O01299,P004,3,27.73
OI00546,O02442,P035,4,67.39
OI00547,O02442,P050,3,182.2
OI00548,O02442,P045,2,296.59
OI00549,O04348,P044,3,356.11
OI00550,O04348,P053,4,123.07
OI00551,O04978,P021,1,443.61
OI00552,O05622,P036,3,15.81
OI00553,O00569,P029,2,384.93
OI00554,O00569,P001,3,378.87
OI00555,O00569,P009,2,384.59
OI00556,O00837,P057,1,91.24
OI00557,O00891,P005,2,267.21
OI00558,O00891,P042,3,358.05
OI00559,O00891,P025,1,349.98
OI00560,O01040,P051,5,389.34
OI00561,O01040,P024,5,29.52
OI00562,O01784,P005,2,267.21
OI00563,O01784,P044,4,356.11
OI00564,O02136,P005,4,267.21
OI00565,O02136,P006,1,380.87
OI00566,O02136,P051,1,389.34
OI00567,O02136,P057,2,91.24
OI00568,O02583,P037,2,193.81
OI00569,O02627,P032,4,364.88
OI00570,O02627,P015,1,441.96
OI00571,O02627,P038,5,133.77
OI00572,O02869,P043,3,447.66
OI00573,O03187,P041,1,76.71
OI00574,O03391,P029,5,384.93
OI00575,O03391,P042,4,358.05
OI00576,O04090,P006,4,380.87
OI00577,O04774,P036,2,15.81
OI00578,O05887,P027,5,9.99
OI00579,O05887,P047,1,116.76
OI00580,O00108,P056,4,28.94
OI00581,O00926,P018,1,252.47
OI00582,O00926,P058,5,114.8
OI00583,O00926,P004,2,27.73
OI00584,O00974,P011,4,54.4
OI00585,O00974,P045,4,296.59
OI00586,O01492,P019,4,135.4
OI00587,O01492,P057,5,91.24
OI00588,O01492,P047,5,116.76
OI00589,O01492,P037,2,193.81
OI00590,O01558,P045,2,296.59
OI00591,O01558,P029,2,384.93
OI00592,O01979,P032,2,364.88
OI00593,O01979,P057,4,91.24
OI00594,O01979,P002,5,181.52
OI00595,O01979,P006,2,380.87
OI00596,O02271,P037,1,193.81
OI00597,O02271,P044,5,356.11
OI00598,O02271,P034,1,271.08
OI00599,O02367,P038,3,133.77
OI00600,O02367,P012,4,86.46
OI00601,O02367,P023,4,416.72
OI00602,O02408,P017,4,391.13
OI00603,O02408,P053,5,123.07
OI00604,O02408,P019,3,135.4
OI00605,O02408,P043,5,447.66
OI00606,O02864,P060,5,349.64
OI00607,O02864,P052,3,155.23
OI00608,O02864,P047,3,116.76
OI00609,O02864,P029,2,384.93
OI00610,O03143,P048,1,146.16
OI00611,O03143,P023,1,416.72
OI00612,O03143,P011,2,54.4
OI00613,O03406,P017,4,391.13
OI00614,O03406,P038,1,133.77
OI00615,O03406,P018,4,252.47
OI00616,O03406,P042,2,358.05
OI00617,O03847,P013,3,417.94
OI00618,O00221,P032,2,364.88
OI00619,O00221,P006,4,380.87
OI00620,O01169,P011,2,54.4
OI00621,O01169,P039,3,409.81
OI00622,O01589,P056,4,28.94
OI00623,O01589,P022,3,358.81
OI00624,O01589,P049,5,34.75
OI00625,O02233,P037,2,193.81
OI00626,O02233,P032,5,364.88
OI00627,O02233,P056,2,28.94
OI00628,O02359,P058,2,114.8
OI00629,O02359,P042,4,358.05
OI00630,O02739,P059,3,10.1
OI00631,O02739,P029,2,384.93
OI00632,O02739,P037,1,193.81
OI00633,O02739,P031,1,90.92
OI00634,O03447,P015,5,441.96
OI00635,O03447,P040,4,296.82
OI00636,O05102,P003,4,215.44
OI00637,O05102,P005,1,267.21
OI00638,O05102,P013,5,417.94
OI00639,O05276,P057,1,91.24
OI00640,O05293,P029,2,384.93
OI00641,O05293,P036,4,15.81
OI00642,O05293,P051,3,389.34
OI00643,O00439,P036,4,15.81
OI00644,O00439,P057,5,91.24
OI00645,O00439,P038,2,133.77
OI00646,O01430,P032,1,364.88
OI00647,O01845,P059,3,10.1
OI00648,O01845,P060,1,349.64
OI00649,O01845,P008,1,157.6
OI00650,O04407,P021,2,443.61
OI00651,O04407,P024,4,29.52
OI00652,O04440,P031,2,90.92
OI00653,O04450,P039,4,409.81
OI00654,O05964,P042,5,358.05
OI00655,O05964,P003,5,215.44
OI00656,O05964,P004,5,27.73
OI00657,O01777,P029,4,384.93
OI00658,O01777,P007,1,345.2
OI00659,O01777,P006,5,380.87
OI00660,O01966,P023,2,416.72
OI00661,O02068,P043,5,447.66
OI00662,O02308,P003,5,215.44
OI00663,O02308,P011,5,54.4
OI00664,O02308,P060,2,349.64
OI00665,O02387,P028,4,185.4
OI00666,O02387,P040,5,296.82
OI00667,O02387,P044,2,356.11
OI00668,O03189,P049,1,34.75
OI00669,O03189,P055,4,29.47
OI00670,O03189,P026,2,29.64
OI00671,O03189,P046,1,23.84
OI00672,O03800,P042,1,358.05
OI00673,O03800,P059,2,10.1
OI00674,O03879,P058,3,114.8
OI00675,O04626,P030,3,268.92
OI00676,O04626,P035,3,67.39
OI00677,O04626,P031,4,90.92
OI00678,O04671,P035,3,67.39
OI00679,O04671,P027,3,9.99
OI00680,O04671,P034,1,271.08
OI00681,O05019,P013,5,417.94
OI00682,O05019,P007,1,345.2
OI00683,O05019,P035,3,67.39
OI00684,O05627,P003,4,215.44
OI00685,O05627,P040,2,296.82
OI00686,O05627,P014,5,11.23
OI00687,O05823,P002,2,181.52
OI00688,O00136,P029,3,384.93
OI00689,O00136,P030,2,268.92
OI00690,O00136,P025,4,349.98
OI00691,O01331,P027,3,9.99
OI00692,O02198,P022,2,358.81
OI00693,O02198,P043,5,447.66
OI00694,O02198,P031,3,90.92
OI00695,O02198,P040,3,296.82
OI00696,O02420,P024,2,29.52
OI00697,O02420,P001,5,378.87
OI00698,O02420,P037,2,193.81
OI00699,O03329,P015,2,441.96
OI00700,O03351,P019,1,135.4
OI00701,O03351,P051,1,389.34
OI00702,O03638,P052,3,155.23
OI00703,O03638,P017,2,391.13
OI00704,O03638,P040,4,296.82
OI00705,O03931,P041,3,76.71
OI00706,O03931,P044,2,356.11
OI00707,O05041,P059,1,10.1
OI00708,O05041,P024,2,29.52
OI00709,O05281,P037,2,193.81
OI00710,O05281,P006,5,380.87
OI00711,O05281,P020,4,62.75
OI00712,O05281,P058,4,114.8
OI00713,O05811,P051,4,389.34
OI00714,O00243,P009,2,384.59
OI00715,O00243,P012,5,86.46
OI00716,O00243,P018,4,252.47
OI00717,O00386,P005,3,267.21
OI00718,O00386,P003,5,215.44
OI00719,O00386,P021,1,443.61
OI00720,O00793,P031,5,90.92
OI00721,O00793,P009,1,384.59
OI00722,O00793,P049,4,34.75
OI00723,O00793,P039,3,409.81
OI00724,O01629,P026,3,29.64
OI00725,O01629,P029,2,384.93
OI00726,O01629,P031,1,90.92
OI00727,O02326,P027,5,9.99
OI00728,O02800,P029,1,384.93
OI00729,O02800,P020,5,62.75
OI00730,O04223,P060,3,349.64
OI00731,O04247,P039,4,409.81
OI00732,O05412,P039,1,409.81
OI00733,O05412,P053,2,123.07
OI00734,O05412,P004,1,27.73
OI00735,O05480,P047,2,116.76
OI00736,O05480,P058,3,114.8
OI00737,O05480,P059,4,10.1
OI00738,O02851,P045,1,296.59
OI00739,O02851,P020,1,62.75
OI00740,O02851,P030,1,268.92
OI00741,O04355,P011,1,54.4
OI00742,O05165,P057,1,91.24
OI00743,O05165,P050,2,182.2
OI00744,O05875,P051,5,389.34
OI00745,O02683,P056,4,28.94
OI00746,O02683,P043,1,447.66
OI00747,O02700,P034,4,271.08
OI00748,O02700,P039,4,409.81
OI00749,O02982,P054,5,310.0
OI00750,O03732,P035,3,67.39
OI00751,O03732,P022,2,358.81
OI00752,O05079,P013,3,417.94
OI00753,O05079,P041,1,76.71
OI00754,O05575,P022,5,358.81
OI00755,O05575,P009,3,384.59
OI00756,O05745,P020,1,62.75
OI00757,O05745,P013,2,417.94
OI00758,O05745,P041,1,76.71
OI00759,O05745,P055,3,29.47
OI00760,O01110,P034,1,271.08
OI00761,O02168,P053,5,123.07
OI00762,O02168,P041,1,76.71
OI00763,O03215,P002,4,181.52
OI00764,O03215,P014,1,11.23
OI00765,O03215,P015,5,441.96
OI00766,O03957,P059,3,10.1
OI00767,O03957,P035,1,67.39
OI00768,O04385,P060,4,349.64
OI00769,O04385,P049,2,34.75
OI00770,O04385,P011,4,54.4
OI00771,O04574,P040,5,296.82
OI00772,O04574,P003,2,215.44
OI00773,O05205,P029,4,384.93
OI00774,O05205,P017,5,391.13
OI00775,O05434,P049,4,34.75
OI00776,O05434,P047,2,116.76
OI00777,O05434,P010,2,383.82
OI00778,O02386,P024,4,29.52
OI00779,O02386,P004,3,27.73
OI00780,O02386,P022,3,358.81
OI00781,O02386,P021,2,443.61
OI00782,O05192,P046,3,23.84
OI00783,O05688,P011,5,54.4
OI00784,O05688,P024,5,29.52
OI00785,O05688,P028,1,185.4
OI00786,O05904,P039,5,409.81
OI00787,O05904,P045,5,296.59
OI00788,O01122,P048,4,146.16
OI00789,O01122,P014,2,11.23
OI00790,O01122,P040,1,296.82
OI00791,O01622,P053,1,123.07
OI00792,O01622,P035,2,67.39
OI00793,O01622,P048,5,146.16
OI00794,O02262,P052,3,155.23
OI00795,O04233,P004,4,27.73
OI00796,O04233,P006,4,380.87
OI00797,O04233,P029,4,384.93
OI00798,O00775,P029,3,384.93
OI00799,O00775,P032,1,364.88
OI00800,O00775,P013,1,417.94
OI00801,O01126,P044,2,356.11
OI00802,O01126,P059,1,10.1
OI00803,O01954,P009,1,384.59
OI00804,O01954,P001,5,378.87
OI00805,O01954,P036,1,15.81
OI00806,O01954,P051,3,389.34
OI00807,O01999,P038,4,133.77
OI00808,O04649,P041,4,76.71
OI00809,O04649,P023,1,416.72
OI00810,O04649,P002,3,181.52
OI00811,O04649,P049,5,34.75
OI00812,O05462,P058,4,114.8
OI00813,O05462,P050,1,182.2
OI00814,O05462,P016,3,407.27
OI00815,O00550,P046,5,23.84
OI00816,O00550,P011,5,54.4
OI00817,O01536,P046,2,23.84
OI00818,O01536,P024,2,29.52
OI00819,O01536,P030,3,268.92
OI00820,O02000,P044,5,356.11
OI00821,O03221,P014,4,11.23
OI00822,O03221,P037,5,193.81
OI00823,O03221,P009,3,384.59
OI00824,O03267,P036,1,15.81
OI00825,O03267,P051,3,389.34
OI00826,O03267,P003,1,215.44
OI00827,O03267,P032,5,364.88
OI00828,O03341,P043,1,447.66
OI00829,O03341,P004,3,27.73
OI00830,O03341,P037,5,193.81
OI00831,O03473,P051,4,389.34
OI00832,O03473,P004,5,27.73
OI00833,O03494,P016,1,407.27
OI00834,O03494,P011,2,54.4
OI00835,O03545,P027,2,9.99
OI00836,O03545,P008,5,157.6
OI00837,O03545,P028,1,185.4
OI00838,O04195,P048,2,146.16
OI00839,O04839,P042,5,358.05
OI00840,O04839,P054,1,310.0
OI00841,O04839,P016,2,407.27
OI00842,O05613,P047,4,116.76
OI00843,O05697,P033,2,68.48
OI00844,O05697,P043,2,447.66
OI00845,O05697,P020,2,62.75
OI00846,O00041,P047,2,116.76
OI00847,O00371,P020,3,62.75
OI00848,O00577,P004,4,27.73
OI00849,O00577,P002,4,181.52
OI00850,O00577,P007,4,345.2
OI00851,O00683,P004,4,27.73
OI00852,O00683,P041,4,76.71
OI00853,O00683,P021,5,443.61
OI00854,O01373,P047,2,116.76
OI00855,O01373,P022,4,358.81
OI00856,O01566,P027,1,9.99
OI00857,O01566,P005,1,267.21
OI00858,O03144,P015,2,441.96
OI00859,O03144,P053,5,123.07
OI00860,O03534,P021,5,443.61
OI00861,O03761,P030,4,268.92
OI00862,O03761,P038,4,133.77
OI00863,O03761,P056,3,28.94
OI00864,O04133,P060,2,349.64
OI00865,O04524,P002,3,181.52
OI00866,O04524,P013,3,417.94
OI00867,O04524,P035,2,67.39
OI00868,O04524,P051,3,389.34
OI00869,O05018,P056,4,28.94
OI00870,O05018,P057,3,91.24
OI00871,O05058,P013,2,417.94
OI00872,O05058,P010,4,383.82
OI00873,O05202,P051,2,389.34
OI00874,O05202,P046,5,23.84
OI00875,O05202,P027,1,9.99
OI00876,O05656,P007,5,345.2
OI00877,O05656,P048,1,146.16
OI00878,O05656,P035,3,67.39
OI00879,O02236,P017,2,391.13
OI00880,O02236,P014,1,11.23
OI00881,O02681,P056,3,28.94
OI00882,O02681,P030,4,268.92
OI00883,O02681,P055,1,29.47
OI00884,O02971,P054,5,310.0
OI00885,O02971,P048,4,146.16
OI00886,O02996,P048,2,146.16
OI00887,O02996,P035,2,67.39
OI00888,O02996,P014,1,11.23
OI00889,O02996,P053,1,123.07
OI00890,O03966,P051,1,389.34
OI00891,O03966,P019,1,135.4
OI00892,O03966,P029,1,384.93
OI00893,O04289,P057,1,91.24
OI00894,O05393,P043,2,447.66
OI00895,O05393,P017,3,391.13
OI00896,O05393,P007,5,345.2
OI00897,O05393,P050,5,182.2
OI00898,O05614,P011,2,54.4
OI00899,O05614,P037,1,193.81
OI00900,O00551,P022,5,358.81
OI00901,O00553,P060,1,349.64
OI00902,O00553,P040,1,296.82
OI00903,O00617,P013,5,417.94
OI00904,O00617,P039,2,409.81
OI00905,O00776,P002,4,181.52
OI00906,O00776,P006,3,380.87
OI00907,O00776,P046,4,23.84
OI00908,O00776,P034,5,271.08
OI00909,O01123,P029,4,384.93
OI00910,O01123,P023,1,416.72
OI00911,O01123,P008,5,157.6
OI00912,O01123,P045,2,296.59
OI00913,O01317,P033,5,68.48
OI00914,O01317,P034,2,271.08
OI00915,O02278,P009,4,384.59
OI00916,O02278,P057,1,91.24
OI00917,O02278,P007,2,345.2
OI00918,O02567,P059,1,10.1
OI00919,O04566,P033,1,68.48
OI00920,O04793,P037,1,193.81
OI00921,O05493,P015,4,441.96
OI00922,O05493,P001,3,378.87
OI00923,O00010,P055,1,29.47
OI00924,O00010,P018,2,252.47
OI00925,O00010,P040,1,296.82
OI00926,O00394,P008,2,157.6
OI00927,O00394,P057,5,91.24
OI00928,O00938,P055,1,29.47
OI00929,O00938,P041,5,76.71
OI00930,O00938,P004,3,27.73
OI00931,O02981,P036,3,15.81
OI00932,O02981,P018,2,252.47
OI00933,O04615,P039,5,409.81
OI00934,O04615,P015,1,441.96
OI00935,O04615,P056,4,28.94
OI00936,O04823,P044,2,356.11
OI00937,O01086,P054,3,310.0
OI00938,O01086,P034,5,271.08
OI00939,O01086,P037,5,193.81
OI00940,O01086,P004,1,27.73
OI00941,O01898,P027,1,9.99
OI00942,O01898,P045,5,296.59
OI00943,O02112,P034,2,271.08
OI00944,O02112,P002,3,181.52
OI00945,O02112,P027,3,9.99
OI00946,O03444,P007,2,345.2
OI00947,O03454,P016,3,407.27
OI00948,O03454,P022,4,358.81
OI00949,O03454,P060,1,349.64
OI00950,O04036,P010,4,383.82
OI00951,O04036,P023,5,416.72
OI00952,O04091,P053,1,123.07
OI00953,O04091,P047,4,116.76
OI00954,O04091,P007,3,345.2
OI00955,O04518,P025,4,349.98
OI00956,O04518,P033,4,68.48
OI00957,O04518,P036,3,15.81
OI00958,O04875,P044,5,356.11
OI00959,O05420,P058,3,114.8
OI00960,O05712,P042,5,358.05
OI00961,O05712,P046,4,23.84
OI00962,O05712,P019,5,135.4
OI00963,O05712,P031,5,90.92
OI00964,O00880,P020,3,62.75
OI00965,O00880,P030,4,268.92
OI00966,O00880,P011,2,54.4
OI00967,O01395,P053,2,123.07
OI00968,O02983,P002,2,181.52
OI00969,O02983,P056,3,28.94
OI00970,O02983,P037,3,193.81
OI00971,O03082,P020,2,62.75
OI00972,O03082,P024,1,29.52
OI00973,O03082,P011,5,54.4
OI00974,O04506,P009,5,384.59
OI00975,O04506,P051,3,389.34
OI00976,O04684,P045,3,296.59
OI00977,O05270,P059,3,10.1
OI00978,O05270,P005,4,267.21
OI00979,O05270,P016,3,407.27
OI00980,O05270,P015,4,441.96
OI00981,O05574,P010,3,383.82
OI00982,O00796,P032,1,364.88
OI00983,O00796,P020,5,62.75
OI00984,O00796,P018,4,252.47
OI00985,O01049,P052,2,155.23
OI00986,O01049,P054,1,310.0
OI00987,O02779,P009,5,384.59
OI00988,O02779,P033,1,68.48
OI00989,O02779,P046,3,23.84
OI00990,O02779,P057,3,91.24
OI00991,O02860,P050,3,182.2
OI00992,O03067,P012,2,86.46
OI00993,O03067,P050,1,182.2
OI00994,O03067,P021,5,443.61
OI00995,O03681,P016,2,407.27
OI00996,O03681,P013,4,417.94
OI00997,O03681,P018,3,252.47
OI00998,O00634,P022,3,358.81
OI00999,O00634,P031,5,90.92
OI01000,O00764,P031,2,90.92
OI01001,O01145,P004,4,27.73
OI01002,O01145,P018,4,252.47
OI01003,O02666,P052,3,155.23
OI01004,O02881,P010,5,383.82
OI01005,O02881,P029,5,384.93
OI01006,O02881,P037,1,193.81
OI01007,O03102,P031,3,90.92
OI01008,O03102,P049,5,34.75
OI01009,O03523,P010,4,383.82
OI01010,O03523,P024,4,29.52
OI01011,O03523,P003,4,215.44
OI01012,O04862,P033,3,68.48
OI01013,O04862,P012,5,86.46
OI01014,O04862,P019,4,135.4
OI01015,O04862,P049,1,34.75
OI01016,O04981,P037,5,193.81
OI01017,O04981,P011,2,54.4
OI01018,O04981,P035,3,67.39
OI01019,O05084,P025,3,349.98
OI01020,O05717,P030,2,268.92
OI01021,O05717,P022,3,358.81
OI01022,O05717,P047,4,116.76
OI01023,O05962,P047,2,116.76
OI01024,O05965,P044,3,356.11
OI01025,O00456,P044,1,356.11
OI01026,O00790,P018,3,252.47
OI01027,O00790,P010,5,383.82
OI01028,O00790,P053,1,123.07
OI01029,O00851,P007,3,345.2
OI01030,O01908,P033,5,68.48
OI01031,O01908,P005,4,267.21
OI01032,O03610,P056,3,28.94
OI01033,O03610,P026,4,29.64
OI01034,O03610,P030,4,268.92
OI01035,O04968,P026,5,29.64
OI01036,O04968,P032,5,364.88
OI01037,O04968,P056,5,28.94
OI01038,O05164,P053,5,123.07
OI01039,O05164,P029,1,384.93
OI01040,O05164,P028,5,185.4
OI01041,O05298,P025,1,349.98
OI01042,O05298,P053,2,123.07
OI01043,O05298,P055,3,29.47
OI01044,O05917,P021,2,443.61
OI01045,O00765,P001,2,378.87
OI01046,O00765,P029,4,384.93
OI01047,O00765,P052,1,155.23
OI01048,O00765,P053,4,123.07
OI01049,O01064,P036,1,15.81
OI01050,O01064,P032,5,364.88
OI01051,O01064,P040,5,296.82
OI01052,O02095,P002,3,181.52
OI01053,O02095,P032,2,364.88
OI01054,O02095,P056,2,28.94
OI01055,O02926,P017,1,391.13
OI01056,O02926,P043,5,447.66
OI01057,O02926,P042,1,358.05
OI01058,O02926,P038,5,133.77
OI01059,O03337,P060,2,349.64
OI01060,O03337,P011,3,54.4
OI01061,O03337,P031,5,90.92
OI01062,O03401,P048,2,146.16
OI01063,O03934,P030,4,268.92
OI01064,O03934,P032,2,364.88
OI01065,O03934,P047,2,116.76
OI01066,O04094,P044,5,356.11
OI01067,O04094,P051,4,389.34
OI01068,O04094,P022,2,358.81
OI01069,O04094,P038,2,133.77
OI01070,O05774,P056,4,28.94
OI01071,O00474,P020,3,62.75
OI01072,O00474,P039,5,409.81
OI01073,O01022,P014,4,11.23
OI01074,O01022,P053,2,123.07
OI01075,O01022,P050,3,182.2
OI01076,O01022,P059,2,10.1
OI01077,O01982,P015,1,441.96
OI01078,O01982,P001,3,378.87
OI01079,O01982,P037,3,193.81
OI01080,O02319,P055,3,29.47
OI01081,O02319,P025,5,349.98
OI01082,O02319,P054,2,310.0
OI01083,O02737,P004,4,27.73
OI01084,O02737,P013,4,417.94
OI01085,O02737,P045,1,296.59
OI01086,O04397,P058,2,114.8
OI01087,O04397,P003,1,215.44
OI01088,O05617,P037,5,193.81
OI01089,O05617,P053,1,123.07
OI01090,O05824,P052,4,155.23
OI01091,O05824,P038,1,133.77
OI01092,O05851,P010,4,383.82
OI01093,O05851,P033,5,68.48
OI01094,O00287,P025,3,349.98
OI01095,O00287,P055,5,29.47
OI01096,O00287,P053,4,123.07
OI01097,O00787,P011,1,54.4
OI01098,O00787,P022,2,358.81
OI01099,O00787,P050,5,182.2
OI01100,O01984,P031,3,90.92
OI01101,O01984,P033,3,68.48
OI01102,O01984,P052,4,155.23
OI01103,O05064,P027,4,9.99
OI01104,O05064,P016,5,407.27
OI01105,O05064,P005,5,267.21
OI01106,O05919,P035,2,67.39
OI01107,O00446,P014,1,11.23
OI01108,O00446,P001,2,378.87
OI01109,O01024,P006,3,380.87
OI01110,O01024,P032,5,364.88
OI01111,O01024,P025,1,349.98
OI01112,O01508,P028,5,185.4
OI01113,O01508,P018,5,252.47
OI01114,O01508,P050,4,182.2
OI01115,O03422,P041,2,76.71
OI01116,O03422,P016,4,407.27
OI01117,O03422,P059,3,10.1
OI01118,O03886,P019,2,135.4
OI01119,O03886,P038,1,133.77
OI01120,O04759,P055,1,29.47
OI01121,O05010,P012,4,86.46
OI01122,O05010,P058,5,114.8
OI01123,O05010,P036,3,15.81
OI01124,O05010,P010,4,383.82
OI01125,O05126,P059,2,10.1
OI01126,O05388,P037,2,193.81
OI01127,O05388,P024,3,29.52
OI01128,O05388,P020,3,62.75
OI01129,O05497,P015,3,441.96
OI01130,O00814,P009,2,384.59
OI01131,O00814,P007,5,345.2
OI01132,O00814,P015,3,441.96
OI01133,O00814,P044,5,356.11
OI01134,O02005,P013,1,417.94
OI01135,O02241,P007,5,345.2
OI01136,O02241,P005,3,267.21
OI01137,O02241,P023,5,416.72
OI01138,O02745,P005,4,267.21
OI01139,O02745,P055,3,29.47
OI01140,O02745,P053,2,123.07
OI01141,O02815,P011,5,54.4
OI01142,O02815,P009,4,384.59
OI01143,O02815,P041,3,76.71
OI01144,O03052,P031,2,90.92
OI01145,O03052,P043,1,447.66
OI01146,O03052,P008,5,157.6
OI01147,O05605,P041,3,76.71
OI01148,O05605,P020,2,62.75
OI01149,O05793,P005,4,267.21
OI01150,O05793,P052,4,155.23
OI01151,O05793,P009,2,384.59
OI01152,O05871,P016,2,407.27
OI01153,O05871,P010,1,383.82
OI01154,O01232,P039,5,409.81
OI01155,O01232,P054,5,310.0
OI01156,O01232,P045,4,296.59
OI01157,O01232,P055,1,29.47
OI01158,O03544,P058,4,114.8
OI01159,O04181,P057,5,91.24
OI01160,O04181,P055,2,29.47
OI01161,O04181,P011,1,54.4
OI01162,O04623,P034,5,271.08
OI01163,O04623,P048,5,146.16
OI01164,O04623,P029,3,384.93
OI01165,O04623,P033,3,68.48
OI01166,O05636,P015,4,441.96
OI01167,O00154,P051,4,389.34
OI01168,O00154,P059,5,10.1
OI01169,O00154,P029,5,384.93
OI01170,O00425,P056,2,28.94
OI01171,O00425,P047,3,116.76
OI01172,O01124,P007,4,345.2
OI01173,O01699,P030,3,268.92
OI01174,O01843,P042,4,358.05
OI01175,O01843,P033,5,68.48
OI01176,O01843,P007,1,345.2
OI01177,O03063,P027,4,9.99
OI01178,O00894,P025,4,349.98
OI01179,O00894,P026,4,29.64
OI01180,O00894,P014,4,11.23
OI01181,O01120,P037,5,193.81
OI01182,O01810,P017,3,391.13
OI01183,O01810,P060,4,349.64
OI01184,O02107,P056,1,28.94
OI01185,O02107,P007,2,345.2
OI01186,O02107,P040,2,296.82
OI01187,O02371,P038,1,133.77
OI01188,O03078,P048,1,146.16
OI01189,O03078,P025,5,349.98
OI01190,O03744,P007,4,345.2
OI01191,O04597,P017,4,391.13
OI01192,O04606,P001,4,378.87
OI01193,O04606,P054,2,310.0
OI01194,O04726,P021,3,443.61
OI01195,O04784,P003,3,215.44
OI01196,O05769,P042,5,358.05
OI01197,O05769,P054,2,310.0
OI01198,O05906,P043,4,447.66
OI01199,O00852,P028,4,185.4
OI01200,O00852,P058,1,114.8
OI01201,O01343,P051,2,389.34
OI01202,O01343,P028,5,185.4
OI01203,O01343,P020,2,62.75
OI01204,O01728,P034,1,271.08
OI01205,O01728,P036,5,15.81
OI01206,O01728,P002,5,181.52
OI01207,O02710,P038,3,133.77
OI01208,O02710,P012,5,86.46
OI01209,O04129,P001,3,378.87
OI01210,O04129,P028,3,185.4
OI01211,O04129,P036,5,15.81
OI01212,O00497,P015,1,441.96
OI01213,O00497,P006,5,380.87
OI01214,O00497,P039,4,409.81
OI01215,O00976,P052,5,155.23
OI01216,O01436,P042,4,358.05
OI01217,O01617,P043,5,447.66
OI01218,O01617,P055,2,29.47
OI01219,O02191,P041,1,76.71
OI01220,O02191,P051,3,389.34
OI01221,O02919,P012,4,86.46
OI01222,O02919,P032,1,364.88
OI01223,O03372,P007,5,345.2
OI01224,O03372,P030,4,268.92
OI01225,O03372,P023,3,416.72
OI01226,O04534,P028,4,185.4
OI01227,O04534,P040,3,296.82
OI01228,O04534,P050,5,182.2
OI01229,O05784,P032,4,364.88
OI01230,O05784,P038,5,133.77
OI01231,O05784,P056,1,28.94
OI01232,O05826,P044,3,356.11
OI01233,O05826,P034,2,271.08
OI01234,O05826,P016,5,407.27
OI01235,O05826,P051,4,389.34
OI01236,O00180,P049,2,34.75
OI01237,O00180,P028,1,185.4
OI01238,O00180,P044,2,356.11
OI01239,O00180,P033,1,68.48
OI01240,O02670,P042,2,358.05
OI01241,O02670,P054,3,310.0
OI01242,O02670,P058,5,114.8
OI01243,O02670,P016,2,407.27
OI01244,O02733,P002,3,181.52
OI01245,O02733,P006,5,380.87
OI01246,O04990,P018,3,252.47
OI01247,O04990,P011,4,54.4
OI01248,O05286,P038,5,133.77
OI01249,O05286,P018,3,252.47
OI01250,O05286,P007,3,345.2
OI01251,O05396,P018,3,252.47
OI01252,O05616,P051,4,389.34
OI01253,O05616,P056,2,28.94
OI01254,O01925,P041,3,76.71
OI01255,O01925,P006,3,380.87
OI01256,O01925,P047,4,116.76
OI01257,O01925,P035,5,67.39
OI01258,O02631,P058,3,114.8
OI01259,O02631,P052,2,155.23
OI01260,O02631,P043,2,447.66
OI01261,O03448,P014,5,11.23
OI01262,O03448,P050,1,182.2
OI01263,O03448,P038,3,133.77
OI01264,O03756,P005,1,267.21
OI01265,O03756,P013,4,417.94
OI01266,O03756,P009,5,384.59
OI01267,O03756,P010,5,383.82
OI01268,O04292,P049,2,34.75
OI01269,O04292,P029,5,384.93
OI01270,O04292,P056,4,28.94
OI01271,O01146,P047,2,116.76
OI01272,O01146,P028,1,185.4
OI01273,O01146,P039,2,409.81
OI01274,O01330,P046,5,23.84
OI01275,O01330,P009,1,384.59
OI01276,O01330,P033,5,68.48
OI01277,O01330,P056,5,28.94
OI01278,O01638,P018,5,252.47
OI01279,O01638,P005,2,267.21
OI01280,O01638,P015,2,441.96
OI01281,O01638,P028,2,185.4
OI01282,O04596,P059,4,10.1
OI01283,O04596,P043,3,447.66
OI01284,O04596,P009,3,384.59
OI01285,O05065,P045,3,296.59
OI01286,O05065,P037,2,193.81
OI01287,O05247,P047,2,116.76
OI01288,O05247,P040,1,296.82
OI01289,O05247,P060,1,349.64
OI01290,O00127,P046,1,23.84
OI01291,O00127,P006,4,380.87
OI01292,O00127,P043,2,447.66
OI01293,O00604,P012,4,86.46
OI01294,O00604,P033,3,68.48
OI01295,O00767,P028,3,185.4
OI01296,O00767,P047,1,116.76
OI01297,O00767,P017,3,391.13
OI01298,O00767,P010,4,383.82
OI01299,O01990,P010,3,383.82
OI01300,O02369,P032,2,364.88
OI01301,O04065,P004,2,27.73
OI01302,O04065,P047,5,116.76
OI01303,O04065,P024,4,29.52
OI01304,O04653,P017,5,391.13
OI01305,O04653,P006,3,380.87
OI01306,O04653,P004,4,27.73
OI01307,O05191,P029,4,384.93
OI01308,O05191,P053,1,123.07
OI01309,O05191,P022,5,358.81
OI01310,O00330,P010,5,383.82
OI01311,O01568,P037,1,193.81
OI01312,O01568,P004,1,27.73
OI01313,O01568,P023,5,416.72
OI01314,O01568,P005,1,267.21
OI01315,O01998,P007,4,345.2
OI01316,O01998,P030,3,268.92
OI01317,O02010,P030,3,268.92
OI01318,O02010,P049,2,34.75
OI01319,O03687,P018,2,252.47
OI01320,O03687,P008,4,157.6
OI01321,O03687,P038,5,133.77
OI01322,O03687,P021,5,443.61
OI01323,O03838,P025,1,349.98
OI01324,O03838,P048,3,146.16
OI01325,O03838,P002,1,181.52
OI01326,O03838,P058,1,114.8
OI01327,O04873,P016,1,407.27
OI01328,O04873,P059,5,10.1
OI01329,O04873,P027,3,9.99
OI01330,O04873,P054,3,310.0
OI01331,O05509,P012,5,86.46
OI01332,O05588,P043,4,447.66
OI01333,O05666,P007,4,345.2
OI01334,O05666,P058,2,114.8
OI01335,O01906,P041,3,76.71
OI01336,O02047,P015,3,441.96
OI01337,O02047,P038,1,133.77
OI01338,O02518,P027,5,9.99
OI01339,O02518,P013,2,417.94
OI01340,O03936,P060,3,349.64
OI01341,O03936,P001,3,378.87
OI01342,O03936,P015,3,441.96
OI01343,O05408,P002,3,181.52
OI01344,O05408,P022,1,358.81
OI01345,O05408,P049,1,34.75
OI01346,O05408,P046,2,23.84
OI01347,O05537,P032,3,364.88
OI01348,O05537,P049,4,34.75
OI01349,O00013,P031,5,90.92
OI01350,O00013,P042,4,358.05
OI01351,O00013,P048,1,146.16
OI01352,O00969,P002,3,181.52
OI01353,O00969,P057,4,91.24
OI01354,O00969,P050,5,182.2
OI01355,O00969,P026,2,29.64
OI01356,O01484,P006,4,380.87
OI01357,O01894,P021,1,443.61
OI01358,O01894,P001,5,378.87
OI01359,O01894,P003,2,215.44
OI01360,O02141,P052,3,155.23
OI01361,O02647,P032,2,364.88
OI01362,O03126,P027,2,9.99
OI01363,O03126,P059,2,10.1
OI01364,O03126,P060,4,349.64
OI01365,O03126,P016,3,407.27
OI01366,O04859,P057,1,91.24
OI01367,O05263,P015,5,441.96
OI01368,O05263,P039,5,409.81
OI01369,O00850,P042,1,358.05
OI01370,O00850,P045,5,296.59
OI01371,O00896,P043,5,447.66
OI01372,O01491,P042,5,358.05
OI01373,O01855,P016,5,407.27
OI01374,O02752,P036,5,15.81
OI01375,O04376,P014,1,11.23
OI01376,O04376,P002,1,181.52
OI01377,O04376,P025,3,349.98
OI01378,O04446,P026,5,29.64
OI01379,O04446,P046,1,23.84
OI01380,O04642,P027,2,9.99
OI01381,O04642,P031,2,90.92
OI01382,O04642,P055,3,29.47
OI01383,O05595,P028,5,185.4
OI01384,O00654,P028,5,185.4
OI01385,O01142,P059,1,10.1
OI01386,O01142,P047,1,116.76
OI01387,O01142,P038,2,133.77
OI01388,O01231,P047,3,116.76
OI01389,O01231,P026,3,29.64
OI01390,O01956,P042,4,358.05
OI01391,O03041,P004,2,27.73
OI01392,O03041,P041,5,76.71
OI01393,O03041,P051,2,389.34
OI01394,O03393,P014,4,11.23
OI01395,O03935,P014,4,11.23
OI01396,O03935,P059,1,10.1
OI01397,O03935,P025,3,349.98
OI01398,O01719,P019,2,135.4
OI01399,O01744,P017,5,391.13
OI01400,O02003,P025,2,349.98
OI01401,O02003,P032,4,364.88
OI01402,O02003,P005,1,267.21
OI01403,O03014,P023,2,416.72
OI01404,O03014,P008,5,157.6
OI01405,O03581,P032,5,364.88
OI01406,O03581,P020,3,62.75
OI01407,O03878,P009,3,384.59
OI01408,O03878,P030,4,268.92
OI01409,O05066,P058,2,114.8
OI01410,O05375,P036,3,15.81
OI01411,O05970,P023,3,416.72
OI01412,O05970,P053,5,123.07
OI01413,O00847,P016,4,407.27
OI01414,O00847,P051,4,389.34
OI01415,O01043,P014,1,11.23
OI01416,O01043,P034,3,271.08
OI01417,O01099,P008,5,157.6
OI01418,O01099,P042,5,358.05
OI01419,O01099,P010,1,383.82
OI01420,O04213,P031,2,90.92
OI01421,O04213,P012,3,86.46
OI01422,O04724,P006,5,380.87
OI01423,O04883,P030,4,268.92
OI01424,O04883,P054,2,310.0
OI01425,O05780,P054,5,310.0
OI01426,O05780,P017,2,391.13
OI01427,O05780,P020,2,62.75
OI01428,O05780,P060,5,349.64
OI01429,O05888,P029,2,384.93
OI01430,O05888,P023,3,416.72
OI01431,O05888,P006,2,380.87
OI01432,O00548,P030,4,268.92
OI01433,O00548,P012,1,86.46
OI01434,O00548,P049,3,34.75
OI01435,O01140,P047,1,116.76
OI01436,O05007,P017,3,391.13
OI01437,O05007,P044,3,356.11
OI01438,O05601,P001,4,378.87
OI01439,O05601,P014,2,11.23
OI01440,O05601,P011,4,54.4
OI01441,O05601,P028,2,185.4
OI01442,O00298,P025,3,349.98
OI01443,O02089,P042,2,358.05
OI01444,O02089,P043,3,447.66
OI01445,O02865,P037,3,193.81
OI01446,O02865,P058,4,114.8
OI01447,O03049,P018,2,252.47
OI01448,O03049,P011,2,54.4
OI01449,O03049,P013,5,417.94
OI01450,O04490,P006,3,380.87
OI01451,O04490,P051,4,389.34
OI01452,O04490,P042,2,358.05
OI01453,O04490,P052,2,155.23
OI01454,O05726,P039,5,409.81
OI01455,O05726,P046,5,23.84
OI01456,O00438,P047,2,116.76
OI01457,O00438,P018,1,252.47
OI01458,O00984,P049,4,34.75
OI01459,O00984,P048,5,146.16
OI01460,O01254,P006,5,380.87
OI01461,O01254,P047,4,116.76
OI01462,O02412,P040,5,296.82
OI01463,O03561,P004,3,27.73
OI01464,O03561,P008,3,157.6
OI01465,O03561,P052,5,155.23
OI01466,O03561,P054,2,310.0
OI01467,O03885,P017,2,391.13
OI01468,O03885,P032,3,364.88
OI01469,O03885,P013,3,417.94
OI01470,O04251,P050,3,182.2
OI01471,O04251,P059,5,10.1
OI01472,O04491,P014,1,11.23
OI01473,O04491,P023,4,416.72
OI01474,O04631,P005,4,267.21
OI01475,O04631,P038,1,133.77
OI01476,O04631,P035,3,67.39
OI01477,O05183,P023,1,416.72
OI01478,O05183,P007,1,345.2
OI01479,O05183,P052,5,155.23
OI01480,O05184,P039,2,409.81
OI01481,O05184,P013,5,417.94
OI01482,O05184,P047,5,116.76
OI01483,O05289,P017,3,391.13
OI01484,O05289,P020,5,62.75
OI01485,O05604,P010,1,383.82
OI01486,O05604,P033,5,68.48
OI01487,O05604,P039,3,409.81
OI01488,O05607,P003,3,215.44
OI01489,O05607,P059,5,10.1
OI01490,O05607,P016,5,407.27
OI01491,O00667,P041,1,76.71
OI01492,O00667,P037,3,193.81
OI01493,O00667,P040,2,296.82
OI01494,O00889,P049,4,34.75
OI01495,O00889,P013,5,417.94
OI01496,O01459,P051,5,389.34
OI01497,O02832,P010,2,383.82
OI01498,O02832,P018,2,252.47
OI01499,O02832,P027,3,9.99
OI01500,O03854,P012,5,86.46
OI01501,O04040,P018,5,252.47
OI01502,O04040,P038,3,133.77
OI01503,O04040,P037,1,193.81
OI01504,O04040,P004,3,27.73
OI01505,O04361,P024,1,29.52
OI01506,O05053,P043,3,447.66
OI01507,O05053,P059,5,10.1
OI01508,O05133,P046,1,23.84
OI01509,O05133,P013,5,417.94
OI01510,O05133,P027,5,9.99
OI01511,O05133,P042,3,358.05
OI01512,O05579,P006,5,380.87
OI01513,O05579,P026,2,29.64
OI01514,O05579,P047,5,116.76
OI01515,O05779,P011,2,54.4
OI01516,O05779,P014,4,11.23
OI01517,O05779,P002,3,181.52
OI01518,O05838,P012,5,86.46
OI01519,O00160,P006,1,380.87
OI01520,O00160,P044,3,356.11
OI01521,O00160,P024,2,29.52
OI01522,O00160,P051,4,389.34
OI01523,O00178,P010,2,383.82
OI01524,O00178,P030,2,268.92
OI01525,O00178,P023,3,416.72
OI01526,O03163,P029,1,384.93
OI01527,O04207,P038,1,133.77
OI01528,O04237,P052,1,155.23
OI01529,O04237,P046,4,23.84
OI01530,O04237,P011,4,54.4
OI01531,O04844,P042,2,358.05
OI01532,O04844,P047,1,116.76
OI01533,O04886,P046,5,23.84
OI01534,O04886,P030,4,268.92
OI01535,O04886,P056,4,28.94
OI01536,O00383,P036,5,15.81
OI01537,O00383,P041,1,76.71
OI01538,O00383,P011,2,54.4
OI01539,O00383,P006,3,380.87
OI01540,O01296,P056,1,28.94
OI01541,O02012,P012,1,86.46
OI01542,O02012,P025,1,349.98
OI01543,O02012,P051,4,389.34
OI01544,O02639,P056,5,28.94
OI01545,O02639,P023,4,416.72
OI01546,O02639,P021,2,443.61
OI01547,O02838,P009,4,384.59
OI01548,O02838,P008,1,157.6
OI01549,O02838,P050,5,182.2
OI01550,O02845,P039,2,409.81
OI01551,O02845,P040,3,296.82
OI01552,O02845,P016,1,407.27
OI01553,O03483,P035,3,67.39
OI01554,O03483,P037,5,193.81
OI01555,O03483,P010,5,383.82
OI01556,O04637,P010,1,383.82
OI01557,O04637,P056,1,28.94
OI01558,O04637,P003,5,215.44
OI01559,O04748,P014,4,11.23
OI01560,O04748,P056,3,28.94
OI01561,O04748,P021,1,443.61
OI01562,O05455,P016,3,407.27
OI01563,O05455,P012,4,86.46
OI01564,O00050,P007,2,345.2
OI01565,O00050,P060,4,349.64
OI01566,O01806,P037,1,193.81
OI01567,O01806,P034,3,271.08
OI01568,O01806,P053,1,123.07
OI01569,O03089,P052,3,155.23
OI01570,O03089,P037,3,193.81
OI01571,O04183,P046,5,23.84
OI01572,O04183,P009,1,384.59
OI01573,O04183,P024,5,29.52
OI01574,O04261,P044,4,356.11
OI01575,O04261,P027,5,9.99
OI01576,O04261,P048,3,146.16
OI01577,O04261,P060,3,349.64
OI01578,O04330,P036,5,15.81
OI01579,O04330,P007,2,345.2
OI01580,O04330,P049,1,34.75
OI01581,O04366,P058,3,114.8
OI01582,O04366,P038,2,133.77
OI01583,O04398,P023,1,416.72
OI01584,O04398,P011,2,54.4
OI01585,O05558,P002,4,181.52
OI01586,O05558,P003,1,215.44
OI01587,O05558,P019,1,135.4
OI01588,O05843,P012,1,86.46
OI01589,O00964,P055,3,29.47
OI01590,O00964,P024,1,29.52
OI01591,O00964,P003,5,215.44
OI01592,O01015,P008,2,157.6
OI01593,O01015,P018,1,252.47
OI01594,O01015,P054,1,310.0
OI01595,O01015,P041,1,76.71
OI01596,O01102,P033,5,68.48
OI01597,O01102,P037,3,193.81
OI01598,O01102,P049,1,34.75
OI01599,O01401,P013,4,417.94
OI01600,O01401,P045,1,296.59
OI01601,O01620,P039,5,409.81
OI01602,O01620,P016,3,407.27
OI01603,O01620,P035,1,67.39
OI01604,O01875,P024,5,29.52
OI01605,O01875,P041,2,76.71
OI01606,O01875,P016,1,407.27
OI01607,O02482,P026,5,29.64
OI01608,O02482,P038,3,133.77
OI01609,O02482,P028,1,185.4
OI01610,O03203,P028,3,185.4
OI01611,O03203,P016,3,407.27
OI01612,O03203,P023,4,416.72
OI01613,O03203,P047,1,116.76
OI01614,O03360,P055,1,29.47
OI01615,O03360,P022,4,358.81
OI01616,O03360,P032,3,364.88
OI01617,O03360,P025,3,349.98
OI01618,O03643,P029,3,384.93
OI01619,O03643,P022,3,358.81
OI01620,O03932,P003,2,215.44
OI01621,O03932,P054,1,310.0
OI01622,O03932,P053,5,123.07
OI01623,O04725,P027,5,9.99
OI01624,O04725,P034,2,271.08
OI01625,O04795,P055,2,29.47
OI01626,O04795,P059,1,10.1
OI01627,O04795,P034,2,271.08
OI01628,O04795,P028,3,185.4
OI01629,O05162,P028,3,185.4
OI01630,O00362,P002,3,181.52
OI01631,O00362,P043,1,447.66
OI01632,O01370,P039,2,409.81
OI01633,O01370,P014,1,11.23
OI01634,O01770,P053,5,123.07
OI01635,O02505,P041,3,76.71
OI01636,O02505,P024,3,29.52
OI01637,O02505,P043,1,447.66
OI01638,O02505,P026,4,29.64
OI01639,O02663,P007,3,345.2
OI01640,O04868,P016,2,407.27
OI01641,O04868,P018,1,252.47
OI01642,O04868,P046,5,23.84
OI01643,O04980,P022,2,358.81
OI01644,O04980,P032,3,364.88
OI01645,O04980,P043,5,447.66
OI01646,O04980,P042,3,358.05
OI01647,O05649,P032,3,364.88
OI01648,O05992,P050,5,182.2
OI01649,O05992,P033,3,68.48
OI01650,O05992,P004,4,27.73
OI01651,O00882,P058,5,114.8
OI01652,O00882,P011,1,54.4
OI01653,O02502,P060,1,349.64
OI01654,O02502,P010,3,383.82
OI01655,O02651,P025,5,349.98
OI01656,O02651,P036,2,15.81
OI01657,O02651,P049,3,34.75
OI01658,O02895,P043,3,447.66
OI01659,O02895,P011,3,54.4
OI01660,O02895,P037,4,193.81
OI01661,O03323,P023,3,416.72
OI01662,O03837,P027,2,9.99
OI01663,O03837,P003,5,215.44
OI01664,O04974,P009,5,384.59
OI01665,O04974,P002,5,181.52
OI01666,O00052,P034,1,271.08
OI01667,O00529,P017,5,391.13
OI01668,O00529,P041,2,76.71
OI01669,O01059,P028,1,185.4
OI01670,O01059,P032,4,364.88
OI01671,O01059,P007,4,345.2
OI01672,O01059,P009,5,384.59
OI01673,O04257,P038,3,133.77
OI01674,O04257,P009,1,384.59
OI01675,O04301,P016,1,407.27
OI01676,O04301,P027,2,9.99
OI01677,O04301,P047,3,116.76
OI01678,O04301,P029,3,384.93
OI01679,O04421,P010,4,383.82
OI01680,O04421,P025,4,349.98
OI01681,O04477,P051,3,389.34
OI01682,O04477,P032,2,364.88
OI01683,O05896,P002,5,181.52
OI01684,O05896,P051,5,389.34
OI01685,O05896,P041,4,76.71
OI01686,O00004,P019,4,135.4
OI01687,O00004,P039,3,409.81
OI01688,O00004,P035,3,67.39
OI01689,O00226,P014,3,11.23
OI01690,O00729,P031,5,90.92
OI01691,O00729,P026,2,29.64
OI01692,O01891,P025,2,349.98
OI01693,O01891,P040,2,296.82
OI01694,O03062,P018,5,252.47
OI01695,O03960,P058,5,114.8
OI01696,O03960,P055,5,29.47
OI01697,O03960,P040,5,296.82
OI01698,O03960,P025,3,349.98
OI01699,O04480,P037,4,193.81
OI01700,O04480,P048,1,146.16
OI01701,O04480,P049,3,34.75
OI01702,O04480,P006,5,380.87
OI01703,O04680,P003,1,215.44
OI01704,O04680,P043,3,447.66
OI01705,O04776,P047,3,116.76
OI01706,O04776,P008,3,157.6
OI01707,O05381,P019,5,135.4
OI01708,O05381,P018,5,252.47
OI01709,O05381,P038,3,133.77
OI01710,O00955,P003,5,215.44
OI01711,O00955,P032,5,364.88
OI01712,O00955,P008,3,157.6
OI01713,O00955,P040,2,296.82
OI01714,O01682,P021,3,443.61
OI01715,O01682,P011,2,54.4
OI01716,O01682,P028,2,185.4
OI01717,O02007,P025,4,349.98
OI01718,O02007,P005,2,267.21
OI01719,O02007,P020,3,62.75
OI01720,O02175,P060,3,349.64
OI01721,O02175,P057,3,91.24
OI01722,O02175,P024,5,29.52
OI01723,O02538,P057,5,91.24
OI01724,O02538,P013,1,417.94
OI01725,O03158,P045,3,296.59
OI01726,O03158,P010,3,383.82
OI01727,O03882,P031,4,90.92
OI01728,O03882,P040,4,296.82
OI01729,O03959,P060,3,349.64
OI01730,O03959,P050,5,182.2
OI01731,O03959,P052,5,155.23
OI01732,O03962,P040,5,296.82
OI01733,O03962,P032,2,364.88
OI01734,O03962,P027,3,9.99
OI01735,O03962,P030,3,268.92
OI01736,O03969,P040,3,296.82
OI01737,O03969,P043,2,447.66
OI01738,O03969,P010,1,383.82
OI01739,O04702,P047,3,116.76
OI01740,O04702,P033,2,68.48
OI01741,O04702,P007,4,345.2
OI01742,O05806,P045,2,296.59
OI01743,O00110,P040,2,296.82
OI01744,O00110,P030,4,268.92
OI01745,O00595,P033,4,68.48
OI01746,O03297,P030,2,268.92
OI01747,O03297,P028,2,185.4
OI01748,O03297,P036,5,15.81
OI01749,O03595,P002,5,181.52
OI01750,O04755,P025,3,349.98
OI01751,O00484,P006,3,380.87
OI01752,O01439,P035,1,67.39
OI01753,O03313,P013,1,417.94
OI01754,O04616,P027,5,9.99
OI01755,O04616,P018,4,252.47
OI01756,O04616,P010,4,383.82
OI01757,O05677,P027,3,9.99
OI01758,O05677,P047,3,116.76
OI01759,O00119,P033,1,68.48
OI01760,O00119,P015,5,441.96
OI01761,O00119,P035,1,67.39
OI01762,O00119,P054,3,310.0
OI01763,O01006,P046,1,23.84
OI01764,O01006,P044,4,356.11
OI01765,O01006,P014,1,11.23
OI01766,O01876,P022,2,358.81
OI01767,O01881,P009,2,384.59
OI01768,O01881,P046,1,23.84
OI01769,O01881,P042,5,358.05
OI01770,O01881,P022,2,358.81
OI01771,O04313,P056,1,28.94
OI01772,O04521,P039,5,409.81
OI01773,O04521,P024,2,29.52
OI01774,O04521,P053,3,123.07
OI01775,O04521,P018,4,252.47
OI01776,O04527,P018,5,252.47
OI01777,O04555,P020,4,62.75
OI01778,O04555,P045,1,296.59
OI01779,O04555,P018,5,252.47
OI01780,O04560,P048,1,146.16
OI01781,O04560,P005,3,267.21
OI01782,O05918,P053,3,123.07
OI01783,O05918,P031,4,90.92
OI01784,O05918,P010,2,383.82
OI01785,O01380,P044,5,356.11
OI01786,O01380,P001,5,378.87
OI01787,O01539,P055,5,29.47
OI01788,O01539,P013,5,417.94
OI01789,O02406,P037,2,193.81
OI01790,O02406,P053,1,123.07
OI01791,O02702,P031,5,90.92
OI01792,O02702,P029,2,384.93
OI01793,O02702,P006,4,380.87
OI01794,O03533,P034,5,271.08
OI01795,O03771,P022,4,358.81
OI01796,O03771,P047,1,116.76
OI01797,O03771,P057,5,91.24
OI01798,O03771,P008,2,157.6
OI01799,O03889,P028,1,185.4
OI01800,O03889,P013,3,417.94
OI01801,O03906,P003,4,215.44
OI01802,O03906,P053,3,123.07
OI01803,O03906,P002,3,181.52
OI01804,O03909,P042,3,358.05
OI01805,O03909,P008,1,157.6
OI01806,O03909,P004,2,27.73
OI01807,O03909,P058,1,114.8
OI01808,O03920,P003,5,215.44
OI01809,O03920,P057,5,91.24
OI01810,O04349,P047,2,116.76
OI01811,O04349,P011,5,54.4
OI01812,O04349,P002,3,181.52
OI01813,O04349,P032,1,364.88
OI01814,O04918,P041,5,76.71
OI01815,O04918,P024,4,29.52
OI01816,O05027,P007,1,345.2
OI01817,O05640,P056,1,28.94
OI01818,O05640,P003,3,215.44
OI01819,O05640,P034,3,271.08
OI01820,O05868,P029,3,384.93
OI01821,O05868,P038,5,133.77
OI01822,O05868,P032,1,364.88
OI01823,O00476,P027,2,9.99
OI01824,O00476,P042,1,358.05
OI01825,O00476,P058,4,114.8
OI01826,O00633,P049,2,34.75
OI01827,O03347,P059,3,10.1
OI01828,O03347,P048,3,146.16
OI01829,O03347,P011,3,54.4
OI01830,O03347,P007,4,345.2
OI01831,O04215,P010,4,383.82
OI01832,O04215,P015,2,441.96
OI01833,O04215,P054,3,310.0
OI01834,O04230,P002,3,181.52
OI01835,O04230,P004,2,27.73
OI01836,O04230,P013,1,417.94
OI01837,O05523,P026,5,29.64
OI01838,O00299,P026,5,29.64
OI01839,O00324,P021,5,443.61
OI01840,O00455,P027,5,9.99
OI01841,O00455,P048,1,146.16
OI01842,O00455,P011,2,54.4
OI01843,O00493,P046,3,23.84
OI01844,O00493,P014,5,11.23
OI01845,O01766,P016,1,407.27
OI01846,O01766,P005,5,267.21
OI01847,O01766,P023,1,416.72
OI01848,O01864,P005,1,267.21
OI01849,O01864,P060,3,349.64
OI01850,O02902,P007,3,345.2
OI01851,O02902,P024,2,29.52
OI01852,O02902,P002,5,181.52
OI01853,O03794,P020,3,62.75
OI01854,O03794,P044,3,356.11
OI01855,O04048,P021,2,443.61
OI01856,O04048,P004,2,27.73
OI01857,O05134,P002,5,181.52
OI01858,O05134,P058,5,114.8
OI01859,O05134,P038,1,133.77
OI01860,O00228,P027,3,9.99
OI01861,O00228,P059,2,10.1
OI01862,O00228,P004,5,27.73
OI01863,O00228,P032,2,364.88
OI01864,O00403,P018,2,252.47
OI01865,O00403,P005,5,267.21
OI01866,O01244,P057,2,91.24
OI01867,O01244,P047,1,116.76
OI01868,O01288,P056,2,28.94
OI01869,O01288,P039,4,409.81
OI01870,O01288,P006,2,380.87
OI01871,O01288,P047,1,116.76
OI01872,O01450,P047,4,116.76
OI01873,O01450,P025,2,349.98
OI01874,O01697,P008,3,157.6
OI01875,O01697,P053,2,123.07
OI01876,O01697,P025,5,349.98
OI01877,O01697,P026,3,29.64
OI01878,O02032,P014,3,11.23
OI01879,O02032,P024,1,29.52
OI01880,O02032,P027,3,9.99
OI01881,O02032,P051,5,389.34
OI01882,O02330,P024,2,29.52
OI01883,O03704,P045,5,296.59
OI01884,O03704,P018,2,252.47
OI01885,O04341,P023,1,416.72
OI01886,O04341,P049,2,34.75
OI01887,O04586,P026,4,29.64
OI01888,O04586,P007,4,345.2
OI01889,O04586,P017,4,391.13
OI01890,O04586,P058,4,114.8
OI01891,O05598,P038,3,133.77
OI01892,O05598,P021,1,443.61
OI01893,O00701,P007,5,345.2
OI01894,O00701,P029,3,384.93
OI01895,O00701,P028,1,185.4
OI01896,O00723,P039,3,409.81
OI01897,O02096,P049,4,34.75
OI01898,O02872,P057,5,91.24
OI01899,O02872,P058,4,114.8
OI01900,O02872,P043,4,447.66
OI01901,O03993,P044,5,356.11
OI01902,O03993,P003,5,215.44
OI01903,O03993,P040,2,296.82
OI01904,O03993,P048,1,146.16
OI01905,O04061,P048,1,146.16
OI01906,O04061,P025,1,349.98
OI01907,O04068,P014,5,11.23
OI01908,O04117,P001,3,378.87
OI01909,O04117,P056,5,28.94
OI01910,O04117,P043,4,447.66
OI01911,O05061,P017,5,391.13
OI01912,O05061,P032,4,364.88
OI01913,O05061,P028,1,185.4
OI01914,O05110,P005,4,267.21
OI01915,O05110,P041,5,76.71
OI01916,O05110,P009,1,384.59
OI01917,O05674,P014,4,11.23
OI01918,O05674,P031,5,90.92
OI01919,O05674,P056,4,28.94
OI01920,O01257,P044,1,356.11
OI01921,O01257,P023,5,416.72
OI01922,O02791,P014,4,11.23
OI01923,O02791,P019,5,135.4
OI01924,O02791,P024,5,29.52
OI01925,O03355,P048,1,146.16
OI01926,O03355,P008,5,157.6
OI01927,O03355,P035,3,67.39
OI01928,O04029,P025,1,349.98
OI01929,O04029,P006,1,380.87
OI01930,O01165,P028,4,185.4
OI01931,O01165,P037,3,193.81
OI01932,O01497,P014,1,11.23
OI01933,O01497,P054,1,310.0
OI01934,O01749,P035,1,67.39
OI01935,O02215,P002,3,181.52
OI01936,O02215,P008,5,157.6
OI01937,O02215,P046,5,23.84
OI01938,O02215,P027,4,9.99
OI01939,O04216,P057,2,91.24
OI01940,O04246,P054,5,310.0
OI01941,O04246,P013,1,417.94
OI01942,O04304,P014,5,11.23
OI01943,O04304,P044,4,356.11
OI01944,O04552,P050,4,182.2
OI01945,O04552,P019,2,135.4
OI01946,O01421,P016,1,407.27
OI01947,O01647,P046,1,23.84
OI01948,O02615,P020,1,62.75
OI01949,O02615,P006,2,380.87
OI01950,O02615,P009,4,384.59
OI01951,O03270,P019,4,135.4
OI01952,O03270,P012,1,86.46
OI01953,O03504,P054,1,310.0
OI01954,O03504,P043,5,447.66
OI01955,O03504,P022,3,358.81
OI01956,O03504,P019,1,135.4
OI01957,O04354,P023,1,416.72
OI01958,O04604,P009,3,384.59
OI01959,O04604,P058,2,114.8
OI01960,O04604,P008,5,157.6
OI01961,O05504,P044,5,356.11
OI01962,O05504,P002,2,181.52
OI01963,O05504,P054,1,310.0
OI01964,O02621,P010,2,383.82
OI01965,O02621,P028,5,185.4
OI01966,O03419,P021,4,443.61
OI01967,O03419,P013,1,417.94
OI01968,O03419,P039,1,409.81
OI01969,O04306,P002,2,181.52
OI01970,O04306,P037,5,193.81
OI01971,O04306,P020,4,62.75
OI01972,O04306,P001,5,378.87
OI01973,O05099,P010,4,383.82
OI01974,O05099,P025,3,349.98
OI01975,O05099,P007,3,345.2
OI01976,O05099,P032,2,364.88
OI01977,O00015,P042,1,358.05
OI01978,O00146,P047,4,116.76
OI01979,O01060,P051,1,389.34
OI01980,O01074,P048,1,146.16
OI01981,O01772,P010,3,383.82
OI01982,O01772,P024,2,29.52
OI01983,O01772,P039,4,409.81
OI01984,O03053,P003,1,215.44
OI01985,O03053,P018,2,252.47
OI01986,O03053,P012,2,86.46
OI01987,O04966,P017,5,391.13
OI01988,O05417,P044,2,356.11
OI01989,O00201,P025,1,349.98
OI01990,O00201,P015,4,441.96
OI01991,O00201,P054,2,310.0
OI01992,O00411,P034,3,271.08
OI01993,O00411,P002,1,181.52
OI01994,O00458,P037,3,193.81
OI01995,O00458,P007,1,345.2
OI01996,O00517,P037,4,193.81
OI01997,O00740,P016,5,407.27
OI01998,O00740,P013,2,417.94
OI01999,O00740,P056,5,28.94
OI02000,O02205,P035,1,67.39
OI02001,O02205,P028,4,185.4
OI02002,O02205,P055,5,29.47
OI02003,O03251,P052,3,155.23
OI02004,O03251,P056,2,28.94
OI02005,O03251,P048,5,146.16
OI02006,O05187,P003,2,215.44
OI02007,O05439,P045,1,296.59
OI02008,O05439,P053,5,123.07
OI02009,O05439,P030,5,268.92
OI02010,O05439,P028,4,185.4
OI02011,O00044,P044,3,356.11
OI02012,O00044,P030,5,268.92
OI02013,O01070,P010,4,383.82
OI02014,O01155,P018,5,252.47
OI02015,O01988,P056,2,28.94
OI02016,O01988,P021,5,443.61
OI02017,O01988,P013,1,417.94
OI02018,O01988,P040,4,296.82
OI02019,O03180,P031,3,90.92
OI02020,O03180,P044,2,356.11
OI02021,O03180,P058,4,114.8
OI02022,O03180,P039,4,409.81
OI02023,O03446,P003,3,215.44
OI02024,O05952,P053,5,123.07
OI02025,O00841,P044,4,356.11
OI02026,O01096,P004,4,27.73
OI02027,O01096,P022,5,358.81
OI02028,O01710,P055,1,29.47
OI02029,O01710,P013,3,417.94
OI02030,O01710,P021,1,443.61
OI02031,O01710,P026,2,29.64
OI02032,O02478,P021,1,443.61
OI02033,O02478,P028,5,185.4
OI02034,O02478,P059,5,10.1
OI02035,O03752,P055,2,29.47
OI02036,O03752,P041,4,76.71
OI02037,O03752,P014,4,11.23
OI02038,O05140,P028,5,185.4
OI02039,O05140,P047,5,116.76
OI02040,O00547,P038,5,133.77
OI02041,O00547,P050,4,182.2
OI02042,O00547,P018,2,252.47
OI02043,O00589,P022,5,358.81
OI02044,O00589,P047,2,116.76
OI02045,O00589,P005,5,267.21
OI02046,O01730,P028,2,185.4
OI02047,O01730,P040,3,296.82
OI02048,O01730,P022,3,358.81
OI02049,O01730,P003,4,215.44
OI02050,O01868,P021,2,443.61
OI02051,O01868,P032,2,364.88
OI02052,O03513,P043,3,447.66
OI02053,O03513,P014,4,11.23
OI02054,O05498,P049,1,34.75
OI02055,O05498,P005,5,267.21
OI02056,O05498,P007,5,345.2
OI02057,O05498,P055,4,29.47
OI02058,O05723,P043,3,447.66
OI02059,O05723,P051,3,389.34
OI02060,O05723,P049,2,34.75
OI02061,O05723,P022,4,358.81
OI02062,O05961,P045,1,296.59
OI02063,O05961,P051,4,389.34
OI02064,O05961,P060,4,349.64
OI02065,O05961,P019,4,135.4
OI02066,O00868,P053,2,123.07
OI02067,O00868,P002,5,181.52
OI02068,O01715,P005,2,267.21
OI02069,O01715,P017,1,391.13
OI02070,O01715,P047,4,116.76
OI02071,O01926,P021,3,443.61
OI02072,O01926,P007,2,345.2
OI02073,O01926,P051,5,389.34
OI02074,O01926,P035,2,67.39
OI02075,O02457,P011,3,54.4
OI02076,O02457,P025,4,349.98
OI02077,O02457,P005,4,267.21
OI02078,O04877,P021,3,443.61
OI02079,O04877,P016,3,407.27
OI02080,O04956,P042,5,358.05
OI02081,O04956,P014,1,11.23
OI02082,O04956,P026,3,29.64
OI02083,O04956,P003,5,215.44
OI02084,O05260,P053,3,123.07
OI02085,O05260,P046,5,23.84
OI02086,O00389,P009,5,384.59
OI02087,O00389,P010,5,383.82
OI02088,O00389,P045,2,296.59
OI02089,O00933,P010,4,383.82
OI02090,O00933,P034,3,271.08
OI02091,O01031,P009,4,384.59
OI02092,O01031,P056,5,28.94
OI02093,O01031,P038,4,133.77
OI02094,O02022,P019,3,135.4
OI02095,O02022,P002,1,181.52
OI02096,O02022,P017,5,391.13
OI02097,O03998,P038,4,133.77
OI02098,O03998,P052,4,155.23
OI02099,O03998,P004,5,27.73
OI02100,O04097,P017,1,391.13
OI02101,O04897,P042,4,358.05
OI02102,O04954,P012,3,86.46
OI02103,O04954,P007,1,345.2
OI02104,O04992,P059,2,10.1
OI02105,O04992,P048,5,146.16
OI02106,O04992,P045,1,296.59
OI02107,O04992,P055,3,29.47
OI02108,O00380,P042,2,358.05
OI02109,O00380,P017,4,391.13
OI02110,O00380,P052,2,155.23
OI02111,O00380,P030,5,268.92
OI02112,O01968,P008,5,157.6
OI02113,O02764,P025,5,349.98
OI02114,O02780,P015,5,441.96
OI02115,O02780,P052,2,155.23
OI02116,O02780,P051,5,389.34
OI02117,O02947,P033,2,68.48
OI02118,O02947,P017,2,391.13
OI02119,O02947,P046,2,23.84
OI02120,O02947,P008,1,157.6
OI02121,O03803,P008,5,157.6
OI02122,O03803,P058,1,114.8
OI02123,O04132,P019,3,135.4
OI02124,O04132,P006,5,380.87
OI02125,O04305,P042,5,358.05
OI02126,O04305,P040,5,296.82
OI02127,O04305,P038,1,133.77
OI02128,O04448,P059,1,10.1
OI02129,O04448,P048,2,146.16
OI02130,O04448,P003,3,215.44
OI02131,O00068,P007,2,345.2
OI02132,O01119,P017,4,391.13
OI02133,O01119,P010,5,383.82
OI02134,O01217,P060,4,349.64
OI02135,O01217,P029,3,384.93
OI02136,O01217,P031,5,90.92
OI02137,O01563,P054,2,310.0
OI02138,O01563,P046,5,23.84
OI02139,O01870,P048,3,146.16
OI02140,O01870,P014,3,11.23
OI02141,O01870,P046,4,23.84
OI02142,O02126,P048,4,146.16
OI02143,O02126,P041,3,76.71
OI02144,O02126,P002,4,181.52
OI02145,O02396,P056,4,28.94
OI02146,O02396,P045,4,296.59
OI02147,O02396,P001,2,378.87
OI02148,O02396,P026,5,29.64
OI02149,O02848,P033,2,68.48
OI02150,O04221,P006,2,380.87
OI02151,O04221,P024,3,29.52
OI02152,O04221,P017,1,391.13
OI02153,O04228,P049,2,34.75
OI02154,O04228,P047,5,116.76
OI02155,O04228,P046,1,23.84
OI02156,O04314,P041,1,76.71
OI02157,O04314,P024,4,29.52
OI02158,O04314,P030,2,268.92
OI02159,O00700,P060,4,349.64
OI02160,O00700,P028,1,185.4
OI02161,O01916,P004,4,27.73
OI02162,O01916,P038,4,133.77
OI02163,O01916,P036,4,15.81
OI02164,O01916,P011,4,54.4
OI02165,O02503,P036,4,15.81
OI02166,O03339,P046,4,23.84
OI02167,O03339,P007,1,345.2
OI02168,O03339,P012,2,86.46
OI02169,O03836,P048,1,146.16
OI02170,O03836,P001,2,378.87
OI02171,O03853,P058,4,114.8
OI02172,O03853,P032,3,364.88
OI02173,O03853,P029,4,384.93
OI02174,O03912,P036,4,15.81
OI02175,O03912,P018,5,252.47
OI02176,O04658,P018,5,252.47
OI02177,O05634,P051,1,389.34
OI02178,O05634,P046,3,23.84
OI02179,O05634,P013,4,417.94
OI02180,O05836,P047,5,116.76
OI02181,O01458,P029,1,384.93
OI02182,O01458,P019,5,135.4
OI02183,O01458,P057,4,91.24
OI02184,O02196,P011,3,54.4
OI02185,O02196,P045,1,296.59
OI02186,O02701,P049,2,34.75
OI02187,O02701,P014,5,11.23
OI02188,O02701,P004,5,27.73
OI02189,O02867,P016,2,407.27
OI02190,O02867,P030,4,268.92
OI02191,O03815,P009,2,384.59
OI02192,O03815,P056,4,28.94
OI02193,O04424,P050,1,182.2
OI02194,O04424,P028,1,185.4
OI02195,O04522,P050,3,182.2
OI02196,O04599,P047,3,116.76
OI02197,O04599,P049,5,34.75
OI02198,O04599,P040,5,296.82
OI02199,O04599,P050,3,182.2
OI02200,O05020,P029,1,384.93
OI02201,O05020,P012,1,86.46
OI02202,O05314,P030,2,268.92
OI02203,O05915,P040,4,296.82
OI02204,O05915,P039,1,290.97
OI02205,O01204,P033,4,48.62
OI02206,O01204,P027,4,9.99
OI02207,O01204,P039,3,290.97
OI02208,O01204,P024,2,29.52
OI02209,O02123,P038,3,94.98
OI02210,O02123,P058,2,114.8
OI02211,O02169,P038,1,94.98
OI02212,O02169,P015,4,441.96
OI02213,O02169,P030,3,268.92
OI02214,O02169,P042,5,358.05
OI02215,O02508,P020,4,62.75
OI02216,O02508,P043,3,447.66
OI02217,O02508,P051,3,389.34
OI02218,O02549,P035,4,47.85
OI02219,O02549,P001,1,378.87
OI02220,O02549,P025,4,349.98
OI02221,O03342,P054,3,310.0
OI02222,O03342,P001,3,378.87
OI02223,O04109,P027,1,9.99
OI02224,O04109,P013,4,417.94
OI02225,O04243,P016,1,407.27
OI02226,O04243,P031,3,90.92
OI02227,O04243,P018,5,252.47
OI02228,O00982,P024,1,29.52
OI02229,O00982,P014,2,11.23
OI02230,O02906,P002,3,181.52
OI02231,O02906,P014,4,11.23
OI02232,O02906,P051,5,389.34
OI02233,O04461,P031,4,90.92
OI02234,O04461,P060,1,349.64
OI02235,O00616,P016,5,407.27
OI02236,O01613,P019,4,135.4
OI02237,O01613,P032,3,364.88
OI02238,O01613,P010,3,383.82
OI02239,O01689,P004,2,27.73
OI02240,O01689,P048,3,146.16
OI02241,O01689,P017,5,391.13
OI02242,O01758,P047,5,116.76
OI02243,O01758,P033,3,48.62
OI02244,O01758,P025,4,349.98
OI02245,O03033,P040,5,296.82
OI02246,O03033,P004,3,27.73
OI02247,O03033,P032,2,364.88
OI02248,O03033,P013,2,417.94
OI02249,O03552,P009,4,384.59
OI02250,O03552,P037,5,137.61
OI02251,O04730,P048,4,146.16
OI02252,O04730,P017,3,391.13
OI02253,O05984,P037,3,137.61
OI02254,O05984,P041,3,76.71
OI02255,O05984,P048,3,146.16
OI02256,O00886,P052,3,155.23
OI02257,O02905,P057,4,91.24
OI02258,O02905,P034,1,192.47
OI02259,O02905,P027,4,9.99
OI02260,O02905,P058,5,114.8
OI02261,O03257,P002,3,181.52
OI02262,O03257,P027,3,9.99
OI02263,O03257,P040,4,296.82
OI02264,O04945,P032,2,364.88
OI02265,O05586,P006,1,380.87
OI02266,O05586,P019,4,135.4
OI02267,O05586,P011,4,54.4
OI02268,O05586,P024,4,29.52
OI02269,O05766,P033,2,48.62
OI02270,O05766,P017,1,391.13
OI02271,O05766,P029,4,384.93
OI02272,O05766,P052,1,155.23
OI02273,O05799,P059,3,10.1
OI02274,O05908,P023,1,416.72
OI02275,O05908,P035,3,47.85
OI02276,O05908,P060,4,349.64
OI02277,O00549,P020,4,62.75
OI02278,O00549,P016,4,407.27
OI02279,O00712,P006,3,380.87
OI02280,O01651,P032,2,364.88
OI02281,O01651,P015,1,441.96
OI02282,O01651,P030,4,268.92
OI02283,O01651,P031,5,90.92
OI02284,O02662,P007,5,345.2
OI02285,O02662,P011,3,54.4
OI02286,O02662,P024,1,29.52
OI02287,O02662,P015,2,441.96
OI02288,O02746,P023,1,416.72
OI02289,O02946,P043,3,447.66
OI02290,O02946,P032,1,364.88
OI02291,O04225,P054,2,310.0
OI02292,O04225,P056,3,28.94
OI02293,O04225,P047,4,116.76
OI02294,O04589,P055,3,29.47
OI02295,O04589,P034,5,192.47
OI02296,O05209,P054,2,310.0
OI02297,O05209,P046,2,23.84
OI02298,O05209,P020,3,62.75
OI02299,O02378,P042,3,358.05
OI02300,O02378,P053,4,123.07
OI02301,O03852,P024,1,29.52
OI02302,O03852,P055,3,29.47
OI02303,O03852,P008,3,157.6
OI02304,O04444,P050,3,182.2
OI02305,O04444,P056,3,28.94
OI02306,O04444,P021,1,443.61
OI02307,O04629,P053,5,123.07
OI02308,O04629,P040,2,296.82
OI02309,O05039,P054,3,310.0
OI02310,O00518,P041,4,76.71
OI02311,O00518,P004,1,27.73
OI02312,O00721,P009,2,384.59
OI02313,O00721,P010,5,383.82
OI02314,O00721,P012,3,86.46
OI02315,O00934,P002,2,181.52
OI02316,O00934,P043,2,447.66
OI02317,O01477,P011,4,54.4
OI02318,O01477,P044,4,356.11
OI02319,O03617,P060,1,349.64
OI02320,O03617,P030,1,268.92
OI02321,O03617,P007,3,345.2
OI02322,O03617,P057,5,91.24
OI02323,O03832,P041,2,76.71
OI02324,O03832,P004,4,27.73
OI02325,O03832,P013,4,417.94
OI02326,O04253,P056,2,28.94
OI02327,O04253,P055,5,29.47
OI02328,O00283,P053,2,123.07
OI02329,O00283,P020,5,62.75
OI02330,O00283,P010,4,383.82
OI02331,O00283,P016,4,407.27
OI02332,O00308,P039,3,290.97
OI02333,O00308,P038,1,94.98
OI02334,O00308,P044,1,356.11
OI02335,O01830,P044,3,356.11
OI02336,O01830,P042,1,358.05
OI02337,O02428,P028,4,185.4
OI02338,O02428,P008,2,157.6
OI02339,O02428,P019,2,135.4
OI02340,O04072,P060,5,349.64
OI02341,O04072,P042,1,358.05
OI02342,O04072,P005,1,267.21
OI02343,O05060,P001,3,378.87
OI02344,O05060,P046,5,23.84
OI02345,O05060,P004,2,27.73
OI02346,O00774,P004,3,27.73
OI02347,O00774,P009,2,384.59
OI02348,O00774,P022,4,358.81
OI02349,O00774,P017,5,391.13
OI02350,O00828,P032,4,364.88
OI02351,O00828,P041,5,76.71
OI02352,O00828,P001,4,378.87
OI02353,O00992,P026,2,29.64
OI02354,O00992,P042,4,358.05
OI02355,O00992,P050,3,182.2
OI02356,O02351,P057,3,91.24
OI02357,O02351,P020,2,62.75
OI02358,O03449,P024,4,29.52
OI02359,O03893,P021,1,443.61
OI02360,O03893,P038,5,94.98
OI02361,O03893,P049,4,34.75
OI02362,O04081,P052,4,155.23
OI02363,O04469,P022,3,358.81
OI02364,O04469,P020,4,62.75
OI02365,O04617,P020,3,62.75
OI02366,O04617,P046,1,23.84
OI02367,O04617,P014,5,11.23
OI02368,O01555,P020,1,62.75
OI02369,O01555,P002,4,181.52
OI02370,O01555,P018,1,252.47
OI02371,O01627,P025,2,349.98
OI02372,O01627,P058,1,114.8
OI02373,O01627,P003,2,215.44
OI02374,O01627,P028,2,185.4
OI02375,O02464,P044,4,356.11
OI02376,O02464,P005,1,267.21
OI02377,O05929,P015,1,441.96
OI02378,O05929,P027,2,9.99
OI02379,O05929,P020,3,62.75
OI02380,O05940,P031,2,90.92
OI02381,O05940,P039,3,290.97
OI02382,O05940,P027,1,9.99
OI02383,O00268,P025,3,349.98
OI02384,O00567,P032,2,364.88
OI02385,O02212,P029,5,384.93
OI02386,O02911,P028,3,185.4
OI02387,O02911,P034,2,192.47
OI02388,O03259,P042,1,358.05
OI02389,O03259,P024,3,29.52
OI02390,O03294,P009,5,384.59
OI02391,O03294,P020,2,62.75
OI02392,O03443,P044,5,356.11
OI02393,O03597,P055,5,29.47
OI02394,O04067,P006,5,380.87
OI02395,O05256,P056,1,28.94
OI02396,O05818,P037,3,137.61
OI02397,O05818,P032,1,364.88
OI02398,O05818,P046,3,23.84
OI02399,O00090,P042,4,358.05
OI02400,O00090,P051,1,389.34
OI02401,O01329,P048,3,146.16
OI02402,O01329,P033,4,48.62
OI02403,O01329,P041,2,76.71
OI02404,O04367,P029,4,384.93
OI02405,O04367,P005,2,267.21
OI02406,O05565,P003,3,215.44
OI02407,O05653,P002,3,181.52
OI02408,O01129,P030,2,268.92
OI02409,O01129,P026,3,29.64
OI02410,O01129,P034,4,192.47
OI02411,O01509,P050,3,182.2
OI02412,O01509,P047,5,116.76
OI02413,O01509,P035,4,47.85
OI02414,O02480,P052,1,155.23
OI02415,O02480,P043,1,447.66
OI02416,O02480,P036,4,11.23
OI02417,O03839,P031,3,90.92
OI02418,O03839,P019,1,135.4
OI02419,O03839,P006,4,380.87
OI02420,O03839,P021,2,443.61
OI02421,O04947,P031,3,90.92
OI02422,O04947,P034,3,192.47
OI02423,O05693,P018,2,252.47
OI02424,O05693,P002,3,181.52
OI02425,O05825,P008,4,157.6
OI02426,O05825,P025,3,349.98
OI02427,O05825,P017,2,391.13
OI02428,O00286,P040,1,296.82
OI02429,O00286,P006,2,380.87
OI02430,O00762,P054,2,310.0
OI02431,O00762,P019,5,135.4
OI02432,O00762,P047,1,116.76
OI02433,O01472,P054,1,310.0
OI02434,O01639,P005,5,267.21
OI02435,O01639,P012,3,86.46
OI02436,O02048,P031,1,90.92
OI02437,O02048,P048,4,146.16
OI02438,O02921,P039,4,290.97
OI02439,O02921,P047,5,116.76
OI02440,O02925,P006,5,380.87
OI02441,O02925,P044,3,356.11
OI02442,O04234,P001,3,378.87
OI02443,O04234,P003,1,215.44
OI02444,O04326,P047,5,116.76
OI02445,O04326,P035,4,47.85
OI02446,O04326,P022,2,358.81
OI02447,O04326,P015,1,441.96
OI02448,O00981,P029,5,384.93
OI02449,O00981,P001,3,378.87
OI02450,O00981,P044,3,356.11
OI02451,O01137,P002,4,181.52
OI02452,O01137,P039,4,290.97
OI02453,O01137,P010,1,383.82
OI02454,O02183,P049,3,34.75
OI02455,O02183,P028,2,185.4
OI02456,O02183,P039,5,290.97
OI02457,O02637,P039,1,290.97
OI02458,O02637,P012,5,86.46
OI02459,O02637,P059,1,10.1
OI02460,O02698,P049,5,34.75
OI02461,O03097,P007,4,345.2
OI02462,O03097,P010,5,383.82
OI02463,O03519,P035,2,47.85
OI02464,O03519,P009,3,384.59
OI02465,O03519,P004,3,27.73
OI02466,O04260,P042,5,358.05
OI02467,O04984,P019,2,135.4
OI02468,O04984,P054,3,310.0
OI02469,O04984,P010,5,383.82
OI02470,O05501,P048,5,146.16
OI02471,O05501,P023,3,416.72
OI02472,O05881,P017,2,391.13
OI02473,O05881,P044,3,356.11
OI02474,O05881,P027,3,9.99
OI02475,O05881,P025,1,349.98
OI02476,O05987,P006,5,380.87
OI02477,O05987,P019,5,135.4
OI02478,O05987,P024,4,29.52
OI02479,O00334,P030,4,268.92
OI02480,O01101,P016,1,407.27
OI02481,O01101,P006,2,380.87
OI02482,O01654,P057,5,91.24
OI02483,O01654,P037,2,137.61
OI02484,O01654,P019,4,135.4
OI02485,O01723,P051,2,389.34
OI02486,O01723,P010,2,383.82
OI02487,O01723,P015,5,441.96
OI02488,O01723,P028,3,185.4
OI02489,O01822,P021,1,443.61
OI02490,O01822,P046,5,23.84
OI02491,O02283,P005,4,267.21
OI02492,O02283,P001,4,378.87
OI02493,O04161,P008,3,157.6
OI02494,O04161,P014,4,11.23
OI02495,O04161,P033,1,48.62
OI02496,O04411,P030,5,268.92
OI02497,O04411,P008,5,157.6
OI02498,O04756,P050,5,182.2
OI02499,O04756,P007,2,345.2
OI02500,O00249,P017,4,391.13
OI02501,O00327,P019,3,135.4
OI02502,O00327,P046,3,23.84
OI02503,O00327,P021,1,443.61
OI02504,O00716,P049,1,34.75
OI02505,O01621,P037,2,137.61
OI02506,O02103,P003,2,215.44
OI02507,O02103,P042,3,358.05
OI02508,O03104,P032,5,364.88
OI02509,O03104,P052,1,155.23
OI02510,O03104,P047,1,116.76
OI02511,O03104,P009,5,384.59
OI02512,O03253,P006,4,380.87
OI02513,O03253,P047,1,116.76
OI02514,O03509,P043,4,447.66
OI02515,O03629,P045,5,296.59
OI02516,O03629,P019,2,135.4
OI02517,O03647,P045,4,296.59
OI02518,O03647,P054,3,310.0
OI02519,O03647,P041,3,76.71
OI02520,O03739,P044,1,356.11
OI02521,O03739,P008,2,157.6
OI02522,O00624,P009,3,384.59
OI02523,O00637,P021,4,443.61
OI02524,O00637,P043,5,447.66
OI02525,O00637,P028,2,185.4
OI02526,O01672,P008,4,157.6
OI02527,O01672,P009,4,384.59
OI02528,O02512,P031,5,90.92
OI02529,O02512,P014,5,11.23
OI02530,O02775,P034,3,271.08
OI02531,O02775,P024,3,29.52
OI02532,O02775,P046,4,23.84
OI02533,O02775,P019,2,135.4
OI02534,O02824,P017,2,391.13
OI02535,O02824,P031,4,90.92
OI02536,O02927,P013,1,417.94
OI02537,O02927,P024,2,29.52
OI02538,O02927,P019,2,135.4
OI02539,O03083,P042,4,358.05
OI02540,O01287,P045,2,296.59
OI02541,O01287,P047,4,116.76
OI02542,O02519,P039,5,409.81
OI02543,O02519,P001,1,287.94
OI02544,O04695,P002,2,137.96
OI02545,O04695,P022,5,358.81
OI02546,O04715,P014,5,11.23
OI02547,O04715,P009,4,384.59
OI02548,O04715,P008,4,119.78
OI02549,O05451,P018,4,252.47
OI02550,O05451,P008,3,119.78
OI02551,O05490,P046,5,23.84
OI02552,O05490,P024,3,29.52
OI02553,O05490,P033,5,68.48
OI02554,O05490,P052,2,155.23
OI02555,O01768,P047,2,116.76
OI02556,O02228,P040,5,296.82
OI02557,O03105,P036,3,11.54
OI02558,O03110,P005,5,203.08
OI02559,O03110,P036,1,11.54
OI02560,O03110,P009,3,384.59
OI02561,O03269,P051,5,389.34
OI02562,O03269,P004,5,21.07
OI02563,O04201,P049,5,34.75
OI02564,O04201,P002,3,137.96
OI02565,O04238,P027,5,9.99
OI02566,O04238,P011,2,54.4
OI02567,O05845,P059,5,10.1
OI02568,O05845,P018,5,252.47
OI02569,O05845,P040,2,296.82
OI02570,O05845,P058,1,114.8
OI02571,O05985,P001,2,287.94
OI02572,O05985,P003,5,163.73
OI02573,O05985,P037,2,141.48
OI02574,O00257,P042,5,358.05
OI02575,O00257,P011,2,54.4
OI02576,O00257,P060,2,349.64
OI02577,O00257,P005,4,203.08
OI02578,O00289,P047,1,116.76
OI02579,O00749,P048,1,146.16
OI02580,O00749,P054,5,310.0
OI02581,O00749,P059,5,10.1
OI02582,O02644,P025,4,349.98
OI02583,O02644,P044,5,356.11
OI02584,O02644,P023,1,416.72
OI02585,O04062,P022,5,358.81
OI02586,O04062,P045,5,296.59
OI02587,O04062,P015,3,441.96
OI02588,O04062,P044,1,356.11
OI02589,O02551,P007,2,262.35
OI02590,O02551,P033,2,49.99
OI02591,O02551,P060,5,349.64
OI02592,O04115,P049,3,34.75
OI02593,O04115,P040,3,296.82
OI02594,O04115,P024,2,29.52
OI02595,O04115,P022,5,358.81
OI02596,O05707,P013,3,417.94
OI02597,O00120,P055,3,29.47
OI02598,O00120,P031,5,90.92
OI02599,O00372,P044,5,356.11
OI02600,O01782,P051,1,389.34
OI02601,O01782,P005,2,203.08
OI02602,O01782,P045,5,296.59
OI02603,O03786,P050,3,182.2
OI02604,O03786,P001,4,287.94
OI02605,O03786,P011,3,54.4
OI02606,O04008,P045,1,296.59
OI02607,O04008,P018,1,252.47
OI02608,O04008,P027,1,9.99
OI02609,O01046,P039,2,299.16
OI02610,O01284,P049,2,34.75
OI02611,O01503,P025,1,349.98
OI02612,O01503,P058,2,114.8
OI02613,O01503,P047,4,116.76
OI02614,O02131,P016,3,407.27
OI02615,O02131,P005,2,203.08
OI02616,O02888,P058,1,114.8
OI02617,O02888,P033,2,49.99
OI02618,O05695,P032,1,364.88
OI02619,O00833,P003,5,163.73
OI02620,O00833,P013,1,417.94
OI02621,O00833,P032,3,364.88
OI02622,O00931,P016,4,407.27
OI02623,O01451,P058,3,114.8
OI02624,O01502,P059,1,10.1
OI02625,O01502,P030,1,268.92
OI02626,O01502,P019,2,135.4
OI02627,O01502,P028,1,185.4
OI02628,O01607,P003,1,163.73
OI02629,O01607,P030,3,268.92
OI02630,O02547,P045,5,296.59
OI02631,O02547,P024,1,29.52
OI02632,O02941,P007,5,262.35
OI02633,O03733,P053,5,123.07
OI02634,O02762,P032,2,364.88
OI02635,O02762,P054,2,310.0
OI02636,O02762,P036,4,11.54
OI02637,O03241,P050,3,182.2
OI02638,O03280,P060,1,349.64
OI02639,O03280,P045,4,296.59
OI02640,O03280,P043,2,447.66
OI02641,O03700,P044,4,356.11
OI02642,O04119,P054,3,310.0
OI02643,O05025,P058,4,114.8
OI02644,O05550,P020,1,62.75
OI02645,O05550,P009,1,384.59
OI02646,O05550,P014,2,11.23
OI02647,O05663,P050,5,182.2
OI02648,O05699,P029,3,384.93
OI02649,O05699,P031,2,90.92
OI02650,O05699,P037,5,141.48
OI02651,O05935,P056,3,28.94
OI02652,O05935,P014,5,11.23
OI02653,O05935,P060,3,349.64
OI02654,O00014,P057,1,91.24
OI02655,O00014,P013,1,417.94
OI02656,O00629,P015,3,441.96
OI02657,O03767,P060,3,349.64
OI02658,O03767,P027,2,9.99
OI02659,O04426,P031,3,90.92
OI02660,O04426,P022,4,358.81
OI02661,O04426,P021,1,443.61
OI02662,O04426,P042,5,358.05
OI02663,O04832,P001,5,287.94
OI02664,O04832,P041,4,76.71
OI02665,O05114,P032,5,364.88
OI02666,O05114,P003,5,163.73
OI02667,O05114,P020,5,62.75
OI02668,O05648,P026,4,29.64
OI02669,O00978,P046,3,23.84
OI02670,O01907,P037,1,141.48
OI02671,O01907,P017,4,391.13
OI02672,O03171,P038,2,97.65
OI02673,O03171,P024,4,29.52
OI02674,O04208,P054,4,310.0
OI02675,O04530,P034,4,197.89
OI02676,O04530,P056,4,28.94
OI02677,O05261,P037,5,141.48
OI02678,O05261,P011,1,54.4
OI02679,O05816,P050,1,182.2
OI02680,O05816,P060,2,349.64
OI02681,O00018,P056,3,28.94
OI02682,O00018,P011,5,54.4
OI02683,O00018,P010,2,383.82
OI02684,O00056,P037,4,141.48
OI02685,O00056,P006,4,289.46
OI02686,O00056,P010,3,383.82
OI02687,O00229,P015,3,441.96
OI02688,O00229,P042,4,358.05
OI02689,O00229,P008,1,119.78
OI02690,O00229,P001,5,287.94
OI02691,O01093,P047,3,116.76
OI02692,O01351,P055,5,29.47
OI02693,O01351,P034,1,197.89
OI02694,O03486,P017,2,391.13
OI02695,O03799,P044,2,356.11
OI02696,O03799,P035,4,49.19
OI02697,O03872,P002,3,137.96
OI02698,O03872,P024,2,29.52
OI02699,O03872,P017,5,391.13
OI02700,O03872,P016,3,407.27
OI02701,O05301,P036,1,11.54
OI02702,O05301,P056,4,28.94
OI02703,O05301,P060,1,349.64
OI02704,O00329,P012,3,86.46
OI02705,O00329,P013,5,417.94
OI02706,O00329,P021,4,443.61
OI02707,O01175,P057,5,91.24
OI02708,O01320,P044,2,356.11
OI02709,O01320,P059,5,10.1
OI02710,O01991,P043,5,447.66
OI02711,O01991,P049,3,34.75
OI02712,O02171,P031,2,90.92
OI02713,O02171,P044,4,356.11
OI02714,O02171,P036,5,11.54
OI02715,O02171,P018,1,252.47
OI02716,O02554,P056,5,28.94
OI02717,O05853,P013,1,417.94
OI02718,O00725,P012,1,86.46
OI02719,O00725,P014,1,11.23
OI02720,O02132,P028,3,185.4
OI02721,O02132,P048,4,146.16
OI02722,O02132,P057,2,91.24
OI02723,O02132,P017,1,391.13
OI02724,O03184,P043,4,447.66
OI02725,O03184,P060,2,349.64
OI02726,O03184,P007,4,262.35
OI02727,O05232,P007,5,262.35
OI02728,O05232,P013,2,417.94
OI02729,O05232,P037,1,141.48
OI02730,O05232,P009,3,384.59
OI02731,O00016,P032,1,364.88
OI02732,O00016,P057,4,91.24
OI02733,O00016,P022,2,358.81
OI02734,O00086,P045,3,296.59
OI02735,O00086,P013,1,417.94
OI02736,O00086,P060,5,349.64
OI02737,O00086,P014,1,11.23
OI02738,O00409,P028,5,185.4
OI02739,O00409,P052,1,155.23
OI02740,O00409,P042,4,358.05
OI02741,O02452,P029,2,384.93
OI02742,O02452,P001,3,287.94
OI02743,O02471,P016,2,407.27
OI02744,O02471,P014,2,11.23
OI02745,O02471,P036,3,11.54
OI02746,O02836,P059,4,10.1
OI02747,O02836,P029,4,384.93
OI02748,O02836,P053,3,123.07
OI02749,O02836,P026,2,29.64
OI02750,O03170,P040,4,296.82
OI02751,O03170,P027,4,9.99
OI02752,O03170,P037,1,141.48
OI02753,O03170,P014,1,11.23
OI02754,O03516,P054,5,310.0
OI02755,O03530,P003,4,163.73
OI02756,O03530,P057,2,91.24
OI02757,O03530,P025,5,349.98
OI02758,O03639,P041,4,76.71
OI02759,O03639,P016,5,407.27
OI02760,O03639,P009,2,384.59
OI02761,O03639,P013,3,417.94
OI02762,O03921,P009,2,384.59
OI02763,O03921,P045,5,296.59
OI02764,O03921,P012,5,86.46
OI02765,O03921,P037,4,141.48
OI02766,O04718,P004,2,21.07
OI02767,O04718,P005,5,203.08
OI02768,O05522,P050,3,182.2
OI02769,O05522,P023,5,416.72
OI02770,O05522,P017,2,391.13
OI02771,O05606,P002,3,137.96
OI02772,O05667,P029,3,384.93
OI02773,O00393,P011,4,54.4
OI02774,O00393,P043,1,447.66
OI02775,O00393,P050,4,182.2
OI02776,O00393,P003,5,163.73
OI02777,O02622,P006,2,289.46
OI02778,O02622,P025,1,349.98
OI02779,O03352,P031,4,90.92
OI02780,O00290,P029,1,384.93
OI02781,O00290,P015,1,441.96
OI02782,O01147,P045,2,296.59
OI02783,O01147,P006,1,289.46
OI02784,O01147,P012,3,86.46
OI02785,O01290,P021,3,443.61
OI02786,O01290,P039,2,299.16
OI02787,O01290,P007,5,262.35
OI02788,O02792,P058,3,114.8
OI02789,O02886,P051,3,389.34
OI02790,O02886,P012,1,86.46
OI02791,O03018,P034,3,197.89
OI02792,O03018,P055,3,29.47
OI02793,O03018,P021,2,443.61
OI02794,O03064,P013,4,417.94
OI02795,O03064,P008,4,119.78
OI02796,O03616,P055,5,29.47
OI02797,O03616,P056,5,28.94
OI02798,O03616,P025,5,349.98
OI02799,O04484,P044,3,356.11
OI02800,O04484,P043,1,447.66
OI02801,O04484,P017,4,391.13
OI02802,O04484,P036,2,11.54
OI02803,O05543,P013,3,417.94
OI02804,O05585,P032,3,364.88
OI02805,O05585,P017,5,391.13
OI02806,O05590,P049,1,34.75
OI02807,O03340,P011,3,54.4
OI02808,O03340,P050,3,182.2
OI02809,O03622,P041,4,76.71
OI02810,O03622,P006,2,289.46
OI02811,O03622,P012,3,86.46
OI02812,O03622,P040,4,296.82
OI02813,O03654,P051,5,389.34
OI02814,O03654,P057,5,91.24
OI02815,O03654,P002,5,137.96
OI02816,O04005,P010,3,383.82
OI02817,O00216,P016,5,407.27
OI02818,O00216,P060,5,349.64
OI02819,O00733,P044,4,356.11
OI02820,O00733,P011,3,54.4
OI02821,O01003,P040,4,296.82
OI02822,O01003,P029,4,384.93
OI02823,O01003,P034,3,197.89
OI02824,O01003,P037,4,141.48
OI02825,O01659,P028,4,185.4
OI02826,O01659,P023,4,416.72
OI02827,O01659,P059,4,10.1
OI02828,O01836,P026,4,29.64
OI02829,O02325,P032,4,364.88
OI02830,O02325,P043,2,447.66
OI02831,O02325,P001,4,287.94
OI02832,O02826,P014,1,11.23
OI02833,O03311,P041,4,76.71
OI02834,O03311,P060,1,349.64
OI02835,O03311,P002,2,137.96
OI02836,O03311,P031,1,90.92
OI02837,O04476,P039,5,299.16
OI02838,O04679,P042,3,358.05
OI02839,O04794,P026,2,29.64
OI02840,O04794,P040,3,296.82
OI02841,O00726,P057,5,91.24
OI02842,O00726,P033,3,49.99
OI02843,O03258,P027,3,9.99
OI02844,O03258,P045,5,296.59
OI02845,O03727,P009,2,384.59
OI02846,O03727,P060,4,349.64
OI02847,O03727,P035,2,49.19
OI02848,O04170,P049,4,34.75
OI02849,O04170,P039,2,299.16
OI02850,O04826,P018,4,252.47
OI02851,O04826,P007,4,262.35
OI02852,O04826,P057,2,91.24
OI02853,O04899,P034,5,197.89
OI02854,O05761,P020,4,62.75
OI02855,O05761,P024,2,29.52
OI02856,O05761,P046,5,23.84
OI02857,O00760,P005,1,203.08
OI02858,O00760,P015,5,441.96
OI02859,O01171,P042,2,358.05
OI02860,O01171,P053,3,123.07
OI02861,O01872,P018,2,252.47
OI02862,O01872,P010,1,383.82
OI02863,O01872,P032,3,364.88
OI02864,O01872,P014,5,11.23
OI02865,O01933,P055,5,29.47
OI02866,O01933,P004,2,21.07
OI02867,O05528,P009,4,384.59
OI02868,O02006,P056,4,28.94
OI02869,O02006,P025,4,349.98
OI02870,O02407,P020,1,62.75
OI02871,O02407,P056,1,28.94
OI02872,O03013,P050,3,182.2
OI02873,O03013,P021,2,443.61
OI02874,O03013,P034,4,197.89
OI02875,O03013,P029,4,384.93
OI02876,O03056,P020,3,62.75
OI02877,O03367,P057,3,91.24
OI02878,O03367,P059,5,10.1
OI02879,O03367,P019,3,135.4
OI02880,O03712,P027,2,9.99
OI02881,O03712,P059,1,10.1
OI02882,O03712,P052,4,155.23
OI02883,O03972,P026,5,29.64
OI02884,O03972,P016,3,407.27
OI02885,O03972,P034,3,197.89
OI02886,O04039,P017,4,391.13
OI02887,O04315,P041,1,76.71
OI02888,O04315,P049,3,34.75
OI02889,O04960,P047,1,116.76
OI02890,O04960,P017,3,391.13
OI02891,O04960,P011,1,54.4
OI02892,O04960,P012,3,86.46
OI02893,O05211,P001,4,287.94
OI02894,O00210,P039,2,299.16
OI02895,O00434,P060,3,349.64
OI02896,O00434,P022,5,358.81
OI02897,O00434,P002,1,137.96
OI02898,O00678,P031,2,90.92
OI02899,O00678,P033,1,49.99
OI02900,O00678,P035,1,49.19
OI02901,O00859,P004,3,21.07
OI02902,O00859,P001,1,287.94
OI02903,O00859,P010,2,383.82
OI02904,O01106,P021,2,443.61
OI02905,O01106,P033,1,49.99
OI02906,O01106,P049,3,34.75
OI02907,O01291,P018,5,252.47
OI02908,O01291,P002,3,137.96
OI02909,O01291,P004,2,21.07
OI02910,O02896,P021,4,443.61
OI02911,O02896,P041,2,76.71
OI02912,O02944,P048,5,146.16
OI02913,O03598,P013,4,417.94
OI02914,O03656,P021,2,443.61
OI02915,O03778,P002,4,137.96
OI02916,O03778,P015,4,441.96
OI02917,O03944,P016,2,407.27
OI02918,O03944,P048,3,146.16
OI02919,O05654,P021,1,443.61
OI02920,O05654,P038,3,97.65
OI02921,O05891,P010,5,383.82
OI02922,O05891,P038,2,97.65
OI02923,O05891,P053,5,123.07
OI02924,O02254,P003,2,163.73
OI02925,O02293,P026,2,29.64
OI02926,O02676,P060,2,349.64
OI02927,O02676,P003,3,163.73
OI02928,O03626,P048,4,146.16
OI02929,O03626,P036,2,11.54
OI02930,O03626,P004,3,21.07
OI02931,O04470,P054,1,310.0
OI02932,O04470,P045,3,296.59
OI02933,O04927,P056,3,28.94
OI02934,O04927,P036,3,11.54
OI02935,O05924,P055,3,29.47
OI02936,O05924,P001,3,287.94
OI02937,O00203,P060,3,349.64
OI02938,O00203,P019,3,135.4
OI02939,O00951,P028,4,185.4
OI02940,O00951,P033,4,49.99
OI02941,O01176,P060,3,349.64
OI02942,O01411,P023,4,416.72
OI02943,O01411,P037,4,141.48
OI02944,O01411,P059,4,10.1
OI02945,O01411,P039,1,299.16
OI02946,O02181,P053,3,123.07
OI02947,O02181,P036,4,11.54
OI02948,O02760,P044,2,356.11
OI02949,O02760,P013,5,417.94
OI02950,O02760,P037,4,141.48
OI02951,O02760,P045,5,296.59
OI02952,O02891,P039,1,299.16
OI02953,O02891,P012,2,86.46
OI02954,O02891,P059,1,10.1
OI02955,O04488,P037,3,141.48
OI02956,O04488,P049,1,34.75
OI02957,O04504,P037,4,141.48
OI02958,O04504,P007,1,345.2
OI02959,O04731,P012,3,86.46
OI02960,O04731,P009,5,384.59
OI02961,O04828,P031,2,90.92
OI02962,O04828,P024,5,29.52
OI02963,O04828,P025,4,349.98
OI02964,O05594,P018,4,252.47
OI02965,O05619,P004,1,27.73
OI02966,O05785,P044,2,356.11
OI02967,O05785,P055,5,29.47
OI02968,O05785,P059,5,10.1
OI02969,O05785,P013,2,417.94
OI02970,O01701,P059,2,10.1
OI02971,O01701,P058,3,114.8
OI02972,O01701,P018,2,252.47
OI02973,O01701,P015,4,441.96
OI02974,O03010,P041,5,76.71
OI02975,O03010,P059,2,10.1
OI02976,O03088,P053,5,123.07
OI02977,O03088,P007,2,345.2
OI02978,O03303,P058,2,114.8
OI02979,O03303,P030,3,268.92
OI02980,O03961,P054,3,310.0
OI02981,O03961,P003,2,215.44
OI02982,O03961,P043,5,447.66
OI02983,O04499,P016,4,407.27
OI02984,O04499,P039,1,299.16
OI02985,O04948,P024,3,29.52
OI02986,O04948,P011,2,54.4
OI02987,O05344,P037,5,141.48
OI02988,O05344,P017,4,391.13
OI02989,O05344,P021,1,443.61
OI02990,O05577,P001,3,378.87
OI02991,O00254,P013,2,417.94
OI02992,O00338,P040,1,296.82
OI02993,O00338,P011,2,54.4
OI02994,O00338,P002,1,143.4
OI02995,O01485,P011,3,54.4
OI02996,O01485,P058,4,114.8
OI02997,O01912,P019,3,135.4
OI02998,O01912,P024,4,29.52
OI02999,O02202,P012,3,86.46
OI03000,O02202,P042,3,358.05
OI03001,O03334,P038,3,97.65
OI03002,O03334,P033,3,49.99
OI03003,O03334,P036,2,11.54
OI03004,O04046,P033,3,49.99
OI03005,O04046,P015,2,441.96
OI03006,O04046,P025,3,349.98
OI03007,O04502,P052,3,155.23
OI03008,O04502,P036,5,11.54
OI03009,O04502,P002,5,143.4
OI03010,O04512,P009,2,384.59
OI03011,O05059,P051,3,389.34
OI03012,O05059,P020,3,62.75
OI03013,O00313,P046,2,23.84
OI03014,O00313,P029,1,384.93
OI03015,O00313,P057,4,91.24
OI03016,O00313,P021,4,443.61
OI03017,O00950,P044,5,356.11
OI03018,O00950,P040,3,296.82
OI03019,O00950,P002,4,143.4
OI03020,O01033,P056,3,28.94
OI03021,O01173,P019,1,135.4
OI03022,O01173,P021,4,443.61
OI03023,O01173,P030,2,268.92
OI03024,O01603,P033,3,49.99
OI03025,O05506,P055,4,29.47
OI03026,O05506,P011,1,54.4
OI03027,O00281,P017,5,391.13
OI03028,O00281,P039,1,299.16
OI03029,O00281,P059,2,10.1
OI03030,O01474,P039,5,299.16
OI03031,O01474,P012,5,86.46
OI03032,O01474,P013,2,417.94
OI03033,O01474,P047,5,116.76
OI03034,O02214,P016,4,407.27
OI03035,O02214,P047,2,116.76
OI03036,O02398,P021,2,443.61
OI03037,O02398,P031,5,90.92
OI03038,O03084,P025,4,349.98
OI03039,O03084,P028,3,185.4
OI03040,O04958,P031,2,90.92
OI03041,O04958,P001,4,299.31
OI03042,O05089,P045,3,296.59
OI03043,O05089,P031,2,90.92
OI03044,O00412,P004,5,21.91
OI03045,O00756,P027,4,9.99
OI03046,O00756,P052,3,155.23
OI03047,O00756,P022,1,358.81
OI03048,O00756,P014,2,11.23
OI03049,O02162,P059,3,10.1
OI03050,O02784,P059,2,10.1
OI03051,O02794,P020,2,62.75
OI03052,O02794,P019,5,135.4
OI03053,O03467,P008,5,124.5
OI03054,O03467,P037,2,193.81
OI03055,O03585,P015,1,441.96
OI03056,O03971,P002,2,143.4
OI03057,O03971,P017,1,391.13
OI03058,O04316,P016,4,407.27
OI03059,O04316,P015,4,441.96
OI03060,O04316,P031,4,90.92
OI03061,O04739,P035,4,67.39
OI03062,O04739,P012,4,86.46
OI03063,O04739,P045,3,296.59
OI03064,O04758,P058,4,114.8
OI03065,O04758,P013,5,417.94
OI03066,O05227,P042,5,358.05
OI03067,O05227,P005,3,211.1
OI03068,O05227,P037,5,193.81
OI03069,O05296,P031,1,90.92
OI03070,O05296,P055,1,29.47
OI03071,O05296,P052,4,155.23
OI03072,O01429,P020,3,62.75
OI03073,O01429,P014,1,11.23
OI03074,O01429,P021,3,443.61
OI03075,O01726,P009,2,384.59
OI03076,O02255,P036,5,15.81
OI03077,O02255,P032,5,364.88
OI03078,O02255,P051,4,389.34
OI03079,O03060,P053,1,123.07
OI03080,O03060,P043,5,447.66
OI03081,O03177,P020,3,62.75
OI03082,O03177,P028,5,185.4
OI03083,O03460,P018,2,252.47
OI03084,O03460,P033,2,52.04
OI03085,O03460,P024,5,29.52
OI03086,O03861,P041,1,76.71
OI03087,O04323,P021,4,443.61
OI03088,O04328,P050,1,182.2
OI03089,O04699,P005,5,211.1
OI03090,O04699,P040,2,296.82
OI03091,O04699,P006,1,300.89
OI03092,O05365,P050,1,182.2
OI03093,O05488,P006,5,300.89
OI03094,O01056,P018,1,252.47
OI03095,O01056,P055,1,29.47
OI03096,O01056,P003,4,170.2
OI03097,O01326,P014,5,11.23
OI03098,O02307,P054,2,310.0
OI03099,O02796,P053,2,123.07
OI03100,O02928,P010,2,383.82
OI03101,O02928,P049,4,34.75
OI03102,O03006,P058,4,114.8
OI03103,O03006,P053,3,123.07
OI03104,O03721,P015,2,441.96
OI03105,O03721,P057,4,91.24
OI03106,O03721,P024,4,29.52
OI03107,O04474,P020,2,62.75
OI03108,O04474,P019,4,135.4
OI03109,O05541,P007,5,272.71
OI03110,O05541,P004,2,21.91
OI03111,O00695,P035,2,67.39
OI03112,O00695,P050,4,182.2
OI03113,O03680,P055,4,29.47
OI03114,O03976,P007,1,272.71
OI03115,O03976,P017,2,391.13
OI03116,O03976,P052,2,155.23
OI03117,O04391,P047,4,116.76
OI03118,O04391,P010,3,383.82
OI03119,O04391,P054,2,310.0
OI03120,O05757,P024,2,29.52
OI03121,O05757,P027,4,9.99
OI03122,O00185,P034,3,271.08
OI03123,O00214,P013,5,417.94
OI03124,O04057,P011,5,54.4
OI03125,O04057,P060,5,349.64
OI03126,O04057,P021,5,443.61
OI03127,O04217,P035,2,67.39
OI03128,O04217,P053,1,123.07
OI03129,O05731,P002,5,143.4
OI03130,O01202,P055,4,29.47
OI03131,O01202,P058,1,114.8
OI03132,O01202,P052,2,155.23
OI03133,O02384,P054,3,310.0
OI03134,O02384,P011,4,54.4
OI03135,O02975,P018,3,252.47
OI03136,O02975,P053,5,123.07
OI03137,O02975,P052,1,155.23
OI03138,O02975,P039,3,409.81
OI03139,O03363,P005,1,211.1
OI03140,O03363,P004,1,21.91
OI03141,O04146,P057,3,91.24
OI03142,O04146,P007,2,272.71
OI03143,O04270,P031,3,90.92
OI03144,O05217,P010,1,383.82
OI03145,O05217,P041,4,76.71
OI03146,O05217,P020,2,62.75
OI03147,O05217,P017,2,391.13
OI03148,O05683,P034,5,271.08
OI03149,O05831,P039,4,409.81
OI03150,O00665,P051,1,389.34
OI03151,O00665,P050,3,182.2
OI03152,O00665,P042,1,358.05
OI03153,O00903,P052,5,155.23
OI03154,O00903,P019,4,135.4
OI03155,O02410,P003,3,170.2
OI03156,O02806,P018,2,252.47
OI03157,O02806,P040,2,296.82
OI03158,O02839,P056,1,28.94
OI03159,O02839,P008,2,124.5
OI03160,O02839,P026,3,29.64
OI03161,O02846,P051,5,389.34
OI03162,O03531,P017,4,391.13
OI03163,O03750,P026,4,29.64
OI03164,O03750,P032,3,364.88
OI03165,O03750,P012,1,86.46
OI03166,O04415,P014,5,11.23
OI03167,O04415,P033,3,52.04
OI03168,O05589,P015,3,441.96
OI03169,O05589,P032,3,364.88
OI03170,O01378,P060,3,349.64
OI03171,O01378,P013,5,417.94
OI03172,O01378,P024,2,29.52
OI03173,O01378,P018,4,252.47
OI03174,O01987,P030,2,268.92
OI03175,O01987,P059,3,10.1
OI03176,O02458,P024,5,29.52
OI03177,O02458,P026,5,29.64
OI03178,O02458,P032,1,364.88
OI03179,O02820,P015,4,441.96
OI03180,O03245,P025,5,349.98
OI03181,O03245,P031,5,90.92
OI03182,O03376,P059,2,10.1
OI03183,O03376,P040,1,296.82
OI03184,O03376,P046,2,23.84
OI03185,O04055,P012,3,86.46
OI03186,O04055,P008,2,124.5
OI03187,O04055,P017,2,391.13
OI03188,O04510,P053,3,123.07
OI03189,O04510,P019,3,135.4
OI03190,O04510,P003,1,170.2
OI03191,O05267,P055,2,29.47
OI03192,O05673,P008,5,124.5
OI03193,O05673,P056,2,28.94
OI03194,O05673,P033,1,52.04
OI03195,O00961,P009,2,384.59
OI03196,O00961,P040,3,296.82
OI03197,O00961,P014,1,11.23
OI03198,O01012,P017,2,391.13
OI03199,O01029,P028,5,185.4
OI03200,O02209,P034,3,271.08
OI03201,O02209,P024,3,29.52
OI03202,O02209,P040,3,296.82
OI03203,O02209,P045,5,296.59
OI03204,O02533,P060,1,349.64
OI03205,O02533,P043,2,447.66
OI03206,O02533,P048,2,146.16
OI03207,O02533,P038,2,133.77
OI03208,O04010,P042,1,358.05
OI03209,O04010,P013,5,417.94
OI03210,O04969,P010,3,383.82
OI03211,O04969,P046,3,23.84
OI03212,O04969,P019,3,135.4
OI03213,O05475,P036,2,15.81
OI03214,O00124,P055,1,29.47
OI03215,O00124,P036,1,15.81
OI03216,O00124,P024,4,29.52
OI03217,O00124,P012,3,86.46
OI03218,O00997,P059,5,10.1
OI03219,O00997,P030,1,268.92
OI03220,O00997,P054,5,310.0
OI03221,O00997,P056,4,28.94
OI03222,O02039,P010,4,383.82
OI03223,O02039,P021,5,443.61
OI03224,O02690,P052,2,155.23
OI03225,O03331,P004,3,21.91
OI03226,O03331,P006,2,300.89
OI03227,O03331,P025,5,349.98
OI03228,O03963,P022,5,358.81
OI03229,O04059,P036,4,15.81
OI03230,O04059,P054,1,310.0
OI03231,O04059,P056,5,28.94
OI03232,O04882,P016,1,407.27
OI03233,O04882,P028,5,185.4
OI03234,O04882,P001,1,299.31
OI03235,O05051,P022,1,358.81
OI03236,O05051,P021,2,443.61
OI03237,O05051,P057,2,91.24
OI03238,O05539,P036,5,15.81
OI03239,O05539,P008,5,124.5
OI03240,O00271,P012,1,86.46
OI03241,O00672,P044,3,356.11
OI03242,O03497,P037,5,193.81
OI03243,O03497,P025,3,349.98
OI03244,O03698,P041,2,76.71
OI03245,O03698,P015,3,441.96
OI03246,O03900,P003,2,170.2
OI03247,O03900,P021,2,443.61
OI03248,O03900,P023,4,416.72
OI03249,O04278,P007,5,272.71
OI03250,O05403,P059,3,10.1
OI03251,O05403,P019,2,135.4
OI03252,O05684,P039,4,409.81
OI03253,O05981,P058,1,114.8
OI03254,O05981,P049,3,34.75
OI03255,O05981,P043,4,447.66
OI03256,O00768,P004,2,21.91
OI03257,O00768,P012,2,86.46
OI03258,O02459,P053,1,123.07
OI03259,O02459,P015,2,441.96
OI03260,O02459,P006,5,300.89
OI03261,O05645,P045,1,296.59
OI03262,O05645,P048,5,146.16
OI03263,O05645,P039,3,409.81
OI03264,O05801,P017,4,391.13
OI03265,O05801,P047,5,116.76
OI03266,O05801,P049,1,34.75
OI03267,O05994,P023,4,416.72
OI03268,O05994,P018,1,252.47
OI03269,O05994,P060,3,349.64
OI03270,O00451,P039,4,409.81
OI03271,O00451,P025,2,349.98
OI03272,O00451,P048,4,146.16
OI03273,O00451,P017,1,391.13
OI03274,O01036,P021,5,443.61
OI03275,O01212,P006,4,380.87
OI03276,O01212,P020,2,62.75
OI03277,O03576,P058,2,114.8
OI03278,O03576,P005,1,267.21
OI03279,O04099,P014,3,11.23
OI03280,O04099,P044,2,356.11
OI03281,O04343,P047,1,116.76
OI03282,O04343,P048,5,146.16
OI03283,O04343,P054,2,310.0
OI03284,O04343,P045,2,296.59
OI03285,O04953,P060,4,349.64
OI03286,O05361,P007,5,345.2
OI03287,O05361,P060,5,349.64
OI03288,O05361,P049,4,34.75
OI03289,O05804,P012,1,86.46
OI03290,O05804,P010,1,383.82
OI03291,O05804,P003,1,215.44
OI03292,O01721,P049,5,34.75
OI03293,O01721,P003,1,215.44
OI03294,O01817,P027,5,9.99
OI03295,O01817,P009,3,384.59
OI03296,O01817,P011,3,54.4
OI03297,O02063,P033,5,68.48
OI03298,O02063,P060,4,349.64
OI03299,O02063,P017,4,391.13
OI03300,O03801,P048,5,146.16
OI03301,O03801,P033,2,68.48
OI03302,O03973,P019,2,135.4
OI03303,O03973,P001,1,378.87
OI03304,O04557,P019,3,135.4
OI03305,O04557,P034,1,271.08
OI03306,O04557,P053,5,123.07
OI03307,O00376,P037,3,193.81
OI03308,O01246,P028,1,185.4
OI03309,O01246,P021,4,443.61
OI03310,O03914,P030,1,268.92
OI03311,O04867,P015,4,441.96
OI03312,O04867,P042,5,358.05
OI03313,O00761,P059,4,10.1
OI03314,O00761,P031,5,90.92
OI03315,O00761,P004,5,27.73
OI03316,O01143,P047,1,116.76
OI03317,O01184,P050,2,182.2
OI03318,O01184,P025,4,349.98
OI03319,O01781,P043,5,447.66
OI03320,O01781,P050,1,182.2
OI03321,O01781,P011,4,54.4
OI03322,O01781,P045,2,296.59
OI03323,O02580,P008,3,157.6
OI03324,O02580,P058,5,114.8
OI03325,O02580,P045,3,296.59
OI03326,O02580,P010,4,383.82
OI03327,O03425,P029,3,384.93
OI03328,O03425,P016,1,407.27
OI03329,O01441,P005,5,267.21
OI03330,O01441,P034,5,271.08
OI03331,O01441,P023,2,416.72
OI03332,O01441,P025,4,349.98
OI03333,O01686,P027,3,9.99
OI03334,O02166,P019,4,135.4
OI03335,O02166,P008,5,157.6
OI03336,O02479,P007,3,345.2
OI03337,O02479,P016,3,407.27
OI03338,O03116,P041,2,76.71
OI03339,O03116,P060,2,349.64
OI03340,O03116,P010,4,383.82
OI03341,O03457,P033,1,68.48
OI03342,O03457,P005,5,267.21
OI03343,O03457,P042,5,358.05
OI03344,O03457,P003,5,215.44
OI03345,O04409,P050,4,182.2
OI03346,O04741,P053,3,123.07
OI03347,O04741,P033,4,68.48
OI03348,O04741,P006,5,380.87
OI03349,O04741,P016,5,407.27
OI03350,O04786,P036,4,15.81
OI03351,O04786,P051,2,389.34
OI03352,O04786,P003,2,215.44
OI03353,O05960,P008,5,157.6
OI03354,O05960,P059,2,10.1
OI03355,O05960,P037,3,193.81
OI03356,O00810,P032,1,364.88
OI03357,O02465,P019,2,135.4
OI03358,O02465,P041,1,76.71
OI03359,O03168,P047,3,116.76
OI03360,O03168,P008,4,157.6
OI03361,O03168,P035,2,67.39
OI03362,O03240,P017,3,391.13
OI03363,O03240,P041,2,76.71
OI03364,O03240,P011,1,54.4
OI03365,O03240,P030,3,268.92
OI03366,O04482,P032,3,364.88
OI03367,O04569,P041,4,76.71
OI03368,O04569,P039,5,409.81
OI03369,O04569,P047,3,116.76
OI03370,O04569,P060,2,349.64
OI03371,O00109,P054,5,310.0
OI03372,O00109,P024,3,29.52
OI03373,O00123,P052,2,155.23
OI03374,O00123,P008,3,157.6
OI03375,O00625,P040,3,296.82
OI03376,O00625,P047,1,116.76
OI03377,O01042,P003,4,215.44
OI03378,O02020,P041,2,76.71
OI03379,O04544,P027,1,9.99
OI03380,O04544,P032,4,364.88
OI03381,O04544,P028,2,185.4
OI03382,O04544,P037,3,193.81
OI03383,O05000,P025,1,349.98
OI03384,O00009,P048,3,146.16
OI03385,O00009,P007,3,345.2
OI03386,O00009,P014,1,11.23
OI03387,O00994,P002,5,181.52
OI03388,O00994,P034,5,271.08
OI03389,O00994,P027,3,9.99
OI03390,O01226,P024,1,29.52
OI03391,O01226,P031,2,90.92
OI03392,O01226,P054,5,310.0
OI03393,O03220,P026,3,29.64
OI03394,O03220,P020,2,62.75
OI03395,O03220,P044,5,356.11
OI03396,O03220,P028,4,185.4
OI03397,O03366,P058,1,114.8
OI03398,O03366,P047,3,116.76
OI03399,O03452,P042,2,358.05
OI03400,O03452,P008,4,157.6
OI03401,O03452,P059,2,10.1
OI03402,O03866,P007,2,345.2
OI03403,O03866,P031,4,90.92
OI03404,O04138,P016,2,407.27
OI03405,O04138,P047,2,116.76
OI03406,O04138,P027,4,9.99
OI03407,O04138,P019,4,135.4
OI03408,O05046,P029,2,384.93
OI03409,O05449,P045,5,296.59
OI03410,O05572,P025,1,349.98
OI03411,O05572,P024,1,29.52
OI03412,O05927,P021,5,443.61
OI03413,O05927,P051,5,389.34
OI03414,O05927,P048,2,146.16
OI03415,O00818,P031,1,90.92
OI03416,O00839,P010,3,383.82
OI03417,O00839,P022,2,358.81
OI03418,O00839,P059,5,10.1
OI03419,O01307,P045,3,296.59
OI03420,O01307,P055,5,29.47
OI03421,O02150,P032,3,364.88
OI03422,O02150,P029,4,384.93
OI03423,O02150,P015,2,441.96
OI03424,O02447,P045,5,296.59
OI03425,O02957,P006,3,380.87
OI03426,O03368,P039,5,409.81
OI03427,O05259,P004,3,27.73
OI03428,O05259,P057,2,91.24
OI03429,O05259,P053,5,123.07
OI03430,O05259,P002,2,181.52
OI03431,O05297,P059,2,10.1
OI03432,O05297,P053,3,123.07
OI03433,O05297,P049,3,34.75
OI03434,O05426,P014,5,11.23
OI03435,O05426,P006,4,380.87
OI03436,O05527,P056,2,28.94
OI03437,O05527,P037,4,193.81
OI03438,O01824,P045,3,296.59
OI03439,O01824,P028,2,185.4
OI03440,O01824,P049,2,34.75
OI03441,O01848,P010,3,383.82
OI03442,O01848,P060,3,349.64
OI03443,O01848,P032,2,364.88
OI03444,O03546,P049,1,34.75
OI03445,O04904,P023,5,416.72
OI03446,O04904,P048,5,146.16
OI03447,O04904,P013,1,417.94
OI03448,O04904,P035,5,67.39
OI03449,O05333,P034,1,271.08
OI03450,O05333,P021,4,443.61
OI03451,O00181,P013,3,417.94
OI03452,O00253,P053,1,123.07
OI03453,O00253,P033,4,68.48
OI03454,O02859,P001,1,378.87
OI03455,O02859,P049,4,34.75
OI03456,O02991,P043,3,447.66
OI03457,O04572,P003,2,215.44
OI03458,O04572,P059,4,10.1
OI03459,O04573,P043,3,447.66
OI03460,O04573,P005,1,267.21
OI03461,O04573,P025,3,349.98
OI03462,O04961,P053,5,123.07
OI03463,O05070,P018,5,252.47
OI03464,O05070,P008,1,157.6
OI03465,O05070,P004,3,27.73
OI03466,O05090,P030,1,268.92
OI03467,O05090,P051,2,389.34
OI03468,O05441,P004,1,27.73
OI03469,O05441,P005,1,267.21
OI03470,O05441,P033,1,68.48
OI03471,O05441,P031,5,90.92
OI03472,O00365,P010,1,383.82
OI03473,O00365,P003,5,215.44
OI03474,O00365,P059,2,10.1
OI03475,O00820,P037,5,193.81
OI03476,O00820,P022,2,358.81
OI03477,O01606,P021,4,443.61
OI03478,O01606,P047,3,116.76
OI03479,O02004,P011,1,54.4
OI03480,O02004,P045,2,296.59
OI03481,O03061,P047,5,116.76
OI03482,O03061,P030,2,268.92
OI03483,O03061,P054,5,310.0
OI03484,O03358,P021,1,443.61
OI03485,O03358,P018,5,252.47
OI03486,O03358,P014,1,11.23
OI03487,O03358,P037,4,193.81
OI03488,O04427,P018,5,252.47
OI03489,O04427,P023,2,416.72
OI03490,O05206,P044,5,356.11
OI03491,O05326,P059,1,10.1
OI03492,O05326,P050,5,182.2
OI03493,O05326,P013,5,417.94
OI03494,O01714,P012,5,86.46
OI03495,O03000,P003,1,215.44
OI03496,O03000,P048,3,146.16
OI03497,O00912,P020,5,62.75
OI03498,O00912,P029,5,384.93
OI03499,O00924,P016,1,407.27
OI03500,O00924,P034,5,271.08
OI03501,O00924,P012,5,86.46
OI03502,O03474,P012,2,86.46
OI03503,O03474,P025,2,349.98
OI03504,O04962,P037,1,193.81
OI03505,O04962,P051,2,389.34
OI03506,O04962,P019,2,135.4
OI03507,O04962,P009,1,384.59
OI03508,O05494,P043,3,447.66
OI03509,O05494,P001,4,378.87
OI03510,O05494,P022,2,358.81
OI03511,O00805,P016,3,407.27
OI03512,O00805,P041,3,76.71
OI03513,O00948,P028,1,185.4
OI03514,O00948,P018,1,252.47
OI03515,O00948,P034,3,271.08
OI03516,O00962,P056,1,28.94
OI03517,O02577,P056,4,28.94
OI03518,O02577,P050,2,182.2
OI03519,O05429,P009,3,384.59
OI03520,O05429,P055,5,29.47
OI03521,O05429,P044,2,356.11
OI03522,O05429,P049,3,34.75
OI03523,O03155,P039,3,409.81
OI03524,O03155,P002,4,181.52
OI03525,O03381,P015,2,441.96
OI03526,O03381,P040,1,296.82
OI03527,O04853,P010,5,383.82
OI03528,O05765,P017,3,391.13
OI03529,O00251,P028,4,185.4
OI03530,O00251,P030,5,268.92
OI03531,O00251,P040,4,296.82
OI03532,O00340,P006,3,380.87
OI03533,O00340,P019,2,135.4
OI03534,O02399,P008,4,157.6
OI03535,O02399,P057,2,91.24
OI03536,O03160,P019,4,135.4
OI03537,O03160,P052,2,155.23
OI03538,O03160,P048,4,146.16
OI03539,O03160,P011,1,54.4
OI03540,O03975,P001,4,378.87
OI03541,O04905,P053,4,123.07
OI03542,O04905,P059,3,10.1
OI03543,O04905,P005,1,267.21
OI03544,O05082,P033,1,68.48
OI03545,O05082,P045,4,296.59
OI03546,O05082,P028,1,185.4
OI03547,O05082,P011,3,54.4
OI03548,O05548,P049,4,34.75
OI03549,O00358,P049,3,34.75
OI03550,O00358,P037,2,193.81
OI03551,O01377,P053,3,123.07
OI03552,O02099,P027,4,9.99
OI03553,O02099,P022,1,358.81
OI03554,O02831,P054,3,310.0
OI03555,O02831,P019,2,135.4
OI03556,O02831,P040,1,296.82
OI03557,O03179,P006,3,380.87
OI03558,O04333,P006,2,380.87
OI03559,O04333,P057,4,91.24
OI03560,O04333,P003,1,215.44
OI03561,O04337,P007,5,345.2
OI03562,O04337,P060,5,349.64
OI03563,O04337,P001,1,378.87
OI03564,O04723,P028,4,185.4
OI03565,O04820,P049,1,34.75
OI03566,O04820,P037,4,193.81
OI03567,O04820,P057,4,91.24
OI03568,O04820,P033,3,68.48
OI03569,O04913,P032,1,364.88
OI03570,O04913,P047,2,116.76
OI03571,O04913,P009,2,384.59
OI03572,O05056,P039,1,409.81
OI03573,O05584,P026,1,29.64
OI03574,O05584,P057,2,91.24
OI03575,O05650,P016,1,407.27
OI03576,O05650,P038,3,133.77
OI03577,O05650,P025,4,349.98
OI03578,O05833,P037,2,193.81
OI03579,O05899,P050,3,182.2
OI03580,O05899,P021,2,443.61
OI03581,O05899,P002,5,181.52
OI03582,O01404,P040,3,296.82
OI03583,O01404,P043,4,447.66
OI03584,O01910,P023,5,416.72
OI03585,O02072,P022,2,358.81
OI03586,O02072,P032,4,364.88
OI03587,O02072,P016,5,407.27
OI03588,O02611,P047,5,116.76
OI03589,O02611,P024,3,29.52
OI03590,O03274,P037,2,193.81
OI03591,O03870,P037,4,193.81
OI03592,O03870,P016,4,407.27
OI03593,O03870,P021,3,443.61
OI03594,O03991,P030,3,268.92
OI03595,O03991,P047,1,116.76
OI03596,O03991,P002,2,181.52
OI03597,O03991,P059,1,10.1
OI03598,O05185,P058,1,114.8
OI03599,O05185,P043,4,447.66
OI03600,O05185,P022,1,358.81
OI03601,O05185,P024,5,29.52
OI03602,O05268,P010,1,383.82
OI03603,O05268,P059,5,10.1
OI03604,O05268,P023,3,416.72
OI03605,O05873,P058,2,114.8
OI03606,O05873,P027,3,9.99
OI03607,O05873,P020,5,62.75
OI03608,O00306,P003,2,215.44
OI03609,O00306,P030,1,268.92
OI03610,O00306,P009,3,384.59
OI03611,O00306,P040,5,296.82
OI03612,O00944,P034,1,271.08
OI03613,O01735,P010,2,383.82
OI03614,O01735,P042,1,358.05
OI03615,O01735,P018,4,252.47
OI03616,O01867,P048,4,146.16
OI03617,O01867,P028,5,185.4
OI03618,O01867,P035,3,67.39
OI03619,O01867,P040,3,296.82
OI03620,O03398,P053,3,123.07
OI03621,O03398,P018,5,252.47
OI03622,O03398,P049,5,34.75
OI03623,O05680,P016,3,407.27
OI03624,O05680,P029,4,384.93
OI03625,O05680,P002,5,181.52
OI03626,O00813,P026,4,29.64
OI03627,O00813,P013,2,417.94
OI03628,O00813,P050,2,182.2
OI03629,O00813,P028,4,185.4
OI03630,O01132,P030,5,268.92
OI03631,O01132,P008,4,157.6
OI03632,O01216,P007,3,345.2
OI03633,O01216,P010,4,383.82
OI03634,O02077,P021,3,443.61
OI03635,O02077,P059,3,10.1
OI03636,O02298,P001,5,378.87
OI03637,O03247,P056,3,28.94
OI03638,O03247,P022,1,358.81
OI03639,O03522,P039,5,409.81
OI03640,O04239,P004,3,27.73
OI03641,O04239,P038,2,133.77
OI03642,O04239,P013,3,417.94
OI03643,O04239,P011,4,54.4
OI03644,O04892,P011,2,54.4
OI03645,O04892,P012,1,86.46
OI03646,O04892,P025,3,349.98
OI03647,O04892,P057,3,91.24
OI03648,O05850,P037,2,193.81
OI03649,O05850,P045,4,296.59
OI03650,O00373,P041,3,76.71
OI03651,O00373,P007,3,345.2
OI03652,O00373,P031,2,90.92
OI03653,O00373,P026,4,29.64
OI03654,O00584,P013,5,417.94
OI03655,O00584,P047,4,116.76
OI03656,O00584,P037,2,193.81
OI03657,O00731,P031,1,90.92
OI03658,O00731,P047,4,116.76
OI03659,O01823,P027,4,9.99
OI03660,O02353,P059,5,10.1
OI03661,O02353,P037,2,193.81
OI03662,O02353,P044,4,356.11
OI03663,O02617,P012,1,86.46
OI03664,O02617,P049,1,34.75
OI03665,O04588,P021,2,443.61
OI03666,O05852,P026,3,29.64
OI03667,O05852,P050,4,182.2
OI03668,O05852,P029,3,384.93
OI03669,O00294,P020,4,62.75
OI03670,O00294,P053,1,123.07
OI03671,O00294,P019,2,135.4
OI03672,O01496,P052,3,155.23
OI03673,O01496,P022,1,358.81
OI03674,O02315,P017,2,391.13
OI03675,O05485,P009,3,384.59
OI03676,O05485,P056,5,28.94
OI03677,O05485,P054,4,310.0
OI03678,O05763,P009,2,384.59
OI03679,O01309,P030,5,268.92
OI03680,O01309,P022,2,358.81
OI03681,O03032,P018,3,252.47
OI03682,O03032,P056,2,28.94
OI03683,O03032,P035,4,67.39
OI03684,O03032,P031,3,90.92
OI03685,O03148,P049,2,34.75
OI03686,O03148,P044,2,356.11
OI03687,O03148,P051,4,389.34
OI03688,O04414,P025,2,349.98
OI03689,O04414,P047,2,116.76
OI03690,O04414,P037,3,193.81
OI03691,O05495,P018,4,252.47
OI03692,O05495,P027,3,9.99
OI03693,O05495,P057,2,91.24
OI03694,O05495,P050,2,182.2
OI03695,O05507,P005,1,267.21
OI03696,O05507,P008,2,157.6
OI03697,O05507,P009,1,384.59
OI03698,O03009,P054,5,310.0
OI03699,O03009,P031,4,90.92
OI03700,O03009,P042,1,358.05
OI03701,O03808,P047,2,116.76
OI03702,O03808,P045,3,296.59
OI03703,O03808,P028,2,185.4
OI03704,O03808,P016,4,407.27
OI03705,O04095,P039,5,409.81
OI03706,O04095,P007,5,345.2
OI03707,O04282,P030,3,268.92
OI03708,O05132,P035,2,67.39
OI03709,O05132,P002,2,181.52
OI03710,O00472,P023,2,416.72
OI03711,O00472,P025,1,349.98
OI03712,O00475,P051,5,389.34
OI03713,O00475,P052,2,155.23
OI03714,O00732,P041,5,76.71
OI03715,O00732,P056,1,28.94
OI03716,O00732,P011,3,54.4
OI03717,O01900,P002,2,181.52
OI03718,O02748,P033,4,68.48
OI03719,O02748,P048,5,146.16
OI03720,O02748,P053,5,123.07
OI03721,O03772,P012,3,86.46
OI03722,O04944,P035,4,67.39
OI03723,O04944,P048,1,146.16
OI03724,O04944,P006,4,380.87
OI03725,O04944,P043,2,447.66
OI03726,O04946,P026,1,29.64
OI03727,O04946,P019,2,135.4
OI03728,O04946,P055,5,29.47
OI03729,O00939,P051,1,389.34
OI03730,O00939,P020,1,62.75
OI03731,O01518,P037,1,193.81
OI03732,O01518,P001,1,378.87
OI03733,O01518,P006,1,380.87
OI03734,O02087,P039,1,409.81
OI03735,O02087,P032,2,364.88
OI03736,O02932,P015,5,441.96
OI03737,O02932,P058,4,114.8
OI03738,O02932,P022,1,358.81
OI03739,O02932,P038,2,133.77
OI03740,O04757,P054,5,310.0
OI03741,O04757,P031,3,90.92
OI03742,O05022,P038,4,133.77
OI03743,O01026,P014,5,11.23
OI03744,O01026,P057,1,91.24
OI03745,O01026,P006,5,380.87
OI03746,O01759,P053,1,123.07
OI03747,O01759,P023,5,416.72
OI03748,O01759,P012,5,86.46
OI03749,O02312,P006,5,380.87
OI03750,O02312,P054,3,310.0
OI03751,O02312,P038,5,133.77
OI03752,O02677,P039,2,409.81
OI03753,O02677,P030,1,268.92
OI03754,O02677,P053,1,123.07
OI03755,O03601,P029,1,384.93
OI03756,O04541,P020,1,62.75
OI03757,O04541,P012,1,86.46
OI03758,O04541,P002,4,181.52
OI03759,O04610,P028,4,185.4
OI03760,O04610,P047,5,116.76
OI03761,O04610,P052,4,155.23
OI03762,O04610,P024,3,29.52
OI03763,O00011,P018,5,252.47
OI03764,O00011,P036,1,15.81
OI03765,O00011,P041,1,76.71
OI03766,O00011,P002,4,181.52
OI03767,O00531,P059,4,10.1
OI03768,O00531,P051,1,389.34
OI03769,O00531,P042,3,358.05
OI03770,O00773,P005,3,267.21
OI03771,O00773,P034,1,271.08
OI03772,O00773,P013,4,417.94
OI03773,O00773,P025,1,349.98
OI03774,O01205,P049,3,34.75
OI03775,O01853,P011,4,54.4
OI03776,O01853,P058,4,114.8
OI03777,O01853,P047,4,116.76
OI03778,O02722,P050,1,182.2
OI03779,O02722,P046,1,23.84
OI03780,O03428,P050,3,182.2
OI03781,O03586,P021,1,443.61
OI03782,O03586,P034,1,271.08
OI03783,O03586,P001,1,378.87
OI03784,O04026,P047,4,116.76
OI03785,O04026,P048,1,146.16
OI03786,O04026,P035,5,67.39
OI03787,O04169,P038,4,133.77
OI03788,O04169,P010,5,383.82
OI03789,O04169,P027,3,9.99
OI03790,O04169,P020,1,62.75
OI03791,O04308,P009,3,384.59
OI03792,O04627,P057,5,91.24
OI03793,O04809,P021,4,443.61
OI03794,O04809,P058,4,114.8
OI03795,O04809,P041,4,76.71
OI03796,O04809,P045,2,296.59
OI03797,O04949,P009,5,384.59
OI03798,O04949,P055,3,29.47
OI03799,O04949,P005,3,267.21
OI03800,O05028,P026,1,29.64
OI03801,O05028,P019,5,135.4
OI03802,O05028,P038,5,133.77
OI03803,O05028,P052,4,155.23
OI03804,O05340,P054,4,310.0
OI03805,O05340,P011,2,54.4
OI03806,O05829,P047,2,116.76
OI03807,O01789,P014,1,11.23
OI03808,O01789,P004,3,27.73
OI03809,O03147,P057,4,91.24
OI03810,O03147,P044,2,356.11
OI03811,O03264,P032,4,364.88
OI03812,O03388,P025,5,349.98
OI03813,O03388,P028,4,185.4
OI03814,O04701,P019,2,135.4
OI03815,O04701,P052,1,155.23
OI03816,O04896,P021,3,443.61
OI03817,O04896,P027,4,9.99
OI03818,O04896,P039,3,409.81
OI03819,O01405,P021,2,443.61
OI03820,O01405,P056,2,28.94
OI03821,O01405,P028,5,185.4
OI03822,O01932,P002,2,181.52
OI03823,O01932,P057,1,91.24
OI03824,O01932,P055,1,29.47
OI03825,O02043,P021,5,443.61
OI03826,O02043,P022,2,358.81
OI03827,O02085,P029,2,384.93
OI03828,O02225,P033,2,68.48
OI03829,O02225,P058,1,114.8
OI03830,O02405,P033,5,68.48
OI03831,O02405,P013,1,417.94
OI03832,O02405,P030,4,268.92
OI03833,O02535,P032,3,364.88
OI03834,O02535,P044,1,356.11
OI03835,O02535,P027,3,9.99
OI03836,O02535,P041,1,76.71
OI03837,O02963,P032,5,364.88
OI03838,O02963,P027,2,9.99
OI03839,O03999,P024,2,29.52
OI03840,O03999,P055,2,29.47
OI03841,O03999,P008,4,157.6
OI03842,O04172,P023,5,416.72
OI03843,O04172,P021,5,443.61
OI03844,O04172,P013,4,417.94
OI03845,O04857,P055,4,29.47
OI03846,O04857,P034,2,271.08
OI03847,O04857,P021,5,443.61
OI03848,O04857,P026,5,29.64
OI03849,O05453,P044,1,356.11
OI03850,O05453,P051,3,389.34
OI03851,O00413,P020,3,62.75
OI03852,O00413,P009,3,384.59
OI03853,O00413,P053,2,123.07
OI03854,O01837,P026,2,29.64
OI03855,O02774,P014,2,11.23
OI03856,O02774,P022,4,358.81
OI03857,O02774,P047,2,116.76
OI03858,O03688,P047,2,116.76
OI03859,O04006,P045,1,296.59
OI03860,O04006,P031,1,90.92
OI03861,O04006,P007,2,345.2
OI03862,O04043,P038,4,111.03
OI03863,O00422,P006,2,380.87
OI03864,O01904,P012,4,86.46
OI03865,O01904,P031,4,90.92
OI03866,O01904,P022,5,358.81
OI03867,O02019,P017,3,391.13
OI03868,O02019,P020,4,62.75
OI03869,O02763,P005,3,267.21
OI03870,O02807,P028,3,185.4
OI03871,O02827,P046,5,23.84
OI03872,O02827,P001,3,378.87
OI03873,O02827,P049,1,34.75
OI03874,O02968,P059,3,10.1
OI03875,O02968,P054,1,310.0
OI03876,O03768,P011,4,54.4
OI03877,O03768,P018,2,252.47
OI03878,O03768,P014,2,11.23
OI03879,O03768,P001,1,378.87
OI03880,O04191,P029,1,384.93
OI03881,O04191,P056,5,28.94
OI03882,O04191,P035,4,67.39
OI03883,O04191,P046,1,23.84
OI03884,O04934,P050,1,182.2
OI03885,O04934,P009,2,384.59
OI03886,O05385,P017,1,391.13
OI03887,O05385,P031,1,90.92
OI03888,O00789,P031,1,90.92
OI03889,O02052,P021,4,332.71
OI03890,O02083,P009,2,384.59
OI03891,O02790,P044,5,356.11
OI03892,O02790,P021,5,332.71
OI03893,O02790,P016,2,407.27
OI03894,O03532,P059,1,10.1
OI03895,O03809,P018,5,189.35
OI03896,O04214,P038,5,111.03
OI03897,O04214,P048,2,146.16
OI03898,O04214,P042,3,358.05
OI03899,O05054,P048,5,146.16
OI03900,O05054,P001,2,378.87
OI03901,O05054,P007,4,345.2
OI03902,O05054,P026,3,29.64
OI03903,O05813,P030,1,268.92
OI03904,O05813,P023,1,312.54
OI03905,O05813,P047,3,116.76
OI03906,O05813,P028,2,185.4
OI03907,O05872,P058,1,114.8
OI03908,O05872,P038,1,111.03
OI03909,O05872,P016,4,407.27
OI03910,O05872,P011,3,54.4
OI03911,O00635,P003,4,215.44
OI03912,O00635,P031,5,90.92
OI03913,O00635,P021,4,332.71
OI03914,O00957,P035,4,67.39
OI03915,O01008,P013,3,417.94
OI03916,O01009,P004,2,27.73
OI03917,O01921,P009,4,384.59
OI03918,O01921,P043,3,447.66
OI03919,O02887,P029,5,384.93
OI03920,O02887,P040,5,296.82
OI03921,O05198,P054,3,310.0
OI03922,O05198,P015,1,441.96
OI03923,O05198,P016,4,407.27
OI03924,O05573,P041,5,76.71
OI03925,O05573,P015,1,441.96
OI03926,O00513,P002,4,181.52
OI03927,O00513,P001,2,378.87
OI03928,O00513,P022,1,269.11
OI03929,O00827,P034,4,271.08
OI03930,O00827,P024,2,22.14
OI03931,O02691,P043,4,447.66
OI03932,O04443,P041,3,76.71
OI03933,O04443,P005,2,267.21
OI03934,O04848,P024,3,22.14
OI03935,O04848,P004,1,27.73
OI03936,O00292,P053,2,123.07
OI03937,O00292,P001,2,378.87
OI03938,O00504,P015,5,441.96
OI03939,O00504,P012,3,86.46
OI03940,O00504,P010,2,383.82
OI03941,O00783,P034,4,271.08
OI03942,O00826,P016,4,407.27
OI03943,O00826,P056,1,28.94
OI03944,O00826,P050,1,182.2
OI03945,O01752,P035,3,67.39
OI03946,O01752,P008,3,157.6
OI03947,O01815,P056,4,28.94
OI03948,O02715,P029,2,384.93
OI03949,O02715,P052,5,155.23
OI03950,O02759,P046,3,23.84
OI03951,O02759,P027,5,9.99
OI03952,O04782,P009,5,384.59
OI03953,O05242,P041,3,76.71
OI03954,O05242,P058,1,114.8
OI03955,O05242,P038,5,111.03
OI03956,O05242,P046,4,23.84
OI03957,O05294,P017,4,293.35
OI03958,O05294,P021,4,332.71
OI03959,O05294,P059,5,10.1
OI03960,O00676,P047,5,116.76
OI03961,O00676,P012,2,86.46
OI03962,O00676,P028,4,185.4
OI03963,O00676,P048,1,146.16
OI03964,O01283,P054,4,310.0
OI03965,O01283,P020,2,47.06
OI03966,O01283,P042,1,358.05
OI03967,O01283,P023,1,312.54
OI03968,O01605,P014,3,11.23
OI03969,O01605,P024,2,22.14
OI03970,O01605,P018,1,189.35
OI03971,O02279,P048,1,146.16
OI03972,O02279,P011,4,54.4
OI03973,O02415,P038,4,111.03
OI03974,O03540,P051,1,389.34
OI03975,O03540,P029,4,384.93
OI03976,O03742,P024,3,22.14
OI03977,O03742,P060,4,349.64
OI03978,O03742,P008,3,157.6
OI03979,O03742,P030,3,268.92
OI03980,O03804,P037,1,193.81
OI03981,O03897,P032,1,364.88
OI03982,O03897,P037,4,193.81
OI03983,O04827,P007,2,345.2
OI03984,O04827,P031,3,90.92
OI03985,O04833,P018,5,189.35
OI03986,O04833,P045,4,296.59
OI03987,O04833,P009,3,384.59
OI03988,O05277,P047,3,116.76
OI03989,O05295,P026,5,29.64
OI03990,O05295,P020,1,47.06
OI03991,O05910,P040,5,296.82
OI03992,O05910,P010,2,383.82
OI03993,O05910,P059,3,10.1
OI03994,O00714,P042,3,358.05
OI03995,O00714,P008,2,157.6
OI03996,O00714,P004,1,27.73
OI03997,O02001,P031,3,90.92
OI03998,O02001,P004,1,27.73
OI03999,O02001,P058,5,114.8
OI04000,O02001,P008,2,157.6
OI04001,O03146,P054,2,310.0
OI04002,O03146,P040,1,296.82
OI04003,O03146,P020,2,47.06
OI04004,O03338,P022,5,269.11
OI04005,O03338,P035,2,67.39
OI04006,O04963,P037,3,193.81
OI04007,O04963,P050,3,182.2
OI04008,O04963,P026,2,29.64
OI04009,O04963,P023,3,312.54
OI04010,O01624,P060,2,349.64
OI04011,O01624,P016,4,407.27
OI04012,O01624,P008,4,157.6
OI04013,O01624,P023,4,312.54
OI04014,O03034,P034,4,271.08
OI04015,O03034,P041,2,76.71
OI04016,O03034,P045,2,296.59
OI04017,O03077,P044,5,356.11
OI04018,O05026,P017,1,293.35
OI04019,O05246,P051,5,389.34
OI04020,O05246,P046,3,23.84
OI04021,O00074,P007,5,345.2
OI04022,O00074,P054,4,310.0
OI04023,O00126,P017,2,293.35
OI04024,O00742,P003,2,215.44
OI04025,O00742,P051,3,389.34
OI04026,O00742,P038,5,111.03
OI04027,O00925,P039,1,409.81
OI04028,O00925,P029,2,384.93
OI04029,O00925,P041,2,76.71
OI04030,O01158,P047,5,116.76
OI04031,O01158,P055,4,29.47
OI04032,O01179,P014,2,11.23
OI04033,O01179,P023,2,312.54
OI04034,O01179,P012,1,86.46
OI04035,O02395,P050,2,182.2
OI04036,O02395,P054,4,310.0
OI04037,O02553,P050,1,182.2
OI04038,O04667,P004,1,27.73
OI04039,O05091,P017,4,293.35
OI04040,O05091,P036,5,15.81
OI04041,O00410,P060,3,349.64
OI04042,O00410,P048,2,146.16
OI04043,O00410,P032,5,364.88
OI04044,O00410,P012,4,86.46
OI04045,O02578,P042,5,358.05
OI04046,O02578,P050,4,182.2
OI04047,O03237,P003,4,215.44
OI04048,O03237,P051,1,389.34
OI04049,O03237,P004,5,27.73
OI04050,O03237,P053,2,123.07
OI04051,O03806,P030,2,268.92
OI04052,O03806,P048,5,146.16
OI04053,O04852,P049,3,34.75
OI04054,O04852,P001,2,378.87
OI04055,O05430,P048,1,146.16
OI04056,O05430,P058,2,114.8
OI04057,O05430,P055,3,29.47
OI04058,O00881,P049,5,34.75
OI04059,O00881,P032,5,364.88
OI04060,O00881,P043,5,447.66
OI04061,O00901,P045,5,296.59
OI04062,O00901,P001,1,378.87
OI04063,O00901,P024,4,22.14
OI04064,O00973,P047,4,116.76
OI04065,O00973,P054,2,310.0
OI04066,O00973,P041,4,76.71
OI04067,O01281,P008,1,157.6
OI04068,O01281,P051,2,389.34
OI04069,O01281,P046,5,23.84
OI04070,O01883,P022,2,269.11
OI04071,O01883,P030,5,268.92
OI04072,O01883,P029,2,384.93
OI04073,O02226,P053,3,123.07
OI04074,O02226,P039,2,409.81
OI04075,O02226,P006,2,380.87
OI04076,O02226,P004,3,27.73
OI04077,O02257,P050,5,182.2
OI04078,O02257,P014,3,11.23
OI04079,O04244,P031,1,90.92
OI04080,O04285,P058,1,114.8
OI04081,O04285,P019,1,101.55
OI04082,O04285,P047,3,116.76
OI04083,O05083,P010,4,383.82
OI04084,O05083,P051,2,389.34
OI04085,O05083,P007,3,345.2
OI04086,O00526,P021,1,332.71
OI04087,O00526,P053,3,92.3
OI04088,O00526,P005,1,267.21
OI04089,O01019,P054,5,310.0
OI04090,O01019,P022,4,269.11
OI04091,O01019,P060,4,349.64
OI04092,O01512,P016,4,407.27
OI04093,O01512,P026,4,29.64
OI04094,O02383,P040,4,296.82
OI04095,O02383,P060,3,349.64
OI04096,O03718,P043,4,447.66
OI04097,O03718,P039,2,409.81
OI04098,O03777,P048,1,109.62
OI04099,O03777,P031,2,90.92
OI04100,O04866,P013,5,417.94
OI04101,O04866,P049,2,26.06
OI04102,O00073,P056,2,28.94
OI04103,O00622,P017,1,293.35
OI04104,O00622,P045,1,296.59
OI04105,O00622,P049,5,26.06
OI04106,O04229,P031,4,90.92
OI04107,O04513,P017,2,293.35
OI04108,O04513,P030,4,268.92
OI04109,O04513,P009,1,384.59
OI04110,O05161,P026,1,29.64
OI04111,O05161,P030,3,268.92
OI04112,O05356,P024,1,22.14
OI04113,O05356,P052,2,116.42
OI04114,O05356,P034,2,271.08
OI04115,O05356,P036,2,15.81
OI04116,O05668,P022,1,269.11
OI04117,O05668,P055,5,29.47
OI04118,O00144,P040,4,296.82
OI04119,O01695,P039,1,409.81
OI04120,O01695,P047,5,87.57
OI04121,O01695,P059,5,10.1
OI04122,O01809,P010,3,383.82
OI04123,O01809,P003,3,215.44
OI04124,O01809,P015,1,441.96
OI04125,O04339,P055,5,29.47
OI04126,O04339,P008,1,157.6
OI04127,O04339,P032,5,364.88
OI04128,O00081,P005,5,267.21
OI04129,O00081,P058,3,114.8
OI04130,O00081,P027,1,9.99
OI04131,O00492,P046,1,23.84
OI04132,O00492,P034,4,271.08
OI04133,O02327,P042,2,358.05
OI04134,O02327,P044,3,356.11
OI04135,O03005,P053,2,92.3
OI04136,O03997,P005,5,267.21
OI04137,O05905,P011,4,54.4
OI04138,O05905,P026,4,29.64
OI04139,O05905,P032,2,364.88
OI04140,O00001,P019,3,101.55
OI04141,O00107,P038,2,133.77
OI04142,O00107,P053,1,92.3
OI04143,O01959,P034,5,271.08
OI04144,O01959,P055,5,29.47
OI04145,O02061,P060,4,349.64
OI04146,O02061,P003,5,215.44
OI04147,O02648,P008,5,157.6
OI04148,O04104,P040,2,296.82
OI04149,O05363,P031,5,90.92
OI04150,O05363,P008,5,157.6
OI04151,O01366,P025,4,349.98
OI04152,O01366,P030,1,268.92
OI04153,O02115,P049,4,26.06
OI04154,O02115,P014,4,11.23
OI04155,O02249,P008,4,157.6
OI04156,O02249,P041,4,76.71
OI04157,O02360,P016,1,407.27
OI04158,O02360,P054,1,310.0
OI04159,O02734,P014,3,11.23
OI04160,O02923,P045,5,296.59
OI04161,O02923,P020,5,47.06
OI04162,O02923,P032,4,364.88
OI04163,O02923,P039,3,409.81
OI04164,O03125,P042,2,358.05
OI04165,O05440,P007,2,345.2
OI04166,O05440,P020,5,47.06
OI04167,O05728,P009,4,384.59
OI04168,O00929,P051,5,292.0
OI04169,O00929,P014,2,11.23
OI04170,O00929,P028,2,185.4
OI04171,O00929,P010,2,383.82
OI04172,O01594,P016,2,407.27
OI04173,O02002,P032,2,364.88
OI04174,O02114,P033,5,68.48
OI04175,O02114,P030,4,268.92
OI04176,O02114,P051,3,292.0
OI04177,O02114,P006,4,380.87
OI04178,O02546,P060,3,349.64
OI04179,O02546,P013,4,417.94
OI04180,O02546,P036,5,15.81
OI04181,O02546,P033,2,68.48
OI04182,O02740,P024,3,22.14
OI04183,O02740,P060,4,349.64
OI04184,O02841,P018,3,189.35
OI04185,O02841,P053,1,92.3
OI04186,O04329,P011,3,54.4
OI04187,O04329,P001,1,378.87
OI04188,O04329,P004,2,27.73
OI04189,O05235,P007,3,345.2
OI04190,O05235,P054,1,310.0
OI04191,O05235,P014,4,11.23
OI04192,O05235,P041,5,76.71
OI04193,O00817,P026,3,29.64
OI04194,O01931,P046,5,23.84
OI04195,O01931,P042,3,358.05
OI04196,O01931,P039,5,409.81
OI04197,O02754,P039,2,409.81
OI04198,O02754,P040,2,296.82
OI04199,O02920,P027,5,9.99
OI04200,O02920,P021,4,332.71
OI04201,O03199,P038,1,133.77
OI04202,O03304,P059,3,10.1
OI04203,O03304,P005,2,267.21
OI04204,O03793,P032,5,364.88
OI04205,O00536,P015,3,441.96
OI04206,O00564,P036,2,15.81
OI04207,O00564,P047,4,87.57
OI04208,O00823,P011,2,54.4
OI04209,O00823,P002,5,181.52
OI04210,O00893,P020,4,47.06
OI04211,O00893,P037,1,193.81
OI04212,O01526,P013,5,417.94
OI04213,O01526,P050,5,136.65
OI04214,O01550,P045,5,296.59
OI04215,O01550,P028,5,185.4
OI04216,O02557,P038,3,133.77
OI04217,O02557,P029,2,384.93
OI04218,O02557,P027,4,9.99
OI04219,O04380,P032,3,364.88
OI04220,O05343,P029,4,384.93
OI04221,O05520,P026,5,29.64
OI04222,O00320,P041,2,76.71
OI04223,O00320,P028,3,185.4
OI04224,O00967,P017,2,391.13
OI04225,O00967,P031,1,90.92
OI04226,O01103,P016,2,407.27
OI04227,O01103,P049,2,26.06
OI04228,O01533,P033,1,68.48
OI04229,O01533,P036,5,15.81
OI04230,O01533,P040,2,296.82
OI04231,O01533,P047,2,87.57
OI04232,O01731,P001,3,378.87
OI04233,O01731,P020,4,62.75
OI04234,O02543,P005,1,267.21
OI04235,O02693,P060,1,349.64
OI04236,O02693,P039,5,409.81
OI04237,O04438,P008,1,157.6
OI04238,O04438,P043,5,447.66
OI04239,O04801,P030,2,268.92
OI04240,O04801,P018,5,252.47
OI04241,O05457,P047,5,87.57
OI04242,O05457,P021,2,443.61
OI04243,O05457,P019,2,135.4
OI04244,O05457,P032,4,364.88
OI04245,O00275,P037,3,193.81
OI04246,O01174,P018,3,252.47
OI04247,O01174,P001,5,378.87
OI04248,O01174,P045,1,296.59
OI04249,O01174,P043,2,447.66
OI04250,O01546,P024,4,29.52
OI04251,O02199,P050,2,136.65
OI04252,O02560,P044,1,356.11
OI04253,O02560,P057,5,91.24
OI04254,O02560,P010,2,383.82
OI04255,O02674,P017,3,391.13
OI04256,O02674,P031,4,90.92
OI04257,O02674,P020,5,62.75
OI04258,O03542,P012,3,86.46
OI04259,O03542,P057,5,91.24
OI04260,O04188,P044,1,356.11
OI04261,O04190,P041,5,76.71
OI04262,O04190,P032,3,364.88
OI04263,O04466,P028,5,185.4
OI04264,O00213,P022,2,358.81
OI04265,O00213,P040,1,296.82
OI04266,O00213,P044,2,356.11
OI04267,O00524,P029,3,384.93
OI04268,O00613,P012,1,86.46
OI04269,O00613,P003,1,215.44
OI04270,O00613,P045,3,296.59
OI04271,O00645,P036,3,15.81
OI04272,O00697,P046,1,23.84
OI04273,O01540,P003,2,215.44
OI04274,O01540,P059,2,10.1
OI04275,O01540,P037,2,193.81
OI04276,O02306,P060,3,349.64
OI04277,O02306,P047,2,87.57
OI04278,O02306,P030,5,268.92
OI04279,O02602,P058,1,114.8
OI04280,O02626,P016,1,407.27
OI04281,O02626,P030,4,268.92
OI04282,O05933,P052,4,116.42
OI04283,O05933,P056,3,28.94
OI04284,O05933,P055,1,29.47
OI04285,O00152,P050,4,136.65
OI04286,O00152,P039,5,409.81
OI04287,O00152,P022,2,358.81
OI04288,O00631,P014,2,11.23
OI04289,O00631,P010,2,383.82
OI04290,O00631,P045,2,296.59
OI04291,O00824,P006,1,380.87
OI04292,O00824,P031,4,90.92
OI04293,O00824,P037,5,193.81
OI04294,O02667,P019,1,135.4
OI04295,O02667,P015,4,441.96
OI04296,O03660,P034,2,271.08
OI04297,O03867,P054,1,310.0
OI04298,O03867,P023,1,416.72
OI04299,O03867,P027,4,9.99
OI04300,O03867,P041,4,76.71
OI04301,O04287,P016,3,407.27
OI04302,O04287,P021,5,443.61
OI04303,O04287,P037,3,193.81
OI04304,O04287,P031,1,90.92
OI04305,O04299,P055,2,29.47
OI04306,O04299,P007,2,345.2
OI04307,O04299,P057,3,91.24
OI04308,O05201,P044,4,356.11
OI04309,O05201,P029,2,384.93
OI04310,O05201,P042,1,358.05
OI04311,O00437,P050,2,136.65
OI04312,O00437,P010,3,383.82
OI04313,O00437,P025,3,349.98
OI04314,O00470,P029,4,384.93
OI04315,O00470,P055,2,29.47
OI04316,O00470,P001,1,378.87
OI04317,O00611,P012,4,86.46
OI04318,O00611,P020,4,62.75
OI04319,O01794,P012,5,86.46
OI04320,O01794,P058,2,114.8
OI04321,O01794,P026,3,29.64
OI04322,O01794,P010,1,383.82
OI04323,O02137,P059,2,10.1
OI04324,O02137,P018,4,252.47
OI04325,O02453,P025,4,349.98
OI04326,O02876,P033,3,68.48
OI04327,O02876,P018,3,252.47
OI04328,O03106,P017,2,391.13
OI04329,O03106,P041,4,76.71
OI04330,O03106,P039,2,409.81
OI04331,O03106,P043,4,447.66
OI04332,O03222,P031,5,90.92
OI04333,O03949,P046,2,23.84
OI04334,O03949,P008,2,157.6
OI04335,O05170,P048,2,109.62
OI04336,O05170,P010,3,383.82
OI04337,O00089,P048,5,109.62
OI04338,O01944,P023,4,416.72
OI04339,O01944,P059,4,10.1
OI04340,O03637,P025,2,349.98
OI04341,O03637,P029,4,384.93
OI04342,O04035,P046,2,23.84
OI04343,O04035,P030,3,268.92
OI04344,O04035,P056,4,28.94
OI04345,O04035,P041,3,76.71
OI04346,O04077,P056,5,28.94
OI04347,O04077,P028,1,185.4
OI04348,O00414,P053,5,92.3
OI04349,O00414,P023,1,416.72
OI04350,O00414,P042,3,358.05
OI04351,O00539,P052,1,116.42
OI04352,O02523,P006,5,380.87
OI04353,O02523,P048,3,109.62
OI04354,O02523,P053,5,92.3
OI04355,O03166,P042,4,358.05
OI04356,O03166,P012,1,86.46
OI04357,O03166,P018,2,252.47
OI04358,O03166,P036,2,15.81
OI04359,O03578,P055,2,29.47
OI04360,O03578,P006,2,380.87
OI04361,O03578,P042,1,358.05
OI04362,O03578,P045,2,296.59
OI04363,O04121,P030,2,268.92
OI04364,O04908,P001,5,378.87
OI04365,O04908,P010,3,383.82
OI04366,O04908,P059,5,10.1
OI04367,O00482,P043,5,447.66
OI04368,O00482,P007,2,345.2
OI04369,O00490,P036,2,15.81
OI04370,O01148,P021,3,443.61
OI04371,O02094,P018,1,252.47
OI04372,O02094,P047,4,87.57
OI04373,O02094,P031,1,90.92
OI04374,O02124,P026,4,29.64
OI04375,O02124,P020,1,62.75
OI04376,O02124,P031,3,90.92
OI04377,O02124,P019,5,135.4
OI04378,O02462,P006,4,380.87
OI04379,O02462,P026,3,29.64
OI04380,O02530,P051,5,292.0
OI04381,O02530,P001,4,378.87
OI04382,O02530,P026,2,29.64
OI04383,O02530,P031,3,90.92
OI04384,O03059,P046,3,23.84
OI04385,O03059,P044,3,356.11
OI04386,O04710,P005,4,267.21
OI04387,O04710,P055,2,29.47
OI04388,O04710,P048,4,109.62
OI04389,O05749,P026,1,29.64
OI04390,O05749,P037,1,193.81
OI04391,O05749,P032,1,364.88
OI04392,O05749,P012,1,86.46
OI04393,O00303,P019,4,135.4
OI04394,O00357,P004,4,27.73
OI04395,O00357,P052,4,116.42
OI04396,O00650,P043,5,447.66
OI04397,O00650,P036,5,15.81
OI04398,O00702,P041,2,76.71
OI04399,O00702,P022,3,358.81
OI04400,O01227,P052,3,116.42
OI04401,O01227,P056,3,28.94
OI04402,O01227,P021,1,443.61
OI04403,O01419,P048,3,109.62
OI04404,O01763,P035,4,67.39
OI04405,O02245,P030,4,268.92
OI04406,O02245,P012,3,86.46
OI04407,O02245,P019,4,135.4
OI04408,O02245,P044,3,356.11
OI04409,O03249,P033,4,68.48
OI04410,O03249,P058,2,114.8
OI04411,O05391,P049,5,26.06
OI04412,O05391,P037,1,193.81
OI04413,O05391,P043,3,447.66
OI04414,O05391,P052,2,116.42
OI04415,O00808,P050,4,136.65
OI04416,O00808,P021,4,443.61
OI04417,O00808,P055,2,29.47
OI04418,O00808,P005,3,267.21
OI04419,O02217,P019,3,135.4
OI04420,O02217,P046,3,23.84
OI04421,O02217,P037,4,193.81
OI04422,O02363,P037,4,193.81
OI04423,O02363,P028,5,185.4
OI04424,O02363,P004,3,27.73
OI04425,O02363,P032,4,364.88
OI04426,O02411,P015,2,441.96
OI04427,O02411,P034,2,271.08
OI04428,O02411,P042,5,358.05
OI04429,O03030,P045,2,296.59
OI04430,O03030,P051,1,292.0
OI04431,O03030,P024,5,29.52
OI04432,O03030,P050,4,136.65
OI04433,O03472,P058,1,114.8
OI04434,O04645,P016,3,407.27
OI04435,O04645,P050,3,136.65
OI04436,O04645,P031,4,90.92
OI04437,O04645,P014,1,11.23
OI04438,O04903,P021,5,443.61
OI04439,O04903,P058,4,114.8
OI04440,O05093,P023,2,416.72
OI04441,O05093,P053,1,92.3
OI04442,O05093,P043,1,447.66
OI04443,O05093,P016,3,407.27
OI04444,O00612,P051,5,292.0
OI04445,O00612,P032,5,364.88
OI04446,O00612,P004,5,27.73
OI04447,O00612,P035,1,67.39
OI04448,O01785,P015,5,441.96
OI04449,O01785,P023,5,416.72
OI04450,O02354,P041,3,76.71
OI04451,O02354,P060,3,349.64
OI04452,O02435,P002,2,181.52
OI04453,O02435,P014,3,11.23
OI04454,O02435,P058,5,114.8
OI04455,O02435,P013,4,417.94
OI04456,O03524,P032,5,364.88
OI04457,O03524,P047,3,87.57
OI04458,O03564,P053,5,92.3
OI04459,O03564,P011,5,54.4
OI04460,O04471,P025,5,349.98
OI04461,O04471,P038,4,133.77
OI04462,O04471,P010,4,383.82
OI04463,O04471,P045,1,296.59
OI04464,O05557,P011,3,54.4
OI04465,O05557,P023,5,416.72
OI04466,O05557,P015,4,441.96
OI04467,O05557,P047,3,87.57
OI04468,O05629,P055,2,29.47
OI04469,O05629,P046,3,23.84
OI04470,O05629,P056,5,28.94
OI04471,O05702,P023,1,416.72
OI04472,O05702,P052,1,116.42
OI04473,O00508,P041,1,76.71
OI04474,O00508,P010,4,383.82
OI04475,O00508,P011,1,54.4
OI04476,O01865,P012,4,86.46
OI04477,O01865,P035,2,67.39
OI04478,O02777,P056,4,28.94
OI04479,O02777,P052,4,116.42
OI04480,O02777,P007,1,345.2
OI04481,O03350,P023,3,416.72
OI04482,O03350,P034,1,271.08
OI04483,O03350,P033,5,68.48
OI04484,O03819,P037,5,193.81
OI04485,O03819,P059,5,10.1
OI04486,O03819,P056,4,28.94
OI04487,O03819,P041,4,76.71
OI04488,O03845,P021,2,443.61
OI04489,O03845,P022,5,358.81
OI04490,O03941,P055,4,29.47
OI04491,O04318,P052,3,116.42
OI04492,O04402,P058,2,114.8
OI04493,O04402,P027,4,9.99
OI04494,O05258,P047,2,87.57
OI04495,O05258,P051,5,292.0
OI04496,O05258,P054,2,310.0
OI04497,O05325,P021,4,443.61
OI04498,O05325,P041,4,76.71
OI04499,O05325,P008,2,157.6
OI04500,O05531,P036,4,15.81
OI04501,O05531,P024,2,29.52
OI04502,O05753,P007,2,345.2
OI04503,O05753,P001,4,378.87
OI04504,O05753,P056,5,28.94
OI04505,O05753,P041,5,76.71
OI04506,O00669,P018,2,252.47
OI04507,O00669,P032,1,364.88
OI04508,O01109,P025,1,349.98
OI04509,O01109,P037,2,193.81
OI04510,O02974,P054,5,310.0
OI04511,O02974,P057,3,91.24
OI04512,O02974,P028,3,185.4
OI04513,O03479,P018,3,252.47
OI04514,O03869,P051,5,292.0
OI04515,O03869,P047,2,87.57
OI04516,O04288,P016,2,407.27
OI04517,O04288,P057,4,91.24
OI04518,O04288,P011,4,54.4
OI04519,O04288,P041,2,76.71
OI04520,O04384,P007,5,345.2
OI04521,O01111,P014,2,11.23
OI04522,O01111,P008,2,157.6
OI04523,O02454,P010,3,383.82
OI04524,O04334,P019,1,135.4
OI04525,O04334,P029,3,384.93
OI04526,O05411,P032,5,364.88
OI04527,O05411,P044,1,356.11
OI04528,O05411,P048,3,109.62
OI04529,O00102,P050,1,136.65
OI04530,O01342,P041,5,76.71
OI04531,O01507,P015,5,441.96
OI04532,O01507,P009,5,384.59
OI04533,O01507,P053,3,92.3
OI04534,O01552,P038,5,133.77
OI04535,O01757,P012,4,86.46
OI04536,O01757,P052,2,116.42
OI04537,O01757,P029,2,384.93
OI04538,O01885,P039,5,409.81
OI04539,O01885,P025,3,349.98
OI04540,O01885,P031,1,90.92
OI04541,O01885,P046,5,23.84
OI04542,O02093,P013,3,417.94
OI04543,O02093,P022,3,358.81
OI04544,O02093,P002,3,181.52
OI04545,O04258,P020,5,62.75
OI04546,O04632,P047,3,87.57
OI04547,O05148,P051,1,292.0
OI04548,O05148,P010,4,383.82
OI04549,O05870,P045,5,296.59
OI04550,O05870,P037,5,193.81
OI04551,O05870,P044,5,356.11
OI04552,O05870,P004,3,27.73
OI04553,O05993,P050,4,136.65
OI04554,O01406,P008,2,157.6
OI04555,O01880,P016,5,407.27
OI04556,O02008,P054,2,310.0
OI04557,O02606,P057,1,91.24
OI04558,O02606,P042,5,358.05
OI04559,O02606,P051,3,292.0
OI04560,O02606,P013,5,417.94
OI04561,O03676,P003,4,215.44
OI04562,O03676,P027,1,9.99
OI04563,O03676,P029,1,384.93
OI04564,O05685,P052,4,116.42
OI04565,O05685,P049,1,26.06
OI04566,O01163,P041,2,76.71
OI04567,O01163,P009,2,384.59
OI04568,O01163,P006,2,380.87
OI04569,O01479,P018,4,252.47
OI04570,O01479,P011,5,54.4
OI04571,O01479,P027,1,9.99
OI04572,O01479,P037,5,193.81
OI04573,O02394,P005,2,267.21
OI04574,O02394,P050,3,136.65
OI04575,O02394,P029,4,384.93
OI04576,O02394,P025,5,349.98
OI04577,O03605,P024,1,29.52
OI04578,O03605,P021,4,443.61
OI04579,O05770,P012,2,86.46
OI04580,O00844,P048,4,109.62
OI04581,O00844,P032,1,364.88
OI04582,O00844,P040,4,296.82
OI04583,O01645,P008,4,157.6
OI04584,O01645,P010,5,383.82
OI04585,O01983,P006,1,380.87
OI04586,O01983,P057,4,91.24
OI04587,O01983,P009,3,384.59
OI04588,O02015,P046,4,23.84
OI04589,O02015,P026,4,29.64
OI04590,O02179,P029,2,384.93
OI04591,O02179,P043,1,447.66
OI04592,O02179,P060,4,349.64
OI04593,O02179,P018,1,252.47
OI04594,O02694,P014,2,11.23
OI04595,O02694,P057,3,91.24
OI04596,O02694,P045,4,296.59
OI04597,O02976,P014,2,11.23
OI04598,O02976,P017,4,391.13
OI04599,O02976,P004,1,27.73
OI04600,O03119,P037,4,193.81
OI04601,O03119,P021,3,443.61
OI04602,O03119,P060,2,349.64
OI04603,O05036,P012,3,86.46
OI04604,O05036,P025,3,349.98
OI04605,O05036,P057,1,91.24
OI04606,O05513,P014,1,11.23
OI04607,O05513,P021,1,443.61
OI04608,O05513,P046,2,23.84
OI04609,O01183,P013,3,417.94
OI04610,O01183,P059,3,10.1
OI04611,O01183,P052,2,155.23
OI04612,O01367,P037,2,193.81
OI04613,O01367,P010,3,383.82
OI04614,O01371,P007,2,345.2
OI04615,O01371,P058,4,114.8
OI04616,O01456,P025,5,349.98
OI04617,O01456,P017,4,391.13
OI04618,O01456,P006,2,380.87
OI04619,O01705,P042,4,358.05
OI04620,O01705,P050,1,182.2
OI04621,O01705,P045,1,296.59
OI04622,O04781,P029,5,384.93
OI04623,O04781,P001,4,378.87
OI04624,O04781,P040,1,296.82
OI04625,O05477,P012,1,86.46
OI04626,O05477,P007,1,345.2
OI04627,O00416,P034,5,271.08
OI04628,O00596,P040,1,296.82
OI04629,O00596,P019,5,135.4
OI04630,O00596,P035,5,67.39
OI04631,O01185,P019,5,135.4
OI04632,O03225,P035,5,67.39
OI04633,O03225,P041,3,76.71
OI04634,O03225,P005,5,267.21
OI04635,O04210,P011,4,54.4
OI04636,O04210,P034,4,271.08
OI04637,O04210,P033,3,68.48
OI04638,O04449,P055,3,29.47
OI04639,O04449,P039,5,409.81
OI04640,O05554,P016,1,407.27
OI04641,O05554,P018,3,252.47
OI04642,O00088,P046,3,23.84
OI04643,O00384,P049,2,34.75
OI04644,O00420,P049,2,34.75
OI04645,O00521,P048,4,146.16
OI04646,O00521,P025,3,349.98
OI04647,O00727,P042,3,358.05
OI04648,O00727,P002,1,181.52
OI04649,O00727,P029,1,384.93
OI04650,O02735,P048,5,146.16
OI04651,O02735,P005,2,267.21
OI04652,O02735,P027,2,9.99
OI04653,O03711,P012,1,86.46
OI04654,O03711,P057,5,91.24
OI04655,O03711,P033,1,68.48
OI04656,O03711,P016,5,407.27
OI04657,O03823,P051,4,389.34
OI04658,O03823,P001,2,378.87
OI04659,O03888,P019,1,135.4
OI04660,O04957,P043,4,447.66
OI04661,O04957,P027,4,9.99
OI04662,O05284,P033,1,68.48
OI04663,O05284,P040,1,296.82
OI04664,O05284,P008,5,157.6
OI04665,O00481,P027,2,9.99
OI04666,O01416,P051,2,389.34
OI04667,O02659,P015,4,441.96
OI04668,O02659,P058,4,114.8
OI04669,O03317,P054,5,310.0
OI04670,O03317,P022,5,358.81
OI04671,O03317,P037,5,193.81
OI04672,O04603,P056,4,28.94
OI04673,O05285,P041,5,76.71
OI04674,O05285,P039,1,409.81
OI04675,O05285,P003,2,215.44
OI04676,O05390,P018,2,252.47
OI04677,O00132,P025,1,349.98
OI04678,O00132,P021,3,443.61
OI04679,O00132,P059,1,10.1
OI04680,O00132,P019,4,135.4
OI04681,O00248,P047,1,116.76
OI04682,O00248,P042,1,358.05
OI04683,O00248,P025,5,349.98
OI04684,O00342,P040,3,296.82
OI04685,O00342,P021,4,443.61
OI04686,O02090,P005,3,267.21
OI04687,O02090,P026,1,29.64
OI04688,O03115,P029,2,384.93
OI04689,O03780,P028,5,185.4
OI04690,O04735,P055,4,29.47
OI04691,O04735,P045,5,296.59
OI04692,O04735,P054,3,310.0
OI04693,O04891,P013,4,417.94
OI04694,O04891,P042,3,358.05
OI04695,O00060,P036,2,15.81
OI04696,O00060,P014,1,11.23
OI04697,O02689,P031,3,90.92
OI04698,O02689,P005,1,267.21
OI04699,O02689,P059,4,10.1
OI04700,O03090,P050,1,182.2
OI04701,O03090,P030,1,268.92
OI04702,O03090,P020,1,62.75
OI04703,O03527,P020,4,62.75
OI04704,O03527,P046,5,23.84
OI04705,O04761,P018,2,252.47
OI04706,O04761,P023,4,416.72
OI04707,O04761,P015,2,441.96
OI04708,O04761,P032,2,364.88
OI04709,O04816,P041,2,76.71
OI04710,O04901,P008,4,157.6
OI04711,O04901,P046,2,23.84
OI04712,O04901,P055,1,29.47
OI04713,O00566,P025,3,349.98
OI04714,O00566,P020,5,62.75
OI04715,O00566,P050,1,182.2
OI04716,O00587,P008,1,157.6
OI04717,O01125,P009,5,384.59
OI04718,O01125,P048,4,146.16
OI04719,O01125,P043,5,447.66
OI04720,O01648,P058,2,114.8
OI04721,O01648,P028,4,185.4
OI04722,O01648,P041,5,76.71
OI04723,O03275,P010,2,383.82
OI04724,O03275,P002,4,181.52
OI04725,O03362,P023,4,416.72
OI04726,O03362,P032,5,364.88
OI04727,O03362,P039,3,409.81
OI04728,O03362,P027,1,9.99
OI04729,O04281,P035,5,67.39
OI04730,O04281,P050,2,182.2
OI04731,O04281,P026,5,29.64
OI04732,O04744,P044,5,356.11
OI04733,O04744,P005,1,267.21
OI04734,O05320,P008,2,157.6
OI04735,O05376,P041,4,76.71
OI04736,O05376,P006,4,380.87
OI04737,O05376,P040,2,296.82
OI04738,O00037,P010,3,383.82
OI04739,O01452,P014,4,11.23
OI04740,O01452,P034,5,271.08
OI04741,O01895,P037,2,193.81
OI04742,O01895,P021,1,443.61
OI04743,O01905,P016,4,407.27
OI04744,O01905,P028,2,185.4
OI04745,O01905,P048,1,146.16
OI04746,O01905,P007,4,345.2
OI04747,O02531,P035,5,67.39
OI04748,O02531,P016,2,407.27
OI04749,O02531,P028,4,185.4
OI04750,O03403,P014,4,11.23
OI04751,O03403,P022,4,358.81
OI04752,O03875,P019,2,135.4
OI04753,O03875,P039,1,409.81
OI04754,O04613,P036,3,15.81
OI04755,O05097,P046,4,23.84
OI04756,O05097,P038,1,133.77
OI04757,O05097,P017,2,391.13
OI04758,O05938,P017,3,391.13
OI04759,O05938,P037,3,193.81
OI04760,O05938,P049,4,34.75
OI04761,O01207,P002,2,181.52
OI04762,O02194,P060,3,349.64
OI04763,O02417,P011,5,54.4
OI04764,O02417,P010,1,383.82
OI04765,O02417,P005,3,267.21
OI04766,O02417,P023,4,416.72
OI04767,O02618,P023,2,416.72
OI04768,O02618,P056,5,28.94
OI04769,O04298,P047,5,116.76
OI04770,O04676,P044,5,356.11
OI04771,O04676,P055,3,29.47
OI04772,O04676,P041,3,76.71
OI04773,O05067,P024,2,29.52
OI04774,O05067,P015,5,441.96
OI04775,O05127,P010,4,383.82
OI04776,O05730,P016,3,407.27
OI04777,O05730,P047,4,116.76
OI04778,O00853,P011,4,54.4
OI04779,O00853,P033,1,68.48
OI04780,O00853,P007,4,345.2
OI04781,O01058,P056,4,28.94
OI04782,O01058,P055,5,29.47
OI04783,O01107,P050,1,182.2
OI04784,O01107,P025,5,349.98
OI04785,O01107,P035,2,67.39
OI04786,O04268,P060,2,349.64
OI04787,O04268,P048,3,146.16
OI04788,O04268,P026,3,29.64
OI04789,O04268,P055,4,29.47
OI04790,O04659,P004,5,27.73
OI04791,O04659,P009,2,384.59
OI04792,O04659,P030,3,268.92
OI04793,O04729,P004,4,27.73
OI04794,O05103,P059,4,10.1
OI04795,O05103,P015,2,441.96
OI04796,O05400,P028,5,185.4
OI04797,O05400,P057,3,91.24
OI04798,O00537,P056,4,28.94
OI04799,O00537,P044,1,356.11
OI04800,O00537,P024,5,29.52
OI04801,O02591,P005,4,267.21
OI04802,O02591,P036,2,15.81
OI04803,O02709,P054,3,310.0
OI04804,O02709,P022,1,358.81
OI04805,O02709,P013,4,417.94
OI04806,O02870,P002,3,181.52
OI04807,O02870,P041,4,76.71
OI04808,O02870,P028,5,185.4
OI04809,O02987,P052,5,155.23
OI04810,O02987,P023,5,416.72
OI04811,O02987,P022,2,358.81
OI04812,O02987,P040,3,296.82
OI04813,O03466,P001,2,378.87
OI04814,O04497,P050,2,182.2
OI04815,O04497,P042,2,358.05
OI04816,O04497,P047,5,116.76
OI04817,O04497,P057,1,91.24
OI04818,O00791,P057,4,91.24
OI04819,O00791,P020,2,62.75
OI04820,O00791,P031,4,90.92
OI04821,O05003,P021,2,443.61
OI04822,O05866,P043,4,447.66
OI04823,O05866,P018,1,252.47
OI04824,O05866,P055,3,29.47
OI04825,O00036,P035,4,67.39
OI04826,O00036,P037,2,193.81
OI04827,O00036,P047,4,116.76
OI04828,O00128,P028,3,185.4
OI04829,O00128,P041,2,76.71
OI04830,O00128,P047,4,116.76
OI04831,O00128,P037,1,193.81
OI04832,O01061,P006,5,380.87
OI04833,O01676,P013,1,417.94
OI04834,O01676,P028,3,185.4
OI04835,O01676,P014,5,11.23
OI04836,O01676,P037,5,193.81
OI04837,O03705,P045,4,296.59
OI04838,O03705,P003,4,215.44
OI04839,O03705,P024,2,29.52
OI04840,O03705,P032,2,364.88
OI04841,O00151,P010,4,383.82
OI04842,O00151,P050,5,182.2
OI04843,O00255,P044,5,356.11
OI04844,O00255,P008,4,157.6
OI04845,O00322,P017,3,391.13
OI04846,O00322,P026,2,29.64
OI04847,O00623,P045,1,296.59
OI04848,O00907,P052,3,155.23
OI04849,O00907,P060,1,349.64
OI04850,O00963,P026,5,29.64
OI04851,O00963,P033,1,68.48
OI04852,O00963,P034,1,271.08
OI04853,O01302,P030,1,268.92
OI04854,O01914,P049,1,34.75
OI04855,O01914,P054,4,310.0
OI04856,O01948,P046,2,23.84
OI04857,O01948,P004,2,27.73
OI04858,O02224,P030,2,268.92
OI04859,O02224,P021,4,443.61
OI04860,O02224,P033,5,68.48
OI04861,O02224,P060,4,349.64
OI04862,O02231,P039,4,409.81
OI04863,O02231,P029,5,384.93
OI04864,O02536,P045,3,296.59
OI04865,O02536,P011,4,54.4
OI04866,O02536,P012,1,86.46
OI04867,O02571,P034,1,271.08
OI04868,O02936,P016,2,407.27
OI04869,O02936,P042,2,358.05
OI04870,O02936,P043,5,447.66
OI04871,O03833,P029,1,384.93
OI04872,O03833,P016,2,407.27
OI04873,O03833,P013,5,417.94
OI04874,O04193,P030,1,268.92
OI04875,O04451,P004,1,27.73
OI04876,O04451,P039,4,409.81
OI04877,O05234,P043,1,447.66
OI04878,O05234,P044,4,356.11
OI04879,O00450,P008,5,157.6
OI04880,O00450,P054,1,310.0
OI04881,O00450,P028,4,185.4
OI04882,O00921,P060,1,349.64
OI04883,O00921,P049,5,34.75
OI04884,O00921,P016,4,407.27
OI04885,O01090,P039,5,409.81
OI04886,O01090,P012,4,86.46
OI04887,O01090,P015,3,441.96
OI04888,O01454,P057,4,91.24
OI04889,O01454,P021,3,443.61
OI04890,O01454,P028,4,185.4
OI04891,O01469,P008,5,157.6
OI04892,O01469,P019,3,135.4
OI04893,O02576,P006,1,380.87
OI04894,O03636,P022,4,358.81
OI04895,O03636,P028,3,185.4
OI04896,O03636,P024,5,29.52
OI04897,O03725,P030,2,268.92
OI04898,O03725,P026,4,29.64
OI04899,O03725,P053,1,123.07
OI04900,O05153,P035,3,67.39
OI04901,O05153,P041,4,76.71
OI04902,O05153,P008,3,157.6
OI04903,O00026,P015,1,441.96
OI04904,O00026,P017,1,391.13
OI04905,O00026,P036,4,15.81
OI04906,O00156,P013,3,417.94
OI04907,O00256,P015,3,441.96
OI04908,O00538,P031,4,90.92
OI04909,O00538,P050,3,182.2
OI04910,O00538,P016,2,407.27
OI04911,O00538,P029,1,384.93
OI04912,O01396,P019,3,135.4
OI04913,O01396,P031,4,90.92
OI04914,O01662,P003,4,215.44
OI04915,O01662,P011,2,54.4
OI04916,O02290,P011,1,54.4
OI04917,O02290,P018,3,252.47
OI04918,O02290,P014,4,11.23
OI04919,O03111,P037,3,193.81
OI04920,O03111,P049,3,34.75
OI04921,O03214,P060,3,349.64
OI04922,O03458,P037,4,193.81
OI04923,O03458,P044,4,356.11
OI04924,O03673,P041,2,76.71
OI04925,O03673,P046,2,23.84
OI04926,O03673,P044,4,356.11
OI04927,O03673,P020,3,62.75
OI04928,O04000,P025,4,349.98
OI04929,O05718,P005,5,267.21
OI04930,O05718,P002,3,181.52
OI04931,O05718,P009,3,384.59
OI04932,O05718,P057,1,91.24
OI04933,O00155,P014,2,11.23
OI04934,O00155,P027,5,9.99
OI04935,O00155,P037,2,193.81
OI04936,O02455,P013,3,417.94
OI04937,O02455,P003,5,215.44
OI04938,O02455,P060,1,349.64
OI04939,O03039,P040,3,296.82
OI04940,O03964,P020,5,62.75
OI04941,O03964,P031,4,90.92
OI04942,O04204,P057,2,91.24
OI04943,O04204,P003,2,215.44
OI04944,O05160,P034,3,271.08
OI04945,O05160,P016,4,407.27
OI04946,O01133,P041,1,76.71
OI04947,O01259,P027,3,9.99
OI04948,O01259,P028,3,185.4
OI04949,O01259,P014,1,11.23
OI04950,O01641,P028,5,185.4
OI04951,O02165,P056,5,28.94
OI04952,O02165,P038,2,133.77
OI04953,O02873,P019,3,135.4
OI04954,O03137,P022,5,358.81
OI04955,O03965,P054,5,310.0
OI04956,O03965,P041,3,76.71
OI04957,O03965,P057,4,91.24
OI04958,O03965,P014,4,11.23
OI04959,O04437,P035,5,67.39
OI04960,O04437,P032,5,364.88
OI04961,O04437,P018,3,252.47
OI04962,O05564,P049,4,34.75
OI04963,O05564,P059,4,10.1
OI04964,O05638,P050,3,182.2
OI04965,O05638,P023,2,416.72
OI04966,O05638,P034,3,271.08
OI04967,O01314,P031,3,90.92
OI04968,O01314,P023,5,416.72
OI04969,O01314,P024,3,29.52
OI04970,O01314,P049,5,34.75
OI04971,O03243,P044,3,356.11
OI04972,O03243,P004,5,27.73
OI04973,O03243,P023,4,416.72
OI04974,O03499,P056,3,28.94
OI04975,O03499,P058,5,114.8
OI04976,O03499,P053,5,123.07
OI04977,O04053,P016,1,407.27
OI04978,O04053,P055,3,29.47
OI04979,O04053,P010,4,383.82
OI04980,O05880,P044,5,356.11
OI04981,O05880,P054,4,310.0
OI04982,O00145,P011,1,54.4
OI04983,O00546,P019,5,135.4
OI04984,O00546,P053,1,123.07
OI04985,O00546,P059,3,10.1
OI04986,O00895,P050,3,182.2
OI04987,O00895,P002,4,181.52
OI04988,O00895,P029,5,384.93
OI04989,O02299,P020,3,62.75
OI04990,O02299,P003,2,215.44
OI04991,O02686,P007,3,345.2
OI04992,O02686,P030,5,268.92
OI04993,O02686,P045,1,296.59
OI04994,O02686,P026,4,29.64
OI04995,O03690,P022,5,358.81
OI04996,O04302,P030,1,268.92
OI04997,O04302,P053,5,123.07
OI04998,O04302,P040,5,296.82
OI04999,O04870,P059,1,10.1
OI05000,O04870,P016,1,407.27
OI05001,O05254,P034,1,271.08
OI05002,O05254,P047,5,116.76
OI05003,O05798,P005,5,267.21
OI05004,O05798,P052,4,155.23
OI05005,O01289,P060,4,349.64
OI05006,O01289,P026,1,29.64
OI05007,O01289,P044,3,356.11
OI05008,O02593,P012,1,86.46
OI05009,O02593,P024,2,29.52
OI05010,O02593,P041,3,76.71
OI05011,O03027,P003,5,215.44
OI05012,O03027,P019,2,135.4
OI05013,O03079,P021,5,443.61
OI05014,O03748,P048,5,146.16
OI05015,O03748,P057,5,91.24
OI05016,O04418,P008,5,157.6
OI05017,O04418,P028,1,185.4
OI05018,O04542,P040,3,296.82
OI05019,O05957,P049,2,34.75
OI05020,O05957,P044,4,356.11
OI05021,O00452,P026,2,29.64
OI05022,O00581,P028,3,185.4
OI05023,O00581,P043,3,447.66
OI05024,O00581,P016,5,407.27
OI05025,O00615,P024,3,29.52
OI05026,O00615,P010,3,383.82
OI05027,O00615,P027,1,9.99
OI05028,O00615,P059,3,10.1
OI05029,O00748,P030,3,268.92
OI05030,O01337,P010,1,383.82
OI05031,O01337,P020,1,62.75
OI05032,O01337,P051,5,389.34
OI05033,O02097,P014,1,11.23
OI05034,O02097,P052,3,155.23
OI05035,O03503,P060,3,349.64
OI05036,O03503,P041,1,76.71
OI05037,O03503,P040,1,296.82
OI05038,O04357,P046,1,23.84
OI05039,O04357,P024,3,29.52
OI05040,O04357,P008,3,157.6
OI05041,O04357,P016,4,407.27
OI05042,O04830,P004,1,27.73
OI05043,O02128,P016,1,407.27
OI05044,O02128,P006,3,380.87
OI05045,O02128,P058,1,114.8
OI05046,O03047,P040,1,296.82
OI05047,O03047,P052,1,155.23
OI05048,O03417,P021,2,443.61
OI05049,O03417,P009,4,384.59
OI05050,O03417,P002,2,181.52
OI05051,O03455,P003,5,215.44
OI05052,O03455,P008,2,157.6
OI05053,O05471,P002,2,181.52
OI05054,O05471,P050,1,182.2
OI05055,O05471,P007,5,345.2
OI05056,O05471,P040,2,296.82
OI05057,O05521,P044,4,356.11
OI05058,O05521,P010,5,383.82
OI05059,O05521,P042,3,358.05
OI05060,O05794,P059,4,10.1
OI05061,O05794,P015,3,441.96
OI05062,O00686,P013,4,417.94
OI05063,O00686,P050,1,182.2
OI05064,O02376,P035,4,67.39
OI05065,O02376,P040,1,296.82
OI05066,O02871,P049,3,34.75
OI05067,O02871,P003,5,215.44
OI05068,O04822,P035,3,67.39
OI05069,O04822,P054,1,310.0
OI05070,O04822,P047,5,116.76
OI05071,O04917,P055,2,29.47
OI05072,O04917,P013,3,417.94
OI05073,O04917,P053,1,123.07
OI05074,O05033,P008,1,157.6
OI05075,O05033,P053,5,123.07
OI05076,O05220,P054,1,310.0
OI05077,O05220,P011,5,54.4
OI05078,O05220,P031,2,90.92
OI05079,O00046,P043,1,447.66
OI05080,O00046,P050,1,182.2
OI05081,O00046,P032,5,364.88
OI05082,O00046,P018,3,252.47
OI05083,O02144,P042,4,358.05
OI05084,O02562,P043,3,447.66
OI05085,O03373,P045,1,296.59
OI05086,O03373,P038,4,133.77
OI05087,O03863,P034,5,271.08
OI05088,O03863,P004,5,27.73
OI05089,O04363,P036,1,15.81
OI05090,O04363,P037,5,193.81
OI05091,O04363,P016,3,407.27
OI05092,O04651,P027,2,9.99
OI05093,O01579,P001,4,378.87
OI05094,O01579,P026,3,29.64
OI05095,O01579,P012,1,86.46
OI05096,O01915,P042,2,358.05
OI05097,O01915,P041,2,76.71
OI05098,O02208,P056,2,28.94
OI05099,O02208,P042,5,358.05
OI05100,O03074,P017,1,391.13
OI05101,O03074,P036,3,15.81
OI05102,O04245,P042,4,358.05
OI05103,O04245,P038,3,133.77
OI05104,O04536,P056,3,28.94
OI05105,O04536,P001,5,378.87
OI05106,O05031,P047,3,116.76
OI05107,O05031,P020,5,62.75
OI05108,O05190,P025,3,349.98
OI05109,O05190,P032,4,364.88
OI05110,O05190,P024,3,29.52
OI05111,O05195,P053,5,123.07
OI05112,O05195,P037,5,193.81
OI05113,O05195,P042,1,358.05
OI05114,O05195,P036,4,15.81
OI05115,O01021,P048,3,146.16
OI05116,O02868,P053,4,123.07
OI05117,O02868,P013,4,417.94
OI05118,O02868,P038,2,133.77
OI05119,O05570,P060,5,349.64
OI05120,O05570,P016,2,407.27
OI05121,O05570,P056,3,28.94
OI05122,O05570,P019,4,135.4
OI05123,O05878,P058,2,114.8
OI05124,O05884,P042,3,358.05
OI05125,O05884,P021,1,443.61
OI05126,O05884,P046,3,23.84
OI05127,O00024,P059,5,10.1
OI05128,O00024,P014,1,11.23
OI05129,O00062,P014,1,11.23
OI05130,O00062,P012,2,86.46
OI05131,O02189,P010,1,383.82
OI05132,O02189,P028,1,185.4
OI05133,O02189,P006,4,380.87
OI05134,O02545,P053,3,123.07
OI05135,O02545,P003,3,215.44
OI05136,O03496,P019,5,135.4
OI05137,O03496,P029,1,384.93
OI05138,O03496,P039,1,409.81
OI05139,O04017,P035,2,67.39
OI05140,O04017,P040,1,296.82
OI05141,O04017,P057,2,91.24
OI05142,O04263,P053,5,123.07
OI05143,O04263,P058,3,114.8
OI05144,O04263,P044,2,356.11
OI05145,O05778,P022,3,358.81
OI05146,O02133,P047,5,116.76
OI05147,O02133,P006,1,380.87
OI05148,O02133,P029,5,384.93
OI05149,O02133,P048,3,146.16
OI05150,O02513,P040,4,296.82
OI05151,O02513,P032,3,364.88
OI05152,O02513,P016,3,407.27
OI05153,O02751,P020,2,62.75
OI05154,O02751,P060,2,349.64
OI05155,O02751,P034,2,271.08
OI05156,O02751,P039,3,409.81
OI05157,O03470,P031,5,90.92
OI05158,O04147,P049,5,34.75
OI05159,O04147,P052,4,155.23
OI05160,O04147,P048,2,146.16
OI05161,O00083,P045,4,296.59
OI05162,O00083,P058,1,114.8
OI05163,O00212,P015,2,441.96
OI05164,O00212,P055,5,29.47
OI05165,O00212,P037,4,193.81
OI05166,O01230,P044,4,356.11
OI05167,O01230,P029,5,384.93
OI05168,O01230,P010,4,383.82
OI05169,O01384,P004,2,27.73
OI05170,O01384,P056,1,28.94
OI05171,O01993,P007,5,345.2
OI05172,O02243,P018,4,252.47
OI05173,O02243,P034,3,271.08
OI05174,O02444,P047,2,116.76
OI05175,O02444,P054,3,310.0
OI05176,O03817,P054,1,310.0
OI05177,O03817,P045,5,296.59
OI05178,O04481,P006,4,380.87
OI05179,O04481,P055,2,29.47
OI05180,O04481,P058,5,114.8
OI05181,O04628,P033,3,68.48
OI05182,O04628,P051,4,389.34
OI05183,O04628,P053,5,123.07
OI05184,O04751,P023,2,416.72
OI05185,O04751,P048,4,146.16
OI05186,O05882,P014,5,11.23
OI05187,O05882,P037,4,193.81
OI05188,O00106,P058,1,114.8
OI05189,O00106,P028,5,185.4
OI05190,O01667,P043,5,447.66
OI05191,O01667,P029,4,384.93
OI05192,O02370,P045,5,296.59
OI05193,O02574,P038,2,133.77
OI05194,O02574,P036,1,15.81
OI05195,O02574,P007,5,345.2
OI05196,O03394,P048,2,146.16
OI05197,O03394,P020,3,62.75
OI05198,O04712,P007,5,345.2
OI05199,O04712,P003,1,215.44
OI05200,O04712,P050,2,182.2
OI05201,O04760,P046,4,23.84
OI05202,O04760,P055,4,29.47
OI05203,O05136,P036,2,15.81
OI05204,O05136,P058,4,114.8
OI05205,O05241,P039,1,409.81
OI05206,O05241,P030,2,268.92
OI05207,O05835,P057,3,91.24
OI05208,O05835,P022,2,358.81
OI05209,O05835,P048,2,146.16
OI05210,O05956,P045,2,296.59
OI05211,O05956,P010,1,383.82
OI05212,O05956,P026,1,29.64
OI05213,O05956,P025,4,349.98
OI05214,O00223,P035,2,67.39
OI05215,O00260,P034,2,271.08
OI05216,O00260,P031,2,90.92
OI05217,O00260,P053,5,123.07
OI05218,O00260,P049,3,34.75
OI05219,O01322,P057,2,91.24
OI05220,O01322,P048,3,146.16
OI05221,O01322,P036,5,15.81
OI05222,O01666,P004,5,27.73
OI05223,O02347,P032,4,364.88
OI05224,O03429,P014,1,11.23
OI05225,O04662,P031,5,90.92
OI05226,O04662,P048,5,146.16
OI05227,O04662,P056,1,28.94
OI05228,O04662,P020,1,62.75
OI05229,O04928,P033,2,68.48
OI05230,O04928,P038,1,133.77
OI05231,O04928,P006,4,380.87
OI05232,O00423,P011,3,54.4
OI05233,O00423,P041,5,76.71
OI05234,O02234,P042,2,358.05
OI05235,O02234,P029,2,384.93
OI05236,O02234,P018,3,252.47
OI05237,O02234,P030,5,268.92
OI05238,O02884,P040,4,296.82
OI05239,O02884,P055,1,29.47
OI05240,O02884,P008,2,157.6
OI05241,O04487,P038,3,133.77
OI05242,O04487,P023,2,416.72
OI05243,O04487,P028,3,185.4
OI05244,O01016,P027,3,9.99
OI05245,O01016,P036,4,15.81
OI05246,O01016,P040,4,296.82
OI05247,O01677,P054,3,310.0
OI05248,O01677,P033,4,68.48
OI05249,O02242,P019,1,135.4
OI05250,O03623,P031,4,90.92
OI05251,O05711,P023,5,416.72
OI05252,O05711,P039,5,409.81
OI05253,O00202,P046,2,23.84
OI05254,O00202,P057,2,91.24
OI05255,O00202,P058,2,114.8
OI05256,O00202,P001,1,378.87
OI05257,O01233,P054,2,310.0
OI05258,O01233,P002,5,181.52
OI05259,O01233,P005,1,267.21
OI05260,O04199,P028,5,185.4
OI05261,O04199,P043,5,447.66
OI05262,O05404,P001,4,378.87
OI05263,O05404,P021,1,443.61
OI05264,O05404,P044,5,356.11
OI05265,O05861,P027,2,9.99
OI05266,O05861,P060,3,349.64
OI05267,O00172,P045,2,296.59
OI05268,O00172,P039,5,409.81
OI05269,O00172,P055,5,29.47
OI05270,O00599,P031,3,90.92
OI05271,O00599,P032,3,364.88
OI05272,O00599,P029,3,384.93
OI05273,O00599,P017,3,391.13
OI05274,O00970,P014,1,11.23
OI05275,O00970,P004,3,27.73
OI05276,O00998,P046,4,23.84
OI05277,O01358,P043,3,447.66
OI05278,O01358,P038,2,133.77
OI05279,O02432,P053,5,123.07
OI05280,O02432,P051,1,389.34
OI05281,O02520,P024,3,29.52
OI05282,O04344,P048,3,146.16
OI05283,O04344,P036,3,15.81
OI05284,O05646,P018,3,252.47
OI05285,O05646,P049,2,34.75
OI05286,O05646,P028,2,185.4
OI05287,O00142,P005,4,267.21
OI05288,O00142,P021,4,443.61
OI05289,O00142,P001,3,378.87
OI05290,O00142,P052,4,155.23
OI05291,O00323,P033,1,68.48
OI05292,O02016,P022,5,358.81
OI05293,O02016,P010,2,383.82
OI05294,O03200,P046,4,23.84
OI05295,O03200,P045,5,296.59
OI05296,O04509,P036,4,15.81
OI05297,O04509,P013,1,417.94
OI05298,O04509,P029,5,384.93
OI05299,O05484,P043,3,447.66
OI05300,O05484,P034,5,271.08
OI05301,O00436,P006,5,380.87
OI05302,O00436,P024,4,29.52
OI05303,O00864,P043,1,447.66
OI05304,O00864,P022,3,358.81
OI05305,O04811,P011,4,54.4
OI05306,O04811,P051,5,389.34
OI05307,O05236,P046,2,23.84
OI05308,O05236,P030,3,268.92
OI05309,O05236,P051,3,389.34
OI05310,O00245,P003,2,215.44
OI05311,O00245,P060,4,349.64
OI05312,O00465,P029,2,384.93
OI05313,O00465,P006,2,380.87
OI05314,O00465,P052,2,155.23
OI05315,O00465,P015,2,441.96
OI05316,O00855,P040,5,296.82
OI05317,O00855,P010,1,383.82
OI05318,O00855,P031,5,90.92
OI05319,O01023,P010,5,383.82
OI05320,O01023,P045,3,296.59
OI05321,O02154,P022,2,358.81
OI05322,O03369,P020,2,62.75
OI05323,O03369,P060,1,349.64
OI05324,O03369,P028,1,185.4
OI05325,O04265,P011,2,54.4
OI05326,O04265,P028,4,185.4
OI05327,O04265,P041,3,76.71
OI05328,O04265,P009,3,384.59
OI05329,O05287,P028,2,185.4
OI05330,O05287,P019,4,135.4
OI05331,O05287,P045,2,296.59
OI05332,O00899,P006,3,380.87
OI05333,O01722,P007,3,345.2
OI05334,O02798,P039,5,409.81
OI05335,O02798,P020,1,62.75
OI05336,O02798,P013,3,417.94
OI05337,O02798,P057,2,91.24
OI05338,O03762,P035,2,67.39
OI05339,O04120,P008,1,157.6
OI05340,O04320,P046,4,23.84
OI05341,O04320,P056,4,28.94
OI05342,O04320,P053,4,123.07
OI05343,O04636,P003,5,215.44
OI05344,O04636,P036,5,15.81
OI05345,O04636,P041,1,76.71
OI05346,O04941,P060,5,349.64
OI05347,O04941,P040,4,296.82
OI05348,O05163,P053,5,123.07
OI05349,O05163,P038,4,133.77
OI05350,O05163,P028,1,185.4
OI05351,O05163,P039,3,409.81
OI05352,O05854,P056,5,28.94
OI05353,O05854,P003,2,215.44
OI05354,O05854,P007,4,345.2
OI05355,O01431,P018,2,252.47
OI05356,O01586,P016,4,407.27
OI05357,O01586,P021,4,443.61
OI05358,O02393,P051,3,389.34
OI05359,O02393,P024,5,29.52
OI05360,O02393,P022,2,358.81
OI05361,O02569,P041,3,76.71
OI05362,O02569,P052,3,155.23
OI05363,O03101,P051,4,389.34
OI05364,O03621,P021,5,443.61
OI05365,O03621,P058,5,114.8
OI05366,O03621,P024,3,29.52
OI05367,O04060,P017,1,391.13
OI05368,O04297,P009,1,384.59
OI05369,O04297,P027,3,9.99
OI05370,O04297,P049,1,34.75
OI05371,O04356,P012,4,86.46
OI05372,O05885,P038,3,133.77
OI05373,O05885,P007,3,345.2
OI05374,O00917,P056,3,28.94
OI05375,O00917,P052,3,155.23
OI05376,O03723,P020,2,62.75
OI05377,O03723,P010,5,383.82
OI05378,O03723,P007,5,345.2
OI05379,O03723,P024,5,29.52
OI05380,O04682,P043,5,447.66
OI05381,O05212,P059,5,10.1
OI05382,O05212,P030,4,268.92
OI05383,O05212,P051,5,389.34
OI05384,O05222,P054,1,310.0
OI05385,O00065,P023,5,416.72
OI05386,O00065,P041,4,76.71
OI05387,O00065,P014,2,11.23
OI05388,O00065,P022,4,358.81
OI05389,O00169,P001,2,378.87
OI05390,O01511,P024,3,29.52
OI05391,O01511,P041,4,76.71
OI05392,O01511,P016,3,407.27
OI05393,O01942,P007,2,345.2
OI05394,O02529,P020,4,62.75
OI05395,O02529,P045,1,296.59
OI05396,O02529,P028,5,185.4
OI05397,O02529,P052,4,155.23
OI05398,O02628,P017,3,391.13
OI05399,O02628,P029,3,384.93
OI05400,O02628,P057,1,91.24
OI05401,O03054,P024,5,29.52
OI05402,O03054,P006,5,380.87
OI05403,O03054,P019,1,135.4
OI05404,O03633,P049,3,34.75
OI05405,O03633,P033,5,68.48
OI05406,O03633,P013,3,417.94
OI05407,O03848,P005,4,267.21
OI05408,O03848,P031,3,90.92
OI05409,O05017,P001,4,378.87
OI05410,O05017,P048,2,146.16
OI05411,O05311,P014,2,11.23
OI05412,O05311,P022,3,358.81
OI05413,O05612,P020,5,62.75
OI05414,O05612,P048,1,146.16
OI05415,O00601,P055,4,29.47
OI05416,O00601,P025,5,349.98
OI05417,O00688,P017,1,391.13
OI05418,O02284,P008,3,157.6
OI05419,O03383,P036,3,15.81
OI05420,O03383,P034,5,271.08
OI05421,O03566,P008,2,157.6
OI05422,O03566,P012,3,86.46
OI05423,O03947,P006,1,380.87
OI05424,O03947,P007,4,345.2
OI05425,O04580,P043,2,447.66
OI05426,O05178,P021,5,443.61
OI05427,O05178,P039,4,409.81
OI05428,O05178,P030,3,268.92
OI05429,O05849,P024,2,29.52
OI05430,O05849,P005,2,267.21
OI05431,O05849,P046,4,23.84
OI05432,O00752,P042,5,358.05
OI05433,O00752,P009,2,384.59
OI05434,O00752,P032,2,364.88
OI05435,O01306,P017,4,391.13
OI05436,O01306,P052,2,155.23
OI05437,O01306,P020,2,62.75
OI05438,O01388,P049,4,34.75
OI05439,O01774,P005,2,267.21
OI05440,O01774,P019,4,135.4
OI05441,O01774,P003,1,215.44
OI05442,O02301,P015,4,441.96
OI05443,O02301,P043,3,447.66
OI05444,O02301,P031,4,90.92
OI05445,O02894,P003,1,215.44
OI05446,O02894,P017,2,391.13
OI05447,O02894,P024,2,29.52
OI05448,O02894,P047,5,116.76
OI05449,O03620,P010,1,383.82
OI05450,O03620,P041,1,76.71
OI05451,O05150,P002,3,181.52
OI05452,O05150,P019,3,135.4
OI05453,O05150,P034,4,271.08
OI05454,O05150,P056,3,28.94
OI05455,O05913,P029,1,384.93
OI05456,O00171,P017,4,391.13
OI05457,O00171,P023,5,416.72
OI05458,O00220,P024,4,29.52
OI05459,O01220,P028,4,185.4
OI05460,O01220,P002,5,181.52
OI05461,O01220,P040,3,296.82
OI05462,O02678,P040,5,296.82
OI05463,O03076,P034,2,271.08
OI05464,O03076,P004,2,27.73
OI05465,O03076,P025,2,349.98
OI05466,O03076,P017,4,391.13
OI05467,O03591,P052,4,155.23
OI05468,O03591,P042,5,358.05
OI05469,O03591,P048,2,146.16
OI05470,O04154,P035,5,67.39
OI05471,O04154,P016,4,407.27
OI05472,O04154,P021,3,443.61
OI05473,O04154,P009,4,384.59
OI05474,O04319,P030,3,268.92
OI05475,O04434,P040,1,296.82
OI05476,O05373,P019,5,135.4
OI05477,O05373,P059,5,10.1
OI05478,O05615,P018,3,252.47
OI05479,O05615,P047,1,116.76
OI05480,O05615,P053,2,123.07
OI05481,O05615,P012,2,86.46
OI05482,O01634,P039,2,409.81
OI05483,O01634,P038,2,133.77
OI05484,O02135,P046,3,23.84
OI05485,O02135,P017,4,391.13
OI05486,O02605,P035,1,67.39
OI05487,O02605,P015,3,441.96
OI05488,O02605,P034,3,271.08
OI05489,O05525,P056,5,28.94
OI05490,O01047,P025,3,349.98
OI05491,O01047,P048,5,146.16
OI05492,O02498,P011,5,54.4
OI05493,O02498,P050,2,182.2
OI05494,O02699,P016,2,407.27
OI05495,O02699,P045,4,296.59
OI05496,O02699,P060,3,349.64
OI05497,O02758,P010,5,383.82
OI05498,O02877,P016,4,407.27
OI05499,O02877,P028,4,185.4
OI05500,O02877,P024,5,29.52
OI05501,O03314,P011,3,54.4
OI05502,O03314,P004,1,27.73
OI05503,O03314,P015,3,441.96
OI05504,O03314,P048,2,146.16
OI05505,O04841,P033,2,68.48
OI05506,O04841,P053,1,123.07
OI05507,O04841,P037,2,193.81
OI05508,O04841,P049,1,34.75
OI05509,O05720,P021,1,443.61
OI05510,O05720,P011,3,54.4
OI05511,O05720,P026,5,29.64
OI05512,O05720,P010,1,383.82
OI05513,O01703,P030,2,268.92
OI05514,O02221,P020,4,62.75
OI05515,O02221,P038,5,133.77
OI05516,O02221,P040,4,296.82
OI05517,O02221,P013,1,417.94
OI05518,O02534,P053,1,123.07
OI05519,O02534,P031,5,90.92
OI05520,O02534,P027,5,9.99
OI05521,O02566,P030,2,268.92
OI05522,O02645,P014,5,11.23
OI05523,O03324,P018,5,252.47
OI05524,O03324,P046,3,23.84
OI05525,O03829,P058,1,114.8
OI05526,O03829,P041,4,76.71
OI05527,O03829,P002,4,181.52
OI05528,O03859,P029,5,384.93
OI05529,O03859,P060,5,349.64
OI05530,O05233,P056,5,28.94
OI05531,O05233,P010,3,383.82
OI05532,O05233,P011,1,54.4
OI05533,O00188,P006,5,380.87
OI05534,O00188,P005,3,267.21
OI05535,O00204,P025,1,349.98
OI05536,O00204,P037,2,193.81
OI05537,O00204,P057,5,91.24
OI05538,O00638,P010,2,383.82
OI05539,O00638,P043,4,447.66
OI05540,O01530,P044,4,356.11
OI05541,O01530,P045,2,296.59
OI05542,O01530,P027,2,9.99
OI05543,O01530,P005,2,267.21
OI05544,O02024,P044,4,356.11
OI05545,O02024,P018,2,252.47
OI05546,O02024,P003,4,215.44
OI05547,O02139,P009,5,384.59
OI05548,O02139,P058,1,114.8
OI05549,O04485,P021,2,443.61
OI05550,O04485,P057,1,91.24
OI05551,O04505,P056,2,28.94
OI05552,O04505,P008,5,157.6
OI05553,O04505,P052,4,155.23
OI05554,O04505,P045,4,296.59
OI05555,O04922,P001,3,378.87
OI05556,O04922,P058,4,114.8
OI05557,O05166,P045,1,296.59
OI05558,O05166,P002,4,181.52
OI05559,O05865,P014,4,11.23
OI05560,O00771,P046,4,23.84
OI05561,O00771,P021,3,443.61
OI05562,O00772,P030,4,268.92
OI05563,O00772,P015,4,441.96
OI05564,O04706,P013,2,417.94
OI05565,O04706,P009,1,384.59
OI05566,O05189,P058,3,114.8
OI05567,O05189,P052,2,155.23
OI05568,O05189,P022,2,358.81
OI05569,O05591,P041,5,76.71
OI05570,O01297,P042,3,358.05
OI05571,O01297,P057,2,91.24
OI05572,O01297,P025,1,349.98
OI05573,O02829,P018,4,252.47
OI05574,O02829,P043,5,447.66
OI05575,O02829,P045,3,296.59
OI05576,O05004,P041,2,76.71
OI05577,O05004,P039,3,409.81
OI05578,O05072,P020,1,62.75
OI05579,O05072,P051,5,389.34
OI05580,O05382,P046,3,23.84
OI05581,O05382,P043,2,447.66
OI05582,O05382,P033,1,68.48
OI05583,O05419,P028,1,185.4
OI05584,O05419,P042,2,358.05
OI05585,O00061,P054,5,310.0
OI05586,O00061,P059,3,10.1
OI05587,O03985,P035,5,67.39
OI05588,O03985,P026,1,29.64
OI05589,O03985,P048,4,146.16
OI05590,O04810,P059,2,10.1
OI05591,O04810,P041,4,76.71
OI05592,O04991,P046,4,23.84
OI05593,O04991,P020,2,62.75
OI05594,O00084,P054,4,310.0
OI05595,O00084,P034,1,271.08
OI05596,O00084,P038,4,133.77
OI05597,O01798,P007,3,345.2
OI05598,O01798,P048,3,146.16
OI05599,O01878,P034,5,271.08
OI05600,O02160,P042,1,358.05
OI05601,O04058,P036,3,15.81
OI05602,O04058,P054,2,310.0
OI05603,O04570,P017,3,391.13
OI05604,O00540,P010,4,383.82
OI05605,O00540,P049,1,34.75
OI05606,O02688,P042,1,358.05
OI05607,O02688,P013,3,417.94
OI05608,O02688,P053,5,123.07
OI05609,O02863,P039,4,409.81
OI05610,O02863,P056,1,28.94
OI05611,O02863,P058,4,114.8
OI05612,O02863,P007,5,345.2
OI05613,O02997,P044,3,356.11
OI05614,O02997,P007,4,345.2
OI05615,O03307,P008,4,157.6
OI05616,O03307,P048,2,146.16
OI05617,O03307,P002,4,181.52
OI05618,O03307,P010,3,383.82
OI05619,O03682,P022,1,358.81
OI05620,O03682,P051,2,389.34
OI05621,O03682,P050,2,182.2
OI05622,O04790,P033,2,68.48
OI05623,O00516,P017,2,391.13
OI05624,O00516,P032,4,364.88
OI05625,O00516,P039,3,409.81
OI05626,O01152,P056,1,28.94
OI05627,O02277,P031,3,90.92
OI05628,O02277,P059,3,10.1
OI05629,O02277,P020,4,62.75
OI05630,O03071,P006,2,380.87
OI05631,O03071,P047,3,116.76
OI05632,O03235,P039,5,409.81
OI05633,O03235,P033,5,68.48
OI05634,O03235,P009,1,384.59
OI05635,O03235,P053,1,123.07
OI05636,O03252,P020,4,62.75
OI05637,O03252,P043,3,447.66
OI05638,O03252,P014,3,11.23
OI05639,O00562,P036,2,15.81
OI05640,O01433,P020,4,62.75
OI05641,O01433,P012,2,86.46
OI05642,O02174,P031,5,90.92
OI05643,O02174,P039,1,409.81
OI05644,O02174,P005,2,267.21
OI05645,O02402,P048,1,146.16
OI05646,O03728,P011,1,54.4
OI05647,O03728,P046,4,23.84
OI05648,O03728,P018,4,252.47
OI05649,O04294,P008,2,157.6
OI05650,O04294,P044,1,356.11
OI05651,O04294,P052,3,155.23
OI05652,O04378,P034,5,271.08
OI05653,O05733,P032,2,364.88
OI05654,O05733,P016,3,407.27
OI05655,O05733,P029,1,384.93
OI05656,O05733,P006,3,380.87
OI05657,O05864,P039,5,409.81
OI05658,O05864,P041,4,76.71
OI05659,O05898,P026,3,29.64
OI05660,O05898,P046,1,23.84
OI05661,O05898,P012,5,86.46
OI05662,O05898,P011,3,54.4
OI05663,O02122,P005,4,267.21
OI05664,O03404,P059,3,10.1
OI05665,O03517,P033,5,68.48
OI05666,O03517,P013,5,417.94
OI05667,O04089,P031,3,90.92
OI05668,O04089,P034,5,271.08
OI05669,O04280,P011,5,54.4
OI05670,O04280,P049,4,34.75
OI05671,O04562,P022,4,358.81
OI05672,O04770,P007,4,345.2
OI05673,O05352,P054,2,310.0
OI05674,O05352,P003,3,215.44
OI05675,O05352,P058,5,114.8
OI05676,O05352,P030,4,268.92
OI05677,O05934,P028,4,185.4
OI05678,O05934,P011,3,54.4
OI05679,O05934,P009,1,384.59
OI05680,O05934,P058,1,114.8
OI05681,O00356,P018,3,252.47
OI05682,O00356,P030,5,268.92
OI05683,O00356,P025,1,349.98
OI05684,O00363,P002,2,181.52
OI05685,O00363,P029,3,384.93
OI05686,O00363,P039,2,409.81
OI05687,O01495,P049,3,34.75
OI05688,O01495,P053,4,123.07
OI05689,O01495,P035,3,67.39
OI05690,O01495,P026,1,29.64
OI05691,O01646,P054,2,310.0
OI05692,O01646,P046,2,23.84
OI05693,O02668,P054,5,310.0
OI05694,O02668,P036,3,15.81
OI05695,O02668,P040,5,296.82
OI05696,O02799,P012,2,86.46
OI05697,O02799,P054,3,310.0
OI05698,O03175,P029,2,384.93
OI05699,O03175,P009,5,384.59
OI05700,O03175,P054,3,310.0
OI05701,O04559,P026,4,29.64
OI05702,O04559,P031,1,90.92
OI05703,O04559,P039,2,409.81
OI05704,O04559,P022,3,358.81
OI05705,O05483,P050,1,182.2
OI05706,O05483,P037,3,193.81
OI05707,O00486,P015,4,441.96
OI05708,O00486,P002,1,181.52
OI05709,O00949,P036,4,15.81
OI05710,O01098,P032,2,364.88
OI05711,O01098,P007,3,345.2
OI05712,O01098,P016,4,407.27
OI05713,O01318,P051,2,389.34
OI05714,O01537,P020,5,62.75
OI05715,O01537,P037,5,193.81
OI05716,O02140,P011,1,54.4
OI05717,O02140,P051,1,389.34
OI05718,O02140,P024,5,29.52
OI05719,O02140,P004,4,27.73
OI05720,O02274,P036,3,15.81
OI05721,O02274,P017,3,391.13
OI05722,O03131,P012,3,86.46
OI05723,O03254,P015,4,441.96
OI05724,O03254,P020,5,62.75
OI05725,O03254,P045,2,296.59
OI05726,O03254,P039,3,409.81
OI05727,O03378,P040,5,296.82
OI05728,O03378,P053,2,123.07
OI05729,O03378,P031,5,90.92
OI05730,O03543,P008,1,157.6
OI05731,O04194,P044,3,356.11
OI05732,O04503,P009,3,384.59
OI05733,O04503,P024,3,29.52
OI05734,O04503,P046,1,23.84
OI05735,O04503,P004,3,27.73
OI05736,O05112,P048,5,146.16
OI05737,O05832,P024,4,29.52
OI05738,O05832,P010,4,383.82
OI05739,O05832,P040,1,296.82
OI05740,O05936,P006,5,380.87
OI05741,O05936,P031,2,90.92
OI05742,O05936,P056,4,28.94
OI05743,O05936,P015,3,441.96
OI05744,O05941,P035,5,67.39
OI05745,O00647,P043,4,447.66
OI05746,O00647,P028,2,185.4
OI05747,O00647,P040,1,296.82
OI05748,O00995,P025,5,349.98
OI05749,O01519,P025,4,349.98
OI05750,O01519,P049,3,34.75
OI05751,O02264,P003,2,215.44
OI05752,O02264,P050,5,182.2
OI05753,O02264,P057,5,91.24
OI05754,O02264,P046,1,23.84
OI05755,O03624,P030,4,268.92
OI05756,O03937,P026,1,29.64
OI05757,O03937,P005,5,267.21
OI05758,O03937,P013,1,417.94
OI05759,O04436,P041,4,76.71
OI05760,O04436,P002,1,181.52
OI05761,O04436,P035,2,67.39
OI05762,O05324,P006,3,380.87
OI05763,O05324,P060,1,349.64
OI05764,O05324,P040,4,296.82
OI05765,O05324,P050,1,182.2
OI05766,O05977,P004,4,27.73
OI05767,O01327,P023,2,416.72
OI05768,O01327,P039,3,409.81
OI05769,O01344,P030,4,268.92
OI05770,O01344,P046,4,23.84
OI05771,O01344,P025,2,349.98
OI05772,O01980,P016,1,407.27
OI05773,O02882,P037,4,193.81
OI05774,O02882,P007,2,345.2
OI05775,O03001,P039,4,409.81
OI05776,O05269,P055,1,29.47
OI05777,O05269,P018,5,252.47
OI05778,O05269,P025,3,349.98
OI05779,O05611,P011,2,54.4
OI05780,O05611,P035,5,67.39
OI05781,O05611,P004,4,27.73
OI05782,O05611,P007,5,345.2
OI05783,O05911,P035,4,67.39
OI05784,O00159,P028,2,185.4
OI05785,O01293,P027,4,9.99
OI05786,O01293,P022,3,358.81
OI05787,O01293,P016,4,407.27
OI05788,O02304,P052,4,155.23
OI05789,O02962,P034,5,271.08
OI05790,O03133,P006,2,380.87
OI05791,O03983,P044,1,356.11
OI05792,O04923,P056,2,28.94
OI05793,O04923,P048,2,146.16
OI05794,O04926,P044,2,356.11
OI05795,O04926,P042,4,358.05
OI05796,O05549,P030,1,268.92
OI05797,O05549,P040,1,296.82
OI05798,O05549,P039,4,409.81
OI05799,O01077,P036,2,15.81
OI05800,O01077,P037,4,193.81
OI05801,O01077,P007,1,345.2
OI05802,O01295,P051,5,389.34
OI05803,O01300,P007,5,345.2
OI05804,O01896,P053,5,123.07
OI05805,O01896,P025,5,349.98
OI05806,O01896,P010,1,383.82
OI05807,O03632,P016,4,407.27
OI05808,O03632,P054,2,310.0
OI05809,O03689,P025,1,349.98
OI05810,O03689,P004,2,27.73
OI05811,O04126,P046,4,23.84
OI05812,O04126,P045,4,296.59
OI05813,O00332,P040,2,267.14
OI05814,O00332,P019,3,135.4
OI05815,O00703,P050,1,182.2
OI05816,O00703,P004,1,27.73
OI05817,O01657,P052,5,155.23
OI05818,O01657,P021,3,443.61
OI05819,O01657,P048,3,146.16
OI05820,O02041,P032,3,364.88
OI05821,O02269,P014,5,11.23
OI05822,O02269,P028,1,185.4
OI05823,O05354,P022,2,358.81
OI05824,O05571,P054,2,310.0
OI05825,O05571,P008,4,157.6
OI05826,O05571,P001,5,378.87
OI05827,O05571,P039,2,409.81
OI05828,O05747,P054,1,310.0
OI05829,O00692,P057,1,91.24
OI05830,O00980,P025,3,349.98
OI05831,O01249,P025,4,349.98
OI05832,O01249,P017,2,391.13
OI05833,O01249,P049,5,34.75
OI05834,O01499,P023,5,416.72
OI05835,O01499,P013,2,417.94
OI05836,O01608,P054,3,310.0
OI05837,O01608,P058,3,114.8
OI05838,O01608,P007,2,345.2
OI05839,O01608,P036,2,15.81
OI05840,O02786,P049,5,34.75
OI05841,O02786,P006,2,380.87
OI05842,O02786,P016,2,407.27
OI05843,O02786,P004,1,27.73
OI05844,O03722,P042,3,322.25
OI05845,O05199,P010,1,383.82
OI05846,O05199,P058,1,114.8
OI05847,O05199,P059,1,10.1
OI05848,O05328,P015,1,441.96
OI05849,O05869,P056,2,28.94
OI05850,O05869,P019,5,135.4
OI05851,O01138,P042,5,322.25
OI05852,O01138,P002,1,181.52
OI05853,O02352,P021,5,443.61
OI05854,O02352,P025,2,349.98
OI05855,O02352,P001,5,378.87
OI05856,O02352,P015,4,441.96
OI05857,O03987,P017,3,391.13
OI05858,O03987,P022,2,358.81
OI05859,O03987,P016,5,407.27
OI05860,O04889,P006,1,380.87
OI05861,O04889,P053,4,123.07
OI05862,O04889,P058,1,114.8
OI05863,O04889,P036,4,15.81
OI05864,O05224,P050,1,182.2
OI05865,O05224,P041,3,69.04
OI05866,O05415,P001,3,378.87
OI05867,O05432,P027,4,9.99
OI05868,O05432,P015,4,441.96
OI05869,O05432,P058,2,114.8
OI05870,O05468,P019,2,135.4
OI05871,O05468,P055,3,29.47
OI05872,O05468,P056,4,28.94
OI05873,O05547,P007,4,345.2
OI05874,O05547,P006,3,380.87
OI05875,O00077,P043,2,402.89
OI05876,O00077,P033,2,68.48
OI05877,O00077,P023,3,416.72
OI05878,O00415,P014,2,11.23
OI05879,O00415,P042,1,322.25
OI05880,O00432,P041,5,69.04
OI05881,O00432,P045,1,266.93
OI05882,O00825,P060,1,349.64
OI05883,O00825,P034,4,271.08
OI05884,O01255,P014,2,11.23
OI05885,O01255,P004,3,27.73
OI05886,O01255,P050,1,182.2
OI05887,O01882,P050,1,182.2
OI05888,O00153,P045,1,266.93
OI05889,O00153,P008,5,157.6
OI05890,O00199,P009,4,384.59
OI05891,O00443,P016,5,407.27
OI05892,O00443,P034,2,271.08
OI05893,O00443,P020,5,62.75
OI05894,O02527,P026,3,29.64
OI05895,O03908,P047,3,116.76
OI05896,O03908,P023,4,416.72
OI05897,O04224,P004,1,27.73
OI05898,O04224,P005,4,267.21
OI05899,O05319,P040,1,267.14
OI05900,O05319,P017,3,391.13
OI05901,O05319,P052,3,155.23
OI05902,O01490,P010,4,383.82
OI05903,O01490,P036,3,15.81
OI05904,O01490,P005,1,267.21
OI05905,O02335,P002,3,181.52
OI05906,O02730,P011,3,54.4
OI05907,O02730,P023,2,416.72
OI05908,O02730,P042,1,322.25
OI05909,O03020,P022,4,358.81
OI05910,O03020,P047,3,116.76
OI05911,O03020,P042,4,322.25
OI05912,O03127,P014,3,11.23
OI05913,O03159,P052,2,155.23
OI05914,O03159,P021,2,443.61
OI05915,O03159,P030,3,268.92
OI05916,O03159,P001,3,378.87
OI05917,O03432,P024,5,29.52
OI05918,O03432,P048,3,146.16
OI05919,O03432,P018,2,252.47
OI05920,O03538,P010,4,383.82
OI05921,O03538,P053,1,123.07
OI05922,O03538,P025,5,349.98
OI05923,O03649,P010,4,383.82
OI05924,O03649,P042,2,322.25
OI05925,O03649,P001,5,378.87
OI05926,O03659,P024,2,29.52
OI05927,O04803,P059,3,10.1
OI05928,O04955,P014,4,11.23
OI05929,O04955,P052,2,155.23
OI05930,O04955,P030,3,268.92
OI05931,O05719,P007,5,345.2
OI05932,O05719,P040,1,267.14
OI05933,O05719,P056,3,28.94
OI05934,O01002,P008,4,157.6
OI05935,O01002,P028,5,185.4
OI05936,O02203,P006,2,380.87
OI05937,O02203,P008,5,157.6
OI05938,O02539,P048,5,146.16
OI05939,O02539,P032,1,364.88
OI05940,O02539,P033,2,68.48
OI05941,O03826,P033,5,68.48
OI05942,O03892,P001,3,378.87
OI05943,O03892,P049,3,34.75
OI05944,O03892,P060,4,349.64
OI05945,O03892,P052,2,155.23
OI05946,O04185,P007,5,345.2
OI05947,O04185,P001,2,378.87
OI05948,O04185,P049,1,34.75
OI05949,O04728,P010,1,383.82
OI05950,O04728,P041,5,69.04
OI05951,O04728,P038,2,133.77
OI05952,O04728,P014,4,11.23
OI05953,O05398,P018,5,252.47
OI05954,O05398,P039,1,409.81
OI05955,O05398,P006,2,380.87
OI05956,O01680,P022,2,358.81
OI05957,O01680,P043,4,402.89
OI05958,O01871,P028,5,185.4
OI05959,O01871,P004,3,27.73
OI05960,O01871,P024,5,29.52
OI05961,O01961,P053,1,123.07
OI05962,O02510,P008,4,157.6
OI05963,O02510,P013,4,417.94
OI05964,O02708,P024,5,29.52
OI05965,O02708,P009,3,384.59
OI05966,O02708,P052,3,155.23
OI05967,O03456,P008,2,157.6
OI05968,O03456,P038,2,133.77
OI05969,O03456,P048,2,146.16
OI05970,O05179,P057,5,91.24
OI05971,O01156,P019,1,135.4
OI05972,O01156,P024,5,29.52
OI05973,O01156,P008,1,157.6
OI05974,O01860,P045,5,266.93
OI05975,O02853,P010,1,383.82
OI05976,O03217,P024,3,29.52
OI05977,O03464,P015,5,441.96
OI05978,O03464,P021,1,443.61
OI05979,O05219,P057,5,91.24
OI05980,O05219,P027,5,9.99
OI05981,O05562,P051,1,389.34
OI05982,O05562,P041,5,69.04
OI05983,O05562,P004,4,27.73
OI05984,O05562,P026,2,29.64
OI05985,O00923,P006,1,380.87
OI05986,O00923,P015,1,441.96
OI05987,O00923,P038,1,133.77
OI05988,O00975,P054,5,310.0
OI05989,O01727,P005,5,267.21
OI05990,O01727,P020,5,62.75
OI05991,O01727,P049,4,34.75
OI05992,O01808,P056,1,28.94
OI05993,O01834,P011,3,54.4
OI05994,O02297,P046,1,21.46
OI05995,O05063,P004,3,27.73
OI05996,O05063,P019,2,135.4
OI05997,O05193,P026,3,29.64
OI05998,O05193,P020,2,62.75
OI05999,O05193,P009,5,384.59
OI06000,O05510,P049,1,34.75
OI06001,O05510,P040,1,267.14
OI06002,O05510,P008,2,157.6
OI06003,O00131,P053,5,123.07
OI06004,O00131,P027,5,9.99
OI06005,O00131,P052,5,155.23
OI06006,O00131,P001,5,378.87
OI06007,O01018,P040,4,267.14
OI06008,O01063,P050,4,182.2
OI06009,O01063,P012,2,86.46
OI06010,O01063,P010,3,383.82
OI06011,O01063,P052,2,155.23
OI06012,O01234,P030,5,268.92
OI06013,O01234,P011,1,54.4
OI06014,O01751,P053,3,123.07
OI06015,O01765,P009,5,384.59
OI06016,O01765,P033,4,68.48
OI06017,O03476,P032,5,364.88
OI06018,O03476,P043,2,402.89
OI06019,O03476,P017,2,391.13
OI06020,O01079,P038,5,133.77
OI06021,O01079,P059,5,10.1
OI06022,O01082,P042,3,322.25
OI06023,O01082,P043,4,402.89
OI06024,O01094,P003,2,215.44
OI06025,O01094,P050,5,182.2
OI06026,O01270,P043,4,402.89
OI06027,O01270,P015,3,441.96
OI06028,O01270,P027,1,9.99
OI06029,O01270,P029,3,384.93
OI06030,O01305,P033,5,68.48
OI06031,O01918,P054,4,310.0
OI06032,O01918,P051,4,389.34
OI06033,O01918,P026,3,29.64
OI06034,O01918,P006,2,380.87
OI06035,O01945,P005,4,267.21
OI06036,O02641,P040,5,267.14
OI06037,O02641,P049,1,34.75
OI06038,O02641,P014,3,11.23
OI06039,O02641,P007,3,345.2
OI06040,O03389,P055,5,29.47
OI06041,O05862,P012,3,86.46
OI06042,O05862,P024,3,29.52
OI06043,O00996,P019,4,135.4
OI06044,O00996,P048,4,146.16
OI06045,O04657,P042,4,322.25
OI06046,O05200,P007,1,345.2
OI06047,O05200,P008,3,157.6
OI06048,O05200,P013,2,417.94
OI06049,O00022,P017,4,391.13
OI06050,O00022,P035,5,67.39
OI06051,O00022,P013,4,417.94
OI06052,O00884,P013,3,417.94
OI06053,O00884,P018,1,252.47
OI06054,O00884,P051,4,389.34
OI06055,O00884,P030,2,268.92
OI06056,O03669,P028,1,185.4
OI06057,O03669,P038,1,133.77
OI06058,O03669,P060,1,349.64
OI06059,O03669,P032,5,364.88
OI06060,O04650,P012,4,86.46
OI06061,O04650,P042,4,322.25
OI06062,O04925,P019,5,135.4
OI06063,O04925,P006,1,380.87
OI06064,O04925,P017,1,391.13
OI06065,O04952,P047,2,116.76
OI06066,O04952,P002,1,181.52
OI06067,O04952,P008,2,157.6
OI06068,O04952,P051,5,389.34
OI06069,O05078,P045,5,266.93
OI06070,O05144,P044,2,320.5
OI06071,O05144,P037,4,193.81
OI06072,O05144,P057,5,91.24
OI06073,O00649,P026,4,29.64
OI06074,O00649,P049,1,34.75
OI06075,O00649,P036,1,15.81
OI06076,O00900,P044,1,320.5
OI06077,O00910,P056,5,28.94
OI06078,O01041,P056,1,28.94
OI06079,O01041,P030,3,268.92
OI06080,O01357,P053,4,123.07
OI06081,O01773,P005,2,267.21
OI06082,O01773,P008,2,157.6
OI06083,O01773,P053,3,123.07
OI06084,O02059,P047,1,116.76
OI06085,O02858,P021,2,443.61
OI06086,O02858,P019,5,135.4
OI06087,O02875,P052,4,155.23
OI06088,O03140,P003,4,215.44
OI06089,O03167,P003,5,215.44
OI06090,O03167,P005,3,267.21
OI06091,O03167,P028,4,185.4
OI06092,O03167,P019,5,135.4
OI06093,O03399,P027,1,9.99
OI06094,O03399,P050,5,182.2
OI06095,O03399,P018,1,252.47
OI06096,O03418,P034,2,271.08
OI06097,O03418,P021,2,443.61
OI06098,O03418,P056,3,28.94
OI06099,O03418,P051,2,389.34
OI06100,O03557,P013,3,417.94
OI06101,O03557,P014,1,11.23
OI06102,O04688,P031,2,90.92
OI06103,O04967,P022,5,358.81
OI06104,O04967,P051,3,389.34
OI06105,O00370,P006,2,380.87
OI06106,O00370,P047,3,116.76
OI06107,O00370,P015,3,441.96
OI06108,O01278,P004,5,27.73
OI06109,O01278,P005,3,267.21
OI06110,O05421,P016,4,407.27
OI06111,O05421,P006,5,380.87
OI06112,O05421,P041,5,69.04
OI06113,O05421,P002,5,181.52
OI06114,O00031,P024,1,29.52
OI06115,O01862,P009,5,384.59
OI06116,O01862,P032,5,364.88
OI06117,O01862,P020,4,62.75
OI06118,O02118,P040,3,267.14
OI06119,O02185,P050,5,182.2
OI06120,O02541,P028,2,185.4
OI06121,O02812,P002,5,181.52
OI06122,O03891,P052,4,155.23
OI06123,O05239,P049,2,34.75
OI06124,O05239,P041,1,69.04
OI06125,O05518,P015,4,441.96
OI06126,O05518,P013,3,417.94
OI06127,O05518,P044,4,320.5
OI06128,O05518,P049,5,34.75
OI06129,O00295,P019,2,135.4
OI06130,O00295,P011,4,54.4
OI06131,O00295,P002,3,181.52
OI06132,O01393,P011,3,54.4
OI06133,O01393,P045,5,266.93
OI06134,O04622,P049,1,34.75
OI06135,O04851,P027,1,9.99
OI06136,O05048,P008,1,157.6
OI06137,O05048,P050,2,182.2
OI06138,O01435,P041,4,69.04
OI06139,O01435,P020,1,62.75
OI06140,O01482,P060,4,349.64
OI06141,O01482,P029,1,384.93
OI06142,O03178,P032,4,364.88
OI06143,O03178,P011,4,54.4
OI06144,O04529,P020,3,62.75
OI06145,O04529,P053,5,123.07
OI06146,O05197,P028,4,185.4
OI06147,O05197,P044,4,320.5
OI06148,O05197,P029,4,384.93
OI06149,O05578,P057,4,91.24
OI06150,O05578,P025,5,349.98
OI06151,O00344,P005,4,267.21
OI06152,O00344,P020,1,62.75
OI06153,O00344,P006,5,380.87
OI06154,O01083,P038,3,133.77
OI06155,O01083,P058,4,114.8
OI06156,O01100,P020,3,62.75
OI06157,O01100,P045,1,266.93
OI06158,O01312,P033,1,68.48
OI06159,O01312,P036,4,15.81
OI06160,O01312,P039,5,409.81
OI06161,O01312,P021,2,443.61
OI06162,O02484,P053,3,123.07
OI06163,O02484,P023,3,416.72
OI06164,O02828,P011,1,54.4
OI06165,O02828,P015,3,441.96
OI06166,O00535,P038,5,133.77
OI06167,O00535,P037,2,193.81
OI06168,O00535,P059,5,10.1
OI06169,O00535,P057,3,91.24
OI06170,O00661,P014,3,11.23
OI06171,O00661,P009,4,384.59
OI06172,O00661,P040,4,296.82
OI06173,O00661,P050,5,182.2
OI06174,O00708,P035,3,67.39
OI06175,O00708,P046,4,23.84
OI06176,O00708,P060,4,349.64
OI06177,O00708,P050,1,182.2
OI06178,O02062,P035,4,67.39
OI06179,O02062,P040,4,296.82
OI06180,O02062,P002,1,181.52
OI06181,O02294,P002,5,181.52
OI06182,O02294,P051,5,389.34
OI06183,O02294,P035,2,67.39
OI06184,O03420,P035,5,67.39
OI06185,O03420,P011,5,54.4
OI06186,O05482,P027,5,9.99
OI06187,O05482,P045,5,296.59
OI06188,O05482,P051,2,389.34
OI06189,O05482,P001,3,378.87
OI06190,O00777,P011,2,54.4
OI06191,O00777,P053,2,123.07
OI06192,O01538,P023,3,416.72
OI06193,O01538,P060,3,349.64
OI06194,O01819,P043,2,447.66
OI06195,O01819,P022,4,358.81
OI06196,O01819,P036,4,15.81
OI06197,O01819,P025,1,349.98
OI06198,O02724,P055,2,29.47
OI06199,O03120,P051,3,389.34
OI06200,O03120,P017,3,391.13
OI06201,O03216,P046,4,23.84
OI06202,O03216,P030,3,268.92
OI06203,O03216,P045,2,296.59
OI06204,O03216,P044,2,356.11
OI06205,O04386,P040,2,296.82
OI06206,O04386,P058,2,114.8
OI06207,O05631,P010,2,383.82
OI06208,O05631,P060,1,349.64
OI06209,O05631,P015,3,441.96
OI06210,O05644,P033,1,68.48
OI06211,O05644,P039,4,409.81
OI06212,O00875,P029,2,384.93
OI06213,O00875,P015,3,441.96
OI06214,O00875,P011,1,54.4
OI06215,O01197,P047,2,116.76
OI06216,O01197,P010,2,383.82
OI06217,O01197,P028,1,185.4
OI06218,O01700,P051,4,389.34
OI06219,O01892,P041,5,76.71
OI06220,O02197,P053,4,123.07
OI06221,O02197,P051,2,389.34
OI06222,O02197,P010,3,383.82
OI06223,O02350,P006,1,380.87
OI06224,O02350,P036,3,15.81
OI06225,O02350,P025,4,349.98
OI06226,O02350,P007,5,345.2
OI06227,O02439,P013,1,417.94
OI06228,O02439,P058,2,114.8
OI06229,O02439,P033,2,68.48
OI06230,O03003,P047,1,116.76
OI06231,O03003,P001,4,378.87
OI06232,O03003,P009,1,384.59
OI06233,O03176,P027,1,9.99
OI06234,O05438,P008,2,157.6
OI06235,O05438,P038,4,133.77
OI06236,O05846,P016,3,407.27
OI06237,O05846,P011,3,54.4
OI06238,O00887,P017,5,391.13
OI06239,O00887,P043,3,447.66
OI06240,O00887,P003,4,215.44
OI06241,O01091,P001,5,378.87
OI06242,O02148,P056,3,28.94
OI06243,O02148,P036,5,15.81
OI06244,O02331,P033,4,68.48
OI06245,O02331,P044,2,356.11
OI06246,O02429,P050,4,182.2
OI06247,O02429,P052,4,155.23
OI06248,O02599,P036,5,15.81
OI06249,O02599,P060,3,349.64
OI06250,O02599,P028,2,185.4
OI06251,O02599,P005,1,267.21
OI06252,O02943,P043,1,447.66
OI06253,O03112,P012,5,86.46
OI06254,O03112,P060,2,349.64
OI06255,O03286,P056,4,28.94
OI06256,O03286,P047,1,116.76
OI06257,O03286,P034,4,271.08
OI06258,O03663,P028,5,185.4
OI06259,O03663,P034,5,271.08
OI06260,O03663,P007,1,345.2
OI06261,O04747,P027,4,9.99
OI06262,O05266,P059,2,10.1
OI06263,O05266,P019,2,135.4
OI06264,O05266,P036,3,15.81
OI06265,O05351,P025,2,349.98
OI06266,O05351,P009,5,384.59
OI06267,O05351,P015,1,441.96
OI06268,O05351,P036,1,15.81
OI06269,O05652,P056,4,28.94
OI06270,O05652,P020,3,62.75
OI06271,O05652,P058,2,114.8
OI06272,O00161,P052,1,155.23
OI06273,O00161,P028,3,185.4
OI06274,O02880,P059,5,10.1
OI06275,O02880,P050,2,182.2
OI06276,O02880,P024,1,29.52
OI06277,O03114,P013,4,417.94
OI06278,O03114,P025,1,349.98
OI06279,O03665,P054,5,310.0
OI06280,O03665,P052,2,155.23
OI06281,O03665,P060,5,349.64
OI06282,O03665,P003,3,215.44
OI06283,O04458,P049,3,34.75
OI06284,O04458,P009,2,384.59
OI06285,O04602,P060,5,349.64
OI06286,O04602,P058,5,114.8
OI06287,O04602,P040,5,296.82
OI06288,O04602,P018,1,252.47
OI06289,O05013,P026,1,29.64
OI06290,O05013,P010,1,383.82
OI06291,O05013,P043,3,447.66
OI06292,O05044,P041,2,76.71
OI06293,O05044,P033,2,68.48
OI06294,O00029,P052,1,155.23
OI06295,O00029,P001,2,378.87
OI06296,O00029,P010,5,383.82
OI06297,O00590,P021,5,443.61
OI06298,O00590,P027,4,9.99
OI06299,O00679,P055,1,29.47
OI06300,O03508,P002,1,181.52
OI06301,O03508,P015,5,441.96
OI06302,O03508,P029,4,384.93
OI06303,O03512,P060,4,349.64
OI06304,O03512,P021,1,443.61
OI06305,O03512,P031,1,90.92
OI06306,O03574,P051,2,389.34
OI06307,O03574,P046,3,23.84
OI06308,O04125,P041,4,76.71
OI06309,O04125,P023,3,416.72
OI06310,O04125,P020,4,62.75
OI06311,O05623,P035,1,67.39
OI06312,O05623,P025,2,349.98
OI06313,O00341,P029,2,384.93
OI06314,O00341,P025,2,349.98
OI06315,O00457,P034,3,271.08
OI06316,O00457,P060,4,349.64
OI06317,O00457,P026,3,29.64
OI06318,O00485,P031,4,90.92
OI06319,O00485,P024,5,29.52
OI06320,O00485,P006,3,380.87
OI06321,O02213,P005,4,267.21
OI06322,O02213,P014,2,11.23
OI06323,O02213,P003,3,215.44
OI06324,O02213,P040,5,296.82
OI06325,O02238,P060,3,349.64
OI06326,O02430,P006,2,380.87
OI06327,O04734,P045,4,296.59
OI06328,O04734,P024,3,29.52
OI06329,O04734,P060,4,349.64
OI06330,O05661,P017,4,391.13
OI06331,O05661,P032,1,364.88
OI06332,O05661,P040,4,296.82
OI06333,O05661,P041,3,76.71
OI06334,O00922,P032,1,364.88
OI06335,O00922,P052,4,155.23
OI06336,O01241,P018,2,252.47
OI06337,O01241,P012,1,86.46
OI06338,O01340,P030,2,268.92
OI06339,O02552,P026,5,29.64
OI06340,O02835,P009,5,384.59
OI06341,O02835,P033,1,68.48
OI06342,O02835,P054,2,310.0
OI06343,O03792,P018,1,252.47
OI06344,O03923,P001,2,378.87
OI06345,O04123,P032,3,364.88
OI06346,O05687,P029,1,384.93
OI06347,O05687,P048,5,146.16
OI06348,O00985,P049,3,34.75
OI06349,O00985,P022,5,358.81
OI06350,O01053,P050,1,182.2
OI06351,O01053,P040,3,296.82
OI06352,O01053,P056,4,28.94
OI06353,O01707,P058,3,114.8
OI06354,O01707,P032,3,364.88
OI06355,O01707,P050,2,182.2
OI06356,O03191,P007,1,345.2
OI06357,O03191,P038,3,133.77
OI06358,O03821,P042,4,358.05
OI06359,O03821,P041,1,76.71
OI06360,O04103,P057,5,91.24
OI06361,O01298,P028,1,185.4
OI06362,O01298,P035,1,67.39
OI06363,O01348,P059,2,10.1
OI06364,O01348,P040,5,296.82
OI06365,O01828,P036,5,15.81
OI06366,O01828,P039,5,409.81
OI06367,O02333,P015,2,441.96
OI06368,O03261,P024,4,29.52
OI06369,O03261,P036,2,15.81
OI06370,O03261,P009,4,384.59
OI06371,O03261,P027,4,9.99
OI06372,O03299,P024,3,29.52
OI06373,O03299,P028,1,185.4
OI06374,O03299,P036,5,15.81
OI06375,O03299,P029,5,384.93
OI06376,O04174,P005,5,267.21
OI06377,O04174,P057,4,91.24
OI06378,O04174,P058,2,114.8
OI06379,O04174,P056,5,28.94
OI06380,O04388,P046,5,23.84
OI06381,O04388,P035,5,67.39
OI06382,O04807,P014,1,11.23
OI06383,O04807,P052,4,155.23
OI06384,O04807,P008,4,157.6
OI06385,O04807,P005,2,267.21
OI06386,O00856,P043,4,447.66
OI06387,O00856,P005,1,267.21
OI06388,O01294,P011,1,54.4
OI06389,O01294,P049,2,34.75
OI06390,O01851,P057,5,91.24
OI06391,O01851,P015,5,441.96
OI06392,O01851,P017,3,391.13
OI06393,O02127,P033,5,68.48
OI06394,O02127,P016,4,407.27
OI06395,O04771,P022,1,358.81
OI06396,O04771,P052,2,155.23
OI06397,O05308,P046,3,23.84
OI06398,O05308,P047,2,116.76
OI06399,O05308,P030,5,268.92
OI06400,O00377,P060,5,349.64
OI06401,O00377,P025,3,349.98
OI06402,O00534,P029,4,384.93
OI06403,O00534,P038,1,133.77
OI06404,O00534,P059,3,10.1
OI06405,O01582,P036,3,15.81
OI06406,O01582,P050,4,182.2
OI06407,O02100,P014,5,11.23
OI06408,O02100,P020,2,62.75
OI06409,O02757,P047,2,116.76
OI06410,O02757,P014,4,11.23
OI06411,O03484,P033,2,68.48
OI06412,O03484,P015,5,441.96
OI06413,O03484,P039,1,409.81
OI06414,O03671,P039,5,409.81
OI06415,O03746,P046,1,23.84
OI06416,O03746,P049,5,34.75
OI06417,O03746,P031,2,90.92
OI06418,O04665,P008,2,157.6
OI06419,O04665,P052,5,155.23
OI06420,O05626,P012,5,86.46
OI06421,O05626,P001,1,378.87
OI06422,O05626,P017,4,391.13
OI06423,O00082,P048,2,146.16
OI06424,O00082,P004,5,27.73
OI06425,O00082,P014,2,11.23
OI06426,O00307,P039,3,409.81
OI06427,O00307,P056,1,28.94
OI06428,O00307,P024,5,29.52
OI06429,O02357,P037,1,193.81
OI06430,O02801,P047,2,116.76
OI06431,O02801,P050,2,182.2
OI06432,O02801,P020,4,62.75
OI06433,O04160,P020,1,62.75
OI06434,O04160,P023,5,416.72
OI06435,O01190,P016,3,407.27
OI06436,O02368,P016,4,407.27
OI06437,O02368,P055,2,29.47
OI06438,O02601,P013,4,417.94
OI06439,O02601,P038,1,133.77
OI06440,O02601,P051,2,389.34
OI06441,O02632,P016,4,407.27
OI06442,O02658,P024,4,29.52
OI06443,O02658,P028,4,185.4
OI06444,O02658,P022,3,358.81
OI06445,O04124,P029,5,384.93
OI06446,O05015,P030,2,268.92
OI06447,O05015,P005,3,267.21
OI06448,O05015,P037,5,193.81
OI06449,O05015,P047,4,116.76
OI06450,O05596,P041,1,76.71
OI06451,O05596,P023,3,416.72
OI06452,O00215,P028,4,185.4
OI06453,O01547,P010,2,383.82
OI06454,O01877,P039,2,409.81
OI06455,O02419,P049,5,34.75
OI06456,O02419,P005,1,267.21
OI06457,O02419,P006,4,380.87
OI06458,O02419,P022,5,358.81
OI06459,O02938,P014,1,11.23
OI06460,O02938,P045,2,296.59
OI06461,O02938,P056,1,28.94
OI06462,O04152,P027,4,9.99
OI06463,O04152,P039,4,409.81
OI06464,O04152,P040,1,296.82
OI06465,O05895,P044,3,356.11
OI06466,O01221,P001,4,378.87
OI06467,O01221,P053,2,123.07
OI06468,O01221,P019,2,135.4
OI06469,O02314,P006,4,380.87
OI06470,O02314,P014,2,11.23
OI06471,O02314,P012,5,86.46
OI06472,O02999,P010,3,383.82
OI06473,O02999,P034,2,271.08
OI06474,O02999,P024,4,29.52
OI06475,O03201,P016,2,407.27
OI06476,O03201,P033,4,68.48
OI06477,O04400,P013,3,417.94
OI06478,O04400,P055,1,29.47
OI06479,O04400,P060,1,349.64
OI06480,O04453,P008,3,157.6
OI06481,O04453,P033,1,68.48
OI06482,O04453,P058,1,114.8
OI06483,O04472,P048,4,146.16
OI06484,O04472,P016,1,407.27
OI06485,O04472,P001,3,378.87
OI06486,O04935,P053,1,123.07
OI06487,O04935,P005,5,267.21
OI06488,O04935,P020,2,62.75
OI06489,O04999,P041,5,76.71
OI06490,O04999,P055,3,29.47
OI06491,O04999,P024,1,29.52
OI06492,O04999,P013,4,417.94
OI06493,O05651,P009,1,384.59
OI06494,O05651,P021,5,443.61
OI06495,O05651,P032,2,364.88
OI06496,O05651,P001,5,378.87
OI06497,O00597,P023,4,416.72
OI06498,O00597,P025,4,349.98
OI06499,O02960,P029,2,384.93
OI06500,O02960,P014,1,11.23
OI06501,O02960,P016,5,407.27
OI06502,O02960,P002,2,181.52
OI06503,O02988,P021,2,443.61
OI06504,O02988,P030,1,268.92
OI06505,O02988,P007,2,345.2
OI06506,O03046,P004,1,27.73
OI06507,O03046,P035,3,67.39
OI06508,O05444,P049,5,34.75
OI06509,O05732,P006,4,380.87
OI06510,O05764,P040,5,296.82
OI06511,O05995,P012,2,86.46
OI06512,O05995,P001,1,378.87
OI06513,O01873,P059,2,10.1
OI06514,O01873,P038,1,133.77
OI06515,O01873,P028,2,185.4
OI06516,O02596,P045,3,296.59
OI06517,O02596,P021,4,443.61
OI06518,O02596,P056,2,28.94
OI06519,O02596,P020,3,62.75
OI06520,O02967,P055,3,29.47
OI06521,O02967,P024,5,29.52
OI06522,O02967,P033,4,68.48
OI06523,O04106,P044,1,356.11
OI06524,O04106,P010,5,383.82
OI06525,O05016,P023,1,416.72
OI06526,O05115,P011,4,54.4
OI06527,O05115,P055,4,29.47
OI06528,O01753,P045,3,296.59
OI06529,O01753,P021,5,443.61
OI06530,O01753,P037,1,193.81
OI06531,O02609,P011,3,54.4
OI06532,O02609,P037,1,193.81
OI06533,O02609,P006,4,380.87
OI06534,O02619,P032,4,364.88
OI06535,O02619,P042,2,358.05
OI06536,O03774,P002,5,181.52
OI06537,O04431,P019,5,135.4
OI06538,O05248,P050,5,182.2
OI06539,O05248,P011,1,54.4
OI06540,O05248,P038,5,133.77
OI06541,O05756,P056,1,28.94
OI06542,O05756,P022,5,358.81
OI06543,O05756,P042,5,358.05
OI06544,O05858,P054,3,310.0
OI06545,O00693,P056,4,28.94
OI06546,O00693,P047,5,116.76
OI06547,O00988,P038,1,133.77
OI06548,O02029,P015,1,441.96
OI06549,O02155,P059,5,10.1
OI06550,O03130,P059,4,10.1
OI06551,O03701,P050,4,182.2
OI06552,O03701,P056,4,28.94
OI06553,O03701,P051,3,389.34
OI06554,O04430,P044,5,356.11
OI06555,O04430,P030,4,268.92
OI06556,O00087,P018,2,252.47
OI06557,O00346,P053,4,123.07
OI06558,O00346,P024,4,29.52
OI06559,O00770,P059,4,10.1
OI06560,O00770,P001,5,378.87
OI06561,O00770,P018,1,252.47
OI06562,O01825,P042,3,358.05
OI06563,O01825,P009,1,384.59
OI06564,O02373,P011,1,54.4
OI06565,O02892,P037,1,193.81
OI06566,O02892,P055,3,29.47
OI06567,O03021,P026,1,29.64
OI06568,O03021,P011,1,54.4
OI06569,O03021,P051,3,389.34
OI06570,O03151,P019,3,135.4
OI06571,O03151,P046,1,23.84
OI06572,O03151,P005,3,267.21
OI06573,O03535,P038,3,133.77
OI06574,O04118,P005,1,267.21
OI06575,O04118,P042,3,358.05
OI06576,O04118,P032,2,364.88
OI06577,O04365,P045,1,296.59
OI06578,O04365,P029,1,384.93
OI06579,O04365,P027,2,9.99
OI06580,O05141,P041,4,76.71
OI06581,O05141,P016,5,407.27
OI06582,O05141,P044,4,356.11
OI06583,O05682,P011,3,54.4
OI06584,O05682,P052,5,155.23
OI06585,O00794,P032,5,364.88
OI06586,O00794,P005,3,267.21
OI06587,O00794,P058,1,114.8
OI06588,O01756,P017,1,391.13
OI06589,O01756,P030,2,268.92
OI06590,O01756,P044,1,356.11
OI06591,O01852,P021,5,443.61
OI06592,O03173,P052,5,155.23
OI06593,O03173,P037,1,193.81
OI06594,O03173,P060,1,349.64
OI06595,O03173,P059,4,10.1
OI06596,O03246,P019,1,135.4
OI06597,O03246,P030,2,268.92
OI06598,O03246,P015,1,441.96
OI06599,O03246,P029,2,384.93
OI06600,O01035,P056,4,28.94
OI06601,O01035,P048,1,146.16
OI06602,O01035,P032,3,364.88
OI06603,O02640,P041,3,76.71
OI06604,O02640,P055,2,29.47
OI06605,O03016,P057,3,91.24
OI06606,O03016,P042,5,358.05
OI06607,O05418,P032,3,364.88
OI06608,O05418,P037,3,193.81
OI06609,O05418,P045,2,296.59
OI06610,O05418,P012,3,86.46
OI06611,O00162,P013,2,417.94
OI06612,O00264,P045,3,296.59
OI06613,O00542,P035,2,67.39
OI06614,O00552,P004,4,27.73
OI06615,O00552,P049,2,34.75
OI06616,O00751,P028,2,185.4
OI06617,O00751,P001,3,378.87
OI06618,O00751,P021,1,443.61
OI06619,O00751,P026,3,29.64
OI06620,O00999,P055,1,29.47
OI06621,O00999,P003,5,215.44
OI06622,O00999,P040,4,296.82
OI06623,O01601,P060,1,349.64
OI06624,O01601,P041,2,76.71
OI06625,O02237,P036,2,15.81
OI06626,O02237,P030,5,268.92
OI06627,O02237,P020,2,62.75
OI06628,O03382,P022,5,358.81
OI06629,O03382,P036,5,15.81
OI06630,O03495,P049,5,34.75
OI06631,O03495,P016,2,407.27
OI06632,O03568,P022,1,358.81
OI06633,O03568,P057,5,91.24
OI06634,O03568,P017,5,391.13
OI06635,O04209,P012,4,86.46
OI06636,O04209,P001,1,378.87
OI06637,O04209,P046,4,23.84
OI06638,O04373,P006,4,380.87
OI06639,O04373,P013,3,417.94
OI06640,O04486,P010,5,383.82
OI06641,O04486,P012,3,86.46
OI06642,O04486,P028,5,185.4
OI06643,O04486,P046,3,23.84
OI06644,O05384,P033,2,68.48
OI06645,O05384,P018,5,252.47
OI06646,O05384,P044,4,356.11
OI06647,O05459,P037,4,193.81
OI06648,O05459,P048,1,146.16
OI06649,O05553,P030,5,268.92
OI06650,O01311,P010,2,383.82
OI06651,O01311,P028,4,185.4
OI06652,O02697,P044,3,356.11
OI06653,O02697,P049,3,34.75
OI06654,O02697,P035,4,67.39
OI06655,O02697,P003,2,215.44
OI06656,O05819,P024,5,29.52
OI06657,O05819,P036,3,15.81
OI06658,O00477,P052,3,155.23
OI06659,O03529,P059,3,10.1
OI06660,O03529,P006,5,380.87
OI06661,O03529,P040,2,296.82
OI06662,O03529,P022,4,358.81
OI06663,O04140,P001,1,378.87
OI06664,O04797,P057,4,91.24
OI06665,O04797,P023,3,416.72
OI06666,O04797,P053,3,123.07
OI06667,O04829,P030,4,268.92
OI06668,O04829,P058,5,114.8
OI06669,O05637,P009,4,384.59
OI06670,O05637,P013,4,417.94
OI06671,O05986,P058,3,114.8
OI06672,O05986,P048,4,146.16
OI06673,O05986,P056,5,28.94
OI06674,O05986,P002,3,181.52
OI06675,O00039,P038,2,133.77
OI06676,O00039,P059,5,10.1
OI06677,O00140,P032,3,364.88
OI06678,O00879,P008,1,157.6
OI06679,O00879,P018,5,252.47
OI06680,O00879,P045,1,296.59
OI06681,O00879,P043,2,447.66
OI06682,O01928,P012,3,86.46
OI06683,O01928,P015,5,441.96
OI06684,O03094,P034,4,271.08
OI06685,O03094,P002,3,181.52
OI06686,O03188,P033,1,68.48
OI06687,O03188,P030,4,268.92
OI06688,O03188,P014,1,11.23
OI06689,O03753,P041,1,76.71
OI06690,O04374,P013,1,417.94
OI06691,O04374,P023,1,416.72
OI06692,O04789,P017,2,391.13
OI06693,O04789,P054,3,310.0
OI06694,O05620,P052,5,155.23
OI06695,O05620,P012,5,86.46
OI06696,O05620,P031,1,90.92
OI06697,O05620,P032,4,364.88
OI06698,O00316,P056,5,28.94
OI06699,O00316,P034,2,271.08
OI06700,O00316,P047,4,116.76
OI06701,O00656,P015,3,441.96
OI06702,O00656,P047,2,116.76
OI06703,O00656,P031,5,90.92
OI06704,O00656,P002,4,181.52
OI06705,O01390,P040,1,296.82
OI06706,O01390,P046,3,23.84
OI06707,O01683,P056,1,28.94
OI06708,O03521,P019,5,135.4
OI06709,O03521,P001,1,378.87
OI06710,O03521,P018,3,252.47
OI06711,O03521,P044,1,356.11
OI06712,O04796,P056,2,28.94
OI06713,O05109,P051,4,389.34
OI06714,O05109,P059,3,10.1
OI06715,O05109,P032,2,364.88
OI06716,O00717,P030,2,268.92
OI06717,O01210,P028,5,185.4
OI06718,O01210,P010,4,383.82
OI06719,O01210,P026,4,29.64
OI06720,O01556,P035,3,67.39
OI06721,O01556,P026,2,29.64
OI06722,O01556,P022,2,358.81
OI06723,O01610,P054,5,310.0
OI06724,O01732,P001,5,378.87
OI06725,O01732,P048,2,146.16
OI06726,O02038,P020,5,62.75
OI06727,O02038,P024,3,29.52
OI06728,O02220,P060,3,349.64
OI06729,O02220,P035,1,67.39
OI06730,O02220,P019,2,135.4
OI06731,O02581,P003,2,215.44
OI06732,O02673,P004,3,27.73
OI06733,O02673,P017,4,391.13
OI06734,O02673,P001,4,378.87
OI06735,O02731,P023,4,416.72
OI06736,O02731,P015,5,441.96
OI06737,O02731,P025,5,349.98
OI06738,O04186,P041,3,76.71
OI06739,O04186,P058,4,114.8
OI06740,O04186,P047,5,116.76
OI06741,O05274,P052,2,155.23
OI06742,O05369,P054,5,310.0
OI06743,O05369,P052,4,155.23
OI06744,O05369,P051,2,389.34
OI06745,O05500,P052,5,155.23
OI06746,O05500,P047,1,116.76
OI06747,O05500,P028,5,185.4
OI06748,O05500,P053,3,123.07
OI06749,O00114,P058,4,114.8
OI06750,O00114,P031,2,90.92
OI06751,O01258,P040,2,296.82
OI06752,O01258,P008,1,157.6
OI06753,O01258,P044,1,356.11
OI06754,O01280,P023,1,416.72
OI06755,O01716,P026,3,29.64
OI06756,O02138,P019,3,135.4
OI06757,O02138,P049,2,34.75
OI06758,O02404,P038,2,133.77
OI06759,O02404,P009,5,384.59
OI06760,O02404,P042,2,358.05
OI06761,O02725,P043,2,447.66
OI06762,O02804,P056,3,28.94
OI06763,O02804,P041,2,76.71
OI06764,O03421,P045,1,296.59
OI06765,O03421,P004,3,27.73
OI06766,O03421,P024,1,29.52
OI06767,O03631,P040,3,296.82
OI06768,O03890,P054,1,310.0
OI06769,O03890,P046,4,23.84
OI06770,O03890,P023,2,416.72
OI06771,O03901,P049,3,34.75
OI06772,O03901,P047,1,116.76
OI06773,O03901,P030,3,268.92
OI06774,O03901,P011,1,54.4
OI06775,O04403,P015,4,441.96
OI06776,O04403,P037,3,193.81
OI06777,O04727,P016,3,407.27
OI06778,O04727,P044,1,356.11
OI06779,O04727,P048,3,146.16
OI06780,O04727,P025,4,349.98
OI06781,O04766,P008,1,157.6
OI06782,O04766,P057,2,91.24
OI06783,O04766,P055,3,29.47
OI06784,O05228,P055,2,29.47
OI06785,O05228,P001,2,378.87
OI06786,O05317,P020,4,62.75
OI06787,O00040,P055,2,29.47
OI06788,O00040,P058,1,114.8
OI06789,O00483,P026,4,29.64
OI06790,O00483,P052,2,155.23
OI06791,O00799,P049,3,34.75
OI06792,O00799,P043,2,447.66
OI06793,O00799,P042,3,358.05
OI06794,O00874,P056,2,28.94
OI06795,O00874,P039,3,409.81
OI06796,O00874,P060,1,349.64
OI06797,O02329,P015,5,441.96
OI06798,O02521,P014,4,11.23
OI06799,O02521,P034,4,271.08
OI06800,O02669,P038,1,133.77
OI06801,O02669,P035,4,67.39
OI06802,O02823,P057,2,91.24
OI06803,O02823,P016,4,407.27
OI06804,O02823,P001,4,378.87
OI06805,O03553,P045,2,296.59
OI06806,O03553,P019,5,135.4
OI06807,O04007,P026,2,29.64
OI06808,O04007,P058,3,114.8
OI06809,O05168,P052,3,155.23
OI06810,O05168,P053,3,123.07
OI06811,O05168,P037,3,193.81
OI06812,O05240,P047,4,116.76
OI06813,O05240,P023,2,416.72
OI06814,O00312,P006,3,380.87
OI06815,O00312,P022,4,279.87
OI06816,O01587,P021,1,346.02
OI06817,O01587,P053,2,123.07
OI06818,O03439,P014,1,11.23
OI06819,O04127,P033,2,68.48
OI06820,O04127,P043,5,447.66
OI06821,O04127,P035,3,67.39
OI06822,O04550,P052,4,155.23
OI06823,O04550,P050,4,182.2
OI06824,O04550,P040,5,296.82
OI06825,O05135,P008,4,157.6
OI06826,O05135,P014,5,11.23
OI06827,O05660,P050,3,182.2
OI06828,O05660,P058,4,114.8
OI06829,O05660,P051,4,389.34
OI06830,O00993,P050,5,182.2
OI06831,O00993,P009,2,384.59
OI06832,O00993,P013,5,417.94
OI06833,O00993,P021,1,346.02
OI06834,O01529,P028,5,185.4
OI06835,O01529,P005,1,267.21
OI06836,O01529,P036,5,15.81
OI06837,O01975,P029,5,384.93
OI06838,O01975,P050,3,182.2
OI06839,O01975,P039,4,409.81
OI06840,O01975,P045,3,296.59
OI06841,O02803,P010,5,383.82
OI06842,O02803,P008,1,157.6
OI06843,O02803,P031,3,90.92
OI06844,O03978,P034,5,271.08
OI06845,O03978,P056,3,28.94
OI06846,O04038,P027,1,9.99
OI06847,O04038,P038,3,133.77
OI06848,O04038,P025,4,349.98
OI06849,O04425,P013,4,417.94
OI06850,O04678,P014,5,11.23
OI06851,O04678,P031,3,90.92
OI06852,O04678,P038,2,133.77
OI06853,O05839,P030,1,268.92
OI06854,O05839,P056,5,28.94
OI06855,O05839,P023,2,325.04
OI06856,O05839,P016,5,407.27
OI06857,O00709,P021,2,346.02
OI06858,O01580,P044,3,356.11
OI06859,O01580,P040,3,296.82
OI06860,O01738,P017,5,305.08
OI06861,O02035,P037,5,193.81
OI06862,O02035,P027,4,9.99
OI06863,O02035,P031,2,90.92
OI06864,O02603,P060,4,349.64
OI06865,O03674,P015,1,441.96
OI06866,O03674,P032,5,364.88
OI06867,O04110,P052,4,155.23
OI06868,O04110,P021,4,346.02
OI06869,O04110,P013,1,417.94
OI06870,O04110,P060,5,349.64
OI06871,O04745,P030,1,268.92
OI06872,O04907,P039,4,409.81
OI06873,O04907,P006,1,380.87
OI06874,O04907,P014,3,11.23
OI06875,O04907,P052,5,155.23
OI06876,O05282,P032,2,364.88
OI06877,O05282,P011,3,54.4
OI06878,O05282,P010,1,383.82
OI06879,O05336,P031,5,90.92
OI06880,O05336,P045,1,296.59
OI06881,O00897,P034,3,271.08
OI06882,O00897,P026,5,29.64
OI06883,O04638,P017,5,305.08
OI06884,O05538,P043,1,447.66
OI06885,O05633,P043,3,447.66
OI06886,O05902,P032,3,364.88
OI06887,O05902,P055,5,29.47
OI06888,O05939,P007,4,345.2
OI06889,O05939,P024,4,23.03
OI06890,O05939,P016,4,407.27
OI06891,O00846,P002,5,181.52
OI06892,O00846,P023,3,325.04
OI06893,O00846,P058,5,114.8
OI06894,O05703,P028,4,185.4
OI06895,O01153,P050,3,182.2
OI06896,O01153,P055,4,29.47
OI06897,O01153,P013,5,417.94
OI06898,O01153,P015,1,441.96
OI06899,O01997,P038,2,133.77
OI06900,O01997,P056,1,28.94
OI06901,O01997,P042,3,358.05
OI06902,O01997,P033,5,68.48
OI06903,O02889,P043,4,447.66
OI06904,O02889,P025,5,349.98
OI06905,O02889,P019,5,105.61
OI06906,O03785,P051,3,389.34
OI06907,O05676,P027,5,9.99
OI06908,O05821,P038,1,133.77
OI06909,O00501,P025,1,349.98
OI06910,O00501,P031,2,90.92
OI06911,O00501,P054,5,310.0
OI06912,O00758,P006,3,380.87
OI06913,O02120,P014,4,11.23
OI06914,O02120,P034,2,271.08
OI06915,O02120,P056,3,28.94
OI06916,O02120,P060,4,349.64
OI06917,O03796,P047,3,116.76
OI06918,O03796,P060,4,349.64
OI06919,O03796,P056,1,28.94
OI06920,O04563,P056,3,28.94
OI06921,O04563,P033,3,68.48
OI06922,O05057,P021,5,346.02
OI06923,O00745,P007,1,345.2
OI06924,O00745,P025,3,349.98
OI06925,O00745,P005,3,267.21
OI06926,O01333,P050,5,182.2
OI06927,O01425,P008,5,157.6
OI06928,O01425,P009,5,384.59
OI06929,O02216,P046,3,23.84
OI06930,O02216,P053,1,123.07
OI06931,O02216,P021,4,346.02
OI06932,O04255,P043,2,447.66
OI06933,O04286,P005,5,267.21
OI06934,O05252,P044,5,356.11
OI06935,O05252,P040,4,296.82
OI06936,O05540,P019,2,105.61
OI06937,O00609,P030,1,268.92
OI06938,O00609,P020,1,48.95
OI06939,O00609,P015,4,441.96
OI06940,O01092,P007,2,345.2
OI06941,O01092,P048,2,146.16
OI06942,O01092,P041,3,76.71
OI06943,O01953,P005,2,267.21
OI06944,O01953,P050,4,182.2
OI06945,O02582,P044,3,356.11
OI06946,O02582,P017,4,305.08
OI06947,O02922,P007,2,345.2
OI06948,O02922,P023,3,325.04
OI06949,O03072,P003,2,215.44
OI06950,O03091,P042,4,358.05
OI06951,O04003,P055,1,29.47
OI06952,O04003,P041,4,76.71
OI06953,O04179,P021,1,346.02
OI06954,O04879,P028,5,185.4
OI06955,O04879,P006,2,380.87
OI06956,O04879,P008,1,157.6
OI06957,O00359,P059,2,10.1
OI06958,O00359,P017,3,305.08
OI06959,O00359,P014,4,11.23
OI06960,O00359,P025,3,349.98
OI06961,O01679,P051,1,389.34
OI06962,O01679,P002,1,181.52
OI06963,O02660,P009,4,384.59
OI06964,O02660,P050,5,182.2
OI06965,O03233,P059,4,10.1
OI06966,O05024,P023,1,325.04
OI06967,O05213,P020,5,48.95
OI06968,O05213,P013,3,417.94
OI06969,O05213,P026,1,29.64
OI06970,O05551,P032,2,364.88
OI06971,O05795,P005,3,267.21
OI06972,O05795,P023,5,325.04
OI06973,O05795,P003,1,215.44
OI06974,O05795,P046,5,23.84
OI06975,O01211,P002,1,181.52
OI06976,O01211,P047,3,116.76
OI06977,O01211,P038,4,133.77
OI06978,O02424,P031,4,90.92
OI06979,O02424,P024,1,23.03
OI06980,O02424,P005,3,267.21
OI06981,O03729,P031,3,90.92
OI06982,O03729,P049,4,34.75
OI06983,O03729,P037,3,193.81
OI06984,O03729,P040,1,296.82
OI06985,O04775,P034,5,271.08
OI06986,O04775,P039,1,409.81
OI06987,O05659,P056,5,28.94
OI06988,O05659,P057,4,91.24
OI06989,O05659,P052,5,155.23
OI06990,O00237,P055,3,29.47
OI06991,O00237,P007,4,345.2
OI06992,O00503,P049,3,34.75
OI06993,O00503,P053,1,123.07
OI06994,O00503,P043,4,447.66
OI06995,O02630,P046,5,23.84
OI06996,O02630,P004,5,27.73
OI06997,O02630,P037,5,193.81
OI06998,O02742,P010,5,383.82
OI06999,O02742,P018,5,196.93
OI07000,O02742,P020,5,48.95
OI07001,O03210,P043,4,447.66
OI07002,O03210,P044,1,356.11
OI07003,O03210,P051,2,389.34
OI07004,O03210,P005,4,267.21
OI07005,O03556,P052,5,155.23
OI07006,O05040,P044,4,356.11
OI07007,O05040,P056,4,28.94
OI07008,O00639,P052,3,155.23
OI07009,O00639,P047,4,116.76
OI07010,O00639,P003,1,215.44
OI07011,O01481,P014,4,11.23
OI07012,O01481,P058,1,114.8
OI07013,O01481,P047,2,116.76
OI07014,O01481,P001,2,378.87
OI07015,O02879,P058,5,114.8
OI07016,O05834,P006,2,380.87
OI07017,O00076,P034,1,271.08
OI07018,O00076,P060,5,349.64
OI07019,O00076,P044,5,356.11
OI07020,O00468,P027,5,9.99
OI07021,O00632,P046,4,23.84
OI07022,O00632,P011,2,54.4
OI07023,O02188,P025,3,349.98
OI07024,O02188,P010,1,383.82
OI07025,O02188,P003,4,215.44
OI07026,O03928,P015,2,441.96
OI07027,O03928,P039,5,409.81
OI07028,O04262,P029,5,384.93
OI07029,O04783,P031,5,90.92
OI07030,O04783,P041,3,76.71
OI07031,O05706,P050,4,182.2
OI07032,O05706,P043,4,447.66
OI07033,O05797,P008,2,157.6
OI07034,O05797,P045,2,296.59
OI07035,O05978,P053,1,123.07
OI07036,O05978,P027,4,9.99
OI07037,O02204,P013,2,417.94
OI07038,O02204,P016,1,407.27
OI07039,O02204,P035,1,67.39
OI07040,O03651,P047,2,116.76
OI07041,O03651,P051,2,389.34
OI07042,O03651,P043,4,447.66
OI07043,O04178,P039,1,409.81
OI07044,O04178,P010,2,383.82
OI07045,O04178,P001,5,378.87
OI07046,O04785,P050,2,182.2
OI07047,O04785,P052,4,155.23
OI07048,O04887,P046,1,23.84
OI07049,O04887,P033,5,68.48
OI07050,O04887,P050,2,182.2
OI07051,O04887,P058,4,114.8
OI07052,O00545,P025,2,349.98
OI07053,O00545,P057,3,91.24
OI07054,O00943,P004,5,27.73
OI07055,O00943,P019,1,105.61
OI07056,O00943,P048,2,146.16
OI07057,O02086,P036,5,15.81
OI07058,O02086,P058,4,114.8
OI07059,O04495,P024,5,23.03
OI07060,O01310,P052,4,155.23
OI07061,O01310,P058,5,114.8
OI07062,O01310,P042,1,358.05
OI07063,O01463,P033,2,68.48
OI07064,O01463,P049,2,34.75
OI07065,O01571,P040,4,296.82
OI07066,O01571,P036,4,15.81
OI07067,O01919,P011,5,54.4
OI07068,O01919,P020,3,62.75
OI07069,O01919,P057,5,91.24
OI07070,O02978,P024,4,29.52
OI07071,O02978,P007,1,345.2
OI07072,O02978,P046,4,23.84
OI07073,O03922,P030,1,268.92
OI07074,O04800,P036,1,15.81
OI07075,O04800,P056,3,28.94
OI07076,O05560,P012,5,86.46
OI07077,O05560,P051,1,389.34
OI07078,O05560,P040,2,296.82
OI07079,O05580,P012,3,86.46
OI07080,O05580,P043,4,447.66
OI07081,O05610,P048,4,146.16
OI07082,O05610,P007,4,345.2
OI07083,O05610,P036,4,15.81
OI07084,O00898,P010,4,383.82
OI07085,O00898,P037,1,193.81
OI07086,O00898,P042,1,358.05
OI07087,O01203,P024,4,29.52
OI07088,O01203,P026,4,29.64
OI07089,O01339,P018,2,252.47
OI07090,O01339,P015,4,441.96
OI07091,O01339,P030,1,268.92
OI07092,O01339,P044,2,356.11
OI07093,O01504,P059,5,10.1
OI07094,O01504,P030,4,268.92
OI07095,O01544,P055,1,29.47
OI07096,O01544,P005,3,267.21
OI07097,O01544,P044,3,356.11
OI07098,O01857,P028,2,185.4
OI07099,O01857,P030,5,268.92
OI07100,O01857,P041,2,76.71
OI07101,O02965,P019,1,135.4
OI07102,O02965,P021,3,443.61
OI07103,O03864,P029,2,384.93
OI07104,O04614,P028,5,185.4
OI07105,O04614,P047,4,116.76
OI07106,O04614,P023,1,416.72
OI07107,O04860,P052,4,155.23
OI07108,O04860,P043,5,447.66
OI07109,O04860,P021,5,443.61
OI07110,O05743,P028,4,185.4
OI07111,O05743,P043,1,447.66
OI07112,O05743,P048,5,146.16
OI07113,O05743,P004,1,27.73
OI07114,O00954,P035,2,67.39
OI07115,O00954,P001,3,378.87
OI07116,O00954,P039,4,409.81
OI07117,O01681,P058,3,114.8
OI07118,O02559,P052,2,155.23
OI07119,O02559,P025,4,349.98
OI07120,O02559,P046,5,23.84
OI07121,O04250,P060,5,349.64
OI07122,O04250,P002,2,181.52
OI07123,O04250,P022,5,358.81
OI07124,O04250,P017,4,391.13
OI07125,O04445,P001,1,378.87
OI07126,O04445,P043,1,447.66
OI07127,O04445,P046,5,23.84
OI07128,O04445,P052,2,155.23
OI07129,O05088,P040,3,296.82
OI07130,O05465,P013,5,417.94
OI07131,O05465,P001,5,378.87
OI07132,O05465,P014,1,11.23
OI07133,O00663,P012,3,86.46
OI07134,O00786,P028,5,185.4
OI07135,O00786,P003,2,215.44
OI07136,O00786,P052,2,155.23
OI07137,O00786,P043,4,447.66
OI07138,O01543,P056,2,28.94
OI07139,O01543,P039,5,409.81
OI07140,O02696,P018,5,252.47
OI07141,O03816,P029,1,384.93
OI07142,O03816,P014,5,11.23
OI07143,O03816,P023,2,416.72
OI07144,O03915,P016,5,407.27
OI07145,O03915,P054,1,310.0
OI07146,O04998,P016,2,407.27
OI07147,O04998,P028,4,185.4
OI07148,O05741,P027,2,9.99
OI07149,O00116,P019,3,135.4
OI07150,O00116,P015,2,441.96
OI07151,O01553,P043,3,447.66
OI07152,O01553,P032,3,364.88
OI07153,O01553,P022,4,358.81
OI07154,O01656,P047,2,116.76
OI07155,O01725,P050,3,182.2
OI07156,O01725,P024,4,29.52
OI07157,O02055,P043,4,447.66
OI07158,O02055,P059,5,10.1
OI07159,O02055,P023,4,416.72
OI07160,O02389,P051,1,389.34
OI07161,O02389,P028,3,185.4
OI07162,O02389,P031,5,90.92
OI07163,O03142,P051,5,389.34
OI07164,O03142,P040,4,296.82
OI07165,O03724,P011,3,54.4
OI07166,O03724,P018,5,252.47
OI07167,O04088,P015,1,441.96
OI07168,O04088,P048,3,146.16
OI07169,O04834,P011,2,54.4
OI07170,O05678,P049,2,34.75
OI07171,O05814,P047,1,116.76
OI07172,O05814,P055,3,29.47
OI07173,O05814,P054,5,310.0
OI07174,O05925,P002,3,181.52
OI07175,O05925,P058,1,114.8
OI07176,O00643,P017,3,391.13
OI07177,O00643,P001,4,378.87
OI07178,O00643,P058,2,114.8
OI07179,O00643,P053,1,123.07
OI07180,O00660,P060,4,349.64
OI07181,O01741,P035,2,67.39
OI07182,O01783,P004,3,27.73
OI07183,O01783,P056,3,28.94
OI07184,O03070,P036,5,15.81
OI07185,O03070,P002,5,181.52
OI07186,O04002,P001,5,378.87
OI07187,O04002,P013,1,417.94
OI07188,O04002,P059,1,10.1
OI07189,O04157,P060,3,349.64
OI07190,O04157,P007,5,345.2
OI07191,O04669,P045,3,296.59
OI07192,O05392,P014,1,11.23
OI07193,O05392,P026,5,29.64
OI07194,O05643,P001,5,378.87
OI07195,O01890,P024,2,29.52
OI07196,O02280,P028,3,185.4
OI07197,O02280,P024,1,29.52
OI07198,O04023,P024,5,29.52
OI07199,O04023,P038,4,133.77
OI07200,O04370,P003,5,215.44
OI07201,O05487,P044,4,356.11
OI07202,O05487,P049,5,34.75
OI07203,O05628,P010,1,383.82
OI07204,O05628,P037,5,193.81
OI07205,O05734,P016,5,407.27
OI07206,O05734,P055,2,29.47
OI07207,O05805,P055,1,29.47
OI07208,O05805,P014,1,11.23
OI07209,O05805,P052,3,155.23
OI07210,O00927,P047,4,116.76
OI07211,O00927,P043,2,447.66
OI07212,O00927,P051,4,389.34
OI07213,O01162,P012,3,86.46
OI07214,O02081,P033,3,68.48
OI07215,O02081,P054,5,310.0
OI07216,O02081,P042,3,358.05
OI07217,O02149,P051,3,389.34
OI07218,O02149,P023,5,416.72
OI07219,O02149,P020,3,62.75
OI07220,O02149,P048,4,146.16
OI07221,O02305,P008,1,157.6
OI07222,O02305,P050,4,182.2
OI07223,O02305,P032,4,364.88
OI07224,O02400,P021,5,443.61
OI07225,O03279,P007,2,345.2
OI07226,O03290,P007,4,345.2
OI07227,O03336,P056,2,28.94
OI07228,O03336,P054,4,310.0
OI07229,O03336,P050,1,182.2
OI07230,O03437,P052,5,155.23
OI07231,O03437,P046,5,23.84
OI07232,O04336,P009,2,384.59
OI07233,O04336,P019,4,135.4
OI07234,O04336,P052,2,155.23
OI07235,O04336,P026,3,29.64
OI07236,O00198,P030,3,268.92
OI07237,O00198,P027,1,9.99
OI07238,O00234,P024,3,29.52
OI07239,O00234,P053,3,123.07
OI07240,O00234,P060,5,349.64
OI07241,O01400,P047,3,116.76
OI07242,O01400,P028,5,185.4
OI07243,O02158,P027,2,9.99
OI07244,O02158,P032,1,364.88
OI07245,O02158,P015,5,441.96
OI07246,O02413,P044,4,356.11
OI07247,O02413,P005,5,267.21
OI07248,O02924,P034,3,271.08
OI07249,O02924,P036,3,15.81
OI07250,O02924,P022,2,358.81
OI07251,O03291,P033,4,68.48
OI07252,O03291,P018,4,252.47
OI07253,O03322,P049,2,34.75
OI07254,O03322,P011,4,54.4
OI07255,O03330,P030,2,268.92
OI07256,O03330,P020,2,62.75
OI07257,O03765,P028,4,185.4
OI07258,O03765,P023,3,416.72
OI07259,O04335,P024,2,29.52
OI07260,O04335,P052,2,155.23
OI07261,O04335,P032,3,364.88
OI07262,O05945,P033,2,68.48
OI07263,O05945,P017,1,391.13
OI07264,O05945,P007,2,345.2
OI07265,O00585,P036,4,15.81
OI07266,O00585,P039,5,409.81
OI07267,O00585,P021,1,443.61
OI07268,O00819,P008,2,157.6
OI07269,O00819,P015,5,441.96
OI07270,O00819,P043,5,447.66
OI07271,O01747,P016,4,407.27
OI07272,O01747,P049,1,34.75
OI07273,O01747,P040,5,296.82
OI07274,O04051,P041,2,76.71
OI07275,O04051,P053,4,123.07
OI07276,O04083,P033,1,68.48
OI07277,O04083,P004,4,27.73
OI07278,O04083,P023,1,416.72
OI07279,O04312,P015,5,441.96
OI07280,O04929,P006,1,380.87
OI07281,O04987,P015,4,441.96
OI07282,O04987,P010,4,383.82
OI07283,O05030,P008,5,157.6
OI07284,O05030,P032,4,364.88
OI07285,O05030,P055,4,29.47
OI07286,O05350,P042,3,358.05
OI07287,O05350,P021,5,443.61
OI07288,O05350,P022,2,358.81
OI07289,O05901,P028,1,185.4
OI07290,O05901,P042,1,358.05
OI07291,O05901,P020,4,62.75
OI07292,O01215,P025,2,349.98
OI07293,O01215,P046,4,23.84
OI07294,O01215,P022,5,358.81
OI07295,O02075,P055,3,29.47
OI07296,O02075,P013,4,417.94
OI07297,O02075,P035,3,67.39
OI07298,O03326,P023,4,416.72
OI07299,O03326,P008,3,157.6
OI07300,O03326,P050,3,182.2
OI07301,O04937,P026,1,29.64
OI07302,O05145,P046,3,23.84
OI07303,O05145,P017,4,391.13
OI07304,O05145,P040,2,296.82
OI07305,O05803,P013,1,417.94
OI07306,O00311,P047,4,116.76
OI07307,O01088,P059,5,10.1
OI07308,O01088,P054,2,310.0
OI07309,O01088,P044,3,356.11
OI07310,O01541,P044,5,356.11
OI07311,O01541,P058,2,114.8
OI07312,O01748,P016,1,407.27
OI07313,O01748,P023,1,416.72
OI07314,O01748,P060,2,349.64
OI07315,O01778,P009,5,384.59
OI07316,O01778,P032,5,364.88
OI07317,O01778,P002,2,181.52
OI07318,O02050,P035,3,67.39
OI07319,O02050,P050,3,182.2
OI07320,O04565,P004,2,27.73
OI07321,O04697,P031,2,90.92
OI07322,O04697,P039,4,409.81
OI07323,O04697,P032,5,364.88
OI07324,O04856,P006,1,380.87
OI07325,O04856,P034,5,271.08
OI07326,O04856,P038,5,133.77
OI07327,O04856,P011,1,54.4
OI07328,O00391,P013,3,417.94
OI07329,O00391,P014,4,11.23
OI07330,O00391,P053,4,123.07
OI07331,O00869,P044,1,356.11
OI07332,O00869,P024,3,29.52
OI07333,O00945,P036,4,15.81
OI07334,O00945,P019,5,135.4
OI07335,O00945,P030,1,268.92
OI07336,O01260,P009,2,384.59
OI07337,O01260,P010,1,383.82
OI07338,O01260,P017,5,391.13
OI07339,O01684,P017,3,391.13
OI07340,O02074,P028,5,185.4
OI07341,O03359,P024,3,29.52
OI07342,O03747,P006,4,380.87
OI07343,O04417,P036,1,15.81
OI07344,O04417,P045,3,296.59
OI07345,O04590,P022,1,358.81
OI07346,O00911,P034,5,271.08
OI07347,O01494,P059,3,10.1
OI07348,O01494,P060,2,349.64
OI07349,O01669,P024,4,29.52
OI07350,O01669,P051,5,389.34
OI07351,O02491,P011,1,54.4
OI07352,O02491,P036,3,15.81
OI07353,O02491,P038,5,133.77
OI07354,O00049,P051,2,389.34
OI07355,O00049,P029,5,384.93
OI07356,O00049,P018,2,252.47
OI07357,O01408,P003,4,215.44
OI07358,O01408,P038,2,133.77
OI07359,O01811,P045,5,296.59
OI07360,O01811,P057,4,91.24
OI07361,O01879,P033,3,68.48
OI07362,O01879,P026,3,29.64
OI07363,O01879,P006,2,380.87
OI07364,O01879,P031,4,90.92
OI07365,O02343,P049,3,34.75
OI07366,O02542,P023,4,416.72
OI07367,O02542,P046,2,23.84
OI07368,O02542,P038,5,133.77
OI07369,O03392,P054,5,310.0
OI07370,O03392,P020,4,62.75
OI07371,O03392,P057,1,91.24
OI07372,O04080,P032,1,364.88
OI07373,O04080,P023,2,416.72
OI07374,O04392,P034,4,271.08
OI07375,O04843,P034,1,271.08
OI07376,O04843,P002,4,181.52
OI07377,O04843,P024,2,29.52
OI07378,O05171,P049,2,34.75
OI07379,O00684,P057,5,91.24
OI07380,O01114,P051,3,389.34
OI07381,O01365,P010,1,383.82
OI07382,O01365,P043,5,447.66
OI07383,O01950,P048,5,146.16
OI07384,O01950,P043,4,447.66
OI07385,O01950,P046,3,23.84
OI07386,O02501,P053,4,123.07
OI07387,O02501,P038,3,133.77
OI07388,O02501,P023,5,416.72
OI07389,O02501,P046,4,23.84
OI07390,O03469,P058,5,114.8
OI07391,O03469,P053,4,123.07
OI07392,O03469,P039,3,409.81
OI07393,O03469,P002,2,181.52
OI07394,O03500,P016,3,407.27
OI07395,O03500,P004,1,27.73
OI07396,O03500,P053,5,123.07
OI07397,O03506,P036,1,15.81
OI07398,O03506,P037,3,193.81
OI07399,O04240,P048,1,146.16
OI07400,O04240,P050,5,182.2
OI07401,O04845,P017,2,391.13
OI07402,O04845,P007,5,345.2
OI07403,O05446,P030,5,268.92
OI07404,O05446,P034,2,271.08
OI07405,O05948,P028,3,185.4
OI07406,O05948,P016,4,407.27
OI07407,O00297,P035,5,67.39
OI07408,O00297,P023,3,416.72
OI07409,O00297,P002,2,181.52
OI07410,O00397,P049,5,34.75
OI07411,O00397,P023,1,416.72
OI07412,O00397,P012,3,86.46
OI07413,O00687,P046,4,23.84
OI07414,O00687,P057,4,91.24
OI07415,O00687,P007,1,345.2
OI07416,O01372,P005,4,267.21
OI07417,O01372,P018,2,252.47
OI07418,O01628,P011,1,54.4
OI07419,O03599,P030,5,268.92
OI07420,O03599,P010,2,383.82
OI07421,O03599,P033,1,68.48
OI07422,O04001,P011,2,54.4
OI07423,O04359,P052,3,155.23
OI07424,O04359,P008,3,157.6
OI07425,O04369,P049,2,34.75
OI07426,O05216,P031,2,90.92
OI07427,O05216,P040,2,296.82
OI07428,O05216,P053,1,123.07
OI07429,O05216,P019,3,135.4
OI07430,O05448,P020,3,62.75
OI07431,O00319,P024,4,29.52
OI07432,O00319,P047,4,116.76
OI07433,O00319,P035,5,67.39
OI07434,O00499,P033,2,68.48
OI07435,O00809,P033,5,68.48
OI07436,O01256,P011,4,54.4
OI07437,O01256,P008,1,157.6
OI07438,O01453,P031,2,90.92
OI07439,O02031,P051,4,389.34
OI07440,O02031,P036,1,15.81
OI07441,O02031,P001,5,378.87
OI07442,O02302,P042,5,358.05
OI07443,O02302,P001,3,378.87
OI07444,O02706,P012,5,86.46
OI07445,O02706,P041,5,76.71
OI07446,O03292,P013,1,417.94
OI07447,O03292,P020,5,62.75
OI07448,O03481,P039,1,409.81
OI07449,O03743,P009,5,384.59
OI07450,O03743,P024,3,29.52
OI07451,O03743,P052,1,155.23
OI07452,O03743,P011,1,54.4
OI07453,O04130,P001,5,378.87
OI07454,O04130,P057,4,91.24
OI07455,O04473,P015,2,441.96
OI07456,O05074,P005,3,267.21
OI07457,O05074,P007,5,345.2
OI07458,O05074,P026,3,29.64
OI07459,O00079,P005,3,267.21
OI07460,O00079,P004,4,27.73
OI07461,O00079,P043,2,447.66
OI07462,O00285,P004,3,27.73
OI07463,O00285,P014,1,11.23
OI07464,O00858,P036,2,15.81
OI07465,O00858,P003,2,215.44
OI07466,O00858,P011,1,54.4
OI07467,O00867,P026,5,29.64
OI07468,O00867,P059,2,10.1
OI07469,O00867,P042,1,358.05
OI07470,O01323,P044,1,356.11
OI07471,O01323,P028,3,185.4
OI07472,O01323,P018,1,252.47
OI07473,O01323,P004,2,27.73
OI07474,O01567,P004,3,27.73
OI07475,O01567,P013,3,417.94
OI07476,O01567,P060,4,349.64
OI07477,O02080,P054,4,310.0
OI07478,O02334,P022,3,358.81
OI07479,O02334,P033,1,68.48
OI07480,O02334,P002,5,181.52
OI07481,O02334,P058,2,114.8
OI07482,O03584,P013,4,417.94
OI07483,O03584,P017,4,391.13
OI07484,O03584,P041,4,76.71
OI07485,O05414,P051,4,389.34
OI07486,O05414,P017,1,391.13
OI07487,O05414,P059,5,10.1
OI07488,O05414,P004,1,27.73
OI07489,O00444,P030,5,268.92
OI07490,O00543,P006,2,380.87
OI07491,O00673,P028,2,185.4
OI07492,O01460,P019,4,135.4
OI07493,O01460,P054,2,310.0
OI07494,O04307,P020,2,62.75
OI07495,O04307,P052,3,155.23
OI07496,O04307,P045,4,296.59
OI07497,O04582,P021,3,443.61
OI07498,O04582,P003,2,215.44
OI07499,O04582,P051,3,389.34
OI07500,O00067,P013,1,417.94
OI07501,O00067,P002,2,181.52
OI07502,O00067,P025,2,349.98
OI07503,O00067,P027,3,9.99
OI07504,O03099,P043,2,447.66
OI07505,O03099,P051,3,389.34
OI07506,O03099,P011,5,54.4
OI07507,O03099,P052,1,155.23
OI07508,O04205,P033,4,68.48
OI07509,O04864,P033,2,68.48
OI07510,O04864,P057,4,91.24
OI07511,O05107,P002,1,181.52
OI07512,O05657,P035,2,67.39
OI07513,O05657,P044,1,356.11
OI07514,O01525,P053,2,123.07
OI07515,O01525,P003,3,215.44
OI07516,O01576,P008,2,157.6
OI07517,O01576,P005,1,267.21
OI07518,O03282,P017,2,391.13
OI07519,O03282,P046,2,23.84
OI07520,O03520,P002,1,181.52
OI07521,O05759,P048,4,146.16
OI07522,O05759,P020,1,62.75
OI07523,O05759,P018,1,252.47
OI07524,O00164,P059,2,10.1
OI07525,O00164,P016,4,407.27
OI07526,O00173,P026,4,29.64
OI07527,O00173,P032,4,364.88
OI07528,O00845,P055,2,29.47
OI07529,O02917,P055,4,29.47
OI07530,O02917,P058,2,114.8
OI07531,O02917,P019,1,135.4
OI07532,O03026,P058,5,114.8
OI07533,O03026,P048,5,146.16
OI07534,O03026,P025,4,349.98
OI07535,O04107,P048,5,146.16
OI07536,O05980,P042,4,358.05
OI07537,O05980,P026,2,29.64
OI07538,O00019,P051,3,389.34
OI07539,O00019,P004,4,27.73
OI07540,O01087,P055,2,29.47
OI07541,O01087,P045,4,296.59
OI07542,O01516,P012,2,86.46
OI07543,O01516,P055,2,29.47
OI07544,O01516,P014,2,11.23
OI07545,O01609,P025,2,349.98
OI07546,O01609,P054,1,310.0
OI07547,O01609,P005,3,267.21
OI07548,O02704,P055,3,29.47
OI07549,O02704,P051,3,389.34
OI07550,O02704,P020,4,62.75
OI07551,O03361,P040,2,296.82
OI07552,O03361,P023,1,416.72
OI07553,O04162,P029,4,384.93
OI07554,O04284,P017,5,391.13
OI07555,O04284,P015,1,441.96
OI07556,O04462,P048,1,146.16
OI07557,O04462,P004,5,27.73
OI07558,O04462,P012,5,86.46
OI07559,O04717,P047,1,116.76
OI07560,O04717,P039,5,409.81
OI07561,O04779,P013,1,417.94
OI07562,O04779,P041,5,76.71
OI07563,O05436,P034,1,271.08
OI07564,O05665,P038,2,133.77
OI07565,O05665,P039,2,409.81
OI07566,O05979,P043,1,447.66
OI07567,O05979,P054,1,310.0
OI07568,O05979,P009,4,384.59
OI07569,O00544,P041,5,76.71
OI07570,O00544,P017,3,391.13
OI07571,O00544,P019,2,135.4
OI07572,O00655,P002,5,181.52
OI07573,O00655,P042,1,358.05
OI07574,O01737,P048,4,146.16
OI07575,O01737,P046,2,23.84
OI07576,O02167,P034,4,271.08
OI07577,O02167,P046,4,23.84
OI07578,O02167,P060,1,349.64
OI07579,O03244,P023,1,416.72
OI07580,O05529,P024,3,29.52
OI07581,O05529,P001,4,378.87
OI07582,O05529,P033,3,68.48
OI07583,O05529,P042,4,358.05
OI07584,O01415,P019,2,135.4
OI07585,O01415,P032,1,364.88
OI07586,O02105,P032,3,364.88
OI07587,O02105,P036,4,15.81
OI07588,O02105,P039,4,409.81
OI07589,O02105,P023,5,416.72
OI07590,O02469,P032,1,364.88
OI07591,O03086,P030,4,268.92
OI07592,O03086,P027,1,9.99
OI07593,O03086,P024,2,29.52
OI07594,O03086,P018,4,252.47
OI07595,O03319,P029,3,384.93
OI07596,O03319,P018,2,252.47
OI07597,O03319,P044,4,356.11
OI07598,O03841,P007,4,345.2
OI07599,O03841,P034,3,271.08
OI07600,O03841,P008,4,157.6
OI07601,O03841,P048,5,146.16
OI07602,O03856,P001,1,378.87
OI07603,O04031,P006,3,380.87
OI07604,O04031,P051,5,389.34
OI07605,O05479,P002,3,181.52
OI07606,O05775,P019,1,135.4
OI07607,O05775,P024,1,29.52
OI07608,O00627,P018,4,252.47
OI07609,O00627,P015,4,441.96
OI07610,O01189,P047,2,116.76
OI07611,O01189,P033,5,68.48
OI07612,O01189,P031,1,90.92
OI07613,O02493,P023,2,416.72
OI07614,O05143,P047,4,116.76
OI07615,O05143,P019,5,135.4
OI07616,O05143,P057,4,91.24
OI07617,O05143,P025,3,349.98
OI07618,O05332,P039,5,409.81
OI07619,O00354,P015,2,441.96
OI07620,O00354,P014,4,11.23
OI07621,O00354,P057,1,91.24
OI07622,O02436,P028,3,185.4
OI07623,O02436,P054,2,310.0
OI07624,O03898,P014,1,11.23
OI07625,O03898,P010,3,383.82
OI07626,O04422,P025,2,349.98
OI07627,O04422,P040,3,296.82
OI07628,O05967,P040,4,296.82
OI07629,O05967,P028,5,185.4
OI07630,O00671,P056,4,28.94
OI07631,O00671,P028,5,185.4
OI07632,O00671,P011,2,54.4
OI07633,O00785,P040,4,296.82
OI07634,O00785,P016,3,407.27
OI07635,O01708,P026,2,29.64
OI07636,O01708,P041,5,76.71
OI07637,O01708,P060,2,349.64
OI07638,O01814,P032,1,364.88
OI07639,O01814,P016,1,407.27
OI07640,O01814,P051,5,389.34
OI07641,O01814,P027,5,9.99
OI07642,O01874,P016,2,407.27
OI07643,O01874,P035,3,67.39
OI07644,O01874,P019,4,135.4
OI07645,O02142,P045,4,296.59
OI07646,O02142,P015,4,441.96
OI07647,O02142,P009,1,384.59
OI07648,O02142,P032,3,364.88
OI07649,O03008,P042,5,358.05
OI07650,O03008,P036,3,15.81
OI07651,O03008,P055,5,29.47
OI07652,O04009,P044,1,356.11
OI07653,O04009,P043,4,447.66
OI07654,O04520,P027,5,9.99
OI07655,O04520,P009,3,384.59
OI07656,O05889,P039,5,409.81
OI07657,O05889,P028,5,185.4
OI07658,O00211,P012,5,86.46
OI07659,O00211,P011,1,54.4
OI07660,O00347,P013,2,417.94
OI07661,O00347,P023,3,416.72
OI07662,O00347,P003,3,215.44
OI07663,O00347,P015,3,441.96
OI07664,O00797,P025,5,349.98
OI07665,O00797,P034,5,271.08
OI07666,O00797,P058,4,114.8
OI07667,O01513,P037,3,193.81
OI07668,O01513,P044,1,356.11
OI07669,O01513,P014,3,11.23
OI07670,O02248,P016,5,407.27
OI07671,O02248,P043,1,447.66
OI07672,O02248,P042,4,358.05
OI07673,O02380,P060,5,349.64
OI07674,O02380,P043,2,447.66
OI07675,O02380,P005,4,267.21
OI07676,O03717,P032,4,364.88
OI07677,O03717,P043,2,447.66
OI07678,O03717,P045,5,296.59
OI07679,O05366,P013,3,417.94
OI07680,O05876,P017,2,391.13
OI07681,O05876,P026,2,29.64
OI07682,O05876,P016,5,407.27
OI07683,O05912,P044,5,356.11
OI07684,O05912,P041,3,76.71
OI07685,O00404,P057,1,91.24
OI07686,O00404,P018,2,252.47
OI07687,O00404,P055,3,29.47
OI07688,O00404,P042,3,358.05
OI07689,O01505,P038,2,133.77
OI07690,O01505,P028,4,185.4
OI07691,O01505,P012,4,86.46
OI07692,O01505,P019,1,135.4
OI07693,O01969,P047,1,116.76
OI07694,O01969,P021,1,443.61
OI07695,O01969,P033,2,68.48
OI07696,O04291,P028,5,185.4
OI07697,O05225,P029,5,384.93
OI07698,O05225,P026,5,29.64
OI07699,O05505,P048,5,146.16
OI07700,O05505,P044,4,356.11
OI07701,O05505,P058,3,114.8
OI07702,O05783,P028,5,185.4
OI07703,O00640,P041,2,76.71
OI07704,O00640,P013,2,417.94
OI07705,O01248,P024,3,29.52
OI07706,O02201,P055,4,29.47
OI07707,O02201,P016,4,407.27
OI07708,O02321,P031,3,90.92
OI07709,O02321,P017,4,391.13
OI07710,O04452,P050,5,182.2
OI07711,O04452,P005,1,267.21
OI07712,O04452,P057,5,91.24
OI07713,O04452,P009,2,384.59
OI07714,O05789,P034,4,271.08
OI07715,O00097,P005,5,267.21
OI07716,O01615,P026,5,29.64
OI07717,O01615,P040,1,296.82
OI07718,O01615,P022,3,358.81
OI07719,O01615,P011,1,54.4
OI07720,O02346,P014,3,11.23
OI07721,O02346,P016,5,407.27
OI07722,O02789,P025,2,349.98
OI07723,O02789,P018,2,252.47
OI07724,O02789,P009,3,384.59
OI07725,O02808,P028,1,185.4
OI07726,O02843,P047,3,116.76
OI07727,O02843,P019,3,135.4
OI07728,O02843,P013,1,417.94
OI07729,O05149,P005,4,267.21
OI07730,O05149,P008,4,157.6
OI07731,O05149,P048,2,146.16
OI07732,O05149,P010,1,383.82
OI07733,O00094,P052,2,155.23
OI07734,O00094,P028,4,185.4
OI07735,O00685,P051,3,389.34
OI07736,O01206,P007,4,345.2
OI07737,O01206,P054,3,310.0
OI07738,O01206,P024,4,29.52
OI07739,O02260,P041,2,76.71
OI07740,O03103,P015,4,441.96
OI07741,O03103,P055,3,29.47
OI07742,O03103,P058,3,114.8
OI07743,O03791,P056,2,28.94
OI07744,O03791,P015,1,441.96
OI07745,O03855,P014,3,11.23
OI07746,O03855,P010,2,383.82
OI07747,O03855,P055,4,29.47
OI07748,O00378,P002,3,181.52
OI07749,O00378,P035,3,67.39
OI07750,O00378,P006,4,380.87
OI07751,O00429,P058,5,114.8
OI07752,O00429,P009,3,384.59
OI07753,O01426,P035,1,67.39
OI07754,O01426,P006,5,380.87
OI07755,O01775,P051,5,389.34
OI07756,O01775,P058,1,114.8
OI07757,O01793,P046,1,23.84
OI07758,O02281,P060,5,349.64
OI07759,O02281,P035,5,67.39
OI07760,O02281,P020,2,62.75
OI07761,O02883,P038,4,133.77
OI07762,O02883,P058,3,114.8
OI07763,O04768,P041,2,76.71
OI07764,O04898,P050,1,182.2
OI07765,O05316,P040,4,296.82
OI07766,O05316,P054,1,310.0
OI07767,O02680,P028,2,185.4
OI07768,O02680,P033,3,68.48
OI07769,O02680,P026,5,29.64
OI07770,O02685,P015,3,441.96
OI07771,O02685,P046,5,23.84
OI07772,O02685,P004,2,27.73
OI07773,O00591,P016,1,407.27
OI07774,O00591,P013,4,417.94
OI07775,O00849,P037,4,193.81
OI07776,O00849,P036,4,15.81
OI07777,O00849,P054,4,310.0
OI07778,O01941,P006,1,380.87
OI07779,O02049,P054,2,310.0
OI07780,O02049,P019,3,135.4
OI07781,O02049,P045,3,296.59
OI07782,O02049,P011,3,54.4
OI07783,O04854,P050,5,182.2
OI07784,O04854,P037,3,193.81
OI07785,O05086,P060,2,349.64
OI07786,O05086,P023,4,416.72
OI07787,O05086,P024,2,29.52
OI07788,O05237,P056,4,28.94
OI07789,O05237,P014,3,11.23
OI07790,O05378,P060,3,349.64
OI07791,O01468,P012,2,86.46
OI07792,O01468,P050,2,182.2
OI07793,O01468,P021,5,443.61
OI07794,O01468,P025,3,349.98
OI07795,O01712,P023,2,416.72
OI07796,O01712,P058,5,114.8
OI07797,O01712,P041,5,76.71
OI07798,O01712,P033,2,68.48
OI07799,O03755,P054,1,310.0
OI07800,O03755,P008,1,157.6
OI07801,O03755,P028,5,185.4
OI07802,O03955,P026,2,29.64
OI07803,O03955,P035,4,67.39
OI07804,O03955,P041,2,76.71
OI07805,O05001,P054,5,310.0
OI07806,O05157,P029,5,384.93
OI07807,O05157,P014,2,11.23
OI07808,O05157,P009,1,384.59
OI07809,O05563,P012,2,86.46
OI07810,O05563,P023,5,416.72
OI07811,O00130,P008,4,157.6
OI07812,O00130,P005,3,267.21
OI07813,O01574,P027,5,9.99
OI07814,O01574,P012,2,86.46
OI07815,O01574,P030,1,268.92
OI07816,O02287,P023,2,416.72
OI07817,O02287,P050,1,182.2
OI07818,O02287,P049,3,34.75
OI07819,O02753,P037,5,193.81
OI07820,O02753,P002,1,181.52
OI07821,O02753,P006,4,380.87
OI07822,O03080,P008,5,157.6
OI07823,O03295,P028,3,185.4
OI07824,O03713,P031,2,90.92
OI07825,O03713,P048,1,146.16
OI07826,O03713,P044,1,356.11
OI07827,O03736,P003,5,215.44
OI07828,O05690,P026,5,29.64
OI07829,O05690,P020,4,62.75
OI07830,O01742,P051,4,389.34
OI07831,O01742,P001,4,378.87
OI07832,O01742,P046,1,23.84
OI07833,O01742,P015,3,441.96
OI07834,O03260,P038,3,133.77
OI07835,O03266,P014,5,11.23
OI07836,O03266,P037,4,193.81
OI07837,O03266,P058,3,114.8
OI07838,O04044,P034,4,271.08
OI07839,O04044,P031,4,90.92
OI07840,O04044,P036,1,15.81
OI07841,O04044,P043,1,447.66
OI07842,O04325,P010,1,383.82
OI07843,O04325,P035,2,67.39
OI07844,O04439,P003,4,215.44
OI07845,O01422,P054,2,310.0
OI07846,O01422,P051,4,389.34
OI07847,O01422,P010,3,383.82
OI07848,O02665,P031,4,90.92
OI07849,O02665,P011,5,54.4
OI07850,O02672,P030,3,268.92
OI07851,O02672,P052,1,155.23
OI07852,O02672,P057,2,91.24
OI07853,O02966,P004,2,27.73
OI07854,O02966,P021,2,443.61
OI07855,O03289,P044,3,356.11
OI07856,O03485,P055,4,23.28
OI07857,O04274,P032,5,364.88
OI07858,O04274,P004,1,27.73
OI07859,O04310,P019,3,135.4
OI07860,O00351,P034,1,271.08
OI07861,O00351,P018,2,252.47
OI07862,O01191,P002,5,181.52
OI07863,O01698,P007,3,345.2
OI07864,O01698,P027,5,9.99
OI07865,O01698,P026,2,29.64
OI07866,O03098,P001,1,378.87
OI07867,O03098,P053,1,123.07
OI07868,O03098,P013,3,417.94
OI07869,O03098,P044,3,356.11
OI07870,O04492,P043,2,447.66
OI07871,O04492,P040,3,296.82
OI07872,O04989,P003,4,215.44
OI07873,O04989,P028,3,185.4
OI07874,O04989,P030,3,268.92
OI07875,O04989,P008,1,157.6
OI07876,O04993,P019,5,135.4
OI07877,O05265,P036,1,15.81
OI07878,O05625,P045,3,296.59
OI07879,O05625,P013,1,417.94
OI07880,O05625,P037,4,193.81
OI07881,O05722,P047,5,116.76
OI07882,O05722,P044,1,356.11
OI07883,O00070,P049,5,34.75
OI07884,O00070,P037,3,193.81
OI07885,O00070,P059,1,10.1
OI07886,O00644,P008,2,157.6
OI07887,O01779,P057,2,91.24
OI07888,O02178,P019,2,135.4
OI07889,O03996,P034,2,271.08
OI07890,O03996,P055,3,23.28
OI07891,O03996,P024,4,29.52
OI07892,O04910,P011,3,54.4
OI07893,O04910,P047,1,116.76
OI07894,O04910,P053,2,123.07
OI07895,O05092,P030,2,268.92
OI07896,O05988,P018,5,252.47
OI07897,O05988,P002,2,181.52
OI07898,O05988,P023,1,416.72
OI07899,O05988,P046,1,23.84
OI07900,O00510,P003,1,215.44
OI07901,O00510,P001,5,378.87
OI07902,O00510,P030,2,268.92
OI07903,O01117,P045,2,296.59
OI07904,O01117,P020,1,62.75
OI07905,O01160,P007,3,345.2
OI07906,O01448,P011,1,54.4
OI07907,O01448,P046,1,23.84
OI07908,O02300,P022,3,358.81
OI07909,O02300,P040,2,296.82
OI07910,O02550,P006,4,380.87
OI07911,O02550,P025,2,349.98
OI07912,O02550,P016,5,407.27
OI07913,O02550,P007,1,345.2
OI07914,O03226,P034,5,271.08
OI07915,O03226,P021,1,443.61
OI07916,O04011,P015,3,441.96
OI07917,O04011,P021,5,443.61
OI07918,O04011,P033,5,68.48
OI07919,O04011,P059,2,10.1
OI07920,O04296,P032,5,364.88
OI07921,O04296,P045,2,296.59
OI07922,O04375,P021,1,443.61
OI07923,O05155,P006,2,380.87
OI07924,O05155,P040,3,296.82
OI07925,O05155,P056,2,28.94
OI07926,O01455,P058,3,114.8
OI07927,O03763,P044,5,356.11
OI07928,O03763,P059,2,10.1
OI07929,O03763,P031,4,90.92
OI07930,O03992,P002,3,181.52
OI07931,O03992,P054,4,310.0
OI07932,O03992,P045,3,296.59
OI07933,O03992,P018,3,252.47
OI07934,O04158,P024,1,29.52
OI07935,O04914,P017,1,391.13
OI07936,O05519,P016,4,407.27
OI07937,O05519,P059,4,10.1
OI07938,O03156,P027,1,9.99
OI07939,O03156,P056,5,28.94
OI07940,O03156,P004,2,27.73
OI07941,O04704,P023,4,416.72
OI07942,O04704,P026,4,29.64
OI07943,O04704,P004,4,27.73
OI07944,O04704,P059,1,10.1
OI07945,O04791,P010,1,383.82
OI07946,O05559,P054,1,310.0
OI07947,O00284,P058,3,114.8
OI07948,O00440,P053,3,123.07
OI07949,O03075,P013,4,417.94
OI07950,O03075,P055,4,23.28
OI07951,O03075,P001,3,378.87
OI07952,O03100,P005,3,267.21
OI07953,O03100,P044,4,356.11
OI07954,O04396,P051,1,389.34
OI07955,O04396,P030,3,268.92
OI07956,O04396,P056,5,28.94
OI07957,O04429,P048,5,146.16
OI07958,O04429,P041,1,76.71
OI07959,O00807,P044,3,356.11
OI07960,O01861,P019,4,104.26
OI07961,O01861,P050,1,182.2
OI07962,O01861,P049,4,34.75
OI07963,O02537,P016,1,407.27
OI07964,O02537,P042,5,358.05
OI07965,O02537,P034,2,271.08
OI07966,O02862,P003,4,215.44
OI07967,O02998,P055,4,23.28
OI07968,O02998,P033,4,68.48
OI07969,O02998,P013,4,417.94
OI07970,O03652,P012,1,86.46
OI07971,O03652,P024,4,22.73
OI07972,O03652,P008,4,157.6
OI07973,O03652,P015,1,441.96
OI07974,O03807,P008,3,157.6
OI07975,O03807,P007,4,345.2
OI07976,O04042,P028,5,185.4
OI07977,O04654,P057,4,91.24
OI07978,O04654,P047,4,116.76
OI07979,O04654,P036,3,15.81
OI07980,O04654,P023,3,320.87
OI07981,O00659,P039,4,409.81
OI07982,O00659,P035,4,67.39
OI07983,O00659,P038,3,133.77
OI07984,O00659,P047,5,116.76
OI07985,O01076,P019,5,104.26
OI07986,O01341,P025,5,255.49
OI07987,O01341,P057,1,91.24
OI07988,O02727,P056,5,28.94
OI07989,O02727,P035,5,67.39
OI07990,O02727,P058,3,114.8
OI07991,O02766,P053,1,123.07
OI07992,O02766,P052,1,155.23
OI07993,O04371,P014,2,11.23
OI07994,O05545,P014,2,11.23
OI07995,O00182,P031,2,90.92
OI07996,O00182,P009,5,384.59
OI07997,O00182,P019,1,104.26
OI07998,O00217,P040,4,296.82
OI07999,O00217,P053,3,123.07
OI08000,O00217,P028,5,185.4
OI08001,O00953,P003,4,215.44
OI08002,O00953,P043,4,447.66
OI08003,O00953,P010,4,383.82
OI08004,O01720,P001,3,378.87
OI08005,O01720,P010,5,383.82
OI08006,O01720,P023,5,320.87
OI08007,O02258,P012,2,86.46
OI08008,O02258,P057,5,91.24
OI08009,O02421,P014,1,11.23
OI08010,O02421,P045,2,296.59
OI08011,O03666,P039,2,409.81
OI08012,O04921,P012,5,86.46
OI08013,O04921,P010,2,383.82
OI08014,O04921,P003,2,215.44
OI08015,O00705,P018,1,194.4
OI08016,O00705,P045,1,296.59
OI08017,O00705,P003,4,215.44
OI08018,O00705,P040,4,296.82
OI08019,O02324,P023,5,320.87
OI08020,O02324,P003,5,215.44
OI08021,O02349,P025,4,255.49
OI08022,O02638,P060,1,349.64
OI08023,O05907,P002,4,181.52
OI08024,O05990,P030,4,268.92
OI08025,O05990,P048,1,146.16
OI08026,O05990,P011,1,54.4
OI08027,O00034,P032,3,364.88
OI08028,O00906,P012,1,86.46
OI08029,O00906,P001,5,378.87
OI08030,O01674,P025,1,255.49
OI08031,O01674,P055,4,23.28
OI08032,O02588,P060,2,349.64
OI08033,O02588,P012,4,86.46
OI08034,O02588,P049,5,34.75
OI08035,O02588,P022,2,276.28
OI08036,O02592,P033,4,68.48
OI08037,O03318,P043,5,447.66
OI08038,O03318,P026,1,29.64
OI08039,O03918,P057,3,91.24
OI08040,O03918,P039,4,409.81
OI08041,O04050,P013,1,417.94
OI08042,O04050,P040,2,296.82
OI08043,O04050,P019,1,104.26
OI08044,O04635,P019,3,104.26
OI08045,O04977,P023,3,320.87
OI08046,O04977,P001,3,378.87
OI08047,O05840,P048,3,146.16
OI08048,O05840,P013,1,417.94
OI08049,O00280,P011,5,54.4
OI08050,O00280,P028,5,185.4
OI08051,O00280,P059,3,10.1
OI08052,O00280,P024,5,22.73
OI08053,O01382,P035,4,67.39
OI08054,O01382,P057,4,91.24
OI08055,O01382,P034,1,271.08
OI08056,O01974,P052,3,155.23
OI08057,O01974,P049,4,34.75
OI08058,O02045,P015,4,441.96
OI08059,O02045,P010,1,383.82
OI08060,O02045,P001,1,378.87
OI08061,O02045,P035,1,67.39
OI08062,O02381,P053,2,123.07
OI08063,O02381,P048,2,146.16
OI08064,O02381,P004,4,27.73
OI08065,O02381,P059,5,10.1
OI08066,O02487,P030,1,268.92
OI08067,O02487,P048,2,146.16
OI08068,O02579,P021,5,341.58
OI08069,O03161,P042,3,358.05
OI08070,O03161,P039,4,409.81
OI08071,O03788,P037,1,193.81
OI08072,O03805,P056,5,28.94
OI08073,O03805,P035,5,67.39
OI08074,O04056,P041,2,76.71
OI08075,O04056,P028,3,185.4
OI08076,O04056,P034,4,271.08
OI08077,O05397,P011,3,54.4
OI08078,O05397,P006,4,380.87
OI08079,O00057,P010,4,383.82
OI08080,O00057,P028,1,185.4
OI08081,O00197,P039,2,409.81
OI08082,O02229,P056,4,28.94
OI08083,O02229,P017,1,301.17
OI08084,O02229,P055,1,23.28
OI08085,O03408,P009,4,384.59
OI08086,O03408,P027,2,9.99
OI08087,O03408,P051,4,389.34
OI08088,O04933,P046,5,23.84
OI08089,O05264,P028,3,185.4
OI08090,O05897,P038,4,133.77
OI08091,O05897,P052,1,155.23
OI08092,O05897,P057,4,91.24
OI08093,O00035,P034,3,271.08
OI08094,O00035,P023,4,320.87
OI08095,O00368,P034,1,271.08
OI08096,O00368,P060,1,349.64
OI08097,O00368,P057,3,91.24
OI08098,O00388,P013,4,417.94
OI08099,O00388,P046,1,23.84
OI08100,O00388,P019,4,104.26
OI08101,O00388,P023,3,320.87
OI08102,O00804,P016,5,407.27
OI08103,O00804,P029,3,384.93
OI08104,O00804,P015,3,441.96
OI08105,O00946,P015,3,441.96
OI08106,O00946,P017,4,301.17
OI08107,O00946,P050,2,182.2
OI08108,O00946,P039,2,409.81
OI08109,O01105,P023,1,320.87
OI08110,O01899,P014,1,11.23
OI08111,O01899,P026,5,29.64
OI08112,O02218,P008,1,157.6
OI08113,O02218,P029,3,384.93
OI08114,O03491,P020,3,48.32
OI08115,O03491,P047,5,116.76
OI08116,O03491,P027,3,9.99
OI08117,O03714,P051,3,389.34
OI08118,O03943,P055,1,23.28
OI08119,O05386,P023,1,320.87
OI08120,O05386,P054,3,310.0
OI08121,O05386,P025,1,255.49
OI08122,O05808,P049,4,34.75
OI08123,O05808,P060,3,349.64
OI08124,O05808,P025,5,255.49
OI08125,O05879,P026,3,29.64
OI08126,O00754,P026,4,29.64
OI08127,O00754,P017,5,301.17
OI08128,O00754,P049,2,34.75
OI08129,O02025,P040,5,296.82
OI08130,O02025,P012,1,86.46
OI08131,O02414,P046,2,23.84
OI08132,O02414,P025,1,255.49
OI08133,O02437,P017,4,301.17
OI08134,O02437,P014,4,11.23
OI08135,O02437,P047,3,116.76
OI08136,O02437,P020,3,48.32
OI08137,O02768,P017,3,301.17
OI08138,O02768,P046,2,23.84
OI08139,O02768,P001,5,378.87
OI08140,O03058,P003,5,215.44
OI08141,O03058,P037,4,193.81
OI08142,O03058,P059,3,10.1
OI08143,O03058,P001,1,378.87
OI08144,O03702,P042,3,358.05
OI08145,O03702,P060,4,349.64
OI08146,O00012,P057,2,91.24
OI08147,O00012,P031,2,90.92
OI08148,O00012,P002,4,181.52
OI08149,O00012,P007,4,345.2
OI08150,O00718,P001,4,378.87
OI08151,O00718,P033,3,68.48
OI08152,O00718,P007,3,345.2
OI08153,O00194,P026,4,29.64
OI08154,O00194,P047,4,116.76
OI08155,O01161,P045,5,296.59
OI08156,O01161,P019,3,104.26
OI08157,O01696,P044,5,356.11
OI08158,O04698,P041,5,76.71
OI08159,O04698,P044,2,356.11
OI08160,O05142,P043,2,447.66
OI08161,O05587,P018,2,194.4
OI08162,O05587,P057,5,91.24
OI08163,O05587,P034,2,271.08
OI08164,O05999,P016,3,407.27
OI08165,O05999,P015,5,441.96
OI08166,O05999,P017,2,301.17
OI08167,O01391,P040,3,296.82
OI08168,O01391,P005,5,267.21
OI08169,O01391,P060,2,349.64
OI08170,O01397,P043,4,447.66
OI08171,O01397,P049,1,34.75
OI08172,O01397,P057,3,91.24
OI08173,O01633,P049,4,34.75
OI08174,O01633,P039,5,409.81
OI08175,O01633,P016,4,407.27
OI08176,O01633,P028,2,185.4
OI08177,O01826,P057,3,91.24
OI08178,O01826,P043,5,447.66
OI08179,O01826,P029,4,384.93
OI08180,O02496,P020,5,48.32
OI08181,O03288,P038,1,133.77
OI08182,O03288,P008,4,157.6
OI08183,O04171,P007,5,345.2
OI08184,O04171,P017,4,301.17
OI08185,O04171,P003,4,215.44
OI08186,O00366,P010,3,383.82
OI08187,O00366,P002,1,181.52
OI08188,O00366,P055,4,23.28
OI08189,O00366,P044,2,356.11
OI08190,O00747,P027,5,9.99
OI08191,O00747,P016,1,407.27
OI08192,O00747,P048,3,146.16
OI08193,O01958,P006,2,380.87
OI08194,O01958,P025,5,255.49
OI08195,O01958,P043,4,447.66
OI08196,O02018,P008,4,157.6
OI08197,O02643,P015,5,441.96
OI08198,O02643,P047,5,116.76
OI08199,O02643,P046,4,23.84
OI08200,O02825,P027,3,9.99
OI08201,O02825,P037,3,193.81
OI08202,O03560,P009,2,384.59
OI08203,O03560,P002,4,181.52
OI08204,O04951,P029,1,384.93
OI08205,O05469,P060,3,349.64
OI08206,O01457,P056,3,28.94
OI08207,O01854,P020,5,48.32
OI08208,O01854,P051,2,389.34
OI08209,O01927,P037,1,193.81
OI08210,O01927,P048,2,146.16
OI08211,O01977,P037,5,193.81
OI08212,O01977,P015,1,441.96
OI08213,O01977,P009,4,384.59
OI08214,O02855,P034,1,271.08
OI08215,O03028,P037,4,193.81
OI08216,O03028,P023,3,320.87
OI08217,O04358,P023,4,320.87
OI08218,O04358,P050,3,182.2
OI08219,O04358,P012,3,86.46
OI08220,O04587,P011,3,54.4
OI08221,O04587,P046,5,23.84
OI08222,O04587,P025,5,255.49
OI08223,O04587,P047,2,116.76
OI08224,O00480,P055,4,23.28
OI08225,O00480,P009,2,384.59
OI08226,O00480,P042,5,358.05
OI08227,O01640,P028,1,185.4
OI08228,O01640,P011,4,54.4
OI08229,O02040,P056,4,28.94
OI08230,O02040,P018,4,194.4
OI08231,O02040,P035,5,67.39
OI08232,O00505,P055,3,29.47
OI08233,O00863,P046,5,23.84
OI08234,O00863,P050,1,182.2
OI08235,O00863,P021,2,341.58
OI08236,O01192,P044,1,356.11
OI08237,O01192,P003,1,215.44
OI08238,O01510,P056,3,28.94
OI08239,O01510,P050,1,182.2
OI08240,O01510,P038,5,133.77
OI08241,O01534,P050,5,182.2
OI08242,O01534,P019,1,104.26
OI08243,O01534,P025,3,255.49
OI08244,O02113,P030,2,268.92
OI08245,O02113,P039,5,409.81
OI08246,O02134,P052,1,155.23
OI08247,O03164,P040,1,296.82
OI08248,O03164,P052,3,155.23
OI08249,O03410,P005,3,267.21
OI08250,O03410,P060,1,349.64
OI08251,O03555,P037,1,193.81
OI08252,O03555,P009,2,384.59
OI08253,O03555,P050,3,182.2
OI08254,O05152,P049,3,34.75
OI08255,O00353,P004,1,27.73
OI08256,O00353,P020,4,48.32
OI08257,O00353,P009,1,384.59
OI08258,O00662,P036,4,15.81
OI08259,O00662,P025,2,255.49
OI08260,O00690,P002,4,181.52
OI08261,O00690,P033,3,68.48
OI08262,O04598,P029,1,384.93
OI08263,O04598,P021,1,341.58
OI08264,O04598,P012,4,86.46
OI08265,O05383,P039,1,409.81
OI08266,O05383,P030,4,268.92
OI08267,O05383,P028,1,185.4
OI08268,O05383,P002,2,181.52
OI08269,O05464,P060,3,349.64
OI08270,O05672,P026,2,29.64
OI08271,O05672,P005,1,267.21
OI08272,O05672,P021,4,341.58
OI08273,O00085,P053,4,123.07
OI08274,O00232,P013,4,417.94
OI08275,O00232,P049,3,34.75
OI08276,O00352,P025,1,255.49
OI08277,O00352,P008,4,157.6
OI08278,O00618,P040,3,296.82
OI08279,O00618,P013,3,417.94
OI08280,O00618,P048,5,146.16
OI08281,O00618,P029,1,384.93
OI08282,O01108,P044,5,356.11
OI08283,O01108,P040,2,296.82
OI08284,O01181,P046,3,23.84
OI08285,O01181,P028,5,185.4
OI08286,O01181,P021,3,341.58
OI08287,O01321,P003,2,215.44
OI08288,O01321,P008,5,157.6
OI08289,O01971,P017,4,301.17
OI08290,O03055,P012,2,86.46
OI08291,O03055,P021,3,341.58
OI08292,O03055,P014,3,11.23
OI08293,O03055,P059,2,10.1
OI08294,O04219,P004,5,27.73
OI08295,O04219,P008,1,157.6
OI08296,O04219,P045,4,296.59
OI08297,O05106,P047,5,116.76
OI08298,O05106,P004,1,27.73
OI08299,O01764,P018,1,194.4
OI08300,O01764,P005,4,267.21
OI08301,O03899,P044,1,356.11
OI08302,O04113,P006,5,380.87
OI08303,O04113,P056,5,28.94
OI08304,O04293,P002,5,181.52
OI08305,O05108,P001,5,378.87
OI08306,O05108,P035,4,67.39
OI08307,O05422,P003,4,215.44
OI08308,O05422,P050,1,182.2
OI08309,O05422,P009,5,384.59
OI08310,O05473,P002,2,181.52
OI08311,O01532,P060,2,349.64
OI08312,O01532,P007,5,345.2
OI08313,O01532,P036,3,15.81
OI08314,O01532,P058,3,114.8
OI08315,O01800,P031,4,90.92
OI08316,O02679,P026,5,29.64
OI08317,O02893,P016,5,407.27
OI08318,O02893,P057,3,91.24
OI08319,O03134,P029,3,384.93
OI08320,O03134,P048,1,146.16
OI08321,O03134,P007,5,345.2
OI08322,O03134,P057,3,91.24
OI08323,O03206,P024,4,22.73
OI08324,O03206,P009,1,384.59
OI08325,O03206,P018,4,194.4
OI08326,O03206,P001,1,378.87
OI08327,O03758,P004,3,27.73
OI08328,O03871,P050,5,182.2
OI08329,O04525,P018,1,194.4
OI08330,O04686,P046,5,23.84
OI08331,O00400,P046,1,23.84
OI08332,O00400,P018,5,252.47
OI08333,O00710,P038,3,133.77
OI08334,O00710,P027,2,9.99
OI08335,O00710,P007,2,345.2
OI08336,O00710,P022,1,358.81
OI08337,O02558,P039,2,409.81
OI08338,O03580,P043,1,447.66
OI08339,O03580,P005,1,267.21
OI08340,O03614,P003,3,215.44
OI08341,O03614,P028,3,185.4
OI08342,O03751,P031,5,90.92
OI08343,O03751,P059,3,10.1
OI08344,O05338,P041,2,76.71
OI08345,O05338,P053,4,123.07
OI08346,O05701,P028,2,185.4
OI08347,O05701,P050,3,182.2
OI08348,O05701,P012,1,86.46
OI08349,O01486,P031,2,90.92
OI08350,O01486,P043,4,447.66
OI08351,O01955,P037,5,193.81
OI08352,O01955,P009,1,384.59
OI08353,O01995,P013,5,417.94
OI08354,O01995,P030,1,268.92
OI08355,O04620,P025,4,255.49
OI08356,O04620,P001,4,378.87
OI08357,O00788,P040,5,296.82
OI08358,O00788,P005,2,267.21
OI08359,O00788,P013,3,417.94
OI08360,O01068,P029,4,384.93
OI08361,O01115,P016,1,407.27
OI08362,O01115,P007,2,345.2
OI08363,O01115,P025,5,255.49
OI08364,O01531,P023,1,416.72
OI08365,O04442,P016,5,407.27
OI08366,O04442,P023,5,416.72
OI08367,O05139,P054,5,310.0
OI08368,O05139,P001,3,378.87
OI08369,O05139,P047,2,116.76
OI08370,O05389,P041,3,76.71
OI08371,O05389,P046,2,23.84
OI08372,O05463,P001,3,378.87
OI08373,O00310,P007,2,345.2
OI08374,O01196,P040,3,296.82
OI08375,O01196,P009,1,384.59
OI08376,O01196,P025,4,255.49
OI08377,O01600,P058,4,114.8
OI08378,O03335,P012,4,86.46
OI08379,O03335,P015,1,441.96
OI08380,O03335,P027,5,9.99
OI08381,O03735,P057,1,91.24
OI08382,O03735,P032,3,364.88
OI08383,O03735,P027,3,9.99
OI08384,O04387,P003,1,215.44
OI08385,O04387,P016,2,407.27
OI08386,O00242,P007,2,345.2
OI08387,O00242,P016,3,407.27
OI08388,O00242,P056,1,28.94
OI08389,O00244,P052,4,155.23
OI08390,O00244,P004,1,27.73
OI08391,O00244,P029,3,384.93
OI08392,O00244,P040,3,296.82
OI08393,O01423,P028,1,185.4
OI08394,O01423,P015,4,441.96
OI08395,O01423,P035,3,67.39
OI08396,O01630,P056,3,28.94
OI08397,O01630,P032,4,364.88
OI08398,O01630,P007,1,345.2
OI08399,O01630,P046,2,23.84
OI08400,O01929,P022,1,358.81
OI08401,O01929,P047,1,116.76
OI08402,O01929,P006,5,380.87
OI08403,O01929,P050,2,182.2
OI08404,O02027,P028,5,185.4
OI08405,O02027,P058,4,114.8
OI08406,O02770,P015,3,441.96
OI08407,O03205,P042,2,358.05
OI08408,O03205,P027,1,9.99
OI08409,O03205,P045,3,296.59
OI08410,O03205,P018,2,252.47
OI08411,O03405,P032,4,364.88
OI08412,O03405,P044,1,356.11
OI08413,O03405,P033,2,68.48
OI08414,O03657,P038,2,133.77
OI08415,O03657,P056,2,28.94
OI08416,O03657,P024,1,29.52
OI08417,O04082,P045,5,296.59
OI08418,O04082,P006,3,380.87
OI08419,O04082,P029,3,384.93
OI08420,O04082,P025,5,255.49
OI08421,O05244,P003,1,215.44
OI08422,O05244,P013,3,417.94
OI08423,O05244,P026,3,29.64
OI08424,O05748,P032,2,364.88
OI08425,O01363,P027,4,9.99
OI08426,O01363,P024,3,29.52
OI08427,O01363,P001,2,378.87
OI08428,O01992,P054,3,310.0
OI08429,O02270,P008,4,157.6
OI08430,O02270,P028,2,185.4
OI08431,O02270,P027,3,9.99
OI08432,O03036,P040,2,296.82
OI08433,O03380,P042,5,358.05
OI08434,O03380,P016,4,407.27
OI08435,O03842,P026,2,29.64
OI08436,O03884,P046,1,23.84
OI08437,O03884,P056,4,28.94
OI08438,O03884,P012,5,86.46
OI08439,O05273,P027,2,9.99
OI08440,O05273,P037,4,193.81
OI08441,O05312,P024,2,29.52
OI08442,O02023,P031,1,90.92
OI08443,O02023,P014,3,11.23
OI08444,O02023,P029,4,384.93
OI08445,O02781,P056,4,28.94
OI08446,O02781,P021,5,443.61
OI08447,O02781,P037,5,193.81
OI08448,O02781,P027,4,9.99
OI08449,O03551,P058,5,114.8
OI08450,O03551,P039,5,409.81
OI08451,O04177,P050,1,182.2
OI08452,O04177,P026,4,29.64
OI08453,O04500,P056,4,28.94
OI08454,O04500,P059,1,10.1
OI08455,O04500,P031,5,90.92
OI08456,O04500,P021,3,443.61
OI08457,O05486,P026,1,29.64
OI08458,O05486,P023,4,416.72
OI08459,O05582,P015,1,441.96
OI08460,O05582,P048,4,111.08
OI08461,O05582,P028,4,185.4
OI08462,O05582,P020,3,62.75
OI08463,O05812,P051,5,389.34
OI08464,O05812,P058,1,114.8
OI08465,O05812,P037,5,193.81
OI08466,O00666,P009,5,384.59
OI08467,O00666,P059,1,10.1
OI08468,O01403,P003,3,215.44
OI08469,O02121,P007,2,345.2
OI08470,O02121,P015,3,441.96
OI08471,O02121,P042,1,358.05
OI08472,O02933,P027,4,9.99
OI08473,O02969,P013,2,417.94
OI08474,O02969,P005,4,267.21
OI08475,O02969,P027,5,9.99
OI08476,O03169,P015,3,441.96
OI08477,O03169,P055,2,29.47
OI08478,O03169,P009,5,384.59
OI08479,O03169,P056,3,28.94
OI08480,O03894,P002,1,181.52
OI08481,O04338,P024,3,29.52
OI08482,O04338,P013,3,417.94
OI08483,O04742,P025,4,349.98
OI08484,O04742,P056,3,28.94
OI08485,O05138,P055,3,29.47
OI08486,O05138,P031,1,90.92
OI08487,O05147,P019,1,135.4
OI08488,O05147,P048,1,111.08
OI08489,O05147,P030,3,268.92
OI08490,O00053,P023,4,416.72
OI08491,O00928,P046,3,23.84
OI08492,O01565,P022,3,358.81
OI08493,O01565,P035,5,67.39
OI08494,O01565,P007,5,345.2
OI08495,O01842,P008,5,157.6
OI08496,O01842,P037,3,193.81
OI08497,O01842,P026,4,29.64
OI08498,O01842,P018,1,252.47
OI08499,O02207,P001,5,378.87
OI08500,O03686,P007,1,345.2
OI08501,O03686,P060,2,349.64
OI08502,O03686,P020,4,62.75
OI08503,O04395,P059,4,10.1
OI08504,O05002,P007,4,345.2
OI08505,O05407,P003,3,215.44
OI08506,O05407,P030,3,268.92
OI08507,O05407,P053,2,123.07
OI08508,O05407,P059,5,10.1
OI08509,O05662,P034,1,271.08
OI08510,O05662,P030,3,268.92
OI08511,O01225,P001,3,378.87
OI08512,O01225,P036,2,15.81
OI08513,O01225,P044,5,356.11
OI08514,O01611,P024,5,29.52
OI08515,O01611,P021,5,443.61
OI08516,O02296,P020,4,62.75
OI08517,O02296,P011,1,54.4
OI08518,O02296,P034,5,271.08
OI08519,O02296,P033,1,68.48
OI08520,O00630,P002,2,181.52
OI08521,O00630,P040,5,296.82
OI08522,O00759,P041,4,76.71
OI08523,O00759,P058,4,114.8
OI08524,O00759,P016,1,407.27
OI08525,O03271,P054,3,310.0
OI08526,O03271,P008,3,157.6
OI08527,O03603,P047,3,116.76
OI08528,O03603,P023,2,350.04
OI08529,O03603,P049,4,34.75
OI08530,O04203,P015,3,441.96
OI08531,O04236,P004,1,27.73
OI08532,O04236,P022,4,301.4
OI08533,O04236,P003,1,215.44
OI08534,O04478,P046,3,23.84
OI08535,O04478,P002,3,181.52
OI08536,O04526,P053,2,123.07
OI08537,O04526,P044,2,356.11
OI08538,O04526,P058,4,114.8
OI08539,O04526,P002,1,181.52
OI08540,O05679,P040,5,296.82
OI08541,O05679,P016,4,407.27
OI08542,O05679,P034,5,271.08
OI08543,O05681,P037,3,193.81
OI08544,O05681,P047,3,116.76
OI08545,O00390,P038,5,133.77
OI08546,O00466,P053,4,123.07
OI08547,O00466,P018,3,212.07
OI08548,O01352,P013,2,417.94
OI08549,O01352,P024,2,24.8
OI08550,O01352,P048,5,111.08
OI08551,O01849,P039,2,409.81
OI08552,O02265,P023,2,350.04
OI08553,O02492,P012,4,86.46
OI08554,O03025,P005,1,267.21
OI08555,O03150,P041,3,76.71
OI08556,O03150,P035,3,67.39
OI08557,O03207,P010,2,383.82
OI08558,O03356,P043,5,447.66
OI08559,O03356,P007,2,345.2
OI08560,O03356,P028,1,185.4
OI08561,O04605,P021,2,372.63
OI08562,O04605,P047,4,116.76
OI08563,O04605,P029,2,384.93
OI08564,O05118,P042,4,358.05
OI08565,O05118,P022,1,301.4
OI08566,O05118,P029,1,384.93
OI08567,O00343,P029,2,384.93
OI08568,O00343,P020,3,52.71
OI08569,O00675,P010,4,383.82
OI08570,O00675,P020,4,52.71
OI08571,O00675,P034,2,271.08
OI08572,O01112,P024,2,24.8
OI08573,O01480,P005,2,267.21
OI08574,O01480,P006,5,380.87
OI08575,O01480,P036,3,15.81
OI08576,O01943,P006,1,380.87
OI08577,O01943,P007,1,345.2
OI08578,O01943,P051,4,389.34
OI08579,O01943,P003,3,215.44
OI08580,O02934,P023,2,350.04
OI08581,O04607,P029,1,384.93
OI08582,O04607,P027,1,9.99
OI08583,O05364,P023,3,350.04
OI08584,O05364,P014,4,11.23
OI08585,O05364,P008,5,157.6
OI08586,O05364,P009,2,384.59
OI08587,O00236,P013,2,417.94
OI08588,O00236,P033,5,68.48
OI08589,O01116,P034,1,271.08
OI08590,O01116,P036,2,15.81
OI08591,O01116,P008,5,157.6
OI08592,O01935,P060,4,349.64
OI08593,O01935,P049,5,34.75
OI08594,O02143,P039,5,409.81
OI08595,O02143,P044,4,356.11
OI08596,O02143,P027,5,9.99
OI08597,O03757,P056,5,28.94
OI08598,O03757,P030,1,268.92
OI08599,O03757,P049,4,34.75
OI08600,O04719,P053,4,123.07
OI08601,O04719,P021,5,372.63
OI08602,O04719,P012,5,86.46
OI08603,O05435,P035,1,67.39
OI08604,O05435,P037,1,193.81
OI08605,O00541,P017,1,328.55
OI08606,O00541,P054,5,310.0
OI08607,O00711,P005,1,267.21
OI08608,O00711,P036,1,15.81
OI08609,O00734,P013,5,417.94
OI08610,O00734,P005,4,267.21
OI08611,O01575,P030,3,268.92
OI08612,O01575,P031,4,90.92
OI08613,O01575,P012,4,86.46
OI08614,O01869,P003,3,215.44
OI08615,O01869,P010,4,383.82
OI08616,O01986,P025,4,349.98
OI08617,O01986,P032,4,364.88
OI08618,O01986,P040,5,296.82
OI08619,O01986,P012,1,86.46
OI08620,O03385,P032,3,364.88
OI08621,O03385,P048,3,111.08
OI08622,O03390,P005,4,267.21
OI08623,O03390,P033,5,68.48
OI08624,O03390,P057,2,91.24
OI08625,O03390,P002,2,181.52
OI08626,O03828,P050,4,182.2
OI08627,O03828,P039,1,409.81
OI08628,O03828,P024,3,24.8
OI08629,O03828,P059,3,10.1
OI08630,O05318,P019,4,113.74
OI08631,O05318,P007,5,345.2
OI08632,O02253,P042,5,358.05
OI08633,O02485,P003,4,215.44
OI08634,O02485,P011,5,54.4
OI08635,O03411,P012,5,86.46
OI08636,O03411,P006,5,380.87
OI08637,O04137,P025,1,349.98
OI08638,O04137,P052,4,155.23
OI08639,O04137,P008,2,157.6
OI08640,O04300,P027,4,9.99
OI08641,O04300,P001,2,378.87
OI08642,O05204,P012,4,86.46
OI08643,O05204,P033,5,68.48
OI08644,O05229,P006,5,380.87
OI08645,O05229,P005,3,267.21
OI08646,O00296,P033,4,68.48
OI08647,O00296,P047,2,116.76
OI08648,O00514,P012,5,86.46
OI08649,O00514,P036,1,15.81
OI08650,O00514,P003,1,215.44
OI08651,O00514,P030,2,268.92
OI08652,O00620,P046,4,23.84
OI08653,O03562,P014,2,11.23
OI08654,O03562,P051,5,389.34
OI08655,O03781,P038,3,133.77
OI08656,O03994,P009,5,384.59
OI08657,O03994,P030,4,268.92
OI08658,O03994,P001,1,378.87
OI08659,O04381,P035,1,67.39
OI08660,O04381,P039,5,409.81
OI08661,O04381,P054,2,310.0
OI08662,O00179,P004,4,27.73
OI08663,O00179,P054,2,310.0
OI08664,O01236,P024,1,24.8
OI08665,O01236,P035,5,67.39
OI08666,O01236,P030,3,268.92
OI08667,O01743,P042,1,358.05
OI08668,O05744,P016,4,407.27
OI08669,O05744,P045,4,296.59
OI08670,O05744,P060,4,349.64
OI08671,O00055,P021,4,372.63
OI08672,O00055,P005,5,267.21
OI08673,O00511,P040,3,296.82
OI08674,O00904,P027,3,9.99
OI08675,O01247,P047,1,116.76
OI08676,O01592,P050,2,182.2
OI08677,O01592,P060,5,349.64
OI08678,O01592,P037,1,193.81
OI08679,O01802,P040,3,296.82
OI08680,O01949,P012,1,86.46
OI08681,O01949,P024,3,24.8
OI08682,O02635,P020,5,52.71
OI08683,O03284,P011,4,54.4
OI08684,O03284,P031,1,90.92
OI08685,O03699,P013,5,417.94
OI08686,O03699,P053,3,123.07
OI08687,O03699,P049,2,34.75
OI08688,O03699,P007,2,345.2
OI08689,O04583,P010,5,383.82
OI08690,O04583,P006,1,380.87
OI08691,O04583,P034,2,271.08
OI08692,O04583,P024,2,24.8
OI08693,O00741,P011,4,54.4
OI08694,O00741,P050,3,182.2
OI08695,O00741,P037,2,193.81
OI08696,O00741,P057,2,91.24
OI08697,O01000,P021,4,372.63
OI08698,O01000,P014,2,11.23
OI08699,O01000,P060,2,349.64
OI08700,O01897,P002,1,181.52
OI08701,O01978,P058,2,114.8
OI08702,O01978,P032,4,364.88
OI08703,O02716,P043,3,447.66
OI08704,O02716,P058,4,114.8
OI08705,O02716,P008,3,157.6
OI08706,O02716,P021,1,372.63
OI08707,O03664,P054,4,310.0
OI08708,O03664,P020,5,52.71
OI08709,O03664,P058,4,114.8
OI08710,O03896,P015,1,441.96
OI08711,O03896,P029,5,384.93
OI08712,O03896,P060,5,349.64
OI08713,O05358,P007,5,345.2
OI08714,O05358,P041,2,76.71
OI08715,O00227,P048,4,111.08
OI08716,O00302,P037,1,193.81
OI08717,O00838,P007,4,345.2
OI08718,O00838,P033,5,68.48
OI08719,O01004,P049,2,34.75
OI08720,O01004,P046,2,23.84
OI08721,O01004,P048,4,111.08
OI08722,O01644,P044,2,356.11
OI08723,O01644,P009,5,384.59
OI08724,O01644,P042,1,358.05
OI08725,O02348,P022,3,301.4
OI08726,O02348,P013,5,417.94
OI08727,O02348,P019,1,113.74
OI08728,O03306,P044,2,356.11
OI08729,O03306,P024,1,24.8
OI08730,O04788,P007,2,345.2
OI08731,O04788,P035,3,67.39
OI08732,O04788,P033,1,68.48
OI08733,O04788,P003,5,215.44
OI08734,O05675,P026,5,29.64
OI08735,O05937,P017,3,328.55
OI08736,O05937,P014,4,11.23
OI08737,O00558,P025,2,349.98
OI08738,O01858,P013,2,417.94
OI08739,O01858,P048,1,111.08
OI08740,O03153,P020,2,52.71
OI08741,O03773,P054,5,310.0
OI08742,O03773,P058,5,114.8
OI08743,O03773,P031,4,90.92
OI08744,O05700,P047,3,116.76
OI08745,O05700,P032,4,364.88
OI08746,O05700,P028,5,185.4
OI08747,O05700,P055,4,29.47
OI08748,O00261,P053,1,123.07
OI08749,O00261,P039,3,409.81
OI08750,O00691,P052,1,155.23
OI08751,O00691,P047,1,116.76
OI08752,O00691,P041,5,76.71
OI08753,O01285,P057,2,91.24
OI08754,O01285,P015,4,441.96
OI08755,O02664,P035,2,67.39
OI08756,O02664,P005,1,267.21
OI08757,O02747,P055,1,29.47
OI08758,O03559,P024,4,24.8
OI08759,O03559,P005,3,267.21
OI08760,O03559,P032,3,364.88
OI08761,O03559,P057,2,91.24
OI08762,O04182,P009,5,384.59
OI08763,O04182,P020,5,52.71
OI08764,O04182,P041,2,76.71
OI08765,O04479,P025,3,349.98
OI08766,O00801,P044,4,356.11
OI08767,O00801,P007,2,345.2
OI08768,O00801,P013,3,417.94
OI08769,O03265,P013,1,417.94
OI08770,O03265,P014,3,11.23
OI08771,O03905,P051,5,389.34
OI08772,O04514,P005,4,267.21
OI08773,O04514,P060,4,349.64
OI08774,O04514,P010,4,383.82
OI08775,O05196,P009,3,384.59
OI08776,O05196,P022,2,301.4
OI08777,O00104,P017,3,328.55
OI08778,O00134,P060,1,349.64
OI08779,O00134,P021,1,372.63
OI08780,O00134,P022,2,301.4
OI08781,O00935,P036,3,15.81
OI08782,O00935,P042,3,358.05
OI08783,O01066,P029,5,384.93
OI08784,O01066,P047,5,116.76
OI08785,O01154,P051,5,389.34
OI08786,O01154,P058,1,114.8
OI08787,O01863,P060,2,349.64
OI08788,O03248,P046,4,23.84
OI08789,O03248,P055,3,29.47
OI08790,O03248,P035,1,67.39
OI08791,O03684,P048,1,146.16
OI08792,O03684,P057,2,91.24
OI08793,O03684,P003,3,215.44
OI08794,O03684,P006,5,380.87
OI08795,O04523,P007,3,345.2
OI08796,O05180,P039,5,409.81
OI08797,O05180,P059,3,10.1
OI08798,O05180,P018,5,212.07
OI08799,O00811,P010,2,383.82
OI08800,O00811,P055,5,29.47
OI08801,O00919,P023,3,350.04
OI08802,O00919,P042,5,358.05
OI08803,O01194,P032,5,364.88
OI08804,O01194,P042,5,358.05
OI08805,O01194,P034,5,271.08
OI08806,O02719,P017,3,328.55
OI08807,O02719,P035,3,67.39
OI08808,O02719,P031,5,90.92
OI08809,O03346,P019,4,113.74
OI08810,O03346,P032,4,364.88
OI08811,O03797,P043,1,447.66
OI08812,O03797,P045,1,296.59
OI08813,O05062,P031,4,90.92
OI08814,O00033,P028,3,185.4
OI08815,O00033,P057,2,91.24
OI08816,O00033,P043,4,447.66
OI08817,O01595,P025,4,349.98
OI08818,O01595,P002,5,181.52
OI08819,O01595,P032,2,364.88
OI08820,O02472,P042,4,358.05
OI08821,O04372,P020,5,52.71
OI08822,O04372,P052,4,155.23
OI08823,O04372,P012,2,86.46
OI08824,O04372,P003,1,215.44
OI08825,O05167,P023,3,350.04
OI08826,O05167,P055,3,29.47
OI08827,O05167,P011,3,54.4
OI08828,O01632,P038,2,133.77
OI08829,O03321,P044,3,356.11
OI08830,O03321,P018,3,212.07
OI08831,O03365,P052,5,155.23
OI08832,O03737,P040,2,296.82
OI08833,O03737,P046,2,23.84
OI08834,O03737,P019,3,113.74
OI08835,O00385,P005,3,267.21
OI08836,O00385,P055,4,29.47
OI08837,O00385,P006,1,380.87
OI08838,O01812,P022,1,301.4
OI08839,O01812,P037,2,193.81
OI08840,O01812,P047,3,116.76
OI08841,O03344,P050,5,182.2
OI08842,O03344,P055,2,29.47
OI08843,O03344,P042,4,358.05
OI08844,O03344,P043,2,447.66
OI08845,O03558,P035,2,67.39
OI08846,O03558,P052,4,155.23
OI08847,O05188,P035,1,67.39
OI08848,O05188,P011,4,54.4
OI08849,O05188,P036,5,15.81
OI08850,O00418,P053,5,123.07
OI08851,O00418,P036,2,15.81
OI08852,O00418,P039,1,409.81
OI08853,O00418,P008,4,157.6
OI08854,O02460,P056,1,28.94
OI08855,O02460,P040,4,296.82
OI08856,O04814,P057,5,91.24
OI08857,O04814,P019,1,113.74
OI08858,O05335,P018,1,212.07
OI08859,O05335,P033,4,68.48
OI08860,O05445,P019,2,113.74
OI08861,O00105,P059,3,10.1
OI08862,O01121,P007,1,345.2
OI08863,O01121,P038,5,133.77
OI08864,O01581,P037,2,193.81
OI08865,O01581,P006,2,380.87
OI08866,O01581,P016,2,407.27
OI08867,O02184,P010,3,383.82
OI08868,O02184,P056,3,28.94
OI08869,O02586,P020,5,52.71
OI08870,O02623,P024,1,24.8
OI08871,O03630,P003,1,215.44
OI08872,O03630,P033,3,68.48
OI08873,O03630,P022,2,301.4
OI08874,O03630,P021,1,372.63
OI08875,O04769,P014,2,11.23
OI08876,O04769,P034,5,271.08
OI08877,O04769,P025,1,349.98
OI08878,O04769,P030,3,268.92
OI08879,O04924,P037,2,193.81
OI08880,O05119,P057,4,91.24
OI08881,O05119,P047,1,116.76
OI08882,O05119,P058,5,114.8
OI08883,O05119,P001,5,378.87
OI08884,O05124,P018,4,212.07
OI08885,O05124,P032,5,364.88
OI08886,O05322,P023,1,350.04
OI08887,O05322,P009,1,384.59
OI08888,O05322,P006,4,380.87
OI08889,O05322,P014,1,11.23
OI08890,O05709,P032,4,364.88
OI08891,O05709,P036,1,15.81
OI08892,O00005,P049,3,34.75
OI08893,O00005,P052,2,155.23
OI08894,O02259,P048,2,146.16
OI08895,O02259,P036,2,15.81
OI08896,O02259,P054,2,310.0
OI08897,O02434,P019,3,113.74
OI08898,O02600,P047,5,116.76
OI08899,O02961,P028,1,185.4
OI08900,O03670,P031,2,90.92
OI08901,O03844,P059,2,10.1
OI08902,O03844,P016,5,407.27
OI08903,O03844,P054,4,310.0
OI08904,O04532,P022,3,301.4
OI08905,O04532,P050,1,182.2
OI08906,O04532,P041,1,76.71
OI08907,O04714,P012,1,86.46
OI08908,O04714,P056,5,28.94
OI08909,O05129,P019,1,113.74
OI08910,O00291,P008,1,157.6
OI08911,O00291,P059,1,10.1
OI08912,O00291,P020,4,52.71
OI08913,O00291,P033,1,68.48
OI08914,O00367,P023,1,350.04
OI08915,O00367,P009,1,384.59
OI08916,O01913,P036,2,15.81
OI08917,O02986,P057,3,91.24
OI08918,O02986,P014,1,11.23
OI08919,O02986,P013,1,417.94
OI08920,O02986,P037,2,193.81
OI08921,O03582,P024,2,24.8
OI08922,O03582,P011,5,54.4
OI08923,O03609,P009,1,384.59
OI08924,O03609,P022,3,301.4
OI08925,O03609,P024,4,24.8
OI08926,O00189,P001,4,378.87
OI08927,O00189,P020,2,52.71
OI08928,O00189,P022,3,301.4
OI08929,O00361,P031,1,90.92
OI08930,O00361,P035,4,67.39
OI08931,O00395,P005,3,267.21
OI08932,O01128,P045,2,296.59
OI08933,O01965,P032,3,364.88
OI08934,O02980,P044,4,356.11
OI08935,O02980,P047,4,116.76
OI08936,O02980,P050,5,182.2
OI08937,O05569,P035,4,67.39
OI08938,O00147,P017,5,328.55
OI08939,O00147,P051,1,389.34
OI08940,O01424,P012,2,86.46
OI08941,O01424,P049,3,34.75
OI08942,O01424,P007,3,345.2
OI08943,O01424,P036,3,15.81
OI08944,O04577,P052,2,155.23
OI08945,O04577,P010,5,383.82
OI08946,O04689,P021,3,372.63
OI08947,O04689,P028,1,185.4
OI08948,O04689,P051,5,389.34
OI08949,O04689,P032,3,364.88
OI08950,O01476,P002,1,181.52
OI08951,O01476,P048,3,146.16
OI08952,O01561,P038,5,133.77
OI08953,O01561,P031,5,90.92
OI08954,O01561,P005,1,267.21
OI08955,O01561,P029,5,384.93
OI08956,O01718,P049,5,34.75
OI08957,O01718,P014,3,11.23
OI08958,O02173,P053,2,123.07
OI08959,O02173,P018,3,252.47
OI08960,O02456,P051,4,389.34
OI08961,O02818,P033,3,68.48
OI08962,O02818,P019,3,135.4
OI08963,O02818,P037,5,193.81
OI08964,O03589,P007,5,345.2
OI08965,O03734,P008,1,157.6
OI08966,O03784,P040,4,296.82
OI08967,O03784,P006,3,380.87
OI08968,O03784,P030,2,268.92
OI08969,O04256,P017,2,391.13
OI08970,O04256,P049,2,34.75
OI08971,O04256,P010,3,383.82
OI08972,O05073,P024,2,29.52
OI08973,O05073,P043,1,447.66
OI08974,O05842,P006,2,380.87
OI08975,O05842,P029,2,384.93
OI08976,O05842,P001,3,378.87
OI08977,O05857,P054,5,310.0
OI08978,O05944,P056,1,28.94
OI08979,O01866,P058,5,114.8
OI08980,O01866,P028,2,185.4
OI08981,O02526,P008,3,157.6
OI08982,O02526,P044,1,356.11
OI08983,O02526,P018,4,252.47
OI08984,O02526,P017,3,391.13
OI08985,O03096,P028,2,185.4
OI08986,O03096,P047,2,116.76
OI08987,O03096,P045,5,296.59
OI08988,O04206,P017,5,391.13
OI08989,O04206,P042,1,358.05
OI08990,O04206,P024,2,29.52
OI08991,O04675,P029,3,384.93
OI08992,O04675,P020,4,62.75
OI08993,O04675,P054,5,310.0
OI08994,O05655,P020,2,62.75
OI08995,O05655,P006,2,380.87
OI08996,O05958,P022,1,358.81
OI08997,O05958,P036,5,15.81
OI08998,O01275,P060,3,349.64
OI08999,O01275,P008,3,157.6
OI09000,O01717,P050,1,182.2
OI09001,O01839,P035,5,67.39
OI09002,O01839,P022,2,358.81
OI09003,O01839,P024,3,29.52
OI09004,O01886,P041,3,76.71
OI09005,O01886,P010,2,383.82
OI09006,O01886,P015,4,441.96
OI09007,O03048,P042,5,358.05
OI09008,O04020,P034,5,271.08
OI09009,O04020,P047,3,116.76
OI09010,O04156,P041,4,76.71
OI09011,O04156,P052,4,155.23
OI09012,O04404,P001,4,378.87
OI09013,O04404,P025,1,349.98
OI09014,O04584,P027,2,9.99
OI09015,O04584,P054,4,310.0
OI09016,O01007,P017,2,391.13
OI09017,O01007,P054,1,310.0
OI09018,O01007,P033,4,68.48
OI09019,O02152,P054,1,310.0
OI09020,O02152,P050,1,182.2
OI09021,O02152,P001,5,378.87
OI09022,O02152,P021,3,443.61
OI09023,O04644,P010,3,383.82
OI09024,O04644,P024,1,29.52
OI09025,O04821,P042,1,358.05
OI09026,O05820,P057,4,91.24
OI09027,O05820,P010,3,383.82
OI09028,O05820,P018,1,252.47
OI09029,O05820,P024,2,29.52
OI09030,O05914,P037,4,193.81
OI09031,O05914,P014,3,11.23
OI09032,O05914,P034,3,271.08
OI09033,O05914,P010,1,383.82
OI09034,O00027,P038,1,133.77
OI09035,O00337,P057,2,91.24
OI09036,O00337,P025,5,349.98
OI09037,O00337,P007,4,345.2
OI09038,O00337,P016,3,407.27
OI09039,O01355,P033,2,68.48
OI09040,O01355,P045,5,296.59
OI09041,O01355,P020,5,62.75
OI09042,O01386,P013,5,417.94
OI09043,O01386,P048,5,146.16
OI09044,O01386,P022,2,358.81
OI09045,O01713,P011,3,54.4
OI09046,O01713,P044,5,356.11
OI09047,O02854,P006,2,380.87
OI09048,O02854,P059,1,10.1
OI09049,O02854,P034,2,271.08
OI09050,O02854,P054,3,310.0
OI09051,O03590,P005,2,267.21
OI09052,O03590,P024,3,29.52
OI09053,O03590,P019,5,135.4
OI09054,O04705,P048,4,146.16
OI09055,O05362,P050,2,182.2
OI09056,O05362,P043,3,447.66
OI09057,O05362,P020,4,62.75
OI09058,O05828,P053,2,123.07
OI09059,O05828,P057,5,91.24
OI09060,O01084,P014,2,11.23
OI09061,O01084,P052,3,155.23
OI09062,O01084,P004,5,27.73
OI09063,O01261,P029,5,384.93
OI09064,O01261,P030,4,268.92
OI09065,O01261,P058,1,114.8
OI09066,O02729,P057,2,91.24
OI09067,O02729,P050,1,182.2
OI09068,O02729,P047,2,116.76
OI09069,O04547,P044,1,356.11
OI09070,O04547,P029,2,384.93
OI09071,O04547,P032,1,364.88
OI09072,O04547,P026,5,29.64
OI09073,O04938,P012,3,86.46
OI09074,O05431,P054,4,310.0
OI09075,O05556,P014,2,11.23
OI09076,O05556,P048,1,146.16
OI09077,O00724,P008,4,157.6
OI09078,O00872,P032,1,364.88
OI09079,O00872,P036,3,15.81
OI09080,O01952,P051,2,389.34
OI09081,O01952,P060,4,349.64
OI09082,O01952,P001,4,378.87
OI09083,O01967,P037,2,193.81
OI09084,O01967,P002,2,181.52
OI09085,O01967,P034,5,271.08
OI09086,O03113,P010,2,383.82
OI09087,O03113,P023,4,416.72
OI09088,O03113,P014,5,11.23
OI09089,O03113,P047,5,116.76
OI09090,O03587,P027,2,9.99
OI09091,O05754,P028,5,185.4
OI09092,O05754,P048,3,146.16
OI09093,O05754,P013,4,417.94
OI09094,O00339,P034,2,271.08
OI09095,O00781,P016,3,407.27
OI09096,O00781,P040,5,296.82
OI09097,O03012,P004,2,27.73
OI09098,O03012,P042,2,358.05
OI09099,O03958,P011,4,54.4
OI09100,O03958,P052,2,155.23
OI09101,O03958,P016,2,407.27
OI09102,O04940,P025,5,349.98
OI09103,O04940,P040,5,296.82
OI09104,O04940,P035,4,67.39
OI09105,O04995,P005,3,267.21
OI09106,O04995,P019,1,135.4
OI09107,O05302,P020,5,62.75
OI09108,O05302,P024,5,29.52
OI09109,O00225,P007,4,345.2
OI09110,O01051,P054,2,310.0
OI09111,O01051,P040,3,296.82
OI09112,O01051,P022,3,358.81
OI09113,O01527,P014,3,11.23
OI09114,O01527,P018,5,252.47
OI09115,O03186,P001,2,378.87
OI09116,O03588,P010,2,383.82
OI09117,O03824,P024,2,29.52
OI09118,O04410,P009,1,384.59
OI09119,O04410,P004,5,27.73
OI09120,O04410,P040,3,296.82
OI09121,O04932,P048,4,146.16
OI09122,O04932,P051,5,389.34
OI09123,O04932,P016,2,407.27
OI09124,O05008,P057,5,91.24
OI09125,O05008,P020,1,62.75
OI09126,O05792,P053,3,123.07
OI09127,O05863,P003,3,215.44
OI09128,O00028,P048,2,146.16
OI09129,O00028,P045,1,296.59
OI09130,O00028,P047,3,116.76
OI09131,O01228,P035,2,67.39
OI09132,O01228,P033,3,68.48
OI09133,O01228,P040,1,296.82
OI09134,O01816,P032,2,364.88
OI09135,O01816,P010,4,383.82
OI09136,O03416,P007,1,345.2
OI09137,O03416,P019,4,135.4
OI09138,O04015,P021,5,443.61
OI09139,O04700,P044,1,356.11
OI09140,O04700,P007,2,345.2
OI09141,O04700,P053,1,123.07
OI09142,O05476,P060,2,349.64
OI09143,O05476,P056,5,28.94
OI09144,O05476,P046,5,23.84
OI09145,O05526,P026,3,29.64
OI09146,O05526,P045,2,296.59
OI09147,O05555,P007,4,345.2
OI09148,O00166,P056,1,28.94
OI09149,O00166,P053,2,123.07
OI09150,O00166,P018,2,252.47
OI09151,O02517,P040,3,296.82
OI09152,O02517,P009,2,384.59
OI09153,O02517,P011,5,54.4
OI09154,O02517,P053,5,123.07
OI09155,O03615,P050,5,182.2
OI09156,O03851,P027,5,9.99
OI09157,O03851,P023,3,416.72
OI09158,O03851,P004,5,27.73
OI09159,O03857,P036,2,15.81
OI09160,O03857,P007,3,345.2
OI09161,O04165,P058,1,114.8
OI09162,O04165,P016,5,407.27
OI09163,O04165,P023,2,416.72
OI09164,O04165,P008,4,157.6
OI09165,O05608,P043,1,447.66
OI09166,O05642,P057,2,91.24
OI09167,O05642,P018,4,252.47
OI09168,O05983,P049,3,34.75
OI09169,O05983,P054,5,310.0
OI09170,O05983,P021,2,443.61
OI09171,O00728,P002,5,181.52
OI09172,O00728,P034,3,271.08
OI09173,O00728,P038,4,133.77
OI09174,O00728,P037,1,193.81
OI09175,O02744,P019,4,135.4
OI09176,O02744,P001,1,378.87
OI09177,O02744,P053,4,123.07
OI09178,O02744,P054,2,310.0
OI09179,O03427,P043,5,447.66
OI09180,O03979,P054,5,310.0
OI09181,O03979,P017,2,391.13
OI09182,O03979,P052,4,155.23
OI09183,O04871,P052,4,155.23
OI09184,O04871,P014,1,11.23
OI09185,O05787,P034,4,271.08
OI09186,O05787,P005,1,267.21
OI09187,O00023,P001,1,378.87
OI09188,O00023,P021,4,443.61
OI09189,O00071,P037,2,193.81
OI09190,O00071,P056,3,28.94
OI09191,O00743,P047,3,116.76
OI09192,O00743,P029,4,384.93
OI09193,O00821,P029,2,384.93
OI09194,O01498,P038,3,133.77
OI09195,O02322,P043,3,447.66
OI09196,O02322,P035,2,67.39
OI09197,O02322,P018,4,252.47
OI09198,O02322,P059,3,10.1
OI09199,O04176,P008,1,157.6
OI09200,O04685,P014,5,11.23
OI09201,O04869,P058,3,114.8
OI09202,O05786,P007,2,345.2
OI09203,O00007,P033,3,68.48
OI09204,O00007,P012,1,86.46
OI09205,O00078,P016,4,407.27
OI09206,O00309,P041,1,76.71
OI09207,O00309,P045,4,296.59
OI09208,O00461,P006,5,380.87
OI09209,O00461,P018,1,252.47
OI09210,O00461,P015,3,441.96
OI09211,O00461,P005,3,267.21
OI09212,O00598,P008,2,157.6
OI09213,O00598,P011,2,54.4
OI09214,O00598,P019,3,135.4
OI09215,O00798,P043,2,447.66
OI09216,O00798,P021,1,443.61
OI09217,O00798,P039,4,409.81
OI09218,O02130,P038,5,133.77
OI09219,O02607,P052,1,155.23
OI09220,O02607,P015,5,441.96
OI09221,O02607,P005,1,267.21
OI09222,O03093,P045,1,296.59
OI09223,O03093,P021,3,443.61
OI09224,O03093,P003,4,215.44
OI09225,O03093,P030,3,268.92
OI09226,O03611,P045,4,296.59
OI09227,O03611,P026,5,29.64
OI09228,O03611,P056,3,28.94
OI09229,O03929,P009,3,384.59
OI09230,O03929,P048,3,146.16
OI09231,O03929,P019,2,135.4
OI09232,O03929,P017,1,391.13
OI09233,O01001,P016,1,407.27
OI09234,O01001,P055,4,29.47
OI09235,O01673,P037,3,193.81
OI09236,O01673,P045,3,296.59
OI09237,O01760,P051,3,389.34
OI09238,O01760,P024,4,29.52
OI09239,O01760,P031,1,90.92
OI09240,O01760,P010,4,383.82
OI09241,O02497,P035,2,67.39
OI09242,O02497,P017,3,391.13
OI09243,O05049,P004,5,27.73
OI09244,O05049,P003,5,215.44
OI09245,O05049,P033,3,68.48
OI09246,O05874,P003,4,215.44
OI09247,O01385,P005,3,267.21
OI09248,O02044,P026,3,29.64
OI09249,O05755,P030,2,268.92
OI09250,O05755,P008,1,157.6
OI09251,O05755,P014,4,11.23
OI09252,O05755,P059,4,10.1
OI09253,O01268,P050,4,182.2
OI09254,O01268,P017,3,391.13
OI09255,O01268,P038,1,133.77
OI09256,O01268,P043,4,447.66
OI09257,O01833,P022,5,358.81
OI09258,O01833,P051,1,389.34
OI09259,O01833,P036,5,15.81
OI09260,O01951,P033,2,68.48
OI09261,O02721,P003,2,215.44
OI09262,O02721,P029,5,384.93
OI09263,O02721,P022,3,358.81
OI09264,O02931,P004,4,27.73
OI09265,O02931,P057,2,91.24
OI09266,O02931,P049,1,34.75
OI09267,O02931,P005,5,267.21
OI09268,O03316,P003,2,215.44
OI09269,O03316,P002,1,181.52
OI09270,O03316,P030,1,268.92
OI09271,O03316,P050,4,182.2
OI09272,O00489,P020,5,62.75
OI09273,O00489,P042,3,358.05
OI09274,O01588,P005,2,267.21
OI09275,O01588,P002,1,181.52
OI09276,O02273,P010,1,383.82
OI09277,O02310,P048,3,146.16
OI09278,O02310,P027,3,9.99
OI09279,O03627,P052,5,155.23
OI09280,O03627,P060,4,349.64
OI09281,O04640,P051,5,389.34
OI09282,O04640,P019,2,135.4
OI09283,O05111,P034,5,271.08
OI09284,O05111,P021,3,443.61
OI09285,O05111,P026,4,20.75
OI09286,O05283,P027,4,9.99
OI09287,O05283,P030,2,268.92
OI09288,O05402,P028,5,185.4
OI09289,O05402,P050,2,182.2
OI09290,O05402,P009,2,384.59
OI09291,O05402,P024,4,29.52
OI09292,O05552,P020,2,62.75
OI09293,O01578,P004,2,27.73
OI09294,O01578,P011,4,54.4
OI09295,O01813,P008,3,157.6
OI09296,O04139,P032,3,364.88
OI09297,O04139,P039,1,409.81
OI09298,O04594,P057,3,91.24
OI09299,O04594,P055,3,29.47
OI09300,O04594,P043,3,447.66
OI09301,O04694,P026,4,20.75
OI09302,O04694,P020,3,62.75
OI09303,O04694,P055,2,29.47
OI09304,O05458,P005,2,267.21
OI09305,O05458,P041,4,76.71
OI09306,O00168,P001,4,378.87
OI09307,O00168,P030,1,268.92
OI09308,O00168,P050,4,182.2
OI09309,O00168,P053,2,123.07
OI09310,O01229,P033,1,68.48
OI09311,O01780,P034,4,271.08
OI09312,O01780,P010,5,383.82
OI09313,O03276,P040,3,296.82
OI09314,O03276,P002,4,181.52
OI09315,O03276,P016,4,407.27
OI09316,O03749,P058,3,114.8
OI09317,O04153,P060,4,349.64
OI09318,O04153,P002,2,181.52
OI09319,O04153,P044,5,356.11
OI09320,O04153,P006,1,380.87
OI09321,O04350,P021,1,443.61
OI09322,O04350,P047,1,116.76
OI09323,O04772,P039,4,409.81
OI09324,O05427,P049,5,34.75
OI09325,O05427,P019,2,135.4
OI09326,O00350,P007,3,345.2
OI09327,O00350,P014,1,11.23
OI09328,O00364,P016,4,407.27
OI09329,O00364,P006,4,380.87
OI09330,O01073,P037,1,193.81
OI09331,O01073,P014,2,11.23
OI09332,O01073,P015,3,441.96
OI09333,O02470,P035,5,67.39
OI09334,O02655,P006,2,380.87
OI09335,O03117,P013,1,417.94
OI09336,O03232,P023,4,416.72
OI09337,O03232,P007,1,345.2
OI09338,O03232,P010,3,383.82
OI09339,O03232,P033,5,68.48
OI09340,O03327,P004,5,27.73
OI09341,O03835,P025,4,349.98
OI09342,O03835,P032,2,364.88
OI09343,O03835,P019,5,135.4
OI09344,O05976,P006,3,380.87
OI09345,O05976,P013,1,417.94
OI09346,O02159,P006,5,380.87
OI09347,O02159,P029,2,384.93
OI09348,O02634,P057,3,91.24
OI09349,O02634,P001,4,378.87
OI09350,O02634,P053,1,123.07
OI09351,O02634,P005,4,267.21
OI09352,O04931,P008,1,157.6
OI09353,O04931,P003,1,215.44
OI09354,O04931,P029,5,384.93
OI09355,O04931,P006,5,380.87
OI09356,O05023,P010,5,383.82
OI09357,O05023,P024,4,29.52
OI09358,O05023,P058,4,114.8
OI09359,O05892,P022,3,358.81
OI09360,O05892,P024,3,29.52
OI09361,O00273,P015,2,441.96
OI09362,O00273,P004,3,27.73
OI09363,O00554,P044,3,356.11
OI09364,O00554,P004,4,27.73
OI09365,O00554,P018,1,252.47
OI09366,O01473,P026,5,20.75
OI09367,O01473,P049,1,34.75
OI09368,O01473,P005,5,267.21
OI09369,O01564,P060,2,349.64
OI09370,O01564,P016,4,407.27
OI09371,O01564,P007,2,345.2
OI09372,O02833,P060,4,349.64
OI09373,O03924,P011,3,54.4
OI09374,O03924,P022,1,358.81
OI09375,O03924,P027,3,9.99
OI09376,O04074,P006,2,380.87
OI09377,O04074,P041,3,76.71
OI09378,O04382,P032,3,364.88
OI09379,O04382,P034,3,271.08
OI09380,O04382,P004,4,27.73
OI09381,O05372,P003,2,215.44
OI09382,O05372,P010,3,383.82
OI09383,O05969,P014,1,11.23
OI09384,O05969,P016,1,407.27
OI09385,O05969,P007,2,345.2
OI09386,O00184,P007,4,345.2
OI09387,O00184,P059,3,10.1
OI09388,O00184,P005,3,267.21
OI09389,O00755,P048,1,146.16
OI09390,O00755,P042,3,358.05
OI09391,O00956,P028,3,185.4
OI09392,O00956,P050,2,182.2
OI09393,O00956,P024,1,29.52
OI09394,O01027,P048,3,146.16
OI09395,O01104,P040,5,296.82
OI09396,O01104,P058,5,114.8
OI09397,O01394,P057,3,91.24
OI09398,O01394,P027,3,9.99
OI09399,O04539,P034,3,271.08
OI09400,O04750,P057,1,91.24
OI09401,O04750,P020,4,62.75
OI09402,O04750,P034,1,271.08
OI09403,O00043,P014,2,11.23
OI09404,O02930,P051,5,389.34
OI09405,O02930,P037,1,193.81
OI09406,O02930,P028,3,185.4
OI09407,O02972,P036,4,15.81
OI09408,O02972,P014,1,11.23
OI09409,O03301,P029,3,384.93
OI09410,O04711,P035,5,67.39
OI09411,O04711,P058,3,114.8
OI09412,O04971,P011,5,54.4
OI09413,O04971,P029,4,384.93
OI09414,O04971,P007,2,345.2
OI09415,O05737,P013,4,417.94
OI09416,O05777,P056,1,28.94
OI09417,O05777,P024,4,29.52
OI09418,O05777,P003,5,215.44
OI09419,O05777,P029,3,384.93
OI09420,O05848,P044,2,356.11
OI09421,O01222,P021,5,443.61
OI09422,O01222,P003,1,165.89
OI09423,O01222,P027,2,9.99
OI09424,O01251,P036,3,15.81
OI09425,O01251,P041,3,76.71
OI09426,O01251,P033,5,68.48
OI09427,O01251,P042,1,358.05
OI09428,O01269,P003,3,165.89
OI09429,O01269,P038,3,133.77
OI09430,O01269,P040,3,296.82
OI09431,O02649,P055,4,29.47
OI09432,O02649,P028,1,185.4
OI09433,O02649,P037,2,193.81
OI09434,O02649,P049,1,34.75
OI09435,O02650,P049,3,34.75
OI09436,O02650,P046,3,23.84
OI09437,O03445,P057,1,91.24
OI09438,O03445,P015,1,441.96
OI09439,O03445,P049,4,34.75
OI09440,O03445,P005,2,205.75
OI09441,O04511,P028,4,185.4
OI09442,O04538,P049,4,34.75
OI09443,O04538,P037,1,193.81
OI09444,O04538,P038,4,133.77
OI09445,O03004,P044,3,356.11
OI09446,O03004,P019,2,135.4
OI09447,O03004,P041,1,76.71
OI09448,O03004,P022,5,358.81
OI09449,O03298,P059,4,10.1
OI09450,O03298,P060,1,349.64
OI09451,O03298,P036,4,15.81
OI09452,O03298,P047,5,116.76
OI09453,O03919,P045,2,296.59
OI09454,O03919,P056,2,28.94
OI09455,O03919,P027,2,9.99
OI09456,O04231,P050,3,182.2
OI09457,O04231,P004,4,21.35
OI09458,O04231,P016,3,407.27
OI09459,O04815,P007,2,265.8
OI09460,O04815,P047,5,116.76
OI09461,O04815,P030,4,268.92
OI09462,O04815,P025,3,349.98
OI09463,O05249,P056,1,28.94
OI09464,O00441,P005,4,205.75
OI09465,O00883,P013,5,417.94
OI09466,O00883,P005,3,205.75
OI09467,O01214,P028,1,185.4
OI09468,O01214,P054,5,310.0
OI09469,O01214,P018,4,252.47
OI09470,O01733,P009,5,384.59
OI09471,O01733,P039,2,409.81
OI09472,O02282,P037,5,193.81
OI09473,O02282,P045,2,296.59
OI09474,O02282,P044,5,356.11
OI09475,O02332,P029,2,384.93
OI09476,O02332,P038,2,133.77
OI09477,O02332,P058,1,114.8
OI09478,O02979,P038,4,133.77
OI09479,O02979,P042,1,358.05
OI09480,O02979,P015,3,441.96
OI09481,O03502,P024,2,29.52
OI09482,O03502,P019,2,135.4
OI09483,O03502,P056,4,28.94
OI09484,O03537,P009,2,384.59
OI09485,O03537,P050,4,182.2
OI09486,O03537,P036,4,15.81
OI09487,O04052,P050,1,182.2
OI09488,O04878,P037,2,193.81
OI09489,O04878,P028,3,185.4
OI09490,O05621,P042,3,358.05
OI09491,O00574,P006,5,293.27
OI09492,O00574,P015,1,441.96
OI09493,O00574,P016,1,407.27
OI09494,O01127,P053,2,123.07
OI09495,O01127,P011,2,54.4
OI09496,O01127,P021,4,443.61
OI09497,O01134,P059,3,10.1
OI09498,O01134,P033,3,68.48
OI09499,O01134,P047,3,116.76
OI09500,O01186,P015,3,441.96
OI09501,O01736,P035,5,67.39
OI09502,O02765,P021,1,443.61
OI09503,O02890,P007,5,265.8
OI09504,O02890,P033,2,68.48
OI09505,O02890,P006,4,293.27
OI09506,O03138,P059,2,10.1
OI09507,O03434,P006,1,293.27
OI09508,O03434,P029,2,384.93
OI09509,O03434,P035,5,67.39
OI09510,O04713,P055,1,29.47
OI09511,O04713,P048,2,146.16
OI09512,O05461,P045,2,296.59
OI09513,O05461,P036,4,15.81
OI09514,O05856,P024,5,29.52
OI09515,O00757,P015,5,441.96
OI09516,O00757,P048,1,146.16
OI09517,O00757,P017,3,391.13
OI09518,O00778,P035,1,67.39
OI09519,O00778,P048,5,146.16
OI09520,O01182,P042,4,358.05
OI09521,O01292,P052,3,155.23
OI09522,O01292,P041,5,76.71
OI09523,O01691,P033,4,68.48
OI09524,O01691,P019,2,135.4
OI09525,O02164,P030,2,268.92
OI09526,O03413,P038,2,133.77
OI09527,O03413,P014,1,11.23
OI09528,O03413,P050,2,182.2
OI09529,O03413,P060,4,349.64
OI09530,O03415,P029,4,384.93
OI09531,O03415,P048,3,146.16
OI09532,O04641,P001,4,291.73
OI09533,O05669,P021,1,443.61
OI09534,O05669,P029,5,384.93
OI09535,O00379,P043,4,447.66
OI09536,O00379,P059,1,10.1
OI09537,O00379,P032,1,364.88
OI09538,O00578,P035,2,67.39
OI09539,O00941,P044,4,356.11
OI09540,O00941,P048,1,146.16
OI09541,O00941,P038,4,133.77
OI09542,O00941,P005,2,205.75
OI09543,O01141,P021,3,443.61
OI09544,O01141,P008,4,121.35
OI09545,O01661,P017,3,391.13
OI09546,O01661,P009,4,384.59
OI09547,O01661,P023,5,416.72
OI09548,O02337,P049,4,34.75
OI09549,O02423,P037,5,193.81
OI09550,O02423,P027,2,9.99
OI09551,O02423,P021,4,443.61
OI09552,O02423,P044,4,356.11
OI09553,O02461,P001,1,291.73
OI09554,O03212,P007,3,265.8
OI09555,O03738,P043,2,447.66
OI09556,O03738,P021,4,443.61
OI09557,O04460,P022,2,358.81
OI09558,O04460,P004,3,21.35
OI09559,O04939,P019,1,135.4
OI09560,O04939,P006,4,293.27
OI09561,O04939,P051,1,389.34
OI09562,O04939,P002,4,139.77
OI09563,O01771,P017,2,391.13
OI09564,O01771,P003,3,165.89
OI09565,O01771,P039,2,409.81
OI09566,O01771,P056,4,28.94
OI09567,O02268,P053,2,123.07
OI09568,O02268,P025,2,349.98
OI09569,O02268,P044,1,356.11
OI09570,O02358,P002,4,139.77
OI09571,O02544,P003,3,165.89
OI09572,O02544,P049,5,34.75
OI09573,O03081,P059,2,10.1
OI09574,O03081,P029,5,384.93
OI09575,O03081,P055,1,29.47
OI09576,O04842,P057,1,91.24
OI09577,O04842,P020,5,62.75
OI09578,O04915,P056,1,28.94
OI09579,O05069,P045,5,296.59
OI09580,O05566,P015,2,441.96
OI09581,O05566,P031,3,90.92
OI09582,O05566,P021,5,443.61
OI09583,O01223,P004,4,21.35
OI09584,O01223,P036,1,15.81
OI09585,O01675,P041,1,76.71
OI09586,O01675,P053,2,123.07
OI09587,O02364,P037,3,193.81
OI09588,O02364,P049,3,34.75
OI09589,O02364,P028,2,185.4
OI09590,O04122,P038,5,133.77
OI09591,O00971,P043,1,447.66
OI09592,O00971,P027,3,9.99
OI09593,O00971,P002,3,139.77
OI09594,O01444,P023,1,416.72
OI09595,O02401,P017,1,391.13
OI09596,O02401,P007,3,265.8
OI09597,O05032,P056,4,28.94
OI09598,O05949,P030,1,268.92
OI09599,O05949,P001,5,291.73
OI09600,O05949,P057,5,91.24
OI09601,O01067,P059,2,10.1
OI09602,O01360,P026,2,29.64
OI09603,O01360,P047,1,116.76
OI09604,O01360,P040,5,296.82
OI09605,O01410,P037,5,193.81
OI09606,O01545,P057,5,91.24
OI09607,O01545,P009,3,384.59
OI09608,O02345,P034,4,271.08
OI09609,O02345,P045,1,296.59
OI09610,O02345,P013,1,417.94
OI09611,O03375,P043,1,447.66
OI09612,O03068,P016,4,407.27
OI09613,O03706,P047,5,116.76
OI09614,O03706,P010,2,383.82
OI09615,O05337,P031,1,90.92
OI09616,O05337,P022,1,358.81
OI09617,O00628,P041,4,76.71
OI09618,O00628,P038,2,133.77
OI09619,O00832,P056,5,28.94
OI09620,O00832,P057,2,91.24
OI09621,O02250,P030,1,268.92
OI09622,O04435,P057,3,91.24
OI09623,O04435,P024,3,29.52
OI09624,O04435,P016,3,407.27
OI09625,O05447,P005,2,205.75
OI09626,O05447,P056,5,28.94
OI09627,O05447,P011,4,54.4
OI09628,O05447,P014,4,11.23
OI09629,O05953,P048,2,146.16
OI09630,O02418,P002,4,139.77
OI09631,O02910,P051,4,389.34
OI09632,O03953,P024,4,29.52
OI09633,O03953,P040,3,296.82
OI09634,O03953,P027,1,9.99
OI09635,O03953,P056,3,28.94
OI09636,O04128,P023,1,416.72
OI09637,O04128,P018,3,252.47
OI09638,O05331,P027,5,9.99
OI09639,O05331,P016,1,407.27
OI09640,O05331,P037,2,193.81
OI09641,O05331,P022,3,358.81
OI09642,O00491,P005,4,205.75
OI09643,O00491,P012,3,86.46
OI09644,O00491,P028,3,185.4
OI09645,O01044,P035,3,67.39
OI09646,O02291,P025,5,349.98
OI09647,O02291,P023,2,416.72
OI09648,O02291,P034,2,271.08
OI09649,O03283,P047,2,116.76
OI09650,O03283,P029,3,384.93
OI09651,O03283,P033,3,68.48
OI09652,O03596,P036,2,15.81
OI09653,O03596,P058,1,114.8
OI09654,O04893,P001,5,291.73
OI09655,O04893,P012,3,86.46
OI09656,O00387,P023,3,416.72
OI09657,O00387,P055,1,29.47
OI09658,O00387,P048,2,146.16
OI09659,O00387,P029,3,384.93
OI09660,O00506,P035,1,67.39
OI09661,O01901,P020,2,62.75
OI09662,O01901,P048,2,146.16
OI09663,O01901,P024,5,29.52
OI09664,O02252,P005,3,205.75
OI09665,O02252,P035,2,67.39
OI09666,O02646,P033,2,68.48
OI09667,O02646,P047,2,116.76
OI09668,O02783,P032,3,364.88
OI09669,O02783,P005,1,205.75
OI09670,O02783,P036,5,15.81
OI09671,O02783,P044,3,356.11
OI09672,O03453,P042,2,358.05
OI09673,O03567,P034,2,271.08
OI09674,O03567,P001,1,291.73
OI09675,O03567,P039,1,409.81
OI09676,O04595,P049,4,34.75
OI09677,O04595,P060,2,349.64
OI09678,O04595,P017,2,391.13
OI09679,O04595,P056,1,28.94
OI09680,O03238,P048,3,146.16
OI09681,O03238,P049,5,34.75
OI09682,O04540,P029,2,384.93
OI09683,O02030,P054,4,310.0
OI09684,O02030,P055,2,29.47
OI09685,O02192,P022,4,358.81
OI09686,O02192,P036,1,15.81
OI09687,O02342,P036,2,15.81
OI09688,O02372,P012,4,86.46
OI09689,O02372,P057,5,91.24
OI09690,O02372,P053,5,123.07
OI09691,O03185,P009,2,384.59
OI09692,O03185,P043,2,447.66
OI09693,O03223,P019,4,135.4
OI09694,O03223,P023,4,416.72
OI09695,O03223,P045,4,296.59
OI09696,O03396,P055,2,29.47
OI09697,O03396,P015,1,441.96
OI09698,O03440,P006,3,293.27
OI09699,O03440,P050,2,182.2
OI09700,O03927,P037,1,193.81
OI09701,O03927,P004,1,21.35
OI09702,O03927,P026,4,29.64
OI09703,O00619,P044,2,356.11
OI09704,O01523,P033,3,68.48
OI09705,O01523,P020,2,62.75
OI09706,O01523,P002,3,139.77
OI09707,O02642,P048,2,146.16
OI09708,O02642,P027,4,9.99
OI09709,O02642,P004,3,21.35
OI09710,O03050,P004,2,21.35
OI09711,O04064,P028,5,185.4
OI09712,O04064,P008,3,121.35
OI09713,O04064,P040,2,296.82
OI09714,O04324,P019,2,135.4
OI09715,O04324,P038,3,133.77
OI09716,O04324,P026,5,29.64
OI09717,O00890,P043,3,447.66
OI09718,O01706,P054,5,310.0
OI09719,O01706,P048,1,146.16
OI09720,O01706,P010,1,383.82
OI09721,O01888,P021,2,443.61
OI09722,O02251,P019,4,135.4
OI09723,O02251,P021,2,443.61
OI09724,O02251,P035,5,67.39
OI09725,O02977,P035,5,67.39
OI09726,O03820,P009,2,384.59
OI09727,O03820,P033,2,68.48
OI09728,O04489,P043,3,447.66
OI09729,O04489,P023,1,416.72
OI09730,O04489,P034,4,271.08
OI09731,O04489,P029,5,384.93
OI09732,O05405,P032,1,364.88
OI09733,O05405,P029,5,384.93
OI09734,O05405,P027,5,9.99
OI09735,O05664,P058,2,114.8
OI09736,O01369,P056,4,28.94
OI09737,O01369,P030,3,268.92
OI09738,O01369,P024,2,29.52
OI09739,O02051,P006,4,293.27
OI09740,O02051,P016,3,407.27
OI09741,O02051,P034,5,271.08
OI09742,O02156,P054,3,310.0
OI09743,O02156,P014,2,11.23
OI09744,O02878,P031,1,90.92
OI09745,O03015,P049,2,34.75
OI09746,O03015,P014,4,11.23
OI09747,O03708,P039,3,409.81
OI09748,O03708,P006,3,293.27
OI09749,O03708,P034,4,271.08
OI09750,O03818,P047,5,116.76
OI09751,O03818,P008,4,121.35
OI09752,O00579,P032,4,364.88
OI09753,O02528,P055,2,29.47
OI09754,O02528,P022,5,358.81
OI09755,O02528,P056,5,28.94
OI09756,O03435,P016,5,407.27
OI09757,O03435,P022,3,358.81
OI09758,O03435,P050,5,182.2
OI09759,O03435,P056,2,28.94
OI09760,O03770,P007,2,265.8
OI09761,O03770,P005,5,205.75
OI09762,O03770,P052,4,155.23
OI09763,O03830,P055,5,29.47
OI09764,O03830,P050,4,182.2
OI09765,O03830,P052,4,155.23
OI09766,O05292,P043,1,447.66
OI09767,O05292,P016,4,407.27
OI09768,O05292,P006,2,293.27
OI09769,O05292,P044,3,356.11
OI09770,O01052,P030,1,268.92
OI09771,O01052,P006,4,331.36
OI09772,O01052,P028,2,185.4
OI09773,O01052,P024,2,29.52
OI09774,O01487,P003,4,215.44
OI09775,O01487,P013,4,417.94
OI09776,O01487,P042,5,358.05
OI09777,O01487,P026,5,29.64
OI09778,O02065,P021,2,443.61
OI09779,O02065,P018,2,252.47
OI09780,O02705,P046,4,23.84
OI09781,O00100,P042,1,358.05
OI09782,O00100,P046,1,23.84
OI09783,O00100,P049,4,34.75
OI09784,O00100,P041,2,76.71
OI09785,O00502,P018,3,252.47
OI09786,O00502,P035,2,67.39
OI09787,O02713,P001,4,378.87
OI09788,O02713,P002,1,181.52
OI09789,O03087,P013,1,417.94
OI09790,O03087,P022,5,358.81
OI09791,O03087,P029,2,384.93
OI09792,O03424,P010,2,383.82
OI09793,O03424,P014,3,11.23
OI09794,O03424,P001,4,378.87
OI09795,O03569,P048,5,146.16
OI09796,O03569,P019,4,135.4
OI09797,O03569,P027,2,9.99
OI09798,O03569,P017,4,391.13
OI09799,O04202,P003,4,215.44
OI09800,O04269,P054,5,310.0
OI09801,O04269,P057,2,91.24
OI09802,O04269,P044,5,356.11
OI09803,O04269,P045,5,296.59
OI09804,O00192,P042,4,358.05
OI09805,O00704,P025,3,349.98
OI09806,O03228,P058,4,114.8
OI09807,O03228,P001,4,378.87
OI09808,O03228,P044,3,356.11
OI09809,O03228,P055,3,29.47
OI09810,O03593,P057,5,91.24
OI09811,O03593,P026,5,29.64
OI09812,O03782,P003,1,215.44
OI09813,O03782,P046,3,23.84
OI09814,O03782,P005,5,267.21
OI09815,O04696,P039,1,409.81
OI09816,O04696,P048,3,146.16
OI09817,O04696,P010,1,383.82
OI09818,O04696,P038,3,133.77
OI09819,O05809,P044,4,356.11
OI09820,O05809,P039,1,409.81
OI09821,O05809,P016,3,407.27
OI09822,O05809,P060,3,349.64
OI09823,O01465,P002,2,181.52
OI09824,O01465,P036,3,15.81
OI09825,O01465,P046,1,23.84
OI09826,O02703,P031,3,90.92
OI09827,O02755,P021,1,443.61
OI09828,O02755,P054,4,310.0
OI09829,O03029,P023,2,416.72
OI09830,O03029,P027,5,9.99
OI09831,O03029,P022,1,358.81
OI09832,O03951,P026,4,29.64
OI09833,O04144,P011,4,54.4
OI09834,O04144,P031,5,90.92
OI09835,O04568,P046,2,23.84
OI09836,O04568,P021,3,443.61
OI09837,O04568,P004,2,27.73
OI09838,O04568,P034,3,271.08
OI09839,O00396,P005,3,267.21
OI09840,O00396,P047,5,116.76
OI09841,O00396,P028,3,185.4
OI09842,O00396,P035,3,67.39
OI09843,O00500,P030,3,268.92
OI09844,O00500,P054,5,310.0
OI09845,O01522,P053,4,123.07
OI09846,O01590,P054,1,310.0
OI09847,O02286,P049,1,34.75
OI09848,O02286,P052,5,155.23
OI09849,O03154,P034,5,271.08
OI09850,O03154,P016,1,407.27
OI09851,O03933,P021,1,443.61
OI09852,O03933,P019,2,135.4
OI09853,O03933,P009,2,384.59
OI09854,O03933,P041,3,76.71
OI09855,O04390,P014,5,11.23
OI09856,O04390,P060,2,349.64
OI09857,O04390,P018,2,252.47
OI09858,O04390,P039,4,409.81
OI09859,O00115,P027,2,9.99
OI09860,O00115,P003,4,215.44
OI09861,O00115,P022,1,358.81
OI09862,O00494,P058,2,114.8
OI09863,O00494,P045,4,296.59
OI09864,O00494,P003,5,215.44
OI09865,O02058,P011,4,54.4
OI09866,O02058,P027,2,9.99
OI09867,O02058,P032,4,364.88
OI09868,O03315,P037,2,193.81
OI09869,O03677,P044,4,356.11
OI09870,O03677,P031,2,90.92
OI09871,O05395,P036,5,15.81
OI09872,O05395,P041,5,76.71
OI09873,O05395,P023,2,416.72
OI09874,O05478,P013,1,417.94
OI09875,O05478,P054,3,310.0
OI09876,O05478,P001,5,378.87
OI09877,O05478,P049,3,34.75
OI09878,O05973,P020,2,62.75
OI09879,O05973,P054,5,310.0
OI09880,O05973,P011,1,54.4
OI09881,O00720,P008,1,157.6
OI09882,O00720,P005,5,267.21
OI09883,O00920,P037,4,193.81
OI09884,O00920,P027,5,9.99
OI09885,O00920,P045,2,296.59
OI09886,O01702,P008,2,157.6
OI09887,O01702,P054,3,310.0
OI09888,O01702,P038,4,133.77
OI09889,O03152,P017,5,391.13
OI09890,O03152,P037,2,193.81
OI09891,O03152,P035,2,67.39
OI09892,O05214,P052,3,155.23
OI09893,O05214,P044,1,356.11
OI09894,O05214,P053,3,123.07
OI09895,O05214,P060,4,349.64
OI09896,O00266,P029,4,384.93
OI09897,O00266,P056,4,28.94
OI09898,O00266,P006,1,331.36
OI09899,O00621,P054,5,310.0
OI09900,O00621,P060,2,349.64
OI09901,O00621,P031,1,90.92
OI09902,O00670,P023,1,416.72
OI09903,O00670,P056,5,28.94
OI09904,O01374,P004,3,27.73
OI09905,O01374,P006,1,331.36
OI09906,O01374,P010,4,383.82
OI09907,O01374,P021,1,443.61
OI09908,O02195,P045,4,296.59
OI09909,O02195,P040,1,296.82
OI09910,O02195,P031,2,90.92
OI09911,O00133,P014,4,11.23
OI09912,O00133,P060,3,349.64
OI09913,O00231,P033,5,68.48
OI09914,O00231,P050,4,182.2
OI09915,O00392,P026,1,29.64
OI09916,O00392,P048,4,146.16
OI09917,O00435,P024,5,29.52
OI09918,O00435,P056,5,28.94
OI09919,O00435,P019,2,135.4
OI09920,O02267,P021,1,443.61
OI09921,O02267,P051,2,389.34
OI09922,O02267,P042,3,358.05
OI09923,O03183,P046,3,23.84
OI09924,O03183,P006,1,331.36
OI09925,O03811,P029,2,384.93
OI09926,O03811,P031,2,90.92
OI09927,O03811,P004,1,27.73
OI09928,O03956,P060,1,349.64
OI09929,O03956,P021,5,443.61
OI09930,O03956,P007,5,345.2
OI09931,O05491,P041,5,76.71
OI09932,O05491,P057,5,91.24
OI09933,O05491,P023,3,416.72
OI09934,O05781,P033,4,68.48
OI09935,O05883,P002,2,181.52
OI09936,O05883,P003,4,215.44
OI09937,O05883,P016,3,407.27
OI09938,O02355,P055,1,29.47
OI09939,O02355,P042,5,358.05
OI09940,O03262,P022,4,358.81
OI09941,O03262,P004,3,27.73
OI09942,O04858,P028,4,185.4
OI09943,O04858,P057,5,91.24
OI09944,O05466,P010,2,383.82
OI09945,O05692,P021,1,443.61
OI09946,O05692,P039,3,409.81
OI09947,O00020,P013,2,417.94
OI09948,O00020,P044,5,356.11
OI09949,O00020,P034,5,271.08
OI09950,O00020,P025,1,349.98
OI09951,O00096,P039,2,409.81
OI09952,O00096,P051,1,389.34
OI09953,O00753,P014,5,11.23
OI09954,O00753,P032,5,364.88
OI09955,O01277,P018,3,252.47
OI09956,O01277,P044,5,356.11
OI09957,O01301,P057,1,91.24
OI09958,O01922,P005,4,267.21
OI09959,O01922,P050,2,182.2
OI09960,O01922,P017,1,391.13
OI09961,O01922,P015,5,441.96
OI09962,O03790,P044,5,356.11
OI09963,O03790,P037,5,193.81
OI09964,O03790,P038,2,133.77
OI09965,O05416,P026,4,29.64
OI09966,O05416,P055,3,29.47
OI09967,O05416,P054,5,310.0
OI09968,O05926,P007,1,345.2
OI09969,O01711,P021,3,443.61
OI09970,O01746,P047,4,116.76
OI09971,O03402,P019,4,135.4
OI09972,O03402,P025,1,349.98
OI09973,O03402,P024,2,29.52
OI09974,O03402,P007,2,345.2
OI09975,O03667,P007,4,345.2
OI09976,O03692,P009,4,384.59
OI09977,O03692,P057,2,91.24
OI09978,O04085,P035,2,67.39
OI09979,O04085,P036,4,15.81
OI09980,O04085,P008,2,157.6
OI09981,O04085,P006,4,331.36
OI09982,O05698,P050,5,182.2
OI09983,O00058,P038,3,133.77
OI09984,O00058,P046,3,23.84
OI09985,O00058,P034,5,271.08
OI09986,O01520,P051,1,389.34
OI09987,O01829,P013,3,417.94
OI09988,O01829,P002,5,181.52
OI09989,O02540,P017,5,391.13
OI09990,O02540,P057,3,91.24
OI09991,O02540,P040,5,296.82
OI09992,O02598,P049,3,34.75
OI09993,O02598,P058,4,114.8
OI09994,O02598,P037,5,193.81
OI09995,O03874,P005,3,267.21
OI09996,O05117,P054,4,310.0
OI09997,O05117,P002,4,181.52
OI09998,O05117,P001,3,378.87
OI09999,O05181,P018,3,252.47
OI10000,O05181,P042,5,358.05
OI10001,O05670,P017,3,391.13
OI10002,O05670,P044,3,356.11
OI10003,O05670,P001,5,378.87
OI10004,O05670,P057,5,91.24
OI10005,O05736,P014,5,11.23
OI10006,O00602,P046,3,23.84
OI10007,O00602,P025,3,349.98
OI10008,O00602,P024,4,29.52
OI10009,O04049,P052,1,155.23
OI10010,O04049,P055,1,29.47
OI10011,O04494,P011,1,54.4
OI10012,O04494,P024,5,29.52
OI10013,O04736,P022,1,358.81
OI10014,O04736,P016,1,407.27
OI10015,O04824,P058,1,114.8
OI10016,O04824,P009,4,384.59
OI10017,O01946,P057,2,91.24
OI10018,O01946,P056,1,28.94
OI10019,O02240,P006,3,331.36
OI10020,O02240,P018,2,252.47
OI10021,O02288,P048,2,146.16
OI10022,O02288,P031,4,90.92
OI10023,O02288,P058,4,114.8
OI10024,O02288,P001,3,378.87
OI10025,O02726,P030,2,268.92
OI10026,O02726,P009,2,384.59
OI10027,O02814,P032,2,364.88
OI10028,O03371,P009,3,384.59
OI10029,O03371,P034,2,271.08
OI10030,O04780,P043,2,447.66
OI10031,O04780,P029,3,384.93
OI10032,O04780,P012,1,86.46
OI10033,O01428,P011,2,54.4
OI10034,O01428,P032,4,364.88
OI10035,O02684,P048,3,146.16
OI10036,O02684,P021,1,443.61
OI10037,O03002,P033,5,68.48
OI10038,O03002,P027,2,9.99
OI10039,O03002,P039,3,409.81
OI10040,O03002,P001,3,378.87
OI10041,O03124,P019,1,135.4
OI10042,O03124,P027,1,9.99
OI10043,O03124,P025,2,349.98
OI10044,O03309,P042,5,358.05
OI10045,O03309,P048,4,146.16
OI10046,O03309,P030,4,268.92
OI10047,O03309,P003,2,215.44
OI10048,O03345,P028,3,185.4
OI10049,O03345,P003,2,215.44
OI10050,O03441,P009,1,384.59
OI10051,O03441,P037,2,193.81
OI10052,O04100,P027,5,9.99
OI10053,O04100,P044,1,356.11
OI10054,O04100,P007,5,345.2
OI10055,O05005,P015,3,441.96
OI10056,O05005,P002,4,181.52
OI10057,O05120,P030,5,268.92
OI10058,O05815,P060,4,349.64
OI10059,O05815,P059,3,10.1
OI10060,O00360,P013,5,417.94
OI10061,O00360,P047,2,116.76
OI10062,O00360,P027,4,9.99
OI10063,O00360,P022,1,358.81
OI10064,O00431,P009,5,384.59
OI10065,O00431,P036,1,15.81
OI10066,O00866,P041,4,76.71
OI10067,O00866,P057,2,91.24
OI10068,O01618,P007,3,345.2
OI10069,O01618,P047,2,116.76
OI10070,O02021,P025,1,349.98
OI10071,O02021,P041,2,76.71
OI10072,O02473,P024,1,29.52
OI10073,O02473,P030,3,268.92
OI10074,O02473,P025,4,349.98
OI10075,O02473,P014,3,11.23
OI10076,O02970,P022,3,358.81
OI10077,O02970,P024,5,29.52
OI10078,O02970,P038,2,133.77
OI10079,O02970,P050,1,182.2
OI10080,O03696,P025,5,349.98
OI10081,O03696,P060,3,349.64
OI10082,O03865,P015,3,441.96
OI10083,O03865,P010,3,383.82
OI10084,O03865,P046,4,23.84
OI10085,O05470,P009,1,384.59
OI10086,O05470,P039,4,409.81
OI10087,O05470,P049,2,34.75
OI10088,O05928,P008,2,157.6
OI10089,O05928,P027,2,9.99
OI10090,O05928,P006,5,331.36
OI10091,O05928,P050,4,182.2
OI10092,O00054,P023,1,416.72
OI10093,O01750,P050,2,182.2
OI10094,O01750,P028,4,185.4
OI10095,O01750,P041,4,76.71
OI10096,O01973,P022,5,358.81
OI10097,O01973,P043,3,447.66
OI10098,O01973,P030,2,268.92
OI10099,O02017,P013,5,417.94
OI10100,O02017,P007,5,345.2
OI10101,O02017,P012,1,86.46
OI10102,O02741,P028,2,185.4
OI10103,O02741,P031,4,90.92
OI10104,O02741,P015,5,441.96
OI10105,O02908,P046,1,23.84
OI10106,O02908,P015,5,441.96
OI10107,O02908,P052,3,155.23
OI10108,O02952,P034,1,271.08
OI10109,O04034,P030,4,268.92
OI10110,O05492,P044,4,356.11
OI10111,O05492,P038,5,133.77
OI10112,O05492,P033,2,68.48
OI10113,O05492,P006,5,331.36
OI10114,O01470,P057,5,91.24
OI10115,O01470,P035,5,67.39
OI10116,O01470,P017,2,391.13
OI10117,O02388,P008,1,157.6
OI10118,O02840,P002,4,181.52
OI10119,O03661,P008,1,157.6
OI10120,O03661,P051,4,389.34
OI10121,O03661,P010,4,383.82
OI10122,O03661,P048,1,146.16
OI10123,O04030,P003,5,215.44
OI10124,O04030,P059,5,10.1
OI10125,O04585,P054,2,310.0
OI10126,O05095,P044,3,356.11
OI10127,O05095,P021,5,443.61
OI10128,O05095,P016,5,407.27
OI10129,O00986,P018,2,252.47
OI10130,O00986,P034,4,271.08
OI10131,O00986,P013,4,417.94
OI10132,O01200,P016,5,407.27
OI10133,O01200,P011,2,54.4
OI10134,O01417,P054,5,310.0
OI10135,O01417,P017,5,391.13
OI10136,O02036,P053,4,123.07
OI10137,O02525,P030,1,268.92
OI10138,O02525,P049,4,34.75
OI10139,O02584,P048,2,146.16
OI10140,O03487,P005,5,267.21
OI10141,O03487,P006,2,380.87
OI10142,O03487,P027,5,9.99
OI10143,O03831,P008,5,157.6
OI10144,O03831,P005,3,267.21
OI10145,O03831,P030,3,268.92
OI10146,O04646,P026,5,29.64
OI10147,O04646,P034,1,271.08
OI10148,O04646,P048,1,146.16
OI10149,O04863,P049,2,34.75
OI10150,O04863,P056,1,28.94
OI10151,O00642,P032,5,364.88
OI10152,O00642,P005,3,267.21
OI10153,O00642,P058,5,114.8
OI10154,O01790,P023,2,416.72
OI10155,O01790,P004,1,27.73
OI10156,O01790,P016,4,407.27
OI10157,O01790,P033,2,68.48
OI10158,O02656,P014,5,11.23
OI10159,O02656,P011,4,54.4
OI10160,O04412,P053,5,123.07
OI10161,O04548,P035,5,67.39
OI10162,O04548,P023,3,416.72
OI10163,O04836,P017,5,391.13
OI10164,O04836,P048,1,146.16
OI10165,O04836,P010,1,383.82
OI10166,O04836,P046,1,23.84
OI10167,O00246,P009,5,384.59
OI10168,O00246,P043,3,447.66
OI10169,O00246,P021,3,443.61
OI10170,O00606,P036,4,15.81
OI10171,O00706,P006,1,380.87
OI10172,O00706,P032,1,364.88
OI10173,O00784,P028,4,185.4
OI10174,O02692,P010,3,383.82
OI10175,O02692,P046,5,23.84
OI10176,O04022,P033,2,68.48
OI10177,O04022,P030,2,268.92
OI10178,O04022,P019,3,135.4
OI10179,O05169,P034,1,271.08
OI10180,O05169,P019,3,135.4
OI10181,O05169,P029,1,384.93
OI10182,O05169,P011,4,54.4
OI10183,O05499,P044,1,356.11
OI10184,O05830,P047,4,116.76
OI10185,O05830,P003,3,215.44
OI10186,O00003,P034,1,271.08
OI10187,O00003,P030,3,268.92
OI10188,O00003,P028,2,185.4
OI10189,O00235,P014,3,11.23
OI10190,O00235,P025,1,349.98
OI10191,O00235,P026,3,29.64
OI10192,O00235,P013,2,417.94
OI10193,O00454,P013,5,417.94
OI10194,O00454,P019,4,135.4
OI10195,O00454,P060,3,349.64
OI10196,O01224,P040,1,296.82
OI10197,O01625,P024,2,29.52
OI10198,O01625,P005,2,267.21
OI10199,O01625,P055,5,29.47
OI10200,O02222,P038,1,133.77
OI10201,O02222,P020,1,62.75
OI10202,O02222,P055,5,29.47
OI10203,O02504,P019,5,135.4
OI10204,O02504,P044,2,356.11
OI10205,O02504,P021,5,443.61
OI10206,O02504,P018,5,252.47
OI10207,O02830,P035,4,67.39
OI10208,O04406,P045,2,296.59
OI10209,O04516,P001,2,378.87
OI10210,O04516,P051,2,389.34
OI10211,O04516,P031,4,90.92
OI10212,O04890,P002,2,181.52
OI10213,O04890,P012,1,86.46
OI10214,O04890,P059,1,10.1
OI10215,O04890,P025,1,349.98
OI10216,O00006,P053,5,123.07
OI10217,O00331,P036,4,15.81
OI10218,O00331,P014,4,11.23
OI10219,O00525,P053,2,123.07
OI10220,O00525,P034,3,271.08
OI10221,O01557,P002,4,181.52
OI10222,O01557,P054,4,310.0
OI10223,O01557,P040,4,296.82
OI10224,O02190,P023,4,416.72
OI10225,O02190,P028,3,185.4
OI10226,O02190,P042,1,358.05
OI10227,O02289,P014,2,11.23
OI10228,O02289,P006,2,380.87
OI10229,O02328,P054,5,310.0
OI10230,O02328,P058,1,114.8
OI10231,O02328,P005,5,267.21
OI10232,O02636,P053,4,123.07
OI10233,O02636,P044,2,356.11
OI10234,O03526,P058,5,114.8
OI10235,O03526,P026,4,29.64
OI10236,O03526,P003,5,215.44
OI10237,O04142,P036,2,15.81
OI10238,O04142,P005,5,267.21
OI10239,O04142,P008,2,157.6
OI10240,O04818,P022,5,358.81
OI10241,O04818,P041,3,76.71
OI10242,O04818,P020,4,62.75
OI10243,O04818,P035,5,67.39
OI10244,O04920,P012,5,86.46
OI10245,O04920,P040,1,296.82
OI10246,O04920,P027,1,9.99
OI10247,O05443,P012,4,86.46
OI10248,O05724,P031,3,90.92
OI10249,O05724,P059,4,10.1
OI10250,O05724,P024,1,29.52
OI10251,O00519,P058,2,114.8
OI10252,O01542,P016,3,407.27
OI10253,O01597,P035,3,67.39
OI10254,O01597,P050,3,182.2
OI10255,O01597,P003,1,215.44
OI10256,O01893,P054,4,310.0
OI10257,O01893,P006,2,380.87
OI10258,O01893,P004,2,27.73
OI10259,O02994,P049,4,34.75
OI10260,O02994,P016,4,407.27
OI10261,O02994,P024,4,29.52
OI10262,O02994,P039,2,409.81
OI10263,O04753,P057,3,91.24
OI10264,O04753,P026,1,29.64
OI10265,O04753,P053,4,123.07
OI10266,O04753,P038,5,133.77
OI10267,O05037,P020,3,62.75
OI10268,O05037,P016,2,407.27
OI10269,O05087,P048,3,146.16
OI10270,O05087,P008,5,157.6
OI10271,O05087,P011,4,54.4
OI10272,O00279,P060,5,349.64
OI10273,O00279,P037,2,193.81
OI10274,O00279,P055,2,29.47
OI10275,O00419,P008,5,157.6
OI10276,O00800,P017,2,391.13
OI10277,O00800,P059,4,10.1
OI10278,O00800,P013,2,417.94
OI10279,O05280,P050,2,182.2
OI10280,O05280,P024,4,29.52
OI10281,O00051,P001,3,378.87
OI10282,O00051,P051,2,389.34
OI10283,O00965,P047,5,116.76
OI10284,O00965,P042,3,358.05
OI10285,O02438,P041,1,76.71
OI10286,O02438,P030,4,268.92
OI10287,O02438,P022,5,358.81
OI10288,O02446,P030,1,268.92
OI10289,O02446,P007,3,345.2
OI10290,O02446,P015,2,441.96
OI10291,O02446,P023,1,416.72
OI10292,O02675,P030,4,268.92
OI10293,O02675,P026,1,29.64
OI10294,O02675,P012,3,86.46
OI10295,O02802,P010,5,383.82
OI10296,O02861,P055,5,29.47
OI10297,O02861,P053,1,123.07
OI10298,O02861,P024,1,29.52
OI10299,O02861,P002,1,181.52
OI10300,O02984,P032,1,364.88
OI10301,O02984,P007,1,345.2
OI10302,O02984,P026,5,29.64
OI10303,O04018,P040,5,296.82
OI10304,O04018,P014,2,11.23
OI10305,O04018,P006,3,380.87
OI10306,O04018,P050,4,182.2
OI10307,O04916,P015,5,441.96
OI10308,O04916,P035,3,67.39
OI10309,O05130,P042,5,358.05
OI10310,O05972,P028,3,185.4
OI10311,O05972,P032,4,364.88
OI10312,O05972,P058,1,114.8
OI10313,O05972,P003,3,215.44
OI10314,O00464,P026,2,29.64
OI10315,O00464,P041,1,76.71
OI10316,O01761,P005,5,267.21
OI10317,O01761,P030,4,268.92
OI10318,O02948,P028,3,185.4
OI10319,O02948,P010,2,383.82
OI10320,O04024,P042,3,358.05
OI10321,O04024,P034,5,271.08
OI10322,O04593,P037,4,193.81
OI10323,O05346,P030,2,268.92
OI10324,O05346,P009,4,384.59
OI10325,O05346,P038,3,133.77
OI10326,O05346,P056,2,28.94
OI10327,O05768,P007,3,345.2
OI10328,O05768,P013,4,417.94
OI10329,O05768,P010,4,383.82
OI10330,O05768,P021,1,443.61
OI10331,O00940,P039,4,409.81
OI10332,O03917,P040,1,296.82
OI10333,O04419,P041,5,76.71
OI10334,O04419,P045,2,296.59
OI10335,O05710,P005,5,267.21
OI10336,O05710,P044,1,356.11
OI10337,O05773,P016,1,407.27
OI10338,O05773,P032,4,364.88
OI10339,O00735,P003,4,215.44
OI10340,O00735,P047,1,116.76
OI10341,O01936,P029,1,384.93
OI10342,O01936,P043,1,447.66
OI10343,O01936,P024,2,29.52
OI10344,O01936,P001,1,378.87
OI10345,O02303,P023,2,416.72
OI10346,O02303,P009,5,384.59
OI10347,O02303,P038,2,133.77
OI10348,O02587,P013,3,417.94
OI10349,O02587,P023,2,416.72
OI10350,O02587,P042,3,358.05
OI10351,O02652,P028,4,185.4
OI10352,O02652,P047,1,116.76
OI10353,O04798,P050,1,182.2
OI10354,O04798,P015,1,441.96
OI10355,O05597,P011,3,54.4
OI10356,O05597,P023,3,416.72
OI10357,O00095,P006,2,380.87
OI10358,O00736,P049,1,34.75
OI10359,O00736,P018,3,252.47
OI10360,O01144,P036,4,15.81
OI10361,O01151,P004,2,27.73
OI10362,O01151,P050,1,182.2
OI10363,O01471,P051,4,389.34
OI10364,O01471,P033,3,68.48
OI10365,O01471,P048,3,146.16
OI10366,O01938,P044,4,356.11
OI10367,O01938,P028,5,185.4
OI10368,O01938,P050,1,182.2
OI10369,O02620,P017,1,391.13
OI10370,O02620,P018,1,252.47
OI10371,O02620,P021,1,443.61
OI10372,O02620,P026,4,29.64
OI10373,O02793,P055,1,29.47
OI10374,O04835,P058,5,114.8
OI10375,O04835,P018,5,252.47
OI10376,O00937,P055,5,29.47
OI10377,O00937,P029,3,384.93
OI10378,O01219,P026,4,29.64
OI10379,O01219,P046,2,18.12
OI10380,O01219,P042,5,358.05
OI10381,O01219,P049,4,34.75
OI10382,O01276,P010,4,383.82
OI10383,O01276,P039,3,409.81
OI10384,O01276,P058,1,114.8
OI10385,O01315,P003,1,215.44
OI10386,O02989,P034,2,271.08
OI10387,O02989,P057,3,91.24
OI10388,O02989,P028,5,185.4
OI10389,O03136,P059,4,10.1
OI10390,O03149,P006,4,380.87
OI10391,O03229,P045,2,296.59
OI10392,O03229,P049,4,34.75
OI10393,O03229,P050,1,182.2
OI10394,O03229,P027,2,9.99
OI10395,O03349,P003,1,215.44
OI10396,O03349,P034,5,271.08
OI10397,O03349,P045,2,296.59
OI10398,O04145,P025,2,349.98
OI10399,O04145,P032,1,364.88
OI10400,O04145,P055,2,29.47
OI10401,O04145,P035,2,67.39
OI10402,O05081,P057,3,91.24
OI10403,O05081,P046,4,18.12
OI10404,O05751,P020,1,62.75
OI10405,O05751,P042,4,358.05
OI10406,O01050,P051,3,389.34
OI10407,O01050,P054,4,310.0
OI10408,O01850,P047,2,116.76
OI10409,O02210,P045,3,296.59
OI10410,O02210,P031,4,90.92
OI10411,O02467,P037,1,193.81
OI10412,O02467,P028,3,185.4
OI10413,O02467,P017,4,391.13
OI10414,O02712,P040,5,296.82
OI10415,O02767,P022,1,358.81
OI10416,O02767,P055,4,29.47
OI10417,O02767,P014,1,11.23
OI10418,O02949,P040,4,296.82
OI10419,O02949,P028,5,185.4
OI10420,O04071,P026,5,29.64
OI10421,O04071,P031,5,90.92
OI10422,O04311,P006,5,380.87
OI10423,O04311,P036,3,15.81
OI10424,O05359,P009,3,384.59
OI10425,O05359,P052,3,155.23
OI10426,O05359,P023,5,416.72
OI10427,O05359,P032,5,364.88
OI10428,O05593,P040,5,296.82
OI10429,O05593,P014,1,11.23
OI10430,O05593,P020,4,62.75
OI10431,O05593,P051,3,389.34
OI10432,O05727,P030,2,268.92
OI10433,O01437,P001,2,378.87
OI10434,O01437,P056,1,28.94
OI10435,O01437,P004,5,27.73
OI10436,O01437,P039,3,409.81
OI10437,O01660,P060,5,349.64
OI10438,O01660,P047,2,116.76
OI10439,O01660,P036,4,15.81
OI10440,O02076,P059,4,10.1
OI10441,O02076,P021,5,443.61
OI10442,O02076,P008,5,157.6
OI10443,O02079,P054,3,310.0
OI10444,O03607,P038,3,133.77
OI10445,O03607,P040,5,296.82
OI10446,O03607,P026,5,29.64
OI10447,O03607,P006,2,380.87
OI10448,O04468,P038,3,133.77
OI10449,O04468,P041,5,76.71
OI10450,O05348,P008,3,157.6
OI10451,O00317,P041,1,76.71
OI10452,O00317,P029,4,384.93
OI10453,O00317,P060,3,349.64
OI10454,O00317,P051,3,389.34
OI10455,O01089,P016,1,407.27
OI10456,O01445,P007,4,345.2
OI10457,O01755,P032,3,364.88
OI10458,O01755,P045,4,296.59
OI10459,O02495,P032,5,364.88
OI10460,O02495,P036,1,15.81
OI10461,O02495,P048,5,146.16
OI10462,O02787,P005,1,267.21
OI10463,O02787,P034,3,271.08
OI10464,O03051,P043,1,447.66
OI10465,O03745,P030,1,268.92
OI10466,O03745,P027,5,9.99
OI10467,O03745,P031,5,90.92
OI10468,O04111,P043,3,447.66
OI10469,O04111,P037,3,193.81
OI10470,O05137,P047,2,116.76
OI10471,O05137,P007,1,345.2
OI10472,O05137,P028,3,185.4
OI10473,O05275,P044,4,356.11
OI10474,O05275,P057,5,91.24
OI10475,O05275,P042,2,358.05
OI10476,O05275,P009,1,384.59
OI10477,O00460,P049,2,34.75
OI10478,O00460,P051,2,389.34
OI10479,O01562,P049,5,34.75
OI10480,O01562,P051,2,389.34
OI10481,O01562,P022,4,358.81
OI10482,O04102,P045,5,296.59
OI10483,O04102,P026,5,29.64
OI10484,O04102,P038,5,133.77
OI10485,O04508,P017,5,391.13
OI10486,O04508,P043,1,447.66
OI10487,O04508,P040,5,296.82
OI10488,O04508,P010,3,383.82
OI10489,O04515,P049,1,34.75
OI10490,O04515,P026,2,29.64
OI10491,O05305,P060,5,349.64
OI10492,O05305,P032,5,364.88
OI10493,O05410,P025,5,349.98
OI10494,O05410,P059,5,10.1
OI10495,O00158,P050,4,182.2
OI10496,O00158,P009,5,384.59
OI10497,O00674,P031,3,90.92
OI10498,O00674,P020,3,62.75
OI10499,O00674,P036,3,15.81
OI10500,O00674,P043,1,447.66
OI10501,O00681,P016,4,407.27
OI10502,O01095,P009,3,384.59
OI10503,O01095,P043,3,447.66
OI10504,O01095,P053,1,123.07
OI10505,O01788,P044,2,356.11
OI10506,O02361,P056,1,28.94
OI10507,O02433,P034,1,271.08
OI10508,O02433,P056,5,28.94
OI10509,O02433,P014,2,11.23
OI10510,O02682,P003,3,215.44
OI10511,O03038,P041,5,76.71
OI10512,O05894,P055,4,29.47
OI10513,O05894,P032,1,364.88
OI10514,O05894,P002,5,181.52
OI10515,O05982,P059,1,10.1
OI10516,O00406,P030,4,268.92
OI10517,O00406,P041,1,76.71
OI10518,O00406,P047,5,116.76
OI10519,O02653,P006,2,380.87
OI10520,O02653,P031,4,90.92
OI10521,O02653,P046,2,18.12
OI10522,O03211,P007,2,345.2
OI10523,O03211,P024,1,29.52
OI10524,O03501,P014,4,11.23
OI10525,O03501,P010,3,383.82
OI10526,O03501,P055,5,29.47
OI10527,O03501,P038,1,133.77
OI10528,O04535,P006,5,380.87
OI10529,O04535,P014,3,11.23
OI10530,O04895,P026,3,29.64
OI10531,O04895,P050,2,182.2
OI10532,O05075,P001,3,378.87
OI10533,O05075,P011,1,54.4
OI10534,O05954,P011,5,54.4
OI10535,O05954,P003,5,215.44
OI10536,O05954,P013,5,417.94
OI10537,O05954,P004,3,27.73
OI10538,O01596,P009,4,384.59
OI10539,O01596,P042,1,358.05
OI10540,O01596,P057,4,91.24
OI10541,O02161,P024,1,29.52
OI10542,O02161,P051,2,389.34
OI10543,O03193,P038,5,133.77
OI10544,O03193,P046,3,18.12
OI10545,O03431,P054,5,310.0
OI10546,O03431,P002,2,181.52
OI10547,O03431,P010,5,383.82
OI10548,O04108,P004,2,27.73
OI10549,O04108,P048,1,146.16
OI10550,O05156,P005,4,267.21
OI10551,O05156,P040,4,296.82
OI10552,O01835,P006,5,380.87
OI10553,O01835,P042,5,358.05
OI10554,O02067,P054,3,310.0
OI10555,O02067,P027,1,9.99
OI10556,O02223,P003,3,215.44
OI10557,O02223,P037,3,193.81
OI10558,O02223,P041,4,76.71
OI10559,O02516,P034,4,271.08
OI10560,O02516,P054,1,310.0
OI10561,O02564,P030,5,268.92
OI10562,O02564,P031,5,90.92
OI10563,O03219,P053,4,123.07
OI10564,O03219,P026,5,29.64
OI10565,O03477,P032,3,364.88
OI10566,O03477,P013,3,417.94
OI10567,O03477,P054,3,310.0
OI10568,O03477,P021,5,443.61
OI10569,O03703,P025,1,349.98
OI10570,O03726,P013,1,417.94
OI10571,O03726,P041,3,76.71
OI10572,O04151,P003,1,215.44
OI10573,O04151,P005,5,267.21
OI10574,O05122,P028,3,185.4
OI10575,O00175,P008,5,157.6
OI10576,O00175,P053,3,123.07
OI10577,O00592,P005,1,267.21
OI10578,O00592,P017,3,391.13
OI10579,O00592,P034,2,271.08
OI10580,O00689,P024,4,29.52
OI10581,O00689,P035,4,67.39
OI10582,O00744,P018,3,252.47
OI10583,O00744,P048,4,146.16
OI10584,O01658,P027,3,9.99
OI10585,O01658,P036,3,15.81
OI10586,O01671,P032,5,364.88
OI10587,O01671,P037,4,193.81
OI10588,O01671,P025,5,349.98
OI10589,O02101,P029,4,384.93
OI10590,O03370,P002,3,181.52
OI10591,O04290,P017,5,391.13
OI10592,O05315,P043,4,447.66
OI10593,O05315,P040,3,296.82
OI10594,O05966,P021,5,443.61
OI10595,O05966,P029,3,384.93
OI10596,O05966,P043,5,447.66
OI10597,O00135,P040,4,296.82
OI10598,O00135,P052,3,155.23
OI10599,O00135,P048,2,146.16
OI10600,O00263,P009,5,384.59
OI10601,O00806,P005,1,267.21
OI10602,O00806,P027,3,9.99
OI10603,O01911,P036,3,15.81
OI10604,O01911,P054,1,310.0
OI10605,O01911,P027,5,9.99
OI10606,O02011,P008,3,157.6
OI10607,O02011,P032,3,364.88
OI10608,O02011,P015,3,441.96
OI10609,O02509,P017,3,391.13
OI10610,O02509,P006,4,380.87
OI10611,O02613,P029,5,384.93
OI10612,O02613,P056,2,28.94
OI10613,O02613,P024,2,29.52
OI10614,O03902,P003,2,215.44
OI10615,O03902,P012,1,86.46
OI10616,O04189,P012,5,86.46
OI10617,O05158,P034,5,271.08
OI10618,O05158,P045,4,296.59
OI10619,O05158,P001,1,378.87
OI10620,O05321,P059,1,10.1
OI10621,O05481,P058,5,114.8
OI10622,O05481,P059,3,10.1
OI10623,O00888,P059,1,10.1
OI10624,O01501,P045,5,296.59
OI10625,O01501,P047,4,116.76
OI10626,O01554,P009,2,384.59
OI10627,O01554,P032,2,364.88
OI10628,O01985,P023,4,416.72
OI10629,O01985,P059,2,10.1
OI10630,O02443,P012,3,86.46
OI10631,O02608,P016,4,407.27
OI10632,O02608,P001,3,378.87
OI10633,O02885,P018,5,252.47
OI10634,O02885,P012,4,86.46
OI10635,O02885,P015,3,441.96
OI10636,O02885,P031,1,90.92
OI10637,O03310,P058,5,114.8
OI10638,O03310,P046,3,18.12
OI10639,O03310,P059,4,10.1
OI10640,O03310,P008,5,157.6
OI10641,O00121,P051,4,389.34
OI10642,O00121,P046,1,18.12
OI10643,O00121,P039,4,409.81
OI10644,O00780,P020,4,62.75
OI10645,O00780,P059,4,10.1
OI10646,O00780,P022,5,358.81
OI10647,O00959,P049,3,34.75
OI10648,O00959,P013,5,417.94
OI10649,O00959,P051,5,389.34
OI10650,O00959,P048,1,146.16
OI10651,O01172,P038,1,133.77
OI10652,O01172,P056,4,28.94
OI10653,O01172,P022,2,358.81
OI10654,O01524,P015,2,441.96
OI10655,O01930,P051,2,389.34
OI10656,O02822,P060,5,349.64
OI10657,O02822,P040,1,296.82
OI10658,O02904,P060,2,349.64
OI10659,O03108,P018,5,252.47
OI10660,O03108,P003,3,215.44
OI10661,O03108,P034,4,271.08
OI10662,O05330,P036,2,15.81
OI10663,O05330,P023,5,416.72
OI10664,O05330,P051,2,389.34
OI10665,O05599,P001,3,378.87
OI10666,O05599,P045,4,296.59
OI10667,O00265,P058,1,114.8
OI10668,O00478,P023,1,416.72
OI10669,O01514,P049,4,34.75
OI10670,O01514,P003,3,215.44
OI10671,O03461,P025,4,349.98
OI10672,O04483,P051,4,389.34
OI10673,O04483,P036,4,15.81
OI10674,O04483,P053,4,123.07
OI10675,O04876,P007,2,345.2
OI10676,O04876,P055,3,29.47
OI10677,O04876,P038,4,133.77
OI10678,O04876,P039,1,409.81
OI10679,O05230,P016,2,407.27
OI10680,O05238,P039,3,409.81
OI10681,O05334,P044,3,356.11
OI10682,O05334,P006,1,380.87
OI10683,O05334,P058,5,114.8
OI10684,O00092,P005,1,267.21
OI10685,O00272,P055,5,29.47
OI10686,O00272,P032,3,364.88
OI10687,O00532,P057,5,91.24
OI10688,O00532,P007,1,345.2
OI10689,O00532,P028,3,185.4
OI10690,O00532,P018,4,252.47
OI10691,O01237,P052,1,155.23
OI10692,O01237,P003,4,215.44
OI10693,O02819,P031,1,90.92
OI10694,O02819,P029,4,384.93
OI10695,O03123,P007,2,345.2
OI10696,O03123,P054,4,310.0
OI10697,O03196,P017,3,391.13
OI10698,O03196,P003,1,215.44
OI10699,O03196,P006,5,380.87
OI10700,O03357,P018,4,252.47
OI10701,O03357,P039,1,409.81
OI10702,O03813,P047,3,116.76
OI10703,O03813,P013,1,417.94
OI10704,O03813,P034,3,271.08
OI10705,O03813,P055,3,29.47
OI10706,O04983,P046,2,23.84
OI10707,O05329,P028,2,185.4
OI10708,O05329,P057,4,91.24
OI10709,O05514,P018,1,252.47
OI10710,O00680,P041,5,76.71
OI10711,O00680,P020,4,62.75
OI10712,O01420,P054,1,310.0
OI10713,O01420,P014,4,11.23
OI10714,O01420,P037,2,193.81
OI10715,O01652,P047,5,116.76
OI10716,O01652,P015,3,441.96
OI10717,O01652,P031,5,90.92
OI10718,O01791,P027,2,9.99
OI10719,O01791,P054,5,310.0
OI10720,O01791,P031,2,90.92
OI10721,O01791,P012,2,86.46
OI10722,O03760,P048,1,146.16
OI10723,O03760,P008,5,157.6
OI10724,O03760,P013,5,417.94
OI10725,O03760,P032,5,364.88
OI10726,O04693,P025,3,349.98
OI10727,O04693,P019,5,135.4
OI10728,O04693,P015,5,441.96
OI10729,O05355,P025,2,349.98
OI10730,O05355,P052,4,155.23
OI10731,O05355,P021,4,443.61
OI10732,O05355,P004,3,27.73
OI10733,O05800,P032,5,364.88
OI10734,O05800,P014,5,11.23
OI10735,O05800,P060,2,349.64
OI10736,O05800,P020,5,62.75
OI10737,O00282,P031,5,90.92
OI10738,O00282,P001,5,378.87
OI10739,O00282,P015,2,441.96
OI10740,O00282,P037,1,193.81
OI10741,O01316,P012,2,86.46
OI10742,O02514,P060,5,349.64
OI10743,O02514,P040,1,296.82
OI10744,O02907,P057,4,91.24
OI10745,O02907,P026,1,29.64
OI10746,O02907,P008,1,157.6
OI10747,O02956,P032,2,364.88
OI10748,O04340,P021,1,443.61
OI10749,O04340,P007,5,345.2
OI10750,O04664,P060,4,349.64
OI10751,O04664,P010,4,383.82
OI10752,O04664,P049,5,34.75
OI10753,O01517,P043,2,447.66
OI10754,O01517,P015,1,441.96
OI10755,O01517,P016,3,407.27
OI10756,O01517,P014,1,11.23
OI10757,O01623,P027,1,9.99
OI10758,O01623,P040,1,296.82
OI10759,O02570,P059,1,10.1
OI10760,O02570,P057,1,91.24
OI10761,O02570,P046,5,23.84
OI10762,O02570,P017,5,391.13
OI10763,O03037,P005,1,267.21
OI10764,O03482,P050,2,182.2
OI10765,O03482,P035,2,67.39
OI10766,O03482,P055,3,29.47
OI10767,O03798,P028,5,185.4
OI10768,O03798,P060,5,349.64
OI10769,O03798,P059,1,10.1
OI10770,O03798,P057,4,91.24
OI10771,O04767,P047,2,116.76
OI10772,O04767,P042,3,358.05
OI10773,O04767,P053,4,123.07
OI10774,O04767,P051,4,389.34
OI10775,O04855,P037,3,193.81
OI10776,O04855,P042,2,358.05
OI10777,O04855,P045,5,296.59
OI10778,O00240,P044,4,356.11
OI10779,O00267,P050,3,182.2
OI10780,O00267,P051,2,389.34
OI10781,O00267,P003,1,215.44
OI10782,O00479,P019,3,135.4
OI10783,O00479,P021,4,443.61
OI10784,O00479,P046,2,23.84
OI10785,O00582,P054,1,310.0
OI10786,O00582,P012,3,86.46
OI10787,O00582,P030,3,268.92
OI10788,O00657,P040,5,296.82
OI10789,O00657,P001,1,378.87
OI10790,O00657,P030,5,268.92
OI10791,O01334,P002,3,181.52
OI10792,O01724,P013,1,417.94
OI10793,O01724,P051,3,389.34
OI10794,O01724,P028,3,185.4
OI10795,O02013,P016,5,407.27
OI10796,O02013,P006,3,380.87
OI10797,O03118,P020,3,62.75
OI10798,O03423,P004,1,27.73
OI10799,O00045,P004,2,27.73
OI10800,O00045,P007,3,345.2
OI10801,O00382,P036,5,15.81
OI10802,O00382,P026,1,29.64
OI10803,O00575,P005,5,267.21
OI10804,O00575,P059,4,10.1
OI10805,O01085,P047,4,116.76
OI10806,O01085,P055,2,29.47
OI10807,O01177,P012,4,86.46
OI10808,O01177,P006,3,380.87
OI10809,O02177,P057,2,91.24
OI10810,O02177,P011,2,54.4
OI10811,O02177,P042,3,358.05
OI10812,O03547,P035,3,67.39
OI10813,O05413,P028,5,185.4
OI10814,O05425,P020,4,62.75
OI10815,O05425,P011,2,54.4
OI10816,O05425,P043,4,447.66
OI10817,O05442,P013,3,417.94
OI10818,O05442,P032,1,364.88
OI10819,O05715,P022,1,358.81
OI10820,O05715,P015,5,441.96
OI10821,O05715,P044,2,356.11
OI10822,O05847,P025,1,349.98
OI10823,O05847,P020,5,62.75
OI10824,O00170,P050,4,182.2
OI10825,O00952,P043,3,447.66
OI10826,O00952,P019,2,135.4
OI10827,O00952,P005,2,267.21
OI10828,O01209,P012,4,86.46
OI10829,O01209,P004,3,27.73
OI10830,O01209,P027,4,9.99
OI10831,O01209,P038,5,133.77
OI10832,O01304,P006,1,380.87
OI10833,O01304,P018,2,252.47
OI10834,O01304,P021,3,443.61
OI10835,O02056,P048,1,146.16
OI10836,O02056,P036,4,15.81
OI10837,O02056,P006,3,380.87
OI10838,O03364,P020,1,62.75
OI10839,O03364,P047,3,116.76
OI10840,O04317,P006,4,380.87
OI10841,O04464,P052,5,155.23
OI10842,O00278,P010,4,383.82
OI10843,O00278,P002,1,181.52
OI10844,O00278,P022,5,358.81
OI10845,O02556,P046,4,23.84
OI10846,O02556,P037,2,193.81
OI10847,O02556,P024,4,29.52
OI10848,O03333,P039,2,409.81
OI10849,O03333,P050,2,182.2
OI10850,O03493,P044,4,356.11
OI10851,O03493,P057,2,91.24
OI10852,O05357,P008,2,157.6
OI10853,O05357,P027,1,9.99
OI10854,O05357,P024,2,29.52
OI10855,O05357,P046,1,23.84
OI10856,O05639,P008,2,157.6
OI10857,O05639,P060,1,349.64
OI10858,O04950,P004,2,27.73
OI10859,O05221,P031,3,90.92
OI10860,O05742,P010,1,383.82
OI10861,O05742,P040,5,296.82
OI10862,O05955,P038,3,133.77
OI10863,O05955,P001,5,378.87
OI10864,O05955,P030,4,268.92
OI10865,O00149,P046,1,23.84
OI10866,O00149,P059,3,10.1
OI10867,O00241,P048,3,146.16
OI10868,O00241,P042,1,358.05
OI10869,O00560,P053,4,123.07
OI10870,O04327,P026,1,29.64
OI10871,O04994,P025,5,349.98
OI10872,O04994,P042,5,358.05
OI10873,O01208,P035,1,67.39
OI10874,O01678,P034,2,271.08
OI10875,O01678,P026,4,29.64
OI10876,O01678,P053,2,123.07
OI10877,O02246,P054,2,310.0
OI10878,O02246,P048,4,146.16
OI10879,O02450,P029,1,384.93
OI10880,O02450,P033,4,68.48
OI10881,O03948,P054,2,310.0
OI10882,O03948,P044,4,356.11
OI10883,O04517,P005,5,267.21
OI10884,O04517,P014,2,11.23
OI10885,O05946,P060,5,349.64
OI10886,O05946,P043,4,447.66
OI10887,O00605,P052,2,155.23
OI10888,O00605,P038,2,133.77
OI10889,O00605,P042,4,358.05
OI10890,O03141,P045,1,296.59
OI10891,O03644,P004,5,27.73
OI10892,O03644,P053,2,123.07
OI10893,O03950,P041,2,76.71
OI10894,O03950,P060,4,349.64
OI10895,O03950,P016,4,407.27
OI10896,O04070,P053,2,123.07
OI10897,O04070,P059,2,10.1
OI10898,O04070,P041,1,76.71
OI10899,O04276,P049,2,34.75
OI10900,O04276,P051,1,389.34
OI10901,O04457,P058,2,114.8
OI10902,O04507,P047,3,116.76
OI10903,O04507,P055,4,29.47
OI10904,O04507,P025,1,349.98
OI10905,O04880,P003,4,215.44
OI10906,O04880,P011,1,54.4
OI10907,O00335,P032,4,364.88
OI10908,O00335,P028,4,185.4
OI10909,O00335,P019,1,135.4
OI10910,O00445,P054,2,310.0
OI10911,O00445,P037,5,193.81
OI10912,O00445,P044,1,356.11
OI10913,O01118,P044,5,356.11
OI10914,O01118,P018,3,252.47
OI10915,O01804,P023,3,416.72
OI10916,O01859,P002,4,154.29
OI10917,O01859,P045,5,296.59
OI10918,O02098,P031,4,90.92
OI10919,O03412,P053,5,123.07
OI10920,O03412,P033,2,68.48
OI10921,O03492,P009,4,384.59
OI10922,O03492,P051,2,389.34
OI10923,O03498,P005,4,227.13
OI10924,O03930,P036,4,15.81
OI10925,O03930,P041,2,76.71
OI10926,O03930,P025,2,349.98
OI10927,O03930,P029,5,384.93
OI10928,O04652,P006,2,323.74
OI10929,O04663,P051,5,389.34
OI10930,O04663,P002,3,154.29
OI10931,O05909,P046,1,23.84
OI10932,O05909,P049,4,34.75
OI10933,O05909,P044,2,356.11
OI10934,O00636,P003,3,183.12
OI10935,O01799,P048,4,146.16
OI10936,O02385,P058,5,114.8
OI10937,O02385,P039,4,409.81
OI10938,O03277,P047,5,116.76
OI10939,O03277,P003,3,183.12
OI10940,O03277,P043,5,447.66
OI10941,O03308,P055,5,29.47
OI10942,O03536,P025,2,349.98
OI10943,O03536,P020,5,62.75
OI10944,O03536,P029,3,384.93
OI10945,O00966,P060,5,349.64
OI10946,O00966,P004,5,23.57
OI10947,O00966,P009,5,384.59
OI10948,O01960,P049,2,34.75
OI10949,O01960,P005,2,227.13
OI10950,O01960,P036,3,15.81
OI10951,O01960,P059,3,10.1
OI10952,O02654,P031,1,90.92
OI10953,O04192,P021,4,443.61
OI10954,O04420,P043,2,447.66
OI10955,O05691,P011,1,54.4
OI10956,O05691,P010,3,383.82
OI10957,O05691,P003,1,183.12
OI10958,O05796,P060,1,349.64
OI10959,O00402,P044,2,356.11
OI10960,O00402,P008,1,133.96
OI10961,O02416,P042,3,358.05
OI10962,O02416,P054,4,310.0
OI10963,O02416,P023,1,416.72
OI10964,O03285,P045,3,296.59
OI10965,O03285,P036,3,15.81
OI10966,O04543,P048,5,146.16
OI10967,O04543,P060,2,349.64
OI10968,O04846,P007,1,293.42
OI10969,O04846,P013,2,417.94
OI10970,O04846,P025,1,349.98
OI10971,O04846,P045,2,296.59
OI10972,O05146,P007,5,293.42
OI10973,O05146,P041,5,76.71
OI10974,O05146,P043,2,447.66
OI10975,O05146,P027,4,9.99
OI10976,O05304,P041,2,76.71
OI10977,O00250,P051,3,389.34
OI10978,O00250,P018,5,252.47
OI10979,O00668,P060,3,349.64
OI10980,O00668,P031,5,90.92
OI10981,O00822,P055,1,29.47
OI10982,O00822,P049,2,34.75
OI10983,O00822,P035,5,67.39
OI10984,O00972,P026,4,29.64
OI10985,O01242,P037,5,193.81
OI10986,O01242,P045,4,296.59
OI10987,O02441,P005,1,227.13
OI10988,O02441,P044,5,356.11
OI10989,O02817,P001,4,322.04
OI10990,O03139,P048,5,146.16
OI10991,O03139,P026,3,29.64
OI10992,O03139,P037,1,193.81
OI10993,O03242,P016,5,407.27
OI10994,O03242,P031,4,90.92
OI10995,O03242,P028,4,185.4
OI10996,O03827,P030,3,268.92
OI10997,O03827,P037,1,193.81
OI10998,O04722,P029,3,384.93
OI10999,O04722,P003,5,183.12
OI11000,O04722,P037,1,193.81
OI11001,O05360,P002,1,154.29
OI11002,O05360,P038,2,133.77
OI11003,O05428,P056,5,28.94
OI11004,O05844,P041,1,76.71
OI11005,O05844,P053,5,123.07
OI11006,O00816,P021,5,443.61
OI11007,O00816,P028,1,185.4
OI11008,O01010,P037,2,193.81
OI11009,O02463,P055,4,29.47
OI11010,O02463,P046,5,23.84
OI11011,O03011,P024,5,29.52
OI11012,O03011,P004,1,23.57
OI11013,O03011,P057,5,91.24
OI11014,O03011,P011,3,54.4
OI11015,O03942,P055,5,29.47
OI11016,O04131,P011,2,54.4
OI11017,O04131,P003,2,183.12
OI11018,O04131,P054,3,310.0
OI11019,O04592,P048,5,146.16
OI11020,O04592,P042,4,358.05
OI11021,O04592,P002,4,154.29
OI11022,O04611,P029,4,384.93
OI11023,O04611,P044,4,356.11
OI11024,O04847,P034,5,271.08
OI11025,O00195,P056,4,28.94
OI11026,O00195,P037,4,193.81
OI11027,O00195,P005,3,227.13
OI11028,O01963,P039,5,409.81
OI11029,O01963,P031,4,90.92
OI11030,O02490,P048,1,146.16
OI11031,O02490,P021,4,443.61
OI11032,O02490,P058,2,114.8
OI11033,O03377,P015,1,441.96
OI11034,O03377,P008,3,133.96
OI11035,O04673,P058,5,114.8
OI11036,O04673,P009,3,384.59
OI11037,O04673,P001,5,322.04
OI11038,O05291,P035,5,67.39
OI11039,O05291,P041,4,76.71
OI11040,O05291,P039,2,409.81
OI11041,O00186,P011,2,54.4
OI11042,O00186,P025,2,349.98
OI11043,O00186,P007,4,293.42
OI11044,O00209,P037,2,193.81
OI11045,O00209,P001,2,322.04
OI11046,O00209,P039,4,409.81
OI11047,O00209,P007,4,293.42
OI11048,O00782,P048,3,146.16
OI11049,O00782,P002,5,154.29
OI11050,O00782,P057,4,91.24
OI11051,O02954,P022,2,358.81
OI11052,O02954,P047,2,116.76
OI11053,O02954,P017,2,391.13
OI11054,O03862,P019,4,135.4
OI11055,O04309,P015,1,441.96
OI11056,O04309,P056,5,28.94
OI11057,O04309,P017,3,391.13
OI11058,O04778,P004,2,23.57
OI11059,O04778,P037,4,193.81
OI11060,O04778,P044,5,356.11
OI11061,O02506,P051,1,389.34
OI11062,O03231,P026,3,29.64
OI11063,O00424,P024,2,29.52
OI11064,O00424,P036,5,15.81
OI11065,O00424,P017,5,391.13
OI11066,O01243,P043,4,447.66
OI11067,O01243,P028,1,185.4
OI11068,O01243,P018,2,252.47
OI11069,O01902,P039,5,409.81
OI11070,O01902,P037,4,193.81
OI11071,O02575,P003,4,183.12
OI11072,O02575,P018,4,252.47
OI11073,O04271,P006,4,323.74
OI11074,O04271,P042,4,358.05
OI11075,O04346,P049,1,34.75
OI11076,O04346,P043,4,447.66
OI11077,O04346,P059,1,10.1
OI11078,O01187,P029,5,384.93
OI11079,O01187,P024,5,29.52
OI11080,O02037,P031,1,90.92
OI11081,O02037,P054,4,310.0
OI11082,O04677,P032,3,364.88
OI11083,O04677,P047,5,116.76
OI11084,O04677,P020,1,62.75
OI11085,O04805,P014,3,11.23
OI11086,O04805,P052,1,155.23
OI11087,O05307,P005,3,227.13
OI11088,O00117,P052,1,155.23
OI11089,O00224,P031,5,90.92
OI11090,O00224,P016,1,407.27
OI11091,O00224,P059,4,10.1
OI11092,O00677,P045,2,296.59
OI11093,O01449,P017,1,391.13
OI11094,O01449,P012,3,86.46
OI11095,O02109,P028,3,185.4
OI11096,O02109,P035,2,67.39
OI11097,O02109,P024,3,29.52
OI11098,O02172,P017,5,391.13
OI11099,O02172,P018,3,252.47
OI11100,O02172,P028,1,185.4
OI11101,O02375,P051,2,389.34
OI11102,O02375,P041,2,76.71
OI11103,O02375,P016,1,407.27
OI11104,O02375,P011,2,54.4
OI11105,O05923,P011,5,54.4
OI11106,O05923,P045,4,296.59
OI11107,O00075,P019,5,135.4
OI11108,O00075,P006,2,323.74
OI11109,O00167,P041,3,76.71
OI11110,O00167,P020,2,62.75
OI11111,O00167,P006,1,323.74
OI11112,O00305,P011,2,54.4
OI11113,O00305,P009,2,384.59
OI11114,O00559,P041,4,76.71
OI11115,O00559,P032,2,364.88
OI11116,O01054,P002,5,154.29
OI11117,O01054,P023,1,416.72
OI11118,O01054,P009,5,384.59
OI11119,O03409,P011,3,54.4
OI11120,O03409,P057,1,91.24
OI11121,O03409,P006,1,323.74
OI11122,O00321,P032,3,364.88
OI11123,O00321,P050,2,182.2
OI11124,O00321,P004,1,23.57
OI11125,O00336,P015,5,441.96
OI11126,O00653,P009,1,384.59
OI11127,O00653,P029,2,384.93
OI11128,O00653,P018,1,252.47
OI11129,O01402,P030,1,268.92
OI11130,O01402,P019,1,135.4
OI11131,O02985,P050,5,182.2
OI11132,O03693,P004,2,23.57
OI11133,O03693,P059,3,10.1
OI11134,O03693,P037,4,193.81
OI11135,O03694,P058,2,114.8
OI11136,O03694,P047,3,116.76
OI11137,O03694,P017,4,391.13
OI11138,O03694,P002,4,154.29
OI11139,O04093,P043,5,447.66
OI11140,O04173,P044,1,356.11
OI11141,O04173,P009,2,384.59
OI11142,O04184,P029,5,384.93
OI11143,O05014,P058,1,114.8
OI11144,O05014,P032,2,364.88
OI11145,O05014,P031,3,90.92
OI11146,O05116,P015,5,441.96
OI11147,O05116,P038,4,133.77
OI11148,O05116,P022,3,358.81
OI11149,O00157,P058,1,114.8
OI11150,O00157,P031,2,90.92
OI11151,O00238,P004,2,23.57
OI11152,O00238,P014,1,11.23
OI11153,O00238,P033,4,68.48
OI11154,O00238,P013,5,417.94
OI11155,O00495,P024,2,29.52
OI11156,O00495,P033,3,68.48
OI11157,O00495,P049,5,34.75
OI11158,O00570,P051,5,389.34
OI11159,O00570,P046,5,23.84
OI11160,O00600,P028,1,185.4
OI11161,O01014,P060,2,349.64
OI11162,O01014,P012,2,86.46
OI11163,O02176,P006,5,323.74
OI11164,O02176,P035,5,67.39
OI11165,O02409,P001,3,322.04
OI11166,O03525,P008,1,133.96
OI11167,O03525,P012,2,86.46
OI11168,O03525,P025,2,349.98
OI11169,O03525,P001,5,322.04
OI11170,O04643,P022,2,358.81
OI11171,O04643,P007,2,293.42
OI11172,O00247,P032,3,364.88
OI11173,O00247,P007,4,293.42
OI11174,O00459,P041,1,76.71
OI11175,O01970,P029,4,384.93
OI11176,O01970,P034,2,271.08
OI11177,O01970,P044,5,356.11
OI11178,O02070,P050,4,182.2
OI11179,O02070,P022,1,358.81
OI11180,O02070,P024,3,29.52
OI11181,O02070,P055,2,29.47
OI11182,O02671,P047,3,116.76
OI11183,O02671,P044,3,356.11
OI11184,O02671,P002,1,154.29
OI11185,O03850,P060,5,349.64
OI11186,O04591,P056,1,28.94
OI11187,O04591,P040,5,296.82
OI11188,O04591,P054,3,310.0
OI11189,O04975,P003,2,183.12
OI11190,O04975,P060,1,349.64
OI11191,O05387,P026,5,29.64
OI11192,O05387,P031,2,90.92
OI11193,O05387,P017,2,391.13
OI11194,O05409,P018,2,252.47
OI11195,O05409,P031,1,90.92
OI11196,O05409,P033,2,68.48
OI11197,O05942,P031,4,90.92
OI11198,O05942,P001,3,322.04
OI11199,O00610,P010,2,383.82
OI11200,O00610,P014,5,11.23
OI11201,O00610,P040,1,296.82
OI11202,O00610,P051,4,389.34
OI11203,O01017,P027,4,9.99
OI11204,O01017,P049,3,34.75
OI11205,O01017,P005,3,227.13
OI11206,O03198,P014,4,11.23
OI11207,O03198,P012,3,86.46
OI11208,O03887,P053,2,123.07
OI11209,O04840,P029,3,384.93
OI11210,O04840,P007,3,293.42
OI11211,O04840,P036,2,15.81
OI11212,O04840,P011,1,54.4
OI11213,O05173,P042,3,358.05
OI11214,O05271,P048,5,146.16
OI11215,O05271,P059,1,10.1
OI11216,O05496,P031,1,90.92
OI11217,O05496,P048,1,146.16
OI11218,O00165,P027,4,9.99
OI11219,O00165,P023,2,416.72
OI11220,O00165,P060,1,349.64
OI11221,O01218,P041,5,76.71
OI11222,O01218,P009,1,384.59
OI11223,O01996,P021,5,443.61
OI11224,O01996,P011,3,54.4
OI11225,O01996,P018,5,252.47
OI11226,O03846,P046,5,23.84
OI11227,O03846,P030,4,268.92
OI11228,O03982,P028,3,185.4
OI11229,O03995,P051,4,389.34
OI11230,O03995,P047,1,116.76
OI11231,O04762,P030,3,268.92
OI11232,O04762,P042,5,358.05
OI11233,O04930,P044,2,356.11
OI11234,O04930,P007,5,293.42
OI11235,O05231,P044,4,356.11
OI11236,O05231,P032,2,364.88
OI11237,O05231,P017,2,391.13
OI11238,O05231,P020,2,62.75
OI11239,O05251,P019,1,135.4
OI11240,O05251,P026,2,29.64
OI11241,O05251,P049,2,34.75
OI11242,O05251,P008,5,133.96
OI11243,O05705,P025,1,349.98
OI11244,O05705,P038,3,133.77
OI11245,O05932,P040,4,296.82
OI11246,O05932,P012,5,86.46
OI11247,O05932,P007,2,293.42
OI11248,O05932,P051,2,389.34
OI11249,O00533,P016,2,407.27
OI11250,O00533,P025,1,349.98
OI11251,O00533,P048,2,146.16
OI11252,O02483,P003,1,183.12
OI11253,O02483,P019,5,135.4
OI11254,O02483,P053,1,123.07
OI11255,O02483,P047,2,116.76
OI11256,O02964,P047,5,116.76
OI11257,O02964,P018,5,252.47
OI11258,O02964,P044,5,356.11
OI11259,O02992,P046,5,23.84
OI11260,O02992,P005,3,227.13
OI11261,O03549,P032,2,364.88
OI11262,O04352,P009,3,384.59
OI11263,O04352,P043,5,447.66
OI11264,O04352,P019,4,135.4
OI11265,O04683,P042,5,358.05
OI11266,O04683,P058,2,114.8
OI11267,O05339,P019,4,135.4
OI11268,O05339,P004,4,23.57
OI11269,O05920,P001,2,322.04
OI11270,O05920,P051,2,389.34
OI11271,O05920,P020,4,62.75
OI11272,O00230,P037,5,193.81
OI11273,O00230,P038,4,133.77
OI11274,O00369,P025,4,349.98
OI11275,O00369,P050,1,182.2
OI11276,O00369,P005,2,227.13
OI11277,O00792,P022,5,358.81
OI11278,O00792,P047,5,116.76
OI11279,O00792,P049,2,34.75
OI11280,O01361,P031,2,90.92
OI11281,O01361,P048,5,146.16
OI11282,O01361,P034,2,271.08
OI11283,O01361,P043,3,447.66
OI11284,O01643,P014,1,11.23
OI11285,O01643,P005,5,227.13
OI11286,O01643,P007,3,293.42
OI11287,O02108,P041,2,76.71
OI11288,O03157,P045,2,296.59
OI11289,O03462,P047,3,116.76
OI11290,O03565,P017,4,391.13
OI11291,O03565,P034,2,271.08
OI11292,O03565,P006,5,323.74
OI11293,O03565,P009,5,384.59
OI11294,O04493,P057,1,91.24
OI11295,O04692,P059,5,10.1
OI11296,O04692,P005,4,227.13
OI11297,O04692,P050,3,182.2
OI11298,O04692,P018,1,252.47
OI11299,O00101,P036,5,15.81
OI11300,O00101,P032,5,364.88
OI11301,O00101,P008,2,133.96
OI11302,O00914,P048,5,146.16
OI11303,O00914,P038,4,133.77
OI11304,O00914,P001,2,322.04
OI11305,O01398,P013,1,417.94
OI11306,O02565,P009,2,384.59
OI11307,O02565,P035,1,67.39
OI11308,O03182,P053,2,123.07
OI11309,O03182,P043,5,447.66
OI11310,O03182,P005,1,227.13
OI11311,O03604,P033,2,68.48
OI11312,O03604,P014,4,11.23
OI11313,O05371,P037,4,193.81
OI11314,O05371,P039,3,409.81
OI11315,O05371,P027,5,9.99
OI11316,O05371,P059,3,10.1
OI11317,O05516,P035,2,67.39
OI11318,O05516,P030,5,268.92
OI11319,O05516,P024,1,29.52
OI11320,O01028,P047,2,116.76
OI11321,O01028,P027,2,9.99
OI11322,O01028,P040,4,210.74
OI11323,O01279,P057,4,91.24
OI11324,O01279,P032,1,364.88
OI11325,O01279,P013,2,417.94
OI11326,O01279,P007,5,293.42
OI11327,O02064,P045,3,210.58
OI11328,O02211,P005,2,227.13
OI11329,O02940,P022,1,358.81
OI11330,O02940,P016,5,407.27
OI11331,O02940,P010,3,383.82
OI11332,O04618,P022,1,358.81
OI11333,O04618,P059,3,10.1
OI11334,O04618,P006,3,323.74
OI11335,O01080,P007,4,293.42
OI11336,O01080,P022,3,358.81
OI11337,O01080,P006,4,323.74
OI11338,O02046,P030,1,268.92
OI11339,O02046,P049,1,34.75
OI11340,O02046,P009,1,384.59
OI11341,O03239,P042,2,254.22
OI11342,O03731,P039,2,409.81
OI11343,O03731,P003,3,183.12
OI11344,O03731,P026,2,29.64
OI11345,O05517,P014,1,11.23
OI11346,O05517,P051,4,389.34
OI11347,O05517,P058,2,114.8
OI11348,O05517,P042,2,254.22
OI11349,O01045,P001,1,322.04
OI11350,O01045,P028,4,185.4
OI11351,O01045,P031,5,90.92
OI11352,O01180,P046,3,16.93
OI11353,O01180,P016,1,407.27
OI11354,O01180,P010,5,383.82
OI11355,O01598,P034,2,271.08
OI11356,O01598,P032,1,364.88
OI11357,O02397,P044,1,252.84
OI11358,O03031,P057,5,91.24
OI11359,O03031,P032,2,364.88
OI11360,O03031,P051,3,389.34
OI11361,O03092,P048,4,146.16
OI11362,O03092,P018,1,252.47
OI11363,O03255,P033,3,68.48
OI11364,O03255,P028,3,185.4
OI11365,O03255,P032,1,364.88
OI11366,O05997,P053,5,123.07
OI11367,O05997,P018,4,252.47
OI11368,O01585,P043,4,317.84
OI11369,O01831,P054,1,310.0
OI11370,O01831,P042,1,254.22
OI11371,O02743,P003,5,183.12
OI11372,O03109,P036,2,15.81
OI11373,O03109,P008,5,133.96
OI11374,O03109,P038,3,133.77
OI11375,O03514,P020,1,62.75
OI11376,O03514,P035,4,67.39
OI11377,O04226,P002,1,154.29
OI11378,O04226,P016,4,407.27
OI11379,O04226,P007,3,293.42
OI11380,O04235,P035,4,67.39
OI11381,O04235,P038,5,133.77
OI11382,O04235,P045,5,210.58
OI11383,O04235,P012,2,86.46
OI11384,O00048,P021,3,443.61
OI11385,O00048,P024,4,29.52
OI11386,O00664,P036,1,15.81
OI11387,O00664,P018,4,252.47
OI11388,O00664,P022,5,358.81
OI11389,O00664,P038,5,133.77
OI11390,O00876,P001,5,322.04
OI11391,O00876,P025,1,349.98
OI11392,O00876,P043,5,317.84
OI11393,O00977,P002,1,154.29
OI11394,O00977,P030,3,268.92
OI11395,O00977,P028,1,185.4
OI11396,O01034,P028,4,185.4
OI11397,O01034,P004,4,23.57
OI11398,O01034,P031,1,90.92
OI11399,O01097,P050,1,182.2
OI11400,O01097,P051,3,389.34
OI11401,O01097,P047,2,116.76
OI11402,O01338,P002,4,154.29
OI11403,O02232,P029,4,384.93
OI11404,O02232,P024,3,29.52
OI11405,O02232,P018,4,252.47
OI11406,O02403,P048,3,146.16
OI11407,O02403,P008,1,133.96
OI11408,O03278,P042,3,254.22
OI11409,O03278,P052,2,155.23
OI11410,O03278,P046,5,16.93
OI11411,O03384,P047,5,116.76
OI11412,O03384,P007,3,293.42
OI11413,O03814,P051,2,389.34
OI11414,O03814,P059,3,10.1
OI11415,O04553,P013,2,417.94
OI11416,O04732,P015,1,441.96
OI11417,O04732,P038,5,133.77
OI11418,O04732,P001,3,322.04
OI11419,O05006,P024,3,29.52
OI11420,O05006,P015,2,441.96
OI11421,O05345,P007,5,293.42
OI11422,O05345,P043,3,317.84
OI11423,O05592,P019,2,135.4
OI11424,O05592,P007,4,293.42
OI11425,O05822,P058,4,114.8
OI11426,O05822,P053,1,123.07
OI11427,O05822,P025,1,349.98
OI11428,O01032,P028,4,185.4
OI11429,O01032,P004,2,23.57
OI11430,O01841,P035,4,67.39
OI11431,O03256,P026,1,29.64
OI11432,O03312,P041,4,54.46
OI11433,O03312,P019,5,135.4
OI11434,O03312,P058,5,114.8
OI11435,O03312,P046,4,16.93
OI11436,O04332,P032,5,364.88
OI11437,O04332,P005,1,227.13
OI11438,O04364,P030,4,268.92
OI11439,O04364,P036,4,15.81
OI11440,O04393,P046,5,16.93
OI11441,O05452,P030,3,268.92
OI11442,O05452,P012,1,86.46
OI11443,O05452,P005,3,227.13
OI11444,O00769,P014,3,11.23
OI11445,O01832,P038,5,133.77
OI11446,O01832,P027,3,9.99
OI11447,O03459,P035,5,67.39
OI11448,O03459,P021,5,443.61
OI11449,O03459,P047,5,116.76
OI11450,O03459,P017,1,391.13
OI11451,O01055,P058,2,114.8
OI11452,O01570,P050,3,182.2
OI11453,O01570,P023,3,416.72
OI11454,O01570,P046,5,16.93
OI11455,O02616,P058,1,114.8
OI11456,O02616,P043,4,317.84
OI11457,O02616,P021,5,443.61
OI11458,O02616,P012,4,86.46
OI11459,O02773,P006,2,380.87
OI11460,O02773,P044,3,252.84
OI11461,O02773,P030,4,268.92
OI11462,O03539,P026,2,29.64
OI11463,O03539,P022,1,358.81
OI11464,O03981,P059,5,10.1
OI11465,O04086,P021,1,443.61
OI11466,O04086,P051,1,389.34
OI11467,O04086,P050,1,182.2
OI11468,O04086,P044,5,252.84
OI11469,O01354,P004,5,27.73
OI11470,O01354,P048,4,146.16
OI11471,O01354,P060,3,349.64
OI11472,O02929,P010,1,383.82
OI11473,O02929,P050,1,182.2
OI11474,O02929,P051,2,389.34
OI11475,O03478,P024,5,29.52
OI11476,O03478,P047,2,116.76
OI11477,O05671,P053,5,123.07
OI11478,O05671,P060,3,349.64
OI11479,O05671,P020,1,62.75
OI11480,O05671,P015,4,441.96
OI11481,O05713,P010,4,383.82
OI11482,O05713,P028,5,185.4
OI11483,O05713,P019,2,135.4
OI11484,O05713,P044,4,252.84
OI11485,O00269,P009,3,384.59
OI11486,O00269,P038,3,133.77
OI11487,O00713,P044,4,252.84
OI11488,O01685,P032,5,324.74
OI11489,O01685,P023,3,416.72
OI11490,O01685,P001,5,378.87
OI11491,O01685,P042,2,254.22
OI11492,O02066,P002,2,181.52
OI11493,O02066,P058,5,114.8
OI11494,O02066,P040,1,210.74
OI11495,O02066,P013,5,417.94
OI11496,O03218,P014,4,11.23
OI11497,O00448,P042,3,254.22
OI11498,O01149,P052,1,155.23
OI11499,O01149,P014,4,11.23
OI11500,O01149,P022,2,358.81
OI11501,O01709,P043,1,317.84
OI11502,O01709,P048,2,146.16
OI11503,O01709,P006,5,380.87
OI11504,O01709,P058,4,114.8
OI11505,O01754,P034,2,271.08
OI11506,O01754,P001,2,378.87
OI11507,O01754,P057,3,91.24
OI11508,O02913,P029,3,384.93
OI11509,O02913,P030,2,268.92
OI11510,O03397,P056,4,28.94
OI11511,O03397,P042,4,254.22
OI11512,O03967,P034,2,271.08
OI11513,O04850,P009,2,384.59
OI11514,O04850,P044,1,252.84
OI11515,O04850,P047,4,116.76
OI11516,O04850,P020,2,62.75
OI11517,O04970,P025,3,349.98
OI11518,O04970,P011,3,54.4
OI11519,O05533,P031,4,90.92
OI11520,O00008,P006,4,380.87
OI11521,O00008,P038,5,133.77
OI11522,O00008,P014,1,11.23
OI11523,O00802,P033,4,68.48
OI11524,O01265,P058,2,114.8
OI11525,O01265,P001,3,378.87
OI11526,O01265,P042,5,254.22
OI11527,O01820,P027,3,9.99
OI11528,O01820,P030,1,268.92
OI11529,O01820,P047,4,116.76
OI11530,O01820,P037,4,193.81
OI11531,O01962,P016,1,407.27
OI11532,O01962,P056,5,28.94
OI11533,O02193,P017,3,391.13
OI11534,O02193,P001,5,378.87
OI11535,O02511,P038,3,133.77
OI11536,O02717,P044,2,252.84
OI11537,O02749,P008,2,157.6
OI11538,O03655,P023,4,416.72
OI11539,O03655,P032,2,324.74
OI11540,O03655,P031,3,90.92
OI11541,O03655,P001,3,378.87
OI11542,O04865,P037,2,193.81
OI11543,O04865,P034,3,271.08
OI11544,O04865,P049,5,34.75
OI11545,O05306,P055,1,29.47
OI11546,O05306,P032,4,324.74
OI11547,O05306,P047,4,116.76
OI11548,O00072,P043,1,317.84
OI11549,O00072,P047,2,116.76
OI11550,O00530,P036,5,15.81
OI11551,O03675,P031,4,90.92
OI11552,O04054,P055,2,29.47
OI11553,O04149,P035,2,67.39
OI11554,O04218,P043,1,317.84
OI11555,O04218,P010,3,383.82
OI11556,O04533,P016,4,407.27
OI11557,O05508,P038,1,133.77
OI11558,O05508,P010,1,383.82
OI11559,O05508,P044,3,252.84
OI11560,O05508,P004,2,27.73
OI11561,O05576,P051,5,389.34
OI11562,O00328,P040,3,210.74
OI11563,O00328,P025,5,349.98
OI11564,O00328,P015,1,441.96
OI11565,O02597,P010,5,383.82
OI11566,O02597,P011,4,54.4
OI11567,O02597,P057,4,91.24
OI11568,O03634,P007,2,345.2
OI11569,O03634,P037,1,193.81
OI11570,O03634,P016,1,407.27
OI11571,O03634,P005,3,267.21
OI11572,O04656,P043,3,317.84
OI11573,O00150,P025,5,349.98
OI11574,O00150,P008,1,157.6
OI11575,O00150,P060,3,349.64
OI11576,O00252,P011,5,54.4
OI11577,O00252,P009,5,384.59
OI11578,O00252,P045,5,210.58
OI11579,O03463,P033,3,68.48
OI11580,O03463,P020,1,62.75
OI11581,O03463,P046,1,16.93
OI11582,O04806,P002,4,181.52
OI11583,O04806,P022,4,358.81
OI11584,O04806,P054,2,310.0
OI11585,O01037,P047,3,116.76
OI11586,O01037,P019,2,135.4
OI11587,O01037,P014,1,11.23
OI11588,O02028,P016,1,407.27
OI11589,O02028,P033,5,68.48
OI11590,O02568,P018,5,252.47
OI11591,O02568,P023,1,416.72
OI11592,O05300,P007,1,345.2
OI11593,O05300,P002,1,181.52
OI11594,O00262,P022,1,358.81
OI11595,O00262,P045,4,210.58
OI11596,O00345,P059,3,10.1
OI11597,O00345,P007,5,345.2
OI11598,O00345,P018,3,252.47
OI11599,O00345,P053,5,123.07
OI11600,O00520,P036,5,15.81
OI11601,O00520,P040,3,210.74
OI11602,O01636,P022,2,358.81
OI11603,O01636,P058,3,114.8
OI11604,O01636,P027,2,9.99
OI11605,O01636,P050,5,182.2
OI11606,O01664,P039,1,409.81
OI11607,O01664,P011,3,54.4
OI11608,O01664,P032,4,324.74
OI11609,O01664,P051,4,389.34
OI11610,O04625,P015,2,441.96
OI11611,O04625,P010,4,383.82
OI11612,O04681,P047,3,116.76
OI11613,O04681,P003,3,215.44
OI11614,O05100,P057,1,91.24
OI11615,O05100,P003,2,215.44
OI11616,O05100,P056,4,28.94
OI11617,O00063,P034,5,271.08
OI11618,O01267,P060,3,349.64
OI11619,O01475,P007,2,345.2
OI11620,O01475,P046,4,16.93
OI11621,O01475,P040,1,210.74
OI11622,O01475,P016,1,407.27
OI11623,O02440,P048,3,146.16
OI11624,O02440,P046,3,16.93
OI11625,O02440,P008,4,157.6
OI11626,O02440,P019,4,135.4
OI11627,O03697,P013,3,417.94
OI11628,O03858,P040,2,210.74
OI11629,O03858,P017,2,391.13
OI11630,O03858,P045,2,210.58
OI11631,O03858,P018,1,252.47
OI11632,O04362,P012,3,86.46
OI11633,O05038,P030,3,268.92
OI11634,O05038,P050,5,182.2
OI11635,O05176,P012,5,86.46
OI11636,O05176,P036,1,15.81
OI11637,O05342,P017,5,391.13
OI11638,O05342,P003,5,215.44
OI11639,O05600,P006,5,380.87
OI11640,O05600,P058,1,114.8
OI11641,O05968,P055,1,29.47
OI11642,O05968,P045,2,210.58
OI11643,O05968,P007,4,345.2
OI11644,O00218,P049,1,34.75
OI11645,O00488,P022,1,358.81
OI11646,O00488,P029,2,384.93
OI11647,O00696,P019,1,135.4
OI11648,O00696,P038,5,133.77
OI11649,O00696,P051,3,389.34
OI11650,O02718,P029,2,384.93
OI11651,O02718,P054,2,310.0
OI11652,O02718,P039,2,409.81
OI11653,O03612,P029,5,384.93
OI11654,O03612,P056,3,28.94
OI11655,O03612,P049,1,34.75
OI11656,O04079,P014,5,11.23
OI11657,O04079,P044,1,252.84
OI11658,O04079,P059,1,10.1
OI11659,O04079,P016,5,407.27
OI11660,O05098,P032,1,324.74
OI11661,O05760,P033,4,68.48
OI11662,O05760,P042,5,254.22
OI11663,O05760,P025,2,349.98
OI11664,O05760,P050,2,182.2
OI11665,O00608,P023,2,416.72
OI11666,O00608,P017,2,391.13
OI11667,O00608,P059,2,10.1
OI11668,O03719,P040,3,210.74
OI11669,O04576,P017,4,391.13
OI11670,O04576,P056,4,28.94
OI11671,O05250,P057,3,91.24
OI11672,O05250,P022,3,358.81
OI11673,O00556,P027,3,9.99
OI11674,O00556,P035,4,67.39
OI11675,O00556,P020,5,62.75
OI11676,O00556,P019,3,135.4
OI11677,O00730,P059,2,10.1
OI11678,O00730,P019,5,135.4
OI11679,O00730,P013,4,417.94
OI11680,O00836,P059,2,10.1
OI11681,O00836,P024,4,29.52
OI11682,O00836,P045,1,210.58
OI11683,O00836,P057,1,91.24
OI11684,O01572,P025,1,349.98
OI11685,O01786,P017,1,391.13
OI11686,O01786,P033,3,68.48
OI11687,O01786,P048,4,146.16
OI11688,O03044,P025,5,349.98
OI11689,O03822,P044,1,252.84
OI11690,O03822,P008,1,157.6
OI11691,O04087,P026,2,29.64
OI11692,O04087,P019,1,135.4
OI11693,O04196,P011,5,54.4
OI11694,O04196,P005,1,267.21
OI11695,O05401,P025,2,349.98
OI11696,O05401,P051,4,389.34
OI11697,O05991,P052,4,155.23
OI11698,O00069,P026,5,29.64
OI11699,O00069,P005,3,267.21
OI11700,O00069,P003,1,215.44
OI11701,O00069,P001,2,378.87
OI11702,O01039,P021,1,443.61
OI11703,O01039,P051,3,389.34
OI11704,O01039,P001,1,378.87
OI11705,O01039,P023,5,416.72
OI11706,O02042,P011,5,54.4
OI11707,O02042,P016,2,407.27
OI11708,O03263,P046,3,16.93
OI11709,O03263,P030,4,268.92
OI11710,O03468,P027,3,9.99
OI11711,O03468,P052,1,155.23
OI11712,O03468,P007,2,345.2
OI11713,O03468,P006,3,380.87
OI11714,O03583,P034,2,271.08
OI11715,O03583,P041,4,54.46
OI11716,O03583,P017,1,391.13
OI11717,O04033,P013,2,417.94
OI11718,O04033,P037,1,193.81
OI11719,O04076,P031,3,90.92
OI11720,O04076,P040,3,210.74
OI11721,O04076,P049,1,34.75
OI11722,O04259,P015,3,441.96
OI11723,O04259,P030,3,268.92
OI11724,O05974,P015,5,441.96
OI11725,O00829,P052,1,155.23
OI11726,O00829,P035,5,67.39
OI11727,O00829,P055,4,29.47
OI11728,O00947,P013,5,417.94
OI11729,O01072,P034,3,271.08
OI11730,O01072,P037,4,193.81
OI11731,O01981,P056,1,28.94
OI11732,O03017,P020,5,62.75
OI11733,O03017,P033,4,68.48
OI11734,O03017,P043,5,317.84
OI11735,O03017,P012,3,86.46
OI11736,O04447,P016,5,407.27
OI11737,O04447,P007,1,345.2
OI11738,O04763,P019,2,135.4
OI11739,O04763,P014,1,11.23
OI11740,O05583,P036,2,15.81
OI11741,O05583,P006,2,380.87
OI11742,O05738,P043,3,317.84
OI11743,O05738,P056,3,28.94
OI11744,O05740,P030,1,268.92
OI11745,O05740,P045,4,210.58
OI11746,O00915,P003,1,215.44
OI11747,O01266,P044,3,252.84
OI11748,O01266,P045,1,210.58
OI11749,O01266,P054,4,310.0
OI11750,O01665,P043,2,317.84
OI11751,O01665,P042,5,254.22
OI11752,O01693,P037,2,193.81
OI11753,O01693,P015,2,441.96
OI11754,O01693,P058,5,114.8
OI11755,O04872,P025,3,349.98
OI11756,O04872,P042,1,254.22
OI11757,O04872,P008,4,157.6
OI11758,O05253,P032,2,324.74
OI11759,O05253,P040,3,210.74
OI11760,O05762,P003,5,215.44
OI11761,O05762,P031,2,90.92
OI11762,O05762,P052,2,155.23
OI11763,O05762,P016,2,407.27
OI11764,O01038,P034,3,271.08
OI11765,O01038,P011,3,54.4
OI11766,O02117,P047,5,116.76
OI11767,O02117,P027,4,9.99
OI11768,O02117,P046,4,16.93
OI11769,O02477,P034,5,271.08
OI11770,O02477,P008,5,157.6
OI11771,O02842,P053,4,123.07
OI11772,O02842,P043,4,317.84
OI11773,O03165,P003,4,215.44
OI11774,O03287,P055,3,29.47
OI11775,O03904,P029,5,384.93
OI11776,O03904,P060,1,349.64
OI11777,O04368,P018,3,252.47
OI11778,O04519,P005,4,267.21
OI11779,O05456,P028,5,185.4
OI11780,O05603,P037,2,193.81
OI11781,O05603,P024,5,29.52
OI11782,O05603,P053,5,123.07
OI11783,O00576,P059,5,10.1
OI11784,O00576,P057,1,91.24
OI11785,O00576,P045,5,210.58
OI11786,O04668,P025,2,349.98
OI11787,O04668,P009,3,384.59
OI11788,O04668,P020,2,62.75
OI11789,O04668,P055,5,29.47
OI11790,O02589,P017,4,391.13
OI11791,O02732,P006,3,380.87
OI11792,O02732,P039,1,409.81
OI11793,O02732,P023,1,416.72
OI11794,O03903,P006,4,380.87
OI11795,O03903,P053,3,123.07
OI11796,O04567,P036,1,15.81
OI11797,O04567,P039,4,409.81
OI11798,O04567,P018,4,252.47
OI11799,O04691,P028,5,185.4
OI11800,O04691,P043,4,447.66
OI11801,O04909,P022,1,358.81
OI11802,O04909,P041,3,76.71
OI11803,O04909,P057,1,91.24
OI11804,O05437,P042,4,358.05
OI11805,O00017,P035,1,67.39
OI11806,O00017,P031,5,90.92
OI11807,O00099,P047,2,116.76
OI11808,O00417,P042,4,358.05
OI11809,O00417,P013,1,417.94
OI11810,O00417,P047,2,116.76
OI11811,O02157,P024,4,29.52
OI11812,O02157,P007,2,345.2
OI11813,O02157,P015,5,441.96
OI11814,O02475,P051,1,389.34
OI11815,O02475,P035,1,67.39
OI11816,O02475,P018,2,252.47
OI11817,O03672,P008,3,157.6
OI11818,O04027,P020,3,62.75
OI11819,O01383,P011,3,54.4
OI11820,O01383,P043,4,447.66
OI11821,O01383,P049,3,34.75
OI11822,O01599,P006,4,380.87
OI11823,O01599,P005,2,267.21
OI11824,O01599,P034,4,271.08
OI11825,O01796,P038,1,133.77
OI11826,O01796,P016,5,407.27
OI11827,O02973,P053,3,123.07
OI11828,O02973,P035,5,67.39
OI11829,O02973,P002,5,181.52
OI11830,O03414,P005,4,267.21
OI11831,O03414,P017,4,391.13
OI11832,O03414,P009,4,384.59
OI11833,O03414,P014,3,11.23
OI11834,O05226,P014,1,11.23
OI11835,O05226,P021,4,443.61
OI11836,O05226,P040,2,296.82
OI11837,O05255,P044,4,356.11
OI11838,O05255,P051,4,389.34
OI11839,O00462,P011,5,54.4
OI11840,O00462,P006,2,380.87
OI11841,O00557,P013,5,417.94
OI11842,O00750,P026,3,29.64
OI11843,O00750,P051,1,389.34
OI11844,O00750,P023,4,416.72
OI11845,O01313,P029,2,384.93
OI11846,O01313,P003,5,215.44
OI11847,O01313,P013,1,417.94
OI11848,O01313,P004,4,27.73
OI11849,O01418,P026,2,29.64
OI11850,O01937,P050,4,182.2
OI11851,O01937,P029,5,384.93
OI11852,O01937,P041,5,76.71
OI11853,O01937,P037,4,193.81
OI11854,O02227,P054,5,310.0
OI11855,O02227,P022,4,358.81
OI11856,O02711,P031,2,90.92
OI11857,O03475,P003,5,215.44
OI11858,O03475,P041,3,76.71
OI11859,O03475,P044,1,356.11
OI11860,O03849,P020,4,62.75
OI11861,O03849,P038,3,133.77
OI11862,O00641,P039,2,409.81
OI11863,O00641,P048,5,146.16
OI11864,O00641,P004,3,27.73
OI11865,O00873,P056,2,28.94
OI11866,O00873,P043,3,447.66
OI11867,O01271,P025,5,349.98
OI11868,O01271,P018,5,252.47
OI11869,O01271,P001,4,378.87
OI11870,O01515,P052,3,155.23
OI11871,O03195,P049,1,34.75
OI11872,O03195,P021,5,443.61
OI11873,O03505,P021,2,443.61
OI11874,O03505,P060,4,349.64
OI11875,O03505,P036,4,15.81
OI11876,O03646,P032,3,364.88
OI11877,O03646,P047,4,116.76
OI11878,O04454,P007,3,345.2
OI11879,O04454,P021,3,443.61
OI11880,O04655,P058,1,114.8
OI11881,O04655,P040,1,296.82
OI11882,O04655,P027,5,9.99
OI11883,O01889,P021,1,443.61
OI11884,O02318,P010,3,383.82
OI11885,O02318,P059,1,10.1
OI11886,O02318,P039,3,409.81
OI11887,O02629,P056,4,28.94
OI11888,O02629,P036,2,15.81
OI11889,O00137,P041,1,76.71
OI11890,O02500,P049,5,34.75
OI11891,O02500,P001,4,378.87
OI11892,O03273,P016,4,407.27
OI11893,O03273,P030,5,268.92
OI11894,O03490,P030,4,268.92
OI11895,O03490,P028,3,185.4
OI11896,O03490,P053,1,123.07
OI11897,O03691,P016,5,407.27
OI11898,O03952,P040,4,296.82
OI11899,O03952,P027,4,9.99
OI11900,O03952,P026,3,29.64
OI11901,O03952,P016,4,407.27
OI11902,O05207,P017,5,391.13
OI11903,O05207,P021,5,443.61
OI11904,O05303,P017,1,391.13
OI11905,O05303,P014,2,11.23
OI11906,O05303,P018,3,252.47
OI11907,O05303,P012,3,86.46
OI11908,O05380,P029,5,384.93
OI11909,O00983,P058,4,114.8
OI11910,O00983,P011,2,54.4
OI11911,O00983,P009,5,384.59
OI11912,O02915,P018,1,252.47
OI11913,O02915,P038,3,133.77
OI11914,O03135,P051,5,389.34
OI11915,O03135,P044,2,356.11
OI11916,O03135,P038,5,133.77
OI11917,O03135,P045,4,296.59
OI11918,O03488,P007,2,345.2
OI11919,O04073,P034,1,271.08
OI11920,O04073,P008,1,157.6
OI11921,O04073,P046,5,23.84
OI11922,O04073,P050,5,182.2
OI11923,O04965,P053,2,123.07
OI11924,O04965,P032,5,364.88
OI11925,O04965,P011,4,54.4
OI11926,O05758,P032,4,364.88
OI11927,O05758,P019,3,135.4
OI11928,O00304,P004,1,27.73
OI11929,O00405,P025,3,349.98
OI11930,O00405,P002,3,181.52
OI11931,O00405,P005,2,267.21
OI11932,O01252,P043,5,447.66
OI11933,O01252,P051,1,389.34
OI11934,O01252,P003,3,215.44
OI11935,O01413,P039,4,409.81
OI11936,O01413,P053,1,123.07
OI11937,O01619,P008,5,157.6
OI11938,O01619,P057,5,91.24
OI11939,O01619,P042,1,358.05
OI11940,O02336,P015,3,441.96
OI11941,O02336,P029,3,384.93
OI11942,O03940,P041,4,76.71
OI11943,O03940,P035,2,67.39
OI11944,O03940,P060,5,349.64
OI11945,O03989,P043,1,447.66
OI11946,O03989,P053,3,123.07
OI11947,O03989,P021,5,443.61
OI11948,O03989,P031,1,90.92
OI11949,O04456,P005,3,267.21
OI11950,O04456,P013,3,417.94
OI11951,O04465,P037,2,193.81
OI11952,O04601,P053,2,123.07
OI11953,O05635,P024,5,29.52
OI11954,O05635,P013,2,417.94
OI11955,O00991,P021,3,443.61
OI11956,O00991,P039,5,409.81
OI11957,O00991,P004,1,27.73
OI11958,O01193,P009,4,384.59
OI11959,O01193,P052,5,155.23
OI11960,O01193,P023,3,416.72
OI11961,O01193,P032,5,364.88
OI11962,O01443,P034,1,271.08
OI11963,O01443,P059,4,10.1
OI11964,O03678,P001,4,378.87
OI11965,O03678,P057,4,91.24
OI11966,O03678,P016,2,407.27
OI11967,O03678,P043,1,447.66
OI11968,O03769,P058,1,114.8
OI11969,O04600,P001,5,378.87
OI11970,O04600,P046,4,23.84
OI11971,O04600,P050,4,182.2
OI11972,O04600,P011,3,54.4
OI11973,O05524,P034,1,271.08
OI11974,O05524,P051,1,389.34
OI11975,O05524,P030,1,268.92
OI11976,O05647,P056,4,28.94
OI11977,O05647,P053,2,123.07
OI11978,O00219,P047,3,116.76
OI11979,O00219,P011,1,54.4
OI11980,O00219,P023,4,416.72
OI11981,O00219,P003,5,215.44
OI11982,O01245,P060,4,349.64
OI11983,O01245,P054,1,310.0
OI11984,O02866,P010,1,383.82
OI11985,O04531,P055,5,29.47
OI11986,O04531,P060,2,349.64
OI11987,O04531,P026,1,29.64
OI11988,O04561,P031,4,90.92
OI11989,O05989,P027,5,9.99
OI11990,O00030,P051,4,389.34
OI11991,O00030,P042,3,358.05
OI11992,O00030,P010,1,383.82
OI11993,O00463,P056,5,28.94
OI11994,O00463,P031,5,90.92
OI11995,O00990,P024,4,29.52
OI11996,O02339,P052,3,155.23
OI11997,O02612,P058,1,114.8
OI11998,O02612,P008,1,157.6
OI11999,O03192,P029,1,384.93
OI12000,O03192,P044,4,356.11
OI12001,O04248,P054,5,310.0
OI12002,O04248,P042,4,358.05
OI12003,O04248,P036,3,15.81
OI12004,O04248,P002,5,181.52
OI12005,O04634,P024,5,29.52
OI12006,O04634,P038,2,133.77
OI12007,O04720,P024,3,29.52
OI12008,O00861,P001,1,378.87
OI12009,O00861,P002,5,181.52
OI12010,O00861,P047,5,116.76
OI12011,O01328,P012,5,86.46
OI12012,O01328,P002,4,181.52
OI12013,O01328,P054,5,310.0
OI12014,O01668,P015,5,441.96
OI12015,O01668,P051,3,389.34
OI12016,O01668,P049,2,34.75
OI12017,O01668,P028,3,185.4
OI12018,O02374,P030,5,268.92
OI12019,O02374,P007,1,345.2
OI12020,O02374,P034,1,271.08
OI12021,O02720,P047,2,116.76
OI12022,O02720,P027,3,9.99
OI12023,O03172,P053,1,123.07
OI12024,O03172,P026,5,29.64
OI12025,O03433,P037,3,193.81
OI12026,O03433,P030,4,268.92
OI12027,O03895,P011,2,54.4
OI12028,O03895,P022,4,358.81
OI12029,O03895,P032,1,364.88
OI12030,O04621,P048,4,146.16
OI12031,O04621,P056,2,28.94
OI12032,O00862,P015,3,441.96
OI12033,O00862,P052,3,155.23
OI12034,O00862,P046,3,23.84
OI12035,O00862,P025,3,349.98
OI12036,O01359,P005,1,267.21
OI12037,O01359,P058,4,114.8
OI12038,O01635,P020,2,62.75
OI12039,O01655,P006,5,380.87
OI12040,O04556,P059,2,10.1
OI12041,O04639,P052,3,155.23
OI12042,O04639,P059,1,10.1
OI12043,O05045,P008,2,157.6
OI12044,O05215,P055,5,29.47
OI12045,O05218,P023,3,416.72
OI12046,O05218,P032,2,364.88
OI12047,O05535,P038,3,133.77
OI12048,O05535,P027,5,9.99
OI12049,O05535,P006,3,380.87
OI12050,O05535,P040,4,296.82
OI12051,O05618,P015,2,441.96
OI12052,O05618,P020,1,62.75
OI12053,O05618,P025,4,349.98
OI12054,O01048,P041,4,76.71
OI12055,O01048,P004,2,27.73
OI12056,O01048,P023,2,416.72
OI12057,O01345,P036,2,15.81
OI12058,O01345,P046,5,23.84
OI12059,O01345,P016,1,407.27
OI12060,O02625,P038,3,133.77
OI12061,O03145,P052,1,155.23
OI12062,O03145,P035,3,67.39
OI12063,O03145,P023,5,416.72
OI12064,O03293,P027,1,9.99
OI12065,O03293,P043,2,447.66
OI12066,O04066,P049,5,34.75
OI12067,O04066,P026,3,29.64
OI12068,O04163,P024,1,29.52
OI12069,O04163,P020,5,62.75
OI12070,O04163,P007,4,345.2
OI12071,O04163,P055,5,29.47
OI12072,O04564,P029,1,384.93
OI12073,O04564,P015,4,441.96
OI12074,O04564,P020,3,62.75
OI12075,O00318,P039,4,409.81
OI12076,O00318,P040,5,296.82
OI12077,O00318,P045,3,296.59
OI12078,O00603,P019,4,135.4
OI12079,O00739,P044,5,356.11
OI12080,O00739,P023,5,416.72
OI12081,O01057,P032,1,364.88
OI12082,O01057,P018,1,252.47
OI12083,O01057,P046,4,23.84
OI12084,O01057,P058,4,114.8
OI12085,O02073,P047,2,116.76
OI12086,O04012,P042,1,358.05
OI12087,O04012,P019,1,135.4
OI12088,O04012,P001,4,378.87
OI12089,O04012,P050,2,182.2
OI12090,O04166,P049,4,34.75
OI12091,O04166,P036,4,15.81
OI12092,O04220,P042,3,358.05
OI12093,O04220,P008,1,157.6
OI12094,O04220,P040,1,296.82
OI12095,O04733,P060,3,349.64
OI12096,O04733,P026,3,29.64
OI12097,O05080,P012,1,86.46
OI12098,O05877,P015,1,441.96
OI12099,O05877,P048,5,146.16
OI12100,O00707,P055,2,29.47
OI12101,O00707,P046,4,23.84
OI12102,O00707,P040,3,296.82
OI12103,O00865,P043,5,447.66
OI12104,O01113,P049,5,34.75
OI12105,O01113,P008,1,157.6
OI12106,O01238,P036,3,15.81
OI12107,O01462,P052,5,155.23
OI12108,O01462,P033,2,68.48
OI12109,O01787,P003,5,215.44
OI12110,O01787,P022,4,358.81
OI12111,O01787,P009,2,384.59
OI12112,O03174,P036,3,15.81
OI12113,O03174,P057,1,91.24
OI12114,O03174,P040,5,296.82
OI12115,O03320,P041,5,76.71
OI12116,O03320,P033,5,68.48
OI12117,O03320,P021,4,443.61
OI12118,O03720,P059,5,10.1
OI12119,O03720,P011,2,54.4
OI12120,O04150,P059,2,10.1
OI12121,O04150,P028,2,185.4
OI12122,O04633,P030,4,268.92
OI12123,O04633,P023,1,416.72
OI12124,O04633,P018,2,252.47
OI12125,O04633,P009,5,384.59
OI12126,O04749,P006,4,380.87
OI12127,O05052,P029,4,384.93
OI12128,O05272,P035,5,67.39
OI12129,O05313,P003,5,215.44
OI12130,O05313,P005,5,267.21
OI12131,O05313,P023,2,416.72
OI12132,O05313,P041,1,76.71
OI12133,O01235,P057,3,91.24
OI12134,O01235,P058,4,114.8
OI12135,O01235,P043,3,447.66
OI12136,O01235,P004,4,27.73
OI12137,O01273,P034,5,271.08
OI12138,O01273,P038,2,133.77
OI12139,O01478,P034,4,271.08
OI12140,O01478,P028,1,185.4
OI12141,O01478,P020,2,62.75
OI12142,O02146,P046,5,23.84
OI12143,O02146,P024,2,29.52
OI12144,O02146,P056,4,28.94
OI12145,O03332,P049,2,34.75
OI12146,O03939,P058,5,114.8
OI12147,O03939,P027,5,9.99
OI12148,O03939,P057,5,91.24
OI12149,O04266,P040,2,296.82
OI12150,O04266,P010,2,383.82
OI12151,O04648,P023,4,416.72
OI12152,O04648,P015,1,441.96
OI12153,O04648,P029,5,384.93
OI12154,O05502,P023,5,416.72
OI12155,O05532,P023,2,416.72
OI12156,O05532,P032,4,364.88
OI12157,O05532,P015,1,441.96
OI12158,O05963,P034,4,271.08
OI12159,O05963,P016,5,407.27
OI12160,O05963,P007,3,345.2
OI12161,O00207,P023,2,416.72
OI12162,O00207,P014,4,11.23
OI12163,O00207,P050,3,182.2
OI12164,O00207,P032,4,364.88
OI12165,O00381,P056,2,28.94
OI12166,O00381,P060,5,349.64
OI12167,O00842,P048,4,146.16
OI12168,O00842,P018,3,252.47
OI12169,O01593,P021,5,443.61
OI12170,O01593,P058,4,114.8
OI12171,O01593,P048,1,146.16
OI12172,O03602,P011,4,54.4
OI12173,O03602,P027,4,9.99
OI12174,O03602,P015,1,441.96
OI12175,O03602,P045,1,296.59
OI12176,O04912,P057,5,91.24
OI12177,O04912,P026,2,29.64
OI12178,O00509,P020,1,62.75
OI12179,O00509,P028,4,185.4
OI12180,O00509,P019,5,135.4
OI12181,O01379,P051,5,389.34
OI12182,O01379,P016,1,407.27
OI12183,O01577,P058,3,114.8
OI12184,O01577,P011,1,54.4
OI12185,O01887,P041,1,76.71
OI12186,O01887,P056,4,28.94
OI12187,O02614,P019,1,135.4
OI12188,O02614,P033,2,68.48
OI12189,O02614,P014,3,11.23
OI12190,O02614,P059,2,10.1
OI12191,O04799,P049,5,34.75
OI12192,O05047,P041,5,76.71
OI12193,O05047,P029,3,384.93
OI12194,O05047,P039,4,409.81
OI12195,O05094,P012,5,86.46
OI12196,O05094,P055,5,29.47
OI12197,O05094,P054,2,310.0
OI12198,O00594,P060,1,349.64
OI12199,O00715,P020,1,62.75
OI12200,O00715,P058,5,114.8
OI12201,O00715,P030,2,268.92
OI12202,O00715,P024,1,29.52
OI12203,O03268,P041,1,76.71
OI12204,O03268,P024,3,29.52
OI12205,O03825,P006,5,380.87
OI12206,O03825,P028,5,185.4
OI12207,O03825,P052,3,155.23
OI12208,O04347,P060,1,349.64
OI12209,O05035,P024,3,29.52
OI12210,O05347,P039,3,409.81
OI12211,O05347,P058,1,114.8
OI12212,O05347,P022,3,358.81
OI12213,O05347,P003,5,215.44
OI12214,O05581,P026,5,29.64
OI12215,O05581,P056,1,28.94
OI12216,O00877,P015,3,441.96
OI12217,O00877,P025,3,349.98
OI12218,O01521,P029,1,384.93
OI12219,O01521,P034,1,271.08
OI12220,O01521,P037,5,193.81
OI12221,O02054,P028,1,185.4
OI12222,O02054,P060,3,349.64
OI12223,O00746,P060,5,349.64
OI12224,O00746,P045,4,296.59
OI12225,O00746,P051,5,389.34
OI12226,O00746,P004,5,27.73
OI12227,O01262,P049,5,34.75
OI12228,O01690,P030,2,268.92
OI12229,O01690,P033,1,68.48
OI12230,O01690,P021,3,443.61
OI12231,O03980,P039,5,409.81
OI12232,O04019,P011,5,54.4
OI12233,O04019,P029,5,384.93
OI12234,O04894,P053,1,123.07
OI12235,O04894,P018,1,252.47
OI12236,O04894,P002,5,181.52
OI12237,O00112,P037,3,193.81
OI12238,O00112,P032,3,364.88
OI12239,O00112,P006,5,380.87
OI12240,O00112,P025,2,349.98
OI12241,O01166,P058,1,114.8
OI12242,O01166,P053,1,123.07
OI12243,O01166,P038,4,133.77
OI12244,O01392,P014,1,11.23
OI12245,O01392,P051,5,389.34
OI12246,O01392,P031,1,90.92
OI12247,O01392,P029,4,384.93
OI12248,O01442,P003,3,215.44
OI12249,O01442,P002,1,181.52
OI12250,O01442,P042,1,358.05
OI12251,O01856,P048,3,146.16
OI12252,O01856,P012,1,86.46
OI12253,O01856,P027,1,9.99
OI12254,O01856,P018,5,252.47
OI12255,O03065,P020,2,62.75
OI12256,O03876,P035,5,67.39
OI12257,O03876,P034,4,271.08
OI12258,O03876,P060,1,349.64
OI12259,O03988,P048,4,146.16
OI12260,O04198,P031,3,90.92
OI12261,O05998,P054,5,310.0
OI12262,O05998,P004,3,27.73
OI12263,O00682,P016,3,407.27
OI12264,O00871,P060,1,349.64
OI12265,O01178,P043,2,447.66
OI12266,O01178,P011,1,54.4
OI12267,O01198,P042,5,358.05
OI12268,O01198,P002,4,181.52
OI12269,O01616,P032,1,364.88
OI12270,O01616,P016,5,407.27
OI12271,O01616,P039,2,409.81
OI12272,O01805,P024,2,29.52
OI12273,O02945,P035,5,67.39
OI12274,O03236,P010,3,383.82
OI12275,O03236,P053,3,123.07
OI12276,O03236,P016,1,407.27
OI12277,O03236,P042,1,358.05
OI12278,O03685,P035,2,67.39
OI12279,O03685,P030,4,268.92
OI12280,O04148,P059,4,10.1
OI12281,O04148,P013,5,417.94
OI12282,O04148,P034,5,271.08
OI12283,O04283,P013,4,417.94
OI12284,O04283,P035,4,67.39
OI12285,O04283,P046,4,23.84
OI12286,O05257,P022,4,358.81
OI12287,O05257,P034,5,271.08
OI12288,O05257,P010,2,383.82
OI12289,O01847,P053,1,123.07
OI12290,O01847,P008,5,157.6
OI12291,O01847,P054,4,310.0
OI12292,O02102,P052,5,155.23
OI12293,O02102,P043,1,447.66
OI12294,O02102,P024,5,29.52
OI12295,O02219,P042,1,358.05
OI12296,O02219,P030,3,268.92
OI12297,O02955,P031,5,90.92
OI12298,O02955,P010,5,383.82
OI12299,O02955,P009,2,384.59
OI12300,O03085,P007,1,345.2
OI12301,O03085,P044,1,356.11
OI12302,O03438,P018,3,252.47
OI12303,O03438,P044,1,356.11
OI12304,O03563,P036,5,15.81
OI12305,O03563,P058,2,114.8
OI12306,O03880,P040,4,296.82
OI12307,O03880,P021,5,443.61
OI12308,O04063,P038,5,133.77
OI12309,O04063,P015,1,441.96
OI12310,O04063,P011,4,54.4
OI12311,O04063,P044,3,356.11
OI12312,O04707,P009,3,384.59
OI12313,O04707,P011,1,54.4
OI12314,O04707,P024,1,29.52
OI12315,O05076,P019,5,135.4
OI12316,O05076,P015,4,441.96
OI12317,O05472,P008,5,157.6
OI12318,O05472,P003,4,215.44
OI12319,O05472,P037,2,193.81
OI12320,O05472,P056,4,28.94
OI12321,O00191,P012,5,86.46
OI12322,O01071,P043,4,447.66
OI12323,O01071,P009,3,384.59
OI12324,O01071,P057,2,91.24
OI12325,O01135,P036,2,15.81
OI12326,O01135,P002,2,181.52
OI12327,O01135,P044,5,356.11
OI12328,O01135,P048,1,146.16
OI12329,O01464,P037,4,193.81
OI12330,O01464,P035,5,67.39
OI12331,O01464,P008,3,157.6
OI12332,O01972,P032,2,364.88
OI12333,O01972,P031,4,90.92
OI12334,O02261,P050,4,182.2
OI12335,O02261,P005,5,267.21
OI12336,O03683,P023,5,416.72
OI12337,O03683,P053,2,123.07
OI12338,O04581,P027,3,9.99
OI12339,O04581,P053,1,123.07
OI12340,O00857,P043,4,447.66
OI12341,O00857,P017,3,391.13
OI12342,O01584,P049,3,34.75
OI12343,O01584,P025,3,349.98
OI12344,O01584,P027,5,9.99
OI12345,O01776,P014,4,11.23
OI12346,O01776,P015,4,441.96
OI12347,O01776,P007,4,345.2
OI12348,O01776,P037,5,193.81
OI12349,O02769,P012,5,86.46
OI12350,O02769,P026,2,29.64
OI12351,O03436,P056,1,28.94
OI12352,O03436,P009,4,384.59
OI12353,O03436,P057,2,91.24
OI12354,O03436,P017,2,391.13
OI12355,O03554,P012,1,86.46
OI12356,O05012,P024,5,29.52
OI12357,O05694,P015,4,441.96
OI12358,O05694,P027,1,9.99
OI12359,O05694,P019,1,135.4
OI12360,O05930,P033,5,68.48
OI12361,O05930,P004,5,27.73
OI12362,O05951,P028,4,185.4
OI12363,O05951,P036,3,15.81
OI12364,O05951,P008,1,157.6
OI12365,O05951,P038,2,133.77
OI12366,O01131,P013,5,417.94
OI12367,O01319,P005,2,267.21
OI12368,O01319,P060,2,349.64
OI12369,O01687,P011,4,54.4
OI12370,O01687,P016,1,407.27
OI12371,O01687,P047,3,116.76
OI12372,O01687,P015,3,441.96
OI12373,O02422,P044,1,356.11
OI12374,O02422,P042,4,358.05
OI12375,O02422,P053,2,123.07
OI12376,O03834,P024,5,29.52
OI12377,O03834,P021,5,443.61
OI12378,O01353,P051,4,389.34
OI12379,O01353,P003,1,215.44
OI12380,O03122,P007,5,345.2
OI12381,O03122,P052,2,155.23
OI12382,O03302,P016,5,407.27
OI12383,O03302,P004,2,27.73
OI12384,O03968,P039,5,409.81
OI12385,O03968,P031,5,90.92
OI12386,O04254,P027,5,9.99
OI12387,O04254,P009,3,384.59
OI12388,O04399,P004,5,27.73
OI12389,O04399,P049,4,34.75
OI12390,O04399,P001,4,378.87
OI12391,O04777,P047,2,116.76
OI12392,O04777,P003,3,215.44
OI12393,O05043,P029,1,384.93
OI12394,O05771,P008,4,157.6
OI12395,O01964,P044,5,356.11
OI12396,O01964,P025,1,349.98
OI12397,O02532,P029,4,384.93
OI12398,O04737,P024,3,29.52
OI12399,O00932,P042,1,358.05
OI12400,O00960,P035,2,67.39
OI12401,O00960,P007,3,345.2
OI12402,O00979,P031,1,90.92
OI12403,O00979,P017,5,391.13
OI12404,O01150,P048,1,146.16
OI12405,O01150,P001,2,378.87
OI12406,O01150,P007,2,345.2
OI12407,O01591,P053,4,123.07
OI12408,O01591,P002,5,181.52
OI12409,O01591,P038,3,133.77
OI12410,O01591,P008,3,157.6
OI12411,O01767,P051,3,389.34
OI12412,O01767,P050,1,182.2
OI12413,O01767,P015,5,441.96
OI12414,O02340,P012,4,86.46
OI12415,O02900,P011,1,54.4
OI12416,O02900,P006,4,342.78
OI12417,O04098,P014,3,11.23
OI12418,O04098,P034,4,271.08
OI12419,O04098,P045,5,296.59
OI12420,O05950,P056,1,28.94
OI12421,O05950,P042,1,358.05
OI12422,O00527,P020,4,62.75
OI12423,O00527,P038,3,133.77
OI12424,O00698,P023,4,416.72
OI12425,O01375,P017,5,391.13
OI12426,O01375,P029,2,384.93
OI12427,O01976,P023,1,416.72
OI12428,O01976,P033,5,68.48
OI12429,O01976,P009,1,384.59
OI12430,O01976,P035,4,67.39
OI12431,O02958,P034,2,271.08
OI12432,O02958,P044,2,356.11
OI12433,O02958,P029,3,384.93
OI12434,O03042,P006,4,342.78
OI12435,O03775,P005,1,267.21
OI12436,O03775,P023,5,416.72
OI12437,O03775,P041,2,76.71
OI12438,O03775,P019,1,135.4
OI12439,O04084,P045,2,296.59
OI12440,O04084,P031,1,90.92
OI12441,O04084,P025,4,349.98
OI12442,O04825,P043,3,447.66
OI12443,O04825,P051,2,389.34
OI12444,O01466,P034,3,271.08
OI12445,O01466,P021,5,443.61
OI12446,O01466,P051,4,389.34
OI12447,O02427,P010,3,383.82
OI12448,O02427,P002,4,181.52
OI12449,O02427,P057,3,91.24
OI12450,O02427,P028,5,185.4
OI12451,O02937,P058,4,114.8
OI12452,O02937,P007,2,345.2
OI12453,O02937,P030,3,268.92
OI12454,O03234,P049,5,34.75
OI12455,O03234,P005,2,267.21
OI12456,O03515,P003,2,215.44
OI12457,O03515,P049,1,34.75
OI12458,O03571,P034,4,271.08
OI12459,O03571,P035,5,67.39
OI12460,O03571,P044,2,356.11
OI12461,O04813,P022,4,358.81
OI12462,O02813,P008,5,157.6
OI12463,O02813,P009,3,384.59
OI12464,O02813,P036,3,15.81
OI12465,O02813,P054,4,310.0
OI12466,O03430,P049,1,34.75
OI12467,O03430,P040,2,296.82
OI12468,O04013,P016,2,407.27
OI12469,O04467,P028,4,185.4
OI12470,O05374,P033,3,68.48
OI12471,O05609,P025,2,349.98
OI12472,O05746,P020,1,62.75
OI12473,O05746,P041,3,76.71
OI12474,O05746,P026,2,29.64
OI12475,O05767,P015,1,441.96
OI12476,O05767,P014,4,11.23
OI12477,O03442,P019,5,135.4
OI12478,O03707,P050,2,182.2
OI12479,O03707,P024,5,29.52
OI12480,O03707,P021,4,443.61
OI12481,O04861,P033,1,68.48
OI12482,O04861,P039,5,409.81
OI12483,O05368,P050,2,182.2
OI12484,O05368,P043,5,447.66
OI12485,O01081,P010,5,383.82
OI12486,O02499,P029,3,384.93
OI12487,O02499,P047,4,116.76
OI12488,O03577,P034,3,271.08
OI12489,O03577,P042,4,358.05
OI12490,O03577,P047,3,116.76
OI12491,O03577,P023,5,416.72
OI12492,O03710,P020,4,62.75
OI12493,O03710,P045,3,296.59
OI12494,O03710,P021,1,443.61
OI12495,O04028,P006,2,342.78
OI12496,O04047,P015,1,441.96
OI12497,O04047,P048,1,146.16
OI12498,O04047,P013,1,417.94
OI12499,O04175,P003,5,215.44
OI12500,O04175,P041,1,76.71
OI12501,O04272,P053,1,123.07
OI12502,O04919,P045,3,296.59
OI12503,O04919,P033,3,68.48
OI12504,O04919,P056,1,28.94
OI12505,O05175,P047,4,116.76
OI12506,O05175,P009,4,384.59
OI12507,O01167,P032,4,364.88
OI12508,O01167,P015,5,441.96
OI12509,O01167,P021,5,443.61
OI12510,O01167,P051,3,389.34
OI12511,O01940,P040,2,296.82
OI12512,O01940,P006,1,342.78
OI12513,O01940,P003,2,215.44
OI12514,O01994,P052,4,155.23
OI12515,O01994,P040,1,296.82
OI12516,O01994,P012,4,86.46
OI12517,O01994,P015,4,441.96
OI12518,O02362,P026,2,29.64
OI12519,O03121,P018,4,252.47
OI12520,O03194,P002,2,181.52
OI12521,O03194,P042,1,358.05
OI12522,O03194,P001,3,378.87
OI12523,O03883,P055,2,29.47
OI12524,O03883,P040,1,296.82
OI12525,O03883,P007,5,345.2
OI12526,O04988,P007,1,345.2
OI12527,O04988,P039,5,409.81
OI12528,O05975,P016,4,407.27
OI12529,O04114,P005,3,267.21
OI12530,O04114,P039,1,409.81
OI12531,O04114,P047,4,116.76
OI12532,O04661,P048,1,146.16
OI12533,O04709,P041,1,76.71
OI12534,O04709,P022,4,358.81
OI12535,O04709,P016,5,407.27
OI12536,O00507,P042,2,358.05
OI12537,O00507,P021,5,443.61
OI12538,O00507,P038,2,133.77
OI12539,O00507,P040,1,296.82
OI12540,O00563,P036,4,15.81
OI12541,O00651,P021,1,443.61
OI12542,O00651,P027,2,9.99
OI12543,O00651,P007,3,345.2
OI12544,O00936,P039,4,409.81
OI12545,O00936,P043,1,447.66
OI12546,O00936,P012,2,86.46
OI12547,O03250,P056,5,28.94
OI12548,O03250,P058,2,114.8
OI12549,O03250,P039,4,409.81
OI12550,O03250,P032,4,364.88
OI12551,O03386,P047,5,116.76
OI12552,O03640,P035,1,67.39
OI12553,O03640,P049,3,34.75
OI12554,O05009,P048,1,146.16
OI12555,O00259,P006,5,342.78
OI12556,O00259,P017,1,391.13
OI12557,O00259,P055,4,29.47
OI12558,O00571,P009,1,384.59
OI12559,O00571,P034,5,271.08
OI12560,O00885,P039,4,409.81
OI12561,O00885,P037,1,193.81
OI12562,O01440,P013,3,417.94
OI12563,O01440,P004,1,27.73
OI12564,O01440,P026,5,29.64
OI12565,O01440,P049,1,34.75
OI12566,O01838,P010,3,383.82
OI12567,O02714,P005,4,267.21
OI12568,O02714,P037,5,193.81
OI12569,O02714,P018,5,252.47
OI12570,O03181,P012,5,86.46
OI12571,O03181,P006,4,342.78
OI12572,O03181,P037,3,193.81
OI12573,O03181,P049,4,34.75
OI12574,O03606,P053,3,123.07
OI12575,O03606,P001,4,378.87
OI12576,O03730,P035,2,67.39
OI12577,O05379,P055,1,29.47
OI12578,O00854,P017,4,391.13
OI12579,O00854,P026,1,29.64
OI12580,O01139,P025,1,349.98
OI12581,O01139,P013,5,417.94
OI12582,O01139,P042,3,358.05
OI12583,O01535,P031,3,90.92
OI12584,O01535,P009,3,384.59
OI12585,O04331,P043,3,447.66
OI12586,O04331,P010,1,383.82
OI12587,O04331,P008,4,157.6
OI12588,O04331,P029,3,384.93
OI12589,O04743,P008,3,157.6
OI12590,O04743,P055,1,29.47
OI12591,O04964,P043,2,447.66
OI12592,O04964,P050,1,182.2
OI12593,O04964,P024,2,29.52
OI12594,O05121,P020,1,62.75
OI12595,O05121,P046,3,23.84
OI12596,O05121,P048,4,146.16
OI12597,O05121,P052,5,155.23
OI12598,O00239,P029,2,384.93
OI12599,O00421,P019,2,135.4
OI12600,O00421,P027,2,9.99
OI12601,O00421,P053,4,123.07
OI12602,O00902,P045,3,296.59
OI12603,O00902,P052,5,155.23
OI12604,O00902,P034,3,271.08
OI12605,O00902,P019,2,135.4
OI12606,O02256,P013,2,417.94
OI12607,O02256,P011,5,54.4
OI12608,O03662,P042,1,358.05
OI12609,O03662,P056,2,28.94
OI12610,O03662,P044,5,356.11
OI12611,O03938,P004,1,27.73
OI12612,O03938,P033,1,68.48
OI12613,O04322,P052,1,155.23
OI12614,O05101,P055,2,29.47
OI12615,O02295,P045,5,296.59
OI12616,O02295,P011,3,54.4
OI12617,O02295,P024,5,29.52
OI12618,O03202,P042,2,358.05
OI12619,O03202,P016,3,407.27
OI12620,O03395,P001,5,378.87
OI12621,O03592,P011,3,54.4
OI12622,O03592,P002,4,181.52
OI12623,O03592,P017,4,391.13
OI12624,O04819,P040,1,296.82
OI12625,O04819,P005,5,267.21
OI12626,O05512,P029,2,384.93
OI12627,O00122,P056,3,28.94
OI12628,O00122,P024,3,29.52
OI12629,O00442,P024,1,29.52
OI12630,O02590,P041,4,76.71
OI12631,O02590,P053,5,123.07
OI12632,O02797,P055,4,29.47
OI12633,O02797,P012,3,86.46
OI12634,O03613,P054,3,310.0
OI12635,O03613,P051,1,389.34
OI12636,O04463,P047,1,116.76
OI12637,O04463,P025,1,349.98
OI12638,O04463,P029,3,384.93
OI12639,O04973,P006,5,380.87
OI12640,O04973,P034,4,271.08
OI12641,O05085,P001,4,378.87
OI12642,O05085,P039,2,409.81
OI12643,O05772,P021,3,443.61
OI12644,O05772,P033,4,68.48
OI12645,O05772,P042,4,358.05
OI12646,O02445,P029,4,384.93
OI12647,O02445,P030,1,268.92
OI12648,O02445,P022,3,358.81
OI12649,O03600,P013,1,417.94
OI12650,O04608,P058,1,114.8
OI12651,O04608,P017,1,391.13
OI12652,O04608,P046,3,23.84
OI12653,O04838,P041,4,76.71
OI12654,O04838,P013,4,417.94
OI12655,O05859,P025,3,349.98
OI12656,O05859,P005,1,267.21
OI12657,O05859,P004,4,27.73
OI12658,O00586,P026,4,29.64
OI12659,O00586,P056,5,28.94
OI12660,O00586,P055,3,29.47
OI12661,O01653,P006,5,380.87
OI12662,O01653,P005,5,267.21
OI12663,O01653,P011,4,54.4
OI12664,O01653,P036,2,15.81
OI12665,O01903,P040,5,296.82
OI12666,O01903,P043,3,447.66
OI12667,O04105,P028,3,185.4
OI12668,O04105,P050,3,182.2
OI12669,O04647,P015,5,441.96
OI12670,O04647,P002,3,181.52
OI12671,O04647,P007,1,345.2
OI12672,O05855,P039,4,409.81
OI12673,O05943,P045,2,296.59
OI12674,O05943,P042,4,358.05
OI12675,O05943,P034,1,271.08
OI12676,O00626,P033,1,68.48
OI12677,O02247,P002,5,181.52
OI12678,O02247,P040,2,296.82
OI12679,O02594,P017,1,391.13
OI12680,O02594,P002,1,181.52
OI12681,O02594,P038,3,133.77
OI12682,O03281,P007,5,345.2
OI12683,O03281,P009,4,384.59
OI12684,O05739,P058,4,114.8
OI12685,O00205,P014,3,11.23
OI12686,O00205,P050,5,182.2
OI12687,O00205,P058,1,114.8
OI12688,O00433,P022,2,358.81
OI12689,O00433,P051,3,389.34
OI12690,O00433,P038,2,94.98
OI12691,O00433,P026,4,29.64
OI12692,O00449,P040,2,296.82
OI12693,O00449,P016,4,407.27
OI12694,O00449,P049,4,34.75
OI12695,O02585,P011,2,54.4
OI12696,O02585,P038,2,94.98
OI12697,O02661,P046,1,23.84
OI12698,O02661,P005,2,267.21
OI12699,O02661,P024,5,29.52
OI12700,O02661,P045,3,296.59
OI12701,O00091,P056,5,28.94
OI12702,O00091,P034,3,192.47
OI12703,O00091,P021,4,443.61
OI12704,O04413,P013,3,417.94
OI12705,O04619,P056,4,28.94
OI12706,O05377,P047,3,116.76
OI12707,O05377,P030,3,268.92
OI12708,O00093,P047,5,116.76
OI12709,O00093,P049,5,34.75
OI12710,O00614,P016,5,407.27
OI12711,O00614,P040,2,296.82
OI12712,O00614,P028,5,185.4
OI12713,O00763,P007,5,345.2
OI12714,O01434,P039,3,290.97
OI12715,O02738,P001,3,378.87
OI12716,O02738,P025,4,349.98
OI12717,O02738,P010,2,383.82
OI12718,O03227,P030,3,268.92
OI12719,O03227,P014,3,11.23
OI12720,O03227,P007,5,345.2
OI12721,O03489,P026,5,29.64
OI12722,O03489,P047,2,116.76
OI12723,O05406,P046,1,23.84
OI12724,O05406,P054,4,310.0
OI12725,O05406,P033,5,48.62
OI12726,O00066,P048,4,146.16
OI12727,O00066,P013,5,417.94
OI12728,O00066,P011,2,54.4
OI12729,O00066,P035,4,47.85
OI12730,O00125,P039,4,290.97
OI12731,O00913,P023,2,416.72
OI12732,O00913,P036,2,11.23
OI12733,O01573,P025,5,349.98
OI12734,O01573,P019,3,135.4
OI12735,O02899,P006,3,380.87
OI12736,O03986,P027,1,9.99
OI12737,O03986,P005,2,267.21
OI12738,O03986,P015,3,441.96
OI12739,O03986,P043,2,447.66
OI12740,O04754,P017,4,391.13
OI12741,O04754,P021,2,443.61
OI12742,O04754,P004,3,27.73
OI12743,O04754,P022,5,358.81
OI12744,O05029,P042,4,358.05
OI12745,O05029,P052,1,155.23
OI12746,O05959,P018,1,252.47
OI12747,O00138,P053,2,123.07
OI12748,O00315,P009,2,384.59
OI12749,O00315,P055,3,29.47
OI12750,O03426,P058,2,114.8
OI12751,O03426,P015,2,441.96
OI12752,O03977,P042,1,358.05
OI12753,O03977,P036,2,11.23
OI12754,O05716,P012,5,86.46
OI12755,O05716,P036,1,11.23
OI12756,O05716,P027,2,9.99
OI12757,O01324,P003,2,215.44
OI12758,O01324,P016,4,407.27
OI12759,O01324,P035,3,47.85
OI12760,O01364,P057,4,91.24
OI12761,O01364,P053,3,123.07
OI12762,O01364,P043,3,447.66
OI12763,O01399,P011,4,54.4
OI12764,O01909,P042,3,358.05
OI12765,O01909,P005,1,267.21
OI12766,O01909,P039,3,290.97
OI12767,O01909,P027,5,9.99
OI12768,O02078,P015,4,441.96
OI12769,O03224,P028,1,185.4
OI12770,O03224,P019,3,135.4
OI12771,O03224,P023,1,416.72
OI12772,O03740,P013,4,417.94
OI12773,O03740,P024,3,29.52
OI12774,O03740,P038,2,94.98
OI12775,O03881,P022,1,358.81
OI12776,O03881,P010,4,383.82
OI12777,O04075,P013,2,417.94
OI12778,O04075,P011,1,54.4
OI12779,O04075,P016,2,407.27
OI12780,O04212,P055,5,29.47
OI12781,O04241,P043,5,447.66
OI12782,O04241,P040,2,296.82
OI12783,O04241,P050,3,182.2
OI12784,O05309,P008,3,157.6
OI12785,O05309,P004,4,27.73
OI12786,O05309,P018,2,252.47
OI12787,O00025,P005,2,267.21
OI12788,O01745,P021,4,443.61
OI12789,O02379,P056,3,28.94
OI12790,O02379,P024,5,29.52
OI12791,O02914,P024,5,29.52
OI12792,O02914,P042,3,358.05
OI12793,O02914,P043,3,447.66
OI12794,O04014,P019,2,135.4
OI12795,O04014,P032,5,364.88
OI12796,O04014,P007,1,345.2
OI12797,O01264,P041,1,76.71
OI12798,O01264,P043,4,447.66
OI12799,O01282,P019,1,135.4
OI12800,O01282,P047,1,116.76
OI12801,O01282,P020,2,62.75
OI12802,O01282,P014,3,11.23
OI12803,O01795,P053,1,123.07
OI12804,O01795,P002,2,181.52
OI12805,O02761,P008,1,157.6
OI12806,O03379,P057,4,91.24
OI12807,O03379,P043,3,447.66
OI12808,O03379,P006,1,380.87
OI12809,O03379,P042,5,358.05
OI12810,O03465,P056,2,28.94
OI12811,O03465,P055,5,29.47
OI12812,O03741,P017,2,391.13
OI12813,O03974,P056,5,28.94
OI12814,O03974,P031,1,90.92
OI12815,O03974,P042,5,358.05
OI12816,O03974,P026,3,29.64
OI12817,O04496,P013,3,417.94
OI12818,O04496,P008,1,157.6
OI12819,O04496,P040,3,296.82
OI12820,O04986,P034,2,192.47
OI12821,O05921,P027,3,9.99
OI12822,O05921,P038,3,94.98
OI12823,O05921,P054,1,310.0
OI12824,O00648,P037,2,137.61
OI12825,O00648,P031,3,90.92
OI12826,O00648,P038,3,94.98
OI12827,O00699,P019,4,135.4
OI12828,O00699,P018,1,252.47
OI12829,O00843,P020,4,62.75
OI12830,O01335,P023,3,416.72
OI12831,O01335,P004,2,27.73
OI12832,O01549,P031,5,90.92
OI12833,O02317,P001,1,378.87
OI12834,O02317,P018,1,252.47
OI12835,O02522,P032,2,364.88
OI12836,O02522,P019,5,135.4
OI12837,O02522,P024,3,29.52
OI12838,O02522,P046,2,23.84
OI12839,O02844,P021,2,443.61
OI12840,O04277,P048,1,146.16
OI12841,O05177,P051,4,389.34
OI12842,O05177,P039,5,290.97
OI12843,O05177,P059,3,10.1
OI12844,O00719,P056,4,28.94
OI12845,O00719,P004,2,27.73
OI12846,O00719,P011,1,54.4
OI12847,O01762,P020,3,62.75
OI12848,O04242,P056,5,28.94
OI12849,O04242,P036,5,11.23
OI12850,O04242,P042,5,358.05
OI12851,O05021,P022,4,358.81
OI12852,O05021,P008,3,157.6
OI12853,O05021,P053,5,123.07
OI12854,O05467,P031,4,90.92
OI12855,O05467,P019,5,135.4
OI12856,O05467,P058,1,114.8
OI12857,O05467,P033,1,48.62
OI12858,O00163,P055,3,29.47
OI12859,O00163,P033,5,48.62
OI12860,O01368,P044,5,356.11
OI12861,O01368,P043,4,447.66
OI12862,O01612,P043,3,447.66
OI12863,O01612,P027,4,9.99
OI12864,O01612,P032,3,364.88
OI12865,O02266,P004,2,27.73
OI12866,O02266,P008,1,157.6
OI12867,O02266,P003,1,215.44
OI12868,O02771,P037,5,137.61
OI12869,O02771,P020,4,62.75
OI12870,O02771,P010,3,383.82
OI12871,O04802,P012,1,86.46
OI12872,O04802,P034,5,192.47
OI12873,O04802,P039,5,290.97
OI12874,O04802,P022,5,358.81
OI12875,O05245,P027,2,9.99
OI12876,O00469,P040,2,296.82
OI12877,O00498,P006,5,380.87
OI12878,O01884,P053,4,123.07
OI12879,O02082,P032,5,364.88
OI12880,O02082,P001,5,378.87
OI12881,O02147,P024,1,29.52
OI12882,O02147,P029,1,384.93
OI12883,O02147,P019,1,135.4
OI12884,O02147,P005,4,267.21
OI12885,O03518,P056,5,28.94
OI12886,O03795,P023,4,416.72
OI12887,O03840,P010,4,383.82
OI12888,O03840,P005,3,267.21
OI12889,O03840,P046,3,23.84
OI12890,O03840,P025,4,349.98
OI12891,O04211,P026,1,29.64
OI12892,O04211,P010,5,383.82
OI12893,O04211,P034,3,192.47
OI12894,O04554,P026,5,29.64
OI12895,O04554,P048,4,146.16
OI12896,O04554,P059,5,10.1
OI12897,O04554,P004,1,27.73
OI12898,O05349,P004,3,27.73
OI12899,O05349,P040,3,296.82
OI12900,O05349,P047,2,116.76
OI12901,O05349,P057,4,91.24
OI12902,O05515,P042,5,358.05
OI12903,O05515,P013,4,417.94
OI12904,O05624,P021,1,443.61
OI12905,O05624,P015,2,441.96
OI12906,O05624,P026,2,29.64
OI12907,O05735,P054,2,310.0
OI12908,O05735,P018,2,252.47
OI12909,O00398,P013,4,417.94
OI12910,O00398,P035,4,47.85
OI12911,O00398,P007,4,345.2
OI12912,O00398,P041,3,76.71
OI12913,O00738,P022,1,358.81
OI12914,O02451,P057,2,91.24
OI12915,O02451,P049,2,34.75
OI12916,O02451,P041,5,76.71
OI12917,O02897,P023,2,416.72
OI12918,O04101,P011,5,54.4
OI12919,O04101,P056,2,28.94
OI12920,O04765,P051,4,389.34
OI12921,O04765,P042,3,358.05
OI12922,O04792,P049,2,34.75
OI12923,O04804,P048,2,146.16
OI12924,O04804,P059,5,10.1
OI12925,O04804,P060,5,349.64
OI12926,O04804,P050,4,182.2
OI12927,O05288,P043,5,447.66
OI12928,O05788,P047,4,116.76
OI12929,O05788,P008,2,157.6
OI12930,O05788,P059,4,10.1
OI12931,O00293,P045,2,296.59
OI12932,O00293,P048,3,146.16
OI12933,O00348,P009,2,384.59
OI12934,O00348,P021,4,443.61
OI12935,O00348,P042,1,358.05
OI12936,O00348,P011,5,54.4
OI12937,O01500,P037,1,137.61
OI12938,O01500,P009,2,384.59
OI12939,O02810,P001,3,378.87
OI12940,O02810,P056,4,28.94
OI12941,O02916,P010,5,383.82
OI12942,O03066,P050,3,182.2
OI12943,O03066,P047,5,116.76
OI12944,O03066,P007,3,345.2
OI12945,O03066,P010,4,383.82
OI12946,O03548,P045,5,296.59
OI12947,O03812,P008,2,157.6
OI12948,O03812,P036,3,11.23
OI12949,O04345,P049,4,34.75
OI12950,O04345,P045,5,296.59
OI12951,O04428,P020,4,62.75
OI12952,O04428,P012,1,86.46
OI12953,O04428,P013,1,417.94
OI12954,O04428,P021,5,443.61
OI12955,O05290,P039,2,290.97
OI12956,O05290,P019,3,135.4
OI12957,O05290,P034,5,192.47
OI12958,O05290,P021,1,443.61
OI12959,O05867,P001,5,378.87
OI12960,O00143,P008,4,157.6
OI12961,O00143,P056,4,28.94
OI12962,O00737,P016,1,407.27
OI12963,O01195,P026,3,29.64
OI12964,O01195,P038,4,94.98
OI12965,O01583,P007,1,345.2
OI12966,O01583,P043,3,447.66
OI12967,O01583,P038,5,94.98
OI12968,O02111,P020,4,62.75
OI12969,O02186,P056,3,28.94
OI12970,O02515,P021,4,443.61
OI12971,O02515,P015,3,441.96
OI12972,O02909,P018,5,252.47
OI12973,O02909,P008,4,157.6
OI12974,O02909,P052,1,155.23
OI12975,O03550,P042,5,358.05
OI12976,O03594,P055,2,29.47
OI12977,O03594,P028,1,185.4
OI12978,O03926,P046,4,23.84
OI12979,O03926,P033,2,48.62
OI12980,O03926,P018,2,252.47
OI12981,O03984,P033,2,48.62
OI12982,O03984,P021,4,443.61
OI12983,O04660,P001,3,378.87
OI12984,O04660,P060,2,349.64
OI12985,O04660,P007,1,345.2
OI12986,O04660,P055,1,29.47
OI12987,O05544,P055,4,29.47
OI12988,O05544,P030,3,268.92
OI12989,O05544,P012,4,86.46
OI12990,O05721,P044,3,356.11
OI12991,O05721,P023,3,416.72
OI12992,O00222,P025,4,349.98
OI12993,O00222,P028,1,185.4
OI12994,O00222,P017,1,391.13
OI12995,O02071,P051,3,389.34
OI12996,O02071,P043,2,447.66
OI12997,O02071,P042,1,358.05
OI12998,O05729,P053,1,123.07
OI12999,O05729,P059,4,10.1
OI13000,O05729,P007,3,345.2
OI13001,O00453,P039,1,290.97
OI13002,O01389,P043,2,447.66
OI13003,O01389,P008,2,157.6
OI13004,O03045,P029,2,384.93
OI13005,O03045,P033,2,48.62
OI13006,O03045,P034,3,192.47
OI13007,O03204,P008,3,157.6
OI13008,O04528,P059,5,10.1
OI13009,O00190,P010,1,383.82
OI13010,O00314,P047,5,116.76
OI13011,O00314,P033,3,48.62
OI13012,O00860,P051,5,389.34
OI13013,O00860,P046,3,23.84
OI13014,O00860,P053,5,123.07
OI13015,O01483,P009,3,384.59
OI13016,O01792,P050,4,182.2
OI13017,O01792,P001,4,378.87
OI13018,O01792,P026,2,29.64
OI13019,O01840,P019,2,135.4
OI13020,O01840,P027,3,9.99
OI13021,O01840,P004,4,27.73
OI13022,O04159,P040,5,296.82
OI13023,O04159,P011,2,54.4
OI13024,O04159,P013,1,417.94
OI13025,O05489,P012,1,86.46
OI13026,O05489,P008,2,157.6
OI13027,O00206,P048,2,146.16
OI13028,O00206,P033,1,68.48
OI13029,O00233,P009,4,384.59
OI13030,O00607,P053,1,123.07
OI13031,O00607,P024,3,29.52
OI13032,O01011,P037,2,193.81
OI13033,O01011,P060,2,349.64
OI13034,O01011,P051,2,389.34
OI13035,O01362,P037,4,193.81
OI13036,O01362,P048,1,146.16
OI13037,O01362,P045,1,296.59
OI13038,O01694,P008,2,157.6
OI13039,O01694,P024,1,29.52
OI13040,O01740,P051,1,389.34
OI13041,O03387,P018,5,252.47
OI13042,O04394,P057,5,91.24
OI13043,O04394,P025,3,349.98
OI13044,O04394,P012,5,86.46
OI13045,O04394,P036,4,15.81
OI13046,O04459,P015,5,441.96
OI13047,O04943,P006,4,380.87
OI13048,O04943,P019,4,135.4
OI13049,O04959,P031,1,90.92
OI13050,O05367,P054,4,310.0
OI13051,O05367,P046,3,23.84
OI13052,O05367,P011,2,54.4
OI13053,O00831,P015,2,441.96
OI13054,O00831,P008,1,157.6
OI13055,O01025,P041,5,76.71
OI13056,O01025,P003,2,215.44
OI13057,O01025,P052,5,155.23
OI13058,O02263,P021,3,443.61
OI13059,O02263,P028,1,185.4
OI13060,O02449,P005,2,267.21
OI13061,O02449,P032,3,364.88
OI13062,O02449,P054,1,310.0
OI13063,O02507,P004,4,27.73
OI13064,O02687,P036,1,15.81
OI13065,O02687,P029,3,384.93
OI13066,O02805,P003,4,215.44
OI13067,O02805,P005,5,267.21
OI13068,O02805,P042,4,358.05
OI13069,O03759,P011,1,54.4
OI13070,O03759,P040,3,296.82
OI13071,O03759,P008,1,157.6
OI13072,O04021,P021,4,443.61
OI13073,O04021,P019,2,135.4
OI13074,O04021,P001,4,378.87
OI13075,O04232,P021,4,443.61
OI13076,O00113,P058,5,114.8
OI13077,O00113,P042,1,358.05
OI13078,O00333,P057,5,91.24
OI13079,O00333,P039,4,409.81
OI13080,O00333,P001,3,378.87
OI13081,O00487,P001,1,378.87
OI13082,O00487,P054,5,310.0
OI13083,O00487,P030,5,268.92
OI13084,O00803,P032,3,364.88
OI13085,O00803,P030,1,268.92
OI13086,O00803,P055,1,29.47
OI13087,O00803,P047,2,116.76
OI13088,O00870,P048,2,146.16
OI13089,O00870,P029,5,384.93
OI13090,O01409,P036,2,15.81
OI13091,O01409,P044,2,356.11
OI13092,O01409,P047,3,116.76
OI13093,O01688,P036,5,15.81
OI13094,O01688,P046,3,23.84
OI13095,O01688,P056,2,28.94
OI13096,O01957,P034,5,271.08
OI13097,O01957,P002,2,181.52
OI13098,O02170,P019,4,135.4
OI13099,O02285,P056,4,28.94
OI13100,O02285,P036,1,15.81
OI13101,O02285,P012,4,86.46
OI13102,O02285,P052,4,155.23
OI13103,O03208,P045,5,296.59
OI13104,O04379,P006,4,380.87
OI13105,O05423,P003,1,215.44
OI13106,O05423,P056,5,28.94
OI13107,O05423,P045,1,296.59
OI13108,O05433,P054,1,310.0
OI13109,O05433,P042,2,358.05
OI13110,O05433,P045,3,296.59
OI13111,O05433,P017,3,391.13
OI13112,O00193,P050,2,182.2
OI13113,O00193,P049,1,34.75
OI13114,O00193,P022,5,358.81
OI13115,O00193,P043,4,447.66
OI13116,O00471,P029,3,384.93
OI13117,O01199,P041,4,76.71
OI13118,O01604,P023,2,416.72
OI13119,O01604,P019,2,135.4
OI13120,O01604,P058,5,114.8
OI13121,O01604,P032,1,364.88
OI13122,O01947,P003,1,215.44
OI13123,O01947,P047,1,116.76
OI13124,O02474,P015,2,441.96
OI13125,O02474,P060,3,349.64
OI13126,O02474,P028,4,185.4
OI13127,O02474,P051,4,389.34
OI13128,O02776,P007,4,345.2
OI13129,O02776,P009,2,384.59
OI13130,O02776,P039,5,409.81
OI13131,O02776,P045,3,296.59
OI13132,O03451,P021,5,443.61
OI13133,O03451,P001,2,378.87
OI13134,O03451,P016,1,407.27
OI13135,O04900,P003,1,215.44
OI13136,O04900,P019,4,135.4
OI13137,O04900,P059,1,10.1
OI13138,O05050,P041,1,76.71
OI13139,O05050,P046,1,23.84
OI13140,O05327,P048,1,146.16
OI13141,O05327,P046,5,23.84
OI13142,O05708,P035,4,67.39
OI13143,O05708,P008,4,157.6
OI13144,O05708,P044,1,356.11
OI13145,O00047,P034,3,271.08
OI13146,O00047,P024,5,29.52
OI13147,O00047,P011,4,54.4
OI13148,O01432,P026,2,29.64
OI13149,O01432,P036,2,15.81
OI13150,O01769,P045,1,296.59
OI13151,O02033,P054,5,310.0
OI13152,O02033,P052,3,155.23
OI13153,O02033,P044,2,356.11
OI13154,O02145,P055,5,29.47
OI13155,O02145,P053,1,123.07
OI13156,O02382,P005,1,267.21
OI13157,O03400,P025,2,349.98
OI13158,O03400,P059,1,10.1
OI13159,O00021,P052,4,155.23
OI13160,O00021,P047,5,116.76
OI13161,O00021,P053,4,123.07
OI13162,O00795,P029,5,384.93
OI13163,O00795,P008,2,157.6
OI13164,O00958,P038,5,133.77
OI13165,O00958,P029,3,384.93
OI13166,O03007,P052,1,155.23
OI13167,O03007,P004,5,27.73
OI13168,O03007,P016,1,407.27
OI13169,O03007,P010,4,383.82
OI13170,O03911,P037,5,193.81
OI13171,O04498,P042,1,358.05
OI13172,O04498,P056,4,28.94
OI13173,O04837,P013,3,417.94
OI13174,O04837,P039,4,409.81
OI13175,O04982,P015,3,441.96
OI13176,O04982,P044,1,356.11
OI13177,O04982,P004,2,27.73
OI13178,O05841,P024,3,29.52
OI13179,O05841,P029,1,384.93
OI13180,O00447,P038,1,133.77
OI13181,O00528,P053,4,123.07
OI13182,O00528,P026,3,29.64
OI13183,O00528,P048,2,146.16
OI13184,O01075,P017,2,391.13
OI13185,O01075,P057,5,91.24
OI13186,O01663,P002,2,181.52
OI13187,O01663,P051,5,389.34
OI13188,O01663,P027,5,9.99
OI13189,O01663,P035,5,67.39
OI13190,O02448,P025,2,349.98
OI13191,O02448,P049,5,34.75
OI13192,O02448,P030,1,268.92
OI13193,O02723,P010,4,383.82
OI13194,O02723,P046,5,23.84
OI13195,O02723,P059,1,10.1
OI13196,O03230,P036,3,15.81
OI13197,O03230,P045,4,296.59
OI13198,O03354,P016,3,407.27
OI13199,O03354,P020,1,62.75
OI13200,O04143,P034,2,271.08
OI13201,O04143,P053,5,123.07
OI13202,O04143,P054,3,310.0
OI13203,O04455,P016,3,407.27
OI13204,O04455,P047,5,116.76
OI13205,O05151,P051,2,389.34
OI13206,O05151,P024,3,29.52
OI13207,O05151,P017,3,391.13
OI13208,O05151,P047,4,116.76
OI13209,O05323,P046,5,23.84
OI13210,O00111,P049,4,34.75
OI13211,O01920,P029,2,384.93
OI13212,O01920,P025,2,349.98
OI13213,O01924,P056,1,28.94
OI13214,O01924,P016,3,407.27
OI13215,O02901,P051,4,389.34
OI13216,O02939,P014,3,11.23
OI13217,O03353,P030,4,268.92
OI13218,O03353,P046,4,23.84
OI13219,O03789,P029,2,384.93
OI13220,O04630,P010,1,383.82
OI13221,O04630,P053,2,123.07
OI13222,O00401,P043,1,447.66
OI13223,O00401,P042,5,358.05
OI13224,O00401,P005,5,267.21
OI13225,O00401,P003,2,215.44
OI13226,O03374,P003,4,215.44
OI13227,O03374,P059,4,10.1
OI13228,O03374,P044,3,356.11
OI13229,O05208,P034,1,271.08
OI13230,O05208,P032,5,364.88
OI13231,O05208,P011,3,54.4
OI13232,O05208,P031,3,90.92
OI13233,O00522,P003,2,215.44
OI13234,O00522,P019,4,135.4
OI13235,O00522,P033,1,68.48
OI13236,O01447,P001,4,378.87
OI13237,O01447,P019,1,135.4
OI13238,O01447,P026,4,29.64
OI13239,O02481,P059,5,10.1
OI13240,O02481,P006,1,380.87
OI13241,O02481,P052,5,155.23
OI13242,O03625,P006,2,380.87
OI13243,O04906,P052,3,155.23
OI13244,O04906,P049,2,34.75
OI13245,O05071,P049,4,34.75
OI13246,O05071,P040,1,296.82
OI13247,O05071,P019,4,135.4
OI13248,O05353,P005,1,267.21
OI13249,O05424,P059,5,10.1
OI13250,O05424,P015,1,441.96
OI13251,O01336,P007,4,345.2
OI13252,O01336,P048,1,146.16
OI13253,O01336,P039,3,409.81
OI13254,O01827,P037,2,193.81
OI13255,O01827,P057,2,91.24
OI13256,O01827,P043,4,447.66
OI13257,O02316,P012,4,86.46
OI13258,O02316,P020,5,62.75
OI13259,O02316,P045,4,296.59
OI13260,O02316,P022,5,358.81
OI13261,O02772,P037,2,193.81
OI13262,O02847,P033,4,68.48
OI13263,O02847,P040,1,296.82
OI13264,O02847,P012,2,86.46
OI13265,O05542,P056,1,28.94
OI13266,O05542,P024,2,29.52
OI13267,O05542,P052,4,155.23
OI13268,O03095,P049,3,34.75
OI13269,O03095,P047,3,116.76
OI13270,O03095,P019,5,135.4
OI13271,O03296,P049,2,34.75
OI13272,O03296,P017,4,391.13
OI13273,O03296,P050,1,182.2
OI13274,O04501,P021,5,443.61
OI13275,O05310,P024,3,29.52
OI13276,O05310,P016,1,407.27
OI13277,O05310,P050,4,182.2
OI13278,O05658,P018,5,252.47
OI13279,O05658,P027,5,9.99
OI13280,O05658,P043,2,447.66
OI13281,O05658,P040,1,296.82
OI13282,O06000,P038,3,133.77
OI13283,O01602,P022,4,358.81
OI13284,O01602,P041,2,76.71
OI13285,O02425,P001,2,378.87
OI13286,O02425,P039,4,409.81
OI13287,O03764,P040,5,296.82
OI13288,O03764,P017,5,391.13
OI13289,O04078,P005,5,267.21
OI13290,O04078,P031,4,90.92
OI13291,O04817,P044,4,356.11
OI13292,O04817,P004,5,27.73
OI13293,O04817,P025,3,349.98
OI13294,O00834,P025,5,349.98
OI13295,O00834,P029,2,384.93
OI13296,O00834,P015,1,441.96
OI13297,O00834,P043,4,447.66
OI13298,O02366,P042,3,358.05
OI13299,O02595,P034,2,271.08
OI13300,O02595,P011,1,54.4
OI13301,O02707,P021,1,443.61
OI13302,O02707,P045,5,296.59
OI13303,O03715,P040,3,296.82
OI13304,O03877,P025,2,349.98
OI13305,O03877,P037,2,193.81
OI13306,O04551,P016,1,407.27
OI13307,O04551,P006,5,380.87
OI13308,O04551,P003,2,215.44
OI13309,O05341,P002,4,181.52
OI13310,O05341,P051,2,389.34
OI13311,O05341,P055,5,29.47
OI13312,O05503,P045,2,296.59
OI13313,O05503,P042,2,358.05
OI13314,O05503,P022,5,358.81
OI13315,O00139,P043,2,447.66
OI13316,O00139,P035,4,67.39
OI13317,O01213,P006,5,380.87
OI13318,O02153,P018,1,252.47
OI13319,O02153,P035,5,67.39
OI13320,O02153,P032,1,364.88
OI13321,O02874,P017,5,391.13
OI13322,O02874,P016,3,407.27
OI13323,O03035,P026,5,29.64
OI13324,O03035,P020,3,62.75
OI13325,O03480,P058,3,114.8
OI13326,O03480,P060,5,349.64
OI13327,O04180,P035,2,67.39
OI13328,O04180,P020,4,62.75
OI13329,O04383,P018,3,252.47
OI13330,O04383,P015,5,441.96
OI13331,O04383,P043,5,447.66
OI13332,O04401,P049,3,34.75
OI13333,O05174,P040,1,296.82
OI13334,O05174,P030,4,268.92
OI13335,O05174,P007,2,345.2
OI13336,O05174,P058,2,114.8
OI13337,O05931,P005,2,267.21
OI13338,O05931,P014,4,11.23
OI13339,O00840,P035,3,67.39
OI13340,O00840,P056,3,28.94
OI13341,O00840,P018,5,252.47
OI13342,O00905,P056,4,28.94
OI13343,O00905,P005,4,267.21
OI13344,O00905,P046,1,23.84
OI13345,O01559,P017,3,391.13
OI13346,O01559,P045,5,296.59
OI13347,O01559,P049,2,34.75
OI13348,O01559,P053,2,123.07
OI13349,O02206,P059,2,10.1
OI13350,O04773,P010,1,383.82
OI13351,O05034,P042,4,358.05
OI13352,O05034,P036,5,15.81
OI13353,O05034,P033,1,68.48
OI13354,O05186,P023,2,416.72
OI13355,O05790,P012,3,86.46
OI13356,O05790,P045,4,296.59
OI13357,O01201,P002,5,181.52
OI13358,O01414,P016,4,407.27
OI13359,O01414,P047,5,116.76
OI13360,O02850,P025,1,349.98
OI13361,O02850,P002,3,181.52
OI13362,O02850,P029,3,384.93
OI13363,O02850,P035,4,67.39
OI13364,O03107,P028,2,185.4
OI13365,O03541,P056,3,28.94
OI13366,O03541,P060,5,349.64
OI13367,O03541,P055,3,29.47
OI13368,O03541,P031,2,90.92
OI13369,O05011,P005,4,267.21
OI13370,O05011,P045,2,296.59
OI13371,O05011,P055,2,29.47
OI13372,O05299,P012,3,86.46
OI13373,O05299,P059,1,10.1
OI13374,O05299,P016,4,407.27
OI13375,O00064,P053,3,123.07
OI13376,O00064,P041,4,76.71
OI13377,O00064,P057,4,91.24
OI13378,O00987,P030,4,268.92
OI13379,O00987,P036,2,15.81
OI13380,O00987,P019,1,135.4
OI13381,O01286,P044,3,356.11
OI13382,O01642,P055,1,29.47
OI13383,O01642,P042,1,358.05
OI13384,O01818,P024,4,29.52
OI13385,O01818,P037,3,193.81
OI13386,O01989,P004,1,27.73
OI13387,O01989,P033,4,68.48
OI13388,O02151,P003,2,215.44
OI13389,O02151,P022,2,358.81
OI13390,O02151,P046,2,23.84
OI13391,O02200,P037,1,193.81
OI13392,O02837,P006,2,380.87
OI13393,O02837,P041,1,76.71
OI13394,O02837,P053,5,123.07
OI13395,O02935,P006,1,380.87
OI13396,O02935,P016,3,407.27
OI13397,O03779,P035,3,67.39
OI13398,O03779,P013,4,417.94
OI13399,O03779,P049,2,34.75
OI13400,O03910,P041,2,76.71
OI13401,O03910,P009,3,384.59
OI13402,O03910,P021,3,443.61
OI13403,O03946,P035,4,67.39
OI13404,O03946,P005,3,267.21
OI13405,O03946,P003,1,215.44
OI13406,O04353,P041,2,76.71
OI13407,O04360,P047,1,116.76
OI13408,O04360,P049,1,34.75
OI13409,O05182,P023,3,416.72
OI13410,O05182,P024,5,29.52
OI13411,O05182,P052,2,155.23
OI13412,O05182,P028,4,185.4
OI13413,O00196,P053,3,123.07
OI13414,O00196,P054,2,310.0
OI13415,O00196,P010,2,303.22
OI13416,O00276,P035,5,67.39
OI13417,O00276,P018,3,252.47
OI13418,O00276,P048,5,146.16
OI13419,O00276,P022,1,358.81
OI13420,O00646,P043,3,447.66
OI13421,O00646,P025,2,349.98
OI13422,O00646,P007,1,345.2
OI13423,O00646,P001,5,378.87
OI13424,O01626,P048,2,146.16
OI13425,O01626,P036,1,15.81
OI13426,O01626,P051,1,389.34
OI13427,O01692,P028,4,185.4
OI13428,O01692,P034,1,271.08
OI13429,O01692,P055,2,29.47
OI13430,O01704,P056,4,28.94
OI13431,O01704,P053,5,123.07
OI13432,O01704,P057,5,91.24
OI13433,O02468,P020,1,62.75
OI13434,O03040,P013,2,330.17
OI13435,O03040,P021,3,443.61
OI13436,O03040,P042,2,358.05
OI13437,O03040,P029,3,384.93
OI13438,O04746,P010,2,303.22
OI13439,O04746,P045,1,296.59
OI13440,O05696,P040,2,296.82
OI13441,O05696,P031,2,90.92
OI13442,O00098,P047,3,116.76
OI13443,O00098,P007,5,345.2
OI13444,O00098,P051,3,389.34
OI13445,O00187,P021,2,443.61
OI13446,O00187,P046,5,23.84
OI13447,O00187,P004,1,27.73
OI13448,O00583,P019,1,135.4
OI13449,O00583,P037,4,193.81
OI13450,O02604,P047,3,116.76
OI13451,O02604,P044,2,356.11
OI13452,O02604,P026,2,29.64
OI13453,O02604,P006,5,380.87
OI13454,O03642,P042,1,358.05
OI13455,O03642,P034,3,271.08
OI13456,O05243,P047,4,116.76
OI13457,O05243,P038,3,133.77
OI13458,O05752,P041,1,76.71
OI13459,O05827,P058,4,114.8
OI13460,O05827,P004,5,27.73
OI13461,O05827,P043,5,447.66
OI13462,O05827,P038,5,133.77
OI13463,O05890,P058,3,114.8
OI13464,O05890,P025,5,349.98
OI13465,O05890,P053,1,123.07
OI13466,O05890,P038,5,133.77
OI13467,O01637,P014,1,8.87
OI13468,O01923,P011,2,42.98
OI13469,O01923,P010,5,303.22
OI13470,O03579,P055,5,29.47
OI13471,O03579,P026,5,29.64
OI13472,O03579,P035,5,67.39
OI13473,O03579,P004,4,27.73
OI13474,O03945,P029,5,384.93
OI13475,O03945,P045,3,296.59
OI13476,O03945,P021,4,443.61
OI13477,O03945,P031,2,90.92
OI13478,O04408,P041,3,76.71
OI13479,O04408,P045,5,296.59
OI13480,O04408,P015,1,349.15
OI13481,O05632,P025,3,349.98
OI13482,O05817,P038,3,133.77
OI13483,O05817,P050,3,182.2
OI13484,O00467,P042,5,358.05
OI13485,O00467,P059,4,10.1
OI13486,O00467,P025,4,349.98
OI13487,O01821,P054,1,310.0
OI13488,O01821,P005,2,267.21
OI13489,O01821,P047,4,116.76
OI13490,O01821,P002,3,181.52
OI13491,O03132,P004,2,27.73
OI13492,O04764,P052,4,155.23
OI13493,O04764,P019,5,135.4
OI13494,O04764,P037,3,193.81
OI13495,O04764,P010,1,303.22
OI13496,O04808,P016,5,321.74
OI13497,O04979,P052,4,155.23
OI13498,O05223,P012,4,68.3
OI13499,O05223,P031,1,90.92
OI13500,O05223,P016,4,321.74
OI13501,O00572,P028,2,185.4
OI13502,O00572,P055,3,29.47
OI13503,O00572,P033,5,68.48
OI13504,O00572,P001,4,378.87
OI13505,O01250,P006,1,380.87
OI13506,O03328,P047,2,116.76
OI13507,O03328,P041,1,76.71
OI13508,O03328,P009,1,303.83
OI13509,O03913,P019,1,135.4
OI13510,O03913,P040,3,296.82
OI13511,O04441,P018,2,252.47
OI13512,O04441,P038,2,133.77
OI13513,O04609,P043,4,447.66
OI13514,O04609,P048,3,146.16
OI13515,O05630,P043,4,447.66
OI13516,O05807,P014,5,8.87
OI13517,O05807,P039,2,409.81
OI13518,O05807,P011,4,42.98
OI13519,O05893,P042,1,358.05
OI13520,O05893,P011,1,42.98
OI13521,O05893,P021,3,443.61
OI13522,O00002,P030,4,268.92
OI13523,O00174,P001,5,378.87
OI13524,O00174,P031,3,90.92
OI13525,O00174,P006,1,380.87
OI13526,O00909,P013,5,330.17
OI13527,O00909,P023,2,416.72
OI13528,O01412,P033,3,68.48
OI13529,O01412,P053,5,123.07
OI13530,O01412,P059,1,10.1
OI13531,O02182,P015,2,349.15
OI13532,O02341,P026,2,29.64
OI13533,O02341,P003,1,215.44
OI13534,O02341,P006,1,380.87
OI13535,O02341,P035,4,67.39
OI13536,O02466,P001,1,378.87
OI13537,O02695,P049,1,34.75
OI13538,O02695,P060,3,349.64
OI13539,O04155,P057,5,91.24
OI13540,O04155,P023,3,416.72
OI13541,O04155,P022,2,358.81
OI13542,O04275,P052,1,155.23
OI13543,O04275,P038,2,133.77
OI13544,O04275,P030,5,268.92
OI13545,O04275,P004,3,27.73
OI13546,O04295,P002,4,181.52
OI13547,O04295,P045,1,296.59
OI13548,O04295,P035,3,67.39
OI13549,O04295,P024,3,29.52
OI13550,O04351,P026,2,29.64
OI13551,O04351,P059,3,10.1
OI13552,O04351,P005,3,267.21
OI13553,O04351,P004,2,27.73
OI13554,O04475,P013,5,330.17
OI13555,O04475,P020,2,62.75
OI13556,O04475,P007,2,345.2
OI13557,O04475,P027,4,9.99
OI13558,O05131,P045,5,296.59
OI13559,O05131,P016,5,321.74
OI13560,O05131,P018,4,252.47
OI13561,O05194,P011,3,42.98
OI13562,O05810,P037,4,193.81
OI13563,O00288,P059,3,10.1
OI13564,O00288,P011,2,42.98
OI13565,O00288,P019,5,135.4
OI13566,O00288,P017,2,391.13
OI13567,O01136,P042,5,358.05
OI13568,O01136,P046,2,23.84
OI13569,O01631,P047,3,116.76
OI13570,O01631,P019,4,135.4
OI13571,O01631,P031,2,90.92
OI13572,O01631,P009,5,303.83
OI13573,O01729,P037,1,193.81
OI13574,O01729,P057,3,91.24
OI13575,O01729,P032,2,364.88
OI13576,O01797,P003,5,215.44
OI13577,O01797,P055,4,29.47
OI13578,O01797,P007,4,345.2
OI13579,O02060,P031,4,90.92
OI13580,O02060,P005,2,267.21
OI13581,O02163,P054,4,310.0
OI13582,O02163,P019,3,135.4
OI13583,O02163,P007,1,345.2
OI13584,O02391,P002,3,181.52
OI13585,O02391,P053,1,123.07
OI13586,O02391,P049,4,34.75
OI13587,O03754,P009,2,303.83
OI13588,O03754,P016,1,321.74
OI13589,O03754,P045,5,296.59
OI13590,O04227,P001,4,378.87
OI13591,O04227,P030,3,268.92
OI13592,O04227,P043,5,447.66
OI13593,O04888,P055,2,29.47
OI13594,O04888,P005,3,267.21
OI13595,O04888,P029,1,384.93
OI13596,O04888,P002,5,181.52
OI13597,O04902,P002,1,181.52
OI13598,O04902,P029,3,384.93
OI13599,O05450,P058,2,114.8
OI13600,O05450,P053,1,123.07
OI13601,O05450,P010,3,303.22
OI13602,O05450,P017,1,391.13
OI13603,O00176,P049,5,34.75
OI13604,O00176,P006,1,380.87
OI13605,O00176,P018,1,252.47
OI13606,O00399,P058,5,114.8
OI13607,O00399,P010,2,303.22
OI13608,O00908,P014,4,8.87
OI13609,O02034,P046,2,23.84
OI13610,O03766,P036,1,15.81
OI13611,O05125,P024,3,29.52
OI13612,O05125,P050,4,182.2
OI13613,O00326,P008,4,157.6
OI13614,O00848,P038,1,133.77
OI13615,O00848,P051,4,389.34
OI13616,O00848,P005,2,267.21
OI13617,O00848,P015,4,349.15
OI13618,O01670,P051,4,389.34
OI13619,O01670,P011,3,42.98
OI13620,O01670,P016,4,321.74
OI13621,O02344,P032,1,364.88
OI13622,O02344,P001,1,378.87
OI13623,O02344,P017,5,391.13
OI13624,O02849,P042,1,358.05
OI13625,O02849,P054,2,310.0
OI13626,O03511,P036,3,15.81
OI13627,O03511,P004,4,27.73
OI13628,O03511,P038,1,133.77
OI13629,O03511,P047,5,116.76
OI13630,O03925,P007,1,345.2
OI13631,O03925,P036,4,15.81
OI13632,O05886,P057,2,91.24
OI13633,O05886,P007,4,345.2
OI13634,O05947,P046,2,23.84
OI13635,O05947,P059,1,10.1
OI13636,O05947,P052,4,155.23
OI13637,O01350,P008,4,157.6
OI13638,O01488,P006,3,380.87
OI13639,O01488,P008,2,157.6
OI13640,O01488,P003,3,215.44
OI13641,O00300,P046,2,23.84
OI13642,O00300,P049,5,34.75
OI13643,O00300,P018,1,252.47
OI13644,O00812,P002,1,181.52
OI13645,O00812,P037,4,193.81
OI13646,O00812,P052,3,155.23
OI13647,O02116,P047,2,116.76
OI13648,O02116,P056,2,28.94
OI13649,O03572,P001,2,378.87
OI13650,O03572,P049,2,34.75
OI13651,O03572,P059,3,10.1
OI13652,O03572,P032,3,364.88
OI13653,O04249,P038,1,133.77
OI13654,O04249,P010,3,303.22
OI13655,O04849,P028,5,185.4
OI13656,O04849,P038,5,133.77
OI13657,O04996,P032,3,364.88
OI13658,O04996,P011,1,42.98
OI13659,O04996,P058,2,114.8
OI13660,O04996,P059,4,10.1
OI13661,O00355,P031,5,90.92
OI13662,O00355,P044,2,356.11
OI13663,O00355,P026,4,29.64
OI13664,O00355,P011,1,42.98
OI13665,O00561,P011,5,42.98
OI13666,O00561,P002,1,181.52
OI13667,O01157,P044,4,356.11
OI13668,O02057,P002,4,181.52
OI13669,O02057,P013,2,330.17
OI13670,O02736,P054,4,310.0
OI13671,O02736,P047,2,116.76
OI13672,O02736,P001,1,378.87
OI13673,O02736,P056,1,28.94
OI13674,O02903,P016,4,321.74
OI13675,O02903,P002,1,181.52
OI13676,O02903,P012,2,68.3
OI13677,O02903,P041,3,76.71
OI13678,O04141,P043,4,447.66
OI13679,O04141,P049,1,34.75
OI13680,O04141,P044,2,356.11
OI13681,O04537,P046,4,23.84
OI13682,O04537,P026,3,29.64
OI13683,O04537,P052,4,155.23
OI13684,O05567,P051,4,389.34
OI13685,O05567,P010,4,303.22
OI13686,O05689,P008,4,157.6
OI13687,O01168,P045,3,296.59
OI13688,O01168,P024,3,29.52
OI13689,O01168,P018,4,252.47
OI13690,O02292,P003,5,215.44
OI13691,O02292,P048,2,146.16
OI13692,O02857,P010,3,303.22
OI13693,O02857,P020,1,62.75
OI13694,O02857,P024,2,29.52
OI13695,O02857,P037,4,193.81
OI13696,O03528,P038,5,133.77
OI13697,O03907,P039,5,409.81
OI13698,O03907,P003,2,215.44
OI13699,O03907,P054,5,310.0
OI13700,O04831,P007,2,345.2
OI13701,O04831,P028,5,185.4
OI13702,O04831,P022,5,358.81
OI13703,O05154,P006,2,380.87
OI13704,O05154,P015,5,349.15
OI13705,O00274,P024,5,29.52
OI13706,O00274,P050,1,182.2
OI13707,O00274,P010,5,303.22
OI13708,O00830,P003,2,215.44
OI13709,O00830,P021,5,443.61
OI13710,O00918,P022,2,358.81
OI13711,O01427,P020,1,62.75
OI13712,O01427,P025,2,349.98
OI13713,O01427,P024,1,29.52
OI13714,O01427,P034,3,271.08
OI13715,O01461,P040,1,296.82
OI13716,O01461,P034,1,271.08
OI13717,O01461,P022,4,358.81
OI13718,O01739,P002,5,181.52
OI13719,O01807,P014,1,8.87
OI13720,O01807,P058,2,114.8
OI13721,O01807,P049,2,34.75
OI13722,O01807,P007,2,345.2
OI13723,O02104,P047,1,116.76
OI13724,O02728,P007,4,345.2
OI13725,O02993,P017,4,391.13
OI13726,O02993,P009,3,303.83
OI13727,O04612,P012,5,68.3
OI13728,O04612,P002,1,181.52
OI13729,O04672,P039,3,409.81
OI13730,O04672,P010,4,303.22
OI13731,O04672,P018,5,252.47
OI13732,O04976,P060,2,349.64
OI13733,O04976,P005,5,267.21
OI13734,O05262,P059,5,10.1
OI13735,O05262,P027,3,9.99
OI13736,O05686,P012,2,68.3
OI13737,O05686,P047,3,116.76
OI13738,O05686,P013,5,330.17
OI13739,O05686,P049,3,34.75
OI13740,O01308,P036,3,15.81
OI13741,O01308,P020,3,62.75
OI13742,O01308,P022,5,358.81
OI13743,O01349,P038,1,133.77
OI13744,O01349,P037,3,193.81
OI13745,O01614,P028,1,185.4
OI13746,O02091,P006,1,380.87
OI13747,O02091,P025,3,349.98
OI13748,O02816,P009,1,303.83
OI13749,O02816,P038,3,133.77
OI13750,O03507,P018,1,252.47
OI13751,O03507,P027,1,9.99
OI13752,O03507,P035,2,67.39
OI13753,O03573,P018,4,252.47
OI13754,O03573,P023,5,416.72
OI13755,O03573,P014,4,8.87
OI13756,O03573,P019,4,135.4
OI13757,O05922,P020,5,62.75
OI13758,O05922,P021,5,443.61
OI13759,O05922,P042,4,358.05
OI13760,O05922,P004,5,27.73
OI13761,O05971,P053,1,123.07
OI13762,O05971,P012,4,68.3
OI13763,O02110,P057,1,91.24
OI13764,O02110,P024,4,29.52
OI13765,O02110,P052,3,155.23
OI13766,O02942,P009,5,384.59
OI13767,O02942,P025,4,349.98
OI13768,O02942,P051,4,389.34
OI13769,O02942,P039,4,409.81
OI13770,O02951,P006,4,380.87
OI13771,O02951,P055,3,29.47
OI13772,O03608,P018,1,252.47
OI13773,O04134,P003,2,215.44
OI13774,O04134,P055,1,29.47
OI13775,O04279,P012,3,86.46
OI13776,O04279,P036,1,15.81
OI13777,O04279,P053,2,123.07
OI13778,O04708,P037,5,193.81
OI13779,O04708,P007,4,345.2
OI13780,O04911,P051,2,389.34
OI13781,O04911,P053,4,123.07
OI13782,O01263,P056,5,28.94
OI13783,O01263,P047,3,116.76
OI13784,O01263,P054,1,310.0
OI13785,O01263,P060,3,349.64
OI13786,O01387,P003,1,215.44
OI13787,O01387,P001,1,378.87
OI13788,O01387,P008,2,157.6
OI13789,O02834,P006,4,380.87
OI13790,O03776,P033,5,68.48
OI13791,O03776,P005,4,267.21
OI13792,O03990,P005,5,267.21
OI13793,O04032,P021,5,443.61
OI13794,O04045,P033,1,68.48
OI13795,O04045,P029,2,384.93
OI13796,O04045,P012,5,86.46
OI13797,O04045,P053,5,123.07
OI13798,O00301,P002,3,181.52
OI13799,O00301,P053,4,123.07
OI13800,O00301,P028,1,185.4
OI13801,O02084,P020,3,62.75
OI13802,O02782,P046,3,23.84
OI13803,O02782,P050,2,182.2
OI13804,O02782,P032,2,364.88
OI13805,O02782,P006,1,380.87
OI13806,O02990,P017,2,391.13
OI13807,O02990,P008,3,157.6
OI13808,O02990,P032,3,364.88
OI13809,O03023,P049,1,34.75
OI13810,O03023,P043,4,447.66
OI13811,O03510,P021,2,443.61
OI13812,O03510,P032,3,364.88
OI13813,O04571,P011,1,54.4
OI13814,O05123,P036,1,15.81
OI13815,O05860,P040,1,296.82
OI13816,O00080,P019,3,135.4
OI13817,O00080,P007,3,345.2
OI13818,O00428,P006,3,380.87
OI13819,O00428,P034,3,271.08
OI13820,O00428,P045,2,296.59
OI13821,O00568,P015,5,441.96
OI13822,O00568,P055,5,29.47
OI13823,O00568,P024,3,29.52
OI13824,O01020,P030,3,268.92
OI13825,O01020,P013,1,417.94
OI13826,O04885,P054,5,310.0
OI13827,O05077,P046,5,23.84
OI13828,O05077,P057,3,91.24
OI13829,O00430,P016,2,407.27
OI13830,O00430,P028,3,185.4
OI13831,O00430,P043,3,447.66
OI13832,O00430,P018,4,252.47
OI13833,O00942,P011,2,54.4
OI13834,O00942,P054,1,310.0
OI13835,O00942,P051,5,389.34
OI13836,O00942,P030,4,268.92
OI13837,O01489,P006,3,380.87
OI13838,O01489,P024,5,29.52
OI13839,O01489,P016,1,407.27
OI13840,O01939,P030,2,268.92
OI13841,O01939,P034,2,271.08
OI13842,O02092,P056,4,28.94
OI13843,O02092,P043,1,447.66
OI13844,O02898,P055,3,29.47
OI13845,O02898,P012,5,86.46
OI13846,O03272,P054,1,310.0
OI13847,O03272,P056,4,28.94
OI13848,O03272,P038,2,133.77
OI13849,O03348,P039,2,409.81
OI13850,O03348,P053,2,123.07
OI13851,O03348,P014,4,11.23
OI13852,O03645,P007,5,345.2
OI13853,O03645,P024,5,29.52
OI13854,O03645,P026,3,29.64
OI13855,O04164,P011,3,54.4
OI13856,O04252,P010,4,383.82
OI13857,O04303,P053,3,123.07
OI13858,O04303,P040,4,296.82
OI13859,O04303,P032,3,364.88
OI13860,O04303,P029,4,384.93
OI13861,O04416,P059,2,10.1
OI13862,O04416,P032,4,364.88
OI13863,O04881,P046,2,23.84
OI13864,O05172,P060,2,349.64
OI13865,O05172,P050,3,182.2
OI13866,O00032,P007,4,345.2
OI13867,O00032,P047,1,116.76
OI13868,O00183,P050,3,182.2
OI13869,O01506,P038,1,133.77
OI13870,O01506,P022,1,358.81
OI13871,O03069,P018,1,252.47
OI13872,O03783,P052,1,155.23
OI13873,O03783,P056,4,28.94
OI13874,O04321,P040,3,296.82
OI13875,O04321,P009,2,384.59
OI13876,O04624,P019,5,135.4
OI13877,O04624,P052,2,155.23
OI13878,O04624,P026,1,29.64
OI13879,O04624,P006,5,380.87
OI13880,O00208,P051,1,389.34
OI13881,O00722,P016,5,407.27
OI13882,O01062,P014,2,11.23
OI13883,O01062,P024,2,29.52
OI13884,O01130,P007,2,345.2
OI13885,O01376,P028,4,185.4
OI13886,O01376,P055,3,29.47
OI13887,O01376,P039,2,409.81
OI13888,O01381,P047,2,116.76
OI13889,O03709,P027,5,9.99
OI13890,O03709,P019,5,135.4
OI13891,O03709,P039,1,409.81
OI13892,O04025,P056,3,28.94
OI13893,O04037,P013,1,417.94
OI13894,O04037,P047,5,116.76
OI13895,O04037,P010,1,383.82
OI13896,O04264,P053,1,123.07
OI13897,O04549,P009,4,384.59
OI13898,O04674,P051,2,389.34
OI13899,O04674,P057,4,91.24
OI13900,O04674,P005,4,267.21
OI13901,O00200,P008,4,157.6
OI13902,O00523,P055,3,29.47
OI13903,O00523,P054,2,310.0
OI13904,O00573,P034,3,271.08
OI13905,O00573,P057,4,91.24
OI13906,O00573,P023,5,416.72
OI13907,O00916,P029,4,384.93
OI13908,O00916,P033,5,68.48
OI13909,O01013,P013,5,417.94
OI13910,O01013,P028,3,185.4
OI13911,O01013,P046,4,23.84
OI13912,O01065,P056,1,28.94
OI13913,O01065,P037,1,193.81
OI13914,O01065,P028,3,185.4
OI13915,O01065,P007,1,345.2
OI13916,O03570,P042,1,358.05
OI13917,O03570,P026,4,29.64
OI13918,O04579,P040,5,296.82
OI13919,O04579,P019,2,135.4
OI13920,O04579,P026,4,29.64
OI13921,O04740,P044,5,356.11
OI13922,O04874,P037,2,193.81
OI13923,O04874,P023,4,416.72
OI13924,O04874,P001,4,378.87
OI13925,O04874,P007,3,345.2
OI13926,O05068,P042,3,358.05
OI13927,O05068,P048,5,146.16
OI13928,O05068,P029,2,384.93
OI13929,O05725,P046,3,23.84
OI13930,O05725,P047,4,116.76
OI13931,O05725,P057,3,91.24
OI13932,O05791,P020,2,62.75
OI13933,O05791,P011,2,54.4
OI13934,O05791,P059,3,10.1
OI13935,O00177,P008,3,157.6
OI13936,O00177,P002,5,181.52
OI13937,O00177,P045,4,296.59
OI13938,O00593,P036,4,15.81
OI13939,O00593,P024,2,29.52
OI13940,O03716,P004,5,27.73
OI13941,O03716,P032,2,364.88
OI13942,O03716,P008,5,157.6
OI13943,O03843,P058,5,114.8
OI13944,O03843,P030,4,268.92
OI13945,O04690,P007,5,345.2
OI13946,O04690,P030,3,268.92
OI13947,O02476,P008,3,157.6
OI13948,O02476,P059,5,10.1
OI13949,O04016,P045,5,296.59
OI13950,O04016,P024,4,29.52
OI13951,O04267,P031,5,90.92
OI13952,O04267,P013,1,417.94
OI13953,O04267,P004,5,27.73
OI13954,O04267,P006,3,380.87
OI13955,O04433,P044,3,356.11
OI13956,O05568,P020,5,62.75
OI13957,O05568,P056,2,28.94
OI13958,O05568,P013,3,417.94
OI13959,O05568,P029,4,384.93
OI13960,O00270,P017,2,391.13
OI13961,O00270,P034,5,271.08
OI13962,O00270,P024,1,29.52
OI13963,O01078,P055,1,29.47
OI13964,O01078,P029,5,384.93
OI13965,O01078,P059,2,10.1
OI13966,O03213,P039,3,409.81
OI13967,O03213,P059,5,10.1
OI13968,O03213,P058,3,114.8
OI13969,O03213,P019,4,135.4
OI13970,O04069,P048,5,146.16
OI13971,O04069,P021,1,443.61
OI13972,O04069,P058,1,114.8
OI13973,O00103,P017,2,391.13
OI13974,O01407,P024,1,29.52
OI13975,O01407,P012,3,86.46
OI13976,O01407,P047,3,116.76
OI13977,O01407,P023,2,416.72
OI13978,O01493,P033,5,68.48
OI13979,O01493,P006,5,380.87
OI13980,O01493,P021,3,443.61
OI13981,O01493,P053,3,123.07
OI13982,O01649,P053,2,123.07
OI13983,O01650,P035,3,67.39
OI13984,O01650,P016,3,407.27
OI13985,O02069,P016,3,407.27
OI13986,O02069,P048,4,146.16
OI13987,O02069,P056,2,28.94
OI13988,O03022,P015,3,441.96
OI13989,O04112,P017,1,391.13
OI13990,O04112,P042,3,358.05
OI13991,O04200,P004,3,27.73
OI13992,O04200,P002,1,181.52
OI13993,O04200,P008,1,157.6
OI13994,O04377,P059,3,10.1
OI13995,O04377,P058,1,114.8
OI13996,O04377,P007,4,345.2
OI13997,O04377,P034,5,271.08
OI13998,O04687,P054,3,310.0
OI13999,O04687,P039,1,409.81
OI14000,O04687,P042,1,358.05
OI14001,O04997,P048,3,146.16
OI14002,O04997,P043,2,447.66
OI14003,O04997,P017,4,391.13
OI14004,O05561,P044,4,356.11
OI14005,O05561,P008,4,157.6
OI14006,O05837,P039,4,409.81
OI14007,O05837,P008,2,157.6
OI14008,O00878,P011,4,54.4
OI14009,O00878,P003,4,215.44
OI14010,O01170,P047,3,116.76
OI14011,O01170,P035,3,67.39
OI14012,O01170,P045,2,296.59
OI14013,O03325,P022,4,358.81
OI14014,O03325,P058,5,114.8
OI14015,O03575,P001,2,378.87
OI14016,O03575,P044,5,356.11
OI14017,O03575,P036,4,15.81
OI14018,O03641,P036,4,15.81
OI14019,O03641,P010,2,383.82
OI14020,O03641,P001,5,378.87
OI14021,O04116,P056,5,28.94
OI14022,O04116,P028,1,185.4
OI14023,O04116,P004,4,27.73
OI14024,O04273,P050,2,182.2
OI14025,O04273,P004,1,27.73
OI14026,O04546,P041,2,76.71
OI14027,O04752,P039,1,409.81
OI14028,O05279,P049,1,34.75
OI14029,O05279,P012,4,86.46
OI14030,O05279,P051,3,389.34
OI14031,O05279,P058,1,114.8
OI14032,O00349,P049,1,34.75
OI14033,O00349,P046,5,23.84
OI14034,O00349,P008,3,157.6
OI14035,O01347,P048,4,146.16
OI14036,O01548,P047,4,116.76
OI14037,O01548,P022,4,358.81
OI14038,O01548,P014,3,11.23
OI14039,O02365,P016,4,407.27
OI14040,O02365,P032,5,364.88
OI14041,O02365,P017,5,391.13
OI14042,O02365,P060,2,349.64
OI14043,O02953,P056,2,28.94
OI14044,O02953,P011,5,54.4
OI14045,O03650,P048,1,146.16
OI14046,O03650,P051,4,389.34
OI14047,O04666,P018,4,252.47
OI14048,O04942,P045,4,296.59
OI14049,O05454,P009,4,384.59
OI14050,O05454,P060,1,349.64
OI14051,O05454,P024,1,29.52
OI14052,O05776,P059,3,10.1
OI14053,O05776,P060,4,349.64
OI14054,O05776,P055,5,29.47
