order_id,order_date,customer_id,channel,status
O00588,2024-01-01,C0079,web,completed
O00968,2024-01-01,C0031,web,completed
O02320,2024-01-01,C0080,web,completed
O02918,2024-01-01,C0116,phone,completed
O03129,2024-01-01,C0020,phone,completed
O03300,2024-01-01,C0136,web,completed
O03407,2024-01-01,C0098,phone,completed
O04135,2024-01-01,C0030,web,completed
O04423,2024-01-01,C0179,phone,completed
O04985,2024-01-01,C0031,store,completed
O05782,2024-01-01,C0040,web,completed
O03128,2024-01-02,C0101,web,completed
O03916,2024-01-02,C0028,store,completed
O04575,2024-01-02,C0088,store,completed
O05399,2024-01-02,C0177,web,completed
O00426,2024-01-03,C0087,phone,completed
O00512,2024-01-03,C0033,web,completed
O02323,2024-01-03,C0098,web,completed
O02356,2024-01-03,C0050,web,completed
O02572,2024-01-03,C0160,web,completed
O02657,2024-01-03,C0141,web,completed
O02756,2024-01-03,C0012,web,completed
O04721,2024-01-03,C0102,phone,completed
O05460,2024-01-03,C0166,phone,completed
O00277,2024-01-04,C0078,web,completed
O00779,2024-01-04,C0082,web,completed
O01030,2024-01-04,C0047,web,completed
O03450,2024-01-04,C0041,web,completed
O03679,2024-01-04,C0088,store,completed
O03873,2024-01-04,C0041,web,completed
O04716,2024-01-04,C0121,web,completed
O05602,2024-01-04,C0061,web,pending
O05714,2024-01-04,C0063,web,cancelled
O00141,2024-01-05,C0102,web,completed
O00555,2024-01-05,C0037,web,completed
O00694,2024-01-05,C0083,web,completed
O01239,2024-01-05,C0049,web,completed
O01356,2024-01-05,C0055,web,completed
O02821,2024-01-05,C0054,web,completed
O03802,2024-01-05,C0114,web,completed
O05704,2024-01-05,C0068,web,completed
O05916,2024-01-05,C0073,web,completed
O02311,2024-01-06,C0079,store,completed
O02486,2024-01-06,C0020,phone,completed
O03653,2024-01-06,C0149,store,completed
O04545,2024-01-06,C0017,store,completed
O04787,2024-01-06,C0136,web,completed
O00042,2024-01-07,C0087,phone,completed
O00148,2024-01-07,C0039,store,completed
O01005,2024-01-07,C0005,web,completed
O01069,2024-01-07,C0067,web,completed
O02555,2024-01-07,C0058,web,completed
O02795,2024-01-07,C0123,web,completed
O03860,2024-01-07,C0043,phone,pending
O00374,2024-01-08,C0010,web,completed
O01846,2024-01-08,C0092,web,completed
O02230,2024-01-08,C0033,store,completed
O02426,2024-01-08,C0106,web,completed
O02494,2024-01-08,C0103,web,completed
O02811,2024-01-08,C0171,web,completed
O03471,2024-01-08,C0074,web,completed
O03810,2024-01-08,C0059,web,completed
O04197,2024-01-08,C0122,web,completed
O04578,2024-01-08,C0175,web,completed
O05210,2024-01-08,C0070,store,completed
O05511,2024-01-08,C0128,web,completed
O05903,2024-01-08,C0158,web,completed
O00473,2024-01-09,C0013,web,completed
O00766,2024-01-09,C0164,web,completed
O02390,2024-01-09,C0075,web,completed
O02524,2024-01-09,C0010,phone,completed
O02778,2024-01-09,C0066,web,completed
O03787,2024-01-09,C0149,store,completed
O05055,2024-01-09,C0046,store,completed
O05474,2024-01-09,C0164,store,completed
O01274,2024-01-10,C0072,web,cancelled
O01734,2024-01-10,C0120,web,completed
O01917,2024-01-10,C0093,web,completed
O02573,2024-01-10,C0029,phone,completed
O02624,2024-01-10,C0117,web,cancelled
O03024,2024-01-10,C0007,web,completed
O05203,2024-01-10,C0037,web,completed
O05370,2024-01-10,C0162,web,completed
O05750,2024-01-10,C0032,web,completed
O05802,2024-01-10,C0150,web,completed
O00258,2024-01-11,C0079,web,completed
O00989,2024-01-11,C0017,store,completed
O01934,2024-01-11,C0173,store,completed
O02856,2024-01-11,C0104,web,completed
O02950,2024-01-11,C0065,phone,completed
O03635,2024-01-11,C0157,phone,completed
O04389,2024-01-11,C0011,store,completed
O05534,2024-01-11,C0088,phone,completed
O00930,2024-01-12,C0087,store,completed
O01159,2024-01-12,C0153,web,completed
O02239,2024-01-12,C0162,store,completed
O02548,2024-01-12,C0152,store,cancelled
O03209,2024-01-12,C0038,web,completed
O03954,2024-01-12,C0089,web,completed
O03970,2024-01-12,C0054,web,completed
O04738,2024-01-12,C0027,web,completed
O05394,2024-01-12,C0032,phone,completed
O05530,2024-01-12,C0004,web,completed
O00325,2024-01-13,C0160,store,completed
O01332,2024-01-13,C0081,web,completed
O01438,2024-01-13,C0137,web,completed
O01467,2024-01-13,C0091,web,completed
O02276,2024-01-13,C0178,store,completed
O02912,2024-01-13,C0146,web,cancelled
O03695,2024-01-13,C0151,store,completed
O04972,2024-01-13,C0142,store,completed
O05996,2024-01-13,C0095,web,completed
O00427,2024-01-14,C0024,web,cancelled
O01188,2024-01-14,C0023,web,completed
O01560,2024-01-14,C0117,web,completed
O02377,2024-01-14,C0092,web,pending
O03057,2024-01-14,C0114,web,completed
O01253,2024-01-15,C0120,store,completed
O02053,2024-01-15,C0163,web,completed
O02088,2024-01-15,C0036,web,completed
O00580,2024-01-16,C0041,web,completed
O01803,2024-01-16,C0130,web,completed
O02009,2024-01-16,C0160,store,completed
O02129,2024-01-16,C0168,web,completed
O02272,2024-01-16,C0147,web,completed
O02338,2024-01-16,C0091,web,completed
O02959,2024-01-16,C0155,store,completed
O02995,2024-01-16,C0133,web,completed
O03073,2024-01-16,C0056,web,completed
O04703,2024-01-16,C0102,store,completed
O05278,2024-01-16,C0062,web,completed
O00375,2024-01-17,C0153,web,completed
O01801,2024-01-17,C0007,web,completed
O02235,2024-01-17,C0100,store,completed
O02563,2024-01-17,C0071,web,completed
O03162,2024-01-17,C0044,web,completed
O03868,2024-01-17,C0076,store,completed
O04187,2024-01-17,C0127,web,completed
O04405,2024-01-17,C0101,web,completed
O00038,2024-01-18,C0172,web,completed
O01240,2024-01-18,C0089,store,completed
O01303,2024-01-18,C0052,web,completed
O01551,2024-01-18,C0065,web,completed
O02852,2024-01-18,C0111,store,completed
O03043,2024-01-18,C0099,store,completed
O03343,2024-01-18,C0053,web,completed
O03628,2024-01-18,C0076,web,completed
O04168,2024-01-18,C0001,phone,completed
O04884,2024-01-18,C0143,store,completed
O05641,2024-01-18,C0140,phone,completed
O00407,2024-01-19,C0153,web,completed
O01446,2024-01-19,C0167,web,completed
O02014,2024-01-19,C0175,store,cancelled
O02026,2024-01-19,C0061,web,completed
O02119,2024-01-19,C0056,store,completed
O02180,2024-01-19,C0175,web,completed
O03019,2024-01-19,C0153,web,completed
O03197,2024-01-19,C0090,phone,completed
O04096,2024-01-19,C0001,store,completed
O05104,2024-01-19,C0053,web,pending
O00129,2024-01-20,C0027,store,completed
O00515,2024-01-20,C0073,web,completed
O02313,2024-01-20,C0098,store,completed
O02809,2024-01-20,C0006,store,completed
O04041,2024-01-20,C0044,store,completed
O04136,2024-01-20,C0049,web,completed
O04342,2024-01-20,C0101,web,completed
O01164,2024-01-21,C0137,phone,completed
O02431,2024-01-21,C0077,web,completed
O02489,2024-01-21,C0170,web,completed
O04167,2024-01-21,C0056,web,completed
O05546,2024-01-21,C0079,web,completed
O05900,2024-01-21,C0103,store,completed
O00892,2024-01-22,C0007,phone,completed
O01325,2024-01-22,C0066,web,cancelled
O01346,2024-01-22,C0003,web,completed
O02125,2024-01-22,C0180,web,completed
O02750,2024-01-22,C0149,web,completed
O02785,2024-01-22,C0076,web,completed
O03190,2024-01-22,C0102,web,completed
O03658,2024-01-22,C0021,web,completed
O04558,2024-01-22,C0165,web,completed
O04936,2024-01-22,C0113,web,completed
O00496,2024-01-23,C0023,store,completed
O01528,2024-01-23,C0014,web,completed
O01569,2024-01-23,C0160,phone,completed
O02187,2024-01-23,C0024,phone,completed
O02244,2024-01-23,C0106,web,completed
O03618,2024-01-23,C0093,web,completed
O03648,2024-01-23,C0099,web,completed
O05042,2024-01-23,C0171,store,completed
O00118,2024-01-24,C0093,web,completed
O02309,2024-01-24,C0077,web,completed
O02488,2024-01-24,C0173,phone,completed
O02788,2024-01-24,C0170,web,completed
O03619,2024-01-24,C0088,web,completed
O04092,2024-01-24,C0069,web,completed
O05536,2024-01-24,C0009,store,completed
O00652,2024-01-25,C0061,web,completed
O00815,2024-01-25,C0137,store,completed
O02392,2024-01-25,C0011,store,completed
O03668,2024-01-25,C0096,web,completed
O04004,2024-01-25,C0049,store,completed
O04222,2024-01-25,C0151,web,completed
O04670,2024-01-25,C0160,web,completed
O05096,2024-01-25,C0171,web,completed
O05105,2024-01-25,C0032,web,cancelled
O00408,2024-01-26,C0081,phone,completed
O00658,2024-01-26,C0131,store,completed
O00835,2024-01-26,C0050,web,completed
O01272,2024-01-26,C0037,web,pending
O01844,2024-01-26,C0128,web,completed
O02106,2024-01-26,C0048,web,completed
O02275,2024-01-26,C0093,web,completed
O02561,2024-01-26,C0166,store,completed
O02610,2024-01-26,C0135,web,completed
O02633,2024-01-26,C0140,store,completed
O03305,2024-01-26,C0013,web,completed
O04432,2024-01-26,C0103,web,completed
O04812,2024-01-26,C0122,web,completed
O05113,2024-01-26,C0037,phone,cancelled
O05128,2024-01-26,C0045,web,completed
O05159,2024-01-26,C0032,web,completed
O00059,2024-01-27,C0170,store,completed
O00565,2024-01-27,C0131,web,completed
O01299,2024-01-27,C0119,web,completed
O02442,2024-01-27,C0131,store,completed
O04348,2024-01-27,C0164,web,completed
O04978,2024-01-27,C0075,web,completed
O05622,2024-01-27,C0160,web,completed
O00569,2024-01-28,C0147,web,completed
O00837,2024-01-28,C0017,web,completed
O00891,2024-01-28,C0125,web,completed
O01040,2024-01-28,C0073,web,completed
O01784,2024-01-28,C0021,web,completed
O02136,2024-01-28,C0073,web,completed
O02583,2024-01-28,C0148,store,completed
O02627,2024-01-28,C0102,web,completed
O02869,2024-01-28,C0087,web,completed
O03187,2024-01-28,C0056,store,completed
O03391,2024-01-28,C0070,phone,completed
O04090,2024-01-28,C0110,phone,completed
O04774,2024-01-28,C0040,web,completed
O05887,2024-01-28,C0039,web,pending
O00108,2024-01-29,C0061,store,completed
O00926,2024-01-29,C0144,web,cancelled
O00974,2024-01-29,C0078,store,completed
O01492,2024-01-29,C0145,store,completed
O01558,2024-01-29,C0104,store,completed
O01979,2024-01-29,C0113,store,completed
O02271,2024-01-29,C0067,phone,completed
O02367,2024-01-29,C0175,phone,completed
O02408,2024-01-29,C0162,web,completed
O02864,2024-01-29,C0139,store,completed
O03143,2024-01-29,C0093,web,completed
O03406,2024-01-29,C0150,web,completed
O03847,2024-01-29,C0085,store,completed
O00221,2024-01-30,C0043,web,completed
O01169,2024-01-30,C0162,web,completed
O01589,2024-01-30,C0100,web,pending
O02233,2024-01-30,C0087,web,completed
O02359,2024-01-30,C0048,store,completed
O02739,2024-01-30,C0078,phone,completed
O03447,2024-01-30,C0080,store,completed
O05102,2024-01-30,C0156,store,completed
O05276,2024-01-30,C0020,phone,completed
O05293,2024-01-30,C0074,web,completed
O00439,2024-01-31,C0163,web,completed
O01430,2024-01-31,C0065,web,completed
O01845,2024-01-31,C0172,web,completed
O04407,2024-01-31,C0045,web,completed
O04440,2024-01-31,C0047,phone,completed
O04450,2024-01-31,C0106,phone,completed
O05964,2024-01-31,C0100,phone,completed
O01777,2024-02-01,C0067,web,completed
O01966,2024-02-01,C0025,web,completed
O02068,2024-02-01,C0174,web,completed
O02308,2024-02-01,C0096,web,completed
O02387,2024-02-01,C0039,web,completed
O03189,2024-02-01,C0071,store,completed
O03800,2024-02-01,C0160,web,completed
O03879,2024-02-01,C0114,phone,completed
O04626,2024-02-01,C0021,phone,completed
O04671,2024-02-01,C0138,store,completed
O05019,2024-02-01,C0005,store,completed
O05627,2024-02-01,C0049,web,completed
O05823,2024-02-01,C0127,web,cancelled
O00136,2024-02-02,C0149,web,pending
O01331,2024-02-02,C0116,web,completed
O02198,2024-02-02,C0152,web,completed
O02420,2024-02-02,C0089,web,completed
O03329,2024-02-02,C0115,web,completed
O03351,2024-02-02,C0137,web,completed
O03638,2024-02-02,C0135,web,completed
O03931,2024-02-02,C0123,phone,completed
O05041,2024-02-02,C0025,web,completed
O05281,2024-02-02,C0126,web,completed
O05811,2024-02-02,C0029,store,completed
O00243,2024-02-03,C0133,web,completed
O00386,2024-02-03,C0019,web,completed
O00793,2024-02-03,C0013,web,completed
O01629,2024-02-03,C0038,store,completed
O02326,2024-02-03,C0164,web,completed
O02800,2024-02-03,C0090,store,completed
O04223,2024-02-03,C0171,web,completed
O04247,2024-02-03,C0075,web,completed
O05412,2024-02-03,C0113,store,completed
O05480,2024-02-03,C0149,web,completed
O02851,2024-02-04,C0113,web,completed
O04355,2024-02-04,C0130,web,completed
O05165,2024-02-04,C0014,store,completed
O05875,2024-02-04,C0019,web,completed
O02683,2024-02-05,C0130,phone,completed
O02700,2024-02-05,C0125,web,completed
O02982,2024-02-05,C0067,web,completed
O03732,2024-02-05,C0058,web,completed
O05079,2024-02-05,C0095,web,completed
O05575,2024-02-05,C0020,web,completed
O05745,2024-02-05,C0083,web,completed
O01110,2024-02-06,C0132,phone,completed
O02168,2024-02-06,C0016,web,completed
O03215,2024-02-06,C0077,web,completed
O03957,2024-02-06,C0035,web,completed
O04385,2024-02-06,C0105,web,completed
O04574,2024-02-06,C0164,web,cancelled
O05205,2024-02-06,C0087,phone,completed
O05434,2024-02-06,C0039,store,completed
O02386,2024-02-07,C0056,web,completed
O05192,2024-02-07,C0161,store,completed
O05688,2024-02-07,C0074,store,completed
O05904,2024-02-07,C0028,web,completed
O01122,2024-02-08,C0069,web,completed
O01622,2024-02-08,C0068,web,completed
O02262,2024-02-08,C0080,web,completed
O04233,2024-02-08,C0082,web,completed
O00775,2024-02-09,C0173,store,completed
O01126,2024-02-09,C0002,phone,completed
O01954,2024-02-09,C0070,web,completed
O01999,2024-02-09,C0093,web,completed
O04649,2024-02-09,C0030,store,completed
O05462,2024-02-09,C0011,store,completed
O00550,2024-02-10,C0125,web,completed
O01536,2024-02-10,C0141,web,completed
O02000,2024-02-10,C0099,web,completed
O03221,2024-02-10,C0055,web,pending
O03267,2024-02-10,C0048,web,completed
O03341,2024-02-10,C0019,web,completed
O03473,2024-02-10,C0004,web,completed
O03494,2024-02-10,C0049,web,completed
O03545,2024-02-10,C0148,web,cancelled
O04195,2024-02-10,C0055,phone,completed
O04839,2024-02-10,C0163,web,completed
O05613,2024-02-10,C0166,web,cancelled
O05697,2024-02-10,C0124,store,completed
O00041,2024-02-11,C0085,web,completed
O00371,2024-02-11,C0042,store,completed
O00577,2024-02-11,C0096,web,completed
O00683,2024-02-11,C0084,web,completed
O01373,2024-02-11,C0040,web,completed
O01566,2024-02-11,C0024,web,completed
O03144,2024-02-11,C0065,web,completed
O03534,2024-02-11,C0052,web,completed
O03761,2024-02-11,C0021,store,completed
O04133,2024-02-11,C0091,web,completed
O04524,2024-02-11,C0156,web,completed
O05018,2024-02-11,C0061,phone,completed
O05058,2024-02-11,C0033,web,completed
O05202,2024-02-11,C0016,web,completed
O05656,2024-02-11,C0115,phone,completed
O02236,2024-02-12,C0143,web,completed
O02681,2024-02-12,C0070,web,completed
O02971,2024-02-12,C0081,web,completed
O02996,2024-02-12,C0096,web,completed
O03966,2024-02-12,C0033,web,completed
O04289,2024-02-12,C0042,store,completed
O05393,2024-02-12,C0030,web,completed
O05614,2024-02-12,C0037,web,completed
O00551,2024-02-13,C0150,store,completed
O00553,2024-02-13,C0106,store,completed
O00617,2024-02-13,C0052,web,completed
O00776,2024-02-13,C0122,web,completed
O01123,2024-02-13,C0006,store,completed
O01317,2024-02-13,C0109,web,completed
O02278,2024-02-13,C0134,store,completed
O02567,2024-02-13,C0051,store,completed
O04566,2024-02-13,C0144,web,completed
O04793,2024-02-13,C0058,web,completed
O05493,2024-02-13,C0089,web,completed
O00010,2024-02-14,C0032,web,pending
O00394,2024-02-14,C0111,web,completed
O00938,2024-02-14,C0060,store,completed
O02981,2024-02-14,C0132,phone,completed
O04615,2024-02-14,C0177,store,pending
O04823,2024-02-14,C0146,web,completed
O01086,2024-02-15,C0071,web,completed
O01898,2024-02-15,C0110,phone,completed
O02112,2024-02-15,C0096,store,completed
O03444,2024-02-15,C0066,web,completed
O03454,2024-02-15,C0031,web,completed
O04036,2024-02-15,C0153,web,completed
O04091,2024-02-15,C0027,store,completed
O04518,2024-02-15,C0112,web,completed
O04875,2024-02-15,C0030,store,completed
O05420,2024-02-15,C0027,web,completed
O05712,2024-02-15,C0179,web,completed
O00880,2024-02-16,C0142,web,completed
O01395,2024-02-16,C0088,web,completed
O02983,2024-02-16,C0044,web,completed
O03082,2024-02-16,C0180,web,completed
O04506,2024-02-16,C0160,web,completed
O04684,2024-02-16,C0161,web,completed
O05270,2024-02-16,C0180,store,completed
O05574,2024-02-16,C0044,web,cancelled
O00796,2024-02-17,C0125,web,completed
O01049,2024-02-17,C0038,web,completed
O02779,2024-02-17,C0079,store,completed
O02860,2024-02-17,C0117,web,completed
O03067,2024-02-17,C0019,web,completed
O03681,2024-02-17,C0142,web,completed
O00634,2024-02-18,C0062,store,completed
O00764,2024-02-18,C0081,web,cancelled
O01145,2024-02-18,C0081,web,completed
O02666,2024-02-18,C0033,web,completed
O02881,2024-02-18,C0010,web,completed
O03102,2024-02-18,C0173,store,completed
O03523,2024-02-18,C0133,web,completed
O04862,2024-02-18,C0160,store,completed
O04981,2024-02-18,C0155,web,completed
O05084,2024-02-18,C0090,phone,completed
O05717,2024-02-18,C0114,store,completed
O05962,2024-02-18,C0120,web,completed
O05965,2024-02-18,C0051,web,cancelled
O00456,2024-02-19,C0168,web,pending
O00790,2024-02-19,C0129,store,completed
O00851,2024-02-19,C0170,web,completed
O01908,2024-02-19,C0059,web,completed
O03610,2024-02-19,C0071,web,completed
O04968,2024-02-19,C0074,web,completed
O05164,2024-02-19,C0152,phone,pending
O05298,2024-02-19,C0164,web,completed
O05917,2024-02-19,C0115,web,cancelled
O00765,2024-02-20,C0147,store,completed
O01064,2024-02-20,C0026,phone,completed
O02095,2024-02-20,C0050,web,completed
O02926,2024-02-20,C0004,web,completed
O03337,2024-02-20,C0006,web,cancelled
O03401,2024-02-20,C0061,web,completed
O03934,2024-02-20,C0085,web,completed
O04094,2024-02-20,C0100,web,cancelled
O05774,2024-02-20,C0076,web,completed
O00474,2024-02-21,C0120,web,cancelled
O01022,2024-02-21,C0110,phone,completed
O01982,2024-02-21,C0024,web,completed
O02319,2024-02-21,C0149,web,completed
O02737,2024-02-21,C0006,web,completed
O04397,2024-02-21,C0041,store,completed
O05617,2024-02-21,C0173,store,completed
O05824,2024-02-21,C0052,web,completed
O05851,2024-02-21,C0015,store,completed
O00287,2024-02-22,C0045,store,completed
O00787,2024-02-22,C0140,web,completed
O01984,2024-02-22,C0105,store,completed
O05064,2024-02-22,C0111,web,completed
O05919,2024-02-22,C0060,web,completed
O00446,2024-02-23,C0167,web,completed
O01024,2024-02-23,C0051,web,completed
O01508,2024-02-23,C0111,store,completed
O03422,2024-02-23,C0052,web,completed
O03886,2024-02-23,C0091,web,completed
O04759,2024-02-23,C0155,store,completed
O05010,2024-02-23,C0004,web,completed
O05126,2024-02-23,C0150,web,completed
O05388,2024-02-23,C0107,web,pending
O05497,2024-02-23,C0141,store,completed
O00814,2024-02-24,C0060,web,completed
O02005,2024-02-24,C0129,web,completed
O02241,2024-02-24,C0091,store,completed
O02745,2024-02-24,C0161,web,pending
O02815,2024-02-24,C0061,store,completed
O03052,2024-02-24,C0037,store,completed
O05605,2024-02-24,C0020,web,completed
O05793,2024-02-24,C0134,store,pending
O05871,2024-02-24,C0018,web,completed
O01232,2024-02-25,C0008,web,completed
O03544,2024-02-25,C0034,web,completed
O04181,2024-02-25,C0036,web,completed
O04623,2024-02-25,C0052,store,completed
O05636,2024-02-25,C0081,web,completed
O00154,2024-02-26,C0025,store,completed
O00425,2024-02-26,C0082,store,completed
O01124,2024-02-26,C0075,web,completed
O01699,2024-02-26,C0030,web,completed
O01843,2024-02-26,C0125,store,completed
O03063,2024-02-26,C0068,web,completed
O00894,2024-02-27,C0143,web,completed
O01120,2024-02-27,C0155,store,completed
O01810,2024-02-27,C0053,web,completed
O02107,2024-02-27,C0043,web,completed
O02371,2024-02-27,C0097,phone,completed
O03078,2024-02-27,C0092,web,completed
O03744,2024-02-27,C0083,phone,completed
O04597,2024-02-27,C0049,phone,pending
O04606,2024-02-27,C0118,web,completed
O04726,2024-02-27,C0067,web,completed
O04784,2024-02-27,C0076,store,completed
O05769,2024-02-27,C0173,web,completed
O05906,2024-02-27,C0126,web,completed
O00852,2024-02-28,C0044,web,completed
O01343,2024-02-28,C0074,web,completed
O01728,2024-02-28,C0029,web,completed
O02710,2024-02-28,C0147,web,completed
O04129,2024-02-28,C0052,web,completed
O00497,2024-02-29,C0131,store,completed
O00976,2024-02-29,C0028,web,completed
O01436,2024-02-29,C0075,store,completed
O01617,2024-02-29,C0011,web,completed
O02191,2024-02-29,C0007,web,cancelled
O02919,2024-02-29,C0166,web,completed
O03372,2024-02-29,C0084,store,cancelled
O04534,2024-02-29,C0089,web,completed
O05784,2024-02-29,C0097,web,completed
O05826,2024-02-29,C0055,web,completed
O00180,2024-03-01,C0005,store,completed
O02670,2024-03-01,C0119,web,completed
O02733,2024-03-01,C0006,phone,completed
O04990,2024-03-01,C0126,web,completed
O05286,2024-03-01,C0073,phone,completed
O05396,2024-03-01,C0132,web,completed
O05616,2024-03-01,C0128,web,completed
O01925,2024-03-02,C0152,web,completed
O02631,2024-03-02,C0013,web,pending
O03448,2024-03-02,C0100,store,completed
O03756,2024-03-02,C0127,web,completed
O04292,2024-03-02,C0069,web,completed
O01146,2024-03-03,C0034,store,completed
O01330,2024-03-03,C0103,web,completed
O01638,2024-03-03,C0020,web,completed
O04596,2024-03-03,C0095,store,completed
O05065,2024-03-03,C0127,web,completed
O05247,2024-03-03,C0088,store,completed
O00127,2024-03-04,C0079,store,completed
O00604,2024-03-04,C0073,store,completed
O00767,2024-03-04,C0110,web,completed
O01990,2024-03-04,C0095,web,completed
O02369,2024-03-04,C0011,web,completed
O04065,2024-03-04,C0150,store,completed
O04653,2024-03-04,C0135,web,completed
O05191,2024-03-04,C0004,web,completed
O00330,2024-03-05,C0014,web,completed
O01568,2024-03-05,C0001,web,completed
O01998,2024-03-05,C0105,web,pending
O02010,2024-03-05,C0172,web,completed
O03687,2024-03-05,C0115,web,completed
O03838,2024-03-05,C0129,web,completed
O04873,2024-03-05,C0149,web,cancelled
O05509,2024-03-05,C0159,phone,completed
O05588,2024-03-05,C0033,web,completed
O05666,2024-03-05,C0049,web,completed
O01906,2024-03-06,C0003,web,completed
O02047,2024-03-06,C0051,web,completed
O02518,2024-03-06,C0116,web,completed
O03936,2024-03-06,C0060,web,completed
O05408,2024-03-06,C0023,web,cancelled
O05537,2024-03-06,C0109,phone,completed
O00013,2024-03-07,C0159,web,completed
O00969,2024-03-07,C0034,web,completed
O01484,2024-03-07,C0043,store,completed
O01894,2024-03-07,C0129,web,completed
O02141,2024-03-07,C0068,web,completed
O02647,2024-03-07,C0096,web,completed
O03126,2024-03-07,C0062,web,completed
O04859,2024-03-07,C0018,web,completed
O05263,2024-03-07,C0029,web,completed
O00850,2024-03-08,C0153,web,completed
O00896,2024-03-08,C0143,web,completed
O01491,2024-03-08,C0087,web,completed
O01855,2024-03-08,C0159,web,completed
O02752,2024-03-08,C0160,web,completed
O04376,2024-03-08,C0169,web,completed
O04446,2024-03-08,C0012,store,completed
O04642,2024-03-08,C0004,web,completed
O05595,2024-03-08,C0159,web,completed
O00654,2024-03-09,C0104,web,completed
O01142,2024-03-09,C0111,store,completed
O01231,2024-03-09,C0164,web,completed
O01956,2024-03-09,C0018,web,completed
O03041,2024-03-09,C0041,web,completed
O03393,2024-03-09,C0171,web,completed
O03935,2024-03-09,C0109,store,completed
O01719,2024-03-10,C0049,web,completed
O01744,2024-03-10,C0155,store,completed
O02003,2024-03-10,C0082,store,completed
O03014,2024-03-10,C0160,store,completed
O03581,2024-03-10,C0073,web,completed
O03878,2024-03-10,C0141,phone,cancelled
O05066,2024-03-10,C0113,web,completed
O05375,2024-03-10,C0096,store,completed
O05970,2024-03-10,C0130,web,completed
O00847,2024-03-11,C0016,web,completed
O01043,2024-03-11,C0147,store,completed
O01099,2024-03-11,C0006,web,completed
O04213,2024-03-11,C0159,web,completed
O04724,2024-03-11,C0078,store,completed
O04883,2024-03-11,C0159,store,completed
O05780,2024-03-11,C0025,web,completed
O05888,2024-03-11,C0039,web,completed
O00548,2024-03-12,C0036,store,completed
O01140,2024-03-12,C0160,web,completed
O05007,2024-03-12,C0001,phone,completed
O05601,2024-03-12,C0035,phone,completed
O00298,2024-03-13,C0112,store,completed
O02089,2024-03-13,C0174,phone,completed
O02865,2024-03-13,C0126,phone,completed
O03049,2024-03-13,C0018,phone,completed
O04490,2024-03-13,C0074,web,completed
O05726,2024-03-13,C0042,store,cancelled
O00438,2024-03-14,C0154,web,completed
O00984,2024-03-14,C0137,phone,completed
O01254,2024-03-14,C0066,web,completed
O02412,2024-03-14,C0066,web,completed
O03561,2024-03-14,C0089,web,completed
O03885,2024-03-14,C0021,phone,completed
O04251,2024-03-14,C0142,web,completed
O04491,2024-03-14,C0133,web,completed
O04631,2024-03-14,C0083,web,completed
O05183,2024-03-14,C0106,web,completed
O05184,2024-03-14,C0018,web,completed
O05289,2024-03-14,C0116,web,completed
O05604,2024-03-14,C0027,store,completed
O05607,2024-03-14,C0026,web,completed
O00667,2024-03-15,C0047,web,completed
O00889,2024-03-15,C0159,web,completed
O01459,2024-03-15,C0012,web,completed
O02832,2024-03-15,C0112,web,completed
O03854,2024-03-15,C0112,web,cancelled
O04040,2024-03-15,C0106,store,completed
O04361,2024-03-15,C0082,store,completed
O05053,2024-03-15,C0163,web,completed
O05133,2024-03-15,C0124,store,completed
O05579,2024-03-15,C0110,web,completed
O05779,2024-03-15,C0042,web,completed
O05838,2024-03-15,C0064,phone,completed
O00160,2024-03-16,C0148,web,pending
O00178,2024-03-16,C0167,web,completed
O03163,2024-03-16,C0086,web,completed
O04207,2024-03-16,C0110,web,completed
O04237,2024-03-16,C0095,phone,completed
O04844,2024-03-16,C0052,web,completed
O04886,2024-03-16,C0069,web,completed
O00383,2024-03-17,C0064,store,completed
O01296,2024-03-17,C0074,store,completed
O02012,2024-03-17,C0020,web,completed
O02639,2024-03-17,C0143,web,completed
O02838,2024-03-17,C0156,store,completed
O02845,2024-03-17,C0046,web,completed
O03483,2024-03-17,C0053,store,completed
O04637,2024-03-17,C0138,store,completed
O04748,2024-03-17,C0163,store,completed
O05455,2024-03-17,C0096,web,completed
O00050,2024-03-18,C0154,web,completed
O01806,2024-03-18,C0075,store,completed
O03089,2024-03-18,C0060,web,completed
O04183,2024-03-18,C0164,web,completed
O04261,2024-03-18,C0005,web,completed
O04330,2024-03-18,C0068,web,completed
O04366,2024-03-18,C0050,web,completed
O04398,2024-03-18,C0054,web,completed
O05558,2024-03-18,C0004,phone,completed
O05843,2024-03-18,C0110,web,completed
O00964,2024-03-19,C0104,web,completed
O01015,2024-03-19,C0097,web,completed
O01102,2024-03-19,C0056,web,cancelled
O01401,2024-03-19,C0164,web,completed
O01620,2024-03-19,C0129,web,completed
O01875,2024-03-19,C0001,web,completed
O02482,2024-03-19,C0166,web,completed
O03203,2024-03-19,C0115,web,completed
O03360,2024-03-19,C0124,store,completed
O03643,2024-03-19,C0094,web,completed
O03932,2024-03-19,C0045,web,completed
O04725,2024-03-19,C0083,web,completed
O04795,2024-03-19,C0134,web,completed
O05162,2024-03-19,C0008,phone,completed
O00362,2024-03-20,C0095,web,completed
O01370,2024-03-20,C0126,web,pending
O01770,2024-03-20,C0044,web,completed
O02505,2024-03-20,C0083,web,completed
O02663,2024-03-20,C0144,phone,completed
O04868,2024-03-20,C0050,store,completed
O04980,2024-03-20,C0149,web,completed
O05649,2024-03-20,C0049,store,completed
O05992,2024-03-20,C0004,web,completed
O00882,2024-03-21,C0073,web,completed
O02502,2024-03-21,C0091,web,completed
O02651,2024-03-21,C0041,web,completed
O02895,2024-03-21,C0050,web,pending
O03323,2024-03-21,C0090,store,completed
O03837,2024-03-21,C0170,web,completed
O04974,2024-03-21,C0021,phone,cancelled
O00052,2024-03-22,C0137,store,completed
O00529,2024-03-22,C0120,store,completed
O01059,2024-03-22,C0013,web,pending
O04257,2024-03-22,C0059,web,completed
O04301,2024-03-22,C0032,web,completed
O04421,2024-03-22,C0100,store,completed
O04477,2024-03-22,C0009,web,completed
O05896,2024-03-22,C0088,web,completed
O00004,2024-03-23,C0109,web,completed
O00226,2024-03-23,C0017,web,completed
O00729,2024-03-23,C0047,web,completed
O01891,2024-03-23,C0054,web,completed
O03062,2024-03-23,C0176,web,completed
O03960,2024-03-23,C0132,phone,completed
O04480,2024-03-23,C0120,store,completed
O04680,2024-03-23,C0170,web,completed
O04776,2024-03-23,C0118,web,completed
O05381,2024-03-23,C0030,store,completed
O00955,2024-03-24,C0147,web,completed
O01682,2024-03-24,C0032,web,completed
O02007,2024-03-24,C0101,web,completed
O02175,2024-03-24,C0159,web,completed
O02538,2024-03-24,C0079,web,completed
O03158,2024-03-24,C0177,phone,completed
O03882,2024-03-24,C0002,web,completed
O03959,2024-03-24,C0049,web,completed
O03962,2024-03-24,C0127,web,completed
O03969,2024-03-24,C0022,web,completed
O04702,2024-03-24,C0020,store,completed
O05806,2024-03-24,C0074,web,completed
O00110,2024-03-25,C0071,phone,completed
O00595,2024-03-25,C0135,web,completed
O03297,2024-03-25,C0033,web,completed
O03595,2024-03-25,C0080,web,completed
O04755,2024-03-25,C0019,web,completed
O00484,2024-03-26,C0118,web,completed
O01439,2024-03-26,C0180,web,completed
O03313,2024-03-26,C0092,store,completed
O04616,2024-03-26,C0034,store,completed
O05677,2024-03-26,C0039,store,completed
O00119,2024-03-27,C0176,web,completed
O01006,2024-03-27,C0118,web,completed
O01876,2024-03-27,C0131,phone,completed
O01881,2024-03-27,C0062,web,completed
O04313,2024-03-27,C0116,web,completed
O04521,2024-03-27,C0109,web,completed
O04527,2024-03-27,C0023,web,completed
O04555,2024-03-27,C0023,web,completed
O04560,2024-03-27,C0049,web,completed
O05918,2024-03-27,C0164,web,completed
O01380,2024-03-28,C0121,phone,completed
O01539,2024-03-28,C0079,web,completed
O02406,2024-03-28,C0062,web,completed
O02702,2024-03-28,C0005,web,completed
O03533,2024-03-28,C0162,web,completed
O03771,2024-03-28,C0091,web,completed
O03889,2024-03-28,C0087,web,completed
O03906,2024-03-28,C0166,web,completed
O03909,2024-03-28,C0104,web,completed
O03920,2024-03-28,C0098,store,completed
O04349,2024-03-28,C0018,store,completed
O04918,2024-03-28,C0170,web,cancelled
O05027,2024-03-28,C0127,phone,completed
O05640,2024-03-28,C0144,store,completed
O05868,2024-03-28,C0015,web,completed
O00476,2024-03-29,C0106,store,completed
O00633,2024-03-29,C0085,store,completed
O03347,2024-03-29,C0048,web,cancelled
O04215,2024-03-29,C0179,web,completed
O04230,2024-03-29,C0133,web,completed
O05523,2024-03-29,C0119,web,completed
O00299,2024-03-30,C0141,phone,completed
O00324,2024-03-30,C0081,web,completed
O00455,2024-03-30,C0139,store,completed
O00493,2024-03-30,C0164,store,completed
O01766,2024-03-30,C0095,web,completed
O01864,2024-03-30,C0127,store,completed
O02902,2024-03-30,C0115,store,completed
O03794,2024-03-30,C0177,web,completed
O04048,2024-03-30,C0167,web,completed
O05134,2024-03-30,C0169,phone,completed
O00228,2024-03-31,C0098,web,completed
O00403,2024-03-31,C0047,store,pending
O01244,2024-03-31,C0058,web,completed
O01288,2024-03-31,C0001,web,completed
O01450,2024-03-31,C0039,phone,pending
O01697,2024-03-31,C0024,web,completed
O02032,2024-03-31,C0064,web,completed
O02330,2024-03-31,C0068,phone,completed
O03704,2024-03-31,C0003,web,completed
O04341,2024-03-31,C0058,store,completed
O04586,2024-03-31,C0111,web,pending
O05598,2024-03-31,C0032,web,completed
O00701,2024-04-01,C0030,web,completed
O00723,2024-04-01,C0059,store,cancelled
O02096,2024-04-01,C0146,store,cancelled
O02872,2024-04-01,C0039,store,completed
O03993,2024-04-01,C0043,web,completed
O04061,2024-04-01,C0027,web,completed
O04068,2024-04-01,C0015,store,completed
O04117,2024-04-01,C0102,web,completed
O05061,2024-04-01,C0136,web,completed
O05110,2024-04-01,C0126,store,completed
O05674,2024-04-01,C0138,web,completed
O01257,2024-04-02,C0131,web,completed
O02791,2024-04-02,C0063,web,completed
O03355,2024-04-02,C0044,store,completed
O04029,2024-04-02,C0111,store,completed
O01165,2024-04-03,C0146,store,completed
O01497,2024-04-03,C0166,web,cancelled
O01749,2024-04-03,C0151,store,completed
O02215,2024-04-03,C0051,web,completed
O04216,2024-04-03,C0062,phone,completed
O04246,2024-04-03,C0154,web,completed
O04304,2024-04-03,C0057,web,completed
O04552,2024-04-03,C0158,web,completed
O01421,2024-04-04,C0044,web,completed
O01647,2024-04-04,C0018,web,completed
O02615,2024-04-04,C0036,store,completed
O03270,2024-04-04,C0175,web,completed
O03504,2024-04-04,C0042,store,completed
O04354,2024-04-04,C0092,web,completed
O04604,2024-04-04,C0082,phone,pending
O05504,2024-04-04,C0096,web,completed
O02621,2024-04-05,C0052,phone,completed
O03419,2024-04-05,C0156,phone,completed
O04306,2024-04-05,C0060,web,completed
O05099,2024-04-05,C0121,web,completed
O00015,2024-04-06,C0054,store,completed
O00146,2024-04-06,C0094,web,completed
O01060,2024-04-06,C0171,web,completed
O01074,2024-04-06,C0033,store,completed
O01772,2024-04-06,C0110,phone,completed
O03053,2024-04-06,C0052,web,completed
O04966,2024-04-06,C0030,store,completed
O05417,2024-04-06,C0105,store,completed
O00201,2024-04-07,C0078,web,completed
O00411,2024-04-07,C0009,web,completed
O00458,2024-04-07,C0007,store,completed
O00517,2024-04-07,C0104,web,completed
O00740,2024-04-07,C0038,phone,completed
O02205,2024-04-07,C0039,store,completed
O03251,2024-04-07,C0126,web,completed
O05187,2024-04-07,C0091,web,completed
O05439,2024-04-07,C0157,store,completed
O00044,2024-04-08,C0054,store,completed
O01070,2024-04-08,C0085,phone,pending
O01155,2024-04-08,C0086,web,completed
O01988,2024-04-08,C0066,web,completed
O03180,2024-04-08,C0092,phone,completed
O03446,2024-04-08,C0090,web,completed
O05952,2024-04-08,C0007,store,completed
O00841,2024-04-09,C0170,web,completed
O01096,2024-04-09,C0143,web,completed
O01710,2024-04-09,C0113,web,completed
O02478,2024-04-09,C0176,store,completed
O03752,2024-04-09,C0028,web,completed
O05140,2024-04-09,C0046,web,completed
O00547,2024-04-10,C0013,phone,completed
O00589,2024-04-10,C0095,web,cancelled
O01730,2024-04-10,C0052,web,completed
O01868,2024-04-10,C0157,store,completed
O03513,2024-04-10,C0063,web,completed
O05498,2024-04-10,C0085,web,completed
O05723,2024-04-10,C0062,web,completed
O05961,2024-04-10,C0104,web,completed
O00868,2024-04-11,C0156,phone,completed
O01715,2024-04-11,C0135,web,completed
O01926,2024-04-11,C0069,store,completed
O02457,2024-04-11,C0149,web,completed
O04877,2024-04-11,C0065,web,cancelled
O04956,2024-04-11,C0026,web,completed
O05260,2024-04-11,C0096,web,completed
O00389,2024-04-12,C0149,phone,completed
O00933,2024-04-12,C0148,web,completed
O01031,2024-04-12,C0067,web,completed
O02022,2024-04-12,C0062,web,completed
O03998,2024-04-12,C0049,store,completed
O04097,2024-04-12,C0011,web,completed
O04897,2024-04-12,C0024,web,completed
O04954,2024-04-12,C0070,web,completed
O04992,2024-04-12,C0097,web,completed
O00380,2024-04-13,C0131,web,cancelled
O01968,2024-04-13,C0160,web,completed
O02764,2024-04-13,C0063,web,completed
O02780,2024-04-13,C0103,web,completed
O02947,2024-04-13,C0108,store,completed
O03803,2024-04-13,C0003,web,completed
O04132,2024-04-13,C0085,web,completed
O04305,2024-04-13,C0020,web,completed
O04448,2024-04-13,C0051,web,completed
O00068,2024-04-14,C0148,store,completed
O01119,2024-04-14,C0092,web,completed
O01217,2024-04-14,C0043,web,completed
O01563,2024-04-14,C0144,web,completed
O01870,2024-04-14,C0024,phone,completed
O02126,2024-04-14,C0134,store,cancelled
O02396,2024-04-14,C0147,web,completed
O02848,2024-04-14,C0051,web,completed
O04221,2024-04-14,C0141,web,completed
O04228,2024-04-14,C0090,web,completed
O04314,2024-04-14,C0016,web,completed
O00700,2024-04-15,C0073,web,completed
O01916,2024-04-15,C0180,web,completed
O02503,2024-04-15,C0073,phone,completed
O03339,2024-04-15,C0027,web,completed
O03836,2024-04-15,C0037,web,completed
O03853,2024-04-15,C0017,web,completed
O03912,2024-04-15,C0127,web,completed
O04658,2024-04-15,C0050,web,completed
O05634,2024-04-15,C0092,phone,completed
O05836,2024-04-15,C0084,web,completed
O01458,2024-04-16,C0016,web,completed
O02196,2024-04-16,C0017,web,completed
O02701,2024-04-16,C0130,phone,completed
O02867,2024-04-16,C0061,web,completed
O03815,2024-04-16,C0128,store,completed
O04424,2024-04-16,C0009,web,completed
O04522,2024-04-16,C0070,web,completed
O04599,2024-04-16,C0088,web,completed
O05020,2024-04-16,C0158,phone,completed
O05314,2024-04-16,C0068,web,completed
O05915,2024-04-16,C0167,web,completed
O01204,2024-04-17,C0105,web,completed
O02123,2024-04-17,C0062,store,completed
O02169,2024-04-17,C0168,phone,completed
O02508,2024-04-17,C0071,web,completed
O02549,2024-04-17,C0062,web,completed
O03342,2024-04-17,C0012,web,completed
O04109,2024-04-17,C0066,store,completed
O04243,2024-04-17,C0025,store,completed
O00982,2024-04-18,C0078,store,completed
O02906,2024-04-18,C0029,web,completed
O04461,2024-04-18,C0090,web,completed
O00616,2024-04-19,C0077,web,completed
O01613,2024-04-19,C0080,store,completed
O01689,2024-04-19,C0084,store,cancelled
O01758,2024-04-19,C0099,store,completed
O03033,2024-04-19,C0150,store,completed
O03552,2024-04-19,C0153,web,completed
O04730,2024-04-19,C0064,store,cancelled
O05984,2024-04-19,C0120,store,completed
O00886,2024-04-20,C0102,web,completed
O02905,2024-04-20,C0160,web,completed
O03257,2024-04-20,C0101,web,cancelled
O04945,2024-04-20,C0092,web,completed
O05586,2024-04-20,C0137,store,completed
O05766,2024-04-20,C0146,web,completed
O05799,2024-04-20,C0069,web,completed
O05908,2024-04-20,C0143,store,completed
O00549,2024-04-21,C0163,store,completed
O00712,2024-04-21,C0122,web,completed
O01651,2024-04-21,C0050,store,completed
O02662,2024-04-21,C0120,web,completed
O02746,2024-04-21,C0153,store,completed
O02946,2024-04-21,C0079,web,completed
O04225,2024-04-21,C0067,web,completed
O04589,2024-04-21,C0012,web,completed
O05209,2024-04-21,C0089,web,completed
O02378,2024-04-22,C0026,web,completed
O03852,2024-04-22,C0055,web,completed
O04444,2024-04-22,C0126,phone,completed
O04629,2024-04-22,C0003,web,completed
O05039,2024-04-22,C0140,store,completed
O00518,2024-04-23,C0068,store,completed
O00721,2024-04-23,C0178,web,completed
O00934,2024-04-23,C0014,store,completed
O01477,2024-04-23,C0014,web,completed
O03617,2024-04-23,C0058,store,completed
O03832,2024-04-23,C0025,store,completed
O04253,2024-04-23,C0135,phone,completed
O00283,2024-04-24,C0067,web,completed
O00308,2024-04-24,C0178,web,completed
O01830,2024-04-24,C0145,web,completed
O02428,2024-04-24,C0042,web,completed
O04072,2024-04-24,C0035,store,completed
O05060,2024-04-24,C0118,web,completed
O00774,2024-04-25,C0031,phone,completed
O00828,2024-04-25,C0126,web,completed
O00992,2024-04-25,C0136,web,completed
O02351,2024-04-25,C0175,store,completed
O03449,2024-04-25,C0172,web,completed
O03893,2024-04-25,C0042,web,completed
O04081,2024-04-25,C0161,web,completed
O04469,2024-04-25,C0166,web,completed
O04617,2024-04-25,C0129,web,completed
O01555,2024-04-26,C0148,store,cancelled
O01627,2024-04-26,C0024,store,completed
O02464,2024-04-26,C0071,phone,completed
O05929,2024-04-26,C0109,web,completed
O05940,2024-04-26,C0057,web,completed
O00268,2024-04-27,C0057,web,completed
O00567,2024-04-27,C0068,phone,completed
O02212,2024-04-27,C0108,store,completed
O02911,2024-04-27,C0107,web,completed
O03259,2024-04-27,C0139,phone,completed
O03294,2024-04-27,C0087,web,completed
O03443,2024-04-27,C0144,web,completed
O03597,2024-04-27,C0080,web,completed
O04067,2024-04-27,C0027,store,completed
O05256,2024-04-27,C0090,web,completed
O05818,2024-04-27,C0061,store,completed
O00090,2024-04-28,C0141,store,completed
O01329,2024-04-28,C0079,web,completed
O04367,2024-04-28,C0141,web,completed
O05565,2024-04-28,C0113,web,completed
O05653,2024-04-28,C0023,store,completed
O01129,2024-04-29,C0115,web,completed
O01509,2024-04-29,C0003,web,pending
O02480,2024-04-29,C0104,web,completed
O03839,2024-04-29,C0118,store,pending
O04947,2024-04-29,C0038,web,completed
O05693,2024-04-29,C0131,web,completed
O05825,2024-04-29,C0098,web,completed
O00286,2024-04-30,C0075,web,cancelled
O00762,2024-04-30,C0159,web,completed
O01472,2024-04-30,C0122,store,pending
O01639,2024-04-30,C0135,web,completed
O02048,2024-04-30,C0143,web,completed
O02921,2024-04-30,C0178,phone,completed
O02925,2024-04-30,C0114,web,completed
O04234,2024-04-30,C0171,web,completed
O04326,2024-04-30,C0156,phone,completed
O00981,2024-05-01,C0115,web,completed
O01137,2024-05-01,C0013,web,completed
O02183,2024-05-01,C0175,web,completed
O02637,2024-05-01,C0006,store,completed
O02698,2024-05-01,C0158,web,completed
O03097,2024-05-01,C0040,web,completed
O03519,2024-05-01,C0020,web,completed
O04260,2024-05-01,C0179,store,completed
O04984,2024-05-01,C0179,web,completed
O05501,2024-05-01,C0011,phone,pending
O05881,2024-05-01,C0166,web,completed
O05987,2024-05-01,C0058,web,completed
O00334,2024-05-02,C0085,web,completed
O01101,2024-05-02,C0067,web,completed
O01654,2024-05-02,C0069,store,completed
O01723,2024-05-02,C0011,store,completed
O01822,2024-05-02,C0143,web,completed
O02283,2024-05-02,C0171,phone,completed
O04161,2024-05-02,C0066,web,completed
O04411,2024-05-02,C0161,web,completed
O04756,2024-05-02,C0161,web,completed
O00249,2024-05-03,C0128,web,completed
O00327,2024-05-03,C0163,phone,completed
O00716,2024-05-03,C0107,store,completed
O01621,2024-05-03,C0071,store,completed
O02103,2024-05-03,C0135,web,completed
O03104,2024-05-03,C0090,store,completed
O03253,2024-05-03,C0125,store,completed
O03509,2024-05-03,C0140,web,completed
O03629,2024-05-03,C0130,store,completed
O03647,2024-05-03,C0104,phone,completed
O03739,2024-05-03,C0026,store,completed
O00624,2024-05-04,C0153,phone,completed
O00637,2024-05-04,C0046,web,cancelled
O01672,2024-05-04,C0021,store,completed
O02512,2024-05-04,C0056,web,completed
O02775,2024-05-04,C0087,store,completed
O02824,2024-05-04,C0150,web,completed
O02927,2024-05-04,C0094,store,completed
O03083,2024-05-04,C0167,web,completed
O01287,2024-05-05,C0032,web,completed
O02519,2024-05-05,C0039,store,completed
O04695,2024-05-05,C0056,web,completed
O04715,2024-05-05,C0069,web,completed
O05451,2024-05-05,C0169,web,cancelled
O05490,2024-05-05,C0026,web,completed
O01768,2024-05-06,C0006,web,completed
O02228,2024-05-06,C0104,web,completed
O03105,2024-05-06,C0027,web,completed
O03110,2024-05-06,C0171,store,completed
O03269,2024-05-06,C0078,store,completed
O04201,2024-05-06,C0047,web,completed
O04238,2024-05-06,C0141,store,completed
O05845,2024-05-06,C0108,web,completed
O05985,2024-05-06,C0161,phone,cancelled
O00257,2024-05-07,C0057,web,completed
O00289,2024-05-07,C0034,web,completed
O00749,2024-05-07,C0057,web,completed
O02644,2024-05-07,C0064,store,completed
O04062,2024-05-07,C0139,web,completed
O02551,2024-05-08,C0002,web,completed
O04115,2024-05-08,C0070,phone,cancelled
O05707,2024-05-08,C0139,web,completed
O00120,2024-05-09,C0077,web,completed
O00372,2024-05-09,C0004,web,completed
O01782,2024-05-09,C0062,web,completed
O03786,2024-05-09,C0094,web,completed
O04008,2024-05-09,C0118,web,completed
O01046,2024-05-10,C0055,web,completed
O01284,2024-05-10,C0048,web,completed
O01503,2024-05-10,C0142,web,completed
O02131,2024-05-10,C0091,web,completed
O02888,2024-05-10,C0171,store,completed
O05695,2024-05-10,C0002,web,completed
O00833,2024-05-11,C0088,web,completed
O00931,2024-05-11,C0138,web,completed
O01451,2024-05-11,C0054,web,completed
O01502,2024-05-11,C0069,web,completed
O01607,2024-05-11,C0104,web,completed
O02547,2024-05-11,C0061,web,completed
O02941,2024-05-11,C0096,web,completed
O03733,2024-05-11,C0014,web,completed
O02762,2024-05-12,C0142,web,completed
O03241,2024-05-12,C0066,web,completed
O03280,2024-05-12,C0122,phone,completed
O03700,2024-05-12,C0008,web,completed
O04119,2024-05-12,C0021,phone,completed
O05025,2024-05-12,C0145,web,cancelled
O05550,2024-05-12,C0004,web,completed
O05663,2024-05-12,C0071,web,completed
O05699,2024-05-12,C0019,web,completed
O05935,2024-05-12,C0042,phone,completed
O00014,2024-05-13,C0050,web,completed
O00629,2024-05-13,C0089,store,completed
O03767,2024-05-13,C0023,web,completed
O04426,2024-05-13,C0011,web,completed
O04832,2024-05-13,C0123,web,completed
O05114,2024-05-13,C0145,web,cancelled
O05648,2024-05-13,C0008,store,completed
O00978,2024-05-14,C0137,phone,completed
O01907,2024-05-14,C0068,web,completed
O03171,2024-05-14,C0055,store,completed
O04208,2024-05-14,C0084,web,completed
O04530,2024-05-14,C0166,phone,completed
O05261,2024-05-14,C0136,web,completed
O05816,2024-05-14,C0144,web,completed
O00018,2024-05-15,C0100,web,completed
O00056,2024-05-15,C0045,store,completed
O00229,2024-05-15,C0118,store,completed
O01093,2024-05-15,C0053,phone,completed
O01351,2024-05-15,C0107,web,completed
O03486,2024-05-15,C0107,web,completed
O03799,2024-05-15,C0172,web,completed
O03872,2024-05-15,C0010,web,completed
O05301,2024-05-15,C0049,web,completed
O00329,2024-05-16,C0022,web,pending
O01175,2024-05-16,C0180,web,completed
O01320,2024-05-16,C0009,web,completed
O01991,2024-05-16,C0004,web,completed
O02171,2024-05-16,C0067,web,completed
O02554,2024-05-16,C0031,store,completed
O05853,2024-05-16,C0055,store,completed
O00725,2024-05-17,C0027,phone,completed
O02132,2024-05-17,C0117,web,completed
O03184,2024-05-17,C0160,web,completed
O05232,2024-05-17,C0171,web,completed
O00016,2024-05-18,C0004,web,completed
O00086,2024-05-18,C0117,web,completed
O00409,2024-05-18,C0021,store,completed
O02452,2024-05-18,C0149,web,completed
O02471,2024-05-18,C0121,store,completed
O02836,2024-05-18,C0019,store,completed
O03170,2024-05-18,C0161,web,completed
O03516,2024-05-18,C0062,store,completed
O03530,2024-05-18,C0145,web,completed
O03639,2024-05-18,C0056,store,completed
O03921,2024-05-18,C0059,web,completed
O04718,2024-05-18,C0036,store,completed
O05522,2024-05-18,C0105,web,completed
O05606,2024-05-18,C0062,web,cancelled
O05667,2024-05-18,C0013,web,completed
O00393,2024-05-19,C0100,web,completed
O02622,2024-05-19,C0058,web,completed
O03352,2024-05-19,C0124,web,completed
O00290,2024-05-20,C0144,phone,completed
O01147,2024-05-20,C0176,store,completed
O01290,2024-05-20,C0039,web,completed
O02792,2024-05-20,C0176,web,completed
O02886,2024-05-20,C0101,web,completed
O03018,2024-05-20,C0041,store,completed
O03064,2024-05-20,C0096,store,completed
O03616,2024-05-20,C0055,web,pending
O04484,2024-05-20,C0065,phone,completed
O05543,2024-05-20,C0045,web,cancelled
O05585,2024-05-20,C0034,web,completed
O05590,2024-05-20,C0141,web,completed
O03340,2024-05-21,C0056,phone,completed
O03622,2024-05-21,C0110,web,completed
O03654,2024-05-21,C0129,web,completed
O04005,2024-05-21,C0090,web,completed
O00216,2024-05-22,C0071,web,completed
O00733,2024-05-22,C0118,store,completed
O01003,2024-05-22,C0173,web,completed
O01659,2024-05-22,C0016,web,completed
O01836,2024-05-22,C0101,web,cancelled
O02325,2024-05-22,C0163,store,completed
O02826,2024-05-22,C0038,web,completed
O03311,2024-05-22,C0150,web,completed
O04476,2024-05-22,C0021,store,cancelled
O04679,2024-05-22,C0018,web,completed
O04794,2024-05-22,C0027,web,completed
O00726,2024-05-23,C0061,web,completed
O03258,2024-05-23,C0039,phone,completed
O03727,2024-05-23,C0138,web,completed
O04170,2024-05-23,C0175,web,pending
O04826,2024-05-23,C0013,store,completed
O04899,2024-05-23,C0095,web,completed
O05761,2024-05-23,C0135,web,completed
O00760,2024-05-24,C0028,web,completed
O01171,2024-05-24,C0016,web,completed
O01872,2024-05-24,C0025,web,completed
O01933,2024-05-24,C0080,store,cancelled
O05528,2024-05-24,C0008,web,completed
O02006,2024-05-25,C0100,store,completed
O02407,2024-05-25,C0042,phone,completed
O03013,2024-05-25,C0005,web,completed
O03056,2024-05-25,C0007,store,completed
O03367,2024-05-25,C0061,store,completed
O03712,2024-05-25,C0049,phone,completed
O03972,2024-05-25,C0053,web,completed
O04039,2024-05-25,C0113,web,completed
O04315,2024-05-25,C0123,store,completed
O04960,2024-05-25,C0141,store,completed
O05211,2024-05-25,C0028,store,completed
O00210,2024-05-26,C0017,store,completed
O00434,2024-05-26,C0006,web,completed
O00678,2024-05-26,C0158,store,completed
O00859,2024-05-26,C0090,web,completed
O01106,2024-05-26,C0059,web,completed
O01291,2024-05-26,C0152,store,completed
O02896,2024-05-26,C0043,web,completed
O02944,2024-05-26,C0066,phone,completed
O03598,2024-05-26,C0179,web,completed
O03656,2024-05-26,C0163,web,completed
O03778,2024-05-26,C0078,store,completed
O03944,2024-05-26,C0153,store,completed
O05654,2024-05-26,C0098,web,completed
O05891,2024-05-26,C0025,phone,completed
O02254,2024-05-27,C0049,phone,completed
O02293,2024-05-27,C0143,store,completed
O02676,2024-05-27,C0099,web,completed
O03626,2024-05-27,C0108,web,completed
O04470,2024-05-27,C0079,store,completed
O04927,2024-05-27,C0011,phone,completed
O05924,2024-05-27,C0127,store,completed
O00203,2024-05-28,C0128,web,completed
O00951,2024-05-28,C0020,phone,completed
O01176,2024-05-28,C0023,web,completed
O01411,2024-05-28,C0043,web,completed
O02181,2024-05-28,C0009,web,completed
O02760,2024-05-28,C0180,web,completed
O02891,2024-05-28,C0170,web,completed
O04488,2024-05-28,C0013,store,completed
O04504,2024-05-28,C0068,store,completed
O04731,2024-05-28,C0134,store,completed
O04828,2024-05-28,C0170,web,completed
O05594,2024-05-28,C0116,web,completed
O05619,2024-05-28,C0180,store,completed
O05785,2024-05-28,C0033,web,cancelled
O01701,2024-05-29,C0057,web,completed
O03010,2024-05-29,C0011,web,completed
O03088,2024-05-29,C0090,web,completed
O03303,2024-05-29,C0150,store,completed
O03961,2024-05-29,C0172,web,completed
O04499,2024-05-29,C0073,store,completed
O04948,2024-05-29,C0074,web,completed
O05344,2024-05-29,C0066,phone,cancelled
O05577,2024-05-29,C0142,web,completed
O00254,2024-05-30,C0081,store,completed
O00338,2024-05-30,C0056,web,completed
O01485,2024-05-30,C0074,web,completed
O01912,2024-05-30,C0136,web,completed
O02202,2024-05-30,C0012,web,completed
O03334,2024-05-30,C0088,web,completed
O04046,2024-05-30,C0169,web,completed
O04502,2024-05-30,C0126,web,completed
O04512,2024-05-30,C0087,phone,completed
O05059,2024-05-30,C0077,store,completed
O00313,2024-05-31,C0061,web,completed
O00950,2024-05-31,C0122,web,completed
O01033,2024-05-31,C0001,phone,completed
O01173,2024-05-31,C0081,web,completed
O01603,2024-05-31,C0103,web,completed
O05506,2024-05-31,C0170,web,completed
O00281,2024-06-01,C0038,web,completed
O01474,2024-06-01,C0098,web,completed
O02214,2024-06-01,C0018,web,completed
O02398,2024-06-01,C0028,web,completed
O03084,2024-06-01,C0118,web,completed
O04958,2024-06-01,C0137,store,completed
O05089,2024-06-01,C0144,web,completed
O00412,2024-06-02,C0080,web,completed
O00756,2024-06-02,C0176,web,completed
O02162,2024-06-02,C0005,web,completed
O02784,2024-06-02,C0117,web,completed
O02794,2024-06-02,C0074,web,completed
O03467,2024-06-02,C0166,web,completed
O03585,2024-06-02,C0011,store,completed
O03971,2024-06-02,C0055,web,cancelled
O04316,2024-06-02,C0179,web,completed
O04739,2024-06-02,C0139,store,completed
O04758,2024-06-02,C0153,web,completed
O05227,2024-06-02,C0160,web,completed
O05296,2024-06-02,C0021,store,completed
O01429,2024-06-03,C0166,web,completed
O01726,2024-06-03,C0116,web,completed
O02255,2024-06-03,C0117,phone,completed
O03060,2024-06-03,C0025,web,completed
O03177,2024-06-03,C0127,web,completed
O03460,2024-06-03,C0158,web,completed
O03861,2024-06-03,C0010,web,completed
O04323,2024-06-03,C0155,web,completed
O04328,2024-06-03,C0094,web,completed
O04699,2024-06-03,C0076,store,cancelled
O05365,2024-06-03,C0084,phone,completed
O05488,2024-06-03,C0110,web,completed
O01056,2024-06-04,C0159,web,completed
O01326,2024-06-04,C0099,web,pending
O02307,2024-06-04,C0021,web,completed
O02796,2024-06-04,C0072,web,completed
O02928,2024-06-04,C0026,web,completed
O03006,2024-06-04,C0110,web,completed
O03721,2024-06-04,C0098,web,completed
O04474,2024-06-04,C0108,web,completed
O05541,2024-06-04,C0153,store,completed
O00695,2024-06-05,C0058,web,completed
O03680,2024-06-05,C0043,web,completed
O03976,2024-06-05,C0150,web,completed
O04391,2024-06-05,C0163,store,completed
O05757,2024-06-05,C0113,web,cancelled
O00185,2024-06-06,C0097,phone,cancelled
O00214,2024-06-06,C0175,store,completed
O04057,2024-06-06,C0048,store,completed
O04217,2024-06-06,C0033,phone,cancelled
O05731,2024-06-06,C0146,web,completed
O01202,2024-06-07,C0085,store,completed
O02384,2024-06-07,C0125,web,completed
O02975,2024-06-07,C0177,web,completed
O03363,2024-06-07,C0006,web,completed
O04146,2024-06-07,C0034,phone,completed
O04270,2024-06-07,C0142,store,completed
O05217,2024-06-07,C0023,web,completed
O05683,2024-06-07,C0042,web,completed
O05831,2024-06-07,C0014,phone,completed
O00665,2024-06-08,C0160,web,completed
O00903,2024-06-08,C0122,store,completed
O02410,2024-06-08,C0147,store,completed
O02806,2024-06-08,C0027,web,completed
O02839,2024-06-08,C0029,web,completed
O02846,2024-06-08,C0170,store,completed
O03531,2024-06-08,C0031,web,completed
O03750,2024-06-08,C0086,web,completed
O04415,2024-06-08,C0129,web,completed
O05589,2024-06-08,C0113,web,completed
O01378,2024-06-09,C0084,web,cancelled
O01987,2024-06-09,C0143,web,completed
O02458,2024-06-09,C0094,web,completed
O02820,2024-06-09,C0123,store,cancelled
O03245,2024-06-09,C0030,web,completed
O03376,2024-06-09,C0012,store,completed
O04055,2024-06-09,C0110,store,completed
O04510,2024-06-09,C0178,web,completed
O05267,2024-06-09,C0083,web,completed
O05673,2024-06-09,C0170,web,completed
O00961,2024-06-10,C0039,phone,completed
O01012,2024-06-10,C0012,web,completed
O01029,2024-06-10,C0171,web,completed
O02209,2024-06-10,C0098,web,cancelled
O02533,2024-06-10,C0131,store,completed
O04010,2024-06-10,C0166,phone,completed
O04969,2024-06-10,C0023,web,cancelled
O05475,2024-06-10,C0118,web,completed
O00124,2024-06-11,C0161,web,completed
O00997,2024-06-11,C0120,web,cancelled
O02039,2024-06-11,C0028,web,cancelled
O02690,2024-06-11,C0107,store,pending
O03331,2024-06-11,C0007,web,completed
O03963,2024-06-11,C0013,store,completed
O04059,2024-06-11,C0165,web,completed
O04882,2024-06-11,C0003,web,completed
O05051,2024-06-11,C0115,web,completed
O05539,2024-06-11,C0105,phone,completed
O00271,2024-06-12,C0036,web,cancelled
O00672,2024-06-12,C0178,store,completed
O03497,2024-06-12,C0009,web,completed
O03698,2024-06-12,C0110,store,completed
O03900,2024-06-12,C0103,phone,completed
O04278,2024-06-12,C0088,web,completed
O05403,2024-06-12,C0020,web,completed
O05684,2024-06-12,C0073,store,completed
O05981,2024-06-12,C0169,store,completed
O00768,2024-06-13,C0021,store,completed
O02459,2024-06-13,C0113,phone,completed
O05645,2024-06-13,C0176,web,completed
O05801,2024-06-13,C0073,web,completed
O05994,2024-06-13,C0041,web,completed
O00451,2024-06-14,C0037,store,pending
O01036,2024-06-14,C0008,phone,completed
O01212,2024-06-14,C0028,web,completed
O03576,2024-06-14,C0055,web,completed
O04099,2024-06-14,C0003,store,completed
O04343,2024-06-14,C0007,web,completed
O04953,2024-06-14,C0130,web,completed
O05361,2024-06-14,C0145,store,completed
O05804,2024-06-14,C0150,phone,completed
O01721,2024-06-15,C0125,web,completed
O01817,2024-06-15,C0082,web,completed
O02063,2024-06-15,C0097,web,completed
O03801,2024-06-15,C0055,store,cancelled
O03973,2024-06-15,C0125,store,completed
O04557,2024-06-15,C0112,store,completed
O00376,2024-06-16,C0081,web,completed
O01246,2024-06-16,C0055,web,completed
O03914,2024-06-16,C0037,web,completed
O04867,2024-06-16,C0064,store,completed
O00761,2024-06-17,C0108,web,completed
O01143,2024-06-17,C0035,web,completed
O01184,2024-06-17,C0166,web,cancelled
O01781,2024-06-17,C0011,web,completed
O02580,2024-06-17,C0030,web,completed
O03425,2024-06-17,C0157,web,completed
O01441,2024-06-18,C0102,web,completed
O01686,2024-06-18,C0018,store,completed
O02166,2024-06-18,C0137,web,completed
O02479,2024-06-18,C0043,web,completed
O03116,2024-06-18,C0055,web,cancelled
O03457,2024-06-18,C0020,store,completed
O04409,2024-06-18,C0008,store,completed
O04741,2024-06-18,C0063,web,completed
O04786,2024-06-18,C0102,web,completed
O05960,2024-06-18,C0013,web,completed
O00810,2024-06-19,C0012,web,completed
O02465,2024-06-19,C0107,web,completed
O03168,2024-06-19,C0152,web,cancelled
O03240,2024-06-19,C0126,store,completed
O04482,2024-06-19,C0172,web,pending
O04569,2024-06-19,C0091,store,completed
O00109,2024-06-20,C0025,store,completed
O00123,2024-06-20,C0135,store,completed
O00625,2024-06-20,C0147,store,completed
O01042,2024-06-20,C0096,web,completed
O02020,2024-06-20,C0115,phone,completed
O04544,2024-06-20,C0126,web,completed
O05000,2024-06-20,C0179,web,completed
O00009,2024-06-21,C0023,web,completed
O00994,2024-06-21,C0030,phone,completed
O01226,2024-06-21,C0061,web,completed
O03220,2024-06-21,C0165,phone,completed
O03366,2024-06-21,C0102,web,completed
O03452,2024-06-21,C0176,store,cancelled
O03866,2024-06-21,C0035,web,completed
O04138,2024-06-21,C0177,web,completed
O05046,2024-06-21,C0011,store,completed
O05449,2024-06-21,C0053,phone,completed
O05572,2024-06-21,C0014,web,completed
O05927,2024-06-21,C0057,store,completed
O00818,2024-06-22,C0021,web,completed
O00839,2024-06-22,C0088,phone,completed
O01307,2024-06-22,C0095,store,pending
O02150,2024-06-22,C0058,web,pending
O02447,2024-06-22,C0072,store,completed
O02957,2024-06-22,C0037,web,completed
O03368,2024-06-22,C0155,store,completed
O05259,2024-06-22,C0152,web,completed
O05297,2024-06-22,C0089,web,cancelled
O05426,2024-06-22,C0037,store,cancelled
O05527,2024-06-22,C0113,store,cancelled
O01824,2024-06-23,C0069,store,completed
O01848,2024-06-23,C0069,store,completed
O03546,2024-06-23,C0135,store,completed
O04904,2024-06-23,C0162,store,completed
O05333,2024-06-23,C0122,web,completed
O00181,2024-06-24,C0090,web,completed
O00253,2024-06-24,C0141,store,completed
O02859,2024-06-24,C0124,web,pending
O02991,2024-06-24,C0173,store,completed
O04572,2024-06-24,C0161,web,completed
O04573,2024-06-24,C0180,web,completed
O04961,2024-06-24,C0175,web,completed
O05070,2024-06-24,C0105,web,completed
O05090,2024-06-24,C0060,phone,completed
O05441,2024-06-24,C0051,store,completed
O00365,2024-06-25,C0178,phone,completed
O00820,2024-06-25,C0052,web,completed
O01606,2024-06-25,C0115,phone,completed
O02004,2024-06-25,C0153,web,completed
O03061,2024-06-25,C0083,web,completed
O03358,2024-06-25,C0076,web,completed
O04427,2024-06-25,C0023,web,completed
O05206,2024-06-25,C0050,web,completed
O05326,2024-06-25,C0090,web,completed
O01714,2024-06-26,C0053,web,completed
O03000,2024-06-26,C0119,store,completed
O00912,2024-06-27,C0175,phone,completed
O00924,2024-06-27,C0154,store,completed
O03474,2024-06-27,C0018,store,completed
O04962,2024-06-27,C0116,web,completed
O05494,2024-06-27,C0122,web,completed
O00805,2024-06-28,C0100,store,completed
O00948,2024-06-28,C0050,web,completed
O00962,2024-06-28,C0123,web,completed
O02577,2024-06-28,C0171,store,completed
O05429,2024-06-28,C0159,web,completed
O03155,2024-06-29,C0043,web,completed
O03381,2024-06-29,C0095,store,completed
O04853,2024-06-29,C0112,web,completed
O05765,2024-06-29,C0065,web,completed
O00251,2024-06-30,C0056,web,completed
O00340,2024-06-30,C0053,web,completed
O02399,2024-06-30,C0141,store,completed
O03160,2024-06-30,C0074,web,completed
O03975,2024-06-30,C0126,store,completed
O04905,2024-06-30,C0162,web,completed
O05082,2024-06-30,C0117,phone,pending
O05548,2024-06-30,C0115,web,completed
O00358,2024-07-01,C0164,web,completed
O01377,2024-07-01,C0123,web,completed
O02099,2024-07-01,C0144,web,completed
O02831,2024-07-01,C0012,store,cancelled
O03179,2024-07-01,C0129,store,completed
O04333,2024-07-01,C0079,store,completed
O04337,2024-07-01,C0027,web,completed
O04723,2024-07-01,C0003,web,completed
O04820,2024-07-01,C0113,store,completed
O04913,2024-07-01,C0103,web,completed
O05056,2024-07-01,C0038,web,completed
O05584,2024-07-01,C0066,store,completed
O05650,2024-07-01,C0174,phone,completed
O05833,2024-07-01,C0059,store,completed
O05899,2024-07-01,C0114,web,cancelled
O01404,2024-07-02,C0019,web,completed
O01910,2024-07-02,C0009,web,completed
O02072,2024-07-02,C0094,store,completed
O02611,2024-07-02,C0028,store,completed
O03274,2024-07-02,C0162,store,completed
O03870,2024-07-02,C0106,store,completed
O03991,2024-07-02,C0165,web,completed
O05185,2024-07-02,C0168,store,completed
O05268,2024-07-02,C0156,web,completed
O05873,2024-07-02,C0087,web,completed
O00306,2024-07-03,C0095,web,completed
O00944,2024-07-03,C0041,store,completed
O01735,2024-07-03,C0149,web,completed
O01867,2024-07-03,C0053,web,completed
O03398,2024-07-03,C0160,phone,completed
O05680,2024-07-03,C0043,web,completed
O00813,2024-07-04,C0064,web,completed
O01132,2024-07-04,C0054,store,completed
O01216,2024-07-04,C0069,web,completed
O02077,2024-07-04,C0001,web,completed
O02298,2024-07-04,C0032,phone,completed
O03247,2024-07-04,C0108,phone,completed
O03522,2024-07-04,C0036,store,completed
O04239,2024-07-04,C0112,web,completed
O04892,2024-07-04,C0021,web,cancelled
O05850,2024-07-04,C0101,web,completed
O00373,2024-07-05,C0119,web,completed
O00584,2024-07-05,C0114,web,completed
O00731,2024-07-05,C0085,store,completed
O01823,2024-07-05,C0169,phone,completed
O02353,2024-07-05,C0047,store,completed
O02617,2024-07-05,C0075,store,completed
O04588,2024-07-05,C0176,web,completed
O05852,2024-07-05,C0176,web,completed
O00294,2024-07-06,C0007,web,completed
O01496,2024-07-06,C0009,web,completed
O02315,2024-07-06,C0011,web,completed
O05485,2024-07-06,C0153,store,completed
O05763,2024-07-06,C0032,web,cancelled
O01309,2024-07-07,C0025,web,completed
O03032,2024-07-07,C0045,web,completed
O03148,2024-07-07,C0130,store,completed
O04414,2024-07-07,C0148,store,completed
O05495,2024-07-07,C0022,web,completed
O05507,2024-07-07,C0050,web,completed
O03009,2024-07-08,C0041,store,completed
O03808,2024-07-08,C0136,web,completed
O04095,2024-07-08,C0107,phone,completed
O04282,2024-07-08,C0179,web,completed
O05132,2024-07-08,C0013,phone,completed
O00472,2024-07-09,C0011,web,completed
O00475,2024-07-09,C0162,web,completed
O00732,2024-07-09,C0168,web,completed
O01900,2024-07-09,C0077,web,completed
O02748,2024-07-09,C0179,phone,completed
O03772,2024-07-09,C0071,web,completed
O04944,2024-07-09,C0102,web,completed
O04946,2024-07-09,C0136,phone,completed
O00939,2024-07-10,C0008,phone,completed
O01518,2024-07-10,C0134,web,completed
O02087,2024-07-10,C0160,phone,completed
O02932,2024-07-10,C0130,web,completed
O04757,2024-07-10,C0119,phone,completed
O05022,2024-07-10,C0016,phone,completed
O01026,2024-07-11,C0040,store,completed
O01759,2024-07-11,C0005,web,completed
O02312,2024-07-11,C0043,web,completed
O02677,2024-07-11,C0164,store,completed
O03601,2024-07-11,C0090,store,completed
O04541,2024-07-11,C0023,web,completed
O04610,2024-07-11,C0096,store,pending
O00011,2024-07-12,C0001,web,pending
O00531,2024-07-12,C0084,web,completed
O00773,2024-07-12,C0016,web,completed
O01205,2024-07-12,C0094,store,completed
O01853,2024-07-12,C0077,web,completed
O02722,2024-07-12,C0138,store,completed
O03428,2024-07-12,C0104,web,completed
O03586,2024-07-12,C0044,web,completed
O04026,2024-07-12,C0114,web,completed
O04169,2024-07-12,C0176,store,completed
O04308,2024-07-12,C0056,web,completed
O04627,2024-07-12,C0063,web,completed
O04809,2024-07-12,C0040,store,completed
O04949,2024-07-12,C0007,web,completed
O05028,2024-07-12,C0159,web,pending
O05340,2024-07-12,C0079,web,completed
O05829,2024-07-12,C0081,store,completed
O01789,2024-07-13,C0111,store,completed
O03147,2024-07-13,C0011,store,completed
O03264,2024-07-13,C0169,web,completed
O03388,2024-07-13,C0168,web,completed
O04701,2024-07-13,C0002,store,completed
O04896,2024-07-13,C0011,store,completed
O01405,2024-07-14,C0127,web,completed
O01932,2024-07-14,C0110,web,completed
O02043,2024-07-14,C0135,store,pending
O02085,2024-07-14,C0038,web,completed
O02225,2024-07-14,C0076,web,cancelled
O02405,2024-07-14,C0017,store,completed
O02535,2024-07-14,C0020,web,completed
O02963,2024-07-14,C0174,phone,cancelled
O03999,2024-07-14,C0085,web,completed
O04172,2024-07-14,C0035,web,completed
O04857,2024-07-14,C0084,web,completed
O05453,2024-07-14,C0119,web,completed
O00413,2024-07-15,C0051,web,completed
O01837,2024-07-15,C0061,store,completed
O02774,2024-07-15,C0175,web,completed
O03688,2024-07-15,C0155,web,completed
O04006,2024-07-15,C0114,store,completed
O04043,2024-07-15,C0138,store,completed
O00422,2024-07-16,C0168,phone,completed
O01904,2024-07-16,C0179,web,completed
O02019,2024-07-16,C0073,web,completed
O02763,2024-07-16,C0065,web,completed
O02807,2024-07-16,C0053,web,completed
O02827,2024-07-16,C0071,web,pending
O02968,2024-07-16,C0006,phone,completed
O03768,2024-07-16,C0158,web,completed
O04191,2024-07-16,C0133,store,completed
O04934,2024-07-16,C0084,web,completed
O05385,2024-07-16,C0062,web,completed
O00789,2024-07-17,C0149,web,completed
O02052,2024-07-17,C0126,web,completed
O02083,2024-07-17,C0108,web,completed
O02790,2024-07-17,C0082,web,completed
O03532,2024-07-17,C0173,web,completed
O03809,2024-07-17,C0094,web,completed
O04214,2024-07-17,C0097,web,completed
O05054,2024-07-17,C0028,web,completed
O05813,2024-07-17,C0121,web,completed
O05872,2024-07-17,C0166,web,completed
O00635,2024-07-18,C0028,web,completed
O00957,2024-07-18,C0045,store,completed
O01008,2024-07-18,C0038,web,completed
O01009,2024-07-18,C0004,web,completed
O01921,2024-07-18,C0161,web,cancelled
O02887,2024-07-18,C0094,web,completed
O05198,2024-07-18,C0116,store,completed
O05573,2024-07-18,C0166,store,completed
O00513,2024-07-19,C0032,store,completed
O00827,2024-07-19,C0102,web,completed
O02691,2024-07-19,C0071,web,completed
O04443,2024-07-19,C0139,web,completed
O04848,2024-07-19,C0110,web,completed
O00292,2024-07-20,C0025,phone,completed
O00504,2024-07-20,C0053,phone,completed
O00783,2024-07-20,C0098,web,completed
O00826,2024-07-20,C0145,web,completed
O01752,2024-07-20,C0004,phone,completed
O01815,2024-07-20,C0102,web,completed
O02715,2024-07-20,C0002,web,completed
O02759,2024-07-20,C0151,phone,completed
O04782,2024-07-20,C0144,web,completed
O05242,2024-07-20,C0132,web,completed
O05294,2024-07-20,C0079,web,pending
O00676,2024-07-21,C0045,web,completed
O01283,2024-07-21,C0153,web,completed
O01605,2024-07-21,C0106,web,completed
O02279,2024-07-21,C0073,store,completed
O02415,2024-07-21,C0171,web,completed
O03540,2024-07-21,C0129,web,pending
O03742,2024-07-21,C0179,web,completed
O03804,2024-07-21,C0021,store,completed
O03897,2024-07-21,C0045,web,completed
O04827,2024-07-21,C0036,web,completed
O04833,2024-07-21,C0034,store,completed
O05277,2024-07-21,C0005,store,completed
O05295,2024-07-21,C0045,web,completed
O05910,2024-07-21,C0057,web,cancelled
O00714,2024-07-22,C0128,phone,completed
O02001,2024-07-22,C0069,web,completed
O03146,2024-07-22,C0102,store,completed
O03338,2024-07-22,C0147,web,cancelled
O04963,2024-07-22,C0125,phone,completed
O01624,2024-07-23,C0033,store,completed
O03034,2024-07-23,C0064,web,completed
O03077,2024-07-23,C0033,web,completed
O05026,2024-07-23,C0163,store,completed
O05246,2024-07-23,C0111,web,completed
O00074,2024-07-24,C0051,web,completed
O00126,2024-07-24,C0013,web,completed
O00742,2024-07-24,C0135,web,completed
O00925,2024-07-24,C0062,web,completed
O01158,2024-07-24,C0027,web,completed
O01179,2024-07-24,C0001,web,cancelled
O02395,2024-07-24,C0125,store,completed
O02553,2024-07-24,C0076,store,cancelled
O04667,2024-07-24,C0166,web,completed
O05091,2024-07-24,C0130,web,pending
O00410,2024-07-25,C0026,web,completed
O02578,2024-07-25,C0096,web,cancelled
O03237,2024-07-25,C0179,web,completed
O03806,2024-07-25,C0027,web,completed
O04852,2024-07-25,C0102,web,completed
O05430,2024-07-25,C0059,web,completed
O00881,2024-07-26,C0155,web,completed
O00901,2024-07-26,C0080,store,completed
O00973,2024-07-26,C0054,web,completed
O01281,2024-07-26,C0039,phone,completed
O01883,2024-07-26,C0021,web,completed
O02226,2024-07-26,C0097,store,completed
O02257,2024-07-26,C0021,web,completed
O04244,2024-07-26,C0148,web,completed
O04285,2024-07-26,C0170,web,completed
O05083,2024-07-26,C0145,phone,completed
O00526,2024-07-27,C0144,web,completed
O01019,2024-07-27,C0053,web,completed
O01512,2024-07-27,C0115,web,completed
O02383,2024-07-27,C0034,web,completed
O03718,2024-07-27,C0108,web,completed
O03777,2024-07-27,C0055,web,completed
O04866,2024-07-27,C0060,phone,completed
O00073,2024-07-28,C0116,web,pending
O00622,2024-07-28,C0156,web,completed
O04229,2024-07-28,C0122,web,completed
O04513,2024-07-28,C0111,store,completed
O05161,2024-07-28,C0015,store,cancelled
O05356,2024-07-28,C0030,web,completed
O05668,2024-07-28,C0161,web,pending
O00144,2024-07-29,C0076,store,completed
O01695,2024-07-29,C0117,store,completed
O01809,2024-07-29,C0027,store,completed
O04339,2024-07-29,C0045,web,completed
O00081,2024-07-30,C0161,store,pending
O00492,2024-07-30,C0106,phone,completed
O02327,2024-07-30,C0063,web,completed
O03005,2024-07-30,C0007,web,completed
O03997,2024-07-30,C0109,web,completed
O05905,2024-07-30,C0003,phone,completed
O00001,2024-07-31,C0046,phone,completed
O00107,2024-07-31,C0155,web,completed
O01959,2024-07-31,C0094,web,completed
O02061,2024-07-31,C0065,web,completed
O02648,2024-07-31,C0089,store,completed
O04104,2024-07-31,C0150,web,completed
O05363,2024-07-31,C0071,web,completed
O01366,2024-08-01,C0100,web,completed
O02115,2024-08-01,C0172,store,completed
O02249,2024-08-01,C0035,web,completed
O02360,2024-08-01,C0044,store,completed
O02734,2024-08-01,C0113,web,completed
O02923,2024-08-01,C0122,store,completed
O03125,2024-08-01,C0008,web,completed
O05440,2024-08-01,C0094,store,cancelled
O05728,2024-08-01,C0168,web,completed
O00929,2024-08-02,C0176,store,completed
O01594,2024-08-02,C0027,phone,completed
O02002,2024-08-02,C0011,store,completed
O02114,2024-08-02,C0118,web,completed
O02546,2024-08-02,C0149,phone,completed
O02740,2024-08-02,C0084,phone,completed
O02841,2024-08-02,C0142,web,completed
O04329,2024-08-02,C0119,web,completed
O05235,2024-08-02,C0102,web,pending
O00817,2024-08-03,C0117,web,completed
O01931,2024-08-03,C0126,web,completed
O02754,2024-08-03,C0008,web,completed
O02920,2024-08-03,C0043,store,completed
O03199,2024-08-03,C0131,store,completed
O03304,2024-08-03,C0178,store,completed
O03793,2024-08-03,C0153,store,completed
O00536,2024-08-04,C0138,phone,completed
O00564,2024-08-04,C0061,web,completed
O00823,2024-08-04,C0063,store,completed
O00893,2024-08-04,C0169,phone,completed
O01526,2024-08-04,C0168,web,completed
O01550,2024-08-04,C0148,phone,completed
O02557,2024-08-04,C0020,store,cancelled
O04380,2024-08-04,C0102,web,cancelled
O05343,2024-08-04,C0113,web,completed
O05520,2024-08-04,C0114,web,completed
O00320,2024-08-05,C0039,web,completed
O00967,2024-08-05,C0051,web,completed
O01103,2024-08-05,C0098,web,completed
O01533,2024-08-05,C0047,store,completed
O01731,2024-08-05,C0070,web,completed
O02543,2024-08-05,C0035,store,completed
O02693,2024-08-05,C0159,phone,completed
O04438,2024-08-05,C0104,phone,completed
O04801,2024-08-05,C0083,store,completed
O05457,2024-08-05,C0043,web,completed
O00275,2024-08-06,C0122,store,completed
O01174,2024-08-06,C0124,web,completed
O01546,2024-08-06,C0085,web,cancelled
O02199,2024-08-06,C0099,web,completed
O02560,2024-08-06,C0161,store,completed
O02674,2024-08-06,C0074,web,completed
O03542,2024-08-06,C0032,web,completed
O04188,2024-08-06,C0018,web,completed
O04190,2024-08-06,C0141,web,completed
O04466,2024-08-06,C0089,web,completed
O00213,2024-08-07,C0099,web,completed
O00524,2024-08-07,C0005,web,completed
O00613,2024-08-07,C0036,store,completed
O00645,2024-08-07,C0045,web,completed
O00697,2024-08-07,C0168,web,completed
O01540,2024-08-07,C0059,store,completed
O02306,2024-08-07,C0106,web,completed
O02602,2024-08-07,C0001,store,completed
O02626,2024-08-07,C0038,web,completed
O05933,2024-08-07,C0117,web,completed
O00152,2024-08-08,C0123,web,completed
O00631,2024-08-08,C0111,web,completed
O00824,2024-08-08,C0086,phone,completed
O02667,2024-08-08,C0156,web,completed
O03660,2024-08-08,C0063,web,completed
O03867,2024-08-08,C0141,web,completed
O04287,2024-08-08,C0154,web,completed
O04299,2024-08-08,C0100,phone,completed
O05201,2024-08-08,C0180,web,completed
O00437,2024-08-09,C0130,web,completed
O00470,2024-08-09,C0106,web,cancelled
O00611,2024-08-09,C0160,store,completed
O01794,2024-08-09,C0168,store,completed
O02137,2024-08-09,C0030,store,completed
O02453,2024-08-09,C0100,web,completed
O02876,2024-08-09,C0110,web,completed
O03106,2024-08-09,C0119,web,pending
O03222,2024-08-09,C0112,web,completed
O03949,2024-08-09,C0170,web,completed
O05170,2024-08-09,C0093,web,completed
O00089,2024-08-10,C0004,web,completed
O01944,2024-08-10,C0002,store,completed
O03637,2024-08-10,C0108,store,completed
O04035,2024-08-10,C0058,store,completed
O04077,2024-08-10,C0137,web,completed
O00414,2024-08-11,C0068,store,completed
O00539,2024-08-11,C0108,phone,completed
O02523,2024-08-11,C0113,web,completed
O03166,2024-08-11,C0025,store,completed
O03578,2024-08-11,C0180,web,completed
O04121,2024-08-11,C0127,web,completed
O04908,2024-08-11,C0173,web,pending
O00482,2024-08-12,C0035,store,completed
O00490,2024-08-12,C0113,web,completed
O01148,2024-08-12,C0003,web,completed
O02094,2024-08-12,C0074,web,completed
O02124,2024-08-12,C0109,web,completed
O02462,2024-08-12,C0041,web,completed
O02530,2024-08-12,C0137,web,completed
O03059,2024-08-12,C0123,web,completed
O04710,2024-08-12,C0019,web,completed
O05749,2024-08-12,C0153,phone,completed
O00303,2024-08-13,C0091,web,completed
O00357,2024-08-13,C0075,store,completed
O00650,2024-08-13,C0025,web,completed
O00702,2024-08-13,C0060,web,completed
O01227,2024-08-13,C0009,store,completed
O01419,2024-08-13,C0111,web,completed
O01763,2024-08-13,C0088,web,completed
O02245,2024-08-13,C0011,store,completed
O03249,2024-08-13,C0162,web,cancelled
O05391,2024-08-13,C0158,store,pending
O00808,2024-08-14,C0167,phone,completed
O02217,2024-08-14,C0108,phone,completed
O02363,2024-08-14,C0004,web,completed
O02411,2024-08-14,C0174,store,completed
O03030,2024-08-14,C0142,web,cancelled
O03472,2024-08-14,C0107,web,completed
O04645,2024-08-14,C0166,web,completed
O04903,2024-08-14,C0022,web,completed
O05093,2024-08-14,C0162,store,completed
O00612,2024-08-15,C0140,web,completed
O01785,2024-08-15,C0131,web,completed
O02354,2024-08-15,C0059,store,completed
O02435,2024-08-15,C0014,web,completed
O03524,2024-08-15,C0175,web,completed
O03564,2024-08-15,C0137,web,completed
O04471,2024-08-15,C0011,store,completed
O05557,2024-08-15,C0103,web,completed
O05629,2024-08-15,C0039,web,completed
O05702,2024-08-15,C0001,web,completed
O00508,2024-08-16,C0137,web,completed
O01865,2024-08-16,C0176,store,completed
O02777,2024-08-16,C0147,web,pending
O03350,2024-08-16,C0095,web,completed
O03819,2024-08-16,C0166,phone,completed
O03845,2024-08-16,C0034,web,completed
O03941,2024-08-16,C0133,phone,completed
O04318,2024-08-16,C0076,web,completed
O04402,2024-08-16,C0127,phone,completed
O05258,2024-08-16,C0112,store,cancelled
O05325,2024-08-16,C0062,store,completed
O05531,2024-08-16,C0085,web,completed
O05753,2024-08-16,C0098,web,completed
O00669,2024-08-17,C0039,store,completed
O01109,2024-08-17,C0164,web,completed
O02974,2024-08-17,C0040,web,completed
O03479,2024-08-17,C0029,web,completed
O03869,2024-08-17,C0102,web,completed
O04288,2024-08-17,C0134,web,completed
O04384,2024-08-17,C0106,store,completed
O01111,2024-08-18,C0058,store,completed
O02454,2024-08-18,C0059,web,completed
O04334,2024-08-18,C0107,web,pending
O05411,2024-08-18,C0011,web,pending
O00102,2024-08-19,C0152,phone,completed
O01342,2024-08-19,C0084,store,completed
O01507,2024-08-19,C0048,web,completed
O01552,2024-08-19,C0077,store,completed
O01757,2024-08-19,C0048,web,completed
O01885,2024-08-19,C0020,phone,completed
O02093,2024-08-19,C0155,web,completed
O04258,2024-08-19,C0142,web,cancelled
O04632,2024-08-19,C0083,phone,completed
O05148,2024-08-19,C0094,web,completed
O05870,2024-08-19,C0056,store,completed
O05993,2024-08-19,C0088,web,completed
O01406,2024-08-20,C0041,web,completed
O01880,2024-08-20,C0037,store,completed
O02008,2024-08-20,C0120,web,completed
O02606,2024-08-20,C0140,store,completed
O03676,2024-08-20,C0122,web,completed
O05685,2024-08-20,C0094,web,completed
O01163,2024-08-21,C0077,store,completed
O01479,2024-08-21,C0073,web,completed
O02394,2024-08-21,C0170,web,completed
O03605,2024-08-21,C0163,store,completed
O05770,2024-08-21,C0160,web,completed
O00844,2024-08-22,C0013,phone,cancelled
O01645,2024-08-22,C0177,store,completed
O01983,2024-08-22,C0007,web,completed
O02015,2024-08-22,C0089,web,completed
O02179,2024-08-22,C0057,web,completed
O02694,2024-08-22,C0038,web,completed
O02976,2024-08-22,C0023,store,cancelled
O03119,2024-08-22,C0101,web,completed
O05036,2024-08-22,C0111,phone,completed
O05513,2024-08-22,C0130,web,completed
O01183,2024-08-23,C0011,store,completed
O01367,2024-08-23,C0070,web,completed
O01371,2024-08-23,C0041,web,completed
O01456,2024-08-23,C0151,store,completed
O01705,2024-08-23,C0094,store,completed
O04781,2024-08-23,C0050,web,completed
O05477,2024-08-23,C0158,store,completed
O00416,2024-08-24,C0071,store,completed
O00596,2024-08-24,C0072,web,completed
O01185,2024-08-24,C0013,web,completed
O03225,2024-08-24,C0143,web,completed
O04210,2024-08-24,C0110,web,completed
O04449,2024-08-24,C0116,phone,completed
O05554,2024-08-24,C0158,web,completed
O00088,2024-08-25,C0121,store,completed
O00384,2024-08-25,C0080,web,completed
O00420,2024-08-25,C0005,web,completed
O00521,2024-08-25,C0031,web,completed
O00727,2024-08-25,C0045,phone,completed
O02735,2024-08-25,C0115,store,completed
O03711,2024-08-25,C0161,store,cancelled
O03823,2024-08-25,C0095,store,completed
O03888,2024-08-25,C0116,web,completed
O04957,2024-08-25,C0109,web,completed
O05284,2024-08-25,C0005,web,completed
O00481,2024-08-26,C0064,web,completed
O01416,2024-08-26,C0110,web,completed
O02659,2024-08-26,C0025,web,completed
O03317,2024-08-26,C0140,store,completed
O04603,2024-08-26,C0132,web,completed
O05285,2024-08-26,C0004,web,completed
O05390,2024-08-26,C0069,web,completed
O00132,2024-08-27,C0136,web,completed
O00248,2024-08-27,C0096,store,completed
O00342,2024-08-27,C0125,store,completed
O02090,2024-08-27,C0059,web,completed
O03115,2024-08-27,C0017,web,completed
O03780,2024-08-27,C0130,web,completed
O04735,2024-08-27,C0168,web,completed
O04891,2024-08-27,C0060,store,completed
O00060,2024-08-28,C0094,web,completed
O02689,2024-08-28,C0141,web,completed
O03090,2024-08-28,C0078,phone,completed
O03527,2024-08-28,C0037,web,completed
O04761,2024-08-28,C0053,phone,completed
O04816,2024-08-28,C0057,web,completed
O04901,2024-08-28,C0018,web,completed
O00566,2024-08-29,C0010,web,completed
O00587,2024-08-29,C0003,web,completed
O01125,2024-08-29,C0079,web,completed
O01648,2024-08-29,C0012,web,completed
O03275,2024-08-29,C0158,store,completed
O03362,2024-08-29,C0038,web,completed
O04281,2024-08-29,C0110,web,completed
O04744,2024-08-29,C0080,web,completed
O05320,2024-08-29,C0174,store,completed
O05376,2024-08-29,C0036,web,completed
O00037,2024-08-30,C0030,store,completed
O01452,2024-08-30,C0086,store,completed
O01895,2024-08-30,C0129,web,completed
O01905,2024-08-30,C0153,web,completed
O02531,2024-08-30,C0076,web,completed
O03403,2024-08-30,C0022,phone,completed
O03875,2024-08-30,C0118,web,cancelled
O04613,2024-08-30,C0065,store,completed
O05097,2024-08-30,C0051,web,completed
O05938,2024-08-30,C0056,web,completed
O01207,2024-08-31,C0029,store,completed
O02194,2024-08-31,C0119,web,completed
O02417,2024-08-31,C0174,web,completed
O02618,2024-08-31,C0094,web,completed
O04298,2024-08-31,C0167,web,completed
O04676,2024-08-31,C0132,web,completed
O05067,2024-08-31,C0014,phone,completed
O05127,2024-08-31,C0164,phone,completed
O05730,2024-08-31,C0100,web,completed
O00853,2024-09-01,C0095,store,completed
O01058,2024-09-01,C0173,phone,completed
O01107,2024-09-01,C0124,phone,completed
O04268,2024-09-01,C0050,store,completed
O04659,2024-09-01,C0167,store,completed
O04729,2024-09-01,C0097,store,completed
O05103,2024-09-01,C0057,web,completed
O05400,2024-09-01,C0135,phone,cancelled
O00537,2024-09-02,C0135,web,completed
O02591,2024-09-02,C0110,web,completed
O02709,2024-09-02,C0171,web,completed
O02870,2024-09-02,C0148,web,completed
O02987,2024-09-02,C0112,store,completed
O03466,2024-09-02,C0092,web,completed
O04497,2024-09-02,C0114,web,completed
O00791,2024-09-03,C0001,web,completed
O05003,2024-09-03,C0180,web,completed
O05866,2024-09-03,C0098,store,completed
O00036,2024-09-04,C0068,web,completed
O00128,2024-09-04,C0118,store,completed
O01061,2024-09-04,C0057,web,completed
O01676,2024-09-04,C0131,store,completed
O03705,2024-09-04,C0108,store,completed
O00151,2024-09-05,C0039,web,completed
O00255,2024-09-05,C0065,web,completed
O00322,2024-09-05,C0173,store,completed
O00623,2024-09-05,C0132,store,completed
O00907,2024-09-05,C0071,store,completed
O00963,2024-09-05,C0039,web,completed
O01302,2024-09-05,C0133,phone,completed
O01914,2024-09-05,C0055,phone,completed
O01948,2024-09-05,C0050,web,completed
O02224,2024-09-05,C0089,web,completed
O02231,2024-09-05,C0032,store,completed
O02536,2024-09-05,C0070,phone,completed
O02571,2024-09-05,C0038,phone,completed
O02936,2024-09-05,C0154,web,completed
O03833,2024-09-05,C0170,store,completed
O04193,2024-09-05,C0039,web,completed
O04451,2024-09-05,C0156,phone,completed
O05234,2024-09-05,C0066,store,completed
O00450,2024-09-06,C0060,web,completed
O00921,2024-09-06,C0160,web,completed
O01090,2024-09-06,C0048,web,completed
O01454,2024-09-06,C0152,web,completed
O01469,2024-09-06,C0010,store,completed
O02576,2024-09-06,C0051,web,completed
O03636,2024-09-06,C0152,web,completed
O03725,2024-09-06,C0015,phone,completed
O05153,2024-09-06,C0152,web,completed
O00026,2024-09-07,C0085,store,completed
O00156,2024-09-07,C0048,web,completed
O00256,2024-09-07,C0071,web,completed
O00538,2024-09-07,C0137,web,completed
O01396,2024-09-07,C0002,web,completed
O01662,2024-09-07,C0168,web,completed
O02290,2024-09-07,C0070,web,completed
O03111,2024-09-07,C0068,web,completed
O03214,2024-09-07,C0131,web,completed
O03458,2024-09-07,C0027,web,completed
O03673,2024-09-07,C0089,web,completed
O04000,2024-09-07,C0003,web,completed
O05718,2024-09-07,C0074,web,cancelled
O00155,2024-09-08,C0065,web,completed
O02455,2024-09-08,C0052,web,completed
O03039,2024-09-08,C0098,store,completed
O03964,2024-09-08,C0161,web,cancelled
O04204,2024-09-08,C0180,store,completed
O05160,2024-09-08,C0016,store,completed
O01133,2024-09-09,C0111,phone,completed
O01259,2024-09-09,C0046,store,completed
O01641,2024-09-09,C0149,web,completed
O02165,2024-09-09,C0004,web,completed
O02873,2024-09-09,C0102,store,completed
O03137,2024-09-09,C0044,web,cancelled
O03965,2024-09-09,C0026,web,completed
O04437,2024-09-09,C0090,web,completed
O05564,2024-09-09,C0039,phone,completed
O05638,2024-09-09,C0004,phone,completed
O01314,2024-09-10,C0027,web,completed
O03243,2024-09-10,C0106,web,completed
O03499,2024-09-10,C0012,web,completed
O04053,2024-09-10,C0059,web,completed
O05880,2024-09-10,C0124,store,completed
O00145,2024-09-11,C0102,web,completed
O00546,2024-09-11,C0020,web,completed
O00895,2024-09-11,C0002,web,completed
O02299,2024-09-11,C0085,web,completed
O02686,2024-09-11,C0015,web,completed
O03690,2024-09-11,C0093,web,completed
O04302,2024-09-11,C0130,web,completed
O04870,2024-09-11,C0039,web,completed
O05254,2024-09-11,C0020,phone,completed
O05798,2024-09-11,C0136,phone,completed
O01289,2024-09-12,C0050,phone,completed
O02593,2024-09-12,C0122,store,completed
O03027,2024-09-12,C0094,web,completed
O03079,2024-09-12,C0169,web,completed
O03748,2024-09-12,C0081,web,completed
O04418,2024-09-12,C0125,web,completed
O04542,2024-09-12,C0133,phone,completed
O05957,2024-09-12,C0026,web,completed
O00452,2024-09-13,C0168,web,completed
O00581,2024-09-13,C0030,web,completed
O00615,2024-09-13,C0042,phone,completed
O00748,2024-09-13,C0134,web,completed
O01337,2024-09-13,C0025,store,completed
O02097,2024-09-13,C0077,store,completed
O03503,2024-09-13,C0174,phone,completed
O04357,2024-09-13,C0158,web,completed
O04830,2024-09-13,C0020,web,completed
O02128,2024-09-14,C0081,web,completed
O03047,2024-09-14,C0020,store,completed
O03417,2024-09-14,C0089,phone,completed
O03455,2024-09-14,C0130,web,completed
O05471,2024-09-14,C0116,web,completed
O05521,2024-09-14,C0103,web,completed
O05794,2024-09-14,C0073,store,completed
O00686,2024-09-15,C0116,web,completed
O02376,2024-09-15,C0034,web,completed
O02871,2024-09-15,C0114,store,completed
O04822,2024-09-15,C0173,store,cancelled
O04917,2024-09-15,C0092,web,cancelled
O05033,2024-09-15,C0162,phone,completed
O05220,2024-09-15,C0166,web,completed
O00046,2024-09-16,C0172,web,completed
O02144,2024-09-16,C0113,web,completed
O02562,2024-09-16,C0152,store,completed
O03373,2024-09-16,C0054,store,completed
O03863,2024-09-16,C0167,web,completed
O04363,2024-09-16,C0111,store,completed
O04651,2024-09-16,C0135,web,completed
O01579,2024-09-17,C0020,phone,completed
O01915,2024-09-17,C0009,web,completed
O02208,2024-09-17,C0046,web,completed
O03074,2024-09-17,C0087,store,completed
O04245,2024-09-17,C0136,web,completed
O04536,2024-09-17,C0116,web,completed
O05031,2024-09-17,C0042,phone,completed
O05190,2024-09-17,C0149,phone,completed
O05195,2024-09-17,C0160,web,completed
O01021,2024-09-18,C0123,web,completed
O02868,2024-09-18,C0076,web,cancelled
O05570,2024-09-18,C0046,web,completed
O05878,2024-09-18,C0113,phone,completed
O05884,2024-09-18,C0092,web,completed
O00024,2024-09-19,C0174,web,completed
O00062,2024-09-19,C0023,phone,completed
O02189,2024-09-19,C0057,web,completed
O02545,2024-09-19,C0115,web,completed
O03496,2024-09-19,C0025,web,completed
O04017,2024-09-19,C0134,web,completed
O04263,2024-09-19,C0076,web,completed
O05778,2024-09-19,C0170,store,completed
O02133,2024-09-20,C0021,phone,cancelled
O02513,2024-09-20,C0166,store,completed
O02751,2024-09-20,C0061,phone,completed
O03470,2024-09-20,C0091,web,completed
O04147,2024-09-20,C0111,web,completed
O00083,2024-09-21,C0171,web,completed
O00212,2024-09-21,C0170,web,completed
O01230,2024-09-21,C0119,phone,completed
O01384,2024-09-21,C0052,store,completed
O01993,2024-09-21,C0144,store,completed
O02243,2024-09-21,C0174,store,completed
O02444,2024-09-21,C0109,web,completed
O03817,2024-09-21,C0158,web,completed
O04481,2024-09-21,C0077,web,completed
O04628,2024-09-21,C0086,store,completed
O04751,2024-09-21,C0160,web,completed
O05882,2024-09-21,C0070,store,completed
O00106,2024-09-22,C0074,web,completed
O01667,2024-09-22,C0131,web,pending
O02370,2024-09-22,C0040,store,completed
O02574,2024-09-22,C0002,web,completed
O03394,2024-09-22,C0178,web,completed
O04712,2024-09-22,C0073,web,completed
O04760,2024-09-22,C0148,store,completed
O05136,2024-09-22,C0025,web,completed
O05241,2024-09-22,C0152,web,completed
O05835,2024-09-22,C0170,web,completed
O05956,2024-09-22,C0071,web,completed
O00223,2024-09-23,C0165,web,completed
O00260,2024-09-23,C0090,web,completed
O01322,2024-09-23,C0052,web,completed
O01666,2024-09-23,C0007,store,completed
O02347,2024-09-23,C0176,web,completed
O03429,2024-09-23,C0040,web,completed
O04662,2024-09-23,C0041,web,completed
O04928,2024-09-23,C0163,web,completed
O00423,2024-09-24,C0081,web,completed
O02234,2024-09-24,C0164,web,completed
O02884,2024-09-24,C0151,web,completed
O04487,2024-09-24,C0115,web,completed
O01016,2024-09-25,C0099,web,completed
O01677,2024-09-25,C0012,store,completed
O02242,2024-09-25,C0080,web,completed
O03623,2024-09-25,C0105,web,completed
O05711,2024-09-25,C0136,store,completed
O00202,2024-09-26,C0179,phone,completed
O01233,2024-09-26,C0097,web,completed
O04199,2024-09-26,C0169,phone,completed
O05404,2024-09-26,C0131,web,completed
O05861,2024-09-26,C0109,web,completed
O00172,2024-09-27,C0058,web,completed
O00599,2024-09-27,C0099,web,completed
O00970,2024-09-27,C0172,web,completed
O00998,2024-09-27,C0174,store,completed
O01358,2024-09-27,C0132,store,completed
O02432,2024-09-27,C0081,phone,completed
O02520,2024-09-27,C0020,web,completed
O04344,2024-09-27,C0174,web,completed
O05646,2024-09-27,C0122,web,completed
O00142,2024-09-28,C0128,web,completed
O00323,2024-09-28,C0134,web,completed
O02016,2024-09-28,C0101,web,completed
O03200,2024-09-28,C0046,web,completed
O04509,2024-09-28,C0168,web,completed
O05484,2024-09-28,C0143,web,completed
O00436,2024-09-29,C0048,web,completed
O00864,2024-09-29,C0080,store,completed
O04811,2024-09-29,C0136,web,completed
O05236,2024-09-29,C0171,web,pending
O00245,2024-09-30,C0113,store,completed
O00465,2024-09-30,C0091,web,completed
O00855,2024-09-30,C0029,web,completed
O01023,2024-09-30,C0132,store,completed
O02154,2024-09-30,C0153,web,completed
O03369,2024-09-30,C0162,web,completed
O04265,2024-09-30,C0173,store,completed
O05287,2024-09-30,C0027,web,completed
O00899,2024-10-01,C0100,web,completed
O01722,2024-10-01,C0147,web,completed
O02798,2024-10-01,C0122,web,completed
O03762,2024-10-01,C0143,web,completed
O04120,2024-10-01,C0038,web,completed
O04320,2024-10-01,C0067,phone,completed
O04636,2024-10-01,C0166,web,completed
O04941,2024-10-01,C0051,web,completed
O05163,2024-10-01,C0120,web,completed
O05854,2024-10-01,C0088,web,completed
O01431,2024-10-02,C0053,web,completed
O01586,2024-10-02,C0136,web,completed
O02393,2024-10-02,C0065,web,completed
O02569,2024-10-02,C0140,store,cancelled
O03101,2024-10-02,C0093,web,completed
O03621,2024-10-02,C0132,web,completed
O04060,2024-10-02,C0074,phone,completed
O04297,2024-10-02,C0113,store,completed
O04356,2024-10-02,C0022,store,completed
O05885,2024-10-02,C0098,web,completed
O00917,2024-10-03,C0151,web,completed
O03723,2024-10-03,C0026,web,completed
O04682,2024-10-03,C0164,web,completed
O05212,2024-10-03,C0171,web,completed
O05222,2024-10-03,C0149,web,completed
O00065,2024-10-04,C0022,phone,completed
O00169,2024-10-04,C0167,phone,completed
O01511,2024-10-04,C0077,web,completed
O01942,2024-10-04,C0029,store,completed
O02529,2024-10-04,C0100,phone,completed
O02628,2024-10-04,C0051,phone,cancelled
O03054,2024-10-04,C0128,phone,completed
O03633,2024-10-04,C0054,phone,completed
O03848,2024-10-04,C0075,web,completed
O05017,2024-10-04,C0130,web,completed
O05311,2024-10-04,C0030,web,completed
O05612,2024-10-04,C0109,web,completed
O00601,2024-10-05,C0005,store,completed
O00688,2024-10-05,C0078,web,completed
O02284,2024-10-05,C0151,web,completed
O03383,2024-10-05,C0101,phone,completed
O03566,2024-10-05,C0005,web,completed
O03947,2024-10-05,C0050,phone,completed
O04580,2024-10-05,C0008,web,completed
O05178,2024-10-05,C0137,store,cancelled
O05849,2024-10-05,C0064,store,completed
O00752,2024-10-06,C0042,phone,completed
O01306,2024-10-06,C0121,web,completed
O01388,2024-10-06,C0010,web,pending
O01774,2024-10-06,C0026,web,completed
O02301,2024-10-06,C0180,store,completed
O02894,2024-10-06,C0176,store,completed
O03620,2024-10-06,C0128,phone,pending
O05150,2024-10-06,C0162,web,completed
O05913,2024-10-06,C0129,phone,completed
O00171,2024-10-07,C0084,store,completed
O00220,2024-10-07,C0093,phone,pending
O01220,2024-10-07,C0043,web,completed
O02678,2024-10-07,C0179,web,cancelled
O03076,2024-10-07,C0029,web,pending
O03591,2024-10-07,C0025,store,completed
O04154,2024-10-07,C0021,web,completed
O04319,2024-10-07,C0151,store,completed
O04434,2024-10-07,C0105,web,completed
O05373,2024-10-07,C0143,phone,cancelled
O05615,2024-10-07,C0147,store,pending
O01634,2024-10-08,C0067,store,completed
O02135,2024-10-08,C0125,web,completed
O02605,2024-10-08,C0157,web,completed
O05525,2024-10-08,C0097,web,completed
O01047,2024-10-09,C0119,web,completed
O02498,2024-10-09,C0029,phone,completed
O02699,2024-10-09,C0005,web,completed
O02758,2024-10-09,C0105,phone,completed
O02877,2024-10-09,C0127,web,completed
O03314,2024-10-09,C0102,web,completed
O04841,2024-10-09,C0023,web,completed
O05720,2024-10-09,C0117,web,completed
O01703,2024-10-10,C0047,web,completed
O02221,2024-10-10,C0159,store,completed
O02534,2024-10-10,C0077,web,completed
O02566,2024-10-10,C0042,store,completed
O02645,2024-10-10,C0142,store,completed
O03324,2024-10-10,C0029,web,completed
O03829,2024-10-10,C0130,web,completed
O03859,2024-10-10,C0039,web,cancelled
O05233,2024-10-10,C0149,web,completed
O00188,2024-10-11,C0146,web,completed
O00204,2024-10-11,C0009,phone,completed
O00638,2024-10-11,C0069,store,pending
O01530,2024-10-11,C0142,store,completed
O02024,2024-10-11,C0172,phone,completed
O02139,2024-10-11,C0144,phone,completed
O04485,2024-10-11,C0144,web,completed
O04505,2024-10-11,C0108,store,completed
O04922,2024-10-11,C0098,store,completed
O05166,2024-10-11,C0023,web,cancelled
O05865,2024-10-11,C0174,web,completed
O00771,2024-10-12,C0158,phone,completed
O00772,2024-10-12,C0174,web,completed
O04706,2024-10-12,C0158,web,completed
O05189,2024-10-12,C0112,web,completed
O05591,2024-10-12,C0070,web,completed
O01297,2024-10-13,C0158,web,completed
O02829,2024-10-13,C0028,store,completed
O05004,2024-10-13,C0142,store,completed
O05072,2024-10-13,C0108,web,completed
O05382,2024-10-13,C0133,store,pending
O05419,2024-10-13,C0064,store,cancelled
O00061,2024-10-14,C0097,web,completed
O03985,2024-10-14,C0044,store,completed
O04810,2024-10-14,C0155,web,completed
O04991,2024-10-14,C0010,store,completed
O00084,2024-10-15,C0073,web,completed
O01798,2024-10-15,C0077,web,completed
O01878,2024-10-15,C0137,web,cancelled
O02160,2024-10-15,C0164,store,completed
O04058,2024-10-15,C0024,web,completed
O04570,2024-10-15,C0147,web,completed
O00540,2024-10-16,C0035,web,completed
O02688,2024-10-16,C0025,web,completed
O02863,2024-10-16,C0127,store,completed
O02997,2024-10-16,C0125,web,completed
O03307,2024-10-16,C0159,store,completed
O03682,2024-10-16,C0118,store,completed
O04790,2024-10-16,C0174,web,cancelled
O00516,2024-10-17,C0178,web,completed
O01152,2024-10-17,C0140,web,completed
O02277,2024-10-17,C0059,store,completed
O03071,2024-10-17,C0053,web,completed
O03235,2024-10-17,C0144,web,completed
O03252,2024-10-17,C0130,web,completed
O00562,2024-10-18,C0107,web,completed
O01433,2024-10-18,C0088,web,completed
O02174,2024-10-18,C0116,web,completed
O02402,2024-10-18,C0176,store,completed
O03728,2024-10-18,C0033,store,completed
O04294,2024-10-18,C0022,web,completed
O04378,2024-10-18,C0003,store,completed
O05733,2024-10-18,C0109,phone,completed
O05864,2024-10-18,C0063,store,completed
O05898,2024-10-18,C0138,store,completed
O02122,2024-10-19,C0018,store,completed
O03404,2024-10-19,C0162,web,completed
O03517,2024-10-19,C0150,phone,completed
O04089,2024-10-19,C0174,store,completed
O04280,2024-10-19,C0179,web,completed
O04562,2024-10-19,C0046,store,completed
O04770,2024-10-19,C0139,web,completed
O05352,2024-10-19,C0149,store,completed
O05934,2024-10-19,C0061,web,completed
O00356,2024-10-20,C0113,web,completed
O00363,2024-10-20,C0168,web,completed
O01495,2024-10-20,C0028,store,completed
O01646,2024-10-20,C0036,store,pending
O02668,2024-10-20,C0029,phone,completed
O02799,2024-10-20,C0163,phone,completed
O03175,2024-10-20,C0110,web,completed
O04559,2024-10-20,C0135,web,completed
O05483,2024-10-20,C0073,web,cancelled
O00486,2024-10-21,C0158,web,completed
O00949,2024-10-21,C0121,web,completed
O01098,2024-10-21,C0117,web,completed
O01318,2024-10-21,C0165,web,completed
O01537,2024-10-21,C0082,phone,completed
O02140,2024-10-21,C0160,store,completed
O02274,2024-10-21,C0108,phone,pending
O03131,2024-10-21,C0091,web,completed
O03254,2024-10-21,C0173,phone,completed
O03378,2024-10-21,C0108,store,completed
O03543,2024-10-21,C0122,web,completed
O04194,2024-10-21,C0017,web,completed
O04503,2024-10-21,C0101,web,completed
O05112,2024-10-21,C0167,web,completed
O05832,2024-10-21,C0069,web,completed
O05936,2024-10-21,C0054,web,completed
O05941,2024-10-21,C0166,web,completed
O00647,2024-10-22,C0003,web,completed
O00995,2024-10-22,C0016,web,completed
O01519,2024-10-22,C0065,store,completed
O02264,2024-10-22,C0176,store,cancelled
O03624,2024-10-22,C0151,web,completed
O03937,2024-10-22,C0091,store,completed
O04436,2024-10-22,C0060,web,completed
O05324,2024-10-22,C0101,web,completed
O05977,2024-10-22,C0161,store,completed
O01327,2024-10-23,C0012,phone,completed
O01344,2024-10-23,C0105,web,completed
O01980,2024-10-23,C0152,web,completed
O02882,2024-10-23,C0037,web,completed
O03001,2024-10-23,C0033,web,completed
O05269,2024-10-23,C0177,web,completed
O05611,2024-10-23,C0007,web,completed
O05911,2024-10-23,C0104,web,pending
O00159,2024-10-24,C0022,store,completed
O01293,2024-10-24,C0159,web,completed
O02304,2024-10-24,C0067,web,completed
O02962,2024-10-24,C0151,web,completed
O03133,2024-10-24,C0017,store,completed
O03983,2024-10-24,C0157,store,completed
O04923,2024-10-24,C0100,web,completed
O04926,2024-10-24,C0104,store,completed
O05549,2024-10-24,C0161,phone,completed
O01077,2024-10-25,C0030,web,completed
O01295,2024-10-25,C0082,web,completed
O01300,2024-10-25,C0024,web,completed
O01896,2024-10-25,C0154,web,completed
O03632,2024-10-25,C0140,web,completed
O03689,2024-10-25,C0082,web,completed
O04126,2024-10-25,C0147,web,completed
O00332,2024-10-26,C0159,web,completed
O00703,2024-10-26,C0005,phone,completed
O01657,2024-10-26,C0175,phone,completed
O02041,2024-10-26,C0065,web,completed
O02269,2024-10-26,C0100,web,completed
O05354,2024-10-26,C0158,web,completed
O05571,2024-10-26,C0133,store,completed
O05747,2024-10-26,C0118,web,completed
O00692,2024-10-27,C0058,store,cancelled
O00980,2024-10-27,C0145,phone,completed
O01249,2024-10-27,C0133,web,completed
O01499,2024-10-27,C0069,store,completed
O01608,2024-10-27,C0013,store,completed
O02786,2024-10-27,C0126,web,completed
O03722,2024-10-27,C0045,web,completed
O05199,2024-10-27,C0117,store,completed
O05328,2024-10-27,C0137,web,completed
O05869,2024-10-27,C0109,web,cancelled
O01138,2024-10-28,C0131,web,completed
O02352,2024-10-28,C0125,web,completed
O03987,2024-10-28,C0062,store,completed
O04889,2024-10-28,C0164,web,completed
O05224,2024-10-28,C0051,store,completed
O05415,2024-10-28,C0009,store,completed
O05432,2024-10-28,C0051,web,completed
O05468,2024-10-28,C0057,store,completed
O05547,2024-10-28,C0009,web,completed
O00077,2024-10-29,C0131,web,completed
O00415,2024-10-29,C0003,web,completed
O00432,2024-10-29,C0154,web,completed
O00825,2024-10-29,C0049,web,completed
O01255,2024-10-29,C0179,web,completed
O01882,2024-10-29,C0141,web,completed
O00153,2024-10-30,C0038,web,completed
O00199,2024-10-30,C0176,web,completed
O00443,2024-10-30,C0129,phone,completed
O02527,2024-10-30,C0162,web,completed
O03908,2024-10-30,C0015,web,completed
O04224,2024-10-30,C0012,web,completed
O05319,2024-10-30,C0071,phone,completed
O01490,2024-10-31,C0037,web,completed
O02335,2024-10-31,C0091,web,completed
O02730,2024-10-31,C0058,phone,completed
O03020,2024-10-31,C0085,store,cancelled
O03127,2024-10-31,C0058,store,completed
O03159,2024-10-31,C0125,web,completed
O03432,2024-10-31,C0059,phone,completed
O03538,2024-10-31,C0082,store,completed
O03649,2024-10-31,C0009,web,completed
O03659,2024-10-31,C0121,store,cancelled
O04803,2024-10-31,C0008,store,completed
O04955,2024-10-31,C0063,web,completed
O05719,2024-10-31,C0042,web,completed
O01002,2024-11-01,C0041,web,cancelled
O02203,2024-11-01,C0099,web,completed
O02539,2024-11-01,C0011,web,completed
O03826,2024-11-01,C0163,store,completed
O03892,2024-11-01,C0128,web,completed
O04185,2024-11-01,C0083,web,completed
O04728,2024-11-01,C0025,web,pending
O05398,2024-11-01,C0175,store,completed
O01680,2024-11-02,C0037,web,completed
O01871,2024-11-02,C0025,web,completed
O01961,2024-11-02,C0060,store,completed
O02510,2024-11-02,C0121,web,pending
O02708,2024-11-02,C0163,store,completed
O03456,2024-11-02,C0123,web,completed
O05179,2024-11-02,C0015,phone,completed
O01156,2024-11-03,C0048,store,completed
O01860,2024-11-03,C0170,web,completed
O02853,2024-11-03,C0076,web,completed
O03217,2024-11-03,C0077,web,completed
O03464,2024-11-03,C0142,web,completed
O05219,2024-11-03,C0031,store,completed
O05562,2024-11-03,C0042,web,completed
O00923,2024-11-04,C0087,phone,completed
O00975,2024-11-04,C0104,store,completed
O01727,2024-11-04,C0121,web,completed
O01808,2024-11-04,C0090,web,completed
O01834,2024-11-04,C0011,store,completed
O02297,2024-11-04,C0114,web,pending
O05063,2024-11-04,C0101,web,completed
O05193,2024-11-04,C0138,web,completed
O05510,2024-11-04,C0173,store,cancelled
O00131,2024-11-05,C0072,store,completed
O01018,2024-11-05,C0112,web,completed
O01063,2024-11-05,C0090,web,completed
O01234,2024-11-05,C0175,web,completed
O01751,2024-11-05,C0067,web,completed
O01765,2024-11-05,C0003,web,completed
O03476,2024-11-05,C0030,web,completed
O01079,2024-11-06,C0102,web,completed
O01082,2024-11-06,C0163,store,cancelled
O01094,2024-11-06,C0145,phone,completed
O01270,2024-11-06,C0165,web,completed
O01305,2024-11-06,C0131,store,completed
O01918,2024-11-06,C0179,store,completed
O01945,2024-11-06,C0092,web,pending
O02641,2024-11-06,C0050,web,completed
O03389,2024-11-06,C0169,phone,cancelled
O05862,2024-11-06,C0107,web,completed
O00996,2024-11-07,C0143,web,completed
O04657,2024-11-07,C0173,store,completed
O05200,2024-11-07,C0055,web,completed
O00022,2024-11-08,C0074,web,completed
O00884,2024-11-08,C0148,web,completed
O03669,2024-11-08,C0115,web,completed
O04650,2024-11-08,C0021,phone,completed
O04925,2024-11-08,C0108,store,completed
O04952,2024-11-08,C0159,store,cancelled
O05078,2024-11-08,C0080,store,completed
O05144,2024-11-08,C0001,store,completed
O00649,2024-11-09,C0031,store,completed
O00900,2024-11-09,C0164,phone,completed
O00910,2024-11-09,C0146,store,completed
O01041,2024-11-09,C0026,store,completed
O01357,2024-11-09,C0025,store,completed
O01773,2024-11-09,C0012,web,completed
O02059,2024-11-09,C0130,web,completed
O02858,2024-11-09,C0092,web,completed
O02875,2024-11-09,C0095,web,completed
O03140,2024-11-09,C0123,web,completed
O03167,2024-11-09,C0009,phone,completed
O03399,2024-11-09,C0110,web,completed
O03418,2024-11-09,C0048,phone,completed
O03557,2024-11-09,C0125,web,completed
O04688,2024-11-09,C0075,web,completed
O04967,2024-11-09,C0135,store,completed
O00370,2024-11-10,C0034,store,completed
O01278,2024-11-10,C0055,store,completed
O05421,2024-11-10,C0082,store,completed
O00031,2024-11-11,C0134,web,pending
O01862,2024-11-11,C0024,store,completed
O02118,2024-11-11,C0120,web,completed
O02185,2024-11-11,C0066,store,completed
O02541,2024-11-11,C0091,web,completed
O02812,2024-11-11,C0020,web,completed
O03891,2024-11-11,C0051,store,completed
O05239,2024-11-11,C0020,web,completed
O05518,2024-11-11,C0059,web,completed
O00295,2024-11-12,C0141,web,completed
O01393,2024-11-12,C0155,web,completed
O04622,2024-11-12,C0130,web,cancelled
O04851,2024-11-12,C0152,store,completed
O05048,2024-11-12,C0134,web,completed
O01435,2024-11-13,C0076,web,cancelled
O01482,2024-11-13,C0019,web,completed
O03178,2024-11-13,C0088,web,pending
O04529,2024-11-13,C0047,store,completed
O05197,2024-11-13,C0074,web,completed
O05578,2024-11-13,C0039,web,completed
O00344,2024-11-14,C0016,web,completed
O01083,2024-11-14,C0118,store,completed
O01100,2024-11-14,C0104,web,completed
O01312,2024-11-14,C0163,web,completed
O02484,2024-11-14,C0118,web,completed
O02828,2024-11-14,C0021,store,completed
O00535,2024-11-15,C0028,web,completed
O00661,2024-11-15,C0118,phone,completed
O00708,2024-11-15,C0168,web,pending
O02062,2024-11-15,C0072,web,completed
O02294,2024-11-15,C0100,web,pending
O03420,2024-11-15,C0083,web,completed
O05482,2024-11-15,C0048,store,completed
O00777,2024-11-16,C0034,phone,completed
O01538,2024-11-16,C0070,phone,completed
O01819,2024-11-16,C0064,web,completed
O02724,2024-11-16,C0029,web,completed
O03120,2024-11-16,C0123,web,completed
O03216,2024-11-16,C0088,web,completed
O04386,2024-11-16,C0075,store,completed
O05631,2024-11-16,C0106,web,completed
O05644,2024-11-16,C0130,phone,completed
O00875,2024-11-17,C0095,phone,completed
O01197,2024-11-17,C0027,web,completed
O01700,2024-11-17,C0032,store,completed
O01892,2024-11-17,C0050,store,completed
O02197,2024-11-17,C0165,phone,completed
O02350,2024-11-17,C0027,store,completed
O02439,2024-11-17,C0009,store,completed
O03003,2024-11-17,C0039,web,completed
O03176,2024-11-17,C0109,web,completed
O05438,2024-11-17,C0166,store,completed
O05846,2024-11-17,C0125,web,pending
O00887,2024-11-18,C0002,web,completed
O01091,2024-11-18,C0171,store,completed
O02148,2024-11-18,C0036,web,completed
O02331,2024-11-18,C0010,web,completed
O02429,2024-11-18,C0170,web,completed
O02599,2024-11-18,C0172,web,completed
O02943,2024-11-18,C0092,web,pending
O03112,2024-11-18,C0155,web,completed
O03286,2024-11-18,C0013,phone,completed
O03663,2024-11-18,C0107,store,completed
O04747,2024-11-18,C0006,web,completed
O05266,2024-11-18,C0059,web,completed
O05351,2024-11-18,C0050,store,completed
O05652,2024-11-18,C0030,phone,pending
O00161,2024-11-19,C0008,web,completed
O02880,2024-11-19,C0133,web,pending
O03114,2024-11-19,C0057,web,completed
O03665,2024-11-19,C0062,web,completed
O04458,2024-11-19,C0081,phone,completed
O04602,2024-11-19,C0119,store,completed
O05013,2024-11-19,C0087,web,completed
O05044,2024-11-19,C0078,phone,completed
O00029,2024-11-20,C0019,phone,completed
O00590,2024-11-20,C0032,web,completed
O00679,2024-11-20,C0006,web,completed
O03508,2024-11-20,C0178,phone,completed
O03512,2024-11-20,C0032,web,completed
O03574,2024-11-20,C0071,web,completed
O04125,2024-11-20,C0072,store,completed
O05623,2024-11-20,C0093,web,completed
O00341,2024-11-21,C0110,web,completed
O00457,2024-11-21,C0139,web,completed
O00485,2024-11-21,C0017,phone,completed
O02213,2024-11-21,C0038,store,completed
O02238,2024-11-21,C0180,store,completed
O02430,2024-11-21,C0075,web,pending
O04734,2024-11-21,C0109,web,completed
O05661,2024-11-21,C0114,web,cancelled
O00922,2024-11-22,C0041,web,completed
O01241,2024-11-22,C0004,web,completed
O01340,2024-11-22,C0087,store,completed
O02552,2024-11-22,C0117,store,completed
O02835,2024-11-22,C0086,web,completed
O03792,2024-11-22,C0095,store,completed
O03923,2024-11-22,C0153,web,completed
O04123,2024-11-22,C0174,web,completed
O05687,2024-11-22,C0089,store,completed
O00985,2024-11-23,C0104,web,completed
O01053,2024-11-23,C0062,web,completed
O01707,2024-11-23,C0096,web,completed
O03191,2024-11-23,C0048,web,completed
O03821,2024-11-23,C0122,web,completed
O04103,2024-11-23,C0065,web,completed
O01298,2024-11-24,C0056,web,completed
O01348,2024-11-24,C0050,store,completed
O01828,2024-11-24,C0025,web,completed
O02333,2024-11-24,C0037,store,completed
O03261,2024-11-24,C0061,web,completed
O03299,2024-11-24,C0171,web,completed
O04174,2024-11-24,C0119,store,completed
O04388,2024-11-24,C0062,store,completed
O04807,2024-11-24,C0028,web,completed
O00856,2024-11-25,C0121,store,completed
O01294,2024-11-25,C0029,store,completed
O01851,2024-11-25,C0079,phone,completed
O02127,2024-11-25,C0035,web,completed
O04771,2024-11-25,C0058,web,completed
O05308,2024-11-25,C0015,web,completed
O00377,2024-11-26,C0145,store,completed
O00534,2024-11-26,C0125,store,completed
O01582,2024-11-26,C0122,web,completed
O02100,2024-11-26,C0179,web,cancelled
O02757,2024-11-26,C0179,web,completed
O03484,2024-11-26,C0135,web,pending
O03671,2024-11-26,C0129,web,completed
O03746,2024-11-26,C0010,phone,completed
O04665,2024-11-26,C0083,web,completed
O05626,2024-11-26,C0133,web,completed
O00082,2024-11-27,C0096,store,completed
O00307,2024-11-27,C0173,store,completed
O02357,2024-11-27,C0039,store,completed
O02801,2024-11-27,C0077,web,completed
O04160,2024-11-27,C0126,web,completed
O01190,2024-11-28,C0158,web,completed
O02368,2024-11-28,C0006,web,completed
O02601,2024-11-28,C0106,web,completed
O02632,2024-11-28,C0033,web,completed
O02658,2024-11-28,C0075,store,completed
O04124,2024-11-28,C0045,store,completed
O05015,2024-11-28,C0094,web,completed
O05596,2024-11-28,C0067,web,completed
O00215,2024-11-29,C0083,web,completed
O01547,2024-11-29,C0027,web,completed
O01877,2024-11-29,C0117,web,completed
O02419,2024-11-29,C0001,store,completed
O02938,2024-11-29,C0018,phone,completed
O04152,2024-11-29,C0118,store,completed
O05895,2024-11-29,C0055,web,completed
O01221,2024-11-30,C0008,web,completed
O02314,2024-11-30,C0079,web,completed
O02999,2024-11-30,C0140,web,completed
O03201,2024-11-30,C0123,web,completed
O04400,2024-11-30,C0170,phone,completed
O04453,2024-11-30,C0108,phone,completed
O04472,2024-11-30,C0162,phone,completed
O04935,2024-11-30,C0125,web,completed
O04999,2024-11-30,C0083,store,completed
O05651,2024-11-30,C0073,web,completed
O00597,2024-12-01,C0118,phone,completed
O02960,2024-12-01,C0009,phone,completed
O02988,2024-12-01,C0070,web,completed
O03046,2024-12-01,C0055,web,completed
O05444,2024-12-01,C0106,web,completed
O05732,2024-12-01,C0158,phone,completed
O05764,2024-12-01,C0048,store,cancelled
O05995,2024-12-01,C0133,web,completed
O01873,2024-12-02,C0143,web,completed
O02596,2024-12-02,C0067,store,completed
O02967,2024-12-02,C0073,web,completed
O04106,2024-12-02,C0097,web,completed
O05016,2024-12-02,C0111,web,completed
O05115,2024-12-02,C0006,web,completed
O01753,2024-12-03,C0165,web,completed
O02609,2024-12-03,C0120,web,completed
O02619,2024-12-03,C0020,web,completed
O03774,2024-12-03,C0110,web,completed
O04431,2024-12-03,C0130,store,completed
O05248,2024-12-03,C0030,store,completed
O05756,2024-12-03,C0022,web,completed
O05858,2024-12-03,C0140,web,completed
O00693,2024-12-04,C0119,web,completed
O00988,2024-12-04,C0035,store,completed
O02029,2024-12-04,C0096,web,completed
O02155,2024-12-04,C0127,store,completed
O03130,2024-12-04,C0149,store,completed
O03701,2024-12-04,C0107,store,completed
O04430,2024-12-04,C0137,web,completed
O00087,2024-12-05,C0080,web,completed
O00346,2024-12-05,C0099,store,completed
O00770,2024-12-05,C0082,web,completed
O01825,2024-12-05,C0078,web,completed
O02373,2024-12-05,C0106,web,cancelled
O02892,2024-12-05,C0121,web,completed
O03021,2024-12-05,C0108,web,completed
O03151,2024-12-05,C0095,store,completed
O03535,2024-12-05,C0083,web,completed
O04118,2024-12-05,C0144,web,completed
O04365,2024-12-05,C0162,store,completed
O05141,2024-12-05,C0045,web,completed
O05682,2024-12-05,C0153,web,completed
O00794,2024-12-06,C0057,phone,cancelled
O01756,2024-12-06,C0070,web,completed
O01852,2024-12-06,C0085,store,completed
O03173,2024-12-06,C0134,web,completed
O03246,2024-12-06,C0031,web,completed
O01035,2024-12-07,C0129,web,pending
O02640,2024-12-07,C0065,web,completed
O03016,2024-12-07,C0009,phone,completed
O05418,2024-12-07,C0009,web,completed
O00162,2024-12-08,C0171,web,completed
O00264,2024-12-08,C0089,web,completed
O00542,2024-12-08,C0161,store,completed
O00552,2024-12-08,C0059,store,cancelled
O00751,2024-12-08,C0143,web,completed
O00999,2024-12-08,C0143,web,completed
O01601,2024-12-08,C0126,web,completed
O02237,2024-12-08,C0029,web,cancelled
O03382,2024-12-08,C0067,web,completed
O03495,2024-12-08,C0098,web,completed
O03568,2024-12-08,C0113,web,completed
O04209,2024-12-08,C0014,web,completed
O04373,2024-12-08,C0070,web,completed
O04486,2024-12-08,C0081,phone,completed
O05384,2024-12-08,C0028,store,completed
O05459,2024-12-08,C0180,web,completed
O05553,2024-12-08,C0090,web,completed
O01311,2024-12-09,C0143,web,completed
O02697,2024-12-09,C0073,web,completed
O05819,2024-12-09,C0116,store,completed
O00477,2024-12-10,C0029,web,pending
O03529,2024-12-10,C0113,phone,completed
O04140,2024-12-10,C0151,web,completed
O04797,2024-12-10,C0020,store,completed
O04829,2024-12-10,C0031,web,completed
O05637,2024-12-10,C0145,web,completed
O05986,2024-12-10,C0001,web,completed
O00039,2024-12-11,C0136,store,completed
O00140,2024-12-11,C0119,web,completed
O00879,2024-12-11,C0054,web,completed
O01928,2024-12-11,C0064,web,cancelled
O03094,2024-12-11,C0175,store,completed
O03188,2024-12-11,C0176,web,cancelled
O03753,2024-12-11,C0091,web,completed
O04374,2024-12-11,C0101,web,completed
O04789,2024-12-11,C0066,web,cancelled
O05620,2024-12-11,C0026,phone,completed
O00316,2024-12-12,C0010,web,completed
O00656,2024-12-12,C0141,web,completed
O01390,2024-12-12,C0141,store,completed
O01683,2024-12-12,C0124,web,completed
O03521,2024-12-12,C0111,web,completed
O04796,2024-12-12,C0036,web,completed
O05109,2024-12-12,C0111,web,completed
O00717,2024-12-13,C0066,store,completed
O01210,2024-12-13,C0068,store,completed
O01556,2024-12-13,C0049,store,completed
O01610,2024-12-13,C0108,web,completed
O01732,2024-12-13,C0180,phone,completed
O02038,2024-12-13,C0058,web,completed
O02220,2024-12-13,C0065,web,completed
O02581,2024-12-13,C0112,web,cancelled
O02673,2024-12-13,C0086,web,completed
O02731,2024-12-13,C0156,web,completed
O04186,2024-12-13,C0069,web,completed
O05274,2024-12-13,C0127,web,completed
O05369,2024-12-13,C0096,web,completed
O05500,2024-12-13,C0067,web,completed
O00114,2024-12-14,C0160,store,completed
O01258,2024-12-14,C0123,web,completed
O01280,2024-12-14,C0099,web,completed
O01716,2024-12-14,C0031,store,completed
O02138,2024-12-14,C0049,web,completed
O02404,2024-12-14,C0155,web,cancelled
O02725,2024-12-14,C0060,phone,completed
O02804,2024-12-14,C0119,web,completed
O03421,2024-12-14,C0174,web,completed
O03631,2024-12-14,C0080,web,completed
O03890,2024-12-14,C0110,store,completed
O03901,2024-12-14,C0155,web,completed
O04403,2024-12-14,C0011,phone,completed
O04727,2024-12-14,C0158,web,completed
O04766,2024-12-14,C0113,web,completed
O05228,2024-12-14,C0162,web,completed
O05317,2024-12-14,C0158,store,completed
O00040,2024-12-15,C0037,web,completed
O00483,2024-12-15,C0127,web,completed
O00799,2024-12-15,C0123,web,completed
O00874,2024-12-15,C0117,web,completed
O02329,2024-12-15,C0115,web,completed
O02521,2024-12-15,C0030,web,completed
O02669,2024-12-15,C0131,web,completed
O02823,2024-12-15,C0085,web,completed
O03553,2024-12-15,C0061,web,completed
O04007,2024-12-15,C0101,web,cancelled
O05168,2024-12-15,C0146,web,completed
O05240,2024-12-15,C0143,phone,completed
O00312,2024-12-16,C0160,web,completed
O01587,2024-12-16,C0067,web,cancelled
O03439,2024-12-16,C0008,store,completed
O04127,2024-12-16,C0160,web,completed
O04550,2024-12-16,C0023,web,completed
O05135,2024-12-16,C0085,web,completed
O05660,2024-12-16,C0160,web,completed
O00993,2024-12-17,C0048,web,cancelled
O01529,2024-12-17,C0160,phone,completed
O01975,2024-12-17,C0177,web,completed
O02803,2024-12-17,C0135,web,completed
O03978,2024-12-17,C0042,store,completed
O04038,2024-12-17,C0149,web,completed
O04425,2024-12-17,C0172,store,completed
O04678,2024-12-17,C0049,store,completed
O05839,2024-12-17,C0176,phone,completed
O00709,2024-12-18,C0069,web,cancelled
O01580,2024-12-18,C0035,web,completed
O01738,2024-12-18,C0124,phone,completed
O02035,2024-12-18,C0072,store,cancelled
O02603,2024-12-18,C0026,web,completed
O03674,2024-12-18,C0053,store,completed
O04110,2024-12-18,C0062,store,completed
O04745,2024-12-18,C0147,store,completed
O04907,2024-12-18,C0064,web,completed
O05282,2024-12-18,C0120,web,completed
O05336,2024-12-18,C0101,web,completed
O00897,2024-12-19,C0056,phone,completed
O04638,2024-12-19,C0016,store,completed
O05538,2024-12-19,C0063,web,completed
O05633,2024-12-19,C0153,web,completed
O05902,2024-12-19,C0123,store,completed
O05939,2024-12-19,C0012,web,completed
O00846,2024-12-20,C0012,store,completed
O05703,2024-12-20,C0145,store,completed
O01153,2024-12-21,C0070,store,completed
O01997,2024-12-21,C0148,web,completed
O02889,2024-12-21,C0128,web,completed
O03785,2024-12-21,C0059,store,completed
O05676,2024-12-21,C0180,web,completed
O05821,2024-12-21,C0080,web,completed
O00501,2024-12-22,C0076,web,completed
O00758,2024-12-22,C0018,web,completed
O02120,2024-12-22,C0042,store,completed
O03796,2024-12-22,C0015,web,pending
O04563,2024-12-22,C0024,web,completed
O05057,2024-12-22,C0045,store,completed
O00745,2024-12-23,C0138,store,completed
O01333,2024-12-23,C0078,web,completed
O01425,2024-12-23,C0101,web,completed
O02216,2024-12-23,C0034,phone,completed
O04255,2024-12-23,C0030,web,completed
O04286,2024-12-23,C0039,web,completed
O05252,2024-12-23,C0162,web,completed
O05540,2024-12-23,C0153,store,completed
O00609,2024-12-24,C0006,web,completed
O01092,2024-12-24,C0081,store,completed
O01953,2024-12-24,C0022,store,completed
O02582,2024-12-24,C0075,web,completed
O02922,2024-12-24,C0095,web,completed
O03072,2024-12-24,C0026,web,completed
O03091,2024-12-24,C0001,web,completed
O04003,2024-12-24,C0128,store,completed
O04179,2024-12-24,C0032,web,completed
O04879,2024-12-24,C0044,web,completed
O00359,2024-12-25,C0153,phone,completed
O01679,2024-12-25,C0095,store,completed
O02660,2024-12-25,C0030,web,completed
O03233,2024-12-25,C0088,web,completed
O05024,2024-12-25,C0170,web,completed
O05213,2024-12-25,C0087,store,completed
O05551,2024-12-25,C0033,web,completed
O05795,2024-12-25,C0178,store,completed
O01211,2024-12-26,C0067,web,completed
O02424,2024-12-26,C0125,web,completed
O03729,2024-12-26,C0046,web,completed
O04775,2024-12-26,C0134,web,completed
O05659,2024-12-26,C0074,store,completed
O00237,2024-12-27,C0162,web,completed
O00503,2024-12-27,C0160,store,completed
O02630,2024-12-27,C0124,web,completed
O02742,2024-12-27,C0006,web,completed
O03210,2024-12-27,C0121,web,completed
O03556,2024-12-27,C0005,store,completed
O05040,2024-12-27,C0033,web,completed
O00639,2024-12-28,C0158,web,completed
O01481,2024-12-28,C0019,web,completed
O02879,2024-12-28,C0155,web,completed
O05834,2024-12-28,C0048,web,completed
O00076,2024-12-29,C0071,phone,completed
O00468,2024-12-29,C0175,store,completed
O00632,2024-12-29,C0085,web,completed
O02188,2024-12-29,C0052,store,completed
O03928,2024-12-29,C0062,store,cancelled
O04262,2024-12-29,C0068,store,completed
O04783,2024-12-29,C0152,web,completed
O05706,2024-12-29,C0170,phone,completed
O05797,2024-12-29,C0147,store,completed
O05978,2024-12-29,C0082,web,completed
O02204,2024-12-30,C0041,web,completed
O03651,2024-12-30,C0155,web,cancelled
O04178,2024-12-30,C0123,web,completed
O04785,2024-12-30,C0144,web,completed
O04887,2024-12-30,C0172,web,completed
O00545,2024-12-31,C0076,web,completed
O00943,2024-12-31,C0026,web,completed
O02086,2024-12-31,C0113,web,completed
O04495,2024-12-31,C0037,web,completed
O01310,2025-01-01,C0078,web,completed
O01463,2025-01-01,C0066,store,completed
O01571,2025-01-01,C0057,store,completed
O01919,2025-01-01,C0081,web,completed
O02978,2025-01-01,C0073,store,completed
O03922,2025-01-01,C0099,web,completed
O04800,2025-01-01,C0008,web,completed
O05560,2025-01-01,C0105,store,completed
O05580,2025-01-01,C0002,web,completed
O05610,2025-01-01,C0023,store,completed
O00898,2025-01-02,C0081,web,completed
O01203,2025-01-02,C0055,web,completed
O01339,2025-01-02,C0057,web,completed
O01504,2025-01-02,C0110,web,completed
O01544,2025-01-02,C0148,web,completed
O01857,2025-01-02,C0090,store,completed
O02965,2025-01-02,C0168,web,completed
O03864,2025-01-02,C0043,store,completed
O04614,2025-01-02,C0026,web,completed
O04860,2025-01-02,C0056,store,completed
O05743,2025-01-02,C0165,web,completed
O00954,2025-01-03,C0097,web,completed
O01681,2025-01-03,C0126,store,completed
O02559,2025-01-03,C0036,web,cancelled
O04250,2025-01-03,C0020,web,completed
O04445,2025-01-03,C0090,web,completed
O05088,2025-01-03,C0089,web,completed
O05465,2025-01-03,C0064,web,completed
O00663,2025-01-04,C0081,store,completed
O00786,2025-01-04,C0137,store,completed
O01543,2025-01-04,C0064,web,completed
O02696,2025-01-04,C0086,web,completed
O03816,2025-01-04,C0041,web,completed
O03915,2025-01-04,C0169,web,completed
O04998,2025-01-04,C0001,store,completed
O05741,2025-01-04,C0025,store,pending
O00116,2025-01-05,C0100,web,completed
O01553,2025-01-05,C0150,web,cancelled
O01656,2025-01-05,C0013,web,cancelled
O01725,2025-01-05,C0083,web,completed
O02055,2025-01-05,C0099,web,completed
O02389,2025-01-05,C0108,web,cancelled
O03142,2025-01-05,C0088,store,completed
O03724,2025-01-05,C0079,store,completed
O04088,2025-01-05,C0085,web,completed
O04834,2025-01-05,C0176,store,completed
O05678,2025-01-05,C0158,web,completed
O05814,2025-01-05,C0043,store,completed
O05925,2025-01-05,C0030,store,completed
O00643,2025-01-06,C0161,web,completed
O00660,2025-01-06,C0126,store,completed
O01741,2025-01-06,C0082,web,completed
O01783,2025-01-06,C0045,web,completed
O03070,2025-01-06,C0147,web,completed
O04002,2025-01-06,C0091,web,completed
O04157,2025-01-06,C0159,web,completed
O04669,2025-01-06,C0021,web,completed
O05392,2025-01-06,C0153,web,completed
O05643,2025-01-06,C0098,web,completed
O01890,2025-01-07,C0085,store,completed
O02280,2025-01-07,C0124,store,completed
O04023,2025-01-07,C0077,store,completed
O04370,2025-01-07,C0162,store,completed
O05487,2025-01-07,C0056,web,completed
O05628,2025-01-07,C0037,web,completed
O05734,2025-01-07,C0019,phone,completed
O05805,2025-01-07,C0041,web,completed
O00927,2025-01-08,C0113,web,completed
O01162,2025-01-08,C0148,store,completed
O02081,2025-01-08,C0178,phone,completed
O02149,2025-01-08,C0119,web,completed
O02305,2025-01-08,C0074,web,completed
O02400,2025-01-08,C0173,phone,completed
O03279,2025-01-08,C0106,web,completed
O03290,2025-01-08,C0147,web,completed
O03336,2025-01-08,C0157,store,completed
O03437,2025-01-08,C0157,web,completed
O04336,2025-01-08,C0127,web,completed
O00198,2025-01-09,C0171,web,completed
O00234,2025-01-09,C0087,web,completed
O01400,2025-01-09,C0038,store,completed
O02158,2025-01-09,C0093,store,completed
O02413,2025-01-09,C0138,store,completed
O02924,2025-01-09,C0027,phone,completed
O03291,2025-01-09,C0131,web,completed
O03322,2025-01-09,C0148,store,completed
O03330,2025-01-09,C0078,store,completed
O03765,2025-01-09,C0066,web,completed
O04335,2025-01-09,C0130,web,completed
O05945,2025-01-09,C0074,store,completed
O00585,2025-01-10,C0125,web,cancelled
O00819,2025-01-10,C0030,web,cancelled
O01747,2025-01-10,C0134,phone,pending
O04051,2025-01-10,C0100,web,completed
O04083,2025-01-10,C0067,web,completed
O04312,2025-01-10,C0070,web,completed
O04929,2025-01-10,C0102,store,completed
O04987,2025-01-10,C0022,web,completed
O05030,2025-01-10,C0009,web,completed
O05350,2025-01-10,C0003,store,completed
O05901,2025-01-10,C0115,web,completed
O01215,2025-01-11,C0111,web,completed
O02075,2025-01-11,C0108,web,completed
O03326,2025-01-11,C0084,store,completed
O04937,2025-01-11,C0025,store,completed
O05145,2025-01-11,C0038,web,completed
O05803,2025-01-11,C0066,web,completed
O00311,2025-01-12,C0142,web,pending
O01088,2025-01-12,C0136,web,cancelled
O01541,2025-01-12,C0123,web,completed
O01748,2025-01-12,C0161,web,completed
O01778,2025-01-12,C0069,web,cancelled
O02050,2025-01-12,C0165,web,pending
O04565,2025-01-12,C0026,web,completed
O04697,2025-01-12,C0098,web,completed
O04856,2025-01-12,C0173,web,completed
O00391,2025-01-13,C0172,web,completed
O00869,2025-01-13,C0037,store,completed
O00945,2025-01-13,C0111,store,completed
O01260,2025-01-13,C0131,web,completed
O01684,2025-01-13,C0143,store,completed
O02074,2025-01-13,C0134,store,completed
O03359,2025-01-13,C0162,web,completed
O03747,2025-01-13,C0106,web,completed
O04417,2025-01-13,C0132,store,completed
O04590,2025-01-13,C0007,web,completed
O00911,2025-01-14,C0173,store,pending
O01494,2025-01-14,C0035,store,completed
O01669,2025-01-14,C0044,store,completed
O02491,2025-01-14,C0072,web,completed
O00049,2025-01-15,C0030,web,completed
O01408,2025-01-15,C0120,store,completed
O01811,2025-01-15,C0006,store,completed
O01879,2025-01-15,C0097,web,completed
O02343,2025-01-15,C0141,web,cancelled
O02542,2025-01-15,C0151,phone,completed
O03392,2025-01-15,C0137,phone,pending
O04080,2025-01-15,C0081,web,completed
O04392,2025-01-15,C0151,phone,completed
O04843,2025-01-15,C0072,store,completed
O05171,2025-01-15,C0062,web,completed
O00684,2025-01-16,C0133,web,completed
O01114,2025-01-16,C0088,phone,completed
O01365,2025-01-16,C0126,web,completed
O01950,2025-01-16,C0105,web,completed
O02501,2025-01-16,C0086,web,completed
O03469,2025-01-16,C0012,web,cancelled
O03500,2025-01-16,C0023,web,completed
O03506,2025-01-16,C0154,store,completed
O04240,2025-01-16,C0077,web,completed
O04845,2025-01-16,C0066,store,completed
O05446,2025-01-16,C0149,web,completed
O05948,2025-01-16,C0147,web,completed
O00297,2025-01-17,C0010,store,completed
O00397,2025-01-17,C0086,web,completed
O00687,2025-01-17,C0067,web,completed
O01372,2025-01-17,C0049,store,completed
O01628,2025-01-17,C0003,web,completed
O03599,2025-01-17,C0146,web,completed
O04001,2025-01-17,C0019,store,completed
O04359,2025-01-17,C0034,web,completed
O04369,2025-01-17,C0091,web,pending
O05216,2025-01-17,C0023,web,completed
O05448,2025-01-17,C0049,web,pending
O00319,2025-01-18,C0156,store,completed
O00499,2025-01-18,C0157,web,completed
O00809,2025-01-18,C0168,web,completed
O01256,2025-01-18,C0050,phone,completed
O01453,2025-01-18,C0010,web,completed
O02031,2025-01-18,C0123,web,completed
O02302,2025-01-18,C0154,web,completed
O02706,2025-01-18,C0022,web,completed
O03292,2025-01-18,C0026,web,completed
O03481,2025-01-18,C0067,web,completed
O03743,2025-01-18,C0043,phone,completed
O04130,2025-01-18,C0055,web,completed
O04473,2025-01-18,C0035,web,cancelled
O05074,2025-01-18,C0081,store,completed
O00079,2025-01-19,C0062,web,completed
O00285,2025-01-19,C0116,store,pending
O00858,2025-01-19,C0021,web,completed
O00867,2025-01-19,C0082,phone,completed
O01323,2025-01-19,C0080,web,completed
O01567,2025-01-19,C0104,phone,completed
O02080,2025-01-19,C0005,web,completed
O02334,2025-01-19,C0128,store,completed
O03584,2025-01-19,C0109,web,completed
O05414,2025-01-19,C0065,web,completed
O00444,2025-01-20,C0030,web,completed
O00543,2025-01-20,C0101,web,completed
O00673,2025-01-20,C0113,web,completed
O01460,2025-01-20,C0107,web,completed
O04307,2025-01-20,C0044,web,completed
O04582,2025-01-20,C0145,phone,completed
O00067,2025-01-21,C0096,web,pending
O03099,2025-01-21,C0031,store,completed
O04205,2025-01-21,C0140,web,completed
O04864,2025-01-21,C0054,store,completed
O05107,2025-01-21,C0073,phone,completed
O05657,2025-01-21,C0098,web,completed
O01525,2025-01-22,C0119,store,completed
O01576,2025-01-22,C0066,web,completed
O03282,2025-01-22,C0105,web,completed
O03520,2025-01-22,C0087,web,completed
O05759,2025-01-22,C0022,web,completed
O00164,2025-01-23,C0089,phone,completed
O00173,2025-01-23,C0018,web,completed
O00845,2025-01-23,C0099,web,completed
O02917,2025-01-23,C0147,web,completed
O03026,2025-01-23,C0018,store,completed
O04107,2025-01-23,C0141,web,completed
O05980,2025-01-23,C0029,web,completed
O00019,2025-01-24,C0131,web,completed
O01087,2025-01-24,C0069,store,completed
O01516,2025-01-24,C0027,web,cancelled
O01609,2025-01-24,C0099,web,completed
O02704,2025-01-24,C0007,store,completed
O03361,2025-01-24,C0071,store,completed
O04162,2025-01-24,C0062,web,completed
O04284,2025-01-24,C0083,web,completed
O04462,2025-01-24,C0127,web,completed
O04717,2025-01-24,C0083,web,completed
O04779,2025-01-24,C0007,web,completed
O05436,2025-01-24,C0068,web,completed
O05665,2025-01-24,C0118,web,completed
O05979,2025-01-24,C0108,store,completed
O00544,2025-01-25,C0168,store,pending
O00655,2025-01-25,C0032,store,completed
O01737,2025-01-25,C0172,web,completed
O02167,2025-01-25,C0111,store,completed
O03244,2025-01-25,C0141,web,completed
O05529,2025-01-25,C0140,web,completed
O01415,2025-01-26,C0159,web,completed
O02105,2025-01-26,C0151,store,completed
O02469,2025-01-26,C0072,phone,completed
O03086,2025-01-26,C0170,store,completed
O03319,2025-01-26,C0047,web,completed
O03841,2025-01-26,C0028,web,completed
O03856,2025-01-26,C0076,web,completed
O04031,2025-01-26,C0163,web,completed
O05479,2025-01-26,C0037,web,completed
O05775,2025-01-26,C0029,web,completed
O00627,2025-01-27,C0020,web,completed
O01189,2025-01-27,C0132,phone,completed
O02493,2025-01-27,C0139,web,completed
O05143,2025-01-27,C0172,web,completed
O05332,2025-01-27,C0026,web,completed
O00354,2025-01-28,C0133,web,completed
O02436,2025-01-28,C0148,phone,completed
O03898,2025-01-28,C0039,web,completed
O04422,2025-01-28,C0156,store,completed
O05967,2025-01-28,C0147,web,cancelled
O00671,2025-01-29,C0151,web,completed
O00785,2025-01-29,C0018,web,completed
O01708,2025-01-29,C0005,web,completed
O01814,2025-01-29,C0079,web,completed
O01874,2025-01-29,C0147,web,completed
O02142,2025-01-29,C0177,web,completed
O03008,2025-01-29,C0110,store,completed
O04009,2025-01-29,C0115,web,cancelled
O04520,2025-01-29,C0150,web,completed
O05889,2025-01-29,C0149,web,completed
O00211,2025-01-30,C0150,phone,completed
O00347,2025-01-30,C0090,web,cancelled
O00797,2025-01-30,C0014,web,pending
O01513,2025-01-30,C0008,phone,completed
O02248,2025-01-30,C0064,web,completed
O02380,2025-01-30,C0010,phone,completed
O03717,2025-01-30,C0129,store,completed
O05366,2025-01-30,C0011,store,completed
O05876,2025-01-30,C0131,web,completed
O05912,2025-01-30,C0042,web,completed
O00404,2025-01-31,C0028,web,completed
O01505,2025-01-31,C0156,store,completed
O01969,2025-01-31,C0041,web,cancelled
O04291,2025-01-31,C0144,web,completed
O05225,2025-01-31,C0037,web,completed
O05505,2025-01-31,C0179,web,completed
O05783,2025-01-31,C0055,web,pending
O00640,2025-02-01,C0006,web,completed
O01248,2025-02-01,C0075,store,completed
O02201,2025-02-01,C0065,web,cancelled
O02321,2025-02-01,C0092,web,completed
O04452,2025-02-01,C0103,store,completed
O05789,2025-02-01,C0143,web,completed
O00097,2025-02-02,C0005,web,completed
O01615,2025-02-02,C0116,web,completed
O02346,2025-02-02,C0058,web,completed
O02789,2025-02-02,C0009,store,completed
O02808,2025-02-02,C0174,web,completed
O02843,2025-02-02,C0152,phone,completed
O05149,2025-02-02,C0079,web,pending
O00094,2025-02-03,C0127,phone,completed
O00685,2025-02-03,C0084,store,completed
O01206,2025-02-03,C0080,web,completed
O02260,2025-02-03,C0058,store,completed
O03103,2025-02-03,C0126,store,completed
O03791,2025-02-03,C0007,store,completed
O03855,2025-02-03,C0019,store,completed
O00378,2025-02-04,C0033,phone,completed
O00429,2025-02-04,C0077,phone,completed
O01426,2025-02-04,C0050,web,completed
O01775,2025-02-04,C0153,store,completed
O01793,2025-02-04,C0082,web,completed
O02281,2025-02-04,C0058,store,completed
O02883,2025-02-04,C0025,web,completed
O04768,2025-02-04,C0099,web,completed
O04898,2025-02-04,C0073,store,completed
O05316,2025-02-04,C0078,phone,completed
O02680,2025-02-05,C0143,store,completed
O02685,2025-02-05,C0017,web,completed
O00591,2025-02-06,C0098,web,completed
O00849,2025-02-06,C0109,store,completed
O01941,2025-02-06,C0004,web,completed
O02049,2025-02-06,C0061,web,completed
O04854,2025-02-06,C0104,web,pending
O05086,2025-02-06,C0154,web,completed
O05237,2025-02-06,C0091,web,completed
O05378,2025-02-06,C0068,web,completed
O01468,2025-02-07,C0070,web,completed
O01712,2025-02-07,C0050,web,completed
O03755,2025-02-07,C0167,web,completed
O03955,2025-02-07,C0059,web,completed
O05001,2025-02-07,C0004,web,completed
O05157,2025-02-07,C0071,store,completed
O05563,2025-02-07,C0026,web,completed
O00130,2025-02-08,C0098,store,completed
O01574,2025-02-08,C0046,web,completed
O02287,2025-02-08,C0104,web,completed
O02753,2025-02-08,C0163,web,completed
O03080,2025-02-08,C0143,web,completed
O03295,2025-02-08,C0179,store,completed
O03713,2025-02-08,C0144,store,pending
O03736,2025-02-08,C0055,web,completed
O05690,2025-02-08,C0014,web,completed
O01742,2025-02-09,C0029,web,completed
O03260,2025-02-09,C0014,store,completed
O03266,2025-02-09,C0122,store,completed
O04044,2025-02-09,C0004,web,completed
O04325,2025-02-09,C0161,web,completed
O04439,2025-02-09,C0006,web,completed
O01422,2025-02-10,C0072,web,pending
O02665,2025-02-10,C0123,store,completed
O02672,2025-02-10,C0134,web,completed
O02966,2025-02-10,C0020,web,completed
O03289,2025-02-10,C0115,web,completed
O03485,2025-02-10,C0010,store,completed
O04274,2025-02-10,C0112,web,completed
O04310,2025-02-10,C0084,phone,completed
O00351,2025-02-11,C0085,phone,completed
O01191,2025-02-11,C0033,web,completed
O01698,2025-02-11,C0053,web,completed
O03098,2025-02-11,C0164,web,completed
O04492,2025-02-11,C0003,phone,cancelled
O04989,2025-02-11,C0014,web,completed
O04993,2025-02-11,C0050,web,completed
O05265,2025-02-11,C0127,web,completed
O05625,2025-02-11,C0016,store,completed
O05722,2025-02-11,C0039,store,completed
O00070,2025-02-12,C0010,web,completed
O00644,2025-02-12,C0116,phone,completed
O01779,2025-02-12,C0075,store,completed
O02178,2025-02-12,C0051,web,completed
O03996,2025-02-12,C0024,web,completed
O04910,2025-02-12,C0124,web,completed
O05092,2025-02-12,C0128,web,cancelled
O05988,2025-02-12,C0006,web,cancelled
O00510,2025-02-13,C0078,web,completed
O01117,2025-02-13,C0144,phone,completed
O01160,2025-02-13,C0084,phone,completed
O01448,2025-02-13,C0056,web,completed
O02300,2025-02-13,C0174,phone,pending
O02550,2025-02-13,C0043,phone,completed
O03226,2025-02-13,C0141,web,completed
O04011,2025-02-13,C0130,store,completed
O04296,2025-02-13,C0055,web,cancelled
O04375,2025-02-13,C0117,web,completed
O05155,2025-02-13,C0157,web,completed
O01455,2025-02-14,C0058,phone,completed
O03763,2025-02-14,C0031,phone,completed
O03992,2025-02-14,C0027,phone,completed
O04158,2025-02-14,C0003,web,completed
O04914,2025-02-14,C0136,web,completed
O05519,2025-02-14,C0005,store,cancelled
O03156,2025-02-15,C0142,web,completed
O04704,2025-02-15,C0083,phone,completed
O04791,2025-02-15,C0007,phone,completed
O05559,2025-02-15,C0049,phone,completed
O00284,2025-02-16,C0074,web,completed
O00440,2025-02-16,C0090,web,completed
O03075,2025-02-16,C0037,web,completed
O03100,2025-02-16,C0032,store,completed
O04396,2025-02-16,C0173,web,completed
O04429,2025-02-16,C0079,web,cancelled
O00807,2025-02-17,C0028,phone,completed
O01861,2025-02-17,C0063,web,completed
O02537,2025-02-17,C0078,web,completed
O02862,2025-02-17,C0093,store,completed
O02998,2025-02-17,C0134,store,completed
O03652,2025-02-17,C0022,store,completed
O03807,2025-02-17,C0097,store,completed
O04042,2025-02-17,C0172,web,completed
O04654,2025-02-17,C0142,web,completed
O00659,2025-02-18,C0159,store,completed
O01076,2025-02-18,C0034,web,completed
O01341,2025-02-18,C0079,web,completed
O02727,2025-02-18,C0001,web,completed
O02766,2025-02-18,C0023,store,completed
O04371,2025-02-18,C0166,store,completed
O05545,2025-02-18,C0002,web,completed
O00182,2025-02-19,C0142,web,completed
O00217,2025-02-19,C0141,web,cancelled
O00953,2025-02-19,C0148,web,completed
O01720,2025-02-19,C0071,store,completed
O02258,2025-02-19,C0121,web,completed
O02421,2025-02-19,C0031,web,completed
O03666,2025-02-19,C0005,web,completed
O04921,2025-02-19,C0067,web,completed
O00705,2025-02-20,C0112,web,pending
O02324,2025-02-20,C0147,store,completed
O02349,2025-02-20,C0178,web,completed
O02638,2025-02-20,C0059,web,completed
O05907,2025-02-20,C0164,web,completed
O05990,2025-02-20,C0063,web,completed
O00034,2025-02-21,C0105,web,completed
O00906,2025-02-21,C0147,store,completed
O01674,2025-02-21,C0072,web,completed
O02588,2025-02-21,C0002,web,pending
O02592,2025-02-21,C0128,store,completed
O03318,2025-02-21,C0007,store,pending
O03918,2025-02-21,C0101,web,completed
O04050,2025-02-21,C0011,web,completed
O04635,2025-02-21,C0169,store,completed
O04977,2025-02-21,C0056,web,pending
O05840,2025-02-21,C0062,store,completed
O00280,2025-02-22,C0103,phone,completed
O01382,2025-02-22,C0159,web,completed
O01974,2025-02-22,C0101,web,completed
O02045,2025-02-22,C0120,store,completed
O02381,2025-02-22,C0118,web,completed
O02487,2025-02-22,C0121,web,completed
O02579,2025-02-22,C0071,web,cancelled
O03161,2025-02-22,C0151,phone,completed
O03788,2025-02-22,C0116,store,completed
O03805,2025-02-22,C0016,web,completed
O04056,2025-02-22,C0086,web,completed
O05397,2025-02-22,C0003,web,completed
O00057,2025-02-23,C0158,web,completed
O00197,2025-02-23,C0034,web,completed
O02229,2025-02-23,C0172,web,completed
O03408,2025-02-23,C0008,store,cancelled
O04933,2025-02-23,C0179,web,completed
O05264,2025-02-23,C0010,web,completed
O05897,2025-02-23,C0155,web,completed
O00035,2025-02-24,C0169,web,completed
O00368,2025-02-24,C0115,web,completed
O00388,2025-02-24,C0082,web,completed
O00804,2025-02-24,C0052,web,completed
O00946,2025-02-24,C0126,web,completed
O01105,2025-02-24,C0151,web,completed
O01899,2025-02-24,C0021,web,completed
O02218,2025-02-24,C0117,store,completed
O03491,2025-02-24,C0084,store,completed
O03714,2025-02-24,C0080,store,completed
O03943,2025-02-24,C0114,phone,completed
O05386,2025-02-24,C0108,store,completed
O05808,2025-02-24,C0056,web,completed
O05879,2025-02-24,C0003,web,completed
O00754,2025-02-25,C0115,web,cancelled
O02025,2025-02-25,C0128,web,completed
O02414,2025-02-25,C0113,web,completed
O02437,2025-02-25,C0084,web,completed
O02768,2025-02-25,C0065,web,completed
O03058,2025-02-25,C0179,store,completed
O03702,2025-02-25,C0171,web,completed
O00012,2025-02-26,C0106,web,completed
O00718,2025-02-26,C0038,web,completed
O00194,2025-02-27,C0030,store,completed
O01161,2025-02-27,C0173,store,completed
O01696,2025-02-27,C0060,store,completed
O04698,2025-02-27,C0169,store,completed
O05142,2025-02-27,C0132,web,completed
O05587,2025-02-27,C0097,store,cancelled
O05999,2025-02-27,C0107,web,completed
O01391,2025-02-28,C0042,store,completed
O01397,2025-02-28,C0006,web,completed
O01633,2025-02-28,C0030,web,completed
O01826,2025-02-28,C0166,store,completed
O02496,2025-02-28,C0174,phone,completed
O03288,2025-02-28,C0151,store,pending
O04171,2025-02-28,C0139,web,completed
O00366,2025-03-01,C0144,web,completed
O00747,2025-03-01,C0059,web,completed
O01958,2025-03-01,C0179,store,completed
O02018,2025-03-01,C0112,web,pending
O02643,2025-03-01,C0024,web,completed
O02825,2025-03-01,C0127,store,completed
O03560,2025-03-01,C0010,store,completed
O04951,2025-03-01,C0115,web,completed
O05469,2025-03-01,C0100,web,completed
O01457,2025-03-02,C0161,web,completed
O01854,2025-03-02,C0129,store,completed
O01927,2025-03-02,C0158,web,completed
O01977,2025-03-02,C0110,web,completed
O02855,2025-03-02,C0151,web,completed
O03028,2025-03-02,C0091,web,cancelled
O04358,2025-03-02,C0088,web,completed
O04587,2025-03-02,C0172,store,completed
O00480,2025-03-03,C0168,phone,completed
O01640,2025-03-03,C0163,store,completed
O02040,2025-03-03,C0003,web,cancelled
O00505,2025-03-04,C0110,web,completed
O00863,2025-03-04,C0125,web,completed
O01192,2025-03-04,C0010,store,completed
O01510,2025-03-04,C0054,web,completed
O01534,2025-03-04,C0150,web,completed
O02113,2025-03-04,C0069,store,completed
O02134,2025-03-04,C0059,web,completed
O03164,2025-03-04,C0041,store,completed
O03410,2025-03-04,C0117,web,completed
O03555,2025-03-04,C0049,web,completed
O05152,2025-03-04,C0077,phone,completed
O00353,2025-03-05,C0001,web,completed
O00662,2025-03-05,C0057,web,cancelled
O00690,2025-03-05,C0012,store,completed
O04598,2025-03-05,C0059,web,completed
O05383,2025-03-05,C0174,web,completed
O05464,2025-03-05,C0027,store,completed
O05672,2025-03-05,C0026,store,completed
O00085,2025-03-06,C0092,phone,completed
O00232,2025-03-06,C0090,web,completed
O00352,2025-03-06,C0033,web,completed
O00618,2025-03-06,C0090,store,completed
O01108,2025-03-06,C0119,web,completed
O01181,2025-03-06,C0149,web,completed
O01321,2025-03-06,C0038,web,completed
O01971,2025-03-06,C0082,web,completed
O03055,2025-03-06,C0142,web,completed
O04219,2025-03-06,C0150,web,completed
O05106,2025-03-06,C0056,web,completed
O01764,2025-03-07,C0025,phone,completed
O03899,2025-03-07,C0108,store,completed
O04113,2025-03-07,C0098,phone,completed
O04293,2025-03-07,C0172,web,completed
O05108,2025-03-07,C0086,web,completed
O05422,2025-03-07,C0008,store,pending
O05473,2025-03-07,C0103,web,completed
O01532,2025-03-08,C0108,store,completed
O01800,2025-03-08,C0065,web,completed
O02679,2025-03-08,C0171,web,completed
O02893,2025-03-08,C0037,web,completed
O03134,2025-03-08,C0119,store,completed
O03206,2025-03-08,C0080,web,completed
O03758,2025-03-08,C0026,web,completed
O03871,2025-03-08,C0065,web,completed
O04525,2025-03-08,C0104,web,cancelled
O04686,2025-03-08,C0072,web,completed
O00400,2025-03-09,C0170,store,completed
O00710,2025-03-09,C0011,phone,completed
O02558,2025-03-09,C0017,web,pending
O03580,2025-03-09,C0078,web,completed
O03614,2025-03-09,C0044,store,completed
O03751,2025-03-09,C0036,web,completed
O05338,2025-03-09,C0101,web,completed
O05701,2025-03-09,C0078,web,completed
O01486,2025-03-10,C0113,web,completed
O01955,2025-03-10,C0038,web,completed
O01995,2025-03-10,C0164,store,completed
O04620,2025-03-10,C0101,web,completed
O00788,2025-03-11,C0032,phone,completed
O01068,2025-03-11,C0080,web,completed
O01115,2025-03-11,C0160,web,pending
O01531,2025-03-11,C0027,phone,completed
O04442,2025-03-11,C0179,store,completed
O05139,2025-03-11,C0087,web,completed
O05389,2025-03-11,C0170,store,completed
O05463,2025-03-11,C0022,web,completed
O00310,2025-03-12,C0075,store,completed
O01196,2025-03-12,C0022,web,completed
O01600,2025-03-12,C0122,store,completed
O03335,2025-03-12,C0047,web,pending
O03735,2025-03-12,C0082,web,completed
O04387,2025-03-12,C0125,store,completed
O00242,2025-03-13,C0077,store,completed
O00244,2025-03-13,C0135,web,completed
O01423,2025-03-13,C0042,store,completed
O01630,2025-03-13,C0161,store,completed
O01929,2025-03-13,C0079,store,completed
O02027,2025-03-13,C0039,web,completed
O02770,2025-03-13,C0148,web,completed
O03205,2025-03-13,C0104,web,completed
O03405,2025-03-13,C0101,web,completed
O03657,2025-03-13,C0056,store,completed
O04082,2025-03-13,C0021,web,completed
O05244,2025-03-13,C0021,web,completed
O05748,2025-03-13,C0150,web,completed
O01363,2025-03-14,C0053,web,completed
O01992,2025-03-14,C0164,web,completed
O02270,2025-03-14,C0180,web,completed
O03036,2025-03-14,C0156,store,completed
O03380,2025-03-14,C0112,store,completed
O03842,2025-03-14,C0081,store,completed
O03884,2025-03-14,C0081,web,completed
O05273,2025-03-14,C0060,web,completed
O05312,2025-03-14,C0099,web,completed
O02023,2025-03-15,C0040,web,completed
O02781,2025-03-15,C0110,phone,completed
O03551,2025-03-15,C0024,web,completed
O04177,2025-03-15,C0028,web,completed
O04500,2025-03-15,C0032,web,completed
O05486,2025-03-15,C0013,store,completed
O05582,2025-03-15,C0079,store,completed
O05812,2025-03-15,C0042,store,completed
O00666,2025-03-16,C0064,web,completed
O01403,2025-03-16,C0114,web,completed
O02121,2025-03-16,C0076,store,completed
O02933,2025-03-16,C0027,store,completed
O02969,2025-03-16,C0026,web,completed
O03169,2025-03-16,C0036,web,completed
O03894,2025-03-16,C0024,store,completed
O04338,2025-03-16,C0156,web,completed
O04742,2025-03-16,C0146,web,completed
O05138,2025-03-16,C0010,phone,completed
O05147,2025-03-16,C0116,web,completed
O00053,2025-03-17,C0170,web,completed
O00928,2025-03-17,C0091,phone,completed
O01565,2025-03-17,C0171,web,completed
O01842,2025-03-17,C0030,store,completed
O02207,2025-03-17,C0180,store,completed
O03686,2025-03-17,C0156,web,cancelled
O04395,2025-03-17,C0158,web,completed
O05002,2025-03-17,C0039,web,completed
O05407,2025-03-17,C0037,web,completed
O05662,2025-03-17,C0077,web,completed
O01225,2025-03-18,C0118,store,completed
O01611,2025-03-18,C0009,store,completed
O02296,2025-03-18,C0082,store,completed
O00630,2025-03-19,C0013,web,completed
O00759,2025-03-19,C0111,web,completed
O03271,2025-03-19,C0012,store,completed
O03603,2025-03-19,C0140,web,completed
O04203,2025-03-19,C0045,store,completed
O04236,2025-03-19,C0158,web,completed
O04478,2025-03-19,C0094,web,completed
O04526,2025-03-19,C0140,web,cancelled
O05679,2025-03-19,C0151,web,completed
O05681,2025-03-19,C0120,web,completed
O00390,2025-03-20,C0168,web,cancelled
O00466,2025-03-20,C0102,web,completed
O01352,2025-03-20,C0134,web,completed
O01849,2025-03-20,C0108,web,completed
O02265,2025-03-20,C0014,web,completed
O02492,2025-03-20,C0151,store,completed
O03025,2025-03-20,C0065,web,completed
O03150,2025-03-20,C0014,web,completed
O03207,2025-03-20,C0163,store,cancelled
O03356,2025-03-20,C0164,store,completed
O04605,2025-03-20,C0140,phone,completed
O05118,2025-03-20,C0156,web,completed
O00343,2025-03-21,C0014,web,completed
O00675,2025-03-21,C0012,web,completed
O01112,2025-03-21,C0091,store,completed
O01480,2025-03-21,C0007,web,completed
O01943,2025-03-21,C0156,web,completed
O02934,2025-03-21,C0014,store,completed
O04607,2025-03-21,C0095,store,completed
O05364,2025-03-21,C0116,phone,completed
O00236,2025-03-22,C0010,phone,completed
O01116,2025-03-22,C0028,web,completed
O01935,2025-03-22,C0135,web,completed
O02143,2025-03-22,C0098,web,completed
O03757,2025-03-22,C0098,store,completed
O04719,2025-03-22,C0163,web,completed
O05435,2025-03-22,C0077,phone,completed
O00541,2025-03-23,C0108,store,completed
O00711,2025-03-23,C0127,web,completed
O00734,2025-03-23,C0158,web,completed
O01575,2025-03-23,C0021,web,completed
O01869,2025-03-23,C0032,store,completed
O01986,2025-03-23,C0176,web,completed
O03385,2025-03-23,C0131,web,completed
O03390,2025-03-23,C0148,web,completed
O03828,2025-03-23,C0085,web,completed
O05318,2025-03-23,C0096,store,completed
O02253,2025-03-24,C0092,store,completed
O02485,2025-03-24,C0167,web,completed
O03411,2025-03-24,C0102,store,completed
O04137,2025-03-24,C0014,store,completed
O04300,2025-03-24,C0060,web,completed
O05204,2025-03-24,C0089,store,completed
O05229,2025-03-24,C0057,store,completed
O00296,2025-03-25,C0154,store,completed
O00514,2025-03-25,C0166,web,completed
O00620,2025-03-25,C0038,store,completed
O03562,2025-03-25,C0053,store,completed
O03781,2025-03-25,C0071,store,completed
O03994,2025-03-25,C0073,store,completed
O04381,2025-03-25,C0136,web,completed
O00179,2025-03-26,C0007,store,completed
O01236,2025-03-26,C0051,store,completed
O01743,2025-03-26,C0118,store,completed
O05744,2025-03-26,C0022,store,completed
O00055,2025-03-27,C0033,web,completed
O00511,2025-03-27,C0180,web,completed
O00904,2025-03-27,C0090,web,completed
O01247,2025-03-27,C0138,web,completed
O01592,2025-03-27,C0032,store,completed
O01802,2025-03-27,C0119,web,completed
O01949,2025-03-27,C0003,phone,completed
O02635,2025-03-27,C0140,store,completed
O03284,2025-03-27,C0110,web,completed
O03699,2025-03-27,C0092,web,completed
O04583,2025-03-27,C0171,store,completed
O00741,2025-03-28,C0150,web,completed
O01000,2025-03-28,C0015,store,cancelled
O01897,2025-03-28,C0172,store,completed
O01978,2025-03-28,C0155,web,completed
O02716,2025-03-28,C0085,store,cancelled
O03664,2025-03-28,C0041,web,completed
O03896,2025-03-28,C0141,web,completed
O05358,2025-03-28,C0098,web,completed
O00227,2025-03-29,C0171,web,completed
O00302,2025-03-29,C0052,web,completed
O00838,2025-03-29,C0130,web,completed
O01004,2025-03-29,C0126,web,completed
O01644,2025-03-29,C0111,store,completed
O02348,2025-03-29,C0105,web,completed
O03306,2025-03-29,C0021,web,completed
O04788,2025-03-29,C0171,web,completed
O05675,2025-03-29,C0077,store,completed
O05937,2025-03-29,C0018,web,completed
O00558,2025-03-30,C0130,web,completed
O01858,2025-03-30,C0166,store,completed
O03153,2025-03-30,C0148,web,completed
O03773,2025-03-30,C0070,web,completed
O05700,2025-03-30,C0167,web,completed
O00261,2025-03-31,C0180,web,completed
O00691,2025-03-31,C0069,web,completed
O01285,2025-03-31,C0059,web,completed
O02664,2025-03-31,C0015,web,cancelled
O02747,2025-03-31,C0128,store,completed
O03559,2025-03-31,C0135,web,completed
O04182,2025-03-31,C0178,store,completed
O04479,2025-03-31,C0059,web,completed
O00801,2025-04-01,C0169,web,completed
O03265,2025-04-01,C0077,web,completed
O03905,2025-04-01,C0088,store,completed
O04514,2025-04-01,C0096,web,completed
O05196,2025-04-01,C0007,web,completed
O00104,2025-04-02,C0083,web,completed
O00134,2025-04-02,C0038,store,completed
O00935,2025-04-02,C0073,store,completed
O01066,2025-04-02,C0037,web,completed
O01154,2025-04-02,C0118,store,completed
O01863,2025-04-02,C0078,web,completed
O03248,2025-04-02,C0135,web,completed
O03684,2025-04-02,C0017,web,completed
O04523,2025-04-02,C0003,store,pending
O05180,2025-04-02,C0107,web,completed
O00811,2025-04-03,C0064,store,completed
O00919,2025-04-03,C0127,store,completed
O01194,2025-04-03,C0134,web,completed
O02719,2025-04-03,C0146,phone,completed
O03346,2025-04-03,C0013,store,completed
O03797,2025-04-03,C0050,web,completed
O05062,2025-04-03,C0176,web,completed
O00033,2025-04-04,C0072,web,completed
O01595,2025-04-04,C0019,web,cancelled
O02472,2025-04-04,C0167,phone,completed
O04372,2025-04-04,C0087,web,completed
O05167,2025-04-04,C0124,web,pending
O01632,2025-04-05,C0099,web,completed
O03321,2025-04-05,C0170,store,completed
O03365,2025-04-05,C0148,web,pending
O03737,2025-04-05,C0169,store,cancelled
O00385,2025-04-06,C0140,store,completed
O01812,2025-04-06,C0108,web,completed
O03344,2025-04-06,C0169,web,completed
O03558,2025-04-06,C0173,web,completed
O05188,2025-04-06,C0122,web,completed
O00418,2025-04-07,C0093,web,completed
O02460,2025-04-07,C0039,web,completed
O04814,2025-04-07,C0091,web,completed
O05335,2025-04-07,C0001,web,completed
O05445,2025-04-07,C0012,store,completed
O00105,2025-04-08,C0053,web,completed
O01121,2025-04-08,C0071,web,completed
O01581,2025-04-08,C0080,web,completed
O02184,2025-04-08,C0077,web,completed
O02586,2025-04-08,C0042,web,cancelled
O02623,2025-04-08,C0124,web,completed
O03630,2025-04-08,C0161,web,completed
O04769,2025-04-08,C0058,store,completed
O04924,2025-04-08,C0127,store,completed
O05119,2025-04-08,C0074,store,completed
O05124,2025-04-08,C0020,web,completed
O05322,2025-04-08,C0111,web,completed
O05709,2025-04-08,C0140,web,completed
O00005,2025-04-09,C0058,web,completed
O02259,2025-04-09,C0123,phone,completed
O02434,2025-04-09,C0179,web,completed
O02600,2025-04-09,C0047,web,completed
O02961,2025-04-09,C0065,store,completed
O03670,2025-04-09,C0059,store,completed
O03844,2025-04-09,C0064,phone,completed
O04532,2025-04-09,C0023,web,completed
O04714,2025-04-09,C0085,web,completed
O05129,2025-04-09,C0016,web,completed
O00291,2025-04-10,C0048,web,completed
O00367,2025-04-10,C0099,web,completed
O01913,2025-04-10,C0132,store,completed
O02986,2025-04-10,C0107,web,completed
O03582,2025-04-10,C0003,store,completed
O03609,2025-04-10,C0035,web,completed
O00189,2025-04-11,C0177,web,completed
O00361,2025-04-11,C0105,phone,pending
O00395,2025-04-11,C0103,web,completed
O01128,2025-04-11,C0051,store,completed
O01965,2025-04-11,C0092,web,completed
O02980,2025-04-11,C0016,store,completed
O05569,2025-04-11,C0167,web,completed
O00147,2025-04-12,C0122,web,completed
O01424,2025-04-12,C0177,web,completed
O04577,2025-04-12,C0113,phone,cancelled
O04689,2025-04-12,C0007,web,completed
O01476,2025-04-13,C0004,web,cancelled
O01561,2025-04-13,C0124,web,completed
O01718,2025-04-13,C0045,web,completed
O02173,2025-04-13,C0124,web,completed
O02456,2025-04-13,C0106,web,completed
O02818,2025-04-13,C0143,web,completed
O03589,2025-04-13,C0066,store,completed
O03734,2025-04-13,C0160,web,completed
O03784,2025-04-13,C0157,web,completed
O04256,2025-04-13,C0145,phone,completed
O05073,2025-04-13,C0173,web,completed
O05842,2025-04-13,C0091,store,completed
O05857,2025-04-13,C0022,web,completed
O05944,2025-04-13,C0169,web,completed
O01866,2025-04-14,C0037,web,completed
O02526,2025-04-14,C0144,store,completed
O03096,2025-04-14,C0167,web,cancelled
O04206,2025-04-14,C0165,web,completed
O04675,2025-04-14,C0051,web,completed
O05655,2025-04-14,C0030,store,completed
O05958,2025-04-14,C0141,store,completed
O01275,2025-04-15,C0178,store,completed
O01717,2025-04-15,C0158,web,pending
O01839,2025-04-15,C0024,store,completed
O01886,2025-04-15,C0070,web,completed
O03048,2025-04-15,C0097,web,completed
O04020,2025-04-15,C0052,web,pending
O04156,2025-04-15,C0166,phone,completed
O04404,2025-04-15,C0040,store,completed
O04584,2025-04-15,C0028,web,completed
O01007,2025-04-16,C0075,web,completed
O02152,2025-04-16,C0068,web,completed
O04644,2025-04-16,C0125,web,completed
O04821,2025-04-16,C0109,store,completed
O05820,2025-04-16,C0116,web,completed
O05914,2025-04-16,C0057,web,completed
O00027,2025-04-17,C0069,web,completed
O00337,2025-04-17,C0155,web,completed
O01355,2025-04-17,C0050,web,completed
O01386,2025-04-17,C0028,web,completed
O01713,2025-04-17,C0144,store,completed
O02854,2025-04-17,C0057,web,completed
O03590,2025-04-17,C0063,web,completed
O04705,2025-04-17,C0031,store,completed
O05362,2025-04-17,C0020,store,completed
O05828,2025-04-17,C0137,web,completed
O01084,2025-04-18,C0163,web,completed
O01261,2025-04-18,C0179,web,completed
O02729,2025-04-18,C0067,web,completed
O04547,2025-04-18,C0075,web,cancelled
O04938,2025-04-18,C0001,web,completed
O05431,2025-04-18,C0180,web,completed
O05556,2025-04-18,C0074,web,completed
O00724,2025-04-19,C0158,web,completed
O00872,2025-04-19,C0006,store,cancelled
O01952,2025-04-19,C0105,store,completed
O01967,2025-04-19,C0007,web,completed
O03113,2025-04-19,C0170,web,completed
O03587,2025-04-19,C0143,store,completed
O05754,2025-04-19,C0098,web,cancelled
O00339,2025-04-20,C0164,web,completed
O00781,2025-04-20,C0030,web,completed
O03012,2025-04-20,C0010,phone,completed
O03958,2025-04-20,C0137,web,completed
O04940,2025-04-20,C0063,store,completed
O04995,2025-04-20,C0070,web,completed
O05302,2025-04-20,C0113,web,completed
O00225,2025-04-21,C0156,phone,completed
O01051,2025-04-21,C0096,web,completed
O01527,2025-04-21,C0066,store,completed
O03186,2025-04-21,C0168,web,cancelled
O03588,2025-04-21,C0009,web,completed
O03824,2025-04-21,C0076,web,completed
O04410,2025-04-21,C0177,phone,completed
O04932,2025-04-21,C0136,web,completed
O05008,2025-04-21,C0102,web,pending
O05792,2025-04-21,C0062,web,completed
O05863,2025-04-21,C0179,web,completed
O00028,2025-04-22,C0132,store,completed
O01228,2025-04-22,C0075,web,cancelled
O01816,2025-04-22,C0021,web,completed
O03416,2025-04-22,C0129,web,completed
O04015,2025-04-22,C0012,web,completed
O04700,2025-04-22,C0089,web,completed
O05476,2025-04-22,C0156,store,completed
O05526,2025-04-22,C0180,web,completed
O05555,2025-04-22,C0112,store,completed
O00166,2025-04-23,C0058,web,completed
O02517,2025-04-23,C0145,web,completed
O03615,2025-04-23,C0090,store,completed
O03851,2025-04-23,C0049,web,completed
O03857,2025-04-23,C0166,web,completed
O04165,2025-04-23,C0161,web,completed
O05608,2025-04-23,C0043,web,completed
O05642,2025-04-23,C0004,store,completed
O05983,2025-04-23,C0127,web,completed
O00728,2025-04-24,C0175,web,completed
O02744,2025-04-24,C0006,web,completed
O03427,2025-04-24,C0169,web,completed
O03979,2025-04-24,C0028,web,completed
O04871,2025-04-24,C0085,web,completed
O05787,2025-04-24,C0087,web,completed
O00023,2025-04-25,C0072,store,completed
O00071,2025-04-25,C0113,store,completed
O00743,2025-04-25,C0107,web,completed
O00821,2025-04-25,C0162,web,completed
O01498,2025-04-25,C0158,store,completed
O02322,2025-04-25,C0164,store,completed
O04176,2025-04-25,C0038,phone,completed
O04685,2025-04-25,C0158,web,completed
O04869,2025-04-25,C0020,web,completed
O05786,2025-04-25,C0032,web,pending
O00007,2025-04-26,C0131,store,completed
O00078,2025-04-26,C0108,web,cancelled
O00309,2025-04-26,C0086,phone,completed
O00461,2025-04-26,C0081,web,completed
O00598,2025-04-26,C0101,store,completed
O00798,2025-04-26,C0121,store,pending
O02130,2025-04-26,C0036,web,completed
O02607,2025-04-26,C0077,web,completed
O03093,2025-04-26,C0003,web,completed
O03611,2025-04-26,C0015,web,completed
O03929,2025-04-26,C0064,web,completed
O01001,2025-04-27,C0016,store,cancelled
O01673,2025-04-27,C0094,phone,completed
O01760,2025-04-27,C0103,store,completed
O02497,2025-04-27,C0132,web,completed
O05049,2025-04-27,C0112,store,completed
O05874,2025-04-27,C0080,store,completed
O01385,2025-04-28,C0142,web,completed
O02044,2025-04-28,C0067,store,completed
O05755,2025-04-28,C0102,web,completed
O01268,2025-04-29,C0143,store,pending
O01833,2025-04-29,C0038,store,completed
O01951,2025-04-29,C0122,web,completed
O02721,2025-04-29,C0025,web,completed
O02931,2025-04-29,C0022,store,completed
O03316,2025-04-29,C0180,store,completed
O00489,2025-04-30,C0070,web,completed
O01588,2025-04-30,C0099,web,completed
O02273,2025-04-30,C0054,store,completed
O02310,2025-04-30,C0084,web,completed
O03627,2025-04-30,C0027,phone,completed
O04640,2025-04-30,C0150,web,completed
O05111,2025-04-30,C0152,web,completed
O05283,2025-04-30,C0048,web,completed
O05402,2025-04-30,C0011,web,completed
O05552,2025-04-30,C0060,web,completed
O01578,2025-05-01,C0097,web,completed
O01813,2025-05-01,C0097,store,completed
O04139,2025-05-01,C0068,web,completed
O04594,2025-05-01,C0055,web,cancelled
O04694,2025-05-01,C0086,web,completed
O05458,2025-05-01,C0015,web,completed
O00168,2025-05-02,C0074,web,completed
O01229,2025-05-02,C0032,web,completed
O01780,2025-05-02,C0024,store,completed
O03276,2025-05-02,C0022,web,cancelled
O03749,2025-05-02,C0119,web,completed
O04153,2025-05-02,C0020,store,completed
O04350,2025-05-02,C0119,web,completed
O04772,2025-05-02,C0144,web,cancelled
O05427,2025-05-02,C0073,web,pending
O00350,2025-05-03,C0087,phone,completed
O00364,2025-05-03,C0150,web,completed
O01073,2025-05-03,C0018,web,completed
O02470,2025-05-03,C0075,web,completed
O02655,2025-05-03,C0031,store,completed
O03117,2025-05-03,C0023,web,completed
O03232,2025-05-03,C0151,web,completed
O03327,2025-05-03,C0168,phone,completed
O03835,2025-05-03,C0173,web,completed
O05976,2025-05-03,C0078,web,completed
O02159,2025-05-04,C0097,web,completed
O02634,2025-05-04,C0125,web,completed
O04931,2025-05-04,C0046,phone,completed
O05023,2025-05-04,C0057,web,pending
O05892,2025-05-04,C0152,phone,cancelled
O00273,2025-05-05,C0035,web,completed
O00554,2025-05-05,C0137,phone,completed
O01473,2025-05-05,C0080,web,completed
O01564,2025-05-05,C0018,web,completed
O02833,2025-05-05,C0155,web,completed
O03924,2025-05-05,C0071,web,completed
O04074,2025-05-05,C0099,web,completed
O04382,2025-05-05,C0180,store,completed
O05372,2025-05-05,C0038,web,completed
O05969,2025-05-05,C0163,web,completed
O00184,2025-05-06,C0029,store,completed
O00755,2025-05-06,C0138,web,completed
O00956,2025-05-06,C0137,web,completed
O01027,2025-05-06,C0128,web,completed
O01104,2025-05-06,C0033,web,completed
O01394,2025-05-06,C0129,web,completed
O04539,2025-05-06,C0133,web,completed
O04750,2025-05-06,C0084,store,completed
O00043,2025-05-07,C0090,web,completed
O02930,2025-05-07,C0146,web,completed
O02972,2025-05-07,C0011,web,completed
O03301,2025-05-07,C0090,store,completed
O04711,2025-05-07,C0047,web,completed
O04971,2025-05-07,C0016,web,completed
O05737,2025-05-07,C0124,store,completed
O05777,2025-05-07,C0108,store,completed
O05848,2025-05-07,C0108,store,completed
O01222,2025-05-08,C0165,web,completed
O01251,2025-05-08,C0139,web,completed
O01269,2025-05-08,C0121,store,completed
O02649,2025-05-08,C0092,phone,pending
O02650,2025-05-08,C0065,web,completed
O03445,2025-05-08,C0020,web,completed
O04511,2025-05-08,C0007,web,completed
O04538,2025-05-08,C0076,web,completed
O03004,2025-05-09,C0163,web,completed
O03298,2025-05-09,C0144,web,completed
O03919,2025-05-09,C0056,phone,completed
O04231,2025-05-09,C0118,store,completed
O04815,2025-05-09,C0123,web,completed
O05249,2025-05-09,C0087,web,completed
O00441,2025-05-10,C0135,web,completed
O00883,2025-05-10,C0016,store,cancelled
O01214,2025-05-10,C0092,web,completed
O01733,2025-05-10,C0137,web,completed
O02282,2025-05-10,C0025,web,completed
O02332,2025-05-10,C0172,store,completed
O02979,2025-05-10,C0001,web,completed
O03502,2025-05-10,C0014,store,completed
O03537,2025-05-10,C0031,web,completed
O04052,2025-05-10,C0134,phone,completed
O04878,2025-05-10,C0130,store,completed
O05621,2025-05-10,C0135,phone,completed
O00574,2025-05-11,C0090,web,completed
O01127,2025-05-11,C0082,web,completed
O01134,2025-05-11,C0162,store,completed
O01186,2025-05-11,C0013,web,completed
O01736,2025-05-11,C0066,web,completed
O02765,2025-05-11,C0120,store,completed
O02890,2025-05-11,C0095,web,completed
O03138,2025-05-11,C0022,web,completed
O03434,2025-05-11,C0136,store,completed
O04713,2025-05-11,C0140,web,completed
O05461,2025-05-11,C0144,web,completed
O05856,2025-05-11,C0049,store,completed
O00757,2025-05-12,C0166,web,completed
O00778,2025-05-12,C0046,store,completed
O01182,2025-05-12,C0011,web,completed
O01292,2025-05-12,C0023,web,completed
O01691,2025-05-12,C0180,store,completed
O02164,2025-05-12,C0065,store,completed
O03413,2025-05-12,C0094,web,completed
O03415,2025-05-12,C0174,store,completed
O04641,2025-05-12,C0175,store,completed
O05669,2025-05-12,C0089,web,completed
O00379,2025-05-13,C0028,web,completed
O00578,2025-05-13,C0076,web,completed
O00941,2025-05-13,C0052,web,completed
O01141,2025-05-13,C0037,store,completed
O01661,2025-05-13,C0015,phone,completed
O02337,2025-05-13,C0098,web,completed
O02423,2025-05-13,C0129,phone,completed
O02461,2025-05-13,C0071,web,completed
O03212,2025-05-13,C0094,web,cancelled
O03738,2025-05-13,C0047,store,completed
O04460,2025-05-13,C0154,store,cancelled
O04939,2025-05-13,C0116,web,completed
O01771,2025-05-14,C0012,web,completed
O02268,2025-05-14,C0153,web,completed
O02358,2025-05-14,C0152,web,completed
O02544,2025-05-14,C0123,store,completed
O03081,2025-05-14,C0031,web,completed
O04842,2025-05-14,C0045,web,completed
O04915,2025-05-14,C0077,web,completed
O05069,2025-05-14,C0048,web,completed
O05566,2025-05-14,C0118,store,completed
O01223,2025-05-15,C0069,web,completed
O01675,2025-05-15,C0137,web,completed
O02364,2025-05-15,C0125,web,completed
O04122,2025-05-15,C0136,web,completed
O00971,2025-05-16,C0008,web,completed
O01444,2025-05-16,C0151,web,completed
O02401,2025-05-16,C0072,store,cancelled
O05032,2025-05-16,C0120,phone,completed
O05949,2025-05-16,C0072,web,completed
O01067,2025-05-17,C0089,store,completed
O01360,2025-05-17,C0114,web,completed
O01410,2025-05-17,C0118,store,completed
O01545,2025-05-17,C0060,web,completed
O02345,2025-05-17,C0127,web,completed
O03375,2025-05-17,C0073,web,completed
O03068,2025-05-18,C0003,phone,completed
O03706,2025-05-18,C0030,web,completed
O05337,2025-05-18,C0134,web,completed
O00628,2025-05-19,C0072,web,completed
O00832,2025-05-19,C0128,store,completed
O02250,2025-05-19,C0139,web,completed
O04435,2025-05-19,C0062,web,completed
O05447,2025-05-19,C0174,store,completed
O05953,2025-05-19,C0144,store,completed
O02418,2025-05-20,C0066,web,completed
O02910,2025-05-20,C0034,store,completed
O03953,2025-05-20,C0002,store,completed
O04128,2025-05-20,C0038,store,completed
O05331,2025-05-20,C0180,phone,pending
O00491,2025-05-21,C0097,store,completed
O01044,2025-05-21,C0148,web,completed
O02291,2025-05-21,C0148,web,completed
O03283,2025-05-21,C0043,web,completed
O03596,2025-05-21,C0078,web,completed
O04893,2025-05-21,C0140,web,completed
O00387,2025-05-22,C0045,web,completed
O00506,2025-05-22,C0008,store,completed
O01901,2025-05-22,C0137,web,completed
O02252,2025-05-22,C0009,web,cancelled
O02646,2025-05-22,C0005,web,completed
O02783,2025-05-22,C0047,web,completed
O03453,2025-05-22,C0156,phone,completed
O03567,2025-05-22,C0144,store,completed
O04595,2025-05-22,C0180,store,completed
O03238,2025-05-23,C0082,phone,completed
O04540,2025-05-23,C0024,web,completed
O02030,2025-05-24,C0008,web,completed
O02192,2025-05-24,C0104,web,completed
O02342,2025-05-24,C0088,web,completed
O02372,2025-05-24,C0027,web,completed
O03185,2025-05-24,C0101,web,completed
O03223,2025-05-24,C0153,web,completed
O03396,2025-05-24,C0024,web,cancelled
O03440,2025-05-24,C0122,web,completed
O03927,2025-05-24,C0110,web,completed
O00619,2025-05-25,C0094,web,completed
O01523,2025-05-25,C0131,store,completed
O02642,2025-05-25,C0062,web,completed
O03050,2025-05-25,C0007,store,completed
O04064,2025-05-25,C0067,web,completed
O04324,2025-05-25,C0104,web,completed
O00890,2025-05-26,C0137,web,completed
O01706,2025-05-26,C0140,web,completed
O01888,2025-05-26,C0164,store,completed
O02251,2025-05-26,C0020,web,completed
O02977,2025-05-26,C0143,web,completed
O03820,2025-05-26,C0045,phone,completed
O04489,2025-05-26,C0060,web,completed
O05405,2025-05-26,C0120,store,completed
O05664,2025-05-26,C0100,phone,completed
O01369,2025-05-27,C0155,store,completed
O02051,2025-05-27,C0044,store,completed
O02156,2025-05-27,C0178,store,completed
O02878,2025-05-27,C0065,web,cancelled
O03015,2025-05-27,C0097,web,completed
O03708,2025-05-27,C0077,web,completed
O03818,2025-05-27,C0167,web,completed
O00579,2025-05-28,C0042,store,completed
O02528,2025-05-28,C0163,web,completed
O03435,2025-05-28,C0035,store,completed
O03770,2025-05-28,C0028,web,completed
O03830,2025-05-28,C0031,web,completed
O05292,2025-05-28,C0089,web,completed
O01052,2025-05-29,C0007,web,completed
O01487,2025-05-29,C0079,web,completed
O02065,2025-05-29,C0045,phone,completed
O02705,2025-05-29,C0136,web,completed
O00100,2025-05-30,C0089,web,completed
O00502,2025-05-30,C0127,web,completed
O02713,2025-05-30,C0097,web,completed
O03087,2025-05-30,C0095,web,completed
O03424,2025-05-30,C0046,web,completed
O03569,2025-05-30,C0051,web,cancelled
O04202,2025-05-30,C0005,store,completed
O04269,2025-05-30,C0095,phone,completed
O00192,2025-05-31,C0055,store,completed
O00704,2025-05-31,C0023,web,pending
O03228,2025-05-31,C0120,web,completed
O03593,2025-05-31,C0037,phone,completed
O03782,2025-05-31,C0171,phone,completed
O04696,2025-05-31,C0023,web,completed
O05809,2025-05-31,C0003,web,completed
O01465,2025-06-01,C0151,web,completed
O02703,2025-06-01,C0009,web,completed
O02755,2025-06-01,C0066,web,completed
O03029,2025-06-01,C0011,web,completed
O03951,2025-06-01,C0061,store,cancelled
O04144,2025-06-01,C0163,store,completed
O04568,2025-06-01,C0122,store,completed
O00396,2025-06-02,C0014,store,completed
O00500,2025-06-02,C0039,store,completed
O01522,2025-06-02,C0105,web,completed
O01590,2025-06-02,C0112,store,completed
O02286,2025-06-02,C0001,web,cancelled
O03154,2025-06-02,C0073,web,completed
O03933,2025-06-02,C0077,phone,completed
O04390,2025-06-02,C0005,phone,completed
O00115,2025-06-03,C0150,web,completed
O00494,2025-06-03,C0078,store,pending
O02058,2025-06-03,C0175,web,completed
O03315,2025-06-03,C0007,web,pending
O03677,2025-06-03,C0036,store,cancelled
O05395,2025-06-03,C0057,store,completed
O05478,2025-06-03,C0143,web,cancelled
O05973,2025-06-03,C0051,store,completed
O00720,2025-06-04,C0016,web,completed
O00920,2025-06-04,C0107,web,completed
O01702,2025-06-04,C0173,web,completed
O03152,2025-06-04,C0050,store,completed
O05214,2025-06-04,C0025,phone,completed
O00266,2025-06-05,C0041,store,completed
O00621,2025-06-05,C0129,store,completed
O00670,2025-06-05,C0098,phone,completed
O01374,2025-06-05,C0143,web,completed
O02195,2025-06-05,C0162,store,completed
O00133,2025-06-06,C0084,web,completed
O00231,2025-06-06,C0169,web,completed
O00392,2025-06-06,C0175,phone,pending
O00435,2025-06-06,C0123,web,completed
O02267,2025-06-06,C0004,web,completed
O03183,2025-06-06,C0043,web,completed
O03811,2025-06-06,C0144,web,completed
O03956,2025-06-06,C0162,web,completed
O05491,2025-06-06,C0115,store,pending
O05781,2025-06-06,C0125,web,completed
O05883,2025-06-06,C0169,phone,completed
O02355,2025-06-07,C0013,web,completed
O03262,2025-06-07,C0035,web,completed
O04858,2025-06-07,C0105,store,completed
O05466,2025-06-07,C0065,web,completed
O05692,2025-06-07,C0041,store,completed
O00020,2025-06-08,C0178,web,completed
O00096,2025-06-08,C0176,web,completed
O00753,2025-06-08,C0112,web,completed
O01277,2025-06-08,C0020,phone,completed
O01301,2025-06-08,C0170,web,completed
O01922,2025-06-08,C0094,web,completed
O03790,2025-06-08,C0140,web,completed
O05416,2025-06-08,C0003,phone,completed
O05926,2025-06-08,C0151,web,completed
O01711,2025-06-09,C0174,web,completed
O01746,2025-06-09,C0011,web,completed
O03402,2025-06-09,C0026,store,completed
O03667,2025-06-09,C0066,phone,completed
O03692,2025-06-09,C0161,web,completed
O04085,2025-06-09,C0022,web,completed
O05698,2025-06-09,C0164,web,completed
O00058,2025-06-10,C0045,web,completed
O01520,2025-06-10,C0120,store,completed
O01829,2025-06-10,C0082,store,completed
O02540,2025-06-10,C0137,phone,completed
O02598,2025-06-10,C0170,store,completed
O03874,2025-06-10,C0107,store,completed
O05117,2025-06-10,C0071,web,completed
O05181,2025-06-10,C0145,store,completed
O05670,2025-06-10,C0034,store,completed
O05736,2025-06-10,C0059,web,completed
O00602,2025-06-11,C0036,web,completed
O04049,2025-06-11,C0171,web,completed
O04494,2025-06-11,C0152,web,completed
O04736,2025-06-11,C0149,store,completed
O04824,2025-06-11,C0022,store,completed
O01946,2025-06-12,C0023,web,completed
O02240,2025-06-12,C0091,store,completed
O02288,2025-06-12,C0165,web,completed
O02726,2025-06-12,C0067,store,completed
O02814,2025-06-12,C0030,phone,completed
O03371,2025-06-12,C0053,web,completed
O04780,2025-06-12,C0167,web,completed
O01428,2025-06-13,C0030,web,completed
O02684,2025-06-13,C0172,web,completed
O03002,2025-06-13,C0041,web,completed
O03124,2025-06-13,C0122,web,completed
O03309,2025-06-13,C0033,web,pending
O03345,2025-06-13,C0055,store,completed
O03441,2025-06-13,C0155,web,completed
O04100,2025-06-13,C0141,store,pending
O05005,2025-06-13,C0170,web,completed
O05120,2025-06-13,C0039,web,cancelled
O05815,2025-06-13,C0026,store,completed
O00360,2025-06-14,C0052,web,completed
O00431,2025-06-14,C0155,web,completed
O00866,2025-06-14,C0077,web,completed
O01618,2025-06-14,C0033,web,completed
O02021,2025-06-14,C0127,phone,completed
O02473,2025-06-14,C0113,web,completed
O02970,2025-06-14,C0156,web,completed
O03696,2025-06-14,C0105,web,completed
O03865,2025-06-14,C0028,web,completed
O05470,2025-06-14,C0175,web,completed
O05928,2025-06-14,C0132,web,completed
O00054,2025-06-15,C0019,web,completed
O01750,2025-06-15,C0022,phone,completed
O01973,2025-06-15,C0062,web,completed
O02017,2025-06-15,C0112,store,completed
O02741,2025-06-15,C0158,web,completed
O02908,2025-06-15,C0115,web,completed
O02952,2025-06-15,C0058,web,completed
O04034,2025-06-15,C0057,web,completed
O05492,2025-06-15,C0037,store,completed
O01470,2025-06-16,C0096,store,completed
O02388,2025-06-16,C0066,store,completed
O02840,2025-06-16,C0169,store,completed
O03661,2025-06-16,C0078,web,completed
O04030,2025-06-16,C0123,web,completed
O04585,2025-06-16,C0105,web,completed
O05095,2025-06-16,C0108,web,completed
O00986,2025-06-17,C0176,web,completed
O01200,2025-06-17,C0036,store,completed
O01417,2025-06-17,C0107,web,completed
O02036,2025-06-17,C0173,web,completed
O02525,2025-06-17,C0146,web,completed
O02584,2025-06-17,C0048,web,completed
O03487,2025-06-17,C0134,web,completed
O03831,2025-06-17,C0157,web,completed
O04646,2025-06-17,C0009,web,completed
O04863,2025-06-17,C0146,web,completed
O00642,2025-06-18,C0147,store,completed
O01790,2025-06-18,C0059,phone,completed
O02656,2025-06-18,C0073,store,completed
O04412,2025-06-18,C0172,store,completed
O04548,2025-06-18,C0102,web,cancelled
O04836,2025-06-18,C0030,phone,completed
O00246,2025-06-19,C0050,web,cancelled
O00606,2025-06-19,C0165,web,completed
O00706,2025-06-19,C0016,phone,completed
O00784,2025-06-19,C0170,web,completed
O02692,2025-06-19,C0108,web,completed
O04022,2025-06-19,C0041,web,completed
O05169,2025-06-19,C0131,store,completed
O05499,2025-06-19,C0023,web,cancelled
O05830,2025-06-19,C0079,web,completed
O00003,2025-06-20,C0147,web,completed
O00235,2025-06-20,C0107,web,completed
O00454,2025-06-20,C0152,store,completed
O01224,2025-06-20,C0004,store,pending
O01625,2025-06-20,C0107,web,completed
O02222,2025-06-20,C0028,web,completed
O02504,2025-06-20,C0045,store,cancelled
O02830,2025-06-20,C0154,phone,completed
O04406,2025-06-20,C0045,web,completed
O04516,2025-06-20,C0115,web,completed
O04890,2025-06-20,C0087,phone,completed
O00006,2025-06-21,C0063,web,completed
O00331,2025-06-21,C0105,store,completed
O00525,2025-06-21,C0043,web,completed
O01557,2025-06-21,C0097,web,completed
O02190,2025-06-21,C0086,web,completed
O02289,2025-06-21,C0125,web,completed
O02328,2025-06-21,C0170,web,completed
O02636,2025-06-21,C0023,store,completed
O03526,2025-06-21,C0029,web,cancelled
O04142,2025-06-21,C0047,web,completed
O04818,2025-06-21,C0160,web,completed
O04920,2025-06-21,C0007,web,cancelled
O05443,2025-06-21,C0158,web,completed
O05724,2025-06-21,C0159,phone,completed
O00519,2025-06-22,C0078,store,completed
O01542,2025-06-22,C0027,web,completed
O01597,2025-06-22,C0035,store,completed
O01893,2025-06-22,C0085,store,completed
O02994,2025-06-22,C0045,store,completed
O04753,2025-06-22,C0157,web,completed
O05037,2025-06-22,C0172,web,completed
O05087,2025-06-22,C0094,web,cancelled
O00279,2025-06-23,C0151,web,completed
O00419,2025-06-23,C0019,store,cancelled
O00800,2025-06-23,C0066,web,completed
O05280,2025-06-23,C0159,web,completed
O00051,2025-06-24,C0054,web,completed
O00965,2025-06-24,C0054,web,completed
O02438,2025-06-24,C0012,web,pending
O02446,2025-06-24,C0169,web,completed
O02675,2025-06-24,C0024,web,completed
O02802,2025-06-24,C0178,store,pending
O02861,2025-06-24,C0051,web,completed
O02984,2025-06-24,C0170,web,completed
O04018,2025-06-24,C0093,web,completed
O04916,2025-06-24,C0122,web,completed
O05130,2025-06-24,C0145,web,cancelled
O05972,2025-06-24,C0085,web,completed
O00464,2025-06-25,C0091,web,completed
O01761,2025-06-25,C0115,web,completed
O02948,2025-06-25,C0132,phone,completed
O04024,2025-06-25,C0112,store,pending
O04593,2025-06-25,C0006,store,completed
O05346,2025-06-25,C0117,store,completed
O05768,2025-06-25,C0109,phone,completed
O00940,2025-06-26,C0159,phone,completed
O03917,2025-06-26,C0119,web,completed
O04419,2025-06-26,C0105,store,completed
O05710,2025-06-26,C0118,store,cancelled
O05773,2025-06-26,C0042,web,completed
O00735,2025-06-27,C0018,web,completed
O01936,2025-06-27,C0047,web,cancelled
O02303,2025-06-27,C0090,store,completed
O02587,2025-06-27,C0021,web,completed
O02652,2025-06-27,C0087,store,completed
O04798,2025-06-27,C0121,web,completed
O05597,2025-06-27,C0025,store,completed
O00095,2025-06-28,C0046,web,completed
O00736,2025-06-28,C0044,web,completed
O01144,2025-06-28,C0037,store,completed
O01151,2025-06-28,C0176,web,completed
O01471,2025-06-28,C0110,store,completed
O01938,2025-06-28,C0125,web,completed
O02620,2025-06-28,C0071,web,completed
O02793,2025-06-28,C0084,web,completed
O04835,2025-06-28,C0171,store,completed
O00937,2025-06-29,C0141,web,completed
O01219,2025-06-29,C0104,web,completed
O01276,2025-06-29,C0058,store,completed
O01315,2025-06-29,C0049,web,completed
O02989,2025-06-29,C0145,store,completed
O03136,2025-06-29,C0016,web,completed
O03149,2025-06-29,C0134,store,completed
O03229,2025-06-29,C0046,store,completed
O03349,2025-06-29,C0051,web,completed
O04145,2025-06-29,C0089,web,completed
O05081,2025-06-29,C0033,store,cancelled
O05751,2025-06-29,C0050,phone,completed
O01050,2025-06-30,C0150,web,completed
O01850,2025-06-30,C0105,web,completed
O02210,2025-06-30,C0104,web,completed
O02467,2025-06-30,C0098,web,completed
O02712,2025-06-30,C0074,web,completed
O02767,2025-06-30,C0006,web,completed
O02949,2025-06-30,C0142,store,completed
O04071,2025-06-30,C0086,web,completed
O04311,2025-06-30,C0037,web,pending
O05359,2025-06-30,C0144,web,completed
O05593,2025-06-30,C0159,store,completed
O05727,2025-06-30,C0140,web,completed
O01437,2025-07-01,C0169,web,completed
O01660,2025-07-01,C0089,web,completed
O02076,2025-07-01,C0082,store,completed
O02079,2025-07-01,C0044,phone,completed
O03607,2025-07-01,C0129,web,completed
O04468,2025-07-01,C0151,web,completed
O05348,2025-07-01,C0180,store,completed
O00317,2025-07-02,C0006,web,cancelled
O01089,2025-07-02,C0087,web,completed
O01445,2025-07-02,C0136,phone,completed
O01755,2025-07-02,C0141,phone,completed
O02495,2025-07-02,C0149,phone,completed
O02787,2025-07-02,C0057,web,completed
O03051,2025-07-02,C0014,store,completed
O03745,2025-07-02,C0161,web,completed
O04111,2025-07-02,C0075,web,completed
O05137,2025-07-02,C0171,web,completed
O05275,2025-07-02,C0024,web,completed
O00460,2025-07-03,C0050,web,completed
O01562,2025-07-03,C0134,web,completed
O04102,2025-07-03,C0113,web,completed
O04508,2025-07-03,C0119,web,completed
O04515,2025-07-03,C0156,web,completed
O05305,2025-07-03,C0105,web,completed
O05410,2025-07-03,C0085,web,completed
O00158,2025-07-04,C0020,web,completed
O00674,2025-07-04,C0139,phone,completed
O00681,2025-07-04,C0052,store,completed
O01095,2025-07-04,C0030,web,completed
O01788,2025-07-04,C0029,web,completed
O02361,2025-07-04,C0111,web,completed
O02433,2025-07-04,C0002,web,pending
O02682,2025-07-04,C0133,store,completed
O03038,2025-07-04,C0091,web,completed
O05894,2025-07-04,C0094,web,completed
O05982,2025-07-04,C0152,web,completed
O00406,2025-07-05,C0136,web,completed
O02653,2025-07-05,C0097,web,completed
O03211,2025-07-05,C0092,web,completed
O03501,2025-07-05,C0017,web,completed
O04535,2025-07-05,C0128,web,completed
O04895,2025-07-05,C0140,web,completed
O05075,2025-07-05,C0041,web,completed
O05954,2025-07-05,C0179,web,completed
O01596,2025-07-06,C0045,store,completed
O02161,2025-07-06,C0160,store,completed
O03193,2025-07-06,C0088,store,completed
O03431,2025-07-06,C0174,web,completed
O04108,2025-07-06,C0031,web,completed
O05156,2025-07-06,C0061,web,completed
O01835,2025-07-07,C0071,web,completed
O02067,2025-07-07,C0142,store,cancelled
O02223,2025-07-07,C0116,web,completed
O02516,2025-07-07,C0039,store,completed
O02564,2025-07-07,C0065,web,completed
O03219,2025-07-07,C0054,phone,completed
O03477,2025-07-07,C0147,web,completed
O03703,2025-07-07,C0176,web,completed
O03726,2025-07-07,C0119,store,completed
O04151,2025-07-07,C0083,web,completed
O05122,2025-07-07,C0180,store,completed
O00175,2025-07-08,C0136,web,completed
O00592,2025-07-08,C0172,web,completed
O00689,2025-07-08,C0038,web,completed
O00744,2025-07-08,C0136,web,completed
O01658,2025-07-08,C0069,store,completed
O01671,2025-07-08,C0148,store,completed
O02101,2025-07-08,C0146,store,completed
O03370,2025-07-08,C0153,web,completed
O04290,2025-07-08,C0137,web,completed
O05315,2025-07-08,C0071,web,completed
O05966,2025-07-08,C0005,web,completed
O00135,2025-07-09,C0016,web,completed
O00263,2025-07-09,C0015,web,completed
O00806,2025-07-09,C0070,web,completed
O01911,2025-07-09,C0142,web,completed
O02011,2025-07-09,C0031,web,completed
O02509,2025-07-09,C0136,web,completed
O02613,2025-07-09,C0103,store,completed
O03902,2025-07-09,C0146,web,completed
O04189,2025-07-09,C0029,store,completed
O05158,2025-07-09,C0127,web,completed
O05321,2025-07-09,C0131,web,completed
O05481,2025-07-09,C0140,web,completed
O00888,2025-07-10,C0034,web,completed
O01501,2025-07-10,C0173,web,pending
O01554,2025-07-10,C0028,web,completed
O01985,2025-07-10,C0154,store,completed
O02443,2025-07-10,C0047,store,completed
O02608,2025-07-10,C0010,web,pending
O02885,2025-07-10,C0106,web,completed
O03310,2025-07-10,C0100,web,completed
O00121,2025-07-11,C0064,store,completed
O00780,2025-07-11,C0122,web,completed
O00959,2025-07-11,C0058,web,completed
O01172,2025-07-11,C0107,store,completed
O01524,2025-07-11,C0037,phone,completed
O01930,2025-07-11,C0091,web,completed
O02822,2025-07-11,C0046,web,completed
O02904,2025-07-11,C0163,web,cancelled
O03108,2025-07-11,C0139,phone,completed
O05330,2025-07-11,C0124,web,completed
O05599,2025-07-11,C0106,web,completed
O00265,2025-07-12,C0100,store,completed
O00478,2025-07-12,C0082,store,completed
O01514,2025-07-12,C0060,web,completed
O03461,2025-07-12,C0034,store,completed
O04483,2025-07-12,C0003,web,completed
O04876,2025-07-12,C0162,web,completed
O05230,2025-07-12,C0178,web,completed
O05238,2025-07-12,C0009,web,completed
O05334,2025-07-12,C0007,web,completed
O00092,2025-07-13,C0025,web,completed
O00272,2025-07-13,C0073,store,completed
O00532,2025-07-13,C0046,web,completed
O01237,2025-07-13,C0052,web,completed
O02819,2025-07-13,C0021,web,completed
O03123,2025-07-13,C0002,web,completed
O03196,2025-07-13,C0040,store,completed
O03357,2025-07-13,C0144,web,completed
O03813,2025-07-13,C0078,web,pending
O04983,2025-07-13,C0059,store,cancelled
O05329,2025-07-13,C0167,phone,completed
O05514,2025-07-13,C0175,web,completed
O00680,2025-07-14,C0108,web,cancelled
O01420,2025-07-14,C0035,store,completed
O01652,2025-07-14,C0162,web,cancelled
O01791,2025-07-14,C0145,store,completed
O03760,2025-07-14,C0164,web,completed
O04693,2025-07-14,C0111,web,completed
O05355,2025-07-14,C0054,store,completed
O05800,2025-07-14,C0081,store,completed
O00282,2025-07-15,C0017,web,completed
O01316,2025-07-15,C0061,store,completed
O02514,2025-07-15,C0078,web,completed
O02907,2025-07-15,C0176,web,completed
O02956,2025-07-15,C0090,web,completed
O04340,2025-07-15,C0071,web,completed
O04664,2025-07-15,C0058,web,completed
O01517,2025-07-16,C0079,web,completed
O01623,2025-07-16,C0105,web,completed
O02570,2025-07-16,C0012,store,completed
O03037,2025-07-16,C0008,phone,completed
O03482,2025-07-16,C0087,web,completed
O03798,2025-07-16,C0152,web,completed
O04767,2025-07-16,C0113,web,completed
O04855,2025-07-16,C0099,web,completed
O00240,2025-07-17,C0114,web,completed
O00267,2025-07-17,C0180,store,completed
O00479,2025-07-17,C0167,web,completed
O00582,2025-07-17,C0113,phone,completed
O00657,2025-07-17,C0090,web,completed
O01334,2025-07-17,C0118,web,pending
O01724,2025-07-17,C0118,web,completed
O02013,2025-07-17,C0115,web,completed
O03118,2025-07-17,C0020,web,completed
O03423,2025-07-17,C0160,web,completed
O00045,2025-07-18,C0163,phone,pending
O00382,2025-07-18,C0065,web,completed
O00575,2025-07-18,C0172,store,completed
O01085,2025-07-18,C0116,web,completed
O01177,2025-07-18,C0170,web,completed
O02177,2025-07-18,C0023,web,completed
O03547,2025-07-18,C0147,phone,completed
O05413,2025-07-18,C0138,web,completed
O05425,2025-07-18,C0125,web,completed
O05442,2025-07-18,C0178,web,completed
O05715,2025-07-18,C0168,web,cancelled
O05847,2025-07-18,C0064,web,completed
O00170,2025-07-19,C0060,web,completed
O00952,2025-07-19,C0075,web,completed
O01209,2025-07-19,C0085,web,completed
O01304,2025-07-19,C0132,web,completed
O02056,2025-07-19,C0140,store,completed
O03364,2025-07-19,C0176,web,completed
O04317,2025-07-19,C0004,phone,completed
O04464,2025-07-19,C0140,store,completed
O00278,2025-07-20,C0140,store,completed
O02556,2025-07-20,C0004,web,completed
O03333,2025-07-20,C0160,web,completed
O03493,2025-07-20,C0042,web,completed
O05357,2025-07-20,C0029,web,completed
O05639,2025-07-20,C0089,phone,completed
O04950,2025-07-21,C0113,store,completed
O05221,2025-07-21,C0054,phone,completed
O05742,2025-07-21,C0065,store,completed
O05955,2025-07-21,C0127,web,completed
O00149,2025-07-22,C0031,store,completed
O00241,2025-07-22,C0121,phone,completed
O00560,2025-07-22,C0019,web,completed
O04327,2025-07-22,C0035,web,completed
O04994,2025-07-22,C0049,web,pending
O01208,2025-07-23,C0135,web,completed
O01678,2025-07-23,C0014,store,completed
O02246,2025-07-23,C0093,store,completed
O02450,2025-07-23,C0126,web,completed
O03948,2025-07-23,C0141,store,completed
O04517,2025-07-23,C0174,web,completed
O05946,2025-07-23,C0059,web,completed
O00605,2025-07-24,C0118,web,completed
O03141,2025-07-24,C0118,store,completed
O03644,2025-07-24,C0118,web,completed
O03950,2025-07-24,C0050,web,completed
O04070,2025-07-24,C0007,web,completed
O04276,2025-07-24,C0118,web,cancelled
O04457,2025-07-24,C0117,store,completed
O04507,2025-07-24,C0018,web,cancelled
O04880,2025-07-24,C0150,web,completed
O00335,2025-07-25,C0047,web,completed
O00445,2025-07-25,C0033,web,completed
O01118,2025-07-25,C0113,web,completed
O01804,2025-07-25,C0110,store,completed
O01859,2025-07-25,C0050,web,completed
O02098,2025-07-25,C0040,web,completed
O03412,2025-07-25,C0052,phone,completed
O03492,2025-07-25,C0036,web,completed
O03498,2025-07-25,C0058,phone,completed
O03930,2025-07-25,C0064,phone,completed
O04652,2025-07-25,C0134,store,completed
O04663,2025-07-25,C0014,web,completed
O05909,2025-07-25,C0120,store,completed
O00636,2025-07-26,C0134,web,completed
O01799,2025-07-26,C0077,phone,completed
O02385,2025-07-26,C0013,web,completed
O03277,2025-07-26,C0171,store,completed
O03308,2025-07-26,C0074,web,completed
O03536,2025-07-26,C0046,web,completed
O00966,2025-07-27,C0159,web,completed
O01960,2025-07-27,C0173,store,completed
O02654,2025-07-27,C0116,web,completed
O04192,2025-07-27,C0133,store,completed
O04420,2025-07-27,C0055,store,completed
O05691,2025-07-27,C0085,web,completed
O05796,2025-07-27,C0003,phone,completed
O00402,2025-07-28,C0044,web,cancelled
O02416,2025-07-28,C0088,web,completed
O03285,2025-07-28,C0179,web,completed
O04543,2025-07-28,C0057,web,completed
O04846,2025-07-28,C0098,store,completed
O05146,2025-07-28,C0120,store,completed
O05304,2025-07-28,C0131,web,completed
O00250,2025-07-29,C0087,web,completed
O00668,2025-07-29,C0019,web,completed
O00822,2025-07-29,C0054,web,completed
O00972,2025-07-29,C0098,store,completed
O01242,2025-07-29,C0083,web,completed
O02441,2025-07-29,C0036,web,completed
O02817,2025-07-29,C0141,web,completed
O03139,2025-07-29,C0001,phone,completed
O03242,2025-07-29,C0111,store,completed
O03827,2025-07-29,C0057,store,completed
O04722,2025-07-29,C0033,store,completed
O05360,2025-07-29,C0138,web,completed
O05428,2025-07-29,C0026,store,completed
O05844,2025-07-29,C0045,web,completed
O00816,2025-07-30,C0146,store,completed
O01010,2025-07-30,C0114,phone,completed
O02463,2025-07-30,C0124,phone,completed
O03011,2025-07-30,C0056,web,completed
O03942,2025-07-30,C0029,web,completed
O04131,2025-07-30,C0179,web,completed
O04592,2025-07-30,C0147,web,completed
O04611,2025-07-30,C0003,web,completed
O04847,2025-07-30,C0082,web,completed
O00195,2025-07-31,C0112,web,completed
O01963,2025-07-31,C0146,web,completed
O02490,2025-07-31,C0014,web,completed
O03377,2025-07-31,C0146,phone,completed
O04673,2025-07-31,C0087,web,completed
O05291,2025-07-31,C0054,store,completed
O00186,2025-08-01,C0155,web,completed
O00209,2025-08-01,C0035,web,cancelled
O00782,2025-08-01,C0082,web,completed
O02954,2025-08-01,C0054,store,completed
O03862,2025-08-01,C0112,phone,completed
O04309,2025-08-01,C0023,store,completed
O04778,2025-08-01,C0067,phone,completed
O02506,2025-08-02,C0075,store,completed
O03231,2025-08-02,C0043,web,completed
O00424,2025-08-03,C0061,phone,completed
O01243,2025-08-03,C0075,web,completed
O01902,2025-08-03,C0133,phone,completed
O02575,2025-08-03,C0030,web,completed
O04271,2025-08-03,C0008,store,completed
O04346,2025-08-03,C0175,web,completed
O01187,2025-08-04,C0093,store,completed
O02037,2025-08-04,C0110,web,completed
O04677,2025-08-04,C0104,web,cancelled
O04805,2025-08-04,C0059,web,completed
O05307,2025-08-04,C0142,phone,completed
O00117,2025-08-05,C0118,phone,pending
O00224,2025-08-05,C0037,store,completed
O00677,2025-08-05,C0034,web,completed
O01449,2025-08-05,C0100,web,completed
O02109,2025-08-05,C0049,web,completed
O02172,2025-08-05,C0027,web,pending
O02375,2025-08-05,C0171,store,cancelled
O05923,2025-08-05,C0023,store,completed
O00075,2025-08-06,C0024,web,completed
O00167,2025-08-06,C0156,web,completed
O00305,2025-08-06,C0045,store,completed
O00559,2025-08-06,C0113,web,completed
O01054,2025-08-06,C0017,web,completed
O03409,2025-08-06,C0134,web,completed
O00321,2025-08-07,C0045,web,completed
O00336,2025-08-07,C0152,web,completed
O00653,2025-08-07,C0033,web,completed
O01402,2025-08-07,C0029,web,completed
O02985,2025-08-07,C0179,web,completed
O03693,2025-08-07,C0041,web,completed
O03694,2025-08-07,C0096,phone,pending
O04093,2025-08-07,C0005,web,completed
O04173,2025-08-07,C0079,web,completed
O04184,2025-08-07,C0092,web,completed
O05014,2025-08-07,C0132,store,completed
O05116,2025-08-07,C0143,store,completed
O00157,2025-08-08,C0160,phone,completed
O00238,2025-08-08,C0148,web,completed
O00495,2025-08-08,C0083,web,completed
O00570,2025-08-08,C0145,web,completed
O00600,2025-08-08,C0155,web,cancelled
O01014,2025-08-08,C0152,store,completed
O02176,2025-08-08,C0082,web,completed
O02409,2025-08-08,C0140,store,completed
O03525,2025-08-08,C0008,web,completed
O04643,2025-08-08,C0060,web,completed
O00247,2025-08-09,C0028,web,completed
O00459,2025-08-09,C0109,store,completed
O01970,2025-08-09,C0160,web,completed
O02070,2025-08-09,C0010,web,completed
O02671,2025-08-09,C0160,store,completed
O03850,2025-08-09,C0026,web,completed
O04591,2025-08-09,C0053,web,completed
O04975,2025-08-09,C0055,store,completed
O05387,2025-08-09,C0154,web,completed
O05409,2025-08-09,C0092,web,completed
O05942,2025-08-09,C0120,web,completed
O00610,2025-08-10,C0042,store,completed
O01017,2025-08-10,C0169,web,completed
O03198,2025-08-10,C0004,web,completed
O03887,2025-08-10,C0099,web,completed
O04840,2025-08-10,C0036,web,pending
O05173,2025-08-10,C0029,phone,completed
O05271,2025-08-10,C0160,store,completed
O05496,2025-08-10,C0101,web,completed
O00165,2025-08-11,C0072,web,completed
O01218,2025-08-11,C0163,store,completed
O01996,2025-08-11,C0116,store,completed
O03846,2025-08-11,C0067,store,completed
O03982,2025-08-11,C0176,web,completed
O03995,2025-08-11,C0078,store,completed
O04762,2025-08-11,C0032,web,completed
O04930,2025-08-11,C0095,web,completed
O05231,2025-08-11,C0069,store,completed
O05251,2025-08-11,C0104,web,completed
O05705,2025-08-11,C0174,web,completed
O05932,2025-08-11,C0123,web,completed
O00533,2025-08-12,C0157,web,completed
O02483,2025-08-12,C0126,web,cancelled
O02964,2025-08-12,C0157,web,cancelled
O02992,2025-08-12,C0004,web,completed
O03549,2025-08-12,C0014,store,completed
O04352,2025-08-12,C0152,store,completed
O04683,2025-08-12,C0153,web,completed
O05339,2025-08-12,C0126,web,completed
O05920,2025-08-12,C0146,store,completed
O00230,2025-08-13,C0042,store,completed
O00369,2025-08-13,C0061,web,completed
O00792,2025-08-13,C0023,web,completed
O01361,2025-08-13,C0091,store,completed
O01643,2025-08-13,C0163,store,completed
O02108,2025-08-13,C0047,web,completed
O03157,2025-08-13,C0007,phone,completed
O03462,2025-08-13,C0168,store,completed
O03565,2025-08-13,C0007,web,completed
O04493,2025-08-13,C0001,web,completed
O04692,2025-08-13,C0050,store,completed
O00101,2025-08-14,C0044,phone,cancelled
O00914,2025-08-14,C0138,web,completed
O01398,2025-08-14,C0013,web,completed
O02565,2025-08-14,C0075,web,completed
O03182,2025-08-14,C0105,web,completed
O03604,2025-08-14,C0038,web,completed
O05371,2025-08-14,C0029,web,completed
O05516,2025-08-14,C0099,store,completed
O01028,2025-08-15,C0006,store,completed
O01279,2025-08-15,C0059,web,completed
O02064,2025-08-15,C0103,store,completed
O02211,2025-08-15,C0138,store,completed
O02940,2025-08-15,C0063,store,completed
O04618,2025-08-15,C0009,store,completed
O01080,2025-08-16,C0082,web,completed
O02046,2025-08-16,C0160,web,completed
O03239,2025-08-16,C0163,store,completed
O03731,2025-08-16,C0140,web,cancelled
O05517,2025-08-16,C0011,web,completed
O01045,2025-08-17,C0156,web,completed
O01180,2025-08-17,C0142,store,completed
O01598,2025-08-17,C0004,web,completed
O02397,2025-08-17,C0016,web,completed
O03031,2025-08-17,C0008,store,completed
O03092,2025-08-17,C0075,store,completed
O03255,2025-08-17,C0029,store,completed
O05997,2025-08-17,C0123,store,completed
O01585,2025-08-18,C0094,web,completed
O01831,2025-08-18,C0084,web,completed
O02743,2025-08-18,C0022,web,completed
O03109,2025-08-18,C0118,web,completed
O03514,2025-08-18,C0045,web,completed
O04226,2025-08-18,C0103,web,completed
O04235,2025-08-18,C0048,web,completed
O00048,2025-08-19,C0153,web,completed
O00664,2025-08-19,C0179,web,completed
O00876,2025-08-19,C0147,web,completed
O00977,2025-08-19,C0080,store,completed
O01034,2025-08-19,C0076,store,completed
O01097,2025-08-19,C0164,web,completed
O01338,2025-08-19,C0004,web,cancelled
O02232,2025-08-19,C0083,web,completed
O02403,2025-08-19,C0171,phone,completed
O03278,2025-08-19,C0036,store,completed
O03384,2025-08-19,C0065,web,completed
O03814,2025-08-19,C0125,store,completed
O04553,2025-08-19,C0027,store,completed
O04732,2025-08-19,C0152,web,completed
O05006,2025-08-19,C0124,web,completed
O05345,2025-08-19,C0153,web,completed
O05592,2025-08-19,C0073,web,completed
O05822,2025-08-19,C0084,web,completed
O01032,2025-08-20,C0022,phone,completed
O01841,2025-08-20,C0037,web,completed
O03256,2025-08-20,C0152,web,completed
O03312,2025-08-20,C0032,web,completed
O04332,2025-08-20,C0095,store,completed
O04364,2025-08-20,C0164,web,completed
O04393,2025-08-20,C0041,web,completed
O05452,2025-08-20,C0019,web,cancelled
O00769,2025-08-21,C0137,web,completed
O01832,2025-08-21,C0005,web,completed
O03459,2025-08-21,C0037,web,completed
O01055,2025-08-22,C0035,web,completed
O01570,2025-08-22,C0026,web,completed
O02616,2025-08-22,C0009,web,completed
O02773,2025-08-22,C0084,web,completed
O03539,2025-08-22,C0157,store,completed
O03981,2025-08-22,C0054,web,completed
O04086,2025-08-22,C0126,phone,completed
O01354,2025-08-23,C0029,store,completed
O02929,2025-08-23,C0118,web,completed
O03478,2025-08-23,C0140,web,completed
O05671,2025-08-23,C0158,web,completed
O05713,2025-08-23,C0091,web,completed
O00269,2025-08-24,C0110,phone,completed
O00713,2025-08-24,C0044,store,completed
O01685,2025-08-24,C0060,store,completed
O02066,2025-08-24,C0005,store,completed
O03218,2025-08-24,C0113,web,completed
O00448,2025-08-25,C0006,web,completed
O01149,2025-08-25,C0040,store,completed
O01709,2025-08-25,C0084,store,completed
O01754,2025-08-25,C0077,web,completed
O02913,2025-08-25,C0160,web,completed
O03397,2025-08-25,C0109,web,completed
O03967,2025-08-25,C0042,web,pending
O04850,2025-08-25,C0019,web,completed
O04970,2025-08-25,C0055,web,pending
O05533,2025-08-25,C0167,store,completed
O00008,2025-08-26,C0058,store,completed
O00802,2025-08-26,C0032,web,completed
O01265,2025-08-26,C0030,web,completed
O01820,2025-08-26,C0121,store,completed
O01962,2025-08-26,C0153,web,completed
O02193,2025-08-26,C0128,web,completed
O02511,2025-08-26,C0162,web,completed
O02717,2025-08-26,C0069,web,completed
O02749,2025-08-26,C0131,web,completed
O03655,2025-08-26,C0179,web,completed
O04865,2025-08-26,C0170,web,completed
O05306,2025-08-26,C0077,web,completed
O00072,2025-08-27,C0039,phone,completed
O00530,2025-08-27,C0076,web,completed
O03675,2025-08-27,C0127,store,completed
O04054,2025-08-27,C0063,store,completed
O04149,2025-08-27,C0105,web,completed
O04218,2025-08-27,C0079,web,completed
O04533,2025-08-27,C0052,web,completed
O05508,2025-08-27,C0071,web,completed
O05576,2025-08-27,C0117,web,completed
O00328,2025-08-28,C0031,web,completed
O02597,2025-08-28,C0125,store,completed
O03634,2025-08-28,C0066,web,completed
O04656,2025-08-28,C0148,web,completed
O00150,2025-08-29,C0086,phone,completed
O00252,2025-08-29,C0127,web,completed
O03463,2025-08-29,C0002,store,completed
O04806,2025-08-29,C0136,phone,completed
O01037,2025-08-30,C0168,web,completed
O02028,2025-08-30,C0164,web,completed
O02568,2025-08-30,C0032,store,completed
O05300,2025-08-30,C0070,store,completed
O00262,2025-08-31,C0164,store,completed
O00345,2025-08-31,C0134,web,completed
O00520,2025-08-31,C0067,web,completed
O01636,2025-08-31,C0003,web,completed
O01664,2025-08-31,C0135,store,completed
O04625,2025-08-31,C0079,web,completed
O04681,2025-08-31,C0009,web,completed
O05100,2025-08-31,C0063,web,completed
O00063,2025-09-01,C0172,web,completed
O01267,2025-09-01,C0089,web,completed
O01475,2025-09-01,C0031,web,completed
O02440,2025-09-01,C0096,web,cancelled
O03697,2025-09-01,C0031,web,completed
O03858,2025-09-01,C0091,web,completed
O04362,2025-09-01,C0080,web,completed
O05038,2025-09-01,C0114,web,completed
O05176,2025-09-01,C0137,web,completed
O05342,2025-09-01,C0131,web,completed
O05600,2025-09-01,C0002,web,completed
O05968,2025-09-01,C0121,web,completed
O00218,2025-09-02,C0111,web,completed
O00488,2025-09-02,C0011,web,completed
O00696,2025-09-02,C0023,web,completed
O02718,2025-09-02,C0051,web,cancelled
O03612,2025-09-02,C0140,store,completed
O04079,2025-09-02,C0042,web,completed
O05098,2025-09-02,C0078,web,completed
O05760,2025-09-02,C0079,store,completed
O00608,2025-09-03,C0121,web,completed
O03719,2025-09-03,C0160,web,completed
O04576,2025-09-03,C0121,store,completed
O05250,2025-09-03,C0017,web,completed
O00556,2025-09-04,C0103,web,completed
O00730,2025-09-04,C0052,web,completed
O00836,2025-09-04,C0115,web,completed
O01572,2025-09-04,C0059,store,completed
O01786,2025-09-04,C0045,phone,completed
O03044,2025-09-04,C0155,web,completed
O03822,2025-09-04,C0149,store,completed
O04087,2025-09-04,C0018,phone,pending
O04196,2025-09-04,C0044,web,completed
O05401,2025-09-04,C0149,web,completed
O05991,2025-09-04,C0061,store,completed
O00069,2025-09-05,C0028,phone,completed
O01039,2025-09-05,C0167,web,completed
O02042,2025-09-05,C0058,web,completed
O03263,2025-09-05,C0032,store,completed
O03468,2025-09-05,C0004,web,completed
O03583,2025-09-05,C0014,store,completed
O04033,2025-09-05,C0144,web,completed
O04076,2025-09-05,C0104,web,completed
O04259,2025-09-05,C0167,web,completed
O05974,2025-09-05,C0076,web,completed
O00829,2025-09-06,C0061,web,completed
O00947,2025-09-06,C0058,phone,completed
O01072,2025-09-06,C0059,web,completed
O01981,2025-09-06,C0071,web,completed
O03017,2025-09-06,C0082,web,completed
O04447,2025-09-06,C0124,web,completed
O04763,2025-09-06,C0150,store,completed
O05583,2025-09-06,C0170,store,completed
O05738,2025-09-06,C0038,store,completed
O05740,2025-09-06,C0108,store,completed
O00915,2025-09-07,C0020,web,completed
O01266,2025-09-07,C0035,store,completed
O01665,2025-09-07,C0044,web,completed
O01693,2025-09-07,C0105,web,completed
O04872,2025-09-07,C0100,web,cancelled
O05253,2025-09-07,C0074,store,completed
O05762,2025-09-07,C0072,store,completed
O01038,2025-09-08,C0120,web,completed
O02117,2025-09-08,C0154,web,completed
O02477,2025-09-08,C0115,phone,completed
O02842,2025-09-08,C0103,web,completed
O03165,2025-09-08,C0109,web,completed
O03287,2025-09-08,C0099,web,completed
O03904,2025-09-08,C0039,web,completed
O04368,2025-09-08,C0036,web,completed
O04519,2025-09-08,C0012,web,completed
O05456,2025-09-08,C0169,store,completed
O05603,2025-09-08,C0155,web,completed
O00576,2025-09-09,C0010,phone,cancelled
O04668,2025-09-09,C0113,web,completed
O02589,2025-09-10,C0062,web,completed
O02732,2025-09-10,C0011,web,completed
O03903,2025-09-10,C0033,web,completed
O04567,2025-09-10,C0009,web,completed
O04691,2025-09-10,C0108,store,completed
O04909,2025-09-10,C0032,store,cancelled
O05437,2025-09-10,C0093,store,completed
O00017,2025-09-11,C0158,web,completed
O00099,2025-09-11,C0154,web,completed
O00417,2025-09-11,C0096,web,completed
O02157,2025-09-11,C0142,web,completed
O02475,2025-09-11,C0047,web,completed
O03672,2025-09-11,C0032,store,completed
O04027,2025-09-11,C0142,web,completed
O01383,2025-09-12,C0039,web,completed
O01599,2025-09-12,C0059,web,pending
O01796,2025-09-12,C0118,web,completed
O02973,2025-09-12,C0084,web,completed
O03414,2025-09-12,C0124,web,cancelled
O05226,2025-09-12,C0129,store,completed
O05255,2025-09-12,C0062,store,cancelled
O00462,2025-09-13,C0077,store,completed
O00557,2025-09-13,C0105,web,completed
O00750,2025-09-13,C0155,web,completed
O01313,2025-09-13,C0063,web,completed
O01418,2025-09-13,C0154,web,completed
O01937,2025-09-13,C0156,web,completed
O02227,2025-09-13,C0021,store,completed
O02711,2025-09-13,C0067,web,completed
O03475,2025-09-13,C0121,web,completed
O03849,2025-09-13,C0072,web,completed
O00641,2025-09-14,C0124,web,completed
O00873,2025-09-14,C0014,web,completed
O01271,2025-09-14,C0043,web,completed
O01515,2025-09-14,C0156,web,completed
O03195,2025-09-14,C0035,store,completed
O03505,2025-09-14,C0030,web,completed
O03646,2025-09-14,C0157,web,completed
O04454,2025-09-14,C0143,web,completed
O04655,2025-09-14,C0140,web,cancelled
O01889,2025-09-15,C0041,web,completed
O02318,2025-09-15,C0079,web,completed
O02629,2025-09-15,C0014,store,completed
O00137,2025-09-16,C0025,store,completed
O02500,2025-09-16,C0135,phone,completed
O03273,2025-09-16,C0042,web,completed
O03490,2025-09-16,C0089,web,completed
O03691,2025-09-16,C0023,web,completed
O03952,2025-09-16,C0080,web,completed
O05207,2025-09-16,C0099,web,completed
O05303,2025-09-16,C0172,web,completed
O05380,2025-09-16,C0026,web,completed
O00983,2025-09-17,C0174,web,completed
O02915,2025-09-17,C0006,web,completed
O03135,2025-09-17,C0039,web,completed
O03488,2025-09-17,C0015,web,completed
O04073,2025-09-17,C0160,web,completed
O04965,2025-09-17,C0114,web,completed
O05758,2025-09-17,C0048,phone,completed
O00304,2025-09-18,C0072,store,completed
O00405,2025-09-18,C0062,web,completed
O01252,2025-09-18,C0087,web,completed
O01413,2025-09-18,C0092,web,completed
O01619,2025-09-18,C0021,store,completed
O02336,2025-09-18,C0174,store,completed
O03940,2025-09-18,C0077,web,completed
O03989,2025-09-18,C0152,web,completed
O04456,2025-09-18,C0151,web,completed
O04465,2025-09-18,C0111,web,completed
O04601,2025-09-18,C0140,web,completed
O05635,2025-09-18,C0077,store,completed
O00991,2025-09-19,C0016,web,completed
O01193,2025-09-19,C0172,web,completed
O01443,2025-09-19,C0030,web,completed
O03678,2025-09-19,C0084,phone,pending
O03769,2025-09-19,C0160,store,completed
O04600,2025-09-19,C0014,web,completed
O05524,2025-09-19,C0001,web,completed
O05647,2025-09-19,C0041,web,completed
O00219,2025-09-20,C0038,phone,completed
O01245,2025-09-20,C0158,web,completed
O02866,2025-09-20,C0040,phone,completed
O04531,2025-09-20,C0116,web,cancelled
O04561,2025-09-20,C0120,web,completed
O05989,2025-09-20,C0080,phone,completed
O00030,2025-09-21,C0144,web,completed
O00463,2025-09-21,C0161,web,completed
O00990,2025-09-21,C0158,web,completed
O02339,2025-09-21,C0115,store,completed
O02612,2025-09-21,C0013,web,completed
O03192,2025-09-21,C0134,web,completed
O04248,2025-09-21,C0151,web,completed
O04634,2025-09-21,C0115,store,completed
O04720,2025-09-21,C0011,store,completed
O00861,2025-09-22,C0058,web,completed
O01328,2025-09-22,C0091,phone,completed
O01668,2025-09-22,C0179,web,completed
O02374,2025-09-22,C0055,web,completed
O02720,2025-09-22,C0004,web,cancelled
O03172,2025-09-22,C0063,web,completed
O03433,2025-09-22,C0015,web,completed
O03895,2025-09-22,C0023,web,completed
O04621,2025-09-22,C0116,store,completed
O00862,2025-09-23,C0108,web,completed
O01359,2025-09-23,C0016,phone,completed
O01635,2025-09-23,C0032,web,completed
O01655,2025-09-23,C0142,store,completed
O04556,2025-09-23,C0061,store,completed
O04639,2025-09-23,C0141,store,completed
O05045,2025-09-23,C0049,web,cancelled
O05215,2025-09-23,C0110,web,completed
O05218,2025-09-23,C0041,store,completed
O05535,2025-09-23,C0168,store,completed
O05618,2025-09-23,C0149,web,completed
O01048,2025-09-24,C0157,web,cancelled
O01345,2025-09-24,C0092,phone,completed
O02625,2025-09-24,C0177,web,completed
O03145,2025-09-24,C0001,web,completed
O03293,2025-09-24,C0126,store,completed
O04066,2025-09-24,C0013,store,completed
O04163,2025-09-24,C0114,web,completed
O04564,2025-09-24,C0169,web,completed
O00318,2025-09-25,C0010,store,completed
O00603,2025-09-25,C0061,web,completed
O00739,2025-09-25,C0102,web,completed
O01057,2025-09-25,C0158,web,completed
O02073,2025-09-25,C0133,web,completed
O04012,2025-09-25,C0048,web,completed
O04166,2025-09-25,C0171,web,pending
O04220,2025-09-25,C0055,web,completed
O04733,2025-09-25,C0066,web,completed
O05080,2025-09-25,C0125,store,pending
O05877,2025-09-25,C0019,web,completed
O00707,2025-09-26,C0113,web,completed
O00865,2025-09-26,C0154,web,completed
O01113,2025-09-26,C0107,store,completed
O01238,2025-09-26,C0154,phone,completed
O01462,2025-09-26,C0075,web,completed
O01787,2025-09-26,C0033,web,completed
O03174,2025-09-26,C0178,web,completed
O03320,2025-09-26,C0071,store,completed
O03720,2025-09-26,C0180,web,completed
O04150,2025-09-26,C0099,web,completed
O04633,2025-09-26,C0104,store,completed
O04749,2025-09-26,C0147,store,completed
O05052,2025-09-26,C0173,web,completed
O05272,2025-09-26,C0041,web,completed
O05313,2025-09-26,C0096,web,completed
O01235,2025-09-27,C0143,web,completed
O01273,2025-09-27,C0079,web,completed
O01478,2025-09-27,C0045,phone,completed
O02146,2025-09-27,C0013,store,completed
O03332,2025-09-27,C0106,web,completed
O03939,2025-09-27,C0114,store,cancelled
O04266,2025-09-27,C0150,web,pending
O04648,2025-09-27,C0041,store,completed
O05502,2025-09-27,C0002,phone,completed
O05532,2025-09-27,C0090,web,completed
O05963,2025-09-27,C0053,store,completed
O00207,2025-09-28,C0103,web,completed
O00381,2025-09-28,C0089,web,completed
O00842,2025-09-28,C0180,store,completed
O01593,2025-09-28,C0055,web,completed
O03602,2025-09-28,C0069,store,pending
O04912,2025-09-28,C0068,web,completed
O00509,2025-09-29,C0079,web,completed
O01379,2025-09-29,C0059,store,completed
O01577,2025-09-29,C0142,web,completed
O01887,2025-09-29,C0154,web,completed
O02614,2025-09-29,C0131,phone,completed
O04799,2025-09-29,C0011,store,completed
O05047,2025-09-29,C0028,store,completed
O05094,2025-09-29,C0077,web,completed
O00594,2025-09-30,C0006,web,completed
O00715,2025-09-30,C0029,store,completed
O03268,2025-09-30,C0075,web,completed
O03825,2025-09-30,C0137,web,completed
O04347,2025-09-30,C0048,store,pending
O05035,2025-09-30,C0052,store,completed
O05347,2025-09-30,C0163,store,completed
O05581,2025-09-30,C0084,web,completed
O00877,2025-10-01,C0092,web,completed
O01521,2025-10-01,C0062,web,completed
O02054,2025-10-01,C0049,store,completed
O00746,2025-10-02,C0128,phone,completed
O01262,2025-10-02,C0147,web,completed
O01690,2025-10-02,C0040,web,completed
O03980,2025-10-02,C0132,web,completed
O04019,2025-10-02,C0049,web,cancelled
O04894,2025-10-02,C0085,store,completed
O00112,2025-10-03,C0168,phone,completed
O01166,2025-10-03,C0008,web,completed
O01392,2025-10-03,C0177,web,completed
O01442,2025-10-03,C0111,store,completed
O01856,2025-10-03,C0115,phone,completed
O03065,2025-10-03,C0178,web,completed
O03876,2025-10-03,C0131,web,completed
O03988,2025-10-03,C0031,web,completed
O04198,2025-10-03,C0093,web,completed
O05998,2025-10-03,C0078,web,completed
O00682,2025-10-04,C0173,phone,completed
O00871,2025-10-04,C0025,store,pending
O01178,2025-10-04,C0144,web,completed
O01198,2025-10-04,C0022,web,completed
O01616,2025-10-04,C0110,store,completed
O01805,2025-10-04,C0036,web,completed
O02945,2025-10-04,C0114,web,completed
O03236,2025-10-04,C0115,web,completed
O03685,2025-10-04,C0105,web,completed
O04148,2025-10-04,C0121,store,completed
O04283,2025-10-04,C0130,web,completed
O05257,2025-10-04,C0040,web,completed
O01847,2025-10-05,C0088,web,completed
O02102,2025-10-05,C0038,web,completed
O02219,2025-10-05,C0002,web,completed
O02955,2025-10-05,C0162,web,completed
O03085,2025-10-05,C0131,web,pending
O03438,2025-10-05,C0043,store,completed
O03563,2025-10-05,C0078,web,completed
O03880,2025-10-05,C0001,web,completed
O04063,2025-10-05,C0106,web,completed
O04707,2025-10-05,C0008,web,completed
O05076,2025-10-05,C0173,store,completed
O05472,2025-10-05,C0055,web,completed
O00191,2025-10-06,C0144,store,completed
O01071,2025-10-06,C0177,web,completed
O01135,2025-10-06,C0126,web,completed
O01464,2025-10-06,C0060,store,completed
O01972,2025-10-06,C0148,web,completed
O02261,2025-10-06,C0165,web,completed
O03683,2025-10-06,C0085,web,completed
O04581,2025-10-06,C0057,web,completed
O00857,2025-10-07,C0140,web,completed
O01584,2025-10-07,C0146,web,completed
O01776,2025-10-07,C0175,phone,completed
O02769,2025-10-07,C0005,web,completed
O03436,2025-10-07,C0180,store,completed
O03554,2025-10-07,C0153,web,completed
O05012,2025-10-07,C0176,web,completed
O05694,2025-10-07,C0129,store,completed
O05930,2025-10-07,C0049,store,completed
O05951,2025-10-07,C0041,store,completed
O01131,2025-10-08,C0174,store,pending
O01319,2025-10-08,C0164,store,completed
O01687,2025-10-08,C0086,web,completed
O02422,2025-10-08,C0083,phone,completed
O03834,2025-10-08,C0119,web,cancelled
O01353,2025-10-09,C0014,web,completed
O03122,2025-10-09,C0025,web,cancelled
O03302,2025-10-09,C0153,store,completed
O03968,2025-10-09,C0057,web,completed
O04254,2025-10-09,C0163,web,pending
O04399,2025-10-09,C0031,store,completed
O04777,2025-10-09,C0084,store,completed
O05043,2025-10-09,C0103,web,completed
O05771,2025-10-09,C0136,web,completed
O01964,2025-10-10,C0153,web,completed
O02532,2025-10-10,C0073,web,completed
O04737,2025-10-10,C0086,store,completed
O00932,2025-10-11,C0081,web,completed
O00960,2025-10-11,C0076,store,completed
O00979,2025-10-11,C0154,store,completed
O01150,2025-10-11,C0032,web,completed
O01591,2025-10-11,C0052,web,completed
O01767,2025-10-11,C0013,store,completed
O02340,2025-10-11,C0158,web,completed
O02900,2025-10-11,C0136,web,completed
O04098,2025-10-11,C0027,web,completed
O05950,2025-10-11,C0041,web,completed
O00527,2025-10-12,C0179,web,completed
O00698,2025-10-12,C0083,web,completed
O01375,2025-10-12,C0033,store,completed
O01976,2025-10-12,C0089,web,completed
O02958,2025-10-12,C0145,web,completed
O03042,2025-10-12,C0091,web,completed
O03775,2025-10-12,C0076,web,completed
O04084,2025-10-12,C0063,web,completed
O04825,2025-10-12,C0157,web,completed
O01466,2025-10-13,C0009,web,completed
O02427,2025-10-13,C0128,store,completed
O02937,2025-10-13,C0140,web,completed
O03234,2025-10-13,C0162,phone,completed
O03515,2025-10-13,C0093,store,completed
O03571,2025-10-13,C0019,web,completed
O04813,2025-10-13,C0079,store,completed
O02813,2025-10-14,C0177,phone,completed
O03430,2025-10-14,C0078,web,completed
O04013,2025-10-14,C0172,store,completed
O04467,2025-10-14,C0083,web,completed
O05374,2025-10-14,C0079,web,completed
O05609,2025-10-14,C0013,web,completed
O05746,2025-10-14,C0108,phone,completed
O05767,2025-10-14,C0041,phone,completed
O03442,2025-10-15,C0111,store,completed
O03707,2025-10-15,C0069,phone,completed
O04861,2025-10-15,C0152,web,completed
O05368,2025-10-15,C0007,web,completed
O01081,2025-10-16,C0040,web,completed
O02499,2025-10-16,C0049,web,completed
O03577,2025-10-16,C0155,web,completed
O03710,2025-10-16,C0147,web,completed
O04028,2025-10-16,C0159,web,completed
O04047,2025-10-16,C0052,web,completed
O04175,2025-10-16,C0174,store,completed
O04272,2025-10-16,C0023,store,completed
O04919,2025-10-16,C0140,web,completed
O05175,2025-10-16,C0079,web,completed
O01167,2025-10-17,C0053,store,completed
O01940,2025-10-17,C0049,web,completed
O01994,2025-10-17,C0044,web,completed
O02362,2025-10-17,C0090,store,completed
O03121,2025-10-17,C0002,store,completed
O03194,2025-10-17,C0128,store,completed
O03883,2025-10-17,C0118,store,pending
O04988,2025-10-17,C0097,store,completed
O05975,2025-10-17,C0171,web,completed
O04114,2025-10-18,C0114,web,completed
O04661,2025-10-18,C0068,web,completed
O04709,2025-10-18,C0063,web,completed
O00507,2025-10-19,C0001,store,cancelled
O00563,2025-10-19,C0149,web,completed
O00651,2025-10-19,C0001,web,completed
O00936,2025-10-19,C0145,web,completed
O03250,2025-10-19,C0118,web,completed
O03386,2025-10-19,C0023,store,completed
O03640,2025-10-19,C0096,store,completed
O05009,2025-10-19,C0133,store,completed
O00259,2025-10-20,C0043,store,cancelled
O00571,2025-10-20,C0173,web,completed
O00885,2025-10-20,C0178,web,completed
O01440,2025-10-20,C0116,store,completed
O01838,2025-10-20,C0168,phone,pending
O02714,2025-10-20,C0135,web,completed
O03181,2025-10-20,C0146,web,completed
O03606,2025-10-20,C0050,web,completed
O03730,2025-10-20,C0054,web,completed
O05379,2025-10-20,C0136,web,completed
O00854,2025-10-21,C0094,web,completed
O01139,2025-10-21,C0051,web,completed
O01535,2025-10-21,C0142,web,completed
O04331,2025-10-21,C0172,web,completed
O04743,2025-10-21,C0057,phone,completed
O04964,2025-10-21,C0060,store,completed
O05121,2025-10-21,C0100,web,completed
O00239,2025-10-22,C0078,web,completed
O00421,2025-10-22,C0052,store,completed
O00902,2025-10-22,C0102,store,completed
O02256,2025-10-22,C0055,web,completed
O03662,2025-10-22,C0027,phone,completed
O03938,2025-10-22,C0157,store,completed
O04322,2025-10-22,C0129,web,completed
O05101,2025-10-22,C0038,store,completed
O02295,2025-10-23,C0118,phone,completed
O03202,2025-10-23,C0148,store,completed
O03395,2025-10-23,C0174,store,completed
O03592,2025-10-23,C0021,store,completed
O04819,2025-10-23,C0008,phone,completed
O05512,2025-10-23,C0164,web,completed
O00122,2025-10-24,C0148,web,completed
O00442,2025-10-24,C0169,web,completed
O02590,2025-10-24,C0100,store,completed
O02797,2025-10-24,C0030,web,completed
O03613,2025-10-24,C0061,web,completed
O04463,2025-10-24,C0100,store,completed
O04973,2025-10-24,C0176,web,completed
O05085,2025-10-24,C0020,web,completed
O05772,2025-10-24,C0072,web,completed
O02445,2025-10-25,C0171,store,completed
O03600,2025-10-25,C0040,store,completed
O04608,2025-10-25,C0157,web,cancelled
O04838,2025-10-25,C0017,store,completed
O05859,2025-10-25,C0058,web,completed
O00586,2025-10-26,C0106,store,completed
O01653,2025-10-26,C0111,store,completed
O01903,2025-10-26,C0046,store,completed
O04105,2025-10-26,C0089,store,completed
O04647,2025-10-26,C0007,web,completed
O05855,2025-10-26,C0035,web,completed
O05943,2025-10-26,C0142,store,pending
O00626,2025-10-27,C0167,web,completed
O02247,2025-10-27,C0066,web,completed
O02594,2025-10-27,C0158,web,completed
O03281,2025-10-27,C0088,web,completed
O05739,2025-10-27,C0026,web,completed
O00205,2025-10-28,C0022,web,completed
O00433,2025-10-28,C0176,web,completed
O00449,2025-10-28,C0069,web,completed
O02585,2025-10-28,C0036,phone,completed
O02661,2025-10-28,C0108,web,completed
O00091,2025-10-29,C0121,web,completed
O04413,2025-10-29,C0068,web,completed
O04619,2025-10-29,C0030,web,completed
O05377,2025-10-29,C0082,store,completed
O00093,2025-10-30,C0164,web,completed
O00614,2025-10-30,C0163,store,cancelled
O00763,2025-10-30,C0074,web,completed
O01434,2025-10-30,C0130,web,completed
O02738,2025-10-30,C0033,web,completed
O03227,2025-10-30,C0072,web,pending
O03489,2025-10-30,C0148,web,completed
O05406,2025-10-30,C0004,phone,completed
O00066,2025-10-31,C0110,web,completed
O00125,2025-10-31,C0018,web,completed
O00913,2025-10-31,C0110,web,completed
O01573,2025-10-31,C0174,web,completed
O02899,2025-10-31,C0066,phone,completed
O03986,2025-10-31,C0179,web,cancelled
O04754,2025-10-31,C0145,web,completed
O05029,2025-10-31,C0118,web,completed
O05959,2025-10-31,C0159,web,completed
O00138,2025-11-01,C0071,store,pending
O00315,2025-11-01,C0129,web,completed
O03426,2025-11-01,C0134,web,completed
O03977,2025-11-01,C0063,web,completed
O05716,2025-11-01,C0075,web,completed
O01324,2025-11-02,C0020,web,completed
O01364,2025-11-02,C0115,web,completed
O01399,2025-11-02,C0105,web,completed
O01909,2025-11-02,C0140,web,cancelled
O02078,2025-11-02,C0176,web,completed
O03224,2025-11-02,C0050,web,completed
O03740,2025-11-02,C0073,store,completed
O03881,2025-11-02,C0054,web,completed
O04075,2025-11-02,C0142,web,completed
O04212,2025-11-02,C0050,web,completed
O04241,2025-11-02,C0150,web,completed
O05309,2025-11-02,C0067,web,completed
O00025,2025-11-03,C0155,phone,completed
O01745,2025-11-03,C0002,web,completed
O02379,2025-11-03,C0163,phone,completed
O02914,2025-11-03,C0025,phone,completed
O04014,2025-11-03,C0096,web,completed
O01264,2025-11-04,C0104,web,completed
O01282,2025-11-04,C0162,web,completed
O01795,2025-11-04,C0062,web,completed
O02761,2025-11-04,C0155,phone,completed
O03379,2025-11-04,C0168,phone,completed
O03465,2025-11-04,C0145,phone,completed
O03741,2025-11-04,C0094,web,completed
O03974,2025-11-04,C0098,web,completed
O04496,2025-11-04,C0112,store,completed
O04986,2025-11-04,C0144,web,cancelled
O05921,2025-11-04,C0130,store,completed
O00648,2025-11-05,C0146,web,completed
O00699,2025-11-05,C0022,web,completed
O00843,2025-11-05,C0012,web,completed
O01335,2025-11-05,C0165,web,cancelled
O01549,2025-11-05,C0168,web,cancelled
O02317,2025-11-05,C0109,web,completed
O02522,2025-11-05,C0064,store,completed
O02844,2025-11-05,C0116,web,completed
O04277,2025-11-05,C0072,web,completed
O05177,2025-11-05,C0173,phone,completed
O00719,2025-11-06,C0121,web,completed
O01762,2025-11-06,C0073,web,completed
O04242,2025-11-06,C0042,web,completed
O05021,2025-11-06,C0096,web,completed
O05467,2025-11-06,C0156,web,completed
O00163,2025-11-07,C0031,phone,completed
O01368,2025-11-07,C0108,web,completed
O01612,2025-11-07,C0118,web,completed
O02266,2025-11-07,C0177,phone,completed
O02771,2025-11-07,C0120,web,completed
O04802,2025-11-07,C0109,phone,completed
O05245,2025-11-07,C0058,store,completed
O00469,2025-11-08,C0095,web,completed
O00498,2025-11-08,C0111,store,completed
O01884,2025-11-08,C0025,web,completed
O02082,2025-11-08,C0087,web,completed
O02147,2025-11-08,C0050,web,completed
O03518,2025-11-08,C0173,web,completed
O03795,2025-11-08,C0031,store,completed
O03840,2025-11-08,C0008,web,completed
O04211,2025-11-08,C0145,web,completed
O04554,2025-11-08,C0128,web,completed
O05349,2025-11-08,C0002,web,completed
O05515,2025-11-08,C0177,web,completed
O05624,2025-11-08,C0144,web,completed
O05735,2025-11-08,C0166,store,completed
O00398,2025-11-09,C0175,store,completed
O00738,2025-11-09,C0148,web,completed
O02451,2025-11-09,C0117,phone,completed
O02897,2025-11-09,C0101,web,completed
O04101,2025-11-09,C0079,web,completed
O04765,2025-11-09,C0032,web,completed
O04792,2025-11-09,C0039,web,completed
O04804,2025-11-09,C0032,web,completed
O05288,2025-11-09,C0066,web,completed
O05788,2025-11-09,C0090,phone,completed
O00293,2025-11-10,C0041,store,completed
O00348,2025-11-10,C0089,web,completed
O01500,2025-11-10,C0130,web,completed
O02810,2025-11-10,C0075,web,completed
O02916,2025-11-10,C0104,web,completed
O03066,2025-11-10,C0020,store,completed
O03548,2025-11-10,C0020,store,completed
O03812,2025-11-10,C0156,web,completed
O04345,2025-11-10,C0125,store,completed
O04428,2025-11-10,C0038,store,completed
O05290,2025-11-10,C0053,store,cancelled
O05867,2025-11-10,C0168,phone,completed
O00143,2025-11-11,C0109,web,completed
O00737,2025-11-11,C0029,web,completed
O01195,2025-11-11,C0119,phone,completed
O01583,2025-11-11,C0056,web,cancelled
O02111,2025-11-11,C0173,web,completed
O02186,2025-11-11,C0163,web,completed
O02515,2025-11-11,C0012,phone,completed
O02909,2025-11-11,C0105,web,completed
O03550,2025-11-11,C0029,web,completed
O03594,2025-11-11,C0107,store,completed
O03926,2025-11-11,C0074,web,completed
O03984,2025-11-11,C0117,phone,completed
O04660,2025-11-11,C0160,web,completed
O05544,2025-11-11,C0132,store,cancelled
O05721,2025-11-11,C0096,web,completed
O00222,2025-11-12,C0012,web,completed
O02071,2025-11-12,C0024,web,completed
O05729,2025-11-12,C0078,store,completed
O00453,2025-11-13,C0057,store,completed
O01389,2025-11-13,C0096,store,completed
O03045,2025-11-13,C0161,web,completed
O03204,2025-11-13,C0035,store,cancelled
O04528,2025-11-13,C0028,phone,completed
O00190,2025-11-14,C0067,web,completed
O00314,2025-11-14,C0150,web,completed
O00860,2025-11-14,C0087,store,completed
O01483,2025-11-14,C0025,web,completed
O01792,2025-11-14,C0051,web,completed
O01840,2025-11-14,C0116,web,cancelled
O04159,2025-11-14,C0127,web,completed
O05489,2025-11-14,C0148,web,completed
O00206,2025-11-15,C0029,web,completed
O00233,2025-11-15,C0079,phone,completed
O00607,2025-11-15,C0170,phone,completed
O01011,2025-11-15,C0103,web,completed
O01362,2025-11-15,C0140,store,completed
O01694,2025-11-15,C0046,web,completed
O01740,2025-11-15,C0147,store,completed
O03387,2025-11-15,C0068,phone,completed
O04394,2025-11-15,C0029,phone,completed
O04459,2025-11-15,C0073,store,completed
O04943,2025-11-15,C0044,web,completed
O04959,2025-11-15,C0007,web,completed
O05367,2025-11-15,C0056,web,completed
O00831,2025-11-16,C0173,web,completed
O01025,2025-11-16,C0067,web,completed
O02263,2025-11-16,C0007,web,completed
O02449,2025-11-16,C0170,web,completed
O02507,2025-11-16,C0001,web,completed
O02687,2025-11-16,C0032,store,completed
O02805,2025-11-16,C0094,web,completed
O03759,2025-11-16,C0167,web,completed
O04021,2025-11-16,C0102,web,cancelled
O04232,2025-11-16,C0023,web,completed
O00113,2025-11-17,C0025,store,completed
O00333,2025-11-17,C0129,web,completed
O00487,2025-11-17,C0067,web,completed
O00803,2025-11-17,C0131,store,completed
O00870,2025-11-17,C0171,web,completed
O01409,2025-11-17,C0008,web,completed
O01688,2025-11-17,C0060,web,completed
O01957,2025-11-17,C0165,web,completed
O02170,2025-11-17,C0022,web,completed
O02285,2025-11-17,C0160,web,completed
O03208,2025-11-17,C0028,web,completed
O04379,2025-11-17,C0180,web,completed
O05423,2025-11-17,C0018,store,completed
O05433,2025-11-17,C0013,store,completed
O00193,2025-11-18,C0094,web,completed
O00471,2025-11-18,C0021,web,completed
O01199,2025-11-18,C0107,web,completed
O01604,2025-11-18,C0111,web,completed
O01947,2025-11-18,C0045,web,completed
O02474,2025-11-18,C0037,web,pending
O02776,2025-11-18,C0132,web,completed
O03451,2025-11-18,C0044,web,completed
O04900,2025-11-18,C0145,web,completed
O05050,2025-11-18,C0124,web,completed
O05327,2025-11-18,C0084,store,completed
O05708,2025-11-18,C0090,phone,completed
O00047,2025-11-19,C0055,web,completed
O01432,2025-11-19,C0092,phone,completed
O01769,2025-11-19,C0018,store,completed
O02033,2025-11-19,C0005,web,completed
O02145,2025-11-19,C0119,web,completed
O02382,2025-11-19,C0104,store,completed
O03400,2025-11-19,C0040,web,completed
O00021,2025-11-20,C0003,store,completed
O00795,2025-11-20,C0026,store,completed
O00958,2025-11-20,C0038,web,completed
O03007,2025-11-20,C0011,web,completed
O03911,2025-11-20,C0001,web,completed
O04498,2025-11-20,C0145,store,pending
O04837,2025-11-20,C0140,web,completed
O04982,2025-11-20,C0136,phone,completed
O05841,2025-11-20,C0132,web,completed
O00447,2025-11-21,C0020,web,completed
O00528,2025-11-21,C0010,web,completed
O01075,2025-11-21,C0154,web,completed
O01663,2025-11-21,C0065,web,completed
O02448,2025-11-21,C0105,store,completed
O02723,2025-11-21,C0010,store,completed
O03230,2025-11-21,C0036,web,completed
O03354,2025-11-21,C0131,store,completed
O04143,2025-11-21,C0071,store,completed
O04455,2025-11-21,C0116,store,completed
O05151,2025-11-21,C0025,store,completed
O05323,2025-11-21,C0019,phone,completed
O00111,2025-11-22,C0028,web,completed
O01920,2025-11-22,C0106,web,completed
O01924,2025-11-22,C0051,store,completed
O02901,2025-11-22,C0174,web,pending
O02939,2025-11-22,C0089,web,completed
O03353,2025-11-22,C0063,store,completed
O03789,2025-11-22,C0070,web,completed
O04630,2025-11-22,C0149,web,completed
O00401,2025-11-23,C0155,web,completed
O03374,2025-11-23,C0019,web,completed
O05208,2025-11-23,C0050,store,completed
O00522,2025-11-24,C0052,store,completed
O01447,2025-11-24,C0010,web,completed
O02481,2025-11-24,C0056,store,completed
O03625,2025-11-24,C0102,web,completed
O04906,2025-11-24,C0122,store,completed
O05071,2025-11-24,C0038,phone,completed
O05353,2025-11-24,C0092,web,completed
O05424,2025-11-24,C0004,web,completed
O01336,2025-11-25,C0157,web,completed
O01827,2025-11-25,C0087,web,completed
O02316,2025-11-25,C0071,web,completed
O02772,2025-11-25,C0041,web,completed
O02847,2025-11-25,C0140,web,completed
O05542,2025-11-25,C0045,web,completed
O03095,2025-11-26,C0147,web,completed
O03296,2025-11-26,C0113,web,completed
O04501,2025-11-26,C0082,web,completed
O05310,2025-11-26,C0084,web,completed
O05658,2025-11-26,C0062,phone,completed
O06000,2025-11-26,C0050,web,completed
O01602,2025-11-27,C0130,store,cancelled
O02425,2025-11-27,C0164,store,cancelled
O03764,2025-11-27,C0117,store,completed
O04078,2025-11-27,C0109,phone,completed
O04817,2025-11-27,C0024,store,completed
O00834,2025-11-28,C0019,store,completed
O02366,2025-11-28,C0023,web,completed
O02595,2025-11-28,C0157,web,completed
O02707,2025-11-28,C0058,web,completed
O03715,2025-11-28,C0132,store,completed
O03877,2025-11-28,C0117,web,completed
O04551,2025-11-28,C0062,store,completed
O05341,2025-11-28,C0082,web,completed
O05503,2025-11-28,C0102,store,completed
O00139,2025-11-29,C0158,web,completed
O01213,2025-11-29,C0097,web,completed
O02153,2025-11-29,C0066,web,completed
O02874,2025-11-29,C0121,store,completed
O03035,2025-11-29,C0117,web,completed
O03480,2025-11-29,C0068,web,completed
O04180,2025-11-29,C0060,store,completed
O04383,2025-11-29,C0072,web,completed
O04401,2025-11-29,C0108,web,completed
O05174,2025-11-29,C0074,web,completed
O05931,2025-11-29,C0138,web,completed
O00840,2025-11-30,C0090,web,completed
O00905,2025-11-30,C0155,web,completed
O01559,2025-11-30,C0168,web,completed
O02206,2025-11-30,C0162,web,completed
O04773,2025-11-30,C0129,web,completed
O05034,2025-11-30,C0141,web,completed
O05186,2025-11-30,C0060,web,completed
O05790,2025-11-30,C0153,store,completed
O01201,2025-12-01,C0094,web,completed
O01414,2025-12-01,C0079,phone,completed
O02850,2025-12-01,C0011,web,completed
O03107,2025-12-01,C0026,web,pending
O03541,2025-12-01,C0142,web,completed
O05011,2025-12-01,C0118,web,completed
O05299,2025-12-01,C0094,phone,completed
O00064,2025-12-02,C0038,web,completed
O00987,2025-12-02,C0144,web,completed
O01286,2025-12-02,C0010,web,completed
O01642,2025-12-02,C0137,web,completed
O01818,2025-12-02,C0089,store,completed
O01989,2025-12-02,C0018,web,completed
O02151,2025-12-02,C0055,web,completed
O02200,2025-12-02,C0173,web,completed
O02837,2025-12-02,C0073,web,completed
O02935,2025-12-02,C0041,store,completed
O03779,2025-12-02,C0114,web,completed
O03910,2025-12-02,C0092,store,completed
O03946,2025-12-02,C0143,web,completed
O04353,2025-12-02,C0146,web,completed
O04360,2025-12-02,C0057,web,completed
O05182,2025-12-02,C0110,web,completed
O00196,2025-12-03,C0095,web,completed
O00276,2025-12-03,C0050,phone,completed
O00646,2025-12-03,C0041,web,pending
O01626,2025-12-03,C0037,phone,completed
O01692,2025-12-03,C0046,web,completed
O01704,2025-12-03,C0016,phone,completed
O02468,2025-12-03,C0136,web,completed
O03040,2025-12-03,C0144,store,cancelled
O04746,2025-12-03,C0161,web,completed
O05696,2025-12-03,C0108,web,completed
O00098,2025-12-04,C0110,web,cancelled
O00187,2025-12-04,C0159,web,completed
O00583,2025-12-04,C0165,phone,completed
O02604,2025-12-04,C0115,web,completed
O03642,2025-12-04,C0091,web,completed
O05243,2025-12-04,C0051,web,completed
O05752,2025-12-04,C0165,web,completed
O05827,2025-12-04,C0056,store,completed
O05890,2025-12-04,C0013,web,completed
O01637,2025-12-05,C0139,store,completed
O01923,2025-12-05,C0007,web,completed
O03579,2025-12-05,C0048,web,pending
O03945,2025-12-05,C0023,store,completed
O04408,2025-12-05,C0129,store,completed
O05632,2025-12-05,C0048,store,completed
O05817,2025-12-05,C0003,store,completed
O00467,2025-12-06,C0047,phone,completed
O01821,2025-12-06,C0116,web,completed
O03132,2025-12-06,C0035,web,completed
O04764,2025-12-06,C0082,web,completed
O04808,2025-12-06,C0067,web,completed
O04979,2025-12-06,C0109,web,completed
O05223,2025-12-06,C0082,web,completed
O00572,2025-12-07,C0167,store,completed
O01250,2025-12-07,C0123,web,completed
O03328,2025-12-07,C0124,web,completed
O03913,2025-12-07,C0093,web,completed
O04441,2025-12-07,C0017,web,completed
O04609,2025-12-07,C0160,store,completed
O05630,2025-12-07,C0084,web,completed
O05807,2025-12-07,C0151,web,completed
O05893,2025-12-07,C0135,web,completed
O00002,2025-12-08,C0109,phone,completed
O00174,2025-12-08,C0071,web,completed
O00909,2025-12-08,C0130,web,completed
O01412,2025-12-08,C0131,web,completed
O02182,2025-12-08,C0168,store,completed
O02341,2025-12-08,C0036,store,completed
O02466,2025-12-08,C0161,web,completed
O02695,2025-12-08,C0154,web,completed
O04155,2025-12-08,C0179,web,completed
O04275,2025-12-08,C0077,web,completed
O04295,2025-12-08,C0168,web,completed
O04351,2025-12-08,C0042,web,completed
O04475,2025-12-08,C0158,store,completed
O05131,2025-12-08,C0143,web,completed
O05194,2025-12-08,C0167,web,completed
O05810,2025-12-08,C0166,web,completed
O00288,2025-12-09,C0018,web,completed
O01136,2025-12-09,C0146,web,completed
O01631,2025-12-09,C0111,store,completed
O01729,2025-12-09,C0125,web,completed
O01797,2025-12-09,C0063,store,pending
O02060,2025-12-09,C0100,web,completed
O02163,2025-12-09,C0058,web,completed
O02391,2025-12-09,C0118,web,completed
O03754,2025-12-09,C0105,web,completed
O04227,2025-12-09,C0106,web,completed
O04888,2025-12-09,C0170,store,completed
O04902,2025-12-09,C0023,web,completed
O05450,2025-12-09,C0127,web,completed
O00176,2025-12-10,C0167,web,completed
O00399,2025-12-10,C0032,web,completed
O00908,2025-12-10,C0103,web,completed
O02034,2025-12-10,C0020,web,completed
O03766,2025-12-10,C0180,web,pending
O05125,2025-12-10,C0068,web,completed
O00326,2025-12-11,C0105,web,pending
O00848,2025-12-11,C0079,store,completed
O01670,2025-12-11,C0147,store,completed
O02344,2025-12-11,C0006,web,completed
O02849,2025-12-11,C0085,web,completed
O03511,2025-12-11,C0073,web,completed
O03925,2025-12-11,C0114,web,cancelled
O05886,2025-12-11,C0110,web,completed
O05947,2025-12-11,C0095,store,completed
O01350,2025-12-12,C0075,store,completed
O01488,2025-12-12,C0053,web,completed
O00300,2025-12-13,C0080,store,completed
O00812,2025-12-13,C0107,web,completed
O02116,2025-12-13,C0180,web,completed
O03572,2025-12-13,C0031,store,completed
O04249,2025-12-13,C0048,web,completed
O04849,2025-12-13,C0167,web,completed
O04996,2025-12-13,C0053,web,completed
O00355,2025-12-14,C0028,phone,completed
O00561,2025-12-14,C0158,store,completed
O01157,2025-12-14,C0036,store,completed
O02057,2025-12-14,C0129,store,completed
O02736,2025-12-14,C0135,web,pending
O02903,2025-12-14,C0116,web,cancelled
O04141,2025-12-14,C0150,web,completed
O04537,2025-12-14,C0061,web,completed
O05567,2025-12-14,C0101,web,completed
O05689,2025-12-14,C0135,web,cancelled
O01168,2025-12-15,C0064,web,completed
O02292,2025-12-15,C0008,web,completed
O02857,2025-12-15,C0126,web,completed
O03528,2025-12-15,C0083,store,completed
O03907,2025-12-15,C0042,web,completed
O04831,2025-12-15,C0058,store,completed
O05154,2025-12-15,C0172,web,completed
O00274,2025-12-16,C0048,phone,completed
O00830,2025-12-16,C0138,phone,completed
O00918,2025-12-16,C0003,web,completed
O01427,2025-12-16,C0109,web,completed
O01461,2025-12-16,C0179,phone,completed
O01739,2025-12-16,C0103,web,completed
O01807,2025-12-16,C0083,phone,completed
O02104,2025-12-16,C0060,web,completed
O02728,2025-12-16,C0068,store,completed
O02993,2025-12-16,C0135,web,completed
O04612,2025-12-16,C0052,store,completed
O04672,2025-12-16,C0152,web,completed
O04976,2025-12-16,C0019,web,pending
O05262,2025-12-16,C0092,phone,completed
O05686,2025-12-16,C0150,web,completed
O01308,2025-12-17,C0080,web,completed
O01349,2025-12-17,C0075,web,completed
O01614,2025-12-17,C0013,web,completed
O02091,2025-12-17,C0177,web,completed
O02816,2025-12-17,C0149,phone,completed
O03507,2025-12-17,C0133,web,completed
O03573,2025-12-17,C0003,phone,completed
O05922,2025-12-17,C0098,store,completed
O05971,2025-12-17,C0051,web,completed
O02110,2025-12-18,C0103,web,completed
O02942,2025-12-18,C0071,web,cancelled
O02951,2025-12-18,C0143,phone,completed
O03608,2025-12-18,C0023,web,pending
O04134,2025-12-18,C0173,web,cancelled
O04279,2025-12-18,C0157,web,completed
O04708,2025-12-18,C0073,web,completed
O04911,2025-12-18,C0016,web,pending
O01263,2025-12-19,C0136,web,completed
O01387,2025-12-19,C0114,web,completed
O02834,2025-12-19,C0167,phone,pending
O03776,2025-12-19,C0117,store,completed
O03990,2025-12-19,C0062,web,completed
O04032,2025-12-19,C0140,web,completed
O04045,2025-12-19,C0053,phone,completed
O00301,2025-12-20,C0135,store,completed
O02084,2025-12-20,C0162,web,completed
O02782,2025-12-20,C0063,store,cancelled
O02990,2025-12-20,C0161,store,completed
O03023,2025-12-20,C0151,web,completed
O03510,2025-12-20,C0158,web,completed
O04571,2025-12-20,C0138,store,completed
O05123,2025-12-20,C0017,web,completed
O05860,2025-12-20,C0044,web,completed
O00080,2025-12-21,C0153,web,completed
O00428,2025-12-21,C0048,web,completed
O00568,2025-12-21,C0043,web,completed
O01020,2025-12-21,C0008,store,completed
O04885,2025-12-21,C0168,store,completed
O05077,2025-12-21,C0096,store,completed
O00430,2025-12-22,C0175,web,completed
O00942,2025-12-22,C0040,phone,completed
O01489,2025-12-22,C0083,store,completed
O01939,2025-12-22,C0180,web,completed
O02092,2025-12-22,C0078,web,completed
O02898,2025-12-22,C0018,web,completed
O03272,2025-12-22,C0078,store,completed
O03348,2025-12-22,C0019,web,completed
O03645,2025-12-22,C0018,web,completed
O04164,2025-12-22,C0141,web,completed
O04252,2025-12-22,C0164,web,completed
O04303,2025-12-22,C0093,web,completed
O04416,2025-12-22,C0067,web,completed
O04881,2025-12-22,C0119,web,completed
O05172,2025-12-22,C0117,web,completed
O00032,2025-12-23,C0068,store,completed
O00183,2025-12-23,C0068,web,completed
O01506,2025-12-23,C0106,phone,completed
O03069,2025-12-23,C0110,phone,completed
O03783,2025-12-23,C0054,store,completed
O04321,2025-12-23,C0098,web,completed
O04624,2025-12-23,C0118,web,completed
O00208,2025-12-24,C0012,phone,completed
O00722,2025-12-24,C0031,web,completed
O01062,2025-12-24,C0050,web,completed
O01130,2025-12-24,C0073,web,completed
O01376,2025-12-24,C0103,store,completed
O01381,2025-12-24,C0071,web,completed
O03709,2025-12-24,C0051,store,completed
O04025,2025-12-24,C0027,web,cancelled
O04037,2025-12-24,C0161,web,completed
O04264,2025-12-24,C0157,web,completed
O04549,2025-12-24,C0039,web,completed
O04674,2025-12-24,C0109,web,completed
O00200,2025-12-25,C0157,web,completed
O00523,2025-12-25,C0156,store,completed
O00573,2025-12-25,C0100,web,completed
O00916,2025-12-25,C0078,web,completed
O01013,2025-12-25,C0078,web,completed
O01065,2025-12-25,C0094,web,completed
O03570,2025-12-25,C0157,web,completed
O04579,2025-12-25,C0100,web,completed
O04740,2025-12-25,C0021,web,completed
O04874,2025-12-25,C0049,web,completed
O05068,2025-12-25,C0038,store,completed
O05725,2025-12-25,C0016,web,pending
O05791,2025-12-25,C0130,web,completed
O00177,2025-12-26,C0010,phone,completed
O00593,2025-12-26,C0005,web,completed
O03716,2025-12-26,C0063,web,completed
O03843,2025-12-26,C0058,store,completed
O04690,2025-12-26,C0080,web,completed
O02476,2025-12-27,C0067,web,completed
O04016,2025-12-27,C0151,store,completed
O04267,2025-12-27,C0155,web,completed
O04433,2025-12-27,C0049,web,completed
O05568,2025-12-27,C0013,web,completed
O00270,2025-12-28,C0101,web,completed
O01078,2025-12-28,C0032,phone,completed
O03213,2025-12-28,C0085,web,completed
O04069,2025-12-28,C0071,store,completed
O00103,2025-12-29,C0138,store,completed
O01407,2025-12-29,C0064,web,completed
O01493,2025-12-29,C0109,web,completed
O01649,2025-12-29,C0145,store,completed
O01650,2025-12-29,C0059,phone,completed
O02069,2025-12-29,C0058,web,completed
O03022,2025-12-29,C0116,web,completed
O04112,2025-12-29,C0012,web,completed
O04200,2025-12-29,C0134,store,completed
O04377,2025-12-29,C0083,web,completed
O04687,2025-12-29,C0095,web,completed
O04997,2025-12-29,C0086,store,cancelled
O05561,2025-12-29,C0146,web,cancelled
O05837,2025-12-29,C0005,store,completed
O00878,2025-12-30,C0025,web,completed
O01170,2025-12-30,C0039,phone,completed
O03325,2025-12-30,C0123,web,completed
O03575,2025-12-30,C0085,web,completed
O03641,2025-12-30,C0071,store,completed
O04116,2025-12-30,C0036,web,completed
O04273,2025-12-30,C0059,store,completed
O04546,2025-12-30,C0108,store,completed
O04752,2025-12-30,C0039,store,completed
O05279,2025-12-30,C0065,store,completed
O00349,2025-12-31,C0133,web,completed
O01347,2025-12-31,C0098,web,completed
O01548,2025-12-31,C0089,store,completed
O02365,2025-12-31,C0048,web,completed
O02953,2025-12-31,C0103,store,completed
O03650,2025-12-31,C0125,store,completed
O04666,2025-12-31,C0016,store,completed
O04942,2025-12-31,C0005,web,completed
O05454,2025-12-31,C0033,store,completed
O05776,2025-12-31,C0118,web,completed
