sheet_id,production_line,coating_g_m2,split
CS-0001,line_A,53.169,test
CS-0002,line_B,62.72,train
CS-0003,line_A,52.011,train
CS-0004,line_A,45.176,train
CS-0005,line_A,45.36,train
CS-0006,line_B,59.875,train
CS-0007,line_B,62.718,train
CS-0008,line_A,52.129,train
CS-0009,line_B,73.134,test
CS-0010,line_A,62.535,train
CS-0011,line_A,46.298,train
CS-0012,line_A,47.165,test
CS-0013,line_B,61.234,test
CS-0014,line_A,54.153,test
CS-0015,line_B,59.952,test
CS-0016,line_B,60.716,test
CS-0017,line_A,50.775,test
CS-0018,line_B,52.614,train
CS-0019,line_A,54.592,train
CS-0020,line_A,47.519,test
CS-0021,line_A,47.072,train
CS-0022,line_A,47.316,train
CS-0023,line_B,48.399,test
CS-0024,line_A,51.437,train
CS-0025,line_A,43.617,train
CS-0026,line_B,51.569,train
CS-0027,line_A,44.614,train
CS-0028,line_A,32.359,train
CS-0029,line_B,51.014,train
CS-0030,line_B,55.658,train
CS-0031,line_A,55.639,test
CS-0032,line_A,47.599,train
CS-0033,line_A,41.231,train
CS-0034,line_A,43.044,train
CS-0035,line_A,36.566,test
CS-0036,line_B,64.465,train
CS-0037,line_B,60.44,test
CS-0038,line_A,50.524,test
CS-0039,line_A,60.849,train
CS-0040,line_A,41.133,test
CS-0041,line_A,49.055,test
CS-0042,line_B,56.654,train
CS-0043,line_A,37.788,train
CS-0044,line_B,54.38,train
CS-0045,line_A,47.742,train
CS-0046,line_A,54.576,train
CS-0047,line_A,46.864,train
CS-0048,line_A,43.888,train
CS-0049,line_A,54.398,train
CS-0050,line_A,47.12,test
CS-0051,line_A,38.773,test
CS-0052,line_A,44.431,train
CS-0053,line_B,64.994,train
CS-0054,line_B,63.786,train
CS-0055,line_A,44.809,test
CS-0056,line_B,58.44,train
CS-0057,line_A,44.974,train
CS-0058,line_A,32.561,train
CS-0059,line_B,64.48,train
CS-0060,line_B,48.586,train
CS-0061,line_B,57.06,train
CS-0062,line_A,44.527,train
CS-0063,line_A,51.723,test
CS-0064,line_A,57.8,train
CS-0065,line_A,54.679,train
CS-0066,line_A,36.977,train
CS-0067,line_A,51.721,train
CS-0068,line_B,54.62,train
CS-0069,line_A,48.28,train
CS-0070,line_A,50.172,train
CS-0071,line_A,46.661,test
CS-0072,line_A,46.759,train
CS-0073,line_A,43.845,test
CS-0074,line_B,51.944,test
CS-0075,line_A,43.171,test
CS-0076,line_A,46.099,train
CS-0077,line_A,48.868,test
CS-0078,line_B,58.024,test
CS-0079,line_A,52.922,train
CS-0080,line_A,49.763,train
CS-0081,line_B,57.751,test
CS-0082,line_A,51.557,train
CS-0083,line_A,45.267,train
CS-0084,line_A,48.758,train
CS-0085,line_B,64.497,test
CS-0086,line_A,42.687,train
CS-0087,line_A,41.97,test
CS-0088,line_A,51.574,train
CS-0089,line_A,55.918,train
CS-0090,line_A,50.763,train
CS-0091,line_A,43.01,test
CS-0092,line_A,40.566,train
CS-0093,line_A,50.045,train
CS-0094,line_B,70.734,train
CS-0095,line_A,41.475,train
CS-0096,line_A,46.531,train
CS-0097,line_A,42.853,train
CS-0098,line_B,47.487,train
CS-0099,line_B,47.952,train
CS-0100,line_A,41.831,train
CS-0101,line_A,40.753,train
CS-0102,line_A,45.179,test
CS-0103,line_A,45.388,train
CS-0104,line_A,51.278,train
CS-0105,line_B,54.702,train
CS-0106,line_B,64.628,train
CS-0107,line_B,50.154,train
CS-0108,line_B,58.157,train
CS-0109,line_A,43.942,train
CS-0110,line_A,43.632,test
CS-0111,line_B,58.074,train
CS-0112,line_B,58.629,train
CS-0113,line_B,56.118,train
CS-0114,line_A,51.289,test
CS-0115,line_A,45.065,train
CS-0116,line_B,68.66,train
CS-0117,line_A,48.647,train
CS-0118,line_A,44.534,test
CS-0119,line_A,53.446,train
CS-0120,line_A,54.348,train
CS-0121,line_B,50.963,train
CS-0122,line_A,47.385,train
CS-0123,line_A,45.51,train
CS-0124,line_A,39.195,train
CS-0125,line_A,55.84,test
CS-0126,line_A,49.749,train
CS-0127,line_A,42.719,train
CS-0128,line_A,36.374,train
CS-0129,line_B,57.456,train
CS-0130,line_A,45.291,train
CS-0131,line_A,50.846,train
CS-0132,line_A,40.718,train
CS-0133,line_A,44.019,train
CS-0134,line_B,58.095,train
CS-0135,line_A,49.038,train
CS-0136,line_B,65.464,test
CS-0137,line_A,48.229,test
CS-0138,line_A,45.256,train
CS-0139,line_A,44.111,test
CS-0140,line_A,41.597,train
CS-0141,line_A,36.368,train
CS-0142,line_A,53.463,train
CS-0143,line_B,57.87,train
CS-0144,line_A,40.517,train
CS-0145,line_B,58.839,test
CS-0146,line_A,45.11,train
CS-0147,line_A,40.094,train
CS-0148,line_A,50.866,test
CS-0149,line_A,45.607,test
CS-0150,line_A,46.113,train
CS-0151,line_A,50.255,train
CS-0152,line_A,48.59,train
CS-0153,line_A,48.825,train
CS-0154,line_A,47.23,train
CS-0155,line_A,51.328,test
CS-0156,line_B,57.952,train
CS-0157,line_A,41.411,train
CS-0158,line_A,40.331,train
CS-0159,line_A,45.668,train
CS-0160,line_A,44.61,train
CS-0161,line_B,59.002,train
CS-0162,line_B,58.703,train
CS-0163,line_A,52.521,test
CS-0164,line_A,37.801,train
CS-0165,line_B,55.393,train
CS-0166,line_A,49.405,test
CS-0167,line_A,50.934,train
CS-0168,line_A,32.939,test
CS-0169,line_A,43.053,train
CS-0170,line_B,54.668,test
CS-0171,line_A,48.962,test
CS-0172,line_B,60.89,test
CS-0173,line_A,59.001,train
CS-0174,line_A,52.391,test
CS-0175,line_A,51.284,train
CS-0176,line_A,44.703,test
CS-0177,line_B,52.737,train
CS-0178,line_A,43.93,train
CS-0179,line_A,36.65,train
CS-0180,line_A,46.918,train
CS-0181,line_B,60.684,train
CS-0182,line_A,61.78,train
CS-0183,line_A,48.943,train
CS-0184,line_A,52.384,test
CS-0185,line_A,42.911,train
CS-0186,line_A,45.18,train
CS-0187,line_B,61.431,test
CS-0188,line_A,53.239,test
CS-0189,line_A,55.194,train
CS-0190,line_A,47.616,train
CS-0191,line_A,43.033,train
CS-0192,line_B,55.746,train
CS-0193,line_A,51.531,train
CS-0194,line_A,43.583,train
CS-0195,line_B,57.968,train
CS-0196,line_A,41.653,train
CS-0197,line_A,51.547,train
CS-0198,line_A,43.733,train
CS-0199,line_A,53.303,test
CS-0200,line_B,59.658,test
CS-0201,line_A,45.902,test
CS-0202,line_A,43.326,train
CS-0203,line_B,67.961,train
CS-0204,line_B,68.157,test
CS-0205,line_B,60.834,train
CS-0206,line_B,63.239,test
CS-0207,line_A,45.774,test
CS-0208,line_A,50.438,test
CS-0209,line_A,45.469,train
CS-0210,line_B,49.026,train
CS-0211,line_A,52.493,train
CS-0212,line_A,45.229,train
CS-0213,line_B,58.534,train
CS-0214,line_A,55.43,test
CS-0215,line_A,50.568,train
CS-0216,line_A,50.847,train
CS-0217,line_A,46.572,train
CS-0218,line_A,51.123,train
CS-0219,line_A,45.116,train
CS-0220,line_B,55.961,test
CS-0221,line_B,54.559,train
CS-0222,line_A,46.322,train
CS-0223,line_A,47.055,train
CS-0224,line_A,57.924,train
CS-0225,line_A,47.817,test
CS-0226,line_A,48.624,train
CS-0227,line_A,53.252,train
CS-0228,line_A,55.201,train
CS-0229,line_A,39.18,train
CS-0230,line_A,42.661,test
CS-0231,line_A,49.299,train
CS-0232,line_B,55.336,train
CS-0233,line_A,44.897,test
CS-0234,line_A,41.306,train
CS-0235,line_A,46.243,train
CS-0236,line_A,45.089,train
CS-0237,line_A,51.522,train
CS-0238,line_A,55.069,train
CS-0239,line_B,61.817,train
CS-0240,line_B,55.343,train
CS-0241,line_B,63.646,test
CS-0242,line_B,61.593,train
CS-0243,line_B,61.054,train
CS-0244,line_A,52.391,train
CS-0245,line_B,55.19,train
CS-0246,line_A,47.377,test
CS-0247,line_A,50.604,train
CS-0248,line_B,59.546,train
CS-0249,line_A,55.575,test
CS-0250,line_B,60.246,test
CS-0251,line_A,47.511,test
CS-0252,line_B,50.594,train
CS-0253,line_B,65.858,train
CS-0254,line_A,46.319,train
CS-0255,line_A,47.936,train
CS-0256,line_A,46.778,train
CS-0257,line_A,48.973,train
CS-0258,line_B,64.425,test
CS-0259,line_A,41.635,test
CS-0260,line_A,46.123,train
CS-0261,line_B,51.509,train
CS-0262,line_A,44.702,train
CS-0263,line_B,53.519,train
CS-0264,line_B,56.045,train
CS-0265,line_A,59.033,train
CS-0266,line_A,44.696,train
CS-0267,line_A,50.214,train
CS-0268,line_A,46.31,train
CS-0269,line_A,47.573,train
CS-0270,line_B,53.05,train
CS-0271,line_A,53.554,train
CS-0272,line_A,37.94,train
CS-0273,line_A,38.964,test
CS-0274,line_A,46.572,train
CS-0275,line_A,45.988,train
CS-0276,line_A,49.13,train
CS-0277,line_B,57.557,train
CS-0278,line_A,47.091,train
CS-0279,line_A,52.285,train
CS-0280,line_A,58.271,train
CS-0281,line_A,46.977,train
CS-0282,line_A,53.593,train
CS-0283,line_A,45.504,train
CS-0284,line_A,48.264,test
CS-0285,line_A,52.574,test
CS-0286,line_B,64.549,train
CS-0287,line_A,48.329,train
CS-0288,line_A,45.121,test
CS-0289,line_A,43.755,train
CS-0290,line_B,66.267,train
CS-0291,line_A,42.815,test
CS-0292,line_A,53.271,train
CS-0293,line_B,64.644,test
CS-0294,line_A,46.178,test
CS-0295,line_A,52.738,test
CS-0296,line_A,47.94,train
CS-0297,line_B,55.347,test
CS-0298,line_B,50.642,test
CS-0299,line_A,51.558,train
CS-0300,line_B,70.866,train
CS-0301,line_B,64.269,train
CS-0302,line_B,61.678,train
CS-0303,line_A,62.232,train
CS-0304,line_B,59.028,test
CS-0305,line_B,54.876,train
CS-0306,line_B,60.756,train
CS-0307,line_A,48.168,train
CS-0308,line_A,41.65,train
CS-0309,line_A,46.239,test
CS-0310,line_A,39.73,train
CS-0311,line_A,46.832,test
CS-0312,line_A,49.98,train
CS-0313,line_A,51.826,train
CS-0314,line_A,50.512,train
CS-0315,line_B,63.164,train
CS-0316,line_A,44.958,train
CS-0317,line_B,67.907,train
CS-0318,line_A,59.19,train
CS-0319,line_A,44.406,train
CS-0320,line_B,63.097,train
CS-0321,line_A,42.944,train
CS-0322,line_A,48.923,train
CS-0323,line_B,53.42,train
CS-0324,line_A,55.008,train
CS-0325,line_B,56.541,train
CS-0326,line_A,47.327,train
CS-0327,line_B,60.345,train
CS-0328,line_A,41.358,train
CS-0329,line_A,46.873,train
CS-0330,line_A,52.848,test
CS-0331,line_B,66.671,train
CS-0332,line_B,54.54,test
CS-0333,line_A,44.093,test
CS-0334,line_A,48.937,train
CS-0335,line_A,49.477,train
CS-0336,line_B,51.785,train
CS-0337,line_A,43.163,train
CS-0338,line_B,55.659,train
CS-0339,line_A,31.429,train
CS-0340,line_A,44.289,train
CS-0341,line_A,42.505,train
CS-0342,line_A,50.107,test
CS-0343,line_A,45.013,train
CS-0344,line_A,45.561,train
CS-0345,line_B,65.996,train
CS-0346,line_B,55.313,test
CS-0347,line_A,49.895,test
CS-0348,line_A,56.192,train
CS-0349,line_A,41.24,test
CS-0350,line_A,40.049,train
CS-0351,line_A,44.369,test
CS-0352,line_B,66.38,test
CS-0353,line_A,45.766,train
CS-0354,line_A,46.858,train
CS-0355,line_B,61.386,train
CS-0356,line_A,43.695,train
CS-0357,line_A,58.456,train
CS-0358,line_B,61.796,train
CS-0359,line_B,61.504,train
CS-0360,line_B,59.745,test
CS-0361,line_A,50.631,train
CS-0362,line_A,44.749,test
CS-0363,line_A,48.227,train
CS-0364,line_A,44.085,train
CS-0365,line_B,67.283,test
CS-0366,line_B,59.394,test
CS-0367,line_B,51.971,test
CS-0368,line_A,46.288,train
CS-0369,line_B,48.879,train
CS-0370,line_A,51.233,test
CS-0371,line_B,43.987,train
CS-0372,line_B,54.379,train
CS-0373,line_B,54.513,train
CS-0374,line_B,58.837,test
CS-0375,line_A,50.862,train
CS-0376,line_B,50.674,train
CS-0377,line_A,44.952,train
CS-0378,line_B,55.593,train
CS-0379,line_A,47.662,train
CS-0380,line_A,50.219,test
CS-0381,line_A,49.739,train
CS-0382,line_B,56.902,train
CS-0383,line_A,55.164,train
CS-0384,line_B,52.878,test
CS-0385,line_A,43.043,train
CS-0386,line_B,55.774,train
CS-0387,line_A,49.209,train
CS-0388,line_A,48.054,train
CS-0389,line_B,49.683,train
CS-0390,line_B,49.399,train
CS-0391,line_A,51.317,test
CS-0392,line_A,51.6,train
CS-0393,line_B,58.782,train
CS-0394,line_A,44.261,train
CS-0395,line_A,47.955,train
CS-0396,line_A,47.104,train
CS-0397,line_B,59.361,train
CS-0398,line_A,46.876,train
CS-0399,line_B,59.0,train
CS-0400,line_B,46.389,train
CS-0401,line_A,49.561,train
CS-0402,line_B,58.72,train
CS-0403,line_B,59.353,train
CS-0404,line_A,50.823,train
CS-0405,line_B,61.526,test
CS-0406,line_B,48.453,test
CS-0407,line_B,49.111,train
CS-0408,line_B,60.7,train
CS-0409,line_A,51.919,train
CS-0410,line_A,44.848,train
CS-0411,line_A,59.397,train
CS-0412,line_B,56.737,test
CS-0413,line_A,52.783,train
CS-0414,line_A,44.161,test
CS-0415,line_A,41.449,train
CS-0416,line_A,40.044,train
CS-0417,line_A,44.302,train
CS-0418,line_A,49.239,test
CS-0419,line_A,48.8,train
CS-0420,line_B,55.321,train
CS-0421,line_B,56.316,train
CS-0422,line_B,52.357,train
CS-0423,line_B,57.306,train
CS-0424,line_A,52.225,test
CS-0425,line_A,55.795,train
CS-0426,line_A,49.808,train
CS-0427,line_A,42.42,train
CS-0428,line_A,44.753,train
CS-0429,line_A,59.366,train
CS-0430,line_A,51.498,train
CS-0431,line_A,48.081,test
CS-0432,line_A,48.283,train
CS-0433,line_A,54.019,test
CS-0434,line_B,57.528,train
CS-0435,line_A,55.727,test
CS-0436,line_A,41.412,train
CS-0437,line_A,49.408,test
CS-0438,line_A,51.095,train
CS-0439,line_A,48.612,train
CS-0440,line_A,55.196,train
CS-0441,line_A,43.617,test
CS-0442,line_A,48.313,train
CS-0443,line_B,55.071,train
CS-0444,line_B,58.314,train
CS-0445,line_B,62.0,train
CS-0446,line_A,41.305,train
CS-0447,line_A,43.385,train
CS-0448,line_A,50.604,test
CS-0449,line_A,50.949,train
CS-0450,line_A,52.904,train
CS-0451,line_B,55.394,train
CS-0452,line_B,45.406,test
CS-0453,line_B,63.008,train
CS-0454,line_A,51.884,train
CS-0455,line_A,48.535,test
CS-0456,line_A,49.593,train
CS-0457,line_A,51.502,train
CS-0458,line_A,44.789,train
CS-0459,line_A,49.526,train
CS-0460,line_A,39.236,test
CS-0461,line_A,55.702,train
CS-0462,line_A,51.047,train
CS-0463,line_B,57.805,train
CS-0464,line_A,53.711,train
CS-0465,line_A,42.52,train
CS-0466,line_A,54.078,train
CS-0467,line_B,61.945,train
CS-0468,line_A,51.945,train
CS-0469,line_A,42.083,train
CS-0470,line_B,59.784,train
CS-0471,line_A,51.37,train
CS-0472,line_A,43.959,train
CS-0473,line_B,57.616,test
CS-0474,line_A,41.903,train
CS-0475,line_A,46.071,train
CS-0476,line_B,60.787,train
CS-0477,line_B,56.989,train
CS-0478,line_B,52.199,train
CS-0479,line_A,42.001,train
CS-0480,line_A,56.13,test
CS-0481,line_A,35.999,train
CS-0482,line_A,46.155,train
CS-0483,line_A,42.006,test
CS-0484,line_A,44.754,train
CS-0485,line_A,52.816,train
CS-0486,line_A,42.26,train
CS-0487,line_A,45.005,train
CS-0488,line_A,52.533,train
CS-0489,line_A,44.162,train
CS-0490,line_A,48.331,test
CS-0491,line_A,32.838,train
CS-0492,line_A,41.836,test
CS-0493,line_B,55.434,train
CS-0494,line_A,45.402,train
CS-0495,line_B,56.531,train
CS-0496,line_A,51.233,test
CS-0497,line_A,45.692,train
CS-0498,line_A,48.811,test
CS-0499,line_A,49.23,test
CS-0500,line_A,47.772,train
CS-0501,line_A,52.85,train
CS-0502,line_B,61.081,test
CS-0503,line_A,52.705,train
CS-0504,line_B,51.199,train
CS-0505,line_A,49.455,train
CS-0506,line_A,43.848,train
CS-0507,line_B,52.72,train
CS-0508,line_A,47.547,test
CS-0509,line_A,44.243,train
CS-0510,line_B,66.767,train
CS-0511,line_A,55.56,test
CS-0512,line_B,58.799,test
CS-0513,line_B,58.452,train
CS-0514,line_A,46.815,train
CS-0515,line_A,52.246,train
CS-0516,line_A,47.568,train
CS-0517,line_B,58.885,test
CS-0518,line_A,44.445,test
CS-0519,line_B,61.04,test
CS-0520,line_B,54.179,test
CS-0521,line_A,50.099,train
CS-0522,line_B,54.809,train
CS-0523,line_A,49.584,train
CS-0524,line_B,51.929,train
CS-0525,line_A,50.859,train
CS-0526,line_A,53.364,train
CS-0527,line_A,50.947,train
CS-0528,line_B,62.64,train
CS-0529,line_A,54.932,train
CS-0530,line_B,62.129,train
CS-0531,line_A,45.397,train
CS-0532,line_A,48.788,train
CS-0533,line_A,49.778,test
CS-0534,line_B,55.189,train
CS-0535,line_B,52.326,test
CS-0536,line_A,59.226,train
CS-0537,line_A,52.644,train
CS-0538,line_B,55.148,train
CS-0539,line_A,46.797,train
CS-0540,line_A,52.778,train
CS-0541,line_A,40.47,train
CS-0542,line_B,56.274,train
CS-0543,line_A,54.318,train
CS-0544,line_A,50.081,train
CS-0545,line_A,55.913,test
CS-0546,line_A,56.533,train
CS-0547,line_A,45.84,train
CS-0548,line_A,47.416,train
CS-0549,line_A,43.57,test
CS-0550,line_B,68.636,train
CS-0551,line_B,62.426,test
CS-0552,line_A,59.308,train
CS-0553,line_A,54.577,test
CS-0554,line_A,55.864,train
CS-0555,line_A,42.874,train
CS-0556,line_A,41.126,test
CS-0557,line_A,49.392,train
CS-0558,line_A,48.211,train
CS-0559,line_B,62.92,train
CS-0560,line_A,49.145,test
CS-0561,line_A,67.032,train
CS-0562,line_A,55.069,train
CS-0563,line_A,49.347,train
CS-0564,line_A,42.718,train
CS-0565,line_A,46.035,train
CS-0566,line_A,47.933,test
CS-0567,line_A,47.795,train
CS-0568,line_A,58.909,train
CS-0569,line_B,60.609,train
CS-0570,line_A,46.227,train
CS-0571,line_A,56.767,train
CS-0572,line_B,63.75,train
CS-0573,line_A,35.995,train
CS-0574,line_B,55.293,test
CS-0575,line_B,51.538,test
CS-0576,line_A,51.217,test
CS-0577,line_A,44.346,train
CS-0578,line_B,62.268,train
CS-0579,line_B,50.323,train
CS-0580,line_B,61.973,test
CS-0581,line_A,45.673,train
CS-0582,line_A,51.736,train
CS-0583,line_A,41.433,train
CS-0584,line_A,47.489,train
CS-0585,line_A,53.647,train
CS-0586,line_A,45.989,test
CS-0587,line_A,43.923,test
CS-0588,line_B,58.597,test
CS-0589,line_B,55.561,train
CS-0590,line_B,46.975,train
CS-0591,line_B,55.756,train
CS-0592,line_A,46.443,train
CS-0593,line_B,51.878,train
CS-0594,line_B,52.875,train
CS-0595,line_A,66.968,test
CS-0596,line_A,38.307,train
CS-0597,line_A,55.389,train
CS-0598,line_A,45.553,train
CS-0599,line_B,57.626,train
CS-0600,line_A,47.613,train
CS-0601,line_B,52.492,train
CS-0602,line_A,49.408,train
CS-0603,line_A,49.574,train
CS-0604,line_A,55.364,train
CS-0605,line_B,61.546,train
CS-0606,line_A,47.395,train
CS-0607,line_A,37.451,train
CS-0608,line_A,49.325,test
CS-0609,line_A,48.009,train
CS-0610,line_A,54.372,train
CS-0611,line_A,39.836,test
CS-0612,line_A,47.792,train
CS-0613,line_A,66.175,train
CS-0614,line_A,47.884,train
CS-0615,line_A,52.301,train
CS-0616,line_B,56.037,train
CS-0617,line_A,45.43,test
CS-0618,line_A,43.894,train
CS-0619,line_B,52.137,train
CS-0620,line_B,64.484,train
CS-0621,line_B,62.759,train
CS-0622,line_A,42.561,train
CS-0623,line_B,63.811,train
CS-0624,line_B,57.251,test
CS-0625,line_A,49.165,train
CS-0626,line_A,51.473,test
CS-0627,line_A,52.79,train
CS-0628,line_A,49.837,test
CS-0629,line_B,55.701,train
CS-0630,line_B,61.772,train
CS-0631,line_A,48.038,test
CS-0632,line_A,45.478,train
CS-0633,line_B,61.918,train
CS-0634,line_A,43.217,train
CS-0635,line_A,55.321,train
CS-0636,line_A,41.379,train
CS-0637,line_A,41.125,train
CS-0638,line_A,43.904,test
CS-0639,line_A,49.159,train
CS-0640,line_A,44.569,test
CS-0641,line_B,63.02,train
CS-0642,line_B,59.993,test
CS-0643,line_A,48.004,train
CS-0644,line_A,46.045,train
CS-0645,line_A,47.872,train
CS-0646,line_B,47.358,train
CS-0647,line_B,59.624,test
CS-0648,line_A,58.703,train
CS-0649,line_A,51.028,train
CS-0650,line_B,62.646,train
CS-0651,line_A,43.127,train
CS-0652,line_A,48.202,train
CS-0653,line_A,52.467,train
CS-0654,line_B,60.776,train
CS-0655,line_A,54.948,train
CS-0656,line_B,59.558,train
CS-0657,line_B,62.778,train
CS-0658,line_A,38.79,train
CS-0659,line_B,61.11,test
CS-0660,line_B,64.66,train
CS-0661,line_A,45.323,test
CS-0662,line_B,62.421,train
CS-0663,line_A,43.999,train
CS-0664,line_B,61.565,train
CS-0665,line_B,57.306,train
CS-0666,line_B,48.244,train
CS-0667,line_B,58.992,train
CS-0668,line_B,57.41,train
CS-0669,line_B,60.77,train
CS-0670,line_B,47.274,test
CS-0671,line_B,54.664,train
CS-0672,line_B,61.675,train
CS-0673,line_B,55.794,train
CS-0674,line_A,51.394,train
CS-0675,line_A,50.625,train
CS-0676,line_A,48.714,train
CS-0677,line_A,50.852,train
CS-0678,line_A,35.231,train
CS-0679,line_A,45.116,train
CS-0680,line_A,53.923,train
CS-0681,line_A,44.122,test
CS-0682,line_A,49.835,test
CS-0683,line_A,43.3,test
CS-0684,line_B,63.93,train
CS-0685,line_A,44.553,train
CS-0686,line_A,50.512,train
CS-0687,line_A,39.336,train
CS-0688,line_B,58.744,train
CS-0689,line_A,49.594,test
CS-0690,line_A,45.775,train
CS-0691,line_B,54.188,test
CS-0692,line_B,56.905,train
CS-0693,line_A,48.233,train
CS-0694,line_B,53.301,train
CS-0695,line_A,52.689,train
CS-0696,line_B,51.301,train
CS-0697,line_A,53.182,test
CS-0698,line_A,50.624,train
CS-0699,line_A,54.308,train
CS-0700,line_A,54.175,train
CS-0701,line_A,63.543,train
CS-0702,line_B,58.862,train
CS-0703,line_B,48.921,test
CS-0704,line_A,53.561,train
CS-0705,line_B,70.758,train
CS-0706,line_A,49.195,test
CS-0707,line_A,49.711,train
CS-0708,line_A,46.184,test
CS-0709,line_A,55.672,train
CS-0710,line_B,61.464,train
CS-0711,line_A,46.829,train
CS-0712,line_A,59.766,train
CS-0713,line_A,40.111,train
CS-0714,line_A,50.021,train
CS-0715,line_A,53.078,test
CS-0716,line_A,54.062,train
CS-0717,line_A,43.218,train
CS-0718,line_A,41.321,test
CS-0719,line_A,58.024,test
CS-0720,line_A,48.569,train
CS-0721,line_A,56.308,test
CS-0722,line_A,53.346,train
CS-0723,line_B,52.89,train
CS-0724,line_A,55.592,train
CS-0725,line_A,47.365,train
CS-0726,line_B,62.078,train
CS-0727,line_A,56.979,train
CS-0728,line_B,59.581,train
CS-0729,line_B,55.017,train
CS-0730,line_B,55.545,test
CS-0731,line_B,51.072,train
CS-0732,line_A,48.142,train
CS-0733,line_B,61.818,test
CS-0734,line_B,59.605,test
CS-0735,line_B,54.393,train
CS-0736,line_B,64.689,train
CS-0737,line_B,64.013,train
CS-0738,line_B,61.144,test
CS-0739,line_A,49.459,test
CS-0740,line_B,66.011,train
CS-0741,line_A,56.088,train
CS-0742,line_A,47.852,test
CS-0743,line_A,44.472,train
CS-0744,line_A,58.863,train
CS-0745,line_A,52.331,train
CS-0746,line_A,42.623,train
CS-0747,line_A,54.65,test
CS-0748,line_A,53.699,train
CS-0749,line_B,60.284,test
CS-0750,line_B,55.869,test
CS-0751,line_B,53.811,train
CS-0752,line_A,42.398,test
CS-0753,line_B,56.689,train
CS-0754,line_A,40.832,train
CS-0755,line_B,59.563,train
CS-0756,line_B,51.463,train
CS-0757,line_A,54.548,train
CS-0758,line_B,63.634,train
CS-0759,line_A,44.592,train
CS-0760,line_A,51.867,test
CS-0761,line_B,53.562,train
CS-0762,line_A,50.699,test
CS-0763,line_A,38.635,train
CS-0764,line_A,45.023,test
CS-0765,line_A,46.292,train
CS-0766,line_A,44.845,train
CS-0767,line_B,63.169,train
CS-0768,line_A,46.336,train
CS-0769,line_A,55.141,train
CS-0770,line_A,46.159,train
CS-0771,line_A,43.92,train
CS-0772,line_A,51.07,train
CS-0773,line_B,54.214,train
CS-0774,line_A,53.416,test
CS-0775,line_B,52.465,train
CS-0776,line_B,54.368,train
CS-0777,line_B,55.418,train
CS-0778,line_A,43.331,train
CS-0779,line_B,53.963,train
CS-0780,line_B,61.241,train
CS-0781,line_A,47.304,test
CS-0782,line_A,47.173,train
CS-0783,line_B,57.602,test
CS-0784,line_A,54.771,train
CS-0785,line_A,49.681,train
CS-0786,line_A,49.903,train
CS-0787,line_A,50.79,train
CS-0788,line_A,53.267,train
CS-0789,line_A,47.969,train
CS-0790,line_A,39.564,train
CS-0791,line_B,55.891,train
CS-0792,line_A,50.227,train
CS-0793,line_A,54.731,train
CS-0794,line_A,53.922,test
CS-0795,line_B,55.766,train
CS-0796,line_A,39.948,train
CS-0797,line_B,59.035,train
CS-0798,line_A,50.715,train
CS-0799,line_A,56.947,train
CS-0800,line_A,59.292,train
CS-0801,line_B,53.075,test
CS-0802,line_B,59.44,train
CS-0803,line_A,52.86,train
CS-0804,line_B,62.959,train
CS-0805,line_A,47.191,train
CS-0806,line_B,56.183,train
CS-0807,line_A,55.491,train
CS-0808,line_A,40.989,test
CS-0809,line_A,35.485,test
CS-0810,line_B,59.455,train
CS-0811,line_A,46.927,train
CS-0812,line_A,45.129,test
CS-0813,line_B,56.638,train
CS-0814,line_A,44.346,test
CS-0815,line_A,32.515,test
CS-0816,line_A,46.664,train
CS-0817,line_A,50.606,train
CS-0818,line_A,46.977,train
CS-0819,line_A,39.777,train
CS-0820,line_B,61.647,train
CS-0821,line_B,59.795,test
CS-0822,line_A,53.71,train
CS-0823,line_A,45.48,test
CS-0824,line_A,40.098,train
CS-0825,line_A,49.357,train
CS-0826,line_B,53.381,test
CS-0827,line_A,51.585,train
CS-0828,line_A,51.675,test
CS-0829,line_A,47.488,train
CS-0830,line_B,69.871,test
CS-0831,line_A,47.65,train
CS-0832,line_A,53.126,train
CS-0833,line_A,39.004,train
CS-0834,line_B,61.495,test
CS-0835,line_A,44.549,train
CS-0836,line_A,44.036,train
CS-0837,line_B,56.198,train
CS-0838,line_B,59.442,train
CS-0839,line_A,43.073,train
CS-0840,line_A,57.566,train
CS-0841,line_A,55.549,train
CS-0842,line_A,41.148,train
CS-0843,line_A,40.889,train
CS-0844,line_B,60.623,train
CS-0845,line_A,43.163,train
CS-0846,line_A,43.503,train
CS-0847,line_A,46.361,test
CS-0848,line_A,51.039,test
CS-0849,line_B,60.049,test
CS-0850,line_B,64.041,train
CS-0851,line_B,60.46,train
CS-0852,line_A,49.706,test
CS-0853,line_B,63.651,test
CS-0854,line_A,56.659,test
CS-0855,line_A,39.426,train
CS-0856,line_B,63.766,train
CS-0857,line_A,55.796,train
CS-0858,line_A,43.713,train
CS-0859,line_B,56.022,train
CS-0860,line_B,55.734,train
CS-0861,line_B,63.733,train
CS-0862,line_A,50.399,test
CS-0863,line_A,54.126,train
CS-0864,line_B,56.649,train
CS-0865,line_A,45.404,train
CS-0866,line_A,44.461,train
CS-0867,line_A,51.816,train
CS-0868,line_A,44.666,train
CS-0869,line_A,43.026,test
CS-0870,line_A,54.12,test
CS-0871,line_A,40.837,test
CS-0872,line_A,44.913,train
CS-0873,line_B,53.446,train
CS-0874,line_A,46.54,train
CS-0875,line_B,61.843,train
CS-0876,line_B,65.717,train
CS-0877,line_B,53.623,train
CS-0878,line_B,58.429,train
CS-0879,line_A,50.341,train
CS-0880,line_B,61.892,test
CS-0881,line_B,57.831,train
CS-0882,line_A,47.323,train
CS-0883,line_A,43.357,train
CS-0884,line_A,49.071,train
CS-0885,line_B,54.199,train
CS-0886,line_A,46.611,train
CS-0887,line_A,53.068,train
CS-0888,line_A,51.828,train
CS-0889,line_A,44.732,train
CS-0890,line_A,50.715,train
CS-0891,line_A,58.049,test
CS-0892,line_A,55.346,train
CS-0893,line_B,55.593,test
CS-0894,line_B,59.81,train
CS-0895,line_A,56.06,test
CS-0896,line_A,48.776,train
CS-0897,line_B,52.85,test
CS-0898,line_B,49.701,train
CS-0899,line_A,43.094,train
CS-0900,line_A,46.222,test
CS-0901,line_B,60.003,train
CS-0902,line_B,61.962,test
CS-0903,line_B,57.496,test
CS-0904,line_A,48.457,test
CS-0905,line_A,40.637,test
CS-0906,line_B,59.664,train
CS-0907,line_A,54.158,train
CS-0908,line_B,61.097,train
CS-0909,line_B,65.585,train
CS-0910,line_A,45.34,train
CS-0911,line_A,39.614,train
CS-0912,line_A,44.364,train
CS-0913,line_A,49.14,train
CS-0914,line_A,43.859,test
CS-0915,line_B,60.129,test
CS-0916,line_A,50.657,train
CS-0917,line_B,58.91,train
CS-0918,line_B,52.359,test
CS-0919,line_A,51.323,train
CS-0920,line_A,48.358,test
CS-0921,line_A,43.022,train
CS-0922,line_A,46.369,train
CS-0923,line_A,57.894,test
CS-0924,line_A,57.606,train
CS-0925,line_A,44.367,train
CS-0926,line_A,53.504,train
CS-0927,line_A,43.198,train
CS-0928,line_B,62.506,train
CS-0929,line_A,47.505,train
CS-0930,line_A,47.273,train
CS-0931,line_A,47.296,train
CS-0932,line_A,57.736,test
CS-0933,line_B,50.44,train
CS-0934,line_B,53.232,train
CS-0935,line_A,41.231,train
CS-0936,line_B,58.802,train
CS-0937,line_B,45.69,train
CS-0938,line_A,46.174,train
CS-0939,line_A,51.218,train
CS-0940,line_A,55.15,test
CS-0941,line_A,57.04,test
CS-0942,line_B,52.813,train
CS-0943,line_A,39.467,train
CS-0944,line_B,55.532,test
CS-0945,line_A,46.629,test
CS-0946,line_A,44.348,train
CS-0947,line_B,59.162,train
CS-0948,line_B,61.17,train
CS-0949,line_B,67.661,test
CS-0950,line_B,63.008,train
CS-0951,line_A,43.907,test
CS-0952,line_A,44.907,train
CS-0953,line_B,59.617,test
CS-0954,line_A,50.544,train
CS-0955,line_B,52.537,train
CS-0956,line_B,53.187,train
CS-0957,line_B,61.543,train
CS-0958,line_A,41.993,train
CS-0959,line_A,51.658,train
CS-0960,line_A,56.65,test
CS-0961,line_B,53.372,train
CS-0962,line_B,52.978,train
CS-0963,line_A,42.293,train
CS-0964,line_A,39.945,train
CS-0965,line_A,36.699,train
CS-0966,line_A,49.995,test
CS-0967,line_A,57.001,train
CS-0968,line_A,40.656,train
CS-0969,line_A,44.509,train
CS-0970,line_A,51.042,test
CS-0971,line_A,53.144,train
CS-0972,line_B,58.288,train
CS-0973,line_A,50.822,train
CS-0974,line_B,60.624,train
CS-0975,line_A,43.179,train
CS-0976,line_A,49.599,train
CS-0977,line_A,55.406,train
CS-0978,line_A,44.904,train
CS-0979,line_B,61.117,train
CS-0980,line_A,50.922,train
CS-0981,line_B,53.47,test
CS-0982,line_A,42.924,train
CS-0983,line_A,47.21,train
CS-0984,line_B,55.844,train
CS-0985,line_A,39.544,train
CS-0986,line_A,52.736,test
CS-0987,line_A,52.433,test
CS-0988,line_B,47.392,train
CS-0989,line_B,64.901,train
CS-0990,line_A,49.995,train
CS-0991,line_A,39.311,test
CS-0992,line_B,52.042,train
CS-0993,line_A,51.903,train
CS-0994,line_B,56.872,train
CS-0995,line_B,50.792,test
CS-0996,line_A,39.819,test
CS-0997,line_A,43.516,test
CS-0998,line_A,49.478,train
CS-0999,line_A,42.404,train
CS-1000,line_A,47.053,test
CS-1001,line_A,45.035,train
CS-1002,line_B,53.945,train
CS-1003,line_A,50.261,train
CS-1004,line_A,51.275,test
CS-1005,line_B,61.437,train
CS-1006,line_A,41.046,train
CS-1007,line_B,63.736,test
CS-1008,line_A,44.123,train
CS-1009,line_B,58.0,train
CS-1010,line_A,33.849,test
CS-1011,line_A,42.239,train
CS-1012,line_B,56.357,train
CS-1013,line_A,50.256,train
CS-1014,line_A,39.476,test
CS-1015,line_A,43.457,train
CS-1016,line_B,52.065,train
CS-1017,line_A,47.497,train
CS-1018,line_A,47.893,train
CS-1019,line_A,42.174,train
CS-1020,line_A,47.392,train
CS-1021,line_A,40.461,train
CS-1022,line_A,44.208,train
CS-1023,line_B,57.429,train
CS-1024,line_B,58.003,train
CS-1025,line_B,59.085,train
CS-1026,line_A,46.355,train
CS-1027,line_B,62.567,train
CS-1028,line_B,57.49,train
CS-1029,line_A,47.565,train
CS-1030,line_A,49.965,train
CS-1031,line_A,43.142,train
CS-1032,line_A,54.569,train
CS-1033,line_A,51.762,train
CS-1034,line_B,60.009,test
CS-1035,line_A,40.729,train
CS-1036,line_A,46.812,train
CS-1037,line_B,57.667,train
CS-1038,line_B,47.565,test
CS-1039,line_B,64.436,test
CS-1040,line_A,44.804,test
CS-1041,line_A,49.947,test
CS-1042,line_B,56.241,train
CS-1043,line_A,45.426,train
CS-1044,line_A,47.72,train
CS-1045,line_A,41.935,train
CS-1046,line_A,51.102,train
CS-1047,line_B,52.662,train
CS-1048,line_A,49.692,train
CS-1049,line_A,51.401,test
CS-1050,line_A,43.275,train
CS-1051,line_A,46.526,train
CS-1052,line_A,48.573,train
CS-1053,line_B,56.389,train
CS-1054,line_B,57.285,test
CS-1055,line_A,41.006,test
CS-1056,line_A,48.184,train
CS-1057,line_A,49.259,test
CS-1058,line_A,58.102,train
CS-1059,line_B,55.853,train
CS-1060,line_A,44.198,train
CS-1061,line_A,46.654,train
CS-1062,line_A,44.96,train
CS-1063,line_B,53.706,train
CS-1064,line_A,47.049,train
CS-1065,line_A,41.79,test
CS-1066,line_A,57.165,test
CS-1067,line_A,40.66,train
CS-1068,line_A,46.671,train
CS-1069,line_A,43.114,train
CS-1070,line_A,47.858,train
CS-1071,line_A,38.316,train
CS-1072,line_B,52.936,train
CS-1073,line_A,34.118,test
CS-1074,line_A,46.308,train
CS-1075,line_A,52.399,train
CS-1076,line_A,46.289,train
CS-1077,line_B,58.437,train
CS-1078,line_A,52.871,train
CS-1079,line_A,47.736,train
CS-1080,line_A,48.348,train
CS-1081,line_B,65.185,train
CS-1082,line_A,44.498,train
CS-1083,line_A,47.16,train
CS-1084,line_B,53.062,train
CS-1085,line_B,65.016,train
CS-1086,line_A,44.266,test
CS-1087,line_A,45.281,train
CS-1088,line_A,42.751,train
CS-1089,line_A,57.138,train
CS-1090,line_A,47.103,train
CS-1091,line_A,44.089,train
CS-1092,line_B,51.499,train
CS-1093,line_A,42.868,train
CS-1094,line_A,39.883,train
CS-1095,line_B,52.044,train
CS-1096,line_B,62.126,train
CS-1097,line_B,61.524,test
CS-1098,line_B,51.894,train
CS-1099,line_B,63.393,train
CS-1100,line_A,44.253,train
CS-1101,line_A,38.33,train
CS-1102,line_A,44.924,test
CS-1103,line_A,42.125,train
CS-1104,line_A,47.627,train
CS-1105,line_B,52.718,test
CS-1106,line_A,51.456,train
CS-1107,line_A,52.174,test
CS-1108,line_A,44.743,train
CS-1109,line_A,37.076,train
CS-1110,line_A,43.823,train
CS-1111,line_A,38.905,train
CS-1112,line_A,61.197,test
CS-1113,line_A,40.135,train
CS-1114,line_A,47.023,train
CS-1115,line_B,56.415,test
CS-1116,line_A,51.744,test
CS-1117,line_A,42.611,test
CS-1118,line_A,55.071,train
CS-1119,line_A,47.105,train
CS-1120,line_A,52.6,train
CS-1121,line_B,54.562,test
CS-1122,line_A,46.004,train
CS-1123,line_B,60.945,test
CS-1124,line_A,51.359,train
CS-1125,line_A,48.656,train
CS-1126,line_A,51.928,train
CS-1127,line_A,41.143,test
CS-1128,line_B,49.36,train
CS-1129,line_A,41.757,train
CS-1130,line_B,50.656,train
CS-1131,line_B,64.577,train
CS-1132,line_B,68.707,train
CS-1133,line_B,56.416,test
CS-1134,line_A,36.479,train
CS-1135,line_B,61.662,train
CS-1136,line_A,48.64,train
CS-1137,line_B,54.375,train
CS-1138,line_A,46.635,test
CS-1139,line_B,63.183,test
CS-1140,line_B,49.729,train
CS-1141,line_A,51.016,test
CS-1142,line_B,48.981,test
CS-1143,line_A,48.404,train
CS-1144,line_B,75.841,train
CS-1145,line_B,62.323,train
CS-1146,line_A,54.871,train
CS-1147,line_A,45.543,train
CS-1148,line_A,48.185,train
CS-1149,line_B,46.448,test
CS-1150,line_A,45.351,train
CS-1151,line_A,47.881,train
CS-1152,line_A,43.627,train
CS-1153,line_A,44.531,test
CS-1154,line_B,64.943,test
CS-1155,line_A,47.275,test
CS-1156,line_B,51.798,train
CS-1157,line_A,48.186,test
CS-1158,line_A,55.141,train
CS-1159,line_B,59.076,test
CS-1160,line_A,54.362,test
CS-1161,line_B,61.795,train
CS-1162,line_A,46.194,test
CS-1163,line_B,49.063,train
CS-1164,line_B,68.052,train
CS-1165,line_A,44.702,train
CS-1166,line_A,57.232,train
CS-1167,line_A,46.702,test
CS-1168,line_A,39.38,test
CS-1169,line_A,52.058,train
CS-1170,line_B,56.712,train
CS-1171,line_B,55.6,train
CS-1172,line_B,59.841,train
CS-1173,line_A,37.985,train
CS-1174,line_A,43.994,train
CS-1175,line_A,51.047,train
CS-1176,line_B,56.802,train
CS-1177,line_A,53.86,test
CS-1178,line_B,63.113,train
CS-1179,line_A,49.063,train
CS-1180,line_A,49.548,train
CS-1181,line_A,49.851,test
CS-1182,line_B,65.065,train
CS-1183,line_A,43.01,train
CS-1184,line_A,43.006,train
CS-1185,line_A,48.782,test
CS-1186,line_A,46.563,test
CS-1187,line_A,50.596,train
CS-1188,line_B,59.089,train
CS-1189,line_A,47.288,test
CS-1190,line_A,58.065,train
CS-1191,line_B,58.937,test
CS-1192,line_B,61.892,test
CS-1193,line_A,50.188,train
CS-1194,line_A,50.3,train
CS-1195,line_A,47.394,test
CS-1196,line_A,51.341,test
CS-1197,line_B,50.961,train
CS-1198,line_A,35.942,test
CS-1199,line_A,48.516,train
CS-1200,line_A,47.153,train
CS-1201,line_A,47.31,train
CS-1202,line_A,44.974,train
CS-1203,line_A,52.775,train
CS-1204,line_B,53.264,train
CS-1205,line_A,50.801,test
CS-1206,line_B,53.908,train
CS-1207,line_B,54.129,train
CS-1208,line_B,62.305,test
CS-1209,line_A,50.066,test
CS-1210,line_A,47.049,train
CS-1211,line_A,53.924,test
CS-1212,line_A,46.782,train
CS-1213,line_A,39.869,test
CS-1214,line_A,47.628,test
CS-1215,line_A,61.142,train
CS-1216,line_A,47.036,test
CS-1217,line_B,64.442,train
CS-1218,line_B,61.662,train
CS-1219,line_B,52.73,train
CS-1220,line_A,51.117,train
CS-1221,line_A,53.179,test
CS-1222,line_B,57.791,train
CS-1223,line_A,50.3,test
CS-1224,line_B,67.284,train
CS-1225,line_A,49.44,train
CS-1226,line_B,60.891,train
CS-1227,line_A,45.384,test
CS-1228,line_B,49.813,test
CS-1229,line_B,49.441,train
CS-1230,line_B,53.102,train
CS-1231,line_A,44.145,train
CS-1232,line_A,49.455,test
CS-1233,line_A,54.092,train
CS-1234,line_B,55.761,test
CS-1235,line_A,47.133,train
CS-1236,line_A,53.899,train
CS-1237,line_A,49.635,train
CS-1238,line_A,51.464,train
CS-1239,line_A,55.622,train
CS-1240,line_A,52.887,train
CS-1241,line_A,50.191,train
CS-1242,line_B,52.119,test
CS-1243,line_A,39.771,train
CS-1244,line_B,59.509,train
CS-1245,line_A,56.317,train
CS-1246,line_B,50.622,train
CS-1247,line_A,48.508,test
CS-1248,line_B,49.816,train
CS-1249,line_B,51.682,train
CS-1250,line_A,46.277,train
CS-1251,line_A,46.507,test
CS-1252,line_B,58.197,train
CS-1253,line_A,46.635,train
CS-1254,line_A,51.854,train
CS-1255,line_A,45.775,train
CS-1256,line_B,51.483,train
CS-1257,line_A,40.481,test
CS-1258,line_A,46.934,train
CS-1259,line_A,52.75,train
CS-1260,line_A,55.256,train
CS-1261,line_B,59.669,train
CS-1262,line_B,67.55,train
CS-1263,line_B,56.212,test
CS-1264,line_A,56.768,train
CS-1265,line_B,53.238,train
CS-1266,line_A,47.369,test
CS-1267,line_A,38.663,train
CS-1268,line_A,49.659,train
CS-1269,line_B,61.746,train
CS-1270,line_B,63.188,train
CS-1271,line_A,43.758,train
CS-1272,line_A,48.377,train
CS-1273,line_B,56.21,train
CS-1274,line_A,45.568,train
CS-1275,line_A,41.686,train
CS-1276,line_A,43.505,test
CS-1277,line_B,64.421,train
CS-1278,line_A,47.364,test
CS-1279,line_A,44.489,train
CS-1280,line_A,53.116,train
CS-1281,line_A,56.068,train
CS-1282,line_B,63.663,train
CS-1283,line_B,55.975,train
CS-1284,line_B,62.444,train
CS-1285,line_A,48.365,train
CS-1286,line_A,45.867,train
CS-1287,line_A,38.064,test
CS-1288,line_B,55.613,train
CS-1289,line_B,56.924,train
CS-1290,line_A,54.581,train
CS-1291,line_B,52.984,test
CS-1292,line_A,53.656,train
CS-1293,line_A,51.253,train
CS-1294,line_B,64.776,test
CS-1295,line_A,49.557,train
CS-1296,line_B,66.273,train
CS-1297,line_A,49.296,test
CS-1298,line_A,44.839,test
CS-1299,line_B,56.659,train
CS-1300,line_A,51.007,train
CS-1301,line_B,61.651,train
CS-1302,line_A,51.49,train
CS-1303,line_A,50.396,train
CS-1304,line_B,53.85,train
CS-1305,line_B,50.557,test
CS-1306,line_B,55.568,train
CS-1307,line_B,56.059,train
CS-1308,line_A,53.436,train
CS-1309,line_A,47.037,train
CS-1310,line_A,46.318,train
CS-1311,line_A,51.0,train
CS-1312,line_B,58.494,train
CS-1313,line_A,53.034,train
CS-1314,line_A,54.519,train
CS-1315,line_B,52.466,test
CS-1316,line_A,50.816,train
CS-1317,line_A,38.114,test
CS-1318,line_A,39.095,train
CS-1319,line_A,46.067,train
CS-1320,line_A,50.401,train
CS-1321,line_A,42.217,train
CS-1322,line_A,41.812,train
CS-1323,line_A,47.091,train
CS-1324,line_A,57.284,train
CS-1325,line_A,37.246,test
CS-1326,line_A,46.565,train
CS-1327,line_A,49.067,train
CS-1328,line_B,56.758,train
CS-1329,line_B,54.268,train
CS-1330,line_B,59.257,train
CS-1331,line_B,53.268,train
CS-1332,line_A,49.409,train
CS-1333,line_A,42.074,train
CS-1334,line_B,58.462,train
CS-1335,line_B,56.141,test
CS-1336,line_B,56.487,test
CS-1337,line_B,58.215,train
CS-1338,line_A,48.674,test
CS-1339,line_B,58.793,test
CS-1340,line_B,67.264,train
CS-1341,line_A,46.379,train
CS-1342,line_A,40.302,train
CS-1343,line_A,47.539,test
CS-1344,line_B,49.404,train
CS-1345,line_A,36.26,train
CS-1346,line_A,53.965,train
CS-1347,line_A,59.918,train
CS-1348,line_A,41.852,test
CS-1349,line_A,39.802,train
CS-1350,line_A,47.563,train
CS-1351,line_A,51.585,train
CS-1352,line_A,43.561,train
CS-1353,line_B,47.511,train
CS-1354,line_B,56.792,train
CS-1355,line_A,42.367,test
CS-1356,line_A,38.199,train
CS-1357,line_A,42.295,train
CS-1358,line_B,58.93,train
CS-1359,line_A,49.118,train
CS-1360,line_A,51.973,test
CS-1361,line_B,55.961,train
CS-1362,line_B,59.56,test
CS-1363,line_A,43.963,train
CS-1364,line_B,58.026,train
CS-1365,line_A,44.598,train
CS-1366,line_B,59.173,train
CS-1367,line_B,56.077,train
CS-1368,line_A,44.758,train
CS-1369,line_A,50.031,train
CS-1370,line_B,62.898,test
CS-1371,line_A,53.156,train
CS-1372,line_A,38.443,train
CS-1373,line_B,61.663,train
CS-1374,line_A,49.474,train
CS-1375,line_B,60.17,train
CS-1376,line_A,52.397,test
CS-1377,line_A,48.133,test
CS-1378,line_A,40.271,train
CS-1379,line_A,56.443,train
CS-1380,line_A,59.735,test
CS-1381,line_A,47.436,train
CS-1382,line_A,50.303,train
CS-1383,line_A,50.868,test
CS-1384,line_A,52.358,test
CS-1385,line_A,52.019,test
CS-1386,line_B,60.516,train
CS-1387,line_A,47.058,train
CS-1388,line_B,55.346,train
CS-1389,line_A,48.902,train
CS-1390,line_A,37.505,train
CS-1391,line_B,51.369,train
CS-1392,line_A,44.197,train
CS-1393,line_B,56.942,train
CS-1394,line_B,63.428,train
CS-1395,line_B,58.887,train
CS-1396,line_B,63.429,train
CS-1397,line_A,50.332,test
CS-1398,line_A,45.201,train
CS-1399,line_B,53.255,train
CS-1400,line_B,54.527,train
CS-1401,line_B,54.008,train
CS-1402,line_B,51.565,train
CS-1403,line_A,48.138,train
CS-1404,line_A,48.94,train
CS-1405,line_B,55.498,train
CS-1406,line_A,49.177,train
CS-1407,line_A,48.553,test
CS-1408,line_A,49.532,train
CS-1409,line_B,57.686,test
CS-1410,line_A,40.713,train
CS-1411,line_B,51.085,train
CS-1412,line_B,61.111,train
CS-1413,line_A,47.43,train
CS-1414,line_B,62.3,train
CS-1415,line_B,57.339,test
CS-1416,line_B,61.809,test
CS-1417,line_A,54.742,train
CS-1418,line_A,40.342,test
CS-1419,line_B,60.085,train
CS-1420,line_B,56.326,train
CS-1421,line_A,50.92,train
CS-1422,line_B,62.036,test
CS-1423,line_B,61.622,train
CS-1424,line_A,48.18,test
CS-1425,line_B,65.976,train
CS-1426,line_A,47.894,train
CS-1427,line_A,46.946,train
CS-1428,line_A,45.899,test
CS-1429,line_A,45.481,train
CS-1430,line_A,46.761,train
CS-1431,line_A,44.127,test
CS-1432,line_A,52.936,test
CS-1433,line_B,58.244,train
CS-1434,line_B,49.065,train
CS-1435,line_A,43.618,train
CS-1436,line_A,39.711,train
CS-1437,line_A,53.403,test
CS-1438,line_B,56.795,train
CS-1439,line_A,40.612,train
CS-1440,line_A,51.038,train
CS-1441,line_A,52.883,train
CS-1442,line_A,45.314,test
CS-1443,line_A,50.579,train
CS-1444,line_A,57.631,train
CS-1445,line_A,40.645,train
CS-1446,line_A,59.744,train
CS-1447,line_A,49.255,train
CS-1448,line_A,42.964,test
CS-1449,line_A,59.972,train
CS-1450,line_A,41.875,train
CS-1451,line_A,45.838,test
CS-1452,line_B,63.123,train
CS-1453,line_B,60.799,train
CS-1454,line_B,54.53,train
CS-1455,line_A,42.874,test
CS-1456,line_A,48.623,test
CS-1457,line_A,38.124,train
CS-1458,line_A,44.805,train
CS-1459,line_A,42.82,train
CS-1460,line_A,49.41,train
CS-1461,line_A,55.445,train
CS-1462,line_A,45.935,train
CS-1463,line_A,55.095,train
CS-1464,line_A,47.908,train
CS-1465,line_A,50.087,test
CS-1466,line_B,52.217,train
CS-1467,line_A,40.497,train
CS-1468,line_A,45.225,test
CS-1469,line_B,60.248,train
CS-1470,line_A,53.047,train
CS-1471,line_A,46.817,test
CS-1472,line_B,59.389,train
CS-1473,line_B,57.041,train
CS-1474,line_A,52.238,train
CS-1475,line_A,55.451,train
CS-1476,line_A,56.033,test
CS-1477,line_A,42.748,train
CS-1478,line_A,44.568,test
CS-1479,line_A,43.535,test
CS-1480,line_A,45.104,test
CS-1481,line_B,64.004,train
CS-1482,line_B,67.267,train
CS-1483,line_B,58.421,train
CS-1484,line_A,56.462,train
CS-1485,line_A,51.776,train
CS-1486,line_A,57.159,train
CS-1487,line_A,44.418,test
CS-1488,line_A,40.932,train
CS-1489,line_A,55.0,train
CS-1490,line_A,51.304,train
CS-1491,line_A,43.872,train
CS-1492,line_B,54.962,train
CS-1493,line_A,47.675,train
CS-1494,line_A,47.414,train
CS-1495,line_A,49.083,train
CS-1496,line_A,54.251,train
CS-1497,line_B,54.819,test
CS-1498,line_A,51.093,train
CS-1499,line_A,52.115,train
CS-1500,line_A,40.931,train
CS-1501,line_A,53.414,train
CS-1502,line_A,36.779,train
CS-1503,line_B,51.674,train
CS-1504,line_A,50.619,train
CS-1505,line_A,49.167,train
CS-1506,line_A,44.216,train
CS-1507,line_B,55.215,train
CS-1508,line_B,63.247,test
CS-1509,line_A,52.05,train
CS-1510,line_B,51.299,train
CS-1511,line_A,48.53,test
CS-1512,line_B,60.834,train
CS-1513,line_A,45.348,train
CS-1514,line_A,48.152,train
CS-1515,line_A,58.222,train
CS-1516,line_B,55.666,train
CS-1517,line_A,49.705,train
CS-1518,line_A,35.663,test
CS-1519,line_A,44.666,train
CS-1520,line_A,45.277,train
CS-1521,line_B,54.993,test
CS-1522,line_A,37.154,train
CS-1523,line_A,52.643,test
CS-1524,line_A,52.476,train
CS-1525,line_A,39.885,train
CS-1526,line_B,60.379,test
CS-1527,line_B,66.392,train
CS-1528,line_B,62.547,train
CS-1529,line_A,48.253,train
CS-1530,line_B,63.044,train
CS-1531,line_A,46.36,train
CS-1532,line_B,63.446,train
CS-1533,line_A,54.471,train
CS-1534,line_A,43.745,train
CS-1535,line_B,62.33,train
CS-1536,line_A,49.781,train
CS-1537,line_A,48.539,test
CS-1538,line_A,55.723,test
CS-1539,line_A,42.406,train
CS-1540,line_B,64.506,train
CS-1541,line_B,54.357,train
CS-1542,line_B,57.52,train
CS-1543,line_A,56.953,train
CS-1544,line_B,52.211,train
CS-1545,line_A,43.974,train
CS-1546,line_A,53.872,test
CS-1547,line_A,37.748,train
CS-1548,line_B,61.34,test
CS-1549,line_B,58.546,train
CS-1550,line_B,57.53,train
CS-1551,line_A,41.036,train
CS-1552,line_B,58.89,test
CS-1553,line_B,52.712,test
CS-1554,line_B,53.569,train
CS-1555,line_A,51.556,train
CS-1556,line_B,56.58,train
CS-1557,line_A,53.005,train
CS-1558,line_A,46.995,test
CS-1559,line_A,50.138,test
CS-1560,line_B,65.366,test
CS-1561,line_B,61.156,train
CS-1562,line_A,53.502,train
CS-1563,line_A,47.185,train
CS-1564,line_A,54.127,test
CS-1565,line_A,44.221,test
CS-1566,line_A,48.084,train
CS-1567,line_A,57.194,train
CS-1568,line_A,47.565,test
CS-1569,line_B,62.864,train
CS-1570,line_A,54.351,train
CS-1571,line_B,60.343,test
CS-1572,line_A,44.893,train
CS-1573,line_A,44.787,test
CS-1574,line_B,50.797,train
CS-1575,line_A,49.26,train
CS-1576,line_B,56.972,train
CS-1577,line_A,41.648,train
CS-1578,line_A,50.719,test
CS-1579,line_B,58.581,train
CS-1580,line_B,54.192,train
CS-1581,line_A,53.087,test
CS-1582,line_A,50.772,train
CS-1583,line_A,51.11,train
CS-1584,line_A,44.873,train
CS-1585,line_A,51.211,train
CS-1586,line_B,64.83,test
CS-1587,line_A,63.299,train
CS-1588,line_A,45.04,train
CS-1589,line_B,51.609,test
CS-1590,line_A,48.968,train
CS-1591,line_A,45.645,test
CS-1592,line_B,51.357,train
CS-1593,line_A,56.694,train
CS-1594,line_B,54.667,train
CS-1595,line_B,58.571,train
CS-1596,line_A,54.275,train
CS-1597,line_A,56.056,train
CS-1598,line_A,55.016,train
CS-1599,line_A,48.582,train
CS-1600,line_A,52.351,train
CS-1601,line_A,54.499,train
CS-1602,line_A,50.888,train
CS-1603,line_B,59.524,train
CS-1604,line_A,48.277,train
CS-1605,line_A,48.766,train
CS-1606,line_B,48.518,train
CS-1607,line_A,37.293,test
CS-1608,line_B,56.396,test
CS-1609,line_B,55.367,train
CS-1610,line_B,65.379,train
CS-1611,line_A,57.045,train
CS-1612,line_B,51.607,test
CS-1613,line_A,47.156,test
CS-1614,line_A,42.779,test
CS-1615,line_A,43.22,train
CS-1616,line_A,44.428,test
CS-1617,line_B,56.815,train
CS-1618,line_B,59.155,train
CS-1619,line_B,59.324,test
CS-1620,line_B,52.941,train
CS-1621,line_A,51.473,train
CS-1622,line_B,64.858,train
CS-1623,line_A,48.637,train
CS-1624,line_A,57.858,test
CS-1625,line_A,43.06,train
CS-1626,line_A,32.904,train
CS-1627,line_B,58.899,train
CS-1628,line_B,55.15,test
CS-1629,line_A,53.536,test
CS-1630,line_A,48.113,test
CS-1631,line_B,60.209,test
CS-1632,line_B,52.81,train
CS-1633,line_A,48.8,train
CS-1634,line_A,46.321,train
CS-1635,line_A,46.329,train
CS-1636,line_B,53.891,train
CS-1637,line_A,43.599,train
CS-1638,line_A,51.652,train
CS-1639,line_B,46.451,train
CS-1640,line_B,56.786,test
CS-1641,line_A,55.666,train
CS-1642,line_A,51.81,train
CS-1643,line_A,44.761,train
CS-1644,line_A,44.721,train
CS-1645,line_A,42.367,train
CS-1646,line_B,47.93,train
CS-1647,line_B,63.322,train
CS-1648,line_A,43.31,train
CS-1649,line_A,43.806,train
CS-1650,line_A,41.801,train
CS-1651,line_A,44.312,test
CS-1652,line_A,50.385,train
CS-1653,line_A,42.582,train
CS-1654,line_A,50.212,train
CS-1655,line_A,46.549,train
CS-1656,line_B,59.731,train
CS-1657,line_B,65.272,train
CS-1658,line_A,54.212,train
CS-1659,line_A,50.071,test
CS-1660,line_A,44.251,test
CS-1661,line_A,48.132,test
CS-1662,line_A,50.175,test
CS-1663,line_B,55.473,test
CS-1664,line_B,58.396,test
CS-1665,line_B,48.297,train
CS-1666,line_B,55.045,train
CS-1667,line_A,59.381,train
CS-1668,line_B,56.353,train
CS-1669,line_A,45.189,test
CS-1670,line_A,52.789,train
CS-1671,line_A,55.038,train
CS-1672,line_A,46.608,train
CS-1673,line_A,41.147,train
CS-1674,line_B,50.67,train
CS-1675,line_A,48.247,train
CS-1676,line_B,62.651,train
CS-1677,line_B,53.176,train
CS-1678,line_A,47.095,train
CS-1679,line_B,45.089,train
CS-1680,line_B,70.513,train
CS-1681,line_A,43.504,train
CS-1682,line_B,50.099,train
CS-1683,line_A,48.463,test
CS-1684,line_B,54.547,train
CS-1685,line_B,65.032,train
CS-1686,line_A,40.913,train
CS-1687,line_A,41.009,train
CS-1688,line_A,52.504,train
CS-1689,line_A,45.533,test
CS-1690,line_A,55.19,test
CS-1691,line_A,55.03,train
CS-1692,line_A,55.455,train
CS-1693,line_A,49.068,train
CS-1694,line_B,56.242,train
CS-1695,line_B,51.777,train
CS-1696,line_A,52.664,train
CS-1697,line_A,47.773,train
CS-1698,line_B,55.409,train
CS-1699,line_A,42.522,train
CS-1700,line_A,51.827,test
CS-1701,line_A,48.29,train
CS-1702,line_A,56.647,test
CS-1703,line_B,65.721,train
CS-1704,line_B,51.341,train
CS-1705,line_B,46.994,test
CS-1706,line_A,47.439,train
CS-1707,line_A,53.695,train
CS-1708,line_A,55.155,train
CS-1709,line_B,62.184,train
CS-1710,line_A,42.612,train
CS-1711,line_A,49.309,train
CS-1712,line_B,55.161,train
CS-1713,line_A,41.339,test
CS-1714,line_A,60.291,train
CS-1715,line_A,45.671,train
CS-1716,line_A,44.168,train
CS-1717,line_B,69.498,train
CS-1718,line_A,57.911,train
CS-1719,line_A,48.849,test
CS-1720,line_B,59.138,train
CS-1721,line_A,49.663,train
CS-1722,line_B,54.2,train
CS-1723,line_B,53.982,test
CS-1724,line_B,72.479,test
CS-1725,line_A,42.471,train
CS-1726,line_A,57.213,train
CS-1727,line_A,41.647,train
CS-1728,line_A,52.214,train
CS-1729,line_A,45.929,train
CS-1730,line_B,64.752,train
CS-1731,line_A,49.829,train
CS-1732,line_A,45.154,test
CS-1733,line_A,51.83,train
CS-1734,line_A,40.615,train
CS-1735,line_A,53.625,train
CS-1736,line_A,48.241,test
CS-1737,line_A,49.798,train
CS-1738,line_A,45.223,train
CS-1739,line_A,42.813,train
CS-1740,line_B,72.54,train
CS-1741,line_A,44.646,train
CS-1742,line_B,55.395,test
CS-1743,line_A,50.133,test
CS-1744,line_B,55.515,train
CS-1745,line_A,42.018,test
CS-1746,line_B,58.233,train
CS-1747,line_A,43.976,test
CS-1748,line_A,48.778,train
CS-1749,line_A,39.43,train
CS-1750,line_A,45.477,train
CS-1751,line_B,62.944,train
CS-1752,line_A,46.123,train
CS-1753,line_A,46.116,train
CS-1754,line_A,58.017,test
CS-1755,line_B,53.002,test
CS-1756,line_A,57.313,train
CS-1757,line_B,46.394,train
CS-1758,line_A,43.171,train
CS-1759,line_B,58.518,train
CS-1760,line_A,50.127,train
CS-1761,line_A,54.564,train
CS-1762,line_A,38.874,test
CS-1763,line_B,56.234,train
CS-1764,line_B,55.542,train
CS-1765,line_B,54.249,train
CS-1766,line_A,36.58,test
CS-1767,line_A,42.616,train
CS-1768,line_A,48.775,train
CS-1769,line_A,41.139,train
CS-1770,line_B,49.178,train
CS-1771,line_B,63.785,train
CS-1772,line_A,57.033,train
CS-1773,line_A,54.098,train
CS-1774,line_B,59.548,train
CS-1775,line_A,49.915,test
CS-1776,line_A,45.257,test
CS-1777,line_A,48.281,train
CS-1778,line_A,37.991,train
CS-1779,line_B,55.815,train
CS-1780,line_B,54.788,train
CS-1781,line_A,46.435,test
CS-1782,line_A,49.725,test
CS-1783,line_A,49.056,train
CS-1784,line_A,50.379,test
CS-1785,line_B,67.116,train
CS-1786,line_B,50.699,test
CS-1787,line_B,64.162,train
CS-1788,line_A,50.017,train
CS-1789,line_B,67.061,train
CS-1790,line_B,65.018,train
CS-1791,line_A,41.284,train
CS-1792,line_A,50.04,train
CS-1793,line_A,55.213,test
CS-1794,line_A,45.347,test
CS-1795,line_A,40.898,train
CS-1796,line_B,62.918,train
CS-1797,line_A,49.932,train
CS-1798,line_B,45.777,train
CS-1799,line_A,45.557,train
CS-1800,line_A,51.526,train
CS-1801,line_A,37.988,train
CS-1802,line_B,68.213,train
CS-1803,line_A,60.955,train
CS-1804,line_A,53.579,train
CS-1805,line_B,56.625,train
CS-1806,line_B,64.495,train
CS-1807,line_A,52.656,train
CS-1808,line_A,52.784,test
CS-1809,line_A,49.398,train
CS-1810,line_B,55.415,train
CS-1811,line_B,67.235,test
CS-1812,line_A,48.487,train
CS-1813,line_B,56.736,train
CS-1814,line_A,49.606,train
CS-1815,line_A,36.981,train
CS-1816,line_A,45.293,train
CS-1817,line_A,48.943,train
CS-1818,line_A,51.49,train
CS-1819,line_B,56.688,test
CS-1820,line_A,38.457,test
CS-1821,line_A,40.247,train
CS-1822,line_A,39.453,test
CS-1823,line_B,60.244,train
CS-1824,line_A,45.605,test
CS-1825,line_A,53.306,train
CS-1826,line_A,45.374,train
CS-1827,line_A,39.39,train
CS-1828,line_A,37.799,test
CS-1829,line_A,50.547,test
CS-1830,line_B,59.777,train
CS-1831,line_A,44.659,test
CS-1832,line_A,48.125,train
CS-1833,line_A,52.578,train
CS-1834,line_A,50.521,test
CS-1835,line_B,72.154,train
CS-1836,line_A,43.254,test
CS-1837,line_B,57.04,train
CS-1838,line_B,56.63,train
CS-1839,line_B,62.736,train
CS-1840,line_A,47.716,train
CS-1841,line_A,45.138,test
CS-1842,line_B,56.742,test
CS-1843,line_B,67.207,train
CS-1844,line_A,45.859,train
CS-1845,line_B,52.402,train
CS-1846,line_B,64.632,train
CS-1847,line_A,48.707,train
CS-1848,line_B,56.916,test
CS-1849,line_A,56.03,train
CS-1850,line_B,67.051,test
CS-1851,line_A,36.902,test
CS-1852,line_A,44.177,train
CS-1853,line_B,54.869,train
CS-1854,line_B,53.587,train
CS-1855,line_A,52.577,train
CS-1856,line_B,51.285,train
CS-1857,line_B,57.759,train
CS-1858,line_B,60.645,test
CS-1859,line_B,53.05,train
CS-1860,line_A,49.099,test
CS-1861,line_B,55.565,train
CS-1862,line_B,54.56,train
CS-1863,line_B,54.058,train
CS-1864,line_B,60.294,test
CS-1865,line_A,54.664,train
CS-1866,line_A,45.798,train
CS-1867,line_B,59.235,test
CS-1868,line_A,48.39,test
CS-1869,line_A,41.451,train
CS-1870,line_B,58.51,test
CS-1871,line_A,41.677,train
CS-1872,line_B,57.116,train
CS-1873,line_A,49.808,train
CS-1874,line_B,56.979,test
CS-1875,line_A,34.212,train
CS-1876,line_B,48.413,train
CS-1877,line_B,53.458,test
CS-1878,line_B,58.312,train
CS-1879,line_A,44.88,train
CS-1880,line_A,53.648,test
CS-1881,line_A,59.002,train
CS-1882,line_B,54.172,test
CS-1883,line_B,45.063,train
CS-1884,line_B,59.356,train
CS-1885,line_B,64.294,test
CS-1886,line_A,46.739,train
CS-1887,line_A,47.82,test
CS-1888,line_A,37.795,train
CS-1889,line_A,50.167,test
CS-1890,line_A,40.404,train
CS-1891,line_A,48.899,train
CS-1892,line_A,47.413,train
CS-1893,line_A,45.034,train
CS-1894,line_A,64.76,test
CS-1895,line_A,47.301,test
CS-1896,line_A,51.013,train
CS-1897,line_A,54.378,test
CS-1898,line_B,55.863,test
CS-1899,line_A,40.044,test
CS-1900,line_B,69.231,test
CS-1901,line_A,46.861,train
CS-1902,line_A,51.468,train
CS-1903,line_A,49.156,train
CS-1904,line_A,38.166,test
CS-1905,line_B,45.661,train
CS-1906,line_A,45.045,train
CS-1907,line_A,35.229,train
CS-1908,line_A,46.194,train
CS-1909,line_B,63.716,test
CS-1910,line_A,39.14,train
CS-1911,line_A,49.652,test
CS-1912,line_A,57.655,train
CS-1913,line_A,43.195,train
CS-1914,line_A,36.296,test
CS-1915,line_A,47.732,train
CS-1916,line_B,51.956,test
CS-1917,line_A,57.028,train
CS-1918,line_A,52.187,train
CS-1919,line_A,46.626,train
CS-1920,line_A,46.332,test
CS-1921,line_A,47.58,train
CS-1922,line_A,48.148,train
CS-1923,line_A,49.775,test
CS-1924,line_B,64.132,train
CS-1925,line_A,38.289,train
CS-1926,line_A,50.974,train
CS-1927,line_A,56.15,train
CS-1928,line_A,44.446,train
CS-1929,line_A,37.853,train
CS-1930,line_B,61.729,train
CS-1931,line_A,47.937,test
CS-1932,line_B,59.391,train
CS-1933,line_B,62.166,test
CS-1934,line_B,57.471,train
CS-1935,line_A,45.783,train
CS-1936,line_A,55.3,train
CS-1937,line_B,49.694,train
CS-1938,line_A,47.735,train
CS-1939,line_B,49.593,test
CS-1940,line_B,51.245,train
CS-1941,line_B,54.08,train
CS-1942,line_A,48.855,train
CS-1943,line_A,55.11,train
CS-1944,line_B,63.416,train
CS-1945,line_A,48.842,train
CS-1946,line_A,49.863,train
CS-1947,line_B,54.087,train
CS-1948,line_A,49.304,train
CS-1949,line_A,57.046,train
CS-1950,line_A,46.855,train
CS-1951,line_B,57.942,train
CS-1952,line_A,47.805,train
CS-1953,line_A,46.122,test
CS-1954,line_A,51.978,test
CS-1955,line_A,43.539,test
CS-1956,line_A,50.311,train
CS-1957,line_B,62.432,train
CS-1958,line_B,57.527,test
CS-1959,line_A,48.818,test
CS-1960,line_B,49.339,train
CS-1961,line_A,40.232,train
CS-1962,line_B,55.45,train
CS-1963,line_A,53.543,test
CS-1964,line_B,52.607,train
CS-1965,line_B,53.718,train
CS-1966,line_A,45.923,train
CS-1967,line_B,62.514,train
CS-1968,line_A,35.237,train
CS-1969,line_A,52.594,test
CS-1970,line_B,52.477,train
CS-1971,line_B,55.334,test
CS-1972,line_A,43.647,train
CS-1973,line_A,44.79,test
CS-1974,line_A,49.517,train
CS-1975,line_A,44.095,train
CS-1976,line_A,42.788,train
CS-1977,line_A,52.403,train
CS-1978,line_A,48.936,train
CS-1979,line_A,53.519,train
CS-1980,line_A,46.269,train
CS-1981,line_A,50.034,train
CS-1982,line_A,53.687,test
CS-1983,line_A,48.172,train
CS-1984,line_A,49.181,train
CS-1985,line_A,47.689,test
CS-1986,line_B,57.79,train
CS-1987,line_A,59.058,train
CS-1988,line_B,61.762,train
CS-1989,line_B,57.767,train
CS-1990,line_A,45.906,test
CS-1991,line_B,60.046,test
CS-1992,line_B,52.225,train
CS-1993,line_B,64.259,train
CS-1994,line_A,44.509,train
CS-1995,line_A,49.491,train
CS-1996,line_B,57.695,test
CS-1997,line_A,53.403,train
CS-1998,line_A,43.057,train
CS-1999,line_B,58.896,train
CS-2000,line_A,49.534,train
CS-2001,line_A,49.022,test
CS-2002,line_A,39.158,train
CS-2003,line_B,58.686,train
CS-2004,line_A,42.134,train
CS-2005,line_A,50.57,train
CS-2006,line_A,50.299,train
CS-2007,line_A,54.671,train
CS-2008,line_A,50.687,train
CS-2009,line_A,57.071,train
CS-2010,line_A,52.892,train
CS-2011,line_A,48.516,test
CS-2012,line_A,45.578,train
CS-2013,line_B,55.134,test
CS-2014,line_A,54.232,train
CS-2015,line_A,49.646,train
CS-2016,line_A,50.14,train
CS-2017,line_B,59.481,train
CS-2018,line_A,44.015,train
CS-2019,line_A,39.021,train
CS-2020,line_A,46.891,test
CS-2021,line_A,59.539,train
CS-2022,line_A,52.206,train
CS-2023,line_B,57.38,train
CS-2024,line_B,56.824,train
CS-2025,line_A,44.918,train
CS-2026,line_A,50.13,train
CS-2027,line_A,50.084,train
CS-2028,line_A,48.346,train
CS-2029,line_A,36.413,train
CS-2030,line_B,61.142,train
CS-2031,line_A,41.494,train
CS-2032,line_B,59.048,train
CS-2033,line_B,54.845,train
CS-2034,line_B,51.679,train
CS-2035,line_A,53.551,train
CS-2036,line_A,43.044,train
CS-2037,line_A,36.343,train
CS-2038,line_B,58.148,train
CS-2039,line_A,38.217,train
CS-2040,line_B,64.344,train
CS-2041,line_A,52.059,train
CS-2042,line_A,52.29,train
CS-2043,line_A,50.775,train
CS-2044,line_A,45.486,train
CS-2045,line_A,53.515,train
CS-2046,line_B,58.667,test
CS-2047,line_A,44.284,train
CS-2048,line_A,45.809,train
CS-2049,line_B,58.588,train
CS-2050,line_A,47.224,train
CS-2051,line_A,55.037,train
CS-2052,line_B,57.154,train
CS-2053,line_A,37.828,train
CS-2054,line_B,69.108,train
CS-2055,line_A,64.046,test
CS-2056,line_A,44.709,train
CS-2057,line_A,54.275,train
CS-2058,line_B,50.5,train
CS-2059,line_A,47.988,test
CS-2060,line_A,43.562,test
CS-2061,line_A,45.345,test
CS-2062,line_B,50.598,train
CS-2063,line_A,45.591,test
CS-2064,line_A,42.633,test
CS-2065,line_A,52.804,train
CS-2066,line_A,56.145,train
CS-2067,line_A,45.544,train
CS-2068,line_A,40.696,train
CS-2069,line_A,43.936,train
CS-2070,line_A,39.468,train
CS-2071,line_A,39.641,train
CS-2072,line_A,45.026,test
CS-2073,line_B,60.61,train
CS-2074,line_B,66.063,train
CS-2075,line_B,57.715,train
CS-2076,line_B,55.425,test
CS-2077,line_B,58.481,train
CS-2078,line_B,60.476,train
CS-2079,line_A,43.472,train
CS-2080,line_A,43.723,train
CS-2081,line_A,43.077,train
CS-2082,line_A,41.879,train
CS-2083,line_A,58.489,train
CS-2084,line_A,53.437,train
CS-2085,line_A,47.614,train
CS-2086,line_B,61.175,train
CS-2087,line_A,46.224,train
CS-2088,line_A,44.784,train
CS-2089,line_A,57.544,train
CS-2090,line_B,56.375,train
CS-2091,line_B,49.051,test
CS-2092,line_A,47.852,train
CS-2093,line_B,61.129,train
CS-2094,line_A,45.984,train
CS-2095,line_B,60.461,train
CS-2096,line_B,64.087,train
CS-2097,line_A,52.352,train
CS-2098,line_A,47.142,train
CS-2099,line_A,52.601,train
CS-2100,line_A,43.454,train
CS-2101,line_B,52.978,train
CS-2102,line_A,53.595,train
CS-2103,line_B,54.442,train
CS-2104,line_A,59.266,train
CS-2105,line_B,51.345,test
CS-2106,line_A,41.071,train
CS-2107,line_A,33.447,train
CS-2108,line_A,55.427,train
CS-2109,line_A,47.956,test
CS-2110,line_B,56.798,train
CS-2111,line_A,41.358,train
CS-2112,line_B,67.828,train
CS-2113,line_B,59.756,test
CS-2114,line_B,62.143,train
CS-2115,line_A,46.354,test
CS-2116,line_A,48.261,test
CS-2117,line_A,46.997,test
CS-2118,line_B,61.829,test
CS-2119,line_A,50.41,train
CS-2120,line_A,43.237,train
CS-2121,line_A,43.954,test
CS-2122,line_B,58.758,test
CS-2123,line_A,53.662,train
CS-2124,line_B,58.869,train
CS-2125,line_A,45.26,train
CS-2126,line_A,59.69,train
CS-2127,line_A,39.992,test
CS-2128,line_A,51.44,train
CS-2129,line_B,55.256,test
CS-2130,line_A,46.14,test
CS-2131,line_B,58.069,test
CS-2132,line_A,55.603,test
CS-2133,line_A,45.42,train
CS-2134,line_B,65.917,train
CS-2135,line_A,48.197,train
CS-2136,line_B,60.288,train
CS-2137,line_A,55.587,train
CS-2138,line_A,50.324,train
CS-2139,line_A,51.524,train
CS-2140,line_A,48.971,train
CS-2141,line_A,44.617,train
CS-2142,line_A,46.798,test
CS-2143,line_B,53.258,test
CS-2144,line_A,49.124,train
CS-2145,line_A,52.509,train
CS-2146,line_A,45.138,test
CS-2147,line_A,46.679,train
CS-2148,line_B,55.87,train
CS-2149,line_A,52.623,test
CS-2150,line_A,58.017,train
CS-2151,line_A,55.964,train
CS-2152,line_A,32.777,train
CS-2153,line_A,49.391,test
CS-2154,line_A,54.226,train
CS-2155,line_A,46.144,train
CS-2156,line_B,67.764,train
CS-2157,line_B,59.217,train
CS-2158,line_A,51.023,train
CS-2159,line_B,58.779,train
CS-2160,line_A,45.168,test
CS-2161,line_A,43.233,train
CS-2162,line_A,48.844,train
CS-2163,line_A,44.986,test
CS-2164,line_A,51.442,train
CS-2165,line_B,52.83,test
CS-2166,line_B,56.361,train
CS-2167,line_A,50.244,train
CS-2168,line_B,65.954,train
CS-2169,line_A,53.928,train
CS-2170,line_B,56.276,train
CS-2171,line_A,49.28,train
CS-2172,line_B,58.253,train
CS-2173,line_A,53.883,train
CS-2174,line_A,52.906,train
CS-2175,line_A,46.734,train
CS-2176,line_A,51.557,train
CS-2177,line_B,63.339,train
CS-2178,line_B,65.932,train
CS-2179,line_A,44.423,train
CS-2180,line_A,42.822,train
CS-2181,line_A,55.008,train
CS-2182,line_A,55.523,train
CS-2183,line_A,57.903,train
CS-2184,line_A,48.457,train
CS-2185,line_A,55.671,train
CS-2186,line_A,40.376,train
CS-2187,line_B,61.636,test
CS-2188,line_A,45.237,train
CS-2189,line_B,60.62,train
CS-2190,line_A,47.393,train
CS-2191,line_A,48.827,train
CS-2192,line_B,58.072,train
CS-2193,line_B,57.264,train
CS-2194,line_A,51.222,test
CS-2195,line_B,60.932,train
CS-2196,line_A,37.466,test
CS-2197,line_B,53.645,train
CS-2198,line_B,47.346,train
CS-2199,line_B,60.388,test
CS-2200,line_A,53.241,train
CS-2201,line_A,51.107,train
CS-2202,line_A,40.862,train
CS-2203,line_B,49.463,train
CS-2204,line_A,38.61,train
CS-2205,line_A,57.911,train
CS-2206,line_A,50.59,train
CS-2207,line_B,58.953,train
CS-2208,line_A,50.894,train
CS-2209,line_B,56.709,train
CS-2210,line_A,53.024,train
CS-2211,line_B,57.089,test
CS-2212,line_A,55.438,train
CS-2213,line_A,45.159,train
CS-2214,line_A,55.568,train
CS-2215,line_B,53.446,train
CS-2216,line_A,51.189,train
CS-2217,line_A,43.958,train
CS-2218,line_A,45.891,train
CS-2219,line_B,60.027,train
CS-2220,line_B,62.951,train
CS-2221,line_B,53.87,test
CS-2222,line_B,61.138,train
CS-2223,line_A,41.935,train
CS-2224,line_B,62.141,test
CS-2225,line_A,41.932,train
CS-2226,line_A,44.91,train
CS-2227,line_B,53.507,test
CS-2228,line_A,50.176,train
CS-2229,line_A,45.662,train
CS-2230,line_B,59.002,train
CS-2231,line_A,42.394,train
CS-2232,line_A,48.438,train
CS-2233,line_A,47.783,test
CS-2234,line_A,36.698,test
CS-2235,line_B,63.351,test
CS-2236,line_A,49.486,train
CS-2237,line_A,43.776,train
CS-2238,line_B,61.761,train
CS-2239,line_A,44.688,train
CS-2240,line_A,42.853,train
CS-2241,line_A,38.604,train
CS-2242,line_A,46.883,train
CS-2243,line_A,57.885,train
CS-2244,line_A,49.674,train
CS-2245,line_A,58.116,train
CS-2246,line_A,46.069,train
CS-2247,line_A,41.063,train
CS-2248,line_B,65.813,train
CS-2249,line_B,51.612,test
CS-2250,line_B,60.23,train
CS-2251,line_A,45.947,train
CS-2252,line_A,46.675,train
CS-2253,line_A,53.244,train
CS-2254,line_A,47.229,train
CS-2255,line_B,59.173,train
CS-2256,line_B,56.571,train
CS-2257,line_A,47.617,train
CS-2258,line_A,41.36,train
CS-2259,line_A,59.56,train
CS-2260,line_A,47.998,train
CS-2261,line_A,43.335,test
CS-2262,line_A,45.971,train
CS-2263,line_A,48.089,train
CS-2264,line_A,40.287,train
CS-2265,line_B,54.629,train
CS-2266,line_A,52.77,train
CS-2267,line_A,52.728,train
CS-2268,line_B,53.937,train
CS-2269,line_A,44.021,train
CS-2270,line_A,40.946,test
CS-2271,line_A,46.162,test
CS-2272,line_A,42.972,train
CS-2273,line_A,44.719,train
CS-2274,line_A,41.547,train
CS-2275,line_B,50.244,test
CS-2276,line_A,57.706,test
CS-2277,line_A,44.074,train
CS-2278,line_A,50.148,train
CS-2279,line_A,51.864,train
CS-2280,line_B,63.489,test
CS-2281,line_B,65.736,train
CS-2282,line_A,51.101,test
CS-2283,line_A,56.151,test
CS-2284,line_B,44.587,test
CS-2285,line_A,47.538,train
CS-2286,line_B,63.779,train
CS-2287,line_A,54.042,train
CS-2288,line_A,54.579,train
CS-2289,line_B,51.624,train
CS-2290,line_A,52.091,train
CS-2291,line_A,47.905,test
CS-2292,line_B,56.645,train
CS-2293,line_A,54.054,train
CS-2294,line_B,64.675,train
CS-2295,line_B,58.58,test
CS-2296,line_B,65.178,train
CS-2297,line_A,51.081,train
CS-2298,line_B,58.602,test
CS-2299,line_B,55.32,train
CS-2300,line_B,69.02,test
CS-2301,line_A,52.017,train
CS-2302,line_A,49.008,train
CS-2303,line_B,59.242,train
CS-2304,line_A,44.899,test
CS-2305,line_B,62.276,train
CS-2306,line_B,63.853,test
CS-2307,line_A,42.187,train
CS-2308,line_A,42.01,train
CS-2309,line_A,48.311,train
CS-2310,line_A,42.974,train
CS-2311,line_A,44.461,test
CS-2312,line_A,51.339,train
CS-2313,line_A,56.292,test
CS-2314,line_A,51.869,train
CS-2315,line_A,48.79,train
CS-2316,line_A,46.435,train
CS-2317,line_A,53.06,train
CS-2318,line_A,44.925,train
CS-2319,line_A,49.168,train
CS-2320,line_B,53.583,train
CS-2321,line_A,45.864,test
CS-2322,line_A,55.961,train
CS-2323,line_A,51.72,train
CS-2324,line_B,58.471,train
CS-2325,line_A,41.616,train
CS-2326,line_B,59.628,train
CS-2327,line_A,42.79,train
CS-2328,line_B,52.933,train
CS-2329,line_A,43.759,train
CS-2330,line_A,43.434,train
CS-2331,line_B,51.348,train
CS-2332,line_A,50.85,train
CS-2333,line_B,59.566,train
CS-2334,line_B,52.948,train
CS-2335,line_A,42.232,test
CS-2336,line_A,50.006,train
CS-2337,line_A,52.577,train
CS-2338,line_A,43.299,train
CS-2339,line_A,47.043,train
CS-2340,line_A,40.52,train
CS-2341,line_A,49.214,test
CS-2342,line_B,57.498,train
CS-2343,line_A,43.267,train
CS-2344,line_B,58.098,train
CS-2345,line_A,56.032,train
CS-2346,line_A,54.88,test
CS-2347,line_A,38.19,test
CS-2348,line_B,68.114,train
CS-2349,line_B,65.55,train
CS-2350,line_A,48.257,test
CS-2351,line_A,49.676,test
CS-2352,line_A,54.151,train
CS-2353,line_A,50.557,train
CS-2354,line_B,67.436,train
CS-2355,line_A,49.455,train
CS-2356,line_A,50.51,train
CS-2357,line_B,58.592,train
CS-2358,line_A,51.308,train
CS-2359,line_B,58.073,train
CS-2360,line_A,51.74,train
CS-2361,line_A,44.877,train
CS-2362,line_A,51.595,train
CS-2363,line_B,53.438,train
CS-2364,line_A,46.806,train
CS-2365,line_B,54.296,train
CS-2366,line_B,52.96,train
CS-2367,line_A,54.236,test
CS-2368,line_B,54.274,train
CS-2369,line_A,61.566,test
CS-2370,line_A,54.548,train
CS-2371,line_B,52.017,train
CS-2372,line_A,52.444,train
CS-2373,line_A,48.235,train
CS-2374,line_A,48.388,train
CS-2375,line_A,49.867,train
CS-2376,line_B,61.595,train
CS-2377,line_A,46.495,train
CS-2378,line_A,40.985,train
CS-2379,line_A,56.184,train
CS-2380,line_B,56.732,train
CS-2381,line_A,44.461,train
CS-2382,line_A,47.999,train
CS-2383,line_A,39.761,train
CS-2384,line_A,49.877,test
CS-2385,line_A,48.519,train
CS-2386,line_B,57.357,test
CS-2387,line_A,41.286,train
CS-2388,line_B,61.413,train
CS-2389,line_A,47.226,test
CS-2390,line_B,54.871,train
CS-2391,line_A,42.409,test
CS-2392,line_A,40.406,train
CS-2393,line_B,69.509,train
CS-2394,line_A,55.165,train
CS-2395,line_A,47.19,test
CS-2396,line_A,41.442,train
CS-2397,line_B,56.094,train
CS-2398,line_A,50.239,train
CS-2399,line_B,57.644,train
CS-2400,line_B,50.465,train
CS-2401,line_B,70.565,train
CS-2402,line_A,44.58,train
CS-2403,line_A,40.753,train
CS-2404,line_A,48.753,test
CS-2405,line_A,47.976,train
CS-2406,line_B,61.958,train
CS-2407,line_B,61.408,test
CS-2408,line_B,58.215,train
CS-2409,line_A,48.323,train
CS-2410,line_B,68.5,test
CS-2411,line_B,54.724,train
CS-2412,line_B,46.775,train
CS-2413,line_A,52.834,train
CS-2414,line_A,40.488,test
CS-2415,line_B,54.98,train
CS-2416,line_B,51.947,train
CS-2417,line_A,43.921,train
CS-2418,line_A,51.168,train
CS-2419,line_A,39.594,train
CS-2420,line_B,63.299,train
CS-2421,line_A,39.533,train
CS-2422,line_A,48.382,train
CS-2423,line_A,43.972,train
CS-2424,line_B,57.556,train
CS-2425,line_B,57.8,test
CS-2426,line_B,58.207,train
CS-2427,line_A,40.043,train
CS-2428,line_B,61.054,train
CS-2429,line_A,47.798,train
CS-2430,line_A,55.046,train
CS-2431,line_A,52.949,train
CS-2432,line_B,63.161,test
CS-2433,line_A,47.578,test
CS-2434,line_B,60.819,train
CS-2435,line_A,57.557,train
CS-2436,line_B,56.2,train
CS-2437,line_B,50.231,test
CS-2438,line_B,54.99,train
CS-2439,line_A,58.977,train
CS-2440,line_A,55.318,train
CS-2441,line_A,51.883,test
CS-2442,line_B,55.873,train
CS-2443,line_B,58.766,train
CS-2444,line_B,57.72,train
CS-2445,line_A,48.064,train
CS-2446,line_A,50.139,train
CS-2447,line_A,49.148,test
CS-2448,line_A,44.926,test
CS-2449,line_B,53.984,train
CS-2450,line_A,48.33,train
CS-2451,line_A,49.864,train
CS-2452,line_A,50.01,train
CS-2453,line_A,52.1,train
CS-2454,line_B,49.975,train
CS-2455,line_A,44.169,train
CS-2456,line_A,42.045,train
CS-2457,line_A,47.128,train
CS-2458,line_A,46.078,train
CS-2459,line_B,54.354,test
CS-2460,line_A,61.724,train
CS-2461,line_A,49.85,train
CS-2462,line_A,35.889,test
CS-2463,line_A,44.526,test
CS-2464,line_B,53.394,train
CS-2465,line_B,53.961,train
CS-2466,line_B,56.442,train
CS-2467,line_A,45.366,test
CS-2468,line_B,61.52,test
CS-2469,line_A,57.745,train
CS-2470,line_B,57.195,train
CS-2471,line_A,43.562,train
CS-2472,line_A,51.208,train
CS-2473,line_A,46.069,train
CS-2474,line_A,50.046,test
CS-2475,line_B,56.098,train
CS-2476,line_A,42.475,test
CS-2477,line_A,39.339,train
CS-2478,line_A,40.528,train
CS-2479,line_A,56.068,train
CS-2480,line_A,58.469,train
CS-2481,line_B,61.557,test
CS-2482,line_A,39.972,train
CS-2483,line_B,58.85,test
CS-2484,line_B,53.28,train
CS-2485,line_B,66.798,test
CS-2486,line_B,61.062,train
CS-2487,line_A,41.973,test
CS-2488,line_A,51.028,test
CS-2489,line_A,46.07,test
CS-2490,line_B,51.969,train
CS-2491,line_A,41.49,train
CS-2492,line_A,46.75,test
CS-2493,line_A,45.132,test
CS-2494,line_B,57.634,test
CS-2495,line_A,47.693,train
CS-2496,line_A,50.501,test
CS-2497,line_A,48.956,train
CS-2498,line_A,55.65,train
CS-2499,line_A,54.684,test
CS-2500,line_B,52.556,test
CS-2501,line_A,51.312,train
CS-2502,line_A,55.985,train
CS-2503,line_A,41.002,train
CS-2504,line_A,52.811,train
CS-2505,line_B,64.846,test
CS-2506,line_A,46.79,train
CS-2507,line_B,58.464,train
CS-2508,line_A,49.03,train
CS-2509,line_A,44.544,train
CS-2510,line_B,57.884,train
CS-2511,line_B,66.622,train
CS-2512,line_A,50.151,train
CS-2513,line_A,46.594,train
CS-2514,line_A,51.869,test
CS-2515,line_B,60.723,train
CS-2516,line_A,52.395,train
CS-2517,line_A,46.234,train
CS-2518,line_A,49.221,train
CS-2519,line_A,49.768,train
CS-2520,line_A,53.027,train
CS-2521,line_B,65.493,train
CS-2522,line_B,57.674,train
CS-2523,line_A,34.172,train
CS-2524,line_B,60.323,train
CS-2525,line_B,63.693,train
CS-2526,line_A,43.701,test
CS-2527,line_B,44.942,train
CS-2528,line_A,43.867,train
CS-2529,line_B,63.389,train
CS-2530,line_B,68.601,train
CS-2531,line_B,64.424,train
CS-2532,line_B,52.945,test
CS-2533,line_A,48.802,test
CS-2534,line_A,60.068,train
CS-2535,line_B,56.743,test
CS-2536,line_A,48.658,train
CS-2537,line_A,51.156,train
CS-2538,line_A,54.087,train
CS-2539,line_A,41.064,train
CS-2540,line_B,63.322,train
CS-2541,line_B,66.733,train
CS-2542,line_B,53.196,train
CS-2543,line_A,52.198,train
CS-2544,line_B,51.36,train
CS-2545,line_A,54.188,train
CS-2546,line_A,37.222,train
CS-2547,line_A,54.658,train
CS-2548,line_B,54.193,test
CS-2549,line_B,57.234,test
CS-2550,line_B,58.693,train
CS-2551,line_B,53.489,test
CS-2552,line_A,55.527,test
CS-2553,line_A,39.485,train
CS-2554,line_A,40.129,train
CS-2555,line_A,49.072,test
CS-2556,line_B,55.189,train
CS-2557,line_A,39.724,train
CS-2558,line_A,46.842,train
CS-2559,line_A,47.408,train
CS-2560,line_B,50.744,train
CS-2561,line_B,59.13,train
CS-2562,line_A,49.165,train
CS-2563,line_A,45.586,train
CS-2564,line_A,36.063,train
CS-2565,line_A,52.052,test
CS-2566,line_A,57.315,train
CS-2567,line_A,42.194,test
CS-2568,line_A,40.488,train
CS-2569,line_A,45.482,test
CS-2570,line_A,54.805,train
CS-2571,line_A,47.705,train
CS-2572,line_A,49.551,train
CS-2573,line_A,39.406,train
CS-2574,line_B,47.585,train
CS-2575,line_A,46.324,train
CS-2576,line_B,49.907,train
CS-2577,line_A,44.686,train
CS-2578,line_A,53.978,train
CS-2579,line_A,48.887,train
CS-2580,line_A,45.674,train
CS-2581,line_A,44.198,train
CS-2582,line_B,62.071,train
CS-2583,line_A,49.09,train
CS-2584,line_B,53.977,train
CS-2585,line_A,46.659,train
CS-2586,line_B,59.591,train
CS-2587,line_A,45.217,train
CS-2588,line_A,42.207,train
CS-2589,line_A,49.475,train
CS-2590,line_B,56.374,train
CS-2591,line_B,59.545,train
CS-2592,line_A,42.346,train
CS-2593,line_A,38.604,train
CS-2594,line_B,54.243,train
CS-2595,line_A,47.393,train
CS-2596,line_A,49.976,train
CS-2597,line_B,50.1,train
CS-2598,line_A,44.72,test
CS-2599,line_B,50.89,train
CS-2600,line_A,41.545,train
CS-2601,line_A,57.937,train
CS-2602,line_A,53.228,train
CS-2603,line_A,51.717,train
CS-2604,line_B,67.662,train
CS-2605,line_B,66.008,train
CS-2606,line_B,64.155,train
CS-2607,line_A,46.701,train
CS-2608,line_A,50.168,test
CS-2609,line_A,37.921,train
CS-2610,line_B,62.305,train
CS-2611,line_B,53.119,train
CS-2612,line_A,42.269,train
CS-2613,line_B,46.599,train
CS-2614,line_A,50.092,train
CS-2615,line_A,50.536,train
CS-2616,line_A,50.536,train
CS-2617,line_A,43.148,train
CS-2618,line_A,41.786,train
CS-2619,line_A,52.569,train
CS-2620,line_B,57.592,test
CS-2621,line_A,44.112,train
CS-2622,line_A,40.123,test
CS-2623,line_A,43.969,train
CS-2624,line_B,57.139,train
CS-2625,line_A,43.492,test
CS-2626,line_A,44.278,train
CS-2627,line_B,65.875,test
CS-2628,line_A,52.678,train
CS-2629,line_B,52.384,train
CS-2630,line_A,52.521,train
CS-2631,line_A,42.319,train
CS-2632,line_A,49.354,test
CS-2633,line_A,43.887,train
CS-2634,line_B,58.667,train
CS-2635,line_A,45.955,train
CS-2636,line_B,64.891,train
CS-2637,line_B,63.963,train
CS-2638,line_A,54.038,train
CS-2639,line_B,46.607,test
CS-2640,line_B,61.688,train
CS-2641,line_A,44.43,test
CS-2642,line_A,51.148,train
CS-2643,line_A,48.031,train
CS-2644,line_B,57.176,train
CS-2645,line_A,43.951,train
CS-2646,line_A,54.161,test
CS-2647,line_B,62.307,test
CS-2648,line_B,62.215,train
CS-2649,line_A,49.336,train
CS-2650,line_A,51.158,train
CS-2651,line_A,45.542,test
CS-2652,line_B,65.24,train
CS-2653,line_A,54.516,train
CS-2654,line_B,59.3,train
CS-2655,line_A,48.832,train
CS-2656,line_B,56.461,train
CS-2657,line_A,40.409,train
CS-2658,line_A,53.15,train
CS-2659,line_B,58.031,test
CS-2660,line_B,57.728,train
CS-2661,line_A,52.549,train
CS-2662,line_A,48.612,train
CS-2663,line_A,48.968,train
CS-2664,line_A,48.159,test
CS-2665,line_B,48.454,train
CS-2666,line_A,51.405,train
CS-2667,line_A,58.494,train
CS-2668,line_A,43.13,test
CS-2669,line_B,65.271,train
CS-2670,line_A,46.29,train
CS-2671,line_B,55.263,train
CS-2672,line_A,41.916,train
CS-2673,line_B,65.875,test
CS-2674,line_A,46.304,train
CS-2675,line_A,56.263,train
CS-2676,line_A,59.454,train
CS-2677,line_A,53.033,train
CS-2678,line_A,44.735,train
CS-2679,line_A,48.543,train
CS-2680,line_A,44.261,train
CS-2681,line_A,59.316,train
CS-2682,line_A,45.391,train
CS-2683,line_A,52.596,train
CS-2684,line_A,47.861,train
CS-2685,line_A,52.116,train
CS-2686,line_A,49.214,train
CS-2687,line_B,60.764,train
CS-2688,line_A,36.137,test
CS-2689,line_A,52.766,train
CS-2690,line_A,37.816,train
CS-2691,line_A,49.338,train
CS-2692,line_A,43.498,train
CS-2693,line_B,55.359,train
CS-2694,line_A,43.204,train
CS-2695,line_A,41.191,train
CS-2696,line_A,51.061,test
CS-2697,line_A,49.073,train
CS-2698,line_A,58.69,train
CS-2699,line_B,66.178,train
CS-2700,line_A,41.777,train
CS-2701,line_A,53.48,train
CS-2702,line_A,44.307,train
CS-2703,line_A,42.884,train
CS-2704,line_A,50.786,train
CS-2705,line_A,48.807,test
CS-2706,line_B,52.744,test
CS-2707,line_B,60.533,train
CS-2708,line_A,45.296,train
CS-2709,line_A,51.38,test
CS-2710,line_B,60.972,train
CS-2711,line_A,48.058,train
CS-2712,line_A,41.581,train
CS-2713,line_B,57.329,train
CS-2714,line_B,56.971,train
CS-2715,line_B,52.96,test
CS-2716,line_A,42.656,train
CS-2717,line_B,58.46,train
CS-2718,line_B,59.842,test
CS-2719,line_A,52.315,train
CS-2720,line_A,38.644,train
CS-2721,line_A,47.824,test
CS-2722,line_B,56.471,train
CS-2723,line_A,44.106,train
CS-2724,line_A,49.781,train
CS-2725,line_B,59.484,test
CS-2726,line_B,61.598,test
CS-2727,line_B,57.084,train
CS-2728,line_B,54.098,train
CS-2729,line_B,55.863,train
CS-2730,line_A,45.159,test
CS-2731,line_A,53.329,train
CS-2732,line_A,38.963,train
CS-2733,line_A,49.667,test
CS-2734,line_A,54.516,train
CS-2735,line_A,44.775,train
CS-2736,line_A,55.082,train
CS-2737,line_A,49.562,train
CS-2738,line_B,60.104,train
CS-2739,line_B,67.297,train
CS-2740,line_A,49.887,train
CS-2741,line_A,35.466,train
CS-2742,line_A,42.306,train
CS-2743,line_A,36.004,train
CS-2744,line_A,48.048,train
CS-2745,line_A,49.479,train
CS-2746,line_B,52.855,train
CS-2747,line_B,62.647,train
CS-2748,line_B,49.794,test
CS-2749,line_A,44.437,train
CS-2750,line_A,48.234,train
CS-2751,line_B,61.048,train
CS-2752,line_B,57.226,train
CS-2753,line_B,52.868,train
CS-2754,line_A,55.988,train
CS-2755,line_B,47.888,train
CS-2756,line_A,45.695,train
CS-2757,line_B,51.444,train
CS-2758,line_B,54.512,test
CS-2759,line_B,59.505,train
CS-2760,line_B,57.657,train
CS-2761,line_A,46.266,train
CS-2762,line_B,48.782,test
CS-2763,line_B,51.166,test
CS-2764,line_A,50.03,train
CS-2765,line_A,49.369,test
CS-2766,line_A,45.069,train
CS-2767,line_A,58.636,test
CS-2768,line_B,56.11,test
CS-2769,line_B,47.441,train
CS-2770,line_A,53.252,train
CS-2771,line_A,47.739,train
CS-2772,line_A,43.184,train
CS-2773,line_B,53.534,test
CS-2774,line_B,52.677,train
CS-2775,line_A,44.605,test
CS-2776,line_B,57.284,train
CS-2777,line_A,61.612,train
CS-2778,line_B,59.964,test
CS-2779,line_A,51.551,test
CS-2780,line_A,47.548,train
CS-2781,line_B,59.535,test
CS-2782,line_A,51.617,train
CS-2783,line_B,46.049,train
CS-2784,line_B,58.901,train
CS-2785,line_A,46.02,test
CS-2786,line_A,49.644,train
CS-2787,line_B,61.915,train
CS-2788,line_B,57.515,train
CS-2789,line_A,40.335,train
CS-2790,line_A,48.862,test
CS-2791,line_B,54.627,test
CS-2792,line_A,54.332,train
CS-2793,line_B,53.594,test
CS-2794,line_A,47.255,train
CS-2795,line_A,50.463,train
CS-2796,line_A,42.749,test
CS-2797,line_A,45.539,train
CS-2798,line_A,42.317,train
CS-2799,line_A,44.306,train
CS-2800,line_A,49.221,train
CS-2801,line_A,52.972,train
CS-2802,line_A,45.907,train
CS-2803,line_A,44.801,train
CS-2804,line_B,59.012,train
CS-2805,line_A,44.225,train
CS-2806,line_A,53.651,train
CS-2807,line_B,63.451,train
CS-2808,line_B,51.264,train
CS-2809,line_B,52.163,train
CS-2810,line_B,65.799,train
CS-2811,line_A,42.171,test
CS-2812,line_B,57.923,train
CS-2813,line_A,41.98,train
CS-2814,line_A,48.338,train
CS-2815,line_A,45.807,train
CS-2816,line_B,61.778,train
CS-2817,line_A,49.247,train
CS-2818,line_A,56.603,train
CS-2819,line_A,51.029,train
CS-2820,line_A,40.539,test
CS-2821,line_A,47.231,test
CS-2822,line_B,53.422,test
CS-2823,line_B,54.552,test
CS-2824,line_A,48.537,train
CS-2825,line_B,52.791,train
CS-2826,line_B,58.041,train
CS-2827,line_A,44.811,train
CS-2828,line_B,57.167,test
CS-2829,line_A,51.393,train
CS-2830,line_A,53.536,train
CS-2831,line_A,55.254,train
CS-2832,line_A,52.077,test
CS-2833,line_B,58.458,train
CS-2834,line_A,46.863,train
CS-2835,line_B,49.092,train
CS-2836,line_A,46.635,train
CS-2837,line_B,57.696,train
CS-2838,line_A,42.909,train
CS-2839,line_B,55.485,test
CS-2840,line_B,65.559,train
CS-2841,line_A,35.443,train
CS-2842,line_A,54.762,train
CS-2843,line_A,42.999,test
CS-2844,line_B,53.2,train
CS-2845,line_A,40.373,train
CS-2846,line_A,36.808,train
CS-2847,line_A,45.05,train
CS-2848,line_B,59.269,train
CS-2849,line_A,49.338,train
CS-2850,line_A,50.887,train
CS-2851,line_A,40.637,test
CS-2852,line_B,54.001,test
CS-2853,line_A,59.491,test
CS-2854,line_B,66.128,train
CS-2855,line_B,64.074,train
CS-2856,line_B,57.79,train
CS-2857,line_A,43.983,train
CS-2858,line_A,47.156,train
CS-2859,line_B,56.55,train
CS-2860,line_B,71.932,train
CS-2861,line_A,46.646,train
CS-2862,line_B,64.558,train
CS-2863,line_A,44.686,train
CS-2864,line_A,54.961,test
CS-2865,line_A,43.529,train
CS-2866,line_A,43.261,test
CS-2867,line_A,45.35,train
CS-2868,line_B,45.61,train
CS-2869,line_A,58.051,train
CS-2870,line_B,58.277,train
CS-2871,line_A,43.383,test
CS-2872,line_B,69.842,test
CS-2873,line_A,38.16,train
CS-2874,line_B,63.803,train
CS-2875,line_B,59.468,train
CS-2876,line_B,63.283,test
CS-2877,line_A,52.199,test
CS-2878,line_A,49.401,train
CS-2879,line_A,54.529,train
CS-2880,line_A,45.114,train
CS-2881,line_A,47.55,test
CS-2882,line_A,52.07,train
CS-2883,line_A,47.945,test
CS-2884,line_A,60.474,train
CS-2885,line_A,45.817,train
CS-2886,line_A,53.245,train
CS-2887,line_A,33.832,train
CS-2888,line_A,50.707,train
CS-2889,line_A,47.175,train
CS-2890,line_A,45.503,test
CS-2891,line_A,47.257,train
CS-2892,line_B,71.17,train
CS-2893,line_B,47.702,train
CS-2894,line_B,66.467,test
CS-2895,line_A,45.812,train
CS-2896,line_B,66.918,test
CS-2897,line_A,47.305,train
CS-2898,line_B,63.364,train
CS-2899,line_B,60.183,train
CS-2900,line_B,52.607,train
CS-2901,line_A,55.435,train
CS-2902,line_B,53.341,test
CS-2903,line_B,59.083,train
CS-2904,line_B,62.117,train
CS-2905,line_A,47.693,train
CS-2906,line_A,38.291,train
CS-2907,line_A,45.516,train
CS-2908,line_B,63.828,train
CS-2909,line_B,60.95,train
CS-2910,line_B,53.642,train
CS-2911,line_B,51.922,train
CS-2912,line_A,46.78,train
CS-2913,line_A,44.612,train
CS-2914,line_A,46.326,train
CS-2915,line_B,62.143,train
CS-2916,line_A,46.07,train
CS-2917,line_A,48.764,train
CS-2918,line_A,55.619,train
CS-2919,line_B,56.044,train
CS-2920,line_B,64.311,train
CS-2921,line_B,63.259,train
CS-2922,line_A,42.298,train
CS-2923,line_A,36.068,train
CS-2924,line_B,59.952,test
CS-2925,line_B,63.231,train
CS-2926,line_B,59.913,train
CS-2927,line_B,63.102,train
CS-2928,line_A,50.382,train
CS-2929,line_A,54.741,train
CS-2930,line_B,55.668,train
CS-2931,line_B,59.263,test
CS-2932,line_A,43.836,test
CS-2933,line_A,44.01,train
CS-2934,line_A,49.332,train
CS-2935,line_B,56.828,test
CS-2936,line_A,42.067,train
CS-2937,line_A,49.351,train
CS-2938,line_B,61.817,train
CS-2939,line_A,42.165,train
CS-2940,line_A,49.128,test
CS-2941,line_A,49.077,test
CS-2942,line_A,44.819,train
CS-2943,line_B,58.423,train
CS-2944,line_A,44.012,test
CS-2945,line_A,47.989,train
CS-2946,line_A,41.856,train
CS-2947,line_A,59.088,train
CS-2948,line_B,62.741,test
CS-2949,line_B,55.189,train
CS-2950,line_A,47.786,train
CS-2951,line_A,47.79,train
CS-2952,line_A,46.989,train
CS-2953,line_B,69.729,train
CS-2954,line_A,40.635,train
CS-2955,line_A,49.036,train
CS-2956,line_A,47.087,train
CS-2957,line_A,51.886,train
CS-2958,line_A,60.731,train
CS-2959,line_A,50.404,test
CS-2960,line_A,47.51,train
CS-2961,line_A,36.684,train
CS-2962,line_A,45.241,train
CS-2963,line_A,51.742,train
CS-2964,line_A,41.219,train
CS-2965,line_A,42.064,train
CS-2966,line_A,51.954,train
CS-2967,line_A,51.571,train
CS-2968,line_B,66.36,train
CS-2969,line_A,65.951,train
CS-2970,line_A,47.909,test
CS-2971,line_A,42.906,train
CS-2972,line_A,49.309,test
CS-2973,line_A,56.978,train
CS-2974,line_B,63.708,test
CS-2975,line_A,44.944,train
CS-2976,line_B,50.803,test
CS-2977,line_B,59.452,test
CS-2978,line_A,43.907,train
CS-2979,line_A,54.066,train
CS-2980,line_A,52.318,train
CS-2981,line_B,62.318,test
CS-2982,line_B,54.764,test
CS-2983,line_A,52.743,train
CS-2984,line_A,56.297,train
CS-2985,line_A,54.188,train
CS-2986,line_A,43.134,train
CS-2987,line_B,54.396,test
CS-2988,line_A,47.633,train
CS-2989,line_B,58.745,train
CS-2990,line_B,55.014,train
CS-2991,line_A,45.188,test
CS-2992,line_A,61.476,train
CS-2993,line_A,46.485,train
CS-2994,line_B,59.29,train
CS-2995,line_B,48.875,test
CS-2996,line_B,57.364,train
CS-2997,line_A,53.37,train
CS-2998,line_A,43.446,test
CS-2999,line_B,48.934,test
CS-3000,line_A,50.405,train
CS-3001,line_A,44.51,train
CS-3002,line_B,65.551,test
CS-3003,line_B,57.014,test
CS-3004,line_B,69.633,train
CS-3005,line_B,58.53,train
CS-3006,line_A,52.107,train
CS-3007,line_B,62.525,train
CS-3008,line_A,47.009,train
CS-3009,line_A,50.616,test
CS-3010,line_A,47.316,train
CS-3011,line_A,52.402,train
CS-3012,line_B,62.86,test
CS-3013,line_A,47.6,test
CS-3014,line_A,49.844,train
CS-3015,line_B,56.067,train
CS-3016,line_B,58.235,train
CS-3017,line_A,49.32,test
CS-3018,line_A,49.715,train
CS-3019,line_A,46.707,train
CS-3020,line_A,41.305,train
CS-3021,line_B,55.291,train
CS-3022,line_A,35.179,train
CS-3023,line_A,40.667,train
CS-3024,line_B,50.706,train
CS-3025,line_A,30.475,train
CS-3026,line_A,48.738,train
CS-3027,line_B,50.736,train
CS-3028,line_B,61.124,train
CS-3029,line_A,53.245,train
CS-3030,line_B,53.187,train
CS-3031,line_A,47.58,train
CS-3032,line_A,49.374,train
CS-3033,line_A,50.833,train
CS-3034,line_A,50.792,test
CS-3035,line_A,51.047,train
CS-3036,line_A,43.184,test
CS-3037,line_B,53.917,train
CS-3038,line_B,57.424,test
CS-3039,line_A,49.75,test
CS-3040,line_A,51.243,train
CS-3041,line_B,65.601,train
CS-3042,line_A,46.123,test
CS-3043,line_B,57.725,train
CS-3044,line_A,49.009,train
CS-3045,line_A,45.169,test
CS-3046,line_A,42.36,test
CS-3047,line_B,58.364,train
CS-3048,line_A,44.4,train
CS-3049,line_B,49.412,train
CS-3050,line_A,47.89,train
CS-3051,line_A,43.209,train
CS-3052,line_B,47.535,test
CS-3053,line_B,58.351,train
CS-3054,line_A,49.347,train
CS-3055,line_A,50.881,train
CS-3056,line_B,56.442,train
CS-3057,line_A,41.068,train
CS-3058,line_A,43.471,test
CS-3059,line_A,51.715,train
CS-3060,line_A,51.731,train
CS-3061,line_A,46.412,test
CS-3062,line_A,53.57,train
CS-3063,line_A,49.029,test
CS-3064,line_A,48.684,train
CS-3065,line_B,60.698,train
CS-3066,line_B,49.959,train
CS-3067,line_A,49.27,train
CS-3068,line_A,51.818,test
CS-3069,line_A,48.769,test
CS-3070,line_A,55.167,train
CS-3071,line_A,55.455,test
CS-3072,line_A,49.104,train
CS-3073,line_A,47.237,train
CS-3074,line_A,44.676,train
CS-3075,line_A,38.062,train
CS-3076,line_B,55.647,train
CS-3077,line_B,59.021,train
CS-3078,line_A,58.459,train
CS-3079,line_B,58.268,test
CS-3080,line_A,43.33,train
CS-3081,line_A,48.73,train
CS-3082,line_A,52.43,train
CS-3083,line_A,49.282,train
CS-3084,line_B,60.699,test
CS-3085,line_A,49.453,test
CS-3086,line_A,50.318,train
CS-3087,line_A,39.549,test
CS-3088,line_B,44.232,test
CS-3089,line_A,47.96,train
CS-3090,line_A,36.632,test
CS-3091,line_B,57.477,train
CS-3092,line_B,53.225,train
CS-3093,line_B,57.45,train
CS-3094,line_A,45.562,train
CS-3095,line_B,45.704,train
CS-3096,line_B,54.173,test
CS-3097,line_A,45.458,train
CS-3098,line_B,56.248,train
CS-3099,line_B,61.746,train
CS-3100,line_A,46.551,train
CS-3101,line_B,67.351,train
CS-3102,line_B,52.114,train
CS-3103,line_A,47.107,train
CS-3104,line_B,63.178,train
CS-3105,line_A,55.663,train
CS-3106,line_A,44.118,train
CS-3107,line_B,53.69,test
CS-3108,line_A,49.359,test
CS-3109,line_B,64.864,train
CS-3110,line_B,65.091,test
CS-3111,line_A,55.513,test
CS-3112,line_B,59.236,train
CS-3113,line_B,59.779,train
CS-3114,line_A,50.421,test
CS-3115,line_A,41.282,test
CS-3116,line_B,49.994,train
CS-3117,line_A,58.648,train
CS-3118,line_B,63.716,train
CS-3119,line_B,53.533,train
CS-3120,line_B,57.097,train
CS-3121,line_A,50.897,train
CS-3122,line_A,39.175,train
CS-3123,line_B,58.968,train
CS-3124,line_A,45.113,train
CS-3125,line_B,65.241,train
CS-3126,line_A,57.649,train
CS-3127,line_A,44.601,train
CS-3128,line_A,44.534,train
CS-3129,line_A,49.389,train
CS-3130,line_B,48.212,train
CS-3131,line_B,46.567,train
CS-3132,line_A,48.81,test
CS-3133,line_A,48.188,train
CS-3134,line_B,60.931,test
CS-3135,line_A,41.829,test
CS-3136,line_A,48.165,test
CS-3137,line_A,41.325,test
CS-3138,line_A,61.561,train
CS-3139,line_B,51.446,test
CS-3140,line_B,56.576,train
CS-3141,line_A,46.813,train
CS-3142,line_B,55.66,train
CS-3143,line_A,52.537,train
CS-3144,line_A,46.325,test
CS-3145,line_B,62.701,train
CS-3146,line_B,55.586,train
CS-3147,line_A,47.464,train
CS-3148,line_A,46.6,train
CS-3149,line_A,38.956,train
CS-3150,line_A,54.144,train
CS-3151,line_B,62.454,test
CS-3152,line_B,62.267,train
CS-3153,line_A,51.4,train
CS-3154,line_B,58.198,train
CS-3155,line_A,46.505,test
CS-3156,line_A,55.334,train
CS-3157,line_A,49.972,train
CS-3158,line_A,47.495,train
CS-3159,line_A,43.752,train
CS-3160,line_A,50.416,train
CS-3161,line_B,70.115,train
CS-3162,line_A,54.535,train
CS-3163,line_A,47.892,train
CS-3164,line_A,40.033,train
CS-3165,line_A,50.573,train
CS-3166,line_A,47.622,train
CS-3167,line_A,53.688,train
CS-3168,line_A,45.799,train
CS-3169,line_A,50.86,train
CS-3170,line_B,59.74,train
CS-3171,line_A,38.716,train
CS-3172,line_A,49.134,train
CS-3173,line_B,56.25,test
CS-3174,line_B,62.585,train
CS-3175,line_A,53.391,train
CS-3176,line_B,54.257,train
CS-3177,line_A,41.295,test
CS-3178,line_A,44.356,train
CS-3179,line_A,44.675,train
CS-3180,line_B,62.059,train
CS-3181,line_B,52.005,train
CS-3182,line_A,45.245,train
CS-3183,line_B,46.845,train
CS-3184,line_B,54.099,train
CS-3185,line_A,39.435,test
CS-3186,line_B,54.987,train
CS-3187,line_A,43.681,train
CS-3188,line_B,58.478,train
CS-3189,line_A,52.46,test
CS-3190,line_B,63.466,test
CS-3191,line_A,47.517,train
CS-3192,line_B,58.14,test
CS-3193,line_A,50.536,train
CS-3194,line_A,50.093,test
CS-3195,line_A,56.037,train
CS-3196,line_B,56.316,train
CS-3197,line_A,58.052,test
CS-3198,line_B,61.776,test
CS-3199,line_A,43.92,test
CS-3200,line_A,50.272,test
CS-3201,line_B,45.94,train
CS-3202,line_A,50.195,train
CS-3203,line_A,58.427,train
CS-3204,line_A,38.631,test
CS-3205,line_B,58.212,test
CS-3206,line_B,64.448,train
CS-3207,line_B,55.249,train
CS-3208,line_A,38.35,train
CS-3209,line_A,48.392,train
CS-3210,line_A,50.644,test
CS-3211,line_B,56.077,train
CS-3212,line_A,50.022,train
CS-3213,line_B,57.226,train
CS-3214,line_A,51.995,train
CS-3215,line_A,49.887,test
CS-3216,line_A,50.002,train
CS-3217,line_B,64.922,train
CS-3218,line_A,49.018,test
CS-3219,line_A,50.776,train
CS-3220,line_A,52.083,train
CS-3221,line_B,53.55,train
CS-3222,line_B,52.625,train
CS-3223,line_A,45.672,train
CS-3224,line_A,55.786,train
CS-3225,line_A,51.736,test
CS-3226,line_A,48.898,train
CS-3227,line_A,49.506,train
CS-3228,line_B,74.108,train
CS-3229,line_A,42.413,train
CS-3230,line_A,50.479,train
CS-3231,line_A,51.453,train
CS-3232,line_A,42.368,test
CS-3233,line_B,61.209,train
CS-3234,line_A,51.897,test
CS-3235,line_A,53.886,train
CS-3236,line_A,42.938,train
CS-3237,line_A,44.386,train
CS-3238,line_B,58.9,test
CS-3239,line_B,60.699,test
CS-3240,line_B,51.691,train
CS-3241,line_B,54.74,train
CS-3242,line_A,55.829,train
CS-3243,line_A,45.885,test
CS-3244,line_A,45.31,test
CS-3245,line_A,49.777,test
CS-3246,line_A,55.503,train
CS-3247,line_A,49.472,test
CS-3248,line_B,54.129,train
CS-3249,line_A,47.092,test
CS-3250,line_A,55.889,train
CS-3251,line_A,57.636,test
CS-3252,line_B,51.194,train
CS-3253,line_B,61.191,train
CS-3254,line_B,55.582,test
CS-3255,line_B,56.703,train
CS-3256,line_A,46.052,train
CS-3257,line_A,43.294,train
CS-3258,line_A,49.464,test
CS-3259,line_A,46.113,train
CS-3260,line_A,53.857,test
CS-3261,line_A,45.652,train
CS-3262,line_B,58.435,test
CS-3263,line_A,48.463,train
CS-3264,line_A,47.796,train
CS-3265,line_B,47.862,train
CS-3266,line_A,50.417,train
CS-3267,line_A,54.34,train
CS-3268,line_A,41.193,train
CS-3269,line_A,54.019,train
CS-3270,line_B,59.433,train
CS-3271,line_A,46.45,train
CS-3272,line_B,66.611,test
CS-3273,line_A,54.446,train
CS-3274,line_B,64.076,train
CS-3275,line_B,51.841,train
CS-3276,line_A,48.757,train
CS-3277,line_A,49.173,train
CS-3278,line_A,58.262,train
CS-3279,line_A,46.324,train
CS-3280,line_A,52.473,train
CS-3281,line_A,44.032,train
CS-3282,line_A,41.265,train
CS-3283,line_B,50.143,train
CS-3284,line_A,49.469,train
CS-3285,line_A,47.084,train
CS-3286,line_A,44.968,train
CS-3287,line_A,54.539,train
CS-3288,line_A,43.525,test
CS-3289,line_B,59.059,train
CS-3290,line_A,48.022,test
CS-3291,line_A,54.504,train
CS-3292,line_A,50.769,train
CS-3293,line_A,37.273,train
CS-3294,line_A,57.765,train
CS-3295,line_A,43.593,test
CS-3296,line_A,52.042,train
CS-3297,line_B,62.83,test
CS-3298,line_B,53.057,test
CS-3299,line_A,47.495,test
CS-3300,line_A,59.183,train
CS-3301,line_B,61.284,train
CS-3302,line_B,64.868,test
CS-3303,line_B,59.917,train
CS-3304,line_A,42.54,train
CS-3305,line_B,55.797,train
CS-3306,line_A,46.038,train
CS-3307,line_A,53.797,train
CS-3308,line_A,53.778,train
CS-3309,line_A,44.72,train
CS-3310,line_A,50.146,train
CS-3311,line_A,37.633,test
CS-3312,line_A,49.558,test
CS-3313,line_B,62.649,train
CS-3314,line_A,40.561,train
CS-3315,line_A,43.554,train
CS-3316,line_B,61.025,test
CS-3317,line_A,51.471,train
CS-3318,line_A,61.241,train
CS-3319,line_B,49.341,train
CS-3320,line_B,58.05,test
CS-3321,line_A,52.504,test
CS-3322,line_A,40.072,train
CS-3323,line_B,58.918,train
CS-3324,line_A,57.034,test
CS-3325,line_B,51.243,test
CS-3326,line_A,44.204,test
CS-3327,line_A,51.039,train
CS-3328,line_A,45.904,test
CS-3329,line_A,45.157,train
CS-3330,line_A,51.828,train
CS-3331,line_B,64.691,test
CS-3332,line_A,44.133,train
CS-3333,line_A,49.327,train
CS-3334,line_A,39.356,train
CS-3335,line_A,44.814,train
CS-3336,line_B,59.642,train
CS-3337,line_B,58.06,test
CS-3338,line_B,52.883,test
CS-3339,line_B,59.107,train
CS-3340,line_B,61.087,test
CS-3341,line_A,46.052,train
CS-3342,line_B,58.06,train
CS-3343,line_B,59.582,train
CS-3344,line_A,52.453,test
CS-3345,line_A,45.196,test
CS-3346,line_B,65.506,train
CS-3347,line_B,50.006,train
CS-3348,line_B,58.363,train
CS-3349,line_A,48.735,test
CS-3350,line_B,49.604,test
CS-3351,line_B,58.148,train
CS-3352,line_A,45.893,train
CS-3353,line_B,59.817,test
CS-3354,line_B,62.179,train
CS-3355,line_B,52.643,test
CS-3356,line_B,62.679,train
CS-3357,line_B,52.423,train
CS-3358,line_B,57.714,train
CS-3359,line_A,48.379,test
CS-3360,line_A,45.94,test
CS-3361,line_A,44.439,train
CS-3362,line_B,59.585,train
CS-3363,line_B,58.886,test
CS-3364,line_B,57.906,test
CS-3365,line_A,47.742,train
CS-3366,line_A,42.208,test
CS-3367,line_B,60.025,test
CS-3368,line_B,56.147,train
CS-3369,line_A,51.098,train
CS-3370,line_A,45.442,train
CS-3371,line_A,49.402,train
CS-3372,line_B,71.025,train
CS-3373,line_A,43.873,train
CS-3374,line_A,50.403,test
CS-3375,line_B,51.476,train
CS-3376,line_B,57.262,train
CS-3377,line_B,49.416,test
CS-3378,line_B,48.151,train
CS-3379,line_A,50.914,train
CS-3380,line_A,38.279,test
CS-3381,line_B,60.857,train
CS-3382,line_B,57.95,train
CS-3383,line_B,59.885,train
CS-3384,line_B,57.114,train
CS-3385,line_A,52.193,train
CS-3386,line_A,44.381,train
CS-3387,line_A,35.279,train
CS-3388,line_A,54.615,train
CS-3389,line_A,41.693,train
CS-3390,line_B,61.971,train
CS-3391,line_B,56.588,test
CS-3392,line_B,56.08,train
CS-3393,line_A,50.335,test
CS-3394,line_B,53.049,train
CS-3395,line_A,41.44,train
CS-3396,line_B,56.797,train
CS-3397,line_A,51.125,train
CS-3398,line_B,61.345,train
CS-3399,line_A,45.095,train
CS-3400,line_A,51.478,test
CS-3401,line_B,57.446,train
CS-3402,line_B,60.272,train
CS-3403,line_A,42.926,train
CS-3404,line_A,57.282,test
CS-3405,line_A,45.053,train
CS-3406,line_A,50.261,test
CS-3407,line_A,51.291,test
CS-3408,line_A,55.188,train
CS-3409,line_A,47.255,test
CS-3410,line_A,46.403,train
CS-3411,line_B,57.838,train
CS-3412,line_A,46.845,train
CS-3413,line_A,46.357,train
CS-3414,line_A,52.18,train
CS-3415,line_A,45.489,train
CS-3416,line_A,58.051,train
CS-3417,line_B,68.718,train
CS-3418,line_B,57.604,train
CS-3419,line_B,63.901,train
CS-3420,line_A,43.714,train
CS-3421,line_B,60.345,train
CS-3422,line_A,42.205,test
CS-3423,line_A,45.63,test
CS-3424,line_A,47.0,train
CS-3425,line_A,55.735,test
CS-3426,line_A,45.252,test
CS-3427,line_A,52.89,test
CS-3428,line_B,60.023,test
CS-3429,line_B,62.222,train
CS-3430,line_B,62.747,train
CS-3431,line_A,39.706,train
CS-3432,line_A,52.474,train
CS-3433,line_B,59.1,train
CS-3434,line_A,48.318,train
CS-3435,line_B,66.228,test
CS-3436,line_A,42.292,train
CS-3437,line_B,57.473,train
CS-3438,line_B,56.307,train
CS-3439,line_A,53.833,train
CS-3440,line_A,49.861,train
CS-3441,line_A,42.085,train
CS-3442,line_B,58.347,train
CS-3443,line_A,39.396,train
CS-3444,line_B,59.246,test
CS-3445,line_B,60.876,test
CS-3446,line_A,41.286,train
CS-3447,line_A,50.737,test
CS-3448,line_A,49.786,test
CS-3449,line_A,48.564,train
CS-3450,line_A,56.568,test
CS-3451,line_A,57.455,train
CS-3452,line_A,46.833,train
CS-3453,line_A,42.277,train
CS-3454,line_B,61.804,train
CS-3455,line_A,45.789,train
CS-3456,line_A,45.227,test
CS-3457,line_B,53.36,train
CS-3458,line_B,55.008,train
CS-3459,line_A,52.817,train
CS-3460,line_B,63.845,train
CS-3461,line_B,59.982,train
CS-3462,line_A,48.137,test
CS-3463,line_A,46.393,train
CS-3464,line_A,53.298,train
CS-3465,line_A,53.366,train
CS-3466,line_A,51.225,test
CS-3467,line_A,56.469,train
CS-3468,line_A,50.617,train
CS-3469,line_B,49.54,train
CS-3470,line_B,65.685,train
CS-3471,line_A,54.767,test
CS-3472,line_B,54.847,test
CS-3473,line_A,35.537,test
CS-3474,line_A,46.518,train
CS-3475,line_A,44.752,train
CS-3476,line_A,39.31,train
CS-3477,line_A,41.378,train
CS-3478,line_A,50.817,test
CS-3479,line_A,52.598,train
CS-3480,line_A,49.006,test
CS-3481,line_B,62.721,train
CS-3482,line_A,55.785,train
CS-3483,line_A,48.501,train
CS-3484,line_B,63.63,test
CS-3485,line_A,47.084,train
CS-3486,line_B,54.466,test
CS-3487,line_A,45.773,train
CS-3488,line_A,43.062,train
CS-3489,line_A,41.441,train
CS-3490,line_A,52.852,train
CS-3491,line_A,48.422,test
CS-3492,line_A,46.073,test
CS-3493,line_A,50.362,test
CS-3494,line_A,61.469,train
CS-3495,line_A,42.676,train
CS-3496,line_B,58.579,train
CS-3497,line_A,57.341,train
CS-3498,line_B,56.388,test
CS-3499,line_A,46.054,train
CS-3500,line_A,54.791,train
CS-3501,line_B,62.033,train
CS-3502,line_A,42.722,train
CS-3503,line_A,47.82,train
CS-3504,line_A,58.741,train
CS-3505,line_A,50.101,train
CS-3506,line_A,46.521,train
CS-3507,line_B,45.743,train
CS-3508,line_B,60.855,train
CS-3509,line_B,59.888,test
CS-3510,line_B,51.781,train
CS-3511,line_B,61.977,test
CS-3512,line_A,48.577,train
CS-3513,line_B,53.5,test
CS-3514,line_B,59.5,test
CS-3515,line_B,55.465,train
CS-3516,line_A,33.728,test
CS-3517,line_B,59.192,train
CS-3518,line_A,53.602,train
CS-3519,line_B,58.562,train
CS-3520,line_A,54.181,train
CS-3521,line_B,54.12,test
CS-3522,line_A,39.533,test
CS-3523,line_B,57.371,train
CS-3524,line_B,61.261,train
CS-3525,line_A,51.818,train
CS-3526,line_A,55.877,test
CS-3527,line_A,43.992,train
CS-3528,line_A,50.708,train
CS-3529,line_A,38.523,train
CS-3530,line_A,36.094,train
CS-3531,line_B,50.711,test
CS-3532,line_B,43.893,train
CS-3533,line_A,47.399,train
CS-3534,line_A,47.129,test
CS-3535,line_A,50.443,test
CS-3536,line_A,53.422,train
CS-3537,line_B,53.634,train
CS-3538,line_A,51.158,train
CS-3539,line_A,58.794,train
CS-3540,line_B,57.034,train
CS-3541,line_A,47.308,test
CS-3542,line_B,50.262,train
CS-3543,line_A,54.215,train
CS-3544,line_A,47.553,test
CS-3545,line_A,43.707,train
CS-3546,line_B,53.806,train
CS-3547,line_A,53.29,train
CS-3548,line_A,42.882,train
CS-3549,line_A,41.354,train
CS-3550,line_A,45.793,train
CS-3551,line_A,42.008,train
CS-3552,line_B,63.971,test
CS-3553,line_B,61.679,train
CS-3554,line_A,53.877,train
CS-3555,line_A,48.152,train
CS-3556,line_A,41.272,train
CS-3557,line_B,64.854,train
CS-3558,line_B,57.087,train
CS-3559,line_A,51.322,train
CS-3560,line_A,46.385,test
CS-3561,line_A,37.568,train
CS-3562,line_B,49.48,test
CS-3563,line_A,56.719,train
CS-3564,line_A,47.272,train
CS-3565,line_B,66.153,test
CS-3566,line_B,62.559,train
CS-3567,line_B,56.632,train
CS-3568,line_B,56.999,train
CS-3569,line_A,52.02,train
CS-3570,line_A,44.767,test
CS-3571,line_A,49.104,test
CS-3572,line_B,53.484,train
CS-3573,line_A,57.068,test
CS-3574,line_A,53.842,train
CS-3575,line_A,43.314,train
CS-3576,line_B,45.339,test
CS-3577,line_A,54.491,test
CS-3578,line_A,49.918,test
CS-3579,line_A,50.6,train
CS-3580,line_A,48.645,test
CS-3581,line_B,49.264,train
CS-3582,line_A,43.274,train
CS-3583,line_A,44.13,train
CS-3584,line_B,60.452,test
CS-3585,line_B,60.079,train
CS-3586,line_A,47.127,test
CS-3587,line_B,55.706,test
CS-3588,line_A,47.123,train
CS-3589,line_A,53.446,train
CS-3590,line_B,62.169,train
CS-3591,line_A,38.009,train
CS-3592,line_B,57.743,test
CS-3593,line_A,50.16,train
CS-3594,line_A,61.017,train
CS-3595,line_B,53.841,train
CS-3596,line_A,48.241,train
CS-3597,line_A,41.921,train
CS-3598,line_B,62.193,train
CS-3599,line_A,44.42,train
CS-3600,line_A,50.025,test
CS-3601,line_B,63.54,train
CS-3602,line_A,41.447,train
CS-3603,line_A,40.737,train
CS-3604,line_A,48.367,test
CS-3605,line_A,50.678,train
CS-3606,line_B,55.086,train
CS-3607,line_B,56.339,train
CS-3608,line_B,68.436,test
CS-3609,line_A,43.077,train
CS-3610,line_A,48.179,train
CS-3611,line_B,60.122,train
CS-3612,line_B,54.646,train
CS-3613,line_A,46.228,test
CS-3614,line_A,48.981,train
CS-3615,line_A,56.104,train
CS-3616,line_A,59.766,train
CS-3617,line_B,52.441,train
CS-3618,line_B,52.726,train
CS-3619,line_B,58.054,train
CS-3620,line_B,64.144,train
CS-3621,line_A,44.122,test
CS-3622,line_A,46.854,train
CS-3623,line_A,49.174,train
CS-3624,line_A,54.872,train
CS-3625,line_B,55.211,train
CS-3626,line_A,41.552,train
CS-3627,line_B,53.061,train
CS-3628,line_A,47.537,train
CS-3629,line_A,54.152,train
CS-3630,line_A,44.171,train
CS-3631,line_B,56.239,train
CS-3632,line_B,63.343,train
CS-3633,line_A,43.271,train
CS-3634,line_A,39.765,train
CS-3635,line_A,40.316,test
CS-3636,line_A,44.998,test
CS-3637,line_B,58.426,train
CS-3638,line_A,43.954,train
CS-3639,line_A,37.033,train
CS-3640,line_A,53.099,train
CS-3641,line_A,56.304,train
CS-3642,line_A,50.861,test
CS-3643,line_A,55.022,train
CS-3644,line_B,51.992,test
CS-3645,line_A,59.023,test
CS-3646,line_A,44.222,train
CS-3647,line_A,57.775,test
CS-3648,line_A,49.793,test
CS-3649,line_A,49.415,train
CS-3650,line_A,50.323,train
CS-3651,line_A,49.177,test
CS-3652,line_B,55.61,test
CS-3653,line_A,56.999,train
CS-3654,line_A,41.552,train
CS-3655,line_A,43.927,test
CS-3656,line_A,54.009,train
CS-3657,line_A,49.946,train
CS-3658,line_B,62.436,train
CS-3659,line_A,52.529,train
CS-3660,line_A,49.864,train
CS-3661,line_A,49.05,train
CS-3662,line_A,56.291,train
CS-3663,line_B,63.618,train
CS-3664,line_A,50.442,test
CS-3665,line_B,65.919,test
CS-3666,line_B,57.276,train
CS-3667,line_B,55.943,test
CS-3668,line_A,45.618,train
CS-3669,line_A,39.518,train
CS-3670,line_A,42.874,test
CS-3671,line_A,49.89,train
CS-3672,line_A,45.564,train
CS-3673,line_A,44.857,train
CS-3674,line_A,55.342,train
CS-3675,line_A,53.609,train
CS-3676,line_A,48.824,test
CS-3677,line_A,46.864,train
CS-3678,line_A,52.63,train
CS-3679,line_A,49.806,train
CS-3680,line_B,61.124,train
CS-3681,line_A,51.798,test
CS-3682,line_A,38.15,test
CS-3683,line_A,53.645,train
CS-3684,line_A,61.78,train
CS-3685,line_A,45.383,train
CS-3686,line_A,44.457,train
CS-3687,line_A,46.523,test
CS-3688,line_B,64.667,test
CS-3689,line_A,54.202,test
CS-3690,line_B,68.308,train
CS-3691,line_A,45.348,train
CS-3692,line_A,45.057,train
CS-3693,line_A,43.751,test
CS-3694,line_A,45.875,train
CS-3695,line_A,45.903,train
CS-3696,line_B,51.544,train
CS-3697,line_A,50.803,train
CS-3698,line_A,41.36,train
CS-3699,line_A,47.27,train
CS-3700,line_A,53.702,train
CS-3701,line_A,47.662,test
CS-3702,line_B,51.041,train
CS-3703,line_A,47.519,train
CS-3704,line_B,57.824,train
CS-3705,line_A,47.729,test
CS-3706,line_A,33.083,train
CS-3707,line_B,63.662,train
CS-3708,line_B,64.862,train
CS-3709,line_A,49.684,train
CS-3710,line_A,46.434,test
CS-3711,line_B,58.956,train
CS-3712,line_A,45.15,train
CS-3713,line_B,56.08,train
CS-3714,line_A,54.97,train
CS-3715,line_A,38.565,train
CS-3716,line_B,66.476,train
CS-3717,line_A,50.075,test
CS-3718,line_A,44.942,test
CS-3719,line_A,38.903,train
CS-3720,line_B,56.867,train
CS-3721,line_A,58.575,train
CS-3722,line_B,55.169,train
CS-3723,line_B,64.202,train
CS-3724,line_A,50.279,train
CS-3725,line_A,51.324,train
CS-3726,line_A,53.971,train
CS-3727,line_A,36.167,test
CS-3728,line_A,56.453,test
CS-3729,line_B,58.784,train
CS-3730,line_A,41.138,train
CS-3731,line_A,48.826,train
CS-3732,line_B,64.246,train
CS-3733,line_B,58.736,test
CS-3734,line_A,53.728,train
CS-3735,line_A,51.429,train
CS-3736,line_B,49.62,train
CS-3737,line_A,48.658,train
CS-3738,line_A,43.848,train
CS-3739,line_A,48.451,train
CS-3740,line_A,40.837,train
CS-3741,line_B,57.334,train
CS-3742,line_A,43.214,train
CS-3743,line_B,53.818,train
CS-3744,line_B,51.124,train
CS-3745,line_A,42.79,test
CS-3746,line_A,43.426,train
CS-3747,line_A,46.115,train
CS-3748,line_A,56.332,train
CS-3749,line_B,55.623,train
CS-3750,line_A,53.984,train
CS-3751,line_B,64.182,train
CS-3752,line_B,55.469,train
CS-3753,line_A,47.959,train
CS-3754,line_B,54.74,test
CS-3755,line_B,57.535,test
CS-3756,line_A,44.621,test
CS-3757,line_A,44.047,train
CS-3758,line_B,66.915,test
CS-3759,line_A,43.24,train
CS-3760,line_A,37.859,train
CS-3761,line_A,46.755,train
CS-3762,line_A,41.922,test
CS-3763,line_B,58.073,train
CS-3764,line_B,52.932,test
CS-3765,line_A,53.027,train
CS-3766,line_A,48.043,train
CS-3767,line_A,41.253,train
CS-3768,line_B,64.932,train
CS-3769,line_A,49.479,train
CS-3770,line_A,42.689,test
CS-3771,line_B,63.402,train
CS-3772,line_A,50.142,test
CS-3773,line_A,54.545,test
CS-3774,line_A,52.319,train
CS-3775,line_A,45.099,train
CS-3776,line_A,50.16,train
CS-3777,line_B,62.319,train
CS-3778,line_B,62.465,train
CS-3779,line_B,55.264,train
CS-3780,line_A,34.849,train
CS-3781,line_B,66.864,train
CS-3782,line_A,45.583,test
CS-3783,line_B,59.05,train
CS-3784,line_A,36.365,train
CS-3785,line_A,47.76,test
CS-3786,line_A,50.575,train
CS-3787,line_A,42.668,train
CS-3788,line_A,54.655,test
CS-3789,line_A,46.18,train
CS-3790,line_A,36.382,train
CS-3791,line_A,46.968,test
CS-3792,line_B,49.736,train
CS-3793,line_B,66.505,train
CS-3794,line_A,56.979,train
CS-3795,line_A,48.312,test
CS-3796,line_A,46.006,train
CS-3797,line_A,56.348,train
CS-3798,line_A,46.843,train
CS-3799,line_B,55.985,test
CS-3800,line_A,47.711,test
CS-3801,line_B,50.937,train
CS-3802,line_A,49.342,train
CS-3803,line_B,64.914,train
CS-3804,line_B,59.348,train
CS-3805,line_B,50.296,train
CS-3806,line_B,59.524,test
CS-3807,line_B,48.564,train
CS-3808,line_A,57.389,test
CS-3809,line_A,45.521,test
CS-3810,line_B,58.311,train
CS-3811,line_B,53.966,train
CS-3812,line_B,60.379,train
CS-3813,line_A,44.047,test
CS-3814,line_A,46.424,train
CS-3815,line_B,63.486,train
CS-3816,line_B,54.038,train
CS-3817,line_A,49.789,train
CS-3818,line_A,52.482,train
CS-3819,line_A,47.363,train
CS-3820,line_B,54.625,train
CS-3821,line_A,43.702,train
CS-3822,line_A,45.501,test
CS-3823,line_B,60.873,train
CS-3824,line_A,40.018,test
CS-3825,line_B,53.62,train
CS-3826,line_A,50.855,train
CS-3827,line_A,54.75,train
CS-3828,line_A,50.228,train
CS-3829,line_B,53.04,train
CS-3830,line_A,48.11,train
CS-3831,line_A,44.532,test
CS-3832,line_B,64.841,train
CS-3833,line_A,45.72,train
CS-3834,line_A,46.391,test
CS-3835,line_B,57.872,test
CS-3836,line_A,49.806,train
CS-3837,line_A,40.815,train
CS-3838,line_A,41.347,train
CS-3839,line_B,64.006,train
CS-3840,line_A,44.166,test
CS-3841,line_B,49.791,test
CS-3842,line_A,47.242,train
CS-3843,line_A,53.446,train
CS-3844,line_B,59.044,train
CS-3845,line_A,55.414,test
CS-3846,line_A,42.821,train
CS-3847,line_A,44.819,test
CS-3848,line_A,51.244,test
CS-3849,line_A,47.295,train
CS-3850,line_A,48.233,train
CS-3851,line_B,61.894,train
CS-3852,line_A,46.149,train
CS-3853,line_A,50.569,train
CS-3854,line_A,48.144,train
CS-3855,line_A,56.396,test
CS-3856,line_A,48.011,train
CS-3857,line_B,53.108,train
CS-3858,line_B,50.96,train
CS-3859,line_B,55.655,train
CS-3860,line_A,51.79,train
CS-3861,line_A,45.084,train
CS-3862,line_B,58.636,train
CS-3863,line_B,63.597,train
CS-3864,line_A,54.1,test
CS-3865,line_A,48.933,test
CS-3866,line_A,46.037,train
CS-3867,line_A,47.067,train
CS-3868,line_A,43.01,train
CS-3869,line_A,44.739,train
CS-3870,line_A,45.456,test
CS-3871,line_A,53.073,test
CS-3872,line_B,56.892,train
CS-3873,line_B,51.758,test
CS-3874,line_B,61.998,test
CS-3875,line_B,48.947,train
CS-3876,line_A,52.872,test
CS-3877,line_A,56.066,train
CS-3878,line_B,58.347,test
CS-3879,line_A,49.262,test
CS-3880,line_A,49.672,train
CS-3881,line_B,65.519,test
CS-3882,line_A,45.544,train
CS-3883,line_B,61.014,train
CS-3884,line_A,45.491,train
CS-3885,line_A,56.023,test
CS-3886,line_A,43.363,train
CS-3887,line_B,51.53,test
CS-3888,line_A,40.148,train
CS-3889,line_B,62.533,train
CS-3890,line_A,44.34,train
CS-3891,line_A,56.11,test
CS-3892,line_A,44.947,train
CS-3893,line_A,42.202,train
CS-3894,line_A,49.516,train
CS-3895,line_A,44.159,train
CS-3896,line_A,47.587,train
CS-3897,line_A,48.06,train
CS-3898,line_A,47.252,test
CS-3899,line_A,42.713,train
CS-3900,line_A,55.188,test
CS-3901,line_B,61.039,train
CS-3902,line_B,51.987,train
CS-3903,line_B,55.647,train
CS-3904,line_A,38.384,test
CS-3905,line_A,47.439,test
CS-3906,line_B,65.793,train
CS-3907,line_A,47.763,test
CS-3908,line_B,55.029,train
CS-3909,line_A,47.721,train
CS-3910,line_B,54.955,test
CS-3911,line_B,58.099,train
CS-3912,line_B,58.485,train
CS-3913,line_B,64.515,train
CS-3914,line_B,61.936,train
CS-3915,line_A,48.418,train
CS-3916,line_A,43.466,train
CS-3917,line_A,44.186,train
CS-3918,line_A,54.698,train
CS-3919,line_A,50.738,train
CS-3920,line_A,58.753,train
CS-3921,line_A,45.314,test
CS-3922,line_A,54.219,test
CS-3923,line_A,40.88,train
CS-3924,line_B,61.333,test
CS-3925,line_A,45.454,train
CS-3926,line_A,49.59,train
CS-3927,line_A,39.157,train
CS-3928,line_B,60.839,test
CS-3929,line_B,44.115,train
CS-3930,line_A,44.498,train
CS-3931,line_B,68.989,train
CS-3932,line_B,49.82,train
CS-3933,line_A,48.269,test
CS-3934,line_A,40.095,train
CS-3935,line_A,35.886,train
CS-3936,line_A,47.404,test
CS-3937,line_B,64.804,train
CS-3938,line_A,50.328,train
CS-3939,line_A,51.717,train
CS-3940,line_A,57.35,train
CS-3941,line_B,56.982,train
CS-3942,line_A,42.626,train
CS-3943,line_A,46.799,train
CS-3944,line_A,52.781,train
CS-3945,line_B,60.136,train
CS-3946,line_A,46.197,test
CS-3947,line_A,40.667,train
CS-3948,line_A,47.285,train
CS-3949,line_A,45.732,train
CS-3950,line_B,50.757,train
CS-3951,line_B,55.218,train
CS-3952,line_A,54.769,train
CS-3953,line_A,43.878,train
CS-3954,line_A,39.16,train
CS-3955,line_B,59.877,test
CS-3956,line_A,44.079,train
CS-3957,line_A,38.581,train
CS-3958,line_A,56.269,train
CS-3959,line_A,50.689,test
CS-3960,line_B,41.912,train
CS-3961,line_A,50.95,train
CS-3962,line_A,46.483,test
CS-3963,line_B,55.187,test
CS-3964,line_A,35.049,test
CS-3965,line_A,58.243,test
CS-3966,line_B,54.206,train
CS-3967,line_B,50.958,train
CS-3968,line_A,52.046,test
CS-3969,line_B,59.297,test
CS-3970,line_B,45.396,train
CS-3971,line_B,50.07,train
CS-3972,line_B,60.156,train
CS-3973,line_B,57.177,test
CS-3974,line_B,62.349,train
CS-3975,line_A,50.458,test
CS-3976,line_B,56.526,train
CS-3977,line_A,51.564,train
CS-3978,line_B,53.65,test
CS-3979,line_A,45.435,test
CS-3980,line_B,61.831,train
CS-3981,line_A,38.041,train
CS-3982,line_B,59.775,train
CS-3983,line_A,40.157,train
CS-3984,line_A,52.494,test
CS-3985,line_A,41.209,train
CS-3986,line_A,43.357,train
CS-3987,line_A,41.982,train
CS-3988,line_B,56.098,train
CS-3989,line_A,49.445,train
CS-3990,line_B,49.721,train
CS-3991,line_B,60.165,test
CS-3992,line_B,60.908,train
CS-3993,line_A,47.352,train
CS-3994,line_A,43.821,train
CS-3995,line_B,66.287,train
CS-3996,line_A,58.978,train
CS-3997,line_A,45.026,train
CS-3998,line_B,59.994,test
CS-3999,line_B,55.463,train
CS-4000,line_B,53.304,train
