job_id,video_minutes,source_height_px,frames_per_second,bitrate_mbps,audio_tracks,filter_steps,queue_load,gpu_available,processing_seconds
JOB-00001,37.69,1080,25,31.83,4,2,2,1,54.9
JOB-00002,129.8,1080,60,1.49,4,2,7,1,130.34
JOB-00003,133.8,720,60,5.88,6,1,10,0,196.31
JOB-00004,163.81,1080,24,9.47,2,1,0,1,108.6
JOB-00005,96.71,720,30,11.48,5,3,0,1,61.88
JOB-00006,134.15,1080,30,4.55,1,1,0,0,122.88
JOB-00007,24.6,2160,50,10.57,5,3,12,0,189.42
JOB-00008,163.83,1080,24,3.69,5,4,12,1,137.43
JOB-00009,48.85,2160,60,2.3,3,5,4,1,128.98
JOB-00010,95.62,1440,60,11.57,3,5,11,0,411.41
JOB-00011,153.41,1080,24,5.99,1,1,5,1,106.0
JOB-00012,105.91,1080,50,5.89,1,4,12,0,256.84
JOB-00013,107.14,2160,60,7.39,2,1,11,1,354.15
JOB-00014,175.41,720,24,11.55,3,4,5,1,99.39
JOB-00015,126.75,1080,30,9.08,5,5,0,1,114.57
JOB-00016,25.64,1080,30,9.63,4,4,11,1,37.06
JOB-00017,32.06,2160,25,11.08,3,1,1,0,102.94
JOB-00018,150.45,1080,25,22.43,4,4,1,1,166.46
JOB-00019,132.58,2160,30,10.04,2,2,8,0,492.51
JOB-00020,100.07,720,24,12.7,6,4,2,1,63.4
JOB-00021,30.49,1080,24,5.97,4,4,0,0,60.33
JOB-00022,164.9,720,60,6.0,4,3,2,1,120.95
JOB-00023,162.27,1440,60,9.84,6,1,3,1,280.32
JOB-00024,166.33,720,50,5.88,5,2,8,1,124.45
JOB-00025,18.42,1080,24,7.65,4,4,1,1,34.36
JOB-00026,129.96,720,50,10.07,5,2,2,0,163.42
JOB-00027,151.07,1080,24,7.2,1,1,11,0,196.33
JOB-00028,105.61,1440,50,9.01,6,2,2,1,164.12
JOB-00029,112.59,720,30,17.51,3,3,3,1,85.05
JOB-00030,92.61,720,50,8.06,3,1,10,0,132.96
JOB-00031,134.67,720,24,7.59,5,3,10,1,90.85
JOB-00032,141.54,1080,24,30.12,5,4,11,1,181.73
JOB-00033,118.49,720,30,5.64,6,1,5,0,111.53
JOB-00034,101.68,1440,24,24.76,1,0,7,0,266.71
JOB-00035,109.07,1080,60,15.92,1,2,9,1,183.36
JOB-00036,168.94,1080,60,17.11,2,1,7,0,467.28
JOB-00037,28.17,2160,50,5.6,4,3,11,1,104.11
JOB-00038,63.24,1080,30,8.23,2,5,11,1,84.42
JOB-00039,40.49,1080,25,7.94,2,5,12,0,107.26
JOB-00040,69.73,1080,30,3.83,6,3,6,1,69.17
JOB-00041,6.45,1080,30,11.29,2,4,5,1,22.27
JOB-00042,134.54,1440,25,11.35,3,5,8,0,324.71
JOB-00043,41.88,2160,50,7.89,3,0,0,1,103.87
JOB-00044,170.8,1440,30,3.62,3,4,0,1,166.21
JOB-00045,131.86,1080,60,6.08,5,1,7,1,165.42
JOB-00046,122.47,720,25,11.71,2,0,10,1,62.77
JOB-00047,45.12,720,50,5.76,5,1,6,1,49.23
JOB-00048,77.57,1080,25,7.06,3,2,0,1,56.09
JOB-00049,13.06,720,25,6.44,2,5,12,1,33.15
JOB-00050,120.07,1080,50,3.96,6,0,7,1,118.84
JOB-00051,31.28,1440,30,3.88,6,0,1,1,37.35
JOB-00052,1.97,1080,30,11.73,2,3,1,1,16.77
JOB-00053,162.75,1080,60,7.18,6,5,10,1,240.03
JOB-00054,96.99,1080,30,25.74,5,3,2,0,216.99
JOB-00055,135.44,1080,30,5.02,3,0,6,1,91.99
JOB-00056,146.92,1080,50,2.25,4,5,4,1,140.86
JOB-00057,99.01,2160,50,2.38,4,3,1,0,376.11
JOB-00058,175.66,1080,50,3.74,5,5,3,1,187.65
JOB-00059,90.35,1080,60,8.21,3,2,2,0,197.39
JOB-00060,31.46,1080,60,9.76,4,0,10,1,61.67
JOB-00061,62.25,1080,50,4.99,3,4,8,0,152.69
JOB-00062,88.52,720,25,1.76,3,3,1,0,80.41
JOB-00063,84.65,1440,25,4.83,5,2,10,1,88.67
JOB-00064,74.72,1080,50,4.59,2,5,10,1,110.24
JOB-00065,40.65,1080,60,8.77,4,0,7,1,61.47
JOB-00066,98.06,2160,50,15.06,6,0,1,1,284.84
JOB-00067,22.09,2160,24,9.07,1,5,10,0,123.18
JOB-00068,122.34,1080,24,2.28,6,2,5,0,146.64
JOB-00069,2.92,1440,50,6.34,4,4,12,1,37.07
JOB-00070,118.39,1080,60,4.65,2,1,1,0,233.16
JOB-00071,96.4,1080,25,1.82,3,1,7,0,97.77
JOB-00072,4.75,1080,24,9.45,2,1,3,0,24.71
JOB-00073,15.25,720,30,3.34,2,0,0,1,20.96
JOB-00074,67.78,720,24,5.9,2,3,4,1,52.77
JOB-00075,39.38,1080,30,8.74,3,4,1,0,85.06
JOB-00076,27.3,1440,30,10.12,3,5,6,1,64.18
JOB-00077,30.47,1440,30,3.94,4,1,6,0,82.12
JOB-00078,89.0,1080,25,2.69,5,1,6,1,61.8
JOB-00079,11.02,1080,24,16.1,2,4,11,0,57.61
JOB-00080,117.75,1080,24,12.11,3,4,9,1,124.03
JOB-00081,52.96,1080,30,5.15,5,1,11,0,110.71
JOB-00082,73.64,1080,60,2.08,2,1,4,1,88.03
JOB-00083,31.01,2160,25,11.75,2,0,9,1,66.09
JOB-00084,178.25,1080,50,7.24,4,1,2,0,308.31
JOB-00085,117.29,2160,60,14.97,4,5,6,0,811.13
JOB-00086,125.24,2160,25,6.96,4,2,11,1,228.96
JOB-00087,74.68,720,25,11.35,4,3,3,0,90.64
JOB-00088,37.37,1440,30,2.16,5,0,8,1,48.79
JOB-00089,119.81,720,60,8.14,3,5,11,1,120.12
JOB-00090,74.07,1080,50,7.08,4,1,12,1,105.92
JOB-00091,82.54,1440,30,2.67,1,5,5,1,98.63
JOB-00092,31.14,2160,24,20.92,6,2,10,1,100.56
JOB-00093,75.69,1440,30,15.62,1,1,3,1,99.29
JOB-00094,24.0,1080,50,17.58,5,1,0,1,44.79
JOB-00095,6.92,2160,60,3.42,3,1,4,1,29.66
JOB-00096,145.91,1080,50,28.54,1,3,1,1,244.34
JOB-00097,177.49,720,25,12.11,1,4,12,1,109.67
JOB-00098,140.57,720,25,11.74,5,2,10,0,165.42
JOB-00099,141.29,2160,50,9.19,6,0,0,1,344.34
JOB-00100,84.09,1080,50,3.72,4,3,4,1,97.21
JOB-00101,56.79,2160,24,7.71,1,2,9,1,93.42
JOB-00102,28.28,720,25,5.0,3,2,12,1,36.91
JOB-00103,132.13,1080,25,12.87,3,4,3,1,119.09
JOB-00104,34.77,1080,50,10.42,1,1,4,1,57.04
JOB-00105,132.45,1080,60,9.27,3,4,11,1,196.2
JOB-00106,34.87,720,50,5.92,4,4,6,0,79.29
JOB-00107,13.54,1080,50,4.54,2,1,3,1,17.77
JOB-00108,151.42,1440,30,5.81,3,1,12,1,189.55
JOB-00109,169.36,1440,60,11.71,2,2,12,1,389.9
JOB-00110,42.96,1440,30,5.94,3,2,7,1,55.64
JOB-00111,118.25,2160,25,8.21,5,4,9,1,227.74
JOB-00112,69.99,1080,30,9.92,4,5,4,1,65.91
JOB-00113,124.05,720,50,2.74,3,0,7,1,79.91
JOB-00114,132.51,720,25,38.04,6,5,12,1,148.32
JOB-00115,111.54,1080,25,8.12,3,0,1,0,127.91
JOB-00116,176.0,2160,30,8.34,5,5,12,0,711.88
JOB-00117,175.27,1080,25,37.96,2,4,7,1,231.78
JOB-00118,26.24,1080,25,4.77,1,3,10,1,30.57
JOB-00119,48.54,1440,50,9.86,2,4,0,1,89.76
JOB-00120,55.05,1080,60,5.43,4,2,11,0,152.68
JOB-00121,84.59,1080,60,2.57,3,5,1,0,186.99
JOB-00122,19.17,1440,50,6.52,6,4,4,1,47.73
JOB-00123,90.48,1080,24,18.09,3,3,12,0,195.12
JOB-00124,131.38,1440,24,13.29,5,5,2,0,293.03
JOB-00125,130.03,720,30,7.98,4,3,9,0,150.37
JOB-00126,98.22,1080,24,14.43,6,0,11,1,96.76
JOB-00127,165.77,2160,60,20.73,2,0,10,1,734.55
JOB-00128,85.98,720,24,12.87,4,1,11,0,98.1
JOB-00129,16.82,1440,24,5.67,5,1,10,0,59.26
JOB-00130,66.3,1080,60,15.12,4,5,3,1,105.68
JOB-00131,177.55,1080,30,9.13,4,3,1,1,157.1
JOB-00132,169.4,1080,50,11.37,2,1,2,0,323.63
JOB-00133,69.18,720,30,20.71,4,2,7,1,59.38
JOB-00134,72.94,720,30,11.68,4,1,6,0,85.29
JOB-00135,81.61,1080,50,2.75,1,4,2,1,68.43
JOB-00136,130.27,1080,30,6.04,3,4,12,1,123.77
JOB-00137,34.98,1080,50,13.24,5,0,8,1,52.89
JOB-00138,113.19,1080,60,11.16,1,1,1,1,137.56
JOB-00139,55.65,1080,24,7.21,4,0,5,1,43.9
JOB-00140,155.73,1080,30,22.41,5,3,2,0,302.7
JOB-00141,121.44,1080,25,6.12,3,1,5,1,78.73
JOB-00142,18.45,2160,60,6.66,1,3,12,0,137.12
JOB-00143,12.3,1080,30,5.58,3,1,5,0,31.97
JOB-00144,40.65,1440,60,4.51,1,1,3,1,61.96
JOB-00145,108.65,1080,50,26.58,2,1,10,1,202.01
JOB-00146,2.23,720,60,7.63,5,1,8,1,14.95
JOB-00147,59.39,720,25,6.46,6,5,5,1,59.82
JOB-00148,167.47,1440,24,2.11,2,5,3,0,269.32
JOB-00149,125.14,1080,30,9.46,1,0,8,0,171.82
JOB-00150,75.35,1080,24,6.14,5,3,2,1,59.14
JOB-00151,41.27,2160,50,9.43,6,2,8,1,139.07
JOB-00152,111.71,720,60,4.32,5,2,8,1,104.01
JOB-00153,63.47,2160,24,7.01,6,2,6,1,123.43
JOB-00154,41.47,720,25,4.86,5,3,9,0,72.28
JOB-00155,14.41,720,50,16.38,6,1,3,0,49.4
JOB-00156,6.46,2160,25,46.16,3,5,3,0,76.35
JOB-00157,155.91,1440,50,12.35,1,3,11,1,316.28
JOB-00158,46.46,1440,30,8.94,6,4,12,1,91.48
JOB-00159,101.19,720,50,28.38,2,1,2,0,178.73
JOB-00160,161.15,1080,50,6.58,1,4,4,1,167.68
JOB-00161,45.73,1440,60,15.76,5,5,6,0,226.68
JOB-00162,136.17,1080,60,13.4,1,2,6,1,213.82
JOB-00163,154.09,720,30,12.14,5,1,0,1,85.49
JOB-00164,24.29,1080,24,10.28,5,0,9,0,48.59
JOB-00165,121.51,1080,30,7.37,4,5,3,1,111.16
JOB-00166,107.25,1440,60,5.75,1,1,9,1,188.11
JOB-00167,116.52,1440,24,8.46,5,3,6,1,127.03
JOB-00168,103.07,1440,25,3.5,4,5,5,0,208.15
JOB-00169,68.27,1080,60,6.12,1,0,8,1,70.6
JOB-00170,97.66,1440,60,11.58,1,1,12,1,227.36
JOB-00171,91.31,1080,30,5.57,3,4,4,1,82.69
JOB-00172,96.71,1080,60,6.99,4,1,12,0,233.27
JOB-00173,175.65,1080,25,9.22,6,1,1,1,123.26
JOB-00174,127.36,720,25,2.24,2,4,3,1,75.84
JOB-00175,127.55,1080,24,11.64,2,1,5,1,69.67
JOB-00176,75.26,1080,60,9.83,1,5,0,1,104.87
JOB-00177,95.89,720,25,4.73,2,5,2,1,51.35
JOB-00178,129.98,2160,50,7.24,3,5,11,1,388.93
JOB-00179,10.01,2160,50,3.56,1,5,12,0,81.54
JOB-00180,109.56,2160,50,6.21,2,1,12,0,537.7
JOB-00181,150.39,2160,50,8.17,5,1,3,1,381.84
JOB-00182,129.38,1440,25,8.49,3,5,11,0,292.67
JOB-00183,165.5,1080,60,7.88,1,5,7,1,224.15
JOB-00184,156.33,720,50,4.15,6,3,2,1,117.4
JOB-00185,23.41,1440,25,3.13,1,4,12,1,34.87
JOB-00186,113.27,720,60,7.36,5,2,10,0,182.84
JOB-00187,83.09,1080,30,10.85,5,0,7,1,85.39
JOB-00188,145.59,720,60,11.69,3,5,11,0,273.33
JOB-00189,117.0,720,25,3.28,2,1,12,1,55.79
JOB-00190,72.16,1440,24,3.66,1,2,0,0,110.2
JOB-00191,68.56,1080,24,4.62,6,3,12,1,68.03
JOB-00192,66.37,1080,30,7.09,1,4,5,1,62.48
JOB-00193,26.32,1440,60,12.51,2,0,5,0,97.96
JOB-00194,80.87,720,50,10.75,1,5,7,1,88.58
JOB-00195,46.49,1080,24,5.55,1,2,12,0,82.15
JOB-00196,147.92,1080,30,13.24,2,1,6,1,134.84
JOB-00197,116.26,1080,60,2.82,3,3,4,1,125.18
JOB-00198,153.98,2160,60,4.92,6,0,5,1,393.8
JOB-00199,91.31,720,24,29.41,4,5,2,1,78.8
JOB-00200,109.58,1080,30,7.06,1,1,7,1,88.4
JOB-00201,58.86,720,30,8.18,2,5,7,1,52.21
JOB-00202,30.15,1080,30,10.83,6,2,0,0,65.03
JOB-00203,51.1,1440,24,12.72,2,0,4,0,99.75
JOB-00204,20.03,2160,50,7.72,2,4,12,1,83.01
JOB-00205,70.92,1080,25,11.75,3,4,7,0,143.35
JOB-00206,20.04,1080,60,10.01,2,3,12,1,45.4
JOB-00207,52.25,1080,60,11.82,6,5,9,0,193.21
JOB-00208,58.12,720,30,11.44,6,3,0,1,44.19
JOB-00209,35.64,720,24,10.21,4,0,10,1,34.97
JOB-00210,179.56,1080,50,6.12,5,0,0,0,282.22
JOB-00211,176.98,1080,30,7.56,3,4,0,1,117.58
JOB-00212,113.13,1080,60,9.43,6,2,8,0,293.24
JOB-00213,95.95,720,24,1.06,3,4,7,1,60.01
JOB-00214,123.03,2160,24,3.34,4,5,8,1,204.94
JOB-00215,18.04,1440,30,3.17,1,3,8,1,33.44
JOB-00216,68.94,720,24,8.56,4,4,10,1,67.16
JOB-00217,131.64,1080,30,3.85,3,0,12,0,177.04
JOB-00218,47.14,1440,50,15.0,4,0,4,1,91.35
JOB-00219,12.19,1080,25,9.2,6,1,6,0,40.77
JOB-00220,88.61,1080,60,8.84,1,4,3,0,214.77
JOB-00221,81.28,2160,25,5.21,3,5,4,1,128.55
JOB-00222,100.71,1080,25,30.51,1,1,8,0,224.15
JOB-00223,141.95,1080,24,17.7,6,4,3,1,137.75
JOB-00224,50.72,1080,60,8.77,1,1,2,0,117.5
JOB-00225,19.55,1080,50,28.48,4,0,4,0,73.03
JOB-00226,119.17,720,50,3.28,5,0,10,1,74.81
JOB-00227,122.48,720,50,2.85,3,1,10,1,79.62
JOB-00228,102.9,1440,24,7.23,4,1,3,1,92.79
JOB-00229,127.79,1080,24,5.08,4,5,7,0,200.95
JOB-00230,36.22,1440,30,6.96,4,4,8,0,120.22
JOB-00231,85.71,720,30,5.04,3,3,2,1,47.62
JOB-00232,129.34,1440,60,6.84,5,0,0,0,339.09
JOB-00233,157.63,720,24,11.47,2,5,9,1,132.98
JOB-00234,108.67,1080,30,62.85,6,1,8,1,231.41
JOB-00235,110.87,720,30,13.55,1,5,8,1,76.96
JOB-00236,52.54,1080,24,5.62,2,4,11,0,103.36
JOB-00237,177.96,1080,50,12.78,4,5,3,0,415.41
JOB-00238,109.87,1080,25,6.16,1,5,2,0,161.0
JOB-00239,100.55,720,24,5.27,4,2,7,1,58.14
JOB-00240,130.99,720,25,7.65,1,1,2,1,47.27
JOB-00241,57.51,1080,60,10.13,4,0,1,1,88.1
JOB-00242,34.06,1080,25,7.19,3,3,2,1,42.02
JOB-00243,25.49,1080,24,13.27,3,5,9,0,87.18
JOB-00244,89.15,1080,25,13.73,2,0,4,0,131.92
JOB-00245,170.45,720,60,8.07,6,1,1,1,103.64
JOB-00246,131.12,1440,24,5.86,3,4,9,1,137.18
JOB-00247,142.98,1080,24,3.13,2,0,0,1,55.31
JOB-00248,130.4,720,24,15.52,5,0,5,1,73.87
JOB-00249,161.58,2160,25,4.07,2,0,10,1,244.11
JOB-00250,168.18,720,24,5.44,3,0,4,0,103.25
JOB-00251,1.21,2160,25,5.56,1,5,0,1,13.8
JOB-00252,51.87,1080,25,11.2,3,1,6,1,52.3
JOB-00253,82.44,720,25,2.91,2,5,9,1,64.39
JOB-00254,21.13,1080,24,7.23,3,2,12,1,27.2
JOB-00255,126.06,1080,30,7.01,6,4,6,0,223.76
JOB-00256,95.34,720,25,13.57,2,0,4,1,41.71
JOB-00257,69.44,1080,24,5.64,6,3,9,1,67.07
JOB-00258,61.18,1080,30,4.55,5,2,10,1,73.32
JOB-00259,22.16,1440,60,13.23,5,5,7,1,76.08
JOB-00260,141.21,1080,50,10.23,1,5,8,1,190.18
JOB-00261,171.8,720,30,6.61,1,1,11,0,162.98
JOB-00262,123.66,1440,60,25.33,5,1,1,1,307.49
JOB-00263,169.81,1440,24,9.86,4,1,2,1,162.5
JOB-00264,49.96,1080,30,7.64,2,3,9,1,55.98
JOB-00265,59.37,2160,50,6.89,2,1,11,1,167.26
JOB-00266,123.17,1080,30,4.93,2,0,6,1,99.73
JOB-00267,153.38,1440,60,23.22,1,4,6,0,725.99
JOB-00268,94.82,1080,30,4.94,3,2,3,1,73.35
JOB-00269,23.88,1440,30,9.51,3,0,0,1,34.65
JOB-00270,15.72,720,25,5.44,2,3,3,0,39.2
JOB-00271,25.22,720,50,6.98,2,5,2,0,56.67
JOB-00272,16.32,720,60,6.04,4,0,11,0,42.17
JOB-00273,39.04,1440,60,12.61,2,5,11,1,105.09
JOB-00274,21.07,1440,24,7.93,3,5,2,0,75.0
JOB-00275,54.69,1440,25,5.28,2,4,11,0,130.88
JOB-00276,132.86,1080,25,10.75,1,2,1,0,152.56
JOB-00277,172.4,720,50,4.03,6,5,10,1,160.11
JOB-00278,168.35,1080,60,1.62,3,5,7,1,197.05
JOB-00279,76.54,1080,25,11.55,5,1,9,1,82.09
JOB-00280,62.26,1080,24,11.78,6,3,3,0,112.24
JOB-00281,33.94,1080,25,6.94,6,2,10,0,90.62
JOB-00282,179.15,2160,30,3.1,1,5,11,0,611.28
JOB-00283,66.61,720,25,7.74,5,5,11,1,59.53
JOB-00284,101.96,1080,30,19.74,2,2,6,1,119.33
JOB-00285,87.56,2160,30,2.65,3,5,9,1,186.62
JOB-00286,64.09,1080,30,11.41,5,0,12,1,72.04
JOB-00287,3.16,1080,25,16.2,4,2,2,0,35.85
JOB-00288,6.07,720,30,16.66,3,2,3,1,17.07
JOB-00289,16.97,1080,60,6.36,4,4,10,1,53.57
JOB-00290,97.85,1080,24,11.77,6,3,5,0,170.39
JOB-00291,86.83,1440,25,7.98,4,1,11,1,102.7
JOB-00292,159.02,720,50,16.64,6,3,5,0,286.6
JOB-00293,19.04,1080,30,5.53,6,2,9,1,34.75
JOB-00294,153.14,720,30,9.33,5,3,10,1,90.69
JOB-00295,58.05,2160,50,3.47,6,1,11,1,160.38
JOB-00296,179.77,1080,60,4.27,2,0,8,1,220.14
JOB-00297,67.13,2160,30,2.0,3,2,4,1,109.0
JOB-00298,69.03,1440,30,2.27,3,3,8,1,99.2
JOB-00299,96.16,1440,60,11.24,6,4,3,1,198.1
JOB-00300,36.57,1080,60,5.7,3,4,1,1,44.2
JOB-00301,1.01,1080,50,19.98,5,2,11,1,24.77
JOB-00302,91.66,1080,50,17.75,2,1,4,1,139.27
JOB-00303,163.22,1080,25,29.62,1,1,1,0,286.9
JOB-00304,77.1,1080,60,7.52,6,0,4,0,168.73
JOB-00305,7.88,720,25,8.26,2,3,4,1,22.52
JOB-00306,177.7,1440,50,15.19,2,5,0,0,565.68
JOB-00307,1.38,1080,50,24.86,2,4,12,1,28.34
JOB-00308,120.21,720,50,15.23,6,5,12,1,161.24
JOB-00309,52.34,1080,25,14.33,4,3,8,0,118.54
JOB-00310,41.18,720,60,4.4,6,4,12,1,57.15
JOB-00311,78.36,1080,24,2.76,4,0,1,1,40.94
JOB-00312,120.37,1440,30,32.39,3,0,5,0,405.47
JOB-00313,14.33,1080,24,3.79,6,2,9,1,25.08
JOB-00314,5.62,1080,30,3.65,2,5,0,0,45.34
JOB-00315,147.52,1440,60,7.49,1,0,8,0,460.87
JOB-00316,75.83,1080,50,12.35,4,3,11,0,222.82
JOB-00317,20.82,720,60,5.91,2,5,12,1,39.27
JOB-00318,67.0,1440,24,4.08,3,3,2,1,70.24
JOB-00319,91.18,2160,60,10.5,3,1,6,1,295.96
JOB-00320,29.5,1080,30,4.69,6,2,2,1,35.93
JOB-00321,12.74,2160,50,5.31,1,5,0,0,78.4
JOB-00322,57.85,720,50,9.23,4,2,4,1,53.82
JOB-00323,161.13,2160,30,6.22,1,0,6,0,497.09
JOB-00324,97.15,1080,60,3.0,3,4,7,1,132.94
JOB-00325,86.36,1440,60,7.98,4,3,4,1,158.04
JOB-00326,138.49,1080,24,16.47,6,0,4,0,208.09
JOB-00327,71.9,1080,24,17.3,2,4,0,1,72.3
JOB-00328,107.19,1080,25,13.87,2,2,8,1,113.84
JOB-00329,40.22,1440,30,2.61,4,4,3,1,50.72
JOB-00330,176.14,2160,50,14.77,5,0,1,0,893.99
JOB-00331,39.91,1080,24,11.04,4,0,9,1,47.71
JOB-00332,132.05,1440,30,17.83,4,3,1,1,180.5
JOB-00333,102.76,1080,60,11.57,3,3,9,0,291.29
JOB-00334,140.89,720,50,24.41,1,4,5,0,298.92
JOB-00335,75.84,1080,30,11.78,6,3,5,0,149.5
JOB-00336,163.4,2160,60,6.38,3,3,4,1,453.53
JOB-00337,141.9,1080,30,20.41,6,2,7,1,172.81
JOB-00338,76.02,2160,25,18.47,2,1,9,0,323.66
JOB-00339,21.65,1440,60,14.82,1,1,9,1,57.26
JOB-00340,138.24,1080,25,3.58,2,3,4,1,93.57
JOB-00341,65.52,2160,50,5.77,3,3,8,0,327.91
JOB-00342,31.26,1080,50,22.7,1,1,7,0,100.72
JOB-00343,136.18,720,60,2.37,2,0,10,1,92.18
JOB-00344,73.57,2160,25,3.21,6,5,0,1,122.98
JOB-00345,56.02,720,30,7.76,1,2,5,1,36.7
JOB-00346,159.19,1080,30,23.51,2,0,10,1,174.15
JOB-00347,128.2,1080,30,6.1,3,3,12,1,117.28
JOB-00348,92.51,1080,30,4.36,3,2,9,1,78.31
JOB-00349,71.46,1080,60,8.66,2,0,10,1,99.11
JOB-00350,138.38,1080,30,11.33,1,2,8,1,122.86
JOB-00351,83.58,1080,50,1.48,1,5,10,1,99.15
JOB-00352,21.4,2160,50,9.42,3,1,2,1,63.13
JOB-00353,65.52,1080,24,13.25,1,4,11,0,130.1
JOB-00354,81.06,2160,50,5.45,5,0,6,1,199.48
JOB-00355,79.73,1080,50,3.0,4,5,0,0,153.89
JOB-00356,171.11,720,25,3.19,6,5,7,0,178.24
JOB-00357,162.34,1080,24,9.61,5,3,7,1,143.96
JOB-00358,126.37,720,60,13.99,2,3,0,0,180.47
JOB-00359,102.22,1440,50,7.81,2,3,4,1,178.17
JOB-00360,148.83,1080,25,6.82,1,2,9,0,197.29
JOB-00361,160.36,720,24,2.39,6,1,0,0,94.93
JOB-00362,171.06,1080,25,1.69,1,2,2,1,80.98
JOB-00363,22.52,720,25,14.29,3,2,8,0,49.18
JOB-00364,145.85,1080,25,1.56,4,5,0,1,96.44
JOB-00365,124.55,720,30,2.73,5,2,2,1,61.33
JOB-00366,154.24,1440,60,5.32,6,1,6,1,259.63
JOB-00367,95.7,720,50,7.44,5,0,12,0,157.01
JOB-00368,3.19,1080,24,8.39,2,2,9,1,16.42
JOB-00369,123.73,1440,24,13.23,1,5,12,0,314.94
JOB-00370,5.31,1080,25,15.65,5,2,1,1,30.72
JOB-00371,90.31,1080,50,8.79,4,5,8,1,135.46
JOB-00372,71.31,1080,30,3.64,6,5,1,1,62.05
JOB-00373,113.53,1440,25,3.54,5,2,6,1,103.92
JOB-00374,45.72,1440,24,5.91,2,1,5,1,45.9
JOB-00375,45.51,720,60,8.43,6,1,10,0,90.72
JOB-00376,134.18,720,60,6.01,3,1,0,1,98.72
JOB-00377,131.53,720,25,6.54,3,0,12,0,115.05
JOB-00378,110.65,1080,24,6.91,2,2,5,1,81.01
JOB-00379,179.96,2160,60,5.7,2,2,4,1,500.07
JOB-00380,69.99,1080,25,2.61,1,5,9,1,74.95
JOB-00381,179.21,1440,50,9.49,1,1,7,1,282.56
JOB-00382,14.08,1080,60,10.79,2,5,12,0,94.8
JOB-00383,106.78,2160,60,4.42,4,0,1,0,442.18
JOB-00384,147.19,720,24,18.78,2,5,0,1,98.34
JOB-00385,104.69,720,25,2.63,4,1,9,1,48.35
JOB-00386,115.16,1080,50,11.11,4,3,0,1,141.52
JOB-00387,166.16,1080,50,5.37,4,3,6,0,314.66
JOB-00388,127.42,1080,24,4.91,2,1,7,1,85.59
JOB-00389,141.61,1080,60,4.47,3,2,5,1,162.95
JOB-00390,152.47,1080,24,4.89,4,4,12,1,123.64
JOB-00391,6.84,720,25,4.94,3,4,8,0,45.34
JOB-00392,16.51,720,60,6.18,3,2,11,1,26.75
JOB-00393,104.67,720,24,19.45,3,2,10,1,66.15
JOB-00394,24.28,1080,30,10.56,2,2,0,0,54.54
JOB-00395,150.86,1440,60,16.41,5,4,4,1,344.97
JOB-00396,2.58,1440,24,3.58,4,2,7,0,35.8
JOB-00397,93.48,1080,25,7.99,1,3,7,1,82.05
JOB-00398,88.73,1080,60,13.0,4,4,12,1,169.0
JOB-00399,18.51,1080,30,9.9,2,3,4,0,55.1
JOB-00400,63.31,720,50,4.52,6,1,9,0,93.5
JOB-00401,46.34,2160,24,11.94,3,1,9,1,89.37
JOB-00402,46.25,1080,24,11.64,3,5,8,1,64.58
JOB-00403,176.22,1080,25,19.38,4,5,2,1,177.49
JOB-00404,103.2,2160,25,7.71,3,2,8,1,175.47
JOB-00405,70.31,2160,24,8.7,3,5,4,1,137.41
JOB-00406,79.28,1440,50,5.42,4,3,0,1,106.2
JOB-00407,146.17,1080,60,2.69,1,1,4,1,154.28
JOB-00408,107.95,1080,30,4.44,5,3,4,1,108.25
JOB-00409,142.54,2160,60,9.94,4,0,1,1,404.26
JOB-00410,45.56,1080,50,1.68,4,0,1,0,70.54
JOB-00411,152.79,720,30,80.0,4,2,4,1,225.22
JOB-00412,73.94,1080,24,8.98,1,1,9,1,59.49
JOB-00413,54.71,720,25,21.85,2,5,11,1,69.92
JOB-00414,107.72,1080,24,7.74,4,4,12,1,113.49
JOB-00415,96.59,1080,30,24.98,3,4,9,1,146.54
JOB-00416,39.36,1080,30,5.88,4,2,9,0,86.47
JOB-00417,43.96,1080,60,3.08,5,5,5,0,139.33
JOB-00418,65.09,2160,25,7.62,2,1,7,1,118.17
JOB-00419,66.28,1080,24,7.52,4,4,8,1,58.4
JOB-00420,163.15,1080,30,10.56,2,1,1,0,216.9
JOB-00421,173.03,1080,30,19.64,3,0,7,1,192.96
JOB-00422,7.11,720,50,8.04,3,0,1,1,9.99
JOB-00423,115.48,720,50,18.21,4,2,2,1,104.78
JOB-00424,161.35,2160,30,2.39,4,2,11,1,288.49
JOB-00425,161.32,1080,50,8.83,6,0,5,0,318.85
JOB-00426,58.93,1440,25,10.05,2,0,0,1,60.89
JOB-00427,132.33,1440,24,15.43,4,3,10,1,200.9
JOB-00428,25.98,720,60,6.44,3,3,7,1,38.36
JOB-00429,81.76,720,30,11.01,3,3,11,0,112.09
JOB-00430,3.33,1080,30,12.81,4,1,0,0,17.92
JOB-00431,120.06,1080,60,9.66,5,1,0,0,255.23
JOB-00432,63.29,1080,30,4.3,3,0,6,0,91.83
JOB-00433,42.57,1440,30,17.02,4,1,12,0,138.27
JOB-00434,50.06,1080,50,4.8,4,2,4,1,71.28
JOB-00435,2.83,1080,24,6.95,2,5,7,1,30.64
JOB-00436,143.84,720,60,5.86,4,1,7,0,186.16
JOB-00437,144.5,720,60,5.79,2,5,0,1,109.4
JOB-00438,110.18,720,24,11.38,3,5,7,0,136.19
JOB-00439,147.08,720,30,3.18,6,4,7,0,162.74
JOB-00440,12.08,1440,50,7.42,6,1,0,0,52.83
JOB-00441,161.57,1080,24,15.69,4,1,12,0,276.53
JOB-00442,77.58,1080,50,12.27,4,5,0,0,194.69
JOB-00443,76.52,1080,25,9.23,5,3,3,1,69.19
JOB-00444,77.88,1080,30,10.46,5,0,7,0,120.93
JOB-00445,103.0,1080,30,7.46,6,0,11,1,98.7
JOB-00446,73.39,1080,25,4.53,4,0,1,1,41.41
JOB-00447,16.03,720,25,3.44,4,3,5,1,24.33
JOB-00448,141.72,720,30,4.95,4,5,8,1,82.3
JOB-00449,167.8,1080,24,19.8,1,1,2,1,145.05
JOB-00450,29.95,720,50,8.42,3,3,8,1,31.09
JOB-00451,116.02,1080,60,4.74,1,5,12,1,173.86
JOB-00452,83.18,1080,25,7.86,1,2,5,1,74.23
JOB-00453,48.9,1080,24,5.19,2,1,3,0,64.21
JOB-00454,14.57,1080,50,3.66,1,0,7,1,20.09
JOB-00455,143.06,720,30,6.13,2,5,5,0,147.95
JOB-00456,63.55,1080,25,1.48,3,3,9,0,102.04
JOB-00457,23.07,2160,24,2.69,5,4,5,0,95.62
JOB-00458,83.11,2160,24,8.63,6,0,11,0,275.52
JOB-00459,98.78,1440,30,3.58,5,2,5,1,110.48
JOB-00460,114.39,1080,24,5.71,2,0,6,1,62.61
JOB-00461,156.49,1080,60,19.89,3,5,9,0,552.64
JOB-00462,56.11,1080,50,4.56,6,2,1,0,116.22
JOB-00463,122.33,720,50,11.86,3,1,9,1,105.78
JOB-00464,36.78,720,30,3.76,5,1,2,1,30.41
JOB-00465,54.9,720,50,6.84,2,3,7,1,55.4
JOB-00466,48.32,1080,60,3.58,1,3,9,1,63.84
JOB-00467,89.62,1080,60,28.19,6,2,8,1,198.67
JOB-00468,114.73,1080,24,5.64,6,0,4,1,78.82
JOB-00469,104.96,2160,25,10.08,2,2,4,1,197.71
JOB-00470,11.96,720,24,11.2,2,0,1,0,25.73
JOB-00471,118.51,1080,30,2.7,1,3,1,0,145.2
JOB-00472,140.61,1440,24,35.3,6,0,6,1,239.04
JOB-00473,62.67,1080,30,2.84,1,2,2,0,78.37
JOB-00474,62.62,1080,24,5.13,4,3,3,1,51.14
JOB-00475,132.49,720,30,12.45,1,2,7,1,75.85
JOB-00476,121.19,720,30,10.1,1,2,2,0,121.0
JOB-00477,150.68,1080,50,11.0,3,0,6,1,183.31
JOB-00478,71.38,1080,24,8.85,2,1,8,0,105.5
JOB-00479,125.05,1440,30,10.17,3,2,7,1,151.54
JOB-00480,8.29,1080,24,6.17,4,2,4,1,16.09
JOB-00481,175.95,1080,60,3.67,6,1,9,1,197.65
JOB-00482,173.21,1080,50,6.96,4,5,10,1,236.43
JOB-00483,36.74,2160,25,8.01,5,1,2,0,115.58
JOB-00484,60.18,720,24,7.2,4,3,5,1,34.45
JOB-00485,148.55,720,25,8.61,1,0,0,1,61.1
JOB-00486,124.43,1080,50,9.26,3,5,3,1,153.8
JOB-00487,157.23,1080,30,27.96,4,0,0,1,170.03
JOB-00488,154.82,2160,30,7.98,1,3,4,1,288.35
JOB-00489,114.56,720,30,14.6,1,2,0,0,106.52
JOB-00490,88.57,720,25,6.97,6,3,12,1,61.19
JOB-00491,119.94,1440,24,6.75,6,0,12,1,150.87
JOB-00492,97.45,720,25,16.67,6,1,12,1,64.92
JOB-00493,19.48,1080,25,14.62,1,5,7,0,67.44
JOB-00494,90.66,1440,60,4.13,5,4,4,1,155.51
JOB-00495,157.48,1080,25,5.86,1,5,6,1,144.88
JOB-00496,96.94,1440,30,3.8,2,3,6,1,101.1
JOB-00497,153.95,1080,50,24.18,5,1,12,1,279.05
JOB-00498,144.86,720,25,5.54,4,1,11,1,75.62
JOB-00499,178.33,2160,24,10.16,4,0,11,1,330.94
JOB-00500,138.74,1080,25,5.77,5,3,5,1,106.35
JOB-00501,157.11,720,60,17.18,3,0,4,1,141.61
JOB-00502,29.7,1080,50,32.94,2,1,3,1,76.71
JOB-00503,67.76,1080,60,26.35,4,2,7,0,260.37
JOB-00504,95.6,720,50,5.64,3,4,1,1,67.28
JOB-00505,130.97,720,25,15.18,5,3,9,1,88.46
JOB-00506,61.54,1080,24,3.38,2,2,12,1,59.07
JOB-00507,111.43,720,60,8.19,2,5,12,1,117.11
JOB-00508,129.72,1080,50,4.87,6,5,6,0,284.51
JOB-00509,167.06,1080,25,1.98,4,0,1,1,83.8
JOB-00510,28.42,1080,25,4.77,6,3,10,0,87.72
JOB-00511,53.37,1080,24,15.12,4,2,11,1,62.25
JOB-00512,64.2,1080,30,13.28,2,3,3,1,56.1
JOB-00513,121.97,1080,30,9.35,3,2,10,1,124.46
JOB-00514,45.54,2160,50,6.05,3,2,1,1,117.73
JOB-00515,179.84,1080,50,7.45,5,3,6,0,383.93
JOB-00516,149.4,1080,60,12.22,2,2,2,1,196.43
JOB-00517,29.23,1080,25,5.42,3,1,2,1,20.11
JOB-00518,119.16,1080,25,2.61,4,5,6,0,178.89
JOB-00519,87.48,1080,25,11.46,6,4,12,1,98.94
JOB-00520,27.7,720,30,12.57,3,0,3,1,22.06
JOB-00521,63.15,1080,50,2.37,6,5,6,1,93.63
JOB-00522,64.35,2160,24,5.75,5,3,10,1,121.44
JOB-00523,118.98,1080,25,13.84,6,1,7,0,193.78
JOB-00524,19.1,1080,24,7.3,4,3,9,0,63.24
JOB-00525,47.35,2160,60,3.84,1,5,2,0,229.98
JOB-00526,15.17,1080,25,5.25,3,5,5,1,35.47
JOB-00527,26.71,1440,50,16.55,6,3,4,1,71.14
JOB-00528,123.28,1080,25,6.76,3,1,3,1,100.66
JOB-00529,148.92,1440,60,4.15,6,1,5,1,225.5
JOB-00530,82.14,1440,50,10.24,2,4,1,1,128.72
JOB-00531,48.72,1080,50,7.58,3,3,10,1,64.89
JOB-00532,60.72,1080,50,3.83,3,0,2,0,107.16
JOB-00533,153.63,1080,24,7.55,5,1,12,0,214.41
JOB-00534,11.46,2160,50,15.71,3,5,0,1,53.61
JOB-00535,35.55,720,25,11.37,1,3,9,1,29.2
JOB-00536,38.35,720,30,12.46,5,1,10,1,34.58
JOB-00537,60.01,720,24,7.0,6,0,9,0,56.79
JOB-00538,54.43,720,60,17.01,4,2,4,1,62.5
JOB-00539,9.33,1440,25,7.09,5,3,5,1,24.25
JOB-00540,157.83,1080,30,7.43,3,4,4,1,137.96
JOB-00541,78.17,1440,50,5.79,3,4,12,1,148.36
JOB-00542,115.67,2160,30,21.32,4,4,10,1,363.85
JOB-00543,91.72,1080,24,2.44,4,3,4,1,60.38
JOB-00544,131.95,720,30,5.21,3,0,8,0,95.67
JOB-00545,123.61,1080,24,11.57,1,1,12,1,96.2
JOB-00546,50.45,1080,24,6.46,1,2,10,0,88.93
JOB-00547,64.02,1440,30,1.28,5,3,0,1,74.5
JOB-00548,92.59,1080,24,10.22,1,0,8,1,72.45
JOB-00549,161.03,2160,60,5.53,6,2,6,1,459.11
JOB-00550,133.48,720,24,3.48,2,1,7,1,69.1
JOB-00551,62.32,1080,24,7.16,1,0,2,0,69.4
JOB-00552,23.01,2160,60,6.47,2,3,4,1,79.52
JOB-00553,109.28,720,24,14.0,4,3,2,1,67.21
JOB-00554,47.76,1080,30,15.04,4,1,6,1,53.61
JOB-00555,121.15,1080,25,11.57,2,0,12,1,92.57
JOB-00556,153.78,1440,24,8.9,3,2,11,1,169.05
JOB-00557,115.76,2160,60,17.69,6,2,0,1,407.39
JOB-00558,80.87,720,60,9.51,1,2,8,1,77.03
JOB-00559,130.4,2160,50,11.61,1,3,11,0,774.62
JOB-00560,6.23,2160,24,13.66,1,0,9,1,12.56
JOB-00561,91.64,1080,30,21.73,6,2,10,1,131.64
JOB-00562,161.48,720,30,12.15,6,4,3,1,85.21
JOB-00563,175.56,1440,50,8.61,5,2,4,1,275.3
JOB-00564,52.11,1080,30,9.16,1,0,8,1,59.75
JOB-00565,49.07,1080,30,7.33,1,4,12,1,61.57
JOB-00566,69.09,2160,25,3.11,4,5,3,1,106.07
JOB-00567,179.74,720,25,10.26,1,0,2,0,132.39
JOB-00568,133.11,2160,60,7.5,5,5,4,0,704.03
JOB-00569,58.0,720,25,7.59,2,0,8,1,23.71
JOB-00570,118.33,2160,25,5.95,4,2,0,0,307.76
JOB-00571,141.69,720,50,6.68,1,3,0,1,100.49
JOB-00572,58.15,720,60,2.07,6,3,12,1,63.79
JOB-00573,124.36,2160,25,5.47,4,5,10,0,406.96
JOB-00574,79.45,1080,24,21.01,3,3,10,1,99.18
JOB-00575,97.33,2160,25,7.7,2,5,4,1,181.59
JOB-00576,58.91,720,50,15.19,2,1,1,1,47.22
JOB-00577,74.27,2160,30,5.14,2,3,6,1,142.19
JOB-00578,153.1,1080,24,8.62,6,5,12,1,157.34
JOB-00579,30.59,720,24,3.94,1,3,11,0,51.67
JOB-00580,41.91,720,60,9.5,2,2,1,1,42.9
JOB-00581,104.03,1440,25,11.79,5,0,7,1,126.9
JOB-00582,11.61,1440,60,3.56,1,3,11,1,38.74
JOB-00583,56.27,1080,25,5.45,1,4,2,1,54.42
JOB-00584,128.62,720,25,5.78,5,0,0,1,51.45
JOB-00585,17.99,720,24,5.04,5,1,11,1,23.79
JOB-00586,132.92,1080,24,4.88,1,0,9,1,72.59
JOB-00587,21.6,1080,24,23.4,6,2,12,0,78.55
JOB-00588,160.65,1080,60,4.84,1,4,11,1,215.05
JOB-00589,30.2,1080,50,7.67,5,1,5,1,53.38
JOB-00590,77.47,720,25,7.8,4,0,8,1,41.93
JOB-00591,81.6,2160,60,4.0,5,0,2,1,196.04
JOB-00592,23.47,720,60,18.78,6,2,8,1,52.54
JOB-00593,73.01,1080,60,8.56,6,5,8,0,218.84
JOB-00594,29.44,1080,30,6.86,5,0,2,1,31.06
JOB-00595,27.62,1080,30,11.6,6,2,9,0,83.25
JOB-00596,28.67,1080,24,1.86,3,0,9,1,26.29
JOB-00597,78.63,1080,60,5.3,4,0,6,0,157.88
JOB-00598,166.57,1440,25,5.29,2,1,9,1,166.17
JOB-00599,136.28,1080,60,9.69,6,1,11,1,205.3
JOB-00600,1.18,720,30,18.19,5,2,12,1,22.04
JOB-00601,13.23,1440,24,3.88,6,5,7,0,79.55
JOB-00602,154.19,1080,30,3.08,5,0,9,1,101.34
JOB-00603,164.62,1080,25,10.14,5,3,7,1,137.29
JOB-00604,33.93,2160,30,13.67,4,1,2,0,145.41
JOB-00605,37.84,1440,60,18.35,5,0,7,1,91.96
JOB-00606,143.58,2160,24,5.03,3,2,5,1,220.26
JOB-00607,91.64,1080,24,18.3,3,4,12,1,114.08
JOB-00608,134.87,1440,30,4.44,1,5,3,0,263.41
JOB-00609,131.87,1080,25,9.72,6,4,4,1,134.77
JOB-00610,118.23,720,30,10.27,5,2,5,1,83.02
JOB-00611,35.4,1080,50,6.62,2,0,0,0,55.24
JOB-00612,170.45,1440,30,9.29,6,0,11,1,225.04
JOB-00613,97.15,1440,25,13.76,1,5,1,1,116.37
JOB-00614,72.28,2160,60,5.15,6,0,2,0,338.39
JOB-00615,102.36,1080,60,6.51,5,3,8,0,264.58
JOB-00616,8.55,1440,60,7.95,1,0,10,1,28.8
JOB-00617,179.05,720,60,2.08,6,2,4,0,206.82
JOB-00618,38.75,720,24,6.45,1,0,10,1,22.36
JOB-00619,39.04,1080,30,8.33,1,3,6,0,83.41
JOB-00620,57.43,1080,24,5.53,5,3,5,1,62.87
JOB-00621,147.9,1440,24,2.28,2,1,12,1,132.16
JOB-00622,146.96,2160,25,15.79,6,0,0,0,468.23
JOB-00623,152.53,720,25,6.48,2,4,3,1,74.12
JOB-00624,49.73,1080,24,12.87,4,4,2,1,57.91
JOB-00625,93.92,1440,24,2.87,2,4,7,0,188.09
JOB-00626,16.17,720,24,9.73,2,2,0,1,21.27
JOB-00627,67.04,720,25,16.14,6,1,6,1,51.45
JOB-00628,20.88,720,60,5.94,6,5,1,1,25.42
JOB-00629,114.72,1080,25,5.12,3,0,8,1,66.93
JOB-00630,69.26,1080,50,2.63,1,0,7,0,115.1
JOB-00631,150.0,1080,60,6.64,3,0,1,0,263.11
JOB-00632,108.87,720,30,6.62,4,4,12,0,151.57
JOB-00633,49.91,1080,60,12.36,1,5,1,1,79.59
JOB-00634,121.21,1080,25,4.93,3,4,0,1,83.58
JOB-00635,144.59,1080,50,5.92,1,2,12,1,179.13
JOB-00636,19.17,720,30,2.43,1,1,4,1,18.87
JOB-00637,109.17,2160,60,12.89,5,3,3,1,375.1
JOB-00638,64.34,1080,50,4.01,6,0,5,1,65.57
JOB-00639,76.34,1080,60,4.46,1,1,6,1,103.28
JOB-00640,27.45,1440,24,10.98,1,0,1,0,58.35
JOB-00641,97.52,1440,60,15.07,5,1,5,0,379.83
JOB-00642,3.28,1080,60,14.66,1,5,11,1,26.05
JOB-00643,98.82,720,50,16.26,4,2,0,1,86.15
JOB-00644,49.09,1080,25,11.5,6,2,5,1,56.56
JOB-00645,75.17,1080,60,10.72,5,2,7,1,108.99
JOB-00646,24.52,1080,50,15.45,2,1,4,1,40.0
JOB-00647,167.03,2160,24,6.9,4,1,4,1,245.0
JOB-00648,121.81,1440,25,5.17,1,1,9,1,111.79
JOB-00649,109.7,1440,60,4.37,6,5,11,1,226.34
JOB-00650,163.13,1440,30,5.57,2,1,6,0,294.4
JOB-00651,7.56,1440,60,5.19,3,3,4,0,44.08
JOB-00652,35.1,2160,30,6.24,5,2,8,0,144.2
JOB-00653,9.56,1440,25,14.61,6,3,12,0,70.26
JOB-00654,59.48,1080,30,4.65,5,2,9,1,63.75
JOB-00655,50.01,1080,50,12.22,2,1,6,1,73.81
JOB-00656,8.88,1080,24,5.11,6,0,0,0,29.74
JOB-00657,114.58,1080,24,9.96,5,5,4,1,110.8
JOB-00658,99.34,1440,25,7.39,1,5,7,1,125.09
JOB-00659,144.47,1080,60,4.16,1,3,11,1,181.53
JOB-00660,13.12,720,25,12.48,5,3,9,1,33.14
JOB-00661,99.94,1080,50,4.25,1,1,5,1,91.53
JOB-00662,165.51,720,60,10.04,1,3,2,0,226.57
JOB-00663,133.76,1080,24,6.11,5,1,3,0,156.67
JOB-00664,170.09,720,50,26.05,4,1,11,0,338.43
JOB-00665,134.89,720,30,13.08,3,5,7,0,187.62
JOB-00666,1.34,1080,25,4.89,1,2,10,1,15.11
JOB-00667,67.04,1440,30,3.77,3,0,6,0,133.7
JOB-00668,97.56,720,50,8.58,6,0,1,0,103.99
JOB-00669,105.27,1080,30,12.22,4,5,0,1,90.94
JOB-00670,172.07,1080,30,6.01,1,2,3,1,122.69
JOB-00671,144.87,1080,50,3.04,2,0,2,0,212.76
JOB-00672,8.38,1080,24,4.36,6,0,11,0,43.23
JOB-00673,33.47,720,50,10.0,2,4,3,1,43.73
JOB-00674,21.11,1080,60,5.14,6,5,6,0,94.17
JOB-00675,26.87,1080,60,9.49,6,3,5,1,56.15
JOB-00676,25.99,1440,50,29.78,2,2,12,1,82.12
JOB-00677,146.65,2160,24,13.27,4,0,10,1,295.29
JOB-00678,173.15,1080,60,7.31,2,0,12,1,203.93
JOB-00679,24.5,1080,25,6.65,6,4,7,0,70.18
JOB-00680,94.13,2160,24,9.74,6,2,1,1,163.54
JOB-00681,2.65,1080,60,2.75,3,1,6,1,18.35
JOB-00682,162.39,720,30,7.26,5,5,6,1,112.16
JOB-00683,43.0,1440,30,10.53,4,3,4,1,61.2
JOB-00684,67.48,1080,60,11.11,2,1,2,1,82.27
JOB-00685,68.69,720,30,2.96,3,0,1,0,49.28
JOB-00686,71.25,1440,60,16.31,2,0,2,1,143.59
JOB-00687,34.34,1440,24,11.72,5,2,5,0,93.92
JOB-00688,73.81,2160,25,20.26,1,1,5,0,291.59
JOB-00689,100.61,1080,60,1.95,4,0,9,1,108.47
JOB-00690,177.3,1440,24,6.63,2,3,3,0,293.16
JOB-00691,18.5,1440,25,11.01,5,4,5,1,38.0
JOB-00692,68.9,720,25,2.21,4,1,12,1,41.16
JOB-00693,98.78,1440,60,6.37,5,4,6,0,325.31
JOB-00694,62.89,1080,60,16.61,4,5,11,0,256.85
JOB-00695,90.89,720,24,28.67,2,0,0,1,51.22
JOB-00696,130.53,720,25,4.53,2,5,11,1,91.37
JOB-00697,87.22,720,60,6.89,5,2,6,0,138.67
JOB-00698,39.19,1080,50,4.5,5,4,7,1,70.57
JOB-00699,163.36,1080,60,2.53,4,1,12,1,208.55
JOB-00700,133.31,720,30,7.44,2,4,3,0,141.22
JOB-00701,32.02,1440,50,6.39,1,3,0,1,53.28
JOB-00702,68.55,2160,30,4.9,4,5,5,1,133.23
JOB-00703,66.83,1080,50,4.52,6,2,11,0,166.69
JOB-00704,78.69,1440,60,27.19,2,3,2,1,215.58
JOB-00705,163.7,1080,60,11.92,2,1,5,1,204.13
JOB-00706,11.0,720,60,9.94,1,3,8,1,23.44
JOB-00707,137.57,2160,24,11.55,6,0,9,1,260.14
JOB-00708,66.09,1080,24,4.94,6,1,9,1,45.1
JOB-00709,91.59,1080,24,13.34,5,4,0,0,142.81
JOB-00710,168.79,1080,24,17.21,1,2,4,1,144.95
JOB-00711,10.13,1080,50,2.37,4,5,9,1,44.44
JOB-00712,35.16,1440,30,33.88,2,5,3,1,88.94
JOB-00713,173.34,720,24,18.57,5,4,7,1,117.04
JOB-00714,116.16,1440,25,6.44,6,2,8,1,125.84
JOB-00715,6.35,1080,60,16.08,6,1,0,0,40.78
JOB-00716,108.89,1080,30,5.89,4,5,12,1,130.64
JOB-00717,159.56,720,30,2.06,5,5,10,1,118.57
JOB-00718,7.79,1080,50,4.51,6,4,0,0,49.59
JOB-00719,161.53,720,30,5.6,5,5,8,1,102.85
JOB-00720,165.58,1080,50,7.91,2,5,12,1,234.19
JOB-00721,64.69,720,60,5.32,6,1,12,0,116.73
JOB-00722,130.37,1080,25,19.28,5,3,10,0,278.03
JOB-00723,163.46,1440,25,8.2,6,4,11,1,209.31
JOB-00724,50.06,1080,60,13.79,3,1,10,0,159.72
JOB-00725,104.07,1080,30,3.54,6,4,9,1,116.3
JOB-00726,170.11,1080,30,5.08,2,5,7,1,155.43
JOB-00727,171.97,1080,30,15.13,6,0,3,1,139.62
JOB-00728,127.26,1080,60,24.37,6,5,3,1,230.97
JOB-00729,171.13,720,24,9.34,3,0,6,1,71.6
JOB-00730,72.41,1080,60,9.28,5,1,6,0,185.36
JOB-00731,82.03,720,50,19.0,5,5,3,1,100.44
JOB-00732,68.76,1080,30,10.76,3,3,6,1,69.54
JOB-00733,102.5,1080,24,11.88,2,1,10,0,158.19
JOB-00734,3.72,2160,60,6.31,6,5,0,1,35.9
JOB-00735,111.75,1080,24,7.22,5,4,3,1,91.05
JOB-00736,123.52,2160,25,4.24,1,2,10,0,365.2
JOB-00737,107.78,1080,30,12.74,3,4,12,0,245.37
JOB-00738,175.63,720,25,10.54,3,3,2,0,142.68
JOB-00739,12.88,1080,24,4.08,5,5,9,1,36.66
JOB-00740,14.4,1080,24,2.36,3,1,2,1,19.09
JOB-00741,83.54,720,25,2.77,2,4,3,0,84.46
JOB-00742,116.23,720,50,6.94,3,5,8,0,198.3
JOB-00743,134.45,2160,25,9.46,5,4,7,0,462.73
JOB-00744,108.14,1080,30,25.84,2,5,2,0,247.41
JOB-00745,113.95,1440,25,14.18,6,4,11,1,169.81
JOB-00746,141.59,1080,50,14.55,4,1,4,1,166.06
JOB-00747,64.75,1080,60,13.34,4,2,4,1,101.15
JOB-00748,127.05,2160,30,5.58,1,3,6,1,239.64
JOB-00749,20.45,1080,30,13.4,5,4,4,0,73.57
JOB-00750,163.74,720,60,12.49,2,5,4,1,137.07
JOB-00751,101.17,1440,24,8.66,3,1,7,0,205.07
JOB-00752,108.88,1080,30,3.82,2,4,5,1,83.62
JOB-00753,1.96,720,24,8.73,4,5,5,1,25.92
JOB-00754,139.32,1080,24,9.88,1,3,6,1,120.74
JOB-00755,31.08,1080,25,17.68,3,0,0,0,57.36
JOB-00756,169.3,1080,24,13.6,2,0,3,1,123.71
JOB-00757,93.78,1080,50,4.98,5,5,4,1,113.13
JOB-00758,11.02,1080,25,7.67,1,5,12,0,66.76
JOB-00759,171.07,1080,60,8.55,5,2,2,1,198.28
JOB-00760,47.57,1080,25,9.5,6,1,11,0,91.27
JOB-00761,108.47,720,60,7.94,3,3,7,1,102.31
JOB-00762,127.09,1440,50,14.31,6,2,2,1,229.74
JOB-00763,123.71,1080,50,8.57,5,4,8,1,168.17
JOB-00764,154.11,1080,30,40.62,1,5,10,0,490.47
JOB-00765,130.39,1080,50,22.83,1,0,9,1,195.81
JOB-00766,6.74,1440,60,8.1,3,3,3,1,20.14
JOB-00767,75.84,1080,60,4.14,5,4,2,1,93.42
JOB-00768,21.4,1440,25,6.47,4,5,5,0,71.49
JOB-00769,56.2,720,30,8.29,3,2,7,1,46.12
JOB-00770,60.97,2160,50,12.71,5,0,8,0,360.56
JOB-00771,18.03,1080,25,10.72,6,5,3,0,70.05
JOB-00772,28.44,1440,30,3.54,1,2,0,0,52.38
JOB-00773,167.64,1440,60,5.22,5,4,8,0,555.49
JOB-00774,134.19,2160,60,12.26,6,4,12,1,534.3
JOB-00775,139.44,2160,60,2.48,6,4,3,1,338.41
JOB-00776,118.59,720,25,11.39,1,1,10,0,112.71
JOB-00777,133.62,1080,50,9.75,1,2,5,0,264.74
JOB-00778,107.64,1080,24,37.48,2,0,12,0,279.68
JOB-00779,156.84,720,24,14.64,2,4,3,1,78.67
JOB-00780,22.27,2160,25,2.78,2,1,3,1,44.97
JOB-00781,35.61,1080,25,41.14,1,5,2,0,113.99
JOB-00782,135.85,720,24,3.54,1,1,2,1,56.9
JOB-00783,138.83,1440,25,14.16,5,2,0,1,143.95
JOB-00784,34.79,2160,30,8.27,4,0,5,0,133.78
JOB-00785,48.37,1080,30,8.29,5,2,10,1,65.48
JOB-00786,18.4,1080,50,14.32,5,2,9,1,53.54
JOB-00787,15.37,720,60,3.06,4,4,9,0,54.04
JOB-00788,98.73,1080,25,11.54,1,4,11,1,93.48
JOB-00789,23.22,720,60,2.1,5,2,7,0,51.95
JOB-00790,113.08,1080,24,8.88,6,2,7,1,94.73
JOB-00791,163.5,1080,25,6.45,4,3,6,1,146.4
JOB-00792,93.52,1080,25,13.71,3,1,12,1,93.54
JOB-00793,96.79,1080,25,5.94,4,3,2,1,87.49
JOB-00794,37.22,1440,50,11.91,5,3,10,1,94.64
JOB-00795,150.43,1440,60,6.64,2,0,11,1,266.48
JOB-00796,97.06,1080,25,6.25,2,0,4,0,118.92
JOB-00797,33.44,2160,50,10.09,3,0,1,1,89.56
JOB-00798,105.69,1080,60,6.87,4,4,0,1,115.84
JOB-00799,156.41,720,50,4.82,6,4,9,1,115.25
JOB-00800,129.09,1440,25,10.02,2,1,10,1,139.72
JOB-00801,100.37,1440,30,6.45,4,1,12,1,129.96
JOB-00802,166.85,1440,60,25.36,3,3,6,1,471.54
JOB-00803,129.22,1080,30,3.84,1,1,2,0,145.26
JOB-00804,74.24,2160,50,3.79,3,3,9,1,189.27
JOB-00805,119.94,1440,25,10.43,6,2,12,1,170.36
JOB-00806,64.86,1440,30,6.87,5,1,2,1,70.83
JOB-00807,41.05,1080,25,12.83,4,1,5,1,39.03
JOB-00808,33.7,1080,60,8.98,6,0,5,0,97.57
JOB-00809,58.26,720,30,8.28,3,0,0,0,49.38
JOB-00810,171.57,2160,25,10.24,5,4,6,1,316.14
JOB-00811,68.85,1080,60,20.44,4,2,9,1,143.47
JOB-00812,99.15,1080,60,3.93,5,2,4,1,122.99
JOB-00813,145.43,1440,30,13.23,1,2,5,1,189.74
JOB-00814,15.81,720,24,3.02,6,2,5,1,31.56
JOB-00815,2.58,720,60,3.07,5,5,1,1,20.74
JOB-00816,117.07,720,60,8.4,3,1,7,0,186.58
JOB-00817,16.2,720,60,5.98,4,3,9,1,38.16
JOB-00818,143.85,1080,24,18.82,2,0,2,1,109.83
JOB-00819,164.76,720,25,6.8,2,2,6,0,138.63
JOB-00820,34.18,1080,24,3.08,6,5,0,0,79.67
JOB-00821,133.23,1440,24,4.39,2,4,1,1,113.64
JOB-00822,66.05,1080,30,2.04,5,3,3,1,59.82
JOB-00823,7.09,1080,30,5.54,5,4,5,1,33.41
JOB-00824,50.15,1080,50,11.52,3,0,5,1,69.27
JOB-00825,177.65,1080,30,9.15,6,0,9,1,145.09
JOB-00826,52.24,1440,25,5.66,2,2,8,0,119.69
JOB-00827,105.89,1080,25,4.65,4,2,1,1,66.78
JOB-00828,91.32,1080,25,7.11,3,4,3,1,76.67
JOB-00829,169.39,1080,24,3.49,5,5,3,1,121.35
JOB-00830,129.41,1440,60,19.58,2,0,10,0,585.93
JOB-00831,26.21,1440,24,8.91,5,2,2,1,44.11
JOB-00832,113.4,1440,30,5.74,2,2,7,1,126.23
JOB-00833,70.92,2160,30,7.84,5,5,5,1,176.15
JOB-00834,70.84,720,50,6.31,5,4,2,0,111.52
JOB-00835,52.43,1080,30,4.22,4,1,2,0,82.05
JOB-00836,10.27,1080,24,4.96,4,1,1,1,16.3
JOB-00837,29.4,1440,25,4.21,3,0,3,1,35.34
JOB-00838,132.18,1440,25,4.68,4,5,0,0,230.94
JOB-00839,124.13,2160,25,6.9,4,0,7,1,191.77
JOB-00840,81.58,720,25,5.29,4,1,12,1,53.43
JOB-00841,12.22,1080,24,5.39,6,5,6,0,71.1
JOB-00842,44.13,720,25,2.12,4,4,1,1,29.05
JOB-00843,9.8,1080,25,7.53,4,0,2,0,37.14
JOB-00844,161.97,2160,60,3.22,1,0,8,1,425.08
JOB-00845,110.06,2160,30,6.47,3,0,2,1,184.72
JOB-00846,39.25,720,60,6.47,5,2,10,1,55.85
JOB-00847,64.14,1080,24,3.3,2,1,10,1,35.65
JOB-00848,118.08,1080,50,33.77,1,1,0,0,354.92
JOB-00849,27.99,2160,24,13.44,5,3,1,1,63.48
JOB-00850,118.72,720,30,23.93,6,5,6,0,202.91
JOB-00851,78.22,1080,30,3.06,6,2,7,1,72.84
JOB-00852,137.99,1080,24,8.74,6,5,12,1,137.0
JOB-00853,14.37,1080,24,12.38,6,1,7,0,46.66
JOB-00854,159.92,1080,24,6.47,1,3,7,1,115.82
JOB-00855,164.32,1080,25,5.06,3,4,1,0,211.3
JOB-00856,97.6,1440,60,8.34,2,0,12,1,184.23
JOB-00857,30.73,1080,24,7.04,1,1,8,0,53.03
JOB-00858,77.08,2160,30,14.96,6,2,9,1,197.35
JOB-00859,82.74,1080,25,5.61,5,5,2,1,70.96
JOB-00860,169.85,1080,50,10.56,2,3,5,1,208.16
JOB-00861,152.49,1080,50,18.55,5,2,10,1,255.69
JOB-00862,126.1,1080,50,12.85,3,3,7,1,183.05
JOB-00863,89.22,2160,50,17.51,3,1,12,1,348.37
JOB-00864,38.26,1080,50,8.35,5,3,3,1,65.59
JOB-00865,94.77,2160,60,7.65,5,2,5,1,290.28
JOB-00866,123.12,720,30,12.41,3,5,5,1,86.61
JOB-00867,166.33,1440,50,24.37,3,1,11,1,434.25
JOB-00868,35.6,1440,24,7.98,1,5,0,1,52.13
JOB-00869,165.58,720,24,26.83,1,4,12,0,243.26
JOB-00870,33.7,720,60,20.65,4,3,1,1,57.84
JOB-00871,12.82,1080,60,10.95,2,1,0,0,43.22
JOB-00872,34.79,1080,30,12.9,5,3,8,0,97.81
JOB-00873,84.84,1080,25,18.16,6,3,11,1,101.06
JOB-00874,145.43,1080,60,54.64,2,3,12,1,495.2
JOB-00875,153.8,1080,30,4.73,1,4,8,1,113.09
JOB-00876,48.39,1080,30,3.76,6,1,5,1,37.38
JOB-00877,50.46,1080,30,16.8,4,1,10,1,64.45
JOB-00878,148.26,720,60,6.39,4,1,9,1,107.28
JOB-00879,160.18,720,30,2.79,6,2,0,1,76.16
JOB-00880,135.82,1080,50,10.63,2,2,8,1,156.88
JOB-00881,44.67,1080,25,24.49,6,4,6,1,72.69
JOB-00882,46.59,720,30,4.11,5,0,6,0,52.2
JOB-00883,57.1,1080,60,8.59,3,2,2,1,77.98
JOB-00884,146.07,1080,60,5.36,4,0,8,1,171.14
JOB-00885,144.21,1080,25,3.49,6,5,3,0,197.36
JOB-00886,112.39,2160,24,23.71,2,5,4,1,277.89
JOB-00887,171.42,2160,50,2.76,6,5,6,1,386.13
JOB-00888,170.97,1080,25,12.13,1,2,1,1,126.59
JOB-00889,104.71,1080,60,13.61,3,0,2,0,234.72
JOB-00890,31.8,1080,25,22.76,3,5,8,1,61.6
JOB-00891,30.59,720,50,4.31,1,5,3,0,66.99
JOB-00892,53.59,1440,24,7.32,5,1,12,1,73.92
JOB-00893,141.9,720,30,4.69,4,0,5,1,73.6
JOB-00894,173.16,1440,50,6.27,3,5,5,1,273.47
JOB-00895,97.85,1080,30,4.77,6,4,11,0,181.76
JOB-00896,146.29,1440,30,7.2,1,1,6,1,160.4
JOB-00897,160.92,1440,25,10.31,2,5,8,0,356.04
JOB-00898,98.32,1080,60,2.91,4,4,1,1,101.24
JOB-00899,137.93,720,50,5.51,6,3,12,0,204.09
JOB-00900,10.71,1080,25,11.75,5,3,5,1,28.05
JOB-00901,51.39,1080,50,7.35,5,3,11,1,84.78
JOB-00902,143.31,720,25,12.03,1,1,2,0,118.18
JOB-00903,144.07,720,24,4.9,4,3,8,0,141.23
JOB-00904,8.41,1080,30,7.55,6,0,8,1,23.62
JOB-00905,171.54,720,25,2.62,4,5,8,0,167.03
JOB-00906,40.72,1080,30,6.21,6,0,10,1,46.61
JOB-00907,69.77,1440,30,16.6,3,4,7,0,218.97
JOB-00908,130.25,1440,50,8.49,6,3,11,0,434.84
JOB-00909,139.36,1440,30,9.27,1,3,11,1,191.84
JOB-00910,113.74,2160,60,8.68,6,4,9,1,391.07
JOB-00911,93.84,1080,24,20.75,6,0,1,1,79.23
JOB-00912,45.2,1440,24,9.92,6,2,8,0,119.88
JOB-00913,2.93,1080,30,2.92,3,1,12,1,19.88
JOB-00914,3.04,2160,24,2.63,5,2,3,1,18.43
JOB-00915,150.9,1080,25,16.67,2,5,9,1,165.05
JOB-00916,74.81,1440,30,6.61,6,4,11,1,111.44
JOB-00917,30.27,1080,25,9.44,5,5,6,1,48.63
JOB-00918,56.28,2160,24,30.21,5,3,3,0,285.34
JOB-00919,84.52,1440,50,35.69,2,1,3,1,227.16
JOB-00920,153.86,720,25,12.1,1,5,8,1,103.52
JOB-00921,125.57,2160,25,3.09,5,0,4,1,174.46
JOB-00922,4.2,2160,24,11.87,1,1,9,1,11.92
JOB-00923,179.99,2160,24,5.77,2,4,2,1,263.1
JOB-00924,147.02,1080,60,7.64,4,3,9,1,194.12
JOB-00925,56.86,1080,25,3.85,1,5,5,1,61.1
JOB-00926,121.88,2160,30,29.06,3,1,6,1,382.15
JOB-00927,87.65,1080,50,3.26,5,2,0,1,82.51
JOB-00928,34.44,720,50,8.63,3,1,10,0,68.49
JOB-00929,124.83,1080,30,5.96,3,1,6,1,92.74
JOB-00930,47.53,1440,50,2.45,5,0,12,0,137.48
JOB-00931,1.32,1440,50,26.99,4,4,11,0,46.74
JOB-00932,125.95,1080,30,17.23,6,0,12,1,143.02
JOB-00933,147.61,720,60,2.56,3,1,6,1,89.68
JOB-00934,41.52,1440,25,4.44,3,3,11,1,67.78
JOB-00935,67.99,1080,25,5.01,2,5,0,1,59.61
JOB-00936,55.74,2160,25,5.55,5,0,0,1,89.67
JOB-00937,67.13,1080,60,6.55,5,2,2,1,93.6
JOB-00938,124.7,1080,60,18.08,3,5,5,1,230.8
JOB-00939,114.47,1080,60,17.16,2,4,8,0,361.99
JOB-00940,53.33,1080,50,15.67,3,1,6,1,69.86
JOB-00941,21.51,1080,50,15.66,5,4,4,1,49.97
JOB-00942,80.2,1080,30,5.32,4,5,12,1,91.94
JOB-00943,118.9,720,24,1.72,2,0,9,1,39.61
JOB-00944,2.8,1080,60,9.22,5,5,8,1,36.94
JOB-00945,89.45,1080,30,9.91,4,3,8,1,116.58
JOB-00946,86.93,1440,60,5.38,5,3,7,1,156.93
JOB-00947,18.16,720,50,8.3,4,1,3,0,45.03
JOB-00948,108.02,1080,30,4.8,2,2,7,1,91.06
JOB-00949,94.21,1080,25,9.07,3,2,7,0,150.43
JOB-00950,124.71,2160,24,10.04,4,5,6,1,250.41
JOB-00951,144.73,720,24,11.82,5,5,6,0,170.69
JOB-00952,121.83,1080,30,11.58,1,4,9,1,126.12
JOB-00953,173.98,2160,25,4.44,5,1,0,1,214.75
JOB-00954,87.75,720,24,6.71,3,3,7,1,51.12
JOB-00955,158.44,720,25,7.63,3,1,9,0,137.08
JOB-00956,66.49,1080,24,3.88,3,2,0,1,48.82
JOB-00957,92.77,1440,25,7.14,2,3,2,1,93.25
JOB-00958,169.36,2160,60,2.82,2,1,3,1,386.47
JOB-00959,8.43,720,50,5.23,3,4,11,1,25.55
JOB-00960,100.94,1080,25,12.4,4,5,8,0,205.77
JOB-00961,83.68,1080,60,2.57,3,1,11,1,102.28
JOB-00962,143.49,1080,60,11.73,6,1,2,1,186.11
JOB-00963,112.57,1440,25,10.96,3,5,12,1,169.28
JOB-00964,139.89,1080,50,2.06,1,0,6,1,117.22
JOB-00965,38.69,720,60,4.3,6,4,11,1,58.65
JOB-00966,46.33,720,60,4.79,2,1,5,1,49.35
JOB-00967,112.0,720,60,5.04,6,5,6,1,102.52
JOB-00968,100.71,1080,60,8.04,3,4,3,0,244.92
JOB-00969,85.35,1080,30,3.07,2,0,11,1,58.19
JOB-00970,137.55,720,60,19.34,2,4,12,1,173.03
JOB-00971,150.53,1440,50,3.33,1,1,12,1,226.13
JOB-00972,56.44,720,30,7.87,1,1,5,0,64.3
JOB-00973,155.67,1080,25,13.51,6,2,7,1,149.81
JOB-00974,69.85,1080,30,4.92,2,3,12,1,69.08
JOB-00975,48.78,2160,25,14.14,4,1,2,1,88.86
JOB-00976,158.14,1440,24,15.38,6,0,0,1,169.4
JOB-00977,155.28,2160,25,5.41,2,2,0,0,387.37
JOB-00978,56.57,2160,24,2.19,6,3,1,1,81.51
JOB-00979,101.59,2160,24,6.16,4,5,5,1,158.71
JOB-00980,90.68,1080,24,7.66,4,0,1,0,99.54
JOB-00981,36.07,720,25,12.46,5,3,5,1,34.43
JOB-00982,171.56,1080,24,21.69,4,5,12,1,205.66
JOB-00983,49.66,1080,25,10.51,2,4,9,1,55.87
JOB-00984,13.53,720,25,7.75,3,1,8,0,40.91
JOB-00985,88.99,2160,30,9.75,5,3,4,0,309.58
JOB-00986,116.31,1080,30,13.1,3,4,0,0,196.22
JOB-00987,164.96,1080,24,9.4,4,3,9,1,136.28
JOB-00988,18.58,1080,50,3.67,1,0,5,1,27.18
JOB-00989,179.54,1080,24,7.81,6,1,11,1,128.07
JOB-00990,114.68,1080,50,13.54,3,5,4,1,160.57
JOB-00991,78.02,1080,30,2.91,2,1,8,1,65.92
JOB-00992,85.5,1080,60,11.27,5,0,8,0,219.64
JOB-00993,61.67,720,50,2.86,6,4,3,1,56.25
JOB-00994,79.45,1080,30,3.18,3,3,12,1,65.42
JOB-00995,39.85,1080,24,8.76,3,4,7,0,91.82
JOB-00996,149.8,720,50,7.89,3,1,10,0,207.28
JOB-00997,69.58,1080,24,7.32,5,3,7,1,73.52
JOB-00998,121.57,1080,30,10.62,1,1,4,1,102.65
JOB-00999,15.81,1080,30,8.05,6,0,10,1,30.61
JOB-01000,57.23,720,30,5.06,1,4,4,0,77.91
JOB-01001,44.52,1440,50,12.33,4,3,2,1,84.9
JOB-01002,154.56,1440,25,7.17,2,2,0,1,139.62
JOB-01003,74.33,720,50,10.99,4,1,2,1,60.22
JOB-01004,150.39,2160,25,32.93,3,2,1,1,378.0
JOB-01005,15.61,720,50,3.99,1,3,12,1,30.31
JOB-01006,102.39,2160,50,27.53,4,0,0,1,375.63
JOB-01007,64.74,720,25,9.56,5,4,2,1,44.8
JOB-01008,8.16,720,50,3.17,4,5,6,1,25.32
JOB-01009,160.84,2160,50,29.5,5,1,4,1,679.43
JOB-01010,47.84,1080,60,12.25,3,2,10,0,164.69
JOB-01011,141.89,1440,60,9.57,4,4,12,1,328.8
JOB-01012,81.35,1080,60,2.29,2,4,1,1,92.55
JOB-01013,25.36,2160,50,10.48,3,1,1,1,59.27
JOB-01014,108.41,2160,50,3.94,2,5,6,0,490.83
JOB-01015,56.12,1080,50,6.24,2,1,7,1,75.71
JOB-01016,28.48,720,24,5.27,3,0,7,1,24.96
JOB-01017,116.19,1080,24,2.16,4,3,2,1,90.43
JOB-01018,52.35,1080,25,2.86,1,3,8,1,49.5
JOB-01019,108.42,1080,30,3.51,6,4,11,1,106.48
JOB-01020,147.11,1080,24,12.44,2,1,6,1,120.35
JOB-01021,155.15,720,60,11.27,6,4,0,1,127.99
JOB-01022,159.47,1440,25,3.73,3,2,1,1,122.91
JOB-01023,119.23,720,30,4.08,2,2,6,0,110.34
JOB-01024,72.56,1080,60,4.68,3,2,9,1,94.9
JOB-01025,102.74,720,60,8.17,5,1,2,1,87.24
JOB-01026,142.51,1080,60,12.76,1,0,11,1,207.14
JOB-01027,63.84,1080,25,4.96,5,4,6,0,106.37
JOB-01028,75.76,1080,50,16.0,4,0,8,1,102.88
JOB-01029,82.08,2160,50,20.69,4,0,9,1,329.96
JOB-01030,159.0,1440,50,5.96,4,5,9,1,272.11
JOB-01031,91.42,1440,25,8.76,3,4,7,0,210.42
JOB-01032,120.28,1080,24,5.91,3,0,11,1,75.59
JOB-01033,119.13,1440,25,5.72,3,0,9,0,215.13
JOB-01034,157.11,2160,50,7.38,5,1,10,1,418.43
JOB-01035,16.96,1440,24,2.66,1,2,9,0,48.66
JOB-01036,137.99,2160,30,7.3,5,1,9,1,272.65
JOB-01037,15.64,720,25,6.95,4,3,4,1,25.43
JOB-01038,88.72,720,30,5.61,2,0,1,1,38.16
JOB-01039,142.28,2160,24,13.54,4,5,6,1,287.57
JOB-01040,155.68,1080,25,5.24,4,5,1,1,88.05
JOB-01041,20.41,2160,30,5.8,4,0,4,1,43.83
JOB-01042,91.95,1080,60,5.66,6,0,12,1,129.24
JOB-01043,157.65,1080,50,35.82,5,1,5,1,305.03
JOB-01044,178.63,1080,60,20.61,1,3,0,0,487.37
JOB-01045,123.98,1440,25,7.13,3,1,6,1,133.78
JOB-01046,112.19,1440,60,7.12,5,4,5,1,197.19
JOB-01047,139.31,720,24,6.98,6,2,0,1,71.07
JOB-01048,32.35,720,25,38.89,4,2,10,1,40.28
JOB-01049,59.39,720,30,5.13,4,4,8,1,54.78
JOB-01050,175.77,1080,25,9.47,1,1,10,0,219.26
JOB-01051,114.74,1440,50,7.69,4,4,5,1,190.83
JOB-01052,15.09,720,30,8.21,6,1,1,1,20.81
JOB-01053,163.68,1440,24,3.3,6,2,9,1,153.77
JOB-01054,94.14,720,30,2.42,5,3,5,0,100.84
JOB-01055,16.27,720,30,4.02,1,5,5,1,28.25
JOB-01056,33.48,1080,25,14.11,3,5,2,1,55.31
JOB-01057,142.93,1080,60,6.64,5,0,3,1,159.68
JOB-01058,77.27,1440,30,11.99,2,4,2,1,110.97
JOB-01059,166.34,1440,60,9.47,6,5,8,0,627.58
JOB-01060,38.56,720,24,5.44,5,2,10,0,62.42
JOB-01061,51.06,2160,30,3.0,6,2,1,1,91.71
JOB-01062,82.16,1440,30,50.55,2,2,10,1,231.16
JOB-01063,127.05,1440,30,26.97,4,0,2,1,200.85
JOB-01064,34.61,1080,24,6.14,6,5,10,1,48.57
JOB-01065,65.9,1080,25,3.41,6,3,7,1,62.9
JOB-01066,51.69,1080,60,4.23,6,5,12,1,90.63
JOB-01067,89.02,1080,24,7.05,2,3,3,1,74.14
JOB-01068,117.99,1440,25,8.21,4,4,12,1,161.63
JOB-01069,174.75,1080,50,31.09,5,1,6,0,578.01
JOB-01070,53.12,1080,60,7.3,1,0,9,0,117.26
JOB-01071,19.23,1440,50,3.6,3,2,1,1,38.54
JOB-01072,175.03,2160,24,4.72,1,2,6,1,244.98
JOB-01073,64.72,720,60,9.82,6,3,5,1,76.72
JOB-01074,23.64,1440,24,18.42,6,0,11,1,55.31
JOB-01075,77.4,1080,30,4.34,3,0,5,1,58.15
JOB-01076,73.09,1440,24,2.06,2,5,10,1,83.26
JOB-01077,84.81,1440,60,5.22,3,2,4,1,134.0
JOB-01078,93.12,720,25,10.81,6,4,2,1,68.71
JOB-01079,174.09,2160,60,16.83,3,3,10,1,732.6
JOB-01080,55.46,720,60,7.57,4,0,8,1,61.03
JOB-01081,115.44,1080,24,21.26,2,2,5,1,114.13
JOB-01082,106.51,720,25,3.4,6,4,3,0,110.51
JOB-01083,26.49,1080,24,5.51,4,2,4,1,31.03
JOB-01084,6.31,1080,24,15.34,3,0,9,0,26.64
JOB-01085,136.36,1440,25,10.15,2,4,8,1,165.36
JOB-01086,10.8,1440,24,10.25,3,4,4,1,32.7
JOB-01087,171.27,1080,30,5.87,1,0,7,1,106.74
JOB-01088,32.22,2160,50,22.47,4,5,8,1,148.95
JOB-01089,56.21,1440,25,12.39,4,3,8,0,145.82
JOB-01090,2.5,2160,25,3.92,6,4,5,1,26.64
JOB-01091,125.85,1080,50,17.7,2,1,1,1,159.87
JOB-01092,127.81,720,25,5.26,3,5,5,1,78.11
JOB-01093,71.03,1080,50,5.05,2,2,9,1,84.28
JOB-01094,127.57,720,50,6.82,5,1,11,1,111.77
JOB-01095,21.51,1440,24,10.53,1,5,10,0,81.37
JOB-01096,6.4,1440,24,5.35,5,5,4,0,63.51
JOB-01097,144.44,720,30,8.13,4,2,1,0,147.64
JOB-01098,36.77,1080,24,3.51,1,2,10,0,67.29
JOB-01099,157.05,1440,50,6.8,2,0,8,1,254.68
JOB-01100,46.71,1440,25,3.84,6,2,7,1,65.87
JOB-01101,51.49,720,50,1.9,5,1,9,0,82.04
JOB-01102,127.87,1440,24,2.26,2,1,5,1,104.3
JOB-01103,104.16,1080,24,3.56,5,5,12,1,102.83
JOB-01104,50.33,1080,25,10.64,5,3,7,1,58.65
JOB-01105,64.12,1080,24,23.22,4,2,4,0,130.59
JOB-01106,64.7,1080,50,4.42,2,0,2,0,111.4
JOB-01107,99.19,2160,24,10.54,5,2,0,1,156.36
JOB-01108,69.0,1080,25,17.09,5,3,8,1,71.93
JOB-01109,16.43,1080,25,12.85,1,3,5,0,40.79
JOB-01110,56.92,1080,25,14.86,1,2,0,1,49.0
JOB-01111,167.13,720,30,12.97,2,5,11,1,132.93
JOB-01112,73.45,1080,25,1.47,4,1,7,1,59.54
JOB-01113,153.01,1080,25,2.3,3,3,12,0,210.58
JOB-01114,72.66,1080,30,8.58,6,5,3,0,132.25
JOB-01115,128.46,1080,25,5.11,1,3,6,1,89.66
JOB-01116,11.61,1440,25,10.69,3,4,3,0,54.68
JOB-01117,24.88,1080,60,4.11,1,4,1,1,44.97
JOB-01118,88.71,1080,50,12.52,6,3,3,1,106.72
JOB-01119,105.41,720,30,4.69,3,2,1,1,38.2
JOB-01120,33.91,1080,30,5.17,3,1,4,1,25.98
JOB-01121,50.16,1440,60,4.44,5,4,11,1,103.83
JOB-01122,73.47,1080,60,5.33,1,2,9,0,179.14
JOB-01123,165.04,1080,24,23.01,3,3,9,1,183.68
JOB-01124,59.1,720,60,4.08,1,1,0,1,51.68
JOB-01125,54.57,1440,25,6.28,4,3,1,1,63.59
JOB-01126,118.98,720,30,4.94,2,0,6,1,49.16
JOB-01127,143.35,1080,50,12.91,2,4,5,0,356.74
JOB-01128,21.74,1440,25,5.07,4,3,5,0,63.58
JOB-01129,102.14,720,50,7.8,5,4,9,1,99.62
JOB-01130,136.34,2160,25,7.15,2,4,9,0,449.7
JOB-01131,94.55,720,30,8.82,3,2,12,1,64.47
JOB-01132,136.25,1080,30,13.7,4,2,7,1,132.0
JOB-01133,120.51,1080,24,16.6,3,0,3,1,88.16
JOB-01134,91.21,1080,50,6.97,3,4,4,1,116.08
JOB-01135,98.23,1440,50,5.25,3,1,10,0,276.59
JOB-01136,36.66,1440,25,14.92,5,3,3,1,54.53
JOB-01137,153.83,2160,30,21.81,6,0,2,1,368.9
JOB-01138,18.08,2160,30,9.07,1,5,6,0,107.12
JOB-01139,167.74,1080,25,2.84,3,4,0,1,110.68
JOB-01140,83.08,720,60,11.97,4,4,6,0,161.9
JOB-01141,124.15,1080,60,5.05,6,5,0,1,155.26
JOB-01142,135.13,2160,60,10.78,4,5,5,0,815.12
JOB-01143,155.99,1080,50,3.68,3,5,1,1,150.15
JOB-01144,102.45,1440,25,13.66,5,2,7,1,114.05
JOB-01145,149.87,1080,24,4.09,6,0,11,0,185.92
JOB-01146,150.97,1080,30,6.04,2,1,8,1,122.34
JOB-01147,172.81,1080,24,1.83,2,5,12,1,136.83
JOB-01148,137.86,1080,24,1.55,5,5,9,1,118.78
JOB-01149,111.73,1080,25,7.0,3,3,10,1,103.24
JOB-01150,152.39,2160,25,12.46,5,3,5,0,533.4
JOB-01151,171.61,1080,50,3.63,3,0,9,1,160.15
JOB-01152,91.05,1080,25,2.46,2,1,8,1,66.43
JOB-01153,109.63,1440,60,3.63,2,2,0,0,272.16
JOB-01154,28.92,1080,60,2.2,5,3,7,1,50.91
JOB-01155,24.33,2160,50,5.54,4,3,9,0,150.08
JOB-01156,107.2,2160,50,5.25,1,2,9,1,284.16
JOB-01157,135.11,1440,24,7.49,6,3,2,1,131.15
JOB-01158,142.2,1440,30,8.23,2,2,6,1,171.87
JOB-01159,143.12,1440,60,6.56,4,4,0,1,225.67
JOB-01160,84.3,720,25,10.52,6,0,10,1,57.7
JOB-01161,90.36,2160,24,8.99,6,4,3,1,157.09
JOB-01162,136.17,2160,30,7.13,4,1,6,1,250.13
JOB-01163,85.59,720,25,9.93,4,5,3,1,59.13
JOB-01164,25.86,1080,25,6.01,4,5,6,0,78.11
JOB-01165,68.33,1080,60,17.21,3,2,11,1,126.3
JOB-01166,121.4,1080,25,2.75,2,4,11,0,171.06
JOB-01167,102.06,1080,50,3.43,4,0,2,1,94.16
JOB-01168,136.15,720,25,5.3,6,1,2,1,53.39
JOB-01169,174.6,1080,50,3.21,5,3,9,1,186.82
JOB-01170,14.83,1080,30,7.65,6,4,3,1,35.63
JOB-01171,9.45,1440,24,16.06,4,5,11,0,73.81
JOB-01172,179.97,1440,30,16.4,4,1,5,1,231.34
JOB-01173,105.46,1440,50,5.52,4,1,11,0,325.38
JOB-01174,73.38,1440,50,26.23,3,5,12,0,400.82
JOB-01175,109.31,1080,60,14.51,2,1,2,1,151.24
JOB-01176,16.78,2160,24,3.6,5,0,3,1,35.81
JOB-01177,13.32,1440,30,7.35,3,2,1,0,44.49
JOB-01178,164.58,1440,25,31.06,5,0,3,1,264.91
JOB-01179,139.34,1080,30,5.89,6,0,10,1,124.24
JOB-01180,94.18,1080,24,12.38,2,1,11,1,92.41
JOB-01181,54.79,1080,60,2.04,4,1,11,0,125.86
JOB-01182,76.95,1440,30,7.31,2,2,1,1,82.92
JOB-01183,116.24,720,60,6.27,5,5,2,1,105.5
JOB-01184,54.0,1080,25,10.45,5,4,5,1,72.15
JOB-01185,77.02,1080,25,8.39,3,4,11,1,84.88
JOB-01186,47.73,2160,24,3.16,3,3,5,0,131.73
JOB-01187,71.89,1080,25,11.62,5,0,11,1,71.19
JOB-01188,99.07,1440,30,14.33,4,3,11,1,163.5
JOB-01189,15.41,2160,25,7.26,4,1,11,0,78.83
JOB-01190,97.43,1080,60,15.53,4,0,10,0,290.97
JOB-01191,143.88,720,25,12.64,6,3,0,0,137.08
JOB-01192,115.74,1080,30,5.92,5,1,11,1,97.93
JOB-01193,100.66,1440,25,10.64,5,3,11,0,234.79
JOB-01194,114.84,1080,60,61.03,1,0,7,1,372.8
JOB-01195,159.09,2160,30,5.1,2,1,0,0,433.72
JOB-01196,84.42,1080,24,3.18,5,4,9,1,79.28
JOB-01197,9.57,1080,25,9.17,6,4,7,1,33.02
JOB-01198,51.74,2160,50,7.54,6,4,6,1,163.03
JOB-01199,23.2,720,24,10.65,6,4,10,1,31.65
JOB-01200,110.72,720,50,3.49,1,4,12,0,166.98
JOB-01201,83.04,720,60,8.45,6,3,9,1,92.85
JOB-01202,85.89,1080,50,4.81,5,5,7,0,213.76
JOB-01203,45.83,1440,24,8.1,3,0,3,0,84.61
JOB-01204,105.98,1080,24,15.72,3,4,11,1,130.65
JOB-01205,49.84,1080,50,13.08,1,5,10,1,88.45
JOB-01206,41.29,1080,30,2.08,3,3,8,1,45.51
JOB-01207,19.76,1080,60,15.37,1,3,5,0,75.25
JOB-01208,163.2,1080,50,4.22,4,5,0,1,157.13
JOB-01209,17.73,1080,24,10.18,2,2,7,1,29.92
JOB-01210,34.18,1080,25,26.33,1,5,10,1,67.27
JOB-01211,40.8,1440,30,8.5,4,4,1,1,65.9
JOB-01212,19.54,2160,60,7.86,5,4,5,1,76.06
JOB-01213,28.55,1080,30,13.77,5,0,12,1,42.65
JOB-01214,94.82,1080,25,4.73,2,2,3,1,75.63
JOB-01215,16.84,1080,24,5.71,1,5,0,1,18.62
JOB-01216,52.31,1080,60,27.14,1,0,6,1,101.29
JOB-01217,45.57,720,25,6.3,2,1,10,1,32.25
JOB-01218,87.99,1080,30,6.65,5,1,0,1,59.69
JOB-01219,131.01,1440,50,16.07,5,2,1,1,253.55
JOB-01220,165.87,720,30,11.8,6,4,3,1,106.7
JOB-01221,117.36,720,25,6.05,2,0,8,1,56.6
JOB-01222,162.24,1080,50,8.79,5,5,8,1,208.4
JOB-01223,33.72,720,60,4.51,3,1,9,1,33.06
JOB-01224,20.8,1080,50,4.27,4,2,10,0,74.24
JOB-01225,51.0,1080,25,5.93,5,4,0,1,44.78
JOB-01226,69.19,1080,25,4.14,3,4,10,1,71.67
JOB-01227,168.17,1080,30,4.6,1,4,2,0,212.38
JOB-01228,101.06,2160,25,7.0,3,4,10,0,349.68
JOB-01229,163.85,1080,25,13.12,1,1,12,0,254.88
JOB-01230,31.78,2160,24,3.84,1,4,5,1,59.36
JOB-01231,103.73,1080,60,11.88,3,5,1,0,267.88
JOB-01232,178.65,720,24,6.47,6,1,5,1,76.28
JOB-01233,153.36,1080,30,3.51,5,4,4,1,124.47
JOB-01234,6.81,1080,24,7.67,6,3,4,1,30.45
JOB-01235,14.57,2160,60,20.53,1,0,2,1,57.11
JOB-01236,52.81,1440,60,13.37,6,2,9,1,135.14
JOB-01237,30.13,1080,25,4.36,1,4,0,1,19.69
JOB-01238,107.92,720,24,4.22,2,5,1,0,111.78
JOB-01239,97.33,1440,24,25.03,4,5,12,1,194.42
JOB-01240,39.55,1080,24,4.03,6,5,3,1,52.49
JOB-01241,99.05,2160,60,10.17,3,3,8,1,332.48
JOB-01242,15.23,1440,50,3.4,4,2,9,1,38.11
JOB-01243,57.15,1080,30,14.82,4,2,12,0,141.54
JOB-01244,125.39,1080,30,18.45,2,5,4,1,143.15
JOB-01245,22.0,1080,30,5.96,2,2,9,1,32.17
JOB-01246,46.41,1440,24,7.02,3,5,10,1,76.15
JOB-01247,119.29,720,50,2.87,1,0,3,1,61.94
JOB-01248,166.95,720,24,5.09,6,2,12,1,96.68
JOB-01249,68.28,1080,24,22.23,1,0,9,0,120.7
JOB-01250,127.38,2160,60,14.56,2,4,5,0,822.51
JOB-01251,127.07,720,50,7.27,1,4,11,1,119.66
JOB-01252,5.83,1080,50,7.9,5,5,2,1,32.31
JOB-01253,178.97,1440,60,23.11,3,0,12,0,926.24
JOB-01254,179.15,1080,24,2.11,6,3,9,0,221.38
JOB-01255,58.86,1080,30,11.28,6,0,11,0,115.63
JOB-01256,22.85,2160,25,6.36,2,4,6,1,48.37
JOB-01257,41.14,2160,50,3.51,1,0,0,1,84.09
JOB-01258,90.06,2160,60,6.94,3,0,10,1,288.67
JOB-01259,120.29,1080,60,13.04,2,3,3,1,165.34
JOB-01260,125.48,1440,60,7.27,1,2,4,1,226.89
JOB-01261,91.19,720,30,7.5,6,4,8,0,110.49
JOB-01262,109.6,1080,50,5.79,6,1,1,0,196.5
JOB-01263,88.69,1440,25,7.8,3,4,8,1,116.97
JOB-01264,137.31,2160,50,20.56,1,5,4,1,494.47
JOB-01265,174.43,1080,24,3.33,5,4,0,1,118.63
JOB-01266,134.19,720,50,3.8,2,0,11,0,150.57
JOB-01267,10.78,720,25,4.9,1,4,10,0,47.6
JOB-01268,21.58,1080,25,7.95,2,5,10,1,36.85
JOB-01269,171.23,1080,25,3.46,2,1,1,1,106.48
JOB-01270,66.2,1080,50,17.18,3,4,12,1,125.21
JOB-01271,137.36,1080,24,6.4,2,2,9,1,100.49
JOB-01272,105.81,1080,50,3.28,3,3,2,0,190.75
JOB-01273,130.45,1080,60,12.64,1,0,3,1,180.01
JOB-01274,62.38,2160,30,11.22,6,0,10,1,158.47
JOB-01275,80.9,720,50,5.57,5,2,8,0,111.92
JOB-01276,119.69,1080,30,16.35,6,2,2,1,128.6
JOB-01277,102.96,720,25,2.77,4,1,3,1,46.75
JOB-01278,72.36,1080,24,10.87,3,1,5,1,51.71
JOB-01279,42.75,720,50,4.04,3,4,0,1,38.4
JOB-01280,21.24,2160,60,10.56,5,2,9,0,159.66
JOB-01281,21.88,1080,25,15.72,3,4,7,1,48.68
JOB-01282,90.18,1080,50,3.49,2,4,10,0,199.86
JOB-01283,102.45,1080,60,9.99,4,4,5,0,274.98
JOB-01284,84.3,1440,25,8.61,5,5,12,0,231.37
JOB-01285,114.78,2160,30,6.12,3,5,10,0,430.88
JOB-01286,159.56,720,24,9.41,6,2,2,1,74.77
JOB-01287,31.39,1080,24,5.77,2,1,4,0,52.14
JOB-01288,45.34,1440,60,16.13,6,5,5,1,118.16
JOB-01289,135.09,1080,50,10.95,1,0,6,1,151.7
JOB-01290,130.24,720,50,17.69,5,0,8,1,124.38
JOB-01291,13.02,1080,25,10.23,4,3,12,1,37.43
JOB-01292,125.84,720,24,10.76,3,5,5,0,133.17
JOB-01293,2.15,720,25,4.13,3,3,8,1,6.33
JOB-01294,33.17,1080,25,8.24,2,0,8,1,29.95
JOB-01295,151.15,2160,60,13.16,5,1,0,1,458.91
JOB-01296,131.36,1080,24,6.29,6,5,10,1,120.73
JOB-01297,50.44,1440,50,15.35,4,5,9,0,226.26
JOB-01298,25.0,1440,25,4.62,6,2,6,1,46.31
JOB-01299,100.89,720,24,7.3,3,4,5,0,109.66
JOB-01300,37.24,1440,50,5.85,5,4,5,0,138.64
JOB-01301,25.9,2160,60,3.06,1,1,10,0,144.63
JOB-01302,80.67,1080,25,5.45,5,5,8,1,87.94
JOB-01303,89.53,1440,24,14.27,2,2,3,1,106.55
JOB-01304,174.34,1080,25,7.92,4,0,3,1,108.7
JOB-01305,69.08,1080,24,9.22,4,1,5,1,56.12
JOB-01306,35.65,720,25,7.59,6,4,2,0,67.18
JOB-01307,43.03,1080,30,4.4,6,3,7,1,50.8
JOB-01308,143.48,1080,25,7.74,5,5,1,1,118.63
JOB-01309,8.18,1440,30,2.67,1,4,7,0,46.71
JOB-01310,140.18,1080,50,8.11,1,2,12,0,314.62
JOB-01311,87.43,1080,60,4.31,6,2,4,0,194.71
JOB-01312,152.94,2160,60,9.66,3,4,2,0,828.48
JOB-01313,54.84,1080,50,8.8,6,0,2,1,64.43
JOB-01314,110.31,1080,60,6.32,4,2,6,0,261.97
JOB-01315,7.66,1080,50,2.53,4,4,6,1,31.19
JOB-01316,116.68,1080,30,14.28,2,3,5,1,121.03
JOB-01317,150.84,1080,24,14.51,2,5,0,0,228.87
JOB-01318,173.72,2160,50,6.27,2,0,10,1,455.71
JOB-01319,118.75,720,25,4.23,1,5,1,0,101.77
JOB-01320,25.11,1080,24,12.9,2,0,1,1,15.81
JOB-01321,4.23,1440,25,3.61,1,0,0,0,19.59
JOB-01322,137.23,720,25,3.37,6,2,2,0,104.32
JOB-01323,93.7,1080,50,5.56,3,3,2,0,181.4
JOB-01324,86.37,720,24,9.16,3,2,9,1,59.45
JOB-01325,122.38,1440,25,11.47,3,2,6,0,242.84
JOB-01326,14.73,1440,30,5.41,6,1,4,0,47.39
JOB-01327,88.35,1080,24,4.44,3,3,0,1,68.29
JOB-01328,84.1,1440,24,3.06,2,2,7,1,74.83
JOB-01329,68.12,2160,50,6.23,4,1,8,1,187.22
JOB-01330,54.67,1080,25,10.81,3,0,11,0,92.76
JOB-01331,133.22,1080,60,16.34,4,1,4,1,211.95
JOB-01332,159.73,1440,60,26.67,5,2,11,1,489.94
JOB-01333,84.91,1080,30,5.55,4,0,1,1,64.69
JOB-01334,41.8,1440,25,4.56,1,4,2,1,48.42
JOB-01335,150.17,720,24,7.63,6,4,3,0,150.37
JOB-01336,13.55,1080,60,5.07,4,5,5,1,30.04
JOB-01337,120.82,1080,25,11.5,3,4,5,1,113.41
JOB-01338,4.82,2160,50,42.19,3,4,1,0,80.63
JOB-01339,122.88,720,30,8.33,4,1,1,1,62.42
JOB-01340,64.99,1080,30,8.35,4,4,3,0,118.27
JOB-01341,113.84,2160,30,5.42,4,5,0,1,184.86
JOB-01342,34.08,1080,30,9.57,6,3,3,1,52.74
JOB-01343,115.7,1440,24,17.49,5,0,0,1,142.51
JOB-01344,136.79,1080,24,5.36,4,0,10,0,177.67
JOB-01345,4.11,1080,24,10.05,3,1,2,0,25.41
JOB-01346,144.52,1080,25,56.09,2,2,7,0,430.92
JOB-01347,15.13,1440,50,1.17,1,4,2,0,58.23
JOB-01348,70.44,2160,60,6.24,2,1,9,1,225.46
JOB-01349,17.86,720,30,5.64,1,4,12,0,53.19
JOB-01350,40.36,1080,24,9.06,3,4,0,1,50.76
JOB-01351,51.87,1080,30,3.93,3,4,3,1,58.55
JOB-01352,161.89,1080,24,7.73,2,3,12,0,251.53
JOB-01353,147.38,720,24,7.23,1,1,5,1,67.82
JOB-01354,103.49,1440,60,5.81,5,3,9,1,202.16
JOB-01355,75.24,1080,60,8.6,1,2,7,0,187.99
JOB-01356,50.84,1080,24,1.93,5,1,12,1,43.02
JOB-01357,41.18,1440,25,8.07,3,5,3,1,55.13
JOB-01358,118.95,1080,50,3.77,2,2,11,1,119.38
JOB-01359,125.41,1440,50,3.44,1,2,9,1,188.54
JOB-01360,64.43,1080,24,4.74,1,4,2,0,91.22
JOB-01361,41.14,1080,30,13.16,1,3,0,1,51.24
JOB-01362,162.48,1080,25,3.77,1,1,1,1,102.33
JOB-01363,74.92,1440,24,23.31,1,3,4,1,122.42
JOB-01364,83.64,1440,24,7.26,2,0,7,1,86.74
JOB-01365,37.61,2160,30,6.69,6,4,4,0,159.63
JOB-01366,65.37,1440,25,5.99,2,5,9,0,152.69
JOB-01367,171.81,1440,25,10.49,5,4,7,1,219.28
JOB-01368,168.23,720,30,5.76,6,1,7,1,94.44
JOB-01369,3.37,720,30,11.58,5,1,9,1,13.65
JOB-01370,133.41,1080,60,8.3,2,5,2,1,164.96
JOB-01371,2.81,1080,50,8.0,6,3,5,0,41.75
JOB-01372,41.42,2160,24,2.95,5,0,1,1,56.85
JOB-01373,101.35,1080,50,10.51,5,2,8,1,146.02
JOB-01374,37.97,1440,30,9.09,3,3,6,0,101.64
JOB-01375,132.94,1080,25,3.35,6,5,4,1,102.57
JOB-01376,148.54,1080,30,13.76,6,2,4,1,138.47
JOB-01377,67.31,1440,50,12.81,5,1,4,1,122.9
JOB-01378,112.06,1440,24,4.56,5,5,5,0,222.1
JOB-01379,96.25,1080,25,19.27,3,4,3,0,181.64
JOB-01380,55.22,1080,24,16.25,2,3,1,1,54.84
JOB-01381,105.9,1440,24,12.74,3,0,9,1,122.87
JOB-01382,90.29,1080,25,7.51,4,4,6,1,94.37
JOB-01383,109.89,2160,24,4.59,3,0,4,1,155.41
JOB-01384,51.2,1080,60,1.28,6,3,0,1,55.8
JOB-01385,173.17,720,60,5.5,2,2,3,0,221.14
JOB-01386,151.99,1080,50,13.38,2,5,7,1,233.41
JOB-01387,83.15,720,30,3.72,6,4,2,1,49.58
JOB-01388,134.92,2160,60,20.24,6,5,4,1,567.49
JOB-01389,169.01,1080,60,5.1,6,4,9,1,231.84
JOB-01390,169.13,720,50,4.99,5,0,2,1,90.89
JOB-01391,120.42,720,24,8.93,5,1,8,1,43.29
JOB-01392,64.35,1080,24,9.73,2,2,2,1,44.53
JOB-01393,71.27,1080,60,7.78,3,4,0,1,89.74
JOB-01394,76.78,1440,50,5.65,3,1,9,1,128.1
JOB-01395,33.6,1080,60,4.36,6,2,5,1,53.81
JOB-01396,93.45,2160,50,5.35,5,0,5,1,224.63
JOB-01397,43.28,2160,30,8.66,1,3,6,1,86.67
JOB-01398,174.74,1440,60,4.69,3,5,3,1,284.36
JOB-01399,89.07,1440,24,7.78,5,3,9,1,120.89
JOB-01400,131.74,1080,30,6.9,5,1,4,0,185.52
JOB-01401,179.18,720,30,10.4,4,0,11,1,100.93
JOB-01402,54.7,720,30,3.63,2,3,4,0,61.33
JOB-01403,91.59,1440,60,5.66,5,0,1,0,252.19
JOB-01404,47.18,1080,25,3.13,1,0,3,0,47.79
JOB-01405,138.64,720,24,6.65,2,4,3,1,65.11
JOB-01406,109.22,1080,30,6.19,6,4,0,0,148.54
JOB-01407,64.73,1080,60,10.35,6,4,7,0,198.15
JOB-01408,80.49,1440,50,4.71,6,0,8,1,133.79
JOB-01409,27.69,1080,50,7.83,1,4,12,1,51.07
JOB-01410,5.07,1080,30,10.3,3,5,11,0,52.8
JOB-01411,34.73,1080,24,8.75,1,3,10,1,37.79
JOB-01412,135.86,1080,24,11.32,5,2,12,1,133.77
JOB-01413,88.58,1440,24,4.26,5,0,10,1,97.0
JOB-01414,97.61,1440,24,14.28,1,4,2,1,127.25
JOB-01415,162.79,1080,24,2.26,2,2,6,1,91.12
JOB-01416,160.7,1440,24,6.78,3,5,3,1,160.25
JOB-01417,55.58,1440,60,5.21,6,4,1,1,103.22
JOB-01418,115.01,1080,30,3.56,2,3,0,1,87.17
JOB-01419,37.17,1080,50,4.64,3,1,5,1,58.99
JOB-01420,160.26,1080,24,3.99,2,2,8,1,120.16
JOB-01421,66.45,1080,50,4.5,1,4,2,1,78.69
JOB-01422,118.3,1080,50,12.55,2,3,6,0,281.05
JOB-01423,179.81,720,24,6.65,3,0,8,1,59.31
JOB-01424,126.5,720,50,8.89,5,3,7,1,101.01
JOB-01425,35.02,1080,24,2.94,4,2,1,1,21.02
JOB-01426,143.54,2160,25,14.88,1,3,5,0,512.56
JOB-01427,117.12,1440,30,5.6,6,1,5,1,130.26
JOB-01428,13.78,720,25,4.4,6,4,1,0,52.33
JOB-01429,21.09,2160,24,12.09,6,3,1,1,59.77
JOB-01430,149.04,1080,24,4.55,4,4,7,0,203.93
JOB-01431,9.4,720,25,10.08,6,0,4,0,33.29
JOB-01432,69.21,2160,25,5.01,3,0,9,0,202.37
JOB-01433,178.01,720,30,4.69,2,2,11,0,163.52
JOB-01434,92.14,720,30,15.6,2,3,1,1,65.23
JOB-01435,41.26,1080,24,6.92,4,1,2,0,58.34
JOB-01436,57.72,1080,24,4.01,3,1,5,0,76.15
JOB-01437,19.52,1080,60,4.02,2,2,2,0,57.9
JOB-01438,103.45,1080,50,5.68,1,1,1,1,94.88
JOB-01439,153.36,2160,25,5.53,4,5,6,1,272.09
JOB-01440,136.3,1080,50,6.51,3,5,11,1,184.21
JOB-01441,78.68,720,50,11.73,2,4,3,1,67.67
JOB-01442,6.91,1440,50,10.84,6,4,3,1,42.0
JOB-01443,98.9,1440,50,2.0,2,1,12,1,137.14
JOB-01444,152.33,1080,60,9.05,5,1,4,1,181.17
JOB-01445,61.34,1080,30,6.5,1,5,6,1,71.7
JOB-01446,119.86,2160,50,18.76,5,0,11,0,843.8
JOB-01447,27.38,2160,25,4.12,6,3,8,1,70.05
JOB-01448,167.76,2160,24,12.71,4,4,2,1,303.96
JOB-01449,96.62,1080,24,12.37,5,3,12,1,105.39
JOB-01450,67.78,2160,25,9.37,3,2,6,1,120.07
JOB-01451,174.65,1080,30,5.3,2,5,4,1,118.36
JOB-01452,19.93,2160,50,3.93,5,4,11,1,80.37
JOB-01453,91.16,720,30,4.63,5,5,9,1,72.05
JOB-01454,50.13,1080,24,13.13,2,4,3,1,49.69
JOB-01455,4.49,1080,24,4.88,1,4,2,1,21.51
JOB-01456,60.12,1440,50,5.25,6,0,3,1,95.14
JOB-01457,73.87,1440,24,8.43,1,2,4,1,71.39
JOB-01458,121.66,1080,60,9.86,3,3,5,1,175.04
JOB-01459,82.07,2160,25,9.66,5,5,5,1,167.82
JOB-01460,138.77,720,25,8.49,5,2,1,0,124.88
JOB-01461,157.42,1080,25,5.59,3,3,7,1,129.41
JOB-01462,108.13,1080,50,5.56,3,3,4,1,118.08
JOB-01463,150.17,2160,50,3.74,4,0,9,1,340.31
JOB-01464,138.74,1080,60,24.68,5,5,1,0,456.03
JOB-01465,134.21,1080,30,2.04,6,2,4,0,182.25
JOB-01466,52.73,1080,50,7.71,2,4,7,1,71.23
JOB-01467,167.63,1080,25,16.36,6,2,7,1,167.56
JOB-01468,96.45,1440,24,7.93,2,1,10,1,115.82
JOB-01469,136.05,1080,25,5.27,5,2,6,0,169.41
JOB-01470,68.19,1080,30,10.7,2,1,7,1,69.65
JOB-01471,103.24,1080,30,5.96,3,0,4,1,75.42
JOB-01472,111.57,2160,60,18.92,6,1,3,1,427.96
JOB-01473,136.24,720,50,7.25,1,5,0,1,115.23
JOB-01474,128.22,2160,30,12.19,4,0,3,0,430.38
JOB-01475,92.26,720,24,5.27,3,0,6,0,60.37
JOB-01476,56.45,1080,25,6.24,4,2,12,1,59.81
JOB-01477,142.62,1080,60,4.24,5,3,6,1,182.1
JOB-01478,84.77,1080,50,11.2,3,1,9,0,213.02
JOB-01479,77.23,1080,50,9.81,1,5,11,1,118.08
JOB-01480,54.51,1080,25,8.29,3,3,5,0,102.36
JOB-01481,22.0,1440,30,80.0,1,4,10,0,190.22
JOB-01482,172.81,1080,50,13.07,6,3,11,0,471.98
JOB-01483,90.06,2160,24,17.49,1,4,5,0,348.81
JOB-01484,162.33,1080,25,15.61,2,1,9,1,131.67
JOB-01485,35.78,1080,60,12.37,5,3,6,1,69.7
JOB-01486,71.47,1080,30,4.49,1,3,7,1,64.72
JOB-01487,86.69,1080,50,5.01,6,5,12,1,129.05
JOB-01488,123.0,720,25,12.25,1,4,8,0,149.27
JOB-01489,9.42,1440,60,6.27,3,0,8,0,45.58
JOB-01490,92.4,2160,24,6.05,6,0,11,1,153.7
JOB-01491,29.87,1080,50,5.08,3,5,8,1,55.23
JOB-01492,51.9,1080,30,13.88,2,4,4,1,66.59
JOB-01493,120.23,1080,50,5.89,5,1,4,1,114.8
JOB-01494,50.42,2160,30,18.47,2,4,8,1,142.86
JOB-01495,63.86,1080,50,24.44,6,4,7,0,228.91
JOB-01496,158.71,2160,30,10.88,1,0,9,1,332.49
JOB-01497,27.55,1080,60,9.89,1,0,1,1,37.69
JOB-01498,32.74,1080,24,4.98,1,5,5,1,34.6
JOB-01499,132.29,720,25,7.3,3,0,9,1,48.07
JOB-01500,171.52,2160,30,7.82,3,5,3,1,309.31
JOB-01501,29.84,2160,50,2.92,1,4,8,1,89.39
JOB-01502,74.8,1080,24,8.61,5,2,7,1,79.94
JOB-01503,47.34,2160,50,17.73,1,3,6,1,163.49
JOB-01504,154.42,1440,25,14.93,3,2,7,1,188.34
JOB-01505,143.71,720,24,9.88,2,0,4,1,66.0
JOB-01506,87.54,1080,25,8.39,4,5,0,1,78.43
JOB-01507,121.11,2160,25,5.1,6,0,2,0,299.1
JOB-01508,165.49,720,60,6.17,5,3,7,1,143.53
JOB-01509,45.03,720,50,6.26,4,2,10,1,44.8
JOB-01510,133.31,1440,30,5.73,3,5,10,1,192.57
JOB-01511,89.59,720,30,6.52,4,3,3,1,38.81
JOB-01512,44.98,1080,60,4.87,5,0,11,1,63.73
JOB-01513,137.65,1440,60,12.42,4,0,11,1,280.95
JOB-01514,30.22,1080,30,12.37,4,1,4,1,33.65
JOB-01515,45.0,1080,30,4.74,3,2,7,1,48.22
JOB-01516,9.86,2160,30,17.72,4,5,8,1,45.67
JOB-01517,171.26,1080,50,2.33,3,4,8,0,326.69
JOB-01518,1.69,720,30,3.74,5,0,4,1,21.84
JOB-01519,162.72,720,60,7.85,3,5,6,1,140.26
JOB-01520,52.34,1440,50,2.51,1,3,7,1,87.33
JOB-01521,12.2,1080,24,21.43,1,1,4,1,17.13
JOB-01522,24.85,1080,25,15.07,4,5,10,0,90.61
JOB-01523,59.75,1080,25,11.54,1,3,0,1,51.9
JOB-01524,12.98,2160,50,24.93,5,2,4,1,63.84
JOB-01525,106.81,1440,60,14.15,6,4,10,1,261.23
JOB-01526,89.36,1440,60,8.15,5,4,8,0,354.62
JOB-01527,81.38,1080,30,8.97,1,3,3,0,123.51
JOB-01528,165.52,1080,60,10.64,6,1,10,1,240.82
JOB-01529,107.09,1440,25,3.03,1,3,6,1,88.65
JOB-01530,48.8,1440,25,7.3,3,0,7,1,55.97
JOB-01531,121.7,2160,60,3.4,6,1,2,0,530.01
JOB-01532,92.4,2160,25,27.95,3,0,9,1,267.24
JOB-01533,50.92,1440,30,2.97,2,0,11,1,62.96
JOB-01534,174.76,1440,60,5.15,1,4,4,1,292.97
JOB-01535,102.54,720,30,6.71,1,5,7,1,68.66
JOB-01536,134.33,1440,60,7.85,2,0,3,0,385.07
JOB-01537,58.13,720,24,4.74,3,5,8,1,46.6
JOB-01538,87.92,720,24,6.05,5,5,11,1,69.02
JOB-01539,146.8,1440,50,3.29,3,4,7,0,394.08
JOB-01540,38.71,1080,24,12.83,6,5,8,1,67.02
JOB-01541,72.22,1080,50,4.3,1,4,11,1,96.89
JOB-01542,3.07,1440,50,11.64,2,3,7,1,15.29
JOB-01543,21.96,1080,50,18.64,5,5,1,0,95.39
JOB-01544,85.49,1080,30,4.34,1,5,1,1,76.25
JOB-01545,9.08,2160,30,9.95,5,3,7,1,37.09
JOB-01546,128.79,1080,60,4.07,3,5,4,1,146.02
JOB-01547,74.01,720,50,21.25,4,5,0,1,85.47
JOB-01548,14.1,720,50,21.31,1,0,5,0,27.82
JOB-01549,143.87,1440,50,6.73,1,3,9,0,415.87
JOB-01550,96.81,1080,24,8.17,4,5,8,1,94.18
JOB-01551,154.46,1440,50,4.15,2,2,0,0,325.81
JOB-01552,61.04,1080,60,3.79,4,5,3,0,153.95
JOB-01553,41.14,720,50,13.9,2,2,10,1,50.68
JOB-01554,51.31,2160,60,5.16,2,2,9,1,151.58
JOB-01555,3.31,1080,25,18.64,1,0,9,1,9.56
JOB-01556,132.76,1080,60,1.79,6,0,1,1,115.43
JOB-01557,143.37,1080,60,5.8,3,4,3,1,161.6
JOB-01558,95.35,1080,50,8.14,3,3,10,0,234.19
JOB-01559,53.45,1080,25,3.37,1,1,2,0,56.1
JOB-01560,14.39,1080,24,2.42,4,4,1,0,50.02
JOB-01561,65.34,1080,50,9.48,1,5,4,1,80.88
JOB-01562,54.79,1080,25,8.97,2,3,11,0,110.0
JOB-01563,130.94,1080,24,5.07,5,1,5,1,99.82
JOB-01564,24.55,1080,25,8.47,2,1,12,0,54.35
JOB-01565,166.34,1080,60,4.43,5,1,1,1,162.23
JOB-01566,41.65,1080,50,24.05,3,0,12,1,87.77
JOB-01567,18.95,2160,30,6.38,6,1,3,1,50.87
JOB-01568,42.52,1440,24,20.72,1,3,7,1,74.92
JOB-01569,9.82,1080,25,6.34,2,4,3,1,19.79
JOB-01570,100.75,1440,50,8.71,4,5,4,1,165.88
JOB-01571,17.61,1440,50,12.99,4,4,10,1,61.57
JOB-01572,178.82,1080,60,6.79,3,2,9,1,232.5
JOB-01573,97.96,1080,50,4.7,3,3,1,1,94.76
JOB-01574,16.27,1080,30,5.8,6,4,5,0,65.07
JOB-01575,38.51,2160,24,7.69,2,5,12,1,96.32
JOB-01576,149.77,1080,30,7.78,2,0,2,0,176.4
JOB-01577,9.36,1080,25,12.9,3,3,5,1,31.22
JOB-01578,5.49,2160,30,7.01,6,3,7,1,30.94
JOB-01579,153.83,1080,25,13.8,3,2,5,0,252.06
JOB-01580,179.32,1080,25,10.39,6,2,1,1,139.7
JOB-01581,45.52,1080,25,7.33,6,1,7,1,46.48
JOB-01582,95.11,2160,25,3.29,2,1,9,1,142.36
JOB-01583,51.6,1080,24,13.2,3,2,11,1,65.17
JOB-01584,10.04,2160,50,13.22,6,4,4,1,53.01
JOB-01585,124.34,720,30,10.36,3,1,10,1,77.88
JOB-01586,5.66,2160,50,8.51,6,1,4,1,35.11
JOB-01587,27.85,1080,60,5.25,3,2,1,1,34.13
JOB-01588,171.53,720,50,5.34,6,4,1,0,209.91
JOB-01589,52.06,1080,24,5.54,5,3,9,1,59.14
JOB-01590,109.99,1080,25,3.59,6,4,7,1,87.89
JOB-01591,147.71,1080,30,1.68,6,2,5,1,108.76
JOB-01592,157.12,1080,25,9.34,1,3,6,0,224.64
JOB-01593,156.36,720,25,5.58,2,3,2,1,69.86
JOB-01594,90.3,2160,60,5.93,5,2,10,0,521.21
JOB-01595,13.07,2160,30,13.93,4,2,0,1,40.54
JOB-01596,18.38,2160,30,9.37,3,0,0,0,69.61
JOB-01597,27.73,720,50,17.99,2,5,12,1,52.72
JOB-01598,147.08,1080,30,23.65,5,5,9,0,363.06
JOB-01599,178.06,720,24,8.78,3,1,9,1,75.7
JOB-01600,81.12,2160,25,2.14,1,1,2,1,100.13
JOB-01601,64.49,1080,30,7.7,5,4,4,0,123.96
JOB-01602,24.39,2160,60,6.2,4,5,1,1,89.14
JOB-01603,105.0,1080,25,10.41,5,2,7,1,92.37
JOB-01604,93.78,720,60,5.22,4,5,0,0,143.11
JOB-01605,89.78,1080,60,4.93,3,0,11,0,205.27
JOB-01606,124.67,2160,30,20.13,5,4,5,1,338.33
JOB-01607,135.93,1440,30,9.22,4,2,6,1,173.42
JOB-01608,162.11,1080,60,3.75,6,1,5,1,163.53
JOB-01609,173.78,720,25,5.21,2,0,12,0,148.31
JOB-01610,108.69,1080,24,4.83,6,3,2,1,74.72
JOB-01611,176.61,1080,50,10.68,3,3,2,1,201.33
JOB-01612,63.63,1440,60,6.87,4,5,5,1,141.35
JOB-01613,178.38,1080,60,8.27,5,5,2,1,223.3
JOB-01614,134.58,2160,30,5.77,5,3,12,1,281.01
JOB-01615,9.3,1440,24,31.26,4,3,10,1,32.94
JOB-01616,58.2,2160,30,4.71,4,3,8,1,124.65
JOB-01617,139.22,2160,50,13.82,5,0,3,1,397.94
JOB-01618,133.25,720,30,19.79,4,0,12,1,95.22
JOB-01619,23.97,1080,24,12.43,6,0,2,0,53.64
JOB-01620,19.38,1080,60,6.23,2,4,3,1,34.85
JOB-01621,165.67,1080,25,6.27,1,2,7,1,120.42
JOB-01622,95.88,1440,30,4.69,5,5,6,1,132.12
JOB-01623,118.74,1080,60,10.86,6,0,11,1,171.76
JOB-01624,27.73,2160,30,10.01,5,4,5,1,78.25
JOB-01625,50.19,1080,30,6.21,4,4,12,1,67.56
JOB-01626,52.36,1080,24,11.15,1,3,10,1,65.48
JOB-01627,32.14,1440,50,11.25,4,3,3,1,68.5
JOB-01628,57.74,720,30,1.11,6,3,7,0,79.61
JOB-01629,108.45,720,24,6.32,2,3,2,1,60.75
JOB-01630,15.66,1440,60,15.29,3,2,11,1,53.88
JOB-01631,133.54,1080,25,16.35,6,4,11,1,166.56
JOB-01632,124.08,1440,60,14.31,3,4,8,0,516.9
JOB-01633,137.75,1440,60,5.09,4,2,1,0,352.52
JOB-01634,128.92,720,25,5.61,1,3,12,0,121.7
JOB-01635,79.48,1080,60,5.22,3,4,5,1,103.44
JOB-01636,43.7,2160,30,4.79,3,4,9,1,97.21
JOB-01637,43.61,1440,30,3.14,1,1,1,1,39.56
JOB-01638,156.05,1080,25,7.34,3,2,3,0,194.89
JOB-01639,1.5,720,50,3.22,5,3,0,1,20.47
JOB-01640,109.53,2160,25,13.48,2,1,8,1,223.25
JOB-01641,156.78,2160,60,6.33,5,4,2,0,747.48
JOB-01642,23.05,720,25,9.02,6,1,0,1,18.96
JOB-01643,140.33,1440,25,2.8,5,2,3,1,122.04
JOB-01644,158.52,720,60,15.8,5,0,5,0,263.5
JOB-01645,137.23,1080,25,6.54,5,1,5,1,94.69
JOB-01646,96.18,720,50,11.72,4,0,4,0,120.04
JOB-01647,53.2,1080,30,16.06,3,4,2,0,118.74
JOB-01648,18.33,2160,24,8.32,5,4,11,0,112.31
JOB-01649,80.65,2160,30,8.66,5,1,1,1,138.64
JOB-01650,118.55,1080,50,11.95,6,4,5,0,296.87
JOB-01651,89.87,1080,50,2.74,1,2,8,1,95.71
JOB-01652,84.58,1440,24,7.92,1,4,1,0,163.39
JOB-01653,25.22,1080,25,4.65,3,4,8,1,41.34
JOB-01654,21.66,2160,50,8.23,6,3,6,1,79.18
JOB-01655,76.63,1440,25,5.28,1,3,5,1,77.58
JOB-01656,22.99,1080,30,6.47,1,3,5,1,22.49
JOB-01657,160.29,2160,25,4.85,4,1,4,1,221.89
JOB-01658,130.45,1080,24,5.57,1,0,12,1,95.93
JOB-01659,126.77,1080,50,13.7,5,5,10,1,201.59
JOB-01660,153.8,1080,30,9.96,4,3,7,1,142.67
JOB-01661,72.04,2160,60,9.85,5,2,2,0,389.68
JOB-01662,164.93,1080,30,21.39,6,5,12,1,241.46
JOB-01663,67.43,1080,50,5.62,3,1,7,1,76.17
JOB-01664,103.29,720,25,2.77,5,3,8,0,104.99
JOB-01665,166.36,1440,50,9.16,6,2,5,0,489.67
JOB-01666,138.17,1080,50,3.95,3,2,11,1,165.0
JOB-01667,176.09,720,25,5.82,5,2,2,1,89.33
JOB-01668,8.56,1440,50,6.28,5,4,10,1,42.3
JOB-01669,22.9,1080,50,11.43,4,2,2,0,70.72
JOB-01670,143.53,720,25,7.54,4,4,5,1,95.17
JOB-01671,143.44,2160,30,2.83,2,5,9,1,268.9
JOB-01672,110.47,1080,50,10.53,4,4,5,1,142.88
JOB-01673,141.07,1080,60,1.13,3,1,3,1,120.48
JOB-01674,18.24,720,50,42.09,3,2,3,1,39.05
JOB-01675,61.98,1080,60,6.22,6,5,4,0,165.93
JOB-01676,9.46,1080,60,12.36,6,0,2,1,23.42
JOB-01677,78.62,1440,30,7.47,5,5,6,1,118.18
JOB-01678,149.75,720,25,10.06,1,1,7,0,131.47
JOB-01679,37.25,1080,24,25.81,2,5,1,0,95.37
JOB-01680,55.41,1080,25,3.86,5,0,6,0,81.51
JOB-01681,75.5,1080,60,5.14,1,3,1,1,84.68
JOB-01682,92.79,2160,25,7.84,3,2,11,1,187.56
JOB-01683,46.68,720,60,1.0,6,3,9,1,44.41
JOB-01684,31.07,1440,60,6.58,6,5,4,1,82.79
JOB-01685,126.34,720,60,3.8,6,4,12,0,224.13
JOB-01686,119.89,1080,30,4.55,2,3,8,1,96.03
JOB-01687,94.08,1080,25,14.48,1,3,7,1,85.59
JOB-01688,149.95,720,30,11.74,3,2,4,0,155.53
JOB-01689,113.22,1080,50,28.25,1,2,2,0,334.92
JOB-01690,34.13,1080,25,11.24,3,2,9,0,75.19
JOB-01691,116.6,1080,30,6.89,3,5,3,1,109.03
JOB-01692,14.31,1440,24,12.26,5,1,4,1,33.29
JOB-01693,38.63,720,25,7.34,6,3,12,0,76.17
JOB-01694,73.0,1080,30,3.72,5,4,4,1,83.61
JOB-01695,11.09,1080,24,19.72,1,0,2,1,14.35
JOB-01696,87.3,1080,60,4.16,5,2,12,0,223.52
JOB-01697,54.97,720,24,11.66,2,0,7,1,27.37
JOB-01698,57.9,1080,25,5.43,1,5,5,1,68.27
JOB-01699,55.63,720,24,6.6,5,1,12,1,37.25
JOB-01700,45.57,1080,50,14.66,4,2,4,0,132.46
JOB-01701,38.09,1080,50,11.22,3,5,7,1,58.67
JOB-01702,143.31,1440,60,7.63,2,0,10,0,479.7
JOB-01703,125.13,720,50,11.15,2,0,12,1,95.44
JOB-01704,177.85,1080,24,3.15,4,1,12,1,125.87
JOB-01705,18.21,1080,24,4.49,3,2,0,1,24.58
JOB-01706,170.87,1440,50,8.43,1,3,0,1,258.16
JOB-01707,33.69,2160,30,3.48,5,2,11,0,137.25
JOB-01708,5.79,720,60,10.41,1,3,5,0,30.83
JOB-01709,149.85,1080,30,5.34,5,3,8,1,122.65
JOB-01710,7.15,1080,50,46.98,1,4,3,1,25.83
JOB-01711,31.03,720,30,5.55,5,4,10,0,89.66
JOB-01712,39.8,1440,30,9.68,3,3,2,1,50.89
JOB-01713,55.06,1080,60,13.15,1,0,12,0,164.93
JOB-01714,58.87,1080,50,8.43,1,2,1,1,71.33
JOB-01715,11.94,1440,25,16.87,6,3,10,1,39.82
JOB-01716,13.84,2160,60,5.87,2,3,0,0,83.82
JOB-01717,63.82,1440,50,6.64,3,3,7,1,102.43
JOB-01718,156.37,2160,24,12.07,5,5,6,1,302.14
JOB-01719,71.34,1080,24,1.59,2,3,9,0,107.24
JOB-01720,116.85,720,60,11.5,1,1,11,0,187.61
JOB-01721,40.45,720,24,11.22,2,5,2,1,39.97
JOB-01722,157.3,2160,50,6.58,1,5,3,1,381.6
JOB-01723,94.68,2160,60,6.31,4,1,12,0,536.91
JOB-01724,37.09,2160,30,8.37,2,4,8,1,91.92
JOB-01725,141.63,1080,30,3.29,5,1,2,1,97.58
JOB-01726,75.61,1440,60,8.48,6,1,4,1,143.25
JOB-01727,35.51,2160,60,9.85,2,2,11,0,238.95
JOB-01728,33.02,2160,24,11.13,2,0,12,1,69.83
JOB-01729,17.76,1080,60,2.29,3,2,7,1,37.45
JOB-01730,47.9,720,50,6.84,6,2,12,1,53.36
JOB-01731,126.44,1080,60,6.32,1,2,3,1,139.44
JOB-01732,38.78,1080,25,8.05,2,4,0,1,45.26
JOB-01733,138.35,720,60,3.07,2,2,3,0,165.17
JOB-01734,5.8,720,50,33.99,4,4,1,1,24.82
JOB-01735,22.98,1080,60,16.27,3,3,12,0,109.71
JOB-01736,12.19,2160,50,5.77,1,0,1,1,30.41
JOB-01737,51.77,1080,30,1.3,2,1,8,1,34.91
JOB-01738,173.76,1080,30,4.42,2,3,12,0,286.27
JOB-01739,25.52,2160,30,14.6,4,0,7,1,74.33
JOB-01740,106.34,1080,60,8.86,2,2,10,1,160.93
JOB-01741,38.62,1080,30,14.92,4,5,5,1,67.0
JOB-01742,162.38,720,60,9.49,1,1,12,1,148.82
JOB-01743,75.19,720,30,10.58,2,5,6,1,66.57
JOB-01744,166.3,1080,24,11.88,6,3,3,1,142.65
JOB-01745,2.23,1080,24,11.84,1,3,2,1,15.08
JOB-01746,155.66,1440,60,5.16,6,2,0,1,241.81
JOB-01747,78.04,1080,30,4.46,3,4,1,1,73.74
JOB-01748,60.47,2160,30,14.48,1,1,11,1,151.17
JOB-01749,30.6,1080,50,8.74,6,3,5,1,58.21
JOB-01750,150.6,1080,60,4.67,1,0,10,0,296.32
JOB-01751,130.9,2160,24,5.55,4,1,6,1,188.46
JOB-01752,19.15,1440,25,16.17,5,1,7,0,78.83
JOB-01753,69.63,1080,25,4.37,4,4,2,0,108.16
JOB-01754,103.23,1080,50,5.27,1,3,5,0,210.1
JOB-01755,46.02,720,24,2.47,1,3,2,1,24.07
JOB-01756,7.04,720,25,8.03,1,2,1,1,20.6
JOB-01757,177.22,720,50,6.33,3,4,4,1,120.65
JOB-01758,58.2,2160,30,16.86,6,1,12,1,169.21
JOB-01759,65.9,1080,30,8.96,3,5,9,0,143.73
JOB-01760,75.71,720,25,9.28,3,4,6,0,94.86
JOB-01761,125.82,1080,30,3.6,1,5,0,0,164.71
JOB-01762,111.15,1080,24,5.77,6,5,4,1,97.58
JOB-01763,103.29,720,24,5.26,3,2,7,1,63.62
JOB-01764,21.06,1440,25,8.11,6,0,9,0,61.87
JOB-01765,87.21,1080,60,11.39,2,4,11,1,143.8
JOB-01766,105.43,1080,60,5.55,4,2,5,1,135.4
JOB-01767,71.8,2160,25,17.78,1,1,9,1,182.15
JOB-01768,123.0,720,25,7.43,5,3,1,1,48.85
JOB-01769,83.47,720,30,2.13,6,1,0,1,26.51
JOB-01770,125.33,1080,30,4.4,1,1,9,1,93.09
JOB-01771,21.36,720,25,4.86,3,4,9,1,32.94
JOB-01772,176.63,720,30,21.01,5,0,12,1,116.51
JOB-01773,167.29,2160,30,5.31,3,0,1,0,432.46
JOB-01774,161.54,1080,60,33.26,5,5,5,1,369.69
JOB-01775,35.5,1080,24,11.33,2,3,4,1,40.0
JOB-01776,19.62,720,60,8.43,2,5,7,1,42.29
JOB-01777,165.07,720,60,5.35,1,1,1,0,181.77
JOB-01778,165.15,1080,30,14.9,2,2,7,1,174.24
JOB-01779,64.09,1080,25,3.24,2,4,12,1,53.67
JOB-01780,27.34,1080,25,13.18,5,2,5,0,66.58
JOB-01781,12.51,720,50,14.65,6,3,2,1,25.53
JOB-01782,125.23,1440,50,9.08,3,2,10,1,244.53
JOB-01783,146.85,720,24,12.42,4,1,10,1,79.7
JOB-01784,7.09,1080,25,9.13,6,5,10,0,60.31
JOB-01785,148.99,1440,60,5.48,6,2,0,1,211.67
JOB-01786,41.4,1080,25,14.97,6,3,3,1,39.27
JOB-01787,59.15,1080,60,17.0,3,0,4,0,172.53
JOB-01788,136.9,1440,30,2.59,2,4,6,1,144.9
JOB-01789,71.24,1440,25,5.82,1,0,4,1,57.67
JOB-01790,2.09,1080,30,24.32,5,4,11,1,32.58
JOB-01791,114.46,1440,24,1.9,3,4,0,0,174.05
JOB-01792,177.87,720,24,10.23,6,5,5,1,96.1
JOB-01793,147.42,2160,30,4.48,4,4,5,1,257.16
JOB-01794,120.63,1080,60,57.81,4,4,1,1,338.73
JOB-01795,95.17,1080,50,2.51,6,2,12,0,192.38
JOB-01796,17.44,2160,30,5.66,5,4,10,0,111.29
JOB-01797,175.74,1080,25,2.52,1,5,7,0,212.33
JOB-01798,76.8,1080,25,7.95,6,5,6,1,89.71
JOB-01799,109.66,1440,60,11.26,2,4,3,1,225.33
JOB-01800,92.66,2160,50,7.96,1,2,11,1,271.57
JOB-01801,7.12,1080,25,6.92,3,0,9,1,9.02
JOB-01802,33.41,1080,30,10.66,1,1,4,0,66.53
JOB-01803,5.73,2160,30,4.93,6,0,1,0,32.21
JOB-01804,89.54,1080,25,22.34,3,4,1,0,173.78
JOB-01805,111.3,1440,30,3.05,5,1,6,0,199.63
JOB-01806,174.41,1440,30,5.16,4,5,6,1,205.19
JOB-01807,23.04,1080,25,5.45,4,4,6,1,38.66
JOB-01808,85.59,1080,24,3.09,1,2,1,1,48.33
JOB-01809,40.58,2160,25,4.79,5,5,11,0,175.57
JOB-01810,143.3,1080,24,5.56,1,5,8,1,130.5
JOB-01811,132.68,1080,25,11.4,3,1,0,0,163.77
JOB-01812,68.77,1440,24,5.46,2,1,8,0,123.69
JOB-01813,66.69,1440,24,14.55,3,0,9,1,101.88
JOB-01814,149.74,1080,60,5.12,5,5,7,0,341.71
JOB-01815,126.07,720,50,3.43,4,0,3,1,57.82
JOB-01816,74.57,1440,25,9.33,5,4,11,1,106.34
JOB-01817,113.21,1080,24,8.84,3,5,9,1,103.71
JOB-01818,50.0,1440,30,13.39,2,0,10,0,128.59
JOB-01819,118.12,2160,60,14.61,1,2,0,0,675.26
JOB-01820,32.61,1440,25,9.02,2,3,5,0,79.2
JOB-01821,152.46,1440,24,8.3,6,2,3,0,260.06
JOB-01822,36.23,1080,50,2.67,3,3,1,1,52.74
JOB-01823,46.82,1440,50,7.23,5,2,10,1,88.2
JOB-01824,176.23,2160,30,22.75,4,0,1,0,748.34
JOB-01825,112.51,2160,60,10.79,4,2,1,1,343.86
JOB-01826,163.02,720,60,3.74,5,3,5,1,125.21
JOB-01827,72.1,1080,24,3.47,1,4,3,1,58.37
JOB-01828,32.68,1080,25,10.25,6,1,7,1,36.24
JOB-01829,102.5,1440,24,5.01,5,0,11,0,175.93
JOB-01830,114.69,720,24,11.4,1,5,1,1,60.9
JOB-01831,55.7,1080,50,4.95,3,1,4,0,113.3
JOB-01832,107.91,2160,30,4.64,6,3,7,0,355.93
JOB-01833,113.17,1440,25,7.69,4,3,5,1,130.91
JOB-01834,143.59,1080,60,10.91,4,3,4,0,345.39
JOB-01835,57.17,1440,24,4.26,4,3,12,1,78.81
JOB-01836,123.59,720,50,12.3,5,0,10,1,110.46
JOB-01837,3.5,2160,50,4.05,5,5,12,1,41.68
JOB-01838,116.38,2160,50,6.37,6,4,4,1,313.55
JOB-01839,13.35,1080,50,13.37,6,5,8,0,87.06
JOB-01840,7.8,1080,60,4.14,6,4,10,1,41.3
JOB-01841,156.99,1080,30,3.57,4,1,5,1,107.08
JOB-01842,156.63,2160,30,7.34,5,0,5,1,266.53
JOB-01843,152.78,1080,24,12.01,4,3,6,0,220.58
JOB-01844,173.28,720,24,17.41,6,2,12,1,120.48
JOB-01845,63.82,1080,30,4.43,6,4,3,1,61.59
JOB-01846,159.06,1080,25,5.95,3,2,3,1,108.24
JOB-01847,123.34,1080,24,4.35,6,4,8,1,122.82
JOB-01848,33.57,720,25,6.77,1,5,0,0,54.47
JOB-01849,65.25,720,30,37.15,1,0,5,0,113.19
JOB-01850,82.72,1440,60,6.67,3,1,1,0,227.12
JOB-01851,123.53,720,24,4.69,6,4,2,0,127.07
JOB-01852,11.54,1080,30,6.77,5,3,9,0,62.58
JOB-01853,136.55,1440,30,3.61,3,5,9,1,154.79
JOB-01854,52.34,1080,60,16.29,2,4,2,0,168.66
JOB-01855,49.9,2160,24,10.37,4,0,6,1,97.45
JOB-01856,25.11,2160,30,18.91,4,1,3,1,64.81
JOB-01857,162.09,1080,50,7.46,1,1,12,1,202.07
JOB-01858,33.53,1440,30,5.89,6,1,1,1,37.99
JOB-01859,152.33,720,24,14.2,5,0,6,1,68.33
JOB-01860,56.13,1080,24,6.08,6,2,9,0,103.55
JOB-01861,1.05,1080,24,9.6,6,1,12,1,26.15
JOB-01862,158.69,1080,50,7.51,3,3,5,1,181.08
JOB-01863,126.41,1440,25,2.81,3,2,7,1,119.31
JOB-01864,58.28,1080,24,3.73,6,0,6,1,59.46
JOB-01865,158.58,1080,60,19.9,5,3,5,1,267.49
JOB-01866,81.72,2160,30,14.97,2,5,6,1,194.22
JOB-01867,82.92,1080,24,7.19,2,3,1,0,114.28
JOB-01868,38.08,720,25,8.56,4,1,6,1,24.1
JOB-01869,116.01,720,24,9.02,1,4,7,0,123.23
JOB-01870,174.67,1440,24,3.83,2,2,1,1,114.87
JOB-01871,174.4,1440,50,4.43,5,3,7,0,453.23
JOB-01872,39.74,1080,50,13.68,5,4,1,1,74.5
JOB-01873,71.12,720,30,9.2,3,5,3,1,63.22
JOB-01874,108.6,1080,25,14.34,2,3,5,1,98.84
JOB-01875,122.38,720,24,17.5,6,4,3,0,148.78
JOB-01876,172.59,1080,24,6.59,6,1,0,1,95.15
JOB-01877,121.0,1080,25,4.01,4,3,6,1,92.73
JOB-01878,15.26,720,50,19.7,6,1,4,0,55.62
JOB-01879,13.52,2160,60,8.74,6,0,1,1,42.03
JOB-01880,114.45,1080,25,6.64,1,2,8,1,83.28
JOB-01881,70.58,1080,24,4.65,2,0,8,0,77.23
JOB-01882,113.88,1080,25,14.87,3,5,2,1,108.98
JOB-01883,123.2,1440,60,11.88,5,3,2,0,422.52
JOB-01884,177.4,720,25,12.72,4,0,0,0,154.55
JOB-01885,103.26,720,30,7.36,1,1,9,0,104.76
JOB-01886,122.28,1080,30,4.22,4,3,11,1,126.2
JOB-01887,163.47,1080,30,6.45,4,4,1,0,215.78
JOB-01888,52.21,1080,50,13.35,3,0,7,1,74.92
JOB-01889,168.03,1080,30,2.75,1,5,12,1,152.1
JOB-01890,158.66,720,24,11.56,2,4,10,1,98.0
JOB-01891,20.19,1080,24,3.27,6,3,9,1,40.97
JOB-01892,124.6,2160,24,4.38,3,2,7,0,341.94
JOB-01893,56.12,1080,50,8.9,1,5,8,0,161.34
JOB-01894,112.96,1080,60,7.37,6,2,11,1,166.43
JOB-01895,158.82,1440,30,3.12,6,0,9,1,154.48
JOB-01896,38.72,1080,24,3.62,3,2,2,1,31.17
JOB-01897,139.53,720,24,1.91,5,1,6,1,58.64
JOB-01898,41.71,720,50,23.52,3,4,0,0,93.91
JOB-01899,149.02,1080,24,2.85,5,4,4,1,115.82
JOB-01900,105.19,1080,30,15.86,2,4,7,1,120.5
JOB-01901,166.7,2160,25,6.36,4,1,8,1,274.14
JOB-01902,173.51,720,24,5.12,4,1,0,1,67.3
JOB-01903,83.52,1080,50,14.59,4,1,2,0,196.52
JOB-01904,103.71,1080,25,13.2,3,1,7,0,153.26
JOB-01905,174.95,720,30,3.61,1,2,8,0,155.97
JOB-01906,35.16,2160,24,14.06,4,0,11,1,82.82
JOB-01907,74.03,1080,50,5.85,5,0,5,1,82.32
JOB-01908,179.52,2160,24,5.21,5,3,12,1,318.24
JOB-01909,94.12,1440,24,10.76,2,5,0,1,114.12
JOB-01910,105.57,2160,50,4.7,4,5,7,1,278.38
JOB-01911,169.55,2160,24,2.62,3,1,9,1,246.73
JOB-01912,55.93,1440,50,4.34,1,3,1,1,84.73
JOB-01913,135.01,1080,24,3.23,6,0,6,0,136.55
JOB-01914,177.72,2160,60,5.7,3,2,1,0,778.96
JOB-01915,97.34,1080,30,4.43,2,0,12,1,74.55
JOB-01916,29.01,1080,25,4.47,5,5,5,0,87.52
JOB-01917,24.52,720,30,4.01,1,1,1,1,15.99
JOB-01918,111.79,1440,60,4.58,4,4,7,1,199.42
JOB-01919,96.95,1440,24,7.29,1,2,2,1,90.45
JOB-01920,72.04,720,25,2.77,2,0,11,1,21.38
JOB-01921,40.97,1440,50,3.61,3,0,7,1,58.51
JOB-01922,172.02,720,24,11.55,4,3,0,0,148.94
JOB-01923,170.68,1080,50,12.6,3,0,9,1,230.51
JOB-01924,2.54,1080,30,5.83,6,3,7,0,38.15
JOB-01925,128.9,2160,50,14.54,3,3,7,1,421.57
JOB-01926,95.55,720,30,5.52,6,1,4,1,62.41
JOB-01927,78.19,1440,24,7.96,3,5,12,0,203.81
JOB-01928,145.34,1440,24,8.62,6,2,5,1,154.25
JOB-01929,163.75,1080,24,6.24,1,0,0,1,72.95
JOB-01930,6.57,1080,24,3.31,4,4,2,0,34.38
JOB-01931,3.37,1080,30,14.09,4,4,10,1,30.45
JOB-01932,160.32,1080,50,3.68,5,2,10,1,170.47
JOB-01933,37.67,720,60,7.42,6,1,6,1,33.66
JOB-01934,131.5,1080,25,20.5,3,0,12,0,245.01
JOB-01935,79.2,1080,60,1.87,5,3,12,0,206.55
JOB-01936,172.35,1080,50,3.61,4,5,1,0,322.72
JOB-01937,94.69,1080,25,7.19,4,0,11,1,71.88
JOB-01938,9.32,1080,25,14.63,2,0,4,0,17.31
JOB-01939,27.92,1440,60,10.61,2,2,9,1,74.58
JOB-01940,141.47,720,60,9.08,1,5,7,0,240.86
JOB-01941,29.89,2160,50,6.56,4,1,3,0,150.14
JOB-01942,47.95,1080,60,7.41,6,1,12,1,67.48
JOB-01943,88.48,1440,50,6.86,4,1,3,1,121.77
JOB-01944,15.16,1080,50,7.21,6,0,11,1,33.67
JOB-01945,161.89,720,25,2.16,6,2,0,0,99.42
JOB-01946,22.56,1440,30,6.39,2,0,8,1,31.76
JOB-01947,82.35,1080,60,11.03,3,4,5,1,126.47
JOB-01948,131.62,1080,24,9.18,5,3,4,1,110.06
JOB-01949,148.58,1080,30,18.86,6,0,12,1,172.23
JOB-01950,9.37,1080,60,7.35,1,3,9,1,23.39
JOB-01951,162.29,1080,50,35.94,6,4,10,1,379.97
JOB-01952,57.74,1080,30,1.0,6,4,3,1,62.32
JOB-01953,146.82,1080,24,11.22,1,1,3,1,92.74
JOB-01954,13.19,2160,25,5.65,2,4,12,1,43.18
JOB-01955,107.11,1440,24,18.85,1,5,11,0,308.02
JOB-01956,116.08,1080,60,9.08,2,0,6,1,154.14
JOB-01957,172.13,1440,60,12.57,1,4,2,1,324.54
JOB-01958,5.24,720,60,18.19,2,1,10,1,15.68
JOB-01959,118.96,1080,25,10.53,2,2,3,1,91.88
JOB-01960,113.27,720,24,27.99,3,1,9,1,86.79
JOB-01961,84.85,1080,25,7.26,4,4,10,1,84.3
JOB-01962,148.17,1080,30,6.59,2,2,7,1,111.83
JOB-01963,162.45,1440,24,8.2,5,3,9,0,313.36
JOB-01964,109.05,1440,25,9.79,5,5,1,0,232.93
JOB-01965,102.35,720,60,10.85,1,5,0,0,161.68
JOB-01966,150.37,2160,50,7.35,2,2,2,1,368.83
JOB-01967,1.23,1440,24,5.54,6,2,10,1,19.65
JOB-01968,15.53,720,24,7.37,4,3,2,0,37.6
JOB-01969,159.19,1440,25,2.19,2,4,8,1,154.52
JOB-01970,57.76,720,50,17.92,4,4,3,1,63.52
JOB-01971,90.85,2160,50,12.45,3,0,3,1,257.26
JOB-01972,70.21,1080,30,9.22,6,5,3,0,152.63
JOB-01973,115.61,1440,60,19.01,6,3,0,1,263.01
JOB-01974,24.59,1080,30,10.09,6,5,12,1,65.8
JOB-01975,20.64,1080,50,17.27,3,0,1,1,32.36
JOB-01976,56.3,720,30,6.55,6,2,1,1,44.3
JOB-01977,157.94,1080,25,4.33,6,0,2,1,84.97
JOB-01978,38.7,720,60,2.61,2,5,0,1,32.62
JOB-01979,32.84,1440,25,4.75,1,3,12,1,42.81
JOB-01980,42.43,1080,60,11.93,5,3,3,1,72.14
JOB-01981,131.77,1080,25,15.45,2,1,10,1,128.52
JOB-01982,105.99,1080,24,4.88,3,1,3,0,115.63
JOB-01983,171.24,1080,25,4.38,4,5,5,0,235.32
JOB-01984,27.58,1440,60,5.69,6,3,6,1,71.16
JOB-01985,16.47,720,60,26.07,1,0,2,0,36.49
JOB-01986,129.46,1440,24,5.11,2,0,12,1,122.62
JOB-01987,39.36,1080,30,9.79,4,0,8,1,42.51
JOB-01988,103.94,1440,60,5.75,1,4,2,1,176.08
JOB-01989,18.79,2160,50,8.28,4,3,9,0,131.19
JOB-01990,3.95,1080,30,4.56,4,2,4,1,15.15
JOB-01991,60.53,720,50,3.1,5,3,10,1,47.18
JOB-01992,71.75,1080,30,6.26,4,1,0,1,53.8
JOB-01993,129.9,1080,30,9.7,1,1,10,1,130.81
JOB-01994,92.99,1080,24,16.09,4,4,2,0,165.94
JOB-01995,179.54,1080,30,9.62,3,2,9,1,167.55
JOB-01996,96.2,1080,50,4.66,6,1,12,0,207.99
JOB-01997,63.46,1440,24,11.13,4,0,6,0,131.15
JOB-01998,112.57,2160,24,9.15,1,1,8,0,341.72
JOB-01999,91.33,1080,50,5.88,4,3,3,1,114.29
JOB-02000,126.01,2160,25,7.27,3,4,7,0,405.63
JOB-02001,96.21,720,60,7.45,2,1,5,1,75.53
JOB-02002,90.38,1440,60,8.97,3,0,7,1,168.68
JOB-02003,29.02,720,30,12.27,3,4,5,1,38.24
JOB-02004,68.76,2160,30,4.4,5,5,11,1,141.3
JOB-02005,30.31,720,24,7.28,2,1,8,1,25.17
JOB-02006,3.64,1440,30,3.83,5,3,11,1,21.54
JOB-02007,88.29,1080,30,8.79,4,2,0,0,119.83
JOB-02008,174.87,1440,24,3.76,2,2,10,1,184.15
JOB-02009,111.86,2160,25,10.64,3,4,5,0,385.64
JOB-02010,178.01,1080,50,6.75,1,1,1,0,291.52
JOB-02011,34.6,1080,30,5.34,2,0,3,1,35.68
JOB-02012,172.14,720,50,52.89,4,5,10,1,323.41
JOB-02013,12.04,1080,25,10.61,3,3,9,1,27.57
JOB-02014,17.17,720,24,5.14,3,0,0,1,20.22
JOB-02015,75.65,1440,50,18.63,3,2,10,0,325.86
JOB-02016,52.51,2160,24,7.9,5,4,12,0,218.95
JOB-02017,19.23,720,50,8.71,2,3,0,1,25.88
JOB-02018,39.19,2160,24,3.17,5,1,11,1,69.18
JOB-02019,18.73,1080,24,5.77,3,4,12,1,44.1
JOB-02020,11.12,2160,30,11.33,6,2,2,1,40.27
JOB-02021,138.91,1440,60,4.03,3,0,10,1,227.99
JOB-02022,84.96,1080,30,9.59,1,3,10,1,93.99
JOB-02023,159.07,1440,50,5.42,2,5,2,1,230.58
JOB-02024,40.85,1080,25,24.56,5,3,2,0,103.14
JOB-02025,166.34,720,25,1.32,6,3,11,1,86.26
JOB-02026,86.84,1080,24,12.99,6,1,11,1,86.79
JOB-02027,60.92,2160,24,4.66,1,3,2,1,86.57
JOB-02028,94.96,1080,30,8.48,1,3,12,1,95.05
JOB-02029,32.45,1080,60,2.65,3,4,11,0,105.85
JOB-02030,144.05,720,25,21.04,5,2,8,1,103.04
JOB-02031,142.66,1440,30,7.16,6,2,8,1,163.07
JOB-02032,6.17,1440,30,17.28,6,3,4,0,49.81
JOB-02033,54.1,720,24,4.4,2,1,9,0,47.65
JOB-02034,113.34,1080,60,4.07,6,1,4,0,238.11
JOB-02035,122.49,720,30,22.7,6,5,4,1,112.21
JOB-02036,22.19,1440,25,5.29,4,4,4,0,76.9
JOB-02037,159.25,1080,24,8.43,3,3,7,0,223.38
JOB-02038,124.56,2160,30,6.83,5,1,9,1,239.76
JOB-02039,57.88,1080,60,12.7,2,4,1,0,161.56
JOB-02040,177.74,1440,30,13.26,3,5,8,1,273.75
JOB-02041,46.98,1080,25,9.4,1,1,12,1,56.92
JOB-02042,169.11,1440,25,3.97,5,3,12,1,200.81
JOB-02043,132.24,1080,25,2.62,2,1,12,0,175.46
JOB-02044,89.17,1080,25,9.95,4,5,6,1,94.01
JOB-02045,156.42,1080,24,15.53,2,2,0,1,104.1
JOB-02046,26.36,720,60,5.54,2,1,1,1,28.6
JOB-02047,24.6,1080,24,11.05,4,0,6,1,32.42
JOB-02048,21.11,1440,30,1.59,6,1,0,1,28.47
JOB-02049,159.24,720,24,6.43,6,4,2,1,91.16
JOB-02050,59.18,720,60,5.1,6,3,11,1,76.38
JOB-02051,108.05,720,60,5.93,2,1,4,1,78.0
JOB-02052,146.77,1080,25,10.43,6,1,3,0,180.42
JOB-02053,16.98,2160,25,12.01,2,0,3,1,38.57
JOB-02054,141.01,720,25,9.61,2,2,9,1,84.78
JOB-02055,38.54,1080,25,17.02,1,0,5,1,28.55
JOB-02056,173.9,720,25,8.68,5,3,1,1,108.27
JOB-02057,86.67,720,25,33.24,4,1,5,1,56.17
JOB-02058,128.83,720,60,6.42,5,5,3,1,109.72
JOB-02059,156.49,1080,50,15.91,3,2,2,0,348.53
JOB-02060,79.28,2160,50,9.25,4,4,4,1,220.65
JOB-02061,9.01,720,24,6.0,5,4,4,1,26.16
JOB-02062,56.31,1080,60,9.01,4,2,8,1,91.87
JOB-02063,178.13,1440,50,8.31,2,5,9,1,312.48
JOB-02064,84.08,1440,24,16.51,1,4,6,1,116.66
JOB-02065,20.85,2160,24,3.2,6,0,12,1,49.55
JOB-02066,174.02,1440,30,13.52,4,1,9,1,244.43
JOB-02067,50.2,1080,60,7.66,4,0,6,0,120.98
JOB-02068,50.32,2160,50,13.42,6,2,7,1,180.16
JOB-02069,47.32,1080,25,6.54,1,4,9,0,89.3
JOB-02070,99.78,1080,60,5.74,1,3,0,1,124.85
JOB-02071,130.44,2160,25,24.87,6,1,5,1,312.64
JOB-02072,143.9,720,25,6.89,5,1,7,1,69.67
JOB-02073,130.21,720,60,5.81,4,0,7,1,96.34
JOB-02074,162.8,720,25,4.72,6,1,6,1,60.59
JOB-02075,108.41,1080,60,5.06,2,4,6,1,138.3
JOB-02076,47.52,720,24,4.43,5,5,6,1,48.17
JOB-02077,85.48,1080,50,29.53,2,1,6,1,166.38
JOB-02078,162.69,1080,60,3.28,6,5,0,1,188.73
JOB-02079,25.51,1440,25,1.49,6,0,0,1,20.2
JOB-02080,145.81,1440,60,10.22,5,0,11,1,309.1
JOB-02081,115.74,1080,30,5.29,6,2,10,0,179.88
JOB-02082,173.88,1080,24,12.92,3,2,6,0,246.54
JOB-02083,33.24,720,30,15.19,2,0,8,0,44.61
JOB-02084,113.18,2160,50,7.51,2,2,12,0,612.3
JOB-02085,41.61,720,24,8.2,4,4,7,1,47.5
JOB-02086,8.53,1440,60,7.18,6,0,10,1,33.43
JOB-02087,44.39,1440,25,8.81,2,5,10,1,73.62
JOB-02088,84.57,1080,60,9.3,3,2,10,1,135.31
JOB-02089,4.12,1080,60,5.3,6,5,8,1,37.08
JOB-02090,128.59,1080,24,19.05,4,3,9,1,143.4
JOB-02091,128.12,1440,60,3.29,2,4,5,1,211.27
JOB-02092,72.12,1080,25,2.02,6,5,0,1,57.67
JOB-02093,62.79,720,25,6.13,2,0,4,1,26.38
JOB-02094,165.18,1080,30,5.55,4,3,9,1,150.36
JOB-02095,1.26,1440,50,15.53,5,4,10,1,27.67
JOB-02096,179.51,2160,24,6.66,5,3,4,1,287.26
JOB-02097,178.99,720,25,20.97,4,3,11,0,250.42
JOB-02098,167.53,720,24,8.72,5,3,9,1,81.3
JOB-02099,160.29,720,50,23.73,3,2,12,1,188.5
JOB-02100,6.21,1080,50,1.37,5,3,4,0,53.14
JOB-02101,128.83,1440,60,8.77,5,2,1,1,220.91
JOB-02102,2.17,720,25,5.56,6,5,1,0,49.75
JOB-02103,157.42,1080,60,8.18,1,4,11,1,240.0
JOB-02104,106.07,1080,60,3.42,5,4,4,1,145.33
JOB-02105,13.46,720,30,12.12,6,0,1,1,19.13
JOB-02106,120.84,1080,60,13.47,5,0,1,1,163.87
JOB-02107,56.52,1080,25,12.2,1,2,0,0,84.46
JOB-02108,127.0,2160,25,6.95,3,3,5,0,379.38
JOB-02109,113.87,1080,60,6.18,6,4,3,0,274.62
JOB-02110,82.19,2160,50,5.25,3,5,7,1,226.83
JOB-02111,96.29,1080,30,6.58,6,3,3,1,85.21
JOB-02112,94.01,1080,60,5.59,2,0,2,1,98.26
JOB-02113,84.29,1080,30,4.34,2,0,3,1,58.16
JOB-02114,102.49,1080,30,32.77,1,2,6,1,148.53
JOB-02115,81.72,2160,24,13.56,2,4,1,0,276.47
JOB-02116,44.38,720,25,4.79,3,5,8,0,81.88
JOB-02117,2.14,720,24,23.66,6,0,7,1,18.94
JOB-02118,61.08,2160,60,17.17,1,3,7,0,450.02
JOB-02119,33.78,1080,30,48.99,4,4,2,1,72.79
JOB-02120,150.41,720,25,4.68,6,3,11,1,89.14
JOB-02121,60.75,1080,30,6.38,6,5,6,0,131.16
JOB-02122,169.62,720,24,17.1,2,1,0,1,67.27
JOB-02123,23.4,1080,30,2.71,4,5,0,1,37.09
JOB-02124,118.39,1440,50,3.61,4,0,1,1,144.77
JOB-02125,31.94,720,25,5.38,2,2,8,1,22.89
JOB-02126,100.69,1080,24,6.8,4,2,1,0,141.9
JOB-02127,135.11,1080,30,3.62,5,3,9,1,116.45
JOB-02128,20.05,1080,30,10.81,6,4,2,0,70.23
JOB-02129,112.61,1440,24,8.62,1,0,12,1,110.08
JOB-02130,71.67,720,24,7.81,6,5,11,1,77.96
JOB-02131,22.55,1080,24,8.6,1,4,8,1,36.06
JOB-02132,1.82,1080,30,21.04,1,1,2,1,10.21
JOB-02133,89.64,1440,60,8.81,2,2,6,0,314.11
JOB-02134,3.3,720,25,8.13,2,1,5,1,16.12
JOB-02135,85.17,1440,50,10.79,6,1,9,1,165.16
JOB-02136,135.99,1080,24,3.4,6,2,9,0,178.75
JOB-02137,122.87,2160,30,2.84,6,4,8,1,230.45
JOB-02138,43.95,1080,50,4.49,3,5,6,0,131.45
JOB-02139,43.72,720,30,5.38,6,4,7,0,71.95
JOB-02140,40.09,720,24,7.51,6,2,7,1,32.42
JOB-02141,52.59,1440,60,6.0,1,4,9,1,108.54
JOB-02142,145.07,1080,60,8.89,1,2,6,1,205.13
JOB-02143,149.38,1080,50,12.99,1,5,4,1,217.1
JOB-02144,31.67,720,24,15.5,2,2,0,1,35.13
JOB-02145,145.22,1080,50,9.32,5,2,2,0,293.59
JOB-02146,58.36,720,25,12.75,1,3,2,1,37.79
JOB-02147,39.72,1080,30,11.45,1,4,2,1,51.05
JOB-02148,141.32,1080,60,13.17,6,1,11,1,235.13
JOB-02149,71.94,1080,60,4.97,5,4,12,1,125.42
JOB-02150,81.67,1440,24,3.66,3,3,6,1,86.78
JOB-02151,128.58,2160,60,4.56,6,2,11,1,393.22
JOB-02152,97.07,720,24,11.69,6,2,6,1,62.24
JOB-02153,55.27,1080,30,4.57,3,2,3,1,49.18
JOB-02154,164.13,1080,60,5.36,2,1,5,1,191.77
JOB-02155,36.01,1080,24,7.74,4,2,12,1,49.1
JOB-02156,15.59,2160,60,2.49,3,5,6,0,110.8
JOB-02157,76.77,720,50,8.89,6,4,11,1,89.54
JOB-02158,86.44,720,60,14.51,4,5,7,1,103.68
JOB-02159,156.88,1080,60,4.13,5,0,6,0,305.43
JOB-02160,125.15,1440,60,4.86,3,0,11,1,223.04
JOB-02161,64.01,1080,25,2.81,5,3,5,0,99.68
JOB-02162,34.63,1080,24,1.4,6,2,12,1,38.26
JOB-02163,132.28,720,30,9.39,2,2,12,1,84.79
JOB-02164,122.91,720,60,8.48,6,2,3,0,187.43
JOB-02165,24.93,1080,50,7.13,3,5,4,0,84.11
JOB-02166,103.37,2160,24,12.48,2,0,2,0,305.1
JOB-02167,69.77,2160,24,8.29,5,5,7,1,144.67
JOB-02168,157.67,720,25,8.26,5,4,11,0,172.75
JOB-02169,83.1,1440,24,6.4,4,0,11,1,87.08
JOB-02170,11.04,1080,24,4.88,1,4,0,1,23.91
JOB-02171,153.72,1080,30,8.93,6,0,11,0,250.99
JOB-02172,103.4,1440,25,5.75,4,1,2,1,95.88
JOB-02173,160.29,2160,30,7.69,2,5,2,1,290.84
JOB-02174,23.87,1080,60,2.5,5,3,3,1,49.08
JOB-02175,54.82,1440,24,4.9,1,5,5,0,126.01
JOB-02176,99.99,720,24,5.4,1,5,12,0,130.29
JOB-02177,76.51,1080,60,4.2,4,5,0,1,94.5
JOB-02178,11.54,2160,30,6.4,6,3,0,1,38.51
JOB-02179,7.98,1080,30,3.47,1,3,7,1,17.16
JOB-02180,91.16,1440,60,20.01,4,4,7,1,249.34
JOB-02181,136.54,2160,30,15.8,5,5,0,1,298.39
JOB-02182,127.77,1080,24,1.94,1,0,5,1,74.6
JOB-02183,38.14,720,25,28.77,4,4,8,1,46.89
JOB-02184,95.9,1440,50,40.66,2,3,1,1,278.42
JOB-02185,140.4,1080,24,6.84,6,1,9,1,102.11
JOB-02186,41.89,720,50,11.71,3,0,1,1,37.48
JOB-02187,36.69,1080,25,14.57,1,5,6,0,93.65
JOB-02188,111.15,1080,24,7.7,1,3,3,0,140.59
JOB-02189,57.6,1080,24,11.15,1,0,8,1,40.79
JOB-02190,3.58,1440,25,11.06,6,3,5,1,31.15
JOB-02191,91.12,1080,50,16.01,1,5,3,1,131.57
JOB-02192,167.16,1440,60,23.84,4,1,12,0,882.44
JOB-02193,79.48,1080,60,23.99,3,3,12,1,174.18
JOB-02194,141.46,2160,24,27.26,6,4,2,1,346.03
JOB-02195,166.65,1080,30,3.92,4,0,8,1,126.59
JOB-02196,82.69,1080,50,3.8,3,2,11,1,113.14
JOB-02197,163.15,2160,30,6.56,3,3,2,1,269.75
JOB-02198,104.92,1080,25,13.67,6,2,10,0,198.11
JOB-02199,53.22,1080,30,2.81,6,1,7,1,48.84
JOB-02200,16.59,1080,50,3.9,4,2,0,1,23.71
JOB-02201,127.78,1080,30,5.52,1,3,10,0,196.57
JOB-02202,166.29,1440,50,8.01,6,5,6,1,284.51
JOB-02203,134.27,720,50,15.38,6,5,5,1,133.95
JOB-02204,148.13,720,30,6.04,2,5,3,0,162.37
JOB-02205,27.67,1080,25,27.71,2,0,1,1,32.28
JOB-02206,83.59,2160,25,6.77,6,1,6,0,244.62
JOB-02207,132.94,1080,24,10.94,6,1,8,1,115.13
JOB-02208,11.37,720,25,5.99,2,1,1,1,19.95
JOB-02209,51.34,720,25,2.28,2,0,3,0,51.89
JOB-02210,49.01,2160,50,11.22,1,4,6,1,162.67
JOB-02211,92.74,1080,50,14.89,3,4,5,1,128.49
JOB-02212,24.05,720,60,7.05,6,5,1,1,37.78
JOB-02213,12.83,1080,25,12.48,6,4,11,0,65.86
JOB-02214,94.65,1080,30,8.31,6,3,6,1,91.14
JOB-02215,15.81,1080,50,11.39,4,3,10,1,42.13
JOB-02216,136.61,1080,50,3.91,5,4,3,1,128.57
JOB-02217,54.47,1440,25,7.36,4,3,10,1,85.52
JOB-02218,77.4,2160,25,8.25,1,5,2,1,133.56
JOB-02219,157.76,1440,60,1.74,2,2,1,0,357.48
JOB-02220,40.7,1080,24,10.64,4,5,8,1,58.38
JOB-02221,26.16,1080,60,10.29,3,4,2,1,46.18
JOB-02222,169.22,1080,30,4.38,5,4,12,1,159.3
JOB-02223,2.14,1080,30,8.3,3,2,5,0,34.65
JOB-02224,22.98,1440,30,28.16,2,4,2,1,52.01
JOB-02225,8.51,720,30,4.85,3,0,1,0,19.65
JOB-02226,106.87,1080,30,13.1,6,1,7,1,111.91
JOB-02227,143.32,720,25,7.13,4,4,6,1,93.62
JOB-02228,62.56,720,60,10.09,3,1,8,1,63.74
JOB-02229,35.53,1080,24,22.34,4,1,2,1,45.73
JOB-02230,21.05,2160,50,8.74,2,3,10,1,78.95
JOB-02231,16.76,2160,60,5.85,1,0,7,0,97.93
JOB-02232,56.2,1440,25,27.55,6,0,5,0,169.84
JOB-02233,108.25,1080,25,6.05,4,4,8,0,175.13
JOB-02234,67.88,2160,30,14.27,6,4,1,1,154.41
JOB-02235,143.37,1440,25,5.8,1,2,9,1,144.51
JOB-02236,19.84,1440,25,13.82,6,3,2,1,41.68
JOB-02237,5.82,2160,25,11.91,4,1,0,1,13.32
JOB-02238,178.8,1080,50,16.47,4,2,12,1,273.6
JOB-02239,139.63,720,25,3.7,6,5,11,0,158.2
JOB-02240,79.86,1080,60,1.95,3,5,8,1,105.21
JOB-02241,100.85,720,50,16.9,1,5,0,1,90.48
JOB-02242,16.38,1440,24,11.57,1,0,7,1,16.48
JOB-02243,126.53,720,30,15.08,3,0,11,1,75.99
JOB-02244,93.13,1080,50,7.03,5,1,0,1,89.13
JOB-02245,39.45,720,24,12.79,4,4,8,1,53.48
JOB-02246,166.83,2160,25,3.59,2,4,9,0,489.15
JOB-02247,30.87,1080,60,8.44,5,2,10,1,69.38
JOB-02248,121.34,1080,50,10.33,5,0,12,0,297.32
JOB-02249,45.18,2160,25,3.59,2,2,7,0,139.59
JOB-02250,118.11,1080,24,37.79,4,5,3,1,166.93
JOB-02251,107.69,1080,24,10.51,6,3,12,1,122.65
JOB-02252,24.82,720,60,7.44,2,5,12,1,47.59
JOB-02253,89.26,720,60,23.69,1,4,12,1,127.25
JOB-02254,137.62,1080,60,1.58,6,5,7,1,178.5
JOB-02255,118.18,720,25,18.12,3,3,1,1,76.78
JOB-02256,92.18,1080,60,5.12,1,3,10,1,115.36
JOB-02257,88.17,720,24,12.7,6,5,3,1,56.41
JOB-02258,115.09,2160,30,4.13,4,4,11,1,231.84
JOB-02259,63.3,720,24,4.34,2,1,0,0,55.0
JOB-02260,77.64,720,24,5.03,4,3,9,1,45.52
JOB-02261,175.93,720,24,4.84,2,3,1,1,77.74
JOB-02262,149.95,1080,30,3.69,3,1,10,1,110.55
JOB-02263,135.22,720,25,18.65,6,2,12,1,99.56
JOB-02264,48.17,1440,30,3.25,1,2,10,1,53.53
JOB-02265,141.61,2160,50,9.06,6,4,11,1,466.42
JOB-02266,15.3,1080,24,5.34,2,0,7,1,19.1
JOB-02267,126.52,1440,30,11.78,3,0,9,1,173.0
JOB-02268,91.43,2160,30,4.0,5,4,11,1,190.51
JOB-02269,57.67,2160,60,13.19,2,3,9,1,216.14
JOB-02270,111.83,1080,25,3.41,6,5,9,0,187.0
JOB-02271,116.75,720,50,6.88,3,1,5,1,74.36
JOB-02272,61.67,1080,50,8.14,6,1,6,0,153.53
JOB-02273,37.62,720,25,4.3,3,1,2,1,17.2
JOB-02274,162.66,1080,24,8.01,4,4,12,1,150.5
JOB-02275,76.59,720,60,11.96,1,4,12,1,85.57
JOB-02276,57.48,2160,24,16.8,3,4,10,0,270.86
JOB-02277,117.99,1080,50,3.78,3,5,2,0,221.33
JOB-02278,119.06,1080,60,11.85,6,4,12,1,221.51
JOB-02279,82.8,720,24,21.52,6,3,12,0,143.9
JOB-02280,177.53,720,30,7.11,3,3,5,0,174.85
JOB-02281,11.45,1080,30,11.05,3,2,12,1,26.05
JOB-02282,163.1,2160,30,5.33,6,3,2,1,252.97
JOB-02283,159.51,720,60,6.7,1,2,12,0,242.79
JOB-02284,64.52,1080,60,30.55,2,4,3,1,131.78
JOB-02285,52.81,720,60,14.72,1,2,5,0,96.07
JOB-02286,118.33,1080,50,5.11,4,3,1,0,206.62
JOB-02287,13.66,1440,60,5.65,6,3,0,1,40.82
JOB-02288,144.61,1080,24,5.44,4,3,9,1,116.44
JOB-02289,27.76,720,30,18.24,5,3,2,1,38.29
JOB-02290,162.04,1080,25,6.62,6,1,1,0,182.67
JOB-02291,17.06,1440,25,4.83,1,2,1,0,47.35
JOB-02292,122.69,1080,50,7.12,6,1,9,0,265.35
JOB-02293,50.93,1080,30,1.95,2,2,10,1,42.11
JOB-02294,113.11,1080,50,15.6,1,5,2,1,158.64
JOB-02295,6.32,1080,25,9.76,5,4,0,1,25.54
JOB-02296,110.95,720,30,10.07,5,1,3,1,74.8
JOB-02297,95.42,1080,50,3.42,1,2,6,1,81.62
JOB-02298,48.16,2160,50,9.06,1,1,12,1,154.89
JOB-02299,49.43,1080,25,8.64,6,5,1,0,99.45
JOB-02300,74.83,1080,50,14.79,2,4,7,1,114.94
JOB-02301,144.58,1080,50,8.2,5,5,11,0,361.39
JOB-02302,61.71,1080,30,4.74,6,5,0,1,76.09
JOB-02303,10.62,1080,50,2.98,3,2,8,0,44.25
JOB-02304,131.76,1080,60,6.55,2,0,4,0,262.73
JOB-02305,29.55,1080,25,4.53,3,3,11,0,66.88
JOB-02306,109.11,1080,50,4.53,5,1,7,1,96.48
JOB-02307,118.32,1080,60,10.3,5,5,9,0,348.35
JOB-02308,64.43,1080,50,7.29,2,5,12,0,189.12
JOB-02309,95.64,720,50,6.94,5,5,4,1,87.31
JOB-02310,63.91,1080,60,8.79,1,4,12,1,122.28
JOB-02311,20.28,2160,60,9.47,6,5,8,1,100.92
JOB-02312,43.71,720,60,17.67,4,1,2,0,81.66
JOB-02313,153.94,720,25,23.81,6,5,5,1,115.89
JOB-02314,86.97,1080,25,2.49,4,3,9,0,126.27
JOB-02315,168.81,1080,50,11.6,6,1,4,1,189.09
JOB-02316,35.13,720,30,3.82,2,4,8,1,42.16
JOB-02317,176.93,1080,60,4.69,1,1,9,1,214.63
JOB-02318,46.03,1080,50,5.87,5,5,10,1,75.55
JOB-02319,158.6,1440,24,6.75,1,1,4,1,134.94
JOB-02320,28.42,720,30,2.93,3,1,12,1,21.74
JOB-02321,3.98,1080,25,3.88,6,2,6,1,23.29
JOB-02322,149.69,1080,25,9.73,4,3,0,1,119.15
JOB-02323,32.46,720,60,9.51,5,0,2,0,60.11
JOB-02324,68.62,1440,60,5.48,5,5,9,0,268.29
JOB-02325,176.97,1080,50,7.71,3,1,1,1,166.8
JOB-02326,175.87,1440,24,5.54,1,3,3,0,271.48
JOB-02327,70.25,1080,24,8.0,1,1,3,1,45.5
JOB-02328,69.94,1440,30,9.81,2,0,6,0,170.72
JOB-02329,85.14,720,50,2.54,1,5,7,0,106.99
JOB-02330,16.79,1440,50,5.91,5,4,11,0,92.24
JOB-02331,111.64,720,60,11.04,3,5,8,0,200.56
JOB-02332,62.91,2160,24,7.87,4,1,11,1,126.96
JOB-02333,140.61,1080,30,2.61,2,2,12,0,191.58
JOB-02334,81.53,720,25,6.26,4,1,1,1,44.04
JOB-02335,25.96,720,30,5.81,1,2,12,0,48.08
JOB-02336,10.71,2160,24,8.52,6,2,5,0,58.83
JOB-02337,162.2,1080,25,3.11,2,4,12,1,134.49
JOB-02338,109.8,1440,60,5.36,4,4,9,1,224.52
JOB-02339,25.15,1080,50,17.97,4,4,5,1,57.94
JOB-02340,18.77,720,30,2.51,1,2,7,0,35.34
JOB-02341,14.52,1080,50,8.69,4,1,8,1,31.5
JOB-02342,57.74,720,60,6.11,3,1,8,1,51.8
JOB-02343,43.07,1440,60,19.91,1,0,0,0,161.16
JOB-02344,65.41,1440,30,9.5,5,0,2,0,130.8
JOB-02345,21.21,1080,60,6.57,2,2,12,0,80.43
JOB-02346,178.27,1080,30,6.31,5,3,7,1,137.23
JOB-02347,22.61,1080,60,31.08,1,2,5,0,102.18
JOB-02348,113.61,720,24,46.29,3,4,1,0,189.83
JOB-02349,89.17,1080,50,5.13,4,0,10,1,101.58
JOB-02350,177.1,720,60,31.35,1,5,10,1,259.72
JOB-02351,169.63,720,25,6.82,1,0,1,1,53.72
JOB-02352,149.95,1080,30,40.37,2,2,3,1,214.01
JOB-02353,14.27,720,50,3.8,5,5,11,1,49.05
JOB-02354,173.41,1080,25,15.41,6,4,8,1,173.91
JOB-02355,99.83,1080,24,3.31,2,0,8,1,65.19
JOB-02356,54.06,1440,60,3.46,2,4,6,0,182.97
JOB-02357,45.58,1080,60,6.11,3,3,9,1,82.11
JOB-02358,128.85,1440,30,5.55,5,1,5,1,134.36
JOB-02359,132.2,720,30,16.56,6,1,7,0,154.62
JOB-02360,11.69,720,24,9.71,4,2,8,0,32.81
JOB-02361,38.02,1080,24,15.86,1,0,8,1,29.11
JOB-02362,99.83,1440,60,15.9,6,3,1,1,214.35
JOB-02363,131.31,1080,30,5.9,4,1,11,1,133.49
JOB-02364,177.94,1080,25,6.19,6,3,3,1,130.5
JOB-02365,172.5,1080,30,17.08,6,5,4,1,178.31
JOB-02366,75.16,1080,24,3.08,3,5,10,1,86.3
JOB-02367,59.57,1440,25,12.25,1,1,11,0,149.41
JOB-02368,12.81,1440,24,24.82,3,0,5,1,30.39
JOB-02369,154.8,720,60,5.31,2,0,3,1,100.72
JOB-02370,157.24,1080,30,1.79,5,0,5,1,91.48
JOB-02371,93.08,1080,25,9.89,3,0,1,1,62.35
JOB-02372,153.26,1080,60,7.92,2,0,11,0,364.62
JOB-02373,2.89,2160,30,19.7,1,1,5,0,28.07
JOB-02374,164.39,1080,60,4.85,4,5,10,1,213.0
JOB-02375,95.4,1080,60,3.18,5,1,5,1,108.06
JOB-02376,31.91,2160,25,4.13,2,4,4,0,122.89
JOB-02377,118.18,2160,25,10.46,6,3,1,1,198.39
JOB-02378,94.67,1080,25,4.12,6,4,12,1,98.83
JOB-02379,11.48,1440,30,7.46,5,5,2,1,33.68
JOB-02380,110.8,1440,24,18.59,5,1,7,1,148.39
JOB-02381,124.99,720,60,5.57,3,3,3,0,164.55
JOB-02382,35.22,2160,24,3.02,1,1,1,1,40.51
JOB-02383,34.67,1080,30,10.94,5,4,6,1,61.29
JOB-02384,156.55,1080,50,7.9,6,4,11,0,385.25
JOB-02385,37.86,1080,24,4.14,5,2,12,1,47.32
JOB-02386,3.94,1440,25,15.71,2,4,5,1,22.75
JOB-02387,49.63,720,24,15.26,4,3,11,0,90.51
JOB-02388,54.79,720,25,11.9,4,3,8,1,48.54
JOB-02389,161.61,2160,50,19.19,3,3,0,1,514.07
JOB-02390,64.43,1080,25,3.84,3,3,3,1,49.25
JOB-02391,7.2,1440,24,10.57,1,5,7,1,29.34
JOB-02392,117.66,1440,25,13.33,2,1,7,0,247.27
JOB-02393,162.67,2160,50,9.69,5,1,9,1,496.6
JOB-02394,130.48,720,25,3.79,4,2,4,1,61.29
JOB-02395,1.76,1080,60,8.71,3,1,11,1,23.13
JOB-02396,98.51,1080,24,5.88,3,5,8,1,103.15
JOB-02397,22.82,1080,24,8.87,4,4,9,1,37.64
JOB-02398,103.29,2160,30,5.85,2,2,7,1,190.46
JOB-02399,121.88,1080,60,12.35,1,0,10,1,175.84
JOB-02400,85.7,1080,60,6.16,2,0,4,0,164.34
JOB-02401,155.02,1440,25,4.82,5,4,5,1,144.64
JOB-02402,20.73,720,24,13.07,6,2,9,0,64.93
JOB-02403,167.46,1080,60,15.73,5,5,4,1,283.65
JOB-02404,53.59,2160,50,37.41,2,5,12,1,331.72
JOB-02405,47.91,2160,30,5.84,4,0,1,1,81.29
JOB-02406,62.33,1440,25,6.56,6,1,8,1,69.82
JOB-02407,135.16,1440,60,12.63,2,2,3,1,261.9
JOB-02408,30.43,1080,60,3.33,3,4,10,1,52.34
JOB-02409,137.54,1440,24,6.69,3,1,7,0,240.68
JOB-02410,14.03,720,30,9.06,2,3,8,1,20.8
JOB-02411,98.67,720,60,9.79,4,0,0,1,65.82
JOB-02412,129.86,1080,24,11.32,5,4,9,1,129.53
JOB-02413,14.7,2160,50,12.7,6,4,9,1,77.63
JOB-02414,2.01,720,60,2.42,5,5,10,1,29.64
JOB-02415,97.12,2160,50,5.37,5,1,0,0,376.95
JOB-02416,153.52,720,50,4.27,6,1,10,0,180.21
JOB-02417,76.94,720,30,7.66,1,4,7,1,51.06
JOB-02418,26.65,1440,30,11.53,1,3,0,1,40.84
JOB-02419,54.29,1440,24,7.38,2,1,10,0,131.04
JOB-02420,154.78,2160,50,2.3,3,1,10,1,370.02
JOB-02421,17.44,1080,24,8.12,3,5,3,0,56.07
JOB-02422,98.3,2160,24,3.67,6,3,10,1,162.88
JOB-02423,75.47,1080,30,8.88,2,1,0,1,47.17
JOB-02424,37.92,2160,60,6.98,2,4,3,1,127.72
JOB-02425,75.83,1440,60,14.68,2,2,2,1,157.06
JOB-02426,135.09,1080,60,25.41,1,1,6,1,238.93
JOB-02427,140.53,720,24,3.25,4,5,12,1,103.56
JOB-02428,155.53,1440,60,17.33,4,5,11,0,748.58
JOB-02429,50.07,1080,30,31.88,4,0,8,1,73.9
JOB-02430,77.2,2160,50,6.02,3,0,7,1,192.04
JOB-02431,119.1,720,24,13.76,6,5,5,1,103.87
JOB-02432,51.3,2160,50,7.53,2,3,8,1,153.6
JOB-02433,92.85,720,24,15.91,4,1,2,1,53.73
JOB-02434,133.91,1440,60,4.14,5,0,4,1,183.59
JOB-02435,10.77,2160,30,12.0,5,0,5,0,68.12
JOB-02436,154.2,2160,30,9.31,6,3,4,1,291.67
JOB-02437,21.3,1080,30,2.55,5,5,0,1,41.77
JOB-02438,48.45,720,60,4.78,4,5,3,1,59.1
JOB-02439,134.1,720,25,9.23,5,1,8,1,69.38
JOB-02440,80.13,2160,25,4.68,5,4,6,1,155.04
JOB-02441,44.29,2160,25,12.7,1,5,12,1,121.56
JOB-02442,24.07,1440,30,9.72,1,1,7,1,38.34
JOB-02443,127.7,1080,25,4.99,3,5,9,1,98.32
JOB-02444,179.13,1440,30,12.38,6,3,8,1,281.01
JOB-02445,2.68,720,30,12.41,6,4,5,1,31.7
JOB-02446,177.83,720,25,12.8,4,4,3,1,102.77
JOB-02447,49.63,720,24,9.59,3,3,6,1,28.57
JOB-02448,24.34,1080,30,9.27,2,3,12,1,44.53
JOB-02449,87.72,1080,60,2.73,4,0,10,1,109.01
JOB-02450,168.43,1080,24,6.67,5,3,2,0,210.12
JOB-02451,82.53,1080,30,10.76,1,2,9,1,81.09
JOB-02452,179.07,1080,30,9.65,2,1,7,1,151.93
JOB-02453,27.09,720,30,14.3,1,3,7,1,30.51
JOB-02454,119.07,1080,50,22.31,2,0,11,1,200.09
JOB-02455,83.26,2160,50,8.76,3,2,3,1,217.03
JOB-02456,7.12,1080,24,5.54,2,2,10,1,16.39
JOB-02457,77.76,2160,25,10.02,2,1,12,1,181.26
JOB-02458,159.77,1080,24,5.55,5,0,7,1,130.17
JOB-02459,116.15,720,60,2.1,4,4,6,1,95.13
JOB-02460,108.9,1080,25,12.67,2,4,9,1,115.94
JOB-02461,156.66,1440,24,2.63,6,4,7,0,281.21
JOB-02462,164.42,1080,30,14.8,5,3,11,1,195.75
JOB-02463,8.0,720,60,3.84,4,5,6,1,36.42
JOB-02464,22.01,1080,24,24.06,4,0,5,1,36.75
JOB-02465,61.77,1080,24,5.56,2,4,6,1,58.76
JOB-02466,108.71,2160,25,4.79,3,5,1,1,160.93
JOB-02467,57.75,720,30,4.24,5,2,7,0,66.95
JOB-02468,137.43,1080,25,9.97,3,0,7,1,92.03
JOB-02469,157.25,1080,30,9.27,1,0,12,1,136.78
JOB-02470,161.29,2160,24,4.24,3,3,2,0,376.97
JOB-02471,153.09,1080,30,4.61,2,1,2,1,102.27
JOB-02472,100.8,1440,50,21.02,4,4,5,0,449.89
JOB-02473,76.22,1080,30,4.26,6,3,8,1,70.0
JOB-02474,118.86,720,25,13.33,1,5,10,1,93.28
JOB-02475,22.28,720,25,12.9,6,4,12,1,32.81
JOB-02476,131.22,1080,24,7.68,2,1,8,1,87.65
JOB-02477,38.1,1440,50,2.97,4,0,7,1,60.77
JOB-02478,65.15,1080,30,1.93,6,2,11,0,124.59
JOB-02479,108.16,1440,30,4.14,2,1,4,0,187.05
JOB-02480,102.36,1440,60,5.6,3,1,11,1,193.24
JOB-02481,44.04,720,24,3.3,3,5,0,1,38.76
JOB-02482,90.59,1080,50,11.34,1,3,8,0,227.2
JOB-02483,21.62,1080,24,3.63,6,4,2,1,37.71
JOB-02484,172.49,720,30,5.26,2,5,5,1,99.7
JOB-02485,94.86,1080,24,12.32,1,3,6,1,73.79
JOB-02486,94.82,1440,24,9.32,5,0,1,0,156.39
JOB-02487,30.6,1440,60,7.7,3,5,7,1,74.8
JOB-02488,37.25,1440,60,9.53,6,0,4,1,74.88
JOB-02489,24.18,2160,25,7.51,6,3,7,1,64.93
JOB-02490,12.9,1440,30,7.26,2,5,12,1,40.69
JOB-02491,160.27,720,25,7.42,3,3,4,1,72.7
JOB-02492,109.32,720,24,5.1,5,0,5,1,49.15
JOB-02493,88.68,1080,50,4.81,2,3,9,0,205.24
JOB-02494,44.53,1080,30,3.92,3,3,4,1,47.25
JOB-02495,58.2,2160,25,3.22,1,5,6,1,104.43
JOB-02496,9.52,1080,25,18.22,2,0,11,0,34.96
JOB-02497,22.66,1440,24,18.13,4,3,10,1,48.54
JOB-02498,94.02,1080,30,15.86,6,3,10,0,207.63
JOB-02499,46.96,720,24,1.68,3,3,7,1,33.63
JOB-02500,70.67,1080,50,6.39,4,1,5,0,145.46
JOB-02501,170.54,720,25,5.27,6,2,10,0,170.63
JOB-02502,10.12,1080,60,9.85,6,2,1,1,38.52
JOB-02503,177.16,2160,30,16.85,2,4,9,1,473.42
JOB-02504,159.3,720,50,8.63,1,5,2,0,217.35
JOB-02505,165.29,720,60,13.16,2,1,7,1,139.33
JOB-02506,73.83,2160,25,14.13,1,4,8,1,164.9
JOB-02507,29.35,1080,25,1.63,1,0,7,1,8.63
JOB-02508,9.4,1080,50,6.4,3,2,12,1,25.91
JOB-02509,177.51,1440,60,2.39,5,4,2,1,258.69
JOB-02510,21.04,2160,60,6.03,3,5,10,1,93.14
JOB-02511,41.82,1080,24,8.57,2,0,9,0,72.84
JOB-02512,72.82,1080,60,3.07,2,4,8,1,91.13
JOB-02513,21.05,1080,30,5.6,2,1,8,1,24.39
JOB-02514,139.8,720,25,12.81,2,4,11,1,100.63
JOB-02515,14.38,1080,50,36.92,1,4,8,1,50.68
JOB-02516,16.52,1440,24,17.32,1,0,8,1,23.24
JOB-02517,126.14,1440,50,4.97,5,1,10,1,203.76
JOB-02518,50.13,1440,25,12.54,2,2,3,1,57.29
JOB-02519,119.59,720,60,6.8,4,0,2,1,77.21
JOB-02520,113.51,1080,60,14.36,1,0,11,1,173.55
JOB-02521,139.9,1080,24,1.36,2,0,10,1,96.33
JOB-02522,164.55,1440,60,7.39,6,3,6,0,540.14
JOB-02523,22.09,1440,25,14.58,4,1,0,1,31.06
JOB-02524,69.29,720,30,1.96,5,4,10,1,54.93
JOB-02525,108.11,1080,25,4.25,6,5,3,1,92.42
JOB-02526,61.32,2160,30,8.72,3,2,12,0,247.71
JOB-02527,147.05,1080,60,5.62,5,3,9,1,193.61
JOB-02528,73.46,720,24,2.47,5,4,9,1,55.65
JOB-02529,8.64,1080,25,11.83,3,3,1,1,22.57
JOB-02530,116.83,1080,30,13.16,5,1,3,1,112.07
JOB-02531,95.22,720,50,8.54,6,1,8,1,79.1
JOB-02532,160.22,720,30,5.71,2,0,12,0,134.25
JOB-02533,50.91,1080,24,4.85,5,1,5,1,43.47
JOB-02534,113.89,1080,50,5.09,3,0,5,1,114.05
JOB-02535,119.45,1080,30,6.65,1,5,1,0,173.2
JOB-02536,42.85,1080,25,2.88,5,1,6,0,65.66
JOB-02537,84.29,2160,50,3.89,4,3,1,0,345.6
JOB-02538,132.5,1080,60,3.29,1,2,3,0,239.19
JOB-02539,73.86,1080,25,15.35,3,5,5,1,76.05
JOB-02540,144.32,1080,50,11.81,4,1,8,0,327.51
JOB-02541,176.57,1080,24,3.21,3,4,12,0,263.77
JOB-02542,163.52,1080,50,8.91,5,3,12,0,411.76
JOB-02543,109.74,1080,60,4.62,5,0,4,1,111.67
JOB-02544,56.47,1080,60,5.02,2,1,8,1,70.94
JOB-02545,92.39,2160,60,11.15,1,4,2,0,517.91
JOB-02546,53.3,720,25,4.09,4,4,6,0,87.48
JOB-02547,150.34,720,50,15.86,1,1,4,0,211.49
JOB-02548,174.44,1080,25,12.73,5,2,2,0,253.61
JOB-02549,170.3,1080,30,17.43,4,5,1,1,170.24
JOB-02550,78.02,2160,30,4.81,3,4,7,1,148.47
JOB-02551,89.52,2160,30,19.32,6,1,6,0,411.71
JOB-02552,63.65,1080,24,8.58,2,2,10,1,73.88
JOB-02553,7.24,1080,50,6.6,3,5,9,0,63.73
JOB-02554,143.2,2160,25,2.62,4,2,2,0,333.98
JOB-02555,157.25,1440,60,12.42,6,0,2,0,510.87
JOB-02556,173.7,1080,60,8.48,2,5,0,1,204.13
JOB-02557,3.72,2160,30,7.6,6,2,0,1,17.46
JOB-02558,60.19,2160,30,8.11,3,0,1,0,186.39
JOB-02559,93.25,1080,60,17.03,1,0,5,1,145.27
JOB-02560,140.38,1080,50,6.03,6,0,12,1,176.91
JOB-02561,77.08,2160,60,11.23,3,1,3,0,438.05
JOB-02562,162.72,720,50,4.14,5,2,5,0,181.88
JOB-02563,104.05,2160,25,4.69,5,3,3,0,272.24
JOB-02564,135.86,2160,25,5.59,4,3,8,0,416.82
JOB-02565,179.26,1080,24,4.22,2,1,5,1,101.92
JOB-02566,44.43,2160,30,10.54,4,1,7,1,98.84
JOB-02567,84.57,1080,25,25.22,6,3,12,1,118.45
JOB-02568,40.06,720,24,4.93,3,2,12,1,35.99
JOB-02569,50.1,1080,25,20.46,4,2,11,1,69.85
JOB-02570,152.93,2160,50,5.32,5,2,7,1,379.63
JOB-02571,15.17,720,24,3.15,5,4,7,0,55.7
JOB-02572,139.87,1080,25,5.18,4,0,8,1,96.98
JOB-02573,110.58,1440,24,13.3,3,5,11,1,169.88
JOB-02574,120.03,2160,24,9.77,2,0,10,1,203.13
JOB-02575,56.33,1080,30,4.55,6,4,9,1,61.04
JOB-02576,42.06,2160,30,4.52,3,1,3,1,77.15
JOB-02577,175.72,720,30,3.89,2,4,2,0,145.78
JOB-02578,145.02,1080,24,3.15,1,3,7,0,176.41
JOB-02579,59.5,1080,30,5.94,2,5,3,0,111.97
JOB-02580,18.41,1080,60,6.73,1,5,4,0,67.13
JOB-02581,160.04,1440,50,2.34,4,4,12,1,262.23
JOB-02582,28.23,1080,24,9.4,3,3,9,1,35.62
JOB-02583,120.67,1080,60,4.61,1,0,5,1,129.35
JOB-02584,58.25,720,30,9.99,6,2,3,0,82.43
JOB-02585,15.98,1080,24,4.8,2,3,2,1,19.07
JOB-02586,121.62,1080,24,18.25,5,5,11,0,290.42
JOB-02587,155.66,1080,30,6.17,1,1,1,0,181.53
JOB-02588,131.54,1440,50,6.29,6,3,5,1,208.29
JOB-02589,32.22,2160,30,13.15,3,2,6,1,78.66
JOB-02590,72.0,1080,30,2.5,4,3,11,1,69.0
JOB-02591,35.71,1440,50,23.49,2,4,7,0,193.89
JOB-02592,148.93,1080,30,3.25,1,0,8,0,174.47
JOB-02593,117.29,2160,50,4.53,5,5,8,1,330.77
JOB-02594,53.87,2160,30,9.54,1,1,6,1,119.63
JOB-02595,81.25,1080,30,29.79,6,1,12,0,237.09
JOB-02596,135.14,720,25,4.41,1,0,9,1,60.57
JOB-02597,171.81,1440,30,7.37,5,3,11,1,215.93
JOB-02598,124.95,1440,24,16.63,4,1,9,1,161.65
JOB-02599,111.43,2160,50,6.08,4,2,11,1,315.43
JOB-02600,106.63,2160,24,5.09,6,5,11,1,206.85
JOB-02601,18.87,1080,24,8.51,5,2,11,1,39.08
JOB-02602,169.73,1440,25,12.81,3,2,9,0,398.76
JOB-02603,48.25,1440,60,3.54,1,5,6,1,92.57
JOB-02604,2.68,720,24,18.99,3,2,11,1,23.15
JOB-02605,36.06,1080,50,8.65,6,1,10,0,117.37
JOB-02606,46.4,1440,60,7.63,3,2,5,0,153.15
JOB-02607,123.13,2160,25,20.78,1,4,11,1,324.79
JOB-02608,87.58,2160,60,3.43,1,5,5,0,422.49
JOB-02609,38.37,720,50,18.46,6,3,4,1,48.29
JOB-02610,26.73,1080,60,6.62,2,5,3,1,43.19
JOB-02611,74.15,1080,60,8.52,3,1,5,1,90.59
JOB-02612,28.92,1440,60,3.62,3,3,4,0,105.01
JOB-02613,167.9,720,50,12.87,5,1,2,1,142.74
JOB-02614,37.46,720,60,11.44,2,4,11,1,60.24
JOB-02615,73.44,1440,25,22.57,1,2,6,1,116.48
JOB-02616,70.9,1080,50,5.07,6,3,2,1,80.4
JOB-02617,47.2,720,50,14.1,6,2,5,0,99.43
JOB-02618,9.96,720,24,7.45,5,1,3,1,13.46
JOB-02619,28.7,2160,50,10.42,3,4,10,1,110.83
JOB-02620,53.54,1080,24,5.44,3,1,1,1,39.37
JOB-02621,21.89,1440,30,10.92,5,1,6,0,72.62
JOB-02622,51.42,1440,25,13.12,3,0,9,1,83.91
JOB-02623,145.87,1080,25,12.66,4,1,7,0,219.7
JOB-02624,12.08,1080,50,5.73,5,2,12,1,35.19
JOB-02625,11.36,1080,25,11.6,3,1,12,0,39.5
JOB-02626,11.05,2160,50,11.7,6,1,1,1,48.8
JOB-02627,77.1,2160,50,10.59,3,5,11,0,473.91
JOB-02628,146.96,720,50,21.97,3,1,8,1,139.6
JOB-02629,18.42,1080,24,8.6,4,0,11,1,17.7
JOB-02630,163.62,2160,60,16.52,3,2,1,1,554.8
JOB-02631,36.45,2160,50,7.21,6,1,10,1,120.8
JOB-02632,104.81,1080,25,5.66,5,1,3,1,75.0
JOB-02633,98.55,1080,60,5.52,2,0,10,1,127.14
JOB-02634,83.34,720,25,10.07,6,4,7,1,76.37
JOB-02635,125.51,1080,25,5.63,3,2,4,0,147.77
JOB-02636,49.94,1080,25,6.78,3,1,3,1,41.93
JOB-02637,54.05,1080,25,16.97,2,2,11,0,117.51
JOB-02638,34.42,720,24,10.41,3,1,11,1,40.81
JOB-02639,168.71,1440,25,5.96,4,5,4,1,187.27
JOB-02640,58.58,2160,60,4.87,1,2,8,1,171.54
JOB-02641,91.81,2160,60,17.4,1,3,3,1,344.95
JOB-02642,4.09,2160,24,10.56,6,3,10,0,56.5
JOB-02643,143.68,1080,30,6.73,3,1,5,0,185.72
JOB-02644,176.17,1080,50,6.86,5,0,5,1,186.86
JOB-02645,150.65,1440,30,11.47,3,2,1,0,299.64
JOB-02646,9.26,1080,50,5.5,6,3,10,0,66.04
JOB-02647,50.35,1080,25,2.49,6,2,10,1,55.95
JOB-02648,36.49,720,60,5.56,1,2,4,1,32.95
JOB-02649,101.89,720,25,4.1,4,4,9,1,74.75
JOB-02650,148.86,720,25,4.97,5,1,9,1,59.65
JOB-02651,67.13,2160,25,10.08,2,0,9,1,121.32
JOB-02652,65.61,1080,24,4.15,1,0,1,1,25.47
JOB-02653,29.38,1440,30,13.51,2,3,9,0,109.44
JOB-02654,36.21,1080,25,8.05,3,1,5,1,31.54
JOB-02655,10.34,2160,50,10.65,1,3,5,1,44.61
JOB-02656,86.24,1080,24,22.94,4,4,9,0,201.22
JOB-02657,177.91,2160,50,6.97,3,0,0,0,691.76
JOB-02658,70.73,1080,24,5.4,4,1,4,1,58.4
JOB-02659,7.2,2160,50,14.7,1,2,3,1,27.81
JOB-02660,173.26,1080,60,6.1,5,3,4,1,207.74
JOB-02661,80.94,720,25,11.13,3,1,11,1,46.91
JOB-02662,35.41,1080,30,13.03,6,4,7,1,62.11
JOB-02663,34.66,720,50,21.52,1,0,5,0,70.25
JOB-02664,114.11,720,60,6.07,5,5,6,0,196.39
JOB-02665,138.02,720,50,13.24,1,3,9,0,235.08
JOB-02666,95.9,720,30,8.37,6,0,4,1,36.94
JOB-02667,11.28,1080,50,17.47,5,3,5,0,63.08
JOB-02668,66.32,2160,24,33.94,4,0,8,1,201.37
JOB-02669,121.37,720,24,8.96,6,1,1,0,98.36
JOB-02670,88.72,1080,60,1.82,1,1,8,1,83.73
JOB-02671,66.85,1080,30,2.63,4,0,12,1,51.98
JOB-02672,155.9,1440,50,15.13,3,5,11,0,640.67
JOB-02673,57.29,720,50,7.93,6,4,11,1,69.46
JOB-02674,60.02,720,30,3.38,4,1,11,1,36.57
JOB-02675,49.31,1080,24,4.37,4,3,0,1,38.11
JOB-02676,109.24,1080,30,3.94,1,3,9,1,97.01
JOB-02677,139.82,2160,50,10.16,3,0,7,0,701.94
JOB-02678,157.92,1440,50,4.24,5,4,5,1,252.37
JOB-02679,94.76,720,25,9.62,1,0,5,0,72.76
JOB-02680,50.24,1440,30,4.88,6,4,2,0,114.14
JOB-02681,118.49,720,25,13.31,2,3,12,0,152.27
JOB-02682,49.67,720,30,3.21,1,4,0,1,36.36
JOB-02683,125.13,1080,24,5.35,3,0,8,1,78.01
JOB-02684,14.23,1080,60,10.16,6,5,12,1,48.81
JOB-02685,39.2,720,30,3.83,3,5,9,1,47.91
JOB-02686,9.0,1440,25,4.47,6,4,8,1,36.58
JOB-02687,166.15,720,50,13.87,3,4,2,1,131.84
JOB-02688,70.26,1080,30,6.11,1,1,6,1,48.58
JOB-02689,37.79,1080,50,14.72,6,1,0,1,49.48
JOB-02690,92.41,720,25,8.94,6,1,0,1,46.45
JOB-02691,145.95,1080,30,8.99,3,2,7,1,138.31
JOB-02692,23.57,1440,24,8.63,1,1,2,1,25.93
JOB-02693,114.13,720,50,8.28,3,5,9,1,116.98
JOB-02694,12.13,2160,50,2.09,1,0,4,0,63.02
JOB-02695,163.85,1080,24,9.12,2,5,6,1,139.61
JOB-02696,127.51,2160,25,12.04,3,4,10,0,496.33
JOB-02697,116.35,1080,30,26.97,4,3,6,1,158.94
JOB-02698,9.46,1080,60,6.68,6,2,10,1,41.52
JOB-02699,81.13,2160,60,32.8,1,0,6,1,430.86
JOB-02700,57.37,720,24,7.64,6,4,7,0,90.93
JOB-02701,164.01,1080,50,10.36,6,5,12,1,257.1
JOB-02702,109.03,1440,30,11.61,2,1,6,1,134.63
JOB-02703,156.64,720,50,8.19,4,2,11,1,131.22
JOB-02704,175.48,1440,24,7.89,2,2,10,0,320.57
JOB-02705,109.02,1440,30,3.58,6,1,4,0,201.65
JOB-02706,156.53,2160,30,2.09,3,5,11,1,281.58
JOB-02707,135.08,720,50,4.52,4,0,6,0,147.1
JOB-02708,20.57,1080,60,7.08,5,0,0,1,26.74
JOB-02709,84.74,1080,50,11.15,2,1,8,1,125.26
JOB-02710,59.17,1080,50,3.29,5,4,5,1,73.45
JOB-02711,1.23,2160,30,4.08,5,2,0,1,18.3
JOB-02712,30.2,2160,24,4.92,4,1,8,0,98.63
JOB-02713,10.43,720,30,4.11,6,5,11,0,65.62
JOB-02714,18.3,720,60,13.17,4,4,4,1,37.04
JOB-02715,79.63,2160,50,14.41,5,4,7,0,500.37
JOB-02716,60.98,1440,30,8.1,1,5,3,0,151.44
JOB-02717,63.22,1080,24,3.31,5,0,1,1,40.65
JOB-02718,31.61,1080,60,8.01,1,3,5,1,51.61
JOB-02719,71.92,720,25,49.16,1,4,12,0,173.62
JOB-02720,57.0,720,50,9.13,4,0,1,1,40.24
JOB-02721,134.99,2160,60,7.42,4,5,4,1,402.05
JOB-02722,147.69,1080,60,2.29,3,5,5,1,167.91
JOB-02723,178.82,1080,50,6.48,4,5,3,0,339.08
JOB-02724,98.39,1440,50,8.65,4,1,5,0,279.47
JOB-02725,128.15,720,25,6.73,4,5,11,1,100.96
JOB-02726,90.59,720,30,16.5,6,3,4,0,139.03
JOB-02727,25.54,1080,24,21.28,6,4,0,0,79.35
JOB-02728,71.7,1080,50,2.67,5,1,4,1,61.17
JOB-02729,134.55,2160,30,14.21,6,0,6,1,291.77
JOB-02730,166.84,1440,60,4.94,6,5,8,1,318.0
JOB-02731,169.19,1080,25,11.63,2,0,3,1,100.17
JOB-02732,5.34,1440,50,5.03,4,4,5,1,26.06
JOB-02733,117.68,2160,24,5.69,3,0,0,1,151.25
JOB-02734,91.27,1080,60,4.62,1,5,6,0,223.77
JOB-02735,72.49,720,50,8.74,2,2,12,1,79.74
JOB-02736,173.44,2160,50,44.06,6,5,5,1,980.48
JOB-02737,37.59,2160,60,2.87,6,3,6,1,123.1
JOB-02738,172.08,720,60,2.27,2,3,11,1,123.61
JOB-02739,114.28,1440,30,10.21,2,0,5,1,130.47
JOB-02740,73.76,2160,25,9.84,3,5,12,1,160.83
JOB-02741,165.22,720,60,14.35,1,5,8,1,160.47
JOB-02742,86.7,1440,24,13.29,6,1,1,1,97.34
JOB-02743,68.27,720,30,7.84,2,0,0,1,28.7
JOB-02744,163.36,720,60,4.83,6,5,11,1,167.59
JOB-02745,167.64,1080,24,2.13,2,5,4,1,120.9
JOB-02746,109.4,2160,24,13.75,3,3,12,1,244.75
JOB-02747,3.55,1080,60,2.32,5,2,2,0,35.48
JOB-02748,57.76,1080,25,10.05,2,4,2,0,108.56
JOB-02749,168.99,1080,25,11.79,6,1,10,1,158.51
JOB-02750,143.96,1080,24,6.04,1,2,11,1,106.42
JOB-02751,94.97,720,60,6.58,1,4,8,1,93.4
JOB-02752,12.82,1080,60,6.4,3,2,12,0,58.51
JOB-02753,59.73,720,50,6.08,6,2,6,1,56.36
JOB-02754,38.82,2160,25,4.73,3,4,11,1,81.1
JOB-02755,68.42,1080,30,4.9,3,2,9,1,70.25
JOB-02756,79.62,1440,30,11.95,6,1,10,0,215.47
JOB-02757,55.63,1080,24,1.25,6,1,0,1,30.53
JOB-02758,23.27,720,24,6.04,4,2,10,1,20.68
JOB-02759,130.6,720,60,10.71,2,3,4,1,109.42
JOB-02760,96.95,2160,24,3.24,5,0,11,1,145.89
JOB-02761,70.73,720,24,6.84,2,4,11,1,51.26
JOB-02762,21.13,1440,25,12.65,6,3,3,1,46.95
JOB-02763,14.0,720,25,14.44,6,4,7,1,28.57
JOB-02764,25.69,1080,60,7.08,3,4,1,1,43.01
JOB-02765,13.15,1080,50,5.88,4,1,5,1,31.3
JOB-02766,134.96,2160,30,7.42,2,1,9,1,254.53
JOB-02767,106.99,720,25,5.33,1,0,2,1,45.97
JOB-02768,147.34,1440,25,10.02,2,2,0,1,137.93
JOB-02769,43.88,1440,60,16.07,4,5,10,0,234.71
JOB-02770,175.51,720,50,4.17,2,4,7,1,110.79
JOB-02771,98.64,1080,60,4.67,4,1,5,0,186.94
JOB-02772,144.95,720,50,9.58,4,4,5,1,133.66
JOB-02773,97.22,720,30,20.34,6,5,4,1,89.35
JOB-02774,94.07,720,25,4.9,5,1,11,0,99.48
JOB-02775,40.57,1440,25,2.34,6,0,2,1,45.59
JOB-02776,172.02,2160,30,3.33,2,5,2,0,485.02
JOB-02777,89.63,1080,60,14.3,2,5,0,1,139.93
JOB-02778,60.24,720,60,14.29,4,3,9,1,87.15
JOB-02779,100.13,720,25,2.3,1,4,2,1,55.6
JOB-02780,141.25,1080,25,6.19,5,4,6,0,205.39
JOB-02781,62.94,720,24,12.54,6,0,3,0,60.95
JOB-02782,54.56,2160,30,10.35,3,2,2,0,191.97
JOB-02783,19.71,2160,24,10.1,6,3,2,1,54.71
JOB-02784,1.9,1440,30,5.92,1,3,9,1,25.81
JOB-02785,64.22,720,30,1.88,5,1,11,0,83.39
JOB-02786,9.22,1080,25,18.94,4,2,2,0,43.33
JOB-02787,173.41,1440,60,11.64,2,5,8,1,373.28
JOB-02788,176.99,1080,30,6.93,2,3,0,1,119.18
JOB-02789,121.41,720,50,10.81,5,4,10,1,110.68
JOB-02790,79.59,2160,50,3.15,6,4,6,1,199.79
JOB-02791,97.47,1080,24,2.83,2,1,10,1,84.64
JOB-02792,137.74,2160,25,3.36,3,3,12,0,426.27
JOB-02793,179.63,2160,25,3.15,6,5,8,0,508.62
JOB-02794,20.45,1080,25,11.34,4,3,2,1,30.78
JOB-02795,108.92,2160,50,16.5,1,0,5,0,626.59
JOB-02796,166.67,1080,30,6.16,5,1,10,0,269.35
JOB-02797,19.51,1080,25,31.47,6,1,9,1,42.05
JOB-02798,151.5,1080,30,4.88,5,0,7,1,118.1
JOB-02799,140.92,1080,30,6.71,5,4,12,0,250.5
JOB-02800,66.86,1080,60,7.74,3,2,7,1,92.71
JOB-02801,31.87,1440,50,4.77,6,5,10,1,79.1
JOB-02802,7.55,2160,24,8.81,2,3,5,0,56.49
JOB-02803,179.37,1080,50,5.52,1,3,2,1,184.8
JOB-02804,59.05,2160,25,1.62,4,0,5,1,76.05
JOB-02805,44.86,720,50,10.65,5,0,6,0,68.3
JOB-02806,44.37,2160,24,12.87,3,3,8,1,112.05
JOB-02807,6.23,720,50,10.49,2,1,0,1,15.09
JOB-02808,58.19,720,50,5.91,3,3,8,0,98.63
JOB-02809,85.7,1080,60,10.53,3,5,4,0,231.36
JOB-02810,151.87,1080,25,6.73,4,0,4,0,163.9
JOB-02811,87.98,1080,30,13.27,5,1,10,1,108.67
JOB-02812,98.35,1080,25,6.12,4,0,1,0,117.48
JOB-02813,75.63,1440,50,5.91,5,5,9,1,144.65
JOB-02814,51.95,2160,24,5.9,5,3,8,1,92.73
JOB-02815,88.17,2160,50,10.94,6,3,4,1,264.85
JOB-02816,13.82,1080,24,1.92,6,2,11,1,32.46
JOB-02817,116.82,1440,60,8.97,3,5,0,1,198.34
JOB-02818,95.66,720,60,5.02,4,4,10,1,94.36
JOB-02819,126.53,1080,24,12.75,3,3,10,1,130.99
JOB-02820,44.22,2160,25,8.84,3,0,2,0,132.04
JOB-02821,81.42,2160,24,5.11,5,4,1,1,116.2
JOB-02822,70.79,1080,24,2.18,4,1,6,1,52.44
JOB-02823,51.89,1080,60,5.43,4,3,4,0,131.07
JOB-02824,35.78,1080,50,2.52,5,2,7,1,55.67
JOB-02825,162.49,2160,24,5.04,2,0,12,1,249.69
JOB-02826,75.08,1440,60,5.43,5,1,8,0,258.5
JOB-02827,49.3,2160,30,3.67,3,4,3,1,97.06
JOB-02828,116.05,1080,24,8.77,3,3,6,1,88.5
JOB-02829,94.75,2160,60,9.34,3,1,6,1,294.74
JOB-02830,107.4,1080,50,17.88,1,3,6,1,152.87
JOB-02831,150.83,1080,24,2.48,5,2,6,1,84.12
JOB-02832,2.56,1080,25,9.37,4,2,10,1,13.53
JOB-02833,67.25,720,60,7.84,3,1,0,1,40.55
JOB-02834,139.41,720,30,3.34,2,5,2,1,69.3
JOB-02835,135.06,720,30,3.48,1,3,4,0,137.92
JOB-02836,33.67,2160,50,11.07,6,0,11,1,124.57
JOB-02837,89.35,1440,50,2.09,1,4,6,1,147.47
JOB-02838,51.47,2160,24,23.58,5,1,0,1,109.82
JOB-02839,104.04,2160,60,18.57,1,1,11,1,461.36
JOB-02840,159.25,720,25,32.14,2,4,3,0,212.78
JOB-02841,129.76,1080,30,14.39,3,1,3,1,101.39
JOB-02842,23.03,1080,25,6.68,5,0,9,1,18.19
JOB-02843,74.5,1440,24,2.47,1,1,5,1,52.53
JOB-02844,179.61,1080,50,6.61,6,2,10,0,383.79
JOB-02845,116.61,720,24,8.41,2,3,10,1,79.63
JOB-02846,130.38,2160,24,6.34,1,3,0,0,327.96
JOB-02847,5.81,720,60,2.98,5,2,8,0,41.78
JOB-02848,177.95,2160,50,7.46,2,0,3,1,434.84
JOB-02849,95.06,720,25,6.6,6,1,12,0,94.4
JOB-02850,121.33,1080,60,3.67,4,2,4,0,238.98
JOB-02851,88.59,1080,25,2.71,2,4,5,1,67.48
JOB-02852,37.65,2160,60,7.14,3,5,9,0,253.64
JOB-02853,122.25,1440,25,10.45,4,2,8,1,141.52
JOB-02854,120.79,2160,50,10.31,5,3,11,1,410.19
JOB-02855,54.83,720,24,2.51,6,2,7,1,29.82
JOB-02856,19.77,2160,50,10.22,1,5,9,0,144.48
JOB-02857,124.12,1080,50,6.79,5,4,9,1,165.2
JOB-02858,131.8,720,50,7.32,5,0,5,1,97.72
JOB-02859,49.8,1080,60,4.7,3,4,4,0,120.07
JOB-02860,69.52,1080,30,25.83,3,1,8,0,166.82
JOB-02861,17.86,2160,30,4.69,1,2,6,1,45.52
JOB-02862,138.54,720,50,8.33,3,0,8,0,171.17
JOB-02863,74.98,2160,24,20.53,6,4,8,1,201.03
JOB-02864,116.1,1080,30,6.86,6,0,8,0,164.49
JOB-02865,62.84,720,24,8.95,3,3,10,1,53.94
JOB-02866,139.76,2160,60,3.41,6,5,3,0,632.33
JOB-02867,161.36,720,24,5.92,2,5,6,1,84.42
JOB-02868,136.05,1080,25,7.43,2,3,6,1,128.59
JOB-02869,28.42,1440,25,6.79,1,1,3,1,29.86
JOB-02870,30.2,2160,60,5.58,4,0,5,1,93.56
JOB-02871,148.76,1440,24,8.14,2,4,7,1,172.53
JOB-02872,56.23,1080,50,8.61,3,0,2,1,59.77
JOB-02873,171.07,1080,50,4.21,5,4,7,0,340.23
JOB-02874,66.88,1080,24,1.86,1,3,11,0,88.82
JOB-02875,70.8,720,25,12.96,5,2,8,1,58.6
JOB-02876,65.75,1080,60,7.58,4,1,2,1,83.0
JOB-02877,10.31,1440,30,5.08,1,5,5,0,57.92
JOB-02878,68.69,720,24,3.93,4,2,12,1,51.02
JOB-02879,125.98,1080,24,17.78,4,0,3,1,93.63
JOB-02880,43.33,1080,24,2.05,4,2,8,0,77.48
JOB-02881,149.84,1080,60,8.83,5,0,10,0,382.86
JOB-02882,4.57,1080,60,24.6,2,4,9,1,27.04
JOB-02883,114.67,1080,25,3.46,4,3,3,0,137.53
JOB-02884,119.97,1080,25,2.73,3,1,12,1,80.3
JOB-02885,143.54,720,30,11.34,5,3,6,1,96.19
JOB-02886,83.85,720,60,11.13,1,2,2,0,121.69
JOB-02887,12.44,1440,25,7.69,3,4,11,0,60.03
JOB-02888,71.47,2160,30,3.4,6,5,5,0,242.0
JOB-02889,17.41,1080,60,14.06,2,2,11,1,30.72
JOB-02890,39.8,2160,24,2.46,4,1,4,1,53.46
JOB-02891,122.84,1080,50,8.04,5,1,6,1,142.78
JOB-02892,146.88,1080,24,4.69,5,1,2,1,85.85
JOB-02893,96.74,1080,30,4.43,4,4,3,1,71.78
JOB-02894,142.77,1080,60,3.28,2,4,9,1,185.42
JOB-02895,128.11,2160,24,5.49,1,0,9,1,213.64
JOB-02896,127.82,720,60,21.98,3,4,10,1,160.64
JOB-02897,88.94,720,30,6.37,2,0,12,1,42.56
JOB-02898,129.83,720,60,3.84,4,4,11,1,116.66
JOB-02899,139.71,720,24,7.49,3,0,5,0,102.16
JOB-02900,91.59,1440,50,16.55,6,5,8,1,231.74
JOB-02901,9.25,2160,30,3.53,1,4,5,1,29.81
JOB-02902,96.31,1080,24,15.41,6,1,5,1,96.94
JOB-02903,167.93,720,50,10.6,6,5,3,1,146.56
JOB-02904,88.84,720,24,25.3,5,0,3,0,100.4
JOB-02905,58.11,720,25,6.63,4,0,2,0,51.8
JOB-02906,162.81,1080,24,8.71,1,0,1,0,168.6
JOB-02907,123.6,2160,60,12.37,3,3,0,1,379.97
JOB-02908,169.49,1080,30,19.43,2,2,12,1,201.71
JOB-02909,157.97,720,30,5.3,1,1,8,0,141.39
JOB-02910,58.61,720,50,10.11,1,0,0,0,62.07
JOB-02911,81.42,1440,30,13.01,5,3,6,0,227.15
JOB-02912,102.75,1440,50,4.06,5,4,2,1,151.39
JOB-02913,24.73,1440,50,4.37,2,2,6,0,86.25
JOB-02914,94.87,1080,24,1.28,1,5,6,1,80.42
JOB-02915,85.37,1080,50,11.31,4,0,5,1,109.95
JOB-02916,41.02,1440,25,25.1,3,1,4,1,70.06
JOB-02917,144.79,1080,30,13.08,5,2,5,1,140.13
JOB-02918,8.18,2160,25,11.43,2,2,7,1,25.52
JOB-02919,162.87,2160,30,7.67,4,1,12,0,604.81
JOB-02920,45.16,720,24,20.71,6,5,3,1,48.58
JOB-02921,14.92,1080,25,1.92,3,2,8,1,33.46
JOB-02922,98.1,1440,60,3.61,4,2,7,0,298.51
JOB-02923,121.66,1080,60,7.92,3,2,3,1,145.34
JOB-02924,31.46,1080,25,30.39,3,1,2,1,42.73
JOB-02925,3.19,720,25,6.41,3,2,2,0,21.87
JOB-02926,27.87,720,24,6.89,6,0,6,1,21.83
JOB-02927,17.88,1080,50,4.58,3,5,10,1,47.71
JOB-02928,79.55,1440,24,6.66,1,0,10,1,69.15
JOB-02929,74.43,720,60,6.91,4,3,10,1,72.14
JOB-02930,137.37,2160,60,18.08,2,1,2,1,487.78
JOB-02931,121.76,1080,24,7.04,5,5,6,0,196.32
JOB-02932,108.54,2160,30,4.29,5,1,8,1,189.76
JOB-02933,128.3,720,24,6.27,2,2,5,1,62.6
JOB-02934,150.49,720,30,25.21,2,1,2,1,96.61
JOB-02935,123.46,1080,25,7.28,1,5,10,0,219.23
JOB-02936,138.71,1080,25,5.16,3,5,12,1,133.49
JOB-02937,99.64,2160,60,17.52,5,0,11,1,436.99
JOB-02938,20.54,1080,60,8.57,3,1,3,1,32.66
JOB-02939,24.01,2160,25,23.55,2,3,5,1,68.29
JOB-02940,108.22,720,24,4.78,6,3,6,1,58.69
JOB-02941,104.81,1080,24,11.1,3,4,7,0,173.69
JOB-02942,33.89,1080,25,1.74,6,1,7,1,31.26
JOB-02943,168.21,2160,60,2.14,1,5,6,1,411.52
JOB-02944,95.27,2160,30,15.86,6,5,0,1,206.2
JOB-02945,51.42,1440,25,8.66,2,4,10,0,139.78
JOB-02946,26.99,1080,60,8.69,1,2,9,1,53.62
JOB-02947,168.62,720,24,7.24,2,0,4,0,100.8
JOB-02948,57.42,1080,50,2.65,2,3,3,0,114.33
JOB-02949,13.28,720,60,10.66,5,3,2,1,27.89
JOB-02950,64.09,720,24,4.78,4,3,11,1,34.0
JOB-02951,46.89,1440,60,18.55,5,1,12,0,250.22
JOB-02952,47.46,1080,24,7.03,3,0,2,1,47.05
JOB-02953,179.67,720,24,5.45,5,0,12,1,61.78
JOB-02954,90.01,1440,30,10.62,3,3,9,0,234.51
JOB-02955,91.64,1080,50,3.67,5,2,11,1,125.93
JOB-02956,31.14,1080,60,4.64,3,4,10,0,104.48
JOB-02957,62.48,1080,25,7.0,2,1,11,1,63.11
JOB-02958,155.52,720,25,5.52,6,1,6,1,81.85
JOB-02959,176.53,1080,30,12.87,1,4,11,1,203.12
JOB-02960,68.61,720,60,8.33,6,0,9,0,120.75
JOB-02961,20.04,720,60,7.81,4,3,0,1,27.67
JOB-02962,177.98,720,50,9.37,2,5,10,1,171.85
JOB-02963,96.63,1080,25,5.72,5,0,6,1,68.52
JOB-02964,164.83,1440,60,12.26,5,0,9,1,347.51
JOB-02965,152.45,1080,30,3.16,6,4,2,0,218.52
JOB-02966,176.96,1080,30,16.24,6,3,8,1,178.81
JOB-02967,1.69,1080,24,5.73,1,2,8,1,17.02
JOB-02968,144.3,720,24,15.8,3,3,9,1,96.49
JOB-02969,91.44,1080,24,5.63,6,0,8,1,74.92
JOB-02970,81.83,720,60,9.02,6,1,6,1,79.08
JOB-02971,16.98,1080,60,10.81,1,2,5,0,62.99
JOB-02972,61.37,1080,25,9.95,5,1,5,1,61.36
JOB-02973,161.85,1080,30,6.14,2,0,2,1,89.2
JOB-02974,114.77,1080,30,9.46,1,5,9,1,120.48
JOB-02975,45.43,2160,25,10.9,1,0,0,0,136.01
JOB-02976,172.8,1440,60,2.97,1,4,4,0,475.73
JOB-02977,81.15,1440,25,7.38,4,0,12,1,91.14
JOB-02978,5.96,2160,60,15.64,2,3,8,1,46.62
JOB-02979,75.18,720,50,5.47,3,5,5,0,118.5
JOB-02980,135.99,1080,24,19.39,4,2,10,1,153.26
JOB-02981,137.36,1080,30,10.09,2,1,5,1,109.64
JOB-02982,170.72,720,50,5.75,2,3,7,1,111.5
JOB-02983,61.29,720,30,3.86,6,2,5,0,73.32
JOB-02984,96.38,1440,25,13.74,2,5,2,1,130.71
JOB-02985,70.74,1080,60,2.54,2,2,1,0,131.33
JOB-02986,132.9,2160,24,6.52,5,4,6,0,404.22
JOB-02987,108.61,1440,30,5.57,1,2,8,0,207.95
JOB-02988,132.59,720,24,22.57,2,3,12,1,109.67
JOB-02989,109.19,1080,60,1.85,2,1,1,0,170.45
JOB-02990,18.66,1440,60,9.88,5,0,2,1,30.23
JOB-02991,7.21,2160,50,7.85,5,3,3,1,41.42
JOB-02992,43.02,720,25,5.59,4,2,7,1,28.01
JOB-02993,73.78,1440,60,5.8,3,2,8,0,254.88
JOB-02994,166.11,1080,24,13.34,1,1,0,1,114.11
JOB-02995,131.14,720,24,15.78,1,4,7,1,105.61
JOB-02996,143.79,2160,25,5.6,6,5,1,1,218.52
JOB-02997,132.12,1080,60,17.83,1,3,12,0,443.83
JOB-02998,162.62,1080,30,7.84,2,2,11,0,276.62
JOB-02999,19.77,1080,60,14.2,5,0,4,0,76.03
JOB-03000,105.68,1080,24,1.58,5,3,1,1,72.99
JOB-03001,73.77,720,30,15.78,3,5,9,1,73.26
JOB-03002,157.14,1080,60,6.39,2,1,0,1,165.04
JOB-03003,60.37,1080,60,9.25,1,5,2,1,88.82
JOB-03004,42.91,1080,50,11.12,4,2,5,0,114.48
JOB-03005,142.89,2160,24,6.74,6,1,7,1,237.81
JOB-03006,128.76,1080,30,19.61,4,0,6,1,131.39
JOB-03007,128.28,1440,25,4.77,5,2,12,0,255.24
JOB-03008,34.89,1080,24,5.83,3,1,3,1,36.8
JOB-03009,31.31,1080,30,7.94,6,2,1,1,39.61
JOB-03010,155.6,1080,60,15.88,6,1,0,1,219.48
JOB-03011,21.82,1080,25,6.42,4,5,4,0,58.65
JOB-03012,130.1,720,30,1.31,2,2,8,0,120.8
JOB-03013,73.5,1080,25,4.17,5,2,1,0,100.6
JOB-03014,57.25,720,50,13.73,4,5,0,0,97.47
JOB-03015,129.39,1440,30,2.27,1,2,0,0,185.81
JOB-03016,89.6,2160,60,9.29,5,2,7,1,281.57
JOB-03017,114.67,720,30,16.55,1,1,5,1,64.83
JOB-03018,151.6,720,50,6.18,5,5,6,1,133.3
JOB-03019,32.1,1080,25,20.37,1,3,1,1,48.87
JOB-03020,115.67,1080,50,3.37,5,2,9,1,126.69
JOB-03021,75.37,720,25,11.13,1,1,8,0,76.15
JOB-03022,49.85,720,60,8.88,4,1,1,1,47.29
JOB-03023,36.08,1080,50,6.39,3,4,5,0,91.61
JOB-03024,73.23,1440,60,18.89,1,5,2,0,317.87
JOB-03025,179.27,720,25,4.9,6,4,12,1,120.35
JOB-03026,172.26,1080,25,2.91,3,3,6,1,127.0
JOB-03027,128.15,1440,50,28.29,2,0,8,1,331.78
JOB-03028,23.24,1440,30,8.41,1,5,12,1,56.72
JOB-03029,29.99,1080,24,13.84,4,2,12,1,47.57
JOB-03030,128.71,720,60,13.82,1,4,0,1,105.83
JOB-03031,144.97,1080,24,15.42,4,0,11,0,229.69
JOB-03032,129.35,1080,50,6.43,2,1,6,1,134.71
JOB-03033,179.15,1440,25,6.76,5,2,8,1,181.08
JOB-03034,105.99,1080,50,5.29,6,1,5,1,106.85
JOB-03035,34.79,2160,60,2.9,2,2,0,1,90.75
JOB-03036,26.51,1440,25,10.09,5,3,2,1,50.64
JOB-03037,50.78,1080,60,7.39,5,1,2,0,115.17
JOB-03038,165.49,1080,60,3.66,2,5,8,1,205.72
JOB-03039,85.54,1440,50,8.04,4,5,12,1,168.31
JOB-03040,14.01,1080,24,12.44,5,3,0,1,25.49
JOB-03041,165.51,2160,30,2.6,5,3,6,0,479.48
JOB-03042,36.96,2160,60,10.17,2,2,10,0,249.98
JOB-03043,57.53,1080,24,9.42,3,4,9,0,103.9
JOB-03044,26.2,1080,25,4.31,3,3,7,0,57.31
JOB-03045,144.07,1080,60,10.46,1,2,0,0,292.21
JOB-03046,74.74,720,50,4.84,1,0,8,0,79.47
JOB-03047,86.24,1440,60,3.86,1,2,1,1,125.34
JOB-03048,58.16,1080,60,16.84,4,0,1,0,157.93
JOB-03049,135.42,720,60,5.97,3,0,9,1,107.46
JOB-03050,172.22,2160,60,3.27,1,5,0,1,372.41
JOB-03051,73.69,2160,60,6.59,4,1,7,0,401.84
JOB-03052,59.9,2160,60,15.56,4,1,3,0,385.81
JOB-03053,176.36,1440,24,16.2,2,2,9,1,231.12
JOB-03054,116.27,1080,30,1.63,3,4,6,1,81.48
JOB-03055,11.06,720,50,13.33,4,5,3,1,22.31
JOB-03056,138.16,1080,24,5.2,2,5,7,0,212.36
JOB-03057,91.81,720,25,9.93,2,5,6,1,68.07
JOB-03058,117.97,720,60,5.77,4,0,1,0,124.1
JOB-03059,79.33,2160,60,3.46,6,1,10,1,229.84
JOB-03060,149.31,1440,60,18.65,5,1,10,1,376.36
JOB-03061,90.65,2160,30,10.36,6,5,4,0,342.43
JOB-03062,39.23,720,24,14.46,3,4,0,0,68.01
JOB-03063,80.41,2160,50,4.67,2,2,1,1,176.16
JOB-03064,91.73,2160,25,6.92,4,1,1,1,128.71
JOB-03065,43.72,720,50,5.88,1,3,6,1,34.21
JOB-03066,39.3,1080,25,12.1,1,0,2,1,46.61
JOB-03067,158.95,2160,30,13.04,3,3,1,1,308.4
JOB-03068,134.66,720,50,3.68,5,5,6,1,114.15
JOB-03069,127.98,1080,25,21.13,5,4,4,1,143.25
JOB-03070,38.76,1080,30,15.3,6,0,12,1,51.99
JOB-03071,177.89,720,50,13.51,2,1,10,1,143.73
JOB-03072,133.25,1440,24,21.54,5,4,10,1,229.02
JOB-03073,16.23,1080,60,9.25,5,4,12,0,93.09
JOB-03074,98.46,1080,25,1.26,6,3,4,0,136.7
JOB-03075,101.44,1440,25,9.75,3,2,12,0,229.64
JOB-03076,176.31,1080,30,4.26,6,2,9,0,264.04
JOB-03077,28.15,720,60,3.17,5,0,5,1,24.17
JOB-03078,38.37,1080,60,7.93,2,5,6,1,70.72
JOB-03079,140.71,1080,30,10.07,4,3,10,1,144.87
JOB-03080,38.38,2160,30,10.06,2,0,0,1,69.3
JOB-03081,172.6,720,50,9.76,6,3,8,1,141.88
JOB-03082,6.99,1080,60,3.17,3,2,4,1,17.86
JOB-03083,167.5,1440,50,9.56,5,0,11,1,290.88
JOB-03084,126.82,720,60,5.18,6,5,9,0,220.55
JOB-03085,73.27,1080,50,2.64,5,2,10,0,153.45
JOB-03086,41.38,1080,60,6.16,1,4,12,1,77.26
JOB-03087,143.44,1440,60,2.24,3,3,3,0,369.65
JOB-03088,76.77,2160,24,11.2,5,2,1,0,229.53
JOB-03089,131.55,1440,30,4.32,5,2,10,0,274.69
JOB-03090,69.91,1080,50,15.25,5,0,12,1,112.88
JOB-03091,41.04,1080,24,3.5,1,3,2,0,63.05
JOB-03092,33.76,2160,50,2.18,5,4,9,1,102.6
JOB-03093,100.73,1440,50,4.35,2,0,8,1,153.5
JOB-03094,118.7,1440,30,1.8,5,5,11,0,258.04
JOB-03095,18.88,1440,30,3.05,2,3,1,1,29.82
JOB-03096,59.64,1080,60,3.1,4,0,3,1,64.38
JOB-03097,161.61,1080,25,8.28,1,0,0,0,153.43
JOB-03098,29.61,720,30,12.47,6,1,8,1,32.82
JOB-03099,145.41,1440,24,4.42,3,2,0,1,119.15
JOB-03100,34.4,720,50,5.29,1,4,6,0,73.46
JOB-03101,7.63,1080,30,11.12,2,2,3,1,15.81
JOB-03102,75.58,2160,24,2.53,5,1,3,1,104.06
JOB-03103,55.3,2160,25,8.04,5,2,5,1,101.11
JOB-03104,155.21,1080,30,15.5,6,2,12,1,181.27
JOB-03105,86.83,1080,30,9.73,1,1,12,0,140.65
JOB-03106,83.47,720,50,13.92,2,5,10,1,99.55
JOB-03107,66.41,1440,50,8.11,4,0,10,1,102.99
JOB-03108,70.57,1080,24,6.57,6,5,10,1,78.01
JOB-03109,157.9,1080,30,4.23,4,0,2,0,176.95
JOB-03110,15.05,1080,25,5.87,2,1,6,0,33.3
JOB-03111,108.15,2160,24,4.12,5,4,4,1,157.5
JOB-03112,136.76,2160,25,6.71,2,3,4,0,379.22
JOB-03113,124.23,2160,50,2.95,4,5,1,0,478.1
JOB-03114,150.5,2160,60,4.21,6,1,12,1,463.04
JOB-03115,117.99,1080,50,7.32,5,0,10,0,249.32
JOB-03116,3.37,720,25,13.73,5,1,4,0,39.96
JOB-03117,104.75,1080,25,11.25,2,0,11,0,143.86
JOB-03118,66.38,2160,50,36.89,6,3,9,0,667.78
JOB-03119,174.07,1440,25,22.32,2,5,1,1,224.16
JOB-03120,86.84,720,25,14.64,5,4,4,1,70.33
JOB-03121,41.29,1080,30,6.24,3,4,1,0,83.28
JOB-03122,131.03,1080,25,4.43,6,3,10,1,108.51
JOB-03123,69.72,1440,25,9.8,4,1,4,1,79.96
JOB-03124,7.24,720,60,7.0,5,1,9,1,20.73
JOB-03125,125.66,1080,24,5.81,3,1,8,1,86.29
JOB-03126,129.86,1080,24,36.98,2,4,0,1,147.99
JOB-03127,84.24,2160,60,9.79,3,3,7,0,510.38
JOB-03128,28.38,2160,60,4.9,3,2,1,1,85.92
JOB-03129,174.25,1080,30,3.38,5,0,7,1,128.01
JOB-03130,22.9,1080,24,4.47,4,2,4,1,26.72
JOB-03131,65.53,720,24,11.27,1,0,11,0,54.34
JOB-03132,18.08,720,24,9.69,4,0,4,0,38.34
JOB-03133,149.62,720,60,11.25,5,1,1,0,219.86
JOB-03134,2.1,2160,60,8.34,1,5,7,0,41.55
JOB-03135,41.24,1080,25,3.35,4,2,7,0,68.36
JOB-03136,90.35,1080,24,23.93,4,4,6,1,110.33
JOB-03137,158.6,720,30,4.09,3,4,0,0,150.67
JOB-03138,58.94,1080,24,9.85,5,5,12,1,69.75
JOB-03139,71.06,720,50,21.07,1,1,5,1,62.72
JOB-03140,124.03,1080,30,9.26,6,1,11,1,124.25
JOB-03141,6.79,720,60,5.09,1,1,10,1,12.88
JOB-03142,113.57,1080,25,8.0,1,1,6,1,72.24
JOB-03143,3.87,1440,30,12.52,4,0,2,1,14.44
JOB-03144,104.26,2160,24,2.19,5,4,2,1,156.03
JOB-03145,162.41,1440,25,12.49,4,5,4,1,189.42
JOB-03146,154.37,1440,50,13.45,3,4,12,1,340.41
JOB-03147,163.89,1080,30,23.1,5,3,10,1,219.26
JOB-03148,126.45,720,25,7.27,6,3,11,1,68.88
JOB-03149,72.45,720,24,4.57,1,1,11,1,49.57
JOB-03150,12.17,720,60,3.76,1,0,2,0,28.43
JOB-03151,174.32,720,50,7.9,6,0,10,0,203.82
JOB-03152,118.21,1080,30,2.95,5,5,10,0,214.47
JOB-03153,86.77,720,24,43.85,1,1,0,0,110.56
JOB-03154,76.58,1080,60,10.83,3,4,8,1,123.37
JOB-03155,89.3,1440,24,17.54,2,2,1,1,93.73
JOB-03156,1.59,720,50,22.55,3,5,2,1,27.83
JOB-03157,57.54,1080,50,8.83,1,1,6,0,121.65
JOB-03158,2.18,1440,50,6.41,5,2,10,1,16.81
JOB-03159,122.39,1080,30,6.58,6,5,4,1,107.6
JOB-03160,113.32,2160,60,13.07,1,1,4,0,655.17
JOB-03161,12.25,2160,25,3.84,6,4,1,1,39.32
JOB-03162,10.35,720,60,4.86,5,4,1,1,32.28
JOB-03163,175.66,1440,25,2.8,5,0,7,0,256.47
JOB-03164,166.67,1440,25,4.8,6,2,10,1,185.26
JOB-03165,60.66,1080,25,14.21,1,2,4,1,57.18
JOB-03166,41.66,1080,25,17.37,1,2,1,1,45.02
JOB-03167,115.42,1080,25,11.64,5,4,12,1,138.17
JOB-03168,37.51,1080,25,7.99,2,1,7,0,70.87
JOB-03169,142.84,1080,60,13.56,4,3,5,1,215.97
JOB-03170,31.11,1080,24,5.23,4,4,1,1,32.47
JOB-03171,69.78,1080,50,2.83,6,4,8,1,92.78
JOB-03172,165.81,720,25,11.98,2,0,5,1,83.66
JOB-03173,58.2,1080,60,16.78,5,1,2,1,83.92
JOB-03174,116.79,1080,50,1.6,3,2,1,0,185.78
JOB-03175,20.29,1080,24,6.14,1,0,10,1,27.76
JOB-03176,80.45,2160,25,7.4,3,0,3,1,110.5
JOB-03177,174.94,1080,24,10.8,5,2,8,0,245.46
JOB-03178,73.56,1080,30,5.18,4,4,6,1,69.68
JOB-03179,3.59,720,24,10.31,5,1,10,1,17.69
JOB-03180,28.1,1080,30,5.15,4,2,2,1,37.88
JOB-03181,102.94,1080,60,8.35,3,1,1,1,127.2
JOB-03182,22.46,720,50,15.12,6,5,12,1,49.59
JOB-03183,9.26,1080,60,14.35,6,5,4,0,71.08
JOB-03184,79.8,2160,30,5.84,2,5,7,0,299.19
JOB-03185,144.33,720,24,3.86,2,4,11,1,89.68
JOB-03186,117.14,1080,30,5.95,2,4,9,1,113.82
JOB-03187,123.78,1080,50,6.87,6,4,9,1,164.85
JOB-03188,41.12,2160,25,6.82,3,1,0,0,113.88
JOB-03189,32.42,1080,24,12.98,3,0,0,1,28.16
JOB-03190,63.1,1080,60,6.41,6,5,0,0,163.53
JOB-03191,59.86,2160,30,3.32,3,5,4,1,112.74
JOB-03192,52.17,720,60,5.42,3,1,1,1,43.17
JOB-03193,114.51,1080,30,15.85,3,4,2,1,119.88
JOB-03194,171.18,1440,30,4.62,3,0,6,1,161.21
JOB-03195,33.46,1440,30,9.62,3,4,7,0,110.45
JOB-03196,14.33,1440,25,15.92,5,0,9,0,48.32
JOB-03197,41.09,720,60,11.82,4,4,7,1,57.36
JOB-03198,42.3,1440,60,3.49,5,1,9,1,78.47
JOB-03199,73.61,720,24,20.44,4,3,4,1,55.05
JOB-03200,121.79,720,25,5.26,6,4,10,0,143.56
JOB-03201,15.23,720,25,10.61,2,0,2,1,18.46
JOB-03202,92.48,720,24,6.64,3,4,10,1,75.39
JOB-03203,23.98,720,50,4.81,1,2,3,1,23.65
JOB-03204,169.95,1080,24,5.25,5,4,9,0,247.03
JOB-03205,64.75,1080,30,4.1,3,2,3,0,92.88
JOB-03206,4.79,720,24,9.0,4,5,10,0,52.64
JOB-03207,146.11,1080,24,5.09,5,0,4,1,91.48
JOB-03208,16.71,1440,30,8.63,6,3,7,0,79.13
JOB-03209,128.68,720,24,3.27,2,4,7,1,66.03
JOB-03210,101.07,1080,24,8.35,3,5,0,1,92.02
JOB-03211,108.22,2160,60,2.45,3,5,8,0,536.15
JOB-03212,110.8,1080,30,17.67,1,3,11,1,134.73
JOB-03213,143.05,1080,25,4.42,5,3,11,1,107.28
JOB-03214,48.23,2160,50,2.9,4,1,3,1,108.99
JOB-03215,123.7,1440,60,48.68,2,0,9,0,942.58
JOB-03216,60.77,720,50,27.03,4,3,1,0,122.05
JOB-03217,10.73,720,24,12.87,5,5,1,1,20.18
JOB-03218,47.21,1440,25,5.01,6,3,2,1,55.62
JOB-03219,65.65,1080,24,5.32,1,2,8,0,89.74
JOB-03220,144.55,1080,30,2.03,6,4,2,1,97.65
JOB-03221,145.37,1440,50,7.73,1,3,6,0,416.4
JOB-03222,137.4,720,60,3.34,2,5,1,0,185.07
JOB-03223,98.18,720,24,9.96,4,1,12,1,41.51
JOB-03224,24.67,1080,24,4.93,2,0,10,1,18.71
JOB-03225,100.03,1080,24,13.51,1,2,12,1,93.07
JOB-03226,136.19,1080,30,7.88,5,1,1,1,107.17
JOB-03227,64.26,1440,25,12.84,4,3,9,1,98.82
JOB-03228,112.24,1080,30,2.85,5,3,4,1,97.17
JOB-03229,69.65,1080,25,9.51,5,3,8,1,64.37
JOB-03230,131.95,1080,30,8.32,5,5,5,1,124.9
JOB-03231,81.36,1080,25,8.05,4,3,7,1,81.54
JOB-03232,21.92,1080,50,8.93,5,5,3,1,52.38
JOB-03233,69.08,1080,30,5.86,6,5,0,1,64.88
JOB-03234,140.14,720,24,7.77,3,3,12,1,99.54
JOB-03235,162.83,720,60,36.85,1,1,0,0,350.98
JOB-03236,1.27,1440,24,1.58,4,1,8,0,31.3
JOB-03237,93.46,720,25,5.27,5,0,2,1,15.44
JOB-03238,100.71,720,24,4.45,1,1,2,1,39.9
JOB-03239,138.18,2160,25,8.51,5,3,9,1,275.58
JOB-03240,157.38,720,30,7.41,6,5,3,0,173.37
JOB-03241,110.51,1080,24,8.43,1,2,12,1,101.95
JOB-03242,45.73,1080,25,31.35,2,3,0,1,64.97
JOB-03243,10.88,1440,60,4.8,2,2,7,1,30.88
JOB-03244,7.32,1440,25,14.39,6,5,0,1,30.0
JOB-03245,103.24,2160,50,5.0,6,0,9,1,267.7
JOB-03246,4.25,1440,50,10.04,6,3,2,1,26.47
JOB-03247,29.78,1440,25,3.04,3,3,10,0,79.16
JOB-03248,110.37,1440,25,2.88,2,1,0,1,71.55
JOB-03249,179.07,2160,24,5.72,4,3,12,1,307.33
JOB-03250,168.07,1440,60,5.39,1,3,0,1,249.35
JOB-03251,118.92,720,60,13.59,2,0,5,1,93.08
JOB-03252,143.88,720,25,3.8,2,4,2,1,54.79
JOB-03253,122.04,1080,24,2.71,2,0,4,1,66.44
JOB-03254,144.33,1080,60,8.01,5,4,6,1,215.21
JOB-03255,15.85,720,30,11.07,4,0,1,0,34.72
JOB-03256,175.72,1080,24,3.07,1,3,10,1,118.08
JOB-03257,10.92,1080,30,5.15,4,5,8,0,63.02
JOB-03258,74.95,720,60,14.42,5,5,12,0,195.35
JOB-03259,159.03,1080,30,2.89,4,4,11,0,250.02
JOB-03260,97.24,720,30,13.09,5,4,7,1,78.02
JOB-03261,18.65,1080,60,16.88,4,1,5,0,67.33
JOB-03262,146.6,720,24,8.24,2,3,1,1,63.27
JOB-03263,70.26,1080,25,4.95,3,0,4,0,71.78
JOB-03264,15.41,1080,24,14.95,5,0,9,1,25.18
JOB-03265,83.83,1080,30,13.37,6,5,4,0,176.37
JOB-03266,61.31,1080,50,7.92,5,2,0,1,77.16
JOB-03267,161.44,1080,30,4.74,3,5,2,0,244.85
JOB-03268,132.45,1080,60,4.05,6,2,0,1,129.74
JOB-03269,66.57,2160,60,19.61,6,4,1,1,265.36
JOB-03270,60.44,1080,24,3.28,4,4,6,1,49.48
JOB-03271,60.29,1080,24,1.73,1,3,1,1,32.97
JOB-03272,96.38,2160,60,5.05,6,5,7,1,291.33
JOB-03273,172.7,1080,60,6.31,3,5,9,0,429.37
JOB-03274,154.3,1080,30,20.71,5,3,8,0,350.61
JOB-03275,154.82,1440,25,21.95,3,3,10,0,439.51
JOB-03276,173.6,720,60,5.85,3,3,8,1,146.74
JOB-03277,20.59,1080,30,7.97,2,5,2,1,35.9
JOB-03278,42.78,1080,50,6.81,3,2,1,1,60.81
JOB-03279,39.75,1080,25,3.86,3,1,8,1,31.71
JOB-03280,166.17,1080,24,10.26,4,1,9,1,117.2
JOB-03281,28.2,720,50,17.35,5,1,10,1,52.0
JOB-03282,65.94,1440,30,11.81,1,1,2,1,85.53
JOB-03283,48.06,1080,25,4.88,2,0,0,1,32.56
JOB-03284,144.12,1440,30,5.7,2,4,6,0,289.58
JOB-03285,129.75,1440,24,12.2,4,4,6,1,167.31
JOB-03286,179.2,2160,30,9.59,5,3,9,0,682.34
JOB-03287,175.33,1080,60,9.71,5,5,12,1,294.73
JOB-03288,121.78,1080,30,5.03,2,3,0,0,149.6
JOB-03289,21.1,2160,30,6.46,3,1,9,0,90.11
JOB-03290,29.07,1080,60,9.92,2,0,10,0,83.15
JOB-03291,77.26,1080,60,48.41,1,5,2,1,220.54
JOB-03292,45.86,1080,50,3.56,6,2,0,1,60.91
JOB-03293,122.89,1440,24,14.61,4,0,5,1,134.24
JOB-03294,19.85,1080,25,2.64,3,1,6,1,25.69
JOB-03295,58.85,1080,25,4.61,4,3,3,0,87.23
JOB-03296,119.77,720,24,7.41,6,1,7,1,78.0
JOB-03297,108.63,1080,60,5.17,2,5,10,0,274.53
JOB-03298,136.43,1440,30,12.62,5,4,2,1,183.73
JOB-03299,148.12,1440,60,10.42,5,1,1,0,449.59
JOB-03300,84.46,1080,30,4.67,3,5,2,1,76.05
JOB-03301,94.75,720,60,2.44,4,5,2,1,69.46
JOB-03302,34.58,1080,30,6.48,3,1,12,0,75.54
JOB-03303,67.34,1080,24,3.17,3,5,5,1,58.38
JOB-03304,74.14,1440,50,28.83,4,5,1,1,190.33
JOB-03305,35.19,2160,24,5.26,6,1,7,0,122.8
JOB-03306,52.07,1440,60,11.0,4,1,9,0,218.66
JOB-03307,121.77,1440,50,5.45,6,2,4,0,324.44
JOB-03308,89.59,1080,60,13.26,2,4,10,0,291.14
JOB-03309,53.42,2160,50,3.39,5,0,6,1,129.2
JOB-03310,56.26,1080,25,18.69,4,3,12,1,75.16
JOB-03311,131.18,720,50,9.54,5,2,12,0,196.57
JOB-03312,25.82,720,24,7.06,4,3,11,0,65.14
JOB-03313,157.11,1080,60,14.44,1,3,6,1,227.78
JOB-03314,92.44,1440,30,14.92,3,1,6,0,228.4
JOB-03315,34.24,1080,25,29.45,3,3,2,1,63.21
JOB-03316,109.88,2160,50,7.72,2,4,0,1,269.15
JOB-03317,24.9,1080,30,4.82,2,1,5,1,26.75
JOB-03318,92.66,720,25,13.78,5,4,9,1,72.95
JOB-03319,84.94,720,24,5.58,5,3,10,1,66.15
JOB-03320,108.68,1080,25,15.49,6,0,1,0,147.43
JOB-03321,156.57,2160,60,5.2,3,3,9,1,468.72
JOB-03322,145.4,1440,24,17.54,6,2,1,0,318.71
JOB-03323,73.44,1440,24,13.86,4,1,2,1,90.17
JOB-03324,61.13,1080,25,5.19,1,1,5,1,43.13
JOB-03325,143.33,720,50,6.56,5,4,7,1,114.1
JOB-03326,6.53,1080,30,8.02,1,0,11,1,15.25
JOB-03327,10.75,720,30,12.14,4,0,3,1,10.64
JOB-03328,168.24,1080,60,10.66,6,4,6,0,442.38
JOB-03329,13.68,2160,30,19.81,3,3,7,1,45.27
JOB-03330,147.64,1080,24,6.73,2,0,1,1,82.98
JOB-03331,139.82,720,60,10.59,3,1,11,1,125.46
JOB-03332,142.97,720,30,7.54,4,2,12,1,74.17
JOB-03333,87.65,2160,50,5.28,1,3,4,1,212.5
JOB-03334,29.61,1440,25,9.22,2,1,0,0,64.4
JOB-03335,144.79,1080,60,8.8,6,0,5,0,307.64
JOB-03336,86.75,1080,24,4.58,2,5,1,1,65.37
JOB-03337,171.74,2160,24,1.57,4,1,10,0,433.56
JOB-03338,20.68,720,30,1.67,2,0,10,1,16.03
JOB-03339,56.73,2160,50,15.33,4,4,2,1,191.31
JOB-03340,22.63,1080,24,7.82,4,1,11,1,37.43
JOB-03341,16.86,1080,50,12.0,3,5,5,1,41.96
JOB-03342,97.36,1080,50,11.34,4,5,0,1,125.22
JOB-03343,23.04,1080,50,6.54,3,1,1,1,41.03
JOB-03344,49.8,1080,25,33.4,6,1,9,1,82.14
JOB-03345,73.57,1080,30,2.54,2,1,0,1,52.06
JOB-03346,126.21,1080,60,4.07,3,0,6,1,125.78
JOB-03347,144.22,1080,60,6.0,6,0,3,1,152.19
JOB-03348,106.88,720,30,15.72,3,2,8,0,148.67
JOB-03349,154.6,1080,24,20.35,4,1,9,1,149.09
JOB-03350,41.94,720,60,4.41,1,3,0,1,36.59
JOB-03351,93.32,1080,50,11.14,1,1,7,1,111.15
JOB-03352,102.32,720,25,6.53,1,0,2,1,46.47
JOB-03353,19.38,1080,50,8.38,4,4,2,1,45.23
JOB-03354,21.04,1080,25,4.36,2,3,8,0,59.9
JOB-03355,41.51,720,50,7.15,6,0,11,0,73.08
JOB-03356,171.13,720,30,4.18,3,3,11,1,99.65
JOB-03357,8.38,1440,24,34.85,1,5,6,0,60.0
JOB-03358,90.59,1080,30,10.05,6,4,7,1,103.68
JOB-03359,61.33,1080,24,2.32,1,5,12,0,115.62
JOB-03360,152.83,1080,50,10.19,5,3,3,0,320.13
JOB-03361,59.09,720,50,3.93,4,1,12,1,37.83
JOB-03362,58.74,1080,50,8.6,5,2,6,0,141.78
JOB-03363,172.78,1080,24,6.96,1,5,10,1,154.81
JOB-03364,80.29,1080,24,3.11,6,0,12,0,113.52
JOB-03365,123.57,1080,60,7.44,2,4,10,0,328.26
JOB-03366,7.37,720,24,7.43,6,3,3,1,25.77
JOB-03367,52.44,2160,25,9.22,2,1,2,0,153.71
JOB-03368,80.74,1080,24,8.75,5,1,8,1,67.43
JOB-03369,93.59,1080,25,11.83,1,1,7,0,137.84
JOB-03370,84.53,1080,50,9.25,1,3,5,1,109.14
JOB-03371,56.75,1080,60,7.45,3,4,10,1,96.66
JOB-03372,73.29,1440,24,6.87,2,3,12,1,92.53
JOB-03373,77.14,1080,25,12.07,2,0,5,0,101.6
JOB-03374,167.18,1440,25,3.78,4,2,4,0,257.33
JOB-03375,79.13,1080,24,9.37,2,0,11,1,63.32
JOB-03376,61.42,720,60,20.05,4,3,9,0,158.63
JOB-03377,26.4,720,24,41.78,4,5,8,1,46.64
JOB-03378,3.19,1080,25,8.68,3,1,3,1,17.75
JOB-03379,91.3,1080,30,3.73,2,1,5,1,61.87
JOB-03380,40.42,720,25,3.92,3,3,2,1,25.81
JOB-03381,147.04,1440,60,23.96,1,5,4,1,392.45
JOB-03382,155.53,720,25,9.86,1,2,9,1,75.25
JOB-03383,10.55,1440,24,6.19,1,3,10,1,24.48
JOB-03384,138.06,1080,50,6.33,4,0,8,1,130.33
JOB-03385,34.27,2160,50,1.99,6,5,3,1,87.5
JOB-03386,123.8,1080,30,14.05,6,3,3,1,119.23
JOB-03387,167.28,1080,24,7.3,2,5,7,0,239.41
JOB-03388,118.67,1440,25,17.92,5,5,6,1,179.69
JOB-03389,142.01,1080,24,10.11,5,1,12,1,122.11
JOB-03390,91.51,2160,24,5.25,1,5,2,0,248.31
JOB-03391,22.47,1080,24,4.83,6,1,8,1,37.83
JOB-03392,159.88,2160,60,6.98,1,5,11,1,533.08
JOB-03393,159.98,720,24,4.56,1,4,9,1,89.28
JOB-03394,163.61,720,50,3.51,2,3,10,1,112.65
JOB-03395,152.94,720,60,4.11,3,4,3,1,123.51
JOB-03396,36.51,1080,30,34.65,4,3,8,0,132.77
JOB-03397,23.68,720,30,19.98,1,3,9,1,37.07
JOB-03398,123.24,1080,24,8.29,5,4,2,1,89.77
JOB-03399,31.56,1080,60,8.53,5,0,12,0,93.58
JOB-03400,9.91,1080,30,6.95,2,1,8,1,18.71
JOB-03401,56.56,1080,50,12.64,4,0,8,0,148.86
JOB-03402,51.03,1080,25,6.94,5,5,5,0,102.22
JOB-03403,70.21,1080,24,9.88,3,2,11,0,127.21
JOB-03404,8.21,1080,60,2.61,1,5,4,1,32.03
JOB-03405,4.93,2160,30,11.6,1,0,1,1,15.27
JOB-03406,127.81,1080,50,11.67,3,5,11,0,362.46
JOB-03407,84.17,1080,30,10.77,5,3,1,1,73.24
JOB-03408,172.21,1080,50,4.12,2,4,10,1,201.86
JOB-03409,55.54,720,60,1.96,2,0,12,1,45.1
JOB-03410,17.34,1440,24,6.13,3,2,4,0,53.88
JOB-03411,123.04,2160,30,10.82,6,0,11,1,288.7
JOB-03412,98.9,1080,24,4.79,2,5,1,1,90.3
JOB-03413,85.51,720,30,4.84,1,5,12,1,82.58
JOB-03414,131.94,1080,24,3.52,5,3,4,0,172.74
JOB-03415,165.75,2160,60,5.02,2,5,8,1,485.48
JOB-03416,8.71,1080,25,17.57,6,3,8,1,33.36
JOB-03417,41.65,1440,25,15.3,4,4,10,1,82.33
JOB-03418,143.55,1080,24,6.37,2,4,7,0,213.81
JOB-03419,158.35,1080,50,15.41,5,5,0,1,210.7
JOB-03420,154.88,1440,50,3.98,3,1,9,1,229.81
JOB-03421,117.9,720,50,11.23,5,0,5,0,165.33
JOB-03422,95.0,720,30,9.11,2,0,3,1,50.31
JOB-03423,119.99,1080,25,10.61,3,4,9,0,202.21
JOB-03424,92.78,2160,25,18.22,3,3,10,1,237.35
JOB-03425,3.21,1080,24,7.6,4,1,5,1,13.11
JOB-03426,46.45,720,30,18.95,3,5,11,0,111.08
JOB-03427,170.64,1080,50,12.96,3,4,12,1,270.85
JOB-03428,140.45,720,25,8.21,2,5,10,1,85.56
JOB-03429,22.42,1080,50,2.9,2,1,12,1,42.67
JOB-03430,143.92,1080,25,10.55,5,1,4,1,108.96
JOB-03431,146.63,1440,30,2.44,2,2,9,1,158.69
JOB-03432,4.83,1080,30,6.44,5,4,9,1,30.9
JOB-03433,113.53,720,60,3.53,5,2,4,1,98.71
JOB-03434,126.33,720,50,12.45,2,0,5,0,155.21
JOB-03435,120.99,720,60,11.93,3,1,3,1,120.12
JOB-03436,120.02,1080,30,7.95,4,3,4,0,201.65
JOB-03437,153.73,1080,24,7.33,4,2,12,1,127.93
JOB-03438,1.77,1080,25,4.45,1,2,10,1,8.63
JOB-03439,51.23,720,25,9.27,3,3,9,1,40.05
JOB-03440,78.61,720,60,6.07,4,4,6,1,86.62
JOB-03441,18.82,2160,25,3.43,4,0,4,0,58.82
JOB-03442,143.01,1440,25,6.5,4,0,1,1,121.22
JOB-03443,108.41,1080,24,11.22,1,4,9,1,85.54
JOB-03444,52.29,1080,24,12.44,1,3,3,1,55.07
JOB-03445,17.13,720,60,40.7,6,4,0,1,45.75
JOB-03446,89.05,1080,60,5.94,3,0,8,0,190.68
JOB-03447,69.44,2160,24,7.25,3,1,3,1,111.38
JOB-03448,104.89,1080,60,9.8,5,1,5,1,144.19
JOB-03449,21.11,1080,24,7.56,3,1,3,1,27.34
JOB-03450,91.14,2160,30,3.85,2,0,8,1,148.54
JOB-03451,11.68,1080,60,4.55,3,5,11,1,38.71
JOB-03452,112.99,1080,25,5.53,2,0,1,1,48.56
JOB-03453,78.87,1080,60,4.06,2,1,6,1,98.44
JOB-03454,167.29,720,60,2.11,3,4,5,0,208.25
JOB-03455,61.69,1440,60,12.29,3,3,10,1,146.98
JOB-03456,2.77,1440,50,6.0,1,4,4,1,22.61
JOB-03457,71.41,1080,25,6.88,1,4,2,0,101.68
JOB-03458,144.51,2160,24,10.8,2,3,8,1,268.96
JOB-03459,103.19,720,30,4.82,2,2,0,1,51.73
JOB-03460,78.16,1080,24,9.53,5,2,5,0,113.73
JOB-03461,47.16,1080,25,18.07,3,4,0,1,57.02
JOB-03462,70.44,1080,50,4.05,4,2,12,1,104.2
JOB-03463,117.47,720,60,5.39,3,1,11,1,101.17
JOB-03464,91.65,1080,30,4.27,3,4,1,1,71.65
JOB-03465,89.78,1440,24,13.95,1,3,12,1,137.18
JOB-03466,62.4,1080,25,6.1,5,1,11,1,55.41
JOB-03467,76.21,1080,24,26.53,1,3,12,1,102.56
JOB-03468,118.72,1440,25,8.36,1,5,9,1,144.33
JOB-03469,122.91,1080,30,15.25,6,2,2,1,122.67
JOB-03470,14.57,1080,50,7.99,3,1,3,1,24.82
JOB-03471,94.39,1080,60,1.86,1,5,1,0,184.39
JOB-03472,120.44,1080,50,5.46,5,1,2,1,120.79
JOB-03473,22.7,720,25,11.98,6,2,7,0,59.76
JOB-03474,92.29,1440,60,15.5,6,3,0,1,188.42
JOB-03475,137.76,1440,24,6.46,1,0,11,1,134.22
JOB-03476,48.14,1440,60,5.46,1,5,8,0,191.44
JOB-03477,49.29,1440,25,5.9,6,3,8,1,66.58
JOB-03478,64.84,720,30,6.93,1,0,6,1,35.2
JOB-03479,143.89,1080,30,5.87,6,1,11,1,113.62
JOB-03480,71.88,1080,50,4.16,1,5,6,1,85.88
JOB-03481,40.66,1440,50,3.73,1,5,9,1,77.48
JOB-03482,68.05,1440,50,13.9,4,4,9,1,168.1
JOB-03483,78.33,1080,30,5.48,3,1,12,1,72.83
JOB-03484,102.99,1080,30,4.39,5,0,7,1,75.87
JOB-03485,36.14,1080,30,9.87,4,4,11,0,108.92
JOB-03486,91.14,1440,60,5.01,4,5,12,1,193.22
JOB-03487,125.6,2160,50,6.89,4,0,3,1,290.05
JOB-03488,146.75,1080,24,7.57,6,1,0,0,166.61
JOB-03489,4.49,720,60,4.52,1,3,1,1,18.28
JOB-03490,109.69,1440,24,9.51,2,1,11,0,234.75
JOB-03491,70.32,1080,30,18.47,4,4,1,0,150.38
JOB-03492,33.83,1080,25,4.94,1,1,7,0,59.62
JOB-03493,52.59,1080,24,8.94,2,0,6,1,48.53
JOB-03494,74.27,2160,50,22.89,2,5,10,1,332.9
JOB-03495,164.39,2160,30,16.08,1,2,9,1,399.27
JOB-03496,43.02,1080,30,17.63,3,1,7,1,51.76
JOB-03497,86.89,1080,25,15.56,2,0,9,1,81.07
JOB-03498,17.31,1080,25,9.75,2,2,11,1,24.56
JOB-03499,62.64,2160,50,5.81,4,3,7,0,316.19
JOB-03500,143.28,1080,30,8.07,3,3,8,1,154.35
JOB-03501,32.81,1080,30,3.28,6,5,0,1,35.49
JOB-03502,50.32,720,24,5.24,5,4,7,1,33.66
JOB-03503,40.96,720,30,12.52,4,4,2,0,75.7
JOB-03504,92.1,1080,24,3.73,6,1,6,1,72.65
JOB-03505,15.55,2160,30,6.65,6,5,10,1,59.8
JOB-03506,30.37,1080,50,2.0,1,3,4,0,69.66
JOB-03507,101.86,2160,60,3.73,4,4,0,1,242.18
JOB-03508,173.81,1080,24,2.93,4,3,2,0,204.43
JOB-03509,28.13,1080,25,4.96,2,2,10,1,32.03
JOB-03510,64.83,2160,24,8.4,3,3,4,1,113.31
JOB-03511,63.24,1080,25,5.21,2,5,7,1,66.28
JOB-03512,37.95,2160,60,6.32,4,5,5,1,117.14
JOB-03513,25.09,720,30,5.99,2,0,5,0,28.28
JOB-03514,16.51,2160,30,2.74,6,1,8,1,47.4
JOB-03515,63.87,720,25,4.95,5,1,6,1,30.08
JOB-03516,170.31,1440,30,6.02,3,1,11,1,202.13
JOB-03517,82.67,720,50,7.36,6,0,0,0,93.61
JOB-03518,89.73,1080,24,4.66,1,2,3,0,109.63
JOB-03519,133.33,1080,30,6.97,2,2,4,0,181.95
JOB-03520,31.08,1080,60,8.65,1,3,5,1,50.93
JOB-03521,113.27,1080,25,11.78,3,2,12,1,102.71
JOB-03522,73.37,1080,30,3.86,5,1,3,1,53.91
JOB-03523,56.36,1440,60,13.48,1,4,12,0,275.32
JOB-03524,124.51,1080,60,8.62,2,4,5,1,169.29
JOB-03525,125.77,720,25,9.95,1,3,6,1,81.14
JOB-03526,152.74,1080,60,17.58,6,5,10,0,526.86
JOB-03527,4.77,2160,25,21.93,2,2,2,0,37.99
JOB-03528,160.66,1440,30,6.7,2,2,5,1,196.83
JOB-03529,115.69,1080,30,14.2,2,4,6,1,119.21
JOB-03530,87.56,2160,30,11.5,2,4,12,1,212.33
JOB-03531,144.78,1080,60,3.31,1,2,0,0,241.16
JOB-03532,39.69,1440,25,4.0,5,2,2,1,50.06
JOB-03533,3.21,1080,60,14.8,1,4,11,0,45.36
JOB-03534,31.99,720,24,7.08,1,3,11,1,27.82
JOB-03535,136.61,1080,25,8.48,1,2,0,1,87.44
JOB-03536,37.9,720,24,5.07,6,4,9,1,39.24
JOB-03537,78.61,720,60,9.07,5,0,2,1,60.48
JOB-03538,162.02,2160,50,14.61,3,5,9,1,577.63
JOB-03539,161.89,1440,60,8.97,4,2,4,0,523.79
JOB-03540,101.7,1440,30,1.65,4,3,10,1,123.1
JOB-03541,120.77,1080,25,7.28,1,1,12,1,81.5
JOB-03542,65.25,1080,24,8.35,1,5,8,1,68.45
JOB-03543,14.78,1080,50,7.64,2,2,2,1,32.91
JOB-03544,102.77,720,24,5.56,6,1,2,1,51.18
JOB-03545,31.13,1080,24,6.85,5,0,10,1,33.28
JOB-03546,72.14,1440,25,4.53,2,2,0,0,125.8
JOB-03547,80.13,1440,50,6.3,2,0,3,1,109.8
JOB-03548,174.8,720,60,21.08,4,5,2,1,213.3
JOB-03549,91.04,1080,50,34.79,3,0,12,1,211.43
JOB-03550,78.31,720,24,3.5,2,1,8,0,56.98
JOB-03551,105.27,720,24,13.29,1,5,8,1,84.63
JOB-03552,19.19,2160,60,8.23,6,3,10,1,83.34
JOB-03553,165.4,1080,24,8.54,2,5,2,1,123.2
JOB-03554,159.0,1080,25,5.42,4,3,7,1,117.31
JOB-03555,155.99,1080,24,13.65,6,0,7,1,120.21
JOB-03556,161.03,720,60,7.11,3,1,8,1,115.53
JOB-03557,75.39,1080,30,13.05,4,2,0,1,69.1
JOB-03558,84.7,1080,60,2.59,3,1,0,1,87.69
JOB-03559,1.29,1440,60,22.91,6,5,11,1,32.67
JOB-03560,9.71,2160,24,3.77,6,1,8,0,56.51
JOB-03561,28.44,2160,25,8.92,5,2,7,0,125.89
JOB-03562,134.88,2160,30,4.59,1,1,4,0,387.32
JOB-03563,103.7,1080,25,8.7,6,3,5,0,162.23
JOB-03564,169.67,720,24,5.22,1,3,10,1,85.9
JOB-03565,86.59,720,50,12.07,3,2,2,1,74.54
JOB-03566,165.74,1080,24,3.74,3,1,6,1,84.27
JOB-03567,106.84,2160,60,4.62,5,3,5,1,303.11
JOB-03568,86.95,1080,30,1.99,3,2,7,0,122.46
JOB-03569,33.63,2160,24,4.95,1,5,7,0,131.49
JOB-03570,123.48,1080,24,2.82,3,2,2,1,77.63
JOB-03571,56.59,1080,25,26.91,2,3,12,1,79.47
JOB-03572,34.73,720,24,10.12,6,5,7,1,34.28
JOB-03573,49.09,720,30,23.72,5,0,11,1,50.29
JOB-03574,121.42,2160,60,4.32,4,4,11,0,671.21
JOB-03575,83.33,720,30,4.9,4,4,5,0,109.0
JOB-03576,99.83,1080,25,6.95,4,0,6,0,133.18
JOB-03577,150.74,1080,25,11.14,1,5,3,1,121.33
JOB-03578,134.35,1080,30,26.44,6,3,12,1,205.83
JOB-03579,26.92,1440,24,4.07,4,4,12,0,100.99
JOB-03580,19.02,1080,25,5.34,2,2,10,1,26.19
JOB-03581,34.31,1440,30,12.39,3,3,7,1,60.65
JOB-03582,153.63,1440,24,3.23,3,5,8,1,173.95
JOB-03583,102.76,1080,60,12.11,2,0,1,1,124.37
JOB-03584,116.32,1440,24,3.82,6,2,6,0,220.77
JOB-03585,116.83,720,50,3.03,2,5,2,1,75.26
JOB-03586,144.75,1080,60,4.11,2,1,3,0,276.25
JOB-03587,93.02,1080,25,13.23,1,5,3,1,76.72
JOB-03588,155.68,1440,50,12.28,6,0,3,1,252.78
JOB-03589,153.59,720,24,5.34,5,2,1,0,119.03
JOB-03590,112.06,1080,60,7.04,2,0,9,1,146.97
JOB-03591,172.86,2160,60,23.29,4,3,6,1,775.09
JOB-03592,43.96,1440,50,14.02,5,5,6,1,107.23
JOB-03593,169.43,2160,60,8.47,3,5,4,1,512.25
JOB-03594,9.79,720,25,4.62,1,3,6,1,21.85
JOB-03595,68.22,720,24,3.91,3,1,0,1,26.83
JOB-03596,2.59,720,25,10.18,1,2,7,0,28.72
JOB-03597,12.56,2160,50,4.08,2,5,4,1,52.02
JOB-03598,178.61,1080,25,3.25,6,1,1,1,94.95
JOB-03599,115.61,1080,30,11.01,1,0,7,1,106.14
JOB-03600,40.95,1080,24,4.85,3,4,11,1,55.08
JOB-03601,63.24,1080,50,8.93,5,3,12,1,106.84
JOB-03602,16.12,1080,24,15.36,6,4,4,0,71.14
JOB-03603,84.35,1440,50,2.83,4,2,1,0,204.94
JOB-03604,171.14,2160,30,19.28,1,5,10,1,495.67
JOB-03605,29.04,1440,25,8.84,4,5,1,1,46.99
JOB-03606,31.89,720,24,17.72,5,2,2,0,59.82
JOB-03607,107.86,1080,25,20.47,3,2,10,1,103.34
JOB-03608,45.9,720,24,13.64,3,2,5,1,33.4
JOB-03609,66.83,2160,25,18.66,4,0,3,1,137.11
JOB-03610,174.8,2160,24,4.27,5,5,12,1,298.3
JOB-03611,107.51,2160,25,4.85,3,3,8,1,184.04
JOB-03612,9.06,720,30,5.3,5,5,3,0,53.46
JOB-03613,115.64,2160,25,9.23,1,5,2,1,206.36
JOB-03614,9.58,720,50,3.36,4,2,5,0,43.07
JOB-03615,149.41,1080,24,3.88,1,3,5,1,84.73
JOB-03616,142.29,720,50,5.02,5,4,0,0,176.95
JOB-03617,111.79,1440,60,5.09,6,4,8,1,223.46
JOB-03618,97.71,1080,25,11.84,1,5,8,1,92.04
JOB-03619,43.62,1080,25,8.15,4,2,0,0,72.65
JOB-03620,142.08,720,25,10.25,5,2,11,1,90.15
JOB-03621,61.73,1080,24,6.39,1,3,2,1,62.16
JOB-03622,30.51,2160,25,11.46,5,4,12,1,101.35
JOB-03623,45.62,1080,60,13.08,3,3,5,1,88.68
JOB-03624,81.47,1080,24,5.88,5,1,9,1,62.12
JOB-03625,11.75,1080,30,13.29,4,2,8,1,28.46
JOB-03626,35.53,2160,24,4.23,2,1,6,1,62.0
JOB-03627,166.63,720,30,5.78,1,2,5,1,76.8
JOB-03628,175.04,1440,24,2.1,6,5,2,0,273.31
JOB-03629,110.14,1440,60,10.34,2,1,9,1,220.6
JOB-03630,89.04,1080,30,23.6,5,3,8,1,130.8
JOB-03631,3.64,1080,60,6.32,6,3,11,1,27.2
JOB-03632,120.03,2160,30,4.86,5,5,7,0,403.78
JOB-03633,34.22,2160,30,5.44,6,2,0,1,75.09
JOB-03634,161.91,1080,25,11.55,1,0,11,0,231.79
JOB-03635,37.5,1080,25,16.14,4,1,5,0,62.0
JOB-03636,65.03,1080,24,6.28,1,0,8,1,53.24
JOB-03637,66.13,1440,60,6.52,2,5,11,1,154.21
JOB-03638,160.35,2160,24,4.93,1,0,9,1,234.73
JOB-03639,157.81,720,50,5.53,1,0,11,1,87.72
JOB-03640,156.66,720,24,13.29,2,1,6,1,74.46
JOB-03641,140.95,1080,60,7.33,4,1,6,1,183.51
JOB-03642,143.85,1080,60,9.74,1,2,12,1,211.59
JOB-03643,121.74,1080,60,11.24,2,4,8,0,332.63
JOB-03644,105.5,720,25,12.53,5,3,3,1,65.03
JOB-03645,150.42,2160,30,9.79,3,0,7,0,522.88
JOB-03646,59.89,720,60,28.82,6,5,10,1,101.56
JOB-03647,64.3,2160,30,8.97,6,4,2,1,124.48
JOB-03648,38.5,1080,25,3.0,4,1,6,0,61.18
JOB-03649,156.97,1080,24,2.3,5,4,2,0,166.65
JOB-03650,77.64,720,50,7.61,3,2,0,1,56.29
JOB-03651,92.88,2160,60,6.59,4,4,3,1,258.09
JOB-03652,178.02,720,30,6.34,3,1,5,1,66.26
JOB-03653,37.99,1440,50,5.19,6,4,2,1,73.38
JOB-03654,8.19,1440,50,2.22,6,0,7,1,25.63
JOB-03655,97.92,2160,25,4.6,5,4,2,1,152.43
JOB-03656,70.07,720,60,10.58,1,3,4,1,67.0
JOB-03657,85.64,1080,30,3.89,2,5,2,0,126.41
JOB-03658,61.15,720,24,12.43,5,0,2,1,30.68
JOB-03659,123.76,2160,60,2.2,1,1,11,1,334.57
JOB-03660,165.25,1080,60,8.67,1,3,4,1,209.46
JOB-03661,27.37,1080,25,5.99,5,4,10,1,54.93
JOB-03662,44.68,1080,50,10.08,4,4,10,0,146.57
JOB-03663,118.28,1080,30,3.87,2,2,9,1,105.53
JOB-03664,173.77,2160,25,7.69,2,3,2,1,254.77
JOB-03665,91.46,1440,60,8.24,6,3,4,1,174.17
JOB-03666,99.7,1080,25,5.07,2,2,7,0,137.13
JOB-03667,122.16,1080,30,7.85,3,1,3,1,98.2
JOB-03668,101.42,1080,25,4.73,6,3,9,0,171.64
JOB-03669,50.25,1440,24,5.31,1,4,3,1,53.85
JOB-03670,43.74,1440,50,3.68,3,3,6,1,78.79
JOB-03671,128.18,1440,60,7.37,6,4,11,1,275.35
JOB-03672,115.55,720,24,13.23,5,3,4,1,63.67
JOB-03673,36.83,720,30,17.45,5,2,2,1,38.4
JOB-03674,88.64,1080,60,4.28,3,2,9,1,113.57
JOB-03675,107.04,1080,30,12.16,6,2,4,0,180.83
JOB-03676,64.18,1080,30,8.79,5,0,10,1,58.58
JOB-03677,93.49,720,50,7.88,3,5,6,1,81.53
JOB-03678,4.51,2160,60,13.08,6,3,8,0,77.78
JOB-03679,48.12,1080,25,6.26,6,1,10,1,49.29
JOB-03680,142.03,1440,24,2.31,6,5,6,1,148.64
JOB-03681,85.32,1440,50,12.05,6,0,0,1,148.35
JOB-03682,86.29,1440,30,25.36,3,4,3,1,159.81
JOB-03683,56.47,1080,50,5.26,6,5,0,1,80.76
JOB-03684,35.66,2160,50,3.23,6,1,3,1,89.83
JOB-03685,168.56,1080,60,9.52,6,4,4,0,411.69
JOB-03686,1.86,1080,25,7.35,4,4,5,0,44.63
JOB-03687,47.98,720,24,16.33,4,1,2,1,33.15
JOB-03688,164.56,1440,30,6.92,3,2,7,1,186.06
JOB-03689,80.08,720,30,7.2,6,2,12,1,53.34
JOB-03690,15.36,720,30,6.19,5,2,12,0,57.95
JOB-03691,29.5,720,30,9.13,4,2,3,1,27.25
JOB-03692,155.36,1080,50,17.32,2,5,5,0,413.5
JOB-03693,30.15,1080,24,9.62,6,2,7,0,65.83
JOB-03694,161.17,1080,30,3.88,1,4,12,0,244.1
JOB-03695,68.27,720,50,17.53,5,0,8,1,71.69
JOB-03696,52.42,2160,50,23.99,4,2,11,1,243.76
JOB-03697,101.1,1440,24,4.19,6,5,9,0,222.57
JOB-03698,90.62,1440,60,9.75,4,1,7,1,176.16
JOB-03699,141.94,2160,30,14.09,5,1,5,1,295.95
JOB-03700,3.96,1080,30,14.9,1,3,8,0,33.18
JOB-03701,160.92,720,24,15.1,3,2,0,1,74.31
JOB-03702,171.66,1440,60,6.89,5,2,10,0,586.62
JOB-03703,107.02,2160,50,9.15,6,5,4,0,551.54
JOB-03704,169.12,1440,30,4.66,5,3,6,1,205.12
JOB-03705,145.24,1440,30,16.67,4,0,8,1,212.49
JOB-03706,94.06,1080,30,9.86,6,1,12,1,103.48
JOB-03707,86.66,1080,60,2.98,6,4,3,1,101.76
JOB-03708,173.24,2160,30,8.07,5,2,9,1,335.08
JOB-03709,135.07,720,30,2.61,6,1,10,1,80.25
JOB-03710,41.64,1080,50,4.52,3,1,3,1,52.96
JOB-03711,168.18,1440,25,12.32,5,3,12,1,221.44
JOB-03712,49.39,1080,60,3.55,6,5,12,0,160.37
JOB-03713,157.02,2160,25,11.63,1,1,0,1,250.94
JOB-03714,35.68,720,50,4.74,6,2,1,1,38.92
JOB-03715,145.27,2160,50,16.51,2,5,9,1,541.37
JOB-03716,14.57,2160,50,6.99,6,4,5,1,66.24
JOB-03717,28.59,1440,50,30.92,6,5,10,1,107.74
JOB-03718,92.88,1080,24,3.62,1,4,6,1,79.04
JOB-03719,113.56,1080,25,9.07,3,3,4,1,97.88
JOB-03720,79.85,1080,25,14.95,6,3,4,0,152.32
JOB-03721,81.92,2160,60,9.21,2,2,1,0,407.62
JOB-03722,15.91,720,25,2.79,2,3,11,0,45.07
JOB-03723,21.34,1080,50,3.5,5,3,4,1,41.73
JOB-03724,39.24,1440,30,8.49,1,4,0,1,51.74
JOB-03725,128.05,2160,50,8.33,3,2,11,1,388.79
JOB-03726,172.73,1080,30,1.65,4,0,11,1,130.48
JOB-03727,129.53,1080,30,6.48,3,0,8,1,107.78
JOB-03728,44.5,1080,50,2.13,4,5,4,1,73.38
JOB-03729,173.34,1440,50,9.32,6,0,4,1,271.61
JOB-03730,91.67,720,50,16.57,4,4,8,1,97.94
JOB-03731,21.46,1080,60,7.84,1,4,12,1,51.11
JOB-03732,128.91,1080,60,5.82,1,4,8,1,198.37
JOB-03733,26.65,720,24,4.96,4,4,2,1,26.1
JOB-03734,119.51,720,30,2.91,1,5,6,1,65.93
JOB-03735,12.69,1080,30,21.57,6,5,10,0,91.14
JOB-03736,167.3,1440,60,17.82,3,1,9,1,412.94
JOB-03737,106.88,1080,50,9.02,1,4,0,0,217.44
JOB-03738,109.97,1080,25,20.68,4,3,11,1,146.87
JOB-03739,145.18,720,50,13.95,2,1,8,1,120.58
JOB-03740,152.8,1080,60,10.16,6,5,11,1,240.55
JOB-03741,106.14,2160,24,5.98,6,0,9,1,165.82
JOB-03742,14.89,720,60,5.22,1,4,2,0,45.96
JOB-03743,56.01,1080,50,5.47,3,3,9,1,76.68
JOB-03744,110.88,1080,60,12.99,4,0,9,0,303.59
JOB-03745,3.73,720,24,4.97,1,5,12,0,51.35
JOB-03746,121.56,1080,50,3.79,2,0,4,0,200.26
JOB-03747,152.04,1440,30,4.02,4,3,0,1,136.93
JOB-03748,50.26,1080,24,5.87,3,1,0,0,70.4
JOB-03749,153.31,2160,60,10.91,1,5,0,0,800.05
JOB-03750,50.27,720,24,6.73,2,5,7,1,46.61
JOB-03751,24.8,720,60,9.46,2,2,3,1,35.3
JOB-03752,121.42,1080,25,4.25,5,2,3,1,92.43
JOB-03753,11.11,1080,24,3.9,2,0,2,0,17.73
JOB-03754,150.71,2160,50,3.7,5,5,6,1,369.53
JOB-03755,166.68,1080,24,2.73,2,0,8,1,81.36
JOB-03756,39.89,2160,30,1.74,4,3,4,1,75.34
JOB-03757,85.14,1440,24,4.57,4,0,9,1,81.13
JOB-03758,9.31,1440,25,5.33,2,5,8,0,47.07
JOB-03759,163.24,720,25,6.0,4,1,2,1,90.94
JOB-03760,102.24,1080,24,5.87,3,1,5,1,74.14
JOB-03761,53.67,1080,24,4.96,2,5,10,1,66.61
JOB-03762,166.38,1440,50,14.09,3,3,7,1,312.78
JOB-03763,167.44,1080,24,2.98,3,1,10,1,113.98
JOB-03764,157.6,1080,25,6.93,4,5,2,0,219.83
JOB-03765,18.26,2160,60,7.85,3,5,3,0,137.76
JOB-03766,83.77,720,30,10.62,2,2,1,0,80.32
JOB-03767,143.9,1440,24,5.78,1,5,8,1,173.11
JOB-03768,104.92,1080,25,6.1,3,1,3,0,121.12
JOB-03769,106.08,720,25,7.55,4,5,0,0,106.75
JOB-03770,161.97,1440,30,59.51,4,5,7,1,497.5
JOB-03771,52.82,1080,25,7.1,1,5,5,0,89.58
JOB-03772,178.53,720,60,4.07,2,3,2,0,218.85
JOB-03773,100.05,1080,25,16.57,3,3,4,1,95.6
JOB-03774,44.62,1080,30,7.41,2,0,1,1,30.95
JOB-03775,126.16,1080,50,11.1,3,1,12,1,172.75
JOB-03776,178.38,1080,30,3.76,1,3,12,0,251.45
JOB-03777,157.3,1080,24,5.92,5,2,6,1,104.4
JOB-03778,10.56,720,60,13.33,2,1,0,0,27.73
JOB-03779,131.85,1080,24,24.62,4,0,8,1,157.1
JOB-03780,103.75,1440,60,8.54,6,3,6,1,213.89
JOB-03781,137.43,1440,25,7.03,6,3,0,1,131.62
JOB-03782,137.39,720,25,5.05,2,1,1,1,47.85
JOB-03783,154.47,2160,30,2.73,6,3,5,0,440.31
JOB-03784,159.69,1080,24,5.49,1,5,1,1,110.38
JOB-03785,128.29,1080,25,25.82,6,1,1,1,126.79
JOB-03786,132.18,1080,25,5.66,3,3,3,1,95.72
JOB-03787,9.49,1080,60,18.38,5,4,2,0,61.43
JOB-03788,154.2,2160,50,22.86,2,5,8,1,654.99
JOB-03789,69.31,1080,24,7.8,3,3,6,0,116.44
JOB-03790,149.25,2160,50,6.64,6,5,11,1,462.05
JOB-03791,82.25,720,24,6.61,2,5,5,0,89.85
JOB-03792,132.85,720,24,8.61,5,5,8,1,87.82
JOB-03793,140.3,1080,50,8.22,6,4,12,1,195.49
JOB-03794,174.02,1080,25,1.69,4,0,9,1,95.35
JOB-03795,30.48,720,25,6.69,4,2,2,0,49.45
JOB-03796,97.79,720,25,5.09,3,5,11,1,80.49
JOB-03797,117.32,720,25,15.74,5,4,12,1,101.54
JOB-03798,68.15,2160,24,17.03,6,5,1,0,271.29
JOB-03799,99.0,1080,24,5.87,3,4,1,1,75.42
JOB-03800,172.47,720,30,2.21,2,2,11,1,91.61
JOB-03801,66.14,720,24,4.96,4,4,7,1,41.25
JOB-03802,12.43,1080,30,11.87,4,5,3,1,23.83
JOB-03803,19.72,1080,60,14.48,5,2,7,1,42.74
JOB-03804,109.61,1080,60,21.24,2,1,3,1,173.86
JOB-03805,45.79,1080,25,10.29,1,1,8,1,46.38
JOB-03806,46.07,1080,24,11.16,1,3,7,1,49.92
JOB-03807,90.65,1440,25,7.65,4,4,2,0,167.75
JOB-03808,74.95,1080,30,5.07,4,1,11,0,131.41
JOB-03809,106.31,1080,24,9.09,3,5,7,0,172.9
JOB-03810,150.64,1440,24,7.89,3,0,10,1,167.27
JOB-03811,26.35,720,25,5.76,5,2,11,1,32.69
JOB-03812,89.13,1440,24,4.42,3,5,2,1,95.01
JOB-03813,97.04,1080,30,11.19,1,3,1,1,76.53
JOB-03814,15.15,720,50,7.56,6,5,10,1,51.42
JOB-03815,42.07,1080,25,5.46,1,2,5,1,40.75
JOB-03816,17.3,1080,60,14.34,3,1,1,0,59.72
JOB-03817,119.36,1080,50,11.25,2,0,7,1,142.08
JOB-03818,46.95,1440,24,11.55,3,2,1,0,104.48
JOB-03819,65.57,1080,24,2.54,6,1,2,1,46.75
JOB-03820,91.86,720,25,8.28,6,2,4,1,42.93
JOB-03821,32.99,1080,30,3.52,5,5,9,1,49.97
JOB-03822,32.13,1080,25,8.48,1,5,0,1,38.08
JOB-03823,112.61,720,50,3.04,6,0,10,1,74.47
JOB-03824,104.03,1440,30,14.01,4,3,1,1,145.12
JOB-03825,109.06,720,30,2.4,1,4,8,1,68.36
JOB-03826,10.93,1080,50,18.23,3,2,9,0,65.86
JOB-03827,85.18,720,30,6.54,3,0,7,0,80.46
JOB-03828,149.26,720,30,11.55,3,2,8,1,93.94
JOB-03829,81.88,1080,50,2.01,3,2,2,1,72.38
JOB-03830,17.75,1440,25,5.48,1,3,6,0,57.24
JOB-03831,21.53,1080,60,5.89,2,1,10,0,66.02
JOB-03832,165.95,1080,30,2.57,6,5,7,1,141.58
JOB-03833,44.7,1080,24,7.08,3,2,7,1,39.52
JOB-03834,121.96,2160,24,10.33,6,2,6,0,387.54
JOB-03835,34.62,1080,60,13.83,1,0,5,1,66.8
JOB-03836,95.87,1080,50,9.44,5,0,9,1,121.12
JOB-03837,89.93,1080,25,3.51,6,3,11,0,157.37
JOB-03838,141.11,1080,60,4.2,1,2,12,1,185.86
JOB-03839,7.78,1080,30,16.84,1,3,8,0,40.42
JOB-03840,33.16,2160,30,8.43,1,3,9,1,86.92
JOB-03841,65.77,1440,30,4.44,3,1,8,1,84.17
JOB-03842,146.3,1440,50,26.55,1,0,1,1,313.73
JOB-03843,145.64,720,50,2.07,2,4,5,0,168.74
JOB-03844,97.01,1440,30,6.19,4,2,6,0,213.03
JOB-03845,3.03,1080,24,31.64,6,0,1,1,16.83
JOB-03846,121.92,1080,50,13.12,1,2,10,1,165.88
JOB-03847,31.25,720,30,9.99,5,5,11,1,52.85
JOB-03848,74.96,1080,50,3.23,5,3,8,1,100.83
JOB-03849,9.75,720,30,10.69,6,5,7,0,63.01
JOB-03850,6.84,1080,50,18.12,1,3,0,0,35.1
JOB-03851,84.2,2160,60,19.31,3,0,2,1,305.27
JOB-03852,59.07,1440,25,3.18,5,2,5,1,55.47
JOB-03853,126.49,1440,25,9.79,4,2,10,1,148.69
JOB-03854,16.47,1440,25,12.74,2,1,3,1,21.61
JOB-03855,90.8,1080,50,1.55,6,2,7,0,169.94
JOB-03856,41.21,1440,25,11.47,4,4,11,1,55.44
JOB-03857,127.23,1440,60,15.91,3,0,6,1,291.7
JOB-03858,49.18,720,60,7.67,6,1,6,1,49.33
JOB-03859,39.28,2160,24,12.4,1,2,11,0,164.45
JOB-03860,130.91,1440,60,2.96,6,5,11,1,251.52
JOB-03861,64.68,1440,60,11.92,3,2,11,1,153.81
JOB-03862,9.43,1440,50,5.89,3,3,8,1,29.76
JOB-03863,42.54,720,24,9.34,6,4,0,0,77.1
JOB-03864,37.5,1080,60,13.03,5,2,8,1,70.27
JOB-03865,74.36,2160,25,2.79,2,5,12,1,147.12
JOB-03866,159.45,2160,50,6.36,1,4,7,0,769.17
JOB-03867,56.85,1080,30,6.33,2,3,0,1,51.1
JOB-03868,75.76,720,24,8.61,5,5,8,1,59.1
JOB-03869,142.36,1080,30,4.54,1,4,2,1,113.11
JOB-03870,94.8,2160,24,7.14,3,1,6,0,270.09
JOB-03871,144.99,1080,50,7.21,4,2,7,1,171.29
JOB-03872,119.08,2160,30,7.03,5,3,3,1,218.87
JOB-03873,76.54,1080,50,14.7,6,4,2,1,111.9
JOB-03874,15.49,720,25,3.2,1,1,2,1,12.09
JOB-03875,160.78,1440,25,10.16,3,4,7,1,177.67
JOB-03876,47.56,1080,50,2.22,6,5,0,1,67.63
JOB-03877,118.0,2160,30,18.27,3,0,5,0,500.78
JOB-03878,132.25,1080,25,11.24,2,5,6,1,125.31
JOB-03879,171.12,1080,60,15.67,1,3,10,1,284.75
JOB-03880,150.41,2160,30,8.08,1,3,10,1,319.97
JOB-03881,129.73,1080,50,11.12,4,3,6,1,169.62
JOB-03882,167.9,1080,25,17.44,6,3,4,1,161.36
JOB-03883,127.09,2160,50,5.63,4,2,5,1,302.69
JOB-03884,71.41,2160,60,9.35,3,2,8,1,236.29
JOB-03885,127.33,1080,50,6.39,1,1,6,1,147.32
JOB-03886,36.77,1440,25,30.72,2,3,12,0,154.3
JOB-03887,11.76,1440,50,11.99,6,1,5,0,68.27
JOB-03888,135.32,720,25,8.11,1,1,3,1,66.5
JOB-03889,166.96,1080,24,16.01,1,0,9,1,140.33
JOB-03890,20.67,1080,50,12.52,3,2,11,1,43.05
JOB-03891,68.44,720,30,7.32,3,2,12,1,52.45
JOB-03892,14.78,720,60,13.14,6,2,10,1,37.37
JOB-03893,136.73,1440,24,7.05,5,3,3,1,125.59
JOB-03894,110.45,1440,60,13.5,4,0,11,1,252.2
JOB-03895,88.78,1080,30,13.52,1,2,1,1,79.0
JOB-03896,72.14,2160,24,9.58,6,0,11,1,149.8
JOB-03897,89.02,720,25,5.48,3,2,0,1,46.33
JOB-03898,42.87,720,60,17.14,4,3,6,1,62.8
JOB-03899,146.13,1440,50,5.54,3,4,12,0,482.16
JOB-03900,166.21,720,24,7.01,2,2,7,1,62.63
JOB-03901,150.9,1080,25,2.29,4,5,3,1,89.26
JOB-03902,99.51,720,25,9.38,5,0,11,1,52.49
JOB-03903,69.15,1080,60,3.79,4,4,6,1,109.29
JOB-03904,178.64,2160,25,5.89,5,1,6,1,252.72
JOB-03905,166.32,1080,25,5.6,3,0,7,1,104.44
JOB-03906,126.99,1440,60,6.85,4,3,8,0,426.91
JOB-03907,149.98,1080,25,5.1,3,0,5,1,110.06
JOB-03908,173.48,1440,30,3.52,4,5,11,1,229.55
JOB-03909,69.32,720,60,21.05,3,1,2,1,74.6
JOB-03910,159.44,1080,50,3.5,1,0,6,1,153.61
JOB-03911,133.03,1080,50,7.49,4,0,5,0,254.2
JOB-03912,68.49,1080,25,4.4,6,0,8,1,43.12
JOB-03913,31.49,1440,60,3.81,6,1,12,0,132.72
JOB-03914,69.13,1080,30,7.4,4,1,11,1,73.71
JOB-03915,151.55,1080,24,4.96,3,2,10,0,219.04
JOB-03916,157.1,1080,50,3.02,3,2,3,1,142.4
JOB-03917,94.76,2160,25,6.11,3,4,1,1,147.04
JOB-03918,3.4,1080,25,13.33,3,5,5,1,16.56
JOB-03919,132.49,1080,50,18.98,2,1,10,1,224.14
JOB-03920,134.57,720,30,3.58,4,5,5,1,94.25
JOB-03921,5.26,1080,30,10.1,3,0,7,1,16.39
JOB-03922,31.33,1080,30,5.34,6,0,3,0,61.87
JOB-03923,64.83,1440,25,13.91,1,0,4,1,71.05
JOB-03924,40.03,1080,60,27.54,3,0,7,1,86.27
JOB-03925,29.02,1080,50,18.81,6,0,10,0,110.34
JOB-03926,64.06,1080,25,6.24,3,4,6,1,68.31
JOB-03927,96.64,720,30,11.14,3,3,6,1,54.03
JOB-03928,102.87,1080,60,8.34,4,2,3,1,130.4
JOB-03929,137.01,2160,25,13.72,2,2,5,1,277.05
JOB-03930,128.18,2160,30,9.23,3,1,12,1,281.53
JOB-03931,111.15,1080,24,9.83,5,2,12,1,93.65
JOB-03932,11.29,1440,25,14.49,5,5,2,0,64.02
JOB-03933,41.84,720,25,14.12,4,0,12,1,35.43
JOB-03934,87.79,1080,24,1.78,4,1,2,1,61.91
JOB-03935,149.16,720,30,7.09,4,2,5,1,70.1
JOB-03936,28.1,1440,24,4.17,3,2,5,1,38.09
JOB-03937,149.79,720,24,11.06,6,1,8,1,86.0
JOB-03938,69.65,2160,25,11.56,2,2,12,1,149.49
JOB-03939,116.93,2160,30,10.58,1,3,2,1,222.56
JOB-03940,164.68,720,25,4.82,6,2,3,1,75.54
JOB-03941,46.99,1440,24,9.11,6,1,6,1,68.85
JOB-03942,81.62,720,25,4.36,4,3,10,1,59.16
JOB-03943,160.61,1080,25,7.71,1,4,1,0,195.12
JOB-03944,37.46,720,25,7.01,5,1,7,1,26.49
JOB-03945,151.68,1080,25,3.59,5,2,11,0,208.04
JOB-03946,150.99,1080,50,12.3,6,3,5,1,186.67
JOB-03947,18.36,1080,30,7.11,6,1,7,1,34.32
JOB-03948,123.66,2160,30,13.16,4,5,10,0,583.17
JOB-03949,137.64,1080,24,6.95,2,5,6,1,126.96
JOB-03950,172.92,720,30,13.96,2,0,7,1,100.59
JOB-03951,160.25,1080,30,1.62,1,2,9,1,107.49
JOB-03952,157.56,720,30,11.84,3,3,6,1,104.13
JOB-03953,80.91,720,60,8.34,3,2,9,0,143.52
JOB-03954,76.78,1080,24,19.73,1,3,3,1,72.24
JOB-03955,75.8,1080,24,4.21,4,2,7,0,117.57
JOB-03956,62.27,720,25,9.9,2,3,8,1,48.64
JOB-03957,141.9,1440,50,4.35,4,3,2,0,355.85
JOB-03958,112.83,1080,25,11.51,6,0,1,1,79.23
JOB-03959,135.97,1440,25,2.92,2,5,6,0,230.28
JOB-03960,143.27,2160,60,6.38,1,2,8,1,407.44
JOB-03961,77.79,1080,50,5.86,5,5,2,1,89.91
JOB-03962,177.31,720,60,8.35,3,4,10,0,292.19
JOB-03963,132.43,2160,30,24.83,3,1,1,1,326.54
JOB-03964,70.82,1080,30,4.34,6,3,6,1,78.26
JOB-03965,172.74,1080,30,2.86,6,4,4,1,123.71
JOB-03966,110.53,2160,50,17.31,2,0,9,0,706.16
JOB-03967,153.92,1440,60,9.4,5,2,5,1,278.07
JOB-03968,153.96,1080,30,8.3,1,3,10,1,151.07
JOB-03969,142.47,1080,30,5.37,3,1,2,1,100.97
JOB-03970,147.22,1080,50,7.18,5,5,6,1,184.44
JOB-03971,82.6,1080,30,9.01,2,1,0,0,109.77
JOB-03972,140.64,1440,30,6.22,2,5,8,1,190.34
JOB-03973,158.43,1440,24,13.5,6,3,2,0,324.1
JOB-03974,103.48,720,24,2.89,3,2,6,0,102.68
JOB-03975,51.65,2160,30,12.48,3,4,9,1,140.18
JOB-03976,73.94,1080,25,4.33,2,4,12,1,69.78
JOB-03977,82.11,1440,30,4.07,1,4,10,1,100.33
JOB-03978,148.89,1440,30,9.92,6,0,12,1,192.35
JOB-03979,97.66,1440,50,4.35,1,0,5,0,232.6
JOB-03980,154.57,1080,24,1.17,3,2,3,0,154.91
JOB-03981,10.01,1440,24,7.07,3,2,11,1,33.48
JOB-03982,93.45,1080,24,11.27,5,2,12,0,166.43
JOB-03983,141.92,1080,30,10.48,1,4,2,0,211.2
JOB-03984,95.81,1080,30,6.1,6,4,0,0,151.64
JOB-03985,60.77,1080,50,3.37,1,5,3,1,74.77
JOB-03986,157.62,1080,50,6.16,5,4,11,0,362.68
JOB-03987,10.13,1440,50,9.58,6,5,12,0,93.96
JOB-03988,157.95,1080,25,6.54,2,4,4,1,123.35
JOB-03989,160.49,1440,24,16.39,5,5,0,1,192.5
JOB-03990,158.01,1080,25,2.95,1,3,10,1,121.43
JOB-03991,63.95,1080,30,12.33,2,0,12,1,70.74
JOB-03992,54.64,1080,24,9.17,6,5,8,1,62.05
JOB-03993,131.2,2160,24,8.17,3,4,8,1,260.66
JOB-03994,173.68,1440,30,6.37,4,2,11,1,221.09
JOB-03995,136.32,1080,24,6.8,3,2,4,1,81.75
JOB-03996,4.54,1080,24,6.62,1,3,3,1,19.05
JOB-03997,27.35,1080,25,16.09,5,5,4,1,49.06
JOB-03998,175.83,1440,25,10.09,3,4,5,1,208.39
JOB-03999,25.9,1440,24,18.79,5,1,12,1,57.76
JOB-04000,29.92,1080,24,30.83,2,4,0,1,46.53
JOB-04001,100.59,720,24,11.82,1,2,5,1,54.75
JOB-04002,154.8,1080,50,16.36,2,4,3,0,380.96
JOB-04003,162.21,1080,50,9.58,1,4,7,1,202.19
JOB-04004,49.66,1080,60,2.16,1,5,6,1,75.46
JOB-04005,18.35,1080,30,17.36,5,4,2,1,36.62
JOB-04006,37.37,1080,30,9.37,4,5,5,1,60.48
JOB-04007,10.98,1080,24,1.85,1,5,7,1,23.25
JOB-04008,108.26,1440,24,12.07,1,3,1,1,126.72
JOB-04009,73.15,1080,25,6.85,6,0,12,1,69.42
JOB-04010,117.91,1080,30,19.43,4,0,12,1,142.37
JOB-04011,104.12,1080,60,12.12,2,4,4,0,285.37
JOB-04012,157.34,720,24,3.24,3,4,7,1,92.46
JOB-04013,94.96,720,60,8.61,2,4,4,0,162.32
JOB-04014,141.34,1080,24,6.69,4,5,4,0,203.37
JOB-04015,118.14,720,25,13.3,2,3,0,1,56.57
JOB-04016,179.7,2160,25,16.91,5,4,8,1,414.47
JOB-04017,127.19,1080,50,12.72,4,3,12,1,197.06
JOB-04018,83.4,720,25,11.24,5,0,1,1,36.33
JOB-04019,13.99,1080,30,5.43,4,2,3,1,21.28
JOB-04020,34.67,2160,24,5.19,6,1,12,1,73.0
JOB-04021,66.94,720,30,6.36,6,3,11,1,48.98
JOB-04022,44.25,2160,24,10.18,3,5,11,0,194.0
JOB-04023,5.89,720,60,11.38,3,2,9,1,19.69
JOB-04024,6.76,720,25,20.82,1,4,0,1,18.26
JOB-04025,177.58,1080,24,1.24,2,0,4,1,75.79
JOB-04026,83.6,1080,30,17.43,5,2,4,0,164.39
JOB-04027,119.93,2160,25,20.08,1,3,3,1,258.87
JOB-04028,27.16,1080,50,4.66,1,2,3,1,29.62
JOB-04029,31.76,2160,25,5.95,4,3,0,1,55.8
JOB-04030,60.69,1080,50,17.87,4,3,5,0,192.4
JOB-04031,20.62,1080,25,19.07,3,3,8,1,30.46
JOB-04032,120.38,1080,50,5.17,2,5,7,1,134.69
JOB-04033,120.32,2160,24,3.63,4,2,4,0,307.48
JOB-04034,47.08,1080,50,8.78,5,0,1,1,54.15
JOB-04035,47.54,2160,24,7.95,3,2,6,1,84.3
JOB-04036,112.58,2160,25,3.35,5,0,8,1,176.73
JOB-04037,107.03,720,60,16.6,3,2,7,1,102.43
JOB-04038,69.94,720,25,6.58,2,0,12,0,73.58
JOB-04039,172.59,1080,24,7.11,2,1,8,0,216.66
JOB-04040,81.31,2160,50,9.32,4,0,3,1,221.48
JOB-04041,119.6,1080,50,10.97,1,5,7,1,155.44
JOB-04042,62.65,720,30,5.51,3,2,9,1,37.63
JOB-04043,57.53,1080,60,20.33,1,0,0,0,158.26
JOB-04044,59.28,720,50,7.19,4,1,2,1,40.5
JOB-04045,29.55,720,25,6.99,2,5,7,0,67.42
JOB-04046,56.29,1080,30,3.22,1,5,0,0,93.4
JOB-04047,10.78,720,30,4.8,2,3,7,1,16.81
JOB-04048,111.93,720,24,6.72,1,0,9,0,73.34
JOB-04049,22.5,1080,24,19.19,6,1,10,0,70.31
JOB-04050,147.71,1080,60,11.64,6,4,4,1,219.51
JOB-04051,35.86,1080,30,8.14,6,2,0,1,45.96
JOB-04052,140.35,1080,30,28.16,1,2,2,1,164.39
JOB-04053,99.03,2160,60,9.01,4,5,5,1,328.05
JOB-04054,59.85,1080,50,8.48,5,5,5,0,169.06
JOB-04055,6.82,2160,25,5.08,1,1,1,1,16.33
JOB-04056,176.15,1080,30,3.05,5,5,1,1,125.65
JOB-04057,168.55,720,50,8.39,5,5,3,1,138.89
JOB-04058,141.85,1440,30,31.31,3,1,12,0,551.94
JOB-04059,4.53,1080,30,28.67,2,4,6,0,51.6
JOB-04060,147.09,1440,25,4.1,1,0,0,1,116.28
JOB-04061,31.05,1080,60,6.64,6,5,7,1,63.16
JOB-04062,5.68,1440,50,9.13,5,3,6,0,54.04
JOB-04063,43.56,2160,30,8.57,1,5,5,0,184.24
JOB-04064,2.58,1440,24,16.33,3,0,4,1,19.86
JOB-04065,43.79,1080,50,3.89,3,2,10,1,54.91
JOB-04066,140.08,720,30,5.61,6,2,8,1,88.67
JOB-04067,138.03,1440,24,5.72,6,5,11,1,176.16
JOB-04068,129.65,2160,24,8.38,6,4,6,1,221.31
JOB-04069,170.1,1080,60,31.05,5,5,2,1,362.24
JOB-04070,56.64,2160,50,14.1,2,4,12,1,206.32
JOB-04071,41.94,1440,24,4.43,2,4,11,1,58.16
JOB-04072,91.54,720,24,4.58,3,2,6,0,88.25
JOB-04073,173.46,2160,30,3.81,1,4,11,1,321.72
JOB-04074,71.04,1440,60,59.44,6,0,3,1,307.8
JOB-04075,125.35,2160,25,4.02,6,0,4,0,300.84
JOB-04076,123.98,1080,24,18.27,4,1,2,0,179.21
JOB-04077,94.63,2160,25,5.14,5,5,11,0,340.39
JOB-04078,29.65,1080,30,3.15,2,0,12,1,39.17
JOB-04079,84.36,1080,25,10.54,5,4,7,1,93.45
JOB-04080,4.18,1080,24,4.16,6,5,9,1,21.84
JOB-04081,176.28,1080,60,10.62,1,4,12,1,280.71
JOB-04082,171.09,2160,25,5.41,3,1,8,0,487.74
JOB-04083,179.84,720,24,2.1,6,1,0,1,49.31
JOB-04084,64.1,1080,50,3.31,6,1,11,1,77.31
JOB-04085,132.17,720,60,16.45,6,2,2,1,131.78
JOB-04086,153.84,1440,30,19.88,6,3,8,0,449.82
JOB-04087,101.02,1080,30,7.63,2,5,4,1,101.54
JOB-04088,163.74,1080,50,8.7,2,1,12,1,199.33
JOB-04089,68.54,1080,24,9.64,2,4,4,1,64.31
JOB-04090,176.89,720,30,13.78,3,4,8,1,145.83
JOB-04091,61.09,2160,50,16.9,2,2,6,0,380.1
JOB-04092,122.72,1080,24,1.37,1,3,12,1,91.11
JOB-04093,7.61,2160,50,5.8,1,4,10,1,37.86
JOB-04094,7.8,720,30,20.84,6,0,12,1,19.74
JOB-04095,119.02,1080,60,15.43,1,3,6,1,188.28
JOB-04096,51.54,2160,25,2.06,1,4,2,1,74.82
JOB-04097,29.8,1440,50,6.22,2,0,1,1,43.97
JOB-04098,54.71,1440,25,9.09,3,5,6,0,137.26
JOB-04099,29.79,720,50,4.57,1,2,2,0,46.17
JOB-04100,163.99,1440,24,4.99,6,4,6,0,314.24
JOB-04101,26.15,1080,50,10.52,2,4,12,1,60.73
JOB-04102,48.25,1080,50,5.76,2,1,2,1,58.51
JOB-04103,71.42,720,25,10.4,3,4,4,1,54.81
JOB-04104,101.27,1080,25,9.11,3,1,4,1,77.5
JOB-04105,167.12,2160,50,3.4,4,4,5,1,381.06
JOB-04106,78.04,2160,60,23.2,4,2,5,0,622.28
JOB-04107,76.65,1080,60,2.91,2,0,11,0,161.1
JOB-04108,155.11,1080,24,2.31,6,2,8,0,214.76
JOB-04109,124.4,1080,24,14.23,5,2,12,1,126.01
JOB-04110,20.26,1080,50,2.66,2,1,9,1,32.41
JOB-04111,91.86,1080,30,10.19,4,1,1,0,128.96
JOB-04112,39.77,1080,30,7.69,5,5,3,0,93.76
JOB-04113,17.21,720,60,10.42,1,4,9,1,28.38
JOB-04114,130.59,1440,30,3.92,2,0,12,1,133.03
JOB-04115,134.97,2160,25,27.88,5,0,9,0,669.83
JOB-04116,23.03,1440,30,8.37,2,5,3,1,48.43
JOB-04117,128.08,1440,24,5.76,4,0,0,0,182.55
JOB-04118,164.63,1440,24,26.75,5,0,12,0,496.28
JOB-04119,4.8,720,30,33.08,6,3,4,1,18.14
JOB-04120,35.5,1080,60,7.41,6,1,11,1,69.12
JOB-04121,146.76,1080,25,29.9,1,4,8,0,347.84
JOB-04122,69.97,720,25,14.04,2,2,12,1,49.95
JOB-04123,161.76,720,25,3.87,2,3,5,0,108.03
JOB-04124,74.78,2160,60,7.16,5,4,10,1,254.31
JOB-04125,49.05,1080,60,12.73,5,2,4,1,89.72
JOB-04126,73.72,1080,60,8.37,4,1,3,1,93.38
JOB-04127,101.03,720,30,3.74,5,5,9,1,78.94
JOB-04128,118.19,2160,25,20.24,6,3,7,1,280.3
JOB-04129,56.65,720,50,12.38,2,1,3,1,52.17
JOB-04130,49.2,720,30,9.47,3,2,2,0,61.75
JOB-04131,7.92,720,50,5.41,5,4,12,0,64.45
JOB-04132,177.17,2160,25,27.58,3,5,0,1,424.26
JOB-04133,119.92,2160,25,11.15,1,1,0,1,186.19
JOB-04134,149.44,1080,24,4.33,2,2,10,1,104.14
JOB-04135,106.8,1080,24,7.87,1,4,11,1,95.3
JOB-04136,84.31,1080,30,6.24,6,4,1,1,85.83
JOB-04137,167.27,1080,60,8.21,6,5,11,0,469.94
JOB-04138,9.9,1080,60,26.63,5,0,10,0,64.13
JOB-04139,93.71,720,60,9.83,2,0,6,1,64.13
JOB-04140,42.91,1080,25,5.89,4,5,12,1,62.28
JOB-04141,42.81,1080,60,6.5,4,2,2,1,63.51
JOB-04142,31.04,720,50,6.34,1,3,12,1,34.99
JOB-04143,103.82,1080,50,4.87,6,5,2,1,132.95
JOB-04144,154.48,1440,30,4.79,2,1,2,1,142.03
JOB-04145,108.45,720,30,18.19,1,2,6,1,59.27
JOB-04146,66.16,1080,25,13.27,6,5,4,0,140.72
JOB-04147,38.51,720,60,3.82,4,3,0,1,31.26
JOB-04148,117.95,720,25,4.93,4,3,7,1,59.6
JOB-04149,125.91,2160,60,8.35,6,0,4,1,383.88
JOB-04150,25.56,2160,50,10.61,4,4,9,1,104.45
JOB-04151,168.29,2160,24,4.96,2,0,11,1,241.58
JOB-04152,53.11,1080,50,7.51,3,0,5,1,54.1
JOB-04153,177.33,2160,24,6.09,5,0,9,0,503.68
JOB-04154,111.32,2160,30,6.67,5,2,2,1,199.62
JOB-04155,179.27,1080,60,8.24,6,5,6,1,249.58
JOB-04156,42.55,2160,24,10.9,3,0,4,0,139.2
JOB-04157,149.85,1440,25,7.49,4,1,4,0,233.66
JOB-04158,66.58,1080,24,16.38,5,2,0,1,67.06
JOB-04159,39.32,1080,50,5.8,6,5,4,1,73.25
JOB-04160,118.8,1080,25,20.18,2,1,7,1,99.4
JOB-04161,149.01,1080,50,32.56,3,1,8,1,288.73
JOB-04162,11.63,1080,24,5.46,3,0,11,0,27.61
JOB-04163,129.13,2160,30,1.0,4,0,7,1,182.88
JOB-04164,135.93,1080,50,4.82,6,2,6,1,154.23
JOB-04165,93.73,1080,24,2.91,4,1,3,1,60.62
JOB-04166,17.45,2160,24,6.33,5,4,4,1,53.07
JOB-04167,53.3,1440,60,11.33,5,3,1,0,191.31
JOB-04168,110.98,2160,50,4.56,3,2,1,0,431.56
JOB-04169,35.84,720,30,3.83,1,2,1,1,19.09
JOB-04170,34.69,1080,50,23.37,2,5,6,0,133.72
JOB-04171,111.71,1080,24,15.41,5,0,8,1,100.48
JOB-04172,69.27,2160,24,10.57,3,1,6,1,129.87
JOB-04173,40.67,720,60,43.67,4,0,5,0,125.97
JOB-04174,103.14,2160,30,7.87,5,4,8,1,212.89
JOB-04175,172.42,720,25,7.74,1,3,3,1,97.29
JOB-04176,7.79,720,60,5.83,2,2,4,0,26.47
JOB-04177,147.1,1080,24,10.58,1,2,6,1,112.44
JOB-04178,169.89,1440,25,1.0,5,1,12,0,270.75
JOB-04179,42.85,1080,60,14.48,3,5,10,1,96.17
JOB-04180,78.27,1080,25,5.25,1,2,3,0,97.16
JOB-04181,56.22,1440,30,6.12,4,3,11,0,160.87
JOB-04182,88.58,720,25,3.85,5,0,3,0,72.16
JOB-04183,64.17,720,25,13.5,1,1,6,1,46.34
JOB-04184,59.54,2160,30,58.24,5,2,3,0,507.16
JOB-04185,80.94,1080,25,6.71,1,4,12,1,93.94
JOB-04186,159.76,720,25,2.89,1,3,2,0,123.28
JOB-04187,36.24,1440,50,2.83,2,3,12,1,64.44
JOB-04188,74.54,720,30,7.94,4,0,4,1,43.56
JOB-04189,122.61,1080,25,9.91,2,2,5,0,168.25
JOB-04190,128.62,1440,25,11.54,5,2,1,0,242.57
JOB-04191,136.08,1440,30,44.52,3,0,12,1,357.48
JOB-04192,36.82,1080,25,7.82,1,0,12,1,29.89
JOB-04193,74.58,1080,60,20.91,2,0,10,0,248.89
JOB-04194,55.33,2160,25,10.63,3,0,12,0,219.92
JOB-04195,97.11,720,60,6.73,6,5,1,1,85.82
JOB-04196,101.95,1440,25,3.28,2,4,8,0,198.25
JOB-04197,80.84,1440,60,13.27,4,0,7,1,171.79
JOB-04198,17.49,1080,25,8.92,2,2,3,1,28.57
JOB-04199,12.67,1080,60,13.38,3,2,3,1,32.06
JOB-04200,165.42,720,25,7.43,5,0,8,0,117.07
JOB-04201,7.46,720,30,5.01,3,2,4,1,25.0
JOB-04202,147.04,720,50,4.04,1,2,4,1,100.36
JOB-04203,48.88,1080,24,6.9,2,5,7,1,61.9
JOB-04204,168.99,1080,24,12.98,4,2,3,1,125.76
JOB-04205,121.07,1440,50,13.41,3,2,10,0,451.79
JOB-04206,23.77,720,24,13.64,6,5,11,0,90.7
JOB-04207,59.17,1080,60,10.21,3,4,8,1,96.34
JOB-04208,119.99,1080,25,10.6,6,4,5,1,120.02
JOB-04209,48.58,1080,25,5.15,3,4,5,0,88.52
JOB-04210,70.07,1080,24,4.48,4,2,4,0,92.23
JOB-04211,74.39,2160,50,11.92,4,0,7,1,239.86
JOB-04212,140.95,720,24,2.86,4,2,8,1,71.55
JOB-04213,89.69,720,25,3.38,2,0,7,0,53.87
JOB-04214,72.33,1440,24,6.49,1,2,0,0,114.81
JOB-04215,159.95,1440,24,3.98,2,0,8,1,118.98
JOB-04216,149.73,1080,50,7.56,1,2,12,0,330.23
JOB-04217,30.96,720,50,16.02,4,3,0,1,33.6
JOB-04218,155.8,1080,24,4.07,4,2,12,1,124.25
JOB-04219,28.93,1080,30,18.41,6,2,12,1,56.49
JOB-04220,96.81,720,50,5.02,4,4,3,1,73.73
JOB-04221,133.35,2160,50,8.67,4,3,0,0,595.09
JOB-04222,79.07,2160,60,16.01,2,2,1,0,490.75
JOB-04223,119.57,1440,60,5.49,4,3,4,0,351.27
JOB-04224,16.16,1440,24,15.76,5,0,8,1,30.45
JOB-04225,33.63,2160,25,9.7,5,4,9,1,88.97
JOB-04226,13.14,720,60,17.95,4,2,2,1,27.78
JOB-04227,123.08,1080,60,7.23,2,2,5,1,154.03
JOB-04228,156.52,1440,25,46.68,3,3,12,1,403.12
JOB-04229,92.31,1080,25,3.13,2,0,3,1,35.93
JOB-04230,94.18,1080,25,11.99,3,1,4,1,82.82
JOB-04231,161.78,1440,25,5.47,2,3,12,0,324.75
JOB-04232,155.9,1440,30,8.52,6,4,11,0,401.2
JOB-04233,65.84,1440,60,16.11,6,0,4,1,142.4
JOB-04234,179.25,720,30,10.74,2,3,5,1,93.43
JOB-04235,179.21,1080,60,10.6,1,1,11,1,253.15
JOB-04236,62.41,1080,24,13.07,6,4,10,0,140.34
JOB-04237,93.48,2160,50,3.81,4,5,1,1,212.4
JOB-04238,175.03,1080,60,11.62,4,5,3,1,254.48
JOB-04239,69.92,720,24,4.28,3,2,7,1,42.38
JOB-04240,80.52,1080,30,12.44,3,3,7,1,86.03
JOB-04241,107.68,720,25,8.93,1,0,11,0,102.5
JOB-04242,159.57,1080,25,13.43,4,4,5,1,153.62
JOB-04243,17.47,1080,30,4.99,1,1,3,1,14.17
JOB-04244,40.45,1440,50,15.1,2,5,9,0,179.66
JOB-04245,39.62,1080,25,6.88,4,4,2,1,51.13
JOB-04246,167.01,1440,25,9.7,2,5,4,1,186.27
JOB-04247,11.08,1080,24,3.99,2,2,7,1,19.24
JOB-04248,3.52,1440,60,13.62,4,3,6,0,49.53
JOB-04249,81.67,2160,24,5.37,6,5,8,1,160.1
JOB-04250,120.82,1080,24,7.52,1,3,4,1,98.15
JOB-04251,36.72,1440,25,6.14,1,4,4,1,51.56
JOB-04252,164.36,1080,30,21.0,4,0,6,1,170.47
JOB-04253,83.99,1080,50,2.6,6,4,3,1,101.67
JOB-04254,87.69,1440,24,18.07,2,5,10,1,125.09
JOB-04255,61.35,2160,30,3.55,6,5,11,1,134.29
JOB-04256,165.04,720,60,7.97,1,1,4,1,117.34
JOB-04257,171.59,720,50,13.24,1,4,11,0,288.79
JOB-04258,105.55,1080,25,22.37,2,3,6,1,114.79
JOB-04259,36.03,720,50,14.58,6,5,3,1,52.38
JOB-04260,148.94,2160,24,4.69,1,0,10,1,235.71
JOB-04261,47.06,1440,24,11.6,3,0,1,0,88.35
JOB-04262,30.9,1440,25,6.13,2,4,7,0,93.19
JOB-04263,68.48,1080,30,13.63,1,5,1,1,78.8
JOB-04264,91.22,1080,60,12.26,6,3,6,1,128.22
JOB-04265,9.47,720,60,4.73,6,1,6,0,41.64
JOB-04266,147.65,1440,30,5.81,2,5,5,1,189.0
JOB-04267,132.59,1080,30,5.54,1,3,8,1,110.59
JOB-04268,103.51,720,25,19.64,3,1,3,0,99.67
JOB-04269,179.96,720,24,6.68,6,1,10,0,155.75
JOB-04270,112.79,1080,25,3.75,1,1,11,1,73.88
JOB-04271,81.98,1080,50,6.71,5,1,7,0,164.87
JOB-04272,28.32,720,60,6.31,5,2,11,0,74.07
JOB-04273,133.96,720,25,8.14,2,2,5,1,55.78
JOB-04274,95.4,1080,24,6.59,3,5,6,0,161.83
JOB-04275,51.54,1080,25,14.03,2,4,0,1,53.49
JOB-04276,105.74,1080,24,12.35,4,5,1,1,99.36
JOB-04277,84.41,1080,25,2.01,6,2,9,1,64.37
JOB-04278,54.73,1440,60,10.87,6,3,12,0,260.58
JOB-04279,160.21,720,24,3.56,1,4,9,1,72.25
JOB-04280,29.36,720,25,17.17,4,5,6,1,37.08
JOB-04281,155.63,1080,30,13.09,2,0,0,1,120.88
JOB-04282,55.92,1080,24,10.61,4,0,5,1,47.31
JOB-04283,114.89,1440,24,11.41,6,2,12,1,151.66
JOB-04284,94.0,720,50,3.76,5,3,3,1,59.36
JOB-04285,81.68,1440,24,3.14,6,1,0,0,118.15
JOB-04286,70.37,2160,25,3.93,4,1,9,1,113.13
JOB-04287,60.7,1440,24,19.35,4,5,8,1,109.37
JOB-04288,57.12,1080,24,10.46,4,2,7,1,63.08
JOB-04289,30.09,1080,25,1.58,5,0,7,1,23.64
JOB-04290,111.57,1080,25,5.52,3,3,10,0,157.35
JOB-04291,65.03,1440,30,11.61,5,5,3,1,114.58
JOB-04292,29.19,2160,50,9.86,1,3,4,1,89.62
JOB-04293,117.97,720,50,5.41,1,3,2,1,80.0
JOB-04294,37.81,1080,30,8.16,5,3,5,1,47.81
JOB-04295,51.29,2160,25,8.56,4,3,9,0,195.87
JOB-04296,81.86,1080,60,6.56,1,5,3,0,210.18
JOB-04297,162.67,1080,24,18.6,5,5,1,1,155.11
JOB-04298,147.95,720,24,7.99,1,4,7,1,83.17
JOB-04299,1.62,720,24,1.56,2,3,8,1,15.17
JOB-04300,99.36,2160,25,4.0,1,5,9,1,171.59
JOB-04301,55.03,2160,25,7.39,1,1,9,1,104.86
JOB-04302,76.36,720,50,7.09,5,5,3,1,67.04
JOB-04303,58.38,1440,60,7.9,3,2,8,1,112.34
JOB-04304,140.23,720,50,5.64,4,0,3,1,86.07
JOB-04305,50.73,2160,50,12.51,5,1,2,1,154.34
JOB-04306,85.88,720,60,5.71,3,1,7,0,104.71
JOB-04307,23.11,2160,30,15.86,4,1,1,1,59.48
JOB-04308,38.45,2160,24,5.35,6,4,1,0,130.5
JOB-04309,27.89,1440,25,4.68,1,5,1,1,40.79
JOB-04310,25.79,1080,30,18.19,5,0,2,0,61.42
JOB-04311,37.28,2160,25,7.36,1,5,2,1,75.02
JOB-04312,122.6,2160,50,8.53,6,3,10,0,679.62
JOB-04313,140.66,1080,50,6.06,4,0,5,1,130.91
JOB-04314,69.3,1080,50,18.18,2,4,3,0,200.81
JOB-04315,153.47,1080,30,5.71,2,3,5,1,127.83
JOB-04316,171.52,1440,25,5.74,5,3,1,0,274.36
JOB-04317,75.31,1080,24,4.61,6,0,9,1,57.18
JOB-04318,177.33,1080,24,7.21,3,0,9,1,126.26
JOB-04319,14.68,1080,60,11.59,5,3,6,1,42.76
JOB-04320,130.56,720,30,6.36,1,4,0,1,69.8
JOB-04321,136.43,2160,30,7.23,3,5,3,1,256.05
JOB-04322,143.26,1080,30,8.22,3,1,1,1,102.1
JOB-04323,39.94,2160,25,9.68,4,5,1,1,80.35
JOB-04324,9.89,720,25,8.26,2,5,9,0,52.33
JOB-04325,9.66,720,25,17.43,3,1,6,1,11.14
JOB-04326,22.96,1080,25,4.22,3,1,12,1,27.41
JOB-04327,121.94,1080,24,9.53,3,3,7,1,104.26
JOB-04328,124.2,1080,24,3.47,3,3,11,1,101.38
JOB-04329,143.34,1080,24,2.68,3,3,10,1,106.65
JOB-04330,99.28,1080,30,9.54,2,2,3,0,150.52
JOB-04331,129.08,1080,50,8.75,2,3,10,1,167.96
JOB-04332,82.31,720,24,8.33,5,3,7,1,41.07
JOB-04333,13.62,1440,24,21.58,4,5,9,0,79.98
JOB-04334,108.43,720,50,12.39,1,4,3,1,92.12
JOB-04335,10.15,1080,25,10.93,5,4,11,1,36.18
JOB-04336,87.76,2160,24,1.22,3,0,5,1,110.9
JOB-04337,23.21,2160,60,4.27,3,5,10,1,89.64
JOB-04338,149.33,1080,60,6.67,1,2,4,1,168.03
JOB-04339,155.47,1080,24,4.22,4,5,6,1,103.98
JOB-04340,83.52,1080,25,8.28,4,0,10,1,85.64
JOB-04341,158.75,1080,24,12.2,2,0,7,0,209.89
JOB-04342,72.61,1440,30,2.86,5,2,7,1,79.87
JOB-04343,73.93,1080,60,16.63,3,3,0,0,198.88
JOB-04344,46.69,1080,24,6.05,2,4,5,1,46.41
JOB-04345,124.86,720,30,7.86,2,1,10,1,76.42
JOB-04346,116.63,1080,24,9.77,6,4,0,1,93.57
JOB-04347,88.17,1440,30,6.96,5,1,8,1,112.83
JOB-04348,120.32,1080,30,5.98,4,3,3,0,178.48
JOB-04349,114.82,1080,30,6.05,5,0,3,1,79.19
JOB-04350,65.66,1080,60,3.58,4,3,12,0,161.39
JOB-04351,33.16,1080,25,7.51,4,5,7,1,57.54
JOB-04352,24.36,1080,30,9.52,2,4,7,0,70.78
JOB-04353,167.72,2160,50,6.4,3,4,5,1,431.04
JOB-04354,124.54,2160,50,9.81,6,5,0,1,329.43
JOB-04355,26.95,1440,60,14.76,4,2,11,1,86.84
JOB-04356,84.48,720,50,3.17,4,0,0,0,81.9
JOB-04357,39.13,1440,24,16.92,5,3,7,1,60.72
JOB-04358,118.58,1440,24,4.81,4,5,8,0,251.03
JOB-04359,70.27,720,50,9.34,1,2,10,1,73.04
JOB-04360,86.43,1440,25,19.46,2,0,8,1,130.31
JOB-04361,117.81,720,30,6.65,5,0,9,1,51.28
JOB-04362,52.78,2160,50,10.28,5,0,3,1,146.26
JOB-04363,144.01,2160,60,2.24,2,3,2,1,337.08
JOB-04364,29.93,1440,25,6.59,1,1,10,1,37.77
JOB-04365,141.92,720,25,8.67,5,0,8,1,53.06
JOB-04366,6.1,1080,30,9.09,2,4,9,1,30.6
JOB-04367,27.79,1440,30,5.82,2,5,10,1,55.58
JOB-04368,162.34,720,25,10.92,2,5,0,1,80.36
JOB-04369,60.58,720,30,12.47,3,2,10,0,84.53
JOB-04370,135.42,720,60,11.5,4,4,5,1,133.25
JOB-04371,67.81,720,50,7.16,1,2,8,0,98.6
JOB-04372,19.32,720,30,8.41,4,1,3,1,26.51
JOB-04373,176.23,1440,60,5.78,4,5,5,1,317.9
JOB-04374,108.15,1080,30,24.1,4,4,1,1,124.32
JOB-04375,176.26,1080,24,7.89,5,0,3,1,110.31
JOB-04376,17.61,1080,24,6.58,1,5,12,1,42.43
JOB-04377,34.77,1080,25,5.49,1,2,12,1,36.9
JOB-04378,95.06,2160,25,12.94,1,2,6,1,203.91
JOB-04379,79.33,1080,25,13.42,6,4,5,1,79.01
JOB-04380,48.09,1080,60,15.84,3,3,11,0,174.65
JOB-04381,35.19,2160,50,7.4,3,1,7,1,109.43
JOB-04382,63.76,1080,30,9.56,4,1,3,0,110.33
JOB-04383,137.89,1080,24,3.31,5,3,10,1,121.03
JOB-04384,82.23,720,30,3.38,3,0,10,1,39.4
JOB-04385,177.75,1440,24,10.53,2,3,0,0,299.4
JOB-04386,37.83,1440,60,5.2,4,4,5,1,85.14
JOB-04387,80.58,1080,60,7.31,4,3,7,1,117.24
JOB-04388,70.82,2160,50,6.72,5,4,2,1,176.01
JOB-04389,69.3,1080,30,12.32,1,2,2,1,65.72
JOB-04390,38.91,720,30,5.41,1,0,4,1,21.79
JOB-04391,124.37,720,25,6.55,3,0,1,0,86.21
JOB-04392,81.97,2160,25,7.8,4,5,3,1,142.98
JOB-04393,114.36,1080,50,5.77,3,0,0,1,95.81
JOB-04394,1.3,1080,60,3.5,4,1,7,1,10.66
JOB-04395,133.13,1080,25,4.5,1,1,4,1,76.85
JOB-04396,62.99,1440,60,18.55,3,1,3,0,260.93
JOB-04397,121.42,1080,60,6.35,2,3,12,0,308.26
JOB-04398,105.12,1080,24,5.3,4,5,8,0,179.28
JOB-04399,122.06,720,24,9.46,1,0,1,1,36.85
JOB-04400,15.35,1080,50,2.36,5,3,5,0,66.51
JOB-04401,25.84,1080,24,8.67,1,4,11,1,28.01
JOB-04402,153.55,1080,60,3.8,4,0,4,0,281.32
JOB-04403,105.41,720,24,21.89,5,3,7,0,150.58
JOB-04404,161.51,1080,50,6.51,2,2,9,1,183.67
JOB-04405,156.84,1080,24,10.32,3,5,11,1,148.25
JOB-04406,114.16,1080,24,23.9,2,0,1,0,183.05
JOB-04407,50.43,1080,60,4.38,2,5,1,1,72.43
JOB-04408,138.56,720,60,3.17,1,2,7,0,182.93
JOB-04409,121.52,2160,60,4.03,2,1,4,0,558.14
JOB-04410,31.69,720,24,15.96,1,1,11,1,25.38
JOB-04411,157.14,1440,60,6.52,3,3,9,1,289.91
JOB-04412,24.09,720,24,19.09,4,0,3,1,25.0
JOB-04413,83.48,1080,50,7.24,4,3,10,1,117.43
JOB-04414,176.74,1440,25,4.13,6,3,6,0,315.16
JOB-04415,26.93,1080,60,7.16,4,0,2,1,42.86
JOB-04416,34.95,1440,25,11.41,4,1,9,0,85.9
JOB-04417,85.75,2160,50,6.24,6,4,8,1,241.94
JOB-04418,76.97,1440,50,5.93,4,3,6,1,128.86
JOB-04419,166.59,1080,24,4.41,2,5,8,1,131.87
JOB-04420,147.82,720,25,6.4,1,0,1,1,46.77
JOB-04421,102.88,1080,24,4.8,1,3,3,1,77.66
JOB-04422,85.23,1080,24,6.08,6,2,1,1,63.39
JOB-04423,24.53,2160,25,14.58,3,4,8,0,134.55
JOB-04424,63.2,720,50,30.17,1,5,0,1,88.21
JOB-04425,145.92,1080,50,6.61,5,2,12,1,174.91
JOB-04426,107.35,1080,30,3.59,1,1,5,1,72.33
JOB-04427,159.03,1440,60,3.62,2,4,9,1,264.05
JOB-04428,156.1,2160,24,19.46,6,0,1,0,524.01
JOB-04429,2.42,720,24,3.85,4,0,1,0,25.47
JOB-04430,168.07,720,25,1.77,4,0,2,0,83.6
JOB-04431,134.81,1440,30,8.04,2,4,12,0,338.75
JOB-04432,142.59,720,24,2.58,1,5,1,1,60.18
JOB-04433,91.19,1080,60,2.31,4,5,10,1,122.37
JOB-04434,76.31,1440,30,18.71,2,0,2,1,105.53
JOB-04435,3.26,1080,60,2.37,1,4,2,0,39.71
JOB-04436,38.99,720,60,13.55,1,0,7,0,73.88
JOB-04437,122.85,2160,60,2.37,4,5,7,0,609.65
JOB-04438,2.05,1080,30,2.75,2,2,11,1,20.03
JOB-04439,88.58,1080,24,7.21,1,2,12,0,127.53
JOB-04440,62.24,720,30,5.84,4,5,11,1,50.07
JOB-04441,15.48,720,30,2.9,6,1,5,1,28.14
JOB-04442,78.4,720,50,5.58,3,3,12,1,67.63
JOB-04443,137.67,1080,50,3.91,4,4,10,1,165.95
JOB-04444,18.55,1080,30,10.17,1,5,2,1,30.48
JOB-04445,40.8,1080,25,5.61,1,4,11,0,83.29
JOB-04446,36.57,2160,30,4.01,1,4,10,1,80.42
JOB-04447,179.52,2160,30,9.74,1,1,4,1,328.98
JOB-04448,177.76,1080,24,27.43,2,4,8,1,217.14
JOB-04449,108.07,1080,30,7.62,5,2,2,1,105.08
JOB-04450,101.48,1080,30,6.66,1,1,0,1,57.67
JOB-04451,92.92,720,25,9.33,2,2,12,1,56.49
JOB-04452,43.47,1440,60,6.23,4,0,9,1,82.13
JOB-04453,126.22,1080,60,7.4,2,3,12,1,182.46
JOB-04454,72.76,1080,50,18.86,1,3,5,1,117.51
JOB-04455,30.3,1080,25,9.71,6,1,1,1,29.53
JOB-04456,18.4,1440,50,9.66,6,4,7,0,100.09
JOB-04457,104.27,1080,24,1.0,3,4,7,0,145.3
JOB-04458,160.03,1440,24,9.93,1,1,9,1,177.73
JOB-04459,50.72,1080,24,5.64,6,2,4,0,84.58
JOB-04460,32.05,1080,25,10.45,1,5,10,1,39.34
JOB-04461,142.19,1440,25,4.97,2,3,8,1,142.59
JOB-04462,144.7,2160,25,5.22,4,1,9,0,403.69
JOB-04463,84.78,720,25,6.87,5,5,7,1,57.68
JOB-04464,74.69,1080,30,17.08,2,1,12,1,83.9
JOB-04465,41.2,720,30,16.67,1,4,11,1,35.89
JOB-04466,85.68,720,30,5.12,3,0,12,1,36.58
JOB-04467,21.54,720,25,6.83,1,1,1,0,29.24
JOB-04468,84.24,1080,60,8.63,6,5,9,0,257.16
JOB-04469,25.16,1080,50,8.23,3,2,6,1,44.05
JOB-04470,150.62,1080,50,6.05,3,1,5,1,137.02
JOB-04471,119.21,1080,50,2.4,4,4,12,0,268.18
JOB-04472,103.0,1440,50,23.03,2,3,4,1,235.54
JOB-04473,129.77,2160,30,4.71,2,0,11,0,419.15
JOB-04474,104.29,1080,30,1.43,4,2,2,1,64.49
JOB-04475,166.1,720,24,19.4,2,4,1,0,170.0
JOB-04476,10.94,1440,60,3.55,4,3,12,1,46.08
JOB-04477,11.1,1440,24,6.94,3,0,2,1,16.08
JOB-04478,9.24,1080,50,13.67,4,0,6,1,27.03
JOB-04479,71.48,720,24,18.87,4,2,1,1,42.74
JOB-04480,115.3,1080,25,11.84,2,4,9,0,208.91
JOB-04481,119.49,2160,24,33.47,6,4,12,0,742.99
JOB-04482,71.44,1080,30,5.73,5,5,3,0,132.31
JOB-04483,97.37,1080,24,5.57,4,3,7,1,82.74
JOB-04484,18.27,1080,24,16.69,4,3,7,0,65.51
JOB-04485,17.52,1440,25,9.64,1,2,9,1,42.04
JOB-04486,66.77,1440,60,40.97,4,2,7,1,260.57
JOB-04487,97.96,1440,25,8.84,1,0,2,1,91.38
JOB-04488,133.24,1080,30,7.91,6,2,8,1,108.08
JOB-04489,151.3,720,25,12.21,1,4,2,1,81.51
JOB-04490,12.58,1440,50,28.27,1,2,4,1,42.68
JOB-04491,88.55,1080,50,6.37,6,3,11,1,121.09
JOB-04492,177.61,1080,24,4.67,5,0,11,1,114.36
JOB-04493,77.57,2160,25,22.1,1,1,6,1,184.29
JOB-04494,35.11,1080,60,7.07,1,5,4,1,58.98
JOB-04495,93.1,1080,60,4.72,4,5,6,1,126.32
JOB-04496,164.18,1440,30,14.12,6,2,1,0,369.38
JOB-04497,137.78,1080,25,16.38,2,5,7,0,269.9
JOB-04498,126.45,1080,60,8.55,4,3,11,0,346.98
JOB-04499,137.22,1080,24,5.3,1,4,4,1,88.36
JOB-04500,131.82,1080,50,7.25,6,2,10,0,298.13
JOB-04501,86.61,1080,25,15.07,3,2,2,1,83.78
JOB-04502,38.05,1440,25,3.42,6,1,12,1,52.91
JOB-04503,112.77,2160,50,1.03,4,0,2,1,205.66
JOB-04504,141.54,720,25,12.45,1,4,6,0,155.91
JOB-04505,68.13,1080,24,14.06,6,4,3,1,88.46
JOB-04506,103.4,2160,25,6.04,1,1,1,1,163.94
JOB-04507,66.7,720,50,17.93,4,0,12,0,132.86
JOB-04508,133.52,1440,25,14.16,3,4,1,0,283.44
JOB-04509,50.61,1080,50,8.77,1,4,6,1,74.0
JOB-04510,130.43,1440,60,9.1,5,2,4,1,242.7
JOB-04511,14.4,1080,30,9.62,5,0,2,1,25.81
JOB-04512,109.44,1440,24,4.73,3,5,5,0,207.53
JOB-04513,93.8,2160,50,6.2,2,0,2,1,225.23
JOB-04514,111.68,2160,25,9.43,4,2,2,0,328.32
JOB-04515,173.66,2160,25,7.91,6,1,1,1,240.23
JOB-04516,19.0,2160,50,16.33,1,1,3,0,120.29
JOB-04517,157.27,1080,24,13.56,5,5,11,0,288.47
JOB-04518,32.86,1080,30,12.93,2,3,3,1,42.3
JOB-04519,126.21,720,25,24.46,5,2,10,1,109.03
JOB-04520,162.48,720,50,8.14,5,3,2,1,100.64
JOB-04521,32.53,2160,24,4.21,2,2,0,0,83.4
JOB-04522,111.01,1440,60,9.72,3,4,9,1,239.37
JOB-04523,69.31,720,25,7.75,1,3,11,0,84.12
JOB-04524,9.59,1440,30,2.4,2,3,6,1,19.97
JOB-04525,176.22,1440,30,8.32,1,5,9,1,245.04
JOB-04526,33.59,1080,60,4.8,5,4,7,0,103.3
JOB-04527,50.01,1080,25,9.75,5,3,5,1,63.37
JOB-04528,120.43,1080,25,10.05,4,2,12,1,120.68
JOB-04529,10.3,1080,30,9.47,4,4,0,0,52.43
JOB-04530,146.8,1080,24,22.78,2,1,6,1,130.82
JOB-04531,41.95,1080,50,19.0,3,3,12,1,87.53
JOB-04532,49.97,720,25,22.35,6,1,6,1,51.0
JOB-04533,22.09,1080,60,3.65,5,0,9,1,42.15
JOB-04534,138.79,1080,30,4.01,6,1,8,1,98.87
JOB-04535,3.2,720,24,7.61,2,2,9,1,18.95
JOB-04536,129.38,720,25,2.66,4,1,4,0,105.18
JOB-04537,22.36,1080,25,8.66,4,0,5,1,29.45
JOB-04538,139.15,1080,25,9.96,6,2,8,0,223.67
JOB-04539,173.0,1440,60,7.14,1,1,8,0,540.38
JOB-04540,29.63,720,24,3.12,1,2,2,0,31.92
JOB-04541,94.97,1080,60,3.78,3,1,6,0,198.05
JOB-04542,59.75,720,30,10.27,1,2,11,0,76.31
JOB-04543,148.43,1080,60,4.45,3,5,0,1,172.22
JOB-04544,112.28,720,24,3.82,5,2,7,1,67.0
JOB-04545,90.3,720,24,5.69,5,4,5,1,69.67
JOB-04546,68.16,2160,50,15.82,5,4,6,0,440.57
JOB-04547,124.91,720,24,4.74,3,2,6,1,50.21
JOB-04548,150.65,1080,30,5.6,4,3,11,1,138.71
JOB-04549,33.22,720,30,6.91,4,4,2,1,34.91
JOB-04550,169.04,1080,50,3.61,2,5,1,0,296.94
JOB-04551,168.63,720,24,18.39,1,4,0,0,170.22
JOB-04552,139.12,720,30,13.82,2,0,7,1,66.76
JOB-04553,120.75,1080,30,7.26,5,0,6,0,173.36
JOB-04554,117.94,2160,24,4.94,1,5,9,1,202.75
JOB-04555,67.13,1080,50,3.64,1,4,5,1,79.7
JOB-04556,54.13,1080,30,10.49,2,4,2,1,72.51
JOB-04557,81.1,1440,50,51.94,1,4,4,0,546.95
JOB-04558,133.17,720,24,5.02,2,3,3,1,61.59
JOB-04559,90.25,1080,25,4.78,1,5,6,1,81.97
JOB-04560,111.2,1080,60,5.55,5,2,7,1,146.66
JOB-04561,51.81,1080,25,18.48,1,3,5,1,56.49
JOB-04562,18.54,1080,30,5.31,6,0,4,1,26.45
JOB-04563,117.76,1080,24,4.94,1,2,4,1,67.67
JOB-04564,141.47,720,60,47.85,2,1,9,0,442.87
JOB-04565,26.23,1440,24,4.06,5,5,1,1,38.97
JOB-04566,18.56,720,25,9.48,6,1,12,1,33.53
JOB-04567,88.97,1080,30,1.72,3,0,2,1,54.63
JOB-04568,84.94,720,60,5.7,6,1,9,0,132.26
JOB-04569,172.51,1440,30,12.44,5,3,5,1,235.9
JOB-04570,138.77,1080,50,4.87,6,1,2,1,131.51
JOB-04571,62.22,1080,24,9.67,5,3,2,0,94.04
JOB-04572,126.67,1080,25,9.27,4,4,10,1,142.2
JOB-04573,34.19,1080,60,5.78,5,0,5,0,84.9
JOB-04574,172.27,1440,50,7.95,6,3,8,1,307.02
JOB-04575,118.29,1080,25,10.43,4,5,1,1,96.1
JOB-04576,23.24,720,25,8.63,1,0,10,1,14.6
JOB-04577,104.98,1080,25,12.32,6,0,0,1,78.47
JOB-04578,156.15,2160,25,4.76,6,1,10,1,258.43
JOB-04579,100.63,720,25,5.14,4,3,4,1,75.35
JOB-04580,90.44,1080,60,7.82,2,2,2,1,107.22
JOB-04581,116.37,1440,60,10.8,4,0,11,1,269.33
JOB-04582,122.96,1440,60,7.37,4,5,4,1,228.35
JOB-04583,150.29,1080,30,13.14,6,5,3,1,157.7
JOB-04584,85.94,1080,50,2.26,6,5,8,1,115.71
JOB-04585,101.94,1080,50,8.04,4,2,7,0,223.49
JOB-04586,64.5,1080,24,8.44,4,0,12,0,107.01
JOB-04587,109.59,1080,60,11.57,1,3,10,1,176.93
JOB-04588,144.45,720,60,12.49,3,1,6,1,126.24
JOB-04589,60.02,2160,30,6.9,6,0,11,1,127.81
JOB-04590,171.88,1080,30,7.12,2,1,10,1,129.04
JOB-04591,87.05,2160,25,8.08,1,4,6,0,280.7
JOB-04592,6.01,1440,25,4.85,3,2,7,0,35.85
JOB-04593,13.63,1080,24,9.92,2,3,4,1,28.15
JOB-04594,141.88,1080,24,17.72,2,2,12,1,138.76
JOB-04595,89.52,2160,60,18.58,6,2,9,0,709.04
JOB-04596,112.72,1080,24,6.04,2,5,8,0,172.92
JOB-04597,107.67,1080,25,2.59,4,3,6,1,65.02
JOB-04598,22.36,1080,24,4.93,2,3,7,1,31.57
JOB-04599,178.0,2160,24,10.29,5,4,10,0,634.44
JOB-04600,150.46,720,24,2.11,6,1,8,1,59.69
JOB-04601,23.5,2160,50,7.86,5,4,0,1,66.96
JOB-04602,93.98,1440,30,19.89,1,5,7,0,295.57
JOB-04603,65.7,1080,50,3.56,4,0,2,1,56.03
JOB-04604,157.26,1440,30,11.21,1,3,9,1,210.17
JOB-04605,172.29,2160,60,10.91,2,2,6,0,998.5
JOB-04606,3.16,1440,24,4.2,2,0,4,1,15.27
JOB-04607,127.76,1440,25,3.86,6,4,3,1,123.84
JOB-04608,166.97,1080,24,8.23,4,2,10,0,251.52
JOB-04609,7.53,1440,50,4.21,6,2,6,1,34.51
JOB-04610,131.72,2160,24,9.55,5,4,1,0,380.94
JOB-04611,166.34,720,50,3.01,4,5,4,0,205.81
JOB-04612,35.99,1440,50,10.29,6,1,2,1,66.37
JOB-04613,90.19,1080,30,10.59,1,4,11,0,188.2
JOB-04614,40.58,1440,60,13.22,1,3,12,1,104.26
JOB-04615,111.59,1080,25,3.98,4,2,6,1,82.39
JOB-04616,169.78,1080,24,5.13,2,0,5,0,174.31
JOB-04617,90.6,1080,24,7.72,5,3,7,1,84.42
JOB-04618,37.18,2160,30,3.55,1,3,3,1,74.1
JOB-04619,63.6,1440,24,6.81,2,4,2,0,130.5
JOB-04620,140.65,1080,60,1.28,2,4,10,0,308.57
JOB-04621,151.54,1080,30,3.2,6,0,11,1,111.1
JOB-04622,177.18,1080,50,3.18,1,3,5,0,296.88
JOB-04623,71.22,1440,25,12.34,4,3,12,0,180.2
JOB-04624,155.56,1080,60,17.15,2,5,7,0,475.18
JOB-04625,115.84,1440,50,11.31,6,3,4,1,212.32
JOB-04626,43.79,720,30,7.15,2,5,10,1,52.86
JOB-04627,52.43,720,60,4.34,4,3,7,1,54.76
JOB-04628,22.46,1080,25,10.36,6,3,7,1,44.47
JOB-04629,16.36,2160,30,3.62,2,4,5,1,50.7
JOB-04630,115.42,1080,24,6.86,4,2,10,1,107.37
JOB-04631,29.24,1440,60,8.25,3,0,1,0,99.19
JOB-04632,147.38,720,30,14.98,2,2,11,0,182.22
JOB-04633,13.1,1440,60,6.87,4,1,11,0,79.82
JOB-04634,104.8,1080,60,9.43,1,1,7,1,125.38
JOB-04635,125.21,1080,25,19.01,5,4,8,0,259.95
JOB-04636,83.49,1080,30,2.5,1,2,12,1,82.19
JOB-04637,66.12,1080,25,12.74,4,1,12,1,75.69
JOB-04638,102.94,1080,25,4.17,2,0,7,1,74.21
JOB-04639,123.65,2160,25,7.91,5,1,11,1,214.31
JOB-04640,52.36,1080,30,5.35,2,4,4,0,96.31
JOB-04641,95.22,1080,60,5.94,1,5,12,1,148.81
JOB-04642,51.83,1080,24,5.19,5,1,3,1,44.02
JOB-04643,34.55,1080,25,9.08,6,3,10,1,43.99
JOB-04644,133.24,1440,24,3.07,5,0,7,1,109.78
JOB-04645,103.18,720,50,13.25,5,1,4,0,147.48
JOB-04646,23.8,1080,60,1.45,1,4,0,1,34.29
JOB-04647,143.73,720,24,6.74,4,0,1,1,46.59
JOB-04648,147.51,2160,24,1.75,2,4,6,0,381.12
JOB-04649,25.36,1080,25,6.69,1,2,12,1,32.5
JOB-04650,39.16,1080,50,4.95,1,4,6,0,105.05
JOB-04651,93.34,720,50,11.64,6,4,0,1,72.13
JOB-04652,52.06,1080,24,6.62,6,4,4,1,59.98
JOB-04653,78.24,1080,24,20.6,1,5,0,1,86.8
JOB-04654,172.94,1080,50,4.27,4,3,3,0,317.91
JOB-04655,33.46,2160,24,10.38,1,3,11,0,142.6
JOB-04656,122.58,1080,50,4.78,1,3,3,1,130.68
JOB-04657,1.2,1080,60,3.59,1,1,10,1,16.47
JOB-04658,173.71,2160,60,20.3,1,3,4,0,1256.05
JOB-04659,127.26,1080,30,8.36,3,3,3,1,100.6
JOB-04660,153.81,2160,24,4.59,2,4,0,1,190.33
JOB-04661,42.95,1080,60,2.6,4,1,11,1,59.4
JOB-04662,117.3,1080,50,10.55,2,1,1,0,221.96
JOB-04663,63.34,1080,24,7.16,4,2,0,1,49.36
JOB-04664,20.81,1080,25,4.94,4,4,8,0,58.52
JOB-04665,56.09,1080,25,4.78,3,1,10,0,74.61
JOB-04666,155.65,2160,25,5.56,1,5,10,1,273.34
JOB-04667,126.91,2160,60,4.28,1,0,1,1,288.27
JOB-04668,18.78,1440,24,15.05,4,0,6,1,33.89
JOB-04669,98.03,1080,60,2.61,5,3,4,1,104.39
JOB-04670,156.62,1440,30,1.01,2,0,2,0,211.36
JOB-04671,176.93,720,24,3.59,3,1,2,1,66.09
JOB-04672,55.1,2160,24,4.44,4,1,6,0,156.48
JOB-04673,54.8,2160,50,12.48,1,0,11,1,189.09
JOB-04674,145.61,1080,24,12.8,5,2,7,1,121.37
JOB-04675,163.11,1080,60,2.63,1,2,6,1,178.85
JOB-04676,8.23,1080,50,9.98,3,0,6,1,18.84
JOB-04677,177.92,1440,50,2.62,4,4,10,1,263.06
JOB-04678,24.62,2160,24,9.02,2,0,9,1,44.79
JOB-04679,152.73,1440,60,22.49,5,2,6,1,413.58
JOB-04680,122.34,720,24,10.17,5,4,4,1,74.79
JOB-04681,60.48,1080,50,8.87,5,4,1,0,145.49
JOB-04682,81.74,720,50,15.92,1,3,3,1,82.24
JOB-04683,48.29,2160,60,3.24,4,4,0,0,225.46
JOB-04684,108.48,1080,24,10.92,5,0,11,1,82.87
JOB-04685,26.94,1080,60,3.33,2,1,8,1,48.34
JOB-04686,93.27,1080,24,17.1,4,5,5,0,191.08
JOB-04687,54.73,720,50,10.79,6,3,6,0,111.0
JOB-04688,166.35,1080,24,8.32,5,5,9,1,166.01
JOB-04689,179.36,720,30,18.31,6,2,10,1,138.42
JOB-04690,161.83,2160,25,8.1,2,3,12,0,554.25
JOB-04691,106.74,1080,50,6.55,2,3,6,0,225.3
JOB-04692,10.45,720,60,13.89,5,0,10,1,22.08
JOB-04693,154.48,1080,25,8.5,4,0,5,1,123.5
JOB-04694,134.64,1080,25,8.22,1,1,0,0,137.42
JOB-04695,112.85,1080,24,8.3,2,0,2,1,63.1
JOB-04696,16.93,2160,30,5.4,1,3,4,1,45.89
JOB-04697,130.88,1440,60,4.21,5,2,4,1,203.77
JOB-04698,103.84,1440,30,10.95,6,3,3,0,251.16
JOB-04699,85.87,1080,50,5.4,3,1,5,1,91.26
JOB-04700,22.84,2160,24,8.6,2,0,11,0,86.44
JOB-04701,8.34,1440,30,7.21,3,3,10,1,28.0
JOB-04702,110.57,1080,50,3.94,6,3,0,0,201.3
JOB-04703,116.14,1440,30,4.53,2,4,8,1,130.86
JOB-04704,120.56,1440,50,18.08,5,3,7,1,258.24
JOB-04705,77.31,1440,30,17.61,2,4,0,1,118.2
JOB-04706,59.14,1440,25,8.54,4,2,9,0,141.72
JOB-04707,178.1,1080,60,14.8,1,4,10,0,542.7
JOB-04708,151.85,1440,50,16.88,4,5,0,0,525.2
JOB-04709,40.2,2160,25,10.18,6,5,11,1,116.41
JOB-04710,17.99,1080,60,8.47,1,2,9,0,64.62
JOB-04711,92.67,2160,30,18.08,2,0,11,1,256.49
JOB-04712,132.47,720,60,8.67,3,4,3,1,111.19
JOB-04713,79.15,1080,24,11.7,4,2,10,1,65.27
JOB-04714,49.19,1080,30,7.05,1,1,1,1,41.71
JOB-04715,168.1,1080,30,6.7,5,0,0,1,118.0
JOB-04716,59.58,1440,25,26.67,1,0,2,0,144.37
JOB-04717,36.45,2160,25,18.06,3,3,7,1,94.85
JOB-04718,74.42,720,30,9.29,6,4,12,0,133.64
JOB-04719,45.94,720,25,6.95,6,4,1,1,39.17
JOB-04720,72.69,720,50,12.48,4,1,12,1,79.05
JOB-04721,97.01,1080,24,14.95,2,1,2,1,85.01
JOB-04722,175.22,720,60,10.05,5,4,0,1,145.98
JOB-04723,91.12,2160,50,6.33,5,3,8,0,448.45
JOB-04724,132.78,1080,25,10.56,6,3,4,1,115.96
JOB-04725,111.36,1080,25,14.25,2,3,2,0,164.69
JOB-04726,105.74,1080,25,3.8,3,2,3,0,140.8
JOB-04727,93.59,1080,50,6.19,4,0,3,1,78.6
JOB-04728,119.8,1080,50,8.32,2,4,12,1,169.63
JOB-04729,157.58,1080,24,6.29,2,0,1,1,100.88
JOB-04730,160.88,720,60,6.6,5,5,3,1,140.89
JOB-04731,112.81,1080,25,5.44,5,4,2,1,82.89
JOB-04732,85.24,2160,30,6.5,6,5,5,0,311.62
JOB-04733,110.15,2160,24,4.91,1,4,3,1,159.56
JOB-04734,47.7,1080,30,5.63,2,0,1,1,25.47
JOB-04735,13.09,2160,60,6.0,5,0,0,1,38.83
JOB-04736,125.92,1080,25,7.41,6,3,9,0,198.09
JOB-04737,110.18,1080,50,9.89,6,1,9,0,267.52
JOB-04738,137.0,1080,30,7.29,6,5,6,0,242.06
JOB-04739,79.38,720,30,10.47,3,2,2,0,85.31
JOB-04740,104.2,1440,60,7.69,4,5,10,1,225.92
JOB-04741,22.4,720,24,2.25,6,0,2,0,35.57
JOB-04742,175.66,720,60,13.52,1,4,1,1,140.61
JOB-04743,167.71,1440,24,10.28,3,1,1,0,266.16
JOB-04744,120.76,1080,25,10.43,6,5,7,1,132.52
JOB-04745,140.02,1440,60,40.54,2,1,3,0,831.03
JOB-04746,86.88,2160,25,5.93,1,5,8,0,281.6
JOB-04747,6.35,2160,24,2.68,3,1,8,1,23.47
JOB-04748,159.1,1440,24,3.93,4,0,2,1,124.36
JOB-04749,151.2,1080,60,10.11,3,2,2,1,188.31
JOB-04750,129.65,2160,60,9.07,2,2,1,1,347.53
JOB-04751,65.69,1080,24,5.68,2,2,9,1,56.61
JOB-04752,37.94,1080,50,8.34,2,3,8,1,54.06
JOB-04753,85.96,1080,24,2.78,2,1,1,0,80.95
JOB-04754,19.17,1080,30,8.3,2,5,8,0,66.64
JOB-04755,77.3,1080,25,20.82,2,0,12,1,97.01
JOB-04756,140.7,1440,60,5.37,1,3,4,0,416.24
JOB-04757,156.4,1080,25,5.68,4,2,2,0,188.06
JOB-04758,95.72,2160,60,7.69,4,4,3,0,502.72
JOB-04759,19.94,1080,25,8.08,6,5,12,1,43.63
JOB-04760,54.19,2160,50,9.96,4,3,3,0,284.41
JOB-04761,57.69,720,30,20.55,3,2,7,1,58.9
JOB-04762,74.29,1080,24,12.12,2,3,12,1,74.91
JOB-04763,156.28,1080,50,12.77,5,1,3,1,208.59
JOB-04764,4.44,1080,30,3.28,3,2,1,1,12.74
JOB-04765,31.54,1080,25,8.11,3,3,8,0,70.61
JOB-04766,73.72,1440,30,4.77,6,4,6,1,95.57
JOB-04767,11.45,2160,24,2.0,2,4,2,0,55.5
JOB-04768,54.64,2160,25,9.32,6,2,11,1,123.68
JOB-04769,76.76,1080,24,5.98,4,2,1,1,53.85
JOB-04770,86.29,2160,24,24.96,1,5,7,0,419.41
JOB-04771,51.0,1080,60,6.52,3,5,11,1,94.58
JOB-04772,127.39,720,30,7.81,1,1,8,0,119.94
JOB-04773,71.76,1080,25,6.67,4,0,11,1,60.35
JOB-04774,158.27,2160,30,3.52,2,3,1,0,404.35
JOB-04775,168.03,1080,25,7.58,5,1,10,0,222.87
JOB-04776,32.75,1080,60,4.64,3,2,11,0,99.47
JOB-04777,28.36,1440,24,22.65,2,0,5,1,53.15
JOB-04778,43.71,1080,24,4.78,5,0,0,1,29.3
JOB-04779,164.32,720,60,7.87,5,5,8,0,268.68
JOB-04780,11.85,1080,25,11.38,1,2,8,1,18.69
JOB-04781,6.96,1080,60,2.45,6,3,11,1,36.22
JOB-04782,131.68,1080,30,10.86,2,2,8,1,118.82
JOB-04783,66.92,1440,30,17.99,4,0,4,1,88.35
JOB-04784,69.76,2160,60,19.89,2,2,3,1,271.47
JOB-04785,22.5,2160,60,1.69,2,2,3,1,65.79
JOB-04786,98.7,1080,60,13.93,1,5,7,1,168.08
JOB-04787,80.5,1080,25,4.73,4,3,12,1,68.42
JOB-04788,11.62,1080,50,5.77,2,2,10,1,28.36
JOB-04789,90.06,1440,25,9.84,2,1,10,1,102.56
JOB-04790,167.95,1080,30,4.71,6,1,9,0,238.93
JOB-04791,8.62,720,24,68.93,6,3,8,1,35.29
JOB-04792,157.63,2160,60,8.9,6,4,12,1,552.56
JOB-04793,27.32,1080,30,3.07,1,5,11,1,37.51
JOB-04794,38.49,1080,25,8.85,1,0,4,1,44.02
JOB-04795,63.38,1080,60,5.15,6,1,10,1,94.98
JOB-04796,119.32,1080,60,16.9,2,5,2,1,192.77
JOB-04797,142.21,1440,24,5.15,3,3,12,0,274.93
JOB-04798,145.58,1080,30,3.35,2,1,1,1,84.03
JOB-04799,65.86,720,60,4.49,1,3,3,1,67.01
JOB-04800,99.04,720,60,3.34,6,0,5,1,75.7
JOB-04801,18.21,1440,50,5.0,1,5,12,1,59.23
JOB-04802,176.99,720,60,13.08,3,2,0,1,139.38
JOB-04803,30.21,1080,24,9.59,2,5,8,1,50.1
JOB-04804,27.1,1080,30,5.22,1,1,10,0,47.72
JOB-04805,109.46,720,50,7.16,6,1,7,1,90.59
JOB-04806,35.37,2160,25,15.92,4,4,1,1,83.27
JOB-04807,103.7,1080,60,9.39,3,1,12,0,271.14
JOB-04808,44.21,1080,50,8.5,5,3,3,1,61.77
JOB-04809,108.4,1440,50,7.61,1,2,2,0,290.05
JOB-04810,53.46,720,50,6.3,5,1,12,1,61.84
JOB-04811,157.47,1440,30,5.35,1,4,1,1,151.28
JOB-04812,80.31,1080,50,5.63,3,0,5,1,73.88
JOB-04813,6.72,720,30,32.78,1,2,3,0,31.11
JOB-04814,51.78,1440,30,14.42,1,0,11,1,84.21
JOB-04815,163.87,1080,50,46.5,5,2,0,0,601.04
JOB-04816,146.89,1080,30,15.08,6,0,7,1,123.97
JOB-04817,157.6,1080,30,9.56,2,3,1,1,129.57
JOB-04818,121.8,1440,60,5.88,4,3,12,1,246.43
JOB-04819,78.83,2160,50,3.7,4,4,9,1,211.17
JOB-04820,153.61,1080,30,8.47,5,3,4,0,211.71
JOB-04821,83.73,1080,30,6.43,5,0,7,1,68.44
JOB-04822,100.51,1440,30,5.73,6,5,3,1,131.16
JOB-04823,2.3,720,50,15.82,3,0,2,1,8.21
JOB-04824,33.74,1080,30,12.96,2,1,3,1,32.86
JOB-04825,7.35,1080,60,5.07,2,4,5,0,52.04
JOB-04826,121.82,1440,25,3.43,1,0,5,1,102.33
JOB-04827,152.91,2160,24,7.69,2,3,8,1,252.15
JOB-04828,44.6,720,60,25.42,6,2,2,0,116.28
JOB-04829,133.85,1080,25,5.32,3,4,0,1,93.85
JOB-04830,153.42,720,24,8.88,2,2,10,1,85.37
JOB-04831,97.94,720,30,5.1,5,4,5,1,68.21
JOB-04832,148.77,1080,60,15.17,6,3,6,1,246.15
JOB-04833,132.45,1080,50,12.99,2,0,1,1,151.61
JOB-04834,94.35,1080,30,13.67,1,2,12,1,110.16
JOB-04835,109.02,720,24,9.59,4,1,6,1,56.58
JOB-04836,101.2,720,25,7.89,5,5,11,1,79.89
JOB-04837,179.75,1080,50,3.71,4,4,1,0,299.46
JOB-04838,158.46,2160,50,4.17,6,4,6,1,404.07
JOB-04839,94.18,2160,24,18.29,5,2,2,1,203.47
JOB-04840,164.72,1080,30,13.04,3,1,2,1,141.77
JOB-04841,117.15,1080,30,5.93,6,1,9,1,95.67
JOB-04842,70.04,720,50,2.73,2,3,4,0,97.73
JOB-04843,168.99,2160,30,2.88,5,2,3,1,241.2
JOB-04844,156.85,720,24,7.1,2,2,6,0,133.1
JOB-04845,99.51,1080,30,15.71,6,2,5,1,105.89
JOB-04846,43.26,720,50,4.91,3,4,3,0,81.69
JOB-04847,156.18,1080,24,23.26,2,0,10,1,149.05
JOB-04848,68.37,2160,60,12.12,4,3,10,0,473.12
JOB-04849,107.7,1440,60,6.7,3,3,4,1,193.32
JOB-04850,26.97,720,30,6.9,3,0,4,0,39.63
JOB-04851,64.35,720,60,9.43,4,1,3,1,55.5
JOB-04852,95.36,1080,24,3.68,1,4,10,0,129.3
JOB-04853,143.45,1080,50,37.27,5,1,6,1,294.14
JOB-04854,52.29,1440,50,4.05,1,1,10,0,161.14
JOB-04855,28.89,1440,30,6.31,3,5,9,1,56.95
JOB-04856,160.47,1080,50,19.43,2,0,12,1,249.59
JOB-04857,6.59,1080,30,8.13,6,0,6,1,12.07
JOB-04858,11.19,720,24,9.55,1,0,9,1,5.0
JOB-04859,147.81,720,30,8.24,5,4,5,1,111.52
JOB-04860,24.25,2160,50,7.26,4,5,2,1,84.34
JOB-04861,177.58,1440,24,6.41,3,5,11,0,371.54
JOB-04862,1.46,1080,60,6.81,1,0,6,1,6.71
JOB-04863,62.75,1440,50,15.49,5,5,9,0,275.58
JOB-04864,96.07,2160,25,8.2,4,1,11,1,181.87
JOB-04865,32.13,1080,50,9.3,1,3,3,1,54.63
JOB-04866,65.24,720,60,6.37,2,0,5,0,88.79
JOB-04867,175.55,2160,60,8.99,5,3,9,1,582.89
JOB-04868,171.21,1080,60,8.25,5,0,8,1,220.26
JOB-04869,139.53,1080,60,12.03,5,0,7,1,207.42
JOB-04870,119.26,720,24,6.4,4,5,9,0,151.56
JOB-04871,157.08,1080,50,1.73,3,1,6,0,254.94
JOB-04872,32.63,1440,60,4.47,2,3,4,1,53.14
JOB-04873,177.21,1080,50,16.71,3,4,5,1,275.55
JOB-04874,77.4,720,30,7.94,3,3,10,0,108.03
JOB-04875,145.23,1080,24,4.02,4,1,11,0,185.54
JOB-04876,7.22,1440,60,4.91,2,4,5,1,31.09
JOB-04877,109.73,2160,50,3.24,5,0,9,1,259.71
JOB-04878,137.94,720,60,5.51,6,0,11,0,197.01
JOB-04879,57.33,720,24,2.4,4,0,12,0,65.92
JOB-04880,30.77,1440,50,4.25,4,3,8,1,67.85
JOB-04881,151.51,1080,30,8.19,3,3,4,0,221.27
JOB-04882,15.06,1080,25,9.13,3,2,11,1,31.87
JOB-04883,65.59,1080,50,6.36,6,2,12,0,167.71
JOB-04884,125.54,1080,50,3.42,6,3,12,1,164.87
JOB-04885,84.35,1080,50,5.51,1,1,3,0,135.65
JOB-04886,3.97,720,50,6.64,5,4,6,0,47.77
JOB-04887,145.91,720,30,3.15,6,4,9,0,179.05
JOB-04888,44.24,1080,25,13.14,1,1,11,1,33.57
JOB-04889,121.83,1440,60,4.93,4,4,9,1,246.6
JOB-04890,97.32,1080,25,5.2,6,2,6,1,77.14
JOB-04891,53.27,1080,24,4.76,6,5,7,0,109.74
JOB-04892,172.09,720,25,10.16,4,3,7,1,116.75
JOB-04893,25.29,1080,24,6.65,5,5,12,1,47.08
JOB-04894,35.27,1080,60,7.4,4,1,4,0,98.77
JOB-04895,84.41,1440,25,28.26,1,3,2,0,245.4
JOB-04896,174.26,1080,24,8.19,4,0,5,0,201.26
JOB-04897,107.25,2160,24,6.04,6,2,3,0,278.31
JOB-04898,137.33,1080,30,4.47,3,1,5,1,100.45
JOB-04899,66.68,1080,50,6.44,6,1,11,1,88.87
JOB-04900,41.45,1080,25,12.25,2,1,8,1,41.04
JOB-04901,156.59,1080,30,9.14,3,5,9,0,283.78
JOB-04902,135.42,720,50,5.7,6,2,8,0,187.31
JOB-04903,12.39,1080,60,2.48,2,1,8,0,44.91
JOB-04904,118.02,720,50,10.53,5,0,12,1,104.33
JOB-04905,147.16,1440,50,6.14,1,0,5,1,198.55
JOB-04906,172.0,1440,60,10.68,6,4,8,1,365.82
JOB-04907,39.99,2160,24,4.41,4,3,3,1,70.06
JOB-04908,117.89,1440,24,10.13,6,4,5,1,138.84
JOB-04909,178.76,1440,30,17.49,1,4,2,1,247.54
JOB-04910,175.93,1080,30,4.9,4,1,8,1,141.15
JOB-04911,27.01,1080,25,5.34,3,5,7,0,77.87
JOB-04912,47.13,1080,30,7.59,4,1,9,1,48.91
JOB-04913,97.79,720,50,6.26,4,1,6,1,60.71
JOB-04914,27.77,1080,30,11.99,5,3,3,1,53.88
JOB-04915,20.04,1080,30,15.71,3,4,0,1,36.79
JOB-04916,162.2,2160,30,10.22,4,2,7,1,331.21
JOB-04917,176.91,720,24,13.1,4,1,8,0,152.56
JOB-04918,25.96,1440,25,8.54,6,2,6,1,54.56
JOB-04919,9.92,1080,24,5.31,1,5,6,1,29.58
JOB-04920,13.93,720,24,5.1,4,1,3,1,22.49
JOB-04921,169.81,1080,30,5.5,6,0,5,0,220.93
JOB-04922,65.49,1080,30,18.76,4,1,7,0,133.45
JOB-04923,29.24,1080,24,14.43,4,5,11,1,52.84
JOB-04924,121.44,720,60,6.0,6,2,5,0,160.87
JOB-04925,49.15,1080,50,11.01,3,3,4,1,75.5
JOB-04926,129.4,1440,24,17.73,5,5,5,1,185.47
JOB-04927,13.2,2160,50,11.59,5,2,11,1,68.37
JOB-04928,158.12,1440,50,4.31,3,0,12,1,231.68
JOB-04929,93.26,1440,24,5.74,3,1,3,0,141.08
JOB-04930,162.88,1080,30,12.36,6,2,9,1,178.43
JOB-04931,148.69,1080,24,4.57,1,0,10,1,81.19
JOB-04932,10.43,720,30,6.64,1,5,11,1,32.81
JOB-04933,160.59,1440,50,11.5,6,0,3,0,453.64
JOB-04934,173.08,1080,24,30.81,6,3,1,0,333.12
JOB-04935,83.62,1080,24,3.63,3,2,0,1,62.93
JOB-04936,149.96,1080,25,13.66,6,3,11,1,162.95
JOB-04937,65.25,2160,60,8.45,2,2,12,0,421.21
JOB-04938,139.11,1080,50,4.61,3,4,7,0,294.02
JOB-04939,150.67,2160,30,8.63,5,2,3,1,272.6
JOB-04940,12.51,720,24,6.69,5,0,6,1,22.1
JOB-04941,123.26,1080,60,21.18,2,0,11,1,225.09
JOB-04942,148.98,1080,30,27.21,2,0,2,1,162.75
JOB-04943,8.18,1080,30,9.77,6,4,8,0,57.7
JOB-04944,119.81,1440,24,11.77,4,1,3,0,217.45
JOB-04945,53.66,1440,24,3.87,1,2,9,1,73.84
JOB-04946,150.48,1440,60,8.14,2,1,12,0,544.53
JOB-04947,2.86,720,24,4.11,6,4,1,1,24.51
JOB-04948,85.35,1080,24,5.8,6,1,7,1,63.82
JOB-04949,140.27,2160,50,12.14,4,3,1,0,675.47
JOB-04950,43.14,1080,30,5.15,5,3,3,0,81.31
JOB-04951,78.62,720,30,27.16,6,5,8,1,81.63
JOB-04952,18.13,1080,30,19.49,4,5,4,0,78.14
JOB-04953,71.3,1080,24,9.38,4,2,8,1,77.98
JOB-04954,35.74,1080,60,12.42,2,5,12,1,85.84
JOB-04955,122.01,1080,24,22.95,3,5,6,1,133.98
JOB-04956,116.83,1440,30,2.93,4,3,4,0,223.15
JOB-04957,13.1,1080,50,11.12,5,2,10,0,66.1
JOB-04958,80.96,1440,60,10.54,2,4,8,1,180.55
JOB-04959,140.13,720,50,6.13,1,0,4,1,81.38
JOB-04960,137.96,1080,30,11.77,4,1,6,1,127.7
JOB-04961,120.31,1080,25,3.13,6,1,4,1,70.47
JOB-04962,165.67,1080,24,3.38,5,1,9,0,183.29
JOB-04963,107.29,720,24,3.12,2,3,0,1,44.74
JOB-04964,7.02,2160,24,5.07,5,3,2,1,29.66
JOB-04965,77.73,1440,50,19.1,3,4,5,1,172.43
JOB-04966,38.65,2160,30,5.05,3,5,2,1,76.43
JOB-04967,66.75,1080,50,5.3,2,0,3,0,111.61
JOB-04968,88.6,720,24,17.65,6,5,4,1,76.07
JOB-04969,62.31,720,50,2.95,2,2,10,1,54.59
JOB-04970,11.0,1080,24,1.29,5,1,4,1,17.61
JOB-04971,91.78,1080,60,3.45,3,0,4,0,169.82
JOB-04972,98.6,2160,25,6.88,4,0,6,1,166.18
JOB-04973,79.47,2160,25,3.86,2,5,11,0,264.22
JOB-04974,30.75,1080,60,10.15,5,2,0,0,92.22
JOB-04975,60.39,1080,50,12.57,3,4,11,1,99.72
JOB-04976,26.41,1440,60,15.64,3,4,5,1,79.1
JOB-04977,157.3,1440,25,3.92,1,1,8,0,250.24
JOB-04978,4.94,1080,50,10.25,2,5,10,1,28.18
JOB-04979,168.24,1440,60,4.68,2,0,3,0,422.01
JOB-04980,173.42,1080,25,4.06,6,5,5,0,229.78
JOB-04981,174.13,1080,50,10.77,1,4,9,1,256.68
JOB-04982,126.31,2160,30,5.4,6,0,3,1,200.75
JOB-04983,69.28,2160,25,8.71,5,4,8,1,147.65
JOB-04984,52.66,720,50,7.2,1,5,6,1,44.71
JOB-04985,11.49,1080,50,5.47,6,1,9,1,31.8
JOB-04986,20.07,720,50,24.65,6,2,7,1,31.36
JOB-04987,90.19,1440,30,17.41,5,1,11,0,269.46
JOB-04988,149.13,720,30,18.12,6,0,2,1,91.57
JOB-04989,55.56,1080,24,7.52,3,3,1,1,46.8
JOB-04990,81.78,720,30,10.32,2,4,4,1,49.56
JOB-04991,134.73,1440,25,3.04,4,5,9,1,168.49
JOB-04992,19.52,1440,30,13.21,6,2,4,1,41.06
JOB-04993,90.1,720,50,5.15,5,2,11,1,77.94
JOB-04994,29.52,2160,25,5.23,3,1,10,0,98.24
JOB-04995,99.18,720,24,3.48,6,2,4,1,49.0
JOB-04996,98.14,720,25,12.91,2,0,10,1,49.35
JOB-04997,16.81,1080,60,9.71,5,2,10,1,41.78
JOB-04998,122.0,1440,60,2.87,2,3,4,0,332.41
JOB-04999,123.1,1440,24,15.33,1,4,0,1,119.68
JOB-05000,148.08,1080,50,4.31,6,2,9,0,301.4
JOB-05001,112.23,2160,60,1.8,1,1,9,1,294.25
JOB-05002,49.21,720,24,6.27,4,4,12,1,52.99
JOB-05003,153.27,1440,24,16.84,2,0,5,1,179.44
JOB-05004,12.74,720,50,1.02,5,5,11,1,43.42
JOB-05005,113.33,1080,30,10.86,3,2,1,1,100.32
JOB-05006,80.55,1440,50,5.97,4,3,8,1,147.52
JOB-05007,2.97,2160,50,5.68,1,4,3,1,20.76
JOB-05008,68.97,2160,60,4.41,6,2,9,1,206.63
JOB-05009,153.08,1080,25,9.82,4,3,5,1,121.39
JOB-05010,49.26,2160,60,4.21,5,2,10,1,156.13
JOB-05011,85.63,720,30,13.63,6,3,12,1,80.68
JOB-05012,171.13,1080,50,13.41,1,3,4,1,222.56
JOB-05013,101.05,2160,30,5.96,3,1,12,1,184.7
JOB-05014,69.25,720,60,10.43,3,4,11,1,93.68
JOB-05015,102.62,720,24,7.02,2,5,2,0,103.28
JOB-05016,108.24,1440,25,5.56,3,5,8,1,129.75
JOB-05017,29.4,1440,24,7.56,3,0,0,1,36.28
JOB-05018,168.41,1080,30,12.62,3,5,10,1,199.46
JOB-05019,177.26,2160,24,8.87,1,1,4,1,288.25
JOB-05020,85.65,1080,30,4.43,1,1,8,1,63.72
JOB-05021,79.22,1080,25,5.14,5,0,6,1,44.35
JOB-05022,109.79,720,60,11.43,4,1,4,0,161.91
JOB-05023,87.22,1080,25,3.26,3,2,10,1,79.96
JOB-05024,151.23,1080,30,16.16,5,2,10,0,315.29
JOB-05025,145.05,1080,50,15.04,1,5,5,0,387.32
JOB-05026,70.53,1080,24,5.1,3,5,7,1,65.92
JOB-05027,21.09,1080,60,3.33,5,1,5,1,38.39
JOB-05028,134.5,1080,60,7.95,4,1,9,0,337.6
JOB-05029,77.11,720,30,16.02,2,0,12,0,88.69
JOB-05030,60.98,1080,24,9.34,5,5,0,0,109.16
JOB-05031,172.84,2160,25,2.86,1,4,7,0,469.88
JOB-05032,129.8,1080,60,12.66,3,1,12,1,204.55
JOB-05033,97.7,720,24,8.26,3,4,7,1,60.15
JOB-05034,90.0,1080,50,3.2,6,0,9,1,94.54
JOB-05035,8.74,1080,30,9.77,5,1,12,0,52.98
JOB-05036,177.78,1440,24,9.61,3,1,10,0,335.97
JOB-05037,171.82,1440,50,10.31,6,4,2,0,514.2
JOB-05038,36.26,1080,24,3.3,6,0,12,0,68.61
JOB-05039,27.8,1080,25,7.2,5,2,10,0,70.61
JOB-05040,98.67,1440,60,18.43,1,4,8,0,458.44
JOB-05041,4.78,2160,30,7.99,5,1,0,1,19.04
JOB-05042,86.53,720,30,4.25,6,1,7,1,44.67
JOB-05043,33.09,1440,25,7.42,2,4,2,0,85.5
JOB-05044,165.28,720,60,6.28,4,4,0,1,99.34
JOB-05045,120.96,1080,50,4.36,4,5,7,0,265.25
JOB-05046,44.77,1440,25,9.25,5,1,0,1,54.21
JOB-05047,112.34,1440,24,3.33,2,4,3,0,188.34
JOB-05048,144.12,720,50,6.4,5,5,2,1,115.68
JOB-05049,31.76,720,24,9.95,2,0,1,1,13.73
JOB-05050,100.07,2160,50,12.59,4,5,0,1,289.33
JOB-05051,42.03,1080,24,1.76,6,0,9,1,34.57
JOB-05052,54.26,1440,24,10.47,2,5,10,1,84.54
JOB-05053,12.98,2160,30,4.53,3,4,3,1,32.67
JOB-05054,173.72,1440,60,3.53,1,2,2,0,449.77
JOB-05055,162.63,720,25,7.18,6,0,9,1,88.06
JOB-05056,23.82,2160,50,11.7,6,5,12,1,104.82
JOB-05057,41.16,1080,30,7.54,1,3,7,1,39.47
JOB-05058,9.57,1080,30,9.91,2,3,8,1,24.61
JOB-05059,52.65,1080,25,2.83,4,3,6,0,97.37
JOB-05060,24.8,1080,50,9.39,4,0,12,1,36.74
JOB-05061,46.56,1080,25,5.39,5,2,0,0,77.08
JOB-05062,8.14,1440,25,3.33,6,3,9,0,54.39
JOB-05063,107.16,720,60,15.18,5,3,5,1,98.52
JOB-05064,26.59,1440,30,8.37,6,1,1,0,73.78
JOB-05065,13.82,1080,30,12.9,4,4,12,1,37.27
JOB-05066,88.56,1080,24,11.12,1,5,7,1,88.42
JOB-05067,23.37,720,50,2.39,1,0,12,1,23.93
JOB-05068,177.2,1080,30,30.87,1,5,0,0,404.7
JOB-05069,82.82,2160,30,7.12,6,0,11,0,298.82
JOB-05070,17.99,1080,60,7.49,4,1,3,0,63.74
JOB-05071,172.33,1080,24,38.46,5,0,5,1,197.77
JOB-05072,118.06,1080,60,8.87,1,5,3,1,163.58
JOB-05073,141.46,1080,50,4.77,3,0,1,0,219.12
JOB-05074,11.75,1080,30,4.58,4,2,10,1,26.9
JOB-05075,67.16,1440,24,2.79,5,0,12,1,72.18
JOB-05076,31.93,1080,60,7.84,5,2,5,1,61.14
JOB-05077,1.16,1440,50,3.02,2,5,12,0,51.24
JOB-05078,160.76,1080,50,7.04,3,0,11,0,319.66
JOB-05079,22.05,720,24,21.3,6,2,8,1,29.34
JOB-05080,18.01,720,60,18.22,6,2,9,1,44.68
JOB-05081,70.07,720,30,21.19,2,2,10,1,64.75
JOB-05082,134.49,1080,60,10.95,2,1,5,1,177.63
JOB-05083,26.24,1080,50,1.85,3,3,7,1,49.4
JOB-05084,58.07,1080,25,3.13,3,3,11,0,107.9
JOB-05085,6.83,1080,25,18.11,1,0,0,1,6.89
JOB-05086,39.91,1080,60,5.14,3,4,6,1,69.06
JOB-05087,175.84,1080,24,8.75,4,3,0,1,124.86
JOB-05088,67.6,1440,60,17.18,1,2,4,0,276.39
JOB-05089,133.73,1440,50,3.16,2,0,2,0,280.68
JOB-05090,107.7,720,30,4.47,6,0,2,1,48.89
JOB-05091,8.97,1080,50,4.09,5,3,0,0,49.16
JOB-05092,176.17,1440,60,5.27,6,2,4,1,288.64
JOB-05093,23.96,1080,60,11.12,5,5,3,0,103.97
JOB-05094,85.38,1080,50,5.9,2,5,10,1,116.91
JOB-05095,59.6,1080,60,9.69,1,4,0,1,64.68
JOB-05096,60.31,1440,60,8.79,3,1,4,1,124.44
JOB-05097,106.57,1440,24,7.28,6,1,11,1,111.64
JOB-05098,103.96,1080,24,2.57,3,0,10,1,71.66
JOB-05099,134.29,1080,25,9.45,6,3,0,1,95.81
JOB-05100,87.93,720,24,4.6,5,2,0,1,43.94
JOB-05101,80.36,1080,25,18.73,2,5,10,0,190.32
JOB-05102,142.63,2160,25,5.53,2,1,6,0,380.87
JOB-05103,111.28,720,60,5.69,4,4,7,1,96.48
JOB-05104,31.82,720,60,10.78,5,1,5,0,74.72
JOB-05105,72.35,1440,60,7.45,2,1,0,1,115.08
JOB-05106,132.54,720,50,22.53,1,0,12,1,143.52
JOB-05107,29.32,1080,25,11.67,5,3,10,1,40.22
JOB-05108,15.96,1440,24,5.21,2,2,3,1,26.07
JOB-05109,116.42,1080,50,7.14,6,3,11,0,282.29
JOB-05110,84.16,2160,50,21.62,5,3,4,1,322.86
JOB-05111,179.79,1080,24,6.92,1,1,1,1,108.2
JOB-05112,35.01,1080,50,12.87,3,4,11,1,69.03
JOB-05113,49.99,1080,25,2.33,1,2,6,0,64.71
JOB-05114,133.0,1440,30,7.07,3,1,3,1,128.76
JOB-05115,68.14,2160,50,6.54,2,5,10,1,217.55
JOB-05116,156.13,2160,60,7.25,2,2,11,0,908.09
JOB-05117,124.81,1080,25,7.1,6,5,9,0,229.82
JOB-05118,35.81,1080,24,10.54,6,0,2,1,39.11
JOB-05119,10.03,1080,25,13.14,2,5,5,1,35.76
JOB-05120,93.25,720,50,4.61,4,2,11,1,71.59
JOB-05121,43.25,2160,25,6.89,2,0,3,1,56.17
JOB-05122,164.35,1080,50,20.17,5,5,0,1,244.3
JOB-05123,111.39,720,30,7.59,5,5,9,0,167.77
JOB-05124,156.22,720,60,17.99,6,4,0,1,153.26
JOB-05125,51.99,1080,50,4.99,2,1,1,0,96.28
JOB-05126,70.85,1440,60,7.51,2,3,3,1,134.33
JOB-05127,96.56,720,25,18.24,5,3,3,1,62.69
JOB-05128,162.4,720,50,16.38,2,2,8,1,149.62
JOB-05129,78.74,720,60,8.66,2,1,2,0,108.46
JOB-05130,75.7,2160,60,5.53,5,1,3,1,217.32
JOB-05131,127.09,1080,30,5.74,4,5,12,0,232.78
JOB-05132,8.62,1080,24,12.46,3,0,12,0,37.72
JOB-05133,13.03,1440,60,6.6,6,1,11,1,42.89
JOB-05134,154.71,1440,25,3.97,3,3,7,1,156.52
JOB-05135,108.62,1080,24,4.65,6,5,9,1,112.19
JOB-05136,131.78,2160,50,6.33,4,5,11,1,390.27
JOB-05137,167.91,2160,25,18.22,1,2,4,1,333.48
JOB-05138,142.46,1440,60,11.52,5,1,4,1,271.1
JOB-05139,6.02,1080,24,2.49,2,0,0,0,16.87
JOB-05140,162.8,720,60,7.37,3,0,4,1,102.38
JOB-05141,38.41,1080,30,7.06,3,0,5,0,68.06
JOB-05142,44.19,1440,50,6.99,1,3,12,1,93.34
JOB-05143,96.63,1080,24,9.3,2,0,12,1,55.78
JOB-05144,55.23,2160,25,8.9,5,4,11,1,133.06
JOB-05145,139.46,1080,30,8.15,4,1,5,0,204.9
JOB-05146,60.69,1080,60,4.34,6,1,7,0,148.58
JOB-05147,72.12,1440,25,4.61,4,1,6,1,73.21
JOB-05148,116.96,720,60,11.02,1,4,2,1,102.93
JOB-05149,158.67,720,24,4.64,1,3,1,1,68.4
JOB-05150,81.45,2160,60,2.06,2,5,7,1,222.06
JOB-05151,84.44,1080,60,4.01,5,0,5,0,170.6
JOB-05152,30.36,1440,30,10.98,1,5,0,1,53.48
JOB-05153,161.0,1080,30,5.09,5,0,3,0,175.64
JOB-05154,143.7,720,24,20.0,5,2,1,0,146.6
JOB-05155,90.13,1080,30,19.17,6,3,3,1,109.56
JOB-05156,82.35,720,24,3.16,4,2,10,1,55.68
JOB-05157,16.18,1080,50,9.93,2,2,11,1,38.37
JOB-05158,36.18,1080,50,11.61,4,3,9,1,67.02
JOB-05159,40.32,1440,24,5.16,3,1,5,1,45.35
JOB-05160,175.57,1440,30,7.6,1,1,9,1,217.4
JOB-05161,118.26,1080,30,4.18,1,4,3,1,90.2
JOB-05162,85.66,1080,30,3.91,1,4,12,0,154.64
JOB-05163,164.4,720,50,9.1,5,5,1,1,129.78
JOB-05164,68.29,720,60,2.29,4,3,3,1,52.77
JOB-05165,145.74,1080,25,5.94,2,5,0,1,103.48
JOB-05166,108.65,720,60,13.92,3,3,1,1,83.86
JOB-05167,66.99,2160,25,8.51,2,3,4,1,126.99
JOB-05168,148.33,720,25,17.14,5,1,11,1,101.16
JOB-05169,12.67,2160,25,19.4,4,4,9,1,44.92
JOB-05170,141.13,2160,60,7.85,2,0,4,0,687.67
JOB-05171,46.01,720,30,5.06,2,1,2,0,50.2
JOB-05172,117.04,1080,24,11.46,5,4,3,1,114.5
JOB-05173,35.1,2160,25,13.75,6,3,9,1,95.18
JOB-05174,113.31,1080,24,2.16,4,4,1,1,80.4
JOB-05175,141.46,1440,60,5.61,2,3,1,1,224.5
JOB-05176,127.26,2160,24,25.67,6,1,1,1,299.7
JOB-05177,147.91,720,60,4.64,1,0,9,1,102.25
JOB-05178,16.52,720,24,10.27,2,0,3,0,27.41
JOB-05179,101.69,1080,50,4.71,3,2,4,0,188.14
JOB-05180,14.54,720,24,10.26,2,4,8,0,43.52
JOB-05181,28.63,1080,24,3.11,2,0,3,1,27.66
JOB-05182,90.37,1440,60,27.15,5,5,8,1,286.21
JOB-05183,25.09,1440,60,5.2,2,5,6,1,73.38
JOB-05184,179.22,720,60,6.45,4,3,5,1,132.02
JOB-05185,156.59,1080,60,2.96,1,4,7,1,194.72
JOB-05186,68.14,2160,50,17.2,3,3,9,1,256.15
JOB-05187,131.5,1080,25,5.92,1,0,11,0,161.87
JOB-05188,137.68,720,60,5.57,1,2,11,1,120.69
JOB-05189,150.09,720,25,6.72,6,0,7,1,64.04
JOB-05190,26.42,1080,24,2.63,3,2,0,0,45.52
JOB-05191,122.51,720,60,5.88,5,4,7,1,116.79
JOB-05192,22.83,1080,25,3.47,6,3,10,1,38.52
JOB-05193,50.36,2160,24,11.43,5,5,11,1,124.18
JOB-05194,1.33,1080,50,2.6,6,4,12,0,60.86
JOB-05195,77.03,2160,25,6.89,1,5,4,1,138.51
JOB-05196,19.13,1080,60,8.56,4,5,4,0,78.09
JOB-05197,88.59,1080,25,9.41,6,0,7,1,67.62
JOB-05198,116.49,720,24,2.86,2,1,0,1,23.82
JOB-05199,30.68,1440,30,10.96,1,3,6,0,90.09
JOB-05200,11.31,1080,50,14.17,6,5,1,1,39.8
JOB-05201,48.45,1080,24,4.83,1,3,8,1,53.34
JOB-05202,10.29,2160,30,17.81,1,3,0,0,56.29
JOB-05203,18.82,1080,24,4.92,5,2,12,1,42.76
JOB-05204,112.35,720,24,5.1,1,1,4,1,44.56
JOB-05205,151.96,1080,25,5.1,3,4,3,1,107.57
JOB-05206,9.7,720,25,7.25,5,0,10,0,39.58
JOB-05207,112.79,1080,24,20.73,4,1,0,0,172.76
JOB-05208,50.46,1080,25,3.24,2,4,4,1,44.89
JOB-05209,22.11,1080,25,12.41,5,5,12,1,53.32
JOB-05210,4.11,1080,25,15.16,6,3,10,1,19.85
JOB-05211,60.73,1080,50,2.43,1,3,2,1,65.88
JOB-05212,145.29,720,30,3.12,3,1,10,1,57.94
JOB-05213,141.4,2160,25,5.65,5,1,2,1,195.35
JOB-05214,28.23,1080,50,10.7,6,5,9,1,76.37
JOB-05215,44.9,1080,30,7.97,4,5,10,1,75.26
JOB-05216,172.21,1440,50,10.47,5,4,11,1,346.83
JOB-05217,77.81,1080,24,3.54,1,3,2,0,83.95
JOB-05218,177.55,720,25,2.51,1,1,1,0,99.82
JOB-05219,92.97,1080,25,10.98,5,0,1,1,63.51
JOB-05220,85.58,1080,60,6.05,3,5,4,0,215.53
JOB-05221,148.35,720,25,6.99,2,5,5,1,97.49
JOB-05222,127.57,1080,50,8.2,6,4,8,1,176.65
JOB-05223,136.93,1440,24,19.79,6,1,5,1,173.05
JOB-05224,161.54,1080,24,5.99,5,4,8,1,155.22
JOB-05225,135.43,1080,30,5.43,3,4,2,1,106.32
JOB-05226,174.35,1080,30,7.61,6,5,7,1,192.23
JOB-05227,20.9,720,60,3.41,2,3,12,1,34.34
JOB-05228,15.95,2160,24,9.09,6,0,3,0,70.16
JOB-05229,16.3,1440,25,10.71,5,4,1,0,69.69
JOB-05230,125.87,2160,50,5.04,2,5,8,0,581.62
JOB-05231,27.94,720,60,9.67,5,1,2,1,29.0
JOB-05232,100.82,1080,50,2.25,6,4,11,1,131.0
JOB-05233,99.3,1080,30,5.03,4,2,9,1,84.27
JOB-05234,118.42,1440,50,11.81,3,4,7,1,241.31
JOB-05235,140.91,1080,30,7.52,4,5,2,1,125.7
JOB-05236,137.55,720,24,8.84,5,1,1,1,63.34
JOB-05237,79.18,1080,25,4.81,3,1,12,1,63.41
JOB-05238,77.87,720,60,2.83,5,0,12,1,61.09
JOB-05239,81.94,1440,25,2.18,5,1,5,1,69.99
JOB-05240,150.61,1440,60,7.55,2,4,10,0,540.65
JOB-05241,108.27,1080,24,6.11,1,4,10,0,176.38
JOB-05242,93.75,2160,30,5.74,6,0,3,1,150.78
JOB-05243,120.78,720,24,4.34,2,2,8,1,51.98
JOB-05244,164.27,2160,60,26.81,4,5,9,1,873.82
JOB-05245,114.67,1080,60,6.79,6,2,10,1,164.84
JOB-05246,30.4,1080,24,7.37,1,2,9,1,45.83
JOB-05247,20.89,720,24,3.36,5,1,9,1,24.31
JOB-05248,126.3,1440,50,16.73,1,3,11,1,291.58
JOB-05249,129.71,1080,24,9.91,3,2,4,1,89.63
JOB-05250,138.37,720,25,4.15,1,5,2,0,131.52
JOB-05251,6.78,1440,60,7.23,2,1,7,1,22.53
JOB-05252,115.25,1080,30,12.14,6,3,10,0,238.99
JOB-05253,121.31,1080,30,16.66,5,0,4,1,118.21
JOB-05254,160.73,2160,60,3.68,2,1,2,1,364.62
JOB-05255,155.54,1080,60,18.86,2,0,10,1,290.13
JOB-05256,16.15,1440,24,5.6,6,5,10,0,84.13
JOB-05257,161.9,1080,30,18.06,6,1,9,0,308.42
JOB-05258,66.34,1080,25,12.99,4,3,10,0,133.67
JOB-05259,123.24,1080,30,1.81,3,2,3,1,83.69
JOB-05260,104.23,720,50,11.7,1,2,4,1,73.47
JOB-05261,146.58,2160,30,4.31,6,1,6,1,256.13
JOB-05262,55.18,1080,30,12.66,5,4,3,1,76.22
JOB-05263,45.33,720,60,5.26,2,2,0,1,51.17
JOB-05264,32.74,1080,50,2.29,6,5,7,1,57.65
JOB-05265,172.06,1080,25,11.83,4,0,5,1,122.82
JOB-05266,36.54,720,30,3.11,3,4,8,1,32.67
JOB-05267,105.85,1080,30,12.08,5,4,2,1,122.0
JOB-05268,178.27,1080,60,9.71,3,3,6,0,415.82
JOB-05269,110.94,1080,50,9.87,1,0,3,1,116.62
JOB-05270,127.85,2160,25,15.69,6,0,8,0,494.05
JOB-05271,168.48,1080,24,10.95,6,0,11,0,240.7
JOB-05272,38.2,1080,60,24.03,2,3,11,1,98.85
JOB-05273,7.85,2160,30,6.46,6,3,5,1,34.11
JOB-05274,73.88,720,50,3.77,3,5,5,1,68.68
JOB-05275,110.96,1080,30,49.17,3,2,2,1,176.64
JOB-05276,118.24,1080,24,10.13,2,3,10,1,103.59
JOB-05277,99.5,720,50,4.19,5,0,0,1,50.7
JOB-05278,22.26,1440,60,6.65,5,3,4,1,53.0
JOB-05279,11.92,1080,24,3.76,1,0,4,1,17.62
JOB-05280,130.16,1080,25,16.63,5,0,2,0,178.98
JOB-05281,167.72,1080,25,18.06,3,1,3,1,133.54
JOB-05282,7.68,720,30,15.51,4,4,2,1,26.35
JOB-05283,60.1,1080,24,6.19,1,2,10,1,43.58
JOB-05284,159.34,1440,60,2.19,1,4,2,1,221.52
JOB-05285,62.25,2160,24,3.37,6,5,1,0,179.97
JOB-05286,175.53,720,24,7.45,4,4,8,0,198.96
JOB-05287,152.09,720,24,2.25,3,1,7,1,62.65
JOB-05288,179.74,1080,60,14.68,4,4,9,1,310.63
JOB-05289,152.13,1080,50,26.21,3,3,2,1,246.77
JOB-05290,149.3,1440,30,10.22,4,1,9,0,344.74
JOB-05291,105.32,720,50,7.74,1,0,10,0,128.45
JOB-05292,34.23,1440,60,3.69,3,5,1,1,73.24
JOB-05293,108.99,1440,50,16.33,4,4,4,0,406.82
JOB-05294,100.68,1440,25,2.59,6,4,4,1,99.03
JOB-05295,113.89,1080,50,5.62,4,1,9,1,121.07
JOB-05296,155.8,720,30,9.58,6,2,12,0,198.01
JOB-05297,39.84,1080,25,11.37,3,2,11,1,55.76
JOB-05298,8.71,720,24,3.32,1,4,8,1,18.77
JOB-05299,17.68,2160,30,6.57,2,3,2,1,43.03
JOB-05300,155.86,1080,60,8.9,3,2,10,1,216.39
JOB-05301,33.48,720,50,7.0,2,0,9,1,29.61
JOB-05302,27.65,1080,24,9.81,1,0,7,0,39.53
JOB-05303,125.41,1440,30,8.25,5,0,10,1,158.5
JOB-05304,77.85,1440,50,26.88,2,0,7,1,194.68
JOB-05305,100.74,720,60,5.26,5,1,8,1,86.45
JOB-05306,41.23,1440,50,6.25,4,0,3,1,69.18
JOB-05307,62.8,1080,50,15.51,6,4,6,1,111.98
JOB-05308,176.79,720,60,3.32,3,5,11,0,284.44
JOB-05309,111.04,1080,60,6.02,3,0,7,1,127.03
JOB-05310,9.55,1080,24,7.67,1,2,8,1,14.98
JOB-05311,117.42,2160,60,34.77,5,0,3,1,599.19
JOB-05312,30.6,1440,50,14.63,5,4,2,1,78.64
JOB-05313,100.06,1080,60,2.21,6,2,1,1,104.64
JOB-05314,100.82,720,60,17.31,4,0,4,1,79.37
JOB-05315,26.16,720,60,7.6,4,0,11,1,26.22
JOB-05316,51.46,2160,24,6.46,6,2,7,0,172.36
JOB-05317,65.07,1080,60,18.38,5,4,4,1,119.93
JOB-05318,25.49,1080,50,23.64,2,4,6,0,109.64
JOB-05319,95.42,1080,24,10.51,3,3,2,1,74.69
JOB-05320,167.65,720,50,7.24,6,5,11,1,160.73
JOB-05321,45.07,720,24,3.32,2,1,6,1,31.65
JOB-05322,13.6,1080,24,15.61,4,2,12,0,54.04
JOB-05323,58.83,1440,25,5.37,1,2,11,1,68.66
JOB-05324,8.98,2160,30,2.73,3,2,12,1,34.04
JOB-05325,22.83,720,30,5.99,2,5,1,0,61.02
JOB-05326,72.09,1080,50,8.82,4,5,7,1,92.87
JOB-05327,152.95,2160,25,6.76,2,4,3,1,262.59
JOB-05328,54.45,720,30,5.42,3,0,6,1,28.97
JOB-05329,42.86,1440,25,7.2,5,3,5,1,57.41
JOB-05330,63.86,1080,60,7.56,4,3,11,0,184.99
JOB-05331,61.71,720,50,11.11,5,3,10,1,85.71
JOB-05332,100.52,2160,60,5.25,1,3,5,0,497.24
JOB-05333,178.28,720,25,12.72,5,4,11,0,217.25
JOB-05334,15.91,1440,60,3.06,5,1,8,0,77.08
JOB-05335,140.4,1080,30,16.11,4,4,6,1,155.85
JOB-05336,80.01,720,24,2.56,6,0,0,0,60.68
JOB-05337,121.34,720,50,9.22,2,0,10,1,88.38
JOB-05338,82.79,1080,30,3.15,3,4,5,1,71.44
JOB-05339,53.59,720,25,13.54,4,4,7,0,88.45
JOB-05340,80.08,1080,24,9.07,6,1,5,1,72.36
JOB-05341,48.88,1080,50,9.54,1,0,7,1,58.94
JOB-05342,114.43,720,24,5.61,6,2,5,1,54.59
JOB-05343,67.45,1080,30,3.17,1,5,5,0,128.03
JOB-05344,114.13,2160,30,9.76,6,4,9,0,465.33
JOB-05345,134.24,2160,24,4.11,4,4,10,1,225.6
JOB-05346,158.91,1080,30,13.73,6,0,11,1,163.37
JOB-05347,80.32,2160,60,11.36,1,2,6,1,270.47
JOB-05348,149.28,2160,50,8.57,5,1,11,1,446.6
JOB-05349,107.6,1080,30,7.17,5,4,10,0,207.54
JOB-05350,39.77,720,24,10.05,2,0,5,1,18.87
JOB-05351,39.18,2160,30,12.25,2,5,8,1,113.56
JOB-05352,139.88,1080,50,3.54,4,5,6,1,160.39
JOB-05353,9.79,2160,60,3.75,3,4,1,1,40.94
JOB-05354,30.87,720,60,7.79,2,2,6,0,57.79
JOB-05355,152.16,1080,30,8.89,2,4,6,1,144.61
JOB-05356,59.83,1080,50,5.35,6,0,3,1,68.35
JOB-05357,153.64,720,30,5.88,6,2,7,1,97.59
JOB-05358,145.54,2160,30,3.79,1,5,12,1,285.77
JOB-05359,167.65,1440,24,13.41,6,2,12,0,402.64
JOB-05360,147.23,720,24,1.31,2,5,9,0,144.6
JOB-05361,22.3,1440,50,8.08,3,3,0,1,49.29
JOB-05362,44.16,1080,25,3.86,5,0,9,0,66.3
JOB-05363,30.33,1080,60,7.16,2,3,0,0,82.86
JOB-05364,172.68,1080,25,44.63,4,3,5,0,456.28
JOB-05365,79.91,1440,30,2.04,3,1,10,1,81.2
JOB-05366,66.25,1080,25,3.94,2,3,1,1,57.26
JOB-05367,75.79,2160,30,4.11,2,1,2,1,113.47
JOB-05368,48.87,1440,60,8.5,2,4,4,1,111.9
JOB-05369,168.94,1080,24,4.3,5,4,4,0,213.77
JOB-05370,165.87,1080,60,6.26,4,4,6,1,210.33
JOB-05371,178.09,2160,25,32.49,2,5,5,1,528.34
JOB-05372,100.52,1080,24,2.59,2,5,4,1,70.1
JOB-05373,134.71,1080,24,4.37,1,5,2,0,183.26
JOB-05374,117.08,1440,25,6.03,6,0,1,1,106.93
JOB-05375,83.06,1080,24,3.87,4,1,10,1,64.98
JOB-05376,36.53,1440,30,9.41,3,0,5,0,78.89
JOB-05377,164.7,1080,50,4.88,6,2,7,1,185.92
JOB-05378,114.57,1440,30,16.39,2,1,4,1,150.28
JOB-05379,170.88,2160,60,47.61,4,1,0,1,999.27
JOB-05380,123.1,2160,25,3.66,3,4,7,1,185.4
JOB-05381,25.66,1080,25,12.53,6,5,9,1,57.99
JOB-05382,101.57,1080,30,6.35,6,5,12,1,115.4
JOB-05383,148.38,1080,25,8.51,2,5,5,1,122.05
JOB-05384,122.22,1440,24,18.34,5,3,10,0,334.15
JOB-05385,21.99,1080,50,1.39,1,2,0,1,32.51
JOB-05386,9.43,1080,60,2.35,2,4,2,1,22.5
JOB-05387,18.68,2160,50,7.13,1,5,4,1,66.58
JOB-05388,51.82,1080,25,15.06,2,5,11,0,128.87
JOB-05389,55.73,1080,24,2.27,6,0,0,1,42.86
JOB-05390,51.17,1080,25,6.82,3,3,0,1,48.94
JOB-05391,74.28,1080,30,4.31,3,1,10,1,60.05
JOB-05392,85.43,1080,25,4.41,5,5,0,1,77.19
JOB-05393,62.66,720,60,15.6,2,5,5,1,84.16
JOB-05394,78.83,1080,25,3.27,5,3,8,1,84.65
JOB-05395,16.86,1440,50,2.68,2,0,8,1,39.93
JOB-05396,170.57,1080,24,7.19,1,2,4,1,101.63
JOB-05397,15.07,720,50,11.31,1,0,5,1,23.36
JOB-05398,103.94,1080,60,18.65,6,5,11,1,225.44
JOB-05399,31.47,720,60,4.49,2,2,4,1,37.85
JOB-05400,47.11,720,25,4.42,3,1,0,0,47.65
JOB-05401,34.69,720,60,3.62,3,0,7,0,51.68
JOB-05402,158.11,1080,60,3.92,2,3,5,1,179.87
JOB-05403,15.05,1440,50,5.05,2,1,10,0,64.69
JOB-05404,108.39,1080,24,13.76,3,2,2,1,97.91
JOB-05405,66.64,720,30,18.91,2,4,2,1,63.92
JOB-05406,121.64,2160,60,17.19,6,3,3,0,819.12
JOB-05407,17.19,1080,60,4.03,1,5,2,1,39.6
JOB-05408,114.4,2160,60,8.59,3,0,1,1,299.4
JOB-05409,73.23,1080,50,5.11,6,1,1,1,80.48
JOB-05410,135.9,1440,25,11.59,4,4,9,1,173.93
JOB-05411,160.4,720,30,7.52,4,2,2,0,155.11
JOB-05412,3.52,1080,30,2.37,2,5,3,1,26.85
JOB-05413,124.76,1440,24,20.36,6,1,5,1,164.29
JOB-05414,56.97,1080,25,24.01,5,3,6,1,80.27
JOB-05415,77.65,1080,30,33.38,2,1,5,1,103.29
JOB-05416,133.56,720,50,6.77,6,2,9,1,102.25
JOB-05417,122.2,1080,24,5.03,5,0,5,0,135.25
JOB-05418,58.55,2160,50,4.91,3,3,5,0,269.66
JOB-05419,139.54,1080,50,5.6,2,3,5,1,161.17
JOB-05420,168.15,1440,25,9.38,6,5,10,0,385.76
JOB-05421,63.82,2160,50,22.79,1,4,1,0,415.56
JOB-05422,107.07,1080,25,4.23,6,4,11,1,94.51
JOB-05423,142.7,1080,25,1.78,2,1,9,0,147.33
JOB-05424,51.56,1080,24,9.74,1,3,0,1,42.73
JOB-05425,89.92,1080,50,9.57,2,3,11,1,129.7
JOB-05426,110.6,720,25,13.31,1,3,11,1,66.75
JOB-05427,131.31,720,50,11.26,5,1,5,0,183.31
JOB-05428,169.47,720,25,51.27,2,2,2,0,274.17
JOB-05429,29.84,1080,50,4.8,6,5,10,0,115.68
JOB-05430,64.11,1080,50,10.16,4,0,4,0,132.92
JOB-05431,143.37,2160,30,6.43,6,0,11,0,507.88
JOB-05432,120.51,1080,30,4.26,4,1,3,1,84.61
JOB-05433,124.51,720,60,6.27,5,3,4,1,97.97
JOB-05434,49.52,1440,50,8.83,5,4,8,1,100.57
JOB-05435,162.59,1080,50,2.04,4,1,8,1,145.26
JOB-05436,83.92,2160,50,11.03,2,0,7,1,246.43
JOB-05437,67.56,1080,30,26.52,5,3,4,0,181.38
JOB-05438,36.11,1080,30,13.25,1,2,4,0,75.29
JOB-05439,6.24,1080,30,9.53,1,3,8,1,17.72
JOB-05440,80.7,2160,25,4.07,5,2,4,1,124.39
JOB-05441,80.95,720,50,12.6,6,1,11,0,149.69
JOB-05442,129.59,1080,50,8.2,2,1,3,0,262.03
JOB-05443,95.05,1080,25,4.79,2,2,12,1,83.59
JOB-05444,82.82,1080,25,1.7,3,4,3,1,71.45
JOB-05445,57.41,1440,24,10.95,6,3,12,0,162.11
JOB-05446,109.88,1440,50,18.32,5,5,8,1,283.81
JOB-05447,78.78,720,24,4.33,3,5,6,0,94.94
JOB-05448,36.69,1080,50,2.33,2,1,3,0,67.36
JOB-05449,58.2,1080,24,4.6,2,0,12,0,75.67
JOB-05450,31.37,1080,60,3.58,5,0,5,0,72.41
JOB-05451,125.0,1080,60,2.17,3,5,4,1,140.65
JOB-05452,37.87,720,25,11.57,4,5,1,1,33.18
JOB-05453,75.82,1080,50,5.36,6,2,1,1,83.63
JOB-05454,177.38,1080,60,7.03,5,0,8,0,374.2
JOB-05455,136.33,1080,24,4.35,5,1,9,0,170.55
JOB-05456,41.69,720,60,6.14,4,1,12,0,76.97
JOB-05457,167.23,1440,60,10.87,4,2,2,1,297.69
JOB-05458,154.41,1440,30,5.46,1,2,3,1,153.32
JOB-05459,103.93,1440,25,12.73,3,4,6,1,128.28
JOB-05460,80.56,1080,60,8.65,6,3,10,0,229.87
JOB-05461,99.23,1080,50,9.44,5,1,1,1,109.72
JOB-05462,142.9,720,50,15.45,5,3,3,0,223.08
JOB-05463,134.75,1080,24,3.79,5,0,3,1,81.7
JOB-05464,84.17,1080,30,2.84,4,3,6,1,74.35
JOB-05465,153.4,1080,24,9.1,3,4,0,1,136.34
JOB-05466,93.03,1440,30,8.34,1,0,1,0,157.55
JOB-05467,152.35,720,25,14.36,4,5,5,1,114.21
JOB-05468,96.21,1440,24,1.63,3,1,1,0,138.16
JOB-05469,5.05,1080,24,6.7,3,3,12,1,23.36
JOB-05470,167.48,1080,25,19.84,5,5,5,1,180.14
JOB-05471,6.82,1080,25,10.1,6,3,0,1,28.06
JOB-05472,176.33,2160,24,5.03,5,2,5,1,270.68
JOB-05473,26.38,1080,30,18.58,3,4,6,1,50.42
JOB-05474,49.15,1440,25,32.17,5,3,2,1,102.07
JOB-05475,154.18,1440,60,5.51,5,1,10,1,299.14
JOB-05476,34.57,720,60,35.44,1,1,11,1,58.0
JOB-05477,32.67,1080,50,10.72,3,5,7,1,60.77
JOB-05478,123.3,2160,25,6.3,5,0,12,0,386.64
JOB-05479,160.22,720,50,8.28,1,5,10,1,143.59
JOB-05480,71.09,1440,25,5.97,3,4,2,0,136.84
JOB-05481,12.51,1080,50,7.24,2,0,9,0,45.39
JOB-05482,68.36,1080,30,10.71,4,3,5,1,76.45
JOB-05483,13.61,1440,60,10.72,6,1,9,1,46.38
JOB-05484,71.32,2160,25,9.79,4,2,9,1,139.69
JOB-05485,2.52,720,25,3.8,2,4,11,1,23.39
JOB-05486,100.57,1080,50,6.17,2,4,6,1,120.52
JOB-05487,26.36,1440,60,15.55,2,4,12,1,91.73
JOB-05488,156.65,2160,24,2.39,5,0,2,1,180.96
JOB-05489,125.59,1080,25,6.05,2,2,5,0,149.19
JOB-05490,136.8,1440,30,5.62,5,5,12,0,353.47
JOB-05491,115.91,1080,50,5.69,2,2,0,0,188.48
JOB-05492,83.76,1080,50,4.39,3,0,3,1,75.15
JOB-05493,115.93,1080,50,15.59,4,0,9,1,166.21
JOB-05494,155.04,720,25,7.02,6,0,2,0,101.25
JOB-05495,147.76,1080,30,4.88,1,3,10,0,236.62
JOB-05496,145.06,2160,25,3.29,3,5,8,1,239.94
JOB-05497,101.5,1080,25,13.22,2,3,2,1,72.34
JOB-05498,173.1,1080,50,9.23,2,3,12,1,233.13
JOB-05499,176.02,1080,30,3.66,5,2,6,0,236.19
JOB-05500,21.58,2160,24,3.7,5,0,3,1,48.93
JOB-05501,3.95,720,24,14.43,1,4,11,0,43.35
JOB-05502,81.18,720,50,4.8,4,1,7,1,62.75
JOB-05503,72.98,1080,25,4.24,5,1,4,1,48.78
JOB-05504,124.83,1080,30,18.76,2,2,5,1,131.77
JOB-05505,53.87,1440,50,14.4,3,5,10,0,232.01
JOB-05506,103.54,1080,50,3.69,3,5,8,1,122.01
JOB-05507,102.28,1440,60,44.33,5,1,1,1,344.63
JOB-05508,45.95,1080,30,4.65,2,0,4,0,61.55
JOB-05509,170.3,1080,24,7.63,4,4,7,1,131.89
JOB-05510,17.82,1080,25,12.88,6,0,8,0,49.98
JOB-05511,20.86,1440,24,3.53,5,3,4,1,41.71
JOB-05512,111.97,1440,50,1.88,5,2,7,1,162.56
JOB-05513,25.88,1080,25,7.72,4,3,7,1,33.4
JOB-05514,153.89,2160,30,10.43,3,0,12,1,339.32
JOB-05515,122.43,1080,24,7.72,1,2,6,0,138.93
JOB-05516,65.71,1080,30,9.16,5,2,6,1,61.3
JOB-05517,53.34,1080,24,15.73,5,3,0,1,50.37
JOB-05518,107.11,1080,30,8.98,2,1,5,1,87.47
JOB-05519,26.74,1440,24,9.71,4,2,9,0,80.7
JOB-05520,10.24,1080,50,4.31,3,3,1,0,40.87
JOB-05521,113.61,1080,24,9.91,6,2,1,1,95.05
JOB-05522,112.03,720,30,11.6,2,1,2,1,59.89
JOB-05523,64.79,2160,30,5.42,1,1,10,0,220.39
JOB-05524,22.47,1080,50,13.03,5,0,4,1,46.48
JOB-05525,13.13,1080,24,2.61,5,3,7,0,51.61
JOB-05526,54.46,1440,60,6.26,3,2,1,1,93.17
JOB-05527,46.04,1080,50,11.77,4,1,5,1,69.86
JOB-05528,35.37,2160,24,7.54,6,3,8,1,82.97
JOB-05529,14.93,1080,30,14.29,5,3,7,1,34.77
JOB-05530,82.06,720,60,15.01,5,3,11,1,111.15
JOB-05531,160.17,720,24,4.52,5,3,1,0,132.13
JOB-05532,21.83,1440,25,4.06,2,5,6,1,40.98
JOB-05533,75.78,1080,25,6.12,3,3,5,1,56.47
JOB-05534,64.04,720,30,9.88,5,4,3,1,50.44
JOB-05535,109.5,1440,25,10.79,6,2,10,0,253.87
JOB-05536,123.61,1080,60,3.56,3,1,2,0,212.06
JOB-05537,46.99,1080,25,25.06,4,1,8,0,118.97
JOB-05538,168.86,1440,50,6.39,4,5,5,1,267.78
JOB-05539,133.82,1080,25,6.62,5,0,9,1,99.37
JOB-05540,34.53,720,30,15.13,3,5,8,1,45.52
JOB-05541,28.29,1080,30,8.46,6,1,5,0,66.39
JOB-05542,145.37,1440,50,12.94,6,5,9,1,322.22
JOB-05543,168.49,1440,24,5.91,5,2,3,0,258.19
JOB-05544,43.75,2160,30,14.11,1,4,12,0,230.83
JOB-05545,19.27,2160,24,7.73,3,1,5,0,72.06
JOB-05546,141.89,720,60,3.24,1,0,8,0,150.71
JOB-05547,114.84,720,30,3.45,5,3,5,1,66.53
JOB-05548,125.4,1440,60,7.72,5,0,8,0,418.67
JOB-05549,54.82,1440,24,19.36,2,1,10,0,149.46
JOB-05550,178.17,1080,25,9.76,2,5,1,1,147.4
JOB-05551,36.93,2160,50,5.06,5,1,12,1,108.9
JOB-05552,16.37,1080,60,3.82,6,4,9,1,51.23
JOB-05553,125.91,720,30,10.74,6,1,6,0,130.41
JOB-05554,162.89,1080,24,8.93,1,3,6,1,116.12
JOB-05555,1.2,720,60,6.06,3,5,12,1,29.93
JOB-05556,175.65,1080,25,4.2,6,2,4,0,193.73
JOB-05557,37.93,720,25,4.21,1,4,9,1,29.23
JOB-05558,147.79,720,60,4.58,1,2,2,1,109.98
JOB-05559,19.18,2160,30,9.2,1,4,5,1,52.25
JOB-05560,27.84,1080,24,3.54,2,2,12,0,56.82
JOB-05561,162.42,2160,50,8.81,6,4,2,1,403.84
JOB-05562,160.49,1080,50,19.8,4,0,2,1,234.33
JOB-05563,35.04,1080,24,8.59,6,4,8,1,48.21
JOB-05564,24.98,720,30,5.45,2,2,11,1,25.13
JOB-05565,7.37,1080,24,7.94,4,4,5,1,30.39
JOB-05566,26.06,1080,24,11.52,3,5,12,1,58.57
JOB-05567,97.03,1080,60,22.07,3,4,10,1,218.11
JOB-05568,133.74,2160,24,4.8,5,2,3,0,334.45
JOB-05569,68.5,1080,24,31.18,4,2,7,1,91.89
JOB-05570,84.71,1080,30,14.65,4,4,3,1,90.37
JOB-05571,55.76,2160,30,3.52,6,5,0,1,121.28
JOB-05572,65.81,2160,30,3.3,4,1,6,0,195.79
JOB-05573,31.41,1440,50,4.88,5,3,7,1,77.8
JOB-05574,179.41,1440,30,10.08,2,0,7,1,201.19
JOB-05575,75.46,1080,30,7.82,2,3,11,0,146.18
JOB-05576,23.03,1080,60,4.63,4,1,6,1,38.79
JOB-05577,170.89,720,30,12.92,2,3,10,0,211.65
JOB-05578,88.4,2160,24,6.98,4,4,3,1,151.31
JOB-05579,105.35,1080,50,3.99,1,2,9,1,122.34
JOB-05580,64.85,1080,25,12.91,5,2,3,1,51.09
JOB-05581,106.2,1080,50,7.47,5,3,4,1,120.87
JOB-05582,38.76,1080,25,2.43,5,2,1,0,67.79
JOB-05583,85.47,1080,60,10.34,1,2,6,0,218.61
JOB-05584,97.21,1440,30,4.34,6,3,1,1,98.04
JOB-05585,32.81,1080,50,2.87,1,0,4,1,32.44
JOB-05586,159.82,1080,24,6.87,2,0,5,1,92.98
JOB-05587,124.13,1080,24,8.08,2,3,7,0,173.29
JOB-05588,178.58,1080,25,18.05,4,4,5,0,327.2
JOB-05589,110.59,720,24,7.81,2,2,5,1,49.89
JOB-05590,87.41,1080,60,3.81,1,5,12,1,129.62
JOB-05591,111.3,2160,25,4.27,1,1,4,0,272.07
JOB-05592,7.34,2160,60,22.68,6,1,6,1,47.17
JOB-05593,6.49,2160,50,4.7,6,5,5,0,77.69
JOB-05594,93.97,1080,24,3.84,3,3,6,1,80.71
JOB-05595,26.81,720,50,11.43,4,1,1,1,22.55
JOB-05596,162.49,1080,30,7.23,5,1,7,0,215.05
JOB-05597,96.33,720,24,8.29,2,2,0,1,54.75
JOB-05598,153.69,1080,30,2.67,1,2,7,1,122.06
JOB-05599,18.72,720,24,2.96,6,1,3,1,25.49
JOB-05600,69.5,720,30,9.51,3,4,0,1,57.68
JOB-05601,64.3,1440,25,8.35,5,3,1,1,75.39
JOB-05602,100.06,1080,50,3.71,3,2,8,0,199.63
JOB-05603,68.58,1440,50,15.58,1,2,9,1,146.12
JOB-05604,110.55,1080,50,6.26,5,0,8,0,229.53
JOB-05605,133.88,2160,25,12.71,5,2,1,1,236.38
JOB-05606,177.35,2160,60,6.94,6,1,7,1,521.76
JOB-05607,73.19,1440,30,11.89,6,1,12,0,193.14
JOB-05608,63.98,1080,25,6.53,2,5,4,1,62.13
JOB-05609,25.37,1080,50,2.87,4,2,7,1,45.9
JOB-05610,102.51,720,25,20.65,1,5,9,1,80.07
JOB-05611,78.58,2160,25,7.34,1,4,0,1,112.58
JOB-05612,21.33,720,60,2.19,1,1,10,1,24.87
JOB-05613,4.96,2160,30,5.31,1,5,0,1,31.51
JOB-05614,58.38,1080,25,12.48,5,2,3,0,97.28
JOB-05615,156.04,1080,30,12.33,2,5,2,0,283.87
JOB-05616,175.9,1440,30,12.97,2,5,12,1,271.7
JOB-05617,123.39,1080,25,8.34,6,5,1,0,191.21
JOB-05618,22.71,720,50,25.37,3,4,3,1,41.8
JOB-05619,126.41,2160,25,17.43,2,3,6,1,287.39
JOB-05620,16.45,1440,60,11.17,2,1,9,1,38.25
JOB-05621,86.24,1080,24,7.11,4,1,5,0,110.76
JOB-05622,126.03,1080,60,6.64,1,1,5,0,256.72
JOB-05623,8.31,1080,60,12.34,3,4,7,0,51.57
JOB-05624,112.75,1080,30,15.92,4,5,0,1,121.12
JOB-05625,45.0,2160,60,10.69,2,4,10,1,182.7
JOB-05626,175.35,1440,30,5.94,5,5,7,0,394.17
JOB-05627,52.9,2160,50,7.81,1,4,2,1,144.4
JOB-05628,150.08,2160,60,8.86,5,0,1,1,414.86
JOB-05629,141.88,1440,30,6.93,1,2,10,1,169.5
JOB-05630,103.27,1440,24,10.12,6,0,7,1,107.69
JOB-05631,117.76,1440,50,3.16,6,2,11,1,197.65
JOB-05632,121.51,1080,24,3.88,1,2,0,1,69.95
JOB-05633,82.51,2160,25,3.89,1,3,10,1,129.97
JOB-05634,163.85,1080,25,5.83,2,2,11,0,213.46
JOB-05635,133.74,1440,60,9.16,2,2,2,1,230.71
JOB-05636,55.96,720,25,1.96,4,4,0,1,41.98
JOB-05637,15.42,2160,60,15.05,5,0,8,1,67.38
JOB-05638,137.21,1440,25,5.45,6,0,0,1,122.98
JOB-05639,76.67,1080,60,10.0,4,4,9,1,145.07
JOB-05640,44.13,1440,30,7.21,2,2,6,0,104.19
JOB-05641,17.12,1080,30,4.3,4,5,3,1,38.99
JOB-05642,112.75,1440,50,10.68,6,3,9,1,212.9
JOB-05643,26.33,1080,25,7.7,5,2,5,1,31.16
JOB-05644,7.05,1080,24,8.74,1,2,4,0,25.44
JOB-05645,9.0,1080,24,12.96,3,4,8,1,34.04
JOB-05646,125.57,2160,50,5.18,4,3,0,1,272.6
JOB-05647,141.31,1080,50,27.68,4,4,10,0,509.65
JOB-05648,178.99,1080,30,6.77,5,2,2,0,233.98
JOB-05649,83.46,1440,25,11.44,5,4,7,1,121.33
JOB-05650,48.61,1440,30,5.03,6,3,8,1,78.01
JOB-05651,11.63,1440,60,2.61,3,1,5,1,26.73
JOB-05652,53.91,1440,50,5.44,2,3,10,1,108.92
JOB-05653,27.84,2160,60,5.96,1,1,6,1,84.39
JOB-05654,175.46,1440,60,8.86,1,1,12,1,347.74
JOB-05655,59.98,720,25,7.6,6,4,6,1,56.59
JOB-05656,19.15,1080,60,4.29,3,3,11,1,43.61
JOB-05657,141.77,720,25,5.27,2,0,11,1,63.18
JOB-05658,2.03,1080,60,43.93,5,0,4,0,30.81
JOB-05659,110.58,1080,60,7.11,4,3,8,1,163.99
JOB-05660,163.0,720,50,5.0,5,3,1,0,203.17
JOB-05661,103.52,720,60,26.42,3,4,9,1,161.95
JOB-05662,85.8,1080,25,2.38,2,4,4,1,64.33
JOB-05663,20.87,2160,25,2.46,1,1,2,0,59.91
JOB-05664,58.74,2160,24,10.65,4,5,6,0,231.47
JOB-05665,81.04,1440,30,17.88,5,3,9,0,259.5
JOB-05666,35.62,720,24,15.19,6,1,8,0,56.35
JOB-05667,176.22,720,30,7.66,6,2,1,0,163.83
JOB-05668,29.6,1440,60,3.57,4,4,4,0,113.92
JOB-05669,96.64,1080,24,11.51,6,2,4,1,78.43
JOB-05670,100.82,1440,24,7.12,5,5,11,0,244.53
JOB-05671,82.99,1080,25,14.36,1,2,6,1,90.46
JOB-05672,55.0,1080,50,6.94,5,1,1,1,67.34
JOB-05673,157.67,1080,30,9.08,4,3,1,0,212.8
JOB-05674,126.49,2160,25,3.41,3,3,4,1,201.65
JOB-05675,154.86,720,24,6.43,6,2,4,0,127.15
JOB-05676,109.39,720,60,4.24,1,3,10,0,166.56
JOB-05677,99.55,720,50,21.46,3,0,7,0,165.1
JOB-05678,147.6,2160,24,2.41,6,4,12,1,268.3
JOB-05679,40.58,2160,30,5.34,4,2,5,1,78.11
JOB-05680,119.52,1080,25,6.25,2,3,8,1,95.67
JOB-05681,120.01,1080,30,11.03,1,4,12,0,249.47
JOB-05682,80.75,1080,24,2.81,2,4,3,1,64.7
JOB-05683,120.35,1440,30,5.11,4,0,12,0,254.72
JOB-05684,111.32,1440,24,8.55,6,3,5,1,110.26
JOB-05685,80.08,2160,60,3.53,5,1,2,0,353.95
JOB-05686,81.98,720,60,8.3,6,0,11,1,81.45
JOB-05687,141.07,2160,25,5.75,2,4,9,0,444.86
JOB-05688,151.74,1080,25,11.65,3,1,1,1,102.82
JOB-05689,111.57,720,50,4.55,5,2,3,1,74.84
JOB-05690,83.23,1080,25,1.43,1,1,6,1,44.11
JOB-05691,99.84,720,24,3.88,1,3,7,1,48.02
JOB-05692,63.71,1080,25,5.21,3,2,2,1,55.23
JOB-05693,19.03,1080,24,8.37,2,0,8,0,32.78
JOB-05694,43.05,720,30,4.88,3,4,5,1,45.38
JOB-05695,59.6,720,24,6.81,5,4,5,0,85.91
JOB-05696,146.3,2160,24,7.31,4,2,4,1,227.88
JOB-05697,131.64,2160,24,1.74,2,5,5,0,330.43
JOB-05698,93.74,1440,30,14.53,4,4,1,1,131.63
JOB-05699,118.25,720,24,37.05,6,2,9,1,98.3
JOB-05700,23.15,1080,24,2.86,4,4,6,0,71.26
JOB-05701,51.94,1080,60,12.94,6,0,3,1,86.0
JOB-05702,14.57,1440,50,11.06,4,4,7,1,49.99
JOB-05703,87.32,1440,60,10.25,2,0,12,0,335.98
JOB-05704,63.06,1080,60,12.64,4,5,11,1,135.38
JOB-05705,90.78,1080,50,36.12,1,4,11,0,397.33
JOB-05706,22.59,1080,24,4.75,6,1,0,1,22.37
JOB-05707,137.27,2160,30,13.42,2,4,7,1,313.69
JOB-05708,49.16,720,60,3.78,3,2,1,1,39.45
JOB-05709,26.4,2160,60,6.77,1,3,5,0,157.59
JOB-05710,25.17,720,50,17.61,2,2,4,1,44.75
JOB-05711,147.97,1080,30,8.1,2,0,0,1,89.97
JOB-05712,92.52,1440,24,4.44,1,0,0,0,110.27
JOB-05713,58.85,1080,60,23.9,2,5,9,0,246.94
JOB-05714,149.82,1080,50,7.35,4,4,0,0,281.23
JOB-05715,149.06,2160,30,6.91,5,0,7,0,491.51
JOB-05716,4.67,1080,60,9.7,5,3,7,1,21.88
JOB-05717,8.96,720,30,8.06,3,3,10,1,27.29
JOB-05718,115.97,2160,24,5.11,3,4,6,1,192.88
JOB-05719,103.77,1080,30,3.76,6,1,8,1,90.01
JOB-05720,77.05,1080,24,1.14,5,5,0,0,126.53
JOB-05721,30.62,720,25,5.35,3,3,9,1,35.83
JOB-05722,135.7,2160,24,2.77,5,3,3,1,181.04
JOB-05723,22.98,1080,30,10.38,5,5,1,1,42.2
JOB-05724,86.12,720,25,4.06,2,4,3,0,85.03
JOB-05725,1.41,1440,30,25.29,5,3,9,1,27.31
JOB-05726,68.72,1440,30,9.54,3,5,1,1,102.1
JOB-05727,81.46,1080,25,12.14,6,3,2,1,78.98
JOB-05728,34.62,1440,60,5.58,1,2,12,0,141.69
JOB-05729,94.65,2160,30,7.14,3,0,3,0,300.07
JOB-05730,73.9,720,30,20.14,5,4,6,0,138.96
JOB-05731,106.95,720,24,10.35,3,3,6,0,115.73
JOB-05732,153.4,2160,30,6.71,3,2,11,1,309.07
JOB-05733,90.94,1080,60,5.67,6,5,9,1,150.58
JOB-05734,173.64,720,60,5.6,3,1,7,1,128.66
JOB-05735,61.43,1080,50,10.63,6,2,0,1,79.18
JOB-05736,174.78,720,25,4.44,3,4,7,1,107.09
JOB-05737,39.69,1080,25,9.38,1,5,1,0,81.49
JOB-05738,50.33,1080,30,8.01,5,1,6,1,50.42
JOB-05739,164.13,1440,25,16.14,6,2,11,1,239.72
JOB-05740,112.86,1440,30,5.65,4,1,4,0,202.43
JOB-05741,78.82,1440,50,7.8,3,3,8,1,146.14
JOB-05742,41.28,1080,30,4.04,1,5,7,1,48.46
JOB-05743,77.97,720,50,12.66,4,0,12,1,75.87
JOB-05744,5.23,2160,25,34.27,1,0,7,1,29.47
JOB-05745,2.84,1080,50,5.46,4,0,11,1,16.25
JOB-05746,6.18,720,50,8.11,1,4,6,0,41.88
JOB-05747,179.43,2160,25,13.12,1,3,3,0,582.83
JOB-05748,169.46,1080,60,11.27,1,0,4,0,375.0
JOB-05749,25.82,1080,30,4.8,2,0,9,0,52.23
JOB-05750,103.57,1440,25,11.29,4,0,2,1,120.12
JOB-05751,14.32,720,24,5.27,1,0,0,1,8.87
JOB-05752,20.34,1080,25,4.07,1,2,7,0,47.36
JOB-05753,78.86,1080,50,11.51,1,4,3,0,191.75
JOB-05754,105.87,2160,24,3.86,3,4,0,1,149.77
JOB-05755,94.01,720,60,6.21,3,0,11,0,143.04
JOB-05756,146.55,1440,25,8.34,2,2,11,0,289.81
JOB-05757,3.83,1080,50,2.14,6,2,1,1,27.61
JOB-05758,27.07,720,30,21.76,4,5,5,0,76.65
JOB-05759,41.8,720,24,5.67,3,0,3,1,20.92
JOB-05760,69.45,2160,24,4.49,4,3,3,1,99.7
JOB-05761,80.31,1080,50,7.69,5,1,3,1,90.93
JOB-05762,18.97,2160,30,3.18,6,4,8,1,55.02
JOB-05763,99.64,1440,60,5.49,1,0,5,1,169.78
JOB-05764,96.57,2160,50,5.83,2,0,9,0,450.49
JOB-05765,136.87,1080,25,4.53,3,2,4,1,96.31
JOB-05766,91.63,2160,60,9.1,4,1,12,1,332.63
JOB-05767,51.57,1080,50,7.84,2,3,1,1,63.99
JOB-05768,132.32,1080,25,3.03,6,3,12,1,100.46
JOB-05769,155.57,1080,25,3.22,6,2,5,0,187.96
JOB-05770,1.91,720,30,13.09,5,4,5,1,21.82
JOB-05771,57.0,1440,30,4.76,2,5,8,1,84.64
JOB-05772,60.69,1080,24,6.02,5,0,3,0,75.64
JOB-05773,84.65,1080,50,1.65,2,4,10,1,102.13
JOB-05774,114.31,1080,24,18.31,3,4,12,1,144.89
JOB-05775,106.14,720,30,11.38,2,2,11,1,73.2
JOB-05776,177.37,1080,50,2.48,2,3,12,0,351.76
JOB-05777,126.21,1080,50,7.96,6,5,9,1,173.82
JOB-05778,166.57,1080,30,16.04,1,5,4,0,298.67
JOB-05779,114.98,720,50,12.11,6,5,4,1,136.84
JOB-05780,78.13,1080,30,10.88,4,1,12,1,79.16
JOB-05781,25.54,720,50,3.59,3,3,11,0,61.59
JOB-05782,57.67,720,50,8.56,3,5,9,1,57.2
JOB-05783,135.69,1440,30,3.93,5,3,8,1,159.65
JOB-05784,138.21,1080,50,13.6,3,4,2,0,313.54
JOB-05785,70.76,1080,60,8.88,1,5,8,0,207.21
JOB-05786,3.05,720,60,12.0,3,1,11,1,16.45
JOB-05787,45.34,1080,50,13.96,3,0,6,1,61.78
JOB-05788,8.62,1080,25,8.0,2,2,8,1,22.41
JOB-05789,176.13,720,25,26.76,3,4,4,1,129.57
JOB-05790,19.49,1440,24,15.78,3,3,6,0,78.79
JOB-05791,8.69,1080,25,9.9,5,3,0,1,16.54
JOB-05792,120.67,1080,50,10.42,5,1,7,0,264.48
JOB-05793,136.53,1080,30,3.81,3,4,4,0,203.81
JOB-05794,70.62,1080,24,7.11,4,5,11,1,82.92
JOB-05795,122.36,720,50,33.09,1,2,4,1,139.14
JOB-05796,144.63,1080,60,1.35,6,0,9,0,277.58
JOB-05797,117.66,1080,30,6.31,1,1,0,1,85.68
JOB-05798,164.84,720,24,11.4,6,2,6,0,173.37
JOB-05799,136.13,2160,30,5.12,5,2,6,0,416.52
JOB-05800,105.98,1440,25,10.18,6,1,4,1,106.22
JOB-05801,2.37,720,60,5.43,5,2,4,0,31.04
JOB-05802,123.38,1080,60,12.97,2,1,4,1,168.35
JOB-05803,4.97,1080,50,6.15,4,5,1,1,28.39
JOB-05804,23.54,1080,50,6.03,3,4,7,0,73.26
JOB-05805,164.17,1080,50,6.09,4,2,8,0,329.12
JOB-05806,11.69,1440,25,3.08,5,3,0,0,48.71
JOB-05807,58.78,720,50,4.99,2,1,0,0,66.14
JOB-05808,83.62,1080,50,14.89,5,1,9,0,218.78
JOB-05809,144.22,1080,25,13.8,2,5,10,0,269.42
JOB-05810,147.97,720,24,7.36,6,0,2,1,42.97
JOB-05811,158.53,1080,60,20.43,3,5,1,1,255.53
JOB-05812,176.8,1080,25,7.2,6,0,5,0,206.17
JOB-05813,111.16,1440,60,2.8,5,5,9,0,364.15
JOB-05814,168.53,720,60,6.73,5,5,4,1,130.44
JOB-05815,108.62,2160,60,11.0,2,3,3,0,617.01
JOB-05816,87.59,2160,50,4.73,1,4,10,0,425.83
JOB-05817,38.74,720,30,13.14,4,3,10,1,47.33
JOB-05818,95.19,1080,60,10.41,4,4,10,1,162.03
JOB-05819,20.71,1080,50,13.01,4,4,10,1,55.56
JOB-05820,93.14,720,24,6.04,1,2,8,0,95.97
JOB-05821,162.03,1080,30,5.32,5,0,5,1,99.32
JOB-05822,175.3,1440,50,22.45,4,4,5,1,405.37
JOB-05823,84.16,720,25,17.15,6,5,7,1,70.9
JOB-05824,7.23,1080,30,17.03,3,0,5,1,15.14
JOB-05825,108.07,1080,25,5.41,4,4,0,0,143.9
JOB-05826,114.8,1080,60,8.24,5,4,8,1,182.13
JOB-05827,125.45,1080,24,7.51,1,0,9,1,84.37
JOB-05828,49.99,1080,60,9.28,6,2,5,1,76.34
JOB-05829,166.16,1440,24,8.3,3,1,0,1,126.29
JOB-05830,67.56,1080,60,8.6,6,4,7,1,111.35
JOB-05831,155.93,1080,60,6.12,1,0,4,1,177.06
JOB-05832,149.75,1080,50,17.55,5,0,5,0,364.02
JOB-05833,155.8,2160,25,4.31,6,5,10,0,502.66
JOB-05834,17.86,1440,25,15.14,6,5,1,1,43.56
JOB-05835,166.75,1440,24,9.65,6,5,2,1,169.02
JOB-05836,103.05,1080,50,15.35,2,0,10,1,151.15
JOB-05837,161.39,1080,24,5.7,3,4,2,1,106.51
JOB-05838,9.07,1080,60,10.68,1,3,7,0,47.58
JOB-05839,93.01,1080,50,7.86,2,1,4,1,103.37
JOB-05840,72.55,1080,24,2.02,2,0,4,1,46.41
JOB-05841,171.48,1080,60,3.21,4,5,10,1,230.71
JOB-05842,34.08,1440,30,7.46,1,4,8,1,51.99
JOB-05843,72.59,1080,25,15.75,6,4,6,1,87.39
JOB-05844,154.29,2160,50,21.67,3,3,6,1,604.72
JOB-05845,46.33,1080,24,9.34,2,3,5,1,49.01
JOB-05846,32.02,1080,60,9.79,5,4,4,1,62.69
JOB-05847,78.41,720,24,3.27,5,2,10,1,45.29
JOB-05848,5.91,2160,24,5.28,3,3,0,1,26.63
JOB-05849,137.88,1080,60,12.49,3,5,3,1,204.44
JOB-05850,143.14,1440,24,33.03,2,0,6,0,404.1
JOB-05851,157.47,2160,25,4.78,4,4,11,1,283.96
JOB-05852,138.04,2160,50,13.92,1,0,12,1,481.84
JOB-05853,101.68,720,30,3.55,2,5,9,1,82.31
JOB-05854,127.07,2160,30,7.92,3,3,8,1,262.09
JOB-05855,93.59,1080,24,5.02,4,5,10,1,99.05
JOB-05856,79.89,1080,25,25.41,6,4,1,1,85.79
JOB-05857,124.04,720,30,5.0,5,3,11,0,141.7
JOB-05858,26.1,1080,25,18.31,4,2,6,1,44.72
JOB-05859,133.73,720,50,5.22,4,5,7,1,121.85
JOB-05860,139.75,1080,25,2.94,4,1,5,1,87.49
JOB-05861,137.73,1080,24,3.67,2,0,1,0,137.18
JOB-05862,49.62,1080,25,3.16,2,1,5,0,62.65
JOB-05863,137.93,720,25,4.44,3,4,10,1,93.71
JOB-05864,102.98,720,25,4.58,5,2,7,1,60.24
JOB-05865,102.31,1080,30,9.4,5,1,4,1,95.2
JOB-05866,174.13,2160,30,5.42,4,0,1,1,248.64
JOB-05867,89.86,720,30,13.56,6,0,12,0,103.84
JOB-05868,62.37,1080,60,3.11,3,0,9,1,71.26
JOB-05869,44.88,1440,50,10.7,6,1,4,0,158.86
JOB-05870,151.25,2160,60,4.02,4,2,9,0,753.12
JOB-05871,61.54,1080,30,8.82,5,5,12,1,85.15
JOB-05872,42.0,2160,60,13.05,2,3,10,1,178.94
JOB-05873,144.42,2160,30,20.73,2,2,9,1,401.27
JOB-05874,123.06,1080,60,4.59,5,1,12,1,169.52
JOB-05875,170.87,1080,25,2.27,6,4,2,1,93.38
JOB-05876,114.94,1440,30,7.8,4,1,6,0,234.25
JOB-05877,19.21,720,50,8.32,6,2,4,1,25.42
JOB-05878,10.18,1080,30,8.36,2,4,4,1,28.13
JOB-05879,153.9,1080,25,15.95,1,3,7,1,147.19
JOB-05880,171.46,1080,25,19.52,1,1,6,1,152.78
JOB-05881,103.55,1080,60,7.97,3,4,9,0,277.9
JOB-05882,57.51,1080,50,5.47,2,2,9,1,66.34
JOB-05883,76.36,1440,30,6.45,4,3,8,1,97.5
JOB-05884,153.36,1080,50,8.46,2,4,0,1,168.4
JOB-05885,25.94,1080,24,9.42,5,3,12,1,45.09
JOB-05886,15.09,1440,60,7.3,2,0,7,1,34.78
JOB-05887,70.43,1440,25,8.03,2,5,5,1,84.55
JOB-05888,153.3,1080,24,5.99,4,0,12,1,101.24
JOB-05889,4.69,720,24,7.26,6,1,3,1,19.62
JOB-05890,90.61,1440,50,7.08,4,2,1,0,233.43
JOB-05891,115.61,1080,24,9.97,3,0,3,0,147.01
JOB-05892,26.9,1080,24,15.62,1,4,11,1,39.17
JOB-05893,177.29,720,50,4.53,5,4,3,1,125.94
JOB-05894,140.9,2160,60,4.68,5,4,10,1,441.4
JOB-05895,105.29,1080,24,39.42,4,0,9,1,150.59
JOB-05896,172.07,1080,25,20.02,3,2,10,1,183.76
JOB-05897,144.25,720,50,7.88,2,4,12,0,217.21
JOB-05898,43.76,1080,60,5.05,1,5,12,1,71.96
JOB-05899,96.25,1080,50,12.26,6,2,0,1,122.02
JOB-05900,33.33,1080,50,51.1,4,2,12,1,108.93
JOB-05901,56.65,1440,24,16.47,1,0,7,1,70.13
JOB-05902,38.55,720,60,25.55,3,2,4,0,97.65
JOB-05903,116.07,1080,30,8.12,6,2,6,1,108.89
JOB-05904,128.94,720,60,5.59,5,5,1,1,86.99
JOB-05905,164.17,1080,30,3.43,2,1,7,0,203.31
JOB-05906,147.25,720,50,16.21,4,3,5,1,121.13
JOB-05907,167.43,1080,60,9.66,5,0,7,1,232.46
JOB-05908,41.6,1080,50,5.28,1,3,7,1,55.92
JOB-05909,141.03,1080,25,9.93,3,4,11,1,133.48
JOB-05910,71.22,1440,30,4.24,5,2,0,1,79.16
JOB-05911,55.41,1080,50,10.52,6,4,11,1,93.98
JOB-05912,122.74,720,24,1.92,4,4,10,1,72.97
JOB-05913,118.96,1440,60,4.66,6,5,3,1,207.94
JOB-05914,173.4,2160,24,15.05,5,3,9,0,659.86
JOB-05915,1.17,1440,60,3.66,1,5,7,1,23.7
JOB-05916,29.05,720,50,3.58,1,3,10,1,23.11
JOB-05917,155.41,720,30,7.71,1,0,6,1,88.39
JOB-05918,85.96,1080,25,41.87,4,2,3,1,112.97
JOB-05919,72.59,1440,30,10.6,1,0,11,1,91.04
JOB-05920,103.86,1080,24,3.69,3,4,12,1,93.03
JOB-05921,105.75,1440,50,2.28,2,2,8,1,156.98
JOB-05922,107.64,1080,25,5.14,4,4,9,1,91.89
JOB-05923,155.93,720,24,11.25,1,0,8,0,130.46
JOB-05924,49.22,1080,24,3.5,3,2,8,0,74.37
JOB-05925,63.83,1080,60,17.43,6,5,10,1,142.64
JOB-05926,161.59,1080,30,8.91,2,1,4,1,114.68
JOB-05927,137.49,720,50,6.69,4,1,0,0,148.85
JOB-05928,116.32,1080,30,11.88,2,1,2,1,91.9
JOB-05929,25.01,1440,60,16.21,4,0,3,1,56.85
JOB-05930,83.08,1080,24,3.45,6,0,11,1,59.03
JOB-05931,146.23,1440,50,21.95,1,5,1,1,309.28
JOB-05932,62.74,1080,24,28.07,5,2,3,0,134.42
JOB-05933,102.84,720,24,3.79,2,5,9,1,66.71
JOB-05934,104.1,1440,25,2.78,6,4,0,0,175.2
JOB-05935,115.85,720,24,20.0,4,2,2,1,71.46
JOB-05936,136.03,720,30,6.49,6,1,7,1,79.07
JOB-05937,50.38,2160,30,32.13,1,5,3,1,164.14
JOB-05938,159.96,1440,30,3.07,2,1,9,0,275.38
JOB-05939,30.88,2160,25,9.83,4,4,8,1,75.88
JOB-05940,76.63,2160,25,6.01,6,5,0,1,118.91
JOB-05941,153.69,1080,30,5.14,5,3,3,0,221.22
JOB-05942,91.63,1080,25,7.62,2,5,3,1,89.07
JOB-05943,95.9,1080,60,2.61,6,0,7,1,110.93
JOB-05944,91.99,1440,50,12.58,5,2,4,1,169.97
JOB-05945,67.06,1440,30,11.49,2,0,10,1,87.35
JOB-05946,62.76,1080,60,5.6,2,2,12,1,85.23
JOB-05947,105.98,2160,50,10.48,3,4,12,0,651.66
JOB-05948,174.46,720,30,30.34,4,5,3,1,142.38
JOB-05949,173.65,1440,50,6.94,5,2,12,1,304.13
JOB-05950,146.65,1080,25,4.79,5,0,8,0,176.29
JOB-05951,162.33,720,25,5.14,1,1,4,1,92.75
JOB-05952,91.36,2160,50,23.18,2,0,5,1,341.77
JOB-05953,168.97,1080,24,9.34,3,1,6,1,115.59
JOB-05954,104.17,2160,30,10.44,2,4,0,1,188.19
JOB-05955,74.35,1080,60,44.03,2,4,4,1,215.52
JOB-05956,78.51,1080,25,6.1,4,1,7,1,58.59
JOB-05957,13.1,1080,25,6.1,3,1,4,1,20.31
JOB-05958,7.2,720,60,8.46,6,4,4,1,28.7
JOB-05959,52.81,1080,25,22.39,4,4,4,1,63.94
JOB-05960,22.2,1080,30,3.64,2,2,6,1,30.24
JOB-05961,87.73,2160,24,9.01,5,0,8,1,151.09
JOB-05962,141.89,1080,50,6.81,6,5,1,0,285.47
JOB-05963,161.11,1440,30,7.24,3,5,7,0,372.8
JOB-05964,105.75,1440,30,11.93,6,4,5,1,154.24
JOB-05965,47.15,720,25,6.04,4,5,9,1,57.38
JOB-05966,84.68,720,25,19.4,3,0,1,1,29.07
JOB-05967,107.37,1080,30,6.67,6,5,2,0,172.5
JOB-05968,84.57,1080,30,9.65,6,4,7,1,86.52
JOB-05969,83.06,2160,30,4.5,2,4,4,1,157.32
JOB-05970,133.71,720,24,3.45,6,3,2,1,54.22
JOB-05971,123.26,720,30,12.31,4,3,1,1,75.84
JOB-05972,174.06,720,30,4.08,5,1,9,0,151.63
JOB-05973,176.31,2160,25,2.86,6,4,12,1,299.85
JOB-05974,40.03,720,24,13.47,6,4,6,1,58.11
JOB-05975,101.39,720,60,11.56,4,2,0,0,142.07
JOB-05976,70.19,720,24,8.16,3,5,12,1,67.04
JOB-05977,64.64,720,60,4.29,3,1,7,0,104.41
JOB-05978,83.38,1080,60,10.56,3,5,4,0,218.97
JOB-05979,155.5,1080,30,3.38,6,5,1,1,121.26
JOB-05980,160.43,2160,60,6.07,1,0,3,1,397.74
JOB-05981,9.02,1080,24,12.77,2,4,8,1,24.45
JOB-05982,148.52,1080,25,4.05,3,3,8,1,116.24
JOB-05983,25.9,720,30,7.61,5,1,10,0,51.28
JOB-05984,150.27,720,30,6.04,3,3,7,0,150.25
JOB-05985,31.58,1440,25,2.33,4,0,12,1,43.35
JOB-05986,21.94,720,60,27.03,1,1,11,1,39.57
JOB-05987,61.81,2160,25,5.57,5,3,1,1,87.34
JOB-05988,128.46,1080,24,6.67,5,5,9,0,206.64
JOB-05989,81.71,720,25,25.22,5,4,5,1,85.18
JOB-05990,128.49,1440,30,18.46,2,2,4,1,186.97
JOB-05991,107.45,720,60,2.84,2,1,5,0,141.44
JOB-05992,149.63,1080,30,5.51,1,0,4,1,80.52
JOB-05993,43.23,1080,25,6.93,1,1,8,0,67.61
JOB-05994,177.01,720,50,5.77,4,1,11,1,138.26
JOB-05995,59.56,1440,24,1.97,1,4,12,1,76.76
JOB-05996,96.34,1080,30,5.72,6,0,4,0,147.65
JOB-05997,24.2,1080,60,4.93,4,0,11,1,38.36
JOB-05998,131.26,1440,50,6.74,5,3,6,1,219.59
JOB-05999,162.24,1080,25,5.28,5,5,12,0,301.69
JOB-06000,84.13,2160,30,8.3,4,0,3,1,145.11
