sample_id,turbidity_ntu,conductivity_change_pct,uv_absorbance,requires_review,split
TR-R-0399,3.715,-0.929,0.064,1,training
TR-R-0183,3.523,11.029,0.092,1,training
TR-N-0320,1.865,3.355,0.038,0,training
TR-N-0386,2.346,3.073,0.041,0,training
TR-R-0180,2.968,9.996,0.093,1,training
TR-N-0293,1.568,-0.284,0.036,0,training
TR-N-0149,1.447,1.093,0.029,0,training
TR-R-0335,3.653,5.754,0.094,1,training
TR-R-0252,2.951,8.111,0.038,1,training
TR-N-0392,1.681,-2.528,0.043,0,training
TR-R-0023,4.08,4.6,0.078,1,training
TR-R-0387,3.907,-0.052,0.068,1,training
TR-R-0199,3.113,10.757,0.077,1,training
TR-N-0219,1.467,-6.427,0.03,0,training
TR-N-0070,2.394,-2.102,0.042,0,training
TR-N-0283,2.195,-4.233,0.033,0,training
TR-R-0124,2.145,6.38,0.053,1,training
TR-N-0012,1.665,0.281,0.052,0,training
TR-N-0355,1.468,2.238,0.037,0,training
TR-R-0343,3.339,6.025,0.049,1,training
TR-R-0110,3.405,7.418,0.051,1,training
TR-R-0126,2.116,5.952,0.058,1,training
TR-N-0125,1.18,-2.504,0.034,0,training
TR-N-0004,2.017,-1.621,0.065,0,training
TR-N-0100,1.471,-4.061,0.054,0,training
TR-R-0071,2.939,0.781,0.077,1,training
TR-N-0046,1.273,1.167,0.032,0,training
TR-N-0051,1.256,0.087,0.052,0,training
TR-R-0359,3.052,6.854,0.053,1,training
TR-R-0058,3.631,12.832,0.083,1,training
TR-N-0124,1.312,3.569,0.066,0,training
TR-N-0228,1.341,-1.366,0.036,0,training
TR-N-0157,1.398,-4.823,0.036,0,training
TR-R-0004,2.997,9.443,0.06,1,training
TR-R-0352,4.36,5.243,0.083,1,training
TR-N-0101,3.088,1.502,0.038,0,training
TR-N-0322,1.502,-6.972,0.049,0,training
TR-N-0019,1.813,0.385,0.034,0,training
TR-N-0272,1.755,-2.89,0.023,0,training
TR-N-0129,1.676,1.836,0.05,0,training
TR-R-0190,3.847,13.654,0.057,1,training
TR-R-0230,4.474,5.183,0.099,1,training
TR-R-0312,2.366,0.452,0.071,1,training
TR-R-0137,2.615,4.468,0.042,1,training
TR-N-0137,1.948,-3.987,0.049,0,training
TR-N-0205,2.042,2.441,0.027,0,training
TR-R-0057,2.55,9.634,0.049,1,training
TR-R-0195,3.124,-2.351,0.062,1,training
TR-N-0061,1.472,-0.022,0.049,0,training
TR-R-0053,2.173,8.536,0.071,1,training
TR-R-0204,3.694,1.697,0.062,1,training
TR-N-0361,1.946,-2.148,0.057,0,training
TR-N-0271,1.292,-2.42,0.035,0,training
TR-N-0079,1.75,0.406,0.044,0,training
TR-R-0022,2.418,11.528,0.077,1,training
TR-R-0149,4.064,3.837,0.072,1,training
TR-R-0295,3.461,14.991,0.083,1,training
TR-N-0201,2.331,2.09,0.045,0,training
TR-N-0393,0.889,-4.284,0.048,0,training
TR-N-0143,2.331,-5.28,0.049,0,training
TR-N-0347,1.773,3.519,0.063,0,training
TR-R-0238,2.049,4.975,0.073,1,training
TR-N-0279,0.852,-0.092,0.035,0,training
TR-R-0030,3.036,-4.085,0.04,1,training
TR-R-0050,3.369,2.126,0.093,1,training
TR-N-0306,1.466,-2.544,0.038,0,training
TR-R-0315,1.686,9.273,0.055,1,training
TR-N-0210,1.573,-1.085,0.028,0,training
TR-N-0087,1.257,-4.504,0.065,0,training
TR-R-0209,3.736,6.375,0.067,1,training
TR-R-0398,3.603,7.333,0.051,1,training
TR-N-0155,2.272,2.326,0.033,0,training
TR-R-0378,2.943,4.683,0.056,1,training
TR-R-0283,3.464,5.839,0.049,1,training
TR-N-0043,2.116,-2.206,0.04,0,training
TR-N-0327,2.096,1.208,0.022,0,training
TR-R-0163,2.916,-3.113,0.041,1,training
TR-R-0318,3.431,-0.562,0.086,1,training
TR-N-0250,1.858,1.819,0.033,0,training
TR-R-0029,3.178,11.023,0.069,1,training
TR-N-0235,1.517,2.529,0.053,0,training
TR-R-0035,3.76,3.534,0.077,1,training
TR-R-0077,0.669,-0.723,0.07,1,training
TR-R-0293,3.465,0.548,0.055,1,training
TR-R-0159,2.959,3.516,0.048,1,training
TR-N-0186,1.261,-0.841,0.036,0,training
TR-N-0146,2.343,2.046,0.028,0,training
TR-R-0040,3.532,4.203,0.051,1,training
TR-N-0255,2.333,0.102,0.034,0,training
TR-N-0395,1.739,-0.223,0.053,0,training
TR-N-0211,2.032,5.319,0.032,0,training
TR-N-0246,1.885,-5.807,0.037,0,training
TR-R-0189,3.112,15.592,0.072,1,training
TR-N-0346,2.293,-4.637,0.037,0,training
TR-R-0076,3.015,3.572,0.072,1,training
TR-R-0368,3.222,15.707,0.079,1,training
TR-N-0260,2.134,-1.896,0.052,0,training
TR-N-0179,1.053,-1.086,0.061,0,training
TR-R-0032,3.263,-0.086,0.05,1,training
TR-N-0370,2.001,0.577,0.042,0,training
TR-R-0067,3.948,12.849,0.105,1,training
TR-R-0360,3.341,11.459,0.075,1,training
TR-N-0376,1.655,1.192,0.065,0,training
TR-N-0285,0.779,2.29,0.009,0,training
TR-N-0159,1.315,-2.736,0.045,0,training
TR-R-0264,3.563,8.789,0.103,1,training
TR-N-0359,1.365,-3.943,0.043,0,training
TR-N-0196,1.772,-1.231,0.037,0,training
TR-N-0251,2.686,-7.117,0.04,0,training
TR-N-0385,0.757,-0.629,0.037,0,training
TR-N-0397,1.622,-0.591,0.028,0,training
TR-N-0044,2.053,-0.091,0.04,0,training
TR-R-0386,2.855,1.274,0.044,1,training
TR-R-0089,3.256,0.814,0.096,1,training
TR-N-0195,2.482,3.277,0.045,0,training
TR-R-0015,2.69,2.764,0.062,1,training
TR-N-0326,1.675,2.363,0.051,0,training
TR-N-0018,2.768,-1.071,0.041,0,training
TR-R-0006,3.177,9.794,0.08,1,training
TR-N-0207,1.686,-1.357,0.045,0,training
TR-N-0113,2.708,2.446,0.028,0,training
TR-R-0179,4.049,13.895,0.061,1,training
TR-N-0190,1.189,-6.435,0.043,0,training
TR-N-0126,2.402,2.424,0.036,0,training
TR-N-0010,0.529,0.692,0.044,0,training
TR-N-0268,1.691,-7.891,0.04,0,training
TR-N-0232,1.486,-0.371,0.035,0,training
TR-R-0275,2.084,6.527,0.095,1,training
TR-R-0143,1.581,0.342,0.07,1,training
TR-R-0046,2.467,7.044,0.086,1,training
TR-R-0132,3.906,-3.269,0.069,1,training
TR-N-0296,1.894,0.613,0.055,0,training
TR-N-0074,0.924,-2.114,0.021,0,training
TR-N-0234,1.561,-3.313,0.043,0,training
TR-N-0242,1.201,-0.009,0.048,0,training
TR-N-0033,2.308,-5.532,0.047,0,training
TR-N-0188,2.543,1.317,0.051,0,training
TR-N-0030,1.41,1.164,0.042,0,training
TR-N-0318,2.233,-2.869,0.048,0,training
TR-N-0153,1.756,-1.107,0.063,0,training
TR-R-0350,3.67,6.737,0.06,1,training
TR-R-0191,2.971,11.457,0.096,1,training
TR-N-0263,1.618,5.931,0.023,0,training
TR-R-0304,4.581,4.272,0.09,1,training
TR-N-0203,1.43,-3.644,0.034,0,training
TR-R-0184,2.68,1.812,0.054,1,training
TR-R-0078,3.315,8.416,0.069,1,training
TR-R-0270,1.961,6.224,0.062,1,training
TR-R-0061,3.279,0.459,0.102,1,training
TR-N-0158,0.905,-4.841,0.032,0,training
TR-N-0057,2.218,0.932,0.037,0,training
TR-N-0045,1.472,1.401,0.03,0,training
TR-N-0059,2.181,0.113,0.039,0,training
TR-R-0291,2.408,13.786,0.081,1,training
TR-N-0380,1.132,-2.281,0.05,0,training
TR-N-0088,1.645,-1.691,0.039,0,training
TR-N-0035,1.32,-1.142,0.036,0,training
TR-R-0346,4.631,0.895,0.064,1,training
TR-N-0096,1.333,-0.526,0.023,0,training
TR-N-0110,1.933,0.313,0.033,0,training
TR-R-0220,2.667,9.462,0.061,1,training
TR-R-0288,3.507,6.647,0.074,1,training
TR-N-0160,0.517,-0.545,0.029,0,training
TR-R-0039,2.249,5.533,0.051,1,training
TR-N-0377,1.223,-0.773,0.055,0,training
TR-R-0307,3.064,0.399,0.065,1,training
TR-N-0389,2.899,-1.043,0.039,0,training
TR-R-0349,3.824,6.381,0.063,1,training
TR-R-0348,4.802,5.533,0.082,1,training
TR-R-0309,2.479,9.419,0.078,1,training
TR-N-0253,1.597,2.224,0.034,0,training
TR-R-0363,3.845,7.154,0.086,1,training
TR-R-0168,2.492,19.101,0.068,1,training
TR-R-0072,3.38,11.088,0.044,1,training
TR-N-0321,2.083,3.473,0.057,0,training
TR-R-0233,3.312,0.317,0.068,1,training
TR-R-0182,3.009,-3.045,0.069,1,training
TR-R-0345,3.816,2.341,0.076,1,training
TR-R-0090,2.373,11.546,0.027,1,training
TR-N-0173,0.866,-2.759,0.028,0,training
TR-N-0093,1.357,1.85,0.041,0,training
TR-R-0122,1.49,11.857,0.1,1,training
TR-R-0034,2.832,5.267,0.079,1,training
TR-N-0142,1.006,-1.441,0.047,0,training
TR-N-0156,2.062,-0.631,0.033,0,training
TR-N-0182,1.192,0.785,0.05,0,training
TR-R-0376,2.977,4.818,0.078,1,training
TR-N-0021,1.452,-0.071,0.03,0,training
TR-R-0375,2.619,8.828,0.053,1,training
TR-R-0120,3.628,8.77,0.061,1,training
TR-N-0015,1.903,-4.01,0.038,0,training
TR-R-0101,4.102,5.48,0.093,1,training
TR-R-0148,2.816,16.784,0.082,1,training
TR-N-0367,2.335,1.722,0.037,0,training
TR-N-0373,2.14,0.66,0.053,0,training
TR-N-0315,2.638,0.089,0.066,0,training
TR-R-0319,2.715,7.058,0.087,1,training
TR-N-0054,2.295,3.76,0.034,0,training
TR-R-0064,2.73,6.367,0.053,1,training
TR-R-0225,2.505,4.913,0.076,1,training
TR-N-0104,2.307,-4.916,0.038,0,training
TR-N-0005,1.937,3.851,0.051,0,training
TR-N-0038,1.818,-0.957,0.031,0,training
TR-N-0084,0.472,-3.537,0.051,0,training
TR-N-0138,1.72,-1.701,0.03,0,training
TR-R-0273,3.008,3.125,0.074,1,training
TR-N-0213,1.829,1.932,0.051,0,training
TR-N-0193,1.77,-0.748,0.038,0,training
TR-N-0171,1.612,-4.132,0.054,0,training
TR-R-0239,4.533,7.311,0.061,1,training
TR-R-0021,2.337,4.651,0.094,1,training
TR-R-0323,2.439,3.854,0.05,1,training
TR-N-0254,1.819,2.369,0.027,0,training
TR-R-0389,3.906,2.473,0.078,1,training
TR-N-0119,2.02,-1.382,0.039,0,training
TR-N-0297,1.253,3.645,0.041,0,training
TR-R-0290,3.736,0.64,0.093,1,training
TR-N-0348,1.472,0.955,0.037,0,training
TR-N-0112,1.535,-0.425,0.007,0,training
TR-R-0227,1.71,5.456,0.097,1,training
TR-R-0390,4.297,9.424,0.056,1,training
TR-N-0344,1.829,4.707,0.008,0,training
TR-R-0194,2.041,3.638,0.07,1,training
TR-R-0147,1.921,2.967,0.096,1,training
TR-R-0354,3.308,2.013,0.054,1,training
TR-R-0107,2.893,9.5,0.06,1,training
TR-R-0364,4.024,2.954,0.098,1,training
TR-R-0019,4.215,11.754,0.091,1,training
TR-N-0115,1.896,1.252,0.02,0,training
TR-N-0095,2.259,-4.906,0.048,0,training
TR-R-0365,4.16,8.28,0.077,1,training
TR-N-0256,1.317,1.472,0.069,0,training
TR-R-0094,2.391,4.936,0.091,1,training
TR-N-0282,1.646,2.96,0.054,0,training
TR-R-0392,3.771,0.237,0.045,1,training
TR-N-0365,2.701,-2.926,0.037,0,training
TR-N-0313,1.908,-0.293,0.045,0,training
TR-N-0134,1.737,5.668,0.014,0,training
TR-N-0017,1.769,1.892,0.013,0,training
TR-N-0063,2.139,-6.158,0.037,0,training
TR-R-0321,2.078,7.075,0.082,1,training
TR-R-0171,3.684,1.828,0.027,1,training
TR-R-0007,4.79,-2.056,0.068,1,training
TR-R-0012,3.166,6.276,0.069,1,training
TR-R-0121,2.799,3.138,0.089,1,training
TR-N-0128,2.377,-7.804,0.043,0,training
TR-N-0349,2.385,-5.694,0.032,0,training
TR-R-0152,1.964,9.18,0.102,1,training
TR-N-0006,1.539,-7.628,0.06,0,training
TR-R-0130,4.382,2.619,0.067,1,training
TR-N-0192,1.021,0.871,0.045,0,training
TR-N-0117,2.218,3.058,0.059,0,training
TR-R-0167,3.231,12.676,0.068,1,training
TR-N-0123,1.721,4.498,0.045,0,training
TR-R-0125,4.025,12.404,0.071,1,training
TR-R-0394,2.889,5.657,0.073,1,training
TR-N-0024,0.845,1.481,0.027,0,training
TR-R-0269,2.287,11.123,0.033,1,training
TR-R-0010,4.17,0.132,0.122,1,training
TR-R-0024,3.778,-4.6,0.062,1,training
TR-R-0084,2.447,12.934,0.072,1,training
TR-N-0331,2.148,-1.139,0.023,0,training
TR-N-0333,1.459,1.019,0.045,0,training
TR-R-0388,1.597,10.775,0.07,1,training
TR-R-0379,2.233,1.375,0.069,1,training
TR-N-0400,0.945,4.713,0.023,0,training
TR-R-0369,3.314,0.717,0.025,1,training
TR-R-0045,3.145,1.893,0.062,1,training
TR-N-0198,1.818,3.199,0.024,0,training
TR-R-0014,4.537,-1.171,0.069,1,training
TR-R-0331,2.67,8.89,0.086,1,training
TR-R-0255,3.199,2.739,0.085,1,training
TR-N-0122,2.149,2.748,0.028,0,training
TR-N-0243,1.997,2.047,0.036,0,training
TR-N-0391,1.798,2.714,0.049,0,training
TR-N-0328,3.201,-2.583,0.049,0,training
TR-R-0296,3.308,11.993,0.072,1,training
TR-R-0260,2.72,8.272,0.085,1,training
TR-R-0161,4.663,5.443,0.074,1,training
TR-R-0284,2.73,-1.247,0.094,1,training
TR-N-0092,2.585,-0.132,0.038,0,training
TR-R-0049,2.569,5.327,0.097,1,training
TR-R-0065,3.034,4.897,0.089,1,training
TR-N-0236,1.919,0.673,0.033,0,training
TR-N-0288,2.249,2.505,0.052,0,training
TR-R-0362,3.369,4.861,0.06,1,training
TR-R-0074,2.987,7.764,0.078,1,training
TR-N-0139,2.043,3.221,0.019,0,training
TR-N-0170,2.229,-0.028,0.041,0,training
TR-N-0053,2.106,-1.712,0.048,0,training
TR-N-0302,1.597,-2.316,0.014,0,training
TR-R-0339,4.336,5.037,0.093,1,training
TR-R-0300,4.053,6.802,0.078,1,training
TR-N-0289,2.121,-5.803,0.032,0,training
TR-N-0226,2.03,1.477,0.053,0,training
TR-R-0185,3.334,12.033,0.087,1,training
TR-N-0148,2.113,2.793,0.046,0,training
TR-R-0258,2.936,4.298,0.03,1,training
TR-N-0229,1.938,7.773,0.03,0,training
TR-N-0292,2.156,4.0,0.061,0,training
TR-N-0324,1.807,2.592,0.039,0,training
TR-N-0398,1.701,0.52,0.042,0,training
TR-R-0109,3.073,6.377,0.08,1,training
TR-N-0390,2.467,-1.776,0.036,0,training
TR-N-0311,1.607,2.623,0.046,0,training
TR-N-0239,2.08,-0.3,0.068,0,training
TR-R-0393,2.626,4.75,0.063,1,training
TR-R-0228,3.645,7.907,0.083,1,training
TR-N-0364,1.915,2.542,0.027,0,training
TR-R-0297,2.655,8.988,0.064,1,training
TR-N-0388,1.683,3.925,0.034,0,training
TR-N-0305,1.918,0.849,0.082,0,training
TR-R-0127,3.956,8.146,0.045,1,training
TR-N-0339,1.181,0.683,0.026,0,training
TR-N-0172,2.308,2.028,0.044,0,training
TR-N-0108,1.244,2.232,0.039,0,training
TR-R-0115,3.496,-2.293,0.086,1,training
TR-N-0191,1.71,-0.557,0.044,0,training
TR-N-0184,1.996,3.221,0.035,0,training
TR-N-0225,2.4,-7.151,0.024,0,training
TR-N-0189,0.958,-1.545,0.049,0,training
TR-N-0363,1.816,1.831,0.035,0,training
TR-N-0206,1.96,0.307,0.05,0,training
TR-N-0314,2.236,-3.299,0.034,0,training
TR-R-0200,3.293,1.375,0.045,1,training
TR-R-0237,3.115,9.892,0.084,1,training
TR-N-0352,1.965,-1.047,0.054,0,training
TR-R-0123,2.203,7.177,0.113,1,training
TR-R-0232,3.63,-3.117,0.066,1,training
TR-N-0121,1.947,4.101,0.029,0,training
TR-R-0385,3.835,15.029,0.048,1,training
TR-N-0223,1.426,-2.372,0.059,0,training
TR-N-0280,2.131,2.892,0.025,0,training
TR-R-0313,2.832,7.865,0.068,1,training
TR-R-0112,2.741,11.484,0.062,1,training
TR-R-0356,3.945,2.625,0.094,1,training
TR-N-0325,2.229,-2.807,0.02,0,training
TR-R-0047,2.634,11.526,0.052,1,training
TR-R-0400,3.037,3.02,0.078,1,training
TR-N-0209,2.266,-0.766,0.036,0,training
TR-R-0155,2.19,-1.651,0.061,1,training
TR-R-0174,3.034,3.758,0.065,1,training
TR-N-0200,2.045,-3.695,0.031,0,training
TR-R-0325,3.638,10.436,0.08,1,training
TR-N-0368,1.284,-0.401,0.06,0,training
TR-R-0113,2.612,12.13,0.07,1,training
TR-R-0253,3.701,11.366,0.065,1,training
TR-R-0096,4.408,7.22,0.079,1,training
TR-N-0177,1.863,-3.651,0.053,0,training
TR-R-0326,2.698,5.747,0.104,1,training
TR-R-0016,1.978,-0.304,0.097,1,training
TR-R-0311,3.371,6.612,0.063,1,training
TR-N-0290,1.633,-2.272,0.031,0,training
TR-R-0299,5.067,7.997,0.078,1,training
TR-N-0286,1.419,-1.618,0.06,0,training
TR-R-0342,3.155,5.038,0.102,1,training
TR-R-0177,3.384,9.659,0.093,1,training
TR-R-0216,2.644,3.222,0.116,1,training
TR-R-0218,2.447,-0.421,0.079,1,training
TR-R-0133,2.995,6.57,0.061,1,training
TR-R-0384,1.864,-3.799,0.087,1,training
TR-N-0345,2.085,-1.236,0.03,0,training
TR-R-0037,2.262,5.022,0.092,1,training
TR-N-0383,2.594,6.647,0.046,0,training
TR-R-0160,2.428,4.019,0.091,1,training
TR-N-0082,2.246,5.46,0.058,0,training
TR-R-0292,2.817,3.734,0.034,1,training
TR-R-0051,4.919,7.022,0.069,1,training
TR-N-0014,1.232,3.188,0.036,0,training
TR-N-0068,2.061,-0.793,0.062,0,training
TR-R-0104,3.977,1.564,0.048,1,training
TR-R-0391,2.73,7.442,0.096,1,training
TR-R-0018,3.054,13.401,0.087,1,training
TR-R-0226,2.786,5.715,0.088,1,training
TR-R-0211,3.464,9.156,0.083,1,training
TR-R-0119,2.331,0.71,0.099,1,training
TR-R-0114,4.301,9.286,0.103,1,training
TR-N-0062,1.522,-3.756,0.063,0,training
TR-R-0353,3.141,-0.319,0.077,1,training
TR-N-0281,1.692,-2.42,0.048,0,training
TR-N-0099,1.229,-7.304,0.044,0,training
TR-N-0366,0.831,-2.485,0.049,0,training
TR-N-0259,1.335,2.687,0.046,0,training
TR-R-0240,3.478,11.306,0.094,1,training
TR-R-0289,4.547,7.166,0.071,1,training
TR-R-0256,2.623,-0.396,0.067,1,training
TR-R-0236,2.913,-0.077,0.052,1,training
TR-N-0065,1.025,-3.034,0.03,0,training
TR-N-0307,1.965,-0.461,0.041,0,training
TR-R-0017,3.205,2.649,0.039,1,training
TR-R-0082,4.19,1.902,0.055,1,training
TR-R-0244,2.847,-3.849,0.076,1,training
TR-N-0047,1.37,-1.326,0.032,0,training
TR-R-0322,2.457,1.691,0.071,1,training
TR-R-0073,2.824,10.69,0.106,1,training
TR-R-0011,3.023,0.722,0.039,1,training
TR-N-0340,0.942,-2.04,0.027,0,training
TR-R-0248,3.202,10.438,0.047,1,training
TR-N-0378,1.688,-0.978,0.048,0,training
TR-R-0002,4.224,5.959,0.084,1,training
TR-R-0306,3.091,9.893,0.063,1,training
TR-N-0266,1.512,-6.964,0.043,0,training
TR-R-0056,3.391,3.568,0.059,1,training
TR-R-0103,2.691,-3.034,0.071,1,training
TR-N-0278,2.571,3.798,0.026,0,training
TR-N-0114,1.649,1.091,0.051,0,training
TR-R-0212,3.427,7.658,0.084,1,training
TR-N-0133,1.341,0.656,0.054,0,training
TR-R-0118,3.402,9.122,0.076,1,training
TR-N-0118,0.777,2.377,0.071,0,training
TR-R-0042,3.61,10.741,0.067,1,training
TR-N-0131,1.868,0.026,0.041,0,training
TR-R-0285,3.117,12.377,0.092,1,training
TR-R-0308,3.073,13.723,0.079,1,training
TR-N-0317,1.545,1.194,0.037,0,training
TR-R-0282,3.193,7.324,0.067,1,training
TR-N-0174,2.333,1.847,0.025,0,training
TR-R-0333,2.853,9.25,0.052,1,training
TR-N-0247,2.025,0.681,0.047,0,training
TR-R-0069,3.637,1.309,0.037,1,training
TR-R-0383,3.913,5.625,0.078,1,training
TR-R-0131,3.272,7.288,0.05,1,training
TR-N-0106,1.777,-0.462,0.05,0,training
TR-R-0222,2.598,7.754,0.07,1,training
TR-R-0367,2.294,2.757,0.053,1,training
TR-R-0317,3.677,11.782,0.058,1,training
TR-N-0103,1.699,0.608,0.049,0,training
TR-N-0144,3.138,-4.687,0.045,0,training
TR-R-0210,2.874,10.656,0.049,1,training
TR-N-0120,1.552,-0.609,0.017,0,training
TR-R-0150,3.366,10.233,0.09,1,training
TR-N-0176,1.629,4.661,0.046,0,training
TR-N-0258,1.684,6.041,0.049,0,training
TR-R-0344,3.253,18.09,0.087,1,training
TR-R-0178,2.89,6.941,0.056,1,training
TR-N-0162,1.612,-2.07,0.061,0,training
TR-N-0276,1.69,-0.608,0.032,0,training
TR-N-0379,1.824,1.866,0.042,0,training
TR-N-0034,1.692,-4.272,0.023,0,training
TR-N-0303,1.479,1.326,0.052,0,training
TR-R-0357,3.698,0.295,0.04,1,training
TR-N-0199,1.684,2.956,0.036,0,training
TR-R-0395,1.847,12.728,0.072,1,training
TR-R-0097,1.678,7.885,0.08,1,training
TR-N-0056,1.878,2.459,0.039,0,training
TR-N-0204,2.221,-1.218,0.04,0,training
TR-R-0374,3.422,6.617,0.072,1,training
TR-R-0151,3.705,2.139,0.077,1,training
TR-N-0066,3.258,-2.911,0.045,0,training
TR-R-0355,4.828,4.835,0.071,1,training
TR-N-0105,1.428,-4.096,0.049,0,training
TR-N-0145,1.077,0.297,0.048,0,training
TR-N-0217,1.809,-0.539,0.032,0,training
TR-R-0245,2.293,9.149,0.098,1,training
TR-R-0080,5.211,-0.157,0.084,1,training
TR-R-0134,2.203,2.24,0.067,1,training
TR-R-0205,3.899,0.407,0.065,1,training
TR-R-0324,2.306,9.779,0.065,1,training
TR-R-0351,2.742,10.031,0.047,1,training
TR-R-0262,3.464,9.058,0.075,1,training
TR-R-0229,1.184,6.378,0.078,1,training
TR-R-0340,2.526,4.883,0.058,1,training
TR-N-0216,1.89,-2.121,0.042,0,training
TR-N-0049,2.218,1.939,0.044,0,training
TR-N-0387,1.597,1.275,0.029,0,training
TR-R-0234,2.767,6.732,0.053,1,training
TR-N-0026,1.471,-2.083,0.074,0,training
TR-R-0093,1.748,4.029,0.043,1,training
TR-R-0136,4.618,3.493,0.059,1,training
TR-R-0261,3.005,4.887,0.054,1,training
TR-R-0330,3.148,5.47,0.105,1,training
TR-N-0265,1.481,4.011,0.008,0,training
TR-N-0375,1.682,-3.667,0.039,0,training
TR-R-0332,3.295,16.186,0.068,1,training
TR-N-0097,2.066,3.049,0.062,0,training
TR-N-0023,1.488,-4.679,0.064,0,training
TR-R-0003,2.682,7.901,0.081,1,training
TR-N-0076,1.471,-2.461,0.023,0,training
TR-R-0176,2.819,11.011,0.052,1,training
TR-N-0323,2.012,-2.615,0.057,0,training
TR-N-0357,0.941,1.32,0.04,0,training
TR-N-0002,2.504,-2.154,0.024,0,training
TR-N-0089,1.164,1.322,0.037,0,training
TR-R-0303,2.614,6.625,0.085,1,training
TR-R-0320,4.376,10.066,0.069,1,training
TR-N-0022,1.073,0.108,0.03,0,training
TR-N-0215,0.745,-0.314,0.036,0,training
TR-N-0001,1.256,3.457,0.024,0,training
TR-R-0215,1.922,12.391,0.053,1,training
TR-R-0223,3.169,9.729,0.046,1,training
TR-N-0085,2.069,-3.116,0.039,0,training
TR-R-0298,3.249,5.257,0.077,1,training
TR-N-0127,1.389,3.701,0.032,0,training
TR-R-0108,3.234,12.842,0.057,1,training
TR-R-0156,3.571,14.732,0.105,1,training
TR-N-0073,2.617,-4.079,0.046,0,training
TR-R-0287,5.183,-4.95,0.089,1,training
TR-R-0280,2.331,0.131,0.053,1,training
TR-R-0068,3.754,4.251,0.069,1,training
TR-N-0264,2.737,-6.269,0.046,0,training
TR-R-0020,2.184,5.108,0.061,1,training
TR-R-0235,1.988,8.091,0.052,1,training
TR-R-0062,3.513,-4.436,0.071,1,training
TR-N-0329,1.424,2.092,0.031,0,training
TR-R-0277,2.268,7.824,0.096,1,training
TR-N-0212,1.711,-1.092,0.057,0,training
TR-R-0310,3.933,1.021,0.068,1,training
TR-R-0381,2.62,5.3,0.078,1,training
TR-R-0247,1.715,12.318,0.057,1,training
TR-N-0261,0.571,0.445,0.032,0,training
TR-R-0279,3.279,11.998,0.078,1,training
TR-N-0221,1.701,6.462,0.046,0,training
TR-N-0334,1.206,-7.018,0.019,0,training
TR-N-0291,1.402,-0.113,0.03,0,training
TR-R-0250,3.198,11.592,0.079,1,training
TR-N-0135,1.784,-1.627,0.034,0,training
TR-N-0319,1.52,-2.157,0.04,0,training
TR-R-0081,3.225,-3.473,0.086,1,training
TR-N-0277,1.155,-4.614,0.027,0,training
TR-N-0241,1.652,3.036,0.034,0,training
TR-N-0164,2.046,-0.362,0.022,0,training
TR-R-0361,2.702,6.003,0.067,1,training
TR-R-0099,3.0,9.058,0.065,1,training
TR-R-0144,2.924,2.552,0.055,1,training
TR-R-0337,1.509,-1.703,0.078,1,training
TR-R-0085,3.582,9.995,0.075,1,training
TR-R-0170,3.057,4.512,0.093,1,training
TR-R-0169,1.931,4.881,0.063,1,training
TR-N-0081,2.608,4.211,0.032,0,training
TR-R-0060,2.199,8.087,0.076,1,training
TR-R-0358,3.249,7.818,0.052,1,training
TR-R-0371,2.852,10.485,0.047,1,training
TR-R-0243,3.048,1.435,0.099,1,training
TR-R-0336,2.199,9.414,0.041,1,training
TR-R-0251,2.572,5.73,0.068,1,training
TR-N-0399,1.49,0.24,0.052,0,training
TR-R-0246,2.826,10.744,0.057,1,training
TR-R-0334,3.869,14.486,0.099,1,training
TR-N-0353,1.928,-0.109,0.019,0,training
TR-N-0168,2.09,0.867,0.051,0,training
TR-R-0066,2.645,4.457,0.04,1,training
TR-N-0180,1.891,-1.727,0.04,0,training
TR-N-0152,2.214,1.43,0.03,0,training
TR-N-0098,2.013,-3.126,0.051,0,training
TR-R-0198,3.267,9.086,0.038,1,training
TR-R-0091,3.506,7.323,0.049,1,training
TR-N-0058,1.336,1.016,0.046,0,training
TR-N-0298,0.832,-4.658,0.06,0,training
TR-R-0214,2.809,6.327,0.067,1,training
TR-N-0237,2.404,4.574,0.048,0,training
TR-N-0163,1.696,0.869,0.022,0,training
TR-R-0188,3.131,1.124,0.031,1,training
TR-N-0262,1.567,-2.012,0.038,0,training
TR-N-0185,2.14,-3.55,0.063,0,training
TR-N-0027,2.24,-1.424,0.039,0,training
TR-R-0052,3.566,6.866,0.069,1,training
TR-R-0294,3.388,6.383,0.071,1,training
TR-R-0043,4.289,1.59,0.038,1,training
TR-N-0161,2.865,3.236,0.019,0,training
TR-R-0213,2.525,4.886,0.045,1,training
TR-N-0284,1.031,-0.475,0.038,0,training
TR-N-0342,1.234,6.237,0.045,0,training
TR-N-0299,1.209,-1.044,0.043,0,training
TR-N-0356,1.701,-2.53,0.041,0,training
TR-R-0154,2.876,2.525,0.071,1,training
TR-R-0202,2.203,14.402,0.087,1,training
TR-N-0078,1.556,2.498,0.022,0,training
TR-N-0037,1.724,0.368,0.04,0,training
TR-R-0329,3.905,6.542,0.05,1,training
TR-R-0201,2.598,7.563,0.043,1,training
TR-R-0193,3.647,8.744,0.055,1,training
TR-N-0194,1.529,0.085,0.042,0,training
TR-N-0300,1.772,-4.21,0.03,0,training
TR-N-0008,1.259,2.248,0.048,0,training
TR-R-0031,2.288,2.558,0.04,1,training
TR-R-0140,3.091,7.996,0.072,1,training
TR-R-0286,3.636,0.191,0.064,1,training
TR-N-0175,1.425,2.396,0.029,0,training
TR-R-0242,5.327,13.039,0.072,1,training
TR-R-0070,3.539,12.863,0.078,1,training
TR-R-0274,2.1,3.236,0.056,1,training
TR-N-0169,1.739,1.184,0.038,0,training
TR-R-0249,4.018,5.084,0.051,1,training
TR-R-0281,3.527,8.416,0.084,1,training
TR-R-0083,4.642,9.677,0.044,1,training
TR-R-0063,3.739,7.367,0.051,1,training
TR-R-0396,1.787,7.415,0.09,1,training
TR-N-0249,1.532,4.306,0.039,0,training
TR-N-0304,1.399,-2.063,0.045,0,training
TR-N-0294,3.034,2.059,0.028,0,training
TR-N-0136,2.038,-3.331,0.042,0,training
TR-N-0187,1.064,-5.934,0.038,0,training
TR-N-0382,1.064,-1.613,0.027,0,training
TR-R-0175,2.892,3.553,0.059,1,training
TR-R-0305,3.531,1.573,0.081,1,training
TR-N-0166,1.739,0.378,0.041,0,training
TR-R-0038,3.155,8.215,0.061,1,training
TR-N-0270,1.46,-5.414,0.045,0,training
TR-R-0206,3.038,8.343,0.064,1,training
TR-N-0202,1.26,-2.598,0.069,0,training
TR-R-0100,2.358,0.489,0.101,1,training
TR-R-0327,2.688,10.341,0.082,1,training
TR-R-0382,2.948,2.845,0.061,1,training
TR-N-0091,2.119,-0.782,0.03,0,training
TR-N-0358,1.051,0.963,0.045,0,training
TR-R-0111,2.777,6.036,0.067,1,training
TR-R-0106,2.589,2.361,0.069,1,training
TR-N-0025,2.673,2.066,0.04,0,training
TR-R-0397,2.599,-1.327,0.072,1,training
TR-R-0142,2.651,6.094,0.077,1,training
TR-N-0224,1.388,0.115,0.041,0,training
TR-N-0050,0.949,0.818,0.063,0,training
TR-N-0094,2.662,-1.01,0.039,0,training
TR-R-0044,2.525,-1.54,0.065,1,training
TR-N-0090,2.324,-0.215,0.053,0,training
TR-N-0245,1.958,-1.229,0.05,0,training
TR-N-0041,2.546,-2.678,0.042,0,training
TR-R-0271,3.431,0.25,0.085,1,training
TR-N-0016,1.854,0.492,0.052,0,training
TR-R-0267,3.812,-3.026,0.064,1,training
TR-N-0048,1.444,1.484,0.031,0,training
TR-N-0069,1.656,-1.083,0.027,0,training
TR-N-0072,1.88,-0.164,0.019,0,training
TR-N-0374,2.408,-4.338,0.051,0,training
TR-N-0312,0.774,-0.677,0.046,0,training
TR-N-0372,1.499,4.923,0.04,0,training
TR-N-0132,2.029,-0.447,0.036,0,training
TR-N-0102,2.249,-1.53,0.052,0,training
TR-R-0173,3.239,2.501,0.076,1,training
TR-N-0231,2.193,1.388,0.021,0,training
TR-N-0052,1.156,-0.829,0.042,0,training
TR-N-0075,1.09,0.045,0.035,0,training
TR-R-0187,3.366,6.228,0.082,1,training
TR-N-0275,1.329,-1.674,0.051,0,training
TR-N-0020,0.675,2.086,0.029,0,training
TR-R-0153,3.34,5.154,0.071,1,training
TR-N-0040,0.727,3.368,0.034,0,training
TR-N-0178,2.662,0.324,0.041,0,training
TR-R-0259,4.265,10.308,0.051,1,training
TR-R-0263,2.337,-0.722,0.034,1,training
TR-N-0147,1.858,-1.955,0.014,0,training
TR-N-0240,2.572,4.473,0.021,0,training
TR-R-0165,3.475,0.364,0.056,1,training
TR-R-0117,3.376,1.303,0.07,1,training
TR-R-0377,2.64,14.396,0.03,1,training
TR-N-0083,1.638,1.474,0.027,0,training
TR-N-0394,1.86,4.486,0.041,0,training
TR-N-0248,1.733,4.704,0.029,0,training
TR-R-0164,3.509,-0.295,0.079,1,training
TR-R-0276,2.712,2.331,0.064,1,training
TR-R-0224,3.862,0.154,0.07,1,training
TR-R-0192,3.252,0.17,0.11,1,training
TR-R-0146,3.494,4.656,0.038,1,training
TR-N-0208,2.0,-1.11,0.039,0,training
TR-N-0183,1.507,-0.33,0.036,0,training
TR-R-0265,1.652,4.144,0.059,1,training
TR-N-0222,2.853,1.377,0.051,0,training
TR-R-0272,2.974,-2.307,0.04,1,training
TR-R-0086,2.397,7.813,0.072,1,training
TR-R-0005,1.472,9.533,0.069,1,training
TR-N-0310,2.568,0.271,0.03,0,training
TR-R-0373,4.14,8.57,0.064,1,training
TR-N-0031,1.412,-0.124,0.036,0,training
TR-R-0217,2.384,1.872,0.066,1,training
TR-N-0181,0.967,3.096,0.037,0,training
TR-R-0166,4.709,8.185,0.056,1,training
TR-R-0059,4.158,15.218,0.048,1,training
TR-N-0269,1.702,1.155,0.025,0,training
TR-N-0274,0.972,-3.591,0.032,0,training
TR-R-0278,2.882,10.912,0.078,1,training
TR-R-0054,1.615,10.351,0.056,1,training
TR-N-0077,1.926,1.171,0.043,0,training
TR-N-0343,1.803,4.569,0.063,0,training
TR-R-0138,4.239,12.521,0.065,1,training
TR-N-0230,0.83,2.659,0.033,0,training
TR-R-0341,4.515,10.635,0.042,1,training
TR-R-0098,3.35,4.823,0.069,1,training
TR-R-0268,1.017,10.214,0.097,1,training
TR-N-0351,1.578,-0.379,0.03,0,training
TR-N-0042,1.996,-1.731,0.042,0,training
TR-N-0032,1.45,3.444,0.05,0,training
TR-N-0316,1.628,1.724,0.028,0,training
TR-R-0139,2.866,9.588,0.056,1,training
TR-R-0001,3.757,1.653,0.066,1,training
TR-N-0064,2.338,1.265,0.07,0,training
TR-N-0371,1.77,-3.173,0.037,0,training
TR-N-0150,1.576,1.93,0.028,0,training
TR-N-0220,1.302,1.044,0.052,0,training
TR-R-0129,4.241,6.028,0.099,1,training
TR-N-0039,1.796,-3.022,0.035,0,training
TR-R-0231,2.593,14.586,0.061,1,training
TR-N-0332,1.875,2.564,0.055,0,training
TR-N-0244,1.767,3.908,0.023,0,training
TR-R-0135,2.553,1.55,0.061,1,training
TR-R-0036,3.518,5.756,0.065,1,training
TR-R-0196,4.083,8.333,0.08,1,training
TR-N-0335,2.202,1.047,0.039,0,training
TR-N-0336,1.019,2.789,0.037,0,training
TR-N-0233,1.94,-4.45,0.035,0,training
TR-R-0009,2.058,-1.351,0.044,1,training
TR-R-0048,0.902,6.874,0.112,1,training
TR-N-0141,2.051,-4.079,0.029,0,training
TR-N-0384,1.326,0.266,0.03,0,training
TR-N-0337,1.782,-3.484,0.056,0,training
TR-N-0227,2.526,-3.552,0.03,0,training
TR-N-0165,2.206,2.27,0.05,0,training
TR-R-0116,3.356,9.059,0.087,1,training
TR-N-0167,1.438,1.257,0.034,0,training
TR-N-0060,2.199,1.149,0.043,0,training
TR-R-0128,3.174,-0.549,0.057,1,training
TR-R-0241,3.443,10.341,0.061,1,training
TR-N-0154,2.101,4.25,0.015,0,training
TR-R-0257,4.829,8.087,0.104,1,training
TR-N-0362,2.703,-0.057,0.037,0,training
TR-R-0302,3.821,13.49,0.081,1,training
TR-N-0109,2.314,-1.629,0.038,0,training
TR-R-0013,4.605,6.243,0.064,1,training
TR-R-0254,3.175,3.29,0.07,1,training
TR-R-0197,4.227,3.605,0.068,1,training
TR-R-0105,3.147,15.681,0.061,1,training
TR-R-0055,2.948,8.913,0.065,1,training
TR-N-0308,2.659,-2.605,0.038,0,training
TR-R-0088,4.085,7.386,0.093,1,training
TR-R-0301,2.748,10.378,0.081,1,training
TR-N-0080,2.205,-2.341,0.036,0,training
TR-N-0028,2.728,3.478,0.038,0,training
TR-R-0208,3.719,11.511,0.073,1,training
TR-R-0266,3.813,-0.616,0.104,1,training
TR-N-0360,1.779,-0.952,0.045,0,training
TR-R-0033,3.638,3.363,0.068,1,training
TR-R-0186,2.758,5.699,0.06,1,training
TR-N-0197,1.185,-0.602,0.057,0,training
TR-R-0095,3.131,13.625,0.081,1,training
TR-N-0252,2.077,3.302,0.016,0,training
TR-R-0158,3.579,5.842,0.085,1,training
TR-R-0075,2.468,3.395,0.079,1,training
TR-N-0369,2.206,-2.081,0.027,0,training
TR-N-0350,1.679,-1.088,0.044,0,training
TR-R-0172,3.582,14.737,0.077,1,training
TR-N-0381,2.187,-1.622,0.035,0,training
TR-R-0028,3.773,6.566,0.086,1,training
TR-R-0207,4.454,15.167,0.073,1,training
TR-N-0140,1.482,4.245,0.024,0,training
TR-R-0314,3.247,11.387,0.046,1,training
TR-N-0116,0.818,-1.966,0.03,0,training
TR-N-0007,1.081,2.092,0.045,0,training
TR-R-0203,4.056,-0.635,0.067,1,training
TR-R-0370,4.349,1.825,0.078,1,training
TR-N-0009,1.85,1.628,0.046,0,training
TR-R-0380,3.961,13.351,0.064,1,training
TR-R-0087,2.601,6.802,0.03,1,training
TR-N-0238,1.505,0.938,0.043,0,training
TR-N-0013,1.341,-1.42,0.039,0,training
TR-R-0026,4.869,8.832,0.076,1,training
TR-N-0287,1.492,0.213,0.058,0,training
TR-N-0396,1.357,0.69,0.03,0,training
TR-N-0295,1.755,4.041,0.05,0,training
TR-R-0219,3.177,5.01,0.107,1,training
TR-N-0330,0.831,-0.814,0.045,0,training
TR-R-0027,1.315,8.28,0.063,1,training
TR-R-0157,1.489,7.277,0.065,1,training
TR-N-0214,2.017,0.503,0.034,0,training
TR-R-0102,3.004,7.275,0.063,1,training
TR-R-0372,3.293,11.943,0.078,1,training
TR-N-0036,1.607,3.863,0.033,0,training
TR-N-0273,2.397,3.258,0.049,0,training
TR-N-0111,1.259,-5.34,0.062,0,training
TR-N-0257,2.37,0.654,0.049,0,training
TR-R-0366,3.486,2.365,0.071,1,training
TR-R-0162,2.278,4.355,0.067,1,training
TR-N-0071,1.792,-1.815,0.037,0,training
TR-N-0003,2.027,1.588,0.053,0,training
TR-R-0221,2.792,-2.711,0.074,1,training
TR-R-0141,3.474,5.571,0.078,1,training
TR-N-0086,1.634,-2.096,0.032,0,training
TR-N-0011,1.116,-0.691,0.051,0,training
TR-N-0301,2.462,-0.343,0.049,0,training
TR-N-0029,1.646,1.004,0.023,0,training
TR-R-0347,1.017,8.349,0.085,1,training
TR-N-0107,1.757,-2.686,0.044,0,training
TR-N-0309,1.969,-2.817,0.038,0,training
TR-N-0067,2.096,0.019,0.032,0,training
TR-N-0341,2.261,-3.818,0.045,0,training
TR-N-0354,1.723,3.548,0.039,0,training
TR-N-0055,1.049,3.412,0.034,0,training
TR-N-0267,1.657,-0.406,0.075,0,training
TR-R-0025,3.513,-0.102,0.098,1,training
TR-N-0151,2.041,-1.206,0.026,0,training
TR-R-0338,4.178,-5.905,0.064,1,training
TR-R-0328,3.185,-0.705,0.069,1,training
TR-R-0041,3.296,8.615,0.058,1,training
TR-R-0092,4.097,8.699,0.071,1,training
TR-R-0181,4.636,4.084,0.092,1,training
TR-R-0316,4.511,2.733,0.077,1,training
TR-R-0008,3.909,9.869,0.088,1,training
TR-R-0079,1.9,5.973,0.067,1,training
TR-N-0218,0.843,-0.159,0.042,0,training
TR-R-0145,3.445,8.029,0.058,1,training
TR-N-0338,2.48,3.829,0.066,0,training
TR-N-0130,2.055,5.449,0.043,0,training
DP-N-3718,2.015,0.898,0.024,0,deployment
DP-N-0283,1.719,5.067,0.033,0,deployment
DP-N-2874,1.833,0.406,0.012,0,deployment
DP-N-0090,2.455,-1.624,0.023,0,deployment
DP-N-2258,1.8,-0.899,0.036,0,deployment
DP-N-1583,1.153,1.818,0.028,0,deployment
DP-N-0324,2.042,2.195,0.043,0,deployment
DP-N-0783,1.346,-5.953,0.031,0,deployment
DP-N-2223,1.432,-1.829,0.046,0,deployment
DP-N-3492,1.6,-1.572,0.042,0,deployment
DP-N-1982,1.64,-1.907,0.024,0,deployment
DP-R-0029,2.296,4.537,0.071,1,deployment
DP-N-2501,1.234,-1.721,0.038,0,deployment
DP-N-2528,2.262,2.329,0.036,0,deployment
DP-N-2725,0.853,-1.03,0.046,0,deployment
DP-N-1918,2.237,0.146,0.028,0,deployment
DP-R-0155,2.328,5.148,0.075,1,deployment
DP-N-1097,1.735,-4.985,0.028,0,deployment
DP-N-0222,2.018,-0.656,0.063,0,deployment
DP-N-1444,1.745,-1.087,0.058,0,deployment
DP-N-2714,1.916,-0.82,0.031,0,deployment
DP-N-0411,2.25,6.429,0.035,0,deployment
DP-R-0107,2.58,-0.05,0.027,1,deployment
DP-N-1990,0.679,-0.268,0.046,0,deployment
DP-N-2692,2.367,5.637,0.042,0,deployment
DP-N-1985,2.62,-1.324,0.023,0,deployment
DP-N-1733,1.553,3.284,0.016,0,deployment
DP-N-3263,1.719,8.637,0.039,0,deployment
DP-N-0347,1.484,0.182,0.052,0,deployment
DP-N-1576,2.129,6.451,0.041,0,deployment
DP-N-0595,1.429,-3.689,0.026,0,deployment
DP-N-2428,1.045,-2.431,0.041,0,deployment
DP-N-1858,1.705,-0.905,0.058,0,deployment
DP-N-3474,1.317,2.826,0.041,0,deployment
DP-N-1200,0.523,2.485,0.045,0,deployment
DP-N-0200,2.484,-3.057,0.038,0,deployment
DP-N-3379,2.473,2.64,0.064,0,deployment
DP-N-1650,2.029,-2.293,0.04,0,deployment
DP-N-2417,2.618,-1.078,0.038,0,deployment
DP-N-2766,1.92,0.379,0.052,0,deployment
DP-N-0697,1.611,-1.551,0.035,0,deployment
DP-N-3287,1.611,-4.216,0.051,0,deployment
DP-N-0482,1.796,-5.105,0.048,0,deployment
DP-N-1965,1.372,0.986,0.03,0,deployment
DP-N-2050,1.578,-3.274,0.02,0,deployment
DP-R-0145,2.435,4.073,0.092,1,deployment
DP-N-1389,1.734,5.359,0.043,0,deployment
DP-N-2071,1.478,-1.271,0.032,0,deployment
DP-N-0039,1.702,-0.329,0.054,0,deployment
DP-N-3051,1.727,0.396,0.036,0,deployment
DP-N-1348,1.417,4.59,0.041,0,deployment
DP-N-1472,1.739,-1.641,0.046,0,deployment
DP-N-2434,1.755,-0.39,0.04,0,deployment
DP-R-0012,2.515,5.896,0.096,1,deployment
DP-N-1467,2.105,-1.065,0.054,0,deployment
DP-N-0305,1.636,2.271,0.056,0,deployment
DP-N-0679,1.166,-5.872,0.044,0,deployment
DP-N-0124,1.999,3.226,0.05,0,deployment
DP-N-3599,1.139,2.774,0.039,0,deployment
DP-N-3341,2.187,5.574,0.057,0,deployment
DP-N-2266,1.376,-2.874,0.054,0,deployment
DP-N-0798,2.117,-0.848,0.023,0,deployment
DP-N-1623,1.45,6.562,0.055,0,deployment
DP-N-0110,1.472,2.085,0.034,0,deployment
DP-N-0542,2.039,0.445,0.041,0,deployment
DP-N-3695,0.858,1.754,0.047,0,deployment
DP-N-2786,1.848,-6.034,0.031,0,deployment
DP-R-0011,2.957,15.201,0.046,1,deployment
DP-N-2867,2.289,-2.955,0.046,0,deployment
DP-N-1023,2.019,8.041,0.063,0,deployment
DP-N-2992,1.945,-4.554,0.045,0,deployment
DP-N-0445,2.39,-2.233,0.041,0,deployment
DP-N-3044,2.672,-3.813,0.06,0,deployment
DP-N-0384,2.055,3.351,0.04,0,deployment
DP-N-1464,2.096,-1.085,0.04,0,deployment
DP-N-3595,1.692,-0.836,0.04,0,deployment
DP-N-3529,2.147,5.232,0.034,0,deployment
DP-N-1177,0.389,1.552,0.02,0,deployment
DP-N-3796,0.848,0.652,0.055,0,deployment
DP-N-2518,2.464,8.241,0.036,0,deployment
DP-N-3328,1.25,-1.848,0.041,0,deployment
DP-N-0548,1.57,-5.886,0.049,0,deployment
DP-N-0961,1.719,0.964,0.05,0,deployment
DP-N-3066,0.904,7.0,0.022,0,deployment
DP-N-3719,2.253,4.685,0.043,0,deployment
DP-N-0922,1.341,1.759,0.045,0,deployment
DP-N-3227,2.677,4.024,0.06,0,deployment
DP-N-3696,2.194,0.068,0.043,0,deployment
DP-N-2597,0.793,4.829,0.029,0,deployment
DP-N-0186,1.402,-4.483,0.02,0,deployment
DP-N-0424,2.269,3.119,0.059,0,deployment
DP-N-2979,1.104,2.148,0.033,0,deployment
DP-N-1880,0.877,3.82,0.05,0,deployment
DP-N-0216,1.669,-0.518,0.036,0,deployment
DP-N-2609,1.88,-6.063,0.049,0,deployment
DP-N-2216,1.75,1.686,0.061,0,deployment
DP-N-2238,2.123,8.125,0.034,0,deployment
DP-N-1027,0.939,1.388,0.059,0,deployment
DP-N-2978,1.491,-3.595,0.044,0,deployment
DP-N-2565,1.389,-0.866,0.054,0,deployment
DP-N-1855,2.265,2.981,0.063,0,deployment
DP-N-1950,3.171,-3.791,0.04,0,deployment
DP-N-2194,1.468,3.848,0.041,0,deployment
DP-N-2971,1.866,-4.387,0.038,0,deployment
DP-N-0447,1.464,-4.133,0.022,0,deployment
DP-N-3566,1.779,2.465,0.035,0,deployment
DP-N-3194,1.688,-1.838,0.04,0,deployment
DP-N-2542,0.698,1.519,0.054,0,deployment
DP-N-3011,1.685,-3.196,0.056,0,deployment
DP-N-3611,1.776,-6.794,0.063,0,deployment
DP-N-1197,1.729,3.001,0.038,0,deployment
DP-N-0533,1.759,-4.957,0.046,0,deployment
DP-N-2244,1.03,-1.923,0.038,0,deployment
DP-N-2268,0.444,3.37,0.033,0,deployment
DP-N-0834,1.132,-5.211,0.055,0,deployment
DP-N-1223,1.426,3.102,0.058,0,deployment
DP-N-1320,2.052,-3.333,0.039,0,deployment
DP-N-0380,1.65,2.7,0.035,0,deployment
DP-N-1416,2.14,0.474,0.028,0,deployment
DP-N-2187,1.461,-3.068,0.038,0,deployment
DP-N-3331,1.523,-1.633,0.051,0,deployment
DP-N-0152,2.03,-8.876,0.044,0,deployment
DP-N-1371,2.331,4.421,0.042,0,deployment
DP-N-1808,1.79,4.317,0.023,0,deployment
DP-N-1457,2.105,-3.423,0.046,0,deployment
DP-N-1458,1.783,0.172,0.06,0,deployment
DP-N-2361,1.214,2.906,0.026,0,deployment
DP-N-0713,1.924,-3.055,0.06,0,deployment
DP-N-0708,2.034,1.206,0.036,0,deployment
DP-N-2852,1.819,-3.256,0.018,0,deployment
DP-N-3463,1.807,-5.91,0.034,0,deployment
DP-N-2880,1.866,-2.118,0.027,0,deployment
DP-N-1702,1.943,-0.564,0.055,0,deployment
DP-N-1697,1.004,1.002,0.048,0,deployment
DP-N-1191,1.931,1.111,0.038,0,deployment
DP-N-1555,2.146,3.888,0.039,0,deployment
DP-N-1035,1.244,-2.04,0.04,0,deployment
DP-N-2481,1.741,1.775,0.044,0,deployment
DP-N-1251,2.333,4.809,0.047,0,deployment
DP-N-3685,1.769,-0.637,0.051,0,deployment
DP-N-0089,1.372,-1.306,0.044,0,deployment
DP-N-2756,1.575,2.906,0.023,0,deployment
DP-N-1297,2.047,-2.611,0.053,0,deployment
DP-N-2603,1.676,-1.305,0.051,0,deployment
DP-N-0354,1.938,0.878,0.02,0,deployment
DP-N-2967,1.528,1.618,0.044,0,deployment
DP-N-2662,1.576,-2.431,0.071,0,deployment
DP-N-3608,1.589,-5.837,0.048,0,deployment
DP-N-3557,1.696,-3.386,0.055,0,deployment
DP-N-3643,1.968,-5.554,0.063,0,deployment
DP-N-0905,1.39,-1.561,0.052,0,deployment
DP-N-0390,1.44,0.07,0.052,0,deployment
DP-N-3413,2.495,2.413,0.037,0,deployment
DP-N-3621,1.514,1.459,0.049,0,deployment
DP-N-1398,1.827,-2.177,0.041,0,deployment
DP-N-3731,1.869,0.188,0.052,0,deployment
DP-N-2070,1.983,-4.209,0.057,0,deployment
DP-N-3441,1.172,-3.186,0.043,0,deployment
DP-N-3712,1.686,2.106,0.047,0,deployment
DP-N-1157,2.019,1.7,0.033,0,deployment
DP-N-0250,1.434,0.136,0.042,0,deployment
DP-N-3637,1.442,-3.701,0.06,0,deployment
DP-N-0604,1.524,3.936,0.039,0,deployment
DP-N-2196,1.492,-3.43,0.033,0,deployment
DP-N-1648,1.738,3.102,0.044,0,deployment
DP-N-3776,2.008,-0.28,0.031,0,deployment
DP-N-1973,2.232,-1.152,0.057,0,deployment
DP-N-1094,1.81,4.121,0.05,0,deployment
DP-N-2085,1.618,1.535,0.021,0,deployment
DP-N-2360,1.899,-4.331,0.05,0,deployment
DP-N-0391,2.512,1.392,0.06,0,deployment
DP-R-0187,2.824,-1.981,0.058,1,deployment
DP-N-3750,1.353,1.016,0.053,0,deployment
DP-N-1963,2.252,1.623,0.049,0,deployment
DP-N-0172,2.228,-1.957,0.022,0,deployment
DP-R-0116,3.833,11.296,0.039,1,deployment
DP-N-1218,1.037,3.235,0.054,0,deployment
DP-N-1633,1.72,3.545,0.049,0,deployment
DP-N-0081,1.677,2.139,0.038,0,deployment
DP-N-3721,0.393,3.795,0.057,0,deployment
DP-N-1518,1.523,-0.439,0.031,0,deployment
DP-R-0065,2.196,4.865,0.063,1,deployment
DP-N-1453,1.935,-1.032,0.023,0,deployment
DP-R-0014,2.327,6.376,0.048,1,deployment
DP-N-0956,1.548,-4.067,0.043,0,deployment
DP-N-1296,1.527,3.433,0.017,0,deployment
DP-N-3524,1.862,0.495,0.027,0,deployment
DP-N-3298,1.828,-1.394,0.038,0,deployment
DP-N-0812,1.705,-0.818,0.029,0,deployment
DP-N-0409,1.272,-1.941,0.039,0,deployment
DP-N-2744,0.917,1.926,0.034,0,deployment
DP-N-3065,0.467,-8.115,0.05,0,deployment
DP-N-0799,1.976,1.812,0.046,0,deployment
DP-N-0421,3.087,-1.989,0.027,0,deployment
DP-N-3061,1.646,-2.197,0.032,0,deployment
DP-N-1978,1.941,0.84,0.042,0,deployment
DP-N-1404,1.947,4.584,0.033,0,deployment
DP-N-0733,0.389,-0.839,0.04,0,deployment
DP-N-0527,2.465,8.031,0.033,0,deployment
DP-N-3603,1.543,3.58,0.037,0,deployment
DP-N-1450,1.484,-1.142,0.029,0,deployment
DP-N-2855,1.616,-0.322,0.044,0,deployment
DP-N-3676,2.221,-3.735,0.049,0,deployment
DP-N-2028,1.182,-2.301,0.064,0,deployment
DP-N-1234,2.141,-1.417,0.046,0,deployment
DP-N-2893,1.706,-4.963,0.036,0,deployment
DP-N-0788,2.668,2.559,0.045,0,deployment
DP-N-3399,1.659,2.483,0.018,0,deployment
DP-N-0687,1.665,-4.329,0.028,0,deployment
DP-N-2386,0.884,2.392,0.022,0,deployment
DP-N-0568,1.043,1.179,0.01,0,deployment
DP-N-3296,1.488,1.115,0.035,0,deployment
DP-N-3439,2.47,-2.478,0.035,0,deployment
DP-N-1689,2.236,-1.629,0.038,0,deployment
DP-N-0410,1.687,3.359,0.025,0,deployment
DP-N-3793,1.19,-0.79,0.05,0,deployment
DP-R-0159,2.964,9.628,0.081,1,deployment
DP-N-1080,1.805,3.695,0.046,0,deployment
DP-N-3505,2.067,2.387,0.028,0,deployment
DP-N-3172,2.155,1.134,0.053,0,deployment
DP-N-1065,1.98,-0.288,0.02,0,deployment
DP-N-2166,1.393,-0.513,0.034,0,deployment
DP-N-1967,2.156,2.985,0.057,0,deployment
DP-N-1016,2.107,-2.195,0.048,0,deployment
DP-N-3220,1.964,-5.739,0.036,0,deployment
DP-N-2560,1.965,-0.572,0.018,0,deployment
DP-N-3385,-0.115,8.408,0.032,0,deployment
DP-N-2914,1.853,0.597,0.03,0,deployment
DP-N-0480,2.455,3.286,0.049,0,deployment
DP-N-0100,1.357,-2.814,0.034,0,deployment
DP-N-3132,2.707,1.836,0.04,0,deployment
DP-N-1550,1.884,1.795,0.046,0,deployment
DP-N-1819,2.168,0.713,0.046,0,deployment
DP-N-2254,1.642,0.504,0.028,0,deployment
DP-R-0080,3.252,9.689,0.06,1,deployment
DP-N-0742,1.017,-1.459,0.038,0,deployment
DP-N-0388,1.105,-0.13,0.032,0,deployment
DP-R-0028,2.181,5.136,0.059,1,deployment
DP-N-1271,2.494,0.513,0.019,0,deployment
DP-N-2054,1.067,5.167,0.021,0,deployment
DP-N-3067,2.5,1.264,0.045,0,deployment
DP-N-2768,0.717,2.159,0.034,0,deployment
DP-N-0024,2.497,-0.838,0.044,0,deployment
DP-N-3289,2.211,-3.903,0.052,0,deployment
DP-N-3751,1.51,-2.846,0.033,0,deployment
DP-N-1970,2.328,4.494,0.048,0,deployment
DP-N-3789,1.479,-0.856,0.064,0,deployment
DP-N-3427,1.585,-5.804,0.027,0,deployment
DP-N-0269,3.001,1.402,0.035,0,deployment
DP-N-3391,2.246,1.408,0.032,0,deployment
DP-N-2394,1.217,-1.46,0.061,0,deployment
DP-N-0106,2.348,-1.452,0.008,0,deployment
DP-N-1339,2.117,-0.439,0.034,0,deployment
DP-N-0167,1.176,3.518,0.033,0,deployment
DP-R-0070,3.281,6.564,0.058,1,deployment
DP-N-0545,1.263,-1.296,0.034,0,deployment
DP-N-1923,1.626,-4.121,0.074,0,deployment
DP-N-1231,1.623,-0.643,0.032,0,deployment
DP-N-0721,2.425,-5.621,0.062,0,deployment
DP-N-0921,1.7,-3.237,0.045,0,deployment
DP-N-3487,2.172,1.374,0.037,0,deployment
DP-N-1519,3.157,-2.08,0.052,0,deployment
DP-N-0904,1.948,0.102,0.044,0,deployment
DP-N-2673,1.817,6.98,0.048,0,deployment
DP-N-1876,1.194,3.542,0.061,0,deployment
DP-R-0196,3.993,9.524,0.058,1,deployment
DP-N-2311,2.157,2.089,0.035,0,deployment
DP-N-1085,2.312,4.242,0.061,0,deployment
DP-N-1002,1.029,-4.82,0.033,0,deployment
DP-N-2576,1.79,0.698,0.025,0,deployment
DP-N-1811,1.118,0.862,0.017,0,deployment
DP-N-3477,2.514,-0.249,0.047,0,deployment
DP-N-2835,2.923,3.966,0.045,0,deployment
DP-N-2439,1.734,-0.954,0.06,0,deployment
DP-N-0350,1.223,1.399,0.033,0,deployment
DP-N-2514,1.269,-1.702,0.044,0,deployment
DP-N-3568,2.68,-0.26,0.048,0,deployment
DP-N-2915,2.815,2.624,0.027,0,deployment
DP-N-0818,1.561,1.119,0.026,0,deployment
DP-N-1999,1.648,1.047,0.043,0,deployment
DP-N-2472,0.981,-1.507,0.063,0,deployment
DP-N-1076,1.738,5.701,0.025,0,deployment
DP-N-0451,2.222,2.812,0.012,0,deployment
DP-N-2993,1.392,5.536,0.052,0,deployment
DP-N-3206,1.628,2.005,0.054,0,deployment
DP-N-0729,1.743,-3.068,0.025,0,deployment
DP-N-1109,2.541,3.034,0.023,0,deployment
DP-N-0755,1.877,-1.265,0.044,0,deployment
DP-N-0299,1.663,-3.081,0.012,0,deployment
DP-N-1737,2.322,3.408,0.032,0,deployment
DP-N-1172,1.409,-4.82,0.041,0,deployment
DP-N-1917,2.392,3.163,0.041,0,deployment
DP-R-0041,3.034,2.632,0.079,1,deployment
DP-N-3198,1.441,2.961,0.026,0,deployment
DP-N-2433,2.439,3.031,0.058,0,deployment
DP-N-1127,1.476,-1.85,0.037,0,deployment
DP-N-1187,3.121,2.281,0.05,0,deployment
DP-N-2146,1.153,3.34,0.021,0,deployment
DP-N-2891,2.528,-2.037,0.026,0,deployment
DP-N-3402,2.685,-4.785,0.043,0,deployment
DP-N-3675,2.024,-0.84,0.036,0,deployment
DP-N-3727,1.653,4.417,0.055,0,deployment
DP-N-0607,2.138,0.085,0.034,0,deployment
DP-N-1288,1.612,6.64,0.04,0,deployment
DP-N-2917,1.845,0.833,0.052,0,deployment
DP-N-2419,1.935,0.895,0.026,0,deployment
DP-N-0953,2.425,-2.981,0.038,0,deployment
DP-N-1890,1.861,3.85,0.041,0,deployment
DP-N-1712,2.34,-2.942,0.024,0,deployment
DP-N-1263,1.907,-1.974,0.022,0,deployment
DP-N-2754,2.167,-0.325,0.05,0,deployment
DP-N-1062,2.36,5.017,0.056,0,deployment
DP-N-0267,2.381,2.388,0.032,0,deployment
DP-N-2389,0.701,-1.863,0.058,0,deployment
DP-N-1598,2.669,-0.016,0.039,0,deployment
DP-N-0158,1.305,-0.576,0.034,0,deployment
DP-N-3074,1.902,0.273,0.052,0,deployment
DP-N-3594,2.213,-3.874,0.034,0,deployment
DP-N-1667,2.054,-1.136,0.06,0,deployment
DP-N-1478,2.88,-3.533,0.05,0,deployment
DP-N-2584,2.921,-3.186,0.033,0,deployment
DP-N-2741,1.433,0.321,0.064,0,deployment
DP-N-0426,1.627,3.804,0.031,0,deployment
DP-N-0203,1.259,1.004,0.034,0,deployment
DP-N-1078,0.891,-0.855,0.012,0,deployment
DP-N-1900,1.711,-0.685,0.041,0,deployment
DP-N-3284,2.7,5.66,0.031,0,deployment
DP-N-2175,1.637,4.541,0.038,0,deployment
DP-N-3433,2.789,-1.852,0.046,0,deployment
DP-N-0422,2.151,-0.93,0.029,0,deployment
DP-N-1910,2.728,3.257,0.045,0,deployment
DP-N-1958,2.243,0.863,0.04,0,deployment
DP-N-1332,2.176,-7.881,0.031,0,deployment
DP-N-2199,1.535,-0.328,0.041,0,deployment
DP-N-2990,1.673,-2.605,0.037,0,deployment
DP-N-0508,2.372,-0.977,0.049,0,deployment
DP-R-0193,2.924,20.77,0.061,1,deployment
DP-N-0771,3.007,-0.192,0.035,0,deployment
DP-N-3577,1.704,1.317,0.05,0,deployment
DP-N-1220,1.319,3.993,0.034,0,deployment
DP-N-0909,1.228,-1.109,0.047,0,deployment
DP-N-0477,2.328,2.411,0.042,0,deployment
DP-N-1741,1.302,-5.444,0.044,0,deployment
DP-N-0947,1.39,1.848,0.041,0,deployment
DP-N-2738,1.668,7.823,0.049,0,deployment
DP-N-2411,1.226,3.005,0.032,0,deployment
DP-N-2345,1.676,2.963,0.029,0,deployment
DP-N-0195,1.698,3.159,0.022,0,deployment
DP-N-1662,1.994,3.995,0.056,0,deployment
DP-N-1309,2.056,0.786,0.043,0,deployment
DP-N-1015,1.578,5.445,0.017,0,deployment
DP-N-0287,1.42,-3.18,0.07,0,deployment
DP-N-1997,0.837,1.06,0.022,0,deployment
DP-N-0827,0.772,1.609,0.045,0,deployment
DP-N-0977,1.804,1.301,0.019,0,deployment
DP-N-3782,1.689,-2.715,0.046,0,deployment
DP-N-0722,1.62,-0.079,0.031,0,deployment
DP-N-0176,2.303,-4.292,0.036,0,deployment
DP-N-0386,1.397,-2.577,0.036,0,deployment
DP-N-0011,1.579,-1.045,0.036,0,deployment
DP-N-1605,2.105,-0.473,0.057,0,deployment
DP-R-0182,3.683,-4.317,0.073,1,deployment
DP-N-2513,2.629,-3.885,0.032,0,deployment
DP-N-3124,2.019,2.371,0.042,0,deployment
DP-N-1778,0.975,-2.114,0.02,0,deployment
DP-N-1445,1.682,2.565,0.02,0,deployment
DP-N-2351,1.68,-5.608,0.054,0,deployment
DP-N-2828,1.445,-5.053,0.021,0,deployment
DP-N-3778,1.542,0.443,0.063,0,deployment
DP-N-2443,1.216,-0.694,0.035,0,deployment
DP-N-2325,1.319,0.224,0.039,0,deployment
DP-N-0541,1.137,1.399,0.027,0,deployment
DP-N-2410,1.434,-0.092,0.055,0,deployment
DP-N-3509,1.557,4.126,0.05,0,deployment
DP-N-1904,2.395,3.744,0.045,0,deployment
DP-N-1103,1.933,4.385,0.026,0,deployment
DP-N-0890,1.93,0.347,0.029,0,deployment
DP-N-1720,1.853,6.319,0.019,0,deployment
DP-N-1357,0.958,3.773,0.054,0,deployment
DP-N-3678,1.472,-1.926,0.053,0,deployment
DP-R-0096,4.255,2.649,0.047,1,deployment
DP-N-1740,2.622,1.372,0.05,0,deployment
DP-N-1295,0.959,-1.02,0.028,0,deployment
DP-N-1442,2.265,-0.597,0.021,0,deployment
DP-N-3708,2.531,0.132,0.03,0,deployment
DP-N-2396,1.573,1.748,0.02,0,deployment
DP-N-2308,1.945,0.537,0.02,0,deployment
DP-N-3754,1.565,-0.843,0.051,0,deployment
DP-N-1138,0.862,0.901,0.02,0,deployment
DP-N-2483,1.228,1.603,0.02,0,deployment
DP-N-3248,2.136,0.605,0.037,0,deployment
DP-N-1468,2.218,-1.463,0.034,0,deployment
DP-N-2222,1.525,-1.285,0.05,0,deployment
DP-N-0751,1.337,-2.836,0.049,0,deployment
DP-N-3338,1.561,3.515,0.029,0,deployment
DP-N-1003,1.399,1.288,0.03,0,deployment
DP-N-1701,1.65,-1.949,0.033,0,deployment
DP-N-0531,2.358,1.374,0.057,0,deployment
DP-N-1754,1.509,0.236,0.053,0,deployment
DP-N-2981,1.633,1.632,0.031,0,deployment
DP-N-2607,1.828,0.705,0.035,0,deployment
DP-N-2259,1.212,-1.551,0.016,0,deployment
DP-N-2674,1.581,-3.896,0.063,0,deployment
DP-R-0068,4.041,7.464,0.056,1,deployment
DP-N-3613,1.153,-0.181,0.042,0,deployment
DP-N-0243,2.197,-0.536,0.036,0,deployment
DP-N-1875,1.135,-6.163,0.04,0,deployment
DP-N-2399,1.673,2.701,0.037,0,deployment
DP-N-3484,2.111,1.521,0.047,0,deployment
DP-N-1671,2.169,-1.443,0.031,0,deployment
DP-N-0407,1.551,2.903,0.013,0,deployment
DP-N-1981,1.603,-3.983,0.047,0,deployment
DP-N-3618,0.63,-0.594,0.032,0,deployment
DP-N-3113,1.319,2.548,0.043,0,deployment
DP-N-2029,0.841,1.682,0.045,0,deployment
DP-N-3145,0.967,4.139,0.064,0,deployment
DP-N-2654,1.406,0.173,0.065,0,deployment
DP-R-0031,3.794,2.563,0.085,1,deployment
DP-N-1222,2.628,-4.141,0.03,0,deployment
DP-N-2564,1.958,-4.262,0.044,0,deployment
DP-N-1040,2.206,2.493,0.051,0,deployment
DP-N-0769,2.86,0.479,0.037,0,deployment
DP-N-2418,1.179,4.896,0.018,0,deployment
DP-N-0790,2.708,8.45,0.034,0,deployment
DP-N-2567,1.771,6.471,0.043,0,deployment
DP-N-0087,1.572,-8.343,0.048,0,deployment
DP-N-0252,1.988,-5.118,0.038,0,deployment
DP-N-3384,2.309,-1.9,0.038,0,deployment
DP-R-0169,2.806,0.974,0.068,1,deployment
DP-N-2736,0.927,-4.439,0.042,0,deployment
DP-N-2809,1.913,-0.505,0.039,0,deployment
DP-N-0127,1.496,-0.765,0.039,0,deployment
DP-N-2650,2.047,4.19,0.033,0,deployment
DP-N-1240,2.096,-1.86,0.021,0,deployment
DP-N-0166,1.665,1.17,0.024,0,deployment
DP-N-1101,1.603,4.275,0.048,0,deployment
DP-N-3565,1.672,-2.266,0.031,0,deployment
DP-N-1134,1.561,-2.507,0.047,0,deployment
DP-N-3280,2.33,-1.624,0.036,0,deployment
DP-N-0681,1.8,6.735,0.022,0,deployment
DP-N-2128,2.222,3.053,0.064,0,deployment
DP-R-0089,3.696,0.717,0.067,1,deployment
DP-N-0857,0.988,-1.582,0.054,0,deployment
DP-N-2534,0.899,-0.333,0.042,0,deployment
DP-N-0108,2.025,0.097,0.037,0,deployment
DP-R-0087,3.429,5.478,0.097,1,deployment
DP-N-2523,1.241,-2.994,0.022,0,deployment
DP-N-0855,1.506,0.73,0.04,0,deployment
DP-N-2550,1.474,-2.097,0.051,0,deployment
DP-N-2111,2.54,-1.108,0.038,0,deployment
DP-N-2557,1.191,-3.548,0.046,0,deployment
DP-N-2952,1.246,-2.077,0.038,0,deployment
DP-N-0136,2.27,3.078,0.043,0,deployment
DP-N-1558,1.333,-2.199,0.042,0,deployment
DP-N-3669,1.803,-3.47,0.054,0,deployment
DP-N-1031,1.365,0.171,0.019,0,deployment
DP-N-2362,2.147,5.316,0.048,0,deployment
DP-N-1627,2.368,3.744,0.011,0,deployment
DP-N-2005,2.573,-3.099,0.058,0,deployment
DP-N-1164,2.419,-0.626,0.049,0,deployment
DP-N-1000,1.691,-0.664,0.031,0,deployment
DP-R-0071,3.27,1.304,0.079,1,deployment
DP-N-3674,1.199,-1.424,0.051,0,deployment
DP-N-0230,1.888,-1.948,0.046,0,deployment
DP-N-1846,1.01,-3.636,0.041,0,deployment
DP-N-3759,2.041,-0.619,0.035,0,deployment
DP-N-3043,2.417,0.14,0.015,0,deployment
DP-N-2974,1.435,-2.566,0.05,0,deployment
DP-N-2339,1.933,0.105,0.043,0,deployment
DP-N-0114,1.99,-4.948,0.026,0,deployment
DP-N-3064,1.933,-1.389,0.042,0,deployment
DP-N-2150,2.197,1.407,0.059,0,deployment
DP-N-1116,1.591,1.682,0.045,0,deployment
DP-N-0018,2.368,3.225,0.045,0,deployment
DP-N-3638,2.638,-2.467,0.057,0,deployment
DP-N-0291,1.049,-1.069,0.037,0,deployment
DP-N-3019,1.507,2.661,0.058,0,deployment
DP-N-1878,1.863,4.676,0.039,0,deployment
DP-N-0666,1.864,0.379,0.021,0,deployment
DP-N-1921,0.911,2.263,0.051,0,deployment
DP-N-0499,2.136,-1.366,0.014,0,deployment
DP-N-3361,1.681,2.316,0.056,0,deployment
DP-N-0715,1.244,-1.661,0.024,0,deployment
DP-N-1174,2.161,3.085,0.051,0,deployment
DP-N-3739,2.326,-0.762,0.041,0,deployment
DP-N-3187,1.64,3.83,0.035,0,deployment
DP-N-3622,2.163,3.316,0.045,0,deployment
DP-N-2197,1.968,-0.014,0.038,0,deployment
DP-N-2827,1.538,-3.775,0.029,0,deployment
DP-N-1699,2.117,-3.148,0.045,0,deployment
DP-N-3686,2.048,0.811,0.053,0,deployment
DP-N-0835,1.523,-6.22,0.031,0,deployment
DP-N-2264,1.253,-6.916,0.043,0,deployment
DP-N-0095,2.315,0.173,0.014,0,deployment
DP-N-1114,1.665,1.278,0.038,0,deployment
DP-N-0534,2.441,-0.159,0.053,0,deployment
DP-N-0219,2.861,-0.297,0.054,0,deployment
DP-N-1028,1.445,-1.743,0.031,0,deployment
DP-N-2053,1.514,-0.978,0.068,0,deployment
DP-N-1705,1.52,0.395,0.033,0,deployment
DP-N-1089,1.869,-2.801,0.051,0,deployment
DP-N-3322,1.633,3.926,0.045,0,deployment
DP-N-3075,1.219,-5.146,0.042,0,deployment
DP-N-1454,1.094,3.698,0.053,0,deployment
DP-N-0944,2.401,1.217,0.054,0,deployment
DP-N-3710,2.123,1.823,0.015,0,deployment
DP-N-1617,1.996,0.135,0.045,0,deployment
DP-N-2951,1.24,-0.404,0.038,0,deployment
DP-N-0662,1.837,-3.079,0.037,0,deployment
DP-N-0256,0.694,-1.069,0.035,0,deployment
DP-N-2341,2.073,-0.109,0.045,0,deployment
DP-N-1145,1.749,-3.871,0.047,0,deployment
DP-N-1432,1.733,10.499,0.036,0,deployment
DP-R-0194,4.193,5.409,0.043,1,deployment
DP-N-1775,2.609,-3.064,0.049,0,deployment
DP-N-1637,1.305,-4.975,0.044,0,deployment
DP-N-1567,1.375,1.676,0.049,0,deployment
DP-N-0051,1.519,1.972,0.034,0,deployment
DP-N-2231,2.972,0.4,0.058,0,deployment
DP-N-1857,2.654,1.01,0.043,0,deployment
DP-N-1073,2.113,-2.876,0.036,0,deployment
DP-N-0726,1.304,1.747,0.042,0,deployment
DP-N-0188,2.152,1.646,0.041,0,deployment
DP-N-1030,1.513,0.128,0.042,0,deployment
DP-N-0501,2.256,-8.719,0.016,0,deployment
DP-R-0033,3.569,1.243,0.097,1,deployment
DP-N-1492,1.259,1.127,0.066,0,deployment
DP-N-1370,1.866,-0.633,0.062,0,deployment
DP-N-0454,2.37,-0.907,0.03,0,deployment
DP-N-1124,1.177,0.536,0.046,0,deployment
DP-N-2220,1.511,3.856,0.038,0,deployment
DP-N-0936,1.72,-4.794,0.035,0,deployment
DP-N-1224,1.627,-4.439,0.038,0,deployment
DP-N-3560,0.568,0.063,0.037,0,deployment
DP-N-2655,1.716,-0.017,0.063,0,deployment
DP-N-0875,2.031,2.637,0.048,0,deployment
DP-N-3733,2.199,-2.748,0.033,0,deployment
DP-N-1828,1.106,2.206,0.038,0,deployment
DP-N-2851,0.972,4.887,0.032,0,deployment
DP-N-3123,1.025,0.672,0.044,0,deployment
DP-N-0856,1.795,-0.7,0.045,0,deployment
DP-R-0118,2.849,-2.848,0.067,1,deployment
DP-N-3545,2.297,1.1,0.026,0,deployment
DP-N-0355,1.242,4.096,0.047,0,deployment
DP-N-0741,1.607,-3.247,0.054,0,deployment
DP-N-2624,1.392,0.699,0.038,0,deployment
DP-N-3211,2.605,0.763,0.042,0,deployment
DP-N-2273,2.396,-0.844,0.064,0,deployment
DP-N-0981,2.004,3.885,0.03,0,deployment
DP-R-0055,3.982,9.58,0.061,1,deployment
DP-N-1417,2.182,-2.175,0.06,0,deployment
DP-N-1866,1.66,2.351,0.022,0,deployment
DP-R-0018,2.076,4.374,0.071,1,deployment
DP-N-3730,2.005,-2.197,0.036,0,deployment
DP-N-0107,2.044,5.842,0.026,0,deployment
DP-N-0366,2.286,-2.558,0.03,0,deployment
DP-N-0946,1.078,3.765,0.028,0,deployment
DP-N-0794,1.931,1.061,0.023,0,deployment
DP-N-1198,2.349,1.68,0.044,0,deployment
DP-N-0113,2.625,-0.241,0.034,0,deployment
DP-N-0851,1.505,-0.247,0.038,0,deployment
DP-N-3049,0.736,-0.96,0.035,0,deployment
DP-N-3202,2.232,-3.395,0.037,0,deployment
DP-N-0673,0.472,-4.097,0.027,0,deployment
DP-N-0663,1.028,-2.453,0.045,0,deployment
DP-N-3390,0.878,-4.775,0.061,0,deployment
DP-N-2357,2.006,0.545,0.063,0,deployment
DP-N-1665,1.661,-3.686,0.029,0,deployment
DP-N-1715,1.687,-5.252,0.048,0,deployment
DP-N-0132,1.158,3.902,0.048,0,deployment
DP-N-3020,0.863,-0.871,0.04,0,deployment
DP-N-1239,2.856,-2.098,0.056,0,deployment
DP-N-3150,1.091,0.204,0.039,0,deployment
DP-N-2007,2.608,1.447,0.047,0,deployment
DP-N-2764,1.574,-1.51,0.061,0,deployment
DP-N-3039,1.81,-2.481,0.073,0,deployment
DP-N-3135,3.156,3.054,0.044,0,deployment
DP-N-3319,2.373,-5.129,0.029,0,deployment
DP-N-1620,1.395,1.524,0.05,0,deployment
DP-N-2643,2.652,5.592,0.058,0,deployment
DP-N-1501,1.463,5.438,0.042,0,deployment
DP-R-0148,3.558,8.928,0.061,1,deployment
DP-N-3393,1.184,-3.551,0.057,0,deployment
DP-N-1655,1.922,-1.57,0.033,0,deployment
DP-N-0676,1.933,1.235,0.039,0,deployment
DP-N-0765,1.539,0.274,0.049,0,deployment
DP-N-0263,1.551,3.807,0.049,0,deployment
DP-N-3307,1.352,3.313,0.046,0,deployment
DP-N-1907,1.521,0.988,0.061,0,deployment
DP-N-2810,1.79,4.603,0.049,0,deployment
DP-R-0054,2.609,8.712,0.072,1,deployment
DP-R-0129,4.532,7.499,0.092,1,deployment
DP-N-1892,1.17,1.675,0.036,0,deployment
DP-N-0085,1.125,6.014,0.039,0,deployment
DP-N-2821,2.363,6.447,0.024,0,deployment
DP-N-2524,1.684,7.699,0.049,0,deployment
DP-N-3715,2.207,3.185,0.049,0,deployment
DP-N-1318,1.551,1.37,0.027,0,deployment
DP-N-3037,2.095,-0.996,0.035,0,deployment
DP-N-0074,1.503,2.282,0.029,0,deployment
DP-N-2903,2.003,4.775,0.031,0,deployment
DP-N-3552,0.848,-1.661,0.032,0,deployment
DP-N-2591,1.689,-0.014,0.022,0,deployment
DP-R-0109,2.059,10.071,0.059,1,deployment
DP-N-2600,2.139,0.223,0.021,0,deployment
DP-N-3310,1.809,-3.949,0.048,0,deployment
DP-N-2130,2.292,-2.532,0.038,0,deployment
DP-N-0925,3.194,2.331,0.04,0,deployment
DP-N-3186,2.119,-1.409,0.045,0,deployment
DP-N-0365,1.509,-4.318,0.021,0,deployment
DP-N-1359,1.535,-2.378,0.065,0,deployment
DP-N-0111,1.578,-0.738,0.037,0,deployment
DP-N-0484,1.635,0.926,0.041,0,deployment
DP-N-2235,2.587,-4.57,0.022,0,deployment
DP-N-2471,1.494,-5.114,0.031,0,deployment
DP-N-1087,1.229,-0.6,0.034,0,deployment
DP-N-1354,1.797,-6.047,0.036,0,deployment
DP-N-3709,1.993,-3.457,0.03,0,deployment
DP-N-2713,0.991,-0.348,0.032,0,deployment
DP-N-0231,1.242,2.663,0.038,0,deployment
DP-N-3659,0.947,-0.496,0.055,0,deployment
DP-N-2343,0.769,-1.5,0.019,0,deployment
DP-N-1489,2.07,-4.246,0.032,0,deployment
DP-N-3023,1.628,-5.064,0.022,0,deployment
DP-N-0597,2.53,4.362,0.036,0,deployment
DP-N-0026,2.085,1.084,0.028,0,deployment
DP-N-0318,1.172,1.626,0.036,0,deployment
DP-N-2088,1.957,5.683,0.042,0,deployment
DP-N-0576,2.089,0.792,0.04,0,deployment
DP-N-0622,1.652,-0.25,0.034,0,deployment
DP-N-0705,2.36,3.076,0.036,0,deployment
DP-N-1312,1.004,-1.593,0.021,0,deployment
DP-N-2021,1.573,1.723,0.049,0,deployment
DP-N-1261,2.114,2.71,0.062,0,deployment
DP-N-0017,2.222,1.393,0.037,0,deployment
DP-N-1736,1.54,-1.783,0.032,0,deployment
DP-N-2747,1.802,0.288,0.036,0,deployment
DP-N-0495,2.16,-0.14,0.044,0,deployment
DP-N-0059,0.904,-3.903,0.034,0,deployment
DP-N-1750,2.292,-3.551,0.045,0,deployment
DP-N-2240,2.349,-3.113,0.048,0,deployment
DP-N-1698,2.092,0.391,0.027,0,deployment
DP-N-3189,2.12,0.177,0.052,0,deployment
DP-N-0864,1.601,-4.457,0.029,0,deployment
DP-N-2723,1.773,1.775,0.042,0,deployment
DP-R-0030,3.254,6.111,0.087,1,deployment
DP-N-1476,1.898,-4.095,0.037,0,deployment
DP-N-2746,1.572,1.473,0.038,0,deployment
DP-N-2321,1.177,-2.335,0.04,0,deployment
DP-N-2889,2.256,-3.355,0.039,0,deployment
DP-N-0190,2.102,4.08,0.033,0,deployment
DP-N-1161,2.282,-2.592,0.05,0,deployment
DP-N-0469,1.412,1.505,0.051,0,deployment
DP-N-3006,1.342,-2.159,0.056,0,deployment
DP-N-2906,2.669,3.954,0.037,0,deployment
DP-N-2288,1.884,2.27,0.045,0,deployment
DP-N-3736,1.674,-2.082,0.072,0,deployment
DP-N-3004,1.606,0.297,0.017,0,deployment
DP-N-3660,1.335,-2.297,0.048,0,deployment
DP-N-1799,1.658,-0.216,0.05,0,deployment
DP-N-1721,0.918,2.654,0.035,0,deployment
DP-N-1257,1.569,2.867,0.045,0,deployment
DP-N-2255,1.167,3.18,0.033,0,deployment
DP-N-3483,1.29,2.175,0.025,0,deployment
DP-N-0349,-0.261,-2.162,0.04,0,deployment
DP-N-3522,2.519,-3.617,0.046,0,deployment
DP-N-1316,1.113,-3.723,0.048,0,deployment
DP-N-3099,3.09,0.567,0.017,0,deployment
DP-N-1185,1.898,-0.132,0.052,0,deployment
DP-N-2397,1.788,2.312,0.029,0,deployment
DP-N-2987,3.155,-3.173,0.04,0,deployment
DP-N-2862,2.604,1.165,0.041,0,deployment
DP-N-1888,2.279,-2.028,0.036,0,deployment
DP-N-0331,2.493,4.396,0.027,0,deployment
DP-N-1054,1.77,0.063,0.015,0,deployment
DP-N-2572,1.804,3.868,0.031,0,deployment
DP-N-0709,1.974,4.996,0.036,0,deployment
DP-N-0873,1.627,1.539,0.023,0,deployment
DP-N-1236,1.352,-0.159,0.048,0,deployment
DP-N-0064,1.954,1.292,0.053,0,deployment
DP-N-3184,1.383,1.789,0.024,0,deployment
DP-N-2953,1.766,-1.315,0.029,0,deployment
DP-N-1179,1.526,1.659,0.032,0,deployment
DP-N-1987,1.409,6.633,0.047,0,deployment
DP-N-1804,1.467,3.364,0.014,0,deployment
DP-N-3800,0.193,2.176,0.03,0,deployment
DP-N-0800,1.783,-0.362,0.045,0,deployment
DP-N-1084,1.749,-3.234,0.025,0,deployment
DP-N-0485,1.154,2.562,0.054,0,deployment
DP-N-0285,1.829,-3.396,0.055,0,deployment
DP-N-3344,1.904,-2.738,0.035,0,deployment
DP-N-0360,1.956,-4.043,0.045,0,deployment
DP-N-2657,2.416,-1.506,0.043,0,deployment
DP-N-3257,1.717,-1.709,0.053,0,deployment
DP-N-0439,2.285,-2.645,0.046,0,deployment
DP-N-3507,1.406,1.205,0.047,0,deployment
DP-N-1687,2.22,-1.037,0.046,0,deployment
DP-N-0807,3.061,-2.162,0.023,0,deployment
DP-N-0187,1.575,1.767,0.027,0,deployment
DP-N-2061,2.267,-5.005,0.049,0,deployment
DP-N-0750,2.495,-0.76,0.046,0,deployment
DP-R-0180,3.043,17.76,0.063,1,deployment
DP-N-2907,1.206,2.225,0.032,0,deployment
DP-N-2186,1.348,-0.524,0.041,0,deployment
DP-N-2935,1.998,-3.779,0.03,0,deployment
DP-N-2570,1.641,-0.626,0.025,0,deployment
DP-N-0364,1.826,-0.73,0.047,0,deployment
DP-N-1360,2.094,-0.482,0.046,0,deployment
DP-N-1059,2.352,-4.001,0.045,0,deployment
DP-N-1781,1.568,-1.016,0.035,0,deployment
DP-N-1509,1.976,0.951,0.041,0,deployment
DP-N-1439,1.851,-2.132,0.061,0,deployment
DP-N-0828,1.684,2.039,0.053,0,deployment
DP-N-2036,1.801,3.218,0.061,0,deployment
DP-N-2955,0.733,-3.335,0.036,0,deployment
DP-N-2365,1.769,1.76,0.034,0,deployment
DP-N-1528,1.418,1.788,0.024,0,deployment
DP-N-3661,2.103,1.651,0.031,0,deployment
DP-N-3496,2.022,-4.433,0.033,0,deployment
DP-N-2653,1.407,-4.81,0.044,0,deployment
DP-N-2686,1.989,-3.799,0.03,0,deployment
DP-N-0414,1.112,3.179,0.061,0,deployment
DP-N-3315,1.82,1.97,0.038,0,deployment
DP-R-0186,3.204,8.003,0.064,1,deployment
DP-N-2784,1.126,-1.512,0.029,0,deployment
DP-N-0671,1.572,-4.58,0.026,0,deployment
DP-N-3290,1.485,0.57,0.015,0,deployment
DP-N-3356,2.642,-2.532,0.077,0,deployment
DP-N-2356,1.618,-2.458,0.045,0,deployment
DP-N-2462,1.814,-3.9,0.052,0,deployment
DP-N-1285,1.075,-3.416,0.027,0,deployment
DP-N-1908,0.916,-2.18,0.024,0,deployment
DP-N-1914,1.44,-1.674,0.04,0,deployment
DP-N-3265,0.667,0.197,0.034,0,deployment
DP-N-1589,1.489,-1.664,0.026,0,deployment
DP-N-1044,2.673,3.34,0.065,0,deployment
DP-N-1021,1.036,-0.526,0.042,0,deployment
DP-N-2796,1.558,4.12,0.05,0,deployment
DP-N-1287,2.512,-2.935,0.054,0,deployment
DP-N-3414,2.707,-2.835,0.048,0,deployment
DP-N-2279,1.067,-4.954,0.053,0,deployment
DP-N-3176,1.226,-2.635,0.047,0,deployment
DP-N-3790,1.856,-1.329,0.031,0,deployment
DP-N-1986,2.986,4.098,0.035,0,deployment
DP-N-1755,1.21,3.44,0.03,0,deployment
DP-N-1871,1.496,-3.249,0.035,0,deployment
DP-N-0593,0.908,-0.25,0.052,0,deployment
DP-N-1850,1.144,-3.504,0.043,0,deployment
DP-N-2121,2.305,-6.676,0.039,0,deployment
DP-N-0213,1.739,0.776,0.021,0,deployment
DP-N-0674,2.591,3.066,0.014,0,deployment
DP-N-3749,2.036,2.741,0.044,0,deployment
DP-N-3458,1.653,1.069,0.027,0,deployment
DP-N-1092,1.665,1.381,0.038,0,deployment
DP-N-1574,1.914,-0.566,0.043,0,deployment
DP-N-3533,2.093,-6.352,0.063,0,deployment
DP-N-3213,1.881,-2.898,0.038,0,deployment
DP-N-0617,1.696,0.801,0.052,0,deployment
DP-N-3112,1.799,1.07,0.045,0,deployment
DP-N-2347,1.936,6.771,0.054,0,deployment
DP-R-0102,2.609,0.128,0.077,1,deployment
DP-N-3572,1.666,4.183,0.054,0,deployment
DP-N-0249,1.662,1.815,0.023,0,deployment
DP-N-2943,2.16,1.873,0.044,0,deployment
DP-N-1756,1.702,2.561,0.025,0,deployment
DP-R-0172,2.254,1.466,0.068,1,deployment
DP-N-1214,1.857,-3.463,0.035,0,deployment
DP-N-1497,1.64,1.394,0.053,0,deployment
DP-N-1005,2.437,1.753,0.052,0,deployment
DP-N-0479,1.111,0.763,0.052,0,deployment
DP-N-0483,1.546,0.473,0.063,0,deployment
DP-N-2322,1.8,3.162,0.031,0,deployment
DP-N-1422,2.379,-3.901,0.027,0,deployment
DP-N-2488,2.952,-1.965,0.042,0,deployment
DP-N-0964,1.763,7.392,0.028,0,deployment
DP-N-3541,2.353,1.319,0.057,0,deployment
DP-N-2147,1.049,-2.696,0.028,0,deployment
DP-N-2106,2.025,4.071,0.028,0,deployment
DP-N-3544,1.952,-0.401,0.054,0,deployment
DP-N-3495,1.157,3.145,0.039,0,deployment
DP-N-3382,2.118,4.489,0.051,0,deployment
DP-N-2438,2.223,4.046,0.029,0,deployment
DP-N-0214,1.852,3.675,0.049,0,deployment
DP-N-3040,2.13,0.213,0.041,0,deployment
DP-N-0053,2.147,3.986,0.035,0,deployment
DP-N-0808,1.277,-1.205,0.039,0,deployment
DP-N-2733,2.007,-5.386,0.051,0,deployment
DP-N-0642,1.11,-2.194,0.044,0,deployment
DP-N-2781,1.228,-2.005,0.041,0,deployment
DP-N-0298,1.538,1.934,0.039,0,deployment
DP-N-0605,1.984,-2.386,0.051,0,deployment
DP-N-2101,1.731,1.128,0.039,0,deployment
DP-N-2568,2.141,-7.571,0.027,0,deployment
DP-N-3693,1.466,0.471,0.041,0,deployment
DP-N-2269,3.328,-2.874,0.062,0,deployment
DP-N-3173,1.211,2.856,0.038,0,deployment
DP-N-2162,1.667,1.002,0.036,0,deployment
DP-N-1307,2.046,0.032,0.041,0,deployment
DP-N-0415,1.602,-5.938,0.035,0,deployment
DP-N-3157,1.696,-0.155,0.034,0,deployment
DP-N-0603,1.422,3.719,0.05,0,deployment
DP-N-0472,1.95,3.893,0.055,0,deployment
DP-N-0515,2.611,-2.296,0.012,0,deployment
DP-N-1043,2.09,1.526,0.058,0,deployment
DP-N-2904,2.007,-0.006,0.008,0,deployment
DP-R-0160,3.357,3.238,0.088,1,deployment
DP-N-3604,1.192,-4.863,0.024,0,deployment
DP-N-1314,1.562,-2.948,0.057,0,deployment
DP-R-0115,1.503,7.797,0.07,1,deployment
DP-N-0142,1.607,3.471,0.023,0,deployment
DP-N-2191,0.929,-4.715,0.032,0,deployment
DP-N-2797,2.092,2.297,0.028,0,deployment
DP-N-1924,1.748,-5.628,0.053,0,deployment
DP-N-1652,1.45,0.973,0.039,0,deployment
DP-N-1618,1.628,-3.113,0.025,0,deployment
DP-N-1688,2.714,3.142,0.048,0,deployment
DP-N-2243,0.795,4.118,0.036,0,deployment
DP-N-2919,1.938,-1.454,0.044,0,deployment
DP-R-0034,1.92,5.984,0.074,1,deployment
DP-N-1304,2.668,2.077,0.041,0,deployment
DP-N-2660,1.132,2.929,0.033,0,deployment
DP-N-1602,3.083,3.924,0.035,0,deployment
DP-N-2577,1.87,-1.027,0.039,0,deployment
DP-N-1682,2.449,2.614,0.036,0,deployment
DP-N-2760,1.348,-0.854,0.045,0,deployment
DP-N-2358,2.573,1.001,0.058,0,deployment
DP-N-1053,1.817,0.183,0.036,0,deployment
DP-N-2287,1.67,-4.684,0.04,0,deployment
DP-N-0967,2.302,3.99,0.05,0,deployment
DP-N-2346,2.899,-2.144,0.023,0,deployment
DP-N-0097,1.809,4.235,0.041,0,deployment
DP-N-1254,1.034,-0.429,0.036,0,deployment
DP-N-2638,1.351,0.016,0.038,0,deployment
DP-N-0150,1.951,-0.134,0.024,0,deployment
DP-N-3045,1.46,-5.002,0.044,0,deployment
DP-N-1349,2.942,-4.652,0.023,0,deployment
DP-N-3316,1.584,-1.903,0.013,0,deployment
DP-N-0559,2.051,6.988,0.034,0,deployment
DP-N-0253,2.46,0.987,0.019,0,deployment
DP-N-0247,1.063,3.132,0.043,0,deployment
DP-N-0770,1.353,1.897,0.038,0,deployment
DP-N-0682,1.666,-1.622,0.047,0,deployment
DP-N-1780,1.858,4.009,0.046,0,deployment
DP-N-2504,1.327,-2.527,0.048,0,deployment
DP-N-1745,1.833,-1.503,0.036,0,deployment
DP-N-3526,1.055,1.593,0.036,0,deployment
DP-N-0766,1.776,6.507,0.018,0,deployment
DP-N-1135,1.638,-0.558,0.046,0,deployment
DP-N-0123,0.998,-1.479,0.03,0,deployment
DP-N-3377,2.34,2.806,0.047,0,deployment
DP-N-1661,1.948,-3.383,0.046,0,deployment
DP-N-0125,1.886,-6.916,0.036,0,deployment
DP-N-0997,1.994,1.762,0.046,0,deployment
DP-N-1355,2.282,-0.268,0.022,0,deployment
DP-N-3360,3.002,-0.127,0.023,0,deployment
DP-N-0880,2.637,-0.386,0.043,0,deployment
DP-N-2203,1.574,2.655,0.06,0,deployment
DP-N-2580,1.921,-6.227,0.015,0,deployment
DP-N-3539,1.292,1.854,0.062,0,deployment
DP-N-0934,0.832,6.082,0.038,0,deployment
DP-N-3105,2.196,4.307,0.027,0,deployment
DP-N-1306,1.814,-1.492,0.045,0,deployment
DP-N-0525,2.442,-4.371,0.039,0,deployment
DP-N-1459,2.337,-1.78,0.048,0,deployment
DP-N-0293,2.393,-4.45,0.035,0,deployment
DP-N-2314,1.415,0.445,0.041,0,deployment
DP-R-0059,3.527,-1.287,0.08,1,deployment
DP-N-2743,1.911,-2.775,0.042,0,deployment
DP-N-2582,2.847,2.357,0.046,0,deployment
DP-N-2363,2.202,1.257,0.023,0,deployment
DP-N-3735,2.86,1.556,0.048,0,deployment
DP-N-3690,1.384,2.661,0.016,0,deployment
DP-N-0963,1.511,0.546,0.049,0,deployment
DP-N-0389,1.297,-0.866,0.05,0,deployment
DP-N-2623,1.868,-2.146,0.04,0,deployment
DP-N-1421,0.645,-1.981,0.03,0,deployment
DP-N-2839,1.576,-0.224,0.048,0,deployment
DP-N-1068,2.218,-0.797,0.03,0,deployment
DP-N-3456,1.882,1.503,0.048,0,deployment
DP-R-0069,2.658,2.788,0.062,1,deployment
DP-N-2532,2.977,-3.041,0.032,0,deployment
DP-N-2668,0.779,1.9,0.036,0,deployment
DP-N-1262,2.255,0.634,0.029,0,deployment
DP-R-0167,2.893,5.025,0.075,1,deployment
DP-N-0459,1.745,1.105,0.025,0,deployment
DP-N-0442,1.87,-1.556,0.04,0,deployment
DP-N-0029,0.866,5.563,0.058,0,deployment
DP-N-1554,1.115,-2.248,0.024,0,deployment
DP-N-3214,1.748,-8.538,0.061,0,deployment
DP-N-0115,1.339,-0.268,0.066,0,deployment
DP-N-1931,2.143,-2.968,0.045,0,deployment
DP-N-1685,3.051,2.799,0.039,0,deployment
DP-N-2853,2.232,-0.511,0.031,0,deployment
DP-N-0370,2.73,0.477,0.028,0,deployment
DP-N-2189,2.13,-0.275,0.058,0,deployment
DP-N-1782,3.061,-2.732,0.032,0,deployment
DP-N-2153,0.959,-0.516,0.011,0,deployment
DP-N-2094,1.867,1.528,0.011,0,deployment
DP-N-2044,2.518,6.918,0.05,0,deployment
DP-N-1595,1.268,2.567,0.043,0,deployment
DP-R-0105,3.052,8.761,0.076,1,deployment
DP-N-1559,2.199,-2.668,0.054,0,deployment
DP-N-1972,2.175,-3.229,0.049,0,deployment
DP-N-1991,2.442,1.004,0.021,0,deployment
DP-N-1870,1.858,1.266,0.051,0,deployment
DP-N-3542,1.75,2.28,0.045,0,deployment
DP-N-0627,1.3,3.3,0.034,0,deployment
DP-N-1943,1.16,-1.36,0.042,0,deployment
DP-N-3473,1.544,3.013,0.057,0,deployment
DP-N-3471,0.913,2.35,0.04,0,deployment
DP-N-1753,1.113,1.284,0.035,0,deployment
DP-N-1258,2.043,-3.233,0.048,0,deployment
DP-N-2975,1.17,5.84,0.07,0,deployment
DP-N-1139,1.697,4.509,0.042,0,deployment
DP-N-2779,2.683,-2.597,0.047,0,deployment
DP-R-0035,2.658,3.482,0.071,1,deployment
DP-N-0910,1.796,4.818,0.034,0,deployment
DP-N-1189,1.959,-2.501,0.048,0,deployment
DP-N-0374,1.52,-7.49,0.061,0,deployment
DP-N-0045,1.937,0.755,0.036,0,deployment
DP-N-1882,2.091,-3.368,0.031,0,deployment
DP-N-3053,2.164,-0.131,0.02,0,deployment
DP-N-2500,1.297,4.664,0.047,0,deployment
DP-N-1568,2.78,1.732,0.039,0,deployment
DP-N-0118,1.552,1.782,0.042,0,deployment
DP-N-1215,1.39,-4.383,0.047,0,deployment
DP-N-1789,1.75,4.126,0.059,0,deployment
DP-N-1178,2.128,-0.731,0.039,0,deployment
DP-N-2536,1.508,3.433,0.046,0,deployment
DP-N-3666,2.141,-2.981,0.037,0,deployment
DP-N-0027,2.097,-5.341,0.059,0,deployment
DP-N-3366,2.291,4.681,0.026,0,deployment
DP-N-3256,1.371,-1.651,0.039,0,deployment
DP-N-0297,2.072,-4.324,0.046,0,deployment
DP-N-3309,3.982,-2.694,0.064,0,deployment
DP-N-3340,1.783,-2.158,0.034,0,deployment
DP-N-3365,1.6,2.098,0.026,0,deployment
DP-N-1645,2.209,0.9,0.045,0,deployment
DP-N-2034,1.047,0.915,0.052,0,deployment
DP-N-0572,1.345,-2.066,0.059,0,deployment
DP-N-0648,1.309,0.161,0.016,0,deployment
DP-N-3768,2.096,-1.184,0.042,0,deployment
DP-N-2898,2.954,-0.068,0.044,0,deployment
DP-N-1810,2.199,1.558,0.054,0,deployment
DP-N-2773,1.889,2.463,0.04,0,deployment
DP-N-2408,1.314,-2.737,0.023,0,deployment
DP-N-0920,1.625,-9.336,0.02,0,deployment
DP-N-1243,2.566,-1.086,0.043,0,deployment
DP-R-0005,3.712,-1.857,0.067,1,deployment
DP-N-1731,1.117,4.964,0.043,0,deployment
DP-R-0136,2.383,4.804,0.059,1,deployment
DP-R-0027,3.75,1.186,0.083,1,deployment
DP-N-1322,1.69,-2.712,0.014,0,deployment
DP-N-2573,1.101,-1.493,0.058,0,deployment
DP-N-0814,0.381,-8.035,0.024,0,deployment
DP-N-1884,1.861,-4.034,0.047,0,deployment
DP-N-3255,2.632,1.643,0.038,0,deployment
DP-N-3007,1.52,3.075,0.036,0,deployment
DP-N-3334,1.76,-2.372,0.046,0,deployment
DP-N-3238,1.792,-1.731,0.034,0,deployment
DP-N-2940,2.407,0.078,0.048,0,deployment
DP-N-2177,1.549,2.335,0.054,0,deployment
DP-N-2444,1.931,-5.681,0.05,0,deployment
DP-N-3725,1.144,3.554,0.045,0,deployment
DP-N-3352,2.819,-0.967,0.034,0,deployment
DP-N-3398,2.13,-1.937,0.034,0,deployment
DP-N-2441,2.515,-2.21,0.04,0,deployment
DP-N-1361,1.828,1.096,0.03,0,deployment
DP-N-2310,1.658,0.001,0.032,0,deployment
DP-N-1656,2.092,6.041,0.047,0,deployment
DP-N-2182,1.69,0.775,0.052,0,deployment
DP-N-2108,1.709,2.416,0.051,0,deployment
DP-N-3103,1.863,1.721,0.048,0,deployment
DP-N-3760,1.955,6.376,0.037,0,deployment
DP-N-3162,0.93,5.199,0.058,0,deployment
DP-N-1830,1.399,-0.897,0.023,0,deployment
DP-N-3254,1.508,0.236,0.037,0,deployment
DP-N-2445,2.057,2.34,0.049,0,deployment
DP-N-0945,1.798,-2.107,0.054,0,deployment
DP-N-1709,1.929,0.579,0.016,0,deployment
DP-N-0614,0.813,-1.15,0.053,0,deployment
DP-N-0689,0.783,4.589,0.039,0,deployment
DP-N-0544,0.402,0.627,0.04,0,deployment
DP-N-2894,2.587,-1.03,0.032,0,deployment
DP-N-2949,2.404,-0.305,0.045,0,deployment
DP-N-0420,1.222,0.328,0.04,0,deployment
DP-N-2566,1.348,-0.948,0.032,0,deployment
DP-N-1336,2.325,-3.845,0.047,0,deployment
DP-N-1570,1.33,2.733,0.035,0,deployment
DP-N-1524,1.203,2.856,0.032,0,deployment
DP-N-3086,2.121,-2.344,0.048,0,deployment
DP-N-2645,2.142,-2.398,0.021,0,deployment
DP-N-0005,2.711,-0.935,0.033,0,deployment
DP-N-3131,1.138,0.917,0.058,0,deployment
DP-N-3246,1.797,4.758,0.029,0,deployment
DP-N-3267,1.675,4.323,0.043,0,deployment
DP-N-0653,2.297,1.67,0.043,0,deployment
DP-N-0092,1.819,-0.419,0.016,0,deployment
DP-N-3055,2.001,-2.564,0.033,0,deployment
DP-N-0879,1.089,6.373,0.038,0,deployment
DP-N-2387,1.649,1.363,0.03,0,deployment
DP-N-2035,1.748,1.115,0.038,0,deployment
DP-N-3432,2.289,-0.308,0.03,0,deployment
DP-N-1386,1.92,-1.89,0.049,0,deployment
DP-N-2086,1.805,2.95,0.047,0,deployment
DP-N-2079,1.08,0.401,0.028,0,deployment
DP-N-0356,1.604,2.025,0.033,0,deployment
DP-N-0979,1.224,0.365,0.042,0,deployment
DP-N-2234,1.802,-0.64,0.033,0,deployment
DP-N-0955,2.386,4.538,0.037,0,deployment
DP-R-0117,3.246,-2.401,0.051,1,deployment
DP-N-0091,2.484,-0.994,0.033,0,deployment
DP-N-2494,1.604,1.484,0.047,0,deployment
DP-N-1527,1.723,0.638,0.034,0,deployment
DP-N-1659,1.682,2.574,0.026,0,deployment
DP-N-2613,1.797,1.54,0.033,0,deployment
DP-N-1549,2.322,2.653,0.043,0,deployment
DP-N-1976,1.766,1.22,0.043,0,deployment
DP-R-0103,4.817,2.255,0.07,1,deployment
DP-N-1162,1.523,-1.573,0.053,0,deployment
DP-N-1625,3.003,5.167,0.047,0,deployment
DP-N-3435,1.124,0.742,0.043,0,deployment
DP-N-0378,2.791,1.905,0.045,0,deployment
DP-R-0106,3.736,7.929,0.071,1,deployment
DP-N-0463,1.903,0.091,0.057,0,deployment
DP-N-2354,1.91,-1.409,0.043,0,deployment
DP-R-0049,2.83,6.099,0.067,1,deployment
DP-N-1319,1.764,0.31,0.051,0,deployment
DP-N-0345,1.913,-0.402,0.032,0,deployment
DP-N-3515,0.873,-2.177,0.047,0,deployment
DP-N-1735,1.164,4.096,0.026,0,deployment
DP-N-1333,2.209,-0.443,0.056,0,deployment
DP-N-1393,2.846,-3.388,0.042,0,deployment
DP-N-1957,2.014,-0.55,0.036,0,deployment
DP-N-2400,1.937,-0.093,0.018,0,deployment
DP-N-3281,1.417,-5.089,0.037,0,deployment
DP-N-0927,1.886,1.136,0.06,0,deployment
DP-N-1012,2.427,2.117,0.043,0,deployment
DP-N-1582,1.776,-2.539,0.049,0,deployment
DP-N-2530,2.25,5.77,0.043,0,deployment
DP-N-1864,0.596,6.207,0.048,0,deployment
DP-N-2136,1.828,-0.121,0.049,0,deployment
DP-N-1631,2.219,0.584,0.027,0,deployment
DP-N-2790,2.322,-0.011,0.058,0,deployment
DP-N-1969,2.645,-4.434,0.057,0,deployment
DP-N-3052,2.239,0.47,0.042,0,deployment
DP-N-2991,0.55,0.975,0.052,0,deployment
DP-N-1634,1.362,-1.86,0.038,0,deployment
DP-N-2997,1.765,-0.034,0.033,0,deployment
DP-N-3641,1.783,1.405,0.042,0,deployment
DP-N-0396,1.784,6.142,0.05,0,deployment
DP-N-1940,1.244,2.442,0.043,0,deployment
DP-N-2413,2.013,-3.193,0.037,0,deployment
DP-N-0080,1.612,5.219,0.063,0,deployment
DP-N-3681,1.686,-5.293,0.039,0,deployment
DP-N-2792,2.49,-1.872,0.034,0,deployment
DP-N-2553,1.271,-2.514,0.064,0,deployment
DP-N-0160,2.093,-2.154,0.03,0,deployment
DP-N-0397,0.875,1.165,0.068,0,deployment
DP-N-2293,1.393,3.593,0.044,0,deployment
DP-N-1481,2.329,5.714,0.039,0,deployment
DP-N-2465,2.214,2.538,0.042,0,deployment
DP-N-3108,0.773,-0.23,0.023,0,deployment
DP-N-1155,2.419,-1.197,0.038,0,deployment
DP-N-0429,2.451,-0.269,0.037,0,deployment
DP-N-0210,1.865,-1.647,0.038,0,deployment
DP-N-1491,1.315,1.304,0.024,0,deployment
DP-N-2986,1.197,0.984,0.018,0,deployment
DP-R-0076,2.833,9.813,0.073,1,deployment
DP-N-1863,1.39,-0.737,0.035,0,deployment
DP-N-0088,2.71,-3.063,0.047,0,deployment
DP-N-3017,1.175,3.509,0.055,0,deployment
DP-N-0805,1.901,2.274,0.03,0,deployment
DP-N-1122,1.33,-1.621,0.057,0,deployment
DP-N-1977,1.522,4.078,0.04,0,deployment
DP-N-0033,0.768,1.14,0.064,0,deployment
DP-N-1435,1.424,3.094,0.033,0,deployment
DP-R-0132,3.52,8.632,0.071,1,deployment
DP-N-2442,1.578,2.768,0.025,0,deployment
DP-N-2685,1.464,-2.985,0.047,0,deployment
DP-N-0536,1.089,4.517,0.047,0,deployment
DP-N-3201,2.064,-1.693,0.049,0,deployment
DP-N-3249,1.525,4.613,0.022,0,deployment
DP-N-0612,2.282,-0.092,0.055,0,deployment
DP-N-1008,2.649,4.443,0.026,0,deployment
DP-N-0339,2.147,-0.301,0.047,0,deployment
DP-N-0481,1.611,3.55,0.027,0,deployment
DP-N-1773,1.971,4.301,0.045,0,deployment
DP-N-3580,2.48,-2.781,0.049,0,deployment
DP-N-1677,1.224,0.799,0.035,0,deployment
DP-N-2458,0.66,-2.63,0.023,0,deployment
DP-R-0154,3.396,10.405,0.054,1,deployment
DP-N-2831,1.569,-1.42,0.038,0,deployment
DP-N-2493,1.317,-1.626,0.044,0,deployment
DP-N-2944,1.376,-3.085,0.052,0,deployment
DP-N-3268,1.276,-1.741,0.031,0,deployment
DP-N-1869,1.298,2.537,0.026,0,deployment
DP-N-0310,1.507,-2.681,0.047,0,deployment
DP-R-0099,4.013,9.473,0.083,1,deployment
DP-N-0094,1.778,3.174,0.048,0,deployment
DP-N-1906,2.792,-0.672,0.052,0,deployment
DP-N-3353,0.772,0.784,0.035,0,deployment
DP-N-3627,1.109,0.245,0.055,0,deployment
DP-N-0383,2.657,-4.737,0.053,0,deployment
DP-N-0824,1.754,-2.12,0.038,0,deployment
DP-N-3573,2.093,-2.916,0.063,0,deployment
DP-N-2299,2.099,4.397,0.06,0,deployment
DP-N-3394,1.941,1.988,0.046,0,deployment
DP-N-1836,1.787,3.447,0.043,0,deployment
DP-N-3057,1.039,-3.625,0.041,0,deployment
DP-N-0449,2.132,-0.957,0.042,0,deployment
DP-N-3488,1.842,3.803,0.046,0,deployment
DP-N-2316,1.949,1.631,0.037,0,deployment
DP-N-2615,1.065,-0.291,0.044,0,deployment
DP-N-3609,1.851,4.859,0.027,0,deployment
DP-N-2658,1.095,1.704,0.034,0,deployment
DP-N-2285,1.168,-1.394,0.025,0,deployment
DP-N-2857,2.053,0.423,0.022,0,deployment
DP-N-1181,1.531,1.703,0.047,0,deployment
DP-N-3034,1.428,4.322,0.04,0,deployment
DP-N-2340,1.796,-0.571,0.03,0,deployment
DP-N-2888,1.86,-4.009,0.034,0,deployment
DP-N-1335,1.812,4.826,0.037,0,deployment
DP-N-3370,1.568,0.428,0.023,0,deployment
DP-N-0058,1.747,1.049,0.029,0,deployment
DP-N-1996,1.679,-1.156,0.044,0,deployment
DP-N-2164,2.314,1.96,0.036,0,deployment
DP-N-1394,2.506,1.845,0.025,0,deployment
DP-N-1098,1.626,0.713,0.021,0,deployment
DP-N-0784,2.422,-2.283,0.032,0,deployment
DP-N-3548,2.099,1.298,0.041,0,deployment
DP-N-2463,2.193,0.045,0.054,0,deployment
DP-N-2082,2.605,3.141,0.044,0,deployment
DP-N-2080,1.335,-4.219,0.067,0,deployment
DP-N-1920,2.138,4.227,0.051,0,deployment
DP-N-0874,1.663,4.478,0.065,0,deployment
DP-N-0223,2.964,-3.904,0.048,0,deployment
DP-N-0854,2.017,-2.835,0.031,0,deployment
DP-N-0362,1.715,-2.989,0.022,0,deployment
DP-N-0198,3.293,-2.908,0.027,0,deployment
DP-N-1590,3.063,1.714,0.04,0,deployment
DP-N-2048,1.953,4.401,0.025,0,deployment
DP-N-1051,2.354,-2.542,0.038,0,deployment
DP-N-0315,1.677,-0.984,0.025,0,deployment
DP-N-0611,2.032,-3.134,0.036,0,deployment
DP-N-0949,1.572,-0.839,0.053,0,deployment
DP-N-1639,1.561,-1.987,0.07,0,deployment
DP-N-2204,0.721,1.354,0.065,0,deployment
DP-N-3701,0.426,-2.362,0.069,0,deployment
DP-N-1585,2.122,0.275,0.048,0,deployment
DP-N-1219,0.964,-1.47,0.037,0,deployment
DP-N-1315,1.999,5.451,0.029,0,deployment
DP-N-0860,2.199,-1.752,0.061,0,deployment
DP-N-3156,0.438,-2.656,0.061,0,deployment
DP-N-1431,1.073,-1.139,0.049,0,deployment
DP-N-3415,2.397,-1.834,0.017,0,deployment
DP-N-0678,1.467,-6.831,0.034,0,deployment
DP-N-2730,2.23,2.6,0.043,0,deployment
DP-N-0075,2.058,3.613,0.047,0,deployment
DP-N-0847,1.507,1.99,0.057,0,deployment
DP-N-0184,2.302,1.221,0.033,0,deployment
DP-N-3570,1.119,-0.039,0.036,0,deployment
DP-N-2956,1.865,-3.198,0.051,0,deployment
DP-N-1679,1.814,-1.814,0.018,0,deployment
DP-N-2519,1.874,2.831,0.063,0,deployment
DP-N-3312,2.069,1.932,0.062,0,deployment
DP-N-0488,2.503,-5.188,0.035,0,deployment
DP-N-1856,2.484,2.274,0.035,0,deployment
DP-N-0335,1.994,1.917,0.036,0,deployment
DP-N-0328,0.617,-0.429,0.034,0,deployment
DP-N-0317,1.589,3.826,0.06,0,deployment
DP-N-0987,2.2,2.011,0.028,0,deployment
DP-N-1542,1.799,-0.864,0.039,0,deployment
DP-N-1452,1.185,-0.144,0.052,0,deployment
DP-N-2143,1.067,3.13,0.032,0,deployment
DP-N-0340,0.696,-5.109,0.025,0,deployment
DP-N-0707,1.152,6.138,0.033,0,deployment
DP-N-1311,1.203,1.224,0.056,0,deployment
DP-N-2294,1.514,1.342,0.056,0,deployment
DP-N-2307,1.689,-5.062,0.039,0,deployment
DP-N-1338,1.866,5.56,0.026,0,deployment
DP-N-1168,1.813,-1.297,0.032,0,deployment
DP-N-0498,1.731,1.032,0.025,0,deployment
DP-N-2023,2.342,-0.58,0.007,0,deployment
DP-R-0047,3.282,8.634,0.06,1,deployment
DP-N-0714,2.174,1.116,0.043,0,deployment
DP-N-0082,1.341,-0.61,0.062,0,deployment
DP-N-2818,2.224,3.346,0.069,0,deployment
DP-N-2188,1.329,-3.245,0.019,0,deployment
DP-N-2587,2.229,-3.762,0.015,0,deployment
DP-N-1934,2.153,7.268,0.062,0,deployment
DP-N-2492,1.654,-5.484,0.044,0,deployment
DP-N-3326,2.011,-0.531,0.039,0,deployment
DP-N-0277,2.34,3.318,0.052,0,deployment
DP-R-0176,3.548,7.421,0.053,1,deployment
DP-N-1684,2.078,1.951,0.038,0,deployment
DP-N-1612,1.826,1.077,0.022,0,deployment
DP-N-2241,2.533,0.836,0.042,0,deployment
DP-N-3452,1.399,4.719,0.058,0,deployment
DP-N-2275,0.445,-3.387,0.035,0,deployment
DP-R-0128,2.32,6.522,0.06,1,deployment
DP-N-0646,1.096,4.089,0.063,0,deployment
DP-N-1483,1.053,3.884,0.052,0,deployment
DP-N-2752,1.451,-0.28,0.046,0,deployment
DP-N-0512,2.15,5.397,0.036,0,deployment
DP-N-2742,1.16,-2.183,0.022,0,deployment
DP-N-3788,1.423,3.26,0.051,0,deployment
DP-N-0321,1.804,-2.805,0.034,0,deployment
DP-N-3633,0.844,1.213,0.043,0,deployment
DP-N-0382,2.049,0.377,0.059,0,deployment
DP-N-2608,1.67,5.344,0.034,0,deployment
DP-N-1381,2.453,-0.096,0.05,0,deployment
DP-N-2883,2.005,-3.8,0.063,0,deployment
DP-N-1571,1.302,3.205,0.055,0,deployment
DP-N-0914,1.399,-1.632,0.055,0,deployment
DP-N-3335,1.374,-1.068,0.026,0,deployment
DP-N-0151,1.884,-1.395,0.054,0,deployment
DP-N-1573,0.483,-0.358,0.065,0,deployment
DP-N-2313,0.699,1.897,0.045,0,deployment
DP-N-2424,2.365,0.053,0.04,0,deployment
DP-N-2084,2.481,-1.121,0.045,0,deployment
DP-N-1831,1.347,5.402,0.058,0,deployment
DP-N-1072,2.279,0.323,0.024,0,deployment
DP-N-3619,2.241,-0.164,0.063,0,deployment
DP-N-2221,2.133,-1.055,0.046,0,deployment
DP-N-0302,1.591,2.323,0.033,0,deployment
DP-N-0680,1.049,-0.593,0.054,0,deployment
DP-N-1732,1.968,4.608,0.034,0,deployment
DP-R-0015,4.064,11.78,0.108,1,deployment
DP-N-3080,2.071,3.397,0.04,0,deployment
DP-N-1358,2.376,-0.87,0.016,0,deployment
DP-N-3193,0.948,-0.556,0.037,0,deployment
DP-N-2098,1.836,0.525,0.03,0,deployment
DP-N-2520,2.526,-1.749,0.048,0,deployment
DP-N-3118,1.851,5.661,0.06,0,deployment
DP-N-0038,1.124,-2.433,0.061,0,deployment
DP-N-2702,2.246,1.053,0.044,0,deployment
DP-N-0747,1.806,1.148,0.032,0,deployment
DP-N-2595,2.611,-3.886,0.063,0,deployment
DP-N-0497,1.618,-1.649,0.021,0,deployment
DP-N-2305,2.207,-2.016,0.056,0,deployment
DP-N-2620,1.995,-3.165,0.059,0,deployment
DP-N-0258,2.132,-3.512,0.022,0,deployment
DP-N-2452,1.958,-1.852,0.043,0,deployment
DP-N-2105,1.959,-2.071,0.037,0,deployment
DP-R-0050,3.965,16.793,0.08,1,deployment
DP-N-1642,1.349,0.883,0.033,0,deployment
DP-N-2323,2.288,-2.397,0.03,0,deployment
DP-N-0628,1.577,4.617,0.032,0,deployment
DP-N-2732,1.126,1.092,0.055,0,deployment
DP-N-0760,1.241,1.409,0.07,0,deployment
DP-N-3591,1.46,3.229,0.05,0,deployment
DP-N-3588,1.973,-0.23,0.042,0,deployment
DP-N-0862,1.982,4.909,0.028,0,deployment
DP-N-0660,1.335,3.81,0.031,0,deployment
DP-N-1708,1.752,0.877,0.021,0,deployment
DP-N-1813,1.327,-1.084,0.052,0,deployment
DP-N-0785,2.015,0.496,0.017,0,deployment
DP-N-3285,1.598,-0.972,0.034,0,deployment
DP-N-1188,1.759,-3.343,0.033,0,deployment
DP-N-1586,2.58,-0.537,0.032,0,deployment
DP-N-2547,2.147,6.538,0.047,0,deployment
DP-N-3630,1.854,0.077,0.04,0,deployment
DP-N-3069,2.423,2.312,0.029,0,deployment
DP-N-3770,1.318,1.573,0.054,0,deployment
DP-N-3756,1.948,-0.493,0.023,0,deployment
DP-N-2015,1.796,-0.512,0.047,0,deployment
DP-N-3175,2.515,3.721,0.042,0,deployment
DP-N-1376,1.928,-0.455,0.055,0,deployment
DP-R-0151,3.109,1.167,0.1,1,deployment
DP-N-0140,1.814,0.419,0.045,0,deployment
DP-R-0040,2.461,7.435,0.096,1,deployment
DP-R-0199,2.584,7.42,0.082,1,deployment
DP-N-2575,1.815,-1.452,0.055,0,deployment
DP-N-1975,0.96,1.782,0.041,0,deployment
DP-N-1622,2.537,-1.189,0.045,0,deployment
DP-N-2119,1.622,0.903,0.03,0,deployment
DP-N-0893,2.102,-2.409,0.033,0,deployment
DP-N-1204,1.816,3.314,0.039,0,deployment
DP-N-3716,1.931,5.54,0.031,0,deployment
DP-N-0918,2.581,3.377,0.046,0,deployment
DP-N-2848,2.183,-0.484,0.031,0,deployment
DP-N-3143,2.018,-2.407,0.05,0,deployment
DP-N-1133,0.683,3.858,0.036,0,deployment
DP-N-0913,1.555,-1.81,0.051,0,deployment
DP-N-2625,1.515,-1.208,0.031,0,deployment
DP-N-2924,2.745,0.499,0.024,0,deployment
DP-N-0973,1.4,0.257,0.05,0,deployment
DP-R-0060,2.848,10.102,0.061,1,deployment
DP-N-0833,0.669,-2.006,0.042,0,deployment
DP-N-2370,1.701,-1.301,0.032,0,deployment
DP-N-1641,2.544,0.297,0.045,0,deployment
DP-N-1700,1.547,2.757,0.025,0,deployment
DP-N-2757,1.328,4.578,0.027,0,deployment
DP-N-0599,1.867,1.13,0.029,0,deployment
DP-N-3447,2.185,-3.779,0.049,0,deployment
DP-N-1552,2.19,2.831,0.032,0,deployment
DP-N-0756,1.768,1.644,0.037,0,deployment
DP-N-1407,1.928,0.724,0.057,0,deployment
DP-N-3734,2.566,2.513,0.054,0,deployment
DP-N-0889,2.103,1.648,0.031,0,deployment
DP-N-2329,1.429,0.506,0.046,0,deployment
DP-N-1337,2.134,2.508,0.051,0,deployment
DP-N-3240,1.697,-1.292,0.039,0,deployment
DP-N-1861,1.988,-6.229,0.042,0,deployment
DP-N-0077,2.283,2.885,0.035,0,deployment
DP-N-0438,1.445,-0.63,0.054,0,deployment
DP-N-3078,2.173,-1.866,0.035,0,deployment
DP-N-1379,1.384,-0.943,0.048,0,deployment
DP-N-2496,2.429,-3.115,0.037,0,deployment
DP-N-1242,1.61,-1.589,0.05,0,deployment
DP-N-2866,2.272,1.824,0.057,0,deployment
DP-N-2711,1.663,0.894,0.059,0,deployment
DP-N-3386,2.894,-4.109,0.054,0,deployment
DP-N-0323,2.807,-2.729,0.008,0,deployment
DP-N-0935,1.247,1.251,0.051,0,deployment
DP-N-0194,1.953,-3.55,0.025,0,deployment
DP-N-0086,0.84,1.586,0.044,0,deployment
DP-N-1945,0.988,-0.985,0.046,0,deployment
DP-N-1691,1.684,3.615,0.046,0,deployment
DP-N-0892,1.388,-0.157,0.056,0,deployment
DP-N-2482,2.011,0.866,0.015,0,deployment
DP-N-0899,1.283,-5.417,0.037,0,deployment
DP-N-0557,1.746,-2.257,0.015,0,deployment
DP-N-1980,2.035,-1.151,0.034,0,deployment
DP-N-0348,1.598,-1.911,0.027,0,deployment
DP-N-3550,1.977,1.03,0.049,0,deployment
DP-N-2996,2.04,1.291,0.031,0,deployment
DP-N-0823,1.275,0.765,0.046,0,deployment
DP-N-0959,1.648,-1.373,0.029,0,deployment
DP-N-2470,2.733,0.617,0.04,0,deployment
DP-N-2328,1.654,1.089,0.052,0,deployment
DP-N-3221,2.245,1.726,0.043,0,deployment
DP-N-3354,1.634,2.239,0.039,0,deployment
DP-N-0197,2.229,3.551,0.046,0,deployment
DP-N-3329,2.328,4.314,0.056,0,deployment
DP-N-1331,0.795,4.147,0.013,0,deployment
DP-N-1451,1.48,-4.538,0.035,0,deployment
DP-N-1446,0.807,-1.456,0.041,0,deployment
DP-N-0270,1.895,2.531,0.058,0,deployment
DP-N-0392,1.435,-0.97,0.054,0,deployment
DP-N-3600,1.781,-0.157,0.037,0,deployment
DP-N-2926,0.91,-1.02,0.044,0,deployment
DP-N-1722,1.63,2.224,0.045,0,deployment
DP-N-1378,2.657,1.042,0.031,0,deployment
DP-N-3242,1.943,2.46,0.012,0,deployment
DP-N-0453,2.431,-5.091,0.028,0,deployment
DP-N-1802,2.427,-2.602,0.029,0,deployment
DP-N-1979,1.689,1.386,0.023,0,deployment
DP-R-0163,2.763,0.096,0.024,1,deployment
DP-N-0753,1.476,-2.338,0.045,0,deployment
DP-N-2224,1.952,-2.423,0.036,0,deployment
DP-N-1143,0.735,-1.764,0.034,0,deployment
DP-N-3425,1.644,-4.402,0.055,0,deployment
DP-N-1546,2.325,1.366,0.04,0,deployment
DP-N-0049,2.391,3.951,0.033,0,deployment
DP-N-0915,1.741,-0.711,0.05,0,deployment
DP-N-2932,2.362,1.048,0.038,0,deployment
DP-N-2770,2.415,1.293,0.037,0,deployment
DP-N-2067,0.911,-0.223,0.039,0,deployment
DP-N-1462,1.504,3.264,0.035,0,deployment
DP-N-1744,1.789,1.482,0.054,0,deployment
DP-N-0941,1.514,0.169,0.03,0,deployment
DP-N-0863,0.988,-2.02,0.048,0,deployment
DP-N-1872,0.883,5.533,0.027,0,deployment
DP-N-1388,1.827,3.027,0.03,0,deployment
DP-N-0938,1.177,4.005,0.056,0,deployment
DP-N-2939,1.391,1.75,0.04,0,deployment
DP-N-1217,1.372,5.904,0.054,0,deployment
DP-N-1032,1.468,0.285,0.041,0,deployment
DP-N-1384,1.502,1.382,0.047,0,deployment
DP-N-2578,1.995,0.452,0.039,0,deployment
DP-N-3616,0.741,-1.808,0.045,0,deployment
DP-N-1886,1.25,-1.306,0.046,0,deployment
DP-N-0996,1.956,3.754,0.034,0,deployment
DP-N-0003,1.697,3.393,0.024,0,deployment
DP-N-0712,1.719,1.552,0.033,0,deployment
DP-N-3388,1.8,0.964,0.046,0,deployment
DP-N-2694,1.752,-2.036,0.034,0,deployment
DP-N-3551,1.243,-3.422,0.051,0,deployment
DP-N-2158,2.014,-0.193,0.047,0,deployment
DP-N-0782,2.327,-4.42,0.017,0,deployment
DP-N-0990,1.785,-1.477,0.038,0,deployment
DP-N-2865,1.23,0.411,0.017,0,deployment
DP-N-0749,2.113,4.232,0.044,0,deployment
DP-N-2056,2.198,4.839,0.055,0,deployment
DP-N-0279,1.834,-1.442,0.043,0,deployment
DP-N-2237,1.157,-0.078,0.034,0,deployment
DP-N-1159,0.712,5.011,0.03,0,deployment
DP-N-3090,2.069,-2.767,0.039,0,deployment
DP-N-2092,2.181,-1.222,0.039,0,deployment
DP-N-3762,1.871,2.952,0.031,0,deployment
DP-N-0809,1.704,0.35,0.053,0,deployment
DP-N-2461,1.634,-1.388,0.037,0,deployment
DP-N-3155,1.355,-6.45,0.008,0,deployment
DP-N-0145,3.509,-0.657,0.028,0,deployment
DP-N-2073,0.779,4.911,0.05,0,deployment
DP-N-0457,1.647,-2.392,0.02,0,deployment
DP-N-0521,1.902,-2.974,0.038,0,deployment
DP-N-3180,1.963,4.264,0.036,0,deployment
DP-N-3072,1.015,-1.017,0.046,0,deployment
DP-R-0144,4.035,14.722,0.072,1,deployment
DP-N-0876,2.281,-4.074,0.04,0,deployment
DP-N-3711,2.327,-1.522,0.039,0,deployment
DP-N-0002,1.325,1.254,0.036,0,deployment
DP-N-2450,2.406,4.453,0.011,0,deployment
DP-N-1429,2.173,0.977,0.021,0,deployment
DP-N-1503,1.778,-2.618,0.025,0,deployment
DP-N-3753,2.261,2.002,0.034,0,deployment
DP-N-1140,1.495,-2.262,0.046,0,deployment
DP-N-3430,1.804,-0.668,0.042,0,deployment
DP-N-3237,2.323,-0.758,0.031,0,deployment
DP-N-0276,1.542,-3.859,0.027,0,deployment
DP-N-0375,2.402,2.782,0.054,0,deployment
DP-N-3781,2.678,-0.516,0.045,0,deployment
DP-N-3738,1.954,-0.182,0.056,0,deployment
DP-N-1067,1.283,0.586,0.063,0,deployment
DP-N-2038,2.159,-2.401,0.05,0,deployment
DP-N-1854,1.738,-1.357,0.038,0,deployment
DP-N-1786,1.775,-1.955,0.033,0,deployment
DP-N-2599,1.813,-0.58,0.04,0,deployment
DP-N-2355,2.851,0.321,0.044,0,deployment
DP-N-0259,3.122,-0.953,0.049,0,deployment
DP-N-1666,2.123,-4.287,0.061,0,deployment
DP-N-0658,2.895,1.505,0.055,0,deployment
DP-N-1144,1.682,-0.997,0.032,0,deployment
DP-N-0584,1.882,-1.136,0.04,0,deployment
DP-N-2911,2.522,3.311,0.05,0,deployment
DP-N-1474,2.004,0.663,0.051,0,deployment
DP-N-3300,1.223,0.649,0.041,0,deployment
DP-N-0606,2.106,1.145,0.044,0,deployment
DP-R-0024,1.488,9.071,0.059,1,deployment
DP-N-0467,1.394,-0.514,0.046,0,deployment
DP-N-2004,2.399,-2.776,0.036,0,deployment
DP-N-0462,1.973,-0.226,0.027,0,deployment
DP-N-2947,1.393,-0.716,0.025,0,deployment
DP-N-0743,2.054,-4.219,0.037,0,deployment
DP-N-0734,1.491,2.177,0.044,0,deployment
DP-N-0601,1.573,2.577,0.031,0,deployment
DP-N-3490,1.551,-3.627,0.035,0,deployment
DP-N-0496,2.097,-0.087,0.02,0,deployment
DP-N-0427,2.911,-0.028,0.043,0,deployment
DP-R-0045,2.512,10.471,0.084,1,deployment
DP-N-2722,1.969,-4.469,0.029,0,deployment
DP-N-3714,0.6,1.405,0.051,0,deployment
DP-N-1146,2.064,4.219,0.038,0,deployment
DP-N-1341,1.271,5.506,0.045,0,deployment
DP-N-0969,2.395,3.205,0.059,0,deployment
DP-N-0185,2.352,-4.157,0.026,0,deployment
DP-N-0632,1.664,-1.94,0.033,0,deployment
DP-N-1784,1.54,-3.232,0.031,0,deployment
DP-N-1587,2.382,-1.931,0.033,0,deployment
DP-N-0667,1.753,5.46,0.054,0,deployment
DP-N-2265,2.651,5.075,0.04,0,deployment
DP-N-2059,1.567,1.676,0.024,0,deployment
DP-N-2583,2.435,-0.828,0.056,0,deployment
DP-N-0625,2.347,5.125,0.042,0,deployment
DP-N-1203,1.627,-3.064,0.047,0,deployment
DP-N-1405,2.11,2.199,0.045,0,deployment
DP-N-1211,1.902,-1.313,0.018,0,deployment
DP-N-2489,0.961,2.005,0.05,0,deployment
DP-N-0801,2.197,3.918,0.028,0,deployment
DP-N-3476,1.001,-3.887,0.022,0,deployment
DP-N-2447,2.396,-2.414,0.045,0,deployment
DP-N-2748,1.506,-0.606,0.053,0,deployment
DP-N-2948,1.608,0.689,0.047,0,deployment
DP-N-0806,2.588,1.138,0.041,0,deployment
DP-N-3087,2.07,1.388,0.038,0,deployment
DP-N-1675,1.954,-1.717,0.038,0,deployment
DP-N-2298,2.273,-3.878,0.039,0,deployment
DP-N-2546,1.594,-0.836,0.039,0,deployment
DP-N-0560,1.117,-3.854,0.04,0,deployment
DP-N-1063,1.781,0.946,0.035,0,deployment
DP-R-0164,2.951,-2.926,0.044,1,deployment
DP-N-2740,1.303,1.29,0.043,0,deployment
DP-N-1100,2.313,-2.558,0.059,0,deployment
DP-N-0191,2.364,3.03,0.054,0,deployment
DP-N-3687,0.924,-7.645,0.046,0,deployment
DP-N-1566,2.095,-0.099,0.033,0,deployment
DP-N-1719,2.295,-1.123,0.042,0,deployment
DP-N-1514,2.849,-2.034,0.033,0,deployment
DP-N-0683,0.728,0.877,0.03,0,deployment
DP-N-3656,2.463,-0.669,0.036,0,deployment
DP-N-2960,1.412,-0.43,0.061,0,deployment
DP-N-3703,2.138,0.232,0.053,0,deployment
DP-N-1437,1.292,-3.155,0.018,0,deployment
DP-N-1009,1.445,-3.279,0.051,0,deployment
DP-N-0762,2.015,-0.142,0.048,0,deployment
DP-R-0039,4.228,5.303,0.082,1,deployment
DP-N-0518,2.186,2.724,0.034,0,deployment
DP-N-3626,2.198,-4.069,0.042,0,deployment
DP-N-1511,2.627,1.764,0.024,0,deployment
DP-N-2778,1.814,-1.339,0.025,0,deployment
DP-N-0401,3.0,2.87,0.037,0,deployment
DP-N-2788,1.8,0.526,0.018,0,deployment
DP-N-3437,1.284,3.671,0.04,0,deployment
DP-R-0161,4.878,13.572,0.052,1,deployment
DP-N-2457,1.603,-0.645,0.017,0,deployment
DP-N-3095,2.523,-2.06,0.053,0,deployment
DP-N-3165,1.453,2.17,0.063,0,deployment
DP-N-2256,1.609,0.63,0.032,0,deployment
DP-N-1796,1.763,2.512,0.041,0,deployment
DP-N-2541,2.509,1.833,0.025,0,deployment
DP-N-0433,1.115,0.478,0.033,0,deployment
DP-N-2027,1.677,-1.444,0.018,0,deployment
DP-R-0156,3.477,8.139,0.045,1,deployment
DP-N-2679,2.555,-3.367,0.042,0,deployment
DP-N-0004,0.554,-1.92,0.067,0,deployment
DP-N-3149,2.156,0.045,0.037,0,deployment
DP-N-0169,2.405,-0.505,0.042,0,deployment
DP-N-2120,1.836,3.502,0.024,0,deployment
DP-N-3765,1.844,-1.053,0.036,0,deployment
DP-N-2484,1.823,2.674,0.037,0,deployment
DP-N-0234,1.522,0.913,0.059,0,deployment
DP-N-2989,2.096,0.379,0.035,0,deployment
DP-N-3523,1.272,-0.284,0.042,0,deployment
DP-N-0539,0.657,2.644,0.043,0,deployment
DP-N-2319,1.883,-4.218,0.036,0,deployment
DP-N-2135,0.686,0.07,0.045,0,deployment
DP-N-2771,2.393,0.934,0.014,0,deployment
DP-N-1867,1.391,2.182,0.036,0,deployment
DP-N-2875,1.018,-0.888,0.063,0,deployment
DP-N-0138,0.586,-0.684,0.03,0,deployment
DP-N-3530,1.602,-4.114,0.044,0,deployment
DP-N-2165,1.327,-0.694,0.041,0,deployment
DP-N-1039,1.661,-0.62,0.024,0,deployment
DP-N-1584,2.012,-4.147,0.035,0,deployment
DP-R-0079,3.573,9.659,0.079,1,deployment
DP-N-2537,1.934,-0.663,0.036,0,deployment
DP-N-1096,1.477,2.876,0.041,0,deployment
DP-N-2332,2.156,2.934,0.034,0,deployment
DP-N-1816,2.871,1.241,0.024,0,deployment
DP-N-2739,1.736,2.196,0.031,0,deployment
DP-N-2104,2.186,4.383,0.033,0,deployment
DP-N-3653,0.578,1.409,0.046,0,deployment
DP-N-1210,1.953,7.235,0.053,0,deployment
DP-N-2616,1.759,4.877,0.049,0,deployment
DP-N-0888,1.582,-7.392,0.032,0,deployment
DP-R-0184,4.841,2.157,0.027,1,deployment
DP-N-3014,2.125,-1.627,0.049,0,deployment
DP-N-0333,2.234,0.87,0.032,0,deployment
DP-N-1913,1.101,-4.896,0.052,0,deployment
DP-N-1136,1.268,4.501,0.016,0,deployment
DP-N-0159,2.43,-4.201,0.012,0,deployment
DP-N-2448,0.765,-0.927,0.043,0,deployment
DP-N-1325,1.872,-0.426,0.041,0,deployment
DP-N-3336,2.412,-2.121,0.038,0,deployment
DP-N-1865,1.759,5.977,0.033,0,deployment
DP-N-0951,1.206,-7.242,0.041,0,deployment
DP-N-2103,1.178,-3.207,0.035,0,deployment
DP-N-3445,1.936,0.979,0.042,0,deployment
DP-R-0061,1.253,6.21,0.051,1,deployment
DP-N-0435,2.212,-4.142,0.03,0,deployment
DP-N-1668,0.877,6.29,0.038,0,deployment
DP-N-3536,0.841,-0.009,0.033,0,deployment
DP-N-2009,1.075,3.623,0.053,0,deployment
DP-R-0088,4.023,-0.622,0.076,1,deployment
DP-N-1418,1.251,3.504,0.05,0,deployment
DP-N-3101,2.246,-0.199,0.04,0,deployment
DP-N-0629,1.32,-0.218,0.047,0,deployment
DP-N-2728,0.725,4.432,0.056,0,deployment
DP-N-1714,1.478,1.191,0.063,0,deployment
DP-N-1724,2.805,0.918,0.052,0,deployment
DP-N-1366,2.636,3.201,0.042,0,deployment
DP-N-1117,1.094,0.756,0.046,0,deployment
DP-N-1776,1.525,0.421,0.068,0,deployment
DP-N-0900,1.447,0.918,0.036,0,deployment
DP-N-0659,1.23,2.555,0.049,0,deployment
DP-N-3171,1.625,-0.507,0.021,0,deployment
DP-N-3461,1.934,-2.311,0.049,0,deployment
DP-N-0688,2.405,-3.527,0.034,0,deployment
DP-N-0170,1.795,5.295,0.018,0,deployment
DP-N-2246,2.344,-0.021,0.055,0,deployment
DP-N-2403,2.335,-2.728,0.042,0,deployment
DP-N-2994,1.486,-1.574,0.038,0,deployment
DP-N-0385,2.739,2.661,0.054,0,deployment
DP-N-3323,2.343,1.028,0.035,0,deployment
DP-N-3022,1.44,-2.207,0.03,0,deployment
DP-N-1469,2.104,-5.63,0.058,0,deployment
DP-N-1523,2.458,0.954,0.05,0,deployment
DP-N-1034,2.217,4.842,0.032,0,deployment
DP-N-3438,1.946,1.583,0.038,0,deployment
DP-N-3092,2.175,2.993,0.011,0,deployment
DP-N-0965,1.042,0.891,0.023,0,deployment
DP-N-1829,1.539,2.484,0.035,0,deployment
DP-N-3555,2.77,3.122,0.039,0,deployment
DP-N-3397,2.639,-4.48,0.018,0,deployment
DP-N-3100,2.282,3.334,0.05,0,deployment
DP-N-1952,1.419,2.244,0.047,0,deployment
DP-N-0505,2.142,2.889,0.034,0,deployment
DP-N-3468,1.909,-5.061,0.064,0,deployment
DP-N-3294,1.882,1.464,0.023,0,deployment
DP-N-1502,1.599,0.106,0.057,0,deployment
DP-N-3581,3.062,2.036,0.031,0,deployment
DP-N-2633,1.766,0.499,0.03,0,deployment
DP-N-1557,1.34,2.785,0.039,0,deployment
DP-N-0227,1.387,2.55,0.04,0,deployment
DP-N-1569,1.779,6.355,0.047,0,deployment
DP-N-1272,1.826,-3.48,0.041,0,deployment
DP-N-2890,2.831,-0.736,0.037,0,deployment
DP-N-3320,0.965,2.713,0.028,0,deployment
DP-N-2173,2.157,-0.248,0.034,0,deployment
DP-N-1406,1.387,-0.491,0.056,0,deployment
DP-N-0016,3.48,1.861,0.055,0,deployment
DP-N-0008,1.225,1.524,0.057,0,deployment
DP-N-3030,1.77,-0.122,0.024,0,deployment
DP-N-2845,1.133,3.643,0.034,0,deployment
DP-N-0093,1.841,2.143,0.041,0,deployment
DP-N-0241,1.221,-1.96,0.03,0,deployment
DP-N-3117,1.883,-2.411,0.054,0,deployment
DP-N-3126,1.706,1.766,0.05,0,deployment
DP-R-0042,3.785,7.915,0.068,1,deployment
DP-N-1939,1.695,-3.319,0.044,0,deployment
DP-N-3029,2.061,0.501,0.031,0,deployment
DP-N-2858,1.843,1.315,0.03,0,deployment
DP-N-0556,2.223,-1.841,0.035,0,deployment
DP-N-1649,2.698,1.358,0.046,0,deployment
DP-N-2260,2.631,-2.573,0.056,0,deployment
DP-N-3652,2.068,0.146,0.051,0,deployment
DP-N-2870,2.3,1.208,0.039,0,deployment
DP-N-2454,1.805,0.852,0.033,0,deployment
DP-N-0791,1.674,1.757,0.016,0,deployment
DP-N-0594,2.897,-0.033,0.018,0,deployment
DP-N-1964,1.18,-4.015,0.033,0,deployment
DP-N-3564,1.92,-2.07,0.04,0,deployment
DP-N-0694,2.993,4.094,0.037,0,deployment
DP-N-0201,2.135,-0.512,0.038,0,deployment
DP-N-3115,2.548,2.625,0.039,0,deployment
DP-N-3395,2.668,-3.778,0.057,0,deployment
DP-N-1517,2.269,-3.589,0.063,0,deployment
DP-N-3775,1.227,0.895,0.018,0,deployment
DP-R-0139,3.548,8.576,0.073,1,deployment
DP-N-0670,1.277,-3.041,0.024,0,deployment
DP-N-0520,2.118,-0.545,0.045,0,deployment
DP-N-2726,1.52,-0.1,0.047,0,deployment
DP-N-0569,1.395,-3.016,0.033,0,deployment
DP-N-1255,1.657,-0.377,0.03,0,deployment
DP-N-2983,1.918,1.721,0.041,0,deployment
DP-N-2022,2.097,-0.646,0.045,0,deployment
DP-N-1052,2.741,0.836,0.032,0,deployment
DP-N-3649,1.277,1.188,0.033,0,deployment
DP-N-2435,2.057,2.659,0.042,0,deployment
DP-N-1683,1.89,0.887,0.047,0,deployment
DP-N-3429,2.43,6.34,0.038,0,deployment
DP-R-0134,2.276,5.744,0.07,1,deployment
DP-N-3743,1.596,2.608,0.03,0,deployment
DP-N-0649,0.743,-1.795,0.035,0,deployment
DP-N-0134,3.121,-0.673,0.034,0,deployment
DP-N-0524,2.72,2.851,0.043,0,deployment
DP-N-2180,1.495,-0.762,0.049,0,deployment
DP-N-1814,1.598,-4.678,0.039,0,deployment
DP-N-0434,2.115,0.646,0.029,0,deployment
DP-N-1193,1.512,-4.616,0.024,0,deployment
DP-N-0189,1.592,-1.656,0.065,0,deployment
DP-N-1696,1.349,0.126,0.032,0,deployment
DP-N-2449,2.166,1.661,0.039,0,deployment
DP-N-2545,1.09,4.302,0.035,0,deployment
DP-N-2478,2.434,-2.682,0.041,0,deployment
DP-N-3178,2.118,2.08,0.045,0,deployment
DP-N-1711,2.05,3.539,0.038,0,deployment
DP-N-2218,1.91,-0.694,0.041,0,deployment
DP-N-2812,1.675,0.019,0.025,0,deployment
DP-N-3516,0.658,-0.009,0.053,0,deployment
DP-N-2020,1.994,-2.108,0.044,0,deployment
DP-N-3109,1.943,0.116,0.043,0,deployment
DP-N-2491,1.504,-1.365,0.031,0,deployment
DP-N-1273,1.925,-3.136,0.028,0,deployment
DP-N-3779,2.055,-4.789,0.039,0,deployment
DP-N-1141,0.443,0.893,0.036,0,deployment
DP-N-1154,3.306,2.234,0.038,0,deployment
DP-N-0675,1.754,1.821,0.012,0,deployment
DP-R-0126,2.943,14.24,0.05,1,deployment
DP-N-3403,2.052,2.301,0.033,0,deployment
DP-N-3454,1.475,-4.992,0.025,0,deployment
DP-N-0986,0.999,5.87,0.044,0,deployment
DP-N-0236,1.26,-4.89,0.025,0,deployment
DP-R-0170,3.304,4.551,0.098,1,deployment
DP-N-2232,2.436,1.541,0.049,0,deployment
DP-N-0686,2.146,-2.145,0.03,0,deployment
DP-N-0212,1.039,-1.189,0.029,0,deployment
DP-N-1353,1.615,2.241,0.054,0,deployment
DP-N-2606,2.64,3.005,0.048,0,deployment
DP-N-2364,1.205,-3.167,0.034,0,deployment
DP-N-3218,2.692,-0.774,0.023,0,deployment
DP-N-3404,1.089,1.967,0.041,0,deployment
DP-N-2468,1.885,1.577,0.029,0,deployment
DP-N-0570,1.889,2.503,0.048,0,deployment
DP-N-2879,1.453,-3.571,0.054,0,deployment
DP-N-3697,2.424,1.561,0.067,0,deployment
DP-N-2549,1.613,3.259,0.05,0,deployment
DP-N-2032,0.83,-4.594,0.044,0,deployment
DP-N-2416,1.757,-6.84,0.043,0,deployment
DP-N-2982,1.988,3.285,0.042,0,deployment
DP-N-0754,1.349,2.797,0.051,0,deployment
DP-N-1427,1.856,6.41,0.033,0,deployment
DP-N-2429,1.556,2.352,0.043,0,deployment
DP-N-1330,2.028,6.157,0.056,0,deployment
DP-N-1244,1.734,-2.459,0.028,0,deployment
DP-N-0903,1.649,-0.721,0.037,0,deployment
DP-N-0591,2.542,-0.137,0.035,0,deployment
DP-N-3077,0.978,-0.487,0.032,0,deployment
DP-N-0830,0.94,-2.586,0.045,0,deployment
DP-N-1343,1.559,1.024,0.037,0,deployment
DP-N-1792,1.544,-4.261,0.044,0,deployment
DP-N-3190,1.536,-2.495,0.032,0,deployment
DP-N-0870,2.457,2.178,0.038,0,deployment
DP-N-3161,1.975,-2.43,0.073,0,deployment
DP-N-1779,2.202,3.778,0.032,0,deployment
DP-N-3605,1.202,-0.795,0.022,0,deployment
DP-N-1915,2.071,6.732,0.026,0,deployment
DP-N-2720,2.238,0.583,0.03,0,deployment
DP-N-0228,1.261,-2.581,0.038,0,deployment
DP-N-2300,2.507,-1.178,0.051,0,deployment
DP-N-3010,2.033,-5.946,0.049,0,deployment
DP-N-1022,2.352,2.63,0.03,0,deployment
DP-N-1042,1.487,-2.382,0.058,0,deployment
DP-R-0153,2.158,3.409,0.017,1,deployment
DP-N-1710,1.206,-0.442,0.056,0,deployment
DP-N-0137,1.376,2.206,0.029,0,deployment
DP-N-3305,0.625,-0.123,0.042,0,deployment
DP-N-2144,1.546,-8.394,0.024,0,deployment
DP-N-1301,2.029,-0.676,0.045,0,deployment
DP-N-2813,1.62,-0.5,0.03,0,deployment
DP-N-3501,0.748,-3.154,0.032,0,deployment
DP-N-1368,2.223,1.548,0.035,0,deployment
DP-N-3097,1.561,2.152,0.035,0,deployment
DP-N-3088,1.829,-3.822,0.044,0,deployment
DP-N-1834,1.568,1.183,0.033,0,deployment
DP-N-0272,2.202,-0.865,0.062,0,deployment
DP-N-0504,1.468,-4.64,0.033,0,deployment
DP-N-1112,1.137,2.425,0.04,0,deployment
DP-N-1420,3.1,-1.33,0.03,0,deployment
DP-N-2113,1.704,0.837,0.046,0,deployment
DP-N-0229,3.134,-3.869,0.028,0,deployment
DP-N-2626,3.021,0.366,0.045,0,deployment
DP-N-1260,1.622,1.369,0.051,0,deployment
DP-N-0063,1.103,0.29,0.049,0,deployment
DP-N-1815,1.763,0.141,0.047,0,deployment
DP-N-0877,2.534,2.088,0.046,0,deployment
DP-N-0043,1.29,1.584,0.051,0,deployment
DP-N-3304,2.314,3.584,0.027,0,deployment
DP-N-1373,2.285,5.705,0.026,0,deployment
DP-N-0635,1.416,1.315,0.038,0,deployment
DP-R-0104,3.134,-1.042,0.043,1,deployment
DP-N-1540,2.098,3.281,0.04,0,deployment
DP-N-2962,2.465,-4.375,0.053,0,deployment
DP-N-2637,2.222,0.235,0.04,0,deployment
DP-N-3389,2.371,0.081,0.019,0,deployment
DP-N-2559,1.827,0.361,0.023,0,deployment
DP-N-0746,1.926,1.737,0.017,0,deployment
DP-N-0054,1.939,1.567,0.043,0,deployment
DP-N-1290,1.933,-4.338,0.038,0,deployment
DP-N-3508,1.733,-1.776,0.046,0,deployment
DP-N-1643,2.024,2.014,0.021,0,deployment
DP-N-1881,1.641,2.042,0.056,0,deployment
DP-N-1182,2.663,0.619,0.008,0,deployment
DP-N-0313,2.486,4.43,0.044,0,deployment
DP-N-1494,2.178,0.181,0.044,0,deployment
DP-R-0135,2.826,11.098,0.045,1,deployment
DP-N-0311,1.92,3.317,0.033,0,deployment
DP-N-1183,1.896,-4.035,0.042,0,deployment
DP-N-1323,1.81,-1.7,0.037,0,deployment
DP-N-1298,1.542,1.007,0.045,0,deployment
DP-N-0486,1.778,-2.934,0.043,0,deployment
DP-N-3299,1.096,-1.482,0.04,0,deployment
DP-N-3258,2.339,-1.613,0.027,0,deployment
DP-N-2140,0.936,-0.589,0.045,0,deployment
DP-R-0123,3.854,-2.519,0.061,1,deployment
DP-N-2699,1.535,1.568,0.044,0,deployment
DP-N-3133,1.424,-1.174,0.037,0,deployment
DP-N-1088,1.55,-1.582,0.027,0,deployment
DP-N-3138,2.166,7.199,0.048,0,deployment
DP-N-0448,2.17,-6.03,0.044,0,deployment
DP-N-3740,1.41,0.002,0.053,0,deployment
DP-N-2102,1.338,3.272,0.053,0,deployment
DP-N-1610,0.628,2.028,0.026,0,deployment
DP-N-3252,1.916,0.034,0.048,0,deployment
DP-R-0112,3.882,8.534,0.091,1,deployment
DP-N-3160,1.732,4.427,0.04,0,deployment
DP-N-3671,1.078,-1.929,0.037,0,deployment
DP-N-3274,2.209,3.966,0.017,0,deployment
DP-N-1390,1.443,1.91,0.032,0,deployment
DP-N-1993,2.83,3.76,0.043,0,deployment
DP-N-0943,1.047,3.851,0.062,0,deployment
DP-N-3376,1.858,0.922,0.017,0,deployment
DP-N-2161,1.383,-0.845,0.038,0,deployment
DP-N-1274,2.122,3.007,0.029,0,deployment
DP-N-1962,0.841,6.258,0.003,0,deployment
DP-N-0255,2.162,7.692,0.026,0,deployment
DP-N-0353,2.614,-2.468,0.047,0,deployment
DP-N-2540,2.107,3.036,0.048,0,deployment
DP-N-2837,1.6,1.377,0.046,0,deployment
DP-N-3196,2.567,-0.205,0.052,0,deployment
DP-N-1120,1.884,-1.637,0.027,0,deployment
DP-N-2058,2.161,0.4,0.017,0,deployment
DP-N-0238,0.974,-1.53,0.029,0,deployment
DP-N-2406,1.796,-2.417,0.057,0,deployment
DP-N-1238,2.458,-2.275,0.042,0,deployment
DP-N-2018,1.268,1.592,0.034,0,deployment
DP-N-0015,1.89,0.554,0.05,0,deployment
DP-N-0797,1.767,2.214,0.029,0,deployment
DP-N-1663,1.511,-2.567,0.026,0,deployment
DP-N-2868,1.743,0.154,0.041,0,deployment
DP-N-2930,1.473,-3.653,0.049,0,deployment
DP-N-2404,1.866,5.55,0.045,0,deployment
DP-N-2877,1.922,1.939,0.037,0,deployment
DP-R-0120,4.041,10.467,0.079,1,deployment
DP-N-0989,1.989,-2.451,0.047,0,deployment
DP-N-1577,1.792,-1.005,0.039,0,deployment
DP-N-3480,0.549,-0.538,0.04,0,deployment
DP-N-1826,1.597,-0.624,0.027,0,deployment
DP-N-0929,1.636,0.03,0.048,0,deployment
DP-N-0723,1.516,0.917,0.017,0,deployment
DP-N-2348,2.114,-3.566,0.046,0,deployment
DP-N-1852,2.134,0.313,0.027,0,deployment
DP-N-2228,1.061,0.485,0.037,0,deployment
DP-N-0073,2.12,-4.478,0.032,0,deployment
DP-N-2684,0.408,-5.145,0.02,0,deployment
DP-N-2225,1.76,0.29,0.043,0,deployment
DP-N-1933,1.807,-0.6,0.039,0,deployment
DP-N-3766,1.007,1.907,0.049,0,deployment
DP-N-1680,2.571,4.13,0.033,0,deployment
DP-N-3070,2.347,1.892,0.062,0,deployment
DP-N-1213,2.182,1.225,0.036,0,deployment
DP-N-0301,2.464,1.133,0.022,0,deployment
DP-N-0530,2.299,-2.654,0.056,0,deployment
DP-N-1413,2.376,-2.201,0.051,0,deployment
DP-N-0983,2.331,1.584,0.059,0,deployment
DP-N-0948,1.367,5.825,0.032,0,deployment
DP-N-1543,1.285,0.878,0.049,0,deployment
DP-N-3783,2.231,-0.346,0.044,0,deployment
DP-N-1793,1.716,-2.098,0.038,0,deployment
DP-N-1300,0.574,0.968,0.028,0,deployment
DP-N-2617,1.645,3.11,0.047,0,deployment
DP-N-0001,2.144,-2.322,0.029,0,deployment
DP-N-0764,2.196,1.52,0.038,0,deployment
DP-N-3706,2.039,4.882,0.036,0,deployment
DP-R-0171,1.69,9.211,0.064,1,deployment
DP-N-2068,1.651,2.183,0.021,0,deployment
DP-N-3434,1.727,-0.326,0.017,0,deployment
DP-N-0217,2.589,-3.664,0.025,0,deployment
DP-R-0124,2.139,4.562,0.043,1,deployment
DP-N-0175,1.072,-0.689,0.032,0,deployment
DP-N-0565,2.917,0.735,0.048,0,deployment
DP-N-1401,2.491,-1.704,0.055,0,deployment
DP-N-0492,2.168,-2.749,0.037,0,deployment
DP-N-0461,2.604,0.059,0.047,0,deployment
DP-N-1621,1.921,4.177,0.043,0,deployment
DP-N-1874,1.603,0.023,0.043,0,deployment
DP-N-1383,1.499,0.068,0.029,0,deployment
DP-N-0825,1.325,2.318,0.055,0,deployment
DP-N-2381,1.491,-3.536,0.031,0,deployment
DP-N-1479,2.442,-0.229,0.029,0,deployment
DP-N-0718,2.989,-1.768,0.041,0,deployment
DP-N-2822,1.604,-0.249,0.049,0,deployment
DP-N-2581,1.225,-0.216,0.035,0,deployment
DP-N-3125,2.929,1.078,0.038,0,deployment
DP-N-1752,1.096,2.947,0.028,0,deployment
DP-N-2205,0.308,-4.854,0.043,0,deployment
DP-N-2133,1.503,-1.097,0.044,0,deployment
DP-N-0196,2.651,0.222,0.023,0,deployment
DP-N-0465,2.432,6.019,0.038,0,deployment
DP-N-2373,2.206,-1.727,0.034,0,deployment
DP-R-0130,2.599,7.867,0.117,1,deployment
DP-N-0476,1.074,-2.805,0.05,0,deployment
DP-N-3615,0.737,1.939,0.025,0,deployment
DP-N-0917,2.368,3.166,0.041,0,deployment
DP-N-0942,1.685,-5.458,0.028,0,deployment
DP-N-2579,2.486,0.639,0.034,0,deployment
DP-N-0452,2.532,0.782,0.062,0,deployment
DP-N-3654,1.866,4.976,0.028,0,deployment
DP-N-0128,1.188,3.382,0.038,0,deployment
DP-N-0804,1.687,5.85,0.034,0,deployment
DP-N-0561,1.621,3.753,0.043,0,deployment
DP-N-0652,1.775,0.875,0.041,0,deployment
DP-N-3724,1.476,1.677,0.034,0,deployment
DP-N-2132,1.308,-2.336,0.029,0,deployment
DP-N-3369,2.415,2.674,0.023,0,deployment
DP-N-1202,1.709,2.637,0.065,0,deployment
DP-N-1879,1.912,-4.648,0.043,0,deployment
DP-N-2834,2.13,-2.966,0.051,0,deployment
DP-N-1246,2.431,1.693,0.034,0,deployment
DP-N-0344,2.248,2.082,0.026,0,deployment
DP-N-3478,2.989,-0.947,0.057,0,deployment
DP-N-2395,1.743,-5.221,0.048,0,deployment
DP-N-3460,1.914,-4.961,0.049,0,deployment
DP-N-2033,2.224,1.236,0.045,0,deployment
DP-N-0265,0.511,2.527,0.038,0,deployment
DP-N-0157,2.383,-5.293,0.043,0,deployment
DP-N-3375,1.533,-1.777,0.02,0,deployment
DP-N-1317,1.723,8.494,0.043,0,deployment
DP-N-0803,2.686,2.515,0.043,0,deployment
DP-N-0351,2.491,-0.212,0.025,0,deployment
DP-N-2555,0.966,-3.282,0.025,0,deployment
DP-N-0440,1.453,-1.903,0.031,0,deployment
DP-R-0158,2.113,11.287,0.043,1,deployment
DP-N-1954,1.194,-2.22,0.05,0,deployment
DP-N-2422,1.866,3.601,0.03,0,deployment
DP-N-0254,1.679,-0.249,0.027,0,deployment
DP-N-1267,1.698,2.796,0.044,0,deployment
DP-N-1669,3.034,5.945,0.051,0,deployment
DP-N-3148,0.919,-1.274,0.048,0,deployment
DP-N-0968,1.228,-1.915,0.039,0,deployment
DP-N-2487,1.771,5.376,0.046,0,deployment
DP-N-3645,1.594,-0.538,0.047,0,deployment
DP-N-1522,1.54,0.389,0.023,0,deployment
DP-N-3247,1.459,-2.496,0.036,0,deployment
DP-N-1091,2.194,3.316,0.05,0,deployment
DP-N-0068,0.531,3.318,0.035,0,deployment
DP-N-2800,1.979,3.619,0.054,0,deployment
DP-N-2937,1.575,2.812,0.034,0,deployment
DP-N-0837,1.631,-3.827,0.047,0,deployment
DP-N-3272,1.599,-6.918,0.032,0,deployment
DP-N-1484,2.627,-0.814,0.028,0,deployment
DP-R-0101,3.721,6.693,0.075,1,deployment
DP-N-0304,2.771,-4.424,0.062,0,deployment
DP-N-1396,1.239,-2.661,0.065,0,deployment
DP-N-0067,1.039,4.396,0.042,0,deployment
DP-N-1734,1.715,4.34,0.046,0,deployment
DP-N-2683,1.462,-0.075,0.057,0,deployment
DP-N-3469,2.368,1.426,0.037,0,deployment
DP-N-1887,1.987,0.725,0.035,0,deployment
DP-N-3561,1.996,-3.803,0.036,0,deployment
DP-N-3372,1.79,5.384,0.048,0,deployment
DP-R-0108,3.025,-0.905,0.08,1,deployment
DP-N-0795,1.971,1.822,0.053,0,deployment
DP-N-0647,1.249,-0.826,0.039,0,deployment
DP-N-3631,1.578,-4.494,0.036,0,deployment
DP-N-3424,1.848,1.679,0.027,0,deployment
DP-N-0494,2.241,3.935,0.036,0,deployment
DP-N-2531,0.63,-4.141,0.041,0,deployment
DP-N-1385,1.806,-4.05,0.039,0,deployment
DP-N-3481,1.699,2.537,0.032,0,deployment
DP-N-0101,1.836,6.684,0.042,0,deployment
DP-N-2988,2.035,0.501,0.032,0,deployment
DP-N-2063,2.507,0.565,0.048,0,deployment
DP-N-2556,0.924,2.836,0.026,0,deployment
DP-N-0995,1.338,4.447,0.041,0,deployment
DP-N-1061,1.198,5.829,0.053,0,deployment
DP-N-2963,2.244,5.057,0.05,0,deployment
DP-N-2393,1.513,0.716,0.029,0,deployment
DP-N-2816,1.872,0.985,0.053,0,deployment
DP-N-0307,1.791,-0.679,0.067,0,deployment
DP-N-2342,1.292,1.118,0.061,0,deployment
DP-N-1270,2.663,-0.537,0.028,0,deployment
DP-N-0957,1.397,-2.212,0.032,0,deployment
DP-N-1818,2.193,5.345,0.04,0,deployment
DP-N-1707,1.429,2.507,0.047,0,deployment
DP-N-1412,1.431,0.998,0.036,0,deployment
DP-R-0037,2.938,2.96,0.064,1,deployment
DP-N-1840,1.54,0.434,0.038,0,deployment
DP-N-0428,0.805,-2.767,0.034,0,deployment
DP-N-1706,1.713,-5.84,0.033,0,deployment
DP-N-1465,2.124,6.912,0.023,0,deployment
DP-N-3347,1.465,2.324,0.059,0,deployment
DP-N-0532,1.704,0.55,0.042,0,deployment
DP-N-2179,1.138,3.527,0.044,0,deployment
DP-N-0623,1.626,2.069,0.034,0,deployment
DP-N-1769,1.798,-1.764,0.057,0,deployment
DP-N-3691,2.213,1.586,0.044,0,deployment
DP-N-0779,2.371,-0.23,0.03,0,deployment
DP-N-3337,2.577,2.492,0.033,0,deployment
DP-N-0954,1.206,2.545,0.034,0,deployment
DP-N-0282,2.044,2.163,0.039,0,deployment
DP-N-3054,1.324,-4.394,0.049,0,deployment
DP-N-3670,2.188,2.092,0.056,0,deployment
DP-N-2522,1.994,6.542,0.023,0,deployment
DP-N-0215,2.123,2.847,0.052,0,deployment
DP-N-2769,1.474,-0.047,0.047,0,deployment
DP-N-0239,1.586,2.108,0.055,0,deployment
DP-N-1757,1.607,-0.439,0.032,0,deployment
DP-N-2052,1.104,-0.487,0.028,0,deployment
DP-N-1291,1.619,0.698,0.051,0,deployment
DP-N-3270,1.828,4.416,0.035,0,deployment
DP-N-2126,0.604,0.35,0.067,0,deployment
DP-N-1102,1.25,1.186,0.05,0,deployment
DP-N-2118,1.451,-3.66,0.031,0,deployment
DP-N-3094,2.841,1.382,0.038,0,deployment
DP-N-2999,2.535,-0.827,0.037,0,deployment
DP-N-1170,1.968,-2.347,0.053,0,deployment
DP-N-1607,1.132,0.407,0.042,0,deployment
DP-N-3504,1.906,2.162,0.046,0,deployment
DP-N-0412,1.849,-4.178,0.039,0,deployment
DP-N-1245,0.97,-0.176,0.032,0,deployment
DP-N-2878,1.427,2.836,0.048,0,deployment
DP-N-2538,2.389,1.609,0.044,0,deployment
DP-N-3021,0.815,-3.543,0.042,0,deployment
DP-N-2941,1.735,-2.981,0.044,0,deployment
DP-N-0367,2.356,-0.003,0.031,0,deployment
DP-N-1045,0.938,-0.136,0.034,0,deployment
DP-N-3036,0.425,-4.175,0.058,0,deployment
DP-N-3215,1.839,-0.644,0.043,0,deployment
DP-N-0079,1.883,-3.218,0.053,0,deployment
DP-N-2749,1.529,-2.316,0.045,0,deployment
DP-N-0901,2.133,-3.927,0.041,0,deployment
DP-N-0478,1.009,1.995,0.055,0,deployment
DP-N-1604,1.954,4.785,0.038,0,deployment
DP-N-0976,1.434,-5.251,0.032,0,deployment
DP-N-2648,0.865,-1.325,0.039,0,deployment
DP-N-3491,1.25,5.548,0.035,0,deployment
DP-N-3253,1.364,6.054,0.044,0,deployment
DP-N-2671,2.208,1.511,0.063,0,deployment
DP-N-3116,2.29,-3.256,0.02,0,deployment
DP-N-2207,1.906,-1.445,0.035,0,deployment
DP-N-2563,2.801,5.69,0.056,0,deployment
DP-N-1748,1.11,5.006,0.029,0,deployment
DP-R-0023,3.274,6.216,0.071,1,deployment
DP-N-3224,2.06,-0.952,0.046,0,deployment
DP-N-3707,1.864,-0.64,0.064,0,deployment
DP-N-2074,2.115,-2.157,0.043,0,deployment
DP-N-0634,1.794,4.456,0.042,0,deployment
DP-N-1594,1.8,-3.727,0.045,0,deployment
DP-N-2382,1.854,-2.791,0.025,0,deployment
DP-N-2274,1.88,1.853,0.048,0,deployment
DP-N-1812,1.871,-2.421,0.04,0,deployment
DP-N-2836,1.928,-5.02,0.06,0,deployment
DP-N-0290,1.781,-1.862,0.048,0,deployment
DP-N-0156,2.04,0.464,0.02,0,deployment
DP-N-3321,1.553,2.935,0.049,0,deployment
DP-N-0139,2.097,-3.487,0.035,0,deployment
DP-N-2708,1.751,-1.609,0.041,0,deployment
DP-N-1201,2.697,2.464,0.045,0,deployment
DP-N-0109,1.282,-3.236,0.049,0,deployment
DP-N-0372,0.878,-1.216,0.022,0,deployment
DP-N-2886,1.859,4.642,0.025,0,deployment
DP-N-3420,2.932,-2.97,0.036,0,deployment
DP-N-1209,1.598,1.069,0.04,0,deployment
DP-N-1839,3.128,3.749,0.062,0,deployment
DP-N-3168,1.57,-2.517,0.041,0,deployment
DP-N-2590,0.857,0.986,0.045,0,deployment
DP-N-1764,1.995,-5.069,0.046,0,deployment
DP-N-2039,1.778,-2.474,0.054,0,deployment
DP-N-1956,0.758,-0.318,0.018,0,deployment
DP-N-3407,3.173,-2.5,0.043,0,deployment
DP-N-1153,2.779,3.41,0.047,0,deployment
DP-N-0446,1.694,0.787,0.045,0,deployment
DP-R-0178,3.182,4.809,0.101,1,deployment
DP-N-1774,1.574,-1.833,0.055,0,deployment
DP-N-0104,1.81,-0.761,0.023,0,deployment
DP-N-1768,2.218,-5.029,0.04,0,deployment
DP-N-1507,1.321,-2.69,0.053,0,deployment
DP-N-3596,1.553,-1.089,0.029,0,deployment
DP-N-1941,2.724,-2.255,0.042,0,deployment
DP-N-0037,1.074,-0.215,0.038,0,deployment
DP-N-0041,1.088,1.999,0.049,0,deployment
DP-N-1909,1.508,2.738,0.049,0,deployment
DP-R-0140,3.408,6.917,0.065,1,deployment
DP-N-0376,2.289,1.581,0.045,0,deployment
DP-N-1771,2.673,2.486,0.055,0,deployment
DP-R-0067,3.476,4.253,0.065,1,deployment
DP-R-0165,3.305,12.973,0.056,1,deployment
DP-R-0127,3.087,-0.093,0.056,1,deployment
DP-R-0094,3.203,-0.701,0.084,1,deployment
DP-N-1713,1.98,-3.865,0.048,0,deployment
DP-N-3610,0.896,0.098,0.041,0,deployment
DP-N-2142,1.081,5.631,0.031,0,deployment
DP-N-3231,1.939,4.428,0.051,0,deployment
DP-N-0529,2.025,-2.008,0.039,0,deployment
DP-N-0581,3.246,3.645,0.04,0,deployment
DP-N-2075,1.865,-1.211,0.038,0,deployment
DP-N-0062,2.327,-0.699,0.045,0,deployment
DP-N-0052,2.034,-3.601,0.045,0,deployment
DP-N-0778,2.181,1.453,0.027,0,deployment
DP-N-3107,2.966,-2.619,0.055,0,deployment
DP-N-1434,2.234,3.696,0.07,0,deployment
DP-N-1545,1.713,-0.883,0.044,0,deployment
DP-N-0173,1.587,4.822,0.045,0,deployment
DP-N-2750,1.822,3.178,0.041,0,deployment
DP-N-3416,1.398,-1.028,0.039,0,deployment
DP-N-1480,1.989,3.471,0.037,0,deployment
DP-N-2069,1.524,-3.495,0.053,0,deployment
DP-N-2479,1.437,4.197,0.037,0,deployment
DP-N-3313,1.17,-1.252,0.032,0,deployment
DP-N-1508,2.548,-4.146,0.039,0,deployment
DP-N-3203,1.972,-2.062,0.033,0,deployment
DP-N-1646,2.57,-3.738,0.049,0,deployment
DP-N-1580,1.614,1.547,0.038,0,deployment
DP-N-0842,1.257,4.016,0.058,0,deployment
DP-N-3293,1.796,0.863,0.046,0,deployment
DP-N-1233,1.559,1.979,0.021,0,deployment
DP-N-0405,1.128,4.929,0.019,0,deployment
DP-N-0436,2.54,-2.253,0.031,0,deployment
DP-N-2217,1.638,-4.474,0.044,0,deployment
DP-N-1968,1.584,-0.805,0.038,0,deployment
DP-N-2006,1.759,5.235,0.012,0,deployment
DP-N-1399,1.997,-5.281,0.034,0,deployment
DP-N-0602,1.617,3.431,0.036,0,deployment
DP-N-2281,2.044,0.656,0.049,0,deployment
DP-N-0326,2.144,3.236,0.049,0,deployment
DP-N-3081,2.653,1.375,0.032,0,deployment
DP-N-1199,2.439,-0.944,0.041,0,deployment
DP-N-3408,1.355,-5.614,0.032,0,deployment
DP-N-1365,1.497,-2.254,0.041,0,deployment
DP-N-3698,0.548,1.91,0.037,0,deployment
DP-N-0744,1.783,0.61,0.045,0,deployment
DP-N-0209,1.773,-0.996,0.031,0,deployment
DP-N-0558,0.988,1.223,0.048,0,deployment
DP-N-3602,1.411,0.437,0.034,0,deployment
DP-N-0312,1.414,-6.138,0.03,0,deployment
DP-N-0538,2.006,2.306,0.043,0,deployment
DP-N-0337,1.545,-1.183,0.037,0,deployment
DP-N-2453,1.444,3.367,0.073,0,deployment
DP-N-3648,1.61,4.351,0.055,0,deployment
DP-N-3784,1.643,5.257,0.028,0,deployment
DP-N-0668,1.572,-3.805,0.046,0,deployment
DP-N-3773,1.931,0.19,0.054,0,deployment
DP-N-1988,1.56,-1.081,0.047,0,deployment
DP-R-0036,3.725,11.895,0.071,1,deployment
DP-N-2619,1.177,2.685,0.026,0,deployment
DP-N-1593,1.57,-2.671,0.033,0,deployment
DP-N-1674,1.392,-0.968,0.033,0,deployment
DP-N-2318,1.894,1.127,0.034,0,deployment
DP-N-3185,1.938,0.739,0.048,0,deployment
DP-N-3729,1.309,-4.149,0.042,0,deployment
DP-R-0021,4.019,12.015,0.096,1,deployment
DP-N-1192,1.579,0.839,0.041,0,deployment
DP-N-2477,2.692,2.303,0.03,0,deployment
DP-N-1426,1.05,0.131,0.037,0,deployment
DP-N-2003,0.664,-1.545,0.038,0,deployment
DP-N-1173,1.31,6.135,0.038,0,deployment
DP-N-2925,1.801,-2.107,0.053,0,deployment
DP-N-3314,2.201,-2.293,0.032,0,deployment
DP-N-1615,1.903,-4.809,0.01,0,deployment
DP-N-3046,1.429,2.75,0.04,0,deployment
DP-N-3191,2.81,-4.331,0.039,0,deployment
DP-N-0418,1.686,5.446,0.054,0,deployment
DP-N-1681,1.135,-2.373,0.056,0,deployment
DP-N-3662,2.29,-2.291,0.054,0,deployment
DP-N-0103,1.781,-3.866,0.047,0,deployment
DP-N-1601,1.779,1.28,0.051,0,deployment
DP-R-0177,3.197,13.65,0.093,1,deployment
DP-N-3745,2.273,3.782,0.056,0,deployment
DP-N-1268,1.706,-1.061,0.033,0,deployment
DP-N-1006,1.967,-2.969,0.038,0,deployment
DP-N-1998,1.126,-3.225,0.028,0,deployment
DP-N-1729,2.014,1.136,0.027,0,deployment
DP-N-1619,1.374,-0.408,0.061,0,deployment
DP-N-0573,1.616,-5.25,0.065,0,deployment
DP-N-0672,1.531,4.513,0.039,0,deployment
DP-N-0727,1.733,-5.527,0.016,0,deployment
DP-N-1326,1.384,-1.861,0.039,0,deployment
DP-N-0630,1.808,5.187,0.03,0,deployment
DP-N-1165,1.867,-1.105,0.036,0,deployment
DP-N-1456,1.89,-6.479,0.039,0,deployment
DP-N-3418,1.693,2.218,0.046,0,deployment
DP-N-3628,2.142,1.5,0.033,0,deployment
DP-N-3479,2.227,5.739,0.027,0,deployment
DP-N-2171,2.182,-0.9,0.035,0,deployment
DP-N-1106,2.334,-2.527,0.043,0,deployment
DP-N-1372,0.305,0.965,0.042,0,deployment
DP-N-1533,1.144,-0.978,0.034,0,deployment
DP-N-0450,1.592,5.219,0.025,0,deployment
DP-N-1253,1.522,1.601,0.037,0,deployment
DP-N-2302,2.122,0.686,0.042,0,deployment
DP-N-0491,2.108,-4.104,0.025,0,deployment
DP-R-0062,3.233,5.161,0.117,1,deployment
DP-N-1929,2.176,-0.829,0.026,0,deployment
DP-N-0122,2.497,1.877,0.01,0,deployment
DP-N-2884,1.821,-5.003,0.036,0,deployment
DP-N-1525,2.357,3.117,0.045,0,deployment
DP-N-2169,1.213,2.872,0.035,0,deployment
DP-N-3119,2.078,1.739,0.022,0,deployment
DP-N-0618,1.592,-0.495,0.042,0,deployment
DP-N-1184,1.198,-2.749,0.061,0,deployment
DP-N-2753,1.576,0.844,0.054,0,deployment
DP-R-0073,4.402,6.497,0.094,1,deployment
DP-N-2378,1.393,2.114,0.028,0,deployment
DP-N-3251,1.278,-4.547,0.051,0,deployment
DP-N-2965,0.727,-1.928,0.027,0,deployment
DP-N-1107,2.686,-0.402,0.048,0,deployment
DP-N-1099,1.91,-4.262,0.044,0,deployment
DP-N-3330,2.002,-1.291,0.05,0,deployment
DP-N-3406,1.813,-1.88,0.038,0,deployment
DP-N-1751,1.952,-0.06,0.036,0,deployment
DP-N-2794,1.222,-4.761,0.04,0,deployment
DP-N-1471,1.583,2.207,0.05,0,deployment
DP-N-3359,1.826,1.936,0.033,0,deployment
DP-N-1806,2.662,-1.073,0.033,0,deployment
DP-N-2301,1.848,-1.32,0.033,0,deployment
DP-N-1013,1.829,-3.835,0.03,0,deployment
DP-N-1111,1.82,3.371,0.038,0,deployment
DP-N-1329,2.16,-4.171,0.052,0,deployment
DP-N-3798,1.556,0.625,0.047,0,deployment
DP-N-3668,2.025,4.869,0.057,0,deployment
DP-N-2134,1.502,-6.124,0.019,0,deployment
DP-N-0781,2.664,-5.747,0.035,0,deployment
DP-N-2533,1.043,-3.07,0.049,0,deployment
DP-N-0019,1.598,2.212,0.046,0,deployment
DP-N-1759,1.453,-2.626,0.045,0,deployment
DP-N-3222,1.766,1.914,0.055,0,deployment
DP-N-0470,1.108,-0.157,0.039,0,deployment
DP-N-2630,1.136,1.091,0.03,0,deployment
DP-N-1596,1.612,-1.434,0.042,0,deployment
DP-N-1411,2.084,2.499,0.027,0,deployment
DP-R-0038,2.495,5.929,0.062,1,deployment
DP-N-1121,1.264,2.448,0.046,0,deployment
DP-N-1447,2.645,-0.683,0.036,0,deployment
DP-N-1259,2.504,5.856,0.04,0,deployment
DP-N-0661,1.731,-0.768,0.033,0,deployment
DP-N-1614,1.909,0.083,0.05,0,deployment
DP-N-3411,1.958,-5.266,0.033,0,deployment
DP-N-2787,2.356,-1.405,0.055,0,deployment
DP-N-1276,1.746,-3.965,0.032,0,deployment
DP-N-0507,2.304,-0.573,0.027,0,deployment
DP-N-3640,2.585,1.818,0.049,0,deployment
DP-N-1186,1.459,-0.675,0.037,0,deployment
DP-N-0346,1.813,-4.473,0.035,0,deployment
DP-N-2002,2.344,-0.056,0.034,0,deployment
DP-N-2392,1.311,0.272,0.013,0,deployment
DP-N-2490,1.811,-7.059,0.028,0,deployment
DP-N-2938,1.238,3.828,0.041,0,deployment
DP-N-2200,2.784,1.034,0.038,0,deployment
DP-N-1638,2.033,2.772,0.033,0,deployment
DP-N-0933,1.631,2.654,0.051,0,deployment
DP-N-2425,2.384,-0.342,0.064,0,deployment
DP-N-1765,1.698,-1.551,0.044,0,deployment
DP-N-1974,1.548,-6.94,0.034,0,deployment
DP-N-2612,2.382,-6.335,0.032,0,deployment
DP-N-0562,1.957,-2.482,0.039,0,deployment
DP-N-2635,1.773,-1.45,0.042,0,deployment
DP-N-2156,1.759,0.549,0.03,0,deployment
DP-N-0056,1.448,-0.226,0.033,0,deployment
DP-N-3317,1.057,2.413,0.028,0,deployment
DP-N-2420,1.919,-3.949,0.048,0,deployment
DP-N-1334,1.145,3.55,0.035,0,deployment
DP-N-3003,3.905,6.374,0.018,0,deployment
DP-N-3547,2.071,2.334,0.036,0,deployment
DP-N-1455,1.499,-1.253,0.038,0,deployment
DP-N-0865,1.933,1.625,0.046,0,deployment
DP-N-1948,1.422,1.201,0.043,0,deployment
DP-N-0006,1.871,3.827,0.039,0,deployment
DP-N-1069,1.947,1.834,0.049,0,deployment
DP-N-2807,2.472,-1.805,0.04,0,deployment
DP-N-2666,1.432,-2.097,0.05,0,deployment
DP-N-0644,1.655,1.049,0.024,0,deployment
DP-N-0444,1.975,-3.419,0.018,0,deployment
DP-N-0177,1.433,-0.751,0.044,0,deployment
DP-N-2647,0.37,-3.036,0.056,0,deployment
DP-N-0988,1.778,0.891,0.017,0,deployment
DP-N-0651,1.608,-5.05,0.056,0,deployment
DP-N-2640,2.396,-1.535,0.045,0,deployment
DP-N-3587,0.878,5.492,0.039,0,deployment
DP-N-1169,0.95,0.425,0.041,0,deployment
DP-N-2115,1.403,-9.079,0.04,0,deployment
DP-N-2252,1.45,-2.456,0.039,0,deployment
DP-N-1026,2.334,-3.754,0.026,0,deployment
DP-N-2152,1.127,-0.867,0.055,0,deployment
DP-N-0416,2.573,3.086,0.019,0,deployment
DP-N-3239,2.288,3.896,0.035,0,deployment
DP-N-2309,2.085,-1.535,0.04,0,deployment
DP-N-1190,1.699,1.999,0.037,0,deployment
DP-N-0937,2.205,0.259,0.048,0,deployment
DP-N-3032,2.097,0.144,0.017,0,deployment
DP-N-0574,1.527,4.047,0.046,0,deployment
DP-N-0425,2.448,2.334,0.075,0,deployment
DP-N-1860,2.211,3.5,0.045,0,deployment
DP-N-2959,1.46,-1.553,0.051,0,deployment
DP-N-3276,1.794,2.278,0.046,0,deployment
DP-N-1537,2.019,5.393,0.037,0,deployment
DP-N-2473,2.126,7.904,0.019,0,deployment
DP-N-2506,1.67,2.395,0.031,0,deployment
DP-N-2558,1.352,3.16,0.024,0,deployment
DP-N-0571,1.785,0.32,0.018,0,deployment
DP-N-3001,2.183,-0.744,0.044,0,deployment
DP-N-1142,2.569,2.053,0.036,0,deployment
DP-N-3110,2.571,-0.65,0.051,0,deployment
DP-N-0083,1.445,-2.496,0.045,0,deployment
DP-N-0174,1.799,2.23,0.024,0,deployment
DP-N-2379,1.775,-2.725,0.038,0,deployment
DP-N-1535,1.765,2.799,0.041,0,deployment
DP-N-0458,1.684,2.582,0.032,0,deployment
DP-N-1241,2.219,2.078,0.061,0,deployment
DP-N-2718,0.895,4.258,0.046,0,deployment
DP-N-3195,1.501,-1.445,0.046,0,deployment
DP-N-2724,2.012,-1.146,0.058,0,deployment
DP-N-2065,0.557,0.742,0.05,0,deployment
DP-N-0207,1.894,5.345,0.042,0,deployment
DP-N-2716,1.779,1.979,0.053,0,deployment
DP-N-3575,2.266,-0.564,0.043,0,deployment
DP-N-2973,2.109,0.01,0.029,0,deployment
DP-N-2208,1.133,1.817,0.061,0,deployment
DP-N-1762,2.061,-3.577,0.047,0,deployment
DP-N-3704,1.863,2.815,0.04,0,deployment
DP-N-2289,2.226,-0.746,0.042,0,deployment
DP-N-2552,1.422,-0.661,0.026,0,deployment
DP-N-1071,1.775,-5.777,0.029,0,deployment
DP-N-2913,2.955,1.348,0.052,0,deployment
DP-N-1347,0.821,2.036,0.033,0,deployment
DP-N-2141,1.855,-1.449,0.042,0,deployment
DP-N-0931,2.128,-1.051,0.027,0,deployment
DP-N-3273,1.681,6.717,0.051,0,deployment
DP-N-1060,1.849,-4.116,0.032,0,deployment
DP-N-2014,3.268,2.909,0.042,0,deployment
DP-N-2367,1.468,-2.439,0.041,0,deployment
DP-N-3792,1.112,4.812,0.039,0,deployment
DP-N-3302,1.731,0.593,0.037,0,deployment
DP-R-0006,3.417,4.646,0.059,1,deployment
DP-N-3664,2.213,0.455,0.033,0,deployment
DP-N-2841,1.109,0.165,0.033,0,deployment
DP-N-3583,1.796,-1.797,0.064,0,deployment
DP-N-0748,1.541,-2.599,0.051,0,deployment
DP-N-0036,1.36,4.429,0.051,0,deployment
DP-N-2163,2.007,-4.619,0.023,0,deployment
DP-N-0332,0.863,-2.569,0.052,0,deployment
DP-N-3422,0.993,1.563,0.037,0,deployment
DP-N-1926,1.789,-2.389,0.018,0,deployment
DP-N-2516,2.891,-0.704,0.04,0,deployment
DP-N-1414,1.776,6.906,0.041,0,deployment
DP-N-3722,1.484,-1.475,0.042,0,deployment
DP-N-1036,1.884,-3.693,0.041,0,deployment
DP-N-3188,1.524,3.737,0.044,0,deployment
DP-N-1624,1.256,2.329,0.032,0,deployment
DP-N-3472,1.327,0.815,0.047,0,deployment
DP-R-0200,3.15,15.022,0.071,1,deployment
DP-N-2262,1.291,-0.803,0.044,0,deployment
DP-N-1817,1.482,2.925,0.022,0,deployment
DP-N-3462,1.809,0.958,0.035,0,deployment
DP-N-0342,1.489,-1.665,0.027,0,deployment
DP-N-1070,1.724,-3.686,0.022,0,deployment
DP-N-2270,0.975,-8.638,0.005,0,deployment
DP-N-1227,1.405,0.498,0.025,0,deployment
DP-N-0991,1.397,3.466,0.048,0,deployment
DP-N-1226,2.217,2.655,0.012,0,deployment
DP-N-1293,1.634,0.495,0.022,0,deployment
DP-N-1248,1.333,2.252,0.042,0,deployment
DP-N-2697,1.055,0.406,0.055,0,deployment
DP-N-1079,1.967,1.436,0.053,0,deployment
DP-N-1010,1.368,-3.064,0.033,0,deployment
DP-R-0025,2.432,10.786,0.034,1,deployment
DP-N-2377,2.707,1.486,0.064,0,deployment
DP-N-2123,1.631,-2.441,0.055,0,deployment
DP-N-1895,2.623,-1.322,0.028,0,deployment
DP-R-0111,3.55,9.859,0.08,1,deployment
DP-N-1195,2.436,0.007,0.018,0,deployment
DP-N-0308,2.389,-1.863,0.038,0,deployment
DP-N-1801,1.801,0.96,0.023,0,deployment
DP-N-0135,1.85,-2.071,0.001,0,deployment
DP-N-3260,2.114,2.904,0.044,0,deployment
DP-N-0701,2.432,-5.45,0.03,0,deployment
DP-N-2131,2.738,-2.836,0.037,0,deployment
DP-N-1126,2.214,0.44,0.049,0,deployment
DP-N-2785,2.354,2.034,0.032,0,deployment
DP-N-0060,1.604,-2.014,0.031,0,deployment
DP-R-0114,3.828,7.962,0.072,1,deployment
DP-N-0502,0.715,-1.378,0.042,0,deployment
DP-N-3634,1.506,3.407,0.018,0,deployment
DP-N-0546,1.392,1.933,0.024,0,deployment
DP-N-3650,3.339,-2.151,0.049,0,deployment
DP-N-3771,0.935,-3.631,0.032,0,deployment
DP-N-0046,1.37,-1.273,0.036,0,deployment
DP-N-1488,0.845,-0.316,0.05,0,deployment
DP-N-0752,1.627,0.119,0.033,0,deployment
DP-N-2527,1.757,5.567,0.039,0,deployment
DP-N-0163,1.029,3.663,0.053,0,deployment
DP-N-0078,2.35,-0.89,0.041,0,deployment
DP-N-1678,2.168,-1.092,0.05,0,deployment
DP-R-0150,4.022,12.484,0.069,1,deployment
DP-N-0691,1.723,4.273,0.052,0,deployment
DP-N-2957,1.915,0.256,0.037,0,deployment
DP-N-2806,1.32,-0.88,0.039,0,deployment
DP-N-3562,1.03,2.723,0.055,0,deployment
DP-N-0975,2.862,-4.58,0.042,0,deployment
DP-N-2412,1.721,-2.583,0.044,0,deployment
DP-N-0585,2.861,-2.084,0.042,0,deployment
DP-N-2292,1.962,1.271,0.067,0,deployment
DP-N-0633,1.798,2.574,0.028,0,deployment
DP-N-0786,1.538,-6.913,0.031,0,deployment
DP-R-0093,4.104,16.175,0.059,1,deployment
DP-N-0289,1.601,0.091,0.032,0,deployment
DP-N-2934,1.321,-2.263,0.041,0,deployment
DP-N-1395,1.829,-2.555,0.048,0,deployment
DP-N-2621,1.644,-1.672,0.054,0,deployment
DP-N-2805,0.84,-0.747,0.044,0,deployment
DP-N-2464,1.245,1.829,0.044,0,deployment
DP-N-0831,1.342,1.353,0.043,0,deployment
DP-N-2803,1.846,0.634,0.051,0,deployment
DP-N-1278,2.185,-3.338,0.055,0,deployment
DP-N-1843,1.871,-0.439,0.037,0,deployment
DP-N-2139,1.136,-4.838,0.026,0,deployment
DP-N-0881,2.094,-0.635,0.055,0,deployment
DP-N-1955,1.659,2.144,0.043,0,deployment
DP-N-0131,2.4,0.94,0.051,0,deployment
DP-N-1125,2.991,5.861,0.075,0,deployment
DP-N-2350,1.291,1.953,0.03,0,deployment
DP-N-1137,2.5,-0.413,0.046,0,deployment
DP-N-0164,2.315,4.382,0.03,0,deployment
DP-N-1761,1.838,0.546,0.034,0,deployment
DP-N-0724,1.901,-0.983,0.036,0,deployment
DP-N-1108,1.516,6.56,0.045,0,deployment
DP-N-1848,1.307,0.132,0.052,0,deployment
DP-R-0095,3.768,0.451,0.099,1,deployment
DP-N-3228,1.708,-1.135,0.05,0,deployment
DP-N-3219,1.818,-4.4,0.04,0,deployment
DP-N-3169,1.481,1.769,0.026,0,deployment
DP-N-1024,1.385,2.538,0.01,0,deployment
DP-N-1041,1.171,-1.189,0.04,0,deployment
DP-N-0193,1.616,-3.585,0.044,0,deployment
DP-N-0740,2.27,-0.695,0.029,0,deployment
DP-N-2110,2.377,-2.57,0.034,0,deployment
DP-N-3076,1.099,1.45,0.029,0,deployment
DP-N-2629,2.446,-5.509,0.04,0,deployment
DP-N-0840,1.508,-3.412,0.048,0,deployment
DP-N-2593,1.522,-0.097,0.029,0,deployment
DP-N-1795,1.397,-1.37,0.032,0,deployment
DP-N-3617,1.663,3.546,0.027,0,deployment
DP-N-1877,2.268,-4.602,0.043,0,deployment
DP-N-1004,2.225,5.581,0.055,0,deployment
DP-N-0242,1.715,0.726,0.033,0,deployment
DP-N-2980,2.987,-1.647,0.056,0,deployment
DP-N-2415,1.904,-1.664,0.031,0,deployment
DP-N-2817,2.131,-1.997,0.025,0,deployment
DP-R-0097,1.582,6.157,0.04,1,deployment
DP-N-2882,1.568,1.239,0.036,0,deployment
DP-N-3234,1.006,3.226,0.042,0,deployment
DP-N-1500,1.452,-2.981,0.034,0,deployment
DP-N-2592,1.701,5.2,0.032,0,deployment
DP-N-3612,2.841,-3.852,0.027,0,deployment
DP-N-1824,2.24,0.241,0.034,0,deployment
DP-N-3259,2.247,-1.627,0.022,0,deployment
DP-N-0843,1.973,-3.999,0.03,0,deployment
DP-N-3442,1.46,-2.428,0.049,0,deployment
DP-N-1984,0.359,-2.551,0.043,0,deployment
DP-N-0141,1.553,1.005,0.02,0,deployment
DP-N-2019,1.465,-2.394,0.052,0,deployment
DP-N-0816,1.286,-4.475,0.024,0,deployment
DP-N-3797,2.178,-2.544,0.029,0,deployment
DP-N-2970,2.945,-1.289,0.019,0,deployment
DP-N-0878,2.531,-0.32,0.018,0,deployment
DP-N-0982,1.101,-0.883,0.042,0,deployment
DP-N-3084,1.164,3.034,0.052,0,deployment
DP-N-1289,2.747,2.602,0.029,0,deployment
DP-N-1597,2.111,-1.476,0.041,0,deployment
DP-N-0852,2.631,1.942,0.04,0,deployment
DP-N-3498,0.894,-0.126,0.043,0,deployment
DP-N-0266,1.137,-5.419,0.035,0,deployment
DP-N-1959,1.393,-0.788,0.042,0,deployment
DP-N-1475,2.477,3.224,0.041,0,deployment
DP-N-3607,1.625,-3.538,0.036,0,deployment
DP-N-2922,1.534,-3.644,0.044,0,deployment
DP-R-0166,3.437,4.558,0.101,1,deployment
DP-N-3141,2.264,-1.635,0.047,0,deployment
DP-N-1553,1.255,-1.215,0.035,0,deployment
DP-N-3358,1.385,1.235,0.019,0,deployment
DP-N-0656,2.513,0.17,0.038,0,deployment
DP-N-3012,1.4,-1.834,0.036,0,deployment
DP-N-3050,0.924,-1.089,0.027,0,deployment
DP-N-1440,1.249,-1.165,0.035,0,deployment
DP-N-3200,1.922,0.211,0.047,0,deployment
DP-N-1205,2.679,1.145,0.042,0,deployment
DP-N-0621,1.715,-0.814,0.028,0,deployment
DP-N-2124,0.953,0.173,0.042,0,deployment
DP-N-0030,1.306,-2.632,0.065,0,deployment
DP-N-0373,1.886,2.031,0.049,0,deployment
DP-N-2114,1.303,-4.119,0.046,0,deployment
DP-N-0588,2.213,-2.617,0.065,0,deployment
DP-N-3060,1.932,-3.481,0.05,0,deployment
DP-N-2908,0.787,1.271,0.052,0,deployment
DP-N-1739,1.917,-0.369,0.037,0,deployment
DP-N-1992,1.256,-2.53,0.029,0,deployment
DP-N-1800,2.14,-3.837,0.041,0,deployment
DP-N-2459,1.239,-3.889,0.032,0,deployment
DP-N-2211,2.573,-4.081,0.044,0,deployment
DP-N-0720,1.729,3.344,0.035,0,deployment
DP-N-0021,1.265,-0.442,0.05,0,deployment
DP-N-1862,1.598,-0.733,0.019,0,deployment
DP-N-2190,1.365,5.333,0.037,0,deployment
DP-N-3506,2.003,2.676,0.038,0,deployment
DP-N-0586,1.435,-5.092,0.046,0,deployment
DP-N-2869,1.232,-1.88,0.04,0,deployment
DP-R-0082,2.894,8.684,0.048,1,deployment
DP-N-3128,1.232,3.56,0.029,0,deployment
DP-N-2137,1.722,-5.826,0.041,0,deployment
DP-N-0930,1.038,2.015,0.058,0,deployment
DP-N-2838,2.142,0.179,0.052,0,deployment
DP-R-0157,2.623,9.742,0.086,1,deployment
DP-N-3499,2.258,2.973,0.044,0,deployment
DP-N-3163,2.138,1.146,0.052,0,deployment
DP-N-1785,1.816,1.76,0.035,0,deployment
DP-N-2330,2.332,0.411,0.043,0,deployment
DP-N-2257,1.291,-0.403,0.036,0,deployment
DP-N-3777,1.407,-3.383,0.04,0,deployment
DP-R-0003,3.1,-0.067,0.072,1,deployment
DP-N-0218,1.763,4.938,0.037,0,deployment
DP-N-1516,1.349,3.64,0.027,0,deployment
DP-N-0772,2.131,-7.699,0.043,0,deployment
DP-N-0490,1.344,3.591,0.049,0,deployment
DP-N-3204,0.927,0.954,0.039,0,deployment
DP-N-3742,2.364,-3.105,0.045,0,deployment
DP-N-0838,1.063,-5.471,0.023,0,deployment
DP-R-0175,2.867,-2.977,0.061,1,deployment
DP-N-3680,2.782,1.634,0.031,0,deployment
DP-R-0086,3.062,9.225,0.085,1,deployment
DP-N-0639,0.782,-1.215,0.045,0,deployment
DP-N-3444,1.375,3.21,0.021,0,deployment
DP-N-2213,2.017,0.957,0.043,0,deployment
DP-N-2849,1.365,5.939,0.064,0,deployment
DP-R-0147,4.6,7.636,0.051,1,deployment
DP-N-0117,2.032,-1.062,0.033,0,deployment
DP-R-0098,3.931,8.543,0.077,1,deployment
DP-N-1899,0.727,1.49,0.038,0,deployment
DP-N-2045,0.549,-1.83,0.065,0,deployment
DP-N-1119,1.147,-0.122,0.035,0,deployment
DP-N-0665,1.851,-2.625,0.037,0,deployment
DP-N-0992,1.707,0.873,0.056,0,deployment
DP-N-3521,1.764,-0.485,0.042,0,deployment
DP-N-0796,1.871,-3.151,0.049,0,deployment
DP-N-1048,1.96,-4.346,0.041,0,deployment
DP-N-1930,2.536,2.005,0.035,0,deployment
DP-N-3629,2.322,0.651,0.028,0,deployment
DP-N-2840,1.606,0.127,0.039,0,deployment
DP-N-1180,1.275,-4.642,0.042,0,deployment
DP-N-1953,2.953,3.471,0.052,0,deployment
DP-N-3556,2.35,-3.143,0.051,0,deployment
DP-N-2569,2.11,-3.03,0.018,0,deployment
DP-N-2701,0.036,5.995,0.039,0,deployment
DP-N-2844,2.312,2.289,0.021,0,deployment
DP-N-1742,0.953,-5.679,0.023,0,deployment
DP-N-0928,1.738,4.442,0.046,0,deployment
DP-N-3534,1.734,0.283,0.04,0,deployment
DP-N-0121,1.627,-1.449,0.028,0,deployment
DP-N-3684,2.131,-3.64,0.033,0,deployment
DP-N-2727,1.676,4.425,0.036,0,deployment
DP-N-1470,2.095,1.662,0.029,0,deployment
DP-R-0092,3.491,9.873,0.081,1,deployment
DP-R-0168,4.203,7.362,0.068,1,deployment
DP-N-2814,2.647,2.109,0.038,0,deployment
DP-N-3129,2.121,-1.263,0.017,0,deployment
DP-N-1556,2.517,-1.762,0.051,0,deployment
DP-N-3028,2.093,3.754,0.044,0,deployment
DP-N-3540,2.287,-2.481,0.053,0,deployment
DP-N-1563,1.01,-2.115,0.054,0,deployment
DP-N-0826,2.049,0.758,0.057,0,deployment
DP-N-1424,1.824,1.329,0.061,0,deployment
DP-N-3513,1.592,0.54,0.038,0,deployment
DP-N-1626,1.146,2.847,0.045,0,deployment
DP-N-2253,2.025,4.761,0.059,0,deployment
DP-N-2808,2.485,-3.554,0.04,0,deployment
DP-N-1989,2.029,-0.284,0.032,0,deployment
DP-N-0966,1.479,-0.096,0.034,0,deployment
DP-N-1083,2.466,-4.687,0.04,0,deployment
DP-N-2745,2.466,-3.724,0.019,0,deployment
DP-N-1851,1.808,-5.666,0.043,0,deployment
DP-N-0787,2.164,-0.782,0.044,0,deployment
DP-N-2060,1.061,-2.415,0.037,0,deployment
DP-N-0815,1.095,1.595,0.047,0,deployment
DP-N-2525,1.522,-5.499,0.051,0,deployment
DP-N-0916,2.283,1.255,0.045,0,deployment
DP-N-0070,2.119,5.354,0.041,0,deployment
DP-R-0181,4.808,7.321,0.027,1,deployment
DP-N-2885,1.765,-3.124,0.05,0,deployment
DP-N-0402,2.827,-3.048,0.016,0,deployment
DP-N-2280,0.885,4.707,0.039,0,deployment
DP-N-3519,1.745,-4.425,0.05,0,deployment
DP-N-0636,0.821,2.647,0.052,0,deployment
DP-N-1791,2.23,-2.884,0.048,0,deployment
DP-N-0510,1.41,1.945,0.063,0,deployment
DP-N-0251,1.733,-1.909,0.022,0,deployment
DP-N-2249,1.249,0.242,0.042,0,deployment
DP-N-3624,1.614,1.361,0.049,0,deployment
DP-N-3692,1.29,6.046,0.044,0,deployment
DP-N-0792,1.446,-4.799,0.044,0,deployment
DP-N-0523,2.845,1.429,0.048,0,deployment
DP-N-3349,1.494,-6.956,0.061,0,deployment
DP-N-3464,2.143,5.746,0.05,0,deployment
DP-N-3025,1.825,1.729,0.028,0,deployment
DP-N-0042,1.698,-5.686,0.046,0,deployment
DP-N-2928,2.614,-3.12,0.042,0,deployment
DP-N-1152,2.026,1.162,0.05,0,deployment
DP-N-0057,1.93,-2.131,0.036,0,deployment
DP-N-2610,1.479,2.96,0.041,0,deployment
DP-N-0316,1.694,0.597,0.041,0,deployment
DP-N-3367,2.25,5.533,0.048,0,deployment
DP-N-2909,1.719,5.886,0.044,0,deployment
DP-N-2618,0.731,1.056,0.038,0,deployment
DP-N-1690,1.105,-2.659,0.044,0,deployment
DP-N-1282,2.972,-3.957,0.037,0,deployment
DP-N-2923,2.094,-2.667,0.047,0,deployment
DP-N-1176,1.157,-1.445,0.026,0,deployment
DP-N-1194,1.619,-0.659,0.03,0,deployment
DP-N-1588,1.28,1.233,0.047,0,deployment
DP-N-0437,1.59,-6.12,0.028,0,deployment
DP-N-2751,1.296,0.326,0.049,0,deployment
DP-N-2706,2.112,2.046,0.033,0,deployment
DP-N-1463,2.276,-2.306,0.053,0,deployment
DP-N-3308,1.589,-1.994,0.057,0,deployment
DP-N-1466,1.187,-1.239,0.05,0,deployment
DP-N-2776,1.057,0.673,0.05,0,deployment
DP-N-0423,1.168,1.946,0.058,0,deployment
DP-N-3177,1.4,3.485,0.046,0,deployment
DP-N-0868,1.812,2.122,0.049,0,deployment
DP-R-0121,3.793,2.168,0.067,1,deployment
DP-N-2391,1.277,0.347,0.036,0,deployment
DP-N-3467,2.284,2.174,0.046,0,deployment
DP-N-0580,2.008,3.48,0.044,0,deployment
DP-N-2000,1.698,-0.343,0.048,0,deployment
DP-N-1249,2.298,-0.16,0.054,0,deployment
DP-N-0281,2.549,1.036,0.052,0,deployment
DP-N-2286,1.163,7.979,0.033,0,deployment
DP-N-1095,1.822,-0.706,0.044,0,deployment
DP-N-3091,1.994,0.265,0.051,0,deployment
DP-N-1400,1.182,-0.169,0.035,0,deployment
DP-N-1011,2.619,-2.978,0.029,0,deployment
DP-N-3571,1.436,-4.531,0.032,0,deployment
DP-N-3772,2.559,0.742,0.056,0,deployment
DP-N-2737,0.336,-0.47,0.054,0,deployment
DP-N-1436,0.638,0.934,0.034,0,deployment
DP-N-1512,1.925,1.55,0.049,0,deployment
DP-R-0075,3.595,11.264,0.074,1,deployment
DP-N-0171,1.229,2.645,0.028,0,deployment
DP-N-0358,2.082,4.961,0.06,0,deployment
DP-N-0717,1.94,1.106,0.047,0,deployment
DP-N-0907,1.882,3.54,0.043,0,deployment
DP-N-1548,2.613,0.694,0.04,0,deployment
DP-N-3212,2.59,-3.773,0.022,0,deployment
DP-N-2012,1.863,-2.355,0.037,0,deployment
DP-N-2588,1.954,0.558,0.043,0,deployment
DP-N-2398,2.379,1.747,0.032,0,deployment
DP-N-1055,2.027,8.71,0.03,0,deployment
DP-N-2261,2.244,0.045,0.056,0,deployment
DP-N-1118,1.092,-2.192,0.032,0,deployment
DP-N-1539,1.054,-0.162,0.054,0,deployment
DP-N-0303,0.683,0.224,0.055,0,deployment
DP-N-0616,1.42,-3.235,0.047,0,deployment
DP-N-1760,2.09,-0.798,0.035,0,deployment
DP-N-3443,2.704,2.138,0.031,0,deployment
DP-N-0387,1.536,-2.331,0.038,0,deployment
DP-N-0716,1.034,1.477,0.047,0,deployment
DP-N-1925,2.147,-0.726,0.036,0,deployment
DP-N-1897,1.202,3.373,0.023,0,deployment
DP-N-3139,1.889,-0.491,0.042,0,deployment
DP-N-2183,1.798,-3.151,0.032,0,deployment
DP-N-1938,2.155,2.577,0.055,0,deployment
DP-N-2201,1.658,-2.554,0.05,0,deployment
DP-N-1841,1.969,0.063,0.053,0,deployment
DP-N-3223,1.431,-6.0,0.036,0,deployment
DP-N-0641,2.302,2.056,0.015,0,deployment
DP-N-0320,2.067,-1.383,0.034,0,deployment
DP-N-1893,1.694,-0.255,0.044,0,deployment
DP-N-1670,1.84,-0.347,0.044,0,deployment
DP-N-1382,2.709,-2.359,0.036,0,deployment
DP-N-3717,2.316,3.493,0.06,0,deployment
DP-N-1606,0.789,-1.019,0.038,0,deployment
DP-N-3794,1.886,-2.203,0.05,0,deployment
DP-N-1486,1.92,1.362,0.04,0,deployment
DP-N-2825,1.79,-3.705,0.042,0,deployment
DP-N-3332,1.795,-5.774,0.043,0,deployment
DP-N-3362,2.484,-2.953,0.045,0,deployment
DP-R-0017,3.009,7.151,0.074,1,deployment
DP-N-2543,1.804,3.008,0.036,0,deployment
DP-N-2823,2.044,4.241,0.032,0,deployment
DP-N-2791,1.275,5.145,0.03,0,deployment
DP-N-1790,1.918,-2.912,0.025,0,deployment
DP-N-1825,2.309,0.876,0.044,0,deployment
DP-N-1308,1.375,1.573,0.035,0,deployment
DP-N-0034,2.62,-5.624,0.051,0,deployment
DP-N-3167,0.771,1.808,0.031,0,deployment
DP-N-3780,2.258,1.758,0.046,0,deployment
DP-N-1916,2.436,-0.514,0.049,0,deployment
DP-N-1788,2.339,-1.266,0.04,0,deployment
DP-N-2296,2.598,1.079,0.035,0,deployment
DP-N-3192,1.314,-4.253,0.053,0,deployment
DP-N-2375,1.532,6.359,0.029,0,deployment
DP-N-2511,1.006,-3.458,0.037,0,deployment
DP-R-0122,3.506,6.058,0.097,1,deployment
DP-N-1608,1.837,0.936,0.048,0,deployment
DP-N-3405,2.202,3.152,0.054,0,deployment
DP-N-0932,1.321,3.472,0.055,0,deployment
DP-N-1110,1.572,2.952,0.051,0,deployment
DP-N-3679,2.267,0.186,0.067,0,deployment
DP-N-0284,2.358,5.04,0.04,0,deployment
DP-N-0711,1.309,-5.739,0.03,0,deployment
DP-N-0455,2.02,0.746,0.048,0,deployment
DP-N-2675,2.038,-0.119,0.033,0,deployment
DP-N-2804,1.96,1.192,0.043,0,deployment
DP-N-3333,2.783,-0.611,0.042,0,deployment
DP-R-0001,3.272,-3.521,0.053,1,deployment
DP-N-1212,0.532,-0.48,0.024,0,deployment
DP-N-3121,0.316,-0.262,0.045,0,deployment
DP-N-2802,1.544,-6.136,0.053,0,deployment
DP-N-0758,2.78,-2.726,0.03,0,deployment
DP-N-3549,2.8,2.814,0.074,0,deployment
DP-N-3400,1.288,-1.817,0.005,0,deployment
DP-N-2099,1.423,-1.359,0.033,0,deployment
DP-N-0147,3.007,-2.43,0.018,0,deployment
DP-N-3306,1.8,1.078,0.051,0,deployment
DP-N-1591,1.407,-0.363,0.033,0,deployment
DP-N-2239,2.169,1.767,0.048,0,deployment
DP-N-0262,1.78,-1.44,0.054,0,deployment
DP-N-1449,2.345,2.66,0.053,0,deployment
DP-N-3459,1.63,-6.83,0.041,0,deployment
DP-N-2125,2.303,2.716,0.033,0,deployment
DP-N-0357,1.201,5.296,0.045,0,deployment
DP-N-0958,1.65,6.013,0.055,0,deployment
DP-N-0359,1.745,5.628,0.032,0,deployment
DP-N-3655,1.18,0.759,0.034,0,deployment
DP-N-1961,1.178,-2.197,0.024,0,deployment
DP-N-1611,2.705,-1.788,0.046,0,deployment
DP-N-1264,2.123,2.304,0.038,0,deployment
DP-N-2212,1.635,3.267,0.034,0,deployment
DP-N-0419,1.986,0.682,0.049,0,deployment
DP-N-3567,1.398,-1.425,0.032,0,deployment
DP-R-0044,2.023,7.028,0.027,1,deployment
DP-N-2195,2.804,3.939,0.054,0,deployment
DP-N-3525,2.533,0.803,0.03,0,deployment
DP-N-2368,2.355,-0.773,0.052,0,deployment
DP-N-1147,1.455,2.64,0.035,0,deployment
DP-R-0052,1.373,5.165,0.055,1,deployment
DP-N-1328,1.995,-3.064,0.011,0,deployment
DP-N-3485,1.38,-2.825,0.029,0,deployment
DP-N-2976,1.58,3.195,0.043,0,deployment
DP-R-0043,4.703,0.227,0.095,1,deployment
DP-N-0032,1.594,4.517,0.057,0,deployment
DP-N-2507,2.541,6.769,0.043,0,deployment
DP-N-2887,1.113,-0.844,0.051,0,deployment
DP-N-3747,1.633,-6.352,0.063,0,deployment
DP-N-2446,3.188,-0.374,0.044,0,deployment
DP-N-2474,1.346,0.056,0.031,0,deployment
DP-N-3277,1.63,-1.675,0.024,0,deployment
DP-N-1438,2.401,-2.788,0.035,0,deployment
DP-N-2929,1.367,0.571,0.02,0,deployment
DP-N-2016,2.588,7.14,0.014,0,deployment
DP-N-2554,2.169,-0.404,0.039,0,deployment
DP-N-0939,2.255,-0.695,0.026,0,deployment
DP-N-2687,2.083,-3.137,0.049,0,deployment
DP-N-2042,1.465,3.541,0.022,0,deployment
DP-N-3512,2.243,1.294,0.057,0,deployment
DP-N-2594,1.996,-0.686,0.056,0,deployment
DP-N-0334,0.961,0.213,0.04,0,deployment
DP-N-0225,1.747,2.62,0.046,0,deployment
DP-N-2497,1.76,-3.154,0.022,0,deployment
DP-N-1937,1.399,1.363,0.041,0,deployment
DP-N-2755,2.387,2.402,0.032,0,deployment
DP-N-1499,1.309,0.264,0.039,0,deployment
DP-N-1803,0.827,-1.342,0.031,0,deployment
DP-N-2040,2.026,-1.993,0.031,0,deployment
DP-N-2327,1.171,2.279,0.044,0,deployment
DP-N-2664,1.412,0.476,0.041,0,deployment
DP-R-0189,4.426,6.707,0.114,1,deployment
DP-N-2896,1.875,-3.064,0.038,0,deployment
DP-N-0549,0.82,-3.288,0.053,0,deployment
DP-N-1345,2.062,1.594,0.058,0,deployment
DP-N-2247,2.228,-2.48,0.034,0,deployment
DP-N-1387,2.786,-1.144,0.038,0,deployment
DP-N-2707,1.621,1.697,0.038,0,deployment
DP-N-3723,1.551,0.472,0.029,0,deployment
DP-N-2642,1.808,2.204,0.02,0,deployment
DP-N-2526,2.013,-4.225,0.027,0,deployment
DP-N-1123,2.276,4.696,0.023,0,deployment
DP-N-1228,2.314,-0.777,0.065,0,deployment
DP-N-0413,1.422,-1.344,0.022,0,deployment
DP-N-1510,1.909,-0.539,0.039,0,deployment
DP-N-3700,2.349,-2.543,0.041,0,deployment
DP-N-2602,2.066,1.377,0.029,0,deployment
DP-N-0181,0.859,3.63,0.05,0,deployment
DP-N-1632,2.019,0.806,0.044,0,deployment
DP-N-2215,1.362,-0.005,0.038,0,deployment
DP-N-1167,1.543,-3.138,0.036,0,deployment
DP-N-3657,1.695,-2.455,0.049,0,deployment
DP-N-2695,1.969,-0.489,0.059,0,deployment
DP-N-3009,1.248,2.188,0.042,0,deployment
DP-N-3245,2.78,-0.888,0.04,0,deployment
DP-N-2861,1.315,-1.819,0.05,0,deployment
DP-N-0050,2.439,1.137,0.035,0,deployment
DP-N-2096,1.771,2.423,0.043,0,deployment
DP-N-2833,1.944,-0.952,0.044,0,deployment
DP-N-0761,0.984,-1.491,0.056,0,deployment
DP-R-0058,4.196,7.376,0.085,1,deployment
DP-N-0655,2.032,-1.665,0.047,0,deployment
DP-N-3644,1.042,0.651,0.034,0,deployment
DP-N-0221,1.483,1.445,0.05,0,deployment
DP-N-2001,1.1,1.065,0.021,0,deployment
DP-R-0022,2.679,3.528,0.074,1,deployment
DP-N-2427,1.528,0.113,0.023,0,deployment
DP-N-3410,1.371,0.467,0.033,0,deployment
DP-N-0853,2.431,0.199,0.033,0,deployment
DP-N-0638,1.452,1.264,0.021,0,deployment
DP-N-1575,2.452,3.414,0.047,0,deployment
DP-N-1266,0.832,-6.871,0.037,0,deployment
DP-N-0669,1.311,-0.417,0.035,0,deployment
DP-N-0871,2.17,-4.098,0.049,0,deployment
DP-N-0774,2.378,-1.916,0.04,0,deployment
DP-N-0112,1.526,5.096,0.041,0,deployment
DP-N-1216,0.468,-6.422,0.063,0,deployment
DP-N-0517,1.029,0.772,0.04,0,deployment
DP-N-0493,1.685,-3.93,0.049,0,deployment
DP-N-3031,1.708,3.168,0.038,0,deployment
DP-N-3136,2.371,2.491,0.036,0,deployment
DP-N-3303,1.89,2.627,0.055,0,deployment
DP-R-0119,3.45,10.108,0.087,1,deployment
DP-N-3047,1.349,0.192,0.032,0,deployment
DP-N-0280,1.964,-3.754,0.015,0,deployment
DP-N-1823,1.471,-3.595,0.033,0,deployment
DP-N-0817,1.228,1.342,0.038,0,deployment
DP-N-0739,1.586,2.533,0.051,0,deployment
DP-N-2734,2.09,-5.273,0.033,0,deployment
DP-N-3015,2.828,8.391,0.028,0,deployment
DP-N-2872,1.57,-2.31,0.039,0,deployment
DP-N-2945,2.187,5.489,0.037,0,deployment
DP-N-0886,1.882,0.803,0.052,0,deployment
DP-N-2498,1.641,0.119,0.021,0,deployment
DP-N-0819,1.592,0.158,0.056,0,deployment
DP-R-0007,2.423,4.949,0.071,1,deployment
DP-N-0620,1.949,-0.247,0.05,0,deployment
DP-N-0725,1.786,-3.948,0.058,0,deployment
DP-N-2604,1.669,4.17,0.036,0,deployment
DP-N-0286,1.199,-0.251,0.033,0,deployment
DP-N-0192,1.807,4.053,0.028,0,deployment
DP-N-0609,1.292,-1.945,0.043,0,deployment
DP-N-0624,0.484,4.938,0.038,0,deployment
DP-N-0626,1.842,-0.732,0.021,0,deployment
DP-N-1046,1.456,-2.843,0.047,0,deployment
DP-N-2950,1.457,3.678,0.033,0,deployment
DP-N-2775,1.805,-0.661,0.043,0,deployment
DP-N-0894,2.332,-2.275,0.025,0,deployment
DP-N-1350,1.698,-2.371,0.048,0,deployment
DP-R-0142,3.193,-1.559,0.073,1,deployment
DP-N-3423,1.278,7.45,0.031,0,deployment
DP-N-0431,2.415,2.208,0.058,0,deployment
DP-N-2670,1.804,2.271,0.031,0,deployment
DP-N-2214,1.707,1.361,0.062,0,deployment
DP-N-3635,1.589,-1.527,0.051,0,deployment
DP-N-3292,1.257,-0.21,0.027,0,deployment
DP-N-1128,1.156,-3.386,0.024,0,deployment
DP-N-0474,2.383,-2.152,0.041,0,deployment
DP-N-1430,0.836,2.484,0.052,0,deployment
DP-N-3598,1.609,-1.652,0.044,0,deployment
DP-N-3082,1.029,-0.436,0.041,0,deployment
DP-N-1526,2.298,-0.758,0.033,0,deployment
DP-N-3058,2.505,-0.939,0.041,0,deployment
DP-N-1490,1.801,-1.421,0.035,0,deployment
DP-N-0543,1.782,3.806,0.014,0,deployment
DP-N-2703,2.154,1.3,0.044,0,deployment
DP-N-1763,2.504,-1.654,0.036,0,deployment
DP-N-2780,0.255,-3.661,0.051,0,deployment
DP-N-0598,2.383,-2.118,0.042,0,deployment
DP-N-2090,1.792,-3.027,0.026,0,deployment
DP-N-1047,2.375,-1.625,0.057,0,deployment
DP-N-1630,2.022,-1.597,0.044,0,deployment
DP-N-0962,1.613,-2.273,0.062,0,deployment
DP-R-0056,3.187,9.14,0.09,1,deployment
DP-N-1657,0.532,5.827,0.052,0,deployment
DP-N-2691,1.844,-5.313,0.052,0,deployment
DP-N-1644,1.786,3.841,0.041,0,deployment
DP-N-2008,2.43,-0.519,0.028,0,deployment
DP-N-2476,1.437,1.539,0.06,0,deployment
DP-N-2515,1.75,-3.793,0.05,0,deployment
DP-R-0141,2.8,3.691,0.074,1,deployment
DP-N-1225,1.391,-0.512,0.035,0,deployment
DP-N-0084,2.204,2.577,0.053,0,deployment
DP-N-1903,2.225,-8.416,0.044,0,deployment
DP-N-3537,2.494,2.069,0.052,0,deployment
DP-N-1928,0.778,-5.996,0.048,0,deployment
DP-N-2335,2.229,-0.778,0.068,0,deployment
DP-N-0767,1.832,7.057,0.035,0,deployment
DP-N-3563,1.295,-4.058,0.03,0,deployment
DP-N-0578,1.219,-1.35,0.031,0,deployment
DP-N-2402,2.501,2.816,0.041,0,deployment
DP-N-1037,1.573,3.721,0.055,0,deployment
DP-N-0972,2.468,6.582,0.049,0,deployment
DP-N-0583,1.364,0.158,0.047,0,deployment
DP-N-3769,1.504,0.409,0.032,0,deployment
DP-R-0173,2.475,-1.207,0.087,1,deployment
DP-N-3646,2.483,-0.344,0.022,0,deployment
DP-N-2901,1.905,1.331,0.047,0,deployment
DP-N-0971,1.012,1.839,0.018,0,deployment
DP-N-3282,2.033,3.231,0.038,0,deployment
DP-N-2719,1.52,0.511,0.042,0,deployment
DP-N-0704,2.063,-2.695,0.02,0,deployment
DP-N-3235,1.168,-1.604,0.042,0,deployment
DP-N-3151,2.147,-2.689,0.031,0,deployment
DP-N-1529,2.204,2.777,0.039,0,deployment
DP-N-2366,1.94,-2.511,0.035,0,deployment
DP-N-0513,1.645,-0.062,0.055,0,deployment
DP-N-1513,2.386,-1.967,0.05,0,deployment
DP-R-0085,3.65,3.48,0.051,1,deployment
DP-N-0906,2.644,-0.427,0.045,0,deployment
DP-N-3387,1.854,-1.691,0.05,0,deployment
DP-N-1017,1.866,2.782,0.04,0,deployment
DP-N-0245,0.98,1.864,0.02,0,deployment
DP-N-1885,1.061,-1.784,0.041,0,deployment
DP-N-2353,2.804,-2.519,0.05,0,deployment
DP-N-2985,1.368,4.742,0.02,0,deployment
DP-N-3579,2.108,-4.049,0.04,0,deployment
DP-N-3665,1.594,-1.268,0.045,0,deployment
DP-N-0204,1.731,-4.174,0.042,0,deployment
DP-R-0113,3.65,4.994,0.098,1,deployment
DP-N-1935,1.665,-3.791,0.04,0,deployment
DP-N-2271,2.046,0.623,0.035,0,deployment
DP-N-0288,2.409,0.539,0.009,0,deployment
DP-N-2331,2.437,0.376,0.051,0,deployment
DP-N-3241,1.719,3.211,0.046,0,deployment
DP-N-0466,1.132,1.896,0.023,0,deployment
DP-N-3229,1.079,-1.69,0.051,0,deployment
DP-N-3569,2.924,-0.868,0.019,0,deployment
DP-N-2178,2.165,0.042,0.026,0,deployment
DP-N-1944,0.89,-0.722,0.046,0,deployment
DP-N-0319,1.386,-1.603,0.03,0,deployment
DP-N-2920,2.223,2.97,0.054,0,deployment
DP-N-2931,1.887,3.799,0.038,0,deployment
DP-N-2972,1.38,-1.114,0.029,0,deployment
DP-N-3142,1.83,-1.066,0.055,0,deployment
DP-N-1538,2.0,-1.29,0.025,0,deployment
DP-N-3096,1.461,3.19,0.047,0,deployment
DP-N-3275,1.293,2.08,0.037,0,deployment
DP-N-1356,2.186,-3.181,0.051,0,deployment
DP-N-0596,1.89,-2.575,0.054,0,deployment
DP-N-2682,1.891,2.887,0.036,0,deployment
DP-N-2998,1.773,3.158,0.043,0,deployment
DP-N-2037,1.179,-4.495,0.046,0,deployment
DP-N-3208,2.752,0.564,0.044,0,deployment
DP-N-2112,2.837,-1.322,0.033,0,deployment
DP-N-1131,1.85,6.796,0.035,0,deployment
DP-N-2245,1.442,-1.812,0.036,0,deployment
DP-N-0839,2.554,1.626,0.067,0,deployment
DP-N-0555,2.146,1.179,0.031,0,deployment
DP-N-1672,2.399,-0.208,0.037,0,deployment
DP-N-2372,1.456,-1.173,0.031,0,deployment
DP-N-0330,1.205,-1.96,0.026,0,deployment
DP-N-3510,1.118,2.752,0.042,0,deployment
DP-N-2466,2.299,-0.126,0.041,0,deployment
DP-N-3741,2.012,0.993,0.036,0,deployment
DP-N-2138,2.139,-2.76,0.036,0,deployment
DP-N-1946,0.442,2.621,0.067,0,deployment
DP-N-0040,0.861,2.346,0.026,0,deployment
DP-N-0235,1.46,0.073,0.034,0,deployment
DP-N-3658,1.473,-2.626,0.058,0,deployment
DP-N-3705,1.776,4.037,0.018,0,deployment
DP-N-2892,2.277,-2.968,0.041,0,deployment
DP-N-0650,1.336,-1.558,0.027,0,deployment
DP-N-0007,1.462,-0.985,0.025,0,deployment
DP-N-1019,0.696,-4.083,0.04,0,deployment
DP-N-0564,2.083,-3.139,0.051,0,deployment
DP-N-1277,2.986,-0.369,0.035,0,deployment
DP-N-3351,1.471,-5.743,0.023,0,deployment
DP-N-3651,2.512,-4.199,0.053,0,deployment
DP-N-2826,1.989,2.518,0.059,0,deployment
DP-N-0473,1.849,-3.559,0.035,0,deployment
DP-N-1344,1.546,2.646,0.038,0,deployment
DP-N-0022,1.034,1.635,0.034,0,deployment
DP-N-2667,1.316,1.695,0.045,0,deployment
DP-N-2871,1.781,-7.401,0.043,0,deployment
DP-N-0984,1.301,-0.732,0.038,0,deployment
DP-N-3210,1.042,1.6,0.041,0,deployment
DP-N-2927,0.916,-1.113,0.045,0,deployment
DP-N-1033,2.489,-6.535,0.039,0,deployment
DP-N-2401,1.74,-0.94,0.04,0,deployment
DP-N-1286,2.538,3.877,0.047,0,deployment
DP-N-2712,2.497,1.779,0.048,0,deployment
DP-N-2961,2.686,1.951,0.054,0,deployment
DP-N-0898,1.0,-0.142,0.04,0,deployment
DP-R-0090,3.931,3.302,0.07,1,deployment
DP-N-3699,2.543,0.608,0.033,0,deployment
DP-N-1942,1.565,-2.305,0.042,0,deployment
DP-N-1821,3.196,1.355,0.031,0,deployment
DP-N-2248,2.293,3.321,0.057,0,deployment
DP-N-0924,2.273,-1.33,0.035,0,deployment
DP-N-2055,1.932,-0.456,0.035,0,deployment
DP-N-2832,1.563,-2.757,0.047,0,deployment
DP-R-0020,2.841,9.268,0.051,1,deployment
DP-N-2455,1.488,0.805,0.051,0,deployment
DP-N-3584,2.319,-4.121,0.038,0,deployment
DP-N-0677,1.684,-2.143,0.025,0,deployment
DP-N-2076,1.872,-2.719,0.061,0,deployment
DP-N-1541,2.029,2.289,0.042,0,deployment
DP-N-2010,3.231,-4.086,0.061,0,deployment
DP-N-2267,1.584,5.986,0.045,0,deployment
DP-R-0100,3.229,9.348,0.081,1,deployment
DP-N-0456,1.136,-2.342,0.041,0,deployment
DP-N-0919,2.343,-0.551,0.037,0,deployment
DP-N-0883,1.643,4.261,0.034,0,deployment
DP-N-3056,0.631,2.429,0.035,0,deployment
DP-N-2495,1.889,-2.296,0.032,0,deployment
DP-N-3502,2.005,3.564,0.04,0,deployment
DP-N-2910,0.791,-2.873,0.028,0,deployment
DP-N-1746,2.129,-3.462,0.053,0,deployment
DP-N-0897,0.564,-3.668,0.029,0,deployment
DP-N-1787,1.017,-2.0,0.014,0,deployment
DP-N-0610,1.15,4.962,0.038,0,deployment
DP-N-3102,2.612,0.027,0.053,0,deployment
DP-N-1351,2.488,4.762,0.037,0,deployment
DP-N-2614,1.773,-2.083,0.061,0,deployment
DP-N-3558,1.485,5.555,0.063,0,deployment
DP-N-1983,1.353,-5.36,0.049,0,deployment
DP-N-1020,1.893,4.069,0.037,0,deployment
DP-N-2167,0.47,-2.267,0.038,0,deployment
DP-N-3503,2.151,-2.619,0.042,0,deployment
DP-N-3546,1.416,2.364,0.062,0,deployment
DP-N-0105,2.436,-1.237,0.033,0,deployment
DP-N-2651,1.549,-3.991,0.059,0,deployment
DP-N-2251,2.668,3.183,0.042,0,deployment
DP-N-3763,1.358,-2.967,0.051,0,deployment
DP-N-2918,2.007,-2.372,0.029,0,deployment
DP-N-1994,1.475,-2.405,0.045,0,deployment
DP-N-2278,1.934,-2.208,0.061,0,deployment
DP-N-3199,1.076,-0.961,0.034,0,deployment
DP-N-1250,2.0,-1.653,0.056,0,deployment
DP-N-2905,1.638,-0.623,0.048,0,deployment
DP-N-3083,1.968,-0.366,0.061,0,deployment
DP-N-1692,1.731,2.52,0.055,0,deployment
DP-N-0684,1.493,1.515,0.046,0,deployment
DP-N-3158,1.702,0.892,0.054,0,deployment
DP-N-2315,2.808,-2.875,0.048,0,deployment
DP-N-0768,1.237,-0.084,0.049,0,deployment
DP-N-1572,1.748,-2.619,0.054,0,deployment
DP-N-2678,0.748,1.636,0.057,0,deployment
DP-N-0399,2.032,-2.75,0.025,0,deployment
DP-N-0220,1.956,1.836,0.038,0,deployment
DP-N-2306,2.216,0.901,0.062,0,deployment
DP-N-2731,1.065,0.264,0.042,0,deployment
DP-N-3059,1.186,-0.504,0.037,0,deployment
DP-N-0035,1.196,-2.058,0.046,0,deployment
DP-N-1636,1.59,1.37,0.067,0,deployment
DP-N-1256,2.233,-1.164,0.018,0,deployment
DP-N-1057,1.791,0.399,0.048,0,deployment
DP-N-0012,2.104,-3.87,0.048,0,deployment
DP-N-2665,2.097,2.904,0.041,0,deployment
DP-N-3363,1.636,-1.428,0.047,0,deployment
DP-N-0199,1.814,0.922,0.045,0,deployment
DP-N-3795,2.27,-0.263,0.032,0,deployment
DP-N-2337,2.151,-4.188,0.069,0,deployment
DP-N-1883,1.125,-0.341,0.048,0,deployment
DP-N-1056,2.051,-0.061,0.035,0,deployment
DP-N-1235,2.273,-4.479,0.014,0,deployment
DP-R-0019,3.527,0.34,0.061,1,deployment
DP-N-3713,0.805,1.674,0.042,0,deployment
DP-N-1050,1.85,-1.291,0.043,0,deployment
DP-N-2469,2.178,-0.539,0.029,0,deployment
DP-N-3179,1.683,-3.173,0.011,0,deployment
DP-N-3271,2.865,-0.119,0.035,0,deployment
DP-N-0902,1.368,-1.491,0.023,0,deployment
DP-N-1770,2.191,4.434,0.047,0,deployment
DP-N-0547,1.955,-1.033,0.038,0,deployment
DP-N-0014,1.558,-1.353,0.016,0,deployment
DP-N-1280,2.378,1.961,0.024,0,deployment
DP-R-0010,4.27,11.5,0.071,1,deployment
DP-N-2574,1.992,0.438,0.043,0,deployment
DP-R-0064,2.599,7.995,0.074,1,deployment
DP-N-0702,1.972,3.227,0.031,0,deployment
DP-N-3343,1.582,-1.391,0.064,0,deployment
DP-N-3639,1.542,-1.043,0.035,0,deployment
DP-N-2933,2.783,-1.324,0.057,0,deployment
DP-N-0923,1.371,-1.807,0.037,0,deployment
DP-N-3279,1.241,-2.288,0.044,0,deployment
DP-N-2193,1.363,-5.386,0.049,0,deployment
DP-N-2383,2.458,-3.731,0.057,0,deployment
DP-N-2145,1.723,-2.13,0.057,0,deployment
DP-N-1367,2.208,-1.29,0.062,0,deployment
DP-R-0083,4.696,6.468,0.087,1,deployment
DP-N-2762,3.251,-2.092,0.038,0,deployment
DP-N-1838,1.951,1.271,0.018,0,deployment
DP-N-3578,2.613,0.182,0.036,0,deployment
DP-N-2390,1.26,-3.659,0.04,0,deployment
DP-N-2154,1.475,-4.416,0.042,0,deployment
DP-N-0811,1.995,3.78,0.027,0,deployment
DP-N-2850,2.47,0.22,0.04,0,deployment
DP-N-3396,1.571,1.871,0.033,0,deployment
DP-N-3500,2.05,-2.341,0.023,0,deployment
DP-N-2912,1.811,-3.238,0.038,0,deployment
DP-N-0861,1.841,-1.018,0.021,0,deployment
DP-N-0776,2.49,1.066,0.039,0,deployment
DP-N-3232,1.555,4.372,0.04,0,deployment
DP-N-2025,1.527,1.679,0.029,0,deployment
DP-N-3301,1.402,2.059,0.03,0,deployment
DP-N-3787,2.465,1.545,0.043,0,deployment
DP-N-1132,1.422,-0.595,0.024,0,deployment
DP-N-1327,1.552,3.183,0.04,0,deployment
DP-N-0443,1.555,0.452,0.037,0,deployment
DP-N-3288,2.908,3.036,0.036,0,deployment
DP-N-0144,2.351,-0.135,0.066,0,deployment
DP-N-1160,1.551,6.227,0.035,0,deployment
DP-N-2517,1.63,-3.637,0.062,0,deployment
DP-N-1703,1.997,-1.059,0.042,0,deployment
DP-N-2899,1.386,-3.363,0.032,0,deployment
DP-N-2652,1.868,-0.11,0.039,0,deployment
DP-N-2585,1.51,3.08,0.039,0,deployment
DP-N-3446,1.83,-0.004,0.04,0,deployment
DP-R-0051,2.922,5.446,0.071,1,deployment
DP-N-3601,1.223,-2.886,0.043,0,deployment
DP-N-1294,1.785,2.772,0.051,0,deployment
DP-N-1232,2.113,-2.143,0.055,0,deployment
DP-N-2632,2.173,-1.389,0.022,0,deployment
DP-N-1718,2.437,8.091,0.026,0,deployment
DP-N-0926,1.425,2.564,0.025,0,deployment
DP-N-2192,1.175,0.862,0.045,0,deployment
DP-N-1695,2.388,-4.223,0.048,0,deployment
DP-R-0048,4.393,9.282,0.073,1,deployment
DP-N-3746,1.283,-5.38,0.03,0,deployment
DP-N-3153,1.727,2.974,0.034,0,deployment
DP-N-1922,2.278,-0.676,0.038,0,deployment
DP-N-2100,1.102,-0.588,0.018,0,deployment
DP-N-0735,2.069,-5.604,0.032,0,deployment
DP-N-1807,0.755,1.019,0.074,0,deployment
DP-N-1150,2.166,-4.721,0.076,0,deployment
DP-N-2704,1.748,0.731,0.043,0,deployment
DP-N-2636,2.637,1.769,0.03,0,deployment
DP-N-3114,2.532,-3.204,0.035,0,deployment
DP-N-2263,2.622,-0.736,0.039,0,deployment
DP-N-2013,1.67,1.009,0.054,0,deployment
DP-N-0248,1.68,-5.088,0.031,0,deployment
DP-N-2432,1.418,-0.811,0.051,0,deployment
DP-N-0980,2.139,5.991,0.059,0,deployment
DP-N-0563,2.822,2.428,0.049,0,deployment
DP-N-3757,1.082,2.817,0.05,0,deployment
DP-N-0341,1.946,-0.343,0.037,0,deployment
DP-N-2159,2.591,3.225,0.041,0,deployment
DP-N-3436,2.325,0.982,0.038,0,deployment
DP-N-3553,1.993,5.315,0.042,0,deployment
DP-N-3457,2.394,0.617,0.063,0,deployment
DP-N-1936,3.016,0.491,0.055,0,deployment
DP-N-1493,2.211,-1.279,0.038,0,deployment
DP-N-1275,1.786,1.576,0.047,0,deployment
DP-N-3383,2.862,2.319,0.053,0,deployment
DP-N-3585,1.54,-1.234,0.048,0,deployment
DP-R-0013,4.007,9.668,0.093,1,deployment
DP-N-2157,1.877,1.207,0.038,0,deployment
DP-N-0393,2.173,-3.529,0.033,0,deployment
DP-N-0180,2.367,4.835,0.041,0,deployment
DP-N-3470,1.908,1.309,0.033,0,deployment
DP-N-2765,1.294,0.518,0.03,0,deployment
DP-N-3357,1.528,-2.589,0.038,0,deployment
DP-N-1299,1.867,-1.237,0.058,0,deployment
DP-N-0882,1.365,-2.778,0.052,0,deployment
DP-N-2783,1.922,-2.884,0.044,0,deployment
DP-N-1415,1.039,-6.028,0.058,0,deployment
DP-N-0143,1.033,-0.018,0.023,0,deployment
DP-N-2414,2.168,1.079,0.055,0,deployment
DP-N-3589,2.048,2.752,0.027,0,deployment
DP-N-1873,0.947,-4.132,0.043,0,deployment
DP-N-1832,1.068,-2.308,0.037,0,deployment
DP-N-2026,1.927,0.221,0.063,0,deployment
DP-R-0152,3.921,3.838,0.09,1,deployment
DP-N-0974,1.716,3.139,0.035,0,deployment
DP-N-2031,1.068,-1.617,0.052,0,deployment
DP-N-0013,1.636,-2.29,0.015,0,deployment
DP-N-3482,1.452,-2.21,0.048,0,deployment
DP-N-1448,1.453,0.305,0.041,0,deployment
DP-R-0131,3.723,11.09,0.066,1,deployment
DP-N-0336,2.755,3.261,0.058,0,deployment
DP-N-1104,1.925,-4.259,0.049,0,deployment
DP-N-3146,1.122,3.579,0.021,0,deployment
DP-N-2598,2.156,3.654,0.029,0,deployment
DP-N-2954,1.372,-3.549,0.033,0,deployment
DP-N-1726,1.736,-3.341,0.042,0,deployment
DP-N-1777,1.79,4.848,0.048,0,deployment
DP-N-1391,2.389,0.717,0.035,0,deployment
DP-N-0895,1.813,2.608,0.027,0,deployment
DP-N-0516,1.342,-0.834,0.038,0,deployment
DP-N-2863,2.132,0.419,0.062,0,deployment
DP-N-2571,1.771,-2.418,0.034,0,deployment
DP-N-3147,2.188,1.543,0.022,0,deployment
DP-N-0699,1.314,2.383,0.041,0,deployment
DP-N-2093,1.073,-1.927,0.055,0,deployment
DP-N-3421,2.341,-1.646,0.018,0,deployment
DP-N-1392,1.582,8.688,0.042,0,deployment
DP-N-0126,2.494,-1.007,0.034,0,deployment
DP-N-0325,1.318,1.469,0.048,0,deployment
DP-N-0369,1.391,1.005,0.044,0,deployment
DP-N-2681,1.666,1.744,0.042,0,deployment
DP-N-3042,2.938,-0.875,0.022,0,deployment
DP-N-2669,1.79,-0.99,0.023,0,deployment
DP-N-1208,1.483,1.096,0.06,0,deployment
DP-N-2181,1.974,-0.62,0.025,0,deployment
DP-N-0069,2.346,-5.239,0.053,0,deployment
DP-N-1565,1.085,0.383,0.038,0,deployment
DP-N-2083,1.335,-0.997,0.047,0,deployment
DP-N-1346,1.813,1.949,0.043,0,deployment
DP-N-3035,2.043,-0.612,0.053,0,deployment
DP-N-0120,2.152,-1.38,0.042,0,deployment
DP-N-2359,1.038,-4.981,0.056,0,deployment
DP-N-1408,1.315,-2.552,0.036,0,deployment
DP-N-1833,2.305,-1.534,0.036,0,deployment
DP-N-3720,1.211,-3.992,0.054,0,deployment
DP-N-1532,1.293,-5.943,0.041,0,deployment
DP-N-1064,0.986,1.988,0.03,0,deployment
DP-R-0032,4.211,7.614,0.087,1,deployment
DP-N-0179,1.702,-4.254,0.041,0,deployment
DP-N-0292,1.437,-3.146,0.05,0,deployment
DP-N-2529,2.105,0.973,0.028,0,deployment
DP-N-3486,2.302,3.159,0.034,0,deployment
DP-N-0664,1.79,-0.984,0.062,0,deployment
DP-N-0240,1.617,3.462,0.052,0,deployment
DP-N-2349,0.964,-1.042,0.041,0,deployment
DP-N-0232,0.402,-0.003,0.025,0,deployment
DP-N-0395,1.644,0.3,0.029,0,deployment
DP-N-1592,1.57,-3.755,0.034,0,deployment
DP-N-1536,1.731,3.738,0.031,0,deployment
DP-N-1342,1.63,2.044,0.042,0,deployment
DP-N-1410,1.169,4.42,0.061,0,deployment
DP-N-0116,2.233,2.689,0.022,0,deployment
DP-N-1564,2.68,3.1,0.037,0,deployment
DP-N-1086,1.768,-0.016,0.051,0,deployment
DP-N-1520,2.252,-3.944,0.047,0,deployment
DP-N-3466,1.116,2.643,0.033,0,deployment
DP-N-2475,2.072,-1.292,0.045,0,deployment
DP-N-1284,1.63,0.739,0.028,0,deployment
DP-N-1579,2.103,0.569,0.037,0,deployment
DP-N-0010,2.608,-0.39,0.036,0,deployment
DP-N-1115,0.604,2.632,0.023,0,deployment
DP-N-2160,1.36,-2.954,0.061,0,deployment
DP-N-0780,1.712,2.474,0.055,0,deployment
DP-N-2272,2.095,0.241,0.028,0,deployment
DP-N-1809,1.826,-0.527,0.039,0,deployment
DP-N-3667,0.564,3.53,0.048,0,deployment
DP-N-0553,2.179,-1.513,0.039,0,deployment
DP-R-0009,3.25,12.356,0.066,1,deployment
DP-N-2689,1.374,2.75,0.022,0,deployment
DP-N-2847,1.586,3.345,0.032,0,deployment
DP-N-2715,1.313,0.282,0.028,0,deployment
DP-N-2051,2.217,-5.97,0.042,0,deployment
DP-N-3152,2.198,-2.088,0.053,0,deployment
DP-N-2859,0.612,-4.179,0.046,0,deployment
DP-N-3346,2.418,-2.134,0.049,0,deployment
DP-N-1640,2.518,-3.245,0.05,0,deployment
DP-N-1743,1.187,3.111,0.034,0,deployment
DP-N-3182,1.471,-1.342,0.051,0,deployment
DP-N-1919,2.31,1.055,0.04,0,deployment
DP-N-0582,1.101,-1.338,0.02,0,deployment
DP-N-3130,2.679,-2.242,0.032,0,deployment
DP-N-0168,1.223,2.594,0.039,0,deployment
DP-N-2250,2.327,-1.871,0.049,0,deployment
DP-N-2897,1.964,4.369,0.05,0,deployment
DP-N-1686,1.877,-2.041,0.026,0,deployment
DP-N-2824,2.075,-0.512,0.071,0,deployment
DP-N-1113,0.727,4.206,0.05,0,deployment
DP-N-1927,1.108,-0.858,0.057,0,deployment
DP-N-0522,2.88,2.349,0.042,0,deployment
DP-N-0631,2.007,0.491,0.06,0,deployment
DP-N-3089,1.743,-4.126,0.044,0,deployment
DP-N-0273,0.906,0.352,0.043,0,deployment
DP-N-2860,2.706,3.552,0.047,0,deployment
DP-N-2041,1.716,1.745,0.028,0,deployment
DP-N-3531,0.732,-0.627,0.047,0,deployment
DP-N-2376,2.057,-3.288,0.066,0,deployment
DP-N-1504,1.915,1.926,0.04,0,deployment
DP-N-0994,1.835,-0.515,0.051,0,deployment
DP-N-0503,1.793,1.348,0.039,0,deployment
DP-N-3786,1.644,-3.097,0.029,0,deployment
DP-N-0970,2.198,-0.266,0.035,0,deployment
DP-N-0698,2.034,-3.899,0.033,0,deployment
DP-N-0759,1.143,0.171,0.039,0,deployment
DP-N-0408,1.596,-5.207,0.029,0,deployment
DP-N-3511,2.621,-2.881,0.014,0,deployment
DP-N-0540,1.986,5.237,0.05,0,deployment
DP-N-0703,2.427,3.066,0.035,0,deployment
DP-N-2062,1.159,3.638,0.03,0,deployment
DP-N-1728,0.443,2.442,0.061,0,deployment
DP-N-1905,1.274,-0.133,0.03,0,deployment
DP-N-3230,2.045,-7.659,0.041,0,deployment
DP-N-2148,1.384,2.978,0.033,0,deployment
DP-N-1428,1.957,-1.172,0.045,0,deployment
DP-N-2677,1.821,1.325,0.038,0,deployment
DP-N-3261,1.297,3.142,0.035,0,deployment
DP-N-0802,1.698,-2.087,0.025,0,deployment
DP-N-2873,0.902,0.875,0.049,0,deployment
DP-N-1423,1.689,7.425,0.051,0,deployment
DP-N-3761,1.237,-4.391,0.031,0,deployment
DP-N-3325,2.065,-2.23,0.07,0,deployment
DP-N-0394,2.223,-0.047,0.009,0,deployment
DP-N-3111,2.106,0.083,0.06,0,deployment
DP-N-2659,2.303,-3.991,0.026,0,deployment
DP-N-1673,1.818,0.556,0.061,0,deployment
DP-N-3318,0.89,-1.615,0.028,0,deployment
DP-N-1082,2.801,1.688,0.043,0,deployment
DP-N-3122,1.245,0.155,0.05,0,deployment
DP-N-3063,1.644,-1.539,0.031,0,deployment
DP-N-0044,2.328,2.993,0.038,0,deployment
DP-N-1901,0.612,4.823,0.034,0,deployment
DP-N-1891,1.242,0.987,0.054,0,deployment
DP-N-1911,1.718,-0.243,0.04,0,deployment
DP-N-1600,1.077,-0.929,0.036,0,deployment
DP-N-0829,2.067,4.507,0.042,0,deployment
DP-N-0061,2.266,-0.357,0.038,0,deployment
DP-N-0149,1.025,0.164,0.054,0,deployment
DP-N-3013,1.922,4.283,0.032,0,deployment
DP-N-3286,2.496,6.538,0.035,0,deployment
DP-N-0844,2.383,1.968,0.066,0,deployment
DP-N-2895,1.4,-5.101,0.043,0,deployment
DP-N-3497,2.619,2.204,0.04,0,deployment
DP-N-2795,1.712,-0.966,0.039,0,deployment
DP-N-2663,1.975,-5.357,0.045,0,deployment
DP-R-0057,2.078,14.596,0.09,1,deployment
DP-N-1693,1.797,3.269,0.035,0,deployment
DP-N-2916,0.211,0.431,0.063,0,deployment
DP-N-3528,1.586,-1.961,0.031,0,deployment
DP-N-2601,2.63,3.153,0.043,0,deployment
DP-N-1749,2.227,-2.257,0.045,0,deployment
DP-N-2297,1.956,-1.133,0.048,0,deployment
DP-N-1151,2.068,0.385,0.046,0,deployment
DP-N-3079,1.955,-3.197,0.047,0,deployment
DP-N-0246,1.578,-5.82,0.053,0,deployment
DP-N-2562,1.06,6.707,0.049,0,deployment
DP-N-0271,1.304,1.57,0.047,0,deployment
DP-N-0268,1.256,-1.581,0.03,0,deployment
DP-N-0306,1.226,-4.18,0.027,0,deployment
DP-N-1798,1.581,1.514,0.043,0,deployment
DP-R-0074,4.292,3.436,0.044,1,deployment
DP-N-3380,1.469,3.673,0.04,0,deployment
DP-N-0432,2.728,-0.551,0.017,0,deployment
DP-N-3767,2.524,-0.815,0.038,0,deployment
DP-N-3262,1.057,1.172,0.058,0,deployment
DP-N-1747,1.684,-2.675,0.031,0,deployment
DP-N-0361,0.906,-0.2,0.021,0,deployment
DP-N-1902,1.725,-5.492,0.057,0,deployment
DP-N-3266,1.79,1.409,0.028,0,deployment
DP-N-0031,2.163,-1.685,0.048,0,deployment
DP-N-3368,0.454,4.181,0.045,0,deployment
DP-N-0322,0.725,-0.319,0.037,0,deployment
DP-N-2149,2.402,3.984,0.012,0,deployment
DP-N-3642,1.559,-2.736,0.032,0,deployment
DP-N-2277,1.466,-1.981,0.049,0,deployment
DP-R-0078,2.441,1.818,0.063,1,deployment
DP-N-2174,0.82,-1.518,0.049,0,deployment
DP-N-0403,1.737,1.967,0.037,0,deployment
DP-N-0859,2.736,-4.274,0.05,0,deployment
DP-N-3381,1.748,4.85,0.043,0,deployment
DP-N-0537,1.216,-1.773,0.046,0,deployment
DP-N-2690,1.325,-2.543,0.037,0,deployment
DP-N-3677,1.546,-0.25,0.054,0,deployment
DP-N-1302,1.941,-0.593,0.04,0,deployment
DP-N-0867,1.058,1.984,0.034,0,deployment
DP-N-1827,2.504,0.665,0.036,0,deployment
DP-N-0657,2.102,3.779,0.045,0,deployment
DP-N-0719,1.145,2.822,0.018,0,deployment
DP-N-0155,1.96,-0.24,0.045,0,deployment
DP-N-1425,2.037,0.908,0.045,0,deployment
DP-N-3449,1.149,0.337,0.056,0,deployment
DP-N-0381,2.347,0.488,0.054,0,deployment
DP-R-0091,2.369,9.119,0.046,1,deployment
DP-N-0047,1.801,0.068,0.027,0,deployment
DP-N-3538,2.097,-7.235,0.014,0,deployment
DP-N-3726,2.35,0.377,0.05,0,deployment
DP-N-2693,2.166,2.864,0.037,0,deployment
DP-N-1530,1.255,-1.231,0.044,0,deployment
DP-N-3018,1.428,2.141,0.035,0,deployment
DP-N-2709,1.014,3.505,0.035,0,deployment
DP-N-1912,0.968,1.779,0.033,0,deployment
DP-N-2641,1.472,-3.243,0.035,0,deployment
DP-N-3672,1.93,1.818,0.049,0,deployment
DP-N-2047,1.281,-5.603,0.026,0,deployment
DP-N-0821,1.746,-1.715,0.044,0,deployment
DP-N-0338,3.003,2.668,0.052,0,deployment
DP-N-3517,2.888,1.006,0.039,0,deployment
DP-N-2344,2.242,-0.402,0.052,0,deployment
DP-N-0162,1.849,-4.105,0.033,0,deployment
DP-N-3183,2.652,-3.902,0.037,0,deployment
DP-N-2043,2.029,2.849,0.015,0,deployment
DP-N-2830,1.676,-2.044,0.037,0,deployment
DP-N-0993,0.933,-0.131,0.046,0,deployment
DP-N-2295,2.172,-3.897,0.071,0,deployment
DP-N-1495,2.116,-0.557,0.048,0,deployment
DP-N-1158,1.981,4.281,0.031,0,deployment
DP-N-2109,1.472,-3.372,0.041,0,deployment
DP-N-3586,1.39,4.169,0.048,0,deployment
DP-R-0081,3.538,10.773,0.048,1,deployment
DP-N-0858,2.179,-0.041,0.041,0,deployment
DP-N-3264,2.523,5.068,0.033,0,deployment
DP-N-0535,1.373,-2.255,0.043,0,deployment
DP-N-1603,1.725,-1.145,0.064,0,deployment
DP-N-0417,1.747,3.063,0.038,0,deployment
DP-N-0020,2.308,-2.053,0.048,0,deployment
DP-N-3448,1.335,-1.313,0.025,0,deployment
DP-N-1995,2.667,2.876,0.041,0,deployment
DP-N-3514,1.092,2.299,0.036,0,deployment
DP-N-1727,1.806,0.181,0.034,0,deployment
DP-N-3217,2.196,-1.875,0.019,0,deployment
DP-N-0500,1.992,-2.256,0.052,0,deployment
DP-R-0016,3.667,4.933,0.102,1,deployment
DP-N-2644,2.279,2.972,0.031,0,deployment
DP-N-1581,3.082,-1.594,0.042,0,deployment
DP-N-3244,1.737,2.968,0.038,0,deployment
DP-N-2388,1.886,5.431,0.046,0,deployment
DP-R-0084,3.273,3.841,0.039,1,deployment
DP-N-3068,2.235,1.491,0.035,0,deployment
DP-N-0608,1.663,-4.309,0.055,0,deployment
DP-N-1853,1.392,-0.802,0.03,0,deployment
DP-N-1313,2.186,-0.352,0.042,0,deployment
DP-N-3166,1.892,5.575,0.025,0,deployment
DP-N-0226,1.93,-0.33,0.033,0,deployment
DP-N-1485,1.916,2.402,0.029,0,deployment
DP-N-2116,1.292,1.586,0.038,0,deployment
DP-N-1362,1.02,-0.266,0.044,0,deployment
DP-N-3295,2.243,1.082,0.047,0,deployment
DP-N-3683,2.637,-6.171,0.024,0,deployment
DP-N-2798,2.767,-1.406,0.053,0,deployment
DP-N-2097,2.221,-3.63,0.043,0,deployment
DP-N-0244,2.092,-0.063,0.046,0,deployment
DP-N-0055,0.732,-4.913,0.049,0,deployment
DP-N-0130,1.317,-0.491,0.034,0,deployment
DP-N-0464,2.003,-1.622,0.056,0,deployment
DP-N-2649,3.288,1.704,0.037,0,deployment
DP-N-0645,1.828,3.719,0.041,0,deployment
DP-N-1340,2.936,2.974,0.035,0,deployment
DP-N-3428,2.757,4.352,0.044,0,deployment
DP-N-2777,1.383,3.086,0.051,0,deployment
DP-N-3590,2.135,4.242,0.049,0,deployment
DP-N-1166,0.907,2.406,0.053,0,deployment
DP-N-0129,1.535,0.567,0.048,0,deployment
DP-N-0487,1.921,-2.393,0.053,0,deployment
DP-N-1730,2.091,1.391,0.049,0,deployment
DP-N-0514,2.472,-0.928,0.056,0,deployment
DP-N-2782,2.161,1.984,0.031,0,deployment
DP-N-3120,1.601,2.135,0.032,0,deployment
DP-N-2049,2.298,0.759,0.027,0,deployment
DP-N-0133,1.876,1.186,0.041,0,deployment
DP-N-1018,2.0,-0.458,0.018,0,deployment
DP-N-0832,1.854,-0.38,0.053,0,deployment
DP-N-3417,1.287,-4.68,0.039,0,deployment
DP-N-1352,2.417,-1.825,0.055,0,deployment
DP-N-0793,2.278,-5.899,0.037,0,deployment
DP-N-0264,1.453,2.296,0.061,0,deployment
DP-N-1797,0.294,0.467,0.048,0,deployment
DP-N-3311,2.404,0.005,0.033,0,deployment
DP-N-0619,1.753,2.835,0.038,0,deployment
DP-N-0600,2.017,7.009,0.028,0,deployment
DP-N-0869,0.893,-0.742,0.032,0,deployment
DP-N-3355,1.587,-4.413,0.031,0,deployment
DP-N-3632,2.186,4.415,0.039,0,deployment
DP-N-1725,3.214,-4.5,0.047,0,deployment
DP-N-1654,0.812,-7.603,0.039,0,deployment
DP-N-3475,1.814,8.593,0.058,0,deployment
DP-N-2336,1.61,-1.562,0.037,0,deployment
DP-N-3465,1.48,-3.973,0.028,0,deployment
DP-N-2456,1.606,2.735,0.023,0,deployment
DP-N-2902,1.225,0.696,0.033,0,deployment
DP-N-3535,1.538,0.657,0.044,0,deployment
DP-N-3002,1.759,1.213,0.051,0,deployment
DP-N-1515,2.591,-3.115,0.054,0,deployment
DP-N-2290,3.066,0.094,0.05,0,deployment
DP-N-1310,1.258,5.463,0.051,0,deployment
DP-N-1281,2.007,-0.959,0.061,0,deployment
DP-N-3737,2.71,6.922,0.036,0,deployment
DP-N-1074,1.581,3.229,0.053,0,deployment
DP-R-0183,5.529,4.712,0.081,1,deployment
DP-N-1403,1.865,-1.825,0.029,0,deployment
DP-N-2087,2.164,-3.625,0.033,0,deployment
DP-N-0146,1.746,2.751,0.022,0,deployment
DP-N-2385,1.724,-0.07,0.042,0,deployment
DP-N-2589,1.959,-2.835,0.039,0,deployment
DP-N-1676,1.666,-3.672,0.043,0,deployment
DP-N-2227,2.339,0.578,0.015,0,deployment
DP-N-1717,1.098,-0.809,0.042,0,deployment
DP-N-3620,0.49,-0.587,0.058,0,deployment
DP-N-0489,1.332,0.212,0.025,0,deployment
DP-N-1822,1.465,-3.891,0.052,0,deployment
DP-N-2078,2.703,-0.426,0.041,0,deployment
DP-N-0592,1.495,1.693,0.047,0,deployment
DP-N-2303,2.02,4.381,0.047,0,deployment
DP-N-0567,0.531,1.0,0.041,0,deployment
DP-N-3144,1.835,-0.262,0.029,0,deployment
DP-N-0460,2.03,1.694,0.055,0,deployment
DP-N-2485,0.819,-1.231,0.016,0,deployment
DP-N-3682,2.098,-2.307,0.055,0,deployment
DP-N-1547,1.611,0.564,0.038,0,deployment
DP-R-0149,3.101,-0.956,0.059,1,deployment
DP-N-1269,1.962,-2.17,0.013,0,deployment
DP-R-0053,3.662,14.159,0.076,1,deployment
DP-N-0551,1.838,2.503,0.05,0,deployment
DP-N-0738,1.319,0.875,0.049,0,deployment
DP-N-2846,1.012,-3.588,0.054,0,deployment
DP-N-3582,1.889,1.772,0.017,0,deployment
DP-N-1029,3.007,-5.49,0.046,0,deployment
DP-N-3493,1.435,3.95,0.041,0,deployment
DP-N-1375,1.04,-3.974,0.012,0,deployment
DP-N-3093,1.436,-3.289,0.035,0,deployment
DP-N-1647,2.166,0.432,0.019,0,deployment
DP-N-1409,1.686,-1.555,0.035,0,deployment
DP-N-2772,2.401,-5.933,0.041,0,deployment
DP-N-2676,1.908,-0.111,0.043,0,deployment
DP-R-0143,5.18,12.137,0.078,1,deployment
DP-N-0294,2.137,4.526,0.05,0,deployment
DP-N-0566,2.752,-4.973,0.022,0,deployment
DP-N-3409,1.678,5.362,0.037,0,deployment
DP-N-0343,1.174,-1.445,0.051,0,deployment
DP-N-0579,2.433,-3.787,0.055,0,deployment
DP-N-2631,0.393,1.511,0.018,0,deployment
DP-N-3791,1.612,3.026,0.046,0,deployment
DP-N-1758,1.88,1.988,0.042,0,deployment
DP-N-2793,1.792,0.705,0.048,0,deployment
DP-N-0845,2.04,5.058,0.051,0,deployment
DP-N-3371,1.351,-3.4,0.046,0,deployment
DP-N-3774,2.172,-2.071,0.059,0,deployment
DP-N-0911,1.453,-1.976,0.027,0,deployment
DP-N-0700,1.69,-3.704,0.048,0,deployment
DP-N-0763,2.083,6.773,0.036,0,deployment
DP-N-2561,2.081,-0.087,0.056,0,deployment
DP-N-2282,2.0,0.138,0.031,0,deployment
DP-N-2680,2.274,0.511,0.057,0,deployment
DP-N-1971,1.505,-3.801,0.019,0,deployment
DP-N-2129,1.441,5.109,0.038,0,deployment
DP-N-1651,2.554,2.578,0.03,0,deployment
DP-N-2122,0.918,-2.902,0.06,0,deployment
DP-N-0206,1.38,-2.093,0.03,0,deployment
DP-N-0757,0.663,3.416,0.046,0,deployment
DP-N-3073,2.542,-1.3,0.04,0,deployment
DP-N-1171,1.909,-0.347,0.026,0,deployment
DP-N-0119,1.232,2.293,0.047,0,deployment
DP-N-3576,2.716,-4.66,0.022,0,deployment
DP-N-0590,1.621,3.205,0.037,0,deployment
DP-N-2460,1.651,-0.65,0.013,0,deployment
DP-N-3451,0.945,2.073,0.047,0,deployment
DP-N-2437,1.004,-0.297,0.022,0,deployment
DP-N-2820,0.531,1.056,0.03,0,deployment
DP-N-2605,1.302,-3.233,0.045,0,deployment
DP-N-0153,1.881,1.254,0.037,0,deployment
DP-N-1441,2.683,0.482,0.043,0,deployment
DP-N-2431,1.283,-5.437,0.023,0,deployment
DP-N-2219,1.169,-2.486,0.042,0,deployment
DP-N-1025,2.124,1.461,0.024,0,deployment
DP-R-0072,3.744,12.683,0.061,1,deployment
DP-N-2968,1.393,-3.963,0.033,0,deployment
DP-N-2317,1.468,1.57,0.051,0,deployment
DP-N-3764,1.128,-1.152,0.056,0,deployment
DP-N-3324,1.166,-0.142,0.033,0,deployment
DP-N-3016,2.477,0.865,0.038,0,deployment
DP-N-1374,1.682,0.605,0.024,0,deployment
DP-N-2710,2.337,7.834,0.057,0,deployment
DP-N-0329,2.656,1.418,0.049,0,deployment
DP-N-1694,1.542,-7.079,0.038,0,deployment
DP-N-0777,1.215,-0.524,0.026,0,deployment
DP-N-2876,2.474,-4.251,0.061,0,deployment
DP-N-3554,1.206,0.082,0.039,0,deployment
DP-N-2233,1.996,3.206,0.043,0,deployment
DP-N-2761,1.444,0.358,0.034,0,deployment
DP-N-1081,1.611,2.939,0.069,0,deployment
DP-N-2095,1.654,1.746,0.038,0,deployment
DP-N-1521,2.71,-2.149,0.018,0,deployment
DP-N-2596,1.16,-3.785,0.027,0,deployment
DP-N-2226,2.232,3.148,0.04,0,deployment
DP-N-1505,1.467,-4.39,0.024,0,deployment
DP-N-2030,1.518,2.577,0.051,0,deployment
DP-N-2535,1.902,3.814,0.048,0,deployment
DP-N-2210,1.768,1.877,0.056,0,deployment
DP-N-3494,1.607,5.144,0.05,0,deployment
DP-N-2789,1.658,-0.724,0.051,0,deployment
DP-N-3728,0.622,-4.233,0.034,0,deployment
DP-N-2451,2.015,-1.632,0.051,0,deployment
DP-N-0696,1.412,-2.769,0.024,0,deployment
DP-N-2371,1.487,1.89,0.042,0,deployment
DP-N-2046,0.89,-0.884,0.027,0,deployment
DP-N-1305,2.316,1.93,0.022,0,deployment
DP-N-2688,1.834,-3.762,0.043,0,deployment
DP-N-2508,1.309,1.308,0.047,0,deployment
DP-N-2176,2.561,-0.958,0.049,0,deployment
DP-N-3752,1.192,-4.887,0.056,0,deployment
DP-N-0850,1.959,-3.453,0.053,0,deployment
DP-N-2499,1.215,0.432,0.057,0,deployment
DP-N-2729,3.122,2.618,0.037,0,deployment
DP-N-1090,1.379,-2.921,0.05,0,deployment
DP-N-3174,1.713,-3.907,0.053,0,deployment
DP-N-2717,0.847,0.186,0.045,0,deployment
DP-N-1419,2.184,-0.901,0.048,0,deployment
DP-N-0379,1.749,2.098,0.05,0,deployment
DP-N-2107,1.798,-4.83,0.037,0,deployment
DP-N-0731,1.014,1.141,0.035,0,deployment
DP-N-3431,1.4,0.378,0.04,0,deployment
DP-N-2759,2.223,-4.829,0.06,0,deployment
DP-N-0398,1.67,0.836,0.048,0,deployment
DP-N-1377,1.417,-1.516,0.042,0,deployment
DP-N-1845,2.413,2.528,0.05,0,deployment
DP-N-3527,1.948,-6.485,0.028,0,deployment
DP-N-2819,1.58,4.842,0.051,0,deployment
DP-N-0025,1.23,-1.669,0.045,0,deployment
DP-N-1283,1.759,1.487,0.046,0,deployment
DP-N-0165,2.514,-3.942,0.046,0,deployment
DP-N-3041,2.644,-0.891,0.02,0,deployment
DP-N-0368,0.781,0.779,0.048,0,deployment
DP-N-2081,1.292,5.628,0.047,0,deployment
DP-N-0940,1.458,-2.884,0.032,0,deployment
DP-N-3489,1.623,1.581,0.029,0,deployment
DP-N-1321,3.001,0.306,0.033,0,deployment
DP-N-2168,2.628,-2.465,0.046,0,deployment
DP-N-3339,2.397,-4.865,0.024,0,deployment
DP-N-1849,1.345,4.316,0.022,0,deployment
DP-N-0352,1.313,3.422,0.049,0,deployment
DP-N-2611,1.489,0.807,0.034,0,deployment
DP-N-1847,1.925,1.181,0.025,0,deployment
DP-N-0076,1.659,0.288,0.045,0,deployment
DP-N-0999,2.38,2.992,0.053,0,deployment
DP-N-1247,1.023,4.298,0.012,0,deployment
DP-N-2374,0.703,2.555,0.026,0,deployment
DP-N-0511,2.595,0.047,0.04,0,deployment
DP-N-2505,1.597,3.469,0.027,0,deployment
DP-N-1766,2.269,-0.858,0.04,0,deployment
DP-N-3291,1.53,-0.253,0.046,0,deployment
DP-N-2946,-0.074,-3.972,0.045,0,deployment
DP-N-2405,1.999,0.171,0.029,0,deployment
DP-N-3008,2.677,-0.13,0.031,0,deployment
DP-R-0146,2.454,4.181,0.063,1,deployment
DP-N-0309,1.905,-1.326,0.03,0,deployment
DP-N-1783,1.331,3.78,0.049,0,deployment
DP-N-2206,1.689,0.691,0.051,0,deployment
DP-N-3026,0.719,-1.559,0.053,0,deployment
DP-N-1506,1.846,1.998,0.039,0,deployment
DP-N-0099,2.005,6.034,0.049,0,deployment
DP-N-1932,0.93,1.987,0.043,0,deployment
DP-N-3702,1.349,9.156,0.037,0,deployment
DP-N-1049,1.195,4.693,0.038,0,deployment
DP-N-3236,1.794,4.385,0.023,0,deployment
DP-N-0552,1.685,-1.371,0.04,0,deployment
DP-N-0998,2.379,4.757,0.041,0,deployment
DP-N-2735,1.265,6.51,0.035,0,deployment
DP-N-0745,2.226,-0.853,0.067,0,deployment
DP-N-0519,2.146,-4.188,0.043,0,deployment
DP-N-0009,0.777,-1.218,0.042,0,deployment
DP-N-0575,1.62,3.448,0.044,0,deployment
DP-R-0192,3.228,1.925,0.079,1,deployment
DP-R-0137,1.723,2.626,0.048,1,deployment
DP-N-0096,1.377,2.687,0.059,0,deployment
DP-N-0102,1.844,-3.307,0.047,0,deployment
DP-N-3625,1.648,1.731,0.048,0,deployment
DP-N-3592,2.16,-0.728,0.042,0,deployment
DP-R-0063,2.76,-2.815,0.065,1,deployment
DP-N-3574,1.498,-1.928,0.026,0,deployment
DP-N-1951,1.519,4.305,0.044,0,deployment
DP-N-3543,1.916,-6.821,0.029,0,deployment
DP-N-2209,1.533,-0.677,0.029,0,deployment
DP-N-2066,2.361,-2.782,0.028,0,deployment
DP-N-0789,1.374,7.027,0.027,0,deployment
DP-N-1898,2.999,2.622,0.029,0,deployment
DP-N-1093,2.349,2.721,0.02,0,deployment
DP-N-0872,1.535,4.127,0.03,0,deployment
DP-N-3350,1.877,-1.528,0.053,0,deployment
DP-N-1014,1.615,0.067,0.035,0,deployment
DP-N-1292,1.742,4.359,0.059,0,deployment
DP-N-0327,2.431,-1.37,0.036,0,deployment
DP-N-3440,0.213,-1.715,0.033,0,deployment
DP-N-0066,1.662,-5.556,0.023,0,deployment
DP-N-0257,1.774,0.807,0.044,0,deployment
DP-R-0179,2.568,8.181,0.065,1,deployment
DP-R-0110,5.274,7.592,0.124,1,deployment
DP-N-1738,1.38,0.122,0.023,0,deployment
DP-N-0685,1.716,-0.434,0.043,0,deployment
DP-N-2758,2.595,6.824,0.025,0,deployment
DP-N-0202,3.169,-7.234,0.019,0,deployment
DP-R-0066,3.645,6.478,0.061,1,deployment
DP-N-2799,1.828,1.375,0.035,0,deployment
DP-N-0233,1.326,-0.13,0.057,0,deployment
DP-N-3373,1.539,0.633,0.051,0,deployment
DP-N-1279,1.947,0.692,0.03,0,deployment
DP-N-1460,1.872,-3.989,0.039,0,deployment
DP-N-1105,2.154,-1.018,0.054,0,deployment
DP-N-3689,1.169,3.719,0.042,0,deployment
DP-N-2958,2.414,-0.614,0.033,0,deployment
DP-N-2921,1.543,-0.213,0.055,0,deployment
DP-N-2017,2.37,2.285,0.054,0,deployment
DP-N-3348,1.499,-2.023,0.029,0,deployment
DP-N-2672,1.507,0.77,0.045,0,deployment
DP-N-0363,2.569,0.116,0.039,0,deployment
DP-N-2127,2.627,-0.141,0.044,0,deployment
DP-N-1613,1.536,-3.13,0.036,0,deployment
DP-N-0471,0.806,-3.546,0.026,0,deployment
DP-N-0048,1.234,-5.068,0.043,0,deployment
DP-N-0072,1.557,2.574,0.038,0,deployment
DP-N-0912,1.823,5.329,0.035,0,deployment
DP-N-3518,1.643,0.617,0.027,0,deployment
DP-N-1303,1.431,1.639,0.023,0,deployment
DP-R-0190,3.308,12.457,0.072,1,deployment
DP-N-3250,1.046,0.599,0.037,0,deployment
DP-N-3378,1.485,-0.264,0.041,0,deployment
DP-N-3785,1.847,-3.063,0.056,0,deployment
DP-N-2829,2.391,-6.43,0.06,0,deployment
DP-N-0554,3.047,-0.724,0.05,0,deployment
DP-N-0371,1.431,0.593,0.032,0,deployment
DP-N-0589,3.0,-1.743,0.024,0,deployment
DP-N-0896,2.002,3.03,0.03,0,deployment
DP-N-1038,2.859,-0.548,0.05,0,deployment
DP-R-0125,3.687,9.853,0.088,1,deployment
DP-N-3412,1.717,-1.28,0.044,0,deployment
DP-N-1221,2.242,0.098,0.042,0,deployment
DP-N-0730,1.831,0.894,0.061,0,deployment
DP-N-3520,1.899,-4.388,0.032,0,deployment
DP-N-1949,1.747,-0.024,0.016,0,deployment
DP-N-3636,2.231,-1.307,0.037,0,deployment
DP-N-1837,1.482,-0.144,0.05,0,deployment
DP-N-0148,1.452,4.219,0.061,0,deployment
DP-N-3137,1.605,1.773,0.036,0,deployment
DP-N-0891,2.982,1.736,0.041,0,deployment
DP-N-2936,1.658,-6.075,0.054,0,deployment
DP-N-0300,1.806,2.965,0.067,0,deployment
DP-N-0692,1.436,1.548,0.046,0,deployment
DP-N-0261,1.678,-2.718,0.045,0,deployment
DP-N-0404,2.033,-1.606,0.034,0,deployment
DP-N-0884,1.995,2.466,0.043,0,deployment
DP-N-2864,0.987,-1.818,0.033,0,deployment
DP-N-3005,1.725,5.302,0.04,0,deployment
DP-N-2881,1.476,-1.975,0.052,0,deployment
DP-N-2995,1.703,-6.576,0.026,0,deployment
DP-N-1265,1.165,-0.612,0.022,0,deployment
DP-N-3048,1.941,0.601,0.033,0,deployment
DP-N-3647,1.477,-4.616,0.044,0,deployment
DP-N-3342,1.393,3.547,0.042,0,deployment
DP-N-3269,2.682,-10.504,0.052,0,deployment
DP-N-2705,2.25,3.475,0.052,0,deployment
DP-N-2072,1.626,-0.31,0.025,0,deployment
DP-N-0296,1.73,1.362,0.052,0,deployment
DP-N-1658,0.957,0.205,0.046,0,deployment
DP-N-1551,1.364,3.916,0.024,0,deployment
DP-N-3799,1.457,4.117,0.021,0,deployment
DP-N-2421,1.397,-1.288,0.043,0,deployment
DP-N-3038,1.944,3.212,0.039,0,deployment
DP-R-0198,2.493,3.798,0.077,1,deployment
DP-N-3154,2.099,-0.184,0.049,0,deployment
DP-N-2024,2.122,5.034,0.015,0,deployment
DP-N-2696,2.011,2.401,0.025,0,deployment
DP-N-0182,2.303,-1.064,0.035,0,deployment
DP-N-1562,2.325,-1.794,0.062,0,deployment
DP-N-0728,1.725,2.756,0.044,0,deployment
DP-N-1324,1.681,-6.159,0.034,0,deployment
DP-N-2856,1.93,7.124,0.032,0,deployment
DP-R-0002,2.422,11.062,0.068,1,deployment
DP-N-1364,2.242,2.175,0.03,0,deployment
DP-N-2586,2.083,-0.425,0.069,0,deployment
DP-N-1660,1.237,-1.751,0.028,0,deployment
DP-N-1531,2.517,-0.69,0.05,0,deployment
DP-N-0023,2.565,4.835,0.024,0,deployment
DP-N-1653,1.644,4.841,0.045,0,deployment
DP-N-2229,1.006,5.37,0.043,0,deployment
DP-N-3732,1.695,0.467,0.064,0,deployment
DP-N-2502,1.278,3.567,0.037,0,deployment
DP-N-1148,1.692,-0.169,0.048,0,deployment
DP-N-2854,1.394,-1.271,0.047,0,deployment
DP-N-1252,0.531,-1.741,0.058,0,deployment
DP-N-0509,2.146,0.021,0.042,0,deployment
DP-N-3327,1.366,0.833,0.041,0,deployment
DP-N-0841,1.537,0.97,0.037,0,deployment
DP-N-1794,2.233,-1.276,0.056,0,deployment
DP-N-2721,1.735,-0.902,0.029,0,deployment
DP-N-3663,2.196,3.512,0.029,0,deployment
DP-N-0950,1.76,4.292,0.046,0,deployment
DP-N-0693,1.565,-1.634,0.034,0,deployment
DP-N-1443,1.547,-1.632,0.012,0,deployment
DP-N-0846,1.227,-2.421,0.042,0,deployment
DP-N-1363,1.338,3.646,0.031,0,deployment
DP-N-3197,2.04,6.062,0.036,0,deployment
DP-N-2333,0.924,0.193,0.034,0,deployment
DP-N-2430,1.911,-4.315,0.037,0,deployment
DP-N-2057,2.121,-1.16,0.037,0,deployment
DP-R-0162,3.229,3.115,0.079,1,deployment
DP-N-1844,1.641,3.228,0.033,0,deployment
DP-N-0613,1.347,2.951,0.04,0,deployment
DP-N-3205,0.461,-6.623,0.036,0,deployment
DP-N-2646,1.565,-2.762,0.039,0,deployment
DP-N-0866,1.141,-4.032,0.056,0,deployment
DP-N-0028,1.649,0.355,0.052,0,deployment
DP-N-0224,2.286,2.379,0.02,0,deployment
DP-N-0506,1.951,-5.989,0.036,0,deployment
DP-N-3226,1.797,0.768,0.038,0,deployment
DP-N-2369,0.981,-1.697,0.026,0,deployment
DP-N-2324,1.315,-0.658,0.061,0,deployment
DP-N-0587,2.423,0.54,0.034,0,deployment
DP-N-0314,1.481,-0.948,0.03,0,deployment
DP-N-3140,1.099,-3.181,0.027,0,deployment
DP-N-1175,2.031,0.631,0.052,0,deployment
DP-N-1894,1.187,0.705,0.013,0,deployment
DP-N-1498,0.636,-0.568,0.028,0,deployment
DP-N-2436,2.297,1.221,0.044,0,deployment
DP-N-3374,1.927,-1.095,0.053,0,deployment
DP-N-2338,2.093,-1.619,0.039,0,deployment
DP-N-0732,2.227,0.439,0.03,0,deployment
DP-N-2440,2.349,4.972,0.026,0,deployment
DP-N-2656,2.045,4.054,0.032,0,deployment
DP-N-0178,1.838,4.434,0.031,0,deployment
DP-N-0295,2.604,5.211,0.038,0,deployment
DP-N-1820,2.242,-1.619,0.047,0,deployment
DP-N-0275,0.856,0.53,0.054,0,deployment
DP-N-0260,1.532,0.548,0.015,0,deployment
DP-N-1960,1.732,-2.348,0.041,0,deployment
DP-N-3623,1.772,-3.97,0.05,0,deployment
DP-N-0690,1.853,0.26,0.032,0,deployment
DP-N-3597,0.912,-1.538,0.055,0,deployment
DP-N-3606,1.844,-1.687,0.049,0,deployment
DP-N-2984,2.131,3.849,0.029,0,deployment
DP-N-2409,1.342,-2.728,0.065,0,deployment
DP-N-3170,1.95,-2.312,0.038,0,deployment
DP-N-1835,1.249,2.005,0.045,0,deployment
DP-N-2202,0.949,-1.821,0.023,0,deployment
DP-N-1561,2.347,2.447,0.056,0,deployment
DP-R-0008,4.042,7.228,0.095,1,deployment
DP-R-0026,4.145,-3.495,0.072,1,deployment
DP-N-2521,1.302,-2.734,0.028,0,deployment
DP-N-3450,1.899,0.492,0.027,0,deployment
DP-N-3159,1.197,1.304,0.021,0,deployment
DP-N-2900,2.563,1.921,0.038,0,deployment
DP-N-2384,1.423,-0.455,0.024,0,deployment
DP-N-1723,1.915,-0.232,0.021,0,deployment
DP-N-0820,1.909,7.668,0.054,0,deployment
DP-N-2551,1.334,2.991,0.039,0,deployment
DP-N-3278,2.508,-0.341,0.029,0,deployment
DP-N-1487,1.046,0.558,0.042,0,deployment
DP-N-1058,1.97,0.876,0.027,0,deployment
DP-N-0822,2.04,-3.899,0.037,0,deployment
DP-N-2510,1.437,5.026,0.068,0,deployment
DP-N-0773,1.619,5.892,0.053,0,deployment
DP-N-2628,2.209,-0.979,0.045,0,deployment
DP-N-2198,2.351,1.216,0.048,0,deployment
DP-N-1896,1.965,-3.78,0.023,0,deployment
DP-N-3755,3.124,0.99,0.044,0,deployment
DP-N-3455,0.678,-4.531,0.037,0,deployment
DP-N-2544,0.993,-2.124,0.042,0,deployment
DP-N-2486,1.916,-0.9,0.043,0,deployment
DP-N-1966,1.549,3.914,0.058,0,deployment
DP-N-0908,1.761,-3.119,0.051,0,deployment
DP-N-0377,2.602,0.67,0.031,0,deployment
DP-N-1230,1.592,-2.385,0.042,0,deployment
DP-N-2184,2.21,-0.379,0.023,0,deployment
DP-N-1767,1.089,0.291,0.067,0,deployment
DP-N-0960,2.08,1.401,0.016,0,deployment
DP-N-1664,2.071,-0.83,0.06,0,deployment
DP-N-1868,2.349,2.098,0.032,0,deployment
DP-N-0706,2.702,1.049,0.044,0,deployment
DP-N-0952,2.325,2.737,0.034,0,deployment
DP-N-3104,1.352,-2.709,0.035,0,deployment
DP-N-0475,1.922,0.436,0.044,0,deployment
DP-N-2423,2.502,3.308,0.049,0,deployment
DP-R-0185,3.26,10.107,0.052,1,deployment
DP-N-2548,1.867,0.623,0.039,0,deployment
DP-N-2077,1.004,-0.699,0.056,0,deployment
DP-N-1206,1.576,1.067,0.043,0,deployment
DP-N-1207,0.647,0.331,0.043,0,deployment
DP-N-1544,2.363,-2.625,0.048,0,deployment
DP-N-0528,1.356,0.064,0.016,0,deployment
DP-N-2639,1.249,-4.302,0.058,0,deployment
DP-N-3673,1.443,-0.332,0.043,0,deployment
DP-N-2700,1.715,5.755,0.036,0,deployment
DP-N-2480,2.167,-1.827,0.019,0,deployment
DP-N-2964,2.18,-0.04,0.054,0,deployment
DP-N-3106,0.772,-0.76,0.054,0,deployment
DP-N-0430,2.069,-3.508,0.035,0,deployment
DP-N-2539,2.397,3.016,0.044,0,deployment
DP-N-2304,1.671,-0.435,0.044,0,deployment
DP-N-0654,2.124,1.214,0.039,0,deployment
DP-N-1402,1.909,-0.943,0.028,0,deployment
DP-N-0183,2.218,0.41,0.027,0,deployment
DP-N-2089,2.103,2.083,0.041,0,deployment
DP-N-3694,1.411,-4.246,0.037,0,deployment
DP-N-0737,2.059,2.271,0.054,0,deployment
DP-N-2380,2.198,-0.27,0.039,0,deployment
DP-N-0526,1.759,1.392,0.036,0,deployment
DP-N-3243,1.382,-0.763,0.041,0,deployment
DP-N-0885,1.308,-2.479,0.048,0,deployment
DP-N-3532,1.758,1.394,0.049,0,deployment
DP-N-1842,2.2,-0.47,0.051,0,deployment
DP-N-3426,2.179,4.437,0.027,0,deployment
DP-N-1433,2.106,1.511,0.041,0,deployment
DP-N-0836,2.208,0.338,0.048,0,deployment
DP-N-3392,0.804,4.552,0.029,0,deployment
DP-R-0197,4.358,3.442,0.058,1,deployment
DP-N-3233,1.363,-1.985,0.039,0,deployment
DP-N-0400,2.526,-0.61,0.056,0,deployment
DP-N-3364,2.338,3.254,0.036,0,deployment
DP-N-0278,1.224,-9.814,0.048,0,deployment
DP-N-0849,1.757,3.554,0.022,0,deployment
DP-N-1629,2.303,1.106,0.042,0,deployment
DP-N-0161,1.518,5.068,0.041,0,deployment
DP-N-1075,1.457,1.522,0.052,0,deployment
DP-N-1628,2.306,1.947,0.048,0,deployment
DP-N-1716,1.24,-4.214,0.06,0,deployment
DP-N-2503,2.577,-0.15,0.031,0,deployment
DP-R-0191,1.986,10.731,0.05,1,deployment
DP-N-2634,3.094,0.089,0.043,0,deployment
DP-N-1772,2.089,-4.643,0.049,0,deployment
DP-N-3453,1.63,-1.961,0.035,0,deployment
DP-N-2512,1.185,-4.131,0.051,0,deployment
DP-N-3225,1.856,1.794,0.053,0,deployment
DP-N-3027,1.282,-0.285,0.047,0,deployment
DP-N-0710,1.319,8.341,0.041,0,deployment
DP-N-1007,2.165,5.991,0.027,0,deployment
DP-N-0695,2.117,0.296,0.031,0,deployment
DP-N-0154,2.97,1.103,0.035,0,deployment
DP-N-3024,1.112,-0.142,0.037,0,deployment
DP-N-0640,1.28,1.521,0.049,0,deployment
DP-N-3127,1.723,-3.0,0.048,0,deployment
DP-N-2155,1.906,-4.803,0.061,0,deployment
DP-N-2291,1.236,0.796,0.018,0,deployment
DP-N-1609,1.536,-3.565,0.036,0,deployment
DP-N-0577,1.143,-3.636,0.032,0,deployment
DP-N-3758,2.176,5.831,0.01,0,deployment
DP-N-0978,1.695,-1.764,0.019,0,deployment
DP-N-0098,1.823,-1.193,0.036,0,deployment
DP-N-1599,1.52,3.577,0.047,0,deployment
DP-N-2236,2.107,3.009,0.047,0,deployment
DP-N-2352,2.222,-2.418,0.032,0,deployment
DP-N-3748,1.709,0.846,0.05,0,deployment
DP-N-0441,1.835,-1.456,0.043,0,deployment
DP-N-2811,0.611,6.464,0.048,0,deployment
DP-N-3744,1.745,-1.09,0.01,0,deployment
DP-N-1805,1.681,-3.04,0.032,0,deployment
DP-N-0887,2.782,-1.955,0.045,0,deployment
DP-N-1477,2.335,3.543,0.031,0,deployment
DP-N-2283,1.078,5.1,0.044,0,deployment
DP-N-2426,2.753,-0.574,0.026,0,deployment
DP-N-3419,1.081,3.95,0.039,0,deployment
DP-N-1156,1.364,5.386,0.044,0,deployment
DP-N-0810,1.942,1.208,0.034,0,deployment
DP-R-0174,4.553,7.005,0.062,1,deployment
DP-N-2966,2.28,4.67,0.055,0,deployment
DP-N-2763,2.316,0.264,0.037,0,deployment
DP-N-0615,1.642,2.862,0.053,0,deployment
DP-N-1534,1.695,-2.54,0.04,0,deployment
DP-R-0077,2.942,-0.218,0.077,1,deployment
DP-N-3098,1.337,3.118,0.043,0,deployment
DP-N-2661,1.682,2.579,0.025,0,deployment
DP-N-1635,1.906,1.502,0.047,0,deployment
DP-N-1129,2.158,1.188,0.037,0,deployment
DP-N-1369,2.282,-2.385,0.025,0,deployment
DP-N-0550,1.756,6.747,0.039,0,deployment
DP-N-2172,1.142,-2.143,0.038,0,deployment
DP-R-0133,2.726,13.428,0.075,1,deployment
DP-N-3000,2.167,1.095,0.028,0,deployment
DP-N-2977,2.964,-0.943,0.045,0,deployment
DP-N-3593,1.119,4.87,0.057,0,deployment
DP-N-3209,1.099,2.026,0.03,0,deployment
DP-R-0004,2.393,13.565,0.099,1,deployment
DP-N-0736,1.64,7.217,0.038,0,deployment
DP-N-2185,2.007,-0.168,0.032,0,deployment
DP-N-0985,1.333,1.914,0.033,0,deployment
DP-N-2843,1.73,2.908,0.046,0,deployment
DP-N-2334,2.373,3.017,0.01,0,deployment
DP-N-0205,1.783,0.67,0.038,0,deployment
DP-N-3401,0.723,0.31,0.038,0,deployment
DP-N-1163,1.278,0.516,0.044,0,deployment
DP-N-1704,1.956,-3.736,0.037,0,deployment
DP-N-2622,1.099,1.269,0.026,0,deployment
DP-N-1149,1.008,0.217,0.022,0,deployment
DP-N-2170,0.82,-1.103,0.05,0,deployment
DP-N-3559,2.164,0.394,0.049,0,deployment
DP-N-2011,1.941,-1.463,0.056,0,deployment
DP-N-1496,1.557,-6.52,0.053,0,deployment
DP-N-1229,2.077,1.199,0.042,0,deployment
DP-N-2407,1.9,0.877,0.01,0,deployment
DP-N-2151,2.113,0.316,0.03,0,deployment
DP-N-1380,1.897,0.794,0.032,0,deployment
DP-N-3345,1.826,5.47,0.036,0,deployment
DP-N-1237,2.771,-1.773,0.041,0,deployment
DP-N-2117,1.78,-0.998,0.067,0,deployment
DP-N-0848,1.755,1.652,0.035,0,deployment
DP-N-0813,1.931,4.336,0.034,0,deployment
DP-N-2801,1.744,-1.994,0.037,0,deployment
DP-N-2064,1.207,0.932,0.029,0,deployment
DP-N-0237,2.118,-2.909,0.025,0,deployment
DP-N-2815,2.353,-3.142,0.032,0,deployment
DP-N-3134,2.49,1.045,0.06,0,deployment
DP-N-0468,2.093,-1.834,0.022,0,deployment
DP-N-1196,1.789,2.544,0.033,0,deployment
DP-N-0211,1.818,2.183,0.034,0,deployment
DP-N-3062,1.989,4.51,0.038,0,deployment
DP-R-0138,2.013,-2.768,0.089,1,deployment
DP-N-1473,1.865,0.284,0.036,0,deployment
DP-N-0071,2.01,-1.627,0.04,0,deployment
DP-N-3688,2.144,3.911,0.025,0,deployment
DP-N-1130,1.239,4.388,0.033,0,deployment
DP-N-2326,2.049,1.808,0.052,0,deployment
DP-N-3614,1.811,2.05,0.029,0,deployment
DP-N-1397,1.98,-1.128,0.041,0,deployment
DP-N-3033,1.873,-0.665,0.026,0,deployment
DP-N-2284,1.573,-0.907,0.05,0,deployment
DP-N-1859,1.932,-2.028,0.039,0,deployment
DP-N-2091,2.652,1.758,0.046,0,deployment
DP-N-2467,1.742,-6.526,0.036,0,deployment
DP-N-0643,1.727,-3.561,0.045,0,deployment
DP-N-0637,2.968,0.194,0.037,0,deployment
DP-N-3181,1.03,-1.572,0.051,0,deployment
DP-N-0775,2.133,3.345,0.049,0,deployment
DP-N-1482,2.243,-4.858,0.053,0,deployment
DP-N-2312,2.167,4.205,0.035,0,deployment
DP-N-1560,1.004,-2.64,0.068,0,deployment
DP-N-1616,2.171,3.792,0.039,0,deployment
DP-N-3297,2.202,-1.918,0.06,0,deployment
DP-N-1947,1.097,1.446,0.045,0,deployment
DP-N-1578,2.954,-4.57,0.053,0,deployment
DP-N-3164,1.068,-4.529,0.053,0,deployment
DP-N-0208,2.2,-5.033,0.04,0,deployment
DP-N-0274,1.467,-1.959,0.042,0,deployment
DP-N-2942,1.478,-3.072,0.039,0,deployment
DP-N-3207,1.213,-7.183,0.05,0,deployment
DP-N-2230,1.291,2.652,0.032,0,deployment
DP-N-2767,2.075,-1.761,0.056,0,deployment
DP-N-3216,1.884,4.009,0.033,0,deployment
DP-N-2698,1.719,-0.696,0.045,0,deployment
DP-N-3071,1.981,3.334,0.066,0,deployment
DP-N-0406,1.301,4.096,0.044,0,deployment
DP-N-1889,1.722,0.689,0.037,0,deployment
DP-R-0046,2.27,10.663,0.055,1,deployment
DP-N-1077,2.477,0.424,0.063,0,deployment
DP-N-1066,2.538,-0.925,0.032,0,deployment
DP-N-2276,1.924,-2.733,0.038,0,deployment
DP-N-2509,2.522,5.487,0.03,0,deployment
DP-N-1461,1.628,-3.632,0.03,0,deployment
DP-N-1001,3.089,0.07,0.032,0,deployment
DP-N-2627,1.656,2.399,0.05,0,deployment
DP-N-2969,2.57,-4.33,0.03,0,deployment
DP-N-2242,2.187,-0.402,0.075,0,deployment
DP-N-2320,2.322,0.538,0.054,0,deployment
DP-N-2774,2.607,-3.387,0.052,0,deployment
DP-N-0065,1.181,-0.595,0.049,0,deployment
DP-N-3085,1.829,-0.066,0.036,0,deployment
DP-N-3283,2.071,-4.203,0.037,0,deployment
DP-R-0195,3.154,1.543,0.08,1,deployment
DP-R-0188,3.541,5.757,0.069,1,deployment
DP-N-2842,2.787,0.283,0.032,0,deployment
