id,email,name,address
0,anna.carter@gmail.com,Anna Carter,27183 Craig Shore Suite 886 New Benjamin TN 92858
1,joseph.kirby@yahoo.com,Joseph Kirby,3594 Fox Ford Apt. 192 West Kristen GA 22838-8977
2,larry.cain@martinez.net,Larry Cain,58208 Cook Bypass West Benjaminfurt OH 25179
3,brian.jones@hotmail.com,Brian Jones,32198 Walnut Avenue Ronaldport CO 78397
4,joseph.williams@aol.com,Joseph Williams,79007 Fox Loop Ste. 226 North Brian AL 21926
5,karen.thomas@hotmail.com,Karen Thomas,13496 Pine Way Unit 619 New Joshua NJ 71284-7201
6,patricia.wright@icloud.com,Patricia Wright,81170 Valley Run Suite 47 Kevinshire CO 31512
7,anthony.thomas@hotmail.com,Anthony Thomas,21419 Valley Terrace Unit 719 Stevenville RI 84227-5010
8,david.lewis@icloud.com,David Lewis,90298 Walnut Plaza Jameston MA 53581-4456
9,nicholas.scott@martin.com,Nicholas Scott,86009 Carter Way Josephstad FL 33325
10,andrew.taylor@clark.biz,Andrew Taylor,52450 Valley Drive Fort William WI 07175
11,linda.flores@icloud.com,Linda Flores,55433 Maple Way Ste. 542 New Paul WA 16014
12,andrew.mitchell@icloud.com,Andrew Mitchell,44687 Elm Trail Ste. 4 Ronaldstad NC 24416
13,john.flores@icloud.com,John Flores,66640 Sunset Avenue Apt. 553 Jasonfort AL 79504
14,joseph.jones@jackson.com,Joseph Jones,7692 Washington Run Fort George CA 70822
15,michael.adams@aol.com,Michael Adams,21743 Lincoln Square South Jason OH 99994
16,william.hall@icloud.com,William Hall,85280 Valley Crossing South James CA 45313-4770
17,emily.wilson@icloud.com,Emily Wilson,82819 Oak Drive Suite 881 South Karen TX 64624-3167
18,ronald.scott@yahoo.com,Ronald Scott,62093 Highland Road Ste. 363 Fort Edward WA 08100
19,michelle.brown@icloud.com,Michelle Brown,44573 Cedar Drive Ste. 144 North Sarah KS 10880
20,laura.wright@icloud.com,Laura Wright,70955 Craig Bypass Larryview NY 64092-7570
21,helen.smith@gmail.com,Helen Smith,51273 Lincoln Crossing Ste. 159 South Kristen PA 97434
22,melissa.martin@aol.com,Melissa Martin,62593 Hill Ford East William RI 09907
23,susan.harris@aol.com,Susan Harris,32371 Cook Path Unit 958 Lake James KY 52876-5915
24,betty.martin@johnson.net,Betty Martin,60168 Cedar Bypass Josephchester CA 33018
25,david.ramirez@hall.org,David Ramirez,80273 Craig Loop Suite 962 Karenburgh CT 98310
26,jessica.moore@hall.org,Jessica Moore,26785 Lincoln Square Suite 95 Georgestad AZ 01464
27,michael.flores@davis.info,Michael Flores,72409 Franklin Loop Suite 968 Ronaldmouth OH 05722
28,emily.wright@yahoo.com,Emily Wright,5582 Madison Terrace Edwardton MN 28535
29,george.brown@aol.com,George Brown,53364 River Drive Brianside NE 04248-6442
30,jason.sanchez@campbell.com,Jason Sanchez,35070 Hill Street Suite 880 South George NJ 46830
31,jason.wilson@icloud.com,Jason Wilson,25413 Shore Plaza Suite 991 Davidfort MT 90065
32,andrew.lee@jones.org,Andrew Lee,23505 Lincoln Ford Ste. 354 Lindaview RI 68033-4114
33,thomas.cain@carter.biz,Thomas Cain,70675 Sunset Terrace Unit 639 West Joshua MD 67469
34,mark.martin@hotmail.com,Mark Martin,72767 Lake Road Ste. 694 Larryshire MT 72819
35,sarah.moore@aol.com,Sarah Moore,79616 Forest Crossing Apt. 524 East Paul CO 38196
36,brian.hill@yahoo.com,Brian Hill,88284 Madison Drive New James NM 81120
37,james.lewis@icloud.com,James Lewis,75554 Sunset Way Apt. 152 Benjaminburgh WY 56724-9486
38,betty.smith@gmail.com,Betty Smith,59929 Lake Crossing Bettyborough WI 59008
39,ronald.young@aol.com,Ronald Young,58546 Hill Pass Apt. 861 Kevinfort NY 83149-8206
40,james.hall@hotmail.com,James Hall,44120 Forest Loop Apt. 237 East Andrew IN 09418
41,karen.king@gmail.com,Karen King,27210 Highland Way Andrewfurt WI 76456
42,anna.perez@outlook.com,Anna Perez,55021 Walnut Pass Ste. 498 Lake Paul UT 53994
43,rebecca.lewis@hill.biz,Rebecca Lewis,3634 Shore Run Port Joseph NJ 24819-7211
44,daniel.gonzalez@hotmail.com,Daniel Gonzalez,99875 Brook Court Karenville NM 03540
45,mary.perez@gmail.com,Mary Perez,85526 Cook Shore New Betty GA 32266-2874
46,joshua.gonzalez@hotmail.com,Joshua Gonzalez,48451 Hill Path Annaside MD 15168
47,amy.jackson@outlook.com,Amy Jackson,52090 Sunset Bypass Jamesburgh VT 40529
48,kevin.jones@scott.net,Kevin Jones,45608 Franklin Terrace Unit 13 Georgetown CT 57822
49,brian.lewis@clark.com,Brian Lewis,96280 Adams Path Danielbury NV 96817
50,daniel.anderson@williams.org,Daniel Anderson,59187 Washington Crossing Lindafurt NY 43600-4475
51,matthew.taylor@aol.com,Matthew Taylor,92005 Adams Loop Apt. 88 Port Daniel OK 32499
52,michelle.hall@gmail.com,Michelle Hall,12296 Jefferson Drive Apt. 314 Davidtown OK 70588
53,melissa.wright@icloud.com,Melissa Wright,59573 Adams Trail Suite 739 West Joshua OH 91461-4545
54,melissa.robinson@aol.com,Melissa Robinson,99741 Jefferson Street Lake Larry MD 02854
55,michael.thomas@gmail.com,Michael Thomas,72629 Jefferson Avenue Annafurt OR 38268
56,donald.lee@gmail.com,Donald Lee,33192 Davis Street West Mark SD 90974-3444
57,stephanie.scott@williams.com,Stephanie Scott,15625 Highland Path Kevinfort MO 60049
58,sarah.torres@jackson.biz,Sarah Torres,81499 Oak Path South Steven IN 35687
59,david.anderson@gmail.com,David Anderson,20617 Craig Circle Ste. 299 North Andrew ME 93141
60,james.nelson@hotmail.com,James Nelson,82027 Sunset Circle Apt. 664 North George GA 10359-6039
61,kevin.campbell@moore.info,Kevin Campbell,16399 Miller Trail Nancyport NY 58377-1653
62,gary.clark@nguyen.org,Gary Clark,3490 Pine Drive Markfurt WI 89117
63,joshua.cain@martinez.info,Joshua Cain,68121 Johnson Court Ste. 651 Williamtown MN 54523
64,george.brown@lee.info,George Brown,91021 Carter Trail New Sarah CO 42224-2899
65,deborah.harris@carter.biz,Deborah Harris,60652 Highland Ford Unit 638 Stevenbury WI 07764-9998
66,michael.moore@icloud.com,Michael Moore,63632 Elm Shore Jamesside MD 73199-7684
67,patricia.wilson@jones.info,Patricia Wilson,15496 River Pass North Thomas NM 62894-3369
68,anthony.lopez@young.com,Anthony Lopez,9250 Adams Circle Unit 841 North George PA 77011
69,sandra.miller@outlook.com,Sandra Miller,45336 Meadow Loop Lake Edward IL 92422-7274
70,richard.carter@hotmail.com,Richard Carter,97709 Davis Way Apt. 508 Josephfort PA 44515
71,laura.ramirez@outlook.com,Laura Ramirez,2111 River Circle Williamtown KY 45375
72,lisa.green@hotmail.com,Lisa Green,88489 Brook Plaza Danielport AZ 81931-5708
73,richard.campbell@gmail.com,Richard Campbell,99763 Cedar Crossing Unit 926 Lake Brian AR 39452
74,margaret.miller@outlook.com,Margaret Miller,74277 Park Lane Ste. 635 Danielmouth IA 61443
75,betty.taylor@lewis.org,Betty Taylor,88915 Hill Bypass Unit 602 Port Andrew KY 60878
76,william.white@brown.com,William White,50086 Ridge Run Unit 23 Paulhaven LA 02061
77,carol.carter@smith.biz,Carol Carter,97771 Carter Trail Lake James SD 25920
78,carol.mitchell@adams.com,Carol Mitchell,82445 Cedar Ford Ste. 35 Joshuamouth CO 39680
79,mark.martinez@aol.com,Mark Martinez,48053 Adams Lane Ste. 991 Joshuaborough DE 62385
80,linda.mitchell@nelson.info,Linda Mitchell,73148 Valley Bypass West Sarah MS 89188
81,thomas.torres@icloud.com,Thomas Torres,48789 Cedar Drive Unit 938 Stevenville SD 61852
82,sarah.green@yahoo.com,Sarah Green,6043 Cook Trail South Ronald OH 18781
83,nancy.adams@baker.biz,Nancy Adams,55035 River Circle Bettyview LA 05288
84,barbara.ramirez@yahoo.com,Barbara Ramirez,47637 Cedar Terrace Davidton MT 37160-3001
85,ryan.lewis@yahoo.com,Ryan Lewis,84209 Fox Ford East Brian OR 27896-4394
86,emily.gonzalez@wilson.org,Emily Gonzalez,19440 Craig Court East Lisa KY 23871-1422
87,michael.carter@yahoo.com,Michael Carter,77282 Forest Shore Suite 130 Nancyburgh WV 09330
88,deborah.thompson@gmail.com,Deborah Thompson,59345 Walnut Path Unit 470 Benjaminton NM 53640
89,john.walker@ramirez.net,John Walker,10689 Forest Path Apt. 282 Markport VA 43622
90,kevin.allen@aol.com,Kevin Allen,79454 Franklin Street South Thomas NH 30949
91,jeffrey.lewis@icloud.com,Jeffrey Lewis,12563 Forest Circle Unit 384 Paultown CA 12957
92,patricia.clark@icloud.com,Patricia Clark,48943 Lake Loop Unit 687 Lake Edward TX 99341
93,nicholas.rivera@hotmail.com,Nicholas Rivera,78796 Madison Terrace Apt. 159 Jamesburgh MN 73910
94,timothy.thomas@outlook.com,Timothy Thomas,73626 Fox Path Karenfurt ID 36818
95,sarah.lee@yahoo.com,Sarah Lee,18876 Shore Bypass Suite 94 Maryhaven NE 60460
96,nancy.jackson@carter.biz,Nancy Jackson,78248 Pine Ford Suite 691 Fort Paul NV 64656
97,mark.thomas@aol.com,Mark Thomas,15018 Ridge Circle Ste. 540 Kristenland MT 79554-4349
98,sarah.gonzalez@mitchell.org,Sarah Gonzalez,38038 Forest Street Ste. 180 South Nancy OK 88562
99,james.harris@cain.info,James Harris,2556 Miller Bypass Markhaven VA 84904
100,jennifer.harris@hotmail.com,Jennifer Harris,22627 Miller Terrace Suite 250 Port Nancy CO 52873
101,melissa.lee@yahoo.com,Melissa Lee,10111 Elm Square Davidchester WA 85599
102,susan.brown@yahoo.com,Susan Brown,22840 River Bypass Ste. 476 Kevinbury UT 74989
103,donna.martin@flores.org,Donna Martin,19886 Johnson Bypass Unit 816 New David NC 10724
104,donald.cain@hotmail.com,Donald Cain,10157 Pine Path New Sarah OR 86437-8792
105,paul.miller@ramirez.net,Paul Miller,45115 Pine Square Fort Sarah ND 69517
106,nancy.thompson@white.info,Nancy Thompson,44450 Oak Plaza Suite 572 Michaelstad WA 87057
107,kevin.miller@aol.com,Kevin Miller,87080 River Terrace Ste. 133 Williamshire OK 50372
108,karen.garcia@campbell.biz,Karen Garcia,12349 Franklin Square Unit 317 South Linda WY 64736-3253
109,linda.johnson@gmail.com,Linda Johnson,66643 Cook Plaza Bettyhaven GA 22266-3712
110,ronald.ramirez@hotmail.com,Ronald Ramirez,88752 Washington Crossing Brianbury IA 70993-8684
111,helen.lopez@aol.com,Helen Lopez,57849 Miller Trail Thomasside IL 80254-5096
112,mary.green@hotmail.com,Mary Green,72784 Cedar Square East Karen NH 68286-8167
113,patricia.wilson@perez.net,Patricia Wilson,54481 Oak Way West David IA 04694
114,john.hall@miller.com,John Hall,5120 Jefferson Pass Fort Sarah SC 01688
115,joseph.taylor@yahoo.com,Joseph Taylor,72032 Franklin Street West Kristen KS 56027
116,donna.lewis@outlook.com,Donna Lewis,78315 Fox Square Michaelview AL 81584
117,joshua.sanchez@icloud.com,Joshua Sanchez,11321 Valley Bypass Brianfort OK 03665
118,steven.cain@thompson.org,Steven Cain,98052 Fox Terrace West Kevin PA 97362
119,michael.cain@hotmail.com,Michael Cain,84352 Park Crossing East Brian FL 09270
120,betty.cain@gmail.com,Betty Cain,26244 Cook Plaza Georgeport NM 34202-4131
121,charles.perez@smith.org,Charles Perez,35911 Elm Terrace Ste. 762 Port Linda ID 66038
122,nancy.allen@gmail.com,Nancy Allen,95400 Franklin Bypass Apt. 559 West William MA 87628-8305
123,kevin.hall@icloud.com,Kevin Hall,58283 Ridge Crossing Unit 630 Karenton CA 88973
124,nancy.young@nelson.com,Nancy Young,4181 River Path East William KS 85562
125,anthony.scott@yahoo.com,Anthony Scott,89106 Johnson Terrace Suite 588 Lake Susan MA 86139-2858
126,joseph.campbell@aol.com,Joseph Campbell,50823 Elm Court Maryshire VT 65382-3223
127,ryan.johnson@icloud.com,Ryan Johnson,58441 Pine Plaza Lisaport ME 40315
128,amanda.hall@flores.com,Amanda Hall,47481 Walnut Street Jamestown AK 48303
129,nancy.lewis@wright.com,Nancy Lewis,80309 Pine Bypass Ste. 539 Port George OR 10666-6194
130,michelle.johnson@icloud.com,Michelle Johnson,67911 Ridge Avenue Stevenside WY 17912
131,nicholas.smith@allen.com,Nicholas Smith,39962 Hill Lane Apt. 355 Nancyshire CO 33847-5496
132,michael.flores@aol.com,Michael Flores,12345 Hill Run Lake George OR 06399
133,joseph.williams@icloud.com,Joseph Williams,75698 Lincoln Road New Daniel SD 72509-5949
134,steven.anderson@nelson.info,Steven Anderson,39085 Miller Bypass Port Daniel NJ 27741
135,linda.martin@martin.org,Linda Martin,52360 Lake Terrace South Sarah DE 36058
136,linda.brown@outlook.com,Linda Brown,80758 Highland Drive Georgeborough OR 95519
137,timothy.davis@aol.com,Timothy Davis,61286 Carter Trail Suite 968 Fort James IN 77460
138,mary.moore@icloud.com,Mary Moore,88248 Davis Trail Thomasmouth KY 96355
139,lisa.thompson@gmail.com,Lisa Thompson,74847 Sunset Terrace Fort Kevin OK 37663
140,donna.nelson@garcia.net,Donna Nelson,51729 Valley Plaza East Mary RI 67731
141,larry.cain@icloud.com,Larry Cain,43752 Davis Square Apt. 336 Lindaside MT 81805
142,sarah.torres@aol.com,Sarah Torres,69874 Carter Run Suite 378 West Thomas PA 41327
143,ronald.baker@nguyen.info,Ronald Baker,34903 Walnut Ford Port Joseph UT 32745-2800
144,william.kirby@outlook.com,William Kirby,19948 Highland Road Ste. 894 Joshuaton VA 19098
145,kimberly.martin@robinson.biz,Kimberly Martin,49491 Forest Lane Unit 560 North Betty NM 26200
146,jessica.wright@hotmail.com,Jessica Wright,37980 Spring Pass Unit 574 Brianstad ME 16974
147,andrew.white@harris.org,Andrew White,19298 Jefferson Ford Suite 355 Stevenstad WV 63793-9824
148,jessica.wright@garcia.net,Jessica Wright,80798 Washington Drive Apt. 654 West Thomas MI 95025
149,carol.carter@aol.com,Carol Carter,20801 Highland Pass Apt. 775 Lindashire TN 08754
150,patricia.green@aol.com,Patricia Green,96921 Cook Lane Apt. 957 Georgehaven NY 25420
151,laura.moore@carter.org,Laura Moore,74543 Cedar Plaza Ste. 911 Edwardfort NJ 36761-2845
152,karen.davis@green.org,Karen Davis,94288 Park Shore Markberg ID 81079
153,helen.harris@young.org,Helen Harris,11468 Shore Street Apt. 489 South Benjamin KY 51275-5374
154,karen.jackson@aol.com,Karen Jackson,1598 Lincoln Terrace West Sarah MD 21934
155,paul.hall@baker.net,Paul Hall,83817 Jefferson Terrace East Daniel GA 60634
156,kevin.thompson@aol.com,Kevin Thompson,61812 Spring Drive Brianville ND 59556
157,nancy.johnson@jones.net,Nancy Johnson,71881 Sunset Run Fort Anna UT 27922
158,sandra.williams@ramirez.net,Sandra Williams,59532 Lake Square Suite 573 North Joshua AK 52897-1049
159,melissa.gonzalez@gmail.com,Melissa Gonzalez,55634 Ridge Bypass West Jason NM 05159-3948
160,deborah.garcia@rivera.info,Deborah Garcia,49181 Brook Crossing Susanville UT 87742
161,michael.green@jones.com,Michael Green,70519 Shore Square Apt. 855 New Michael NJ 89276
162,margaret.king@yahoo.com,Margaret King,32541 Miller Terrace Apt. 960 Kevinburgh AZ 87533
163,deborah.kirby@gmail.com,Deborah Kirby,13324 Cook Crossing Kristenland WV 06798
164,richard.king@gmail.com,Richard King,18467 Jefferson Drive Lindaborough KS 40552
165,george.allen@hotmail.com,George Allen,36164 Oak Loop Jasonside SD 89965
166,sandra.smith@green.info,Sandra Smith,68842 Forest Circle Unit 386 Fort James IA 40418
167,linda.lewis@wright.info,Linda Lewis,54692 Lake Way Apt. 339 Jasonbury MS 13119
168,rebecca.lopez@outlook.com,Rebecca Lopez,88399 Cook Bypass Apt. 491 Lake Michael AL 28762
169,melissa.jones@mitchell.info,Melissa Jones,31897 Spring Way Kevinshire MO 62112
170,matthew.jackson@aol.com,Matthew Jackson,65279 Miller Street Kevinborough IN 49589
171,larry.scott@campbell.com,Larry Scott,2225 Lincoln Loop Thomasshire GA 26715
172,anthony.scott@walker.biz,Anthony Scott,85900 Meadow Court Fort Sarah HI 97045
173,david.garcia@walker.com,David Garcia,71158 Oak Square Suite 968 Kristenfurt NE 19021
174,richard.johnson@carter.com,Richard Johnson,66387 Miller Terrace Ste. 676 New Lisa OK 54914-9673
175,ronald.thomas@hotmail.com,Ronald Thomas,2346 Franklin Lane Suite 537 South Betty ND 34084
176,jessica.harris@outlook.com,Jessica Harris,60261 Washington Drive Suite 670 Steventon CO 54120
177,kimberly.robinson@gmail.com,Kimberly Robinson,92223 Hill Bypass Ste. 661 Markburgh ND 06577-8790
178,jessica.cain@nelson.org,Jessica Cain,71276 Cook Lane South Mark GA 99599
179,jeffrey.harris@jackson.com,Jeffrey Harris,74019 Washington Run Lake Susan WI 97959-2284
180,paul.campbell@smith.net,Paul Campbell,57390 Walnut Bypass Ste. 993 Benjaminstad NH 65304-7150
181,margaret.martinez@adams.info,Margaret Martinez,11332 Jefferson Drive East Susan VA 84086-7383
182,daniel.thompson@gmail.com,Daniel Thompson,40505 Johnson Terrace West Larry NV 59830
183,paul.sanchez@gmail.com,Paul Sanchez,46488 Pine Path Port Benjamin ME 55238
184,patricia.rivera@anderson.biz,Patricia Rivera,68402 Hill Way Unit 309 East William HI 57973-5911
185,steven.johnson@yahoo.com,Steven Johnson,94589 Carter Path East Michael AL 52864
186,donna.white@lee.info,Donna White,43974 Franklin Path Unit 618 Marytown MA 24283
187,daniel.moore@flores.info,Daniel Moore,75581 Washington Plaza Ste. 374 South Mark OH 24583
188,kimberly.kirby@lewis.com,Kimberly Kirby,57569 Jefferson Bypass Thomastown FL 84012
189,thomas.adams@outlook.com,Thomas Adams,49512 Maple Crossing Port Lisa NC 91663
190,larry.thompson@king.biz,Larry Thompson,83747 Pine Street Davidside TN 81304-7547
191,timothy.lee@clark.net,Timothy Lee,1482 Cedar Court Apt. 457 Fort Kevin UT 78147
192,linda.perez@robinson.net,Linda Perez,38822 Highland Bypass Apt. 357 Fort Brian IN 69303
193,steven.brown@icloud.com,Steven Brown,59403 Forest Bypass Suite 24 Stevenburgh UT 22542
194,melissa.anderson@aol.com,Melissa Anderson,21089 Meadow Loop Ste. 238 Stevenside ID 84948
195,lisa.kirby@lopez.info,Lisa Kirby,77721 Franklin Way Apt. 211 West Mark CT 71371-6340
196,william.lewis@icloud.com,William Lewis,64257 Forest Path Ste. 602 Lake Edward NJ 81918-5873
197,nicholas.hill@icloud.com,Nicholas Hill,17656 Forest Street Suite 188 East Nancy MO 55819
198,joshua.white@outlook.com,Joshua White,83396 Park Loop Unit 144 Fort Betty AR 48059
199,sandra.garcia@outlook.com,Sandra Garcia,73707 Carter Circle Fort Daniel HI 11835
200,jason.mitchell@gmail.com,Jason Mitchell,36125 Walnut Loop Ste. 580 Kevintown OK 67952-2871
201,jessica.carter@hotmail.com,Jessica Carter,71146 Cook Crossing Annaland MD 05224
202,matthew.williams@gmail.com,Matthew Williams,31156 Spring Run Bettyview HI 81760-4385
203,jeffrey.gonzalez@scott.org,Jeffrey Gonzalez,69867 Adams Path North Michael OR 36041
204,paul.nelson@garcia.info,Paul Nelson,7870 Adams Avenue East Andrew MA 33447
205,carol.harris@aol.com,Carol Harris,82990 Adams Circle Suite 649 Kevinville MT 68582
206,edward.thompson@outlook.com,Edward Thompson,42998 Craig Bypass Lake Edward CA 71048
207,margaret.gonzalez@hotmail.com,Margaret Gonzalez,37271 Meadow Loop Danielborough UT 07345-8529
208,joseph.jones@davis.info,Joseph Jones,59936 Craig Circle Apt. 904 Larrystad CO 86798
209,patricia.thompson@green.com,Patricia Thompson,6887 Shore Trail Thomasville VA 13475-8812
210,james.garcia@aol.com,James Garcia,89226 Johnson Shore Unit 837 Port Andrew FL 63613-7276
211,patricia.rivera@brown.org,Patricia Rivera,48277 Madison Avenue Apt. 657 Josephville ND 74831-3688
212,donald.perez@flores.com,Donald Perez,54063 Johnson Road Suite 144 Markhaven MN 57280
213,michael.anderson@gmail.com,Michael Anderson,32627 Jefferson Shore Michaelberg ND 80551
214,melissa.harris@gmail.com,Melissa Harris,31470 Carter Way Ste. 654 Nancyfurt MS 42480-7895
215,nancy.king@mitchell.info,Nancy King,9667 Fox Run Unit 221 New Brian MT 67402-9209
216,deborah.sanchez@outlook.com,Deborah Sanchez,10903 River Court Suite 524 Brianmouth OH 43827
217,brian.mitchell@nelson.net,Brian Mitchell,40754 Franklin Drive Suite 947 Fort Betty RI 08212
218,melissa.adams@jones.net,Melissa Adams,92885 Lake Shore Unit 536 Georgestad HI 49741-5403
219,ronald.jones@kirby.org,Ronald Jones,56372 Adams Square Suite 509 Lake Kristen NY 75302-3577
220,thomas.carter@aol.com,Thomas Carter,88458 Elm Drive New James AZ 62835
221,nicholas.miller@gmail.com,Nicholas Miller,72565 Highland Drive Ste. 938 Karenville OR 49864-1862
222,elizabeth.wilson@cain.info,Elizabeth Wilson,9134 Miller Trail West Lisa NJ 02044
223,charles.scott@campbell.biz,Charles Scott,31895 Miller Terrace South Joshua OH 33129-7718
224,joseph.wilson@icloud.com,Joseph Wilson,90993 Craig Plaza Ste. 870 Michaelburgh IN 70443
225,mark.walker@miller.org,Mark Walker,12293 Cook Drive Andrewchester NJ 99028-2565
226,paul.garcia@harris.net,Paul Garcia,77680 Oak Circle North Karen MA 52505
227,melissa.martin@hotmail.com,Melissa Martin,30719 Maple Road Suite 160 Fort Sarah MA 54282-6870
228,deborah.gonzalez@outlook.com,Deborah Gonzalez,34835 Elm Bypass Unit 847 Bettyton IN 43964-5066
229,matthew.harris@icloud.com,Matthew Harris,39269 Lincoln Lane Ste. 876 South Anna NJ 14357
230,michael.jones@yahoo.com,Michael Jones,17233 Sunset Way Suite 597 Jasonville AK 09450-8265
231,stephanie.garcia@hotmail.com,Stephanie Garcia,16159 Cook Crossing Ste. 842 Danielfurt MO 90550
232,matthew.gonzalez@thomas.org,Matthew Gonzalez,58559 River Ford Stevenshire NY 55000
233,steven.smith@outlook.com,Steven Smith,18087 Highland Road Jamesport AK 51134
234,matthew.robinson@outlook.com,Matthew Robinson,45193 Forest Way Suite 327 Benjaminstad AR 62824
235,deborah.torres@davis.net,Deborah Torres,32587 Washington Court Joshuaton WI 29758
236,stephanie.white@yahoo.com,Stephanie White,23181 Washington Run Unit 936 Andrewchester OR 74873-4084
237,rebecca.walker@yahoo.com,Rebecca Walker,64382 Cook Bypass Apt. 21 Benjaminborough SC 27406
238,karen.hall@hotmail.com,Karen Hall,7906 Fox Avenue Kevinburgh ND 48826
239,nancy.hall@harris.biz,Nancy Hall,13342 Meadow Trail Apt. 750 Briantown TN 42586-6846
240,richard.adams@yahoo.com,Richard Adams,49695 Madison Trail Suite 972 Markhaven WY 75381-6213
241,nicholas.hill@aol.com,Nicholas Hill,13745 Carter Avenue Suite 244 Lake Larry SD 12629
242,george.flores@lee.info,George Flores,1593 Lincoln Road Suite 359 West Joshua AL 07310
243,ronald.sanchez@sanchez.info,Ronald Sanchez,49738 Ridge Loop Ste. 808 Stevenland HI 60151-1547
244,charles.kirby@gmail.com,Charles Kirby,9825 Meadow Lane West Lisa CO 45295
245,donna.robinson@clark.com,Donna Robinson,79702 Franklin Lane Unit 211 Thomasport WA 96679
246,george.moore@gmail.com,George Moore,6605 Shore Run New David AL 57047-8869
247,william.brown@yahoo.com,William Brown,83748 Jefferson Bypass Suite 316 Danieltown TX 35734-9914
248,anthony.martinez@outlook.com,Anthony Martinez,48518 Park Crossing Ste. 477 North Mark AR 20808
249,george.brown@hotmail.com,George Brown,71068 Highland Run Suite 861 Port Lisa UT 63236
250,susan.robinson@outlook.com,Susan Robinson,93725 Cook Square Markmouth DE 59856-3738
251,barbara.lopez@outlook.com,Barbara Lopez,10371 Franklin Road Georgestad MA 96302
252,james.williams@outlook.com,James Williams,72458 Forest Court Benjaminfort NE 15748
253,linda.scott@gmail.com,Linda Scott,13945 Cedar Trail Ronaldview KY 51206
254,joshua.nguyen@yahoo.com,Joshua Nguyen,36199 Shore Avenue Susanton MT 44449
255,mary.campbell@hotmail.com,Mary Campbell,48916 Fox Plaza North George NY 92250
256,laura.wilson@icloud.com,Laura Wilson,58179 Forest Court Williamberg NH 28707
257,mark.campbell@aol.com,Mark Campbell,49109 Oak Square Port Joseph WY 69719
258,joseph.martinez@yahoo.com,Joseph Martinez,7653 Washington Ford Unit 722 Lake George NJ 67207
259,amy.jones@anderson.org,Amy Jones,64166 Johnson Lane Lake David HI 34903
260,edward.williams@outlook.com,Edward Williams,6607 Hill Run South Steven IA 89826-7709
261,paul.kirby@carter.net,Paul Kirby,62240 Lake Lane North Betty MD 94420
262,michelle.thomas@outlook.com,Michelle Thomas,45806 Miller Court Unit 694 Bettyhaven PA 14410-7131
263,kimberly.green@hotmail.com,Kimberly Green,39221 Cedar Pass Unit 656 North Karen TN 94204
264,michelle.jackson@aol.com,Michelle Jackson,31596 Oak Path Unit 698 New Steven NY 39745-7857
265,lisa.white@torres.biz,Lisa White,24992 Meadow Drive Danielchester NC 40347
266,rebecca.adams@martinez.org,Rebecca Adams,12893 Davis Avenue Lisaside UT 44992
267,richard.perez@hotmail.com,Richard Perez,55212 Meadow Terrace Unit 475 Danielton SD 77490
268,donna.johnson@yahoo.com,Donna Johnson,65698 Elm Way East Joseph IL 45914
269,joshua.lewis@icloud.com,Joshua Lewis,23739 Pine Pass Apt. 321 Benjaminbury LA 28444
270,david.scott@walker.net,David Scott,17061 Franklin Circle Ste. 393 South Joshua MS 02845
271,timothy.allen@icloud.com,Timothy Allen,640 Washington Drive East Anna MO 66973
272,david.johnson@jackson.org,David Johnson,59859 Meadow Circle Lindatown MN 99319-7609
273,joseph.wilson@yahoo.com,Joseph Wilson,27781 Fox Run New Susan SD 34526
274,donna.smith@gmail.com,Donna Smith,86865 Cedar Shore Suite 427 West Lisa KY 63180
275,barbara.baker@carter.org,Barbara Baker,55264 Cedar Square Apt. 429 Annafort WA 81962-2867
276,jason.brown@aol.com,Jason Brown,26281 Lincoln Square Port Michael HI 06164
277,nicholas.gonzalez@robinson.org,Nicholas Gonzalez,30837 Craig Shore Georgetown GA 12807
278,james.rivera@taylor.com,James Rivera,59967 Jefferson Court Suite 833 New Edward ME 48214
279,daniel.clark@brown.net,Daniel Clark,1367 Lake Lane Ste. 979 Ronaldville MS 45921-7566
280,lisa.lewis@outlook.com,Lisa Lewis,90526 Davis Circle Annamouth VT 96212-3611
281,john.sanchez@robinson.biz,John Sanchez,89018 Johnson Lane Bettyfurt UT 96325
282,michael.robinson@jones.info,Michael Robinson,57861 Cook Bypass Unit 13 Paulfort WY 98468
283,joshua.wilson@adams.org,Joshua Wilson,68139 Cedar Circle Lake Paul UT 85070
284,rebecca.wright@hill.net,Rebecca Wright,1626 Hill Square Edwardside CA 99491
285,susan.lee@smith.biz,Susan Lee,29290 Brook Way Fort Brian OR 59733-9166
286,donald.martin@outlook.com,Donald Martin,97779 Fox Street Suite 571 Georgeville RI 82142
287,gary.young@icloud.com,Gary Young,88111 Miller Plaza Suite 837 Fort Linda OK 82232
288,amanda.adams@outlook.com,Amanda Adams,15045 Cedar Drive Unit 850 Brianshire OK 69417
289,john.cain@walker.com,John Cain,94059 Highland Street Apt. 193 Port Mary NJ 25979
290,john.mitchell@icloud.com,John Mitchell,88198 Elm Crossing Apt. 987 New Lisa NV 77692
291,paul.carter@martinez.biz,Paul Carter,22860 Lake Street Unit 517 Thomasland LA 53149
292,charles.ramirez@garcia.info,Charles Ramirez,79074 Madison Loop Jasonport SD 29487-5760
293,carol.perez@garcia.com,Carol Perez,66146 Forest Street Markview UT 99024
294,andrew.moore@clark.net,Andrew Moore,68615 Cedar Shore Suite 687 North Kevin HI 38567
295,linda.smith@moore.com,Linda Smith,98875 Cook Terrace South Joshua TN 74566
296,paul.baker@icloud.com,Paul Baker,6257 Brook Way Unit 990 Benjaminstad IL 82338
297,laura.ramirez@flores.org,Laura Ramirez,99073 Sunset Road Apt. 700 East Joshua NC 16643
298,margaret.thomas@yahoo.com,Margaret Thomas,21193 Lincoln Shore Apt. 41 Lake Betty AR 82968
299,george.jackson@aol.com,George Jackson,72210 Ridge Bypass South Larry ND 09936
300,david.sanchez@outlook.com,David Sanchez,12151 Ridge Drive Lindachester ME 29632
301,donna.allen@aol.com,Donna Allen,98683 Craig Street South Kristen UT 43065
302,jason.jones@aol.com,Jason Jones,94992 Jefferson Shore Davidfort NC 59400
303,charles.green@aol.com,Charles Green,10893 Cedar Lane Lisafurt SD 09581-4492
304,laura.nelson@gmail.com,Laura Nelson,27045 Franklin Bypass Fort Andrew MI 05965-1889
305,elizabeth.taylor@aol.com,Elizabeth Taylor,29937 Lincoln Circle Ste. 444 Port Paul DE 71101-2036
306,timothy.campbell@icloud.com,Timothy Campbell,9614 Ridge Square Unit 622 Fort Susan MT 87602-3561
307,andrew.wilson@outlook.com,Andrew Wilson,71629 Jefferson Avenue Unit 981 Lisaport GA 17152-7456
308,andrew.wright@jackson.com,Andrew Wright,98180 Ridge Road Apt. 165 North Mary DE 24770
309,joshua.smith@wright.info,Joshua Smith,84598 Maple Trail South Joshua PA 64857
310,matthew.garcia@anderson.net,Matthew Garcia,37473 Maple Road Ste. 337 Michaelmouth OR 75299
311,daniel.clark@hotmail.com,Daniel Clark,32366 Walnut Circle Unit 138 Lindatown NJ 59373
312,sarah.walker@yahoo.com,Sarah Walker,84713 Pine Court South Karen WA 83132-2235
313,helen.kirby@flores.net,Helen Kirby,76369 Shore Run Suite 565 Fort Steven WY 20481
314,richard.carter@hotmail.com,Richard Carter,17648 Miller Square New Paul KS 81482
315,timothy.young@yahoo.com,Timothy Young,23580 River Pass Fort James CA 35649
316,larry.adams@hotmail.com,Larry Adams,50968 Davis Crossing Lake Anna VA 69337
317,jessica.campbell@aol.com,Jessica Campbell,74832 Park Way West Nancy KY 50326
318,richard.allen@hotmail.com,Richard Allen,63913 Davis Path Apt. 451 West Nancy TN 37806-4062
319,david.thompson@jones.com,David Thompson,54444 Meadow Street Ste. 491 East Steven NE 03942-3095
320,joshua.torres@icloud.com,Joshua Torres,67293 Cook Run Apt. 265 Nancyhaven RI 74872
321,gary.rivera@moore.net,Gary Rivera,28489 Johnson Path Larryland NE 79753-3979
322,donna.adams@yahoo.com,Donna Adams,95020 Meadow Crossing Port Susan FL 15230-9564
323,laura.young@miller.biz,Laura Young,12722 Park Pass Ronaldport NC 99616-8901
324,george.garcia@king.net,George Garcia,89040 Franklin Square Suite 715 Jamestown WY 50969
325,stephanie.campbell@baker.biz,Stephanie Campbell,12907 Franklin Avenue Apt. 932 Michaelport NE 34791-1116
326,joshua.allen@gmail.com,Joshua Allen,49255 Spring Plaza Suite 159 North Karen OH 56517
327,donna.thomas@harris.com,Donna Thomas,54262 Davis Lane Ste. 260 Markchester WY 93470
328,michael.adams@yahoo.com,Michael Adams,58636 Hill Street Ste. 805 New Larry MO 84345-2492
329,jeffrey.miller@aol.com,Jeffrey Miller,57165 Pine Bypass Unit 82 Joshuahaven MT 81473
330,charles.hall@smith.com,Charles Hall,84024 Carter Crossing Unit 200 South Betty HI 89345-4919
331,michelle.carter@williams.org,Michelle Carter,52454 Ridge Way Apt. 531 West Jason CO 73036-6703
332,matthew.thomas@yahoo.com,Matthew Thomas,59706 Shore Run Apt. 417 Lisaville NC 39568
333,jennifer.young@king.biz,Jennifer Young,32886 Johnson Way Kevinborough WY 61142
334,helen.torres@robinson.net,Helen Torres,33892 Maple Way Paulland MA 55057
335,ashley.king@hotmail.com,Ashley King,32639 Jefferson Bypass Unit 78 Larrytown MA 47338-5408
336,elizabeth.campbell@lopez.info,Elizabeth Campbell,96714 Sunset Drive Maryland IL 33728
337,matthew.miller@jones.net,Matthew Miller,88680 Carter Path Suite 869 Lake Daniel OR 37009
338,timothy.young@yahoo.com,Timothy Young,98426 Lake Ford New Nancy MN 52605
339,deborah.martinez@gmail.com,Deborah Martinez,91620 Miller Plaza South Susan PA 14205
340,donna.taylor@hotmail.com,Donna Taylor,31182 Adams Pass East Daniel NV 28594
341,timothy.thompson@outlook.com,Timothy Thompson,36751 Johnson Lane Paulland CT 95478-4863
342,kimberly.clark@lopez.com,Kimberly Clark,96902 River Pass Fort Joseph SD 68765
343,daniel.walker@aol.com,Daniel Walker,74527 Oak Way Apt. 62 North Daniel SD 13622
344,karen.taylor@aol.com,Karen Taylor,73171 Lincoln Terrace Suite 360 Bettyberg OR 76483
345,andrew.martinez@moore.org,Andrew Martinez,42710 Carter Crossing North Sarah SD 19985
346,brian.lee@aol.com,Brian Lee,75025 Shore Bypass Unit 234 North Andrew LA 80349
347,jessica.ramirez@thompson.biz,Jessica Ramirez,68380 Johnson Circle Suite 129 Paulstad WV 92841
348,barbara.davis@gmail.com,Barbara Davis,8461 Davis Loop Ste. 537 Williamburgh KY 82015-7387
349,sarah.wilson@hotmail.com,Sarah Wilson,58185 Lake Avenue New Paul MN 43624
350,betty.king@wright.info,Betty King,17809 Park Run Stevenview ND 84858
351,sarah.perez@yahoo.com,Sarah Perez,11838 Johnson Trail Unit 160 New Nancy WI 18865
352,steven.king@outlook.com,Steven King,99121 Davis Trail Ste. 818 South Brian AL 72855
353,mark.wright@yahoo.com,Mark Wright,21500 Brook Way Suite 433 Nancystad ME 85994
354,stephanie.thomas@gmail.com,Stephanie Thomas,24008 Lake Trail Ste. 633 Fort Mary MA 03542-9764
355,joseph.martinez@moore.org,Joseph Martinez,16489 Johnson Shore Apt. 16 Lake Thomas MD 66325
356,betty.baker@lee.net,Betty Baker,98478 River Ford Ste. 74 Larryberg KY 51014
357,jennifer.carter@white.info,Jennifer Carter,32496 Cook Road Suite 534 Marytown MO 90318
358,amy.martin@icloud.com,Amy Martin,5629 Elm Court Unit 204 New Edward TX 29545
359,susan.flores@gmail.com,Susan Flores,22036 Adams Run Apt. 10 Marktown VT 79146-2466
360,susan.davis@icloud.com,Susan Davis,81187 Meadow Ford Apt. 719 Annamouth NY 31497
361,kimberly.green@ramirez.com,Kimberly Green,2898 Brook Terrace New Daniel VA 58344
362,andrew.baker@aol.com,Andrew Baker,24561 Ridge Plaza East William ND 21319
363,jeffrey.taylor@outlook.com,Jeffrey Taylor,194 Brook Lane Davidland MA 95503-9830
364,jeffrey.white@icloud.com,Jeffrey White,65314 River Path Ste. 657 West Nancy TX 09739-3126
365,elizabeth.cain@outlook.com,Elizabeth Cain,25215 Cedar Ford Paultown ND 82785
366,thomas.smith@aol.com,Thomas Smith,94189 Maple Shore Fort Jason CO 62349
367,mary.thompson@outlook.com,Mary Thompson,48474 Oak Path Suite 752 North William IN 69089-4784
368,andrew.white@aol.com,Andrew White,86198 Washington Run Port Joshua CT 84705
369,carol.lewis@clark.net,Carol Lewis,21964 Park Loop Unit 674 Fort Jason MN 42307
370,daniel.thompson@icloud.com,Daniel Thompson,56538 Forest Path Apt. 385 Jasonstad MS 60297
371,lisa.carter@moore.biz,Lisa Carter,2236 Lake Trail Apt. 220 Benjaminstad OK 68013
372,amy.scott@gmail.com,Amy Scott,60441 Ridge Avenue Unit 911 Jamesstad MD 13046
373,joshua.gonzalez@rivera.org,Joshua Gonzalez,63346 Park Pass Markburgh RI 85181
374,ronald.scott@gmail.com,Ronald Scott,43929 Ridge Circle Suite 891 Joshuafurt SD 83862
375,sarah.allen@aol.com,Sarah Allen,74144 River Plaza New Paul WA 52495
376,timothy.nguyen@gmail.com,Timothy Nguyen,29209 Franklin Trail Lake William NM 75899
377,kimberly.harris@outlook.com,Kimberly Harris,65874 Franklin Avenue South Daniel MT 86491
378,kimberly.hill@allen.com,Kimberly Hill,31860 Maple Court West Anna TX 55209
379,matthew.lopez@aol.com,Matthew Lopez,86005 Fox Trail Unit 632 Brianbury SC 20112
380,amy.wilson@hotmail.com,Amy Wilson,20546 Pine Street East Edward ME 02800
381,stephanie.jones@outlook.com,Stephanie Jones,3081 Meadow Road North Lisa NM 82663
382,linda.baker@kirby.info,Linda Baker,76515 Cook Court Unit 206 Bettystad AR 61943
383,anna.johnson@hotmail.com,Anna Johnson,86998 Valley Street Ste. 237 Nancyburgh MA 64525
384,andrew.williams@aol.com,Andrew Williams,60129 Fox Ford Unit 342 East Benjamin MN 90694
385,brian.jackson@aol.com,Brian Jackson,36259 Oak Court Georgefurt OK 37725-6599
386,helen.harris@williams.info,Helen Harris,68351 Walnut Circle Apt. 437 Jasonborough NH 72071-3270
387,emily.king@lopez.com,Emily King,40601 Lake Circle Josephside MA 09888
388,ronald.jones@yahoo.com,Ronald Jones,95399 Fox Plaza Port Michael NH 98728
389,helen.flores@thomas.com,Helen Flores,24732 Cedar Avenue Unit 621 Jamesland IA 91095-2302
390,edward.carter@aol.com,Edward Carter,79360 Davis Terrace Ste. 504 East Mary IA 05224
391,anna.thomas@wilson.com,Anna Thomas,99423 Spring Bypass Ste. 888 Andrewborough NJ 33346
392,deborah.cain@white.org,Deborah Cain,51762 Cook Square Ste. 847 Ronaldland ND 71499
393,melissa.cain@aol.com,Melissa Cain,82760 Oak Road Ste. 906 North Sarah HI 56372-1893
394,edward.allen@lewis.info,Edward Allen,11954 Elm Lane Andrewport FL 52520
395,donald.kirby@aol.com,Donald Kirby,93506 Sunset Crossing Unit 709 Andrewside VA 97110-2870
396,amanda.ramirez@williams.biz,Amanda Ramirez,92804 Brook Square Port Kristen WY 23398
397,joshua.adams@davis.com,Joshua Adams,23544 Oak Circle Ste. 296 Annamouth IL 01463
398,thomas.carter@outlook.com,Thomas Carter,71337 Craig Path Fort Sarah NE 58917-1107
399,susan.wright@icloud.com,Susan Wright,73179 Spring Ford Suite 669 East Edward AZ 88424
400,kevin.jackson@gmail.com,Kevin Jackson,6526 Cedar Circle North Betty TX 91638
401,joshua.wright@outlook.com,Joshua Wright,98316 Valley Ford Unit 331 Port George CA 57010
402,james.moore@gmail.com,James Moore,91145 Adams Plaza Andrewberg SC 08626-9666
403,patricia.robinson@nguyen.org,Patricia Robinson,56074 Forest Court Davidmouth SC 74745
404,ronald.flores@yahoo.com,Ronald Flores,79976 Walnut Trail New Sarah SD 16456
405,barbara.hill@sanchez.net,Barbara Hill,43850 Ridge Loop South Andrew ME 34347
406,sarah.jackson@hotmail.com,Sarah Jackson,903 Elm Plaza Suite 853 Lake George MI 89142
407,steven.cain@robinson.com,Steven Cain,82308 Miller Loop Port Jason WV 08342
408,sarah.scott@martin.biz,Sarah Scott,70339 Fox Road Lake William GA 37760
409,karen.white@davis.biz,Karen White,79488 Brook Lane Kevinshire VA 42222
410,jessica.sanchez@yahoo.com,Jessica Sanchez,48804 Johnson Trail Unit 180 New Kevin IL 13137
411,joseph.robinson@miller.com,Joseph Robinson,44679 Davis Square Unit 147 Annafort UT 18395-1598
412,betty.white@allen.net,Betty White,638 Madison Ford Williamborough NJ 07047-6119
413,joseph.scott@flores.com,Joseph Scott,42158 Sunset Road Unit 792 West Karen GA 21643-1249
414,donna.wright@yahoo.com,Donna Wright,71210 Ridge Loop Apt. 966 Michaelland HI 10337
415,helen.lee@gmail.com,Helen Lee,17149 Fox Pass Port Kristen CO 56897
416,amanda.nguyen@flores.info,Amanda Nguyen,80881 Ridge Trail Apt. 731 Brianport CO 62039
417,patricia.baker@outlook.com,Patricia Baker,40783 Miller Pass Apt. 148 Bettystad MS 52390-6412
418,jason.martin@gmail.com,Jason Martin,8667 Davis Street Ste. 867 Lake Betty OR 17697
419,lisa.hall@martin.biz,Lisa Hall,85224 Maple Trail Port James SC 32941
420,steven.white@yahoo.com,Steven White,91071 Franklin Circle South Larry TX 88766-8972
421,jennifer.torres@hotmail.com,Jennifer Torres,72856 Cedar Crossing Ste. 72 Paulhaven MA 65788
422,mary.williams@yahoo.com,Mary Williams,76222 Craig Avenue North Susan SC 76750
423,barbara.nelson@jackson.biz,Barbara Nelson,89171 Madison Circle Williamfurt SC 67902
424,michael.moore@aol.com,Michael Moore,7063 Craig Loop North Edward AK 31833
425,emily.harris@hall.info,Emily Harris,53319 Brook Circle Danielmouth IL 73800
426,amy.thompson@miller.org,Amy Thompson,87926 Lake Avenue Suite 148 Danielview FL 12097-7813
427,laura.lewis@baker.biz,Laura Lewis,55897 Park Crossing Sarahhaven MN 30588-1121
428,joshua.walker@anderson.biz,Joshua Walker,35391 Highland Loop New Mark NM 93390
429,emily.robinson@williams.com,Emily Robinson,95806 Adams Crossing Bettyville KS 62925
430,george.adams@icloud.com,George Adams,70773 Madison Path Unit 548 Danielbury NC 62503
431,karen.sanchez@hotmail.com,Karen Sanchez,38007 Hill Ford Michaelstad AR 83483
432,david.scott@hotmail.com,David Scott,96749 Fox Trail Apt. 518 North Karen FL 81713-5209
433,anna.campbell@yahoo.com,Anna Campbell,77664 River Crossing Apt. 268 Jamestown ID 70125
434,karen.williams@nguyen.com,Karen Williams,65104 Highland Way Ste. 744 Marychester AR 85182-2900
435,mary.davis@outlook.com,Mary Davis,39600 Davis Loop Ste. 486 Port Benjamin ME 59827
436,daniel.allen@cain.net,Daniel Allen,69737 Ridge Circle Karenborough LA 36007
437,thomas.green@outlook.com,Thomas Green,88611 Washington Run Paulside MA 72776-1138
438,rebecca.johnson@gmail.com,Rebecca Johnson,68947 Cedar Crossing Unit 258 New Betty CO 08455
439,george.gonzalez@flores.net,George Gonzalez,92908 Elm Bypass East Ronald DE 92180-5826
440,betty.adams@flores.info,Betty Adams,36326 Franklin Plaza Suite 284 Susanhaven MI 08872-5336
441,elizabeth.ramirez@yahoo.com,Elizabeth Ramirez,80093 Shore Lane Port Mary SC 85323-8234
442,amanda.taylor@gmail.com,Amanda Taylor,9329 Lincoln Crossing Ste. 153 Benjaminton TX 52181-6403
443,helen.harris@aol.com,Helen Harris,92847 Carter Pass Suite 554 Port Andrew WY 64185-9770
444,amy.perez@hotmail.com,Amy Perez,52609 Oak Bypass Unit 83 Kevinshire TN 27623-1644
445,anthony.adams@icloud.com,Anthony Adams,51231 Cedar Terrace Ste. 753 New Mary AK 95337
446,susan.walker@aol.com,Susan Walker,84432 Madison Pass Sarahfurt AZ 45470-1701
447,lisa.jones@icloud.com,Lisa Jones,87566 Miller Loop Apt. 948 East Daniel TN 03498
448,nicholas.hill@icloud.com,Nicholas Hill,85137 Lake Shore Suite 927 West Sarah SC 23372
449,james.brown@aol.com,James Brown,80791 Walnut Bypass Port Linda DE 90664
450,michael.martin@gonzalez.net,Michael Martin,77836 Park Plaza Unit 145 Larrychester OK 22627
451,amy.torres@gmail.com,Amy Torres,82963 Brook Lane Ste. 83 East Jason CO 93633
452,gary.moore@outlook.com,Gary Moore,90848 Lake Road Unit 536 South Larry SC 91659-3949
453,amanda.walker@williams.org,Amanda Walker,45693 Highland Shore West Betty MS 71742
454,betty.carter@gonzalez.org,Betty Carter,7055 Sunset Street Jasontown NY 24111-1706
455,mary.green@yahoo.com,Mary Green,57073 Lincoln Plaza Sarahton CT 98047-9804
456,elizabeth.davis@walker.biz,Elizabeth Davis,15312 Maple Drive Lindaview IL 98922
457,daniel.wilson@martin.com,Daniel Wilson,12953 Washington Circle South William NM 77689
458,gary.clark@aol.com,Gary Clark,59736 Park Way Ste. 738 Lake Karen IL 45025-1977
459,jessica.garcia@outlook.com,Jessica Garcia,60206 Highland Lane North Betty HI 84623
460,helen.davis@aol.com,Helen Davis,30207 Pine Circle South Mark NM 61655-8014
461,melissa.anderson@outlook.com,Melissa Anderson,76051 Walnut Run Ronaldfurt NE 06796-8711
462,ronald.carter@outlook.com,Ronald Carter,69715 Shore Pass Annabury NY 32524-1203
463,edward.rivera@yahoo.com,Edward Rivera,17494 Ridge Trail Suite 17 North Larry VA 61199
464,melissa.torres@outlook.com,Melissa Torres,60886 Lake Way Unit 642 New Edward SD 10266
465,edward.lee@hotmail.com,Edward Lee,55923 Adams Path Brianville SC 45000
466,mary.young@nelson.org,Mary Young,6858 Elm Way Suite 375 West Lisa VA 27832-6487
467,susan.king@outlook.com,Susan King,96749 Spring Drive Unit 516 Karenton CA 49865
468,sandra.young@gmail.com,Sandra Young,61725 Jefferson Crossing Andrewville IL 61014-7400
469,helen.martinez@gmail.com,Helen Martinez,14434 Hill Court Apt. 509 South Nancy SD 03974-9870
470,amy.garcia@outlook.com,Amy Garcia,58277 Fox Trail Suite 893 Georgefort TN 45024
471,karen.green@martin.info,Karen Green,77872 Johnson Crossing Apt. 920 Larrystad IA 64470
472,charles.carter@miller.org,Charles Carter,37374 Miller Lane North Larry ID 93813
473,george.miller@gmail.com,George Miller,5493 Forest Run Unit 379 New Paul MA 46068-8347
474,andrew.davis@gmail.com,Andrew Davis,3366 Shore Pass Jasonborough GA 01562
475,andrew.young@icloud.com,Andrew Young,38839 Davis Trail Markmouth OR 96491
476,donald.lee@rivera.info,Donald Lee,5353 Lake Loop Suite 412 Jamesbury MN 13121
477,kevin.green@aol.com,Kevin Green,29216 Adams Road Ste. 694 Williamfort MT 26486
478,kevin.nguyen@gmail.com,Kevin Nguyen,87494 Valley Way Ste. 379 New Michael MN 47052
479,donald.wright@icloud.com,Donald Wright,58324 Highland Crossing Ste. 747 Josephville GA 28234
480,laura.allen@johnson.biz,Laura Allen,99205 Brook Bypass Unit 425 Fort Andrew OR 99991
481,william.martinez@moore.biz,William Martinez,64402 Cook Trail Fort James AK 01320-5917
482,brian.flores@icloud.com,Brian Flores,87382 Jefferson Circle Apt. 30 North Daniel CA 79497
483,emily.robinson@hotmail.com,Emily Robinson,82412 Davis Street Suite 866 New Joseph MA 61429
484,michael.perez@hotmail.com,Michael Perez,47438 Highland Terrace Unit 543 Williamfort IL 83317-2548
485,kevin.mitchell@hotmail.com,Kevin Mitchell,41546 Madison Court Annaport PA 47088
486,anna.garcia@hotmail.com,Anna Garcia,63656 Highland Plaza South Joseph NC 29981
487,jason.wright@allen.biz,Jason Wright,93494 Elm Circle Suite 120 Jasonfurt NM 46640
488,nancy.garcia@nguyen.biz,Nancy Garcia,44932 Park Trail Suite 228 East Andrew IA 41295-3133
489,patricia.clark@jones.net,Patricia Clark,2564 Davis Circle Suite 34 Nancyton NM 16587
490,larry.johnson@gmail.com,Larry Johnson,99000 Cedar Street South Larry TX 47076-3384
491,ryan.campbell@torres.org,Ryan Campbell,46263 Hill Square Nancyville CT 76777
492,ashley.gonzalez@moore.com,Ashley Gonzalez,98930 Craig Street Edwardtown MS 92505
493,donald.nelson@martinez.org,Donald Nelson,49856 Franklin Road Lake Anna NJ 15459
494,sandra.mitchell@hotmail.com,Sandra Mitchell,73124 Cook Bypass Suite 395 North Paul NH 30605
495,charles.clark@gmail.com,Charles Clark,62447 Valley Lane Ste. 689 Fort Nancy TX 89672-3348
496,lisa.harris@brown.com,Lisa Harris,8581 Valley Road Ste. 126 Port Joshua NY 37505
497,deborah.torres@icloud.com,Deborah Torres,52559 Ridge Pass Danielfort LA 20316
498,john.jones@outlook.com,John Jones,30354 Lake Shore Suite 851 New Larry MO 80244
499,linda.jackson@brown.net,Linda Jackson,86749 Carter Crossing Ste. 503 Lisaborough OH 72646-1517
500,margaret.jones@hotmail.com,Margaret Jones,49427 Johnson Crossing Apt. 571 Kevinshire VA 22514
501,michael.jackson@walker.net,Michael Jackson,74660 Carter Loop Danielport HI 67412-5315
502,sandra.torres@hill.org,Sandra Torres,37381 Forest Ford Suite 132 Davidfurt WI 82940
503,john.clark@hotmail.com,John Clark,54092 Ridge Ford North Mark CO 91176-5995
504,jennifer.lee@aol.com,Jennifer Lee,42844 Cook Crossing Port Karen AK 92220
505,joseph.martin@outlook.com,Joseph Martin,42360 Cedar Pass Apt. 345 Lake Larry SC 40258
506,margaret.lopez@gmail.com,Margaret Lopez,70332 Spring Trail Unit 588 South Betty WV 13053
507,emily.brown@hotmail.com,Emily Brown,8917 Davis Circle Suite 668 Nancyshire NV 87960
508,william.sanchez@aol.com,William Sanchez,67650 Miller Loop Suite 643 Edwardside OR 66431-8656
509,jessica.flores@aol.com,Jessica Flores,56949 Oak Square Ste. 152 North Edward NV 54773
510,rebecca.johnson@sanchez.org,Rebecca Johnson,37723 Hill Court South Anna GA 26154-6087
511,betty.walker@outlook.com,Betty Walker,55414 Cook Road Apt. 30 North Paul OK 24066
512,larry.rivera@gmail.com,Larry Rivera,7351 Pine Plaza Ronaldview MS 89037
513,patricia.harris@rivera.com,Patricia Harris,31038 Elm Run Nancyfort KY 66070
514,susan.nguyen@hotmail.com,Susan Nguyen,43260 Brook Drive West Larry IN 36985
515,thomas.torres@aol.com,Thomas Torres,49213 Elm Plaza South Karen GA 48578
516,nancy.jackson@aol.com,Nancy Jackson,4662 Oak Drive Ste. 317 Andrewchester UT 16997
517,susan.ramirez@outlook.com,Susan Ramirez,33593 Madison Bypass Michaelberg HI 58520
518,gary.carter@cain.org,Gary Carter,10598 Carter Pass Lindaview CT 22016
519,paul.johnson@aol.com,Paul Johnson,95681 Forest Crossing Stevenside SD 59117
520,michael.carter@icloud.com,Michael Carter,40148 Forest Run Apt. 256 Kevinmouth RI 90883
521,daniel.ramirez@icloud.com,Daniel Ramirez,17599 Lincoln Lane Brianshire IL 12062
522,elizabeth.harris@scott.com,Elizabeth Harris,2817 Fox Loop Jasonville NJ 26987-3764
523,mary.harris@nguyen.org,Mary Harris,19662 Pine Terrace Suite 15 Thomasbury UT 65769-4328
524,william.thomas@outlook.com,William Thomas,50179 Lake Circle Georgeshire WA 89760-3955
525,mark.miller@hotmail.com,Mark Miller,30965 Johnson Drive Ste. 88 East Edward MA 91835
526,barbara.hall@outlook.com,Barbara Hall,96582 Lincoln Bypass Suite 54 South Daniel MN 80478
527,stephanie.nguyen@cain.net,Stephanie Nguyen,33347 Brook Trail Josephport AZ 77085-3783
528,paul.walker@lewis.com,Paul Walker,11850 Forest Square Unit 120 East Daniel LA 99018
529,margaret.moore@taylor.biz,Margaret Moore,99919 Lincoln Square Apt. 324 Danielmouth OK 87169
530,donald.smith@gmail.com,Donald Smith,30228 Park Ford Apt. 723 West Ronald NY 06346
531,amanda.wright@outlook.com,Amanda Wright,14844 River Street Apt. 890 East Joshua NC 36755
532,george.torres@gmail.com,George Torres,69045 Park Circle Fort Paul CT 44077-2998
533,lisa.thompson@gmail.com,Lisa Thompson,42506 River Shore Ste. 465 Karenfurt MI 06747
534,donald.martin@rivera.biz,Donald Martin,17050 Spring Ford New Joshua CA 72716
535,anthony.williams@yahoo.com,Anthony Williams,31567 Shore Bypass Apt. 167 Port Michael TN 99639
536,linda.jones@outlook.com,Linda Jones,96554 Madison Path Suite 853 South Daniel NH 51867
537,joshua.nguyen@outlook.com,Joshua Nguyen,48365 Park Circle Lake Sarah UT 30390
538,amanda.miller@allen.biz,Amanda Miller,11106 Jefferson Crossing Ste. 308 East Paul MD 33591
539,charles.scott@gmail.com,Charles Scott,6010 Cedar Square Suite 476 Markstad MN 34405
540,deborah.young@icloud.com,Deborah Young,86814 Miller Lane Kristenville NE 93324-8454
541,timothy.adams@hotmail.com,Timothy Adams,44839 Park Road Unit 893 Thomasport AK 01766
542,anna.davis@lewis.info,Anna Davis,86308 Carter Trail Davidhaven MD 12486-1227
543,william.jones@baker.com,William Jones,3614 Spring Pass Thomasport IL 12284
544,betty.miller@gmail.com,Betty Miller,15364 Hill Avenue Fort Daniel AK 59918
545,william.moore@outlook.com,William Moore,6774 Meadow Shore Ste. 426 Joshuaport ME 05851
546,sandra.young@aol.com,Sandra Young,89054 Carter Drive Thomasborough OK 09324-7834
547,gary.robinson@aol.com,Gary Robinson,84796 Ridge Crossing North Joshua IL 62504
548,richard.young@icloud.com,Richard Young,44553 Miller Avenue Susanview UT 86524
549,jason.robinson@davis.biz,Jason Robinson,27259 Jefferson Bypass South Larry RI 65511-7815
550,sandra.jackson@aol.com,Sandra Jackson,6266 Fox Terrace East Larry NC 05190
551,karen.clark@yahoo.com,Karen Clark,15918 Walnut Pass Unit 804 New Kevin OK 36060
552,ryan.baker@nguyen.net,Ryan Baker,92689 Oak Crossing Kevinburgh CT 81028
553,ryan.brown@cain.biz,Ryan Brown,13916 Hill Street Larryshire VA 58870
554,sandra.rivera@miller.org,Sandra Rivera,43957 Lake Street Port Kevin WY 01863-8760
555,karen.moore@gmail.com,Karen Moore,34967 Valley Circle Apt. 156 Nancyview IA 19087
556,mark.sanchez@allen.org,Mark Sanchez,4001 Johnson Avenue Nancyville CO 45342
557,deborah.davis@outlook.com,Deborah Davis,99608 Cook Avenue North Thomas MT 90243
558,laura.jackson@martin.org,Laura Jackson,1135 Adams Square Port Sarah TN 27887
559,donna.hill@baker.org,Donna Hill,85133 Shore Road Lake Susan WA 95225
560,michael.allen@moore.com,Michael Allen,12266 Madison Square Apt. 24 North James WY 40838
561,paul.jones@thompson.org,Paul Jones,82280 Ridge Street Suite 460 New Sarah MI 31945
562,emily.scott@flores.biz,Emily Scott,78159 Walnut Terrace Apt. 732 South Anna MA 68692
563,jeffrey.carter@gmail.com,Jeffrey Carter,19309 Franklin Circle Suite 436 Danielberg NH 11233
564,ashley.harris@aol.com,Ashley Harris,51844 Lincoln Run Ste. 451 Danielview HI 19919
565,sandra.hall@icloud.com,Sandra Hall,67364 Elm Road Suite 765 Lake Jason DE 79852
566,jennifer.jones@hotmail.com,Jennifer Jones,5379 River Street Unit 311 New Brian GA 19630
567,mark.smith@jackson.org,Mark Smith,28356 Park Pass Unit 70 Thomastown OR 41593
568,helen.lee@robinson.biz,Helen Lee,17507 Lake Square Paulbury GA 96402
569,stephanie.hill@sanchez.info,Stephanie Hill,30616 Shore Plaza Ronaldbury WV 37356
570,laura.davis@scott.org,Laura Davis,73637 Elm Loop Suite 981 Marytown NC 03446-9713
571,elizabeth.kirby@yahoo.com,Elizabeth Kirby,32250 Johnson Bypass Susanton NY 04049
572,elizabeth.sanchez@aol.com,Elizabeth Sanchez,41699 Brook Court Suite 555 East Larry KY 12747-7672
573,carol.davis@hotmail.com,Carol Davis,23884 Fox Ford Suite 328 Lake Karen MO 16855-4925
574,timothy.nguyen@outlook.com,Timothy Nguyen,66766 Brook Street Unit 476 Williamtown AK 54411
575,nicholas.kirby@aol.com,Nicholas Kirby,88586 Cedar Drive Josephshire OR 54313
576,ryan.flores@yahoo.com,Ryan Flores,49029 Hill Drive Fort Kristen AL 61902
577,donna.moore@davis.net,Donna Moore,7987 Davis Court Susanchester SD 28886
578,paul.moore@icloud.com,Paul Moore,70104 Maple Trail Suite 851 North Ronald NV 28636
579,stephanie.martin@lee.org,Stephanie Martin,98757 Johnson Court Unit 350 Lake Benjamin VT 18527
580,anna.nguyen@gmail.com,Anna Nguyen,88272 Park Circle Danielhaven OH 11636
581,michelle.green@gmail.com,Michelle Green,88129 Johnson Street Ste. 848 Susanside WY 92361
582,jennifer.lewis@yahoo.com,Jennifer Lewis,58371 Craig Drive Paulchester IL 12792
583,brian.jackson@wilson.com,Brian Jackson,64824 Valley Ford Apt. 8 Port Anna LA 75593
584,david.wright@icloud.com,David Wright,74248 Park Bypass Josephstad OR 30879
585,ronald.thomas@icloud.com,Ronald Thomas,3130 Lincoln Loop Port Steven UT 86200-6292
586,margaret.sanchez@icloud.com,Margaret Sanchez,68033 Miller Pass Suite 906 Kristenstad NE 70784
587,anna.harris@gmail.com,Anna Harris,75049 Fox Drive West Jason KS 26805-6092
588,james.flores@kirby.info,James Flores,56716 Fox Run Georgestad KS 15134
589,karen.smith@allen.com,Karen Smith,9656 Johnson Street Williamton AZ 50465
590,ryan.baker@yahoo.com,Ryan Baker,8226 Johnson Ford Ste. 68 New Lisa AR 39655
591,lisa.brown@sanchez.com,Lisa Brown,78687 Craig Crossing Ste. 902 Annaborough TN 89575
592,betty.allen@yahoo.com,Betty Allen,14256 Cedar Shore South Ronald OR 17512
593,thomas.perez@icloud.com,Thomas Perez,81476 Johnson Lane Suite 62 Port Nancy TN 99877
594,emily.king@miller.info,Emily King,40558 Meadow Trail Suite 531 Paulmouth AR 32114
595,rebecca.wright@clark.org,Rebecca Wright,25712 Sunset Road Fort Andrew VT 62263
596,karen.torres@hotmail.com,Karen Torres,80853 Madison Circle Suite 466 Jasonton NY 29757
597,brian.wilson@lewis.biz,Brian Wilson,28036 Washington Pass Lindahaven IN 53469-1110
598,nancy.carter@gmail.com,Nancy Carter,72804 Elm Avenue Apt. 647 Kevinchester AZ 04890-5654
599,elizabeth.wilson@rivera.com,Elizabeth Wilson,44640 Washington Lane Apt. 864 West Benjamin UT 18988
600,jason.jones@yahoo.com,Jason Jones,40086 Miller Drive Unit 677 Port Ronald VA 09569-3142
601,jason.lopez@outlook.com,Jason Lopez,91110 Valley Plaza Jameston WI 81744
602,ryan.king@yahoo.com,Ryan King,43049 Washington Ford East Edward NC 77556
603,barbara.rivera@outlook.com,Barbara Rivera,87066 Maple Lane Stevenfort MS 66350
604,elizabeth.martin@allen.info,Elizabeth Martin,93901 Carter Pass Ste. 654 Markton IN 29773
605,donald.anderson@hotmail.com,Donald Anderson,55808 Brook Run Unit 261 Josephville ME 59262
606,richard.torres@aol.com,Richard Torres,81512 Meadow Circle Ste. 419 Fort Linda LA 51118-8236
607,richard.taylor@perez.net,Richard Taylor,38703 Pine Court West David AZ 72568-4221
608,carol.lee@icloud.com,Carol Lee,89692 Adams Road Edwardport KY 02118
609,charles.perez@harris.info,Charles Perez,76115 Craig Pass Josephhaven IA 30743
610,barbara.robinson@aol.com,Barbara Robinson,72532 Miller Crossing Suite 321 Thomasview IN 58498
611,kimberly.kirby@aol.com,Kimberly Kirby,16922 Madison Shore Unit 348 Port Paul WI 53870
612,edward.king@aol.com,Edward King,3146 Cook Avenue Unit 582 Bettyhaven MO 27765
613,james.king@outlook.com,James King,14339 Meadow Run Michaelville HI 14672
614,elizabeth.cain@nguyen.info,Elizabeth Cain,3617 Park Road Ste. 291 North Paul ND 10172
615,nancy.allen@hotmail.com,Nancy Allen,53952 Shore Lane Port Daniel WV 10012
616,helen.gonzalez@yahoo.com,Helen Gonzalez,40700 Franklin Pass Unit 602 Fort Karen IL 01975
617,donald.johnson@nguyen.com,Donald Johnson,69025 Meadow Run New Joshua CO 38737
618,nicholas.lewis@icloud.com,Nicholas Lewis,39087 Shore Path Thomasland ID 81967
619,betty.white@martinez.biz,Betty White,12621 Shore Ford Apt. 281 Lisashire TX 09748
620,ronald.gonzalez@sanchez.biz,Ronald Gonzalez,15989 Valley Bypass Kevinborough NE 60105-4397
621,paul.cain@gmail.com,Paul Cain,83837 Miller Way Ste. 877 New Benjamin KY 16031
622,michael.martin@lewis.info,Michael Martin,60570 Maple Bypass Fort Joseph NM 37587
623,david.kirby@martinez.org,David Kirby,16372 Shore Lane Suite 694 Fort David ID 29399
624,helen.nelson@outlook.com,Helen Nelson,91423 Oak Square Ronaldburgh MO 91485
625,mary.nguyen@outlook.com,Mary Nguyen,26542 Washington Terrace New Thomas AK 02908
626,william.nelson@wilson.net,William Nelson,87146 Hill Lane Suite 836 South Betty IN 72002
627,margaret.jones@gmail.com,Margaret Jones,46837 Forest Lane Unit 13 Fort James CA 87240
628,michelle.hill@gmail.com,Michelle Hill,28747 Highland Trail West Andrew OH 75606-2552
629,kevin.martin@baker.info,Kevin Martin,88953 Lake Plaza Unit 872 Williamborough AK 80761
630,donald.white@icloud.com,Donald White,30564 Craig Drive Suite 317 Port Kevin KS 82233-3253
631,nancy.walker@yahoo.com,Nancy Walker,49350 Spring Ford Ste. 757 Josephstad MA 85358
632,larry.allen@sanchez.org,Larry Allen,98476 Fox Drive South Mary OH 08087
633,george.anderson@baker.com,George Anderson,79800 Brook Square Ste. 645 Fort William IL 07829
634,linda.gonzalez@yahoo.com,Linda Gonzalez,77777 Spring Drive Fort Michael HI 95591-7947
635,elizabeth.nguyen@hotmail.com,Elizabeth Nguyen,75652 Johnson Road Ste. 82 Davidhaven MO 22989
636,margaret.young@clark.com,Margaret Young,63276 Fox Way Suite 778 Michaelport GA 73463
637,thomas.white@outlook.com,Thomas White,37222 Brook Loop East Andrew NM 26652-4106
638,anna.carter@rivera.org,Anna Carter,64515 Shore Circle Davidhaven NY 41345
639,emily.johnson@gmail.com,Emily Johnson,16415 Brook Run Ste. 981 Lake Nancy VA 65044
640,nancy.baker@outlook.com,Nancy Baker,55679 Washington Drive Unit 647 Benjaminmouth KY 80355
641,carol.miller@aol.com,Carol Miller,75904 Hill Shore Suite 660 Susanhaven VA 77829
642,patricia.allen@clark.com,Patricia Allen,56050 Lincoln Trail Ronaldhaven PA 41367
643,timothy.rivera@brown.biz,Timothy Rivera,45240 River Court Susanshire AL 23072
644,anna.brown@icloud.com,Anna Brown,54867 Highland Trail Lake Larry VA 18607-3981
645,paul.jones@yahoo.com,Paul Jones,24431 Sunset Ford Marystad NE 58767
646,donna.brown@davis.net,Donna Brown,38520 Pine Way Suite 351 South Daniel NY 89185
647,anna.smith@gmail.com,Anna Smith,87305 Cook Street Suite 385 Kevinstad NY 63027
648,kevin.clark@icloud.com,Kevin Clark,45067 Forest Drive Susanton MN 44287
649,anna.lewis@harris.com,Anna Lewis,3465 Elm Square Apt. 378 Fort Nancy NE 87537-6278
650,joseph.flores@gmail.com,Joseph Flores,96544 Forest Crossing Ste. 410 Brianville MN 57087
651,amy.robinson@baker.net,Amy Robinson,96343 Brook Trail Edwardfort OR 94934
652,michael.walker@jackson.biz,Michael Walker,61284 Hill Crossing South James IN 23338
653,george.baker@outlook.com,George Baker,93916 Fox Lane Port Kevin LA 29885
654,george.robinson@adams.net,George Robinson,87325 Lake Loop Lake Edward IA 76493
655,kevin.johnson@white.info,Kevin Johnson,85810 Franklin Drive Suite 298 West Linda WV 78620
656,melissa.jones@yahoo.com,Melissa Jones,41174 Brook Run South Edward MO 56535
657,nancy.nelson@garcia.biz,Nancy Nelson,87098 Walnut Street Ste. 324 North George IA 66514
658,linda.nguyen@icloud.com,Linda Nguyen,87308 Cook Path Suite 281 Andrewtown SD 29272
659,amanda.white@hotmail.com,Amanda White,20114 Spring Drive East Edward NY 96341
660,jeffrey.adams@davis.net,Jeffrey Adams,71919 Shore Plaza Ste. 357 Susanville ND 96257-4196
661,edward.wright@yahoo.com,Edward Wright,42491 Oak Trail Apt. 592 Fort Michael GA 28494-4205
662,melissa.green@icloud.com,Melissa Green,75555 Cedar Avenue Ste. 696 Jasonton CT 47607
663,elizabeth.smith@aol.com,Elizabeth Smith,85309 Meadow Run Apt. 643 Jameston DE 32569
664,sarah.baker@yahoo.com,Sarah Baker,85663 Brook Bypass Stevenhaven LA 83881
665,nancy.carter@gmail.com,Nancy Carter,16097 Carter Square Ste. 281 Annaside MO 64463
666,edward.clark@yahoo.com,Edward Clark,13133 Forest Bypass Lisaside MT 92847-9788
667,jason.allen@aol.com,Jason Allen,76740 Elm Road Larryside AL 73708
668,daniel.jones@aol.com,Daniel Jones,27130 Hill Bypass Kristenville DE 67341-9919
669,david.clark@adams.net,David Clark,32650 Madison Ford Brianshire TX 71005
670,joshua.walker@allen.org,Joshua Walker,79552 Spring Street New Mary GA 40283
671,barbara.garcia@gonzalez.biz,Barbara Garcia,47163 Adams Avenue North Karen MO 86166
672,lisa.lewis@hotmail.com,Lisa Lewis,88773 Franklin Avenue North Steven VT 85616-7097
673,joshua.adams@young.biz,Joshua Adams,21601 Highland Avenue Ste. 389 South William LA 17334
674,carol.wright@hotmail.com,Carol Wright,84009 Pine Terrace Josephland LA 02292-4640
675,anthony.brown@jones.com,Anthony Brown,69106 Madison Run Lake Andrew OR 37961
676,kevin.brown@davis.org,Kevin Brown,98649 Brook Lane Ste. 489 Karenfurt UT 68314
677,george.garcia@aol.com,George Garcia,96493 Adams Ford Davidland UT 80783
678,betty.martinez@hotmail.com,Betty Martinez,61528 Jefferson Court Andrewland MD 84313
679,sarah.sanchez@williams.net,Sarah Sanchez,10152 Washington Bypass Suite 87 Lisatown AL 56572
680,amy.rivera@outlook.com,Amy Rivera,67603 Elm Way Apt. 933 Benjaminview VT 71035
681,susan.campbell@allen.biz,Susan Campbell,5651 Johnson Lane Nancyland ID 10846
682,michael.young@gmail.com,Michael Young,55507 Carter Way Suite 347 Jamesport WY 16448-8915
683,charles.taylor@icloud.com,Charles Taylor,82829 Shore Road Stevenfort AZ 61693
684,ryan.walker@gmail.com,Ryan Walker,80778 Miller Plaza Suite 6 East Susan MN 02161-9061
685,william.williams@yahoo.com,William Williams,53933 Elm Pass Unit 232 Lake Michael MS 57143
686,andrew.thomas@outlook.com,Andrew Thomas,86119 Johnson Lane Ste. 6 South Anna IL 38342-7464
687,mark.campbell@gmail.com,Mark Campbell,21112 Sunset Pass Annaview NY 73105
688,carol.hall@outlook.com,Carol Hall,65879 Brook Avenue Suite 812 East David NC 02788
689,susan.smith@lee.info,Susan Smith,78361 Craig Circle Unit 498 Port James SC 20987
690,elizabeth.anderson@gmail.com,Elizabeth Anderson,34641 Washington Circle Suite 718 Bettyside IL 78489
691,linda.wilson@outlook.com,Linda Wilson,5128 Adams Road South William AR 50853
692,sarah.baker@wilson.com,Sarah Baker,44163 Franklin Pass Ste. 660 West Karen MS 37773
693,amanda.sanchez@gmail.com,Amanda Sanchez,23922 Cook Shore Unit 218 North Jason RI 14207
694,thomas.walker@hotmail.com,Thomas Walker,14718 Cedar Shore Josephborough MS 98162
695,melissa.carter@aol.com,Melissa Carter,48805 Washington Court Ste. 90 Josephburgh AZ 77881
696,gary.green@lopez.info,Gary Green,13028 Maple Loop Fort Kevin IL 70934
697,larry.garcia@aol.com,Larry Garcia,93371 Lincoln Loop Sarahburgh NV 09874
698,ashley.young@davis.biz,Ashley Young,36033 Lake Trail Suite 814 Maryhaven NY 90744
699,paul.johnson@aol.com,Paul Johnson,50451 Brook Way New Larry OR 29548
700,anna.young@icloud.com,Anna Young,94547 Lincoln Trail North Lisa DE 23427-9741
701,susan.moore@yahoo.com,Susan Moore,36506 Lake Court South George IN 71070-6692
702,brian.nguyen@martin.net,Brian Nguyen,92566 Lincoln Avenue Unit 333 Stevenfurt MN 29741
703,jessica.martinez@gmail.com,Jessica Martinez,70536 Cedar Way South George NH 29919
704,barbara.torres@mitchell.info,Barbara Torres,20500 Johnson Drive East Ronald NM 13280
705,betty.martinez@martinez.com,Betty Martinez,74766 Carter Lane East Ronald ID 52668
706,william.johnson@outlook.com,William Johnson,32245 Miller Way Apt. 745 Benjaminburgh MO 51330-1222
707,timothy.green@garcia.com,Timothy Green,11057 Adams Avenue Brianfurt CT 72089
708,karen.hall@yahoo.com,Karen Hall,63070 Johnson Lane Ste. 159 North Steven OH 17131-1729
709,john.king@aol.com,John King,54532 River Shore Port Susan GA 47309
710,richard.nelson@icloud.com,Richard Nelson,14833 Carter Lane North David CA 81700
711,nancy.williams@nguyen.com,Nancy Williams,23439 Franklin Square Apt. 696 North Betty ME 46663
712,jessica.walker@taylor.net,Jessica Walker,385 River Avenue Ste. 458 Briantown CA 15832
713,ronald.thomas@hotmail.com,Ronald Thomas,16816 Park Way Ste. 435 Port Betty SD 44707-5028
714,anthony.sanchez@aol.com,Anthony Sanchez,70062 Carter Loop West Mark VA 56291
715,deborah.baker@wilson.net,Deborah Baker,30927 Valley Shore Suite 372 Josephburgh AR 46789
716,ryan.carter@moore.info,Ryan Carter,18992 Highland Drive Apt. 58 Annamouth MO 97086-7958
717,nancy.smith@adams.biz,Nancy Smith,9769 Davis Path Lake Joseph CO 33118-7823
718,linda.mitchell@icloud.com,Linda Mitchell,18464 Madison Pass Unit 455 Andrewfurt ME 15583-1526
719,kevin.mitchell@yahoo.com,Kevin Mitchell,1524 Shore Circle Lisastad OR 66781
720,richard.clark@thomas.net,Richard Clark,68454 Brook Avenue New James MT 25077
721,kimberly.nguyen@baker.info,Kimberly Nguyen,62675 Forest Way Lake Steven NV 26523-2710
722,james.thompson@lee.net,James Thompson,31495 Jefferson Lane New Kevin MD 25607
723,brian.cain@gmail.com,Brian Cain,74827 Cook Run New Linda CO 41449-6843
724,timothy.moore@young.com,Timothy Moore,41318 Shore Terrace Annaborough NE 98183
725,paul.carter@aol.com,Paul Carter,50184 Davis Run East Joseph UT 61700-2528
726,amanda.wilson@nelson.com,Amanda Wilson,94282 Hill Square Stevenfort WY 45749
727,michael.lee@aol.com,Michael Lee,56579 Cook Way Suite 982 Fort Anna AL 19693
728,sarah.wright@williams.info,Sarah Wright,12435 Miller Plaza Unit 166 Lake David CO 10323-8548
729,thomas.robinson@mitchell.info,Thomas Robinson,85335 Lake Street Lake Edward ME 53551
730,donna.nelson@hotmail.com,Donna Nelson,67271 Forest Terrace Ste. 519 New Betty TN 08478
731,susan.baker@carter.com,Susan Baker,13901 Jefferson Way Ste. 875 Port Edward NJ 88706-8632
732,betty.green@outlook.com,Betty Green,14402 Pine Lane Jasonhaven WY 57769-6385
733,james.martin@aol.com,James Martin,63839 Spring Pass Ste. 40 Danielmouth SD 28979
734,larry.nguyen@smith.org,Larry Nguyen,56475 Davis Road Suite 976 Thomasstad KY 84320-3322
735,james.thomas@hotmail.com,James Thomas,93450 Johnson Circle Karenside AR 13116
736,margaret.lee@jackson.com,Margaret Lee,26131 Ridge Circle Apt. 989 Davidhaven AL 74519
737,kevin.lopez@icloud.com,Kevin Lopez,75923 River Plaza Joshuaborough AL 20727
738,amy.miller@hotmail.com,Amy Miller,14990 Highland Court Fort George FL 84138
739,emily.brown@icloud.com,Emily Brown,24696 Highland Loop Marychester IN 26055
740,joshua.carter@hotmail.com,Joshua Carter,2222 Madison Trail Andrewtown TN 60768
741,matthew.perez@clark.biz,Matthew Perez,44117 Elm Lane Unit 182 Larryport NV 51012-8167
742,brian.moore@brown.net,Brian Moore,13706 Pine Shore Fort Joshua WI 82766
743,john.flores@aol.com,John Flores,4377 Jefferson Circle Ste. 565 South Edward NM 17310
744,jason.lewis@icloud.com,Jason Lewis,92353 Shore Shore Nancyshire LA 87334-7794
745,carol.anderson@outlook.com,Carol Anderson,4382 Craig Shore Unit 861 Georgeborough MI 23336
746,margaret.anderson@outlook.com,Margaret Anderson,25352 Shore Ford Josephhaven WA 23769
747,daniel.allen@yahoo.com,Daniel Allen,13151 Lake Square Ste. 864 Jasonstad OK 21847
748,barbara.williams@outlook.com,Barbara Williams,1612 River Shore Williamhaven AK 98299
749,betty.flores@perez.com,Betty Flores,31520 Walnut Trail Apt. 744 Brianhaven WY 35141
750,jessica.williams@flores.net,Jessica Williams,83774 Cedar Street Suite 110 North Ronald ID 13160-6921
751,nicholas.gonzalez@outlook.com,Nicholas Gonzalez,2977 Highland Bypass Suite 216 Susanborough SD 60097
752,elizabeth.jackson@yahoo.com,Elizabeth Jackson,86563 Cook Street Danielport AL 21760
753,thomas.jones@gmail.com,Thomas Jones,70348 Fox Square Lake Anna IN 04866
754,richard.williams@garcia.org,Richard Williams,35970 Davis Road North Sarah WV 65985
755,lisa.lopez@yahoo.com,Lisa Lopez,90153 Adams Way Unit 170 Joshuatown NV 59478
756,melissa.thomas@hill.net,Melissa Thomas,79699 Brook Circle Unit 383 Georgeville NH 22921
757,paul.taylor@hotmail.com,Paul Taylor,79252 Ridge Way Apt. 829 East David KS 10521-7089
758,nancy.miller@jones.net,Nancy Miller,41858 Craig Plaza Unit 921 West Susan ME 79879-4562
759,john.wright@aol.com,John Wright,88094 Maple Run Port Linda MA 26971-9092
760,sandra.cain@sanchez.net,Sandra Cain,16365 Johnson Lane Jamesfurt ME 03337
761,ryan.scott@lewis.org,Ryan Scott,17278 Shore Ford Kristenborough TN 03132-2558
762,rebecca.sanchez@thomas.org,Rebecca Sanchez,98887 Ridge Way Unit 506 Susanshire VT 60582
763,michelle.jones@hill.net,Michelle Jones,3938 Walnut Ford Lake Edward VT 95929
764,david.williams@hotmail.com,David Williams,70558 Craig Ford Suite 114 North William KY 44165
765,jason.white@yahoo.com,Jason White,18156 Miller Street Apt. 772 Edwardview SD 59560
766,ashley.allen@outlook.com,Ashley Allen,86773 Carter Court Ste. 232 North Andrew CO 47269
767,laura.anderson@campbell.com,Laura Anderson,91190 Maple Bypass New Paul IN 62361
768,william.walker@yahoo.com,William Walker,77501 Forest Trail Edwardfort CT 18047-6957
769,anthony.ramirez@young.com,Anthony Ramirez,52555 Sunset Bypass Apt. 703 West Joseph NJ 15047
770,susan.kirby@martinez.org,Susan Kirby,3846 Davis Square Unit 122 Williamchester NV 28795-9227
771,margaret.young@outlook.com,Margaret Young,35828 Valley Street Ste. 750 Maryshire IL 53781-5520
772,ashley.nguyen@outlook.com,Ashley Nguyen,14411 Oak Drive New Ronald AZ 76396-2078
773,andrew.brown@aol.com,Andrew Brown,91786 Shore Way Apt. 752 Andrewstad NY 27962-4335
774,matthew.flores@aol.com,Matthew Flores,37845 Craig Street Ste. 757 South Larry MA 90318-4069
775,karen.lewis@gmail.com,Karen Lewis,87398 Davis Circle Apt. 998 West Larry UT 02275
776,steven.torres@yahoo.com,Steven Torres,62040 Elm Ford Michaelland ND 66948-3401
777,deborah.brown@icloud.com,Deborah Brown,44097 Johnson Pass Karentown KY 48748
778,jeffrey.perez@hotmail.com,Jeffrey Perez,67973 Davis Street Suite 152 Edwardland TX 19564
779,joseph.anderson@icloud.com,Joseph Anderson,56555 Valley Road Port Steven CT 36903
780,carol.king@ramirez.biz,Carol King,23031 Lincoln Terrace Port Karen MD 25978-9520
781,edward.lee@jones.info,Edward Lee,59741 Ridge Trail Suite 511 Josephbury UT 20690
782,charles.hill@yahoo.com,Charles Hill,39899 Carter Trail Unit 16 South Michael PA 17178-6010
783,anna.clark@gmail.com,Anna Clark,6640 Lincoln Avenue Unit 805 Paulport GA 12272
784,linda.rivera@aol.com,Linda Rivera,10679 Jefferson Drive Unit 255 Stevenhaven NV 53312
785,john.taylor@nguyen.org,John Taylor,22815 Franklin Plaza South Karen FL 55566
786,sarah.jackson@aol.com,Sarah Jackson,82455 Miller Loop Ste. 99 Fort Andrew MA 67036
787,amanda.perez@outlook.com,Amanda Perez,61251 Highland Circle Suite 981 Williammouth SC 40634
788,emily.young@aol.com,Emily Young,71307 Jefferson Ford Port Paul AL 61661
789,laura.allen@gmail.com,Laura Allen,11196 Oak Court Lindaburgh ME 75113
790,karen.smith@aol.com,Karen Smith,88496 Oak Road Danielmouth IA 89562
791,linda.jackson@rivera.net,Linda Jackson,63664 Sunset Street Apt. 619 Nancyburgh KS 27777-1403
792,rebecca.young@gmail.com,Rebecca Young,16066 Madison Way Apt. 840 North George SC 90302
793,george.hill@yahoo.com,George Hill,83487 Fox Lane Apt. 175 Andrewport IL 63411
794,charles.adams@aol.com,Charles Adams,64713 Valley Court Suite 476 Port Joseph AK 38148
795,joshua.white@hotmail.com,Joshua White,4567 Johnson Ford East Sarah WA 61076-3593
796,matthew.young@young.com,Matthew Young,45822 Brook Square Apt. 361 Markborough NJ 94740
797,michael.thomas@adams.org,Michael Thomas,51733 Maple Pass Ste. 621 Markfort WY 87364
798,michael.baker@aol.com,Michael Baker,45725 Shore Bypass Apt. 238 West Daniel UT 63444
799,richard.carter@rivera.com,Richard Carter,13919 Park Way West Kristen SC 33831-2194
800,donald.mitchell@icloud.com,Donald Mitchell,3961 Park Plaza Ste. 387 South Mary KY 65369
801,charles.wilson@yahoo.com,Charles Wilson,56993 Sunset Bypass Paulburgh IN 05356
802,helen.carter@outlook.com,Helen Carter,74587 Maple Plaza Ste. 195 Marktown NC 47151
803,helen.wright@johnson.info,Helen Wright,56134 Brook Bypass North Anna DE 66367-9856
804,karen.kirby@hotmail.com,Karen Kirby,33049 Brook Terrace Apt. 992 South Edward ND 81117
805,lisa.hill@icloud.com,Lisa Hill,14632 Davis Court Port Karen IL 44848
806,mary.garcia@icloud.com,Mary Garcia,43302 Oak Drive Suite 355 Thomasville OK 63753
807,jessica.rivera@gmail.com,Jessica Rivera,65189 Walnut Terrace Unit 801 Jamesfurt AR 04454
808,stephanie.lopez@outlook.com,Stephanie Lopez,89483 Fox Loop Ste. 785 East Thomas VT 56945
809,jennifer.ramirez@aol.com,Jennifer Ramirez,48296 Ridge Road Suite 244 New James NE 98973
810,stephanie.king@gmail.com,Stephanie King,94449 Washington Ford Apt. 450 New Linda MN 79959
811,susan.moore@outlook.com,Susan Moore,62844 Elm Bypass Apt. 507 Georgechester IA 59135
812,nancy.carter@icloud.com,Nancy Carter,32108 Adams Plaza Kristenchester NE 93471
813,sandra.thomas@yahoo.com,Sandra Thomas,68387 Walnut Trail Lake Joshua GA 05701
814,edward.ramirez@lewis.net,Edward Ramirez,2890 Carter Ford Ste. 308 Williamton LA 80920
815,joseph.white@gmail.com,Joseph White,29518 Spring Way Ste. 546 North Kristen OH 46587
816,nicholas.nguyen@lee.org,Nicholas Nguyen,98838 Spring Shore Ste. 887 New Brian CT 73521
817,ronald.nelson@aol.com,Ronald Nelson,60852 Franklin Run Karenside MO 62254
818,amy.anderson@gmail.com,Amy Anderson,36891 Adams Bypass Michaelborough OR 52721-5493
819,nancy.thomas@green.biz,Nancy Thomas,1717 Elm Trail North Edward ID 59170
820,donald.carter@hotmail.com,Donald Carter,63041 Spring Circle Suite 284 Lisaborough CA 58729-5524
821,thomas.walker@icloud.com,Thomas Walker,22971 River Path New Larry UT 67416
822,emily.martin@icloud.com,Emily Martin,29978 Oak Court Lake Lisa VA 06863
823,matthew.brown@outlook.com,Matthew Brown,14935 Maple Drive Unit 850 Thomasville TN 56898
824,linda.kirby@hotmail.com,Linda Kirby,44007 Highland Terrace Unit 637 Lake Kristen ME 20669
825,joseph.brown@martin.biz,Joseph Brown,93917 Ridge Road Suite 673 Susanville CA 30436
826,joshua.flores@outlook.com,Joshua Flores,70743 Elm Square Paulfort ND 58805
827,william.scott@yahoo.com,William Scott,43181 Washington Terrace Unit 767 Andrewland NH 97049
828,mark.thompson@aol.com,Mark Thompson,66375 Maple Terrace Sarahview IA 75624
829,michael.king@outlook.com,Michael King,88456 Lake Path Unit 350 West Thomas NE 67194
830,joshua.walker@carter.com,Joshua Walker,23681 Miller Shore Ste. 270 Andrewtown WV 14237-1558
831,rebecca.clark@yahoo.com,Rebecca Clark,9670 Lake Square Ronaldview MN 17705
832,kimberly.anderson@jones.org,Kimberly Anderson,44224 Cedar Ford Unit 973 Port Steven NH 98084
833,charles.mitchell@yahoo.com,Charles Mitchell,96233 Park Run Williammouth AL 78798
834,carol.green@hotmail.com,Carol Green,57586 Park Square West James MD 65656
835,joshua.allen@torres.biz,Joshua Allen,56027 Jefferson Plaza Apt. 977 South Thomas ND 37471
836,donna.martin@hotmail.com,Donna Martin,21804 Elm Trail Ste. 230 Michaelstad RI 99758-4795
837,george.thomas@yahoo.com,George Thomas,72473 Hill Shore South Benjamin NY 04378
838,charles.scott@outlook.com,Charles Scott,68374 Lake Crossing Suite 734 Edwardburgh NH 57657
839,patricia.garcia@rivera.net,Patricia Garcia,46462 Pine Drive Lake Karen NJ 83657
840,carol.carter@icloud.com,Carol Carter,41362 Cook Circle Unit 195 Paulton SD 83219-3242
841,emily.white@wilson.com,Emily White,34871 Davis Avenue Apt. 752 East Mary SD 12627
842,ryan.rivera@carter.info,Ryan Rivera,8916 Carter Loop Kristenview VT 35481
843,brian.torres@hotmail.com,Brian Torres,63569 Park Trail Paultown NY 83578
844,matthew.king@gmail.com,Matthew King,28795 Elm Trail Ste. 334 Port Anna ID 61913
845,george.jones@outlook.com,George Jones,92482 Lake Pass Bettyview UT 31783-5389
846,paul.gonzalez@sanchez.net,Paul Gonzalez,73796 Forest Court Fort Thomas MT 35170
847,jessica.walker@lee.net,Jessica Walker,40537 Johnson Circle Apt. 549 West Betty SC 44212-9843
848,joseph.rivera@outlook.com,Joseph Rivera,11929 Meadow Terrace Steventon ND 28585
849,william.davis@harris.com,William Davis,38135 Hill Terrace Apt. 567 Benjaminton AK 99975
850,john.young@outlook.com,John Young,5642 Hill Trail Apt. 647 Jameston LA 99292-7190
851,michelle.harris@icloud.com,Michelle Harris,35489 Pine Bypass Ste. 21 East Anna WV 78095
852,william.nguyen@martin.info,William Nguyen,67255 Fox Trail Apt. 103 Fort Susan ME 57299-7657
853,kimberly.thomas@icloud.com,Kimberly Thomas,69988 Washington Way Ste. 746 Lake Kevin OH 94661-4671
854,joshua.kirby@yahoo.com,Joshua Kirby,58700 Valley Pass Lindamouth SD 11962-3773
855,barbara.walker@gmail.com,Barbara Walker,18624 Shore Path Georgeland AR 65673-6102
856,melissa.lee@cain.org,Melissa Lee,90408 Highland Shore Apt. 774 Danielport NY 42027
857,susan.martin@outlook.com,Susan Martin,67527 Pine Street Suite 385 New Larry ND 99061-4233
858,donald.jones@outlook.com,Donald Jones,65004 Hill Square Ste. 409 West Thomas ME 95364
859,carol.thomas@aol.com,Carol Thomas,48810 Hill Avenue Apt. 823 Andrewchester ND 80235-8583
860,barbara.lee@rivera.com,Barbara Lee,21627 Davis Shore Apt. 154 New Michael VT 25598-2537
861,andrew.lewis@gmail.com,Andrew Lewis,82016 Miller Path Unit 652 Jameschester SD 02851
862,jessica.moore@clark.biz,Jessica Moore,95693 Madison Terrace North Lisa OH 85095
863,james.torres@icloud.com,James Torres,28469 Adams Lane Suite 130 Markhaven MI 76452
864,emily.nguyen@icloud.com,Emily Nguyen,80825 Davis Road Apt. 222 East Joseph HI 63320
865,daniel.johnson@smith.com,Daniel Johnson,67170 Johnson Circle West James OK 52543
866,anthony.hall@hotmail.com,Anthony Hall,68517 Forest Square Apt. 979 North Andrew GA 58310
867,sandra.baker@nelson.net,Sandra Baker,73225 Franklin Terrace Unit 876 Lake Joshua NV 29020
868,gary.lopez@yahoo.com,Gary Lopez,98093 Craig Road Apt. 6 Lindaburgh MS 34260
869,anna.nguyen@icloud.com,Anna Nguyen,36138 Davis Way Unit 281 Markfurt VA 62709
870,brian.lewis@outlook.com,Brian Lewis,98395 Cedar Ford Apt. 723 Edwardmouth CO 55994
871,jennifer.smith@icloud.com,Jennifer Smith,8269 Forest Street South Steven SC 97659-6185
872,helen.hall@aol.com,Helen Hall,94751 Valley Square Ste. 427 Paulton CA 26289
873,paul.miller@williams.com,Paul Miller,58217 Cook Court Thomasside SD 98888
874,anna.jackson@hotmail.com,Anna Jackson,15529 Meadow Crossing Markbury CO 16238
875,elizabeth.rivera@hotmail.com,Elizabeth Rivera,77583 Fox Lane Lake Sarah CO 95932
876,sarah.nelson@lopez.com,Sarah Nelson,40796 Oak Way East Mark MA 55261-4084
877,jessica.lopez@hotmail.com,Jessica Lopez,34094 Johnson Court Unit 593 Fort George SD 91051
878,larry.torres@aol.com,Larry Torres,74642 Spring Circle Unit 213 North William NC 28619-8662
879,thomas.cain@allen.com,Thomas Cain,62386 Lake Crossing Port Paul PA 05436
880,john.flores@gmail.com,John Flores,20907 Highland Pass Suite 192 Michaelside NJ 72667-1356
881,donald.hill@aol.com,Donald Hill,91129 Franklin Way Apt. 259 Bettyborough NM 89939
882,larry.wilson@young.net,Larry Wilson,55279 Franklin Court New Larry NC 22808
883,gary.nguyen@allen.com,Gary Nguyen,74547 Lake Avenue Kristenville MD 19541
884,betty.harris@gmail.com,Betty Harris,86425 River Road West Larry KS 27649
885,ronald.anderson@aol.com,Ronald Anderson,49154 Craig Pass Suite 483 Susanberg NM 88613
886,betty.hall@gmail.com,Betty Hall,50900 Lake Plaza Lake Ronald ME 89440
887,margaret.nguyen@gmail.com,Margaret Nguyen,45564 Carter Run Apt. 787 Lake Linda NC 01208
888,timothy.harris@green.com,Timothy Harris,18198 Carter Road Unit 446 Port Steven ID 56798-6096
889,anthony.nelson@cain.org,Anthony Nelson,55377 Park Lane Suite 477 Davidburgh TN 54015
890,anna.davis@aol.com,Anna Davis,66549 Brook Crossing Ste. 433 Michaelview KY 98263
891,kevin.ramirez@outlook.com,Kevin Ramirez,93426 Meadow Loop East Thomas OH 51262
892,patricia.miller@icloud.com,Patricia Miller,77452 Lincoln Road Edwardbury NV 07362
893,larry.jones@lewis.org,Larry Jones,6663 Valley Court Unit 786 Lisastad ID 39435
894,joseph.ramirez@icloud.com,Joseph Ramirez,4768 Elm Terrace Susanland ID 12016
895,michael.rivera@outlook.com,Michael Rivera,56605 Adams Terrace Jamesfort OR 61085-6350
896,nancy.cain@icloud.com,Nancy Cain,83699 Cedar Way Lindashire NV 53525-5208
897,ronald.green@williams.info,Ronald Green,15360 Sunset Run Unit 631 Edwardland VT 07400
898,steven.gonzalez@clark.org,Steven Gonzalez,97993 Park Court Port Jason ID 89894-1082
899,mark.gonzalez@outlook.com,Mark Gonzalez,86242 Lake Court Unit 100 New Andrew MA 29974-5715
900,ronald.hall@lewis.biz,Ronald Hall,55250 Meadow Loop Suite 352 Lake George NH 20893
901,melissa.walker@icloud.com,Melissa Walker,22383 Brook Court Suite 647 Lake William IN 99043
902,nancy.jackson@hotmail.com,Nancy Jackson,59278 Miller Shore Apt. 640 Port Thomas WI 04068
903,charles.wright@anderson.info,Charles Wright,70563 Lake Way Annahaven IN 28696
904,joshua.moore@yahoo.com,Joshua Moore,96367 Shore Loop Apt. 429 Karenborough WY 48602
905,george.nelson@mitchell.org,George Nelson,65938 Shore Drive Fort Michael NH 21574
906,elizabeth.harris@aol.com,Elizabeth Harris,43885 Miller Lane Port Thomas NE 25756
907,donna.wilson@aol.com,Donna Wilson,66076 Pine Path New Linda SC 33760-8731
908,carol.williams@kirby.biz,Carol Williams,85836 Brook Loop East Sarah MS 95772
909,elizabeth.robinson@lopez.org,Elizabeth Robinson,17486 Jefferson Bypass Fort Sarah KS 90610
910,susan.martinez@young.net,Susan Martinez,79268 Meadow Lane Suite 8 Paulview ND 62631
911,james.sanchez@hall.biz,James Sanchez,15957 Fox Crossing Suite 300 Georgeton MS 53354
912,paul.flores@clark.net,Paul Flores,13682 River Court Brianburgh WA 23145
913,george.lee@yahoo.com,George Lee,63354 Spring Court Suite 470 Danielland WI 35078
914,edward.ramirez@outlook.com,Edward Ramirez,91792 Lincoln Run Suite 780 North Benjamin IA 49608
915,amanda.moore@icloud.com,Amanda Moore,20849 Madison Pass Josephmouth GA 80619-7295
916,thomas.flores@yahoo.com,Thomas Flores,76545 Madison Avenue Port Daniel SC 23335
917,michelle.miller@aol.com,Michelle Miller,41295 Valley Way East Edward ND 64183-7223
918,anna.adams@lee.com,Anna Adams,40641 Spring Drive Suite 666 Fort Sarah OR 84707
919,rebecca.campbell@allen.com,Rebecca Campbell,97273 Sunset Terrace West Linda NC 09807-9761
920,ryan.campbell@gmail.com,Ryan Campbell,7436 Johnson Run East Andrew TN 33124-8472
921,elizabeth.cain@thomas.biz,Elizabeth Cain,36469 Pine Road Ronaldmouth ND 40683-4728
922,susan.torres@robinson.info,Susan Torres,12980 Oak Plaza Fort Anna NH 11929
923,john.king@aol.com,John King,63962 Madison Run Ste. 882 Joshuabury WY 85230-8475
924,anna.taylor@nguyen.org,Anna Taylor,64666 Park Plaza Stevenshire KY 70755-5510
925,carol.wright@icloud.com,Carol Wright,57777 Elm Lane Unit 915 Danieltown HI 24435-8078
926,carol.jackson@outlook.com,Carol Jackson,44983 Park Road Maryshire NC 41027
927,ashley.robinson@hotmail.com,Ashley Robinson,79991 Spring Run South Kevin MT 23515
928,donna.adams@aol.com,Donna Adams,62198 Highland Court Unit 484 Georgeshire MS 20003
929,ronald.perez@martin.info,Ronald Perez,40472 Franklin Run Ste. 6 Susanton NE 47348
930,michael.lewis@kirby.com,Michael Lewis,27442 Lincoln Trail Port Brian MO 43688
931,melissa.lopez@hill.biz,Melissa Lopez,57785 Adams Street Apt. 334 Joshuatown AZ 87431
932,nicholas.hall@hotmail.com,Nicholas Hall,79622 Brook Ford Unit 283 Sarahshire DE 62845-2212
933,daniel.carter@miller.com,Daniel Carter,77407 Madison Run Suite 449 North Lisa ND 39196
934,michael.carter@baker.org,Michael Carter,47447 Johnson Road Ste. 234 Lake Mary UT 93282-1379
935,michael.jones@clark.info,Michael Jones,63847 Oak Square Unit 17 Kristenfort MA 71622
936,joshua.lee@campbell.net,Joshua Lee,74195 Pine Loop Brianfort CO 76225
937,donna.green@mitchell.net,Donna Green,89747 Franklin Court Apt. 667 East Steven OR 45539
938,deborah.baker@clark.net,Deborah Baker,52720 Jefferson Shore New James MA 56987-4651
939,emily.nelson@king.info,Emily Nelson,85770 Sunset Run Andrewmouth IL 20435-3975
940,john.kirby@gmail.com,John Kirby,16788 Ridge Bypass Unit 951 South Mary MD 22402
941,jessica.wilson@gonzalez.org,Jessica Wilson,3677 Lake Crossing Ste. 27 South Susan AR 59564
942,william.gonzalez@torres.net,William Gonzalez,12270 Park Square Annaside WI 28477-9013
943,melissa.nguyen@hotmail.com,Melissa Nguyen,54511 Sunset Road Davidtown KY 67680-8486
944,joseph.carter@outlook.com,Joseph Carter,52569 Cedar Terrace Unit 857 North James VT 12069
945,stephanie.white@kirby.org,Stephanie White,95733 Forest Ford Apt. 182 Josephfort GA 19378
946,timothy.cain@yahoo.com,Timothy Cain,97073 Jefferson Terrace Thomasside ID 68973
947,melissa.adams@gmail.com,Melissa Adams,21382 Fox Pass Ste. 641 North Betty MA 04732
948,karen.kirby@cain.com,Karen Kirby,53532 Cook Loop Apt. 162 Lake Ronald IA 13074
949,james.jones@lewis.info,James Jones,70449 Johnson Avenue Benjaminshire NM 62536
950,thomas.garcia@aol.com,Thomas Garcia,48017 Cedar Pass Apt. 129 East Brian GA 30563
951,melissa.brown@moore.biz,Melissa Brown,13892 Washington Drive Unit 337 Sarahfort ND 76650
952,jessica.mitchell@martin.info,Jessica Mitchell,49221 River Run Joshuahaven SD 07293
953,elizabeth.carter@gmail.com,Elizabeth Carter,31272 Hill Way Ste. 496 Maryhaven NH 29159
954,thomas.king@icloud.com,Thomas King,36709 Meadow Plaza Lake Brian NY 72945
955,john.adams@mitchell.biz,John Adams,34554 Maple Terrace Suite 988 Annaland NJ 15566-5844
956,michael.perez@outlook.com,Michael Perez,72621 Pine Square Apt. 146 Jamesfurt IL 97129
957,ashley.nguyen@scott.biz,Ashley Nguyen,68918 Oak Loop Apt. 711 Nancyside MS 21807-3713
958,brian.flores@wilson.com,Brian Flores,70986 Franklin Road Ste. 304 Port Ronald NM 62342
959,ronald.jackson@hotmail.com,Ronald Jackson,92943 Madison Road Williamton WI 54788-8879
960,jeffrey.davis@anderson.info,Jeffrey Davis,20998 Highland Way Lake William IA 37204-7577
961,jennifer.rivera@nelson.com,Jennifer Rivera,27078 Johnson Avenue Benjaminburgh ND 41784
962,deborah.flores@yahoo.com,Deborah Flores,86662 Johnson Trail Bettybury GA 10227
963,timothy.rivera@hotmail.com,Timothy Rivera,5470 Brook Court Ste. 437 Ronaldtown WI 39155-2688
964,patricia.rivera@nguyen.org,Patricia Rivera,31726 Carter Circle Suite 886 Georgestad KY 84920
965,mark.adams@perez.net,Mark Adams,1794 Cedar Pass Ste. 227 Paulstad CT 93868
966,kevin.scott@aol.com,Kevin Scott,87598 Brook Ford Brianburgh OR 13440-4909
967,nancy.torres@nguyen.info,Nancy Torres,51708 Cook Terrace Fort Mark ND 05885
968,jeffrey.flores@clark.net,Jeffrey Flores,28416 Park Shore North Jason NE 04719
969,ryan.taylor@icloud.com,Ryan Taylor,45195 Ridge Drive Suite 333 North Kevin HI 28443
970,laura.wright@campbell.info,Laura Wright,98839 Ridge Lane Lindachester SC 71547
971,rebecca.wilson@hotmail.com,Rebecca Wilson,13377 Pine Way Ste. 655 Port Mary KY 93719
972,karen.ramirez@mitchell.com,Karen Ramirez,22191 Forest Shore Unit 931 Stevenport ME 74389
973,lisa.hill@lopez.net,Lisa Hill,11967 Shore Court Unit 546 East Jason MO 14582
974,melissa.moore@williams.org,Melissa Moore,29568 Johnson Ford Apt. 684 Benjamintown IA 92105
975,susan.wilson@yahoo.com,Susan Wilson,19154 Craig Trail Suite 879 Georgebury NE 73918
976,joshua.lopez@aol.com,Joshua Lopez,76239 Shore Run Joshuastad VA 48706
977,thomas.clark@yahoo.com,Thomas Clark,42063 Ridge Bypass South Brian OH 76885-9314
978,amanda.robinson@gmail.com,Amanda Robinson,79279 Walnut Terrace Lisaland NJ 36275
979,mary.lewis@walker.biz,Mary Lewis,57271 Maple Lane Ste. 573 Ronaldchester NM 93577-6806
980,james.rivera@hotmail.com,James Rivera,95489 Fox Path Apt. 406 Fort Michael OH 92384
981,karen.wilson@aol.com,Karen Wilson,53464 River Loop Edwardfurt SC 07943
982,matthew.torres@gmail.com,Matthew Torres,80558 Maple Square Apt. 751 East George ID 04864
983,sandra.rivera@gmail.com,Sandra Rivera,12441 Shore Run Brianview MO 92280
984,ryan.lee@hotmail.com,Ryan Lee,46651 Park Circle East Karen MT 27293-2336
985,karen.ramirez@allen.org,Karen Ramirez,2773 Oak Loop Unit 98 New Benjamin MA 51430
986,stephanie.scott@gmail.com,Stephanie Scott,22695 Sunset Path Apt. 354 East Betty MS 76233-8220
987,amanda.carter@yahoo.com,Amanda Carter,58440 Fox Path Suite 827 Jasonshire CT 46751
988,emily.allen@gmail.com,Emily Allen,65328 Sunset Path Unit 961 Port Brian NH 16254
989,james.lee@yahoo.com,James Lee,31485 Carter Road New Jason NM 87462
990,rebecca.torres@aol.com,Rebecca Torres,12021 Forest Square Nancyhaven WI 72615
991,charles.martin@yahoo.com,Charles Martin,38498 Franklin Way Suite 503 West Linda OK 64452
992,sarah.walker@carter.org,Sarah Walker,89760 Oak Square West Michael PA 99022
993,andrew.martinez@campbell.net,Andrew Martinez,70130 Fox Ford Lake Lisa AR 90674
994,melissa.young@yahoo.com,Melissa Young,66782 Valley Ford East Ronald IA 94377
995,amanda.gonzalez@aol.com,Amanda Gonzalez,84041 Craig Ford West Jason ME 01621
996,george.lee@white.com,George Lee,48830 Shore Ford Apt. 637 Ronaldview UT 75781
997,helen.flores@icloud.com,Helen Flores,96652 Adams Circle Port Susan LA 25837
998,sandra.taylor@flores.info,Sandra Taylor,5578 Johnson Avenue West Anna HI 65033-9797
999,daniel.davis@taylor.info,Daniel Davis,37430 Jefferson Trail West Susan IL 12338
1000,sandra.lopez@gmail.com,Sandra Lopez,61567 Davis Street Suite 854 West Kevin VT 09834-7076
1001,donald.campbell@aol.com,Donald Campbell,5480 Sunset Road New Joseph MI 33873
1002,matthew.lewis@icloud.com,Matthew Lewis,7496 Shore Way Unit 518 East Steven IL 45025
1003,donald.kirby@johnson.com,Donald Kirby,78960 Jefferson Loop Unit 59 West Thomas ND 71028-3783
1004,ronald.martin@yahoo.com,Ronald Martin,13704 Walnut Shore Suite 834 West Edward IA 83350-9938
1005,james.kirby@robinson.biz,James Kirby,84613 Brook Trail South Paul NY 81295-8454
1006,steven.miller@hotmail.com,Steven Miller,29439 River Trail Port Karen HI 49244
1007,margaret.jackson@outlook.com,Margaret Jackson,53888 Walnut Way Unit 214 Thomasview NJ 97134
1008,anthony.lewis@hotmail.com,Anthony Lewis,87311 Shore Avenue South Andrew IL 75499-6954
1009,helen.lewis@outlook.com,Helen Lewis,49227 Madison Road Ste. 112 Sarahshire WY 82735
1010,william.gonzalez@yahoo.com,William Gonzalez,86561 Brook Square Ste. 25 Susanside LA 98776
1011,deborah.miller@scott.com,Deborah Miller,19850 Highland Plaza Apt. 781 Lindafort WV 83324
1012,carol.brown@williams.net,Carol Brown,1236 Oak Plaza Lake Mary WV 20739
1013,sarah.johnson@hotmail.com,Sarah Johnson,76573 Johnson Pass Apt. 297 East Ronald GA 22398
1014,andrew.hill@aol.com,Andrew Hill,72493 Davis Court Annamouth NH 13723
1015,michael.white@outlook.com,Michael White,22442 Fox Run Jasonbury PA 75961-1325
1016,sandra.adams@hotmail.com,Sandra Adams,11242 Valley Bypass Unit 694 East Anna TX 26838
1017,daniel.moore@williams.org,Daniel Moore,79111 Carter Shore Larrychester KY 26168
1018,ashley.kirby@yahoo.com,Ashley Kirby,6917 Washington Trail Ste. 346 Fort Paul CO 44636
1019,michael.hill@aol.com,Michael Hill,2618 Madison Way Ste. 390 North Andrew MO 44992
1020,paul.clark@hotmail.com,Paul Clark,17446 Ridge Court North William NH 89055-6220
1021,laura.young@kirby.com,Laura Young,99985 Cedar Drive Unit 67 South Kevin CO 10884-1220
1022,melissa.lee@hill.net,Melissa Lee,20579 Miller Plaza West Kristen VA 19181-2329
1023,elizabeth.williams@williams.net,Elizabeth Williams,56850 Walnut Road Suite 397 South Daniel IL 93830
1024,kevin.hall@hotmail.com,Kevin Hall,95987 Oak Crossing Suite 82 South Karen GA 72040
1025,william.baker@gmail.com,William Baker,24767 Park Plaza Port Steven PA 39891
1026,paul.flores@outlook.com,Paul Flores,32992 Ridge Drive Paulstad ME 99867-2009
1027,james.walker@icloud.com,James Walker,8017 Franklin Bypass Sarahfurt WV 89408-6922
1028,edward.nelson@johnson.biz,Edward Nelson,34498 Forest Crossing Ste. 380 Fort Linda OH 98644-3794
1029,larry.baker@outlook.com,Larry Baker,60608 Forest Way Ste. 464 Port Thomas AK 19275
1030,anthony.flores@hotmail.com,Anthony Flores,1928 Franklin Lane Apt. 223 Port Daniel GA 36506
1031,joseph.walker@hotmail.com,Joseph Walker,72101 Adams Drive Ste. 444 East Daniel TX 08832
1032,john.johnson@hall.info,John Johnson,79767 Jefferson Avenue Ste. 823 Fort Benjamin MD 83773-6089
1033,carol.hill@gmail.com,Carol Hill,78627 Lake Square Unit 827 Josephchester OR 63065-8324
1034,nancy.sanchez@hotmail.com,Nancy Sanchez,90314 Walnut Plaza Danielstad OK 45663
1035,karen.baker@yahoo.com,Karen Baker,42283 Walnut Run Jamestown OR 62571
1036,daniel.young@white.com,Daniel Young,81837 Forest Bypass North William NH 52062
1037,jason.carter@yahoo.com,Jason Carter,47781 Oak Pass Suite 336 Fort Lisa GA 36750
1038,sandra.martin@king.com,Sandra Martin,84751 Sunset Path New Joshua IL 69616
1039,charles.anderson@clark.net,Charles Anderson,39182 Lincoln Road Suite 30 Kevinview CO 49317
1040,nicholas.miller@outlook.com,Nicholas Miller,72879 Hill Path Unit 111 Sarahstad IL 93575
1041,charles.davis@hotmail.com,Charles Davis,2322 Elm Ford Davidmouth MA 95437
1042,joseph.flores@hotmail.com,Joseph Flores,51943 Park Plaza Stevenshire MA 75136
1043,larry.young@icloud.com,Larry Young,93641 Lake Pass Suite 144 East Andrew KS 13040
1044,matthew.lee@hotmail.com,Matthew Lee,98515 Maple Pass Suite 538 Port Andrew GA 72840
1045,jeffrey.gonzalez@gmail.com,Jeffrey Gonzalez,34277 Walnut Drive Suite 54 Andrewland NM 06556-4811
1046,linda.garcia@hotmail.com,Linda Garcia,50893 Shore Shore New Paul VA 92373
1047,james.cain@gmail.com,James Cain,27472 Walnut Run Unit 719 Lake Nancy HI 53059-9785
1048,anna.flores@moore.org,Anna Flores,73010 Valley Square Apt. 773 Lindaberg MA 35123
1049,michelle.moore@outlook.com,Michelle Moore,79184 Shore Road Suite 397 Joshuaberg IL 75738
1050,sarah.baker@torres.org,Sarah Baker,47408 Miller Ford North Mary NC 04121
1051,barbara.martinez@gonzalez.info,Barbara Martinez,94464 Brook Plaza Ste. 617 Jasontown NM 74509
1052,jason.adams@anderson.net,Jason Adams,80888 Cedar Shore Edwardfurt LA 01001
1053,anthony.rivera@yahoo.com,Anthony Rivera,12844 Oak Terrace Apt. 995 Lake William LA 55720
1054,sarah.carter@gmail.com,Sarah Carter,39690 River Court Apt. 124 Joshuafurt NM 23882-2410
1055,ronald.anderson@aol.com,Ronald Anderson,91184 Adams Court Ste. 65 Josephberg CA 53106
1056,joseph.cain@outlook.com,Joseph Cain,54157 Park Shore West Kevin LA 94048-8850
1057,william.thomas@hotmail.com,William Thomas,24750 Washington Crossing Kristenview OK 93136
1058,richard.hall@smith.org,Richard Hall,47814 Pine Path Ste. 558 Lake Joshua OK 71879-6681
1059,mark.martinez@hotmail.com,Mark Martinez,61374 Ridge Trail Ste. 692 Davidview CO 79925-3255
1060,karen.perez@ramirez.biz,Karen Perez,89273 Hill Ford Apt. 614 East Edward OR 19287
1061,jason.gonzalez@harris.net,Jason Gonzalez,55016 Elm Square Markfurt KY 73148
1062,david.campbell@icloud.com,David Campbell,43995 Carter Street Unit 562 Nancyhaven IA 76631
1063,mark.baker@brown.com,Mark Baker,84047 Miller Avenue Maryfurt NC 15129
1064,nicholas.johnson@jackson.com,Nicholas Johnson,99164 Shore Trail Annaberg AK 03125-2983
1065,barbara.martinez@nelson.net,Barbara Martinez,8884 Lincoln Crossing Lake Paul MT 02385
1066,sarah.lee@yahoo.com,Sarah Lee,39917 Franklin Path New Paul NY 05131
1067,matthew.kirby@outlook.com,Matthew Kirby,50399 Cedar Circle Davidtown AK 50803-8986
1068,timothy.williams@aol.com,Timothy Williams,12165 Pine Drive Jasonburgh NJ 50787
1069,susan.nguyen@cain.org,Susan Nguyen,40707 Johnson Road East Mark UT 04700
1070,donald.johnson@outlook.com,Donald Johnson,36110 Brook Loop West Andrew ND 65369-8401
1071,charles.davis@aol.com,Charles Davis,43539 Franklin Street Williamberg NM 64733-7345
1072,deborah.campbell@martinez.info,Deborah Campbell,5850 Madison Lane Ste. 235 Brianburgh CT 22552-1387
1073,donald.walker@icloud.com,Donald Walker,56457 Fox Square West Thomas NM 05395-7918
1074,james.johnson@icloud.com,James Johnson,46976 Davis Way East Anna AK 22233-4060
1075,george.lopez@aol.com,George Lopez,49031 Lincoln Pass Apt. 597 New James IL 20318
1076,melissa.baker@hotmail.com,Melissa Baker,7963 Craig Street New Michael FL 42881
1077,laura.robinson@lopez.info,Laura Robinson,62788 Davis Road Ste. 567 Lisaville GA 88435-9353
1078,linda.mitchell@aol.com,Linda Mitchell,9614 Hill Drive Lake James KY 54266-8075
1079,larry.martin@kirby.com,Larry Martin,88135 Valley Way Apt. 767 Danielfort NE 85677
1080,brian.davis@aol.com,Brian Davis,37799 Carter Bypass Suite 428 West Andrew WY 20079
1081,larry.thompson@hotmail.com,Larry Thompson,60983 Meadow Trail Jasonshire NM 68035
1082,timothy.baker@aol.com,Timothy Baker,89515 Lake Pass Ste. 999 West Karen SD 36155
1083,laura.moore@yahoo.com,Laura Moore,41132 Forest Drive North Mary MI 68852
1084,jessica.taylor@icloud.com,Jessica Taylor,86491 Sunset Path North Mary UT 90912
1085,andrew.wright@outlook.com,Andrew Wright,76351 Park Street Stevenland IN 79398
1086,rebecca.lee@icloud.com,Rebecca Lee,65236 Valley Drive Unit 955 Lisaborough GA 34387
1087,thomas.jones@wright.info,Thomas Jones,528 Maple Road Fort Sarah OK 77491
1088,paul.scott@hotmail.com,Paul Scott,6783 Franklin Pass Port Linda DE 19314-6920
1089,timothy.smith@gmail.com,Timothy Smith,36453 Cedar Loop West Jason WV 91010
1090,larry.adams@gmail.com,Larry Adams,14705 Meadow Path South James IA 82043
1091,timothy.thomas@perez.com,Timothy Thomas,19984 Fox Loop Larryhaven IN 72003
1092,david.williams@aol.com,David Williams,35453 Carter Street Ste. 227 East Ronald ID 29880-1051
1093,susan.adams@aol.com,Susan Adams,78706 Brook Crossing Suite 868 Fort Sarah GA 97883
1094,ryan.hill@kirby.biz,Ryan Hill,35715 Spring Pass Unit 330 Port George NH 80502-3367
1095,amanda.johnson@baker.info,Amanda Johnson,22170 Shore Road Unit 415 North Ronald IA 50734
1096,steven.kirby@scott.com,Steven Kirby,84703 Maple Crossing Lake David MO 03686
1097,ronald.ramirez@williams.info,Ronald Ramirez,33513 Ridge Drive Unit 491 South Edward PA 85542
1098,ashley.lopez@white.org,Ashley Lopez,6388 Walnut Bypass New Karen CO 69846
1099,donald.miller@outlook.com,Donald Miller,36605 Park Drive Apt. 534 West Betty AR 76053
1100,jason.campbell@aol.com,Jason Campbell,61736 Franklin Lane Apt. 618 Williamburgh LA 24426
1101,deborah.lewis@hotmail.com,Deborah Lewis,94892 Park Avenue New Linda HI 36695
1102,joseph.young@gmail.com,Joseph Young,51716 Lake Lane Apt. 867 Lake Mark LA 61608-3869
1103,amanda.jones@davis.biz,Amanda Jones,98995 Cook Bypass North Sarah ND 65219
1104,lisa.wright@outlook.com,Lisa Wright,68919 Miller Square Ste. 770 Port Larry NC 66500-1596
1105,barbara.johnson@hotmail.com,Barbara Johnson,39217 Elm Path North David AK 42228
1106,timothy.kirby@icloud.com,Timothy Kirby,98449 River Crossing Joshuamouth TN 40580
1107,linda.kirby@ramirez.org,Linda Kirby,63902 Shore Crossing South Sarah FL 55499
1108,susan.miller@brown.org,Susan Miller,49125 Oak Terrace Ste. 909 Thomasville RI 39528
1109,paul.wright@outlook.com,Paul Wright,8980 Ridge Plaza Apt. 12 Josephport LA 08849-4583
1110,brian.allen@outlook.com,Brian Allen,52976 Meadow Path Unit 292 West Ronald NH 64899
1111,paul.cain@wright.biz,Paul Cain,66415 Maple Avenue Fort Joshua WA 84257-3329
1112,timothy.lopez@outlook.com,Timothy Lopez,36244 Shore Drive Unit 13 Maryview OR 26383
1113,jeffrey.miller@aol.com,Jeffrey Miller,33542 Spring Shore New Karen WA 64263
1114,richard.lewis@davis.info,Richard Lewis,15073 Pine Crossing Lake Edward NM 34827
1115,kimberly.campbell@icloud.com,Kimberly Campbell,42899 River Run South James AK 57868
1116,karen.young@icloud.com,Karen Young,53146 Oak Run Unit 110 Lisaland IA 33602
1117,linda.brown@young.org,Linda Brown,54186 Shore Circle South Larry SC 64068
1118,george.johnson@smith.info,George Johnson,53305 Franklin Avenue Suite 342 Annashire KS 64769
1119,sandra.harris@outlook.com,Sandra Harris,56474 Washington Trail Apt. 345 Lake Mark MO 11863-2348
1120,jason.campbell@aol.com,Jason Campbell,56269 Carter Bypass Andrewmouth AR 01273
1121,larry.garcia@hotmail.com,Larry Garcia,89063 Ridge Run Apt. 915 West Kristen PA 11793
1122,donna.carter@lopez.com,Donna Carter,51331 Carter Street Unit 631 Williamshire FL 09512
1123,ryan.taylor@icloud.com,Ryan Taylor,67587 Cedar Pass Kristenhaven MI 88164-8744
1124,stephanie.ramirez@aol.com,Stephanie Ramirez,40260 Jefferson Way Apt. 814 Michaelborough IN 32546
1125,amanda.miller@gmail.com,Amanda Miller,77128 Elm Avenue Ste. 130 West Michael WY 44611
1126,emily.anderson@clark.info,Emily Anderson,16171 Madison Road Davidside MT 26098
1127,mary.cain@taylor.info,Mary Cain,24553 Carter Crossing Lake Sarah FL 43848
1128,amanda.clark@mitchell.biz,Amanda Clark,91831 Park Shore North Thomas CO 64818
1129,karen.miller@yahoo.com,Karen Miller,31560 Carter Court Thomaston WY 02209
1130,amanda.lee@thompson.org,Amanda Lee,458 Cedar Pass Maryberg GA 44583
1131,ryan.campbell@thomas.biz,Ryan Campbell,51308 Sunset Circle Kristenbury WA 78460
1132,andrew.mitchell@hotmail.com,Andrew Mitchell,43695 Fox Circle Williamtown NE 61757
1133,kevin.scott@hotmail.com,Kevin Scott,77549 Walnut Crossing Suite 837 North Susan KY 01561
1134,larry.wilson@ramirez.com,Larry Wilson,52132 Craig Circle Suite 822 Lisaport NE 03142
1135,ronald.carter@jackson.biz,Ronald Carter,87041 Oak Pass North Kevin DE 31780
1136,anthony.wright@martinez.biz,Anthony Wright,86096 Sunset Shore South Daniel AK 14036-5230
1137,david.adams@hotmail.com,David Adams,54570 Hill Circle Apt. 371 North Michael OH 91643
1138,james.johnson@jones.net,James Johnson,31498 Maple Court Fort Linda DE 66596
1139,deborah.king@gmail.com,Deborah King,63177 Adams Bypass Suite 362 South Lisa KY 96068-2415
1140,james.davis@yahoo.com,James Davis,68530 Sunset Pass Davidfurt MI 52023
1141,margaret.brown@carter.info,Margaret Brown,27934 Hill Road West Joshua IA 87117
1142,deborah.walker@outlook.com,Deborah Walker,50860 Forest Terrace Suite 38 New Mark MN 03244
1143,amy.thompson@sanchez.net,Amy Thompson,41409 Miller Bypass Suite 609 Kevinburgh PA 18795
1144,kimberly.wright@lee.net,Kimberly Wright,82012 Cook Plaza Ste. 301 West Kristen MD 88139
1145,michael.baker@outlook.com,Michael Baker,20158 Adams Plaza Nancychester CA 66311
1146,sarah.sanchez@hotmail.com,Sarah Sanchez,43059 Park Bypass Bettyburgh MS 15860-5328
1147,deborah.lee@gmail.com,Deborah Lee,24036 Spring Run North Michael WI 73116
1148,nicholas.williams@wright.biz,Nicholas Williams,90602 Madison Loop Port Kevin AZ 41880
1149,mark.williams@thomas.net,Mark Williams,18042 Maple Street Annatown AZ 62502
1150,lisa.king@yahoo.com,Lisa King,77544 Washington Bypass Apt. 665 Andrewburgh SD 03207
1151,ronald.hall@icloud.com,Ronald Hall,89549 Washington Circle Unit 591 Kevinberg NY 72770-8040
1152,barbara.hill@lopez.biz,Barbara Hill,38465 Ridge Avenue Ste. 933 Karenland SC 17337
1153,thomas.green@carter.net,Thomas Green,53255 Sunset Court Georgeburgh TX 33608-1658
1154,richard.anderson@rivera.net,Richard Anderson,89762 Shore Avenue West Mark AL 86439-2814
1155,rebecca.baker@gmail.com,Rebecca Baker,44842 Spring Crossing Suite 890 Port Susan TX 69008
1156,donald.adams@icloud.com,Donald Adams,19225 Spring Way Apt. 502 North Thomas AR 34044-8595
1157,david.smith@smith.info,David Smith,68818 Jefferson Road Unit 145 East Thomas WY 02804
1158,timothy.allen@outlook.com,Timothy Allen,45692 Madison Drive Unit 860 Port Karen HI 63960-3187
1159,joseph.carter@outlook.com,Joseph Carter,50507 Walnut Loop Annastad WA 49605
1160,edward.brown@icloud.com,Edward Brown,67796 Madison Way Suite 248 Karenland WI 88614
1161,ryan.hill@aol.com,Ryan Hill,24079 Carter Square Suite 336 Kevinport NE 75442
1162,steven.lopez@icloud.com,Steven Lopez,40252 Franklin Court South Steven MT 88796
1163,kevin.scott@gmail.com,Kevin Scott,49897 Davis Path Apt. 333 Lake David NM 32610
1164,sandra.wilson@aol.com,Sandra Wilson,2253 Maple Street Port Edward AZ 27864
1165,andrew.campbell@icloud.com,Andrew Campbell,72001 Johnson Avenue Apt. 224 New Karen AL 78004
1166,jessica.green@outlook.com,Jessica Green,27505 Pine Plaza Williamstad RI 71371
1167,timothy.anderson@icloud.com,Timothy Anderson,36417 Hill Shore South Brian NE 44351-9252
1168,emily.wilson@thomas.net,Emily Wilson,56081 Ridge Terrace Larryfurt WV 13780
1169,joshua.kirby@lopez.com,Joshua Kirby,20672 Walnut Ford South Mary FL 39666
1170,george.ramirez@yahoo.com,George Ramirez,4227 Elm Road Unit 855 Josephville HI 63092
1171,david.thompson@yahoo.com,David Thompson,89810 Highland Street Apt. 217 Port Anna NV 31049
1172,david.thomas@hall.biz,David Thomas,88854 Meadow Crossing Apt. 977 East Betty NH 37592
1173,kevin.gonzalez@carter.net,Kevin Gonzalez,25825 Shore Trail Ste. 950 West Brian VT 17617
1174,richard.campbell@jones.biz,Richard Campbell,62925 Shore Run Kristenfort ID 71651
1175,stephanie.garcia@gmail.com,Stephanie Garcia,66739 Maple Drive West Karen KY 44525
1176,jeffrey.martinez@outlook.com,Jeffrey Martinez,27009 Lake Drive East Betty NH 10363
1177,brian.king@hotmail.com,Brian King,60510 Hill Court New Kevin AL 04581
1178,edward.kirby@rivera.net,Edward Kirby,11062 Forest Lane Markville CO 91171-2609
1179,donald.king@smith.biz,Donald King,3487 River Terrace Suite 814 Stevenshire WI 39291-2393
1180,andrew.miller@scott.biz,Andrew Miller,62592 Jefferson Pass Josephside WI 38876
1181,jason.cain@outlook.com,Jason Cain,5393 Franklin Crossing Suite 3 Ronaldland MO 46265
1182,patricia.thompson@thomas.biz,Patricia Thompson,19755 Shore Way East Brian LA 68067-6269
1183,nancy.adams@hotmail.com,Nancy Adams,22413 Brook Ford Fort Kristen NE 28252-8537
1184,donna.perez@kirby.biz,Donna Perez,83493 Park Avenue Unit 822 West Edward MT 34136
1185,jennifer.wright@campbell.net,Jennifer Wright,34389 Lincoln Lane South Nancy IL 50556
1186,william.allen@harris.org,William Allen,31849 River Bypass Ste. 634 Joshuaside ND 75897
1187,george.rivera@hotmail.com,George Rivera,20887 Fox Drive Josephchester WA 96057
1188,margaret.gonzalez@hotmail.com,Margaret Gonzalez,10869 Miller Ford Port Larry MN 99342
1189,charles.cain@yahoo.com,Charles Cain,94619 Valley Plaza South Edward WA 04049
1190,steven.white@hotmail.com,Steven White,38189 Fox Drive East George LA 44457
1191,michael.lewis@baker.net,Michael Lewis,88400 Meadow Ford Suite 874 South Jason IN 28385
1192,jeffrey.perez@aol.com,Jeffrey Perez,33879 Forest Street Apt. 827 West William CT 94232
1193,ashley.lewis@jones.biz,Ashley Lewis,6434 Sunset Drive Marytown IN 18656
1194,daniel.wilson@outlook.com,Daniel Wilson,4655 Maple Bypass Nancytown WI 43918
1195,john.lewis@sanchez.biz,John Lewis,94509 Craig Shore New Brian AK 77820-7799
1196,jennifer.wright@aol.com,Jennifer Wright,68764 Craig Drive Fort Karen WA 38178
1197,kevin.jones@sanchez.net,Kevin Jones,81503 Spring Way Unit 138 Williamshire RI 10294
1198,laura.allen@scott.org,Laura Allen,14367 Jefferson Drive Ste. 352 Markmouth WI 54382-3583
1199,barbara.nguyen@miller.net,Barbara Nguyen,31575 Johnson Court Ste. 79 New Andrew WV 96777-9514
1200,andrew.sanchez@cain.org,Andrew Sanchez,82738 Fox Plaza Ste. 439 New Nancy VT 13580-3110
1201,margaret.carter@cain.com,Margaret Carter,7359 Spring Terrace Suite 838 Benjaminhaven GA 90772
1202,daniel.campbell@yahoo.com,Daniel Campbell,28752 Lincoln Plaza Ste. 522 Thomasburgh NY 83100
1203,margaret.mitchell@yahoo.com,Margaret Mitchell,81519 Spring Square New Anna KS 40846
1204,anna.allen@carter.com,Anna Allen,45006 Madison Drive Apt. 418 South Steven MS 81544
1205,mary.brown@ramirez.net,Mary Brown,79487 Oak Square Suite 823 East Jason AK 94670
1206,thomas.torres@harris.biz,Thomas Torres,92658 Highland Path North George OK 85115
1207,kevin.campbell@nelson.info,Kevin Campbell,11851 Jefferson Avenue Port Steven OR 33532-2686
1208,charles.kirby@jackson.biz,Charles Kirby,81205 Sunset Lane South Michael WY 19519
1209,margaret.harris@gmail.com,Margaret Harris,53553 Fox Loop Ste. 656 Port Ronald AK 85139
1210,melissa.gonzalez@icloud.com,Melissa Gonzalez,29998 Walnut Plaza Davidland ND 19156
1211,kimberly.mitchell@hotmail.com,Kimberly Mitchell,502 Ridge Circle East Ronald VT 75221
1212,karen.kirby@yahoo.com,Karen Kirby,53345 Ridge Loop North William OK 51126
1213,matthew.sanchez@gonzalez.net,Matthew Sanchez,73735 Davis Circle Apt. 785 Lake Mark MI 99359-4146
1214,deborah.thomas@yahoo.com,Deborah Thomas,31636 Madison Square Suite 876 East Daniel WI 30325-9419
1215,margaret.nguyen@outlook.com,Margaret Nguyen,8305 Oak Street Nancyberg CA 11644
1216,jeffrey.hill@gmail.com,Jeffrey Hill,6380 Maple Way Karenville ME 83557
1217,ryan.campbell@outlook.com,Ryan Campbell,53549 Park Square Ste. 658 East Kristen WA 49281-5584
1218,jessica.kirby@ramirez.info,Jessica Kirby,78590 Jefferson Way Ste. 907 Port Kevin NE 89000-3247
1219,matthew.kirby@gmail.com,Matthew Kirby,97861 Carter Pass Larryville WY 35543-9584
1220,carol.king@yahoo.com,Carol King,26109 Sunset Crossing Apt. 978 Davidside IL 46185
1221,lisa.brown@gmail.com,Lisa Brown,60950 Craig Road Larryburgh CO 80026-7223
1222,jennifer.wilson@anderson.biz,Jennifer Wilson,87870 Forest Avenue Unit 386 South Sarah CA 88539
1223,sarah.taylor@icloud.com,Sarah Taylor,22211 Forest Ford Ste. 302 Georgeburgh NV 37096-1866
1224,susan.ramirez@hotmail.com,Susan Ramirez,13418 Shore Pass Ronaldbury WV 66491
1225,david.martinez@yahoo.com,David Martinez,83863 Pine Pass Georgeside CT 83348-9510
1226,amy.sanchez@aol.com,Amy Sanchez,44682 Carter Path Ste. 888 Edwardport KS 16071
1227,elizabeth.king@martin.info,Elizabeth King,3921 Meadow Drive New Daniel VT 78150
1228,brian.clark@gmail.com,Brian Clark,59550 Davis Ford Ste. 242 Nancymouth AL 48852
1229,anthony.king@icloud.com,Anthony King,22505 Park Drive East William MT 89964
1230,nancy.carter@king.info,Nancy Carter,13849 Lincoln Way Nancyside CA 75792-7519
1231,betty.mitchell@gmail.com,Betty Mitchell,73176 Adams Drive Unit 803 Benjaminside FL 05952
1232,stephanie.cain@baker.com,Stephanie Cain,86910 Franklin Path North Steven FL 40077
1233,karen.campbell@wright.net,Karen Campbell,84939 Pine Trail Ste. 986 Jasonton VT 86830
1234,matthew.martinez@aol.com,Matthew Martinez,52745 Johnson Way Apt. 27 Sarahstad MO 11222
1235,james.rivera@lewis.info,James Rivera,80110 Carter Way Markview NC 66172
1236,linda.garcia@aol.com,Linda Garcia,25810 Carter Ford Paulfort AL 53244
1237,carol.flores@thompson.net,Carol Flores,91260 Adams Shore Kevinhaven MO 96379
1238,carol.lewis@gmail.com,Carol Lewis,88312 Elm Lane Apt. 798 Edwardchester LA 33926-9578
1239,lisa.lewis@yahoo.com,Lisa Lewis,18496 Ridge Path Apt. 650 Paulport WV 76504
1240,jason.harris@wilson.com,Jason Harris,71689 Cedar Plaza Unit 82 Jasonborough ID 70866
1241,ronald.robinson@hotmail.com,Ronald Robinson,51097 Hill Run Apt. 890 Lindafort RI 90972
1242,richard.young@icloud.com,Richard Young,51377 Valley Terrace Ste. 532 Port Edward OK 43516-6250
1243,timothy.walker@moore.org,Timothy Walker,29487 Craig Road Suite 899 Nancyville DE 64074
1244,david.smith@icloud.com,David Smith,43827 Washington Court Lake Mary MT 41315-5811
1245,betty.brown@hotmail.com,Betty Brown,26615 Cedar Road South George NE 63371
1246,ashley.brown@outlook.com,Ashley Brown,58732 Forest Ford Unit 976 Andrewburgh ME 12421-6797
1247,elizabeth.lewis@aol.com,Elizabeth Lewis,16092 Davis Loop Apt. 776 North David FL 31803
1248,ashley.wright@perez.info,Ashley Wright,21437 Lake Plaza Kevinview NE 08650
1249,laura.carter@outlook.com,Laura Carter,98966 Johnson Loop Unit 884 Fort Andrew MI 67874
1250,melissa.adams@icloud.com,Melissa Adams,44603 Franklin Terrace North Larry NC 17894
1251,donna.jones@baker.info,Donna Jones,43654 Fox Avenue New Kristen GA 41218
1252,richard.torres@wilson.net,Richard Torres,31088 Lake Street Williamberg AL 43464
1253,larry.allen@icloud.com,Larry Allen,55895 Park Street Unit 872 Bettyhaven MO 77865
1254,amanda.walker@icloud.com,Amanda Walker,29209 Franklin Crossing Joshuashire TN 55169-1104
1255,michael.thompson@campbell.com,Michael Thompson,48443 Jefferson Road South Brian ID 93742
1256,jeffrey.brown@lopez.net,Jeffrey Brown,16653 Sunset Path Suite 642 West Kristen MO 97769-2472
1257,ashley.anderson@outlook.com,Ashley Anderson,21091 Spring Loop Suite 546 Fort Susan ND 93558-8471
1258,elizabeth.martinez@robinson.info,Elizabeth Martinez,42154 Lincoln Terrace East Susan GA 75870
1259,daniel.miller@young.info,Daniel Miller,50223 Washington Street Apt. 736 West Steven NM 24009-4523
1260,william.ramirez@rivera.com,William Ramirez,74088 Park Shore Apt. 159 Markberg WV 54993
1261,john.rivera@hotmail.com,John Rivera,86246 Maple Trail Apt. 243 Lindachester VT 33049
1262,ryan.king@aol.com,Ryan King,40478 Adams Circle Ste. 755 Danielland HI 52522-1320
1263,joshua.lee@hotmail.com,Joshua Lee,75808 Carter Path Fort Betty PA 58513-3856
1264,donald.johnson@hotmail.com,Donald Johnson,32407 Miller Square Marytown VA 43844-9502
1265,susan.garcia@icloud.com,Susan Garcia,98764 Cedar Avenue New Lisa IL 23710-1728
1266,thomas.mitchell@aol.com,Thomas Mitchell,90017 Miller Square Sarahchester UT 28601
1267,ronald.hall@adams.biz,Ronald Hall,46940 Park Drive New Brian WI 06300-5556
1268,sarah.anderson@green.net,Sarah Anderson,75160 Forest Street Unit 856 Maryville AK 20557
1269,david.carter@torres.org,David Carter,87132 Fox Bypass Ste. 284 Joshuafort IL 08430
1270,william.carter@outlook.com,William Carter,10932 Spring Run Suite 149 East Joshua GA 16146-2934
1271,laura.nelson@lewis.info,Laura Nelson,61252 Lake Ford Suite 119 Port Anna FL 24685-1522
1272,donald.garcia@adams.biz,Donald Garcia,99708 Johnson Drive Apt. 38 South Thomas MO 45212-1219
1273,george.martinez@icloud.com,George Martinez,39613 Cedar Avenue West William ME 03976
1274,carol.harris@garcia.org,Carol Harris,1245 Forest Avenue Unit 385 South Andrew MS 46871
1275,rebecca.johnson@campbell.net,Rebecca Johnson,28230 Ridge Avenue Georgefurt WY 13736-8433
1276,jennifer.miller@outlook.com,Jennifer Miller,47156 Forest Loop Unit 781 Maryfurt KY 10823
1277,deborah.miller@outlook.com,Deborah Miller,7153 Franklin Street Apt. 491 Fort Karen AR 22804
1278,mary.ramirez@williams.info,Mary Ramirez,55962 Fox Circle Apt. 881 West Linda MA 35217
1279,david.nelson@carter.com,David Nelson,92007 Jefferson Ford Suite 18 Jasonhaven NY 74980
1280,brian.ramirez@hotmail.com,Brian Ramirez,81745 Maple Terrace Unit 381 East James KY 63858
1281,michael.taylor@gmail.com,Michael Taylor,14591 Cook Loop Suite 817 Annaton IN 04492
1282,melissa.sanchez@gmail.com,Melissa Sanchez,58994 Shore Court East Thomas ND 06586
1283,ashley.brown@adams.org,Ashley Brown,58788 Cedar Avenue Annaborough VA 08969
1284,william.young@outlook.com,William Young,13425 Washington Ford Apt. 341 New George ME 48332
1285,jessica.walker@outlook.com,Jessica Walker,23035 Elm Road Ste. 187 Lake Sarah NV 93197
1286,thomas.walker@gmail.com,Thomas Walker,73665 Craig Plaza Apt. 622 Fort Jason KY 58340
1287,margaret.miller@aol.com,Margaret Miller,8498 Washington Avenue New Kristen LA 53819
1288,john.jackson@flores.biz,John Jackson,3368 Maple Street Ste. 683 North Kristen AK 99175
1289,emily.anderson@aol.com,Emily Anderson,9005 Adams Run Apt. 684 Williamborough ID 06543-9222
1290,larry.torres@aol.com,Larry Torres,65230 Shore Path South Steven CA 27039
1291,donald.nelson@outlook.com,Donald Nelson,50198 Jefferson Street Ste. 979 South Daniel ME 07436
1292,joshua.thomas@yahoo.com,Joshua Thomas,42347 Franklin Lane Unit 597 Annabury AL 09781
1293,nicholas.taylor@outlook.com,Nicholas Taylor,86649 Lake Shore Suite 528 East Anna CO 54836-3594
1294,george.adams@flores.org,George Adams,12562 Pine Drive Ste. 923 West William NH 03937
1295,andrew.young@moore.biz,Andrew Young,4102 Maple Loop Michaelport FL 22065
1296,donald.perez@icloud.com,Donald Perez,30657 Johnson Square Suite 553 New Karen OH 07137
1297,daniel.robinson@martinez.com,Daniel Robinson,49940 Pine Trail West Jason HI 67964
1298,carol.torres@yahoo.com,Carol Torres,78730 Franklin Loop Port Mark TX 63539
1299,mary.thomas@hotmail.com,Mary Thomas,30159 Elm Court Port Anna MN 56987-5065
1300,elizabeth.walker@icloud.com,Elizabeth Walker,72610 Walnut Plaza Fort Mark TX 88821
1301,elizabeth.moore@nguyen.info,Elizabeth Moore,92113 Jefferson Path Apt. 738 Port Benjamin LA 60383
1302,linda.johnson@yahoo.com,Linda Johnson,73609 Meadow Street Apt. 956 South George SD 54297-9957
1303,michael.carter@aol.com,Michael Carter,29198 Adams Loop Apt. 629 Port Joseph KY 52798
1304,timothy.allen@aol.com,Timothy Allen,9032 Franklin Shore North William IN 15804
1305,timothy.rivera@icloud.com,Timothy Rivera,99123 Hill Road South Daniel WA 54429
1306,karen.martinez@cain.org,Karen Martinez,42202 Cedar Way Suite 932 North Kevin MD 65958-3040
1307,donna.brown@icloud.com,Donna Brown,4237 Sunset Trail Ste. 412 Danieltown WV 09563
1308,michael.baker@aol.com,Michael Baker,75235 Cook Loop Benjaminhaven NJ 73240-5448
1309,patricia.ramirez@aol.com,Patricia Ramirez,13808 Walnut Plaza Stevenhaven KY 72554
1310,george.king@anderson.biz,George King,51981 Johnson Trail North Andrew CO 43903
1311,thomas.martin@smith.net,Thomas Martin,16368 Lake Path Fort David KS 92355
1312,gary.baker@gmail.com,Gary Baker,9325 Davis Bypass Suite 233 Lisaport MT 28150
1313,susan.sanchez@green.com,Susan Sanchez,13208 Lincoln Plaza Suite 389 New Benjamin RI 86991
1314,sarah.garcia@aol.com,Sarah Garcia,32896 Park Ford Ste. 385 Karenport SC 58004
1315,mark.smith@outlook.com,Mark Smith,34458 Hill Shore Lindaview MS 65229
1316,karen.king@scott.info,Karen King,40538 Forest Drive Suite 436 Lake Karen MT 50972
1317,ryan.flores@outlook.com,Ryan Flores,44206 Jefferson Ford Unit 619 Jameston AL 92067
1318,margaret.davis@jones.com,Margaret Davis,20043 Jefferson Lane Thomastown VT 87067
1319,lisa.garcia@hill.net,Lisa Garcia,51236 Fox Street Unit 727 Williamchester NC 33925
1320,ashley.flores@gmail.com,Ashley Flores,902 Craig Street Ste. 493 Lisamouth IL 11372-6871
1321,donald.carter@thomas.info,Donald Carter,17782 Highland Court Thomasville GA 96741-3697
1322,mary.gonzalez@yahoo.com,Mary Gonzalez,96492 Davis Plaza Unit 714 Susanport AR 61450
1323,jeffrey.flores@hotmail.com,Jeffrey Flores,67478 Park Trail Apt. 516 North David WI 36173-8032
1324,thomas.jackson@moore.info,Thomas Jackson,44473 River Road East Mary GA 94444
1325,charles.carter@icloud.com,Charles Carter,95909 Carter Path Sarahbury WY 53185
1326,susan.adams@icloud.com,Susan Adams,89034 Hill Pass Apt. 889 Lisahaven UT 23245
1327,helen.robinson@gmail.com,Helen Robinson,85959 Oak Bypass South George AZ 34414
1328,brian.lopez@aol.com,Brian Lopez,30186 Forest Loop South Linda IA 41053-2701
1329,paul.johnson@harris.info,Paul Johnson,62250 Jefferson Square Davidside LA 34305-6889
1330,thomas.taylor@aol.com,Thomas Taylor,27659 Valley Bypass Apt. 462 Lisaburgh AL 85120
1331,timothy.rivera@anderson.biz,Timothy Rivera,16265 River Loop Unit 896 Susanview PA 70165
1332,linda.mitchell@smith.org,Linda Mitchell,41322 Davis Run Annastad NH 90263-7174
1333,richard.cain@rivera.biz,Richard Cain,70937 Brook Court Apt. 927 South Mark NH 22329
1334,susan.scott@miller.net,Susan Scott,84781 Carter Shore Apt. 967 Maryside ND 68460
1335,amanda.scott@yahoo.com,Amanda Scott,22091 River Street Suite 16 East Ronald AL 03133-9552
1336,anthony.lewis@gmail.com,Anthony Lewis,6038 Fox Square Edwardport UT 64025
1337,jennifer.carter@hotmail.com,Jennifer Carter,24918 Valley Way South Ronald OK 38927
1338,michelle.anderson@williams.biz,Michelle Anderson,66990 Oak Pass Apt. 200 Port Edward PA 42470
1339,jason.brown@yahoo.com,Jason Brown,96219 Fox Crossing East Benjamin MS 37562
1340,melissa.torres@gmail.com,Melissa Torres,43538 Fox Ford Ste. 433 West Benjamin TN 52509
1341,sarah.williams@hall.com,Sarah Williams,37087 Craig Crossing North Kevin SC 62529-1246
1342,nancy.carter@yahoo.com,Nancy Carter,56447 Highland Loop Apt. 387 Markhaven HI 51910
1343,jason.carter@aol.com,Jason Carter,56913 Elm Pass Steventown SC 10522
1344,nancy.torres@hotmail.com,Nancy Torres,59545 Maple Run Ste. 24 Jamesmouth AK 12400-6873
1345,betty.flores@aol.com,Betty Flores,24580 Brook Shore Suite 567 Kevinchester FL 10547
1346,nancy.lee@gmail.com,Nancy Lee,60467 Carter Crossing Suite 688 Danielshire MO 79921-2222
1347,john.king@green.biz,John King,19060 Adams Bypass Josephview LA 24203-8823
1348,karen.young@outlook.com,Karen Young,7098 Lincoln Terrace Apt. 108 Davidshire MS 64714
1349,larry.martin@aol.com,Larry Martin,16669 Craig Run Unit 509 Andrewfurt WA 07524-7542
1350,richard.hall@sanchez.org,Richard Hall,7025 Miller Lane Apt. 286 Danielside NC 22358
1351,donna.martin@thomas.net,Donna Martin,7756 Pine Pass Georgefort ID 22091
1352,amanda.ramirez@yahoo.com,Amanda Ramirez,55108 Maple Way Jasonchester AL 64107-6757
1353,kimberly.green@smith.net,Kimberly Green,15326 Valley Shore Ronaldburgh TX 12294
1354,margaret.williams@cain.org,Margaret Williams,29907 Johnson Ford New Kristen NJ 10290
1355,emily.martin@carter.info,Emily Martin,33710 Pine Square Lake Andrew ME 30753
1356,linda.scott@outlook.com,Linda Scott,77838 Spring Circle Unit 286 Kevinburgh NE 97036-9432
1357,amy.miller@lopez.org,Amy Miller,70671 Pine Road Williamton KY 44553-6763
1358,deborah.wright@harris.com,Deborah Wright,89832 Park Bypass Unit 219 Brianchester NH 34558
1359,gary.anderson@yahoo.com,Gary Anderson,55238 Oak Way Thomaston WV 57264
1360,emily.wright@icloud.com,Emily Wright,33047 Madison Loop Larryborough IA 51151
1361,stephanie.flores@jackson.info,Stephanie Flores,18174 Oak Plaza Ste. 836 North Andrew AR 52573
1362,donna.lee@hotmail.com,Donna Lee,52144 Hill Road Benjaminton OH 44687
1363,daniel.brown@icloud.com,Daniel Brown,91829 Madison Shore Ronaldland CT 11922
1364,betty.carter@outlook.com,Betty Carter,12519 Fox Avenue Unit 722 Paulhaven AR 91012
1365,david.flores@icloud.com,David Flores,81493 Valley Drive Unit 716 Paulside AL 11838
1366,elizabeth.ramirez@scott.org,Elizabeth Ramirez,7901 Craig Lane Andrewton CO 42878-4515
1367,laura.rivera@perez.biz,Laura Rivera,34130 Johnson Path Ste. 290 Fort Anna WI 59057
1368,ryan.garcia@aol.com,Ryan Garcia,6590 Ridge Run Jasonland TX 99434
1369,mary.carter@moore.biz,Mary Carter,28441 Madison Shore Suite 4 East Kristen IN 57152-5656
1370,james.johnson@icloud.com,James Johnson,80503 Cedar Drive East Lisa MN 46365
1371,susan.thompson@lee.com,Susan Thompson,6090 Valley Way Suite 418 Markfurt TN 03519
1372,margaret.wright@aol.com,Margaret Wright,50806 Johnson Pass Apt. 491 Andrewmouth VA 29548
1373,joshua.moore@icloud.com,Joshua Moore,49247 Walnut Shore Ste. 470 East Linda MA 02055-6700
1374,rebecca.carter@yahoo.com,Rebecca Carter,49839 Forest Court Ste. 189 Fort Lisa KY 25087
1375,brian.martinez@scott.com,Brian Martinez,28783 Walnut Trail Suite 72 New Mark AZ 85299
1376,mark.nelson@yahoo.com,Mark Nelson,836 Highland Square Suite 156 Annaville MO 52456
1377,jason.garcia@carter.org,Jason Garcia,89011 Meadow Crossing Ste. 332 Edwardside CO 23412
1378,emily.carter@yahoo.com,Emily Carter,51905 Cook Drive East Brian AL 91992-7062
1379,matthew.allen@hotmail.com,Matthew Allen,60647 Miller Shore Fort Anna CO 46121
1380,richard.hall@carter.com,Richard Hall,24878 Franklin Lane Apt. 70 West Nancy OR 65072
1381,carol.thompson@outlook.com,Carol Thompson,14048 Elm Square Unit 341 Williamborough OR 99254
1382,steven.davis@brown.info,Steven Davis,72977 Cook Ford Jasonland NM 71120
1383,edward.nguyen@johnson.biz,Edward Nguyen,49309 River Square East Brian NC 37190
1384,gary.jackson@adams.net,Gary Jackson,67459 Lake Lane New Kristen ID 73246-5825
1385,andrew.garcia@wilson.com,Andrew Garcia,86933 River Ford Unit 286 North Steven IN 96832-9599
1386,melissa.jones@hotmail.com,Melissa Jones,75764 Sunset Shore Joshuafurt FL 05733
1387,mary.thomas@baker.com,Mary Thomas,28807 Lake Avenue East Andrew CT 32942
1388,william.cain@mitchell.com,William Cain,66073 Pine Circle Suite 417 South Benjamin UT 08528
1389,jason.nguyen@outlook.com,Jason Nguyen,59989 Miller Terrace Suite 626 Josephville UT 04003
1390,kevin.williams@icloud.com,Kevin Williams,97394 Maple Pass Suite 882 Markfort IN 16641
1391,joseph.taylor@icloud.com,Joseph Taylor,71037 Adams Bypass East Mark CO 27610
1392,mark.walker@gmail.com,Mark Walker,48189 Shore Loop Thomashaven NJ 99715
1393,larry.white@outlook.com,Larry White,20150 Pine Run Lake Kristen MD 77180-5173
1394,sarah.green@outlook.com,Sarah Green,51416 Sunset Trail South Mark NE 46061-7175
1395,david.lewis@yahoo.com,David Lewis,50607 Lake Circle North Joseph KY 29369
1396,george.garcia@campbell.org,George Garcia,85892 Forest Court New Lisa WV 65617
1397,kevin.nelson@campbell.biz,Kevin Nelson,53520 River Drive Andrewville TX 79746
1398,anthony.taylor@aol.com,Anthony Taylor,44511 Washington Avenue Michaelbury ID 48924
1399,nancy.king@yahoo.com,Nancy King,34275 Sunset Ford West Andrew MS 88616
1400,lisa.kirby@icloud.com,Lisa Kirby,35106 Valley Crossing North Daniel MI 60445
1401,amanda.rivera@thomas.org,Amanda Rivera,26231 Valley Drive Ste. 878 Port Jason WA 78941
1402,anthony.johnson@hotmail.com,Anthony Johnson,16677 Pine Lane Unit 23 Jasonfurt OR 44521
1403,amy.hill@jackson.biz,Amy Hill,11573 Meadow Lane Lindachester OR 50976
1404,ryan.ramirez@yahoo.com,Ryan Ramirez,1875 Miller Court Unit 796 Annastad ID 51437-5684
1405,mary.adams@green.biz,Mary Adams,76583 Sunset Drive Port George DE 40452
1406,gary.jackson@gmail.com,Gary Jackson,59450 Highland Drive West Jason UT 03368-2998
1407,sandra.allen@davis.com,Sandra Allen,15861 Pine Terrace North Linda HI 28409
1408,george.thomas@martinez.info,George Thomas,66355 Miller Court Ste. 50 South Steven HI 85948
1409,carol.kirby@sanchez.org,Carol Kirby,97351 River Drive East Mark NV 53468
1410,mark.lopez@gmail.com,Mark Lopez,14711 Adams Ford Lake George GA 58583
1411,james.kirby@thompson.org,James Kirby,85175 Cook Ford Apt. 496 Larrymouth CA 41525-8587
1412,george.lopez@gmail.com,George Lopez,79295 Madison Drive Annaberg WI 53166
1413,brian.baker@yahoo.com,Brian Baker,4698 Sunset Street Unit 360 Nancyhaven ID 95482-4055
1414,joshua.rivera@walker.com,Joshua Rivera,45184 Lake Terrace South Jason KS 20445-8253
1415,richard.baker@allen.biz,Richard Baker,79781 Park Shore Ste. 708 Ronaldland MN 30556-7934
1416,margaret.williams@gmail.com,Margaret Williams,61643 Shore Bypass Sarahton NC 25567
1417,sandra.jones@davis.com,Sandra Jones,50055 Cook Street Suite 160 Lake Steven OK 30132
1418,kimberly.nelson@yahoo.com,Kimberly Nelson,92648 Pine Pass Thomasstad OH 34852
1419,steven.lopez@hotmail.com,Steven Lopez,17273 River Road Andrewmouth GA 22153
1420,paul.kirby@mitchell.biz,Paul Kirby,38377 Lincoln Avenue Apt. 735 Paulside ID 97239
1421,lisa.smith@aol.com,Lisa Smith,44341 Spring Terrace Jamestown KS 09738
1422,jennifer.king@outlook.com,Jennifer King,89710 Carter Court Apt. 7 Lake James OK 40962
1423,michelle.wright@gmail.com,Michelle Wright,86606 Maple Drive New Nancy ME 88027
1424,joshua.rivera@hotmail.com,Joshua Rivera,50709 Maple Plaza Kristenchester MA 33955
1425,stephanie.martinez@adams.net,Stephanie Martinez,48372 Pine Circle West Mark WY 89241
1426,margaret.thomas@icloud.com,Margaret Thomas,12070 Brook Run Sarahport NY 47891
1427,mary.robinson@garcia.net,Mary Robinson,33342 Hill Circle Williamtown CT 18819
1428,patricia.miller@yahoo.com,Patricia Miller,75017 Washington Circle Sarahport OR 85838
1429,larry.scott@robinson.com,Larry Scott,9824 Hill Circle Ste. 237 East Joseph NH 86463
1430,timothy.kirby@hotmail.com,Timothy Kirby,91254 Davis Loop Apt. 861 Maryshire IL 16111
1431,brian.carter@hotmail.com,Brian Carter,24790 Fox Square Stevenborough ID 31562-1748
1432,david.jones@hotmail.com,David Jones,3182 Ridge Pass North Mark SD 60781
1433,charles.robinson@gmail.com,Charles Robinson,256 Lake Circle North Michael OH 88212
1434,sandra.harris@outlook.com,Sandra Harris,77836 Johnson Trail South Susan MN 56919
1435,larry.taylor@cain.net,Larry Taylor,53407 Washington Terrace Apt. 482 Port Karen OR 56918
1436,betty.ramirez@icloud.com,Betty Ramirez,74212 Ridge Avenue Lake Mary AR 92058
1437,betty.rivera@hotmail.com,Betty Rivera,45944 Elm Lane South Thomas MD 31771
1438,ryan.martin@allen.biz,Ryan Martin,73446 Meadow Path Unit 424 Jamesshire MI 99791-5786
1439,melissa.wilson@hotmail.com,Melissa Wilson,9667 Madison Path Apt. 772 Georgestad LA 76801
1440,richard.scott@sanchez.org,Richard Scott,2351 Hill Avenue Unit 513 Fort Joshua IN 76447
1441,andrew.green@allen.biz,Andrew Green,35438 Cedar Drive Suite 916 Sarahmouth AR 91606-8843
1442,timothy.cain@hotmail.com,Timothy Cain,68070 Ridge Road Ste. 380 East Edward WY 17470-1166
1443,larry.jackson@outlook.com,Larry Jackson,39996 Brook Bypass Apt. 581 New Joseph WV 47631-2880
1444,barbara.rivera@lee.info,Barbara Rivera,46792 Shore Road Unit 644 Danielfurt OK 57392
1445,patricia.scott@johnson.org,Patricia Scott,92612 Valley Loop Unit 713 Port James CO 10499-9880
1446,kimberly.thompson@yahoo.com,Kimberly Thompson,38979 Park Road East Kristen KS 26546
1447,charles.martinez@yahoo.com,Charles Martinez,86086 Cedar Shore Ste. 732 Nancyhaven OH 04672-6141
1448,amanda.hall@scott.org,Amanda Hall,50094 Oak Avenue Steventown NH 38492-5317
1449,william.cain@hotmail.com,William Cain,7760 River Drive Davidton HI 22231
1450,donna.thomas@hotmail.com,Donna Thomas,23846 Johnson Plaza Kevinside IL 27350-3511
1451,donna.wilson@gmail.com,Donna Wilson,17721 Meadow Way South Ronald AL 31110-4232
1452,thomas.sanchez@gmail.com,Thomas Sanchez,96315 Elm Circle New Sarah NV 19611
1453,donna.hill@hotmail.com,Donna Hill,32753 Oak Lane Unit 216 East Jason IA 97300
1454,deborah.taylor@davis.com,Deborah Taylor,3906 Spring Court Josephton FL 71802-2115
1455,stephanie.torres@carter.net,Stephanie Torres,12010 Miller Lane Josephshire AR 49929-7776
1456,nicholas.taylor@king.info,Nicholas Taylor,95736 Cedar Pass Lindastad NE 14876
1457,rebecca.nguyen@martinez.org,Rebecca Nguyen,6659 Brook Terrace Fort Joseph UT 62493
1458,karen.young@johnson.com,Karen Young,20488 Forest Path Unit 395 North Andrew KY 67470
1459,linda.anderson@icloud.com,Linda Anderson,24692 Johnson Run East Anna FL 12080-1772
1460,jennifer.allen@aol.com,Jennifer Allen,5600 Washington Terrace Brianton TX 10690
1461,mary.walker@gmail.com,Mary Walker,82580 Walnut Path Suite 602 Bettystad VT 47525-6215
1462,melissa.mitchell@gmail.com,Melissa Mitchell,22731 Park Avenue Joshuastad KS 29876
1463,elizabeth.davis@hotmail.com,Elizabeth Davis,19715 River Street Ste. 696 North Mark TN 51135
1464,william.lopez@carter.biz,William Lopez,25724 Sunset Trail Ste. 899 Benjaminshire NC 68969
1465,kevin.torres@carter.org,Kevin Torres,60999 Fox Lane Unit 629 Kevinfort UT 46791-6131
1466,william.nelson@hotmail.com,William Nelson,81877 Park Way Apt. 164 Bettyborough NE 31562-8411
1467,nicholas.walker@yahoo.com,Nicholas Walker,21073 Ridge Run Ste. 83 Davidport CO 19580
1468,michael.kirby@scott.com,Michael Kirby,19879 Jefferson Street Ste. 224 Lake Linda WI 88141
1469,lisa.wilson@outlook.com,Lisa Wilson,87705 River Circle Unit 681 Larryton NV 50411-5246
1470,donna.young@icloud.com,Donna Young,72350 Meadow Street Suite 229 Kevinton AZ 36731
1471,ryan.wilson@davis.net,Ryan Wilson,84296 Pine Lane East Brian CA 49773
1472,paul.adams@jones.org,Paul Adams,70659 River Circle Susanshire AL 14629
1473,jennifer.allen@aol.com,Jennifer Allen,70516 Oak Way Unit 769 New Kristen MO 24286
1474,paul.walker@aol.com,Paul Walker,63072 Washington Plaza Susanhaven ME 53336
1475,deborah.campbell@outlook.com,Deborah Campbell,95025 Lake Road Apt. 115 Andrewview GA 24467-3998
1476,joseph.jackson@cain.org,Joseph Jackson,21477 Lincoln Loop Suite 289 Nancyburgh CO 62742
1477,donald.miller@sanchez.biz,Donald Miller,79976 Adams Run East Nancy VT 27104-1326
1478,mary.wilson@clark.info,Mary Wilson,2844 Hill Shore Unit 959 East Lisa MI 26348
1479,william.brown@icloud.com,William Brown,6183 Forest Lane Apt. 564 Jasonchester OK 91323-7847
1480,rebecca.hill@aol.com,Rebecca Hill,80245 Oak Ford Ste. 168 Kevinview KS 30771-4388
1481,gary.young@white.com,Gary Young,28213 Davis Circle Lake Steven DE 83720
1482,nicholas.mitchell@harris.com,Nicholas Mitchell,52220 Miller Street Unit 989 Benjaminville IL 21323
1483,jason.davis@yahoo.com,Jason Davis,94065 River Street Joshualand MN 25488
1484,kevin.rivera@allen.info,Kevin Rivera,42746 Fox Way Port Anna TN 06694
1485,brian.rivera@aol.com,Brian Rivera,21995 Craig Loop Georgestad KS 10838
1486,betty.nguyen@outlook.com,Betty Nguyen,15406 Miller Square Port Mark OH 85312-5897
1487,matthew.adams@icloud.com,Matthew Adams,88646 Fox Avenue Port Lisa MO 23389
1488,matthew.scott@garcia.org,Matthew Scott,58848 Spring Trail Ronaldside MI 43749-5470
1489,george.clark@carter.info,George Clark,96853 Madison Avenue Sarahstad SD 63282-7750
1490,margaret.torres@jackson.net,Margaret Torres,57492 Shore Pass Suite 567 Sarahshire UT 90091
1491,kimberly.perez@scott.org,Kimberly Perez,53266 Adams Bypass North Anna NE 61560-8509
1492,ashley.flores@outlook.com,Ashley Flores,96185 Cedar Way Suite 272 New Brian RI 22845
1493,paul.harris@martin.com,Paul Harris,15601 Cook Lane Ste. 41 North Lisa RI 09022-9918
1494,elizabeth.thomas@hotmail.com,Elizabeth Thomas,47098 Cedar Drive Apt. 896 Kristenborough NM 40992
1495,andrew.wright@aol.com,Andrew Wright,96686 Davis Court Annaport MN 55525
1496,susan.carter@outlook.com,Susan Carter,48669 Craig Ford Suite 696 Port Kevin UT 53860-6830
1497,michelle.gonzalez@hotmail.com,Michelle Gonzalez,50877 Jefferson Street Marybury OH 88158
1498,charles.clark@gmail.com,Charles Clark,65983 Davis Shore Larryview TN 05576-4343
1499,margaret.thompson@jones.net,Margaret Thompson,30367 Adams Trail Unit 135 Kristenhaven NM 36947
1500,margaret.wright@harris.org,Margaret Wright,21705 Madison Ford Apt. 120 Lake Betty RI 58172
1501,michael.martin@carter.com,Michael Martin,24248 Park Street South Jason SD 85871
1502,donald.kirby@hotmail.com,Donald Kirby,63067 Brook Trail Lindachester RI 30207
1503,daniel.davis@yahoo.com,Daniel Davis,70141 Walnut Plaza Suite 993 Lake Joshua MN 29594-1923
1504,anna.campbell@yahoo.com,Anna Campbell,86399 Park Bypass Fort James WY 84898-8590
1505,sandra.davis@hotmail.com,Sandra Davis,70363 Washington Path Unit 730 Lisaborough HI 24716
1506,sarah.davis@perez.com,Sarah Davis,93528 Forest Street Unit 501 West Sarah CA 08174
1507,mary.allen@smith.org,Mary Allen,40537 Pine Court Unit 276 Lake Steven IN 47743
1508,sarah.ramirez@rivera.org,Sarah Ramirez,14797 Miller Street Unit 720 Markbury IL 35073-4328
1509,larry.lee@aol.com,Larry Lee,70133 Fox Drive Apt. 432 West Andrew IL 32410
1510,ashley.nguyen@clark.net,Ashley Nguyen,67337 Davis Square West David ID 63903
1511,william.carter@aol.com,William Carter,57089 Park Plaza West Sarah VT 41072
1512,rebecca.adams@hotmail.com,Rebecca Adams,95643 Walnut Pass Kristenburgh NC 74993
1513,matthew.clark@lopez.org,Matthew Clark,36697 Brook Pass Ste. 454 Jasonside PA 53099
1514,james.jackson@outlook.com,James Jackson,17998 Lincoln Way Lake Kristen SC 78010
1515,jason.kirby@jones.net,Jason Kirby,69865 Meadow Pass Suite 545 Georgeborough HI 13478
1516,andrew.nguyen@aol.com,Andrew Nguyen,38177 Jefferson Lane North Betty WI 88817
1517,betty.torres@yahoo.com,Betty Torres,73636 Valley Pass Unit 773 Nancyburgh PA 07729-2170
1518,donald.campbell@icloud.com,Donald Campbell,70723 Maple Avenue Apt. 655 Edwardbury CO 61571-6376
1519,timothy.torres@hotmail.com,Timothy Torres,43187 Cedar Court Fort Kevin HI 69560
1520,ashley.brown@icloud.com,Ashley Brown,28626 Fox Road Port Edward OH 15952
1521,joshua.anderson@walker.biz,Joshua Anderson,10557 Adams Plaza Benjaminside CT 59365
1522,mary.thompson@aol.com,Mary Thompson,55835 Franklin Run Unit 92 Paulborough WV 67137
1523,joseph.mitchell@campbell.net,Joseph Mitchell,87778 Forest Road Ste. 21 Annaburgh OR 32605
1524,patricia.carter@aol.com,Patricia Carter,16569 Davis Trail Unit 358 Port Kristen OR 08742
1525,daniel.king@young.net,Daniel King,5698 Jefferson Plaza Apt. 307 Fort Mary MT 10132
1526,amy.baker@allen.info,Amy Baker,27053 Brook Way Ste. 81 Lake Nancy WA 79588
1527,susan.gonzalez@aol.com,Susan Gonzalez,8010 Craig Plaza Kevinview CO 49066
1528,charles.ramirez@williams.org,Charles Ramirez,50672 Brook Drive Davidchester DE 14272
1529,susan.harris@hill.net,Susan Harris,86610 Lake Square East Sarah AK 21762
1530,mark.carter@sanchez.net,Mark Carter,45072 Washington Trail Suite 387 Karenville VA 90516
1531,larry.brown@baker.info,Larry Brown,42479 Spring Plaza Jasonshire NE 35812-7116
1532,jennifer.cain@aol.com,Jennifer Cain,71778 Craig Avenue Apt. 9 Fort Thomas IN 56341-9341
1533,laura.brown@hotmail.com,Laura Brown,88761 Adams Crossing Apt. 607 South Jason AK 76411
1534,stephanie.cain@outlook.com,Stephanie Cain,34195 Craig Run Unit 962 Sarahstad MA 99880
1535,jennifer.hall@hotmail.com,Jennifer Hall,70569 Miller Avenue North Ronald IL 03788
1536,margaret.wright@jones.net,Margaret Wright,99394 Brook Court Kristenberg MD 28297
1537,timothy.allen@young.info,Timothy Allen,27041 Davis Crossing South Joshua IA 29108
1538,timothy.robinson@hotmail.com,Timothy Robinson,12459 Walnut Shore Annachester IL 68194
1539,laura.sanchez@martinez.biz,Laura Sanchez,16840 Shore Avenue Apt. 994 North William TN 23332
1540,richard.williams@rivera.org,Richard Williams,59109 Miller Avenue Unit 68 Fort Andrew PA 93294-4524
1541,david.thomas@yahoo.com,David Thomas,72299 Maple Ford Michaelburgh SD 19932-5539
1542,andrew.lewis@icloud.com,Andrew Lewis,96487 Davis Avenue Edwardview IN 25029-2280
1543,sandra.jackson@martinez.org,Sandra Jackson,1933 Lincoln Road Suite 111 Bettyton AZ 26220
1544,ashley.clark@outlook.com,Ashley Clark,28295 Oak Pass Ste. 460 Larryton GA 05606-6492
1545,deborah.anderson@outlook.com,Deborah Anderson,94660 Lake Bypass New Benjamin MI 61928
1546,daniel.kirby@outlook.com,Daniel Kirby,32002 Lake Plaza Benjaminfurt NJ 29336
1547,patricia.lopez@cain.info,Patricia Lopez,22600 Hill Bypass Ste. 580 Fort Ronald CA 86863
1548,linda.martinez@hotmail.com,Linda Martinez,41546 Adams Circle Annaside OK 09965
1549,anna.lewis@yahoo.com,Anna Lewis,53454 Oak Avenue Michaelmouth ID 48257-7509
1550,anna.miller@yahoo.com,Anna Miller,77132 Adams Bypass Suite 598 Fort Brian NM 24631
1551,joseph.gonzalez@sanchez.org,Joseph Gonzalez,41493 Cedar Drive West Steven NJ 79994
1552,ronald.wright@icloud.com,Ronald Wright,17655 Adams Terrace Lake Anna MO 05856-2741
1553,joshua.adams@aol.com,Joshua Adams,76310 Pine Lane Susanshire WA 80514
1554,gary.sanchez@aol.com,Gary Sanchez,56193 Highland Avenue Ste. 61 Nancyfort LA 41889
1555,joseph.young@ramirez.biz,Joseph Young,11709 Elm Run Unit 635 Josephville NV 40423-7613
1556,joshua.campbell@allen.com,Joshua Campbell,51616 Lake Road Karenport LA 67828
1557,donald.cain@gmail.com,Donald Cain,29460 Highland Plaza Apt. 152 Benjaminside CA 22823-9055
1558,carol.campbell@gmail.com,Carol Campbell,47191 Meadow Shore Benjaminton AK 03382
1559,anthony.anderson@campbell.info,Anthony Anderson,59532 Washington Run Suite 4 Markville DE 34046-1043
1560,joseph.torres@williams.info,Joseph Torres,74511 River Drive Ste. 207 Joshuaport WY 76650
1561,melissa.hall@white.net,Melissa Hall,71111 Meadow Trail Williamport NV 63918
1562,anthony.anderson@gmail.com,Anthony Anderson,78313 Adams Drive Suite 912 South Sarah CO 13598
1563,patricia.martin@aol.com,Patricia Martin,72883 Valley Court Apt. 778 Brianshire GA 03381-5256
1564,stephanie.adams@hotmail.com,Stephanie Adams,26767 Forest Drive Ste. 31 Port Mark RI 79280-5478
1565,laura.harris@yahoo.com,Laura Harris,93962 Oak Street Apt. 274 Joshuafurt FL 93581
1566,nicholas.williams@miller.com,Nicholas Williams,85639 Walnut Square Unit 992 Port Joseph AZ 70583
1567,gary.johnson@icloud.com,Gary Johnson,42667 Lake Crossing Unit 653 Thomasshire HI 30133
1568,betty.kirby@gmail.com,Betty Kirby,21002 Cedar Loop Lindaburgh OK 16229
1569,james.flores@icloud.com,James Flores,43008 Ridge Run Ste. 118 Kristenbury RI 23661-5333
1570,margaret.sanchez@gmail.com,Margaret Sanchez,16849 Washington Square Suite 31 East Mary FL 75422
1571,amy.flores@hotmail.com,Amy Flores,11840 Lake Shore Lake Benjamin NY 97394
1572,timothy.martin@icloud.com,Timothy Martin,98917 Lincoln Trail Suite 994 Stevenside GA 58646
1573,richard.flores@gmail.com,Richard Flores,14134 Pine Plaza Unit 512 Brianberg WA 41517
1574,linda.taylor@aol.com,Linda Taylor,55393 Pine Pass Larryborough WI 14311
1575,michael.lewis@martinez.info,Michael Lewis,59483 Craig Square Ste. 721 Jasonchester VT 53453
1576,ryan.garcia@gmail.com,Ryan Garcia,81548 Johnson Circle North Brian SC 39463
1577,rebecca.williams@torres.net,Rebecca Williams,83869 Spring Terrace Ste. 999 Brianfort MD 66614
1578,sarah.miller@hotmail.com,Sarah Miller,35735 Spring Trail Ste. 900 Susanport GA 15478-6509
1579,jason.flores@hotmail.com,Jason Flores,79346 Ridge Lane Apt. 18 Paulstad ME 85255
1580,deborah.jones@icloud.com,Deborah Jones,80376 Carter Road East Sarah KS 01330
1581,margaret.wilson@hotmail.com,Margaret Wilson,88857 Jefferson Square Larryville ND 68740-7877
1582,andrew.kirby@harris.org,Andrew Kirby,2496 Ridge Street Larryville HI 49636
1583,george.campbell@icloud.com,George Campbell,24543 Washington Shore Ste. 53 Port Benjamin KS 66099-9277
1584,anthony.smith@lopez.com,Anthony Smith,8289 Sunset Street Markton CO 12726
1585,larry.carter@outlook.com,Larry Carter,15406 Washington Street West Mark NJ 86489
1586,larry.carter@flores.info,Larry Carter,20493 Ridge Path Joshuafort KY 13913
1587,charles.flores@aol.com,Charles Flores,43177 Valley Shore Fort Linda IA 45262
1588,amanda.jones@yahoo.com,Amanda Jones,73252 Johnson Square Fort Betty WI 08371
1589,betty.jones@brown.info,Betty Jones,3703 Elm Path Apt. 133 Paulhaven KY 64061
1590,jennifer.king@hotmail.com,Jennifer King,29812 Cook Crossing Annafurt ID 38590
1591,carol.rivera@thompson.org,Carol Rivera,61116 Cook Shore Unit 686 Marymouth IN 52807
1592,david.jones@gmail.com,David Jones,50490 Brook Loop Ste. 266 Fort Benjamin MO 58997
1593,matthew.johnson@icloud.com,Matthew Johnson,15618 Washington Run Davidmouth CO 43186-2891
1594,rebecca.sanchez@miller.info,Rebecca Sanchez,9628 Craig Pass Lake Kristen TN 69508
1595,helen.davis@yahoo.com,Helen Davis,92219 Elm Path East Michael OH 39382
1596,richard.kirby@gmail.com,Richard Kirby,96908 Franklin Path New Linda IA 07140-7034
1597,nicholas.johnson@icloud.com,Nicholas Johnson,47905 Brook Trail Apt. 237 Jasonborough IA 41613
1598,patricia.carter@gmail.com,Patricia Carter,99852 Adams Pass Apt. 503 Brianview DE 42950
1599,kimberly.lee@gmail.com,Kimberly Lee,18032 Maple Crossing West Joseph IA 78630
1600,joshua.walker@hotmail.com,Joshua Walker,47584 Lincoln Avenue Suite 781 Bettybury HI 30764
1601,joseph.miller@hotmail.com,Joseph Miller,57133 Valley Court Ste. 480 Lake William NH 14336-4335
1602,mary.young@hotmail.com,Mary Young,50467 Lincoln Pass Jamestown TX 95720-2600
1603,sandra.martin@yahoo.com,Sandra Martin,69578 Fox Lane West George MD 66962
1604,amanda.lewis@white.net,Amanda Lewis,21333 Park Plaza Ste. 702 Josephbury ID 73745
1605,sarah.cain@outlook.com,Sarah Cain,32956 Lake Shore Ste. 700 Fort William VA 28069
1606,barbara.rivera@outlook.com,Barbara Rivera,62475 Highland Avenue Apt. 224 Thomasfort NM 80610-1494
1607,stephanie.taylor@aol.com,Stephanie Taylor,51661 Walnut Lane Unit 799 South Karen AL 46462
1608,carol.allen@nguyen.com,Carol Allen,62262 Sunset Run Suite 980 Bettybury NV 34734
1609,daniel.lopez@campbell.org,Daniel Lopez,54035 Johnson Ford Ronaldbury NY 94150
1610,thomas.davis@gmail.com,Thomas Davis,76999 Fox Drive Josephside NM 28532
1611,melissa.garcia@yahoo.com,Melissa Garcia,23727 Oak Lane Apt. 494 West George NJ 49626
1612,sandra.clark@walker.net,Sandra Clark,55534 Hill Ford Lake Anna ME 36154
1613,lisa.scott@gmail.com,Lisa Scott,49225 Park Street Benjaminberg PA 24484-3952
1614,melissa.sanchez@scott.biz,Melissa Sanchez,1923 Cedar Court Ste. 276 West Kristen NV 72613-2170
1615,donald.lewis@mitchell.net,Donald Lewis,28416 Pine Way New Ronald MI 90817-1539
1616,charles.torres@yahoo.com,Charles Torres,54267 Miller Lane Unit 386 Edwardburgh NH 21959
1617,jason.ramirez@yahoo.com,Jason Ramirez,72872 Craig Loop Suite 760 Lake Karen AR 21483
1618,donna.rivera@wright.org,Donna Rivera,14350 Walnut Path Ste. 718 Fort Larry OH 12404-2931
1619,jeffrey.white@icloud.com,Jeffrey White,6359 Madison Run Port Andrew NE 60318
1620,karen.davis@yahoo.com,Karen Davis,72578 Madison Terrace Karenchester AK 60328
1621,paul.king@gmail.com,Paul King,54979 Carter Terrace Benjaminside AZ 72518-2692
1622,joshua.davis@yahoo.com,Joshua Davis,24501 Maple Terrace Ronaldland SC 05269-9883
1623,joshua.cain@yahoo.com,Joshua Cain,20662 Ridge Road Apt. 7 Jameschester CA 06339-7131
1624,helen.green@perez.net,Helen Green,14979 Walnut Plaza Suite 232 Markfort OK 74434-4410
1625,donna.lopez@anderson.com,Donna Lopez,21360 Jefferson Drive Apt. 607 New Brian OH 04493
1626,melissa.campbell@icloud.com,Melissa Campbell,30310 Elm Avenue Kevinstad CO 22193
1627,mary.ramirez@mitchell.biz,Mary Ramirez,51587 Forest Path New Anna GA 32814
1628,lisa.lopez@outlook.com,Lisa Lopez,40599 Valley Court Suite 394 North Steven CO 75233-8342
1629,karen.hill@brown.biz,Karen Hill,17459 Park Way Apt. 103 South Joshua MT 17791
1630,ryan.thomas@yahoo.com,Ryan Thomas,87627 Shore Court Apt. 719 Port Anna NH 30958-3594
1631,george.campbell@thomas.org,George Campbell,18113 Adams Ford Suite 65 South Edward MI 47481-2541
1632,jessica.gonzalez@garcia.net,Jessica Gonzalez,76369 Cedar Trail Suite 530 Danielbury SD 19305-3078
1633,nancy.baker@garcia.com,Nancy Baker,12345 Washington Court Andrewport DE 78424-1121
1634,sarah.carter@outlook.com,Sarah Carter,5532 Franklin Pass Maryberg KS 23302
1635,kimberly.clark@hotmail.com,Kimberly Clark,81038 Oak Lane Unit 984 New Ronald ND 44718
1636,jason.perez@allen.com,Jason Perez,96938 Hill Plaza Danielmouth MT 23531-9321
1637,jessica.harris@icloud.com,Jessica Harris,76711 Hill Terrace Apt. 883 Edwardborough WV 49920-7419
1638,david.wright@yahoo.com,David Wright,46022 Craig Street Port Larry WI 40305
1639,kimberly.sanchez@hotmail.com,Kimberly Sanchez,23729 Craig Bypass East James LA 12428-3867
1640,kevin.carter@nguyen.info,Kevin Carter,51797 Hill Crossing Ste. 409 Lake George AR 77115
1641,william.martinez@hotmail.com,William Martinez,84905 Cook Shore Kristenville OR 29784-4289
1642,andrew.hill@yahoo.com,Andrew Hill,39143 Miller Bypass Apt. 392 Andrewton NE 03787
1643,linda.lewis@gmail.com,Linda Lewis,42091 Shore Court Ste. 851 Danielview FL 52238-9613
1644,amanda.perez@aol.com,Amanda Perez,42772 Walnut Crossing Unit 434 Port Paul GA 30220
1645,barbara.lopez@jones.net,Barbara Lopez,84368 Lincoln Trail Michaelmouth IL 94771-6717
1646,jessica.moore@icloud.com,Jessica Moore,25872 Miller Lane Ste. 536 Port Ronald WI 05147
1647,edward.gonzalez@nguyen.org,Edward Gonzalez,23700 Cook Court Danielborough MI 14118
1648,donald.kirby@walker.biz,Donald Kirby,80774 Sunset Lane Apt. 43 Michaelport IA 59365
1649,deborah.thomas@outlook.com,Deborah Thomas,22148 Walnut Court Unit 816 Port Mark KY 59803
1650,anna.davis@hotmail.com,Anna Davis,70363 Valley Drive Apt. 429 Kristenstad VT 62290-9449
1651,margaret.rivera@johnson.net,Margaret Rivera,521 Meadow Drive Lake Daniel WV 36116-7403
1652,ronald.thomas@aol.com,Ronald Thomas,79189 Fox Ford West Karen UT 57012-9007
1653,ryan.green@campbell.net,Ryan Green,38582 Walnut Crossing Karenstad IN 60904-7146
1654,patricia.king@green.org,Patricia King,54578 Lincoln Circle Port Kevin IA 53970
1655,stephanie.johnson@hotmail.com,Stephanie Johnson,91064 Pine Square Suite 961 Fort Daniel VT 22880
1656,jennifer.carter@jackson.org,Jennifer Carter,5475 Miller Loop Unit 242 Port Kristen MI 05784-5062
1657,donald.thomas@torres.biz,Donald Thomas,32297 Spring Shore Ste. 682 Port Daniel VT 16760
1658,michael.martinez@sanchez.info,Michael Martinez,62408 Adams Bypass Sarahfort TN 67462
1659,barbara.young@nelson.biz,Barbara Young,6219 Brook Pass Maryshire UT 23172
1660,edward.hill@young.info,Edward Hill,52503 Fox Plaza Edwardfurt TX 84466
1661,michael.garcia@baker.info,Michael Garcia,7791 Lincoln Loop Suite 559 Paulbury AK 54363
1662,elizabeth.smith@harris.com,Elizabeth Smith,75843 Craig Pass Apt. 786 Georgeville UT 75271
1663,amy.davis@aol.com,Amy Davis,20274 Highland Plaza Kevinland NJ 12853
1664,nicholas.carter@hotmail.com,Nicholas Carter,80151 Lincoln Lane Unit 162 South Ronald CO 89417
1665,daniel.jackson@flores.biz,Daniel Jackson,90844 Fox Street Ste. 461 Port Betty ID 09324
1666,jeffrey.king@gmail.com,Jeffrey King,48316 Lincoln Path Karenland OK 68191
1667,jessica.adams@smith.com,Jessica Adams,91029 Maple Crossing Fort Nancy AL 51641
1668,michelle.thomas@nelson.net,Michelle Thomas,45154 Oak Street Unit 904 Jasonmouth TN 67978-1024
1669,william.ramirez@jones.info,William Ramirez,7230 River Circle New Mary AK 68263
1670,larry.allen@johnson.info,Larry Allen,20984 Shore Avenue Thomasport ID 86364
1671,charles.jackson@martin.net,Charles Jackson,86674 Fox Crossing Unit 975 Stevenbury SD 37124-7864
1672,andrew.carter@aol.com,Andrew Carter,89939 Elm Path West Larry NM 54234
1673,anna.wright@yahoo.com,Anna Wright,2294 Washington Path Suite 651 Larryview IL 89148
1674,thomas.thomas@hotmail.com,Thomas Thomas,78069 Brook Lane Fort Ronald AL 11646-5837
1675,stephanie.adams@miller.org,Stephanie Adams,21373 Valley Road Suite 600 East James NJ 48740-3992
1676,kimberly.thomas@outlook.com,Kimberly Thomas,92402 Oak Drive Sarahfurt FL 99856-7151
1677,daniel.garcia@baker.org,Daniel Garcia,5608 Ridge Terrace Ste. 262 Williamport NH 49131
1678,jessica.nelson@yahoo.com,Jessica Nelson,52542 Adams Square Fort Daniel KS 68865
1679,amanda.harris@yahoo.com,Amanda Harris,16768 Walnut Circle Ste. 827 Port Michael PA 10658-6085
1680,joshua.walker@adams.com,Joshua Walker,17780 Oak Court Ste. 189 Port Mark SC 17883-7831
1681,lisa.johnson@scott.biz,Lisa Johnson,53601 Park Road East Mark WV 80062
1682,ronald.wright@hotmail.com,Ronald Wright,98600 Davis Way Fort Sarah SC 25548
1683,deborah.clark@gmail.com,Deborah Clark,32482 Lincoln Square Unit 917 Jamesburgh MA 27233
1684,melissa.lopez@nguyen.net,Melissa Lopez,20384 Lake Way Suite 919 North Kristen TN 87274
1685,amy.harris@aol.com,Amy Harris,95045 Maple Trail Edwardton ME 96825
1686,james.gonzalez@gmail.com,James Gonzalez,26855 Carter Plaza Ste. 136 Port Steven MA 88996
1687,david.campbell@baker.com,David Campbell,39008 Craig Plaza Josephton ND 24940-4803
1688,joseph.scott@clark.info,Joseph Scott,79874 Cedar Path Bettyhaven FL 75499
1689,jeffrey.carter@gmail.com,Jeffrey Carter,85170 Valley Way Williamtown TX 48775-1045
1690,donald.hill@gmail.com,Donald Hill,69069 Franklin Run Ste. 157 Stevenshire AL 41582-6035
1691,sandra.taylor@yahoo.com,Sandra Taylor,41779 Walnut Bypass Lake Edward MT 13705-9129
1692,sandra.walker@yahoo.com,Sandra Walker,9704 Carter Terrace Ste. 89 Kevinside AZ 20216
1693,rebecca.hill@torres.biz,Rebecca Hill,94764 Maple Run Ste. 199 New Mary MD 96913-5815
1694,ryan.jackson@outlook.com,Ryan Jackson,37666 Craig Court Suite 455 Lisaview FL 30555
1695,james.carter@robinson.info,James Carter,42220 Maple Path Ste. 645 Lake William NM 92105-3727
1696,laura.king@gmail.com,Laura King,35225 Ridge Way Unit 38 Williamport MN 67700-6674
1697,andrew.campbell@icloud.com,Andrew Campbell,12609 Forest Crossing Ste. 686 West Jason MT 07146
1698,jeffrey.robinson@hotmail.com,Jeffrey Robinson,1582 Washington Shore North Anna OH 37214
1699,timothy.anderson@hall.biz,Timothy Anderson,19709 Park Bypass South Mark MO 52597
1700,deborah.campbell@anderson.biz,Deborah Campbell,48825 Shore Court Benjaminbury OH 71842-7418
1701,daniel.davis@lee.net,Daniel Davis,50187 Jefferson Circle South Joshua KS 45898
1702,michael.lopez@yahoo.com,Michael Lopez,79385 Miller Trail Suite 516 Ronaldton WI 57623
1703,paul.rivera@wright.info,Paul Rivera,5678 Hill Ford Bettyville OH 95750
1704,brian.moore@williams.net,Brian Moore,26274 River Way Suite 344 Lisaborough OK 07166
1705,stephanie.harris@icloud.com,Stephanie Harris,15737 Elm Path Fort Brian UT 89111
1706,linda.kirby@aol.com,Linda Kirby,61754 Craig Pass Unit 373 Michaeltown WA 92517
1707,mary.king@nelson.com,Mary King,84061 Sunset Bypass Suite 297 West George SC 76011
1708,susan.scott@outlook.com,Susan Scott,50888 Highland Avenue Lake Andrew WI 76526
1709,anna.thompson@gmail.com,Anna Thompson,18170 Brook Bypass East David NY 73813
1710,anna.gonzalez@allen.info,Anna Gonzalez,6446 Meadow Ford Suite 406 Port George AL 49623-9698
1711,gary.green@icloud.com,Gary Green,56321 Adams Shore Benjaminberg PA 06741
1712,david.smith@anderson.net,David Smith,18864 Valley Avenue Unit 348 South Kevin NJ 49631
1713,edward.nguyen@gmail.com,Edward Nguyen,75397 Park Way Ste. 45 Fort David NY 39702
1714,thomas.thomas@torres.com,Thomas Thomas,5846 Forest Trail Michaelshire MI 30508
1715,jennifer.wright@aol.com,Jennifer Wright,15930 Brook Terrace Michaelshire WI 44276
1716,lisa.davis@nguyen.org,Lisa Davis,19683 Elm Pass Port Susan AL 31767
1717,mark.brown@garcia.org,Mark Brown,71109 Franklin Shore Unit 460 Josephview MT 03101-6788
1718,stephanie.johnson@hotmail.com,Stephanie Johnson,3661 Maple Terrace Williambury IA 90049
1719,patricia.clark@gmail.com,Patricia Clark,41523 Franklin Ford Ste. 586 East Larry KY 40612-5018
1720,emily.martin@aol.com,Emily Martin,34879 Oak Way Davidberg CT 90130
1721,edward.lewis@hotmail.com,Edward Lewis,94823 Miller Street Kevinfort SD 76442
1722,margaret.campbell@hall.info,Margaret Campbell,76218 Spring Circle Suite 568 Lake Andrew RI 65867-8536
1723,lisa.wright@thompson.info,Lisa Wright,6545 Park Drive Edwardtown WA 12626
1724,susan.carter@brown.biz,Susan Carter,24428 Hill Shore South Mary IL 19829
1725,kevin.baker@icloud.com,Kevin Baker,17566 Spring Run North Kristen ID 74488
1726,daniel.anderson@harris.info,Daniel Anderson,49391 Park Court Ste. 941 East James WA 71112
1727,michelle.miller@yahoo.com,Michelle Miller,90016 Park Shore New William NV 81851-3870
1728,ashley.thomas@yahoo.com,Ashley Thomas,39018 Carter Bypass Ronaldfurt UT 64343
1729,daniel.williams@hotmail.com,Daniel Williams,90545 Meadow Avenue Fort Linda NV 75500
1730,donna.johnson@yahoo.com,Donna Johnson,16394 Fox Shore North James IN 89268-8086
1731,brian.rivera@garcia.info,Brian Rivera,59003 Miller Crossing Suite 425 Nancyton MT 53665
1732,ronald.robinson@outlook.com,Ronald Robinson,552 Spring Loop Apt. 388 Lindaborough HI 82776
1733,sarah.garcia@williams.net,Sarah Garcia,84027 Davis Trail Fort Karen AK 89525
1734,margaret.robinson@thompson.biz,Margaret Robinson,21989 Franklin Crossing Unit 583 Georgeview HI 02807
1735,susan.hall@aol.com,Susan Hall,86916 Ridge Way Thomasville ME 76192
1736,daniel.nguyen@aol.com,Daniel Nguyen,27476 Cedar Square Andrewtown WV 76276
1737,amanda.thomas@nguyen.net,Amanda Thomas,33875 Franklin Ford Lindaborough AL 37974
1738,stephanie.adams@outlook.com,Stephanie Adams,57315 Jefferson Road Apt. 999 Ronaldhaven CT 18139-9979
1739,emily.hall@king.net,Emily Hall,86677 Cedar Plaza Lindaland KY 03134-2199
1740,elizabeth.nelson@icloud.com,Elizabeth Nelson,91720 Hill Avenue Nancyshire NY 40344-3647
1741,karen.harris@campbell.biz,Karen Harris,91337 Carter Bypass Nancymouth FL 27873
1742,michelle.king@smith.org,Michelle King,86248 Jefferson Bypass Suite 394 Joshuaberg VT 95809-7063
1743,lisa.jackson@aol.com,Lisa Jackson,78672 Adams Way Unit 528 Fort Betty LA 75366
1744,anthony.lopez@king.com,Anthony Lopez,585 Johnson Avenue Suite 52 Kristenmouth NE 11967
1745,michael.carter@hotmail.com,Michael Carter,46804 Forest Crossing North Linda NY 88229
1746,lisa.martin@hotmail.com,Lisa Martin,64788 Ridge Street Fort Thomas LA 01749-7331
1747,ashley.ramirez@outlook.com,Ashley Ramirez,69693 Lake Trail Port Susan MN 34469
1748,linda.martinez@jackson.org,Linda Martinez,9106 Davis Trail Apt. 207 Jasonport NV 03226
1749,richard.martin@cain.net,Richard Martin,59427 Fox Drive Suite 904 Brianstad GA 28808
1750,mark.smith@icloud.com,Mark Smith,43718 Oak Loop Benjaminstad WV 10065-1198
1751,emily.carter@gmail.com,Emily Carter,79713 Davis Path Ste. 139 Lindamouth OK 36222-6940
1752,anthony.hill@gmail.com,Anthony Hill,39267 Forest Ford Unit 772 Kevintown MD 67773
1753,anna.scott@icloud.com,Anna Scott,83875 Walnut Run Suite 910 New Joseph TX 57648-5111
1754,jessica.miller@cain.com,Jessica Miller,11899 Ridge Square Lindafort LA 81022
1755,joseph.lewis@hotmail.com,Joseph Lewis,20228 Cook Drive Ste. 681 North Lisa NV 61329
1756,nancy.jones@johnson.biz,Nancy Jones,55852 Adams Square East George RI 42943
1757,ashley.harris@thomas.net,Ashley Harris,74883 Highland Lane Apt. 173 Thomasfurt WV 85256
1758,kimberly.white@mitchell.org,Kimberly White,21824 Miller Circle South Anna NH 26227
1759,anthony.harris@aol.com,Anthony Harris,28101 Pine Terrace Suite 480 Josephshire WY 20225
1760,jeffrey.thompson@scott.org,Jeffrey Thompson,54405 Fox Circle Fort Joshua GA 29844
1761,jennifer.ramirez@torres.net,Jennifer Ramirez,19957 Hill Drive Suite 37 Brianview MA 36747
1762,amanda.king@ramirez.net,Amanda King,88062 Adams Crossing Andrewstad CA 83197
1763,mark.walker@yahoo.com,Mark Walker,77871 Maple Loop Georgebury WV 28542
1764,james.perez@hotmail.com,James Perez,64864 Oak Loop Port Larry MT 73080-5318
1765,kimberly.young@yahoo.com,Kimberly Young,68929 Fox Avenue Susanville GA 32168
1766,carol.brown@icloud.com,Carol Brown,87643 Fox Plaza Brianport CT 21275
1767,michelle.king@outlook.com,Michelle King,86039 Cedar Square Benjamintown AL 53663
1768,timothy.nguyen@gmail.com,Timothy Nguyen,6270 Miller Run Ste. 799 East Susan OK 80520
1769,richard.thomas@young.info,Richard Thomas,86784 Madison Path Jamesborough AZ 56145
1770,betty.young@allen.com,Betty Young,25135 Meadow Terrace Fort Sarah KS 97958-3798
1771,rebecca.adams@gonzalez.net,Rebecca Adams,42423 Meadow Plaza Kevinborough NH 89620
1772,matthew.garcia@allen.info,Matthew Garcia,81085 Walnut Square Unit 270 Lake Nancy OH 28425-2250
1773,sarah.johnson@outlook.com,Sarah Johnson,6837 Cedar Avenue Brianborough AR 27011
1774,donald.jones@outlook.com,Donald Jones,70068 Maple Ford Fort Betty NH 71480-3328
1775,richard.flores@carter.org,Richard Flores,46913 Franklin Square Ste. 485 Michaelfurt WI 31395
1776,margaret.rivera@jackson.net,Margaret Rivera,8802 Franklin Road Danielberg WI 66353
1777,barbara.jones@outlook.com,Barbara Jones,48079 Johnson Lane Josephbury IA 14691
1778,kimberly.carter@hall.net,Kimberly Carter,18018 Pine Plaza Paulshire TN 22453
1779,richard.wilson@gmail.com,Richard Wilson,49371 Valley Bypass Karenport KS 77425
1780,anthony.kirby@gonzalez.org,Anthony Kirby,38325 Brook Pass West David WV 83862
1781,andrew.moore@flores.info,Andrew Moore,35192 Elm Circle Suite 345 East Ronald HI 11082
1782,john.harris@gmail.com,John Harris,84710 Jefferson Street Unit 858 Fort Susan VT 08677
1783,thomas.wright@outlook.com,Thomas Wright,59049 Jefferson Shore East Lisa MT 38829
1784,susan.lopez@kirby.com,Susan Lopez,55773 Ridge Shore Susanside DE 74115
1785,mark.white@gmail.com,Mark White,78714 Brook Circle Suite 2 Lake Joshua MT 32524-1525
1786,michael.garcia@icloud.com,Michael Garcia,28959 Adams Path South Joshua NH 56492
1787,helen.sanchez@aol.com,Helen Sanchez,97141 Fox Street Ste. 630 East Steven MD 37186
1788,jennifer.thomas@aol.com,Jennifer Thomas,21622 Spring Drive Fort Michael MT 48250
1789,sarah.garcia@white.net,Sarah Garcia,14523 Brook Drive Apt. 389 Lake Joshua TN 50989
1790,brian.lee@yahoo.com,Brian Lee,83902 Park Pass North Brian CO 40142
1791,joseph.gonzalez@wright.org,Joseph Gonzalez,425 Park Plaza Apt. 852 Karenshire UT 34530
1792,lisa.robinson@aol.com,Lisa Robinson,70347 Walnut Run Ste. 774 South William KY 48342-2371
1793,nancy.nelson@aol.com,Nancy Nelson,26048 River Terrace Unit 714 Sarahfort ND 62152
1794,daniel.gonzalez@icloud.com,Daniel Gonzalez,1158 Jefferson Shore Fort Daniel TN 58074
1795,paul.lopez@aol.com,Paul Lopez,49117 Oak Ford Ste. 989 North Mary PA 12050
1796,james.taylor@outlook.com,James Taylor,70205 Highland Lane Benjamintown OK 11173
1797,john.cain@harris.biz,John Cain,42053 Franklin Trail Ste. 860 New Joseph NV 76784
1798,susan.rivera@hotmail.com,Susan Rivera,23588 Sunset Shore Suite 190 East Nancy NV 44940
1799,edward.lee@kirby.org,Edward Lee,18201 Hill Trail East Benjamin MT 54589
1800,john.martin@hotmail.com,John Martin,96901 River Shore Ste. 435 Maryfort GA 17872-3238
1801,jessica.cain@hotmail.com,Jessica Cain,30522 Lake Lane Port Joseph TN 04608-1759
1802,ryan.johnson@yahoo.com,Ryan Johnson,33657 Madison Road Suite 198 East David ID 68767
1803,jennifer.gonzalez@icloud.com,Jennifer Gonzalez,78442 Lincoln Plaza North Linda FL 29387
1804,paul.harris@hotmail.com,Paul Harris,79976 Johnson Circle Port Thomas IL 36077-1893
1805,ronald.torres@anderson.info,Ronald Torres,98450 Miller Pass Jamesstad TX 76084
1806,brian.thompson@outlook.com,Brian Thompson,30515 Ridge Way East Susan MT 49618
1807,joshua.johnson@outlook.com,Joshua Johnson,20770 Valley Drive Bettyview NE 40340-8745
1808,jason.thompson@outlook.com,Jason Thompson,76332 Valley Lane Ste. 797 Karenhaven NV 95329
1809,richard.lee@aol.com,Richard Lee,91685 Highland Avenue Markport MI 99033-5745
1810,william.hall@white.info,William Hall,77745 River Trail Ste. 84 Fort Edward TN 92467
1811,william.campbell@wilson.org,William Campbell,35679 Spring Trail Unit 513 Jamesfurt NE 14273
1812,andrew.miller@outlook.com,Andrew Miller,77463 Washington Path Lisaville NE 13606
1813,richard.nelson@williams.net,Richard Nelson,51696 Sunset Crossing Apt. 24 South Daniel FL 50747-3720
1814,deborah.carter@gmail.com,Deborah Carter,35996 Franklin Pass Benjaminport FL 51672
1815,joshua.gonzalez@gmail.com,Joshua Gonzalez,37517 Shore Road Fort Susan ID 43377
1816,rebecca.miller@flores.com,Rebecca Miller,51034 Jefferson Terrace South Betty CT 61294-5924
1817,anna.gonzalez@aol.com,Anna Gonzalez,34475 Pine Street Ste. 720 Andrewshire OR 61314-7717
1818,donald.nelson@icloud.com,Donald Nelson,72281 Walnut Road Suite 34 Port Anna HI 46862
1819,joshua.kirby@icloud.com,Joshua Kirby,32461 Adams Run Suite 200 North Karen IN 63421
1820,mark.robinson@gonzalez.org,Mark Robinson,70024 Cedar Trail Unit 91 Williamview NY 79708-2210
1821,thomas.king@outlook.com,Thomas King,1466 Jefferson Run Paulville WY 04265-6104
1822,michelle.davis@cain.com,Michelle Davis,69520 Highland Circle New Joshua CA 82375
1823,susan.moore@yahoo.com,Susan Moore,33892 Meadow Trail Kristenberg MA 26884-2005
1824,edward.robinson@icloud.com,Edward Robinson,12704 Carter Run Ste. 61 Fort Anna VT 12325
1825,jennifer.gonzalez@hall.net,Jennifer Gonzalez,76510 Madison Shore Fort Paul AL 22177
1826,ashley.wright@williams.org,Ashley Wright,12160 Elm Avenue North Linda FL 64514
1827,james.carter@gonzalez.info,James Carter,62547 Valley Pass Ste. 193 Jamesport CO 05916
1828,sandra.jackson@jones.info,Sandra Jackson,16105 Jefferson Lane Apt. 122 New William VA 32125-6497
1829,barbara.lee@aol.com,Barbara Lee,87060 Franklin Lane Ste. 562 Lake Linda HI 43359-9140
1830,melissa.jackson@carter.com,Melissa Jackson,83068 Valley Trail Suite 957 Markport RI 93377
1831,ashley.allen@perez.info,Ashley Allen,51274 Jefferson Square Jameston AK 49397-6582
1832,margaret.ramirez@icloud.com,Margaret Ramirez,52776 Spring Terrace Unit 908 East Sarah SD 95949-3556
1833,anthony.harris@icloud.com,Anthony Harris,47498 Shore Terrace Ste. 895 New Paul AZ 11879-5496
1834,jennifer.wilson@outlook.com,Jennifer Wilson,66847 Highland Lane Ste. 797 Ronaldfurt AL 84646
1835,mark.sanchez@gmail.com,Mark Sanchez,88221 Adams Street Apt. 8 East Mary NC 95386-6753
1836,laura.adams@yahoo.com,Laura Adams,18820 River Lane Apt. 291 North Daniel MA 21387
1837,matthew.nguyen@hotmail.com,Matthew Nguyen,4287 Craig Court Unit 464 Annaland MS 14340
1838,amy.anderson@gmail.com,Amy Anderson,41311 Sunset Plaza Jasonmouth HI 85296
1839,michael.carter@clark.org,Michael Carter,15521 Valley Pass Fort Nancy KS 04828-9854
1840,joseph.johnson@hotmail.com,Joseph Johnson,13512 Jefferson Plaza Suite 628 East Brian WI 67917
1841,john.green@outlook.com,John Green,72932 Highland Crossing Apt. 564 West Steven NC 89360
1842,donna.wilson@yahoo.com,Donna Wilson,99191 Ridge Pass Andrewfurt UT 30798
1843,emily.carter@yahoo.com,Emily Carter,12859 Walnut Path Karenland WA 53756
1844,anna.martin@wright.org,Anna Martin,45251 Carter Terrace New Lisa WI 37471-1010
1845,rebecca.sanchez@clark.biz,Rebecca Sanchez,83675 Oak Trail Apt. 533 Lisaview AL 50448-1794
1846,anthony.lee@yahoo.com,Anthony Lee,30709 Johnson Court Suite 85 East Sarah NE 13220
1847,mark.adams@hotmail.com,Mark Adams,77137 Oak Avenue Suite 525 Fort Joshua MT 81735
1848,brian.hill@moore.org,Brian Hill,39591 Miller Pass New Lisa ME 89514-3307
1849,helen.taylor@hotmail.com,Helen Taylor,67246 Craig Ford Ste. 727 West Joshua MI 45827-7526
1850,kevin.brown@hotmail.com,Kevin Brown,41430 Miller Trail Benjaminhaven ID 66403
1851,anthony.carter@yahoo.com,Anthony Carter,48455 Johnson Ford Apt. 227 Bettyborough UT 79614-3970
1852,amy.wilson@martin.biz,Amy Wilson,18358 Brook Drive Suite 934 Bettyview MT 25093
1853,edward.hill@ramirez.com,Edward Hill,13103 Carter Trail Georgemouth AK 40588-8602
1854,andrew.carter@gmail.com,Andrew Carter,47178 Washington Run Ste. 392 Danielfurt MT 30005
1855,jeffrey.perez@gonzalez.net,Jeffrey Perez,30328 Hill Square Unit 8 New Thomas CT 89004
1856,john.scott@yahoo.com,John Scott,27840 Valley Path Ste. 87 Benjaminton TN 03841-6596
1857,margaret.brown@yahoo.com,Margaret Brown,44731 Brook Court Lake David RI 41514-8364
1858,emily.hill@miller.com,Emily Hill,161 Jefferson Terrace Josephland CO 51471
1859,betty.lewis@king.net,Betty Lewis,37437 Meadow Way Unit 858 New Brian WV 16501
1860,timothy.perez@aol.com,Timothy Perez,91758 Cedar Bypass Thomasview VA 57100
1861,matthew.martinez@green.info,Matthew Martinez,8868 Lake Shore West George VT 85935
1862,kimberly.smith@gmail.com,Kimberly Smith,94650 Oak Avenue Suite 692 Fort Steven OK 90096
1863,joseph.white@robinson.info,Joseph White,26903 Meadow Drive Apt. 701 Lake Mark GA 10386
1864,anthony.flores@hotmail.com,Anthony Flores,84919 Valley Circle Ste. 86 East Betty MD 26239-1473
1865,melissa.anderson@hotmail.com,Melissa Anderson,32298 River Drive East Karen NV 46164
1866,brian.young@white.biz,Brian Young,27453 Lake Pass Karenburgh NY 87390
1867,stephanie.nelson@hotmail.com,Stephanie Nelson,74827 Maple Plaza Josephton CT 13892
1868,george.kirby@perez.com,George Kirby,91893 Franklin Way Ste. 456 Ronaldland MS 09337
1869,sandra.martinez@martin.org,Sandra Martinez,29015 Washington Pass Port Linda WI 51581
1870,mark.taylor@aol.com,Mark Taylor,38570 Franklin Lane Unit 726 West Benjamin MD 54319
1871,daniel.carter@torres.com,Daniel Carter,74481 Highland Plaza Unit 880 New Edward NE 17564
1872,gary.sanchez@martinez.biz,Gary Sanchez,30432 Forest Shore Marystad UT 36296
1873,james.garcia@hotmail.com,James Garcia,57389 Valley Shore Apt. 300 Sarahport VT 92650
1874,edward.carter@hotmail.com,Edward Carter,64685 Miller Avenue Unit 715 Sarahfurt IN 31169
1875,ashley.garcia@outlook.com,Ashley Garcia,72910 River Drive Apt. 711 North Linda CA 95079
1876,sandra.harris@ramirez.net,Sandra Harris,51929 Sunset Circle Edwardfort NV 27274-2103
1877,michael.miller@gmail.com,Michael Miller,94477 Jefferson Square North Kevin OH 27678-4481
1878,margaret.ramirez@white.net,Margaret Ramirez,66882 Hill Loop West Andrew IN 50963-6497
1879,brian.nelson@hotmail.com,Brian Nelson,57098 Lake Shore Port Karen OR 94741
1880,jennifer.lopez@aol.com,Jennifer Lopez,48543 Pine Run New William CT 44489-2797
1881,steven.perez@allen.net,Steven Perez,70995 Oak Road Markton ME 34460
1882,mary.moore@yahoo.com,Mary Moore,8472 Ridge Way Unit 78 Georgeborough IL 69477
1883,john.thomas@yahoo.com,John Thomas,62662 Madison Crossing Suite 202 New Anna MT 68675
1884,anthony.moore@outlook.com,Anthony Moore,59187 Lincoln Ford Suite 159 Brianburgh MT 80470
1885,kimberly.green@robinson.net,Kimberly Green,57238 Pine Street Ste. 435 Nancyview DE 12165
1886,steven.white@aol.com,Steven White,96548 Sunset Road Suite 488 Joshuaborough AK 44625
1887,andrew.gonzalez@hotmail.com,Andrew Gonzalez,46832 Maple Run Unit 451 Lisachester KS 48807
1888,susan.torres@carter.biz,Susan Torres,21477 Jefferson Lane Apt. 97 Fort Linda OK 06677-6410
1889,andrew.thomas@clark.biz,Andrew Thomas,63653 Spring Shore Benjaminmouth NC 45691-8569
1890,elizabeth.robinson@clark.biz,Elizabeth Robinson,73523 Walnut Court Unit 831 Kristenside MA 17486
1891,nancy.jackson@yahoo.com,Nancy Jackson,679 Miller Road Fort Joseph WA 02045
1892,timothy.wilson@icloud.com,Timothy Wilson,21978 Davis Pass Suite 124 Nancyshire FL 42817-8876
1893,michelle.young@lopez.net,Michelle Young,79076 Oak Shore Suite 150 East Andrew LA 19456-5755
1894,sandra.gonzalez@smith.org,Sandra Gonzalez,96943 Davis Crossing Port Jason DE 89847
1895,brian.robinson@hotmail.com,Brian Robinson,93131 Franklin Terrace Fort Thomas ME 06333
1896,ronald.nelson@yahoo.com,Ronald Nelson,25629 Jefferson Court Unit 156 North Joseph UT 50789
1897,nancy.lopez@hill.com,Nancy Lopez,91137 Park Avenue Kevinstad KS 82758
1898,betty.kirby@hotmail.com,Betty Kirby,62783 Washington Circle Suite 343 West William MI 05868
1899,john.cain@icloud.com,John Cain,19943 Highland Shore Suite 138 South Paul KY 62436
1900,kevin.lewis@gonzalez.com,Kevin Lewis,41865 Jefferson Square Fort Ronald CO 79659-5647
1901,joshua.harris@gmail.com,Joshua Harris,33149 Brook Drive Jasonview SD 51769
1902,carol.anderson@kirby.com,Carol Anderson,12108 Carter Avenue Lake Joseph WY 68953-7436
1903,andrew.lee@aol.com,Andrew Lee,21916 Carter Avenue Suite 831 East Benjamin OH 52265
1904,patricia.jackson@white.net,Patricia Jackson,41994 Pine Run Unit 287 East Daniel DE 53513
1905,william.rivera@icloud.com,William Rivera,91335 Sunset Drive Ste. 866 Maryhaven RI 94423
1906,helen.lopez@williams.net,Helen Lopez,7553 Cook Run Apt. 68 Nancyburgh WA 01465
1907,sarah.king@martinez.biz,Sarah King,84470 Walnut Plaza Lake Lisa RI 24555
1908,mary.hill@smith.org,Mary Hill,92673 Walnut Crossing Suite 249 Susanside OH 85239-2349
1909,michael.garcia@clark.biz,Michael Garcia,8852 Ridge Run Ste. 916 Karenbury AL 46545
1910,richard.johnson@williams.net,Richard Johnson,45824 Spring Drive Ste. 510 Bettybury SC 67039-3285
1911,john.wright@gmail.com,John Wright,98010 Madison Avenue Danielview WA 47658
1912,timothy.rivera@outlook.com,Timothy Rivera,56086 Davis Street East Paul ND 72131
1913,barbara.sanchez@clark.biz,Barbara Sanchez,69039 Ridge Shore Ste. 901 Stevenside NJ 53627-3603
1914,elizabeth.clark@outlook.com,Elizabeth Clark,67565 Craig Run Port William MT 43580-9810
1915,kevin.carter@aol.com,Kevin Carter,76610 Washington Plaza Lake Linda SC 63471
1916,linda.clark@aol.com,Linda Clark,65112 Brook Trail Apt. 935 Joshuaport AK 42561-2186
1917,nicholas.hall@moore.net,Nicholas Hall,57878 Cedar Way Apt. 586 East Mark MN 52967
1918,patricia.king@gmail.com,Patricia King,85072 Elm Trail Lake Kevin AZ 01571
1919,elizabeth.taylor@icloud.com,Elizabeth Taylor,83802 Park Square Ronaldtown MN 84814
1920,mary.flores@gmail.com,Mary Flores,18619 Sunset Shore Apt. 349 Williamfort MT 82993-5509
1921,david.scott@kirby.info,David Scott,86812 Ridge Avenue South Thomas RI 28632
1922,brian.wright@yahoo.com,Brian Wright,5585 Craig Pass East Brian KY 23644
1923,michelle.hall@hotmail.com,Michelle Hall,92079 Johnson Terrace Unit 26 Lindatown VT 13061
1924,timothy.thomas@icloud.com,Timothy Thomas,78423 Valley Circle Karenton WA 50863
1925,sandra.gonzalez@hotmail.com,Sandra Gonzalez,33281 Valley Drive Suite 288 Port Ronald OK 71314
1926,mark.perez@young.com,Mark Perez,87427 Adams Square Unit 576 Jameschester TN 72700
1927,brian.davis@walker.com,Brian Davis,57008 Shore Trail New Edward TX 61387
1928,ashley.robinson@aol.com,Ashley Robinson,79916 Jefferson Drive Ste. 790 Lisaberg TX 86043-4995
1929,laura.rivera@aol.com,Laura Rivera,90606 Meadow Loop Suite 782 Michaelborough AR 48340
1930,larry.nguyen@hotmail.com,Larry Nguyen,52645 Miller Lane Fort Mary LA 23572
1931,timothy.nguyen@scott.net,Timothy Nguyen,91449 Miller Crossing Ste. 929 Lake Karen SD 46266
1932,carol.carter@gmail.com,Carol Carter,8414 Highland Avenue Unit 113 East Andrew VT 84365-6627
1933,joseph.adams@aol.com,Joseph Adams,12448 Madison Road Suite 143 Bettystad WY 90624
1934,carol.wilson@mitchell.info,Carol Wilson,81422 Meadow Road Suite 115 Lake Mark AK 37014
1935,david.harris@outlook.com,David Harris,34728 River Loop Ste. 928 Lake Anna VT 07699
1936,sandra.wilson@aol.com,Sandra Wilson,93804 Ridge Terrace Suite 266 Thomaston RI 83026-4803
1937,daniel.brown@icloud.com,Daniel Brown,40003 Ridge Terrace Apt. 706 New Jason WI 55772-4055
1938,andrew.brown@yahoo.com,Andrew Brown,32533 Johnson Court Apt. 867 Lake George NM 50093
1939,ronald.rivera@campbell.com,Ronald Rivera,99852 Franklin Court Port Benjamin NC 34756
1940,paul.green@yahoo.com,Paul Green,1950 Oak Circle Port James AK 31785
1941,kevin.lee@clark.info,Kevin Lee,7874 Madison Plaza Unit 739 Markport GA 17389
1942,amanda.rivera@yahoo.com,Amanda Rivera,88796 Cedar Lane South George WY 70601
1943,ashley.cain@hotmail.com,Ashley Cain,11955 Jefferson Avenue Unit 623 Susanshire MS 07055
1944,linda.wright@icloud.com,Linda Wright,31235 Cedar Drive Ste. 371 Sarahhaven NJ 25222
1945,james.jones@moore.biz,James Jones,3282 Jefferson Court Suite 534 Maryshire KS 58131
1946,nancy.wilson@williams.net,Nancy Wilson,89972 Hill Run Suite 695 Lindafurt NE 20277
1947,jennifer.nelson@nguyen.com,Jennifer Nelson,51195 Meadow Bypass East Nancy DE 57015-2366
1948,melissa.smith@walker.com,Melissa Smith,81174 River Lane Apt. 407 Williamborough NH 29551
1949,margaret.carter@gmail.com,Margaret Carter,47152 Lake Run New Sarah TN 39275
1950,kevin.campbell@rivera.net,Kevin Campbell,49010 Sunset Ford Unit 53 East Benjamin FL 85698
1951,stephanie.allen@outlook.com,Stephanie Allen,72838 Cook Road Lake Ronald AR 23295
1952,paul.harris@outlook.com,Paul Harris,6290 Washington Ford Apt. 280 Fort Paul MN 40006
1953,andrew.hall@anderson.info,Andrew Hall,71102 Cedar Ford Apt. 851 Josephbury ID 10394-6137
1954,john.anderson@outlook.com,John Anderson,7978 Cedar Loop Apt. 3 East David KS 23781-4227
1955,carol.rivera@icloud.com,Carol Rivera,50790 Elm Circle Suite 244 Paulville TN 92935
1956,susan.campbell@gmail.com,Susan Campbell,61160 Madison Pass Apt. 48 Lake Joseph CO 34682
1957,john.carter@outlook.com,John Carter,1258 Miller Street Unit 575 New Brian TN 88987
1958,kevin.martin@yahoo.com,Kevin Martin,60232 Craig Square Suite 904 Kevinville SC 35711
1959,sarah.thompson@hotmail.com,Sarah Thompson,55191 Davis Avenue Port George DE 79648-8008
1960,sandra.williams@outlook.com,Sandra Williams,96354 Elm Square Edwardview KS 77631
1961,john.garcia@mitchell.info,John Garcia,57852 Walnut Shore Ste. 213 South Lisa ND 63629
1962,jeffrey.cain@yahoo.com,Jeffrey Cain,28597 Jefferson Way Port Ronald MO 24056
1963,barbara.rivera@hotmail.com,Barbara Rivera,89225 Elm Bypass West Paul MD 23821
1964,john.thompson@aol.com,John Thompson,29822 Elm Path Ste. 213 Thomasstad NM 04566
1965,anthony.martin@aol.com,Anthony Martin,50890 Davis Shore Apt. 4 South Daniel UT 80082
1966,richard.harris@baker.net,Richard Harris,45256 Park Avenue Bettyburgh TX 85390-1944
1967,anthony.lee@hotmail.com,Anthony Lee,8542 Cook Court Apt. 593 Fort Larry FL 68313-8861
1968,jennifer.allen@gmail.com,Jennifer Allen,70416 Elm Crossing Susanton NM 44865
1969,ashley.hill@rivera.biz,Ashley Hill,86105 Lincoln Run Unit 596 Bettyton MA 22132
1970,michael.brown@gmail.com,Michael Brown,36689 Highland Plaza West Lisa SC 71062
1971,helen.carter@outlook.com,Helen Carter,27790 Forest Circle Port Mary CT 23041
1972,nancy.perez@yahoo.com,Nancy Perez,97728 Highland Street Unit 624 Fort Jason OK 67468-4461
1973,ashley.baker@green.biz,Ashley Baker,76809 Oak Way Andrewton DE 28155
1974,anna.walker@outlook.com,Anna Walker,45720 Sunset Lane Apt. 822 Maryview DE 32729-9632
1975,karen.thomas@gmail.com,Karen Thomas,40794 Oak Drive Apt. 616 North David ND 44634
1976,karen.baker@yahoo.com,Karen Baker,89239 Elm Avenue Unit 751 East Joseph MA 45829-5461
1977,james.nguyen@martinez.org,James Nguyen,73192 Maple Court Ronaldside CT 93171
1978,amanda.lopez@gmail.com,Amanda Lopez,16027 Shore Drive North Anna IN 95808
1979,thomas.martin@hotmail.com,Thomas Martin,51167 Spring Ford Fort Betty MT 69329
1980,karen.carter@cain.biz,Karen Carter,56283 Madison Terrace Sarahmouth SD 37381
1981,larry.wright@hill.biz,Larry Wright,23147 Cedar Crossing Apt. 337 Kevinville NE 53489
1982,james.gonzalez@aol.com,James Gonzalez,61765 Sunset Circle Ste. 710 Fort Paul IA 93617-1183
1983,amanda.martinez@icloud.com,Amanda Martinez,22598 Hill Court Apt. 831 Thomasland ID 97143-6122
1984,sarah.carter@aol.com,Sarah Carter,13191 Madison Trail Unit 780 Edwardstad GA 88739
1985,joseph.davis@anderson.org,Joseph Davis,1059 Madison Crossing Suite 121 Nancyview TX 09536
1986,mark.thomas@aol.com,Mark Thomas,37456 Cedar Trail Apt. 636 Andrewville IL 62270-6096
1987,rebecca.flores@hotmail.com,Rebecca Flores,12334 Oak Square West Paul WY 10253-4270
1988,daniel.white@hotmail.com,Daniel White,23855 Park Ford Fort Susan VA 51017
1989,george.clark@yahoo.com,George Clark,74791 Ridge Drive Ste. 96 Williamville SD 72010
1990,william.nguyen@hill.com,William Nguyen,40148 Lake Court Michaelfurt MO 56658
1991,paul.campbell@outlook.com,Paul Campbell,25176 Sunset Trail Jamesland KY 28353
1992,john.campbell@outlook.com,John Campbell,80354 Lincoln Ford Davidshire ID 38260-3893
1993,anthony.hill@wright.org,Anthony Hill,45126 Fox Crossing Unit 841 Markchester HI 74327
1994,amy.allen@thompson.biz,Amy Allen,35748 Davis Shore Ste. 827 Edwardview ME 43828-2574
1995,rebecca.robinson@gmail.com,Rebecca Robinson,33997 Miller Street Benjaminton WI 78583
1996,karen.thomas@aol.com,Karen Thomas,59780 Spring Court Bettyhaven TX 50452
1997,margaret.clark@aol.com,Margaret Clark,80223 Lincoln Crossing Suite 469 Edwardfurt NV 77577-5273
1998,donna.ramirez@williams.net,Donna Ramirez,99546 Spring Square Ste. 106 Fort George MN 55897
1999,daniel.carter@johnson.biz,Daniel Carter,95516 Franklin Shore North Karen OR 95791
2000,barbara.moore@thompson.biz,Barbara Moore,83941 Franklin Run North Linda WI 03180
2001,jason.sanchez@icloud.com,Jason Sanchez,75677 Walnut Pass Suite 139 Joshuastad ID 74530
2002,steven.baker@yahoo.com,Steven Baker,43502 Johnson Street Suite 865 New Edward UT 32551
2003,laura.hall@clark.com,Laura Hall,99134 Brook Trail Stevenview WI 33685
2004,charles.scott@icloud.com,Charles Scott,53473 Oak Way Unit 227 West Benjamin WY 11415
2005,linda.ramirez@outlook.com,Linda Ramirez,78885 Meadow Bypass Maryfurt WI 39528
2006,paul.thompson@icloud.com,Paul Thompson,64289 Miller Terrace Kristenberg MO 43932
2007,mary.lopez@gonzalez.org,Mary Lopez,39951 Jefferson Road Port Joshua WV 95205-2719
2008,andrew.johnson@miller.com,Andrew Johnson,29243 Valley Crossing New Sarah IA 17257
2009,sarah.thomas@lewis.info,Sarah Thomas,56199 Park Circle Port Sarah OH 42046
2010,paul.hill@wright.biz,Paul Hill,64113 Carter Court Edwardchester SC 36732
2011,michelle.anderson@young.org,Michelle Anderson,18232 Ridge Road Ste. 807 New Kevin KS 63416
2012,mark.wright@gmail.com,Mark Wright,34852 River Shore Fort David CO 41386
2013,matthew.lopez@gmail.com,Matthew Lopez,41661 Davis Road New Brian AZ 85325
2014,joshua.thomas@sanchez.org,Joshua Thomas,52322 Ridge Square Unit 740 South Nancy MI 86812
2015,nancy.anderson@yahoo.com,Nancy Anderson,26351 Lake Circle Suite 647 Jasonfurt AZ 35108
2016,ryan.scott@johnson.net,Ryan Scott,96518 Washington Trail Davidview CA 11310
2017,timothy.nguyen@aol.com,Timothy Nguyen,96516 Shore Plaza West Paul MA 66848-8337
2018,jason.thomas@gmail.com,Jason Thomas,40989 Madison Pass Suite 523 Stevenview NC 64813
2019,jessica.rivera@aol.com,Jessica Rivera,54050 Shore Way New Joshua MS 94325-7621
2020,karen.nguyen@gmail.com,Karen Nguyen,69142 Maple Court Andrewland AL 96681-4046
2021,sandra.clark@kirby.org,Sandra Clark,36569 Davis Drive East William KY 08182
2022,barbara.williams@outlook.com,Barbara Williams,4324 Madison Pass Apt. 219 Georgeville KY 60478
2023,paul.lee@outlook.com,Paul Lee,39320 Madison Avenue Unit 621 West Benjamin WV 89106-4701
2024,jason.young@yahoo.com,Jason Young,46938 Pine Loop Kevinview NE 41644
2025,laura.walker@gmail.com,Laura Walker,26810 Pine Road South Benjamin GA 47575
2026,william.thomas@sanchez.org,William Thomas,70159 Pine Terrace Unit 654 West Daniel OK 79946
2027,gary.hill@smith.biz,Gary Hill,68587 Madison Bypass Lisahaven MI 48317
2028,rebecca.jones@hotmail.com,Rebecca Jones,99439 Park Road Annaland MD 70794
2029,joshua.williams@icloud.com,Joshua Williams,5480 Oak Road North Edward MO 25782-3835
2030,sarah.davis@aol.com,Sarah Davis,48593 Miller Drive Georgeburgh ID 09298
2031,linda.robinson@moore.net,Linda Robinson,11523 Jefferson Way Apt. 86 Lake David IL 08074
2032,daniel.wilson@gmail.com,Daniel Wilson,40379 Jefferson Shore Suite 688 Ronaldton SC 98045
2033,donna.wright@hotmail.com,Donna Wright,42012 Miller Circle Jamesshire MA 40790-4010
2034,kevin.torres@outlook.com,Kevin Torres,80561 Adams Plaza Ste. 315 Jasonburgh AK 55965
2035,nicholas.baker@green.info,Nicholas Baker,90542 Pine Shore Apt. 164 Josephburgh MT 71195-9248
2036,amy.garcia@gmail.com,Amy Garcia,83044 Carter Terrace Port George SC 75511
2037,linda.kirby@icloud.com,Linda Kirby,35619 Carter Run Joshuafurt AL 46254
2038,michael.adams@flores.org,Michael Adams,64623 Lake Avenue South Larry GA 04998-8590
2039,nicholas.thomas@aol.com,Nicholas Thomas,64763 Lake Court Annamouth SC 46829-6483
2040,elizabeth.hall@lee.biz,Elizabeth Hall,84316 Fox Avenue Susanfurt MO 06756-1469
2041,elizabeth.martinez@outlook.com,Elizabeth Martinez,47104 Madison Pass Ste. 710 Lindaton VA 76965-2366
2042,brian.young@torres.biz,Brian Young,43416 Franklin Way New Anna MO 44152
2043,matthew.clark@wilson.biz,Matthew Clark,73351 Carter Square Joshuahaven MN 56780
2044,nicholas.hill@anderson.net,Nicholas Hill,27101 Brook Ford Apt. 907 Georgefurt CO 13804
2045,laura.lopez@gmail.com,Laura Lopez,36727 Davis Run Ste. 925 Kevinfurt IN 67707-6394
2046,jennifer.mitchell@taylor.biz,Jennifer Mitchell,77021 Forest Drive Markshire MD 10623
2047,timothy.jones@aol.com,Timothy Jones,95923 Oak Terrace Ste. 132 Markchester CO 97392
2048,barbara.flores@aol.com,Barbara Flores,43534 Walnut Avenue New Brian OK 34534
2049,timothy.allen@icloud.com,Timothy Allen,69400 Highland Plaza Apt. 608 Davidport TX 25323
2050,david.allen@hall.biz,David Allen,311 Elm Square Apt. 383 Port Ronald NC 68402
2051,andrew.rivera@outlook.com,Andrew Rivera,63664 Highland Pass Susanstad MA 73307-5404
2052,ronald.thomas@aol.com,Ronald Thomas,62351 Meadow Avenue Unit 652 Fort Linda MN 90611
2053,karen.nguyen@young.biz,Karen Nguyen,64134 Adams Loop Williamville VA 84376-9627
2054,anthony.nelson@davis.info,Anthony Nelson,58264 Forest Street Briantown NV 34708
2055,jessica.hill@hotmail.com,Jessica Hill,9529 Ridge Circle Suite 627 Port James WA 02040
2056,mary.scott@perez.biz,Mary Scott,24176 Oak Street Apt. 858 Lake Mark NM 86486
2057,elizabeth.thomas@aol.com,Elizabeth Thomas,36900 Spring Trail Danielhaven NE 73521-9518
2058,deborah.taylor@icloud.com,Deborah Taylor,6563 Pine Square South Mary MD 73554-6466
2059,laura.wilson@yahoo.com,Laura Wilson,49216 Shore Way Lake Linda KY 36725
2060,joseph.perez@yahoo.com,Joseph Perez,51604 Cook Path North Jason WV 53808
2061,michael.walker@icloud.com,Michael Walker,43715 Spring Way Michaelville CT 79551
2062,amanda.allen@perez.info,Amanda Allen,58354 River Square Suite 175 Ronaldchester MA 95719
2063,jason.green@gonzalez.biz,Jason Green,32330 Fox Pass Unit 563 East Susan ID 55628-7074
2064,lisa.robinson@thomas.org,Lisa Robinson,98192 Shore Shore Suite 852 Lake William TX 74738
2065,john.nguyen@outlook.com,John Nguyen,63443 Valley Terrace Unit 307 North Betty WY 22654
2066,carol.brown@hotmail.com,Carol Brown,81353 Park Square Nancyborough TX 75758
2067,donald.ramirez@outlook.com,Donald Ramirez,41943 Cook Pass Unit 311 Karenberg SD 41097-8076
2068,andrew.robinson@brown.org,Andrew Robinson,53908 Park Avenue Karenton NY 54073
2069,edward.anderson@gmail.com,Edward Anderson,45421 Spring Terrace New Paul AR 15390-6456
2070,michelle.taylor@yahoo.com,Michelle Taylor,37814 Lincoln Drive Paulstad VT 71327
2071,elizabeth.perez@lewis.biz,Elizabeth Perez,44240 Shore Court Unit 277 Joshuatown MD 13482
2072,karen.green@yahoo.com,Karen Green,81308 Forest Avenue Apt. 550 Lake David OK 03313
2073,carol.campbell@hotmail.com,Carol Campbell,63798 Madison Pass Suite 670 New Joseph ND 35405
2074,jennifer.carter@yahoo.com,Jennifer Carter,31339 Spring Trail Unit 19 North Susan PA 59273
2075,john.taylor@walker.biz,John Taylor,64212 Washington Trail Unit 731 Lake Kristen ND 94437-5643
2076,nancy.hall@cain.net,Nancy Hall,60587 Fox Road New William NJ 46604
2077,joseph.adams@mitchell.net,Joseph Adams,57552 Cook Way Unit 589 Port Andrew RI 24343
2078,daniel.martin@harris.com,Daniel Martin,14497 Valley Run Port Sarah MT 89716-4243
2079,jason.clark@yahoo.com,Jason Clark,48336 Ridge Square New Sarah FL 18411
2080,barbara.thomas@gonzalez.com,Barbara Thomas,45373 Cedar Road South Kristen RI 62354
2081,sarah.davis@hotmail.com,Sarah Davis,80641 Walnut Circle Apt. 322 Port Sarah WY 09199
2082,jessica.allen@lopez.net,Jessica Allen,87157 Oak Crossing Lake Kevin SD 58272
2083,kimberly.miller@gmail.com,Kimberly Miller,67427 Park Plaza Ste. 243 Danielstad VA 09953-9299
2084,laura.mitchell@outlook.com,Laura Mitchell,76550 Cedar Bypass Maryside CA 35583
2085,david.martin@white.net,David Martin,14282 Carter Loop Georgeborough SC 41125
2086,timothy.mitchell@hotmail.com,Timothy Mitchell,82567 Adams Way Larrychester UT 42553-2251
2087,jennifer.allen@icloud.com,Jennifer Allen,69872 Meadow Bypass Ste. 193 Benjaminborough GA 08594-9845
2088,john.baker@outlook.com,John Baker,94770 Franklin Square Suite 550 Karentown CO 35101
2089,michael.davis@gmail.com,Michael Davis,34314 Washington Road Unit 999 West Anna ID 59053-4392
2090,nicholas.white@gmail.com,Nicholas White,66705 Davis Way Fort Kristen WA 76105-7910
2091,george.adams@gmail.com,George Adams,71332 Washington Crossing Unit 3 Fort Andrew CA 84428
2092,john.walker@hotmail.com,John Walker,71612 Shore Loop Unit 106 Georgeland AZ 30646
2093,george.davis@hotmail.com,George Davis,85865 Meadow Way Ste. 479 West Susan AZ 43323
2094,carol.mitchell@icloud.com,Carol Mitchell,2778 Brook Court Marktown TN 03027-3141
2095,karen.adams@hall.biz,Karen Adams,59164 Oak Street Davidport OR 14086-9926
2096,linda.torres@gmail.com,Linda Torres,60703 Adams Lane Unit 945 South Steven MT 96502-6585
2097,david.harris@garcia.com,David Harris,14921 Franklin Run Lisafort NJ 49082
2098,paul.carter@aol.com,Paul Carter,30496 Sunset Terrace Georgeshire IL 90449
2099,brian.williams@hotmail.com,Brian Williams,58903 Washington Plaza Lake Jason KY 50464
2100,deborah.baker@jones.net,Deborah Baker,21454 Pine Trail Suite 155 Jamesberg CO 75888
2101,paul.flores@outlook.com,Paul Flores,74321 Craig Drive Ste. 103 Fort William NY 92653-1535
2102,matthew.sanchez@gmail.com,Matthew Sanchez,75221 Madison Bypass Ste. 5 Port Karen OH 31390
2103,brian.wright@yahoo.com,Brian Wright,31435 Johnson Way Fort Kevin MT 60966
2104,george.clark@carter.info,George Clark,36775 Walnut Trail Ste. 693 Georgeland CO 84761
2105,timothy.anderson@yahoo.com,Timothy Anderson,23305 Lincoln Run Joshuabury MI 99950
2106,helen.taylor@lee.net,Helen Taylor,142 Madison Loop Suite 601 Fort Joshua IN 16344
2107,matthew.white@hotmail.com,Matthew White,38046 Hill Pass Unit 838 Ronaldshire NM 55205
2108,john.brown@aol.com,John Brown,62052 Shore Trail Lake Thomas MI 61468-8469
2109,linda.davis@aol.com,Linda Davis,27636 Jefferson Square Suite 777 New Betty NC 34793
2110,anthony.allen@campbell.info,Anthony Allen,1595 Franklin Way Larryview CA 29637
2111,amy.sanchez@robinson.net,Amy Sanchez,81993 Johnson Crossing Lake Sarah AZ 86754-7656
2112,linda.white@outlook.com,Linda White,77335 Park Crossing Suite 57 Kevinland MN 17148-7872
2113,elizabeth.martinez@cain.info,Elizabeth Martinez,70831 Hill Trail Apt. 198 Kevinland AR 19756-4764
2114,thomas.thomas@outlook.com,Thomas Thomas,92947 Fox Way Andrewland UT 01302
2115,matthew.green@hotmail.com,Matthew Green,57463 Shore Plaza Williammouth NC 46040-1795
2116,larry.white@taylor.org,Larry White,69707 Meadow Trail Lindaland CT 16263
2117,brian.mitchell@allen.net,Brian Mitchell,33644 Hill Terrace Unit 927 New Linda KS 59204
2118,sarah.garcia@gmail.com,Sarah Garcia,62971 Franklin Loop Lisahaven AK 89963-4746
2119,ronald.torres@davis.net,Ronald Torres,32750 Maple Pass Suite 637 Ronaldborough OK 53597
2120,amy.gonzalez@carter.biz,Amy Gonzalez,86847 Lake Loop Kevintown HI 69078
2121,jeffrey.baker@yahoo.com,Jeffrey Baker,40694 Valley Circle Suite 486 Markhaven MD 40376-1136
2122,susan.lopez@king.biz,Susan Lopez,66495 Craig Pass Unit 81 Larryfort NY 41923
2123,patricia.miller@miller.com,Patricia Miller,95864 Craig Bypass North David LA 09758
2124,ashley.walker@adams.net,Ashley Walker,7381 Adams Way Ste. 328 Benjaminburgh MN 23428
2125,carol.scott@hotmail.com,Carol Scott,22488 Oak Drive Fort Lisa WY 45781-9894
2126,amy.lopez@aol.com,Amy Lopez,48919 Carter Avenue Maryhaven OH 93696
2127,margaret.smith@taylor.org,Margaret Smith,58483 River Drive Ste. 78 Lake Nancy VA 14070
2128,betty.carter@gmail.com,Betty Carter,94782 Cedar Run Ste. 686 East David CA 75902-2952
2129,ryan.wright@icloud.com,Ryan Wright,94585 Ridge Avenue Apt. 993 Georgefurt LA 76412
2130,william.mitchell@hotmail.com,William Mitchell,66359 Hill Run Lake Jason MA 17369-4457
2131,stephanie.nguyen@williams.org,Stephanie Nguyen,78945 Hill Shore Fort Michael VT 15509
2132,sarah.martinez@outlook.com,Sarah Martinez,31324 Highland Lane Unit 616 South Andrew CA 24306
2133,joshua.robinson@anderson.info,Joshua Robinson,92935 Miller Pass Unit 305 North Mary SD 45906
2134,donna.lewis@yahoo.com,Donna Lewis,79215 Brook Terrace Unit 926 North James ND 89650
2135,rebecca.davis@scott.net,Rebecca Davis,29773 Adams Loop Josephshire NM 77176
2136,mary.flores@gmail.com,Mary Flores,74499 Jefferson Shore Lake Daniel IA 63636
2137,charles.davis@icloud.com,Charles Davis,91047 Lake Avenue Apt. 945 Port Brian RI 31268-2384
2138,amanda.thomas@flores.net,Amanda Thomas,13240 Meadow Avenue Suite 967 Kevinbury ID 24891
2139,nicholas.johnson@hotmail.com,Nicholas Johnson,55294 Craig Shore Josephland IN 44248
2140,melissa.thomas@hotmail.com,Melissa Thomas,21541 Hill Run Lake Betty NE 90704
2141,edward.robinson@williams.org,Edward Robinson,32762 Fox Lane Apt. 760 South Susan MA 02389-4322
2142,linda.nguyen@aol.com,Linda Nguyen,5072 Oak Circle Ste. 417 North Michael GA 60193
2143,susan.campbell@martin.org,Susan Campbell,86431 Oak Trail Apt. 128 Fort Betty GA 95911
2144,mary.campbell@hotmail.com,Mary Campbell,35180 Walnut Path Apt. 701 Markfurt LA 42872
2145,melissa.carter@martinez.org,Melissa Carter,22974 Davis Loop South James NC 13924
2146,susan.kirby@wilson.org,Susan Kirby,44715 Washington Road Apt. 434 East Joseph ME 63344
2147,joseph.flores@hotmail.com,Joseph Flores,25118 Miller Lane Apt. 356 West Susan AR 17451-3163
2148,daniel.brown@walker.net,Daniel Brown,48024 Ridge Plaza North Steven VT 07858-3495
2149,helen.green@nelson.org,Helen Green,44780 Shore Trail Apt. 381 Edwardville FL 43040-1583
2150,sandra.carter@aol.com,Sandra Carter,12044 Washington Terrace South Joshua VT 41640
2151,thomas.mitchell@hill.info,Thomas Mitchell,14527 Meadow Pass Fort Anna MT 57654
2152,elizabeth.young@garcia.org,Elizabeth Young,53784 Washington Shore Port Joseph CA 88995
2153,andrew.adams@icloud.com,Andrew Adams,56798 Washington Plaza Suite 470 West Linda AZ 38901-6151
2154,kevin.wright@young.org,Kevin Wright,87609 Highland Path Suite 314 South Andrew NV 04142
2155,paul.cain@torres.net,Paul Cain,14426 Cook Bypass Thomasburgh AR 97033-3437
2156,sandra.young@aol.com,Sandra Young,12966 Spring Ford Ste. 673 South Lisa ND 15926
2157,paul.robinson@rivera.org,Paul Robinson,11712 Ridge Circle Lake Steven AZ 87617
2158,karen.harris@king.com,Karen Harris,49932 Davis Lane East Andrew NY 21524
2159,ronald.flores@jones.org,Ronald Flores,58745 River Road Unit 431 Fort Nancy IA 96309
2160,deborah.kirby@wilson.net,Deborah Kirby,52573 Johnson Square Markchester CT 85088-5653
2161,kevin.wright@outlook.com,Kevin Wright,10511 Lincoln Way Suite 967 Port Sarah MS 09962
2162,karen.mitchell@gmail.com,Karen Mitchell,11110 Franklin Trail Suite 360 Brianchester MT 28161
2163,susan.mitchell@gmail.com,Susan Mitchell,82127 Johnson Road New Joseph MN 70370
2164,matthew.clark@yahoo.com,Matthew Clark,31586 Davis Pass Apt. 19 Annahaven NY 91113
2165,john.torres@sanchez.net,John Torres,48750 Jefferson Loop Apt. 13 Josephstad TX 08546-7143
2166,jeffrey.moore@gmail.com,Jeffrey Moore,86369 Oak Plaza Suite 520 Joshuaton TX 74870
2167,kimberly.gonzalez@outlook.com,Kimberly Gonzalez,52720 Miller Drive North Susan CT 52344-4312
2168,stephanie.carter@aol.com,Stephanie Carter,28904 Oak Shore Suite 299 East Betty MD 82062
2169,joseph.walker@hall.org,Joseph Walker,14040 Johnson Run Lindastad NE 99906
2170,paul.hill@yahoo.com,Paul Hill,47184 Cedar Square East Linda GA 60289
2171,brian.harris@yahoo.com,Brian Harris,16797 Washington Ford Unit 40 Fort Sarah CT 25176
2172,george.thompson@icloud.com,George Thompson,5798 Lincoln Street Larryfort AL 45146-7595
2173,margaret.cain@jones.com,Margaret Cain,28609 Lake Pass North Daniel SD 81505-7252
2174,stephanie.lopez@hotmail.com,Stephanie Lopez,18520 Davis Way Brianshire MD 40705-3371
2175,david.taylor@miller.org,David Taylor,70445 Shore Road Fort James NJ 11067
2176,larry.wilson@jones.biz,Larry Wilson,4237 River Way Brianburgh KY 16928
2177,susan.adams@gmail.com,Susan Adams,50331 Pine Shore Suite 895 Georgeburgh CT 77042
2178,donna.garcia@white.biz,Donna Garcia,18845 Madison Pass Apt. 297 New James KY 11288-4244
2179,timothy.johnson@gmail.com,Timothy Johnson,73810 Cedar Trail Unit 944 South Larry MA 84385-1036
2180,sarah.jackson@aol.com,Sarah Jackson,47437 Highland Shore New Brian MO 60406-9246
2181,betty.allen@gmail.com,Betty Allen,26043 Cedar Court Port Karen MA 63102-3498
2182,betty.martin@robinson.biz,Betty Martin,35331 Oak Crossing South Edward NH 35802-9605
2183,donald.carter@wilson.com,Donald Carter,79851 Cedar Drive Unit 92 Port Michael CA 01564
2184,joseph.wilson@outlook.com,Joseph Wilson,46052 Walnut Bypass Davidtown MT 32645-1593
2185,patricia.kirby@nguyen.info,Patricia Kirby,84511 Meadow Trail Suite 170 Port Kristen MO 38830-5602
2186,donald.moore@harris.info,Donald Moore,78670 Madison Loop Unit 521 West Sarah AL 86148-2745
2187,joseph.smith@lewis.info,Joseph Smith,614 Maple Crossing Apt. 670 North Betty IL 27475
2188,amy.cain@gmail.com,Amy Cain,14602 Maple Crossing Ste. 853 New Karen SC 04096-2520
2189,jessica.moore@hotmail.com,Jessica Moore,43902 Franklin Crossing Apt. 239 Nancyshire TX 75009
2190,edward.lee@yahoo.com,Edward Lee,30090 Cedar Pass South Joshua IA 48211-1020
2191,gary.mitchell@aol.com,Gary Mitchell,91159 Park Way Maryhaven VA 15636
2192,donna.robinson@lewis.com,Donna Robinson,13700 Miller Road Kevinview VT 21286-9115
2193,amanda.rivera@yahoo.com,Amanda Rivera,97912 Ridge Square Unit 994 Georgemouth NM 87357
2194,kimberly.lewis@taylor.net,Kimberly Lewis,31744 Adams Run Suite 917 Jasonhaven NH 05374
2195,nancy.thompson@gmail.com,Nancy Thompson,62711 Walnut Plaza Apt. 122 Annahaven FL 45433-4079
2196,amy.thompson@harris.org,Amy Thompson,52613 Spring Run Benjaminburgh ME 87851
2197,michelle.martin@gmail.com,Michelle Martin,30348 Washington Court West Joshua OH 52789
2198,melissa.torres@thompson.org,Melissa Torres,16633 Oak Plaza Apt. 399 Benjaminton TX 11512
2199,jason.jones@campbell.net,Jason Jones,11000 Forest Circle Suite 867 Maryport KY 34079
2200,melissa.hill@williams.com,Melissa Hill,11597 Walnut Shore Apt. 671 Nancyshire TX 50213
2201,donna.smith@nelson.biz,Donna Smith,53168 Davis Avenue Apt. 76 North Nancy DE 65722
2202,betty.flores@outlook.com,Betty Flores,47653 Forest Circle Apt. 130 Kevinfort OK 18853
2203,joseph.sanchez@gmail.com,Joseph Sanchez,69079 Shore Trail Ste. 65 Stevenland AK 21387-5289
2204,timothy.jones@clark.biz,Timothy Jones,31391 Franklin Square Suite 424 Thomasstad AL 32957-2109
2205,amanda.scott@adams.com,Amanda Scott,45095 Lake Loop Ste. 825 West Larry MO 79971-5260
2206,kevin.hill@yahoo.com,Kevin Hill,24544 Forest Lane North Karen MD 90626
2207,timothy.anderson@campbell.info,Timothy Anderson,92305 Franklin Square Suite 77 South James AZ 56847-9515
2208,joseph.martin@outlook.com,Joseph Martin,11263 Meadow Plaza Paulton WY 84926
2209,edward.davis@allen.info,Edward Davis,80021 Oak Lane Andrewmouth AK 94485
2210,anthony.anderson@gmail.com,Anthony Anderson,54161 Park Way Suite 222 Lake Nancy MD 10497
2211,anna.martinez@perez.biz,Anna Martinez,77358 Carter Crossing Jasonberg RI 48055
2212,ryan.torres@hotmail.com,Ryan Torres,8940 River Court West William CA 63846
2213,lisa.lewis@icloud.com,Lisa Lewis,69267 Franklin Avenue Fort Edward NV 14641-6976
2214,kimberly.moore@davis.com,Kimberly Moore,27362 Fox Shore South Kristen WV 67606
2215,joshua.davis@flores.biz,Joshua Davis,18360 Miller Drive Larryburgh AZ 62827
2216,ashley.allen@yahoo.com,Ashley Allen,83550 Johnson Drive Kevinshire OH 46735-1043
2217,steven.garcia@aol.com,Steven Garcia,58976 Fox Loop Ste. 260 Williamview UT 94909-8043
2218,timothy.gonzalez@martin.net,Timothy Gonzalez,20679 Forest Terrace Suite 19 Ronaldville AZ 68275-5973
2219,edward.king@hall.com,Edward King,16984 Franklin Lane Suite 14 New Sarah FL 17908-1627
2220,linda.campbell@wilson.net,Linda Campbell,92556 Sunset Court Stevenstad IL 60886
2221,barbara.scott@outlook.com,Barbara Scott,75220 River Loop Suite 893 Port James DE 56315
2222,jason.clark@wright.info,Jason Clark,95374 Madison Shore Suite 261 North William AK 52057-7405
2223,thomas.torres@gmail.com,Thomas Torres,89985 Jefferson Trail New Anna MI 96534
2224,sandra.sanchez@aol.com,Sandra Sanchez,54216 Hill Square Apt. 303 Lake Benjamin MA 03380
2225,stephanie.sanchez@hall.info,Stephanie Sanchez,13038 Sunset Street Apt. 726 East Andrew KS 92267-1786
2226,daniel.young@lopez.info,Daniel Young,85024 Johnson Trail Unit 758 North Daniel MT 23853
2227,melissa.nelson@hotmail.com,Melissa Nelson,6224 Cedar Bypass Unit 795 Lake Linda NC 90892
2228,elizabeth.lewis@aol.com,Elizabeth Lewis,72473 Park Way Suite 456 New James AK 34387
2229,matthew.king@young.net,Matthew King,92728 Davis Street North George FL 24342
2230,helen.wilson@icloud.com,Helen Wilson,43154 Jefferson Terrace Lake Joshua MN 74863
2231,daniel.ramirez@aol.com,Daniel Ramirez,11668 Cedar Road Brianport IA 03401
2232,timothy.lee@yahoo.com,Timothy Lee,58053 Lincoln Plaza Williamhaven AL 73023
2233,helen.perez@scott.info,Helen Perez,5208 Cedar Terrace Larryburgh WY 27883-9547
2234,kevin.carter@gmail.com,Kevin Carter,67473 Sunset Court Suite 134 Stevenfort PA 81927
2235,anna.nelson@walker.org,Anna Nelson,51272 Cedar Street Marktown OR 78908-2722
2236,brian.lee@smith.com,Brian Lee,27788 Carter Loop Ronaldmouth NC 48906
2237,kimberly.hill@aol.com,Kimberly Hill,85553 Cedar Loop South Mark NJ 52894
2238,mary.hall@scott.net,Mary Hall,84647 Craig Pass Unit 631 Bettyshire LA 41977
2239,helen.green@jackson.org,Helen Green,14559 Cook Crossing Apt. 762 Port Steven WY 46004-4805
2240,sarah.carter@hotmail.com,Sarah Carter,74554 Cedar Way Unit 256 South Jason SC 68597
2241,brian.flores@scott.net,Brian Flores,60663 Franklin Terrace South Jason UT 66126
2242,george.wright@outlook.com,George Wright,69076 Madison Road Danielberg AR 59046
2243,john.nelson@lewis.info,John Nelson,12410 Sunset Plaza Benjamintown NC 71071-3567
2244,linda.lopez@icloud.com,Linda Lopez,65773 Forest Trail Apt. 419 Bettyborough FL 73656
2245,deborah.cain@wilson.net,Deborah Cain,18219 Shore Plaza Ste. 244 Lake Brian DE 38321
2246,linda.taylor@gmail.com,Linda Taylor,24790 Lake Avenue Ste. 499 Port Brian SC 44219
2247,emily.anderson@martin.org,Emily Anderson,45277 Johnson Ford New Thomas DE 62638-4187
2248,mark.jackson@hotmail.com,Mark Jackson,73972 Adams Pass East Anna OK 74887-2527
2249,brian.miller@icloud.com,Brian Miller,99167 Craig Circle Ste. 753 East Larry GA 71912
2250,michelle.hall@thompson.info,Michelle Hall,38902 Jefferson Circle New Jason KY 49624
2251,stephanie.lee@gmail.com,Stephanie Lee,16624 Highland Road Fort Daniel NY 71639
2252,carol.jackson@gonzalez.com,Carol Jackson,84794 Lake Pass Apt. 591 Kristenstad UT 54878-9512
2253,elizabeth.baker@anderson.info,Elizabeth Baker,74229 Brook Avenue New Larry UT 25085-8276
2254,nancy.lee@harris.net,Nancy Lee,60119 Cook Circle Benjaminville MI 89895-1633
2255,mary.gonzalez@yahoo.com,Mary Gonzalez,33241 Madison Path Ste. 614 East Jason DE 51120-2210
2256,kimberly.green@yahoo.com,Kimberly Green,99047 Walnut Run Williamside OR 50535
2257,donna.miller@hotmail.com,Donna Miller,29503 Fox Pass Apt. 942 New Ronald OK 17505
2258,paul.wilson@ramirez.org,Paul Wilson,23932 Miller Ford Unit 503 Lisabury HI 72762
2259,mary.harris@yahoo.com,Mary Harris,90928 Fox Bypass New Ronald ME 34906
2260,mark.thompson@hotmail.com,Mark Thompson,18103 Adams Pass Ste. 839 Benjaminview KY 58666-5211
2261,nicholas.lee@outlook.com,Nicholas Lee,28610 Johnson Loop Unit 481 North Benjamin NH 01472
2262,edward.nguyen@hotmail.com,Edward Nguyen,62824 Miller Crossing Port William GA 81585
2263,kevin.lewis@miller.biz,Kevin Lewis,40249 River Way Josephfort GA 53566
2264,james.hall@white.org,James Hall,15766 Johnson Shore Apt. 887 Port Kristen MI 51750
2265,lisa.king@yahoo.com,Lisa King,9834 Shore Way Ste. 993 Georgechester SD 09402-9580
2266,william.jones@mitchell.org,William Jones,17602 Valley Drive Karenville MT 03360-2402
2267,donna.wright@wright.net,Donna Wright,68558 Johnson Shore New Andrew NC 95887
2268,sandra.brown@gmail.com,Sandra Brown,62954 Miller Street North Kristen ME 30633-9977
2269,emily.thompson@nguyen.info,Emily Thompson,59477 River Trail Suite 336 Williamton OR 01066-8683
2270,mary.brown@icloud.com,Mary Brown,47563 Fox Lane Suite 153 North Mark NM 22426
2271,amy.flores@icloud.com,Amy Flores,81072 Park Ford Apt. 635 Danielchester SC 80042
2272,michelle.lewis@green.org,Michelle Lewis,83986 Walnut Path Ste. 767 East David GA 51276
2273,carol.hill@taylor.com,Carol Hill,7460 Jefferson Bypass Suite 358 Marybury ME 06157
2274,jason.nelson@williams.com,Jason Nelson,31341 Miller Path Brianview WI 52835
2275,deborah.nelson@white.biz,Deborah Nelson,15201 Brook Shore Fort Kevin CO 61005
2276,george.cain@allen.org,George Cain,80758 Shore Square New Nancy AR 28713
2277,stephanie.lee@yahoo.com,Stephanie Lee,37225 Cook Terrace Unit 339 Port Mary ID 34873
2278,susan.martin@outlook.com,Susan Martin,96652 Cedar Street New Jason VT 68905
2279,edward.johnson@taylor.info,Edward Johnson,88891 Franklin Square Joshuaborough RI 30146
2280,james.anderson@aol.com,James Anderson,54108 Elm Square Fort Joshua VT 27025
2281,edward.king@gmail.com,Edward King,20573 River Circle Unit 631 Danielmouth AL 44902
2282,charles.king@scott.biz,Charles King,63574 Cedar Path Suite 875 Michaeltown UT 34473
2283,andrew.thomas@outlook.com,Andrew Thomas,744 Jefferson Lane Annatown WA 72780
2284,carol.robinson@martinez.net,Carol Robinson,34473 Franklin Bypass Ste. 345 Brianstad MN 19881
2285,helen.martinez@outlook.com,Helen Martinez,81321 Miller Run Danielborough ME 37540
2286,thomas.ramirez@johnson.com,Thomas Ramirez,36490 Craig Street Josephberg NE 01427
2287,kevin.clark@outlook.com,Kevin Clark,43730 Maple Run Ste. 918 New Anna GA 37542
2288,ashley.moore@robinson.biz,Ashley Moore,31872 Franklin Terrace Suite 369 Port Joseph VA 18342
2289,susan.smith@lewis.net,Susan Smith,86244 Highland Plaza Edwardborough IA 14387
2290,michael.hall@icloud.com,Michael Hall,39357 Washington Drive Ste. 984 Briantown CA 71371
2291,michelle.davis@outlook.com,Michelle Davis,46256 Highland Road Annamouth SD 11026-1234
2292,sandra.king@wright.info,Sandra King,70824 Oak Way Unit 714 Davidfort MI 68318
2293,richard.perez@icloud.com,Richard Perez,38956 Pine Square East Linda FL 10964
2294,nicholas.adams@aol.com,Nicholas Adams,50068 Franklin Run Unit 855 Karenhaven PA 94683
2295,timothy.jackson@aol.com,Timothy Jackson,20589 Jefferson Crossing New James CO 88798-3745
2296,jeffrey.hill@outlook.com,Jeffrey Hill,12049 Hill Road Maryview MO 69544
2297,charles.garcia@campbell.info,Charles Garcia,71552 Brook Avenue Unit 191 Fort Joshua MO 04808
2298,linda.carter@outlook.com,Linda Carter,58929 Walnut Court Suite 980 Thomasside TX 71378-4635
2299,jessica.flores@mitchell.org,Jessica Flores,63058 Washington Plaza East Edward NH 66497
2300,deborah.cain@hotmail.com,Deborah Cain,28013 Meadow Square Ste. 224 East Kevin NJ 29917
2301,george.garcia@hotmail.com,George Garcia,58841 Fox Trail Kristenmouth MI 45850
2302,nicholas.sanchez@icloud.com,Nicholas Sanchez,91897 Walnut Run Sarahton ME 14665-8809
2303,kimberly.king@johnson.org,Kimberly King,76617 Highland Trail Ste. 239 Georgeborough MO 80786-5563
2304,paul.adams@taylor.info,Paul Adams,65565 Walnut Road Apt. 639 Andrewside ME 72350
2305,matthew.king@icloud.com,Matthew King,57470 Fox Shore East James UT 81604-6124
2306,emily.torres@thomas.com,Emily Torres,55379 Adams Ford Suite 652 Lindaberg AR 12159-1773
2307,richard.anderson@gmail.com,Richard Anderson,91038 Elm Drive Williamhaven GA 72342-6830
2308,margaret.wright@martin.biz,Margaret Wright,10021 Cook Loop Davidberg IN 60904-4239
2309,daniel.harris@yahoo.com,Daniel Harris,83447 Johnson Pass Ste. 73 Jasonhaven MS 80711
2310,donna.thompson@aol.com,Donna Thompson,87628 Jefferson Terrace Lake Betty OR 49608
2311,joseph.lee@icloud.com,Joseph Lee,31556 Brook Avenue Sarahburgh MD 68363
2312,gary.moore@wright.com,Gary Moore,81923 Ridge Lane Lake Joseph AR 60392
2313,deborah.allen@young.com,Deborah Allen,99623 Maple Way West Betty SD 94030-5904
2314,rebecca.thompson@icloud.com,Rebecca Thompson,38877 Forest Avenue Apt. 42 Paulmouth NM 83663
2315,donna.taylor@gmail.com,Donna Taylor,67325 River Trail Lake Paul KS 23584
2316,patricia.davis@moore.org,Patricia Davis,1359 Park Run Ste. 240 New Mark KY 12829-2450
2317,jeffrey.wright@thompson.com,Jeffrey Wright,46444 Davis Run Suite 725 Fort Betty KY 12605-4877
2318,helen.miller@outlook.com,Helen Miller,1169 Pine Loop West Mary MD 98126
2319,richard.taylor@hall.org,Richard Taylor,62095 Maple Road Ste. 709 Fort Thomas OH 55527-9086
2320,susan.moore@jones.net,Susan Moore,19857 Fox Lane Andrewberg NC 11955
2321,larry.williams@hotmail.com,Larry Williams,73563 Cook Lane Kristenport OH 85505
2322,james.torres@outlook.com,James Torres,39686 Valley Lane Suite 693 Markton NC 21195-4554
2323,william.martin@aol.com,William Martin,95397 Spring Street Apt. 240 Ronaldhaven NY 08056
2324,amy.hall@johnson.info,Amy Hall,11251 Craig Road Williamburgh NC 63801-6260
2325,jeffrey.kirby@icloud.com,Jeffrey Kirby,27093 Hill Shore Karenstad PA 49218
2326,sandra.johnson@aol.com,Sandra Johnson,62326 Shore Terrace Ste. 465 East David VA 86592
2327,richard.johnson@mitchell.com,Richard Johnson,15523 Shore Shore Stevenfort WA 11070-1898
2328,daniel.carter@mitchell.info,Daniel Carter,4160 Sunset Run Maryton NV 53289
2329,joseph.carter@aol.com,Joseph Carter,36922 Shore Path Susanland VA 18947
2330,susan.gonzalez@smith.net,Susan Gonzalez,64738 Cedar Plaza New Mark NY 09611-1795
2331,kimberly.sanchez@yahoo.com,Kimberly Sanchez,28438 Madison Road Susanborough OH 65345-9875
2332,edward.allen@aol.com,Edward Allen,85439 Hill Drive Suite 861 Larrymouth ND 43601
2333,rebecca.baker@hotmail.com,Rebecca Baker,72243 Meadow Court Suite 217 Annaview AK 29150
2334,ashley.davis@anderson.info,Ashley Davis,65060 Spring Loop South Joseph KS 70715-5228
2335,edward.anderson@outlook.com,Edward Anderson,47822 Madison Circle Unit 530 Fort Andrew LA 13879
2336,sandra.carter@gmail.com,Sandra Carter,52571 Walnut Street Unit 912 Fort Daniel MT 05891-6871
2337,paul.jackson@gmail.com,Paul Jackson,14636 Adams Court East Lisa DE 93632
2338,barbara.baker@gmail.com,Barbara Baker,9627 Highland Loop Suite 315 New Edward IL 50158-9460
2339,kevin.davis@icloud.com,Kevin Davis,3001 Meadow Plaza Unit 389 Jasonstad ID 98192
2340,susan.white@hotmail.com,Susan White,30439 Carter Crossing Unit 827 North Ronald UT 36742
2341,daniel.thomas@scott.org,Daniel Thomas,88516 Highland Circle Apt. 8 Williamview TN 19044-3454
2342,richard.allen@aol.com,Richard Allen,61910 Adams Avenue Joshuabury WV 28218
2343,ashley.wilson@icloud.com,Ashley Wilson,7355 Forest Crossing Apt. 265 West Thomas UT 48279-2859
2344,james.lopez@icloud.com,James Lopez,34129 Fox Drive Unit 576 Fort George NJ 05446-7880
2345,elizabeth.walker@lee.biz,Elizabeth Walker,44059 Elm Trail Davidstad ME 81354
2346,margaret.scott@yahoo.com,Margaret Scott,11181 Davis Terrace Lake Larry NC 02016
2347,jennifer.sanchez@campbell.net,Jennifer Sanchez,85081 Johnson Road Ste. 594 Michaelborough PA 25133-2925
2348,jeffrey.sanchez@wright.com,Jeffrey Sanchez,21373 Franklin Court Danielville UT 90589
2349,mary.williams@outlook.com,Mary Williams,73000 Cedar Avenue Stevenborough NH 54088
2350,melissa.campbell@hotmail.com,Melissa Campbell,74323 Madison Loop Unit 178 Ronaldland MA 94537
2351,linda.king@yahoo.com,Linda King,63459 Hill Loop Edwardhaven TX 65479
2352,kimberly.jones@smith.com,Kimberly Jones,54436 Forest Way Ste. 974 Annaville MI 68849
2353,gary.rivera@johnson.biz,Gary Rivera,61539 Cook Square New Daniel WA 76609-7824
2354,jennifer.johnson@outlook.com,Jennifer Johnson,33889 Lincoln Way West Mark NC 32603-8495
2355,nancy.jackson@hotmail.com,Nancy Jackson,64256 Spring Square Kevinborough VA 25212-8911
2356,charles.wright@rivera.info,Charles Wright,60195 Craig Ford Suite 648 South Larry MI 13426-1504
2357,kimberly.davis@harris.info,Kimberly Davis,75040 Oak Path Ste. 422 Josephport NV 48262
2358,rebecca.gonzalez@yahoo.com,Rebecca Gonzalez,74954 Valley Crossing Unit 413 Paulfort FL 15210
2359,anna.carter@icloud.com,Anna Carter,62016 Craig Run New Brian KS 64886
2360,mary.allen@mitchell.info,Mary Allen,93632 Franklin Run Suite 511 Brianton OR 68482-9267
2361,jessica.nguyen@icloud.com,Jessica Nguyen,90744 Franklin Pass Edwardview UT 24068
2362,matthew.smith@moore.org,Matthew Smith,44705 Shore Plaza Ste. 483 North William WY 79391
2363,paul.brown@aol.com,Paul Brown,35679 Carter Pass New Mary MD 44757
2364,timothy.miller@outlook.com,Timothy Miller,23634 Shore Path South Joseph WV 51979
2365,helen.taylor@hotmail.com,Helen Taylor,58204 Walnut Drive Suite 473 Georgestad WY 06140
2366,richard.lee@aol.com,Richard Lee,45035 River Avenue Ste. 763 West Joseph MI 93810
2367,steven.mitchell@torres.net,Steven Mitchell,8206 Ridge Road Ste. 615 Marymouth NY 57947-5224
2368,michael.miller@hotmail.com,Michael Miller,91477 Shore Lane Jamesbury FL 29719
2369,elizabeth.martinez@aol.com,Elizabeth Martinez,27349 Cedar Ford Apt. 735 New Benjamin OH 91823
2370,linda.green@gmail.com,Linda Green,26892 Johnson Shore Apt. 239 Maryburgh SD 83148
2371,stephanie.young@hotmail.com,Stephanie Young,48221 Shore Bypass Ste. 913 Jasonfurt LA 61914-2655
2372,emily.allen@green.org,Emily Allen,98763 Elm Pass Susanport AK 86530
2373,charles.thompson@perez.org,Charles Thompson,39742 River Street Apt. 475 Larryview ME 04947
2374,amanda.miller@ramirez.com,Amanda Miller,84994 Franklin Square Karenmouth ND 73888-1622
2375,richard.nguyen@aol.com,Richard Nguyen,61539 Spring Road Unit 24 West Betty NC 50038
2376,jeffrey.nelson@hotmail.com,Jeffrey Nelson,47653 Pine Shore Suite 406 Port Steven TX 05826
2377,betty.wilson@walker.info,Betty Wilson,61839 Pine Trail Lisaview KS 19654
2378,matthew.rivera@rivera.net,Matthew Rivera,30392 Meadow Lane Ste. 391 West Linda MN 75184
2379,susan.nelson@yahoo.com,Susan Nelson,75172 Highland Drive Lake Jason RI 38883-6699
2380,daniel.campbell@hotmail.com,Daniel Campbell,57179 Valley Road Suite 526 New Kristen GA 97774
2381,joseph.adams@outlook.com,Joseph Adams,26841 Brook Way Apt. 360 Paulbury IN 95347
2382,elizabeth.davis@gonzalez.org,Elizabeth Davis,66290 Johnson Court Williamview TX 52306-2573
2383,emily.jones@gmail.com,Emily Jones,39731 Franklin Way Joshuabury IN 98764-6071
2384,sarah.mitchell@aol.com,Sarah Mitchell,74944 Sunset Pass Stevenstad CO 64483
2385,jason.smith@hill.net,Jason Smith,78673 Sunset Pass Ste. 300 Kevinchester SD 74299-5678
2386,matthew.mitchell@yahoo.com,Matthew Mitchell,93917 Adams Circle Unit 262 Brianberg VT 31645
2387,deborah.wright@campbell.org,Deborah Wright,17240 Fox Plaza Unit 941 Lisaberg NH 72083
2388,sarah.campbell@gmail.com,Sarah Campbell,77880 Washington Crossing Unit 364 Port Nancy MA 82129-1664
2389,lisa.davis@smith.com,Lisa Davis,31523 Cook Square Georgehaven LA 52548
2390,brian.davis@yahoo.com,Brian Davis,39181 Walnut Terrace Ste. 610 West Larry CT 90919
2391,larry.anderson@gmail.com,Larry Anderson,769 Cook Road Unit 430 Susanview AL 40276
2392,mary.gonzalez@hotmail.com,Mary Gonzalez,57941 Adams Crossing Suite 673 Williamview CO 25413-6538
2393,larry.mitchell@aol.com,Larry Mitchell,89304 Shore Plaza Thomasfort VA 93000-1727
2394,larry.jackson@aol.com,Larry Jackson,79028 Walnut Road Apt. 866 Andrewhaven AL 14161
2395,paul.martin@gmail.com,Paul Martin,3496 Hill Run Ste. 198 Benjaminburgh AK 09988-5821
2396,stephanie.perez@brown.biz,Stephanie Perez,12242 Valley Loop Suite 613 West Mary MT 82981
2397,nancy.cain@lee.net,Nancy Cain,75543 Cedar Run Ste. 546 Port Brian TX 65547-1127
2398,andrew.carter@hill.com,Andrew Carter,78408 Spring Lane Edwardport VA 48925-2661
2399,kevin.clark@aol.com,Kevin Clark,28936 Spring Avenue Apt. 287 Larrymouth AZ 74732
2400,laura.carter@cain.net,Laura Carter,28044 Davis Bypass Lake Nancy OK 46712
2401,amanda.ramirez@gmail.com,Amanda Ramirez,51042 Shore Street Apt. 927 East Joshua AZ 86153-1975
2402,anthony.torres@thompson.net,Anthony Torres,56372 Forest Pass West Lisa NV 07300
2403,james.king@gmail.com,James King,87554 Lake Drive Bettyland IL 08770-6851
2404,emily.campbell@outlook.com,Emily Campbell,76227 Lake Ford Apt. 227 North George TX 45675
2405,kimberly.adams@baker.biz,Kimberly Adams,13922 Fox Run Markhaven OK 07344
2406,matthew.kirby@gmail.com,Matthew Kirby,8633 River Ford Benjaminfort DE 54077
2407,deborah.brown@wright.net,Deborah Brown,33283 Lincoln Circle Andrewville VT 81109
2408,john.taylor@aol.com,John Taylor,31044 Adams Circle Lake Benjamin MT 02514
2409,stephanie.campbell@aol.com,Stephanie Campbell,4652 Highland Avenue Lake Susan NV 78872
2410,carol.hill@perez.biz,Carol Hill,85802 Cook Pass Unit 81 New Michael SC 48066
2411,laura.green@outlook.com,Laura Green,23580 Forest Road Michaelbury MT 99664
2412,patricia.nguyen@lopez.net,Patricia Nguyen,12647 Shore Trail Ste. 127 North Paul VA 50194
2413,daniel.torres@garcia.info,Daniel Torres,17070 Johnson Way Ste. 397 Port Thomas AL 25856
2414,ashley.garcia@outlook.com,Ashley Garcia,71978 Highland Pass Lake Susan HI 66226
2415,jeffrey.nelson@yahoo.com,Jeffrey Nelson,8345 Valley Pass East Linda GA 36850-4327
2416,karen.miller@icloud.com,Karen Miller,51254 Cook Shore Nancyshire RI 52180
2417,donald.martinez@gmail.com,Donald Martinez,44596 River Shore Ronaldland MI 27111
2418,william.rivera@hotmail.com,William Rivera,48788 Highland Shore Apt. 296 Jamesmouth FL 96106
2419,jennifer.carter@miller.biz,Jennifer Carter,35603 Lincoln Drive Karenville LA 05059
2420,andrew.walker@hotmail.com,Andrew Walker,91151 Sunset Crossing East Andrew MD 06915
2421,john.jones@aol.com,John Jones,19403 Walnut Bypass Suite 515 New Kristen UT 75299
2422,laura.jackson@outlook.com,Laura Jackson,45163 Miller Square Thomasberg UT 44580
2423,steven.ramirez@carter.org,Steven Ramirez,16811 Highland Road East Mary WV 65748
2424,linda.martin@icloud.com,Linda Martin,24437 Lake Plaza Suite 70 Nancyport WI 25453
2425,karen.cain@taylor.org,Karen Cain,48009 Walnut Loop Fort Larry AL 35340
2426,steven.clark@outlook.com,Steven Clark,92976 Cook Loop Ste. 307 Fort William WA 88179-8743
2427,daniel.gonzalez@yahoo.com,Daniel Gonzalez,94050 Brook Loop Apt. 106 East Susan FL 13488
2428,larry.robinson@hall.net,Larry Robinson,33775 Lincoln Drive Suite 16 Williamstad ME 47592-7257
2429,amy.jackson@outlook.com,Amy Jackson,40979 Adams Road Ste. 100 Paulchester IA 30764
2430,gary.thomas@ramirez.com,Gary Thomas,81655 Franklin Path Suite 26 Joshuaberg SD 40655-5940
2431,kevin.nguyen@icloud.com,Kevin Nguyen,93349 Ridge Loop Joshuafort ND 67399-8801
2432,paul.harris@icloud.com,Paul Harris,17248 Elm Terrace North Mary NJ 58292
2433,richard.young@hotmail.com,Richard Young,76563 Cook Road Apt. 172 Lake Karen OK 06368
2434,donald.carter@yahoo.com,Donald Carter,89984 Elm Trail Ronaldfort IN 52949
2435,sarah.lewis@outlook.com,Sarah Lewis,33633 Craig Crossing Ste. 395 Lake Susan AL 01489
2436,donald.white@garcia.com,Donald White,72140 River Street East Anna PA 28856
2437,paul.sanchez@king.com,Paul Sanchez,63114 Lincoln Crossing Unit 726 Bettyberg IL 02454
2438,ronald.carter@aol.com,Ronald Carter,56577 Hill Ford Port Kristen LA 72182
2439,richard.brown@hotmail.com,Richard Brown,85746 Lincoln Road Joshuastad PA 74717-9533
2440,george.jackson@clark.org,George Jackson,12955 River Court Suite 894 South Sarah OK 90418-1310
2441,sarah.wright@wilson.info,Sarah Wright,33185 Cedar Bypass Markchester MS 97745
2442,kimberly.flores@scott.org,Kimberly Flores,21978 Maple Path Apt. 944 Port Mary VT 52626
2443,sandra.martinez@outlook.com,Sandra Martinez,56155 Carter Pass Apt. 370 Thomasville IN 41448-5208
2444,kevin.johnson@yahoo.com,Kevin Johnson,72897 Fox Loop Larryview NY 18075-1212
2445,carol.walker@jones.org,Carol Walker,3713 Cook Street Apt. 625 North Nancy AL 41346-4257
2446,mark.taylor@yahoo.com,Mark Taylor,99471 Maple Court Williamfurt WA 69757
2447,john.white@taylor.info,John White,92379 Fox Trail Paulville MI 64072-1438
2448,anthony.lewis@scott.info,Anthony Lewis,60627 Walnut Way Suite 599 Annaton ID 26384
2449,margaret.jackson@yahoo.com,Margaret Jackson,7588 Valley Square Sarahside LA 48588
2450,steven.brown@mitchell.org,Steven Brown,47536 Johnson Path Ste. 479 West Paul MI 41403
2451,john.lewis@gonzalez.com,John Lewis,95803 Highland Shore Nancyborough NE 67635
2452,andrew.green@sanchez.net,Andrew Green,4678 Meadow Path Unit 513 Fort Edward PA 39449
2453,edward.lopez@sanchez.org,Edward Lopez,35691 Carter Ford Apt. 154 Fort Paul NV 46960
2454,stephanie.taylor@allen.info,Stephanie Taylor,86059 Brook Way Stevenstad NH 98593-6793
2455,rebecca.flores@anderson.org,Rebecca Flores,58211 Lincoln Plaza Josephstad AK 48781-9112
2456,david.nguyen@wright.org,David Nguyen,89127 Shore Plaza Karenborough AK 32067
2457,jeffrey.perez@gmail.com,Jeffrey Perez,63281 Craig Terrace Apt. 204 Davidhaven PA 25705-2980
2458,susan.sanchez@jackson.biz,Susan Sanchez,5722 Adams Shore Ste. 215 North William MN 01171
2459,anthony.gonzalez@icloud.com,Anthony Gonzalez,33859 Fox Plaza Apt. 418 South Edward OH 60238
2460,margaret.gonzalez@hotmail.com,Margaret Gonzalez,51816 Miller Court Port Edward NV 98722-4578
2461,ryan.garcia@lopez.biz,Ryan Garcia,81276 Davis Court Apt. 802 North George CA 07995
2462,joseph.martinez@clark.net,Joseph Martinez,63399 Elm Path Ste. 307 Karenbury NM 75158
2463,william.allen@yahoo.com,William Allen,2947 Franklin Bypass Apt. 911 Lake Karen VA 63004
2464,barbara.lee@hotmail.com,Barbara Lee,87745 Park Circle Ste. 30 Edwardfort NM 44793
2465,steven.smith@icloud.com,Steven Smith,91797 Elm Lane Port Jason CT 29628
2466,michael.lopez@hotmail.com,Michael Lopez,47799 Madison Street Jasonland NY 54900
2467,donald.carter@icloud.com,Donald Carter,66294 Craig Pass Stevenhaven TN 48627-1490
2468,jeffrey.clark@outlook.com,Jeffrey Clark,4794 Miller Square Unit 452 Karenfort IL 02393-9479
2469,rebecca.carter@yahoo.com,Rebecca Carter,56835 Meadow Trail North Ronald KY 82289-4026
2470,paul.smith@lopez.net,Paul Smith,59303 Washington Way West Thomas NY 98544
2471,melissa.hill@hotmail.com,Melissa Hill,34321 Adams Ford Ronaldborough WV 78021-4275
2472,elizabeth.flores@icloud.com,Elizabeth Flores,48825 Franklin Shore Josephview SC 82919
2473,jennifer.campbell@yahoo.com,Jennifer Campbell,85162 Cook Avenue Bettyhaven MO 26668-3705
2474,nicholas.anderson@outlook.com,Nicholas Anderson,46319 Lincoln Shore West Brian MN 37068
2475,rebecca.smith@nelson.info,Rebecca Smith,27425 Hill Shore Unit 221 Lake Benjamin AK 39300-2284
2476,george.king@gmail.com,George King,99460 Brook Square Suite 309 Annaton OR 32131
2477,mary.perez@hotmail.com,Mary Perez,93006 Johnson Road Fort Betty NH 27813
2478,ashley.campbell@icloud.com,Ashley Campbell,43289 Forest Drive West Lisa HI 64703-4076
2479,timothy.young@clark.org,Timothy Young,17336 Ridge Street Lake David TN 62215
2480,deborah.allen@adams.net,Deborah Allen,44211 Meadow Run Suite 960 Markview WA 96252
2481,donna.lee@taylor.biz,Donna Lee,59538 Brook Street North Nancy OK 37926
2482,jennifer.hall@campbell.net,Jennifer Hall,67001 Lake Court Unit 43 Lake Benjamin NH 55129
2483,nancy.perez@nguyen.com,Nancy Perez,48369 Meadow Square Nancymouth TX 20994
2484,deborah.lee@outlook.com,Deborah Lee,82358 Carter Pass Apt. 379 West Joseph IN 68412
2485,ryan.moore@anderson.info,Ryan Moore,78236 Davis Path Ste. 64 Edwardborough MS 79622
2486,kimberly.jackson@icloud.com,Kimberly Jackson,54633 Miller Court Annaview NV 18376-6585
2487,jason.sanchez@walker.net,Jason Sanchez,20290 Meadow Terrace New Jason HI 60035
2488,thomas.hill@kirby.info,Thomas Hill,39569 Elm Avenue Danielmouth UT 64265
2489,william.johnson@thompson.net,William Johnson,90989 Sunset Court Suite 58 Lake Linda OK 32543
2490,matthew.perez@lee.org,Matthew Perez,57134 Park Street Apt. 209 Fort Andrew WI 55344
2491,mary.wright@hill.org,Mary Wright,99534 Craig Trail Williamfurt NC 55706
2492,mary.moore@outlook.com,Mary Moore,11738 Valley Plaza Kevinside CO 83017
2493,betty.torres@outlook.com,Betty Torres,72974 Brook Ford Jamesville TX 90125
2494,ashley.scott@allen.biz,Ashley Scott,71707 Ridge Shore Lake Brian WI 73334-2282
2495,patricia.brown@yahoo.com,Patricia Brown,22803 Cook Lane Suite 34 Maryland VA 29460
2496,margaret.anderson@gmail.com,Margaret Anderson,24340 Craig Drive Nancyside TN 09229
2497,donna.gonzalez@hotmail.com,Donna Gonzalez,59055 Cedar Circle South Joshua LA 18709
2498,andrew.wilson@icloud.com,Andrew Wilson,12251 Park Trail Ste. 446 North Joseph WA 55136
2499,ryan.kirby@icloud.com,Ryan Kirby,73343 Sunset Lane Thomasview KS 58978
2500,michelle.martin@icloud.com,Michelle Martin,90940 Davis Crossing East Michael MO 70006
2501,patricia.jackson@taylor.info,Patricia Jackson,80035 Spring Run West Brian MA 44290
2502,lisa.jackson@lopez.biz,Lisa Jackson,36688 Craig Avenue Markfurt OK 75101
2503,jessica.carter@white.info,Jessica Carter,54927 Maple Street Georgemouth OR 20122-3234
2504,jessica.white@yahoo.com,Jessica White,24445 Oak Drive Apt. 498 Kevinstad AR 51699
2505,james.gonzalez@outlook.com,James Gonzalez,39526 Forest Pass North Brian MI 43973
2506,carol.martin@ramirez.info,Carol Martin,85523 Valley Crossing Benjaminton MN 45213-3158
2507,nicholas.harris@robinson.info,Nicholas Harris,34327 Lincoln Path Ste. 938 Fort Kristen MS 54881-8117
2508,matthew.lopez@taylor.com,Matthew Lopez,5645 Oak Trail Ste. 454 West Edward MS 18994-6337
2509,patricia.flores@aol.com,Patricia Flores,69264 Ridge Shore West James IA 42497
2510,kimberly.martin@gmail.com,Kimberly Martin,82139 Lincoln Road Andrewfort NM 56484
2511,barbara.martinez@adams.biz,Barbara Martinez,90780 Oak Court Apt. 562 Port Kristen WV 67244
2512,james.campbell@cain.net,James Campbell,47761 River Avenue Davidbury TN 39728
2513,deborah.sanchez@aol.com,Deborah Sanchez,2843 Meadow Avenue Apt. 360 Thomasburgh DE 39001-9254
2514,jeffrey.lopez@gmail.com,Jeffrey Lopez,82349 Davis Pass Davidburgh IA 06262
2515,anna.nguyen@garcia.net,Anna Nguyen,52719 Miller Trail Apt. 843 North Sarah KS 21315-5027
2516,patricia.hill@hotmail.com,Patricia Hill,32725 Pine Lane Ste. 360 New Larry IA 27377
2517,helen.sanchez@lee.biz,Helen Sanchez,3005 Highland Avenue Unit 340 Port Sarah FL 08096
2518,lisa.flores@campbell.net,Lisa Flores,18970 Miller Plaza Suite 911 Ronaldview OK 64888-1044
2519,daniel.lewis@carter.net,Daniel Lewis,23408 Pine Square Ste. 465 Bettyberg ID 32578
2520,jason.lopez@yahoo.com,Jason Lopez,99746 Walnut Shore North Joshua PA 92863
2521,patricia.sanchez@gmail.com,Patricia Sanchez,58081 Jefferson Road Suite 724 Kristenmouth LA 24152
2522,thomas.sanchez@lee.org,Thomas Sanchez,96990 Elm Run Suite 312 West Linda VA 40948
2523,larry.carter@gmail.com,Larry Carter,79633 Walnut Road Unit 741 Port Mary WI 32210-8896
2524,amanda.carter@hotmail.com,Amanda Carter,25463 Miller Ford Unit 123 North James NH 59847-3403
2525,john.lewis@icloud.com,John Lewis,35431 Johnson Ford Apt. 350 Edwardside OK 90123
2526,richard.gonzalez@flores.biz,Richard Gonzalez,97728 Davis Bypass Unit 390 Sarahhaven RI 59254
2527,matthew.nguyen@icloud.com,Matthew Nguyen,31131 Washington Shore New Paul MN 95517
2528,jeffrey.torres@outlook.com,Jeffrey Torres,79605 Sunset Drive South Ronald MO 38686
2529,joseph.allen@taylor.org,Joseph Allen,5757 Brook Terrace Michaelchester GA 97999
2530,william.thompson@icloud.com,William Thompson,65303 Brook Terrace Unit 402 New Daniel OH 85938
2531,linda.green@martinez.info,Linda Green,14604 Hill Circle Apt. 955 Paulhaven WV 09500-8145
2532,paul.kirby@kirby.biz,Paul Kirby,28972 Franklin Shore North Edward OR 01457
2533,james.green@gmail.com,James Green,25830 Lake Pass Nancyfurt MN 88598
2534,ashley.lewis@outlook.com,Ashley Lewis,65080 Oak Bypass Ste. 138 Nancymouth CT 14786
2535,margaret.green@campbell.biz,Margaret Green,52690 Madison Circle Ste. 461 Lake Betty MS 52163
2536,joshua.nelson@aol.com,Joshua Nelson,22020 River Ford Suite 995 Port James WA 75571
2537,george.lewis@rivera.biz,George Lewis,87946 Park Terrace Ste. 366 Fort Joshua LA 95696
2538,brian.robinson@aol.com,Brian Robinson,15913 Lake Street Ste. 269 Michaeltown NH 80588-6457
2539,michelle.wright@aol.com,Michelle Wright,30927 Valley Way Kevinburgh ID 46962-1591
2540,rebecca.williams@smith.info,Rebecca Williams,33414 Franklin Run Ste. 830 West Mark NE 77712
2541,barbara.thompson@gmail.com,Barbara Thompson,28003 Maple Drive South Kristen MA 85068
2542,michael.young@rivera.info,Michael Young,49109 Walnut Drive Unit 183 East Kristen FL 79410
2543,deborah.wright@taylor.info,Deborah Wright,66183 Elm Street Apt. 413 Paulberg ME 98780
2544,donald.wilson@yahoo.com,Donald Wilson,16816 Lake Run Ste. 661 Port Linda AL 33020
2545,jessica.nelson@ramirez.org,Jessica Nelson,99457 Oak Plaza Ste. 710 Joshuatown WY 74733-5925
2546,barbara.johnson@adams.org,Barbara Johnson,27845 Madison Plaza Apt. 515 Williamville VT 44309
2547,larry.torres@outlook.com,Larry Torres,20799 Oak Path Suite 751 Susanchester NH 85364
2548,mark.martinez@taylor.com,Mark Martinez,26244 Cedar Circle Brianbury AL 69269
2549,daniel.kirby@hotmail.com,Daniel Kirby,29962 Adams Court West Benjamin MD 20124
2550,deborah.campbell@hotmail.com,Deborah Campbell,81657 Sunset Terrace Apt. 118 Benjaminburgh ND 10306
2551,gary.flores@hill.biz,Gary Flores,84182 Elm Road Edwardland MS 59759
2552,daniel.gonzalez@aol.com,Daniel Gonzalez,83220 Maple Street Ste. 39 Michaelbury MS 52854-2515
2553,laura.sanchez@icloud.com,Laura Sanchez,21251 Brook Lane Unit 931 Port Larry AL 24313
2554,rebecca.wilson@hotmail.com,Rebecca Wilson,51137 Hill Avenue Benjamintown CO 99402
2555,george.moore@outlook.com,George Moore,50303 Oak Path Karentown UT 07499
2556,mary.sanchez@yahoo.com,Mary Sanchez,74900 Maple Ford Unit 111 Lake Joseph CA 35047
2557,melissa.williams@carter.com,Melissa Williams,21786 Jefferson Street Ste. 69 New Ronald RI 45228
2558,george.williams@hotmail.com,George Williams,35464 Elm Road Apt. 446 New Joseph ND 45635
2559,kevin.johnson@outlook.com,Kevin Johnson,91410 Forest Loop Suite 683 Fort Lisa HI 75163-6393
2560,elizabeth.campbell@torres.com,Elizabeth Campbell,22406 Pine Run Annashire HI 75767
2561,kevin.thomas@hotmail.com,Kevin Thomas,14538 Jefferson Shore Lake Andrew VA 53005
2562,emily.lopez@hotmail.com,Emily Lopez,22173 Highland Plaza Suite 849 New Anna NH 40579
2563,linda.smith@young.org,Linda Smith,92091 Madison Circle Nancyhaven MT 48708
2564,andrew.johnson@miller.info,Andrew Johnson,24560 Elm Drive Lake Betty CT 55570
2565,jessica.baker@jones.org,Jessica Baker,25185 River Street West Anna IL 09078
2566,gary.garcia@hotmail.com,Gary Garcia,52875 Hill Drive Unit 957 Benjaminmouth GA 96227
2567,nicholas.taylor@outlook.com,Nicholas Taylor,62570 Pine Drive East Linda KS 34179-9796
2568,margaret.ramirez@ramirez.info,Margaret Ramirez,50545 Fox Trail Joshuaberg TN 84162
2569,george.torres@walker.info,George Torres,92942 Shore Pass Ste. 499 Williamton NH 86234
2570,jason.moore@smith.net,Jason Moore,31701 Spring Ford West Benjamin VT 89239
2571,timothy.nguyen@walker.com,Timothy Nguyen,37279 Miller Avenue Apt. 443 West Thomas WV 88349
2572,emily.adams@yahoo.com,Emily Adams,63721 Franklin Drive East James OK 87188-3773
2573,jason.young@outlook.com,Jason Young,85048 Sunset Lane Port Nancy AK 63666
2574,melissa.cain@icloud.com,Melissa Cain,30541 Ridge Crossing Lake Mark KS 10276
2575,ronald.clark@torres.com,Ronald Clark,88503 Pine Road Unit 725 New David AL 62509
2576,michelle.carter@hotmail.com,Michelle Carter,903 Madison Run Ste. 203 Sarahhaven NC 55545
2577,mark.garcia@anderson.biz,Mark Garcia,1605 Forest Run Unit 566 Lake Karen WV 23454-7074
2578,emily.lee@yahoo.com,Emily Lee,24863 Cook Plaza West Mark NE 28285
2579,matthew.jones@hall.net,Matthew Jones,3496 Highland Pass Suite 689 Port James MT 47593
2580,anna.lee@taylor.net,Anna Lee,64487 Washington Pass Josephland KY 18604
2581,edward.walker@lewis.net,Edward Walker,93078 Sunset Lane Suite 144 Sarahville ND 82538
2582,joshua.mitchell@hotmail.com,Joshua Mitchell,88540 Johnson Plaza Annaville HI 58833
2583,emily.clark@outlook.com,Emily Clark,28602 Maple Bypass Apt. 245 Annafurt OH 67043
2584,susan.smith@rivera.org,Susan Smith,76313 Lincoln Shore Suite 522 Jamesview MD 72714
2585,amanda.williams@cain.com,Amanda Williams,8976 River Trail Unit 25 Sarahton FL 68868-7924
2586,james.clark@robinson.biz,James Clark,58507 Sunset Lane Fort Edward AL 28475
2587,joseph.thomas@hotmail.com,Joseph Thomas,87170 Carter Court Apt. 315 West Kristen NE 48346-1737
2588,stephanie.kirby@outlook.com,Stephanie Kirby,354 Maple Shore West James MI 49023
2589,melissa.lewis@yahoo.com,Melissa Lewis,6302 Davis Avenue South Betty MN 56477
2590,edward.lewis@gmail.com,Edward Lewis,64210 Brook Bypass Bettyport PA 73655
2591,kimberly.lewis@outlook.com,Kimberly Lewis,96510 Johnson Terrace Fort Sarah TX 11021-4491
2592,kevin.king@aol.com,Kevin King,29356 Miller Lane Ste. 231 Lake Anna PA 34149
2593,melissa.young@aol.com,Melissa Young,11174 Miller Drive Suite 511 Markhaven WY 41854
2594,larry.anderson@brown.org,Larry Anderson,63599 Forest Square Apt. 929 Kevinport SD 43636-7411
2595,ronald.garcia@hotmail.com,Ronald Garcia,40164 Sunset Drive Lake Karen AK 54815-6144
2596,ryan.sanchez@carter.com,Ryan Sanchez,7249 Miller Bypass North Larry AR 91018
2597,matthew.nelson@rivera.org,Matthew Nelson,99159 Walnut Plaza Suite 461 Jasonfort VA 78788
2598,betty.lewis@young.biz,Betty Lewis,70622 Hill Avenue Kevinton WV 06072
2599,michael.nelson@thomas.net,Michael Nelson,99203 Madison Pass West Brian ID 39672
2600,edward.ramirez@outlook.com,Edward Ramirez,70540 Craig Court Suite 976 Michaelport NV 54589
2601,ashley.sanchez@hotmail.com,Ashley Sanchez,19621 Franklin Avenue Fort Kristen VT 34916
2602,mark.robinson@gmail.com,Mark Robinson,15497 Miller Crossing East Linda NJ 07161
2603,george.moore@gmail.com,George Moore,60862 Washington Avenue Ste. 676 Fort Paul KY 79737
2604,carol.smith@flores.net,Carol Smith,34281 Walnut Square Sarahfort PA 76158-7618
2605,rebecca.scott@outlook.com,Rebecca Scott,3027 Jefferson Square Apt. 61 Port Kevin ME 33120-2371
2606,jeffrey.taylor@baker.info,Jeffrey Taylor,48804 Cedar Square Lake Betty CO 63210-5026
2607,jessica.anderson@lewis.org,Jessica Anderson,26027 River Terrace Danielshire AK 91285
2608,anthony.garcia@icloud.com,Anthony Garcia,88148 River Road Unit 265 West Anna PA 04541
2609,joseph.white@gmail.com,Joseph White,32585 Shore Run Suite 370 Larryville UT 41539-7944
2610,jason.ramirez@anderson.org,Jason Ramirez,26336 Lincoln Avenue Ste. 123 Port Anna UT 41982
2611,donna.scott@jackson.org,Donna Scott,96380 River Circle North Edward MI 42233-6189
2612,andrew.miller@yahoo.com,Andrew Miller,94450 Valley Ford North Kristen ID 26100-6690
2613,kimberly.thompson@hotmail.com,Kimberly Thompson,67100 Oak Road Stevenborough TN 23465
2614,joseph.lee@outlook.com,Joseph Lee,41538 Cook Pass Markbury IN 48279-5828
2615,nicholas.garcia@hotmail.com,Nicholas Garcia,92341 Davis Pass Unit 293 Karenhaven KY 77978-6015
2616,margaret.moore@smith.info,Margaret Moore,1241 Brook Run Josephhaven MD 72609
2617,melissa.adams@hotmail.com,Melissa Adams,27348 Carter Crossing Georgeport MN 86404
2618,michelle.white@gmail.com,Michelle White,18412 Elm Shore Fort Larry MS 34198
2619,matthew.rivera@outlook.com,Matthew Rivera,5804 Pine Circle Apt. 145 Joshuastad NJ 05073
2620,linda.harris@thompson.net,Linda Harris,92723 Davis Trail Ste. 793 East David AR 86076
2621,melissa.nelson@carter.biz,Melissa Nelson,39047 Washington Path Karenmouth NJ 73982
2622,linda.nelson@clark.net,Linda Nelson,65554 Lincoln Run Unit 345 Michaelchester VA 82681
2623,betty.rivera@gmail.com,Betty Rivera,22814 Johnson Road North Paul WA 87343
2624,donald.rivera@yahoo.com,Donald Rivera,17496 River Court South Susan TX 17953
2625,john.lewis@hotmail.com,John Lewis,93225 Fox Court Port Linda TX 49048-3676
2626,kimberly.white@gmail.com,Kimberly White,16191 Fox Terrace Apt. 725 Josephport VA 80049-8812
2627,deborah.green@icloud.com,Deborah Green,44469 Ridge Lane Andrewmouth NH 56050
2628,jason.thomas@aol.com,Jason Thomas,27650 Forest Court Apt. 840 Ronaldbury IL 96867
2629,amanda.ramirez@yahoo.com,Amanda Ramirez,79780 Highland Run Unit 123 East Susan AL 65188
2630,david.johnson@icloud.com,David Johnson,82235 Lincoln Square Ste. 995 Georgeborough IN 66105-6840
2631,steven.anderson@gmail.com,Steven Anderson,46774 Park Shore Williamport NJ 30095-6920
2632,mary.robinson@wilson.info,Mary Robinson,58989 Walnut Street Marystad CO 98265
2633,karen.smith@carter.com,Karen Smith,89800 Miller Terrace Andrewfurt ND 20579
2634,amanda.kirby@gmail.com,Amanda Kirby,61975 River Lane Ste. 88 Kevinburgh ND 77591
2635,jessica.perez@aol.com,Jessica Perez,84402 Forest Run Suite 135 West George MA 82353
2636,helen.hill@outlook.com,Helen Hill,46077 Elm Crossing Suite 203 New George OK 69914
2637,jason.clark@nguyen.org,Jason Clark,8886 Miller Plaza Unit 125 Jasonfurt AR 59156
2638,andrew.clark@hotmail.com,Andrew Clark,67690 Carter Plaza Unit 973 Markborough OR 99704-6492
2639,larry.moore@ramirez.com,Larry Moore,32619 Shore Circle Josephbury ID 66759
2640,karen.brown@gmail.com,Karen Brown,37853 Lake Ford Apt. 667 Kevinborough AZ 90388
2641,thomas.harris@outlook.com,Thomas Harris,50702 Lincoln Road Maryshire CT 56803
2642,nicholas.hall@white.info,Nicholas Hall,33708 Cook Crossing Paulview OR 67944
2643,laura.baker@thompson.biz,Laura Baker,41343 Johnson Court Williamton MT 85623
2644,margaret.lewis@clark.org,Margaret Lewis,12112 Johnson Path Ste. 551 Lindaberg NJ 62958-3623
2645,jessica.scott@gmail.com,Jessica Scott,56613 Adams Terrace Josephstad KS 58480
2646,jessica.ramirez@gmail.com,Jessica Ramirez,63338 Sunset Way Ste. 383 East Thomas VT 78265-1822
2647,rebecca.carter@wilson.com,Rebecca Carter,61654 Spring Plaza Lake Susan NM 25194
2648,linda.anderson@aol.com,Linda Anderson,44849 Miller Square West David IA 19594
2649,elizabeth.lee@white.net,Elizabeth Lee,1005 Craig Plaza Maryview TN 80396-4367
2650,joseph.lopez@thomas.net,Joseph Lopez,32329 Shore Plaza Lake Thomas WA 71268-8271
2651,laura.rivera@kirby.info,Laura Rivera,5802 Franklin Ford Unit 962 North Brian KS 33443
2652,larry.smith@rivera.biz,Larry Smith,10499 Carter Trail Port Lisa NH 11806
2653,brian.white@icloud.com,Brian White,60187 Franklin Lane Ronaldtown VA 65198
2654,rebecca.carter@taylor.org,Rebecca Carter,65844 Franklin Circle Apt. 298 Joshuatown MD 09790-9012
2655,paul.thompson@flores.net,Paul Thompson,32958 Cedar Path Port Mary VA 34847
2656,elizabeth.williams@garcia.com,Elizabeth Williams,93653 Walnut Run Nancyside DE 42162
2657,joseph.carter@gmail.com,Joseph Carter,27837 Lake Shore Unit 971 Jasonchester NE 60425
2658,steven.johnson@icloud.com,Steven Johnson,34954 Elm Crossing New Michael MA 55747
2659,rebecca.wilson@gmail.com,Rebecca Wilson,52773 Madison Terrace Ste. 504 Georgebury WI 53363
2660,jeffrey.robinson@white.info,Jeffrey Robinson,33091 Davis Way Unit 129 Lake Edward TN 19307
2661,sarah.lee@martinez.net,Sarah Lee,64457 Valley Ford Ste. 542 Fort Joseph NJ 48263-5519
2662,linda.davis@gmail.com,Linda Davis,90138 Valley Ford Apt. 610 Sarahland TN 69968
2663,carol.thomas@outlook.com,Carol Thomas,62877 Lake Trail Ste. 208 Jamesside CO 34678-4178
2664,patricia.king@scott.com,Patricia King,31795 Fox Bypass Suite 821 Karenfurt MT 47352-9712
2665,daniel.lee@hotmail.com,Daniel Lee,48797 Lake Trail Ste. 107 North Mary NE 80772
2666,thomas.perez@aol.com,Thomas Perez,27772 Forest Bypass Ronaldport IL 86218
2667,amanda.williams@lee.org,Amanda Williams,52190 Franklin Path Apt. 673 Brianport VA 76388
2668,gary.campbell@icloud.com,Gary Campbell,32912 Maple Crossing Lindahaven AZ 91767-2816
2669,deborah.campbell@hotmail.com,Deborah Campbell,55749 Madison Pass Apt. 607 North Joseph NV 69840
2670,rebecca.jones@aol.com,Rebecca Jones,60075 Sunset Circle Suite 93 Benjaminmouth TN 65808
2671,kevin.mitchell@aol.com,Kevin Mitchell,41100 Lake Shore Ste. 163 East Anna WY 48884
2672,joshua.cain@perez.info,Joshua Cain,22581 Madison Court Apt. 155 Port Linda NV 54481-4863
2673,kevin.gonzalez@perez.net,Kevin Gonzalez,68509 River Trail Apt. 393 South Paul OH 12972
2674,anna.anderson@outlook.com,Anna Anderson,41240 Forest Path Williamstad HI 09033-5638
2675,ashley.jackson@hotmail.com,Ashley Jackson,6557 Carter Court Apt. 756 Larryfort AR 77579
2676,gary.scott@lewis.net,Gary Scott,18412 Lincoln Court Apt. 89 New Sarah NM 13608
2677,elizabeth.anderson@baker.com,Elizabeth Anderson,17036 Carter Pass Port David MI 34718
2678,james.ramirez@hotmail.com,James Ramirez,62466 Walnut Plaza Suite 296 West Larry MO 54252
2679,karen.nelson@yahoo.com,Karen Nelson,75741 Lake Path Ste. 725 East William MN 08716
2680,john.gonzalez@wilson.com,John Gonzalez,74731 Oak Circle Unit 517 North Brian NH 63017-2144
2681,rebecca.garcia@nguyen.net,Rebecca Garcia,29073 Johnson Street Fort David RI 32774
2682,jason.thompson@icloud.com,Jason Thompson,11573 Jefferson Lane Suite 432 Larryside AZ 93562
2683,michelle.rivera@nguyen.net,Michelle Rivera,6110 Craig Court North Ronald IN 52419-5112
2684,barbara.davis@scott.info,Barbara Davis,77201 Pine Court Suite 647 East Larry NH 53163
2685,susan.martin@aol.com,Susan Martin,6254 Johnson Loop Ste. 109 South Mary OH 99383
2686,larry.carter@gmail.com,Larry Carter,7963 Franklin Road Port Steven NM 59450
2687,charles.harris@outlook.com,Charles Harris,15906 Davis Lane Fort Steven AK 32631-7900
2688,brian.gonzalez@icloud.com,Brian Gonzalez,37723 Brook Terrace Paulview ND 38361
2689,deborah.johnson@icloud.com,Deborah Johnson,53946 Sunset Plaza Unit 507 West George NC 49031-9187
2690,lisa.scott@perez.biz,Lisa Scott,47407 Highland Plaza South Andrew IA 59681
2691,linda.martinez@outlook.com,Linda Martinez,96669 Adams Square Apt. 91 East Larry FL 43738-5351
2692,karen.perez@aol.com,Karen Perez,83186 Valley Road Apt. 236 Port Kristen LA 10186-8039
2693,sarah.gonzalez@aol.com,Sarah Gonzalez,61948 Cook Loop Ste. 159 East Anna AK 82255
2694,nancy.flores@jackson.com,Nancy Flores,79544 River Lane West Andrew UT 88431
2695,sarah.scott@yahoo.com,Sarah Scott,73106 Lincoln Shore Ste. 694 Markborough IL 80096-9941
2696,betty.king@adams.org,Betty King,98603 Carter Way Suite 52 Sarahfort GA 41724
2697,margaret.harris@hotmail.com,Margaret Harris,90255 Walnut Circle Paulshire IN 68900
2698,david.nelson@rivera.net,David Nelson,69486 Forest Plaza Port Larry OR 63485
2699,anthony.white@yahoo.com,Anthony White,27718 River Plaza Apt. 500 North Andrew NE 71817
2700,kevin.hall@gmail.com,Kevin Hall,95475 Adams Crossing Apt. 260 Ronaldview NE 53134-6790
2701,john.jackson@icloud.com,John Jackson,50737 Pine Loop Ste. 891 Larryfort OK 51608
2702,melissa.allen@robinson.biz,Melissa Allen,22304 Adams Court Ronaldfurt WI 33218
2703,jason.mitchell@hill.org,Jason Mitchell,11029 Franklin Path West James TX 40281-9851
2704,richard.baker@brown.biz,Richard Baker,32550 Fox Street Apt. 275 West Brian FL 85594
2705,nicholas.gonzalez@outlook.com,Nicholas Gonzalez,79066 Washington Path East Larry AK 11063
2706,john.young@martinez.net,John Young,873 River Drive South William IL 32767
2707,lisa.flores@gonzalez.net,Lisa Flores,38253 Craig Run Fort Kristen ID 33034-7986
2708,steven.martinez@gmail.com,Steven Martinez,24077 Ridge Path Apt. 101 Sarahtown SD 42969
2709,joshua.baker@carter.net,Joshua Baker,90573 Cedar Run Williambury MO 45925
2710,gary.gonzalez@martinez.org,Gary Gonzalez,40589 Washington Court Nancytown DE 49852
2711,daniel.moore@jackson.info,Daniel Moore,81208 Elm Street Suite 920 Lisabury AL 18481
2712,andrew.martinez@taylor.net,Andrew Martinez,6206 Washington Square Apt. 290 Markburgh ID 27856-7233
2713,george.nelson@hotmail.com,George Nelson,78782 Spring Lane Suite 560 Lake Larry VA 60096
2714,nancy.miller@cain.com,Nancy Miller,11668 Walnut Street Ste. 578 North Larry ND 98663-7328
2715,sandra.nelson@icloud.com,Sandra Nelson,99381 Pine Way Suite 116 Jasonbury WV 71387
2716,michael.nguyen@hotmail.com,Michael Nguyen,12663 Meadow Road Kevinside NV 58989-1257
2717,david.davis@aol.com,David Davis,39273 Pine Pass Lindaberg TN 04035-1195
2718,nancy.lopez@aol.com,Nancy Lopez,36932 Maple Ford Lake Brian MA 01344
2719,paul.martin@hotmail.com,Paul Martin,54214 Carter Crossing Ste. 517 Fort Betty NY 07489
2720,kimberly.green@kirby.info,Kimberly Green,51572 Adams Trail South Linda MA 95094
2721,patricia.walker@ramirez.com,Patricia Walker,59680 Johnson Drive East Mark AK 16440
2722,kimberly.anderson@hotmail.com,Kimberly Anderson,14247 Pine Lane Apt. 262 South Edward MO 71013-1647
2723,nancy.kirby@gmail.com,Nancy Kirby,52689 Forest Bypass Ste. 654 Karentown CA 95242-1803
2724,george.harris@hotmail.com,George Harris,57762 Franklin Square Stevenville HI 34373
2725,donald.campbell@kirby.org,Donald Campbell,83294 Madison Loop Lisafort DE 76700-3036
2726,john.mitchell@thomas.org,John Mitchell,91680 Highland Pass Fort Thomas CA 77607
2727,michael.thomas@icloud.com,Michael Thomas,3899 Cedar Pass Apt. 810 Port Michael MI 10843
2728,steven.lewis@cain.com,Steven Lewis,20097 Spring Loop Unit 981 Fort Nancy HI 58727
2729,michael.martin@rivera.com,Michael Martin,7875 Ridge Run North Nancy OR 73827
2730,susan.thompson@walker.com,Susan Thompson,60206 Hill Path Maryborough VT 62944
2731,brian.kirby@hotmail.com,Brian Kirby,4033 Washington Run Maryfort MD 51347-5685
2732,jessica.garcia@anderson.biz,Jessica Garcia,73138 Walnut Plaza Lake Joseph VA 32424
2733,kimberly.rivera@icloud.com,Kimberly Rivera,59603 Shore Lane South Linda IA 31759
2734,helen.carter@flores.com,Helen Carter,7508 Cedar Circle Apt. 277 Annastad VT 18457-7526
2735,edward.lopez@icloud.com,Edward Lopez,45106 Park Circle Apt. 819 Lisaview ID 29462-8526
2736,larry.moore@hotmail.com,Larry Moore,47688 Elm Trail Unit 957 West Anna NJ 45503-5341
2737,charles.scott@icloud.com,Charles Scott,37956 Hill Bypass Michaelside SD 40355
2738,paul.jones@johnson.com,Paul Jones,81894 Elm Street Fort Steven SC 23759
2739,george.white@aol.com,George White,78249 Johnson Lane Apt. 331 Fort David WI 85560
2740,jennifer.thompson@gmail.com,Jennifer Thompson,8115 Miller Plaza West Brian ND 29867
2741,steven.scott@icloud.com,Steven Scott,30850 Oak Plaza Lisaside KY 43504
2742,james.kirby@williams.com,James Kirby,32998 Shore Trail Fort Lisa SD 90201
2743,anthony.davis@icloud.com,Anthony Davis,6318 Maple Court Port Joshua WV 78376
2744,ronald.kirby@aol.com,Ronald Kirby,82236 Highland Drive Bettyburgh GA 09370
2745,sandra.nguyen@flores.net,Sandra Nguyen,50662 Meadow Shore Unit 449 New Anna CT 22586
2746,michael.rivera@williams.info,Michael Rivera,5880 Craig Court Fort Larry OK 82393
2747,jason.young@flores.com,Jason Young,14887 Park Ford Karenport ME 19482
2748,ryan.lewis@mitchell.info,Ryan Lewis,81087 Johnson Square New Steven CA 38475-5418
2749,michael.taylor@icloud.com,Michael Taylor,62449 Walnut Pass Ste. 70 Davidchester HI 69002
2750,rebecca.martin@hall.biz,Rebecca Martin,35916 Miller Plaza Marytown VT 80797
2751,emily.wilson@hotmail.com,Emily Wilson,65493 Davis Run Apt. 400 New Daniel MD 95357
2752,larry.thompson@aol.com,Larry Thompson,35829 Cedar Plaza Unit 837 Markton KS 45695
2753,margaret.campbell@yahoo.com,Margaret Campbell,69665 Ridge Loop Susanview VA 02976
2754,mark.gonzalez@icloud.com,Mark Gonzalez,61442 Shore Shore West Brian HI 12412-9198
2755,charles.garcia@icloud.com,Charles Garcia,18027 Brook Trail West Nancy AK 18125
2756,matthew.torres@aol.com,Matthew Torres,45849 Walnut Plaza Apt. 345 North Steven KS 62686
2757,timothy.rivera@lee.net,Timothy Rivera,58723 Highland Terrace South Daniel KY 74417
2758,stephanie.rivera@icloud.com,Stephanie Rivera,20378 Meadow Bypass Unit 961 Lisashire NE 61026
2759,ryan.flores@icloud.com,Ryan Flores,64557 Forest Lane Markside SC 36881
2760,timothy.clark@yahoo.com,Timothy Clark,27497 Shore Pass Suite 146 South Paul ND 45488-8170
2761,anna.smith@gmail.com,Anna Smith,44990 Pine Avenue Ste. 578 Danielborough IA 92059
2762,james.hall@nelson.biz,James Hall,63286 Brook Drive Unit 428 East Joshua NV 99020-5442
2763,mary.young@gmail.com,Mary Young,52249 Washington Road Ste. 79 Fort Nancy NY 25753
2764,ashley.martinez@perez.biz,Ashley Martinez,24819 Spring Square Suite 729 Williamtown CO 51409-5017
2765,william.campbell@wilson.net,William Campbell,66239 Valley Trail Unit 256 Port Kristen TX 24689
2766,brian.nguyen@williams.com,Brian Nguyen,61864 Oak Lane South Jason NE 64638
2767,ronald.sanchez@outlook.com,Ronald Sanchez,60888 Miller Drive Fort Susan MD 47803
2768,karen.hill@gonzalez.org,Karen Hill,66194 Elm Path Unit 207 West Anna AR 19312
2769,barbara.scott@yahoo.com,Barbara Scott,30907 Oak Loop Maryland IL 86563
2770,patricia.gonzalez@icloud.com,Patricia Gonzalez,9253 Madison Square Suite 476 Port Karen AK 57644-7923
2771,anna.white@icloud.com,Anna White,14009 Forest Street Fort Thomas HI 15072
2772,helen.sanchez@wright.com,Helen Sanchez,96406 Lincoln Avenue Ste. 256 North Kristen NV 75289
2773,steven.davis@icloud.com,Steven Davis,4501 Hill Drive Davidfort SC 28032
2774,deborah.jones@aol.com,Deborah Jones,23789 Lincoln Square Ronaldville PA 88804
2775,amanda.torres@jackson.biz,Amanda Torres,47054 Pine Way West Joshua VA 92801
2776,daniel.harris@moore.org,Daniel Harris,56796 Lincoln Plaza Suite 31 Lake Larry MD 21474
2777,gary.campbell@outlook.com,Gary Campbell,70661 Valley Plaza Suite 807 Fort Kevin NY 79527
2778,timothy.cain@icloud.com,Timothy Cain,39586 Brook Crossing Bettyland NV 65237-6631
2779,helen.cain@young.net,Helen Cain,7609 Madison Bypass Suite 849 Jamesstad VT 56490-5066
2780,john.sanchez@icloud.com,John Sanchez,39168 Craig Pass West Susan LA 46881
2781,rebecca.martinez@hotmail.com,Rebecca Martinez,84981 Park Square Marymouth WI 74603
2782,sandra.nelson@lee.net,Sandra Nelson,46638 Oak Circle West David MN 98349
2783,edward.martin@outlook.com,Edward Martin,88880 Highland Bypass North Kristen OR 32393
2784,melissa.anderson@outlook.com,Melissa Anderson,83884 Craig Plaza West Andrew NE 16278
2785,james.wilson@hotmail.com,James Wilson,54537 Sunset Lane Unit 954 East David MT 80559
2786,emily.garcia@yahoo.com,Emily Garcia,84148 Franklin Run Unit 572 Andrewhaven PA 64712
2787,ashley.robinson@aol.com,Ashley Robinson,82344 Highland Road Ste. 953 Lake Larry NY 83178-4356
2788,anthony.scott@martinez.com,Anthony Scott,99966 Ridge Run East James AL 16794-5613
2789,lisa.torres@carter.net,Lisa Torres,14596 Carter Way Suite 772 Markfort NV 32944
2790,carol.green@aol.com,Carol Green,47655 Ridge Drive East Larry IL 02582
2791,matthew.sanchez@icloud.com,Matthew Sanchez,96687 Ridge Pass Ste. 636 Larryfort MD 09504-5881
2792,gary.carter@hall.net,Gary Carter,28554 Hill Pass Apt. 771 East Andrew NH 40925
2793,anthony.gonzalez@martin.com,Anthony Gonzalez,89689 Walnut Plaza East Benjamin KS 71784-8033
2794,ryan.nelson@torres.org,Ryan Nelson,66366 Highland Avenue Maryville VA 14497-3680
2795,paul.mitchell@outlook.com,Paul Mitchell,79122 Fox Road Port James MT 86318
2796,donna.jackson@aol.com,Donna Jackson,9751 Washington Lane Unit 596 Lindafurt IL 27352
2797,sandra.hill@yahoo.com,Sandra Hill,87635 Adams Shore South David SD 91242-2763
2798,george.lopez@hotmail.com,George Lopez,97046 Meadow Avenue Lake Thomas NH 13863
2799,karen.smith@rivera.com,Karen Smith,7245 Valley Way Sarahville FL 92882
2800,lisa.lee@aol.com,Lisa Lee,38387 Maple Square Apt. 520 Larryfurt VA 10677
2801,jessica.torres@outlook.com,Jessica Torres,54318 Adams Run Ste. 744 Lake Sarah NE 46400-3728
2802,michael.hall@mitchell.info,Michael Hall,14324 Forest Court Georgefurt FL 74757
2803,ryan.taylor@hotmail.com,Ryan Taylor,24965 Lincoln Plaza Ste. 885 South Jason OH 71261
2804,karen.flores@icloud.com,Karen Flores,4551 Pine Terrace Joshuabury NC 25577-4412
2805,joshua.baker@campbell.org,Joshua Baker,99294 Sunset Way Markshire CO 21215
2806,joseph.sanchez@aol.com,Joseph Sanchez,42984 Walnut Circle Ste. 548 Fort Joseph AL 88679-4661
2807,amy.flores@wright.biz,Amy Flores,13233 Maple Lane Ste. 406 Thomasland NH 22481
2808,william.green@hotmail.com,William Green,32896 Walnut Way Ste. 1 West Mark SD 92294-7645
2809,george.martin@hotmail.com,George Martin,25500 Highland Pass Unit 267 Fort Mary RI 32980-5116
2810,ronald.nguyen@icloud.com,Ronald Nguyen,44889 Adams Circle Danielland VA 87649-6796
2811,ashley.young@gmail.com,Ashley Young,7719 Hill Plaza Suite 140 Brianside NV 55994-5458
2812,sandra.carter@gmail.com,Sandra Carter,90070 Cook Run Suite 314 West Kevin ME 51607-6168
2813,kevin.lewis@carter.net,Kevin Lewis,3452 Maple Run Jasonton NH 28477
2814,daniel.taylor@icloud.com,Daniel Taylor,30481 Madison Pass Ste. 772 Georgeton OK 80217-4451
2815,john.scott@aol.com,John Scott,49640 Carter Bypass South Benjamin MN 39508-9872
2816,brian.taylor@hall.com,Brian Taylor,47084 Maple Street Suite 202 Bettyshire WV 02887
2817,david.adams@gmail.com,David Adams,23881 Forest Run Suite 747 Kevinmouth KS 74114
2818,donald.nelson@outlook.com,Donald Nelson,51111 Franklin Ford East George WA 69627
2819,daniel.johnson@carter.org,Daniel Johnson,2288 Spring Run Lisaberg OH 61441-4185
2820,joseph.allen@yahoo.com,Joseph Allen,53507 Washington Lane Marybury VA 02117-7256
2821,susan.young@gmail.com,Susan Young,61955 Elm Terrace Lisaborough DE 30158-2727
2822,james.robinson@gmail.com,James Robinson,44811 Johnson Crossing Ste. 506 East Andrew TX 74227
2823,michael.mitchell@yahoo.com,Michael Mitchell,7843 River Square Lindabury LA 05390
2824,donna.mitchell@anderson.net,Donna Mitchell,27522 Highland Shore Ste. 543 East Karen WI 79262
2825,amy.martinez@hotmail.com,Amy Martinez,98489 Miller Bypass Ste. 289 Thomastown KY 92490
2826,edward.campbell@yahoo.com,Edward Campbell,59424 Ridge Lane Unit 996 Paulfort OH 20164
2827,daniel.garcia@green.biz,Daniel Garcia,75262 Oak Street West Kevin CT 15708
2828,margaret.robinson@wilson.biz,Margaret Robinson,45230 Maple Plaza Unit 754 New Steven MS 08901
2829,timothy.king@aol.com,Timothy King,71481 Sunset Square Edwardland KY 57874
2830,mary.martinez@martin.biz,Mary Martinez,56241 Oak Drive Lake Susan IL 91197-4384
2831,deborah.king@yahoo.com,Deborah King,39507 Valley Avenue Unit 463 West Linda MI 95695
2832,ashley.flores@yahoo.com,Ashley Flores,70277 Craig Road Paulmouth NJ 12622
2833,george.allen@white.com,George Allen,93850 Brook Run Karentown NE 95809
2834,helen.gonzalez@kirby.com,Helen Gonzalez,89822 Ridge Court Ste. 771 Larryview ND 13580
2835,laura.lopez@hill.com,Laura Lopez,23542 Adams Bypass Larryland FL 67902
2836,anna.mitchell@harris.com,Anna Mitchell,45780 Washington Run Suite 934 Karenborough MS 37464-9833
2837,donna.davis@aol.com,Donna Davis,31430 Pine Court South David MT 30446-3597
2838,paul.miller@yahoo.com,Paul Miller,42879 Madison Path Ste. 594 Lisahaven MS 59068-9253
2839,emily.hall@yahoo.com,Emily Hall,12208 Sunset Avenue Kristenfort NE 23625
2840,mark.king@hotmail.com,Mark King,82034 Spring Trail Suite 702 Georgeport ID 28643-3785
2841,ryan.thompson@yahoo.com,Ryan Thompson,68344 Jefferson Way Apt. 403 Port Mary KS 03155
2842,charles.white@outlook.com,Charles White,20769 Shore Avenue South Andrew MT 41841
2843,paul.moore@adams.info,Paul Moore,36968 Pine Bypass Apt. 261 Andrewland UT 05531-2556
2844,mary.hall@brown.info,Mary Hall,54108 Washington Way Apt. 537 Lake Michael CA 39024
2845,andrew.flores@aol.com,Andrew Flores,49692 River Lane West Steven AL 68036
2846,margaret.williams@icloud.com,Margaret Williams,54438 Cook Ford Ste. 913 Port Mark AK 84511-5290
2847,donna.adams@aol.com,Donna Adams,83226 Cedar Way North Karen CA 04133
2848,brian.walker@hotmail.com,Brian Walker,41970 Davis Drive West Thomas MN 08337
2849,nicholas.nelson@yahoo.com,Nicholas Nelson,68890 Sunset Terrace Unit 868 Sarahville CA 85179
2850,carol.lewis@hill.biz,Carol Lewis,49233 Fox Lane Suite 355 Joshuafurt NV 57848
2851,thomas.king@yahoo.com,Thomas King,86221 Sunset Street Suite 261 Lake David KY 97409
2852,david.scott@wright.com,David Scott,38465 Park Lane Apt. 520 Ronaldport CA 47732
2853,elizabeth.smith@icloud.com,Elizabeth Smith,46527 Lake Street Lisafurt DE 21699
2854,margaret.davis@gmail.com,Margaret Davis,43040 Oak Pass Josephstad WV 79661-5838
2855,susan.smith@icloud.com,Susan Smith,98456 Hill Terrace Apt. 499 Port George GA 32419
2856,paul.moore@icloud.com,Paul Moore,30504 Davis Way Apt. 611 Karenmouth WA 74681
2857,melissa.allen@yahoo.com,Melissa Allen,3547 Highland Court Port Steven KS 17782
2858,larry.young@gmail.com,Larry Young,43707 Oak Court Danielburgh MI 77618-6160
2859,jennifer.wright@yahoo.com,Jennifer Wright,61261 Carter Lane Suite 495 North Daniel OR 91554-2756
2860,edward.johnson@outlook.com,Edward Johnson,33054 Craig Shore Unit 366 North Jason ND 52921
2861,amy.walker@robinson.org,Amy Walker,36555 Brook Way Suite 454 Port Susan WA 08608
2862,ryan.robinson@yahoo.com,Ryan Robinson,975 Cedar Loop Ste. 530 Nancymouth MN 18400
2863,carol.torres@carter.org,Carol Torres,28404 Washington Terrace Suite 141 Lake Daniel NH 49951-8054
2864,mark.wright@aol.com,Mark Wright,6826 Spring Street Ste. 482 Sarahborough GA 35291
2865,kimberly.johnson@yahoo.com,Kimberly Johnson,63995 Brook Court Apt. 775 Benjaminberg SC 47910-7007
2866,michael.campbell@harris.net,Michael Campbell,68508 Ridge Road Ste. 901 New William CO 34286
2867,kevin.walker@jackson.info,Kevin Walker,43228 Adams Pass Ste. 877 North Kevin PA 81734-7832
2868,betty.king@hotmail.com,Betty King,47888 Brook Plaza Jameshaven CT 05105
2869,deborah.nelson@hotmail.com,Deborah Nelson,61722 Spring Way Markburgh AR 69011
2870,joseph.moore@hall.info,Joseph Moore,41226 Franklin Path Kristentown VA 22174
2871,helen.nelson@aol.com,Helen Nelson,59910 Miller Bypass West Susan MA 67361
2872,richard.sanchez@gmail.com,Richard Sanchez,15660 Cook Court Port Sarah DE 20056
2873,stephanie.robinson@wright.net,Stephanie Robinson,72612 River Run Fort Kevin OK 82761
2874,andrew.young@icloud.com,Andrew Young,21675 Lincoln Run Bettyhaven AK 84646
2875,john.rivera@nelson.biz,John Rivera,43974 Valley Road Apt. 64 Karenberg NJ 55568-9677
2876,daniel.thompson@outlook.com,Daniel Thompson,2957 Carter Street Unit 262 Jasonburgh LA 99269
2877,anna.smith@thomas.net,Anna Smith,58369 Valley Circle Apt. 793 Annaton WA 56418
2878,deborah.cain@aol.com,Deborah Cain,63836 Hill Run Apt. 181 Nancyborough WV 41043-4377
2879,melissa.thomas@aol.com,Melissa Thomas,93316 Carter Run Ronaldchester DE 85158
2880,steven.baker@outlook.com,Steven Baker,53559 Forest Court Unit 521 Sarahport VT 88424
2881,susan.adams@gmail.com,Susan Adams,7943 Forest Road Josephchester TN 94578
2882,jason.clark@walker.info,Jason Clark,15877 Forest Road West Daniel ME 30412
2883,thomas.smith@davis.org,Thomas Smith,49516 Oak Ford Apt. 922 Port Edward NY 61928
2884,steven.carter@ramirez.net,Steven Carter,20514 Johnson Run Sarahburgh NH 57357-6337
2885,anna.sanchez@mitchell.org,Anna Sanchez,23489 Miller Lane Benjaminshire IN 68072
2886,john.walker@sanchez.info,John Walker,52219 Lake Lane East Joshua MN 41895-2177
2887,lisa.flores@wilson.biz,Lisa Flores,8848 Forest Square Ste. 280 Josephborough NE 08101
2888,anthony.lewis@young.com,Anthony Lewis,85738 Cook Road Suite 401 Annaborough VA 93135
2889,george.martinez@gmail.com,George Martinez,31237 Lincoln Shore Danielland CO 18703-1908
2890,jeffrey.hall@outlook.com,Jeffrey Hall,57172 Shore Plaza Suite 333 East Karen HI 83209
2891,jennifer.baker@scott.org,Jennifer Baker,29100 Meadow Drive Nancyview CA 62126
2892,anna.thompson@gmail.com,Anna Thompson,31525 Cook Plaza Apt. 119 Fort Edward OK 86657
2893,charles.perez@hotmail.com,Charles Perez,17582 Highland Street Suite 452 Lake Paul MS 66237-3563
2894,donna.thompson@outlook.com,Donna Thompson,69778 Carter Court Apt. 791 Port Steven ID 42676
2895,kevin.miller@anderson.org,Kevin Miller,56577 Fox Ford Apt. 343 Williamchester CO 64251
2896,emily.mitchell@hotmail.com,Emily Mitchell,10003 Sunset Pass Lake Mary CA 23630
2897,william.thomas@taylor.org,William Thomas,69562 Fox Bypass East Anna IL 36237
2898,patricia.harris@outlook.com,Patricia Harris,10185 Forest Avenue Thomasborough KS 20813
2899,michael.nelson@carter.info,Michael Nelson,5228 Cedar Shore Suite 172 Sarahville SC 74186
2900,larry.carter@nguyen.org,Larry Carter,32377 Johnson Trail Edwardburgh FL 53671
2901,sandra.mitchell@anderson.net,Sandra Mitchell,95497 Craig Square New Linda TN 67567-2978
2902,jessica.kirby@hotmail.com,Jessica Kirby,93475 Fox Plaza Joshuaburgh VT 95596
2903,karen.white@hall.com,Karen White,44831 Franklin Run Annaland CA 13741
2904,mark.scott@gmail.com,Mark Scott,18069 Maple Lane Ronaldview NH 56315
2905,linda.young@icloud.com,Linda Young,89939 Ridge Run East Kristen NJ 36058
2906,jeffrey.wright@taylor.biz,Jeffrey Wright,90571 Forest Path Apt. 399 East Benjamin KS 30372-5255
2907,melissa.clark@icloud.com,Melissa Clark,46493 Carter Street Fort Edward NC 83800-1371
2908,charles.scott@smith.org,Charles Scott,30917 Shore Trail Lake Kristen ND 51543-6291
2909,william.garcia@wilson.net,William Garcia,61935 River Court Lisatown MO 34380-4053
2910,mark.brown@adams.biz,Mark Brown,47819 Valley Pass Ste. 122 Benjaminborough NC 27224
2911,sarah.cain@hotmail.com,Sarah Cain,35659 Adams Avenue Lake Mark OH 67839-3817
2912,anna.clark@thompson.info,Anna Clark,80476 Sunset Lane Ste. 830 Fort Thomas VT 22395-7788
2913,andrew.anderson@yahoo.com,Andrew Anderson,61705 Meadow Drive South Betty WV 80604
2914,matthew.lee@robinson.biz,Matthew Lee,98194 Cook Lane Georgemouth NC 03326-8444
2915,sandra.williams@kirby.info,Sandra Williams,17132 Jefferson Terrace Port Paul WI 75893-8451
2916,richard.carter@yahoo.com,Richard Carter,36482 Cedar Trail Benjaminberg ID 32238
2917,jennifer.allen@icloud.com,Jennifer Allen,98196 Franklin Crossing Ronaldview NV 84850
2918,melissa.taylor@icloud.com,Melissa Taylor,83297 Lake Ford New Michael AL 73260-5101
2919,susan.campbell@aol.com,Susan Campbell,22830 Shore Shore Sarahtown VA 63348
2920,timothy.perez@lopez.org,Timothy Perez,18773 Lake Plaza Apt. 964 Josephstad FL 48196
2921,sandra.robinson@yahoo.com,Sandra Robinson,59867 Miller Court Unit 50 West Paul ND 69883
2922,elizabeth.williams@hotmail.com,Elizabeth Williams,69087 Madison Circle Port Mary ND 31184
2923,lisa.hall@walker.biz,Lisa Hall,66356 Madison Lane North Sarah MI 91185
2924,gary.torres@anderson.org,Gary Torres,87051 Madison Crossing Port Mark VT 95668
2925,carol.torres@hotmail.com,Carol Torres,31733 Lake Ford Unit 318 Port Andrew TX 93284
2926,emily.moore@outlook.com,Emily Moore,84621 Johnson Square Port Mary VA 55298
2927,patricia.wilson@martin.biz,Patricia Wilson,94294 Jefferson Plaza Andrewville DE 94368
2928,melissa.ramirez@icloud.com,Melissa Ramirez,43640 Oak Bypass Fort Daniel OR 56380-4222
2929,paul.torres@hotmail.com,Paul Torres,38380 Carter Crossing Lisamouth FL 03664-3020
2930,joseph.kirby@hotmail.com,Joseph Kirby,23418 Highland Circle Lake William MA 65021
2931,karen.brown@aol.com,Karen Brown,99027 Cook Run New Paul NC 02038-5344
2932,brian.perez@outlook.com,Brian Perez,24137 Adams Lane North Ronald WA 91736
2933,lisa.clark@icloud.com,Lisa Clark,16943 Madison Square Suite 973 Annabury DE 77850
2934,melissa.lee@icloud.com,Melissa Lee,28561 Lincoln Road South Thomas NJ 49908
2935,carol.robinson@yahoo.com,Carol Robinson,32958 Lake Way Lisatown MA 07303-2140
2936,anna.jackson@torres.info,Anna Jackson,78646 Pine Court Ste. 77 Paulside NC 04911
2937,mark.williams@scott.biz,Mark Williams,4717 Davis Court Port Betty WI 66213
2938,jessica.robinson@icloud.com,Jessica Robinson,11909 Miller Street South David MO 56469
2939,stephanie.anderson@campbell.net,Stephanie Anderson,28676 River Terrace Lake Andrew GA 48501
2940,donald.rivera@white.info,Donald Rivera,27216 Forest Shore Suite 765 Fort Larry ND 91252-5874
2941,stephanie.lewis@thomas.info,Stephanie Lewis,98294 Maple Lane South Paul MT 88841
2942,john.carter@yahoo.com,John Carter,57954 Meadow Way New Mark MA 09340
2943,rebecca.lee@outlook.com,Rebecca Lee,28635 Fox Ford East Andrew DE 08053
2944,james.white@outlook.com,James White,67001 Miller Ford Nancyburgh CO 27801
2945,nancy.mitchell@mitchell.com,Nancy Mitchell,90254 Davis Drive East Daniel SD 22389
2946,kevin.martin@aol.com,Kevin Martin,51554 Johnson Crossing Suite 343 New Daniel CO 24874
2947,nicholas.nguyen@aol.com,Nicholas Nguyen,12695 Forest Trail Fort Benjamin AR 87095-5051
2948,barbara.carter@brown.com,Barbara Carter,16967 Shore Square North Thomas AK 21526-8119
2949,timothy.king@moore.net,Timothy King,47247 Carter Pass Apt. 760 Williamfort LA 23646
2950,michelle.thompson@aol.com,Michelle Thompson,46393 Highland Bypass Unit 345 Larrymouth IA 91796
2951,gary.garcia@martin.biz,Gary Garcia,64357 Fox Circle Apt. 787 East Betty IA 31872
2952,linda.king@allen.biz,Linda King,65354 Cedar Terrace Port Michael NY 21532
2953,george.jackson@walker.org,George Jackson,54148 Adams Terrace Ste. 701 South Anna WI 02285
2954,jennifer.wright@rivera.net,Jennifer Wright,69087 Oak Loop Ste. 758 Lake Kevin AK 98933
2955,andrew.jones@martin.biz,Andrew Jones,1481 Cedar Shore Ronaldview NY 78927
2956,thomas.taylor@gmail.com,Thomas Taylor,77205 Spring Crossing Lisaview MO 26409
2957,jason.flores@hotmail.com,Jason Flores,31850 Walnut Drive Ste. 454 Port James IL 63850
2958,laura.miller@icloud.com,Laura Miller,56513 Hill Square Suite 354 South Daniel ME 28097
2959,brian.walker@hotmail.com,Brian Walker,6690 Forest Lane Unit 9 New Karen NM 18113
2960,joseph.hill@icloud.com,Joseph Hill,73981 Franklin Lane Fort Sarah KS 54698
2961,joshua.king@martin.biz,Joshua King,15153 Pine Crossing South Susan NV 48820-8228
2962,michelle.allen@aol.com,Michelle Allen,59134 Madison Square Davidchester NH 16265-9769
2963,thomas.taylor@icloud.com,Thomas Taylor,78864 Brook Bypass Lake Larry MI 63769-8810
2964,steven.thomas@icloud.com,Steven Thomas,20784 Pine Avenue Unit 528 Lake Susan CA 82375-9983
2965,timothy.scott@robinson.org,Timothy Scott,49030 Carter Run Jamesmouth WA 25562
2966,larry.flores@smith.org,Larry Flores,77326 Craig Plaza Suite 449 Lake Lisa MS 38274-2100
2967,joshua.wilson@yahoo.com,Joshua Wilson,38169 Highland Avenue Danielburgh FL 25699
2968,susan.smith@mitchell.info,Susan Smith,44170 Washington Road Apt. 898 Bettytown MA 77718
2969,joseph.scott@yahoo.com,Joseph Scott,66130 Park Street Nancytown OK 65067
2970,daniel.flores@icloud.com,Daniel Flores,72455 River Pass Port James AR 78068
2971,betty.wilson@aol.com,Betty Wilson,95092 Washington Circle Fort Paul OR 66351
2972,daniel.lee@mitchell.net,Daniel Lee,90030 Jefferson Court Sarahmouth RI 53393-1445
2973,carol.williams@outlook.com,Carol Williams,80336 Walnut Lane Lake Joseph NH 68737-5745
2974,anthony.anderson@aol.com,Anthony Anderson,39983 Pine Terrace Suite 70 Lake Mary PA 73239
2975,ronald.ramirez@icloud.com,Ronald Ramirez,41483 Pine Run Sarahton NC 88982
2976,anna.walker@hotmail.com,Anna Walker,26377 Craig Terrace Ste. 347 Danielmouth NV 69363-7077
2977,larry.carter@icloud.com,Larry Carter,3250 Ridge Bypass Thomasview NH 24812-3105
2978,andrew.brown@aol.com,Andrew Brown,31862 Johnson Shore Lake James NH 75601
2979,kimberly.carter@hotmail.com,Kimberly Carter,95133 Hill Trail Ste. 106 New Edward NV 91241-1579
2980,rebecca.allen@yahoo.com,Rebecca Allen,4469 Highland Loop Apt. 882 West Thomas NH 22218-7466
2981,margaret.lee@cain.info,Margaret Lee,62333 Davis Terrace Lake Sarah KS 97339
2982,jason.martin@gmail.com,Jason Martin,41840 Johnson Pass New Michael AZ 24440
2983,jeffrey.campbell@aol.com,Jeffrey Campbell,96750 Maple Shore Brianborough ND 59661-6613
2984,sandra.young@hotmail.com,Sandra Young,62048 River Ford West Benjamin ME 12225
2985,jason.lewis@mitchell.org,Jason Lewis,76102 Washington Street Suite 536 Thomasburgh CO 45993
2986,brian.white@williams.com,Brian White,85022 Jefferson Shore Lake Kristen AZ 06430
2987,sarah.lee@gmail.com,Sarah Lee,84080 Lake Avenue New Jason TN 51387
2988,jason.jackson@lee.info,Jason Jackson,85182 Ridge Square Jameshaven IN 74717-5798
2989,sandra.garcia@jackson.org,Sandra Garcia,42725 Cedar Pass Apt. 242 North Edward TN 88540-5458
2990,michelle.flores@hill.info,Michelle Flores,52709 Washington Path Suite 748 Lake Mary PA 94068
2991,jessica.baker@rivera.biz,Jessica Baker,99793 Highland Pass Annashire AL 91102
2992,jennifer.campbell@aol.com,Jennifer Campbell,76062 Johnson Road Suite 976 Annahaven NE 70901
2993,john.wilson@wilson.biz,John Wilson,38642 Brook Path Apt. 563 New Anna MO 34080
2994,amy.sanchez@yahoo.com,Amy Sanchez,48556 Johnson Drive Unit 225 East Sarah MT 78791
2995,lisa.martinez@davis.biz,Lisa Martinez,46585 Carter Run Lake Kristen OK 08854
2996,michelle.young@ramirez.net,Michelle Young,61211 Walnut Drive Unit 793 Port Kristen LA 23608
2997,jeffrey.williams@hotmail.com,Jeffrey Williams,58793 Pine Circle Unit 269 Davidside NV 35240-6652
2998,carol.adams@icloud.com,Carol Adams,18900 Highland Path Unit 264 West George IA 96721
2999,kimberly.cain@aol.com,Kimberly Cain,63683 Franklin Avenue Apt. 831 Marybury KS 78886
3000,daniel.campbell@yahoo.com,Daniel Campbell,62388 Highland Shore West Michael NV 35279
3001,helen.thomas@yahoo.com,Helen Thomas,57159 Elm Road Unit 159 Lake Susan CO 74005-8049
3002,ronald.miller@gonzalez.biz,Ronald Miller,33632 Elm Terrace Suite 590 Karenmouth SD 48451
3003,laura.robinson@hotmail.com,Laura Robinson,52786 Oak Square Nancyside VT 02735
3004,steven.johnson@yahoo.com,Steven Johnson,27038 Madison Ford South Daniel ND 14804
3005,susan.miller@yahoo.com,Susan Miller,59253 Washington Drive Ste. 129 Port Sarah ME 57939
3006,karen.young@jones.biz,Karen Young,83272 Jefferson Way Fort Kevin ME 77489
3007,joshua.moore@aol.com,Joshua Moore,25512 Maple Road Unit 653 Larryhaven NE 67143-1074
3008,nicholas.nelson@outlook.com,Nicholas Nelson,85183 Franklin Crossing East Kristen IL 10914
3009,helen.hall@gonzalez.net,Helen Hall,63494 Johnson Path Apt. 310 South Lisa UT 70993-4271
3010,john.green@icloud.com,John Green,95531 Cedar Square Ste. 413 New Larry KS 56492-1955
3011,laura.jones@wilson.biz,Laura Jones,69372 Valley Road Unit 283 Paulland OR 64442
3012,john.thompson@hotmail.com,John Thompson,11449 Forest Run Port Kevin NV 02613
3013,ryan.martinez@outlook.com,Ryan Martinez,46396 Oak Trail Apt. 421 Stevenside GA 41755
3014,sandra.wright@garcia.com,Sandra Wright,44256 Cedar Loop Port Steven CT 33075
3015,mark.garcia@aol.com,Mark Garcia,37991 Cook Bypass Ste. 865 Marktown TN 03314
3016,amanda.hill@johnson.net,Amanda Hill,74068 Davis Terrace Ste. 544 Lake Kristen OH 29104
3017,patricia.mitchell@icloud.com,Patricia Mitchell,21590 Elm Trail Apt. 483 Kristenfort UT 60425-5596
3018,timothy.lopez@yahoo.com,Timothy Lopez,81249 Craig Path New Linda WV 88157
3019,lisa.cain@icloud.com,Lisa Cain,23335 Jefferson Pass Unit 915 Bettyfort VA 71026
3020,donna.davis@yahoo.com,Donna Davis,60635 Walnut Loop Unit 962 South Larry FL 76352
3021,carol.martinez@martin.org,Carol Martinez,4972 Elm Trail Jamesport UT 39763
3022,gary.thompson@icloud.com,Gary Thompson,11282 Shore Trail Unit 466 Kristentown SD 76233-5417
3023,timothy.clark@outlook.com,Timothy Clark,78566 Washington Pass Lake Steven AK 37718
3024,karen.king@outlook.com,Karen King,47399 Cook Shore Fort Kristen SC 77160-4084
3025,jennifer.ramirez@brown.net,Jennifer Ramirez,29856 Valley Run South Mary KS 15416
3026,nancy.nelson@outlook.com,Nancy Nelson,34787 Fox Street Unit 416 South Jason IN 43844-8123
3027,david.martinez@white.net,David Martinez,90090 Spring Bypass Josephhaven MT 30716-7211
3028,john.moore@aol.com,John Moore,20568 Sunset Street Ste. 88 Annashire MA 61962
3029,thomas.cain@gmail.com,Thomas Cain,79231 Valley Shore Andrewfurt AL 44609
3030,donald.wilson@davis.info,Donald Wilson,29700 Valley Path Ste. 819 Lake Larry KY 15342-1460
3031,linda.hall@aol.com,Linda Hall,99334 Brook Pass Port Linda WV 56499-5830
3032,emily.davis@thompson.info,Emily Davis,57811 Johnson Trail Unit 594 Fort William NY 45188-3105
3033,amanda.walker@hill.biz,Amanda Walker,64744 Ridge Lane Suite 324 Jasonfort SC 93162
3034,amy.allen@icloud.com,Amy Allen,15218 Shore Loop West Linda DE 13270-3662
3035,ronald.taylor@hotmail.com,Ronald Taylor,92075 Madison Terrace Sarahberg CA 89184
3036,donald.johnson@robinson.org,Donald Johnson,12212 Craig Circle Unit 318 Lindaton OH 47122
3037,jeffrey.carter@gmail.com,Jeffrey Carter,16123 Pine Pass Suite 473 West Mary TN 05819-3059
3038,donald.gonzalez@gmail.com,Donald Gonzalez,87219 Pine Crossing Apt. 988 Port David NV 35016-2042
3039,joshua.johnson@green.org,Joshua Johnson,38211 Lake Way Edwardbury OK 20471
3040,james.jones@hotmail.com,James Jones,27071 Adams Lane Suite 857 Fort Linda ME 87360
3041,margaret.miller@aol.com,Margaret Miller,19217 Lake Drive Port Ronald ME 17553
3042,jason.williams@aol.com,Jason Williams,34403 Shore Ford Unit 101 Lindamouth KS 37579
3043,margaret.harris@gmail.com,Margaret Harris,98871 Carter Trail Unit 193 Jamesburgh NV 99574
3044,emily.martin@gmail.com,Emily Martin,42512 Jefferson Street Apt. 488 Jasonburgh IA 85129
3045,michelle.clark@anderson.net,Michelle Clark,99310 Craig Pass Kristentown OH 57129
3046,carol.campbell@icloud.com,Carol Campbell,49349 Oak Street Jamesfurt LA 14956
3047,daniel.flores@thomas.org,Daniel Flores,64122 Madison Pass Unit 719 Fort James NV 80034
3048,john.adams@hotmail.com,John Adams,20578 Valley Drive Ste. 817 Kristenstad AL 74860-1303
3049,patricia.campbell@hotmail.com,Patricia Campbell,81545 Shore Loop New Joshua SC 47985-1348
3050,daniel.rivera@perez.net,Daniel Rivera,78607 Ridge Pass West Nancy LA 59577
3051,anthony.harris@outlook.com,Anthony Harris,27033 Park Trail Suite 93 Edwardstad AZ 91439
3052,amy.flores@white.com,Amy Flores,97050 Carter Square Benjaminfort OH 97430
3053,mary.harris@yahoo.com,Mary Harris,11769 Elm Avenue Sarahborough RI 19290
3054,linda.carter@davis.com,Linda Carter,31742 Pine Lane Ste. 511 New George VT 93857
3055,ashley.perez@clark.net,Ashley Perez,55755 Park Crossing Karenville IL 37604
3056,sandra.green@lopez.com,Sandra Green,26517 Forest Pass Ste. 884 West Paul MD 95690-5139
3057,elizabeth.cain@yahoo.com,Elizabeth Cain,63165 Lincoln Street Ste. 68 Bettyshire GA 45876-6395
3058,joshua.garcia@lee.com,Joshua Garcia,84116 Craig Run Ste. 507 Andrewland MT 39716
3059,elizabeth.walker@aol.com,Elizabeth Walker,45743 Miller Avenue Suite 433 Brianville FL 77414-4921
3060,daniel.brown@icloud.com,Daniel Brown,9753 Washington Road Suite 487 Lake Kevin UT 06813-5262
3061,lisa.scott@aol.com,Lisa Scott,37894 Cedar Lane Apt. 186 East Jason AZ 74100
3062,susan.allen@hall.info,Susan Allen,7863 Madison Road Jamestown AL 70047
3063,kimberly.ramirez@gonzalez.info,Kimberly Ramirez,81098 Hill Street Suite 435 Joshuaport ID 19423
3064,mary.allen@aol.com,Mary Allen,27512 Johnson Bypass Apt. 77 Georgeport MD 36383
3065,andrew.wright@anderson.biz,Andrew Wright,508 Sunset Crossing Sarahland OH 17161-4422
3066,donald.smith@scott.org,Donald Smith,51963 Hill Trail New Sarah NY 02999-4811
3067,nicholas.perez@aol.com,Nicholas Perez,68098 Lake Road Annaburgh WY 68000-3935
3068,joshua.green@allen.org,Joshua Green,7696 Lake Loop Ste. 606 Kevinside MI 68560
3069,matthew.wilson@hotmail.com,Matthew Wilson,55958 Jefferson Street Apt. 222 Sarahfurt MO 54866
3070,helen.walker@icloud.com,Helen Walker,91601 Shore Road West Mark CA 95192
3071,patricia.brown@torres.org,Patricia Brown,44265 Walnut Shore West George IL 34506
3072,richard.walker@gmail.com,Richard Walker,61246 Craig Road Apt. 29 East Ronald AR 02909-7079
3073,ashley.garcia@yahoo.com,Ashley Garcia,12748 Shore Lane North Joseph MD 57570
3074,amy.robinson@hotmail.com,Amy Robinson,42209 Oak Circle Markfurt MI 94913
3075,anthony.ramirez@jones.com,Anthony Ramirez,3275 Johnson Lane Kristenchester NM 72923
3076,kevin.kirby@martin.org,Kevin Kirby,1564 Cedar Run Edwardview OH 98970-6272
3077,margaret.martin@ramirez.biz,Margaret Martin,10512 Johnson Court Apt. 35 Karenton SD 48390
3078,helen.thompson@adams.org,Helen Thompson,55127 Davis Court Apt. 50 Port Steven NY 42413
3079,kevin.nelson@gmail.com,Kevin Nelson,9478 Walnut Court New David WV 83463
3080,anthony.flores@aol.com,Anthony Flores,9558 Lincoln Court North Benjamin AR 02776-5813
3081,larry.kirby@outlook.com,Larry Kirby,33506 Ridge Court South Michael WA 71187
3082,matthew.davis@gmail.com,Matthew Davis,37069 River Trail Apt. 324 New William IL 70513-8708
3083,kevin.lee@williams.biz,Kevin Lee,14793 Hill Street East Paul TX 49872-2925
3084,nancy.scott@gmail.com,Nancy Scott,40506 Washington Street Suite 450 Jasonville WY 66176-8091
3085,carol.thomas@outlook.com,Carol Thomas,94698 Brook Road Annaton VT 30976
3086,david.baker@aol.com,David Baker,60205 Shore Pass Unit 315 Annaview NC 34289
3087,jessica.white@hotmail.com,Jessica White,48003 Park Court South Larry NC 09822
3088,ryan.anderson@flores.com,Ryan Anderson,35732 Adams Pass Andrewside WY 76795
3089,amanda.martin@williams.org,Amanda Martin,39334 Madison Shore Michaelhaven MI 72357-7638
3090,susan.torres@icloud.com,Susan Torres,38005 Carter Loop Ste. 770 Port Paul SD 89286
3091,mark.taylor@robinson.com,Mark Taylor,59444 Cook Plaza Apt. 360 West Edward OH 60582-3077
3092,ryan.king@hotmail.com,Ryan King,57973 Franklin Crossing Ste. 772 West Mark DE 79825-6976
3093,david.white@garcia.org,David White,75710 Spring Street Ste. 866 Benjaminfort MN 56110
3094,donald.martin@gmail.com,Donald Martin,82459 Valley Circle Port Daniel AZ 87713
3095,jessica.ramirez@outlook.com,Jessica Ramirez,14646 Adams Ford Ste. 867 Jasonton FL 48866
3096,melissa.kirby@thompson.org,Melissa Kirby,37075 Lincoln Path Unit 470 Josephchester MO 83566-5232
3097,nicholas.thomas@wright.org,Nicholas Thomas,46884 Meadow Plaza Susanview IN 32722
3098,edward.thomas@carter.org,Edward Thomas,3558 Meadow Road Larrytown WA 62623-3341
3099,steven.white@icloud.com,Steven White,66620 Carter Ford Karenside WV 85556
3100,jeffrey.harris@outlook.com,Jeffrey Harris,55631 Fox Lane North Karen OH 23607
3101,deborah.nguyen@moore.com,Deborah Nguyen,90797 Valley Ford Ste. 618 Brianburgh NV 47515-9122
3102,laura.carter@aol.com,Laura Carter,33660 Lake Court Ste. 295 Williamburgh MO 26302
3103,margaret.torres@icloud.com,Margaret Torres,61800 Park Plaza West Susan RI 10693
3104,donna.robinson@outlook.com,Donna Robinson,82004 River Road Suite 22 Maryberg WI 99242
3105,melissa.torres@yahoo.com,Melissa Torres,63057 Madison Drive Ste. 588 Larrystad SC 37884-1061
3106,patricia.baker@aol.com,Patricia Baker,83816 Ridge Path East Mark MD 56119
3107,larry.anderson@gmail.com,Larry Anderson,71193 River Loop Suite 270 Lake Mark MN 13568
3108,michelle.miller@yahoo.com,Michelle Miller,30310 Oak Terrace Port Paul NV 85712
3109,linda.gonzalez@hotmail.com,Linda Gonzalez,24857 Spring Pass Unit 908 North Susan KS 63133
3110,susan.jackson@flores.org,Susan Jackson,7139 Washington Shore Edwardbury NM 18909
3111,patricia.lewis@gmail.com,Patricia Lewis,52663 Hill Terrace Unit 361 Port Sarah SC 80472-6000
3112,carol.carter@anderson.info,Carol Carter,18919 Shore Loop Danielland WA 67872
3113,ashley.scott@nguyen.net,Ashley Scott,22574 Franklin Crossing Ste. 492 Port Jason SC 11939-1295
3114,donald.white@davis.biz,Donald White,49534 Brook Plaza Unit 103 Danielland CA 88257
3115,linda.kirby@hotmail.com,Linda Kirby,10257 Craig Crossing Josephstad KS 91239-1921
3116,amy.martinez@outlook.com,Amy Martinez,69451 Cedar Trail Lake Linda AK 11347
3117,nancy.gonzalez@adams.net,Nancy Gonzalez,4078 Elm Plaza Fort George IA 13009
3118,steven.smith@rivera.net,Steven Smith,87142 Miller Court Fort David NE 04639
3119,richard.carter@gmail.com,Richard Carter,92590 Johnson Road Apt. 854 Brianton CO 01746-5741
3120,joshua.davis@gmail.com,Joshua Davis,72399 Hill Lane Karenfurt AL 55516-9588
3121,anthony.lee@icloud.com,Anthony Lee,77899 Franklin Way Unit 876 North James MI 72104
3122,rebecca.thomas@williams.net,Rebecca Thomas,73121 Fox Ford West Ronald MA 98826-2147
3123,amanda.jones@hotmail.com,Amanda Jones,80217 Highland Ford Port Betty WY 25974
3124,edward.thomas@mitchell.info,Edward Thomas,63635 Franklin Circle Unit 263 Georgeborough MO 20617
3125,matthew.carter@davis.com,Matthew Carter,40681 Shore Court North Paul WV 91734
3126,timothy.jones@mitchell.info,Timothy Jones,44338 Lincoln Street Fort Anna DE 40335
3127,jeffrey.brown@hotmail.com,Jeffrey Brown,73020 Fox Bypass Edwardborough MN 65239-3791
3128,lisa.walker@white.org,Lisa Walker,6212 Lincoln Court North Ronald LA 98858-5269
3129,deborah.miller@walker.net,Deborah Miller,69572 Oak Terrace West James NH 88697
3130,mark.carter@sanchez.biz,Mark Carter,33138 Johnson Ford Unit 65 West Michael GA 01731
3131,anthony.adams@outlook.com,Anthony Adams,85739 Craig Ford Suite 924 Port David OR 62919-4696
3132,kevin.campbell@lewis.info,Kevin Campbell,53985 Cedar Ford Suite 887 West Linda AZ 04839
3133,margaret.carter@outlook.com,Margaret Carter,45695 Elm Loop Fort Jason NM 73561-9305
3134,charles.thompson@outlook.com,Charles Thompson,13554 Franklin Pass Suite 444 East Andrew CO 80182
3135,stephanie.martinez@yahoo.com,Stephanie Martinez,39342 Elm Court Apt. 114 Fort Larry WV 48650
3136,andrew.wilson@outlook.com,Andrew Wilson,36851 Oak Square New David PA 77545
3137,stephanie.moore@flores.info,Stephanie Moore,77550 Fox Bypass Apt. 351 Brianmouth AR 70745-2573
3138,melissa.carter@king.net,Melissa Carter,19593 Ridge Pass West Edward MT 86056-1774
3139,melissa.green@yahoo.com,Melissa Green,60088 Oak Drive Bettychester SC 14842
3140,lisa.ramirez@mitchell.net,Lisa Ramirez,57194 Highland Avenue Lake Lisa MT 98807-1890
3141,michael.carter@outlook.com,Michael Carter,67396 Carter Road Bettymouth ID 43759
3142,nancy.cain@kirby.info,Nancy Cain,80636 Adams Shore Jasonbury IN 86123
3143,sandra.brown@king.com,Sandra Brown,83461 Jefferson Street Stevenfurt NV 52053
3144,charles.young@yahoo.com,Charles Young,93358 Walnut Shore New James VT 42049
3145,amanda.sanchez@aol.com,Amanda Sanchez,79951 Carter Ford Apt. 482 New Michael ME 62273
3146,mary.flores@martin.biz,Mary Flores,31895 Oak Court Apt. 501 Markfurt HI 60696
3147,nancy.jones@carter.net,Nancy Jones,42127 Oak Street Lindatown MI 40161
3148,helen.king@gmail.com,Helen King,71133 Jefferson Lane Suite 392 East Nancy MA 01349
3149,matthew.martin@gmail.com,Matthew Martin,48655 Lake Loop Unit 863 New Anna IL 44185-8669
3150,patricia.williams@wright.biz,Patricia Williams,62225 Ridge Shore West Ronald ND 84244-9403
3151,joseph.perez@moore.net,Joseph Perez,16769 Fox Shore Suite 282 Davidville MI 57075
3152,nicholas.gonzalez@yahoo.com,Nicholas Gonzalez,62073 Highland Path Ste. 576 Jasonstad NH 30638
3153,rebecca.hill@aol.com,Rebecca Hill,19872 Valley Lane Susanton MS 55103-1743
3154,donald.williams@gmail.com,Donald Williams,26784 Davis Road West Joseph TN 42017
3155,jeffrey.johnson@outlook.com,Jeffrey Johnson,51135 Jefferson Road Apt. 992 South William TX 41138
3156,daniel.baker@thomas.org,Daniel Baker,55243 Elm Terrace Unit 112 Susanland TN 15128
3157,donna.wright@outlook.com,Donna Wright,30019 Washington Ford Suite 288 South James IA 91636
3158,brian.mitchell@icloud.com,Brian Mitchell,74810 Brook Shore East Daniel AK 34882-6084
3159,susan.carter@clark.info,Susan Carter,56295 Madison Crossing Ste. 668 New Joshua HI 61831
3160,ronald.young@clark.com,Ronald Young,54275 Fox Terrace Ste. 199 Georgeport WY 69925
3161,linda.lopez@gmail.com,Linda Lopez,74056 Miller Shore Apt. 302 New Steven UT 62172
3162,ashley.baker@garcia.net,Ashley Baker,516 Highland Road Apt. 518 Williamview OH 76232
3163,anna.white@harris.biz,Anna White,89351 Maple Lane Suite 320 Larrychester HI 72342
3164,anthony.martin@gmail.com,Anthony Martin,55450 Maple Crossing North Anna TX 81104
3165,betty.nguyen@yahoo.com,Betty Nguyen,16262 Cook Loop Apt. 271 Benjaminport MN 96083-9695
3166,betty.wright@hotmail.com,Betty Wright,70090 Washington Road Unit 553 Fort Jason WV 84152-1981
3167,elizabeth.brown@icloud.com,Elizabeth Brown,66206 Fox Circle Thomasshire AR 42966
3168,kevin.scott@icloud.com,Kevin Scott,39905 Walnut Shore Benjaminberg NH 69686-6479
3169,amanda.anderson@yahoo.com,Amanda Anderson,54923 Carter Shore Suite 342 Lindatown OH 84440-8202
3170,william.hall@yahoo.com,William Hall,15755 Davis Plaza Apt. 277 North Joshua KY 33276-2822
3171,sandra.king@yahoo.com,Sandra King,94787 Cook Terrace Thomasview FL 05197
3172,jeffrey.carter@ramirez.biz,Jeffrey Carter,36045 Shore Court Lindabury NH 39574
3173,anthony.garcia@aol.com,Anthony Garcia,91584 Carter Square Lindamouth MA 46036
3174,sarah.miller@aol.com,Sarah Miller,55400 Shore Crossing Apt. 587 Sarahside FL 95190
3175,donna.thomas@icloud.com,Donna Thomas,3176 Cedar Plaza South Nancy HI 58447
3176,amy.wilson@icloud.com,Amy Wilson,70557 Spring Drive Georgeport TX 99385
3177,anthony.garcia@icloud.com,Anthony Garcia,33246 Franklin Square Port Ronald NV 12387-6904
3178,lisa.thompson@icloud.com,Lisa Thompson,72797 Oak Loop West Andrew MD 76972-3386
3179,steven.wilson@carter.info,Steven Wilson,4222 Oak Bypass Ste. 423 Edwardhaven SD 05767
3180,margaret.johnson@gmail.com,Margaret Johnson,74361 Pine Shore Suite 441 Lake Michael MI 41761
3181,susan.cain@outlook.com,Susan Cain,68116 Adams Way Ste. 745 East Brian AL 85765
3182,jeffrey.hall@icloud.com,Jeffrey Hall,88545 Miller Road Apt. 162 Port David WY 53410
3183,john.cain@smith.biz,John Cain,89065 Shore Bypass Williamberg TX 34138-3405
3184,matthew.cain@sanchez.org,Matthew Cain,23187 River Crossing Karenland MD 76406
3185,timothy.adams@yahoo.com,Timothy Adams,56599 Ridge Ford Michaeltown NY 89068
3186,patricia.williams@carter.com,Patricia Williams,66729 Valley Run Fort Linda MN 79578
3187,kimberly.walker@scott.com,Kimberly Walker,7877 Lincoln Bypass Larryfort WV 22586
3188,mary.brown@hotmail.com,Mary Brown,95590 Walnut Shore East Betty NY 61028
3189,charles.green@wilson.com,Charles Green,94152 River Run Fort Nancy NV 66390
3190,ronald.moore@smith.org,Ronald Moore,62024 Miller Avenue Ste. 737 Fort Joseph WV 67838-5846
3191,john.scott@sanchez.info,John Scott,82389 Maple Shore Ste. 573 East Betty NC 22632
3192,susan.johnson@hotmail.com,Susan Johnson,17288 Elm Avenue Lake Betty NM 07594
3193,laura.carter@aol.com,Laura Carter,77712 Maple Shore Unit 481 Markville MS 70309
3194,richard.taylor@perez.info,Richard Taylor,46011 Elm Avenue South Jason KY 37075-8657
3195,edward.kirby@gmail.com,Edward Kirby,54416 Spring Bypass Lake Betty TN 39333-8369
3196,andrew.campbell@thomas.org,Andrew Campbell,81283 Fox Pass Suite 160 Williamburgh CA 24919
3197,brian.miller@icloud.com,Brian Miller,67060 Pine Plaza Ste. 999 Markberg WY 61869
3198,betty.smith@hotmail.com,Betty Smith,3804 Johnson Shore Joshuafurt SD 53714
3199,anthony.adams@outlook.com,Anthony Adams,53140 Park Court Ronaldberg FL 57021
3200,linda.carter@walker.biz,Linda Carter,68948 Oak Court South Sarah RI 68779
3201,george.lee@icloud.com,George Lee,25110 Franklin Road Suite 831 Davidstad LA 15107
3202,stephanie.torres@yahoo.com,Stephanie Torres,66545 Valley Crossing Josephfort HI 53398
3203,melissa.nguyen@outlook.com,Melissa Nguyen,46224 Cedar Plaza Larrytown ME 59501
3204,andrew.campbell@brown.org,Andrew Campbell,84350 Meadow Drive Apt. 73 Sarahland CA 88181-5894
3205,jeffrey.walker@outlook.com,Jeffrey Walker,8432 Franklin Street New Joseph DE 03673
3206,jason.cain@aol.com,Jason Cain,55694 Madison Path Fort Kristen WY 01655
3207,brian.garcia@wilson.biz,Brian Garcia,85538 Oak Circle Suite 339 Ronaldtown MO 79391-8662
3208,brian.scott@nelson.com,Brian Scott,93019 Carter Trail Kevinside ID 52802
3209,carol.hill@yahoo.com,Carol Hill,11745 Maple Terrace Unit 778 Lisatown FL 87026-6327
3210,donald.nguyen@gmail.com,Donald Nguyen,40795 Madison Court West Mark VA 74988
3211,jessica.martin@scott.info,Jessica Martin,23143 Lincoln Road East Kevin NY 59557
3212,james.perez@yahoo.com,James Perez,87362 Highland Square Ste. 61 West Ronald OH 21454
3213,michelle.jones@lopez.net,Michelle Jones,85693 Franklin Crossing Suite 489 West Karen LA 98231
3214,margaret.johnson@harris.info,Margaret Johnson,90054 Brook Shore Kristenstad KS 36666
3215,deborah.williams@yahoo.com,Deborah Williams,51507 Valley Plaza Unit 473 Port David WV 61028
3216,ronald.garcia@outlook.com,Ronald Garcia,62974 Madison Bypass Port Nancy MA 81518-3488
3217,susan.anderson@hotmail.com,Susan Anderson,55966 Park Street Ste. 652 Port George CT 50179
3218,karen.wilson@lewis.com,Karen Wilson,1763 Forest Road Larryport RI 01009
3219,amanda.allen@outlook.com,Amanda Allen,19620 Sunset Ford Susanburgh MN 08361
3220,ryan.smith@gmail.com,Ryan Smith,52175 Oak Drive Ste. 60 New Karen DE 16679
3221,rebecca.scott@nelson.info,Rebecca Scott,58173 Franklin Road Unit 423 Port Paul AR 73024
3222,donna.sanchez@miller.com,Donna Sanchez,79409 Walnut Shore Lisafort MD 94342
3223,ryan.scott@aol.com,Ryan Scott,20171 Lincoln Road Ste. 544 Lisaview ID 59588
3224,nicholas.young@icloud.com,Nicholas Young,30814 Craig Ford Lake Karen NY 44640
3225,matthew.kirby@yahoo.com,Matthew Kirby,99858 Spring Way Apt. 745 Williamborough MO 59468
3226,ashley.johnson@aol.com,Ashley Johnson,20990 Park Trail West Steven KS 59901-6342
3227,mary.scott@icloud.com,Mary Scott,22076 Spring Street Ste. 655 West Brian IA 16487
3228,rebecca.hill@gmail.com,Rebecca Hill,67295 Maple Drive Suite 27 Fort Betty AR 40828
3229,sarah.moore@gmail.com,Sarah Moore,45597 Maple Plaza Apt. 632 East Daniel OK 75007
3230,laura.hall@johnson.biz,Laura Hall,89973 Hill Circle Kristenfurt SC 66605
3231,margaret.nelson@outlook.com,Margaret Nelson,68602 Maple Trail Suite 440 Thomashaven CT 14477
3232,betty.nelson@aol.com,Betty Nelson,36578 Hill Shore Ste. 52 Benjaminborough WV 69010
3233,matthew.wright@icloud.com,Matthew Wright,1626 Lincoln Path Lake Andrew NM 24152-1110
3234,larry.wilson@gmail.com,Larry Wilson,48006 Maple Square Lake Mark OK 80804
3235,deborah.miller@hill.org,Deborah Miller,83156 Miller Circle Suite 625 Lake Edward NC 28770-6945
3236,james.nguyen@gmail.com,James Nguyen,1413 Lake Way Unit 955 Josephmouth NH 99554
3237,timothy.robinson@hotmail.com,Timothy Robinson,75761 Madison Lane Apt. 241 Joshuachester WV 49592-5558
3238,thomas.king@williams.com,Thomas King,68596 Craig Street Unit 489 North Kevin CT 89106
3239,laura.brown@aol.com,Laura Brown,47613 Valley Drive Apt. 482 South Betty NY 32747-6236
3240,helen.davis@miller.com,Helen Davis,19394 Adams Drive Apt. 99 Markchester WV 64249
3241,gary.clark@outlook.com,Gary Clark,21829 Craig Pass Apt. 383 Port Andrew KY 91542
3242,daniel.rivera@hotmail.com,Daniel Rivera,68063 Hill Path East Nancy MO 25534
3243,matthew.allen@yahoo.com,Matthew Allen,75668 Sunset Crossing Ste. 898 Stevenchester NC 61690
3244,anthony.kirby@hotmail.com,Anthony Kirby,46245 Lake Avenue Apt. 960 Williamview NJ 49925
3245,james.williams@yahoo.com,James Williams,83450 Johnson Shore North Kevin CT 38433
3246,donald.robinson@mitchell.info,Donald Robinson,91583 Highland Road Fort Mark PA 71402
3247,ashley.kirby@baker.org,Ashley Kirby,32628 Park Loop Williamside VA 20665
3248,deborah.wilson@hill.info,Deborah Wilson,43366 Johnson Terrace Danielhaven LA 38768
3249,david.flores@outlook.com,David Flores,20375 Hill Avenue Apt. 804 Port George KY 89684-3154
3250,emily.scott@white.net,Emily Scott,27585 Oak Crossing Ste. 46 Thomasberg RI 79489-2216
3251,larry.white@allen.com,Larry White,68086 River Path Ste. 150 Nancyhaven AL 41124
3252,sandra.young@outlook.com,Sandra Young,13968 Oak Drive Apt. 650 Port Betty MI 86372
3253,timothy.sanchez@martin.net,Timothy Sanchez,90091 Brook Path Apt. 220 New Paul OK 68426
3254,ashley.white@allen.net,Ashley White,12127 Craig Crossing Apt. 937 Andrewhaven AK 33045
3255,mark.young@icloud.com,Mark Young,43837 Jefferson Court Fort Joseph WY 15801
3256,elizabeth.clark@hall.info,Elizabeth Clark,65083 Highland Road Jamesville VA 77983-9262
3257,mary.jackson@hotmail.com,Mary Jackson,91644 Washington Ford Marktown MI 50256
3258,jason.taylor@aol.com,Jason Taylor,16029 Cook Bypass Danielstad NJ 22775
3259,amanda.baker@brown.net,Amanda Baker,21004 Brook Terrace Port Benjamin IN 08505-4481
3260,john.garcia@aol.com,John Garcia,14953 Johnson Shore Apt. 890 Lake Nancy OH 73273-2300
3261,andrew.martin@davis.net,Andrew Martin,54430 Spring Shore Lake Joseph NJ 22949
3262,patricia.wright@brown.net,Patricia Wright,75439 Ridge Drive Suite 20 Georgeville NJ 79900
3263,elizabeth.mitchell@yahoo.com,Elizabeth Mitchell,52129 Hill Avenue Suite 77 Fort Kristen ID 04918
3264,michelle.wright@williams.biz,Michelle Wright,40959 Craig Bypass Susanhaven CO 93342-7602
3265,larry.lewis@outlook.com,Larry Lewis,20641 Cook Trail Suite 445 Ronaldberg VT 90810
3266,matthew.wilson@yahoo.com,Matthew Wilson,47603 Fox Street Thomasmouth MA 09943-5458
3267,anthony.jones@gmail.com,Anthony Jones,47703 Maple Plaza Apt. 674 Port Sarah IL 08223
3268,amy.torres@miller.org,Amy Torres,115 Davis Trail Apt. 347 Paulview NE 45228-1817
3269,richard.white@aol.com,Richard White,47535 Davis Court Suite 603 New Andrew AL 04626
3270,sarah.brown@icloud.com,Sarah Brown,49539 Carter Terrace Unit 441 Stevenburgh LA 52292
3271,rebecca.kirby@hotmail.com,Rebecca Kirby,83084 Valley Terrace Andrewshire MO 98372-3643
3272,mary.brown@icloud.com,Mary Brown,78455 Fox Avenue Suite 98 Lake Anna RI 69459
3273,kevin.carter@gmail.com,Kevin Carter,77935 Elm Pass Lake Anna WV 76808
3274,anthony.lewis@hotmail.com,Anthony Lewis,2839 Adams Way Ste. 664 East Paul SD 68528
3275,charles.lopez@nelson.info,Charles Lopez,45421 Franklin Loop Lisatown HI 02331-1057
3276,thomas.wright@williams.net,Thomas Wright,29901 Brook Plaza Ste. 386 Williamstad ME 19698
3277,amanda.campbell@icloud.com,Amanda Campbell,76389 Johnson Trail Suite 885 Lake David AL 74391
3278,mary.miller@kirby.info,Mary Miller,94327 Ridge Trail Unit 435 Karenmouth NH 91168-5164
3279,barbara.sanchez@cain.biz,Barbara Sanchez,3351 Hill Court Suite 271 Paulshire NH 06400-4245
3280,mark.carter@gmail.com,Mark Carter,64585 Oak Circle Apt. 372 Lake Jason IL 87604
3281,william.taylor@ramirez.info,William Taylor,24541 Park Loop Unit 307 Danielchester LA 89993-7363
3282,susan.ramirez@perez.biz,Susan Ramirez,35248 Hill Loop Apt. 629 Port Betty SD 14542-9899
3283,david.torres@icloud.com,David Torres,46492 Franklin Street Suite 801 Susanshire MO 37408
3284,rebecca.robinson@outlook.com,Rebecca Robinson,72845 Ridge Way Suite 569 Lake Kristen WV 90194-6008
3285,susan.scott@yahoo.com,Susan Scott,46785 Miller Shore Larryfort NV 16703-9535
3286,matthew.flores@gmail.com,Matthew Flores,32983 Washington Square Lake Joseph AL 33258-9872
3287,timothy.sanchez@aol.com,Timothy Sanchez,15543 Elm Run Kevinchester ID 70479
3288,stephanie.nguyen@cain.org,Stephanie Nguyen,25627 Craig Circle Suite 752 Jameston IA 74664
3289,charles.kirby@outlook.com,Charles Kirby,83638 Davis Crossing Andrewville PA 85763-1284
3290,karen.carter@brown.biz,Karen Carter,60156 Cook Path Ste. 301 Kevinshire MN 93623-8151
3291,emily.jones@anderson.biz,Emily Jones,59685 Franklin Pass Unit 252 Lake Joshua MS 55152
3292,kevin.martin@outlook.com,Kevin Martin,82011 Hill Run Ste. 233 Fort Mary HI 35664
3293,sandra.mitchell@icloud.com,Sandra Mitchell,83291 Pine Run Port Susan WI 43093
3294,john.taylor@yahoo.com,John Taylor,40495 Sunset Shore South Joseph OR 67455
3295,stephanie.baker@icloud.com,Stephanie Baker,83077 Franklin Ford Stevenville PA 14536
3296,anna.davis@martinez.com,Anna Davis,56167 Washington Crossing Apt. 474 New William IN 10862
3297,thomas.lopez@yahoo.com,Thomas Lopez,45248 Davis Street Josephview DE 09569-5701
3298,betty.white@davis.net,Betty White,58457 Spring Court Ste. 908 Jameschester MD 16865-6302
3299,amy.perez@sanchez.org,Amy Perez,59352 Sunset Bypass Nancyport MA 78654-7593
3300,richard.robinson@kirby.net,Richard Robinson,71591 Adams Drive North Lisa TX 48960
3301,melissa.brown@outlook.com,Melissa Brown,1381 Oak Court Bettyton WI 88948-5658
3302,lisa.hall@aol.com,Lisa Hall,22444 Franklin Bypass Unit 710 Fort Mary WI 57876
3303,patricia.taylor@icloud.com,Patricia Taylor,12379 Pine Road Apt. 782 South Nancy WV 01906
3304,anna.green@icloud.com,Anna Green,68867 Walnut Court Susanshire NY 55056-4029
3305,ronald.robinson@icloud.com,Ronald Robinson,53462 Cedar Road Danielmouth VT 22150
3306,stephanie.baker@brown.biz,Stephanie Baker,9955 Valley Terrace Larrychester VT 67041
3307,larry.martinez@outlook.com,Larry Martinez,63890 Maple Circle Apt. 251 Williamtown WI 69302
3308,anna.miller@hotmail.com,Anna Miller,78461 Craig Pass Unit 544 Benjaminborough VT 04969-2443
3309,mark.robinson@yahoo.com,Mark Robinson,69710 Washington Crossing Lake Ronald SD 75360-1948
3310,deborah.wright@martinez.info,Deborah Wright,84805 Cedar Court Unit 256 Jamesview PA 68709
3311,susan.carter@outlook.com,Susan Carter,22040 Madison Square Suite 349 East James AR 92097
3312,kimberly.kirby@aol.com,Kimberly Kirby,36726 Brook Pass Suite 284 Williammouth OK 01114-8168
3313,john.davis@aol.com,John Davis,26517 Highland Avenue Ste. 315 Susanside IN 59808
3314,kimberly.clark@robinson.com,Kimberly Clark,17130 Johnson Crossing Port Kevin IL 81113
3315,carol.lee@hall.com,Carol Lee,53530 Oak Circle Ste. 299 Port Mark OK 33900
3316,gary.sanchez@icloud.com,Gary Sanchez,32040 Washington Pass Thomasville NC 36698
3317,karen.robinson@icloud.com,Karen Robinson,65107 Valley Run Unit 988 South Thomas CA 71218
3318,amy.young@lopez.info,Amy Young,38325 Madison Loop Maryhaven AZ 37968-5374
3319,daniel.carter@outlook.com,Daniel Carter,65181 Oak Avenue Ste. 832 Bettyborough PA 73796
3320,james.harris@rivera.net,James Harris,30790 Johnson Circle Apt. 604 South George NC 96189
3321,sarah.gonzalez@gmail.com,Sarah Gonzalez,82037 Hill Circle Benjaminfort WA 50194
3322,ryan.jones@outlook.com,Ryan Jones,13426 Miller Shore Joshuafort IN 82873
3323,carol.williams@aol.com,Carol Williams,39944 Cook Lane Markshire ID 48050
3324,james.harris@hotmail.com,James Harris,47926 Forest Pass Ste. 218 Lisaville AL 90848
3325,sandra.adams@carter.org,Sandra Adams,51780 Oak Plaza North Anna AR 76005
3326,deborah.kirby@white.net,Deborah Kirby,53580 Maple Plaza Suite 452 New Brian VT 22564-7136
3327,anthony.nguyen@aol.com,Anthony Nguyen,12080 Pine Trail Ste. 888 Sarahborough NJ 44568
3328,nancy.taylor@gmail.com,Nancy Taylor,50497 Sunset Court New David IL 31863
3329,andrew.davis@jackson.biz,Andrew Davis,92431 Franklin Run Suite 560 Edwardburgh NC 62112
3330,ashley.wright@gmail.com,Ashley Wright,37996 Fox Road Apt. 961 Fort Karen MI 14801-7395
3331,jennifer.scott@ramirez.biz,Jennifer Scott,7508 Hill Lane Maryfurt RI 85746
3332,charles.gonzalez@johnson.com,Charles Gonzalez,11210 Sunset Court Lindabury RI 81062
3333,nicholas.cain@hotmail.com,Nicholas Cain,52669 Brook Loop Apt. 59 South Thomas MN 59555
3334,william.ramirez@green.org,William Ramirez,14407 Oak Trail Ste. 498 Port Daniel RI 48352
3335,george.baker@campbell.com,George Baker,94408 Lake Court South Sarah CO 78247
3336,daniel.lee@torres.net,Daniel Lee,17425 Fox Path Unit 687 East Lisa VA 82864
3337,jessica.jackson@icloud.com,Jessica Jackson,69348 Lake Way North Anna KS 89485
3338,sandra.thomas@allen.info,Sandra Thomas,66449 Shore Path Danielfort NV 31401
3339,patricia.jackson@icloud.com,Patricia Jackson,31472 Forest Run Unit 625 North Brian ME 35132
3340,elizabeth.lewis@yahoo.com,Elizabeth Lewis,47587 Madison Court Apt. 492 Williamton RI 44784-3672
3341,kimberly.robinson@gmail.com,Kimberly Robinson,59917 Forest Bypass West Jason KY 51047
3342,susan.ramirez@aol.com,Susan Ramirez,4161 Walnut Plaza Suite 693 Lisachester OH 65855
3343,anna.rivera@gmail.com,Anna Rivera,14034 Sunset Run Georgeside MA 52601
3344,donald.hill@robinson.org,Donald Hill,88770 Shore Drive Ste. 797 Port Larry NE 54265
3345,melissa.mitchell@sanchez.net,Melissa Mitchell,53020 Walnut Drive West James AL 26936-7718
3346,michael.jackson@hill.biz,Michael Jackson,55330 Madison Shore Lake Brian LA 75320
3347,joseph.carter@outlook.com,Joseph Carter,39020 Adams Drive Stevenborough ME 14524-8619
3348,anthony.davis@aol.com,Anthony Davis,85578 Cook Bypass Bettyland KY 67542-1149
3349,nicholas.kirby@torres.com,Nicholas Kirby,2561 Ridge Drive North Steven MN 53348
3350,donna.sanchez@gmail.com,Donna Sanchez,10537 Hill Road Unit 137 Benjaminstad DE 42059
3351,daniel.young@baker.com,Daniel Young,60677 Franklin Square Suite 668 Danielbury WA 75792
3352,william.anderson@hotmail.com,William Anderson,57232 Madison Avenue Unit 263 Sarahhaven MO 12006
3353,jeffrey.hall@martinez.biz,Jeffrey Hall,93804 Valley Ford New Mary CA 71075
3354,brian.green@walker.com,Brian Green,87704 Park Circle Apt. 218 Port David VT 48448-2041
3355,michael.adams@wilson.biz,Michael Adams,36858 Highland Crossing North Paul AR 10978
3356,jeffrey.mitchell@yahoo.com,Jeffrey Mitchell,92553 Elm Trail Maryborough SD 35360
3357,karen.flores@clark.com,Karen Flores,69954 Franklin Shore Suite 856 Brianfort ME 94271
3358,karen.johnson@hotmail.com,Karen Johnson,5784 Miller Court Joshuaborough AK 50060
3359,andrew.garcia@smith.org,Andrew Garcia,88130 Forest Court Unit 80 Port Betty AK 87752
3360,margaret.brown@icloud.com,Margaret Brown,45815 Miller Road South Brian AL 31413-9767
3361,jessica.white@aol.com,Jessica White,32902 Adams Avenue Karenfurt AR 77605
3362,deborah.rivera@brown.biz,Deborah Rivera,46620 Oak Pass Lake Paul IL 77261-1621
3363,susan.mitchell@icloud.com,Susan Mitchell,82996 Spring Lane Port Joseph AK 44361
3364,deborah.hall@hotmail.com,Deborah Hall,95104 Brook Avenue Fort David MO 46232
3365,donald.king@wilson.biz,Donald King,31943 Jefferson Road Unit 82 Nancyfort MN 59316
3366,ashley.martinez@allen.net,Ashley Martinez,89078 Meadow Pass Apt. 619 South Benjamin UT 10330
3367,kimberly.clark@flores.biz,Kimberly Clark,89283 Jefferson Way Joshuafurt NH 99786-7873
3368,david.adams@icloud.com,David Adams,49538 Miller Shore Sarahburgh OH 84737
3369,matthew.allen@hotmail.com,Matthew Allen,7106 Cook Avenue Unit 908 Jasonmouth AZ 34041
3370,helen.torres@lewis.org,Helen Torres,27383 Fox Way Karentown NY 25922
3371,larry.miller@hotmail.com,Larry Miller,35347 Craig Pass Suite 588 New Anna CA 24707-4208
3372,timothy.harris@yahoo.com,Timothy Harris,80109 Maple Way Jasonmouth NV 11820
3373,deborah.harris@outlook.com,Deborah Harris,36090 Davis Bypass South David ID 59060
3374,nancy.garcia@hall.net,Nancy Garcia,71364 Washington Street Kevinberg AL 86382-7328
3375,patricia.flores@wilson.com,Patricia Flores,11972 Meadow Lane Kristentown ME 10104
3376,anthony.white@thomas.com,Anthony White,5039 Brook Shore South Anna MT 65321-3141
3377,ryan.jackson@icloud.com,Ryan Jackson,33147 Adams Pass Ste. 50 Kristenview NJ 85396-8424
3378,ashley.king@davis.net,Ashley King,33606 Elm Loop Suite 471 New Nancy TX 34713
3379,stephanie.king@rivera.net,Stephanie King,85991 Cedar Crossing Unit 786 Fort Steven UT 57172
3380,andrew.flores@hotmail.com,Andrew Flores,59064 Fox Drive Fort Edward WA 42969
3381,timothy.rivera@carter.info,Timothy Rivera,79163 Pine Shore Andrewberg WV 64318
3382,andrew.hall@martin.com,Andrew Hall,28570 Cook Loop Unit 860 North Ronald IN 04251-9922
3383,elizabeth.kirby@cain.net,Elizabeth Kirby,3174 River Way Lake Karen NH 46510-8113
3384,stephanie.moore@williams.info,Stephanie Moore,27732 Lake Plaza Ste. 875 Georgeberg AR 26225
3385,matthew.young@outlook.com,Matthew Young,23074 Brook Drive Lisaton WV 34847
3386,rebecca.flores@carter.biz,Rebecca Flores,90719 Franklin Bypass Unit 515 North Andrew IA 08874
3387,daniel.nelson@lewis.info,Daniel Nelson,16729 Pine Street Suite 720 West Benjamin OR 70573
3388,ryan.adams@sanchez.info,Ryan Adams,30637 Valley Avenue Apt. 955 South George TN 60192-1204
3389,donald.mitchell@outlook.com,Donald Mitchell,70109 Highland Square North Anna ME 62952
3390,matthew.nguyen@clark.biz,Matthew Nguyen,74715 Meadow Road East Linda ID 42616
3391,amy.white@aol.com,Amy White,83996 Carter Pass Lake William MO 83115
3392,larry.wilson@adams.com,Larry Wilson,86160 Davis Shore Suite 904 Andrewton UT 58657
3393,stephanie.johnson@gmail.com,Stephanie Johnson,81493 Brook Drive Suite 667 Fort Joseph MI 95074
3394,james.baker@icloud.com,James Baker,84306 Ridge Drive Unit 94 New Thomas ID 72767
3395,paul.williams@icloud.com,Paul Williams,95675 Highland Way Apt. 28 Markport AR 47053
3396,brian.allen@yahoo.com,Brian Allen,36028 Spring Circle Ste. 541 Fort Sarah SC 83443
3397,nicholas.anderson@yahoo.com,Nicholas Anderson,38739 Lincoln Street East Anna OH 65326
3398,susan.kirby@moore.info,Susan Kirby,39607 Lake Path South Joshua MD 69484
3399,kevin.rivera@martinez.biz,Kevin Rivera,44087 Cedar Circle Markton OK 41916
3400,ashley.miller@outlook.com,Ashley Miller,62592 Spring Drive Apt. 346 Josephport NJ 52557
3401,richard.thomas@gmail.com,Richard Thomas,81741 Johnson Court Ste. 436 East Edward WY 17915
3402,ryan.hill@hotmail.com,Ryan Hill,15150 Highland Run Ste. 380 West James MS 91134
3403,brian.wright@hotmail.com,Brian Wright,84300 Miller Shore Benjaminfurt MN 58622-6448
3404,amanda.allen@walker.info,Amanda Allen,55085 Madison Loop Unit 118 South Anna ID 60786
3405,sandra.king@lopez.org,Sandra King,79614 Jefferson Loop Apt. 943 East Michael WI 71920
3406,anthony.carter@thompson.com,Anthony Carter,40629 Cedar Pass Unit 319 North Anna CT 85506
3407,michelle.brown@gmail.com,Michelle Brown,38491 Miller Drive Ronaldville SD 23206
3408,paul.green@hotmail.com,Paul Green,68228 Lincoln Trail Benjaminburgh FL 61120
3409,michael.ramirez@baker.net,Michael Ramirez,42264 Brook Square New George PA 13597
3410,charles.thomas@hotmail.com,Charles Thomas,1936 Craig Road Apt. 171 Kristenhaven KY 13699
3411,timothy.white@icloud.com,Timothy White,38820 Cook Avenue Port Karen MA 17613
3412,brian.martin@yahoo.com,Brian Martin,68870 Craig Lane Ste. 328 Port Kristen AL 73669-9908
3413,joseph.adams@allen.biz,Joseph Adams,67137 Craig Shore Lake Jason IL 60777
3414,andrew.harris@campbell.info,Andrew Harris,82626 Hill Avenue Apt. 11 New Edward OH 09194
3415,margaret.scott@davis.com,Margaret Scott,92847 Miller Way West David LA 10056
3416,edward.johnson@wright.net,Edward Johnson,58471 Craig Avenue Apt. 635 Georgeshire GA 87796
3417,barbara.lee@yahoo.com,Barbara Lee,40254 Hill Way Ste. 661 Bettyborough MN 80823-3306
3418,deborah.carter@anderson.org,Deborah Carter,47710 Ridge Crossing South Karen MT 86825-9448
3419,jeffrey.nguyen@outlook.com,Jeffrey Nguyen,10801 Fox Terrace Ste. 375 East Mark NE 12310-1935
3420,jason.nelson@hill.org,Jason Nelson,8552 Franklin Crossing Larryton ID 61843
3421,nicholas.young@rivera.net,Nicholas Young,36123 Meadow Court West Lisa SC 16858
3422,david.young@aol.com,David Young,39533 Davis Court New Mark ID 56166-9466
3423,lisa.perez@kirby.info,Lisa Perez,86186 Park Shore Paulfurt MN 60877
3424,patricia.scott@moore.com,Patricia Scott,86292 Forest Crossing Apt. 674 Josephborough MN 92422
3425,laura.flores@gmail.com,Laura Flores,92139 Adams Circle Benjaminburgh MI 92037
3426,jennifer.garcia@white.com,Jennifer Garcia,35908 Park Trail Michaeltown UT 05872-6651
3427,jennifer.scott@harris.info,Jennifer Scott,18316 Madison Court Lake Brian NM 91321
3428,david.moore@outlook.com,David Moore,37959 Miller Way Suite 967 Maryborough NH 18305
3429,kevin.kirby@brown.net,Kevin Kirby,4943 Highland Drive Ste. 315 Paulville NC 02882
3430,gary.carter@icloud.com,Gary Carter,20282 Hill Road Ste. 897 South Mary WY 57717
3431,deborah.green@young.info,Deborah Green,49664 Ridge Crossing Unit 356 Port Lisa MA 51354
3432,nancy.kirby@clark.info,Nancy Kirby,35145 Davis Square Ste. 318 Nancytown DE 30381-1880
3433,elizabeth.lee@outlook.com,Elizabeth Lee,84126 Lincoln Plaza Fort Betty NC 46760-5350
3434,brian.flores@moore.org,Brian Flores,59753 Craig Trail Michaelchester AZ 44114
3435,anthony.gonzalez@robinson.net,Anthony Gonzalez,56120 Meadow Street Markhaven TN 16810-8223
3436,ryan.thompson@perez.org,Ryan Thompson,74004 Adams Lane Suite 682 East Michael CA 81740
3437,betty.lewis@williams.biz,Betty Lewis,861 Cedar Way Ste. 302 Maryhaven AR 35604
3438,anna.torres@aol.com,Anna Torres,20448 Johnson Street Port Mark WY 36560
3439,kevin.gonzalez@jackson.info,Kevin Gonzalez,51275 Spring Square Ste. 648 Andrewfort TX 63981
3440,anthony.jackson@martin.biz,Anthony Jackson,88428 Oak Loop Suite 809 Stevenborough HI 96110-8324
3441,rebecca.scott@flores.net,Rebecca Scott,42211 Sunset Bypass Ste. 21 Fort Michael AR 19342
3442,stephanie.king@jackson.org,Stephanie King,81518 Valley Loop Thomasborough MS 75092
3443,john.flores@aol.com,John Flores,11957 Walnut Ford Apt. 462 Annafort VT 91411-6030
3444,john.davis@mitchell.org,John Davis,43063 Park Road Unit 710 Joshuaside ME 46551
3445,sandra.johnson@carter.info,Sandra Johnson,23580 Miller Court North Betty FL 68413
3446,william.garcia@gmail.com,William Garcia,20266 Spring Street Suite 133 Williamton MO 01377
3447,ryan.walker@hotmail.com,Ryan Walker,35986 Spring Road Ste. 3 Port Mary KS 95969
3448,jessica.johnson@flores.com,Jessica Johnson,77749 Carter Ford West David WA 95641
3449,jessica.nelson@rivera.com,Jessica Nelson,46106 Cedar Pass Apt. 685 Lake Kristen KY 96711
3450,george.jackson@yahoo.com,George Jackson,51016 Oak Avenue Lindashire TN 62680-3760
3451,thomas.cain@rivera.org,Thomas Cain,31184 Cook Way Jamesfurt AL 35909
3452,ashley.nguyen@hotmail.com,Ashley Nguyen,83272 Hill Road Ste. 37 Thomasport TX 30552-6996
3453,matthew.harris@hotmail.com,Matthew Harris,77441 Maple Square Ronaldberg SC 74902
3454,sarah.allen@torres.biz,Sarah Allen,5649 Cook Terrace South George IL 69763-3060
3455,lisa.flores@aol.com,Lisa Flores,88415 Jefferson Shore Ste. 906 Benjaminburgh NJ 42239-7756
3456,carol.harris@hotmail.com,Carol Harris,67710 Cook Way Ste. 889 Edwardmouth HI 27470-3976
3457,larry.taylor@gmail.com,Larry Taylor,52436 Washington Bypass Georgeview OR 62516
3458,john.campbell@white.com,John Campbell,44648 Pine Bypass Josephton GA 72773
3459,michael.miller@aol.com,Michael Miller,53991 Elm Court Apt. 652 Lake Michael FL 20089-3559
3460,david.moore@yahoo.com,David Moore,30435 Lake Ford Suite 196 East Lisa TX 89090-4863
3461,karen.smith@walker.biz,Karen Smith,12667 Walnut Plaza Apt. 619 Port Anna SD 64529
3462,elizabeth.torres@icloud.com,Elizabeth Torres,91369 Adams Circle Michaelton WY 71432
3463,helen.nguyen@lewis.biz,Helen Nguyen,47666 Spring Way Unit 4 Benjaminbury AZ 79304-5030
3464,helen.anderson@yahoo.com,Helen Anderson,63690 Sunset Street Fort George WA 22478
3465,sandra.campbell@carter.com,Sandra Campbell,56372 Park Run Unit 832 Lisatown VA 60044
3466,william.king@martinez.org,William King,25560 River Bypass Apt. 609 East Larry ND 30240-2355
3467,william.young@martin.com,William Young,94717 Hill Road Suite 395 New Kevin PA 93455-1694
3468,gary.rivera@thomas.org,Gary Rivera,9853 Hill Trail Apt. 190 Josephstad MS 51838
3469,joseph.allen@green.biz,Joseph Allen,29003 Walnut Terrace Ste. 931 South Mary TN 61172-6773
3470,amy.lopez@wright.com,Amy Lopez,27261 Johnson Square Brianville WA 80876-4969
3471,timothy.cain@icloud.com,Timothy Cain,35222 Meadow Loop Unit 61 Larrychester NM 17922-4130
3472,anna.carter@aol.com,Anna Carter,55329 Maple Loop Unit 516 Susanbury ME 62129
3473,timothy.perez@aol.com,Timothy Perez,12941 Adams Loop Unit 978 Edwardchester AZ 73875
3474,anthony.scott@yahoo.com,Anthony Scott,60140 Craig Lane Apt. 694 Brianstad SD 14540
3475,melissa.adams@hotmail.com,Melissa Adams,46641 Highland Lane Josephview TX 54497
3476,helen.green@icloud.com,Helen Green,74759 Lincoln Ford Michaeltown AZ 33552-5368
3477,david.moore@martin.com,David Moore,93835 River Shore Unit 871 Jamesmouth NE 84089-4615
3478,sarah.smith@carter.com,Sarah Smith,62812 Maple Terrace Unit 195 Kristenville MI 89581
3479,mark.king@gmail.com,Mark King,81246 Valley Drive Joshuaside HI 48638-7583
3480,jessica.torres@outlook.com,Jessica Torres,72061 Miller Ford Ste. 298 Port Steven IA 05851
3481,george.campbell@aol.com,George Campbell,10498 Cook Bypass North George ME 69643
3482,nancy.harris@jackson.com,Nancy Harris,13834 Elm Square Suite 27 West George AR 87231
3483,ronald.smith@icloud.com,Ronald Smith,25310 Maple Trail New Michael OR 79767-7787
3484,charles.smith@williams.com,Charles Smith,9718 Oak Crossing Unit 702 Williamfurt MN 49558
3485,barbara.williams@aol.com,Barbara Williams,67413 Miller Loop Ste. 426 Port Sarah MN 85866-2900
3486,thomas.allen@gmail.com,Thomas Allen,43633 Shore Shore East Jason NJ 63145-3557
3487,james.lee@king.info,James Lee,15154 Cedar Plaza Suite 929 Larrytown CT 34561-7058
3488,donna.lopez@gmail.com,Donna Lopez,51596 Cedar Circle North Andrew NY 25480
3489,matthew.gonzalez@icloud.com,Matthew Gonzalez,4822 Carter Road Suite 192 Fort Joseph MA 97162-6016
3490,daniel.rivera@jackson.net,Daniel Rivera,72031 Franklin Ford East Linda WY 31177
3491,mark.cain@gmail.com,Mark Cain,76425 Washington Bypass Annastad WY 08722-9275
3492,jennifer.davis@hill.info,Jennifer Davis,92806 Elm Run Apt. 529 Edwardshire WA 11076
3493,emily.taylor@perez.org,Emily Taylor,83451 Sunset Trail Josephhaven NV 35157
3494,steven.anderson@icloud.com,Steven Anderson,56918 Shore Circle Ronaldville AZ 44814-3802
3495,joshua.flores@baker.info,Joshua Flores,19552 Adams Road Ste. 505 South Paul MO 60705
3496,james.carter@aol.com,James Carter,90692 Lake Court Brianland SD 47990-4587
3497,william.campbell@perez.info,William Campbell,75641 Park Ford Brianview MO 11996
3498,anthony.green@gmail.com,Anthony Green,58586 River Run West Paul FL 50985
3499,laura.harris@icloud.com,Laura Harris,73795 Highland Run Suite 90 Benjaminport LA 01215
3500,donna.kirby@martinez.info,Donna Kirby,51359 Davis Road Port James IN 29644
3501,kevin.green@cain.info,Kevin Green,51354 Shore Pass Unit 363 New Steven AZ 45532
3502,mary.nelson@wright.com,Mary Nelson,5742 Highland Path Suite 709 Kevinfort AZ 47069
3503,nancy.clark@jackson.net,Nancy Clark,76782 Jefferson Bypass Port William MT 07314
3504,edward.martinez@aol.com,Edward Martinez,80056 Cook Crossing Suite 781 Annashire SC 71333-9082
3505,ashley.taylor@anderson.com,Ashley Taylor,12378 Johnson Crossing Suite 998 Fort Thomas NH 44626
3506,edward.adams@thomas.com,Edward Adams,64811 Meadow Road Fort David TN 88139
3507,helen.martinez@smith.biz,Helen Martinez,32578 Shore Ford Kristenberg NV 65972-8034
3508,donald.thompson@robinson.org,Donald Thompson,26757 Forest Bypass Fort Michael IL 79440
3509,sandra.carter@yahoo.com,Sandra Carter,7534 Miller Loop Suite 213 West Edward AL 16161-3347
3510,stephanie.carter@yahoo.com,Stephanie Carter,33796 Cedar Way Suite 591 Fort Andrew ND 71093
3511,matthew.jones@harris.net,Matthew Jones,73828 Fox Pass North Ronald RI 07288-5733
3512,melissa.adams@harris.net,Melissa Adams,57007 River Avenue Andrewbury FL 57561-6578
3513,jessica.carter@cain.com,Jessica Carter,95018 Brook Shore North Edward NE 47622
3514,emily.miller@hall.biz,Emily Miller,77137 Forest Way Ronaldstad SC 76514
3515,ryan.lopez@ramirez.org,Ryan Lopez,46273 Sunset Path Larryland OH 39539
3516,mark.williams@jackson.org,Mark Williams,33525 Walnut Drive Ronaldland MO 85424
3517,donna.smith@outlook.com,Donna Smith,44592 Walnut Crossing South Anna ND 94759-5176
3518,elizabeth.hall@gmail.com,Elizabeth Hall,20868 Jefferson Run Ste. 551 Lindaside IL 39719
3519,george.williams@yahoo.com,George Williams,14696 Franklin Pass Suite 841 Bettyview AZ 12616-7999
3520,laura.martin@aol.com,Laura Martin,58529 Hill Trail Unit 868 East Kevin OR 29643
3521,karen.taylor@cain.org,Karen Taylor,94720 Jefferson Plaza Apt. 903 Susanberg ND 27016
3522,anthony.white@kirby.biz,Anthony White,15802 Lincoln Trail New Joseph RI 94210
3523,karen.wilson@aol.com,Karen Wilson,93118 Walnut Bypass Apt. 23 Fort Ronald RI 14684
3524,jason.moore@baker.info,Jason Moore,67783 Franklin Shore Suite 528 Stevenland KS 37326
3525,james.martinez@miller.biz,James Martinez,84719 Lincoln Terrace Suite 521 Fort Lisa ND 15162
3526,sandra.mitchell@jackson.com,Sandra Mitchell,45982 Fox Crossing East Kristen IL 78965
3527,carol.smith@smith.info,Carol Smith,66732 Franklin Crossing Unit 343 Lake Mary WV 42770
3528,nicholas.flores@white.net,Nicholas Flores,85599 Walnut Way Port William LA 24693
3529,steven.thomas@hotmail.com,Steven Thomas,12309 Franklin Drive Unit 448 West Steven LA 67624
3530,jason.baker@icloud.com,Jason Baker,34758 Washington Circle Unit 77 East Andrew NH 90284
3531,sandra.robinson@outlook.com,Sandra Robinson,9054 Lincoln Way Ste. 686 West Betty MO 41183-1986
3532,mary.rivera@hotmail.com,Mary Rivera,54143 Sunset Plaza Thomasmouth NH 69194-8763
3533,steven.robinson@hotmail.com,Steven Robinson,119 Lake Drive Ste. 781 Lake Anna IL 60205-1106
3534,deborah.garcia@yahoo.com,Deborah Garcia,54907 Ridge Circle South Jason TX 50338
3535,anthony.martinez@hotmail.com,Anthony Martinez,44802 Lincoln Shore Unit 599 Nancyland RI 59843
3536,matthew.lee@icloud.com,Matthew Lee,39211 Hill Lane Karenbury AZ 44475-5259
3537,sandra.harris@icloud.com,Sandra Harris,91627 Sunset Path Edwardfurt CA 74688
3538,betty.white@nguyen.com,Betty White,58594 Oak Court Lindamouth ND 60079-6786
3539,deborah.baker@hotmail.com,Deborah Baker,85485 Adams Drive Ste. 921 Lisaborough MD 36430
3540,elizabeth.thomas@aol.com,Elizabeth Thomas,34117 Craig Trail Susanport SD 82502-8395
3541,lisa.lopez@taylor.com,Lisa Lopez,64015 Hill Trail Ste. 107 Fort Lisa NJ 26366
3542,andrew.williams@outlook.com,Andrew Williams,16168 Shore Lane Ste. 217 Fort Edward CO 31742
3543,ronald.walker@hotmail.com,Ronald Walker,2728 Spring Bypass Susanview NE 95152-3778
3544,sarah.campbell@harris.biz,Sarah Campbell,95045 Franklin Pass West Nancy FL 24613
3545,joshua.flores@garcia.org,Joshua Flores,64854 Shore Loop Suite 704 Port George NH 13058
3546,ashley.adams@outlook.com,Ashley Adams,80012 River Plaza Unit 709 Lake Joseph RI 66897-1424
3547,jason.hill@gmail.com,Jason Hill,29290 Johnson Drive Unit 132 Danielburgh CA 46332
3548,ashley.martinez@johnson.biz,Ashley Martinez,14947 Meadow Bypass Suite 462 Thomasbury NM 86610
3549,george.nguyen@gmail.com,George Nguyen,27563 Cedar Way South Lisa IL 26318
3550,charles.davis@gmail.com,Charles Davis,29316 Valley Drive Apt. 835 Kristenburgh HI 45210
3551,edward.harris@aol.com,Edward Harris,9145 Jefferson Run Edwardbury NM 06541-8865
3552,anna.thompson@icloud.com,Anna Thompson,95199 Lake Terrace West Ronald LA 29364
3553,nancy.white@lopez.info,Nancy White,61812 Walnut Circle North Paul MD 95287
3554,emily.young@kirby.info,Emily Young,25526 Lake Circle Markmouth SD 04554
3555,amanda.kirby@aol.com,Amanda Kirby,38704 River Path West William SC 23927-5303
3556,barbara.green@flores.org,Barbara Green,6671 Franklin Path Larryton OR 76894
3557,paul.robinson@gmail.com,Paul Robinson,12473 Lake Shore Apt. 741 Nancyberg PA 79094
3558,nicholas.cain@gmail.com,Nicholas Cain,87455 Valley Path Unit 502 Williamview OK 99563-7361
3559,paul.cain@cain.org,Paul Cain,95440 Fox Shore North Edward NE 69263-4286
3560,jennifer.thomas@yahoo.com,Jennifer Thomas,54663 Craig Terrace Apt. 191 West Anna MN 35873
3561,donna.flores@green.biz,Donna Flores,17146 Pine Pass Bettyhaven SC 87238-2088
3562,susan.white@outlook.com,Susan White,84437 Highland Plaza Benjaminchester OR 40666
3563,barbara.harris@aol.com,Barbara Harris,3677 Maple Circle West Linda TX 29401
3564,mark.kirby@moore.com,Mark Kirby,79852 Madison Terrace Stevenstad RI 65605-1963
3565,anna.torres@gmail.com,Anna Torres,48808 Sunset Plaza Suite 368 Lake Thomas WV 23647
3566,carol.wright@aol.com,Carol Wright,84885 Fox Trail North Thomas LA 73268
3567,karen.martin@gmail.com,Karen Martin,89642 Shore Run North Kristen MI 84705
3568,timothy.nelson@moore.net,Timothy Nelson,10658 Spring Terrace Suite 642 West Andrew MT 53478
3569,carol.kirby@nelson.org,Carol Kirby,20438 Maple Square Port Nancy VA 06615-4098
3570,kevin.taylor@gmail.com,Kevin Taylor,4387 River Plaza Georgeborough NM 68360
3571,kevin.hall@king.net,Kevin Hall,25230 Davis Shore Ste. 212 Josephton MS 73322
3572,mark.scott@jackson.biz,Mark Scott,46601 Spring Ford Ste. 971 Brianberg KY 03938
3573,matthew.baker@thomas.net,Matthew Baker,41967 Oak Bypass Port William NY 05388-5524
3574,paul.perez@icloud.com,Paul Perez,14407 Lake Road Annafurt WA 77371-6330
3575,david.martin@yahoo.com,David Martin,91813 Brook Avenue Unit 442 North Anna GA 87922
3576,timothy.baker@scott.biz,Timothy Baker,58485 Oak Bypass South Paul FL 16880
3577,emily.taylor@outlook.com,Emily Taylor,14464 Elm Street South Larry KY 99321
3578,kevin.harris@mitchell.com,Kevin Harris,88804 Highland Bypass Ste. 838 Andrewshire ND 12539
3579,ryan.flores@gmail.com,Ryan Flores,8525 Hill Road Suite 126 Port Linda MS 83004
3580,michelle.lewis@martinez.com,Michelle Lewis,71973 Sunset Way South Michael ME 52521
3581,elizabeth.young@outlook.com,Elizabeth Young,34681 Oak Plaza Edwardfurt MI 96698
3582,anna.hill@rivera.org,Anna Hill,21308 Maple Circle Lake Sarah NY 24478-9223
3583,sandra.martinez@gmail.com,Sandra Martinez,6707 Valley Run Unit 759 West David MI 45060-6111
3584,emily.perez@thompson.com,Emily Perez,81719 Franklin Court Unit 144 Fort Mary FL 73311
3585,thomas.carter@icloud.com,Thomas Carter,87917 Hill Run Benjaminmouth SC 10970
3586,betty.martinez@gmail.com,Betty Martinez,85791 Washington Court Unit 641 Fort Nancy WI 15577
3587,susan.brown@outlook.com,Susan Brown,18081 Valley Drive Suite 905 West James AK 02993-4455
3588,james.moore@hotmail.com,James Moore,24337 Pine Trail Ste. 515 Paulfurt MS 45016
3589,donna.garcia@robinson.info,Donna Garcia,3185 Lake Circle Unit 577 Fort Betty PA 97473
3590,amy.ramirez@perez.info,Amy Ramirez,88161 Franklin Trail Apt. 357 Fort Andrew NV 39005
3591,anthony.ramirez@outlook.com,Anthony Ramirez,92708 Shore Road Ste. 519 New Sarah DE 14888
3592,charles.walker@icloud.com,Charles Walker,46785 Park Avenue Suite 148 Briantown AL 96973-3106
3593,edward.thompson@rivera.com,Edward Thompson,30963 Lake Road North James IN 15641
3594,james.clark@campbell.biz,James Clark,87193 Davis Trail Thomastown AZ 64928-9635
3595,stephanie.hall@gmail.com,Stephanie Hall,14510 Elm Terrace Ste. 132 New Jason IL 65843-7044
3596,amy.allen@yahoo.com,Amy Allen,52835 Madison Avenue Apt. 742 Lindafort OH 95543
3597,amanda.white@gonzalez.info,Amanda White,9168 Adams Crossing New Nancy TX 04022
3598,edward.lewis@johnson.info,Edward Lewis,69386 Lincoln Trail Suite 160 Georgestad WY 67710
3599,david.thomas@yahoo.com,David Thomas,57976 Spring Way Suite 294 Port Brian WV 61101-9823
3600,ashley.johnson@aol.com,Ashley Johnson,22224 Carter Crossing Fort Sarah ME 78086
3601,ashley.campbell@icloud.com,Ashley Campbell,16539 Miller Drive West Steven ND 69153-7805
3602,sandra.martin@jones.com,Sandra Martin,44025 Adams Terrace Ste. 612 New Joshua NJ 79791
3603,mary.robinson@green.net,Mary Robinson,40567 Valley Plaza New William NY 26669-5295
3604,john.miller@hotmail.com,John Miller,77137 Park Street Lisachester MO 59693
3605,thomas.smith@hotmail.com,Thomas Smith,84737 Hill Plaza Fort Michael SD 70702
3606,daniel.miller@harris.org,Daniel Miller,20507 Adams Road Apt. 518 Brianmouth AK 25226-5508
3607,james.carter@aol.com,James Carter,53291 Cook Crossing Unit 161 Georgeburgh WA 37515
3608,mark.smith@ramirez.com,Mark Smith,57656 Hill Terrace Apt. 165 Joshuaborough MO 95459
3609,donna.lopez@smith.org,Donna Lopez,96106 Craig Circle Port Jason SD 15878
3610,deborah.lee@allen.org,Deborah Lee,35821 Ridge Avenue Unit 595 Williamburgh WV 04572
3611,jason.nelson@aol.com,Jason Nelson,74775 Brook Pass Suite 305 Port Joseph KS 25445-6940
3612,jennifer.baker@lewis.org,Jennifer Baker,16432 Brook Pass Port Benjamin MI 69552
3613,richard.williams@nelson.com,Richard Williams,35552 Park Lane Suite 924 West Brian UT 06931
3614,betty.davis@aol.com,Betty Davis,61282 Lincoln Path Lindafort OR 26228
3615,sandra.moore@icloud.com,Sandra Moore,52201 Cook Bypass Ste. 908 Danielfort NH 28974
3616,timothy.allen@gmail.com,Timothy Allen,8454 Spring Ford East Mary ND 30166
3617,david.miller@outlook.com,David Miller,44064 Cook Court Suite 408 Stevenside KY 37524
3618,donna.harris@outlook.com,Donna Harris,4640 Adams Street Thomasburgh MT 95891
3619,daniel.flores@outlook.com,Daniel Flores,76848 Washington Road Kristenmouth DE 40037
3620,james.campbell@icloud.com,James Campbell,99436 Cook Trail Ste. 75 Port Paul WI 85999
3621,nancy.taylor@aol.com,Nancy Taylor,98172 Cook Court Ste. 888 Port Sarah AZ 44273-6265
3622,mark.carter@davis.com,Mark Carter,59227 Park Court Unit 791 Port Benjamin ME 71424
3623,gary.perez@williams.biz,Gary Perez,77847 Cook Way Ste. 750 East Paul MT 64598
3624,timothy.jones@outlook.com,Timothy Jones,66773 Meadow Street Apt. 698 West Susan RI 39164
3625,timothy.miller@aol.com,Timothy Miller,18716 Ridge Drive Fort Linda NM 52152-7639
3626,nancy.nelson@yahoo.com,Nancy Nelson,87903 Lincoln Terrace Nancyland NV 57739-4543
3627,susan.adams@aol.com,Susan Adams,26448 Sunset Pass West David SD 76537-7374
3628,mark.allen@icloud.com,Mark Allen,67951 Fox Loop Lake Thomas MI 32271-1810
3629,elizabeth.miller@hotmail.com,Elizabeth Miller,1872 Sunset Circle Fort Edward AL 82106-1584
3630,susan.wilson@gmail.com,Susan Wilson,34816 River Street Ste. 296 East Daniel OR 30841
3631,brian.miller@rivera.biz,Brian Miller,81640 Adams Run Apt. 511 Joshuamouth SC 33293
3632,timothy.anderson@rivera.biz,Timothy Anderson,67046 Spring Avenue Fort Larry NC 12203
3633,donna.perez@brown.info,Donna Perez,9970 Fox Run Benjaminport OK 95873-1318
3634,donna.gonzalez@icloud.com,Donna Gonzalez,23299 Johnson Avenue Lindamouth ID 64426
3635,thomas.garcia@yahoo.com,Thomas Garcia,17644 Davis Lane Apt. 105 Davidland GA 42954-2578
3636,lisa.hill@lopez.com,Lisa Hill,74378 Johnson Court Suite 722 Lindaville NV 01552
3637,elizabeth.carter@torres.org,Elizabeth Carter,14025 Walnut Road New Joshua MI 61855
3638,linda.green@outlook.com,Linda Green,97600 Madison Pass Suite 525 East Paul AL 60437-2944
3639,emily.hall@hotmail.com,Emily Hall,52478 Meadow Terrace Jasonberg NV 77060
3640,ryan.young@gmail.com,Ryan Young,49673 Miller Circle West Betty MO 55061
3641,lisa.smith@garcia.com,Lisa Smith,49676 Adams Trail Brianchester UT 14649
3642,susan.ramirez@campbell.org,Susan Ramirez,25934 Lincoln Avenue Suite 873 Port Mary DE 66201
3643,timothy.thomas@thomas.com,Timothy Thomas,23837 River Street Josephburgh VA 78377
3644,william.young@icloud.com,William Young,89553 Fox Drive Apt. 107 West Kristen TX 24154
3645,nancy.king@aol.com,Nancy King,42951 Craig Square Fort Anna AK 40114
3646,melissa.martin@yahoo.com,Melissa Martin,41758 Franklin Road Jamesville VT 58605
3647,kevin.nelson@johnson.info,Kevin Nelson,30277 Sunset Terrace Suite 719 North Edward IN 32864
3648,brian.young@davis.org,Brian Young,39774 Cedar Pass Josephmouth AZ 53174
3649,michael.scott@torres.org,Michael Scott,44794 Cook Lane Davidbury DE 89379
3650,joshua.nelson@mitchell.biz,Joshua Nelson,87106 Pine Circle North Betty RI 26621-5955
3651,daniel.anderson@lee.net,Daniel Anderson,26354 Spring Square South Thomas NJ 91745-7324
3652,patricia.clark@gmail.com,Patricia Clark,41874 Adams Drive Suite 496 Brianland MO 62554-9161
3653,edward.taylor@outlook.com,Edward Taylor,79460 Valley Drive Fort Brian ND 78963
3654,anna.adams@hill.info,Anna Adams,18506 Franklin Crossing Karenville OK 57365-4201
3655,james.hill@brown.info,James Hill,58268 Johnson Plaza Susanstad NY 34880-2917
3656,kevin.miller@perez.com,Kevin Miller,15918 Johnson Plaza Suite 267 West Thomas DE 39661
3657,andrew.rivera@thomas.net,Andrew Rivera,29813 Miller Avenue North David NH 55809
3658,brian.smith@gmail.com,Brian Smith,33916 Lake Terrace Bettychester MT 26771
3659,ronald.smith@hotmail.com,Ronald Smith,84815 Forest Lane Maryburgh IN 20473
3660,margaret.walker@hotmail.com,Margaret Walker,26664 Ridge Loop Bettyburgh RI 61718
3661,betty.sanchez@hotmail.com,Betty Sanchez,67184 Shore Run Unit 730 Karenland NY 91743
3662,mark.harris@outlook.com,Mark Harris,12807 Maple Crossing Thomaschester IN 84482
3663,timothy.lee@yahoo.com,Timothy Lee,79463 Adams Terrace Lake Nancy WY 87156-5319
3664,andrew.sanchez@gmail.com,Andrew Sanchez,79626 Miller Avenue North Anna NH 77072-5902
3665,nicholas.wilson@aol.com,Nicholas Wilson,92481 Elm Court Suite 365 New Mark MT 61635
3666,linda.jackson@wright.org,Linda Jackson,64931 Lincoln Ford Unit 163 Andrewtown SD 91535
3667,amy.kirby@hotmail.com,Amy Kirby,60639 Franklin Way Jameston NH 87363
3668,joshua.nguyen@gmail.com,Joshua Nguyen,87538 Craig Run Unit 785 Jasonburgh SC 38086-3778
3669,jeffrey.wilson@outlook.com,Jeffrey Wilson,13540 Valley Ford Suite 512 East Mark GA 19239-3351
3670,jeffrey.martin@icloud.com,Jeffrey Martin,27704 Fox Shore Unit 46 West Michael NH 34648
3671,rebecca.ramirez@aol.com,Rebecca Ramirez,7284 Ridge Terrace Apt. 494 Andrewfurt KY 81372
3672,sandra.perez@hotmail.com,Sandra Perez,41165 Brook Loop Apt. 845 South Mary KS 84171
3673,helen.jackson@sanchez.org,Helen Jackson,8778 Cook Road Brianton OK 19071-4415
3674,larry.jones@gmail.com,Larry Jones,53261 Lincoln Court Lake Steven WV 75182-5762
3675,amy.jones@nelson.info,Amy Jones,96999 Sunset Road Apt. 958 Steventon WI 93214
3676,nicholas.lewis@icloud.com,Nicholas Lewis,20004 Cedar Loop Ste. 687 Port Paul IL 75576-4600
3677,james.allen@lewis.biz,James Allen,14975 Pine Shore Kristenmouth KS 71997
3678,gary.harris@nelson.info,Gary Harris,921 Lake Terrace Unit 246 Thomasshire LA 87423-2138
3679,kevin.green@perez.org,Kevin Green,59260 Park Square Ste. 167 New Paul HI 31348
3680,thomas.hill@yahoo.com,Thomas Hill,9316 Davis Terrace New Betty AZ 79840
3681,michelle.lopez@thompson.info,Michelle Lopez,18245 Brook Path Unit 242 Stevenville AK 51193
3682,steven.wilson@aol.com,Steven Wilson,24258 Johnson Way South Kevin ME 71810
3683,ryan.martinez@scott.info,Ryan Martinez,51376 Hill Drive Lake Joshua MI 97872-2203
3684,anna.nelson@flores.org,Anna Nelson,89039 Madison Trail Michaeltown RI 19507-5440
3685,mary.thompson@icloud.com,Mary Thompson,90718 Miller Shore Larryburgh WA 86422
3686,karen.hill@garcia.org,Karen Hill,33017 Washington Run Apt. 181 North Anna WA 07846-8975
3687,michael.young@smith.com,Michael Young,98716 Miller Lane Sarahborough MN 15997-4516
3688,betty.smith@walker.biz,Betty Smith,55982 Spring Road Larrychester CT 62205
3689,margaret.king@martinez.net,Margaret King,21626 Carter Trail Suite 874 North David OR 94983
3690,elizabeth.flores@thompson.info,Elizabeth Flores,46035 Shore Lane Apt. 613 Lindaton PA 97202
3691,laura.jackson@hotmail.com,Laura Jackson,65433 Valley Road South Kevin NH 73828
3692,jeffrey.martinez@outlook.com,Jeffrey Martinez,38387 Ridge Loop Unit 510 Lake Ronald TX 43370
3693,sandra.rivera@gmail.com,Sandra Rivera,73596 Highland Terrace Fort Betty WA 77162
3694,jessica.lee@hotmail.com,Jessica Lee,76894 Craig Plaza Georgeborough NE 66939
3695,sarah.davis@outlook.com,Sarah Davis,80100 Carter Path Suite 805 Andrewhaven NE 01881
3696,brian.white@icloud.com,Brian White,24156 Valley Ford East Kevin NJ 44285-3666
3697,joseph.flores@martinez.org,Joseph Flores,23008 Elm Lane Lisafurt ID 77133
3698,ronald.moore@outlook.com,Ronald Moore,17718 Carter Way Suite 909 Nancybury KY 78347
3699,brian.williams@gmail.com,Brian Williams,17343 Meadow Court Apt. 748 Lindaland SD 30759
3700,laura.adams@aol.com,Laura Adams,82323 Maple Circle Lake Jason WI 85558
3701,amanda.lee@aol.com,Amanda Lee,93881 Davis Plaza Suite 586 Williamport CO 66082
3702,timothy.scott@gmail.com,Timothy Scott,16156 Pine Trail South Thomas AK 74994
3703,amanda.brown@smith.org,Amanda Brown,87846 Craig Trail Bettyhaven SD 14368
3704,donald.green@smith.net,Donald Green,92486 Valley Path Apt. 269 Michaelchester RI 97390-2458
3705,joseph.hall@gmail.com,Joseph Hall,88692 Jefferson Bypass Port Linda LA 75746-8622
3706,kimberly.ramirez@hotmail.com,Kimberly Ramirez,4665 Valley Trail Suite 621 South Sarah MS 59686
3707,anna.ramirez@torres.info,Anna Ramirez,86262 Fox Way Ste. 602 South Kevin MS 14182-9879
3708,thomas.wright@aol.com,Thomas Wright,41147 Valley Run Larrytown NJ 97608-7704
3709,emily.hill@garcia.info,Emily Hill,78618 Elm Terrace Unit 613 New Edward ND 85541-7958
3710,jennifer.kirby@icloud.com,Jennifer Kirby,29632 Ridge Bypass North David PA 93860
3711,emily.jones@outlook.com,Emily Jones,27034 Lincoln Path Apt. 576 Port Mary IN 63476
3712,laura.young@thomas.biz,Laura Young,90894 Pine Drive Ronaldfort NY 01356-9451
3713,patricia.flores@baker.net,Patricia Flores,15826 Walnut Drive Ronaldside IN 27481-4852
3714,david.thomas@outlook.com,David Thomas,1732 Miller Street Ste. 791 Jamesland WV 67832
3715,jeffrey.hill@young.net,Jeffrey Hill,25263 Park Lane Josephside AR 41008-5812
3716,george.hall@hotmail.com,George Hall,14808 Carter Square Annaview KY 77825
3717,jennifer.mitchell@hotmail.com,Jennifer Mitchell,18611 Meadow Path East Nancy ME 22504-2597
3718,sandra.cain@king.com,Sandra Cain,82258 Cedar Drive Unit 215 South Ronald AR 45747
3719,steven.scott@icloud.com,Steven Scott,83870 Pine Pass Apt. 944 West James NE 66645-3658
3720,mary.williams@lee.com,Mary Williams,80473 Carter Path Unit 295 West William MO 60203-1877
3721,mark.davis@yahoo.com,Mark Davis,13963 Lake Court Ste. 444 Lake Paul IN 51970-3095
3722,jennifer.mitchell@rivera.org,Jennifer Mitchell,5844 Cedar Street Unit 947 Lisaborough AK 78319-2353
3723,rebecca.allen@aol.com,Rebecca Allen,77888 Lincoln Terrace Unit 753 Josephchester ME 62105
3724,george.mitchell@outlook.com,George Mitchell,32960 Madison Avenue Lake Thomas IA 75580-1031
3725,thomas.white@hotmail.com,Thomas White,39560 Lincoln Trail Unit 497 West Brian ME 97894
3726,daniel.garcia@young.biz,Daniel Garcia,70110 Shore Trail Suite 907 Jamesfurt KY 32225
3727,steven.wright@gmail.com,Steven Wright,31242 Cedar Drive Bettytown MI 35161
3728,donna.gonzalez@outlook.com,Donna Gonzalez,17467 Johnson Street East Larry KY 16150-6199
3729,timothy.carter@allen.com,Timothy Carter,36151 Cedar Lane Apt. 185 Fort Jason GA 06710
3730,nicholas.johnson@hotmail.com,Nicholas Johnson,28481 Davis Ford Port James HI 31767
3731,amy.nguyen@icloud.com,Amy Nguyen,72914 Carter Crossing Unit 164 New Nancy MI 70395-8537
3732,nancy.perez@king.com,Nancy Perez,54502 Walnut Lane Karenchester CT 96323-9574
3733,matthew.mitchell@icloud.com,Matthew Mitchell,90418 Pine Square Suite 819 Bettystad ID 74578-4852
3734,charles.garcia@carter.info,Charles Garcia,33550 Sunset Road Stevenborough MI 25651
3735,william.lopez@icloud.com,William Lopez,59573 Cedar Path Suite 277 South Larry ME 20440-4210
3736,jeffrey.flores@cain.net,Jeffrey Flores,80435 Pine Crossing Ste. 198 North Steven IA 01498
3737,michelle.adams@yahoo.com,Michelle Adams,40179 Lincoln Pass Joshuafurt NY 16575
3738,patricia.davis@aol.com,Patricia Davis,70838 Franklin Path North Edward DE 75567
3739,rebecca.adams@yahoo.com,Rebecca Adams,36928 Jefferson Path Suite 452 West David GA 71835-2474
3740,amy.carter@outlook.com,Amy Carter,66518 Ridge Street Unit 875 Jasonburgh OH 07332-5522
3741,charles.kirby@lewis.info,Charles Kirby,51198 Oak Street West Susan FL 45499
3742,nancy.williams@gmail.com,Nancy Williams,2635 Spring Way Davidtown MD 32346
3743,amy.robinson@anderson.biz,Amy Robinson,35506 Johnson Bypass Brianchester NC 10769
3744,richard.smith@brown.com,Richard Smith,77726 Maple Loop Ste. 199 Danielmouth MI 15838-9540
3745,amy.cain@gonzalez.net,Amy Cain,7009 River Way Ste. 26 Port Brian NJ 89263-3857
3746,carol.perez@yahoo.com,Carol Perez,75565 Hill Plaza Ste. 345 Kevinstad NY 50290-2259
3747,margaret.nguyen@hotmail.com,Margaret Nguyen,46486 Oak Road Apt. 364 Jasonshire HI 27741
3748,thomas.clark@outlook.com,Thomas Clark,97795 Lake Lane Ste. 400 North Steven NH 78075-6827
3749,timothy.lee@mitchell.com,Timothy Lee,38667 Hill Ford Ste. 267 Josephchester ME 80205
3750,mary.white@outlook.com,Mary White,10992 Shore Ford Fort Jason IA 10056-1760
3751,jennifer.perez@hotmail.com,Jennifer Perez,30843 Valley Lane Lake Karen ID 34432-6690
3752,joseph.nelson@gonzalez.info,Joseph Nelson,80193 Oak Square Suite 544 Jamesborough ND 95145
3753,helen.perez@green.com,Helen Perez,56088 Lincoln Plaza Ste. 383 Sarahtown KY 18430
3754,charles.davis@green.net,Charles Davis,95942 Madison Road Apt. 817 Port Nancy KY 77702
3755,gary.nelson@gmail.com,Gary Nelson,90904 Johnson Square Jasontown ID 42607-9381
3756,john.lee@aol.com,John Lee,53060 Johnson Square Bettystad MS 15196-4644
3757,carol.davis@sanchez.info,Carol Davis,9409 River Crossing Apt. 450 Benjaminfurt WA 20253
3758,donna.thompson@green.info,Donna Thompson,25073 Forest Bypass Danielchester NH 08286
3759,jeffrey.martinez@icloud.com,Jeffrey Martinez,32302 Brook Bypass Suite 67 Port Karen CT 82497
3760,david.hall@icloud.com,David Hall,37976 Maple Ford Ste. 336 Benjaminhaven OR 95374-9590
3761,helen.torres@gmail.com,Helen Torres,12079 Miller Bypass Kevinland VA 64509-8535
3762,john.allen@outlook.com,John Allen,77571 Oak Loop Apt. 488 West Thomas OR 19768
3763,donna.davis@outlook.com,Donna Davis,6300 Pine Ford Ste. 653 Stevenbury NM 39280-8568
3764,mary.johnson@yahoo.com,Mary Johnson,48648 Shore Way New Susan CT 01423
3765,karen.anderson@cain.net,Karen Anderson,65587 Oak Shore Apt. 769 West Larry VT 52873
3766,barbara.hill@gmail.com,Barbara Hill,97774 Cook Street Kevinport CA 97198
3767,william.thomas@jones.net,William Thomas,50173 Miller Circle Georgeville AZ 15402-5995
3768,patricia.williams@carter.info,Patricia Williams,30164 Park Loop Apt. 372 Port Karen WY 18710
3769,nicholas.torres@young.info,Nicholas Torres,16030 Franklin Crossing Suite 920 Benjaminmouth MA 34185
3770,jason.nguyen@hotmail.com,Jason Nguyen,4822 Hill Court West Edward ND 87949
3771,linda.martin@taylor.biz,Linda Martin,6706 Meadow Crossing Lindafurt HI 39587-5126
3772,michelle.carter@yahoo.com,Michelle Carter,32226 Valley Lane Ste. 645 Fort Daniel DE 90954
3773,linda.carter@outlook.com,Linda Carter,11909 Spring Path South Anna WY 69683
3774,margaret.rivera@lewis.org,Margaret Rivera,40368 Hill Lane New Daniel IL 81601-5903
3775,donna.clark@icloud.com,Donna Clark,75939 Brook Circle Ste. 776 Larryhaven AZ 83938-8113
3776,michelle.jackson@nguyen.net,Michelle Jackson,83650 Cook Court Port Michael RI 43945
3777,rebecca.martin@taylor.org,Rebecca Martin,53450 Ridge Crossing Suite 252 Ronaldbury DE 46163-3741
3778,betty.young@gonzalez.com,Betty Young,68404 Miller Road Apt. 826 Port Thomas MA 34693
3779,andrew.flores@outlook.com,Andrew Flores,40092 Jefferson Circle North Steven AR 25786
3780,joseph.rivera@icloud.com,Joseph Rivera,13223 Madison Drive Unit 775 Markshire MN 27377
3781,kimberly.martinez@gonzalez.com,Kimberly Martinez,32715 Madison Plaza Port Thomas NC 22222
3782,deborah.mitchell@icloud.com,Deborah Mitchell,54546 Valley Pass East Paul AL 29977
3783,donna.wright@yahoo.com,Donna Wright,30608 Miller Way Suite 922 Fort Daniel AL 14015
3784,gary.williams@gmail.com,Gary Williams,46779 Cedar Way Lake James SC 36825-2201
3785,jennifer.perez@icloud.com,Jennifer Perez,53185 Meadow Ford South Ronald RI 59784
3786,nancy.kirby@outlook.com,Nancy Kirby,97402 Lake Street New Steven RI 73962
3787,mary.kirby@taylor.org,Mary Kirby,29061 Craig Ford Ste. 231 New Paul MO 45026
3788,charles.miller@outlook.com,Charles Miller,82479 Sunset Loop Apt. 392 Jasonside MT 59361
3789,richard.baker@williams.org,Richard Baker,32407 Pine Ford Apt. 881 Edwardtown CO 37217-4046
3790,margaret.rivera@garcia.biz,Margaret Rivera,29032 Fox Way Joshuahaven DE 37868
3791,paul.rivera@icloud.com,Paul Rivera,66456 Maple Circle Apt. 708 Bettyborough MD 07699
3792,charles.adams@yahoo.com,Charles Adams,73191 Jefferson Pass Fort Brian HI 86418
3793,jeffrey.nguyen@aol.com,Jeffrey Nguyen,72956 Park Lane Lake Andrew ME 04457
3794,jessica.miller@gmail.com,Jessica Miller,14880 Madison Run Fort Sarah ND 43168
3795,nancy.gonzalez@icloud.com,Nancy Gonzalez,4208 Ridge Crossing Susanmouth WV 57507
3796,ryan.gonzalez@hotmail.com,Ryan Gonzalez,31719 Craig Ford Josephchester WV 47038
3797,kevin.lee@martinez.org,Kevin Lee,52569 Spring Crossing South Anna ID 48028-6933
3798,ashley.rivera@cain.net,Ashley Rivera,29051 Cedar Street Unit 125 South David OK 26705
3799,helen.moore@flores.com,Helen Moore,16396 Meadow Bypass Unit 319 Fort Ronald OK 63337-2121
3800,richard.martin@nguyen.com,Richard Martin,45783 Pine Ford Karenport WY 23820
3801,david.rivera@gonzalez.biz,David Rivera,55744 Adams Road West Thomas CO 21212-3313
3802,amy.wright@aol.com,Amy Wright,86766 Davis Loop Ste. 493 Lake James MT 87154
3803,michael.smith@ramirez.org,Michael Smith,4835 Brook Way East Joshua OH 42121
3804,melissa.harris@aol.com,Melissa Harris,36182 Jefferson Bypass Apt. 211 West William MA 51006
3805,amanda.king@gmail.com,Amanda King,22401 Brook Avenue Suite 403 Paulfurt VA 33181
3806,mark.anderson@icloud.com,Mark Anderson,48508 Elm Loop Apt. 149 Williamview MN 53294-2013
3807,rebecca.ramirez@anderson.biz,Rebecca Ramirez,67675 Johnson Bypass North Paul MA 36513
3808,laura.lopez@outlook.com,Laura Lopez,84737 Jefferson Plaza Sarahtown NM 39143-5808
3809,helen.sanchez@campbell.org,Helen Sanchez,13243 Spring Street Apt. 776 Lake James KS 93509
3810,larry.lee@hotmail.com,Larry Lee,60829 Brook Way New Larry MI 04044
3811,anthony.clark@outlook.com,Anthony Clark,75542 Ridge Shore East Thomas CO 07193
3812,donna.sanchez@icloud.com,Donna Sanchez,27518 Lake Way North Edward CT 86001
3813,james.martinez@carter.org,James Martinez,25723 Franklin Square Apt. 326 Kevinhaven AR 01933-2101
3814,kimberly.adams@carter.biz,Kimberly Adams,64098 Cedar Way Lisaburgh PA 29249
3815,emily.flores@robinson.net,Emily Flores,74337 Cedar Square Lisaburgh SC 71029
3816,kevin.garcia@hotmail.com,Kevin Garcia,457 Cedar Square Lake Sarah NE 98578-9379
3817,larry.allen@outlook.com,Larry Allen,89710 Forest Avenue Apt. 314 Williamborough FL 90931
3818,richard.davis@outlook.com,Richard Davis,57310 Meadow Bypass Ste. 206 West Edward SC 61409
3819,joshua.anderson@hotmail.com,Joshua Anderson,18138 Carter Circle Davidborough SC 33379
3820,margaret.adams@gmail.com,Margaret Adams,68083 Lake Plaza Ste. 642 Annahaven IN 79137-3777
3821,steven.brown@taylor.biz,Steven Brown,90962 Sunset Circle Suite 890 Maryshire DE 31706
3822,joseph.lopez@outlook.com,Joseph Lopez,1722 Davis Trail Fort Linda NH 40521
3823,charles.clark@jackson.org,Charles Clark,70727 River Street Danielberg SC 74102
3824,john.mitchell@hotmail.com,John Mitchell,42826 Carter Pass Suite 922 Kristenberg WY 09535
3825,barbara.jackson@white.org,Barbara Jackson,7163 Highland Plaza Jasonview VT 98660-9034
3826,jason.thomas@outlook.com,Jason Thomas,10351 Walnut Trail Unit 763 South Karen CO 04343
3827,deborah.lewis@garcia.biz,Deborah Lewis,95826 Johnson Circle East Andrew WY 06587
3828,jeffrey.walker@anderson.biz,Jeffrey Walker,30652 Spring Way Ste. 466 West Kristen WV 90613
3829,william.torres@gmail.com,William Torres,98318 Elm Square Suite 924 North Kristen SC 97434-9374
3830,elizabeth.robinson@jones.info,Elizabeth Robinson,26065 Lake Ford Suite 448 North Ronald NV 93054
3831,rebecca.young@robinson.biz,Rebecca Young,66712 Carter Path Unit 359 Steventown SC 97005
3832,betty.baker@gmail.com,Betty Baker,13070 Jefferson Path Unit 427 New Jason MO 78189
3833,elizabeth.wilson@scott.org,Elizabeth Wilson,12739 Fox Loop Joshuaberg FL 65641
3834,lisa.harris@outlook.com,Lisa Harris,71140 Madison Avenue Apt. 192 Brianborough AR 85079-1814
3835,gary.martin@taylor.net,Gary Martin,12766 Adams Lane Ste. 417 West Brian IA 29311
3836,rebecca.scott@hotmail.com,Rebecca Scott,62540 Franklin Ford Ste. 884 Benjaminport LA 83917
3837,david.mitchell@robinson.net,David Mitchell,39555 Forest Road Fort Susan CA 19805
3838,joshua.ramirez@outlook.com,Joshua Ramirez,20067 Elm Road Unit 414 Karenland DE 46147
3839,amy.adams@flores.com,Amy Adams,89747 Madison Loop Edwardchester KS 09701-1827
3840,larry.allen@scott.net,Larry Allen,40969 Oak Shore Fort Kristen IN 54012
3841,elizabeth.anderson@rivera.com,Elizabeth Anderson,28638 Maple Road Apt. 319 Fort Anna NC 76018
3842,laura.harris@gmail.com,Laura Harris,99667 Davis Pass Georgeshire WA 19495
3843,michelle.hill@gmail.com,Michelle Hill,13681 Carter Avenue Unit 555 Williamborough CO 63933
3844,joseph.rivera@nelson.biz,Joseph Rivera,55390 Washington Bypass Unit 704 North Mark MO 11524
3845,mark.baker@flores.org,Mark Baker,12167 Shore Way Suite 283 New Thomas MA 91455
3846,edward.clark@clark.com,Edward Clark,28172 Johnson Square Ste. 474 Fort Anna ID 09629
3847,joshua.lopez@green.biz,Joshua Lopez,11423 Carter Way Fort Steven AL 01189-8185
3848,joshua.clark@campbell.org,Joshua Clark,40219 Meadow Lane Unit 972 New James RI 72447
3849,brian.mitchell@hotmail.com,Brian Mitchell,55626 Meadow Run Suite 675 Lisaview OH 85611
3850,rebecca.jackson@young.info,Rebecca Jackson,91451 Adams Path Benjaminberg WA 77193-7194
3851,kimberly.harris@gmail.com,Kimberly Harris,85057 Spring Pass Ste. 545 North Linda NM 93428
3852,anthony.martin@aol.com,Anthony Martin,18884 Lincoln Circle Suite 933 Jamesmouth GA 23715
3853,betty.thompson@gmail.com,Betty Thompson,18204 Hill Circle Apt. 709 Joshuafurt OR 37863
3854,daniel.thompson@green.info,Daniel Thompson,30563 Cedar Trail Port Thomas ID 20069
3855,thomas.walker@gmail.com,Thomas Walker,26502 River Square Suite 63 North Linda ND 94853
3856,timothy.clark@icloud.com,Timothy Clark,60370 Washington Path Fort Betty KS 87250
3857,jason.flores@aol.com,Jason Flores,26716 Washington Square Apt. 540 Port Lisa NC 28558
3858,jason.harris@aol.com,Jason Harris,19715 Ridge Square Ste. 216 Joshuaview OH 14434
3859,anthony.perez@yahoo.com,Anthony Perez,32799 Meadow Ford Apt. 492 Danielland WA 83811
3860,jennifer.torres@kirby.info,Jennifer Torres,67787 Lincoln Path Apt. 952 North Larry RI 81845
3861,mary.king@yahoo.com,Mary King,94420 River Circle West Ronald AR 59919
3862,betty.campbell@carter.biz,Betty Campbell,54273 Johnson Drive West Betty AZ 48039
3863,donald.taylor@young.biz,Donald Taylor,74618 Walnut Road Apt. 709 New Paul NV 21687
3864,michael.white@icloud.com,Michael White,30952 Washington Avenue Ste. 511 Lake Anna ND 71326-2819
3865,donna.king@mitchell.info,Donna King,10724 Spring Avenue South David NM 24918-7602
3866,ryan.gonzalez@hotmail.com,Ryan Gonzalez,62464 River Way Kristenfurt NJ 19333
3867,carol.hall@yahoo.com,Carol Hall,66700 Ridge Square Benjaminfort NV 57844
3868,amy.baker@icloud.com,Amy Baker,35193 Forest Shore North Betty AK 41692
3869,betty.campbell@icloud.com,Betty Campbell,79707 Carter Terrace Unit 975 Jameshaven ME 82084
3870,john.hall@outlook.com,John Hall,94681 Johnson Crossing Apt. 145 Michaelhaven WA 89468-6304
3871,amy.anderson@gmail.com,Amy Anderson,1473 River Pass Ste. 794 New Edward NM 55981
3872,donna.robinson@baker.info,Donna Robinson,91036 Washington Loop Annastad MN 32499
3873,anthony.green@gmail.com,Anthony Green,15437 Franklin Square New Daniel MI 01838-7595
3874,donna.carter@nelson.net,Donna Carter,45710 Valley Square South Edward PA 87729-3353
3875,laura.taylor@hotmail.com,Laura Taylor,57264 Meadow Lane Apt. 99 North Karen WY 11999-7121
3876,michelle.williams@harris.biz,Michelle Williams,78703 Sunset Road West Linda NV 77519
3877,nicholas.cain@hotmail.com,Nicholas Cain,96832 Franklin Path Suite 14 Georgeberg NE 15676
3878,james.garcia@outlook.com,James Garcia,38277 Cook Square South Benjamin UT 50251
3879,kevin.wilson@miller.net,Kevin Wilson,36196 Forest Avenue Brianfort PA 79970
3880,gary.scott@aol.com,Gary Scott,75634 Washington Shore North Kristen MS 19940-6884
3881,mary.martin@gmail.com,Mary Martin,73452 Sunset Street Port Kristen KY 92972
3882,matthew.campbell@scott.info,Matthew Campbell,42822 Lincoln Path North Karen AL 78887
3883,andrew.clark@hotmail.com,Andrew Clark,60269 Maple Path Steventon UT 49858-8493
3884,sarah.allen@hotmail.com,Sarah Allen,52412 Brook Avenue Suite 854 New Mark TN 41466-7411
3885,laura.brown@gmail.com,Laura Brown,18257 Walnut Plaza Ste. 644 Port Thomas AR 48196-6716
3886,donna.kirby@thompson.org,Donna Kirby,91356 Miller Circle Apt. 846 Markland PA 13611
3887,sarah.walker@outlook.com,Sarah Walker,20018 Cook Road Apt. 85 Kevinhaven AK 78658-3262
3888,betty.clark@thomas.info,Betty Clark,9438 Madison Lane Apt. 173 West George SD 77138-8157
3889,michelle.sanchez@garcia.com,Michelle Sanchez,63664 Johnson Road Annaland KS 01974
3890,andrew.anderson@hotmail.com,Andrew Anderson,48595 Hill Drive Suite 213 South Brian IL 97705
3891,paul.ramirez@yahoo.com,Paul Ramirez,47862 Highland Plaza Ste. 424 Kristenborough OK 06339-6903
3892,nicholas.wright@hotmail.com,Nicholas Wright,91791 Spring Loop Ste. 853 New Jason CO 42152-9904
3893,edward.campbell@lee.info,Edward Campbell,70938 Cedar Loop Sarahstad SC 95894
3894,stephanie.moore@allen.net,Stephanie Moore,45654 Elm Trail Ste. 95 Paulborough KY 15486
3895,larry.carter@sanchez.org,Larry Carter,54498 River Way Unit 298 Lindaborough KS 84072
3896,richard.walker@walker.info,Richard Walker,56927 Valley Path New Larry TX 30967-3175
3897,richard.wright@outlook.com,Richard Wright,23824 Park Way Unit 523 Bettyburgh ND 85951
3898,sarah.white@wright.biz,Sarah White,30731 Shore Road Kristenchester WI 28084-6910
3899,patricia.flores@icloud.com,Patricia Flores,25917 Ridge Circle Suite 969 New Larry NY 67421-4074
3900,sarah.jackson@aol.com,Sarah Jackson,25191 Johnson Lane West Daniel WI 50841-7673
3901,kimberly.davis@perez.biz,Kimberly Davis,71702 Meadow Square Karenberg DE 29241
3902,timothy.martin@nelson.info,Timothy Martin,39999 Craig Square Ste. 281 Fort Mary SC 63478-7879
3903,john.campbell@outlook.com,John Campbell,44867 Johnson Pass Kristenhaven DE 67425
3904,melissa.moore@hotmail.com,Melissa Moore,16395 Pine Square Unit 267 West Mark TX 17520-7047
3905,amy.garcia@outlook.com,Amy Garcia,31150 Madison Loop Suite 986 West Paul NH 07285
3906,michelle.adams@aol.com,Michelle Adams,15475 Madison Trail Apt. 505 Davidside AK 13631
3907,anthony.hill@outlook.com,Anthony Hill,88335 Cedar Way West David NM 30871-7970
3908,helen.allen@icloud.com,Helen Allen,81245 Pine Road Ste. 519 New Daniel DE 76215
3909,michelle.brown@jackson.org,Michelle Brown,13425 Madison Run Unit 597 Stevenchester MA 70758
3910,andrew.walker@white.biz,Andrew Walker,4855 Miller Lane West Edward ND 07502
3911,susan.allen@gmail.com,Susan Allen,50250 Madison Square Ste. 731 South Steven AK 78924
3912,betty.kirby@rivera.info,Betty Kirby,36206 Lincoln Plaza Suite 679 New Karen MN 94481
3913,carol.hill@young.net,Carol Hill,67372 Davis Drive Suite 182 Port James VA 19180
3914,betty.martinez@outlook.com,Betty Martinez,29195 Franklin Path South Joseph TN 51572
3915,karen.torres@outlook.com,Karen Torres,30747 Ridge Road Apt. 169 Lake Karen PA 28004-6635
3916,laura.gonzalez@scott.info,Laura Gonzalez,24981 Madison Terrace Unit 829 Thomasshire GA 56156-7223
3917,jeffrey.smith@hill.biz,Jeffrey Smith,81646 Miller Lane Suite 718 North Steven VT 32766-7336
3918,charles.williams@nguyen.biz,Charles Williams,11767 Sunset Circle Unit 735 East Andrew MS 38818
3919,elizabeth.clark@outlook.com,Elizabeth Clark,16767 Park Lane Unit 209 Fort Betty SC 25592
3920,kevin.martin@jackson.org,Kevin Martin,73800 Hill Avenue Ste. 286 Lindaside RI 36492
3921,betty.perez@hotmail.com,Betty Perez,13486 Hill Square Paulborough NV 27456
3922,margaret.walker@hotmail.com,Margaret Walker,59615 Oak Road Suite 81 West James IA 85411
3923,edward.allen@yahoo.com,Edward Allen,84117 Lincoln Lane Unit 755 Georgeborough ME 89591
3924,karen.mitchell@moore.biz,Karen Mitchell,66485 Walnut Path Apt. 576 Davidmouth MS 38532-4150
3925,karen.baker@hotmail.com,Karen Baker,22759 Maple Terrace Apt. 697 Brianhaven NE 03785
3926,margaret.king@flores.biz,Margaret King,93539 River Court Unit 488 Thomasburgh AK 72505-2258
3927,larry.gonzalez@davis.com,Larry Gonzalez,13547 Lake Road Annaside CT 55725
3928,richard.garcia@aol.com,Richard Garcia,46642 Lincoln Street Apt. 958 South Steven FL 55061
3929,melissa.garcia@hotmail.com,Melissa Garcia,41968 Sunset Pass Suite 274 Port Daniel OH 58749
3930,paul.cain@williams.net,Paul Cain,83837 Ridge Path Apt. 433 Larryberg ID 93571
3931,william.lee@hotmail.com,William Lee,54432 Cook Road Ste. 843 Andrewberg CO 05600
3932,ryan.lee@aol.com,Ryan Lee,59736 Washington Lane Suite 363 Lake Joseph NJ 74293
3933,margaret.flores@flores.info,Margaret Flores,964 Park Road Unit 23 Markland AL 82596
3934,donna.king@aol.com,Donna King,10362 Valley Shore Ste. 508 Susanberg TX 69761
3935,joshua.green@icloud.com,Joshua Green,74569 Jefferson Loop Sarahstad MO 16428-2367
3936,kevin.baker@cain.com,Kevin Baker,37989 Pine Terrace Ste. 869 Nancyhaven IN 60386-4348
3937,william.davis@cain.com,William Davis,66251 Shore Circle Brianport MS 71692
3938,jessica.gonzalez@outlook.com,Jessica Gonzalez,21276 Maple Ford Davidville MD 92851
3939,rebecca.lewis@aol.com,Rebecca Lewis,52866 Valley Trail Lake David NH 65916-1740
3940,amy.gonzalez@adams.com,Amy Gonzalez,60517 Meadow Run Unit 562 Fort Betty IL 44481
3941,sarah.gonzalez@yahoo.com,Sarah Gonzalez,24786 Cedar Court Larryburgh HI 46300
3942,amy.wright@outlook.com,Amy Wright,18312 Craig Path New Paul LA 07258
3943,laura.rivera@hill.biz,Laura Rivera,15230 Forest Street West Michael AL 47959
3944,kimberly.perez@gmail.com,Kimberly Perez,92379 Washington Court Unit 733 Port Jason IA 55347-3992
3945,david.sanchez@yahoo.com,David Sanchez,42078 Adams Drive Larryshire MI 28771
3946,ronald.harris@hotmail.com,Ronald Harris,16679 Lincoln Shore North Andrew SD 37234-4887
3947,amy.scott@rivera.info,Amy Scott,69295 Meadow Lane Ste. 516 Benjaminburgh OK 85871
3948,david.miller@outlook.com,David Miller,51192 Elm Court Lisaton RI 64991-1131
3949,kevin.mitchell@torres.net,Kevin Mitchell,79712 Franklin Drive Suite 851 Lindaville CA 62496
3950,barbara.anderson@gmail.com,Barbara Anderson,17830 Ridge Road Ste. 2 Kristenshire TN 31889
3951,steven.perez@yahoo.com,Steven Perez,48307 Sunset Crossing Apt. 37 Lindaland KS 30774-4271
3952,amy.martinez@outlook.com,Amy Martinez,75516 Highland Court Unit 939 Maryland CA 14159
3953,kevin.sanchez@aol.com,Kevin Sanchez,38199 Madison Lane Ste. 203 North Ronald IN 03309
3954,rebecca.hill@yahoo.com,Rebecca Hill,84252 Madison Run Suite 365 Stevenborough IL 93993
3955,sandra.williams@hotmail.com,Sandra Williams,54981 Sunset Plaza Unit 333 East Mary FL 43615
3956,rebecca.jackson@hotmail.com,Rebecca Jackson,95150 Park Path Apt. 730 Port David NH 60778
3957,susan.green@yahoo.com,Susan Green,15734 Carter Shore New Thomas ME 12578-2250
3958,daniel.thomas@hotmail.com,Daniel Thomas,34347 Miller Square Ste. 912 West Susan IL 19578
3959,joseph.lopez@scott.net,Joseph Lopez,33220 Cedar Shore Port Mary NE 40005-3503
3960,ronald.johnson@outlook.com,Ronald Johnson,34375 Forest Trail Ste. 429 Kevintown SC 57819
3961,sarah.white@yahoo.com,Sarah White,50746 Highland Road Suite 708 South Joseph NY 81615
3962,melissa.rivera@yahoo.com,Melissa Rivera,12503 Johnson Shore Ste. 683 Annahaven CA 39877
3963,charles.hill@aol.com,Charles Hill,46215 Elm Trail West Thomas WV 06454
3964,andrew.moore@hotmail.com,Andrew Moore,90677 River Way Ste. 528 Georgeside NC 61085
3965,amanda.harris@gmail.com,Amanda Harris,98839 Craig Run Lake Betty HI 82349
3966,david.rivera@outlook.com,David Rivera,69283 Cook Loop Kristenview OR 02957-4646
3967,charles.campbell@robinson.net,Charles Campbell,10369 Park Ford Apt. 26 Stevenmouth IA 70227
3968,nancy.flores@hotmail.com,Nancy Flores,92142 Cedar Avenue New Sarah GA 20289-4353
3969,susan.thompson@miller.com,Susan Thompson,29500 Ridge Bypass Suite 981 Fort Kevin WV 62550
3970,susan.king@lewis.biz,Susan King,20722 Johnson Loop Fort Lisa HI 33225
3971,brian.wright@martinez.com,Brian Wright,77846 Brook Circle Unit 262 Brianfort MO 45408
3972,william.kirby@miller.net,William Kirby,50185 Maple Trail Lisashire OR 81531
3973,emily.young@miller.net,Emily Young,22798 Pine Bypass Suite 531 South Mark DE 38955
3974,emily.hall@gmail.com,Emily Hall,91948 Johnson Run Apt. 22 Benjaminbury WI 37643
3975,karen.smith@moore.com,Karen Smith,22488 Johnson Street Markport TN 01782-9521
3976,jessica.green@gmail.com,Jessica Green,53755 Pine Way Thomasside LA 08630
3977,ashley.carter@gmail.com,Ashley Carter,85923 Franklin Drive Suite 201 Lake Daniel VA 88127-1617
3978,susan.robinson@yahoo.com,Susan Robinson,23065 Highland Plaza Lake Joseph MS 71000-6733
3979,patricia.clark@outlook.com,Patricia Clark,67867 Maple Street Unit 732 North Brian NM 14944
3980,david.nelson@smith.net,David Nelson,7813 Park Path Nancyborough UT 16830
3981,kimberly.thompson@gmail.com,Kimberly Thompson,7070 Cedar Trail Apt. 196 Davidland MI 84079
3982,lisa.young@aol.com,Lisa Young,2032 Cedar Court Edwardmouth VT 32762
3983,richard.williams@outlook.com,Richard Williams,51901 Oak Avenue Ste. 575 Sarahfort SD 73712
3984,laura.lewis@icloud.com,Laura Lewis,60377 Pine Loop Apt. 865 Jamesshire NY 88751
3985,melissa.cain@gmail.com,Melissa Cain,1754 Lincoln Pass Suite 643 Larryfort HI 13368-2288
3986,edward.jackson@martinez.org,Edward Jackson,82553 Pine Trail North Michael MO 75329
3987,brian.torres@hotmail.com,Brian Torres,73843 Highland Drive Suite 779 West Mark NH 56023
3988,ronald.nguyen@hotmail.com,Ronald Nguyen,47246 Craig Ford Unit 92 Maryton IN 04450
3989,anthony.white@gmail.com,Anthony White,50837 Cedar Way North Edward NE 41738
3990,andrew.nelson@green.net,Andrew Nelson,78653 Carter Avenue Jasonville NC 14840
3991,joshua.harris@wilson.org,Joshua Harris,33446 Lincoln Ford Ste. 146 Michaeltown WI 61451-4644
3992,deborah.scott@yahoo.com,Deborah Scott,85313 Shore Avenue Suite 418 North Mark UT 39606
3993,steven.campbell@lopez.net,Steven Campbell,81898 Fox Bypass Ste. 434 Nancyhaven KS 58393-9938
3994,jason.thompson@scott.com,Jason Thompson,45427 Lincoln Ford New Kevin MS 91942
3995,jeffrey.davis@martin.info,Jeffrey Davis,45511 Brook Court Ste. 324 Port Sarah CT 44931
3996,jason.jones@jones.com,Jason Jones,5209 Carter Shore Suite 710 South Kevin MS 75668
3997,brian.torres@sanchez.com,Brian Torres,47487 Meadow Avenue Ste. 81 South Mary MN 80613
3998,paul.green@gmail.com,Paul Green,67696 Highland Bypass Paulfort WV 26058
3999,jeffrey.taylor@yahoo.com,Jeffrey Taylor,21209 Carter Loop Apt. 847 Andrewfurt CA 94318-9915
4000,joshua.gonzalez@gmail.com,Joshua Gonzalez,36874 Craig Ford Ste. 353 Georgefurt CT 40850-6556
4001,margaret.lee@miller.org,Margaret Lee,59096 Carter Ford Bettyton SC 43586
4002,linda.nelson@campbell.biz,Linda Nelson,73975 Craig Court Ste. 620 Kevinburgh ND 26284
4003,mark.thomas@aol.com,Mark Thomas,24700 Brook Avenue Ste. 82 South Susan NH 89050
4004,gary.johnson@icloud.com,Gary Johnson,60090 Forest Lane Paulshire UT 24582
4005,donna.brown@hotmail.com,Donna Brown,92809 Miller Loop North Anna VT 19121-3684
4006,jason.ramirez@robinson.net,Jason Ramirez,47497 Cook Loop Lake Kristen MA 57355-5838
4007,rebecca.king@icloud.com,Rebecca King,97862 Brook Crossing Davidfurt CT 30587
4008,jennifer.scott@outlook.com,Jennifer Scott,8257 Johnson Court East Benjamin CT 32556-9813
4009,ryan.jackson@icloud.com,Ryan Jackson,22964 Maple Trail Ste. 182 Port Paul WA 26692
4010,rebecca.ramirez@martinez.com,Rebecca Ramirez,53911 Hill Pass New James MD 42747
4011,sarah.harris@moore.com,Sarah Harris,99878 Park Bypass Kristenborough ME 79814
4012,mark.brown@icloud.com,Mark Brown,87301 Sunset Ford New Mark SC 10959
4013,ronald.scott@flores.biz,Ronald Scott,36659 Shore Crossing Ste. 20 Davidburgh CO 99612-6752
4014,lisa.rivera@martin.info,Lisa Rivera,90948 Shore Avenue Suite 146 Davidbury WI 78376
4015,karen.thompson@gmail.com,Karen Thompson,33760 Madison Court Ste. 872 Kevinhaven UT 32226-7133
4016,ronald.ramirez@walker.org,Ronald Ramirez,56959 River Lane Suite 462 East George OK 28802
4017,joseph.martin@gmail.com,Joseph Martin,15504 Walnut Pass Benjaminbury ID 01630
4018,barbara.miller@thomas.biz,Barbara Miller,79770 Sunset Avenue Ste. 913 Jasonchester NE 65426
4019,amy.thomas@white.biz,Amy Thomas,42722 Spring Lane Unit 518 Port Steven OK 80209
4020,kimberly.rivera@outlook.com,Kimberly Rivera,57943 Ridge Pass Thomaschester ND 45402
4021,donald.wright@hotmail.com,Donald Wright,48162 Pine Run Apt. 460 Karenhaven OH 90315-6950
4022,patricia.harris@yahoo.com,Patricia Harris,87528 Carter Road Suite 564 Port James KY 83190-5663
4023,kimberly.robinson@ramirez.org,Kimberly Robinson,58419 Highland Road Williamfurt IL 09822
4024,donald.carter@martinez.info,Donald Carter,63860 Highland Ford Nancyfort TX 51071
4025,amanda.moore@martinez.net,Amanda Moore,43420 Fox Plaza Unit 414 West Susan IN 35323
4026,karen.williams@outlook.com,Karen Williams,41779 Elm Terrace Apt. 66 West Paul IA 94361
4027,brian.hill@outlook.com,Brian Hill,81826 Oak Loop Paulfort NV 42278
4028,nicholas.flores@outlook.com,Nicholas Flores,7055 Cedar Pass Unit 581 Port Sarah AZ 15026
4029,jeffrey.baker@icloud.com,Jeffrey Baker,21721 Park Way Apt. 270 Ronaldchester MI 21208
4030,amy.campbell@hall.info,Amy Campbell,73662 Johnson Road South Joseph AL 24580-8587
4031,amanda.jones@icloud.com,Amanda Jones,10681 Oak Ford Unit 616 Kristenport KY 59044
4032,daniel.lee@icloud.com,Daniel Lee,63786 Washington Trail East James RI 09951-2086
4033,kimberly.flores@outlook.com,Kimberly Flores,76141 Lincoln Path New Nancy LA 52123
4034,jeffrey.mitchell@yahoo.com,Jeffrey Mitchell,75810 Miller Plaza Thomasmouth NM 15028
4035,william.lewis@yahoo.com,William Lewis,34102 Madison Way Davidport SC 96193-2004
4036,anthony.harris@kirby.biz,Anthony Harris,39017 Miller Square Suite 836 Port Michael MT 95437
4037,paul.king@torres.biz,Paul King,65596 Park Court Unit 399 Jamesville GA 96403
4038,jessica.garcia@cain.biz,Jessica Garcia,22743 Miller Trail Georgeton PA 68590-2310
4039,linda.garcia@gmail.com,Linda Garcia,44826 Cedar Avenue Williamberg MO 67797-6319
4040,charles.brown@adams.org,Charles Brown,21749 Walnut Pass Ste. 511 West Betty AR 99422-3882
4041,david.rivera@outlook.com,David Rivera,31808 Jefferson Crossing East Thomas NJ 34631
4042,sarah.clark@icloud.com,Sarah Clark,28835 Maple Ford Josephberg IA 72402
4043,stephanie.perez@anderson.info,Stephanie Perez,93849 Franklin Pass Unit 562 East William SC 56420
4044,jessica.mitchell@aol.com,Jessica Mitchell,55093 River Avenue Suite 934 West Joseph MN 48931
4045,paul.hill@icloud.com,Paul Hill,80938 Hill Road Suite 274 Lake Sarah AK 87898
4046,helen.smith@aol.com,Helen Smith,92304 Park Trail Unit 308 Danielborough TN 79969
4047,james.brown@gmail.com,James Brown,49103 Highland Square New Joseph MD 21619
4048,charles.martin@clark.com,Charles Martin,75058 Adams Circle South Andrew CT 02646
4049,anna.lopez@wright.org,Anna Lopez,66084 Davis Avenue Apt. 712 Davidton ID 65340
4050,kevin.miller@yahoo.com,Kevin Miller,14576 Craig Lane Ste. 834 New Daniel KS 57976
4051,amy.campbell@hall.org,Amy Campbell,74694 Carter Ford Unit 593 Benjaminburgh OR 54043
4052,jeffrey.thomas@icloud.com,Jeffrey Thomas,93321 Washington Terrace Apt. 596 New Larry CA 11132
4053,gary.young@icloud.com,Gary Young,5887 Craig Ford East Kristen MN 31905-3733
4054,larry.king@aol.com,Larry King,94275 Ridge Way New Michael NV 51196-8323
4055,jennifer.carter@moore.info,Jennifer Carter,70425 Park Court Ronaldburgh WY 16961
4056,william.scott@outlook.com,William Scott,54981 Forest Ford Stevenfort MS 61561
4057,deborah.cain@yahoo.com,Deborah Cain,15975 Franklin Shore Unit 55 North Ronald MI 03046
4058,william.garcia@smith.org,William Garcia,20348 Adams Bypass Bettystad WY 84323
4059,margaret.jackson@outlook.com,Margaret Jackson,49762 Miller Way Joshuastad NE 81481
4060,jennifer.thomas@aol.com,Jennifer Thomas,40078 Craig Shore Suite 857 Marybury KY 26082
4061,jessica.walker@kirby.info,Jessica Walker,31590 Park Road South James NM 57033
4062,helen.davis@miller.com,Helen Davis,94560 Washington Court Suite 351 Fort Daniel MT 49375
4063,mark.clark@icloud.com,Mark Clark,85492 Oak Ford Unit 613 West Nancy MO 22322
4064,jessica.walker@anderson.biz,Jessica Walker,28312 Spring Trail Michaelton FL 52742
4065,michelle.nelson@yahoo.com,Michelle Nelson,11397 Forest Terrace Kristenfurt NC 64034
4066,deborah.lee@gmail.com,Deborah Lee,90487 Spring Street Joshuaport FL 26241
4067,george.campbell@hotmail.com,George Campbell,33670 Brook Loop West Paul IL 83708
4068,susan.young@icloud.com,Susan Young,39203 Cedar Loop South Larry MT 97974-6294
4069,betty.cain@outlook.com,Betty Cain,32816 Walnut Pass Port David IL 53642-5825
4070,jason.rivera@walker.net,Jason Rivera,24196 Davis Run Suite 547 Port Larry TN 85937
4071,daniel.sanchez@rivera.biz,Daniel Sanchez,79460 Craig Circle Port Betty MO 02400
4072,nancy.white@gmail.com,Nancy White,11233 Park Loop Andrewfurt NM 42053
4073,sarah.wilson@yahoo.com,Sarah Wilson,3030 Carter Plaza Apt. 708 West Karen PA 18647
4074,emily.sanchez@brown.biz,Emily Sanchez,90021 Shore Street Port Lisa NV 29566-6196
4075,george.thomas@white.org,George Thomas,87591 Hill Lane Apt. 347 Nancyland AR 02421-6729
4076,andrew.smith@hall.biz,Andrew Smith,60395 Valley Way Karenshire SC 13696
4077,laura.cain@hotmail.com,Laura Cain,30575 Jefferson Loop West Ronald RI 99830
4078,donald.rivera@ramirez.info,Donald Rivera,66432 Spring Trail Apt. 141 Nancyville OK 12656
4079,steven.williams@walker.info,Steven Williams,87324 Cedar Street Unit 45 Fort Edward IA 58246-6093
4080,daniel.lewis@taylor.net,Daniel Lewis,62192 Maple Square Suite 19 Benjaminfurt CO 30840-3760
4081,ronald.jones@aol.com,Ronald Jones,77271 Fox Court South George WY 85218
4082,john.perez@wright.net,John Perez,76150 River Crossing Karenshire KS 85554
4083,mark.moore@gmail.com,Mark Moore,67957 Madison Circle Davidport WV 26698-7507
4084,karen.hill@jackson.info,Karen Hill,5932 Cedar Trail Andrewburgh RI 25264
4085,kevin.mitchell@aol.com,Kevin Mitchell,29490 Walnut Square Susanchester NV 16897
4086,andrew.flores@torres.info,Andrew Flores,71331 Maple Avenue Ste. 700 Annahaven WA 76243
4087,laura.davis@lewis.info,Laura Davis,88449 Fox Square Port David NJ 39855
4088,ronald.clark@aol.com,Ronald Clark,59071 Johnson Plaza Danielview NM 29041
4089,jason.flores@gmail.com,Jason Flores,60703 Forest Ford East Mary TN 96813-8781
4090,susan.wilson@hotmail.com,Susan Wilson,61392 Jefferson Bypass Thomastown OK 66550
4091,karen.ramirez@yahoo.com,Karen Ramirez,84611 Valley Court Lake Joseph CO 61281
4092,barbara.garcia@yahoo.com,Barbara Garcia,497 Meadow Square Markside SD 67573
4093,anna.davis@carter.com,Anna Davis,77225 Ridge Plaza Danielhaven SC 29572-9562
4094,andrew.gonzalez@icloud.com,Andrew Gonzalez,4278 Johnson Path Georgefurt NE 17698-2361
4095,matthew.campbell@hotmail.com,Matthew Campbell,38583 Pine Run Fort Benjamin SD 72559
4096,charles.king@walker.net,Charles King,14754 Johnson Lane Unit 849 Jamesstad IL 56377
4097,jason.rivera@hill.org,Jason Rivera,13779 Highland Avenue Kevinhaven NJ 24396-9281
4098,kevin.white@icloud.com,Kevin White,64650 Oak Bypass West David MT 56554
4099,james.nelson@johnson.biz,James Nelson,61060 Elm Crossing Unit 805 East Andrew AZ 63433
4100,nicholas.allen@wright.net,Nicholas Allen,19741 Park Bypass Ste. 34 South Jason MD 51435-2472
4101,steven.anderson@outlook.com,Steven Anderson,92733 Lincoln Bypass Unit 373 West Brian ID 33417
4102,amy.lee@gmail.com,Amy Lee,54498 Madison Path Ste. 416 South Susan IL 31499
4103,amanda.jackson@hotmail.com,Amanda Jackson,2600 Oak Crossing Lake Larry MA 86389-2435
4104,mark.thompson@hotmail.com,Mark Thompson,60528 Fox Way Edwardtown NY 67489
4105,jeffrey.gonzalez@hotmail.com,Jeffrey Gonzalez,44949 River Court Port Karen WY 77543-6183
4106,barbara.perez@scott.net,Barbara Perez,87741 Lincoln Road Williamfort LA 06148
4107,anthony.gonzalez@aol.com,Anthony Gonzalez,93308 Lincoln Way Apt. 149 Williamton AZ 40220
4108,emily.brown@clark.org,Emily Brown,98779 Washington Square Ste. 729 West Mark HI 85818-1797
4109,amy.nguyen@outlook.com,Amy Nguyen,27791 Washington Run Paulland MT 17656
4110,richard.garcia@clark.org,Richard Garcia,64272 Elm Street Bettyside VA 39414
4111,melissa.brown@icloud.com,Melissa Brown,27875 Craig Shore Apt. 777 Nancyberg TN 82604-6964
4112,jennifer.sanchez@gmail.com,Jennifer Sanchez,64791 Johnson Way Ste. 9 West Anna NM 19434
4113,nicholas.miller@icloud.com,Nicholas Miller,42864 Elm Drive West Ronald MS 33405
4114,david.hall@lewis.com,David Hall,94256 Madison Terrace Kevinstad VA 91709-5156
4115,john.thomas@adams.info,John Thomas,11904 Franklin Loop Apt. 80 Josephshire ME 51615
4116,jeffrey.brown@outlook.com,Jeffrey Brown,17161 Carter Shore Ste. 874 Stevenbury IA 19548
4117,david.gonzalez@garcia.org,David Gonzalez,20903 Franklin Road Apt. 403 Williamside MI 33948-6609
4118,michael.allen@king.org,Michael Allen,62597 Ridge Path Unit 477 West Sarah NV 41918-5404
4119,james.carter@aol.com,James Carter,39362 Cook Way Lake Mary ID 76894-3100
4120,jessica.jackson@adams.biz,Jessica Jackson,99032 Walnut Court Lake Linda AL 99761
4121,edward.nguyen@hotmail.com,Edward Nguyen,34681 Carter Avenue Joshuaborough TX 60043-8011
4122,margaret.martinez@icloud.com,Margaret Martinez,169 Cedar Circle North Mary TX 59798
4123,jennifer.taylor@moore.biz,Jennifer Taylor,62480 Hill Trail Josephview DE 46677-9500
4124,laura.mitchell@nelson.com,Laura Mitchell,861 Forest Circle Edwardport AR 67678-8764
4125,michelle.young@nguyen.biz,Michelle Young,67525 Park Lane Josephchester ID 83066-5485
4126,deborah.miller@hotmail.com,Deborah Miller,89063 Lincoln Pass East Daniel WY 77158-1184
4127,david.martin@gmail.com,David Martin,88254 Hill Lane Apt. 865 Fort Mark OR 68175
4128,susan.lee@baker.org,Susan Lee,27844 Hill Circle East Michael AR 73214-8664
4129,steven.green@yahoo.com,Steven Green,63167 Cedar Pass Unit 51 Lisaborough GA 39494
4130,paul.young@wright.biz,Paul Young,48488 Hill Ford Lake William WY 25482-9359
4131,mark.white@kirby.biz,Mark White,76564 Miller Trail Annabury DE 49926
4132,helen.smith@hotmail.com,Helen Smith,65743 Carter Drive Unit 629 Paulfurt WI 14850-7980
4133,paul.thomas@yahoo.com,Paul Thomas,35367 Walnut Avenue Andrewbury OH 87555
4134,sandra.johnson@icloud.com,Sandra Johnson,24234 Meadow Path Ronaldborough NY 11711
4135,sarah.ramirez@green.info,Sarah Ramirez,6865 Cook Crossing Williamton IA 49038-7580
4136,jeffrey.wilson@hill.com,Jeffrey Wilson,15095 Davis Lane Suite 981 West David MA 70871
4137,amy.king@clark.info,Amy King,32553 Elm Court Kristenhaven DE 09427
4138,linda.jones@icloud.com,Linda Jones,68510 Meadow Path Suite 639 Port Linda TX 77108
4139,steven.gonzalez@icloud.com,Steven Gonzalez,51216 Franklin Trail West Mary NH 35584-1010
4140,edward.williams@gmail.com,Edward Williams,15445 Cedar Shore East Larry LA 36570-7298
4141,matthew.carter@aol.com,Matthew Carter,96312 Forest Bypass Paulfort DE 85113
4142,paul.green@martin.net,Paul Green,59099 Elm Terrace Apt. 411 Ronaldton TN 28985-5203
4143,andrew.nguyen@hotmail.com,Andrew Nguyen,80973 Adams Ford Williamton AL 55578
4144,lisa.hill@aol.com,Lisa Hill,70326 Spring Road Maryville MT 62687
4145,timothy.davis@outlook.com,Timothy Davis,37856 Fox Drive New Linda OR 76319
4146,michelle.clark@aol.com,Michelle Clark,15216 Oak Way Suite 590 Port David CT 03314
4147,daniel.nguyen@gmail.com,Daniel Nguyen,70919 Brook Plaza Ste. 297 Davidchester VA 70859-4083
4148,patricia.allen@icloud.com,Patricia Allen,57066 Brook Plaza Apt. 262 Nancyburgh GA 54781
4149,paul.rivera@outlook.com,Paul Rivera,82377 Brook Drive Suite 613 South Benjamin NY 83246
4150,jennifer.lewis@garcia.com,Jennifer Lewis,94256 Park Plaza Suite 87 Andrewburgh HI 97695
4151,mark.brown@brown.biz,Mark Brown,3963 Johnson Square North Susan NJ 57981
4152,jason.kirby@icloud.com,Jason Kirby,18311 Ridge Path Ste. 324 East Linda KY 40093
4153,andrew.jackson@ramirez.biz,Andrew Jackson,87208 Ridge Bypass New Edward CA 87409
4154,joseph.baker@kirby.org,Joseph Baker,39883 Madison Trail Lake Joseph DE 56181
4155,kimberly.hill@icloud.com,Kimberly Hill,28554 Oak Crossing Port Daniel MN 92956-5206
4156,michelle.jackson@yahoo.com,Michelle Jackson,13703 Forest Pass Port Jason MN 74061-3145
4157,jessica.thompson@robinson.info,Jessica Thompson,72276 Walnut Circle Suite 692 Thomasfort AR 14491
4158,linda.lewis@outlook.com,Linda Lewis,54511 Hill Road Jameschester ID 55987-8554
4159,brian.ramirez@outlook.com,Brian Ramirez,45098 Meadow Square Apt. 131 Thomasburgh IL 44970
4160,thomas.garcia@carter.net,Thomas Garcia,88116 Lake Road Apt. 660 Kristenton HI 43506
4161,carol.wilson@icloud.com,Carol Wilson,52405 Davis Trail Ste. 97 Kevinchester IA 31467-2270
4162,karen.harris@aol.com,Karen Harris,28925 Forest Circle Ste. 348 West Kevin NC 34900
4163,amy.anderson@hotmail.com,Amy Anderson,73855 River Street Ste. 260 Fort Kevin CA 50572
4164,michelle.hill@gmail.com,Michelle Hill,27296 Lake Lane Suite 478 East Edward CO 92853
4165,gary.lee@hotmail.com,Gary Lee,88336 Pine Avenue Annaside CT 72399
4166,gary.baker@gmail.com,Gary Baker,85482 Maple Pass North Karen VT 93947
4167,nancy.robinson@campbell.info,Nancy Robinson,76372 Brook Avenue Ste. 463 Annatown DE 99277-4738
4168,sarah.thompson@robinson.org,Sarah Thompson,16109 Johnson Plaza Apt. 214 Kristenmouth ID 39345
4169,michael.wilson@ramirez.net,Michael Wilson,52845 Brook Trail Apt. 678 Joshuachester CO 79556
4170,donald.flores@johnson.net,Donald Flores,9106 Forest Avenue Sarahfurt SC 90341
4171,ronald.smith@outlook.com,Ronald Smith,56325 Lincoln Avenue Suite 746 Danielland CA 06257-2879
4172,joseph.nelson@harris.net,Joseph Nelson,6398 Meadow Lane Lake George MO 55735
4173,lisa.hall@gmail.com,Lisa Hall,26345 Ridge Road Apt. 139 South George OR 24941
4174,anna.davis@yahoo.com,Anna Davis,23874 Madison Court Jasonfurt NY 54636
4175,ronald.hall@outlook.com,Ronald Hall,62112 Shore Plaza Unit 986 Larryport OR 14108-4867
4176,timothy.johnson@icloud.com,Timothy Johnson,38824 Meadow Drive Unit 596 Edwardville CA 54242-9344
4177,thomas.nelson@king.net,Thomas Nelson,73240 Hill Avenue Unit 696 North Karen NJ 88510
4178,andrew.jackson@icloud.com,Andrew Jackson,51883 Madison Trail North Larry DE 83486
4179,michael.hill@williams.org,Michael Hill,17467 Brook Ford Apt. 208 Williamstad IA 71133-7606
4180,jason.moore@jones.com,Jason Moore,27829 Ridge Plaza Apt. 918 West George IN 58867-1171
4181,jeffrey.sanchez@ramirez.com,Jeffrey Sanchez,8000 Miller Loop Apt. 262 Port Larry AR 94640
4182,barbara.scott@aol.com,Barbara Scott,11531 Sunset Loop Paulville NC 95533-6250
4183,anna.ramirez@aol.com,Anna Ramirez,39865 Forest Plaza Suite 401 Davidburgh UT 12356-3180
4184,betty.young@icloud.com,Betty Young,53443 Hill Bypass Ste. 949 Fort Ronald VA 24219
4185,jeffrey.young@jackson.org,Jeffrey Young,47626 Highland Terrace Unit 607 Lindaberg TN 05584-5253
4186,anthony.campbell@aol.com,Anthony Campbell,34389 Forest Plaza Suite 92 East Joseph CA 81880
4187,stephanie.allen@young.org,Stephanie Allen,73479 Cedar Road Suite 983 South Kristen OK 76225
4188,amanda.wilson@aol.com,Amanda Wilson,92034 River Lane Suite 169 Jasonshire CA 66510
4189,nicholas.torres@icloud.com,Nicholas Torres,53034 Sunset Loop Apt. 388 Sarahshire AR 90611
4190,george.carter@icloud.com,George Carter,63126 Carter Drive Unit 595 Larrychester TX 79340
4191,joseph.rivera@gmail.com,Joseph Rivera,28593 Valley Plaza East Linda IA 34093
4192,william.clark@white.info,William Clark,76316 Walnut Crossing Ste. 650 Port Michael ME 03997-2414
4193,jessica.young@gmail.com,Jessica Young,9804 Lincoln Plaza Danielside AK 46482
4194,richard.davis@icloud.com,Richard Davis,96732 Forest Terrace Apt. 397 Bettyshire MS 02801
4195,ashley.gonzalez@smith.info,Ashley Gonzalez,20937 River Loop Markberg PA 20632
4196,jeffrey.king@wright.info,Jeffrey King,50974 Craig Street Unit 964 Ronaldside ND 46152-6105
4197,ronald.lopez@yahoo.com,Ronald Lopez,86639 Spring Circle Unit 889 Annaview IA 86538
4198,betty.flores@hotmail.com,Betty Flores,92564 Lake Shore Unit 55 North Brian AL 59005
4199,richard.nguyen@robinson.biz,Richard Nguyen,67287 Pine Ford Markburgh MN 79324-6878
4200,laura.taylor@hotmail.com,Laura Taylor,72993 Johnson Square Suite 316 North Daniel CT 35115-9392
4201,laura.mitchell@allen.info,Laura Mitchell,64058 Ridge Bypass Ste. 625 Larrymouth PA 16025
4202,william.lewis@torres.net,William Lewis,82485 Maple Way New Michael VT 63611
4203,edward.anderson@aol.com,Edward Anderson,90747 Madison Pass Michaelburgh MA 86782
4204,joshua.martinez@young.org,Joshua Martinez,18264 Miller Way Ste. 285 Lake James WY 59275-7686
4205,melissa.white@ramirez.biz,Melissa White,45127 Highland Road North James MT 09921
4206,amanda.jones@outlook.com,Amanda Jones,67985 Valley Run Josephshire CA 65777-9554
4207,sandra.jackson@yahoo.com,Sandra Jackson,41323 Highland Drive Apt. 178 New Anna CO 04548-9575
4208,william.baker@hotmail.com,William Baker,75022 Maple Court Suite 92 Kristenville TN 60422
4209,betty.taylor@williams.org,Betty Taylor,90086 Davis Run Unit 908 New Larry WV 09878-6277
4210,stephanie.baker@hotmail.com,Stephanie Baker,62731 Craig Square Kristenside NJ 68816
4211,nancy.ramirez@yahoo.com,Nancy Ramirez,53803 Jefferson Lane Apt. 694 Fort Kristen ID 51616
4212,john.flores@icloud.com,John Flores,38402 Shore Way Apt. 944 Danielside OR 61176-4858
4213,edward.jones@allen.info,Edward Jones,3437 Highland Drive Unit 774 Davidland PA 58601
4214,laura.cain@aol.com,Laura Cain,85841 Fox Road Lindahaven VT 79011
4215,michael.wright@gmail.com,Michael Wright,20237 Johnson Square Apt. 675 North Betty ME 15259
4216,carol.moore@lewis.biz,Carol Moore,7339 Lincoln Trail Suite 355 Fort Steven RI 22854
4217,brian.kirby@clark.net,Brian Kirby,70861 Lake Drive New Benjamin UT 84425-8742
4218,andrew.carter@outlook.com,Andrew Carter,95880 Lake Court Unit 208 East Joseph ID 23287-9421
4219,kimberly.brown@gmail.com,Kimberly Brown,26943 Forest Loop Ronaldside VA 20592-9108
4220,linda.wilson@yahoo.com,Linda Wilson,35217 Maple Way Lisafort TN 88489-9901
4221,emily.green@aol.com,Emily Green,87835 Hill Lane Apt. 130 North Thomas WI 52798-8286
4222,patricia.cain@gmail.com,Patricia Cain,66819 Shore Road Suite 246 Sarahborough VA 90250
4223,patricia.carter@icloud.com,Patricia Carter,46916 Madison Court Apt. 490 New Edward KY 68623
4224,nicholas.nelson@walker.org,Nicholas Nelson,33424 Hill Lane Edwardbury IL 05173-5146
4225,paul.thompson@allen.com,Paul Thompson,57502 Adams Drive Suite 770 Kristenhaven TX 01580
4226,jason.wright@icloud.com,Jason Wright,59688 Carter Drive Susantown WI 48635
4227,matthew.torres@outlook.com,Matthew Torres,12371 Forest Crossing Lake James NC 28770
4228,emily.cain@aol.com,Emily Cain,94913 Jefferson Ford Unit 696 Susanburgh SC 23120
4229,melissa.allen@icloud.com,Melissa Allen,88774 Cook Crossing North Lisa AZ 76291
4230,matthew.davis@icloud.com,Matthew Davis,17510 Miller Plaza Ste. 734 Fort Joseph AR 11337
4231,ronald.baker@kirby.net,Ronald Baker,14824 Johnson Plaza Port Sarah NJ 39572
4232,nancy.jones@outlook.com,Nancy Jones,59514 Madison Trail Suite 805 Annahaven NY 83298
4233,helen.campbell@smith.com,Helen Campbell,2478 Hill Trail Josephland UT 89655
4234,nicholas.carter@yahoo.com,Nicholas Carter,39768 Elm Loop Suite 799 Lake Brian UT 03392
4235,william.hill@smith.com,William Hill,66888 Craig Road West George KS 58805
4236,john.miller@scott.org,John Miller,91110 Fox Court Edwardport CT 81798
4237,edward.thompson@aol.com,Edward Thompson,60716 Walnut Avenue Josephtown ND 06111
4238,linda.allen@icloud.com,Linda Allen,86976 Shore Road New Thomas ID 05093-8026
4239,rebecca.lewis@yahoo.com,Rebecca Lewis,5383 Walnut Loop Ste. 593 North Lisa MT 63872-7223
4240,edward.hill@campbell.info,Edward Hill,33706 Adams Court Lake William AZ 14866
4241,george.davis@yahoo.com,George Davis,42426 Meadow Crossing Suite 517 Nancytown FL 45231
4242,elizabeth.wilson@yahoo.com,Elizabeth Wilson,84071 Davis Lane Unit 163 Lake George HI 64852
4243,ronald.adams@gmail.com,Ronald Adams,15902 Adams Drive Ste. 393 Jamesport HI 55781
4244,timothy.thompson@ramirez.com,Timothy Thompson,61064 Johnson Crossing Unit 418 South Andrew MD 52651
4245,karen.flores@moore.net,Karen Flores,80546 Brook Loop Ste. 801 Nancytown CT 56980
4246,timothy.harris@hill.com,Timothy Harris,74144 Pine Pass Apt. 399 Lindaland WI 79254-9908
4247,nicholas.johnson@gmail.com,Nicholas Johnson,3158 Cook Pass South Ronald DE 68949
4248,david.rivera@outlook.com,David Rivera,83903 Lincoln Bypass New Mary ID 25375
4249,ronald.young@yahoo.com,Ronald Young,30362 River Lane Unit 665 Lake Karen TX 91908
4250,charles.carter@outlook.com,Charles Carter,21111 Johnson Square Georgeside ME 38052
4251,jeffrey.nelson@lewis.net,Jeffrey Nelson,59816 Madison Shore Ste. 572 North Joseph AL 90264
4252,jennifer.gonzalez@aol.com,Jennifer Gonzalez,69814 Hill Road Suite 842 Lindaberg AK 72382
4253,laura.carter@gmail.com,Laura Carter,78757 Maple Lane West Larry MT 29476
4254,nicholas.hall@jones.org,Nicholas Hall,57028 Davis Bypass Ste. 176 Lake Kevin WV 14391
4255,william.martin@aol.com,William Martin,37866 Jefferson Drive Apt. 817 Ronaldfort KY 04678
4256,john.davis@icloud.com,John Davis,17486 Oak Ford Apt. 48 Williamport HI 66579
4257,jennifer.miller@aol.com,Jennifer Miller,52179 Highland Circle Nancyberg AK 26263
4258,sandra.davis@hotmail.com,Sandra Davis,6680 Spring Pass Apt. 499 North Nancy DE 40724
4259,john.hall@outlook.com,John Hall,64936 Cedar Loop Unit 70 Benjaminfort WA 36627
4260,melissa.clark@aol.com,Melissa Clark,44137 Pine Run Unit 959 North Kevin UT 46480
4261,nicholas.torres@baker.org,Nicholas Torres,7244 Cedar Ford East Lisa NH 93777
4262,kevin.hill@yahoo.com,Kevin Hill,44622 Davis Plaza Apt. 345 Ronaldburgh TX 21513
4263,elizabeth.robinson@hotmail.com,Elizabeth Robinson,37513 Valley Plaza New Sarah OR 42575
4264,karen.taylor@robinson.info,Karen Taylor,19565 Washington Path Ste. 533 New Sarah MA 11550
4265,andrew.carter@yahoo.com,Andrew Carter,53097 Davis Path New Sarah IN 62177
4266,david.hill@jones.info,David Hill,51240 Adams Loop Ste. 71 Lake Michael KY 04326
4267,elizabeth.nguyen@aol.com,Elizabeth Nguyen,47556 Brook Plaza Unit 766 Lisashire CA 84781-3942
4268,stephanie.garcia@hotmail.com,Stephanie Garcia,93570 Shore Ford South David CA 11748
4269,deborah.jackson@young.info,Deborah Jackson,24922 Highland Path Suite 359 Susanton NM 01782
4270,jason.taylor@icloud.com,Jason Taylor,91588 Cedar Pass Apt. 83 Port Jason CA 05373
4271,jeffrey.taylor@yahoo.com,Jeffrey Taylor,84642 Maple Court Ste. 107 Thomasborough AR 70149
4272,kevin.nguyen@hotmail.com,Kevin Nguyen,66374 Forest Road Paultown OH 68040
4273,margaret.hall@icloud.com,Margaret Hall,5755 Shore Plaza Ste. 293 Andrewtown IL 24683-8415
4274,paul.mitchell@hotmail.com,Paul Mitchell,60573 Jefferson Pass Port Kristen ND 84587
4275,melissa.lee@aol.com,Melissa Lee,87897 Sunset Trail Port Michael WI 95252-3730
4276,ryan.lewis@jackson.net,Ryan Lewis,9397 Forest Circle Ste. 465 West Jason TN 46125
4277,anthony.davis@aol.com,Anthony Davis,74088 Pine Loop Unit 129 East Benjamin AZ 74172
4278,lisa.anderson@clark.org,Lisa Anderson,93589 Highland Ford Ste. 650 South Edward HI 32293
4279,karen.baker@gonzalez.biz,Karen Baker,68351 Sunset Drive Suite 270 Stevenmouth MN 38437
4280,amy.scott@young.com,Amy Scott,97793 Craig Way Unit 213 Fort Jason VT 12490-1348
4281,joseph.miller@williams.net,Joseph Miller,5244 Fox Road Susanview CO 62144
4282,paul.hall@outlook.com,Paul Hall,33762 Madison Path Williamhaven GA 65773
4283,deborah.sanchez@yahoo.com,Deborah Sanchez,96082 Jefferson Lane Suite 158 West David IL 49290-6368
4284,emily.davis@johnson.biz,Emily Davis,60917 Shore Way North Joseph RI 99608
4285,barbara.allen@icloud.com,Barbara Allen,6450 Davis Ford Ste. 773 Michaelshire MT 03585
4286,charles.wright@taylor.biz,Charles Wright,15446 Carter Plaza Apt. 98 Maryland DE 42793
4287,richard.thomas@outlook.com,Richard Thomas,22784 Cedar Pass Suite 860 Stevenland NH 46670-2744
4288,anthony.thomas@icloud.com,Anthony Thomas,53623 Brook Square Jasonberg SC 95126
4289,laura.lopez@garcia.info,Laura Lopez,69459 Shore Ford Unit 713 Georgeview IN 48165
4290,matthew.green@kirby.net,Matthew Green,18602 Maple Path Williamstad UT 78605
4291,matthew.garcia@hotmail.com,Matthew Garcia,75688 Valley Drive Port David LA 75615
4292,mary.lee@hill.org,Mary Lee,33679 Valley Run East Kevin CA 01592-4355
4293,paul.king@carter.info,Paul King,9646 Washington Circle Unit 966 East Jason CT 01806-7672
4294,andrew.walker@perez.com,Andrew Walker,10698 Cook Ford Lindashire ID 46488
4295,karen.hall@icloud.com,Karen Hall,67892 Brook Avenue Suite 976 Lindastad ME 13403
4296,joseph.perez@white.info,Joseph Perez,28255 River Path Ste. 773 Kristenbury AL 50792-9459
4297,michelle.walker@yahoo.com,Michelle Walker,43932 Sunset Loop Ronaldborough CO 61570
4298,brian.garcia@outlook.com,Brian Garcia,63424 Fox Ford Apt. 715 Fort Susan FL 61574
4299,gary.davis@yahoo.com,Gary Davis,71686 Hill Crossing South Joseph VT 52728
4300,david.garcia@outlook.com,David Garcia,27395 Madison Square Apt. 924 Joshuamouth IA 01372-7731
4301,thomas.clark@gmail.com,Thomas Clark,32732 Oak Path Ronaldville OH 42335
4302,mary.gonzalez@gmail.com,Mary Gonzalez,5816 Elm Shore Unit 222 Lake Kevin AZ 77534
4303,jeffrey.torres@yahoo.com,Jeffrey Torres,33414 Cook Run Kristenfort NM 53976
4304,george.allen@hotmail.com,George Allen,68443 Madison Avenue Apt. 870 Port Nancy MN 62284
4305,edward.clark@moore.org,Edward Clark,18652 Park Pass Suite 89 Josephchester FL 93797
4306,donald.jackson@garcia.com,Donald Jackson,22786 Pine Circle Unit 179 West Karen RI 72762
4307,edward.moore@gmail.com,Edward Moore,95935 Walnut Plaza Ste. 461 Annaside KY 07648-5020
4308,ashley.white@gonzalez.info,Ashley White,19308 Walnut Bypass Lake Mary IN 96856
4309,brian.jackson@lewis.info,Brian Jackson,28633 Oak Circle Unit 522 Port David MD 83502
4310,ryan.hill@gmail.com,Ryan Hill,45359 Carter Drive Andrewtown WI 67878
4311,ashley.brown@adams.org,Ashley Brown,83664 Lake Run Thomasport NJ 54713-1345
4312,betty.martin@outlook.com,Betty Martin,10398 Cedar Terrace West Kristen NY 40192
4313,brian.king@aol.com,Brian King,52714 Brook Street Suite 66 Fort George FL 78684
4314,anna.williams@sanchez.biz,Anna Williams,28123 Elm Terrace North Larry AR 52163-2133
4315,deborah.brown@outlook.com,Deborah Brown,54817 Craig Plaza Unit 783 Port Ronald OK 17433
4316,deborah.johnson@jackson.info,Deborah Johnson,11052 Craig Avenue West Kristen VT 63107
4317,michael.lee@thompson.biz,Michael Lee,18461 Elm Lane Suite 827 Edwardshire NC 81368
4318,jeffrey.flores@outlook.com,Jeffrey Flores,93531 Lincoln Road Sarahmouth WY 11304
4319,michelle.green@outlook.com,Michelle Green,27563 Maple Bypass Fort Edward AK 86452-9804
4320,sandra.king@gonzalez.org,Sandra King,2720 Forest Trail South Anna OK 14972-2558
4321,linda.perez@outlook.com,Linda Perez,566 Carter Road Suite 242 New Jason MI 37477
4322,donald.sanchez@outlook.com,Donald Sanchez,14461 Brook Avenue Port Lisa VT 15502-5842
4323,gary.lee@wilson.biz,Gary Lee,36990 Craig Crossing Georgebury WI 70727
4324,ronald.perez@allen.org,Ronald Perez,43256 Madison Ford Apt. 455 Susanfurt FL 13556
4325,mary.clark@walker.com,Mary Clark,44107 Park Crossing Joshuashire KY 36521
4326,jennifer.hall@cain.info,Jennifer Hall,57778 Carter Trail New Edward WI 73964-7813
4327,barbara.rivera@yahoo.com,Barbara Rivera,95288 Carter Street Unit 172 Lake Karen ID 31024
4328,susan.lee@hotmail.com,Susan Lee,74223 Miller Avenue Thomasfort SC 67806
4329,michelle.green@lopez.com,Michelle Green,21243 Meadow Drive Apt. 981 Sarahbury KY 86333
4330,emily.carter@aol.com,Emily Carter,33496 Carter Street Ste. 909 Fort Ronald UT 94355
4331,karen.garcia@gmail.com,Karen Garcia,89595 Hill Ford Unit 13 Marystad FL 07191-9929
4332,steven.flores@hotmail.com,Steven Flores,48981 Spring Terrace Josephburgh MA 87941
4333,susan.king@outlook.com,Susan King,54560 Adams Road Unit 520 North Betty CA 80397
4334,andrew.baker@baker.net,Andrew Baker,28916 Madison Trail Jamesside RI 52101
4335,william.walker@torres.org,William Walker,20568 Spring Bypass Paulhaven CT 53109
4336,lisa.wilson@hotmail.com,Lisa Wilson,24318 Cook Path Unit 266 Susanfort ID 39709
4337,betty.lewis@hotmail.com,Betty Lewis,88883 Lincoln Run Unit 906 Port David TN 36424
4338,lisa.perez@yahoo.com,Lisa Perez,55683 Davis Court Sarahchester IA 46669-9413
4339,susan.taylor@sanchez.com,Susan Taylor,74191 Spring Drive Unit 433 Annaborough VT 70716-4500
4340,ryan.smith@hotmail.com,Ryan Smith,63924 Shore Ford Ste. 459 Lake Paul WI 57720-5475
4341,joshua.wright@wilson.org,Joshua Wright,33948 Cedar Trail Ste. 596 Kevinberg NC 77950-3703
4342,ryan.hill@hotmail.com,Ryan Hill,84328 Walnut Pass Stevenside SC 07251
4343,richard.williams@williams.info,Richard Williams,90330 Highland Crossing Karenbury ND 58256
4344,nicholas.ramirez@gmail.com,Nicholas Ramirez,60067 Maple Loop Suite 414 Karenburgh TX 72902
4345,lisa.mitchell@adams.net,Lisa Mitchell,66205 Miller Ford Fort Karen AK 46972
4346,james.scott@aol.com,James Scott,76523 Madison Path West Edward DE 64050-7397
4347,patricia.jackson@outlook.com,Patricia Jackson,40771 Fox Trail Apt. 855 Lake Edward NC 75148
4348,nicholas.gonzalez@kirby.biz,Nicholas Gonzalez,15208 Oak Drive Unit 230 Lisaburgh AZ 04877
4349,laura.torres@taylor.info,Laura Torres,4884 Elm Avenue Fort Ronald ID 53474
4350,richard.brown@smith.biz,Richard Brown,9444 Craig Loop Ste. 861 East Joshua PA 48059
4351,donald.nguyen@yahoo.com,Donald Nguyen,42331 Adams Ford East Joshua TN 70237-6896
4352,joshua.young@aol.com,Joshua Young,65993 Carter Way Lisaview ME 68946
4353,charles.johnson@williams.com,Charles Johnson,31276 Jefferson Run Unit 617 Marytown AZ 93543
4354,betty.miller@yahoo.com,Betty Miller,51395 Adams Road Suite 252 Nancyport NM 08573
4355,steven.brown@clark.com,Steven Brown,81442 Adams Pass Nancytown AZ 97790
4356,joshua.clark@gmail.com,Joshua Clark,35085 Brook Run Brianfort SD 47198
4357,larry.jones@outlook.com,Larry Jones,66037 Meadow Loop Fort Nancy RI 44638-3246
4358,sarah.hill@hotmail.com,Sarah Hill,28329 Spring Ford Ste. 955 South Joseph MO 96882-9876
4359,amy.baker@jones.org,Amy Baker,94654 Johnson Trail Georgeberg MT 71131-9593
4360,anna.nelson@gmail.com,Anna Nelson,61350 Maple Loop Suite 468 Port Brian DE 91475-5117
4361,rebecca.sanchez@hotmail.com,Rebecca Sanchez,49624 Forest Circle Ste. 768 Susanberg VA 73336
4362,jennifer.gonzalez@miller.com,Jennifer Gonzalez,23167 Spring Ford Larryburgh AR 31265
4363,melissa.scott@yahoo.com,Melissa Scott,4119 Madison Loop Apt. 511 Jasonville ID 31375-8329
4364,rebecca.baker@icloud.com,Rebecca Baker,28637 Carter Pass New William ID 79689-3126
4365,donna.miller@johnson.com,Donna Miller,27511 Johnson Shore Fort Ronald LA 94515-6273
4366,mary.rivera@hall.org,Mary Rivera,78995 Pine Bypass Lisamouth IL 54934
4367,melissa.jackson@king.com,Melissa Jackson,56807 Walnut Bypass Suite 705 South James OK 26913
4368,nicholas.clark@campbell.com,Nicholas Clark,92241 Shore Bypass Suite 291 Port William RI 38820
4369,gary.sanchez@icloud.com,Gary Sanchez,94476 Forest Loop Suite 661 Port Andrew SC 79954-3476
4370,stephanie.torres@yahoo.com,Stephanie Torres,8422 Carter Square Lindafort PA 28570
4371,linda.cain@gmail.com,Linda Cain,89214 Maple Shore Apt. 152 Josephtown MD 98041
4372,susan.cain@hotmail.com,Susan Cain,35156 Elm Shore Michaelstad KY 20853
4373,sandra.moore@aol.com,Sandra Moore,99462 Madison Bypass Lisastad NM 99139
4374,linda.gonzalez@aol.com,Linda Gonzalez,87963 Sunset Bypass Suite 384 West Betty CO 02389-4932
4375,melissa.torres@aol.com,Melissa Torres,92374 Park Drive Benjaminmouth MD 19918
4376,daniel.nguyen@gonzalez.net,Daniel Nguyen,7438 Brook Lane Unit 289 Lisabury NJ 57612
4377,nicholas.king@williams.info,Nicholas King,56151 Johnson Lane New Michael HI 77901
4378,jason.hall@gmail.com,Jason Hall,7708 Pine Trail Suite 540 Josephchester PA 84291-1775
4379,anthony.perez@outlook.com,Anthony Perez,54307 Hill Plaza East Ronald NC 68345-1689
4380,sarah.nguyen@kirby.org,Sarah Nguyen,36053 Highland Run Suite 519 Lake Paul CO 63223
4381,anna.taylor@gmail.com,Anna Taylor,99675 Jefferson Pass Suite 912 Sarahport OH 58833
4382,michael.white@yahoo.com,Michael White,98190 Lincoln Trail Apt. 696 New Edward ID 90565
4383,mary.gonzalez@outlook.com,Mary Gonzalez,2075 Fox Avenue Apt. 326 Maryborough AK 58231-6082
4384,george.williams@thompson.info,George Williams,7085 Sunset Lane New Karen CT 50878-4682
4385,karen.thomas@icloud.com,Karen Thomas,40000 Elm Square Georgechester TX 42336
4386,charles.green@hotmail.com,Charles Green,94917 Walnut Road New Mary AZ 88343
4387,nicholas.baker@gmail.com,Nicholas Baker,65751 Elm Terrace Jamesborough AL 57336-3490
4388,nancy.king@rivera.biz,Nancy King,78347 Adams Path Unit 793 South James IN 09809-4353
4389,edward.allen@hotmail.com,Edward Allen,44174 Shore Loop Suite 877 East Benjamin SD 70649-4112
4390,andrew.hall@outlook.com,Andrew Hall,88466 River Crossing East Kevin WV 37698
4391,james.king@hotmail.com,James King,77979 Cedar Court Apt. 46 North Kristen WA 60431
4392,paul.wilson@gmail.com,Paul Wilson,59044 Johnson Bypass Steventon CT 97467-4611
4393,deborah.jones@ramirez.com,Deborah Jones,40601 Franklin Road Unit 369 South Edward SC 61841
4394,daniel.lopez@hotmail.com,Daniel Lopez,17306 Brook Street Larrystad AK 85022
4395,larry.garcia@yahoo.com,Larry Garcia,64851 Meadow Loop Apt. 352 New Larry GA 74483
4396,melissa.thomas@icloud.com,Melissa Thomas,69636 Carter Terrace North Edward FL 31004
4397,brian.wright@cain.com,Brian Wright,56961 Madison Lane Unit 600 North William MO 95627-5561
4398,gary.moore@icloud.com,Gary Moore,77624 Park Pass South Betty TX 20754-7040
4399,rebecca.williams@thompson.info,Rebecca Williams,830 Lincoln Terrace South Benjamin ME 29720-5463
4400,kimberly.jones@aol.com,Kimberly Jones,73808 River Way South James UT 65549
4401,barbara.jones@flores.net,Barbara Jones,18814 Fox Drive West Brian UT 01972-2487
4402,james.jones@carter.info,James Jones,45232 Valley Run Ste. 173 Port Jason IN 34076
4403,melissa.campbell@wilson.net,Melissa Campbell,43823 Spring Trail Steventown MI 47469-9434
4404,linda.wilson@aol.com,Linda Wilson,83358 Cedar Way Ste. 669 Lake Paul NC 71173
4405,joseph.walker@yahoo.com,Joseph Walker,63611 Elm Trail Unit 352 North Thomas ND 55277-9896
4406,donald.martinez@yahoo.com,Donald Martinez,26236 Walnut Avenue North Betty KY 32334
4407,michael.robinson@moore.net,Michael Robinson,21068 Brook Terrace Unit 632 Lake Lisa AR 22692-5060
4408,jennifer.kirby@aol.com,Jennifer Kirby,46534 Adams Loop Joshuaville KY 31886
4409,ashley.hall@yahoo.com,Ashley Hall,64072 Adams Run Unit 673 West Lisa TN 09648
4410,jeffrey.miller@gmail.com,Jeffrey Miller,53372 River Bypass Annaland IN 47018-4098
4411,jason.rivera@gmail.com,Jason Rivera,22221 Forest Plaza Ste. 196 West Ronald KY 16017
4412,michelle.perez@outlook.com,Michelle Perez,87151 Elm Loop Ste. 938 East Joseph WI 87741
4413,gary.lopez@clark.info,Gary Lopez,47369 Lake Loop Stevenstad CT 78781-3957
4414,deborah.ramirez@icloud.com,Deborah Ramirez,59425 Adams Terrace Apt. 381 Port Edward IL 30742
4415,edward.wilson@yahoo.com,Edward Wilson,49090 Walnut Pass Suite 300 New Daniel AR 86047
4416,kevin.lee@gmail.com,Kevin Lee,33827 Hill Loop East James CA 07513-6881
4417,edward.martin@walker.org,Edward Martin,62629 Lincoln Trail Fort James MA 19838-1263
4418,ashley.anderson@yahoo.com,Ashley Anderson,66628 Miller Court Kevinberg LA 81353
4419,edward.harris@aol.com,Edward Harris,25839 Valley Drive Lindahaven HI 14788
4420,charles.miller@sanchez.com,Charles Miller,54321 Miller Bypass Georgeside NE 97287
4421,patricia.gonzalez@aol.com,Patricia Gonzalez,12191 Highland Way Apt. 812 Fort Steven WY 59699
4422,emily.thomas@jackson.org,Emily Thomas,63871 Davis Lane Unit 350 South Sarah WA 51765
4423,betty.nguyen@outlook.com,Betty Nguyen,18140 Miller Way Unit 251 Paulton WI 53547-1632
4424,betty.torres@yahoo.com,Betty Torres,27336 Spring Loop Fort Kevin IN 88073
4425,laura.sanchez@yahoo.com,Laura Sanchez,9832 Cedar Square Kevinburgh WV 51336-9617
4426,steven.ramirez@icloud.com,Steven Ramirez,88207 Elm Ford Ste. 218 Port Nancy MI 01261-5819
4427,donald.hill@lewis.biz,Donald Hill,21555 Walnut Way Stevenburgh MO 54946
4428,nicholas.rivera@hill.net,Nicholas Rivera,71485 Johnson Run Port Lisa MO 31451
4429,gary.clark@walker.info,Gary Clark,56156 Walnut Path Apt. 885 Fort James MT 02503-8419
4430,nancy.thompson@gmail.com,Nancy Thompson,85445 Adams Street Jamesfort OR 07669-8527
4431,daniel.miller@green.com,Daniel Miller,685 Davis Path Ste. 495 Jasonfort WA 96163
4432,lisa.jones@martinez.org,Lisa Jones,54396 Maple Circle Suite 909 New Joseph OK 04425-3941
4433,carol.jackson@outlook.com,Carol Jackson,56870 Pine Circle Ste. 716 Lisaview MT 54639
4434,ryan.harris@outlook.com,Ryan Harris,6978 Madison Road Maryside IL 89283
4435,thomas.kirby@hall.net,Thomas Kirby,24642 Shore Path Ste. 785 Lake Sarah NH 39861-4435
4436,rebecca.martin@hotmail.com,Rebecca Martin,7345 Miller Shore Michaelbury GA 07301
4437,michael.clark@outlook.com,Michael Clark,90257 Forest Avenue North Ronald NM 15519
4438,rebecca.johnson@sanchez.biz,Rebecca Johnson,5804 Carter Drive New Benjamin CO 59707
4439,steven.harris@icloud.com,Steven Harris,6192 Oak Lane Suite 664 Andrewview MD 18136-3732
4440,michael.anderson@yahoo.com,Michael Anderson,18582 Fox Path Apt. 267 Stevenhaven ID 84017
4441,linda.campbell@kirby.com,Linda Campbell,47422 Lincoln Shore South Mark MT 44686-3609
4442,karen.baker@outlook.com,Karen Baker,51150 Forest Circle Thomasshire RI 43411-3895
4443,mark.miller@aol.com,Mark Miller,63286 Valley Pass Apt. 729 Michaelberg AL 54128-4872
4444,stephanie.martinez@hotmail.com,Stephanie Martinez,69377 Jefferson Crossing Suite 425 Joshuaport DE 73351
4445,richard.robinson@hotmail.com,Richard Robinson,39854 Oak Pass Suite 229 Karenview OH 81529-7307
4446,amanda.king@lewis.biz,Amanda King,41271 Fox Road Fort Brian NM 81988
4447,karen.lopez@king.info,Karen Lopez,43731 Maple Square Marystad ID 76692
4448,mary.wilson@outlook.com,Mary Wilson,96039 Carter Road Suite 888 West Karen TX 26388-7845
4449,ronald.nelson@hill.org,Ronald Nelson,83418 Madison Street Kevinmouth IN 19488
4450,larry.baker@wright.info,Larry Baker,47845 Brook Lane Jamesstad OK 64680
4451,donna.wilson@yahoo.com,Donna Wilson,12323 Maple Trail Unit 407 Fort James HI 92982
4452,amanda.flores@hotmail.com,Amanda Flores,55118 Maple Crossing Larrystad IA 20613-8506
4453,joshua.miller@outlook.com,Joshua Miller,91272 Shore Street Suite 234 South Andrew AZ 06123
4454,nicholas.white@hotmail.com,Nicholas White,16324 Johnson Avenue Unit 58 Fort Brian MI 35434-3982
4455,anthony.lopez@carter.net,Anthony Lopez,42033 Oak Loop Josephmouth SC 67110-3484
4456,linda.johnson@gonzalez.info,Linda Johnson,4101 Lincoln Plaza Port Benjamin NY 22543
4457,william.cain@aol.com,William Cain,60061 Sunset Court Apt. 588 West Betty NH 89334
4458,linda.king@lee.biz,Linda King,50384 Carter Path New Steven GA 62976
4459,william.rivera@king.info,William Rivera,55045 Valley Way Josephfort AR 54507
4460,helen.perez@carter.com,Helen Perez,16480 Cedar Ford Lindaberg CO 53128
4461,karen.white@robinson.biz,Karen White,89869 Meadow Path Suite 217 West George FL 80636-9788
4462,carol.allen@hotmail.com,Carol Allen,22192 Spring Loop East Karen NH 82264
4463,edward.perez@hotmail.com,Edward Perez,5746 Forest Plaza Unit 616 Georgeton MO 76200-4937
4464,emily.wright@aol.com,Emily Wright,70863 Jefferson Path Ronaldshire WY 37694
4465,lisa.cain@outlook.com,Lisa Cain,76093 Cook Run Kristenchester UT 85379-9624
4466,joshua.hill@gmail.com,Joshua Hill,65248 Miller Pass Suite 338 East Mark IA 28103-7346
4467,stephanie.lewis@hotmail.com,Stephanie Lewis,18592 Carter Run Apt. 554 East Jason VT 59834
4468,john.wilson@yahoo.com,John Wilson,32682 Lake Terrace Brianstad WY 85538
4469,edward.kirby@gmail.com,Edward Kirby,55469 Park Pass Apt. 100 West William WV 43736
4470,jessica.jackson@young.org,Jessica Jackson,2116 River Trail Benjaminville MO 70999-1057
4471,sandra.brown@outlook.com,Sandra Brown,63617 Carter Drive Unit 963 North Steven MT 02364
4472,laura.walker@hotmail.com,Laura Walker,5306 Washington Lane Benjaminshire MD 03687-2234
4473,donald.wright@outlook.com,Donald Wright,92860 Spring Trail Suite 281 New William HI 79654-4912
4474,patricia.davis@outlook.com,Patricia Davis,70373 Franklin Circle Unit 393 South Susan KS 28039
4475,linda.cain@aol.com,Linda Cain,97625 Cedar Circle West Ronald PA 76846
4476,anna.baker@gmail.com,Anna Baker,8913 Madison Way Ste. 904 Brianside NM 92416
4477,gary.hill@outlook.com,Gary Hill,60597 Walnut Bypass Ste. 287 New Nancy ND 97201-3316
4478,deborah.taylor@hill.info,Deborah Taylor,74976 Franklin Trail Paultown IN 20466-3571
4479,thomas.torres@davis.biz,Thomas Torres,21817 Pine Drive Unit 971 Port William ND 53808
4480,michelle.moore@hotmail.com,Michelle Moore,52026 River Crossing Unit 28 Joshuaview SC 47992
4481,david.white@outlook.com,David White,96665 Cedar Road Apt. 644 Paulville GA 45429
4482,mary.martinez@outlook.com,Mary Martinez,22280 Pine Path Ste. 447 North Kristen MD 20285-5728
4483,linda.baker@martin.info,Linda Baker,20412 Franklin Bypass Port Michael KS 04491
4484,joseph.ramirez@outlook.com,Joseph Ramirez,51663 Brook Shore South William IN 81835
4485,timothy.allen@hotmail.com,Timothy Allen,62718 Brook Way Jamestown NM 96400
4486,jason.martinez@icloud.com,Jason Martinez,23200 Lincoln Lane Unit 802 Larryport TX 65430
4487,deborah.brown@icloud.com,Deborah Brown,66247 River Circle Fort Sarah RI 75349
4488,charles.adams@young.net,Charles Adams,76492 Madison Ford Suite 182 Davidhaven CO 95811-1603
4489,kimberly.clark@yahoo.com,Kimberly Clark,18869 Forest Square Karenfort CA 04958
4490,david.thomas@outlook.com,David Thomas,45636 Shore Path Ste. 914 East Benjamin MI 35450-3109
4491,paul.kirby@young.info,Paul Kirby,98527 Madison Crossing Port Mark MO 19154
4492,gary.campbell@yahoo.com,Gary Campbell,25410 Brook Avenue Suite 410 South Paul OK 10457-8736
4493,andrew.torres@outlook.com,Andrew Torres,90480 Lake Road Apt. 375 Williamside PA 03508
4494,andrew.scott@wilson.biz,Andrew Scott,46502 Valley Avenue Suite 348 Kristenstad MA 12489
4495,joseph.rivera@outlook.com,Joseph Rivera,53502 Craig Terrace Lake Mark HI 85059-9255
4496,patricia.lee@flores.biz,Patricia Lee,32365 Hill Avenue Kristenside DE 15065
4497,melissa.white@icloud.com,Melissa White,5779 Hill Loop Larryfort CO 34725
4498,kevin.harris@clark.biz,Kevin Harris,86850 Cedar Pass Jasonchester KY 89571
4499,edward.lopez@williams.net,Edward Lopez,41509 Washington Loop Ste. 398 Edwardshire ME 78372-8640
4500,edward.moore@yahoo.com,Edward Moore,38694 River Circle North Brian MI 52869
4501,laura.johnson@hotmail.com,Laura Johnson,45991 Shore Loop Jasonfurt RI 51186
4502,mary.thompson@outlook.com,Mary Thompson,56173 Highland Shore Williamtown OH 21653
4503,donna.white@moore.info,Donna White,29921 Fox Crossing Suite 154 Fort Joshua VA 92732-9130
4504,william.carter@aol.com,William Carter,80605 Franklin Path Susanchester GA 14853
4505,laura.thompson@martin.biz,Laura Thompson,76387 Adams Road North George MD 30666
4506,joseph.adams@aol.com,Joseph Adams,35965 Cedar Trail Unit 356 Brianbury IL 73472
4507,karen.flores@outlook.com,Karen Flores,75874 Davis Avenue Port William IL 86054-4713
4508,ryan.davis@harris.com,Ryan Davis,78065 Pine Way Michaeltown IN 76738
4509,ashley.lewis@white.org,Ashley Lewis,76557 Highland Trail West Paul NM 47713
4510,jessica.cain@gmail.com,Jessica Cain,83147 Johnson Terrace Ste. 324 South George ME 37613-1816
4511,linda.jones@gmail.com,Linda Jones,50281 Park Circle Thomastown HI 60629
4512,paul.baker@anderson.com,Paul Baker,23050 Park Way Maryville OR 55139
4513,elizabeth.jackson@aol.com,Elizabeth Jackson,65652 Maple Avenue Fort Lisa VT 81629
4514,margaret.lewis@hotmail.com,Margaret Lewis,55411 Pine Trail New William HI 82088
4515,andrew.gonzalez@carter.biz,Andrew Gonzalez,98170 Lincoln Terrace Ste. 283 Fort Paul CT 47031-8070
4516,brian.baker@perez.com,Brian Baker,72012 Meadow Road Unit 336 Port Lisa MI 82075-3482
4517,laura.garcia@smith.net,Laura Garcia,50545 Ridge Path Michaelburgh MD 36669-1920
4518,patricia.young@carter.com,Patricia Young,37485 River Shore Jasonport NJ 23672-9185
4519,joseph.thomas@clark.info,Joseph Thomas,68903 Davis Shore Ronaldport DE 65086
4520,linda.jones@outlook.com,Linda Jones,63461 Cedar Avenue Unit 399 Nancyland MT 48814
4521,andrew.carter@nelson.net,Andrew Carter,53363 Highland Terrace Georgeland NV 54439
4522,david.mitchell@cain.biz,David Mitchell,49403 Maple Shore Apt. 879 Lake Benjamin OR 50932
4523,kevin.scott@aol.com,Kevin Scott,25551 Jefferson Square Susanfurt WI 89099
4524,kimberly.miller@outlook.com,Kimberly Miller,39682 Craig Crossing Jasonberg MD 41849-2849
4525,george.lewis@white.info,George Lewis,50629 Pine Path Suite 228 South Mark ID 82337
4526,jennifer.nelson@torres.info,Jennifer Nelson,50506 Pine Ford West Susan MI 66835
4527,kimberly.lewis@icloud.com,Kimberly Lewis,62487 Cook Plaza Bettyland ND 71144-2012
4528,kevin.kirby@icloud.com,Kevin Kirby,67023 Pine Way East Betty CO 79740
4529,anna.thomas@gmail.com,Anna Thomas,11573 Valley Run Unit 164 West William WI 73071
4530,lisa.perez@walker.com,Lisa Perez,24448 Adams Street Ste. 947 New Andrew KS 68672
4531,mary.brown@scott.org,Mary Brown,76250 Park Lane Apt. 708 Karenstad AK 94984
4532,margaret.williams@scott.com,Margaret Williams,90988 Lake Avenue Ste. 847 North George OH 51679-4082
4533,melissa.wright@hotmail.com,Melissa Wright,90362 Elm Trail Suite 815 Fort Larry LA 46881
4534,mary.carter@aol.com,Mary Carter,23021 Oak Square Annabury NC 01275
4535,nicholas.jones@yahoo.com,Nicholas Jones,68030 Madison Crossing North Joseph AR 91564
4536,betty.smith@clark.org,Betty Smith,74642 Valley Run Ste. 27 East Brian NM 86739
4537,david.nguyen@hotmail.com,David Nguyen,92951 Franklin Run Kevinville CA 96485
4538,nicholas.williams@wilson.info,Nicholas Williams,6810 Park Circle West Susan VT 63264-9151
4539,mary.miller@hotmail.com,Mary Miller,10488 Cook Lane Suite 17 Benjaminport IN 25463-2419
4540,sarah.hall@gmail.com,Sarah Hall,75751 Washington Loop Georgeville MI 33494
4541,carol.johnson@allen.biz,Carol Johnson,22055 Walnut Ford Apt. 82 Fort Joseph OR 71905
4542,jeffrey.martinez@outlook.com,Jeffrey Martinez,9648 Spring Ford Apt. 520 Port Nancy AK 98200
4543,anna.campbell@nelson.info,Anna Campbell,80921 Franklin Trail Ste. 898 New Betty NJ 70451
4544,linda.thompson@aol.com,Linda Thompson,81067 Maple Road North William IA 17061
4545,betty.flores@taylor.biz,Betty Flores,88262 Meadow Street North Larry TX 30218-5186
4546,larry.martinez@aol.com,Larry Martinez,85634 Valley Plaza East Steven CT 59159-1022
4547,helen.allen@thomas.biz,Helen Allen,42711 Washington Bypass Ste. 295 Susanfurt OK 98708
4548,michael.lee@outlook.com,Michael Lee,65429 Meadow Drive Lisaburgh WV 59975
4549,andrew.wilson@yahoo.com,Andrew Wilson,36193 Davis Square Suite 12 Paulburgh NV 20811-9523
4550,joshua.robinson@hotmail.com,Joshua Robinson,55334 Sunset Bypass Suite 826 Ronaldchester UT 89456-5709
4551,donna.jones@kirby.info,Donna Jones,6281 Adams Court Ste. 296 Edwardside KS 99257-7975
4552,james.hill@outlook.com,James Hill,85719 Adams Square Michaelside MA 22156-7702
4553,rebecca.lewis@yahoo.com,Rebecca Lewis,8267 Brook Trail South Andrew PA 04207
4554,steven.perez@aol.com,Steven Perez,85811 Spring Lane Lindachester DE 31896-2133
4555,helen.hall@campbell.biz,Helen Hall,48952 Adams Road Apt. 283 South David MN 17161
4556,sandra.wright@yahoo.com,Sandra Wright,86206 Carter Pass Apt. 779 South Jason OR 66235
4557,paul.young@hotmail.com,Paul Young,18675 Miller Street Thomasborough NE 37943
4558,nancy.rivera@aol.com,Nancy Rivera,21376 Lincoln Shore Danielview RI 53617-7077
4559,edward.thomas@jackson.net,Edward Thomas,54864 Shore Square Michaelmouth MI 29412-4093
4560,lisa.torres@icloud.com,Lisa Torres,72624 Fox Bypass Ste. 180 South Mark OH 96279-1279
4561,nicholas.davis@gmail.com,Nicholas Davis,46482 Franklin Plaza Apt. 682 Port Paul DE 54476
4562,james.king@johnson.biz,James King,14260 Washington Circle Andrewview PA 44598
4563,larry.thompson@johnson.biz,Larry Thompson,40787 Cook Trail Jameschester AZ 31874
4564,paul.allen@outlook.com,Paul Allen,38540 Maple Way Apt. 540 Port Edward IA 31167
4565,jeffrey.adams@yahoo.com,Jeffrey Adams,29337 Meadow Avenue Williamtown SD 76200
4566,gary.brown@aol.com,Gary Brown,22948 Maple Drive Unit 76 Fort William SC 03312
4567,michelle.allen@outlook.com,Michelle Allen,82043 Highland Ford South Ronald IN 05614
4568,betty.scott@hall.info,Betty Scott,53049 Meadow Court Ste. 818 Karenborough NC 21393
4569,thomas.harris@robinson.com,Thomas Harris,32644 Walnut Shore Suite 279 Port Paul MT 20867-3893
4570,nancy.anderson@cain.net,Nancy Anderson,16581 Pine Run Suite 112 Lake Joseph AR 64976
4571,paul.brown@icloud.com,Paul Brown,86160 Jefferson Street Unit 427 Stevenland NH 06823
4572,brian.taylor@anderson.info,Brian Taylor,25676 Miller Terrace Apt. 383 Edwardborough MN 98268-3709
4573,michael.miller@hall.org,Michael Miller,60156 Shore Way Ste. 315 Ronaldfurt OR 12957
4574,anthony.brown@thompson.biz,Anthony Brown,12965 Valley Street Unit 638 Michaelton AR 41740
4575,kevin.harris@gmail.com,Kevin Harris,72461 Lincoln Way North Betty MA 50523
4576,helen.scott@lewis.org,Helen Scott,48408 Franklin Bypass Unit 18 West Kevin VT 43972-1430
4577,gary.moore@gmail.com,Gary Moore,46933 Fox Pass Unit 175 East Joshua CT 61163-4038
4578,larry.torres@hotmail.com,Larry Torres,22914 Park Shore West Paul RI 72768
4579,betty.lewis@robinson.com,Betty Lewis,37955 Elm Drive New Andrew VT 60894-9077
4580,john.flores@icloud.com,John Flores,9103 Johnson Crossing Ste. 527 Markchester IN 98527
4581,carol.thompson@davis.org,Carol Thompson,70028 Forest Drive Lake Anna MA 36422-5776
4582,susan.sanchez@moore.com,Susan Sanchez,71875 Carter Avenue North Lisa WI 54003
4583,margaret.taylor@jackson.org,Margaret Taylor,96846 River Terrace Kristenhaven PA 26179-9140
4584,karen.baker@icloud.com,Karen Baker,6490 Cedar Plaza Nancyport AL 57102-6566
4585,ashley.moore@hotmail.com,Ashley Moore,984 Forest Lane Davidland NM 07018
4586,nicholas.taylor@icloud.com,Nicholas Taylor,65945 Oak Path Susanport KS 42004-2601
4587,jeffrey.allen@hotmail.com,Jeffrey Allen,4053 Park Crossing Unit 650 New Anna LA 24253
4588,emily.lee@icloud.com,Emily Lee,26473 Franklin Run Apt. 307 West Anna AK 36235
4589,timothy.scott@icloud.com,Timothy Scott,82252 Jefferson Way Unit 193 Stevenberg AK 82294
4590,laura.clark@lopez.org,Laura Clark,79192 Elm Circle Suite 383 Danielbury IL 95565
4591,thomas.perez@hotmail.com,Thomas Perez,25273 Highland Lane South William VT 21385
4592,amanda.cain@gmail.com,Amanda Cain,89485 Cook Road New Ronald AZ 59476
4593,jason.wright@allen.net,Jason Wright,74990 Shore Loop New Andrew NE 51537
4594,paul.adams@yahoo.com,Paul Adams,25822 Pine Circle Apt. 231 Williamside NY 19385
4595,kevin.campbell@hotmail.com,Kevin Campbell,7238 Valley Trail Apt. 287 North Daniel TX 33141
4596,charles.anderson@yahoo.com,Charles Anderson,63951 Park Terrace Lake Kevin IA 88313
4597,ashley.moore@yahoo.com,Ashley Moore,2421 Cook Road Apt. 37 West Jason WA 80733-9780
4598,helen.harris@gmail.com,Helen Harris,64482 Walnut Square Unit 373 Lake Anna SD 72288-8642
4599,ryan.nelson@williams.org,Ryan Nelson,20969 Brook Circle Unit 233 Fort Kevin VA 01406
4600,brian.carter@williams.net,Brian Carter,65802 Cook Ford Port Ronald LA 81992-6269
4601,george.torres@aol.com,George Torres,77778 Ridge Way Unit 154 South William NH 65007
4602,amy.johnson@yahoo.com,Amy Johnson,58006 Park Terrace Ste. 230 Danielberg KY 26099
4603,andrew.wright@hill.net,Andrew Wright,3405 Fox Shore Apt. 23 Williammouth NH 61579
4604,joseph.white@garcia.org,Joseph White,87892 Valley Pass West Anna FL 96929
4605,paul.moore@outlook.com,Paul Moore,96400 Park Pass Apt. 80 Bettystad AR 87425
4606,charles.robinson@aol.com,Charles Robinson,88114 Pine Road Suite 448 Port Nancy ME 78093
4607,paul.flores@scott.biz,Paul Flores,84426 Maple Avenue Apt. 707 Brianmouth NH 78914
4608,sarah.perez@perez.net,Sarah Perez,77502 Miller Drive New Betty ND 63468-9420
4609,david.hall@yahoo.com,David Hall,77754 Valley Avenue Unit 630 South Karen MD 41085
4610,anthony.gonzalez@moore.info,Anthony Gonzalez,34295 Davis Court Markburgh KS 13923-2152
4611,deborah.thompson@yahoo.com,Deborah Thompson,94377 Maple Square Unit 961 Williamside IL 56789
4612,ronald.wright@outlook.com,Ronald Wright,4437 Park Drive Unit 104 Lake Andrew HI 23630
4613,thomas.scott@moore.org,Thomas Scott,59028 Fox Road Ste. 559 Kristenville WI 86672-3594
4614,jessica.robinson@outlook.com,Jessica Robinson,24744 Oak Square Suite 285 South Sarah MN 58439
4615,amanda.lee@mitchell.org,Amanda Lee,85315 Elm Crossing South Benjamin CA 54277
4616,thomas.young@hotmail.com,Thomas Young,58913 Pine Terrace Port Jason MN 45009
4617,amy.williams@miller.biz,Amy Williams,50810 Lincoln Avenue Apt. 445 West Daniel CO 40847
4618,nicholas.davis@martinez.com,Nicholas Davis,79703 Jefferson Plaza Suite 578 Lake William MO 37968
4619,gary.brown@gmail.com,Gary Brown,43799 Adams Shore Unit 744 New Paul TX 80349-3613
4620,joseph.carter@lewis.biz,Joseph Carter,52250 Cedar Path Bettybury PA 72032
4621,margaret.lee@baker.net,Margaret Lee,29743 Cedar Street Fort Nancy WV 11026
4622,nicholas.taylor@nelson.net,Nicholas Taylor,55447 Carter Bypass Unit 444 Port Thomas NY 72673
4623,jennifer.rivera@yahoo.com,Jennifer Rivera,3130 Sunset Loop Josephfort MS 62355
4624,stephanie.smith@hotmail.com,Stephanie Smith,37907 Pine Terrace Lake William CT 72200
4625,patricia.williams@outlook.com,Patricia Williams,70235 Carter Road Suite 573 Annastad SC 53923
4626,donald.thompson@gmail.com,Donald Thompson,91303 Brook Run Suite 144 South Kevin WA 38647
4627,carol.white@aol.com,Carol White,85832 Brook Run South George SD 84132
4628,matthew.lewis@gmail.com,Matthew Lewis,55468 Jefferson Terrace Apt. 173 Ronaldton ID 29990
4629,donald.king@lopez.net,Donald King,26708 Elm Trail New Karen AL 76208
4630,edward.martinez@clark.com,Edward Martinez,73926 Hill Avenue Unit 208 East Anna AL 95931
4631,ryan.thompson@icloud.com,Ryan Thompson,58411 Lake Crossing Kristenview MT 61686
4632,jessica.torres@thompson.biz,Jessica Torres,65343 Spring Shore Unit 683 North David VT 08963
4633,deborah.hall@gmail.com,Deborah Hall,94212 Shore Loop Nancyburgh NH 07762-7877
4634,sandra.miller@yahoo.com,Sandra Miller,58550 Pine Run South Sarah VT 81712
4635,joseph.cain@outlook.com,Joseph Cain,19257 Craig Lane Lisaport VA 23118
4636,emily.ramirez@outlook.com,Emily Ramirez,454 Johnson Pass Suite 324 Ronaldshire UT 23660
4637,charles.anderson@yahoo.com,Charles Anderson,81447 Spring Avenue Apt. 414 North George AZ 05657
4638,ronald.lee@adams.org,Ronald Lee,19368 Carter Shore Annafort DE 72454-5563
4639,william.kirby@brown.org,William Kirby,71040 Spring Ford Michaelchester AK 73000-9094
4640,brian.perez@nguyen.biz,Brian Perez,93136 Shore Square Suite 610 Karenfort OK 90104
4641,sarah.sanchez@taylor.biz,Sarah Sanchez,20579 Hill Road Ste. 994 Larryborough AL 40684
4642,betty.williams@campbell.info,Betty Williams,38465 Lake Way Unit 937 Port Thomas CO 20677-1417
4643,patricia.johnson@gmail.com,Patricia Johnson,13275 Hill Court Georgeport CT 14268
4644,mary.lewis@icloud.com,Mary Lewis,13367 Fox Run East Thomas WA 24743-5444
4645,steven.martinez@davis.net,Steven Martinez,49865 Sunset Bypass New Jason PA 18142-4512
4646,elizabeth.torres@hotmail.com,Elizabeth Torres,653 Ridge Circle Michaelmouth OR 52618
4647,amanda.walker@hotmail.com,Amanda Walker,99629 Miller Avenue Williamfort OK 75632
4648,margaret.smith@outlook.com,Margaret Smith,18727 Fox Road Unit 750 West Mark SC 10984
4649,carol.robinson@icloud.com,Carol Robinson,19520 Maple Court Suite 102 Fort Steven OK 11173
4650,margaret.adams@hotmail.com,Margaret Adams,78419 Lake Run Suite 197 Jamesshire ID 61593-4607
4651,ronald.taylor@outlook.com,Ronald Taylor,7539 Highland Trail Josephmouth MA 92124
4652,jeffrey.mitchell@icloud.com,Jeffrey Mitchell,38213 Oak Shore Unit 843 West Karen IA 84514-6959
4653,margaret.jackson@outlook.com,Margaret Jackson,28700 Davis Bypass West Joseph WA 06853
4654,susan.perez@walker.org,Susan Perez,83548 Davis Path Ste. 324 Sarahchester NE 37741
4655,margaret.walker@outlook.com,Margaret Walker,33598 Pine Drive Suite 403 Kevinstad AL 28853-3323
4656,david.jones@icloud.com,David Jones,33635 Ridge Road Michaelshire VT 84190-6016
4657,lisa.brown@hotmail.com,Lisa Brown,75098 Sunset Plaza New Linda NC 14138
4658,kimberly.lopez@gmail.com,Kimberly Lopez,38481 Shore Run Suite 550 Danielview MN 27804
4659,joshua.mitchell@hotmail.com,Joshua Mitchell,60239 Spring Court Suite 510 Lake Kristen TX 28743
4660,jessica.thompson@outlook.com,Jessica Thompson,36176 Cook Avenue Michaelside WA 20565
4661,larry.adams@lee.biz,Larry Adams,42215 Craig Road West David MI 76150
4662,donna.campbell@yahoo.com,Donna Campbell,35226 Maple Path Port Linda MA 29405
4663,larry.jones@gmail.com,Larry Jones,84758 Davis Shore Suite 687 Lake Mary OH 27184
4664,gary.moore@icloud.com,Gary Moore,92996 Elm Pass Stevenview MI 10602
4665,ryan.king@gmail.com,Ryan King,13142 Jefferson Circle Susanburgh DE 65700-1237
4666,elizabeth.jones@aol.com,Elizabeth Jones,33841 Ridge Ford Port Jason NJ 30314-2757
4667,linda.jones@gmail.com,Linda Jones,94789 Park Trail Ste. 389 Josephburgh IL 92025
4668,elizabeth.williams@aol.com,Elizabeth Williams,36273 Lincoln Shore North Thomas WA 15791
4669,anna.lee@wright.org,Anna Lee,78214 Jefferson Court South Thomas AR 04649
4670,ashley.brown@nelson.com,Ashley Brown,48527 Washington Road Port Jason SC 37086-8259
4671,matthew.jones@icloud.com,Matthew Jones,521 Johnson Terrace Apt. 345 Karenfort WV 32294
4672,kimberly.campbell@white.net,Kimberly Campbell,18567 Sunset Plaza New Jason MI 01594
4673,barbara.cain@nguyen.net,Barbara Cain,63176 Lake Run Unit 396 Jameshaven NV 53930
4674,john.gonzalez@campbell.info,John Gonzalez,98222 Park Square Apt. 558 Lindashire NY 04028-2301
4675,elizabeth.williams@icloud.com,Elizabeth Williams,47100 Sunset Path Unit 166 Larryfort WV 20542
4676,andrew.young@hotmail.com,Andrew Young,54714 Valley Path North Kristen ID 73779
4677,charles.jackson@gmail.com,Charles Jackson,50510 Adams Loop Apt. 346 East Betty PA 21350-5652
4678,amy.garcia@hotmail.com,Amy Garcia,5921 Shore Loop South Mark IA 88347
4679,amy.hill@outlook.com,Amy Hill,91835 River Circle Apt. 236 Bettymouth PA 39754
4680,edward.campbell@icloud.com,Edward Campbell,61801 Adams Terrace Thomasfurt IL 88000-9888
4681,mark.young@white.org,Mark Young,76449 Park Pass Michaelfort DE 83736-7754
4682,charles.martin@moore.biz,Charles Martin,17133 Miller Pass Unit 619 West Betty WV 77985-4724
4683,lisa.jackson@outlook.com,Lisa Jackson,61798 Hill Run Unit 884 West Brian KY 59613
4684,anna.wright@yahoo.com,Anna Wright,11638 Brook Street Apt. 362 Lisamouth UT 87845
4685,edward.taylor@davis.info,Edward Taylor,15468 Fox Court Suite 180 Edwardchester DE 22126-8821
4686,helen.jackson@flores.org,Helen Jackson,58239 Valley Circle Susanborough DE 67021-8688
4687,joseph.jackson@icloud.com,Joseph Jackson,21600 Sunset Crossing Larrychester AK 50386
4688,elizabeth.jones@garcia.net,Elizabeth Jones,28804 Valley Square Apt. 997 Bettybury SC 87598
4689,donna.nelson@flores.com,Donna Nelson,92132 Lincoln Terrace Suite 375 Fort Larry IA 48613
4690,jason.scott@hill.biz,Jason Scott,67920 Forest Terrace Apt. 615 Fort Daniel AZ 24860
4691,emily.wright@aol.com,Emily Wright,41999 Forest Trail Suite 330 Fort Jason ID 76736-9257
4692,george.baker@scott.info,George Baker,58811 Washington Drive Paulland NJ 04748
4693,margaret.campbell@yahoo.com,Margaret Campbell,6805 Craig Bypass Unit 990 Ronaldtown NV 25762-7130
4694,michelle.jones@outlook.com,Michelle Jones,16649 Maple Terrace Georgetown LA 74073
4695,barbara.walker@outlook.com,Barbara Walker,6772 Washington Shore Ste. 250 Nancyview TX 93498-7323
4696,brian.young@gmail.com,Brian Young,89338 Miller Plaza New Linda IA 09749
4697,kimberly.sanchez@hotmail.com,Kimberly Sanchez,24019 Park Square West Sarah HI 61573-7837
4698,mary.carter@hotmail.com,Mary Carter,11880 Craig Terrace Lisaside ND 60109-4860
4699,nancy.williams@aol.com,Nancy Williams,77204 Adams Run Unit 16 Benjamintown AR 56999-5225
4700,mary.baker@gmail.com,Mary Baker,84003 Park Plaza Unit 992 West Linda MI 83044
4701,rebecca.taylor@garcia.info,Rebecca Taylor,73518 Park Ford Suite 118 New Ronald NC 86466
4702,kevin.perez@gmail.com,Kevin Perez,56934 Forest Street Apt. 151 Edwardberg KY 43915
4703,mary.wright@gmail.com,Mary Wright,90188 Davis Bypass Danielhaven MO 62280-2008
4704,anthony.mitchell@gmail.com,Anthony Mitchell,45120 Oak Circle Unit 98 South Larry OK 96686-2593
4705,george.moore@cain.info,George Moore,81403 Fox Court Apt. 329 Fort Mary WV 20193
4706,margaret.brown@icloud.com,Margaret Brown,47063 Hill Avenue Suite 69 North William ME 73378
4707,john.garcia@aol.com,John Garcia,74329 Lake Way Apt. 336 Larrytown KS 71358-7717
4708,jason.young@outlook.com,Jason Young,3625 Highland Path Ste. 523 Karenbury AR 80575
4709,gary.williams@walker.biz,Gary Williams,87379 Franklin Plaza South Betty WV 34147
4710,jeffrey.green@nguyen.org,Jeffrey Green,80944 Spring Shore Unit 337 North Karen RI 86330
4711,melissa.davis@wilson.net,Melissa Davis,63055 Davis Street Stevenhaven MI 91103-3449
4712,kimberly.clark@gmail.com,Kimberly Clark,10095 Washington Crossing Suite 33 Brianport VA 79707
4713,edward.green@robinson.biz,Edward Green,7312 Elm Street Ste. 4 Stevenstad LA 92485
4714,thomas.martin@wilson.com,Thomas Martin,45859 Shore Pass Suite 577 Lindaville CO 01992
4715,nancy.rivera@garcia.info,Nancy Rivera,46447 Lake Bypass Unit 91 Port Larry UT 02435
4716,anna.king@king.biz,Anna King,85656 Davis Circle Suite 316 Fort Larry HI 24429
4717,daniel.clark@rivera.com,Daniel Clark,10347 Adams Run Unit 550 Joshuaton WA 65520-8592
4718,mark.hall@torres.biz,Mark Hall,94768 Cook Drive Ste. 463 West Benjamin HI 42815
4719,william.lewis@martin.biz,William Lewis,28842 Spring Plaza Lake Paul CA 83020-5490
4720,larry.adams@hotmail.com,Larry Adams,56668 Davis Avenue Ste. 792 Georgefort OH 11677-9271
4721,linda.brown@campbell.net,Linda Brown,57671 Brook Ford Unit 914 Fort Kevin AZ 33997-4658
4722,edward.ramirez@sanchez.biz,Edward Ramirez,93965 Highland Pass Lake Ronald LA 78013
4723,joseph.walker@martinez.biz,Joseph Walker,83230 Davis Road Georgemouth IN 73068-8466
4724,jennifer.miller@icloud.com,Jennifer Miller,57229 Park Path Ste. 535 Andrewside NM 30996-9577
4725,joshua.smith@taylor.com,Joshua Smith,52137 Forest Trail Suite 646 Andrewhaven NC 70087
4726,amy.young@nguyen.com,Amy Young,19178 Maple Path Apt. 194 Jasonstad MD 17577-6330
4727,barbara.jackson@king.org,Barbara Jackson,54665 Lincoln Terrace Port Larry KY 04249
4728,sarah.nelson@green.org,Sarah Nelson,12753 Shore Road Ste. 787 Georgeburgh NY 08205-4616
4729,richard.ramirez@hotmail.com,Richard Ramirez,57860 Adams Avenue Suite 436 Paulhaven AK 50139
4730,timothy.young@aol.com,Timothy Young,42824 Highland Run Joshuaport TX 77218-9157
4731,mary.young@young.net,Mary Young,57632 River Court Suite 489 New Kevin OK 91765
4732,betty.miller@aol.com,Betty Miller,55635 Shore Crossing Unit 912 Andrewview AR 12708
4733,amanda.cain@hotmail.com,Amanda Cain,72903 Forest Court Andrewhaven MN 09850
4734,sandra.torres@gmail.com,Sandra Torres,18840 Johnson Bypass Lindamouth MT 13155
4735,paul.sanchez@icloud.com,Paul Sanchez,76782 Franklin Square Ste. 144 Williamview KY 71946
4736,daniel.taylor@yahoo.com,Daniel Taylor,28774 Lake Plaza Andrewview IN 34247
4737,patricia.wilson@gmail.com,Patricia Wilson,39906 Washington Way Stevenhaven OR 16083
4738,susan.campbell@nguyen.com,Susan Campbell,1102 Meadow Loop Fort Andrew MO 22664
4739,anna.thomas@white.net,Anna Thomas,3733 Maple Ford Suite 587 West Brian MO 13001
4740,william.hall@icloud.com,William Hall,71136 Franklin Plaza Ste. 395 Michaelchester AK 88830-2175
4741,kimberly.robinson@gmail.com,Kimberly Robinson,29879 Miller Trail West Larry MI 09598-7343
4742,gary.brown@allen.biz,Gary Brown,88792 Pine Avenue Unit 835 Williammouth CO 86519
4743,donna.anderson@gonzalez.biz,Donna Anderson,59693 Spring Shore Ste. 40 Stevenside NC 78251
4744,jason.baker@outlook.com,Jason Baker,29877 Miller Crossing Unit 659 North David FL 05125
4745,deborah.lee@thomas.net,Deborah Lee,25401 Carter Way Unit 711 South Benjamin PA 68178
4746,thomas.rivera@yahoo.com,Thomas Rivera,93697 Lake Terrace Unit 829 Lake Edward CA 34981-4851
4747,timothy.harris@miller.org,Timothy Harris,41426 Franklin Street Apt. 950 Benjaminchester NV 14046
4748,brian.wilson@gmail.com,Brian Wilson,88062 Washington Pass Apt. 714 Georgeview NM 94975
4749,mary.young@gmail.com,Mary Young,27795 Valley Lane West William CT 68706
4750,joshua.wright@icloud.com,Joshua Wright,6500 Davis Run Maryton RI 86535
4751,william.allen@nguyen.net,William Allen,82711 Franklin Shore Apt. 576 Paulfort SD 16496
4752,jessica.anderson@hotmail.com,Jessica Anderson,84549 Highland Lane Lake Nancy VA 74538-9892
4753,ashley.carter@icloud.com,Ashley Carter,77822 Franklin Square Ste. 570 New Larry LA 38186
4754,jessica.davis@green.org,Jessica Davis,75450 Brook Court East Paul WY 62839-3379
4755,joshua.cain@thompson.org,Joshua Cain,19092 River Court Williamshire NJ 51707
4756,kimberly.carter@gonzalez.info,Kimberly Carter,25033 Cedar Plaza Port Thomas UT 69788
4757,john.thomas@yahoo.com,John Thomas,35643 Lincoln Plaza Port Sarah OR 25678
4758,elizabeth.sanchez@hotmail.com,Elizabeth Sanchez,45265 Johnson Ford Fort David PA 50519
4759,patricia.hall@icloud.com,Patricia Hall,55663 Brook Terrace New Nancy VT 80508
4760,amanda.perez@gmail.com,Amanda Perez,63459 Cook Way Unit 890 East Larry TX 29058
4761,karen.torres@outlook.com,Karen Torres,46074 Meadow Terrace Unit 24 Michaelshire IN 58004-5445
4762,andrew.young@moore.biz,Andrew Young,86313 Shore Bypass Lake Sarah WV 42447
4763,ashley.garcia@yahoo.com,Ashley Garcia,56936 Craig Ford Danielland TN 07196-6819
4764,donna.baker@cain.info,Donna Baker,61493 Adams Circle Unit 221 New Mark VA 90399
4765,daniel.lee@gmail.com,Daniel Lee,14544 Sunset Road Unit 885 Jamesville WY 62594
4766,carol.walker@hill.info,Carol Walker,91259 Walnut Street Jamesstad AK 20040
4767,jennifer.nelson@hotmail.com,Jennifer Nelson,97790 Forest Avenue Apt. 214 Kristenbury VT 69181
4768,brian.lee@aol.com,Brian Lee,90223 Jefferson Circle Suite 381 Josephfurt WV 92356-9494
4769,mark.harris@martinez.info,Mark Harris,21688 Shore Drive West Michael OR 58463
4770,donald.rivera@aol.com,Donald Rivera,9874 Lake Crossing Unit 978 Joshuaburgh WY 26370
4771,emily.thomas@icloud.com,Emily Thomas,70661 Lake Crossing Apt. 277 North Thomas IA 49644
4772,john.king@allen.info,John King,83565 Sunset Plaza South George NJ 38428
4773,jennifer.jackson@ramirez.com,Jennifer Jackson,58859 Lincoln Crossing New Sarah CA 17783-7946
4774,donald.young@yahoo.com,Donald Young,94999 Cedar Plaza Apt. 851 South Mark UT 78543
4775,george.baker@thomas.net,George Baker,32931 Meadow Loop South Susan LA 26514-7027
4776,joshua.mitchell@cain.info,Joshua Mitchell,31860 Lake Square Unit 776 North Joshua NC 38486-1255
4777,charles.miller@gmail.com,Charles Miller,89896 Carter Run Sarahview VA 01598-7651
4778,amanda.sanchez@white.info,Amanda Sanchez,75113 Spring Run South Susan SD 94677-9092
4779,emily.allen@icloud.com,Emily Allen,74419 Carter Loop Georgefurt NY 87364
4780,joshua.young@baker.com,Joshua Young,68300 Maple Shore Apt. 414 Karenfurt NC 98418-6477
4781,jason.nelson@icloud.com,Jason Nelson,49709 Lincoln Way Unit 949 South Joshua WA 24336-6389
4782,joseph.thompson@outlook.com,Joseph Thompson,61187 Jefferson Square Georgefurt WI 50064
4783,thomas.robinson@gmail.com,Thomas Robinson,3828 Lake Loop Jamesshire IA 87746
4784,john.moore@hall.org,John Moore,25334 Oak Street Ste. 887 Paulstad RI 21566
4785,laura.moore@campbell.biz,Laura Moore,52926 Highland Plaza Unit 240 Lindaburgh ID 20794-3246
4786,patricia.martin@nelson.biz,Patricia Martin,83124 Oak Plaza Apt. 937 North Daniel TN 05648-2377
4787,susan.rivera@lewis.biz,Susan Rivera,2309 Oak Way Port Karen GA 76018
4788,kimberly.thompson@gmail.com,Kimberly Thompson,57616 Sunset Lane Benjaminton VT 93745
4789,michael.adams@hotmail.com,Michael Adams,35144 Elm Drive Ste. 864 Lake Linda TX 64685-2985
4790,emily.lopez@gmail.com,Emily Lopez,98824 Brook Court West Ronald DE 67750-3787
4791,charles.jones@icloud.com,Charles Jones,21735 Valley Ford Apt. 251 East Joshua WI 16869-3224
4792,amy.hall@aol.com,Amy Hall,15878 Jefferson Lane Unit 38 West Andrew LA 81951-2525
4793,mary.baker@nguyen.biz,Mary Baker,44593 Walnut Avenue Fort Nancy TN 39951
4794,jason.martinez@adams.biz,Jason Martinez,11739 Jefferson Drive Andrewshire VT 93584-8673
4795,kevin.king@walker.info,Kevin King,31761 Fox Street Edwardburgh CT 46585-4424
4796,ronald.jones@baker.info,Ronald Jones,6895 Pine Trail Suite 962 Michaelport ND 18979
4797,mark.taylor@white.com,Mark Taylor,84988 Fox Shore East Andrew NY 25964
4798,nancy.miller@adams.biz,Nancy Miller,26914 Miller Avenue Apt. 53 Stevenborough MO 46976
4799,ronald.lewis@brown.info,Ronald Lewis,58384 Maple Avenue Unit 824 New Anna IA 03848
4800,joshua.ramirez@yahoo.com,Joshua Ramirez,32615 Hill Trail Brianton NJ 88509-7488
4801,kimberly.clark@young.info,Kimberly Clark,72333 Franklin Street Georgeton VA 89107
4802,michael.baker@icloud.com,Michael Baker,45271 Jefferson Ford Apt. 414 Thomashaven ND 87059-1995
4803,john.martin@campbell.com,John Martin,21853 Meadow Loop Suite 638 Thomasfurt ME 44558
4804,melissa.hill@icloud.com,Melissa Hill,57623 Maple Trail Lindaview MD 81291
4805,carol.brown@miller.biz,Carol Brown,16333 Hill Way South James LA 48099-9919
4806,sarah.gonzalez@icloud.com,Sarah Gonzalez,18229 Highland Path Apt. 215 East Jason WY 07547
4807,edward.miller@hotmail.com,Edward Miller,52541 Lincoln Plaza South Karen KY 07789
4808,stephanie.perez@icloud.com,Stephanie Perez,80854 Valley Bypass North Andrew KS 80391
4809,larry.taylor@moore.org,Larry Taylor,92450 Lake Shore Lake Karen RI 12385-9622
4810,barbara.johnson@ramirez.biz,Barbara Johnson,37441 Jefferson Court South Joseph SC 84312
4811,george.young@moore.com,George Young,57549 Highland Drive Unit 630 Georgeborough AK 75393
4812,laura.jackson@king.info,Laura Jackson,93182 Jefferson Bypass East Nancy TX 09322-6511
4813,ronald.scott@perez.net,Ronald Scott,21615 Cedar Street Joshuashire MO 21871-2725
4814,patricia.clark@white.org,Patricia Clark,48444 Brook Drive South Benjamin AR 90123-4167
4815,william.martin@gmail.com,William Martin,10433 Ridge Way Lake George WI 44190
4816,joshua.moore@taylor.info,Joshua Moore,95506 Johnson Road Apt. 707 Joshuahaven GA 49306
4817,laura.lewis@gmail.com,Laura Lewis,86178 Shore Street Jasonchester NE 91107
4818,daniel.lewis@gmail.com,Daniel Lewis,52195 Spring Drive Unit 521 Fort Anna CO 08297
4819,jeffrey.sanchez@outlook.com,Jeffrey Sanchez,78634 Walnut Path Port Jason GA 30700
4820,william.clark@martinez.biz,William Clark,41460 Pine Terrace Apt. 509 Michaelbury NH 83686-9187
4821,melissa.gonzalez@yahoo.com,Melissa Gonzalez,54456 Oak Street Ste. 972 Thomastown MO 90583-4517
4822,charles.campbell@cain.com,Charles Campbell,43121 Cedar Circle Paulchester MD 81080
4823,andrew.flores@smith.info,Andrew Flores,14399 Madison Way Ste. 386 Lake Edward NH 52280
4824,stephanie.kirby@outlook.com,Stephanie Kirby,26668 Hill Trail Ste. 415 Fort Anna SC 83230-8483
4825,richard.sanchez@hotmail.com,Richard Sanchez,57148 Highland Crossing Suite 387 Kevinton NY 21809
4826,sandra.mitchell@icloud.com,Sandra Mitchell,25694 Highland Terrace North Sarah VT 57686
4827,edward.campbell@robinson.net,Edward Campbell,54714 Lincoln Shore West Andrew TX 98128
4828,jeffrey.lopez@aol.com,Jeffrey Lopez,92575 Lincoln Plaza North Betty CO 60690
4829,andrew.hall@clark.net,Andrew Hall,39585 Maple Shore Lindatown NC 10306
4830,susan.gonzalez@gmail.com,Susan Gonzalez,64470 Craig Drive Davidhaven WI 55752
4831,anna.lee@yahoo.com,Anna Lee,84952 Cook Loop South Lisa UT 51524-7596
4832,edward.martinez@aol.com,Edward Martinez,71863 Valley Circle New George IL 02763
4833,rebecca.torres@hotmail.com,Rebecca Torres,69295 Brook Road Benjaminstad AR 39868
4834,john.white@outlook.com,John White,83452 Cedar Road Lake Michael ND 46802-7870
4835,patricia.flores@carter.org,Patricia Flores,67593 Fox Square Fort Ronald KY 90121
4836,amanda.hall@aol.com,Amanda Hall,92953 Lincoln Ford Apt. 514 South Lisa RI 79429
4837,betty.scott@lee.org,Betty Scott,99234 Lincoln Court Suite 351 Sarahberg TN 09150
4838,emily.campbell@garcia.info,Emily Campbell,9922 Adams Terrace East George ME 49203
4839,lisa.clark@yahoo.com,Lisa Clark,6260 Ridge Street Suite 422 Fort Betty PA 58074-2462
4840,betty.anderson@yahoo.com,Betty Anderson,73484 Ridge Way Lake Sarah AZ 96897
4841,helen.smith@lee.net,Helen Smith,92572 Washington Court Ste. 158 Maryborough MT 25141-4909
4842,thomas.lopez@outlook.com,Thomas Lopez,11691 Park Shore North Betty FL 10025-9762
4843,margaret.carter@yahoo.com,Margaret Carter,69667 Johnson Avenue Sarahton GA 34068
4844,sarah.baker@yahoo.com,Sarah Baker,15722 Oak Pass Suite 490 Port Kristen OK 76240
4845,sarah.taylor@hotmail.com,Sarah Taylor,76922 Walnut Court Ste. 943 West Edward MS 86236
4846,margaret.gonzalez@gmail.com,Margaret Gonzalez,53551 Pine Shore Edwardland UT 22447-3946
4847,william.kirby@outlook.com,William Kirby,65243 Hill Circle New Lisa CO 54880
4848,larry.lopez@yahoo.com,Larry Lopez,95069 Adams Avenue Apt. 520 Lindafort WV 02159-5781
4849,helen.wright@gmail.com,Helen Wright,82476 Maple Circle Jamesside CA 09545
4850,jason.anderson@walker.biz,Jason Anderson,45472 Johnson Drive Unit 396 Fort Thomas WV 53327
4851,donna.gonzalez@gmail.com,Donna Gonzalez,97072 Carter Road Apt. 923 Sarahtown ME 57691
4852,jessica.wilson@hotmail.com,Jessica Wilson,2309 Hill Terrace North Ronald WV 45179
4853,thomas.davis@hotmail.com,Thomas Davis,83157 Davis Court Suite 596 New David WY 37896
4854,betty.torres@taylor.biz,Betty Torres,77441 Walnut Shore Georgeview AR 71214-8679
4855,nancy.hall@scott.com,Nancy Hall,86557 Valley Way Ste. 803 New Edward WI 93302-8849
4856,larry.torres@aol.com,Larry Torres,53996 Meadow Trail Ronaldshire SD 26831
4857,barbara.mitchell@gmail.com,Barbara Mitchell,95936 Valley Road North Sarah SD 11424
4858,edward.white@gmail.com,Edward White,33874 Johnson Loop Unit 257 East Mark HI 49580
4859,thomas.torres@aol.com,Thomas Torres,972 Johnson Court Apt. 100 Markberg CT 94348-9540
4860,gary.robinson@aol.com,Gary Robinson,52502 Lincoln Way Unit 866 Lake Joshua NY 09196-9175
4861,helen.wright@mitchell.org,Helen Wright,88007 Elm Shore Ste. 199 Thomasside LA 56425-1522
4862,elizabeth.carter@icloud.com,Elizabeth Carter,89655 Carter Loop South Linda NM 73304
4863,lisa.lewis@clark.net,Lisa Lewis,28794 River Street Apt. 284 Port William MN 37008
4864,joshua.young@jackson.org,Joshua Young,90454 Cedar Loop Port Nancy IN 91508-7864
4865,linda.king@gmail.com,Linda King,67083 River Drive Suite 383 Benjaminside IL 30604
4866,paul.kirby@icloud.com,Paul Kirby,32278 River Pass North Mary VT 65151
4867,andrew.campbell@brown.net,Andrew Campbell,55938 Lake Terrace Bettybury CA 66998
4868,jennifer.thomas@ramirez.info,Jennifer Thomas,61141 Elm Way Unit 631 Nancyton RI 53632-8612
4869,paul.mitchell@gmail.com,Paul Mitchell,12345 Maple Run Apt. 703 Kevinstad AZ 18118
4870,amanda.cain@wilson.org,Amanda Cain,86829 Miller Trail North Kristen WY 67725
4871,deborah.wright@gmail.com,Deborah Wright,39361 Valley Court Fort Susan NJ 88783
4872,donald.martin@aol.com,Donald Martin,53751 Highland Loop Lake Steven IN 99957
4873,michael.nelson@gmail.com,Michael Nelson,26301 Sunset Pass Apt. 987 North George AR 69216-5902
4874,sarah.moore@gmail.com,Sarah Moore,19215 Fox Square Ste. 240 West Mark FL 13199
4875,george.young@hotmail.com,George Young,92470 Adams Square Port William HI 02651
4876,daniel.miller@young.info,Daniel Miller,3686 Cook Street North Thomas WI 49839-2076
4877,brian.adams@miller.org,Brian Adams,53249 River Court Ste. 425 Georgemouth WA 05988
4878,amy.perez@outlook.com,Amy Perez,84348 Highland Pass Apt. 451 Sarahton CA 07694
4879,nicholas.thompson@thompson.info,Nicholas Thompson,46407 Walnut Square Josephborough WY 92836
4880,thomas.baker@gmail.com,Thomas Baker,13577 Davis Bypass Lisachester VT 85211
4881,john.baker@icloud.com,John Baker,62022 Pine Square Jasonfort WI 12589
4882,emily.jones@outlook.com,Emily Jones,18319 Washington Path Unit 59 Sarahville OR 48717
4883,matthew.harris@martinez.net,Matthew Harris,1354 Oak Shore Ste. 724 Brianshire AZ 57913
4884,helen.clark@aol.com,Helen Clark,5139 Oak Road Ronaldport NE 09290
4885,sarah.clark@torres.net,Sarah Clark,7187 River Crossing Fort Brian NC 26440
4886,michelle.clark@yahoo.com,Michelle Clark,14604 Adams Pass Suite 995 New Joshua MS 54332
4887,edward.davis@garcia.info,Edward Davis,50917 Hill Drive Suite 97 Jamesshire GA 14333-9346
4888,jeffrey.walker@gmail.com,Jeffrey Walker,19398 Shore Avenue New Mary DE 78080
4889,ashley.king@hotmail.com,Ashley King,77417 Maple Road Larryview KS 66256
4890,ronald.moore@aol.com,Ronald Moore,91864 River Trail Suite 623 Lisaburgh WA 29385-2973
4891,jason.walker@yahoo.com,Jason Walker,72665 Hill Drive Georgebury MA 41132-4332
4892,gary.allen@hotmail.com,Gary Allen,41898 Jefferson Trail Unit 706 Lake David IL 24972-2847
4893,nicholas.lopez@aol.com,Nicholas Lopez,5416 Davis Ford North Mark SC 16373-2722
4894,anna.baker@gmail.com,Anna Baker,61962 Miller Square Lake Joshua IN 91238
4895,anna.carter@hotmail.com,Anna Carter,98516 Madison Plaza Unit 144 Lake James NJ 29129
4896,david.harris@baker.biz,David Harris,45357 Sunset Crossing Unit 281 Danielburgh HI 21841
4897,emily.martin@moore.com,Emily Martin,54670 Hill Ford Suite 796 Lake Andrew NC 49987-6111
4898,melissa.smith@outlook.com,Melissa Smith,2311 Ridge Drive Bettytown AK 58053
4899,larry.johnson@outlook.com,Larry Johnson,35426 Shore Pass South Ronald NY 50839
4900,thomas.harris@hotmail.com,Thomas Harris,94491 Washington Street North Kevin NY 80838-1420
4901,daniel.cain@baker.org,Daniel Cain,13653 Meadow Run Suite 419 Jamesborough NE 84037
4902,david.lewis@white.net,David Lewis,2424 Valley Ford Suite 498 Jasonchester KS 58781-2574
4903,betty.robinson@taylor.net,Betty Robinson,73237 Madison Pass South William UT 95278-5758
4904,daniel.campbell@hotmail.com,Daniel Campbell,28222 Washington Run Jameshaven NJ 01207-8456
4905,thomas.brown@wright.biz,Thomas Brown,54509 Lake Loop Jasontown WA 47212
4906,john.torres@king.biz,John Torres,60371 Park Road Ste. 350 Davidtown OK 54326
4907,john.white@aol.com,John White,33152 Cedar Road South Jason HI 22508-5789
4908,lisa.martinez@icloud.com,Lisa Martinez,56222 Carter Lane Thomasville PA 83179
4909,patricia.rivera@martinez.biz,Patricia Rivera,92040 Park Path Suite 181 East George WY 74291-2221
4910,matthew.brown@davis.com,Matthew Brown,97539 Franklin Plaza Andrewbury NJ 23885
4911,michelle.green@outlook.com,Michelle Green,69731 Sunset Circle Ste. 544 South Benjamin MA 91520-6362
4912,michael.clark@gmail.com,Michael Clark,83343 Pine Loop Jasonland AK 63935-9622
4913,jeffrey.wright@johnson.com,Jeffrey Wright,21918 Pine Avenue Apt. 765 Paulview MN 17730
4914,john.smith@outlook.com,John Smith,83819 Adams Plaza Suite 743 New Kristen PA 76579-8561
4915,jennifer.martin@aol.com,Jennifer Martin,48790 Elm Bypass Lake Benjamin TX 92768
4916,david.davis@lee.net,David Davis,10036 Elm Lane Lake Kristen ND 24816
4917,stephanie.cain@gmail.com,Stephanie Cain,77304 Carter Drive West Michael RI 32537
4918,helen.brown@cain.org,Helen Brown,48580 Elm Trail Ste. 722 Brianburgh NY 42689
4919,james.cain@aol.com,James Cain,29902 Jefferson Loop West George HI 62285
4920,richard.sanchez@jackson.info,Richard Sanchez,80592 Oak Terrace Apt. 700 North Daniel MI 02770
4921,timothy.scott@robinson.biz,Timothy Scott,25429 Ridge Circle Ste. 953 Georgeton SD 83751
4922,ashley.lee@gmail.com,Ashley Lee,13253 Valley Terrace Suite 483 Sarahbury MS 62912
4923,helen.clark@lewis.net,Helen Clark,7747 Brook Street New James AK 62966-6716
4924,richard.wright@yahoo.com,Richard Wright,65715 Maple Plaza Lisafurt AL 95522
4925,laura.green@white.net,Laura Green,56313 Craig Ford North Andrew NJ 43895
4926,melissa.ramirez@aol.com,Melissa Ramirez,13135 Lincoln Trail North Karen NE 98687
4927,lisa.harris@yahoo.com,Lisa Harris,78332 Ridge Street Annaland OH 31568-5984
4928,patricia.martin@martinez.biz,Patricia Martin,97210 Hill Crossing Ste. 92 Port Anna MT 04057-4359
4929,john.jones@icloud.com,John Jones,82101 Carter Square Ste. 675 Sarahfort TN 76900-4956
4930,mary.scott@outlook.com,Mary Scott,61960 River Plaza New Betty TN 01700
4931,elizabeth.flores@aol.com,Elizabeth Flores,35736 Highland Way New Thomas ND 75324-3991
4932,jeffrey.thompson@rivera.com,Jeffrey Thompson,66362 Miller Road Unit 27 New Karen DE 77218-5394
4933,jeffrey.jones@icloud.com,Jeffrey Jones,13750 Carter Crossing Fort Mark SD 58726
4934,larry.scott@lee.com,Larry Scott,25618 Oak Street West Edward ND 57036-1320
4935,thomas.allen@hotmail.com,Thomas Allen,6098 Hill Road Ste. 994 Kevinshire VA 36480
4936,jennifer.perez@perez.net,Jennifer Perez,28705 Davis Street Suite 11 South Ronald NC 20524
4937,linda.smith@gmail.com,Linda Smith,19034 Cedar Plaza East Kristen NM 87421
4938,deborah.clark@scott.org,Deborah Clark,93456 Carter Plaza Port Ronald RI 59786-1257
4939,stephanie.kirby@aol.com,Stephanie Kirby,61211 Washington Circle Ste. 822 Andrewstad PA 92265-4449
4940,jennifer.flores@gmail.com,Jennifer Flores,1147 Pine Pass South Linda NJ 10297
4941,mary.torres@baker.info,Mary Torres,55843 Elm Pass West Nancy NC 32450
4942,rebecca.white@sanchez.net,Rebecca White,85305 Johnson Bypass Unit 350 Ronaldbury MN 71888-4206
4943,donna.jones@robinson.biz,Donna Jones,21014 Highland Court Marystad TX 36808
4944,jessica.smith@aol.com,Jessica Smith,68511 Meadow Plaza Kristenfort NJ 60315-6141
4945,rebecca.clark@icloud.com,Rebecca Clark,32474 Forest Pass Georgefort CA 71643
4946,ashley.lopez@gmail.com,Ashley Lopez,61400 Spring Loop North James NH 01437-3165
4947,lisa.nguyen@aol.com,Lisa Nguyen,79950 Miller Avenue Ste. 418 South Michael OH 65806
4948,carol.white@yahoo.com,Carol White,13450 Fox Path North David IL 11398
4949,nicholas.martin@brown.biz,Nicholas Martin,18360 Brook Plaza Ste. 120 Susanfort KY 54634
4950,laura.clark@outlook.com,Laura Clark,48095 Lincoln Ford Suite 661 Fort Karen PA 60144-5905
4951,nancy.sanchez@gmail.com,Nancy Sanchez,21017 Pine Lane Ste. 443 Michaelville MA 47105
4952,laura.campbell@garcia.net,Laura Campbell,89025 Washington Bypass Jameshaven ND 32685
4953,laura.baker@davis.biz,Laura Baker,21049 Johnson Circle Apt. 183 Danielville WY 85294-6995
4954,joseph.green@lopez.info,Joseph Green,54194 Jefferson Path Apt. 507 Thomastown NM 37587-4072
4955,david.moore@gmail.com,David Moore,75111 Meadow Terrace Ste. 554 East Sarah UT 53673-2131
4956,nicholas.rivera@aol.com,Nicholas Rivera,12259 Davis Pass Suite 395 Markshire LA 41628-4082
4957,emily.white@yahoo.com,Emily White,35763 Carter Ford Lake Linda WA 94057-8690
4958,jennifer.davis@outlook.com,Jennifer Davis,30502 Pine Way Susanport ID 36384-8765
4959,brian.ramirez@outlook.com,Brian Ramirez,42032 Sunset Avenue Lisaland OR 14255
4960,edward.lee@smith.org,Edward Lee,65910 Madison Street Andrewshire NC 25038-5842
4961,carol.carter@aol.com,Carol Carter,68506 Craig Drive New Andrew AK 56397-7922
4962,kevin.gonzalez@hotmail.com,Kevin Gonzalez,64379 Washington Square Ste. 252 New Jason UT 58570-7096
4963,larry.wright@outlook.com,Larry Wright,8603 Shore Drive Unit 289 Lake Betty AK 99998-6688
4964,david.jackson@gmail.com,David Jackson,9559 Miller Terrace Unit 607 Lindabury OK 16089-3478
4965,steven.walker@icloud.com,Steven Walker,47382 Washington Road Bettymouth TX 71625-3759
4966,kevin.jones@anderson.biz,Kevin Jones,88194 Elm Bypass Karenton AR 65977-3349
4967,anthony.davis@icloud.com,Anthony Davis,82701 Lincoln Road Apt. 677 New Joshua SD 28912
4968,steven.garcia@hotmail.com,Steven Garcia,19173 Jefferson Pass Apt. 162 Michaeltown GA 66736
4969,michelle.anderson@icloud.com,Michelle Anderson,31040 Hill Way Apt. 185 Fort Linda MO 14146
4970,gary.perez@hotmail.com,Gary Perez,89462 Adams Bypass West Joshua NC 99507-3348
4971,charles.rivera@adams.com,Charles Rivera,36796 Elm Lane Davidtown MS 22095-9327
4972,richard.miller@aol.com,Richard Miller,28984 Carter Court New George RI 24095
4973,mark.ramirez@hotmail.com,Mark Ramirez,10977 Adams Terrace Unit 291 North Joseph RI 85670
4974,richard.walker@aol.com,Richard Walker,24762 Hill Drive Unit 546 Fort Paul MN 49747
4975,donald.flores@wilson.info,Donald Flores,71058 Meadow Bypass Apt. 923 Port Linda IN 15923-7883
4976,thomas.perez@baker.biz,Thomas Perez,49669 Johnson Terrace Fort Anna NM 13269
4977,michelle.williams@wilson.com,Michelle Williams,29788 Walnut Terrace Unit 345 South Linda WI 73226
4978,timothy.carter@icloud.com,Timothy Carter,31920 Lincoln Bypass Apt. 452 East Benjamin TX 84234
4979,michael.cain@outlook.com,Michael Cain,30051 Park Avenue Kristenhaven OH 52624
4980,laura.wright@green.info,Laura Wright,55307 Walnut Shore Port Brian ME 72294
4981,mark.wilson@campbell.biz,Mark Wilson,66896 Johnson Plaza Annaside SC 75619
4982,joshua.williams@gmail.com,Joshua Williams,16970 Madison Run Maryborough AL 75525-8262
4983,nancy.lopez@icloud.com,Nancy Lopez,51029 Jefferson Square East Kristen VT 11716
4984,ronald.mitchell@outlook.com,Ronald Mitchell,42426 Sunset Road Ste. 936 Bettyville CT 87686
4985,anthony.jackson@mitchell.net,Anthony Jackson,9786 Meadow Bypass North Jason NE 44676
4986,linda.lopez@carter.org,Linda Lopez,78077 Davis Loop Suite 54 Benjaminshire NJ 01407-3625
4987,mark.cain@allen.biz,Mark Cain,69746 Madison Road North Betty NJ 33134-1351
4988,nancy.gonzalez@aol.com,Nancy Gonzalez,84688 Walnut Street Benjaminshire WV 36702-3372
4989,susan.campbell@outlook.com,Susan Campbell,4459 Pine Shore Danielmouth WV 74228
4990,barbara.hall@gmail.com,Barbara Hall,16668 Cedar Ford Unit 776 Port Kristen WV 79578
4991,paul.jackson@icloud.com,Paul Jackson,3526 Jefferson Avenue Paulbury UT 54133
4992,margaret.adams@brown.net,Margaret Adams,6711 Madison Plaza Unit 143 South Susan MA 98454
4993,david.robinson@outlook.com,David Robinson,91086 Park Terrace Ste. 831 South George FL 61075
4994,nancy.cain@hotmail.com,Nancy Cain,40554 Lincoln Square Ste. 957 Brianshire WV 77165
4995,barbara.sanchez@gmail.com,Barbara Sanchez,52297 Pine Circle Port James WV 05056
4996,william.lewis@icloud.com,William Lewis,41534 Davis Terrace Susanberg RI 16590
4997,larry.brown@young.biz,Larry Brown,73154 Cedar Shore Unit 844 East Larry UT 28351
4998,richard.nelson@lee.biz,Richard Nelson,56378 Lake Road Apt. 673 North Jason WI 18187-5949
4999,james.kirby@icloud.com,James Kirby,36102 River Road Port Brian MI 99949
5000,mark.carter@harris.net,Mark Carter,82975 River Terrace South Michael ID 17347-6098
5001,susan.hill@aol.com,Susan Hill,73884 Sunset Run Suite 446 Karenhaven NV 68775-3457
5002,jeffrey.harris@rivera.biz,Jeffrey Harris,62420 Jefferson Loop Suite 457 Thomasview DE 20315-7154
5003,nicholas.green@martin.biz,Nicholas Green,59887 Brook Circle Ste. 578 Port David RI 89806
5004,larry.martinez@yahoo.com,Larry Martinez,62114 Miller Trail Unit 733 Lindashire MA 62317
5005,charles.moore@adams.biz,Charles Moore,22563 Cook Ford Ste. 679 South David HI 96618
5006,ashley.johnson@yahoo.com,Ashley Johnson,88613 Lincoln Lane North Thomas WV 49062-6129
5007,david.johnson@flores.net,David Johnson,44331 Davis Avenue Ste. 466 Maryton AR 20008
5008,mary.lopez@yahoo.com,Mary Lopez,26415 Oak Pass Suite 740 West Joseph CO 48235
5009,elizabeth.anderson@hotmail.com,Elizabeth Anderson,8269 Meadow Terrace Ste. 854 West Lisa DE 07657
5010,james.nguyen@hotmail.com,James Nguyen,36236 Oak Circle Ste. 278 Thomasmouth SD 81222
5011,larry.adams@carter.info,Larry Adams,42380 Maple Way Apt. 411 North Jason NM 26812
5012,jessica.davis@johnson.org,Jessica Davis,15737 Valley Avenue Ste. 450 Kevinfort NY 08793
5013,anna.scott@hotmail.com,Anna Scott,45436 Oak Circle Lake Steven NM 53228-4390
5014,paul.green@yahoo.com,Paul Green,42562 Madison Road Thomaston MT 21260-9084
5015,mark.smith@gmail.com,Mark Smith,82669 Carter Ford Ste. 244 Thomasport AZ 32711-8245
5016,margaret.kirby@aol.com,Margaret Kirby,1949 Adams Way Lake Linda PA 31993
5017,emily.torres@yahoo.com,Emily Torres,35977 Adams Path Port William MS 81946-8187
5018,donna.baker@yahoo.com,Donna Baker,54692 Park Avenue Lake Sarah MD 15064
5019,thomas.rivera@icloud.com,Thomas Rivera,5797 Cook Circle Apt. 426 New Mark TN 12544
5020,anthony.williams@scott.com,Anthony Williams,16265 Washington Road Apt. 299 East Lisa AK 36228
5021,william.martinez@white.org,William Martinez,36454 Adams Terrace North Mark LA 55501
5022,jason.lee@flores.biz,Jason Lee,53853 Elm Plaza Davidview NJ 40539
5023,joseph.flores@aol.com,Joseph Flores,33168 Cedar Crossing Andrewfurt NV 03151
5024,andrew.brown@outlook.com,Andrew Brown,8235 Shore Shore Apt. 974 Fort William MD 63384-7713
5025,sandra.perez@lee.net,Sandra Perez,2496 Fox Lane Joshuabury SC 59426
5026,timothy.baker@icloud.com,Timothy Baker,58415 Craig Trail New William MT 45732
5027,linda.jackson@yahoo.com,Linda Jackson,43647 Highland Run Apt. 867 Port Brian FL 66785
5028,joseph.martinez@gmail.com,Joseph Martinez,36116 Park Avenue Paulshire NY 38618
5029,sandra.allen@gmail.com,Sandra Allen,27685 Franklin Square Unit 922 Benjaminstad LA 97182
5030,nicholas.lee@cain.net,Nicholas Lee,97768 Lake Crossing West Sarah CT 35946-3194
5031,john.martinez@perez.biz,John Martinez,65917 Jefferson Bypass Port Steven SD 95551
5032,anthony.flores@baker.com,Anthony Flores,12003 Walnut Trail Fort Nancy CA 95319
5033,donna.lee@garcia.net,Donna Lee,77372 Washington Loop East Jason SC 29604-2073
5034,sarah.martinez@williams.net,Sarah Martinez,47611 Madison Pass Sarahfurt KY 82770
5035,carol.scott@adams.biz,Carol Scott,86222 Walnut Bypass Larryfurt MO 87644-4768
5036,emily.lee@jackson.com,Emily Lee,99376 Hill Square Suite 952 South Lisa NJ 92256
5037,paul.thomas@gmail.com,Paul Thomas,57536 Jefferson Run Fort Thomas LA 24408
5038,anna.carter@gmail.com,Anna Carter,98794 Cedar Loop Port Steven RI 98748
5039,william.miller@miller.org,William Miller,7427 Pine Street Suite 90 Lisaton NJ 32707
5040,nicholas.allen@aol.com,Nicholas Allen,60883 Valley Ford Apt. 76 Georgeport SC 03424
5041,nicholas.perez@adams.org,Nicholas Perez,55895 Valley Terrace Suite 52 Thomastown CO 55007-3208
5042,stephanie.lewis@yahoo.com,Stephanie Lewis,88601 Meadow Court Andrewview CT 10642
5043,emily.allen@hotmail.com,Emily Allen,93754 Park Street Markland AR 04266
5044,carol.thomas@davis.biz,Carol Thomas,35034 Highland Loop West Thomas NE 17339-7097
5045,betty.cain@williams.net,Betty Cain,75274 Hill Ford Jamesbury OK 92534
5046,daniel.perez@robinson.net,Daniel Perez,79847 Meadow Plaza Suite 196 South Lisa NE 42096-7303
5047,sandra.nelson@adams.com,Sandra Nelson,85122 Davis Avenue New Susan IL 46125
5048,richard.jones@gmail.com,Richard Jones,91568 Valley Bypass West Larry SC 78301
5049,ronald.thomas@outlook.com,Ronald Thomas,12416 Spring Bypass Apt. 904 New Sarah NJ 91148-2511
5050,david.smith@taylor.org,David Smith,88212 Walnut Square Unit 624 Susanland ND 87166
5051,susan.martin@harris.biz,Susan Martin,14975 Highland Way Apt. 913 Paulton AL 25966
5052,richard.harris@icloud.com,Richard Harris,45197 Davis Ford New Joshua NJ 65883
5053,andrew.wilson@outlook.com,Andrew Wilson,69100 Park Circle Unit 407 Lake David NH 46945
5054,james.smith@garcia.info,James Smith,56186 Johnson Trail Lake Sarah CA 36837
5055,james.martinez@perez.com,James Martinez,81334 Cedar Way Ste. 582 Fort Karen AL 09612
5056,ronald.lee@outlook.com,Ronald Lee,54767 Jefferson Run East David KY 44381
5057,david.allen@icloud.com,David Allen,19629 Adams Shore New Nancy WV 77512
5058,ronald.johnson@icloud.com,Ronald Johnson,76189 Jefferson Road Lake Kristen CT 07255-5044
5059,joshua.jackson@icloud.com,Joshua Jackson,17195 Oak Ford West Sarah NM 96302-2599
5060,joshua.martinez@lopez.com,Joshua Martinez,38863 Valley Street Ste. 908 Andrewbury AK 90520
5061,gary.moore@johnson.info,Gary Moore,75827 Walnut Trail Kevinbury NJ 55291-8734
5062,jessica.campbell@ramirez.biz,Jessica Campbell,27490 Craig Crossing Ste. 864 Williammouth NM 80129
5063,amanda.smith@aol.com,Amanda Smith,85368 Lincoln Way Ste. 973 Lake Paul NH 51729-6984
5064,paul.rivera@gmail.com,Paul Rivera,11541 Pine Road Apt. 322 Danielstad MA 54446
5065,nicholas.moore@yahoo.com,Nicholas Moore,15812 Spring Lane Lake Jason MO 11193-9193
5066,elizabeth.wilson@adams.com,Elizabeth Wilson,81720 Cook Trail North Susan UT 89003
5067,sarah.cain@hotmail.com,Sarah Cain,69387 Cook Street Bettytown CT 64980
5068,nicholas.kirby@hotmail.com,Nicholas Kirby,73100 Pine Plaza Danielbury VT 14888-3656
5069,sandra.martin@lewis.com,Sandra Martin,99408 Franklin Bypass Larryton MD 08427
5070,rebecca.harris@carter.com,Rebecca Harris,22482 Sunset Way Suite 658 Joshuabury OR 82657
5071,patricia.brown@gonzalez.net,Patricia Brown,62339 Walnut Circle Ste. 469 Markbury PA 57569
5072,kevin.ramirez@outlook.com,Kevin Ramirez,22797 Shore Way Unit 66 East Thomas TX 91381
5073,sandra.cain@yahoo.com,Sandra Cain,21280 Elm Avenue Apt. 88 Annabury TN 03495
5074,lisa.mitchell@yahoo.com,Lisa Mitchell,14420 Franklin Pass Unit 987 Josephport KY 19943
5075,ashley.sanchez@ramirez.biz,Ashley Sanchez,36766 Craig Plaza Unit 948 Annamouth AK 54443-7185
5076,paul.robinson@robinson.net,Paul Robinson,14044 Adams Court Georgefort NJ 64444-7013
5077,ashley.green@nguyen.com,Ashley Green,99630 Carter Loop Josephchester RI 67320-2256
5078,emily.walker@adams.biz,Emily Walker,28139 Highland Square Unit 163 West William WA 18514
5079,lisa.johnson@torres.net,Lisa Johnson,94975 Lake Square Lake Susan TX 47058-4487
5080,sandra.clark@flores.info,Sandra Clark,30022 Hill Circle Larryview TX 55409
5081,donald.gonzalez@hotmail.com,Donald Gonzalez,17527 Sunset Plaza North James ME 05903
5082,betty.johnson@campbell.info,Betty Johnson,18685 Carter Way Ste. 542 Andrewshire ND 57918-6166
5083,anthony.taylor@jones.com,Anthony Taylor,10536 Fox Way Suite 742 Fort Joseph SC 40806
5084,william.rivera@outlook.com,William Rivera,939 Oak Bypass Benjaminhaven OK 10401-8030
5085,brian.lee@campbell.org,Brian Lee,90095 Craig Road Paulmouth NV 23495
5086,steven.martin@icloud.com,Steven Martin,82891 Jefferson Road Apt. 738 East Daniel OK 36926
5087,edward.martinez@gmail.com,Edward Martinez,49322 Spring Crossing Karenchester ND 64349
5088,mary.miller@gmail.com,Mary Miller,61842 Maple Ford New Joshua AK 55082
5089,sarah.brown@outlook.com,Sarah Brown,65003 Forest Avenue Suite 649 Andrewstad CT 42426
5090,michelle.green@gmail.com,Michelle Green,59584 Meadow Pass Port Steven KS 76010-5983
5091,kimberly.jones@hotmail.com,Kimberly Jones,21881 Adams Ford Susanchester ME 98571
5092,emily.johnson@clark.net,Emily Johnson,6711 Park Avenue Unit 931 Danielside NE 50208-4757
5093,ryan.thomas@rivera.net,Ryan Thomas,60860 Maple Trail Lisahaven MS 96509
5094,kimberly.white@outlook.com,Kimberly White,80440 River Street Jameshaven OH 61860
5095,steven.thomas@davis.com,Steven Thomas,93701 Davis Circle Unit 274 Fort Brian CA 71623
5096,charles.adams@aol.com,Charles Adams,6892 Lincoln Ford Thomasmouth VA 96967
5097,stephanie.hall@icloud.com,Stephanie Hall,91920 Forest Pass Apt. 479 South Jason CO 79064-3993
5098,amy.hall@hotmail.com,Amy Hall,86070 Meadow Drive East Joshua ME 16634-7947
5099,mark.harris@adams.net,Mark Harris,55900 Forest Way Suite 863 Bettyfurt VA 20956
5100,karen.jackson@gmail.com,Karen Jackson,93834 Elm Avenue Unit 35 Port Ronald CO 44945
5101,jason.taylor@lewis.info,Jason Taylor,87999 Pine Court Suite 320 Josephfort OH 62829
5102,ronald.clark@aol.com,Ronald Clark,2903 Fox Court Josephhaven AK 44964
5103,john.campbell@thompson.org,John Campbell,96268 Brook Court Danielmouth WY 74309-3090
5104,david.gonzalez@hotmail.com,David Gonzalez,73315 Shore Drive Suite 180 Davidstad OH 46014
5105,joshua.hall@carter.biz,Joshua Hall,58719 Meadow Lane Fort Kristen AR 46396
5106,ashley.baker@yahoo.com,Ashley Baker,19239 Cook Loop Suite 437 Port Larry SC 90861-6349
5107,ronald.campbell@williams.com,Ronald Campbell,50184 Pine Plaza New Mary NY 34803
5108,ryan.scott@jones.com,Ryan Scott,1277 Highland Path Kristenton VT 94893
5109,ryan.nelson@gmail.com,Ryan Nelson,47524 Valley Plaza Apt. 590 Danielview MD 54548
5110,amanda.hill@hotmail.com,Amanda Hill,44294 Miller Square Andrewfurt PA 45076-1474
5111,emily.martin@gmail.com,Emily Martin,47058 Brook Shore Susanhaven WI 18565
5112,karen.rivera@yahoo.com,Karen Rivera,12814 Valley Drive Ste. 832 South Benjamin HI 37221
5113,amy.robinson@aol.com,Amy Robinson,97826 Highland Loop Sarahfurt NV 39496-9322
5114,mary.hill@johnson.net,Mary Hill,61683 River Run East Larry ME 70099
5115,jennifer.lee@ramirez.net,Jennifer Lee,26661 Lincoln Road Williambury CA 88030-4821
5116,michelle.flores@walker.net,Michelle Flores,43950 Walnut Drive Michaelstad KS 83026
5117,sandra.thompson@yahoo.com,Sandra Thompson,52822 Meadow Road Andrewside NC 53295
5118,anthony.torres@wilson.org,Anthony Torres,88470 Pine Bypass Port Karen CT 86177
5119,mary.clark@moore.com,Mary Clark,92628 Walnut Shore Suite 770 Markview MS 14095-3307
5120,anthony.wright@yahoo.com,Anthony Wright,44536 Highland Drive New Mark SD 20384
5121,linda.thomas@johnson.net,Linda Thomas,62247 Davis Street Apt. 440 Jamesburgh VA 64375
5122,david.johnson@yahoo.com,David Johnson,13495 Hill Circle Thomasfurt OR 78019
5123,steven.lopez@hill.org,Steven Lopez,47804 Cedar Drive Apt. 646 Lisaview WY 71936
5124,deborah.clark@aol.com,Deborah Clark,38757 Cedar Avenue Ste. 889 Fort Michael MA 33668
5125,ronald.walker@outlook.com,Ronald Walker,33336 River Avenue Apt. 521 Williamview AK 26997-2042
5126,deborah.hill@jackson.org,Deborah Hill,17446 Sunset Loop North Kristen KS 19088
5127,jessica.brown@outlook.com,Jessica Brown,33024 Park Avenue Apt. 893 West Ronald SC 25022
5128,anna.robinson@gmail.com,Anna Robinson,88023 Cedar Trail Fort Nancy IL 18190
5129,gary.moore@aol.com,Gary Moore,15227 Hill Run Thomasview AR 36325
5130,helen.baker@mitchell.net,Helen Baker,96833 Walnut Circle West Daniel GA 10982
5131,edward.williams@hotmail.com,Edward Williams,84812 Miller Trail Suite 64 North Paul KS 85191-3650
5132,michael.davis@sanchez.org,Michael Davis,76529 Park Drive Apt. 305 Kevinchester AZ 30065
5133,helen.gonzalez@outlook.com,Helen Gonzalez,85788 Adams Path South Joseph MA 27114
5134,steven.green@yahoo.com,Steven Green,20765 Highland Crossing Unit 562 Lake Anna ME 48103
5135,ronald.nelson@outlook.com,Ronald Nelson,5338 Forest Plaza Unit 915 Lake Mark PA 13869
5136,ryan.flores@gmail.com,Ryan Flores,28900 Adams Pass Unit 281 Markchester OK 44826-2718
5137,jennifer.mitchell@johnson.com,Jennifer Mitchell,7264 Spring Avenue Ronaldside CT 56939-8412
5138,mark.garcia@gmail.com,Mark Garcia,99681 Miller Road New Joseph SD 87802
5139,brian.anderson@gmail.com,Brian Anderson,18906 Franklin Plaza West Benjamin AR 59271-9953
5140,kimberly.adams@robinson.net,Kimberly Adams,1353 Ridge Court South Edward OK 07956-7234
5141,mark.sanchez@icloud.com,Mark Sanchez,10227 Forest Road Susanmouth GA 32670
5142,amy.hill@white.org,Amy Hill,56382 Ridge Court Lake Andrew OR 19815-5924
5143,ashley.wright@gmail.com,Ashley Wright,61378 Spring Avenue Suite 419 New Edward NM 63473-3107
5144,nancy.martinez@yahoo.com,Nancy Martinez,5315 Shore Circle Apt. 349 Danielfurt CA 18732
5145,anna.wright@outlook.com,Anna Wright,47986 Hill Avenue Apt. 696 Lake Mark SC 30337
5146,sandra.young@young.info,Sandra Young,66306 Davis Road Unit 239 Jasontown VT 53987
5147,nicholas.carter@robinson.com,Nicholas Carter,58068 Shore Pass Kristenberg NE 59111
5148,amanda.scott@scott.org,Amanda Scott,89798 Shore Terrace South Linda NM 69982-3856
5149,william.flores@hill.info,William Flores,4895 Walnut Trail Apt. 386 Lake Paul IA 52963
5150,james.thomas@outlook.com,James Thomas,64327 Johnson Trail Unit 125 Jameshaven NC 95681-9615
5151,nicholas.allen@campbell.net,Nicholas Allen,76925 Sunset Lane Ste. 292 West Daniel MN 47521
5152,jeffrey.lee@wilson.biz,Jeffrey Lee,8792 Park Terrace Unit 29 Kevinberg AR 72315
5153,jason.lewis@rivera.info,Jason Lewis,53789 Oak Lane Ste. 58 Edwardland FL 15895
5154,karen.young@flores.info,Karen Young,27391 Cook Road Nancychester ND 97291
5155,betty.thomas@icloud.com,Betty Thomas,50508 Fox Trail Nancyland KS 52402-9987
5156,carol.green@outlook.com,Carol Green,96083 Forest Shore Suite 705 Andrewbury CA 71042
5157,ashley.carter@white.biz,Ashley Carter,84202 Ridge Bypass West Ronald WY 37111-7658
5158,donald.lopez@ramirez.org,Donald Lopez,51356 Brook Road Port George CA 08970
5159,melissa.lewis@gmail.com,Melissa Lewis,22617 Johnson Crossing West Daniel NV 43651
5160,daniel.young@wright.biz,Daniel Young,17205 Walnut Path Apt. 495 West Michael TN 16592
5161,timothy.thompson@yahoo.com,Timothy Thompson,31236 Washington Road Jamesburgh MT 66373-1768
5162,larry.anderson@icloud.com,Larry Anderson,40310 Carter Ford Karenburgh WA 81143
5163,patricia.lopez@hotmail.com,Patricia Lopez,42986 Valley Avenue New Mary MN 81483
5164,brian.kirby@robinson.net,Brian Kirby,72651 Sunset Run Josephview KS 96183-4371
5165,mary.walker@yahoo.com,Mary Walker,82223 Carter Bypass North Joseph WA 80493-7598
5166,john.miller@perez.info,John Miller,80052 Elm Lane Suite 702 New George IL 07750
5167,donna.nguyen@icloud.com,Donna Nguyen,48835 Shore Drive West Michael AK 23292
5168,matthew.gonzalez@young.net,Matthew Gonzalez,37165 Oak Lane Ste. 74 Fort Lisa CT 23115
5169,amy.young@yahoo.com,Amy Young,17411 Walnut Court East Kevin WA 27941
5170,patricia.campbell@outlook.com,Patricia Campbell,67849 Elm Way Suite 747 East Daniel NE 48589
5171,karen.ramirez@robinson.info,Karen Ramirez,19874 Maple Court Lake Kristen UT 19239-4068
5172,patricia.kirby@gmail.com,Patricia Kirby,16092 Lincoln Bypass Susanshire MA 45224
5173,elizabeth.carter@aol.com,Elizabeth Carter,33486 Maple Avenue West Susan CT 79177
5174,mark.lee@outlook.com,Mark Lee,420 River Road Bettyfort KS 24991
5175,david.mitchell@anderson.info,David Mitchell,57908 Johnson Shore Davidberg MD 20211
5176,deborah.johnson@gmail.com,Deborah Johnson,25285 Forest Square East Anna MS 50039
5177,amy.perez@taylor.biz,Amy Perez,75626 Washington Shore Annaberg AL 14385
5178,laura.wright@gmail.com,Laura Wright,40563 Maple Street West Paul FL 51464-1074
5179,margaret.baker@icloud.com,Margaret Baker,18035 Brook Pass Ste. 881 Danielbury NC 04307-4184
5180,john.clark@rivera.biz,John Clark,28298 Madison Loop Unit 453 New Lisa MI 58649-8988
5181,patricia.walker@hotmail.com,Patricia Walker,43925 Highland Trail Karenland GA 20799
5182,deborah.harris@yahoo.com,Deborah Harris,14102 Cedar Plaza Thomasfurt PA 81810-3613
5183,anthony.lopez@gmail.com,Anthony Lopez,78624 River Circle Unit 525 New Anna MN 20044-4397
5184,andrew.jones@icloud.com,Andrew Jones,68493 Johnson Drive Larryshire NM 13911
5185,david.lee@aol.com,David Lee,80799 Shore Pass New Mary CT 99980
5186,donald.carter@aol.com,Donald Carter,13496 Valley Loop Ste. 248 Michaelland CO 75927-9994
5187,matthew.flores@yahoo.com,Matthew Flores,36295 Shore Path Ronaldfort VA 58063
5188,karen.nelson@aol.com,Karen Nelson,62195 Oak Bypass Joshuashire GA 88240-9079
5189,larry.hill@rivera.org,Larry Hill,49155 Davis Crossing Larryton AR 95410
5190,richard.sanchez@allen.biz,Richard Sanchez,6941 Franklin Court Apt. 863 Kristenburgh OH 62465
5191,donald.baker@aol.com,Donald Baker,35340 Lincoln Bypass New Betty CT 20623
5192,ronald.smith@lopez.info,Ronald Smith,52544 Park Ford East Daniel FL 34884
5193,jessica.lewis@scott.biz,Jessica Lewis,56320 Davis Court Ste. 67 South Mark GA 47743-6689
5194,carol.thompson@icloud.com,Carol Thompson,58310 Meadow Crossing Suite 114 New Kristen MN 55968
5195,carol.martin@yahoo.com,Carol Martin,6475 Lincoln Shore Unit 204 Bettyberg ND 61114-8362
5196,ryan.carter@hotmail.com,Ryan Carter,79529 Spring Drive Apt. 293 North Karen OK 17973-3464
5197,andrew.torres@icloud.com,Andrew Torres,61898 Maple Ford Ste. 538 Andrewburgh OH 57514
5198,emily.anderson@aol.com,Emily Anderson,89914 Meadow Court Unit 964 Andrewville FL 74227-4573
5199,timothy.young@gmail.com,Timothy Young,48348 Miller Shore Suite 582 West Lisa TN 61471-4819
5200,melissa.lopez@aol.com,Melissa Lopez,43172 Oak Path Apt. 194 Michaelstad AK 89480
5201,ryan.campbell@mitchell.com,Ryan Campbell,72577 Washington Drive Fort Mary TX 87284-9591
5202,mary.martin@wright.com,Mary Martin,80385 Meadow Run New Linda SC 44815-6606
5203,mark.walker@hotmail.com,Mark Walker,17578 Park Crossing Suite 426 North Sarah AZ 37422
5204,steven.smith@yahoo.com,Steven Smith,69624 Cook Court Bettyburgh RI 19468
5205,helen.flores@outlook.com,Helen Flores,28212 Sunset Crossing Apt. 523 North Kevin NH 06339-1144
5206,william.lewis@gmail.com,William Lewis,35536 Cedar Run Bettybury AK 44481
5207,helen.nelson@gmail.com,Helen Nelson,2781 Oak Lane Suite 234 Larryside MA 49167
5208,charles.johnson@carter.com,Charles Johnson,19582 Lake Avenue Apt. 845 Nancyview SC 84974
5209,james.wright@gmail.com,James Wright,62000 Craig Path Lake Daniel HI 34128-7734
5210,kimberly.lee@adams.org,Kimberly Lee,46019 Spring Way Paulville SD 06082
5211,matthew.lopez@jackson.net,Matthew Lopez,47765 Walnut Trail Unit 584 South Kristen UT 71742-1822
5212,steven.rivera@wilson.org,Steven Rivera,46510 Shore Terrace Apt. 604 Georgetown TX 23084
5213,rebecca.jackson@martin.com,Rebecca Jackson,96062 Walnut Path Unit 745 Markville NH 73119
5214,michelle.hall@robinson.net,Michelle Hall,41693 Park Avenue Ste. 876 Larrymouth NE 27159
5215,ashley.clark@outlook.com,Ashley Clark,14547 Brook Loop Apt. 348 Briantown NC 13417-6880
5216,linda.jackson@martin.net,Linda Jackson,24739 Forest Crossing Davidshire ID 10369
5217,amy.hall@green.org,Amy Hall,62154 Shore Bypass Unit 304 Lake Sarah PA 75579
5218,kimberly.jackson@hotmail.com,Kimberly Jackson,22565 Hill Pass Annafurt UT 62117
5219,matthew.lee@harris.org,Matthew Lee,31123 Craig Lane Benjaminview OH 99169
5220,matthew.green@yahoo.com,Matthew Green,6712 Madison Avenue Larrymouth LA 61938
5221,anna.taylor@hotmail.com,Anna Taylor,65776 Forest Ford Fort Joseph ME 45067-4883
5222,linda.rivera@gmail.com,Linda Rivera,69291 Forest Loop Lindamouth CA 75644-7278
5223,kevin.jackson@outlook.com,Kevin Jackson,40261 Walnut Street Suite 757 Josephfurt OR 65143
5224,karen.allen@hotmail.com,Karen Allen,64710 Elm Pass Josephfurt ND 98059
5225,betty.torres@aol.com,Betty Torres,25257 Lincoln Loop Unit 533 North Joseph MT 66901
5226,jennifer.ramirez@gmail.com,Jennifer Ramirez,61191 Davis Terrace Unit 34 West Thomas SD 92006
5227,paul.jones@yahoo.com,Paul Jones,56121 Franklin Trail Bettyview OK 01875-1425
5228,joseph.gonzalez@aol.com,Joseph Gonzalez,85411 Elm Path Suite 688 Port Linda SC 44549-5732
5229,helen.cain@aol.com,Helen Cain,65721 Meadow Shore Ste. 167 South Benjamin MD 13041
5230,joseph.allen@wright.com,Joseph Allen,76928 Highland Shore East Kristen OK 66448-5995
5231,richard.garcia@hotmail.com,Richard Garcia,51380 Walnut Trail Ronaldtown NE 67034-6742
5232,michael.anderson@hotmail.com,Michael Anderson,37017 Davis Trail Brianchester MA 59680
5233,susan.allen@gmail.com,Susan Allen,57192 Ridge Court Suite 920 North Edward KY 33553-8945
5234,joshua.garcia@carter.com,Joshua Garcia,98884 Lake Lane Apt. 241 Sarahfurt TX 31111-3260
5235,ashley.young@nguyen.info,Ashley Young,7859 Park Circle Unit 143 West Benjamin WI 69714-1396
5236,stephanie.white@adams.info,Stephanie White,62219 Miller Plaza Apt. 249 Marytown NM 27940
5237,ronald.moore@outlook.com,Ronald Moore,71720 Meadow Pass Apt. 528 Benjaminstad VA 92229-2470
5238,donald.campbell@yahoo.com,Donald Campbell,96830 Spring Loop Stevenport NV 79988
5239,emily.williams@aol.com,Emily Williams,70735 Cedar Pass Unit 719 Fort Kevin MA 84633-1159
5240,gary.kirby@gmail.com,Gary Kirby,4539 Park Road Ste. 792 Port Michael CO 10002
5241,kevin.garcia@icloud.com,Kevin Garcia,6580 Washington Loop Williamland VT 87543
5242,margaret.green@gmail.com,Margaret Green,32067 Franklin Plaza Ste. 541 Danielmouth PA 86267-1492
5243,james.cain@king.org,James Cain,46308 Adams Shore Ste. 772 Fort Edward AK 29905
5244,patricia.baker@brown.info,Patricia Baker,35187 Davis Trail Briantown SC 24931-9616
5245,nancy.lopez@outlook.com,Nancy Lopez,32663 Shore Avenue Unit 778 East Jason VT 07575
5246,betty.davis@outlook.com,Betty Davis,79182 Washington Street Brianfort WY 45509-2659
5247,ashley.clark@yahoo.com,Ashley Clark,78942 Ridge Way Unit 965 Danielshire ID 18533-5785
5248,emily.smith@yahoo.com,Emily Smith,33387 River Way Larryview IA 41251-4445
5249,anna.taylor@gmail.com,Anna Taylor,48669 Madison Plaza Nancyhaven AL 10197
5250,brian.lewis@yahoo.com,Brian Lewis,72354 Brook Pass Ste. 414 Benjamintown IL 41579
5251,edward.campbell@jones.net,Edward Campbell,60933 Cedar Crossing Lake Linda AZ 23541
5252,steven.garcia@gmail.com,Steven Garcia,34366 Highland Trail New Jason NH 52712
5253,sandra.scott@outlook.com,Sandra Scott,99179 Miller Terrace Michaelland WY 39833
5254,betty.ramirez@white.com,Betty Ramirez,30493 Shore Run Apt. 458 Thomasburgh ID 01685
5255,matthew.hill@outlook.com,Matthew Hill,63266 Lincoln Ford Unit 937 Susanside MN 12151
5256,kevin.adams@williams.org,Kevin Adams,86644 Valley Circle Apt. 632 Sarahport DE 83604-3355
5257,thomas.nelson@icloud.com,Thomas Nelson,34996 Franklin Pass Apt. 923 South Mark MI 96703-8598
5258,kimberly.white@davis.info,Kimberly White,26543 Cedar Court New Mary VT 80377
5259,ryan.martin@gmail.com,Ryan Martin,23251 Fox Bypass Suite 395 Fort James NE 72370
5260,carol.anderson@icloud.com,Carol Anderson,40741 Miller Circle Unit 351 Michaeltown WY 26017
5261,sarah.carter@gmail.com,Sarah Carter,9927 Oak Terrace North Benjamin TX 63722
5262,mark.robinson@icloud.com,Mark Robinson,13393 Brook Way Apt. 250 Sarahland IN 17097-8191
5263,jeffrey.flores@ramirez.info,Jeffrey Flores,3393 Sunset Bypass Ste. 469 Lake James KS 76746
5264,patricia.thomas@williams.com,Patricia Thomas,63124 Valley Pass Lisafurt ID 60975
5265,mary.hill@nelson.com,Mary Hill,43493 Hill Terrace Suite 978 Sarahchester MI 41922
5266,lisa.walker@smith.net,Lisa Walker,37612 Davis Terrace West Joseph WV 69002-8517
5267,larry.lopez@gmail.com,Larry Lopez,51465 Sunset Loop Suite 94 South Kristen CT 49690-3261
5268,laura.ramirez@kirby.net,Laura Ramirez,95372 Forest Circle Thomasberg OK 87501
5269,patricia.nguyen@garcia.biz,Patricia Nguyen,40969 Cedar Path Ste. 289 New Joshua MS 65956
5270,susan.davis@johnson.biz,Susan Davis,26021 Forest Pass Unit 202 Jamesberg MA 50173-5380
5271,jennifer.nguyen@outlook.com,Jennifer Nguyen,72839 Shore Drive Apt. 475 Bettyport TN 48960
5272,steven.rivera@white.info,Steven Rivera,92099 Sunset Crossing Bettychester MO 71050
5273,larry.rivera@martin.biz,Larry Rivera,86435 Highland Circle Suite 960 South Andrew SD 83659
5274,steven.wright@white.org,Steven Wright,68434 Fox Street Suite 666 North Brian FL 87696
5275,anthony.jackson@gmail.com,Anthony Jackson,20673 River Ford Apt. 330 Lindatown WY 73460
5276,edward.king@yahoo.com,Edward King,49435 Park Crossing Apt. 453 New Thomas VA 92027
5277,lisa.miller@gmail.com,Lisa Miller,81196 Pine Pass Edwardhaven CT 13341
5278,amanda.king@smith.biz,Amanda King,42817 Franklin Ford Bettyland WA 24684-4179
5279,margaret.walker@anderson.info,Margaret Walker,91329 Meadow Court Williamtown IN 16639-3787
5280,joseph.rivera@outlook.com,Joseph Rivera,22270 Park Street Suite 501 West Betty RI 30187
5281,joshua.garcia@anderson.com,Joshua Garcia,36690 Fox Path Jamesborough ME 58218
5282,susan.garcia@outlook.com,Susan Garcia,18330 Lincoln Avenue Edwardview MO 30224
5283,laura.ramirez@icloud.com,Laura Ramirez,50589 Franklin Road Suite 179 New Benjamin ID 30164
5284,mary.flores@mitchell.info,Mary Flores,2897 Sunset Bypass Ste. 686 South Susan DE 21974-4564
5285,william.wright@aol.com,William Wright,33775 Meadow Court Jasonbury MN 11643
5286,carol.lee@aol.com,Carol Lee,89388 Meadow Loop New Brian WY 51141
5287,james.wilson@icloud.com,James Wilson,99681 Walnut Crossing Benjaminfurt KS 14710-7414
5288,sarah.moore@nguyen.net,Sarah Moore,92177 Pine Plaza Lake Lisa IA 25779
5289,jeffrey.adams@gmail.com,Jeffrey Adams,80491 Craig Street Suite 518 South Steven MO 40276
5290,laura.smith@icloud.com,Laura Smith,6941 Oak Way Suite 669 Maryshire NE 74261
5291,anthony.flores@white.org,Anthony Flores,51941 Maple Avenue Ste. 862 East Thomas NY 24575-1633
5292,margaret.king@icloud.com,Margaret King,57744 Carter Avenue Unit 944 Maryport NE 52049
5293,edward.walker@ramirez.com,Edward Walker,95607 Madison Avenue Suite 745 Bettyberg CT 53088
5294,kevin.young@yahoo.com,Kevin Young,94555 Carter Run Davidland VA 40507-1478
5295,karen.sanchez@gmail.com,Karen Sanchez,59924 Walnut Terrace Fort Linda MO 47209
5296,donna.mitchell@king.net,Donna Mitchell,49151 Washington Ford New George AK 36224
5297,brian.kirby@lee.net,Brian Kirby,384 Fox Street Lindafurt AZ 82838
5298,kimberly.campbell@outlook.com,Kimberly Campbell,35680 Highland Avenue Ste. 925 East Edward AL 48352
5299,amy.mitchell@lee.org,Amy Mitchell,10363 Valley Pass Fort Karen ID 34000
5300,charles.miller@king.biz,Charles Miller,12672 Forest Path North Thomas MA 12746
5301,charles.clark@thompson.info,Charles Clark,27789 Elm Way Apt. 190 Paulport NC 78222
5302,george.king@robinson.biz,George King,80273 Madison Street Josephview WI 30694
5303,matthew.garcia@yahoo.com,Matthew Garcia,65917 Craig Square Apt. 100 New Paul GA 46791-1189
5304,michelle.garcia@scott.biz,Michelle Garcia,81860 Fox Trail Ste. 588 Kristenport NM 72219-6176
5305,susan.taylor@icloud.com,Susan Taylor,162 Johnson Square Kevinview CA 51217-2929
5306,michelle.miller@lewis.biz,Michelle Miller,70077 Pine Circle Port Betty NC 63448-3293
5307,david.anderson@wilson.biz,David Anderson,37757 Madison Trail Suite 472 Kevinborough MD 78843
5308,amy.campbell@gmail.com,Amy Campbell,89289 Pine Crossing North Steven VT 41557
5309,james.thompson@white.net,James Thompson,33873 Meadow Bypass Jasonport WI 29630-4755
5310,linda.brown@allen.net,Linda Brown,91809 Brook Pass West Jason MS 52534
5311,anna.smith@garcia.info,Anna Smith,8213 Miller Way Williamview ME 98491
5312,mary.green@moore.net,Mary Green,6848 Meadow Loop Andrewshire ME 46489-3200
5313,paul.davis@garcia.biz,Paul Davis,34384 Hill Loop Port Jason NV 38187
5314,kevin.robinson@hotmail.com,Kevin Robinson,68884 Washington Avenue Unit 508 Lake Betty CT 99724
5315,richard.gonzalez@perez.biz,Richard Gonzalez,75938 Sunset Drive Apt. 799 Lisaport CO 66813
5316,lisa.torres@icloud.com,Lisa Torres,57656 Ridge Circle Paulmouth WI 80147
5317,elizabeth.jackson@lewis.info,Elizabeth Jackson,68146 Cook Pass Ste. 679 Davidville IL 13186
5318,jessica.sanchez@outlook.com,Jessica Sanchez,85999 Franklin Avenue Ste. 837 East Betty ME 93714
5319,amy.thomas@yahoo.com,Amy Thomas,65458 Lake Trail Ste. 400 Markport WY 66471
5320,john.hill@aol.com,John Hill,32814 Sunset Drive Apt. 632 Edwardview AK 09787
5321,jessica.walker@icloud.com,Jessica Walker,97111 Miller Pass North Jason SD 36815
5322,nancy.baker@williams.org,Nancy Baker,5165 Miller Crossing North Anna GA 50864-1472
5323,daniel.anderson@garcia.biz,Daniel Anderson,29071 Park Avenue Fort Mary VT 87155-8453
5324,elizabeth.jones@hotmail.com,Elizabeth Jones,44310 Walnut Avenue Port Betty CA 62432
5325,thomas.scott@icloud.com,Thomas Scott,92966 Adams Terrace West Nancy AL 47432
5326,thomas.walker@icloud.com,Thomas Walker,54626 Carter Drive East Brian OR 55703
5327,joseph.perez@green.com,Joseph Perez,30581 Shore Court Ste. 418 East Sarah CO 87540-3887
5328,amy.mitchell@sanchez.com,Amy Mitchell,16188 Fox Run Ste. 930 North Kristen NH 65602
5329,thomas.king@allen.net,Thomas King,54555 River Shore Apt. 860 Josephbury NY 29564-8459
5330,timothy.lewis@yahoo.com,Timothy Lewis,88939 Davis Loop Karenberg NM 72387
5331,steven.davis@outlook.com,Steven Davis,45888 Pine Court Ste. 336 Joshuaborough OH 02054
5332,amy.scott@gonzalez.net,Amy Scott,56149 Madison Crossing Unit 564 Edwardbury MI 26026
5333,larry.robinson@flores.com,Larry Robinson,23699 Jefferson Terrace Apt. 148 West Steven NM 12419
5334,larry.wright@aol.com,Larry Wright,15793 Adams Ford Unit 583 Sarahchester SD 83836
5335,gary.anderson@outlook.com,Gary Anderson,71222 Walnut Terrace Lindastad PA 05238
5336,mark.walker@allen.net,Mark Walker,27557 River Drive West Betty NE 94575
5337,amanda.harris@ramirez.org,Amanda Harris,87450 Washington Drive Ste. 253 Paulside NC 22683-1144
5338,lisa.nelson@torres.info,Lisa Nelson,65523 Miller Pass Unit 185 Nancyborough AR 60044
5339,larry.flores@outlook.com,Larry Flores,70769 Pine Ford Port Brian IA 51751
5340,linda.campbell@hotmail.com,Linda Campbell,39316 Brook Bypass Unit 749 Edwardville WA 24032
5341,andrew.green@nelson.info,Andrew Green,24909 Cedar Run Suite 857 Markstad OR 20537
5342,nicholas.rivera@nelson.net,Nicholas Rivera,15580 Meadow Square Apt. 7 South William MA 83688
5343,david.brown@campbell.biz,David Brown,1814 Highland Bypass Apt. 64 Lisashire WV 31331
5344,ronald.nguyen@yahoo.com,Ronald Nguyen,1675 Oak Circle Apt. 495 Nancyton CT 55554
5345,kimberly.jackson@sanchez.com,Kimberly Jackson,23999 Lincoln Terrace Suite 756 Port Benjamin MT 43886
5346,john.mitchell@icloud.com,John Mitchell,1192 Valley Lane Ste. 187 Markview FL 20531
5347,richard.rivera@campbell.info,Richard Rivera,63098 Cedar Loop Ste. 77 Marymouth NH 40011-8274
5348,lisa.rivera@adams.info,Lisa Rivera,58574 Lincoln Shore North Sarah TX 85854
5349,anthony.torres@icloud.com,Anthony Torres,48029 Sunset Terrace West Joseph LA 08005
5350,thomas.adams@hotmail.com,Thomas Adams,91934 River Shore East Larry UT 40038
5351,jennifer.king@icloud.com,Jennifer King,67698 Maple Trail West Kristen ME 94962
5352,michelle.allen@gmail.com,Michelle Allen,77664 Shore Ford Fort Linda AR 61250
5353,joshua.lewis@yahoo.com,Joshua Lewis,21193 Maple Crossing Fort Sarah MD 66652-4277
5354,anna.hall@harris.com,Anna Hall,90498 Franklin Square Port Ronald KS 28767
5355,kimberly.torres@yahoo.com,Kimberly Torres,41610 Meadow Path Davidbury HI 61997-9068
5356,rebecca.wright@icloud.com,Rebecca Wright,66183 Lincoln Street Susanside UT 32089
5357,david.harris@walker.net,David Harris,77989 Jefferson Circle Ste. 474 Williamview WI 37497-3026
5358,thomas.sanchez@icloud.com,Thomas Sanchez,88337 Pine Avenue Thomasberg WY 20024-1483
5359,helen.campbell@nguyen.info,Helen Campbell,78865 Craig Bypass Unit 498 New Mark NV 65229
5360,andrew.rivera@white.info,Andrew Rivera,45300 Maple Path Apt. 455 Sarahfurt KS 82793
5361,nicholas.martinez@aol.com,Nicholas Martinez,78149 Pine Trail Apt. 632 Paulborough AL 45929
5362,anna.wright@lopez.com,Anna Wright,49357 Cook Street Ste. 941 West William SD 71759
5363,ashley.wright@martinez.info,Ashley Wright,6973 Washington Lane West James MO 06111
5364,william.ramirez@hotmail.com,William Ramirez,58957 Shore Circle Jamesshire AK 71271-3134
5365,sandra.lee@thomas.biz,Sandra Lee,20690 Carter Crossing Unit 926 Bettyside HI 61854
5366,stephanie.smith@aol.com,Stephanie Smith,19870 Lincoln Way Unit 496 Stevenhaven IN 33249
5367,amy.baker@yahoo.com,Amy Baker,41934 Elm Crossing Ste. 932 Lake Kristen ND 15393
5368,barbara.nelson@harris.net,Barbara Nelson,28535 Forest Lane Suite 439 Karenborough KS 92978
5369,thomas.martin@yahoo.com,Thomas Martin,83399 Miller Avenue Ste. 355 Brianport NH 83576
5370,edward.campbell@gmail.com,Edward Campbell,11872 Jefferson Square Apt. 204 Bettyside MS 89770
5371,gary.nelson@king.info,Gary Nelson,87492 Forest Shore Suite 124 Williamhaven MN 45138
5372,lisa.perez@hotmail.com,Lisa Perez,3917 Washington Plaza Suite 821 Paulton UT 90841
5373,mary.sanchez@gmail.com,Mary Sanchez,46695 Franklin Pass Apt. 655 Port Benjamin AZ 71458
5374,ronald.rivera@king.net,Ronald Rivera,3293 Franklin Drive Jamestown ND 19080
5375,ryan.anderson@icloud.com,Ryan Anderson,15050 Craig Path Danielfort NH 23136
5376,james.scott@outlook.com,James Scott,26043 Craig Path West Thomas OH 06503-8888
5377,elizabeth.brown@hotmail.com,Elizabeth Brown,61934 Cook Shore Fort Ronald CO 64544
5378,helen.martinez@icloud.com,Helen Martinez,95396 Ridge Plaza West Joshua OH 60128
5379,emily.carter@smith.org,Emily Carter,24642 Lincoln Avenue Unit 355 Ronaldberg TN 26799-3803
5380,carol.carter@icloud.com,Carol Carter,11079 Park Trail Suite 145 South James VT 03175-2196
5381,susan.garcia@outlook.com,Susan Garcia,55484 Craig Court Danielstad MD 66076
5382,laura.wilson@icloud.com,Laura Wilson,94599 Cedar Street Sarahport AL 96433
5383,sandra.sanchez@robinson.biz,Sandra Sanchez,40069 Meadow Road South Joshua KS 46959
5384,betty.young@outlook.com,Betty Young,5263 Maple Bypass Kristenberg IL 98194
5385,laura.williams@yahoo.com,Laura Williams,63120 Forest Shore Unit 62 Lake Anna DE 52785-8841
5386,kimberly.mitchell@moore.org,Kimberly Mitchell,89286 Johnson Drive Apt. 360 Jamesfurt KS 36047
5387,michael.clark@carter.com,Michael Clark,57836 Washington Lane East Ronald NH 18689
5388,betty.kirby@aol.com,Betty Kirby,39739 Craig Shore West Edward CA 01483
5389,joshua.anderson@baker.org,Joshua Anderson,1580 Highland Terrace Unit 647 Lake Betty UT 69673
5390,timothy.ramirez@gmail.com,Timothy Ramirez,29225 Hill Run Unit 306 East Anna IN 72410-4340
5391,barbara.garcia@yahoo.com,Barbara Garcia,30289 Cook Ford East Betty MI 50201-1473
5392,timothy.garcia@icloud.com,Timothy Garcia,328 Meadow Square Apt. 28 Fort David GA 07581-3821
5393,daniel.perez@yahoo.com,Daniel Perez,11084 Franklin Shore Apt. 229 Brianburgh LA 32691
5394,charles.jackson@yahoo.com,Charles Jackson,1016 Ridge Drive Josephtown NE 31964-9030
5395,anthony.mitchell@icloud.com,Anthony Mitchell,24541 Forest Avenue Apt. 622 Port Daniel WY 34916
5396,patricia.wilson@brown.org,Patricia Wilson,19271 Craig Drive Port Betty MD 09207
5397,susan.johnson@kirby.net,Susan Johnson,30848 Davis Loop Unit 247 Marybury CT 68428
5398,thomas.mitchell@hotmail.com,Thomas Mitchell,1658 Valley Circle Larryport WY 44992-3489
5399,timothy.smith@hotmail.com,Timothy Smith,84202 Pine Way Unit 727 Lake David OR 54123-8815
5400,jeffrey.cain@yahoo.com,Jeffrey Cain,15968 Miller Shore Unit 746 North Larry IA 88487
5401,donna.taylor@icloud.com,Donna Taylor,9157 Highland Run Port Lisa CA 30818
5402,anthony.gonzalez@white.com,Anthony Gonzalez,18820 Adams Trail Apt. 980 Lake Thomas DE 48832
5403,george.ramirez@yahoo.com,George Ramirez,44403 Ridge Bypass North Andrew OK 39867
5404,kevin.nelson@gmail.com,Kevin Nelson,46407 Lincoln Court Ste. 230 Port Kristen NE 93585
5405,charles.walker@carter.info,Charles Walker,94923 Carter Trail Suite 701 New Joseph SD 67486
5406,brian.smith@outlook.com,Brian Smith,99298 Maple Street Unit 521 East Kevin IL 19997
5407,carol.mitchell@aol.com,Carol Mitchell,81540 Fox Ford Edwardburgh ME 69825
5408,brian.nguyen@icloud.com,Brian Nguyen,43218 Lincoln Bypass East Joseph RI 54892
5409,mary.clark@williams.com,Mary Clark,73010 Park Street Apt. 760 Lindamouth VT 11151
5410,margaret.ramirez@yahoo.com,Margaret Ramirez,27872 Highland Pass Ste. 422 Markshire UT 73957
5411,donald.wright@icloud.com,Donald Wright,86630 Ridge Plaza West Ronald CO 69380
5412,steven.baker@icloud.com,Steven Baker,68086 Elm Square Port Mary IN 63692
5413,rebecca.lewis@outlook.com,Rebecca Lewis,20122 Highland Crossing Port Joshua ND 15346-2075
5414,karen.adams@wilson.info,Karen Adams,40539 Oak Pass East Paul OH 21268
5415,amanda.kirby@icloud.com,Amanda Kirby,77071 Forest Path Unit 92 Jasonmouth LA 46030
5416,ronald.brown@anderson.net,Ronald Brown,37529 Pine Court Unit 534 North Kevin MI 97458
5417,stephanie.jones@hotmail.com,Stephanie Jones,28646 River Terrace Ste. 970 Ronaldmouth AZ 46698-4166
5418,thomas.baker@thompson.biz,Thomas Baker,39866 Lake Loop Unit 156 Davidmouth NH 08956
5419,donald.robinson@green.net,Donald Robinson,36149 Davis Way Apt. 406 Annatown TN 07099-3157
5420,sarah.martinez@hotmail.com,Sarah Martinez,9213 Miller Crossing Kevinmouth WI 91382
5421,carol.brown@gmail.com,Carol Brown,47959 Hill Trail Ste. 14 Annaside WI 62852
5422,steven.davis@scott.biz,Steven Davis,37900 Fox Lane Suite 659 Karenberg CO 47052-2515
5423,timothy.nguyen@hill.info,Timothy Nguyen,16180 Davis Square Davidhaven VT 12858
5424,susan.clark@outlook.com,Susan Clark,35840 Brook Plaza Lake Susan OR 51744-7793
5425,amy.davis@yahoo.com,Amy Davis,50715 Carter Trail Brianville ND 62616
5426,stephanie.mitchell@icloud.com,Stephanie Mitchell,26535 Highland Drive Unit 196 Jamesland DE 13081
5427,carol.walker@clark.org,Carol Walker,42045 Madison Pass Jasonberg OR 98721
5428,rebecca.kirby@aol.com,Rebecca Kirby,62214 Pine Shore Apt. 232 Markburgh MT 10303
5429,karen.hall@aol.com,Karen Hall,60763 Shore Crossing Ste. 264 New Betty IN 04902
5430,daniel.robinson@icloud.com,Daniel Robinson,85113 Pine Trail East Susan AK 06715
5431,linda.wright@hotmail.com,Linda Wright,64128 Adams Ford Paulborough CT 59092
5432,sarah.moore@anderson.biz,Sarah Moore,71648 Lake Plaza South Kevin TX 47059
5433,lisa.wilson@yahoo.com,Lisa Wilson,70269 Oak Way New Michael WI 28374
5434,patricia.smith@yahoo.com,Patricia Smith,14207 Craig Plaza Georgechester AK 61498
5435,jennifer.taylor@hotmail.com,Jennifer Taylor,67555 Franklin Square Ste. 611 South Edward IA 73923-2748
5436,mary.nguyen@gmail.com,Mary Nguyen,81519 Cedar Street Apt. 120 Lisachester AK 76230
5437,paul.nguyen@aol.com,Paul Nguyen,25387 Walnut Way Port Betty AL 83419
5438,brian.jones@outlook.com,Brian Jones,4754 Walnut Drive East Paul IN 73440
5439,david.martinez@yahoo.com,David Martinez,60175 Forest Plaza Sarahton MI 81240-6193
5440,joseph.green@aol.com,Joseph Green,82653 Johnson Avenue Ste. 369 Georgebury NY 54237
5441,ronald.carter@king.biz,Ronald Carter,61907 Elm Road Karenfort IN 80031
5442,anna.cain@outlook.com,Anna Cain,27982 Lake Path Ste. 363 South Susan NJ 84751-2075
5443,joshua.baker@walker.org,Joshua Baker,1177 Craig Road Ronaldshire TN 08337-9861
5444,anna.williams@yahoo.com,Anna Williams,9290 Ridge Shore Unit 711 Davidberg MD 91112
5445,michelle.wright@yahoo.com,Michelle Wright,43408 Meadow Way Suite 753 North Mary NH 52116-9547
5446,melissa.lopez@hotmail.com,Melissa Lopez,62725 Elm Way Kevinland TN 48988-7668
5447,timothy.torres@icloud.com,Timothy Torres,56140 Oak Court New Karen WV 90222
5448,anna.johnson@anderson.biz,Anna Johnson,41092 Pine Square East Karen MD 48455
5449,sarah.wilson@yahoo.com,Sarah Wilson,41380 Ridge Bypass Apt. 571 Lake Joseph PA 94237-9212
5450,david.brown@clark.com,David Brown,70694 Brook Loop New Kristen VA 60915-1531
5451,james.lopez@icloud.com,James Lopez,46260 Miller Shore West Brian KY 67815-5574
5452,timothy.gonzalez@kirby.com,Timothy Gonzalez,44577 Forest Square Lake Ronald NH 28389
5453,richard.nguyen@yahoo.com,Richard Nguyen,83955 Shore Shore East Paul MT 21636
5454,nancy.torres@thomas.com,Nancy Torres,41635 Spring Run Brianborough NE 79915
5455,betty.davis@robinson.net,Betty Davis,32511 Franklin Pass Nancyberg NM 26399
5456,helen.smith@icloud.com,Helen Smith,24113 Davis Pass West Anna OH 40431-9101
5457,andrew.torres@perez.com,Andrew Torres,75394 Cedar Loop New Kristen HI 45837
5458,amy.allen@yahoo.com,Amy Allen,42571 Miller Road Benjaminside HI 05087
5459,donald.mitchell@flores.org,Donald Mitchell,39615 Cook Terrace North Kevin AL 13573
5460,jason.nelson@icloud.com,Jason Nelson,47435 Oak Circle Joshualand IL 66469-9784
5461,anthony.perez@hotmail.com,Anthony Perez,9399 Fox Avenue Joshuaville WA 38865
5462,thomas.king@scott.com,Thomas King,22828 Hill Shore West David HI 90708
5463,joseph.williams@gmail.com,Joseph Williams,57464 Davis Path Markborough AK 40190
5464,edward.cain@outlook.com,Edward Cain,24144 Lake Plaza Williambury NY 44653
5465,betty.nelson@aol.com,Betty Nelson,84638 Cook Path South Thomas AK 92838
5466,jessica.walker@icloud.com,Jessica Walker,98741 Fox Circle Unit 505 Ronaldborough FL 62941-5035
5467,james.rivera@icloud.com,James Rivera,42736 Hill Avenue Fort Brian AL 15408
5468,linda.nelson@hotmail.com,Linda Nelson,35309 Ridge Bypass Ste. 85 New James KY 04878
5469,george.moore@allen.org,George Moore,29557 Elm Plaza Josephbury SD 39184-4994
5470,kevin.hall@scott.net,Kevin Hall,89710 Brook Terrace Unit 940 Thomasmouth AR 76771
5471,stephanie.garcia@walker.biz,Stephanie Garcia,43924 Shore Ford Unit 63 Ronaldberg IL 84412
5472,amanda.wilson@kirby.com,Amanda Wilson,6680 Highland Loop Apt. 14 North Linda HI 73835-5100
5473,joshua.lewis@outlook.com,Joshua Lewis,41881 River Drive Ste. 88 Maryport GA 15805-7764
5474,elizabeth.carter@mitchell.net,Elizabeth Carter,88176 Lake Terrace South Kristen OR 83506
5475,lisa.martinez@martinez.info,Lisa Martinez,38209 Carter Pass Suite 224 Port Larry CA 47657
5476,michael.walker@miller.net,Michael Walker,52451 Cedar Run Davidshire DE 87887
5477,anna.taylor@aol.com,Anna Taylor,6534 Franklin Plaza Ste. 539 Josephmouth MD 08348
5478,paul.allen@outlook.com,Paul Allen,52945 Maple Street Sarahton AL 58450-1207
5479,anna.sanchez@gmail.com,Anna Sanchez,20139 Cook Road Unit 443 Sarahborough ID 16097
5480,mark.lopez@yahoo.com,Mark Lopez,82129 Lincoln Court Unit 925 Sarahview MA 41181
5481,helen.young@hotmail.com,Helen Young,48782 Washington Path Lake Paul TX 16405
5482,michael.martin@young.net,Michael Martin,65270 Jefferson Avenue Apt. 2 Kevintown WV 28983
5483,anna.carter@hotmail.com,Anna Carter,24561 Washington Lane Suite 777 New Karen WI 14183
5484,barbara.hall@yahoo.com,Barbara Hall,67082 Jefferson Road Ste. 73 Michaelview NV 02523
5485,susan.hall@icloud.com,Susan Hall,35403 Oak Road Apt. 100 South Ronald MO 97911-6828
5486,edward.robinson@gmail.com,Edward Robinson,89186 Johnson Road Unit 858 Andrewview NY 55072
5487,amy.anderson@outlook.com,Amy Anderson,47141 Lake Way Suite 807 Port Edward CA 67043-1563
5488,jason.adams@outlook.com,Jason Adams,76215 Adams Lane Unit 8 Michaeltown MN 49822-7587
5489,donna.allen@yahoo.com,Donna Allen,24662 Maple Loop New Betty CA 74869
5490,betty.robinson@williams.biz,Betty Robinson,90262 Park Pass Suite 468 Susantown ND 44191
5491,kimberly.ramirez@clark.net,Kimberly Ramirez,20361 Pine Crossing Unit 745 West David MO 48180
5492,barbara.robinson@lee.biz,Barbara Robinson,69295 Park Trail East Jason OH 16263
5493,anna.brown@hill.org,Anna Brown,46206 Adams Court Apt. 333 North Kristen NH 15168
5494,sarah.flores@williams.com,Sarah Flores,14205 Cook Court Unit 147 New Joshua KY 47638
5495,daniel.thomas@johnson.com,Daniel Thomas,75464 Oak Drive Lake Anna GA 77914-4039
5496,joshua.torres@yahoo.com,Joshua Torres,25669 Johnson Ford Kristenchester DE 10103-2361
5497,carol.martinez@miller.info,Carol Martinez,94449 Franklin Street Unit 798 West William OH 99460
5498,edward.moore@davis.com,Edward Moore,15842 Meadow Square Suite 969 Maryside SC 64252
5499,joseph.lopez@gmail.com,Joseph Lopez,81760 Johnson Street Williamstad OH 49424
5500,lisa.miller@ramirez.org,Lisa Miller,68326 Cedar Loop Suite 491 Edwardborough FL 78656
5501,charles.davis@young.org,Charles Davis,85984 Brook Loop Apt. 413 Lake Paul OH 53271
5502,linda.ramirez@moore.com,Linda Ramirez,86282 Oak Ford Suite 402 East Nancy CO 15193
5503,john.walker@gmail.com,John Walker,38072 Carter Loop Danielland NM 40223
5504,nancy.garcia@icloud.com,Nancy Garcia,60778 Craig Avenue Apt. 579 Kevinton SD 11468
5505,richard.jones@aol.com,Richard Jones,41456 Maple Ford West Mark MT 87057
5506,margaret.walker@taylor.net,Margaret Walker,90028 Shore Way North Lisa MI 73014
5507,jeffrey.campbell@king.org,Jeffrey Campbell,82880 Madison Court New Ronald LA 97104
5508,paul.young@hotmail.com,Paul Young,29217 Franklin Loop Lindaburgh ID 55640
5509,elizabeth.walker@sanchez.info,Elizabeth Walker,31218 Cedar Plaza Unit 859 Fort George OH 28893
5510,patricia.williams@aol.com,Patricia Williams,14421 Highland Square Ste. 220 Lake Thomas WV 91201
5511,nicholas.walker@hotmail.com,Nicholas Walker,48238 Brook Square Lisaside NV 92588-3893
5512,jeffrey.jackson@hotmail.com,Jeffrey Jackson,80877 Park Square Benjaminfurt MI 18788
5513,jason.gonzalez@outlook.com,Jason Gonzalez,23156 Forest Loop East Anna CA 83191-9988
5514,jessica.rivera@hotmail.com,Jessica Rivera,20410 Highland Street Unit 479 East William WY 96590
5515,michael.robinson@icloud.com,Michael Robinson,25209 Washington Lane West Anna TN 89579
5516,richard.clark@hotmail.com,Richard Clark,20476 Davis Trail Benjaminside VA 26451-6877
5517,david.anderson@aol.com,David Anderson,82673 Lincoln Terrace South Paul TN 68642
5518,mary.ramirez@gmail.com,Mary Ramirez,51624 Elm Plaza Ste. 105 Port Kevin VT 07732
5519,sarah.robinson@mitchell.net,Sarah Robinson,83162 Craig Trail Apt. 329 Karenhaven MS 68879
5520,emily.gonzalez@hotmail.com,Emily Gonzalez,62603 Pine Crossing Andrewchester IL 67556
5521,laura.thomas@hotmail.com,Laura Thomas,2980 Adams Crossing Apt. 481 Sarahmouth NC 04183
5522,michael.walker@campbell.net,Michael Walker,39027 Craig Shore Brianhaven KY 07886
5523,kevin.king@outlook.com,Kevin King,31025 Franklin Street Lindabury WV 46031-6955
5524,david.jones@yahoo.com,David Jones,85120 Cook Bypass Suite 538 Lake Karen SD 74658
5525,daniel.garcia@gmail.com,Daniel Garcia,85376 Lake Street Markshire NV 33254-2757
5526,timothy.campbell@aol.com,Timothy Campbell,87955 Lincoln Avenue Ste. 930 Kristenburgh NJ 62234-7151
5527,donna.green@hotmail.com,Donna Green,30113 Sunset Crossing Suite 614 Susanland RI 97746
5528,stephanie.baker@hotmail.com,Stephanie Baker,8332 Lincoln Road Ste. 189 Andrewton MN 41900
5529,elizabeth.johnson@aol.com,Elizabeth Johnson,21903 Shore Pass Unit 550 Ronaldstad AL 39681
5530,mark.smith@icloud.com,Mark Smith,32533 Fox Crossing Unit 431 Fort Mark NJ 93424-8720
5531,jason.clark@outlook.com,Jason Clark,35459 Lincoln Path Lake Mark IA 33356-9255
5532,anthony.scott@outlook.com,Anthony Scott,71735 Oak Shore Suite 682 Thomasstad MO 48590-9154
5533,helen.adams@aol.com,Helen Adams,44406 Highland Avenue Karenmouth IN 31374
5534,george.jones@miller.biz,George Jones,90698 Washington Trail Fort Benjamin KS 61460
5535,lisa.hill@young.org,Lisa Hill,62694 Ridge Drive West Mary SC 35457
5536,jason.nguyen@yahoo.com,Jason Nguyen,63580 Shore Way South Betty NC 37839
5537,jason.jones@yahoo.com,Jason Jones,44420 Elm Lane West Edward MN 28370-8093
5538,brian.smith@wilson.biz,Brian Smith,67430 Cedar Square Unit 360 New Kevin MT 01301
5539,kevin.hall@icloud.com,Kevin Hall,51850 Oak Ford Joshuastad OR 29127
5540,anna.harris@outlook.com,Anna Harris,59493 Park Road Fort David CA 15828-8052
5541,karen.ramirez@icloud.com,Karen Ramirez,73094 Elm Shore Suite 141 New Anna NY 30144
5542,kimberly.williams@icloud.com,Kimberly Williams,82455 Forest Trail Suite 147 Port Daniel KY 02237
5543,laura.hill@hotmail.com,Laura Hill,32092 Johnson Loop Unit 72 Lake Nancy NJ 95086
5544,richard.sanchez@sanchez.com,Richard Sanchez,34750 Cook Terrace Williamberg AZ 07048
5545,elizabeth.wilson@yahoo.com,Elizabeth Wilson,24629 Johnson Run Apt. 233 West Thomas NY 16559
5546,michael.nguyen@sanchez.biz,Michael Nguyen,8683 Miller Plaza Suite 295 East Steven VA 33266-3548
5547,george.brown@gmail.com,George Brown,18547 Spring Lane Ste. 314 Jasonfort NM 75408-9090
5548,patricia.wright@icloud.com,Patricia Wright,9446 Walnut Crossing Unit 728 Markbury RI 60919
5549,andrew.rivera@wright.info,Andrew Rivera,66450 Jefferson Street Ste. 916 South Betty WY 29260
5550,richard.scott@icloud.com,Richard Scott,78068 Meadow Pass Apt. 53 Lake Larry DE 09100
5551,nicholas.brown@hotmail.com,Nicholas Brown,54809 Pine Drive Brianland KS 10622-8053
5552,william.nelson@moore.biz,William Nelson,17881 Spring Plaza Josephstad RI 26799
5553,stephanie.jones@hotmail.com,Stephanie Jones,13136 Miller Way Unit 858 Annafurt KS 86169-2157
5554,mark.thomas@campbell.org,Mark Thomas,3431 Walnut Path Paulhaven FL 16122-1332
5555,margaret.hill@yahoo.com,Margaret Hill,66131 Pine Street Apt. 72 Markburgh HI 01010
5556,jeffrey.taylor@johnson.biz,Jeffrey Taylor,41484 Fox Bypass Port Joshua ME 88718-1299
5557,kevin.hill@outlook.com,Kevin Hill,97350 Meadow Way South Karen IA 11083
5558,rebecca.martinez@brown.org,Rebecca Martinez,76758 Walnut Path Apt. 798 Lake Andrew SC 53620-8836
5559,jeffrey.davis@clark.com,Jeffrey Davis,95828 Adams Crossing Apt. 586 Lake Ronald HI 59173
5560,nicholas.ramirez@lopez.net,Nicholas Ramirez,71425 Davis Avenue Jameshaven ME 69816
5561,larry.carter@davis.org,Larry Carter,86829 Jefferson Shore Unit 924 Stevenhaven TX 60420
5562,james.walker@icloud.com,James Walker,65537 Forest Drive Suite 135 Port Linda WV 44523
5563,thomas.brown@yahoo.com,Thomas Brown,678 Fox Bypass New Mary OK 24908-1204
5564,susan.smith@yahoo.com,Susan Smith,88347 Walnut Trail Unit 987 Port Thomas IL 04060
5565,rebecca.green@outlook.com,Rebecca Green,74924 Forest Loop Unit 792 Benjaminhaven NE 40504
5566,ryan.thompson@outlook.com,Ryan Thompson,12423 Carter Run Apt. 52 East Nancy NC 27562
5567,jessica.scott@garcia.biz,Jessica Scott,35073 Jefferson Plaza Suite 487 East George SC 89887
5568,laura.king@icloud.com,Laura King,64046 Adams Court Suite 11 Lake Thomas ND 76636
5569,steven.nguyen@icloud.com,Steven Nguyen,56754 Lincoln Path Unit 138 Josephburgh MT 77329
5570,carol.allen@davis.biz,Carol Allen,56783 Carter Run Markland ME 66538
5571,daniel.hill@yahoo.com,Daniel Hill,47397 Davis Avenue Apt. 743 East Kevin UT 53779-8498
5572,emily.moore@hotmail.com,Emily Moore,60030 Forest Square Suite 37 Lake Michael MD 61221
5573,elizabeth.taylor@walker.com,Elizabeth Taylor,62588 Adams Square Josephfurt UT 30195-9495
5574,sandra.green@ramirez.biz,Sandra Green,75858 Brook Bypass Apt. 817 East David TX 08606
5575,john.thompson@thompson.info,John Thompson,30169 Hill Lane East Susan AZ 12809
5576,matthew.moore@aol.com,Matthew Moore,95451 Spring Lane Suite 140 South Michael OK 25691
5577,michelle.mitchell@rivera.info,Michelle Mitchell,10405 Adams Plaza Ste. 148 Lake Daniel IL 04033-4440
5578,george.campbell@hotmail.com,George Campbell,73184 Jefferson Pass Port Daniel IA 27988
5579,ronald.rivera@yahoo.com,Ronald Rivera,16105 Washington Crossing Apt. 847 North Benjamin IL 16312
5580,charles.flores@robinson.org,Charles Flores,31788 Lincoln Bypass Lake Edward SD 59554
5581,rebecca.nelson@thompson.net,Rebecca Nelson,49094 Oak Avenue Ste. 969 Lake Betty OK 19197-5961
5582,jennifer.thompson@outlook.com,Jennifer Thompson,99629 Washington Square Suite 562 New Steven IA 09072-6876
5583,richard.thompson@aol.com,Richard Thompson,79223 Valley Road Lake George NE 03075-7842
5584,amanda.mitchell@garcia.net,Amanda Mitchell,79563 Park Avenue Brianland SC 55340
5585,mary.ramirez@williams.net,Mary Ramirez,51107 Fox Street South Steven AL 30354-4458
5586,george.davis@icloud.com,George Davis,40049 Walnut Road Karenborough IN 57322
5587,karen.harris@yahoo.com,Karen Harris,51243 Davis Trail Williamhaven IA 67621-6148
5588,emily.white@davis.com,Emily White,81494 Carter Avenue Unit 224 Joshuaton RI 78138
5589,mary.lewis@aol.com,Mary Lewis,10498 Craig Terrace New Joshua NJ 10140
5590,mary.allen@sanchez.org,Mary Allen,26322 Meadow Run Joshuaville WY 48870
5591,william.flores@smith.biz,William Flores,22467 Walnut Terrace Apt. 667 Lake Benjamin VA 11494
5592,david.hall@king.net,David Hall,7023 Highland Court Annaborough NH 87249
5593,emily.torres@icloud.com,Emily Torres,24345 Adams Way Andrewstad RI 23336
5594,nicholas.torres@aol.com,Nicholas Torres,81092 Highland Square Apt. 728 South George AR 05447
5595,donald.harris@yahoo.com,Donald Harris,97018 Jefferson Path Apt. 760 Georgeport CO 68436
5596,linda.lee@yahoo.com,Linda Lee,49314 Shore Path Apt. 863 Fort Edward ID 15738-1363
5597,kimberly.harris@yahoo.com,Kimberly Harris,17025 Shore Drive Unit 866 East Karen AR 39776
5598,anna.campbell@jackson.net,Anna Campbell,63014 Highland Shore Annaberg NY 63566
5599,donna.gonzalez@hotmail.com,Donna Gonzalez,2989 Lincoln Crossing East Kristen TX 72254
5600,margaret.harris@walker.biz,Margaret Harris,54964 Sunset Terrace Jamesfurt VT 92283-3435
5601,michael.white@jones.org,Michael White,32082 Forest Court Fort Brian AL 85706
5602,matthew.mitchell@aol.com,Matthew Mitchell,21350 River Bypass Joshuachester SC 30097-3962
5603,jessica.carter@allen.org,Jessica Carter,83299 Fox Pass Apt. 544 West Thomas FL 32776
5604,linda.martin@garcia.biz,Linda Martin,65594 Adams Trail West Mary IN 18825-7930
5605,ryan.kirby@torres.com,Ryan Kirby,16241 Cedar Circle Kristenhaven KY 28962
5606,paul.thompson@campbell.net,Paul Thompson,18296 Franklin Way Nancyfurt MA 67649
5607,stephanie.carter@harris.biz,Stephanie Carter,3893 Jefferson Way Unit 24 South Joshua CT 72767
5608,karen.hill@outlook.com,Karen Hill,60316 Valley Drive Unit 653 Lake Jason TN 86721-4166
5609,nicholas.davis@nelson.com,Nicholas Davis,25935 Forest Shore Unit 885 South Joshua ND 82156-6307
5610,helen.thomas@gmail.com,Helen Thomas,87122 Park Pass Port Susan KY 99809
5611,nancy.green@robinson.biz,Nancy Green,90496 Brook Square Lake Andrew MA 15437-1864
5612,melissa.brown@icloud.com,Melissa Brown,26809 Highland Ford Apt. 819 Jasontown AL 92591
5613,ronald.martin@hotmail.com,Ronald Martin,53779 Meadow Street Suite 858 South Andrew OH 55796-6012
5614,daniel.kirby@jones.com,Daniel Kirby,83719 Hill Avenue Williamstad VA 05417-1150
5615,john.adams@gmail.com,John Adams,45228 Cook Trail Paulport CT 56005
5616,daniel.young@cain.biz,Daniel Young,14388 Cook Way Davidburgh PA 65327
5617,lisa.lopez@hotmail.com,Lisa Lopez,46924 Forest Circle Apt. 298 East Andrew WA 42452
5618,ryan.taylor@outlook.com,Ryan Taylor,17531 River Ford Suite 704 New Benjamin FL 57083
5619,carol.torres@outlook.com,Carol Torres,64870 Franklin Street Fort Susan KS 58609
5620,matthew.thompson@ramirez.biz,Matthew Thompson,39050 Walnut Street Edwardhaven MO 59272
5621,patricia.harris@hotmail.com,Patricia Harris,26685 Meadow Lane Apt. 996 Susanside OR 86244-8804
5622,brian.torres@icloud.com,Brian Torres,97344 Miller Plaza Fort Steven FL 63680
5623,john.gonzalez@hotmail.com,John Gonzalez,68275 Brook Avenue South Edward ND 75945
5624,steven.adams@icloud.com,Steven Adams,72699 Meadow Trail North Jason MN 33258
5625,jessica.williams@yahoo.com,Jessica Williams,53575 Madison Circle Lisaborough AR 50187
5626,betty.baker@gmail.com,Betty Baker,52169 Adams Crossing Unit 380 Jamestown MA 02625-7706
5627,anna.martin@icloud.com,Anna Martin,5786 Adams Pass West Jason FL 31430
5628,melissa.martinez@icloud.com,Melissa Martinez,31196 Valley Pass Unit 445 Port David IN 82057
5629,michelle.torres@hotmail.com,Michelle Torres,37312 Davis Bypass Ste. 821 West Thomas ND 56373
5630,edward.thomas@aol.com,Edward Thomas,51802 Elm Plaza Thomasfurt AK 73947-5655
5631,barbara.thompson@wilson.org,Barbara Thompson,94493 Cedar Shore Ste. 35 Joshuabury SD 57578-5347
5632,timothy.thompson@gmail.com,Timothy Thompson,85934 Miller Road Unit 159 East Joshua CO 19538
5633,susan.lopez@nguyen.org,Susan Lopez,31690 Oak Street Lisatown VA 47110
5634,betty.jackson@yahoo.com,Betty Jackson,95140 Highland Shore Apt. 993 Stevenbury LA 45892
5635,paul.white@aol.com,Paul White,74784 Lincoln Avenue North Lisa OH 60895
5636,gary.adams@davis.biz,Gary Adams,18868 Ridge Road Lake Joseph GA 03852
5637,stephanie.king@aol.com,Stephanie King,8246 Walnut Shore Unit 105 West Susan CA 79954
5638,sarah.sanchez@yahoo.com,Sarah Sanchez,78415 Craig Trail Lake Paul AZ 59224-2269
5639,barbara.young@green.org,Barbara Young,8850 Lincoln Circle Unit 473 North Lisa VT 96040
5640,jason.carter@hotmail.com,Jason Carter,92856 Miller Circle Ste. 994 Jamesshire WY 67892
5641,amy.walker@gmail.com,Amy Walker,89138 Park Street West Daniel KY 27268-7896
5642,sarah.rivera@robinson.com,Sarah Rivera,88218 Park Terrace Unit 358 Jasonfort MI 03920-3973
5643,emily.torres@gmail.com,Emily Torres,80256 Pine Shore Port James PA 90194-2673
5644,kevin.torres@icloud.com,Kevin Torres,30640 Adams Loop New Edward IN 79742-1014
5645,donald.adams@gmail.com,Donald Adams,69977 Miller Lane Kristenberg KY 42210-7102
5646,andrew.mitchell@campbell.com,Andrew Mitchell,87294 Cook Lane Ste. 687 Michaelberg SC 83733
5647,timothy.robinson@yahoo.com,Timothy Robinson,42616 Carter Pass Jamesfurt MD 85373-5496
5648,daniel.gonzalez@yahoo.com,Daniel Gonzalez,31546 Hill Bypass Suite 71 Maryport WY 51323
5649,brian.young@garcia.info,Brian Young,61206 Park Drive Suite 66 Michaelberg NE 13867-6367
5650,anthony.garcia@aol.com,Anthony Garcia,71287 River Drive Apt. 986 North Michael MD 93574
5651,kevin.cain@aol.com,Kevin Cain,26423 Meadow Way Unit 501 Port Lisa TN 70084-8734
5652,betty.williams@aol.com,Betty Williams,96717 Franklin Path Unit 41 New Kristen GA 26863
5653,ronald.jackson@jackson.net,Ronald Jackson,61889 Miller Street Williamfurt MA 41301-2406
5654,william.ramirez@yahoo.com,William Ramirez,93103 Lincoln Run Markmouth GA 81109-9958
5655,laura.cain@aol.com,Laura Cain,48797 Forest Path Williamside NC 78211
5656,linda.jones@lewis.info,Linda Jones,77111 Franklin Ford South Karen NY 69862
5657,mark.thomas@gmail.com,Mark Thomas,94644 Shore Street Suite 69 Benjaminborough AL 32079
5658,larry.rivera@carter.info,Larry Rivera,70122 Shore Bypass North Benjamin UT 61803
5659,joseph.wilson@icloud.com,Joseph Wilson,61025 Fox Ford South Daniel MD 89121
5660,charles.white@icloud.com,Charles White,45636 Cook Crossing Ste. 172 South Joshua OH 98136-6229
5661,joshua.wilson@outlook.com,Joshua Wilson,66557 Lincoln Run Ste. 68 Josephchester NM 43870-8501
5662,james.taylor@icloud.com,James Taylor,3382 Sunset Trail Ste. 327 Susanbury IL 92035-2743
5663,deborah.smith@outlook.com,Deborah Smith,50636 Craig Lane Suite 698 Port William MN 37312-9408
5664,nicholas.adams@aol.com,Nicholas Adams,10972 Craig Drive West Kristen AR 32769-6574
5665,barbara.carter@gmail.com,Barbara Carter,83344 Davis Trail Port David PA 66667-6916
5666,melissa.campbell@carter.biz,Melissa Campbell,99133 Pine Road Ste. 682 Stevenborough KS 59000
5667,andrew.smith@yahoo.com,Andrew Smith,81114 Brook Loop Suite 505 Stevenside SC 65584-2109
5668,patricia.nelson@aol.com,Patricia Nelson,22189 Forest Ford Karenside CO 97122-3622
5669,john.baker@icloud.com,John Baker,24083 Hill Run Unit 319 Sarahton TN 87633
5670,charles.anderson@gmail.com,Charles Anderson,20264 Forest Run Ronaldshire IL 19435
5671,jessica.moore@campbell.biz,Jessica Moore,24151 Park Ford Stevenburgh AK 44296
5672,joseph.wright@icloud.com,Joseph Wright,86895 Adams Ford Williamhaven SD 61465-4504
5673,lisa.torres@gmail.com,Lisa Torres,96806 Cook Crossing Unit 65 South Michael SD 28838
5674,steven.torres@hotmail.com,Steven Torres,37814 Craig Path Suite 456 Lake Thomas IL 65054
5675,larry.jones@gmail.com,Larry Jones,94272 Forest Bypass Suite 6 North Kristen PA 55811
5676,john.martinez@torres.biz,John Martinez,21644 Brook Avenue Kevinhaven DE 72203
5677,nancy.ramirez@outlook.com,Nancy Ramirez,53392 Jefferson Avenue Unit 38 New Steven SD 41317
5678,matthew.davis@gmail.com,Matthew Davis,31988 Spring Plaza East James HI 75592-1827
5679,jason.brown@hall.com,Jason Brown,35024 Washington Court Unit 703 Jasonmouth FL 11972
5680,laura.williams@thompson.net,Laura Williams,13667 Cook Loop Andrewport OR 46030
5681,anthony.sanchez@nguyen.com,Anthony Sanchez,44920 Shore Street Benjaminport WA 13805
5682,matthew.garcia@wright.info,Matthew Garcia,1572 Shore Loop Danielshire KY 65506
5683,amy.robinson@icloud.com,Amy Robinson,95347 Meadow Lane Unit 677 Lisabury MT 31038
5684,anthony.kirby@outlook.com,Anthony Kirby,74659 Jefferson Bypass Fort Benjamin WV 10564
5685,amy.hill@outlook.com,Amy Hill,32187 Meadow Trail Ste. 455 Stevenborough IA 04431-6142
5686,anthony.lewis@perez.biz,Anthony Lewis,67348 Maple Loop Jamesmouth SD 40382
5687,barbara.lopez@aol.com,Barbara Lopez,86045 Ridge Bypass Fort Karen NC 86270
5688,anthony.miller@aol.com,Anthony Miller,69587 Valley Lane Port Paul NE 01904
5689,joshua.scott@icloud.com,Joshua Scott,25475 River Bypass Susanchester MT 28080
5690,ashley.miller@aol.com,Ashley Miller,6134 Hill Square Ste. 94 Bettybury VA 55146
5691,patricia.wilson@gmail.com,Patricia Wilson,2918 Lake Ford Kristenside OH 78262
5692,rebecca.sanchez@icloud.com,Rebecca Sanchez,2444 Cook Drive Suite 545 East Linda ND 36530
5693,elizabeth.kirby@icloud.com,Elizabeth Kirby,49527 Ridge Avenue North George ND 52029-6792
5694,timothy.sanchez@robinson.biz,Timothy Sanchez,12260 Pine Way Fort Joseph NH 32852-9199
5695,nancy.thompson@walker.info,Nancy Thompson,77379 Davis Court New Nancy MS 22610
5696,elizabeth.allen@aol.com,Elizabeth Allen,69298 Lake Crossing Suite 387 Port Nancy HI 93555
5697,kevin.carter@yahoo.com,Kevin Carter,68688 Park Trail Ste. 514 Susanfort AZ 35492-9830
5698,sandra.young@davis.org,Sandra Young,74848 Shore Crossing Annachester ME 17212
5699,steven.johnson@yahoo.com,Steven Johnson,53091 Brook Crossing Markmouth MS 64655
5700,timothy.perez@hotmail.com,Timothy Perez,8756 Lincoln Circle Nancyland CA 36206-1928
5701,kevin.nguyen@wilson.com,Kevin Nguyen,13572 Washington Street Paulland AZ 43872
5702,ronald.white@thompson.org,Ronald White,71388 Spring Drive Thomastown CT 80159-5663
5703,elizabeth.thompson@young.info,Elizabeth Thompson,81888 Miller Plaza Fort Anna WY 60255
5704,laura.rivera@icloud.com,Laura Rivera,6083 Miller Terrace South Steven WY 74878-8708
5705,thomas.adams@thompson.net,Thomas Adams,6466 Madison Trail Davidton AL 97882
5706,larry.lopez@outlook.com,Larry Lopez,86097 Madison Drive North Nancy MT 11818
5707,margaret.martin@outlook.com,Margaret Martin,79032 Sunset Trail Karenport MT 80256
5708,susan.king@johnson.com,Susan King,62326 Fox Crossing South George AR 12459-2837
5709,paul.miller@flores.net,Paul Miller,56648 Cook Way Joshuaville NM 82153
5710,mark.thomas@green.info,Mark Thomas,65611 Fox Plaza Ronaldside AL 46105-2002
5711,andrew.cain@cain.net,Andrew Cain,69352 River Circle Larryton DE 16940
5712,anna.white@wright.info,Anna White,711 Cook Run Unit 168 Port Joshua SD 55223-5598
5713,matthew.harris@gmail.com,Matthew Harris,83298 Lincoln Ford Michaelmouth TN 47029
5714,linda.garcia@gmail.com,Linda Garcia,29947 Forest Avenue Ste. 924 South Linda OR 29336-7883
5715,amy.jones@young.com,Amy Jones,90358 Davis Ford Unit 465 Danielshire MD 12174
5716,nicholas.clark@hotmail.com,Nicholas Clark,91859 Forest Run Nancystad NM 85662-4660
5717,mark.rivera@icloud.com,Mark Rivera,42300 Brook Loop Stevenhaven OH 09390
5718,thomas.adams@hotmail.com,Thomas Adams,43144 Fox Bypass Fort Benjamin AL 37957
5719,laura.brown@yahoo.com,Laura Brown,84103 Walnut Crossing Suite 106 Nancyview VT 11184-9546
5720,ashley.gonzalez@lee.info,Ashley Gonzalez,4797 Pine Circle Ste. 89 Bettychester OR 39947
5721,matthew.baker@yahoo.com,Matthew Baker,47437 Washington Crossing Unit 160 Port David SC 77733
5722,daniel.green@thomas.net,Daniel Green,72089 Craig Run Josephfort FL 16112
5723,stephanie.jackson@torres.info,Stephanie Jackson,24881 Craig Square Ste. 490 Lake Anna OH 66646-6497
5724,susan.jackson@williams.net,Susan Jackson,23477 Brook Drive Michaelland MS 39614-8952
5725,anna.ramirez@hotmail.com,Anna Ramirez,38161 Valley Road Josephland TN 96369-2978
5726,donald.cain@baker.biz,Donald Cain,42128 Carter Trail Josephview NY 70312-3605
5727,donald.perez@aol.com,Donald Perez,59389 Brook Square West Kristen MN 16979
5728,john.jackson@yahoo.com,John Jackson,76278 Walnut Road Joshuaberg KY 47930
5729,david.wilson@yahoo.com,David Wilson,85795 Brook Avenue Nancyshire TN 78019
5730,john.flores@hotmail.com,John Flores,63938 Valley Square Port Lisa ND 04897
5731,edward.lewis@gmail.com,Edward Lewis,16257 Meadow Lane Suite 995 Sarahville AK 86672-4250
5732,anna.smith@icloud.com,Anna Smith,17619 Davis Plaza East Nancy MT 30079-6011
5733,stephanie.wright@icloud.com,Stephanie Wright,66243 Washington Circle Andrewton GA 80650
5734,ronald.green@green.org,Ronald Green,96169 Park Square Ste. 645 East George NM 05070-2912
5735,barbara.young@yahoo.com,Barbara Young,14951 Carter Avenue New Thomas RI 50799
5736,andrew.young@thomas.org,Andrew Young,71601 Carter Run Apt. 90 South Jason FL 18031-3879
5737,jessica.hall@outlook.com,Jessica Hall,21112 Miller Trail Unit 394 Edwardmouth NC 65122
5738,thomas.baker@hotmail.com,Thomas Baker,18037 Oak Plaza Unit 57 Georgefurt MN 06380
5739,barbara.hall@baker.org,Barbara Hall,45697 Oak Road South David AL 80704-7291
5740,nicholas.carter@hotmail.com,Nicholas Carter,91510 Hill Circle Unit 86 North William ND 72314
5741,gary.hall@icloud.com,Gary Hall,66588 Johnson Ford Suite 884 West Mary RI 76834
5742,david.gonzalez@yahoo.com,David Gonzalez,76985 Johnson Court Michaelborough CT 22041-7889
5743,michelle.nelson@ramirez.biz,Michelle Nelson,55014 Franklin Shore Susanshire ME 86008
5744,timothy.carter@cain.info,Timothy Carter,64215 Cedar Drive East Joshua KS 33344-9964
5745,donna.torres@gmail.com,Donna Torres,11724 Franklin Shore Apt. 205 Ronaldburgh TN 22592
5746,michael.perez@thomas.biz,Michael Perez,78216 Adams Way Ste. 313 Lake Linda AK 48555
5747,george.johnson@yahoo.com,George Johnson,33459 Lake Plaza Apt. 650 New Lisa MS 98256
5748,james.williams@aol.com,James Williams,34872 Johnson Terrace Paulshire NV 49619-3800
5749,karen.jackson@miller.biz,Karen Jackson,73709 Fox Drive East Mark NM 85837
5750,melissa.moore@kirby.org,Melissa Moore,59878 Franklin Loop Apt. 951 Lake Larry AZ 14081
5751,kevin.lewis@gmail.com,Kevin Lewis,11259 Oak Path Ste. 997 New Larry ND 56402
5752,ronald.green@green.org,Ronald Green,32045 Valley Loop Unit 839 Sarahburgh TX 59076-5351
5753,ashley.harris@yahoo.com,Ashley Harris,83456 Washington Loop West Paul MN 14340-5015
5754,helen.taylor@outlook.com,Helen Taylor,31039 Oak Square Karenport TX 01514
5755,elizabeth.rivera@yahoo.com,Elizabeth Rivera,64678 Adams Circle Suite 773 Lake Thomas NE 31861
5756,jennifer.campbell@kirby.biz,Jennifer Campbell,35166 Valley Plaza Apt. 882 Brianland ND 14281
5757,thomas.kirby@hotmail.com,Thomas Kirby,64470 Shore Way North Thomas CO 44482
5758,joseph.jones@yahoo.com,Joseph Jones,75339 Johnson Street Apt. 757 South Paul CT 10149-8295
5759,gary.martin@aol.com,Gary Martin,25136 Maple Shore Ronaldburgh NM 30581
5760,matthew.adams@hill.info,Matthew Adams,16189 Davis Pass Suite 440 North Kristen CO 51966
5761,daniel.scott@hotmail.com,Daniel Scott,47224 Adams Crossing New Nancy RI 26500
5762,daniel.scott@outlook.com,Daniel Scott,14092 Shore Loop Marytown TX 42389-6011
5763,kimberly.jones@cain.com,Kimberly Jones,65268 Fox Drive Unit 733 Fort Susan CA 98201
5764,larry.thompson@walker.com,Larry Thompson,24943 Carter Terrace Apt. 925 Fort Daniel OK 90651-6229
5765,elizabeth.clark@carter.info,Elizabeth Clark,38998 Brook Run South Mark NY 95252
5766,jessica.ramirez@icloud.com,Jessica Ramirez,89771 Shore Way Williamshire MD 34930
5767,ryan.wilson@yahoo.com,Ryan Wilson,16285 River Court Ronaldburgh WI 34467
5768,sandra.taylor@icloud.com,Sandra Taylor,43129 Cedar Terrace North Linda UT 72048-8903
5769,barbara.lewis@kirby.org,Barbara Lewis,15095 Franklin Square North Larry LA 16616
5770,daniel.kirby@aol.com,Daniel Kirby,7825 Craig Way Ste. 14 Andrewtown MT 17545-9328
5771,michael.wright@yahoo.com,Michael Wright,83029 Oak Shore South James ND 43212-3919
5772,ryan.martin@yahoo.com,Ryan Martin,93578 Shore Pass Apt. 362 West Brian MS 60309
5773,ronald.jones@lee.com,Ronald Jones,53314 Walnut Path Ste. 672 Jameshaven DE 70004
5774,susan.hill@king.com,Susan Hill,21051 Sunset Road Suite 601 West Daniel OK 28215-4180
5775,joseph.flores@hotmail.com,Joseph Flores,33063 Pine Plaza Fort Edward MD 69303-9948
5776,betty.martin@king.com,Betty Martin,89716 Sunset Street Stevenland TX 82068-3125
5777,nicholas.williams@outlook.com,Nicholas Williams,31506 River Shore Port Jason CT 95352
5778,elizabeth.miller@aol.com,Elizabeth Miller,37978 Davis Drive Edwardfurt PA 67211
5779,mary.moore@gmail.com,Mary Moore,53370 Cedar Bypass Ste. 177 Paulchester NM 85099-7104
5780,andrew.campbell@mitchell.info,Andrew Campbell,62021 Cedar Run Apt. 660 South Edward VA 02217-7659
5781,helen.sanchez@cain.com,Helen Sanchez,18275 Johnson Road Markview NV 51372-1337
5782,joshua.johnson@hotmail.com,Joshua Johnson,8914 Hill Loop Jasonville TX 58927
5783,stephanie.white@hotmail.com,Stephanie White,6156 Park Avenue North Daniel TX 89518
5784,richard.kirby@yahoo.com,Richard Kirby,34603 Fox Crossing Apt. 285 South Steven IN 47208
5785,linda.kirby@icloud.com,Linda Kirby,8366 Fox Street Ste. 229 Joshuamouth NJ 23676
5786,elizabeth.smith@hotmail.com,Elizabeth Smith,70575 Craig Path Suite 370 Williambury ME 87806
5787,jason.torres@yahoo.com,Jason Torres,16778 Fox Circle South Thomas LA 32281
5788,kevin.thomas@hotmail.com,Kevin Thomas,21495 Washington Terrace Larryton FL 75934
5789,james.harris@harris.org,James Harris,13929 Valley Bypass Ste. 452 Kevinside KS 88926-8052
5790,lisa.flores@outlook.com,Lisa Flores,81591 Jefferson Circle Benjaminberg KS 47944-7272
5791,paul.carter@baker.net,Paul Carter,42141 Lake Crossing New Betty MT 05402-8447
5792,jeffrey.thompson@young.org,Jeffrey Thompson,53641 Sunset Path Ronaldmouth ID 78088
5793,jennifer.nguyen@icloud.com,Jennifer Nguyen,83258 Meadow Pass North Mary KS 79409
5794,sandra.johnson@outlook.com,Sandra Johnson,28988 Cook Circle Apt. 957 Andrewbury TN 09084
5795,donna.young@king.net,Donna Young,84080 Pine Loop Suite 422 Stevenberg LA 86178-6403
5796,ryan.lee@icloud.com,Ryan Lee,21680 Lincoln Avenue Josephton SD 86245
5797,jeffrey.mitchell@hotmail.com,Jeffrey Mitchell,23471 Miller Street Williamberg NH 45929
5798,lisa.jackson@outlook.com,Lisa Jackson,57940 Elm Court South George MO 11934
5799,daniel.nguyen@young.biz,Daniel Nguyen,82271 Davis Shore Apt. 378 East Lisa DE 52710-6338
5800,nicholas.anderson@hotmail.com,Nicholas Anderson,9155 Elm Shore Suite 76 East William NE 04256
5801,joshua.garcia@aol.com,Joshua Garcia,80248 Sunset Crossing Ste. 949 Port James KS 20466
5802,nicholas.wilson@smith.net,Nicholas Wilson,20138 Spring Lane West Joseph LA 02096-3260
5803,michael.thomas@hotmail.com,Michael Thomas,97404 Shore Ford Unit 820 Paulfort NC 97787-8425
5804,edward.clark@flores.com,Edward Clark,77682 Craig Lane Suite 848 Karenborough AZ 89134
5805,elizabeth.kirby@davis.info,Elizabeth Kirby,94699 Lake Crossing Bettytown HI 97277
5806,barbara.scott@icloud.com,Barbara Scott,64292 Jefferson Plaza Unit 54 East Susan OH 35950
5807,larry.king@hotmail.com,Larry King,26088 River Shore Unit 980 Jamesburgh GA 35559
5808,timothy.carter@yahoo.com,Timothy Carter,58982 Oak Way North Linda NH 32178-6387
5809,jessica.jones@yahoo.com,Jessica Jones,30682 Franklin Way East George MS 24879-2107
5810,kevin.adams@icloud.com,Kevin Adams,98111 Sunset Court New Karen MN 20370-1972
5811,matthew.davis@outlook.com,Matthew Davis,26543 Craig Crossing Jamesburgh SD 91844
5812,steven.baker@icloud.com,Steven Baker,87137 Meadow Trail East George FL 02150
5813,gary.hall@carter.info,Gary Hall,73377 Highland Run Apt. 489 Edwardfurt MA 65099-3618
5814,steven.lopez@carter.com,Steven Lopez,68183 Park Ford Suite 224 Georgeville DE 09004
5815,mary.scott@wright.com,Mary Scott,14826 Craig Road Jasonfort NM 68068-2876
5816,helen.moore@aol.com,Helen Moore,76191 Hill Circle Suite 818 Port Larry WV 37879
5817,kevin.perez@thompson.org,Kevin Perez,29207 Davis Ford Williamborough TX 40661-3866
5818,nicholas.hall@smith.org,Nicholas Hall,72065 Sunset Avenue West Andrew MS 70481
5819,karen.jackson@aol.com,Karen Jackson,53210 Spring Lane Apt. 299 Susanhaven AR 41902
5820,kevin.taylor@yahoo.com,Kevin Taylor,24183 Fox Path Suite 764 West Kristen CA 57870
5821,kevin.ramirez@campbell.info,Kevin Ramirez,60282 Cook Court North Anna SC 29230
5822,larry.young@carter.org,Larry Young,35052 Park Road Unit 512 Lake Anna OK 17123
5823,amy.taylor@nelson.biz,Amy Taylor,83846 Elm Terrace Unit 453 Jamesfurt MA 30311
5824,nicholas.green@torres.biz,Nicholas Green,13953 Ridge Plaza Fort Susan OK 40608
5825,john.allen@clark.com,John Allen,95001 Park Way Apt. 876 North James SD 39268
5826,joshua.williams@icloud.com,Joshua Williams,82036 Sunset Run Apt. 156 Ronaldshire LA 96060
5827,joseph.lee@thomas.info,Joseph Lee,31083 Lake Bypass New Edward WI 99454
5828,jeffrey.campbell@garcia.info,Jeffrey Campbell,72672 Highland Street Kevinshire MD 62858
5829,larry.flores@outlook.com,Larry Flores,78908 Brook Lane North Mary IA 26952
5830,donna.green@campbell.biz,Donna Green,68346 Meadow Avenue Suite 315 Susanside MN 22852
5831,ronald.martin@kirby.com,Ronald Martin,92364 Elm Plaza Unit 823 South William IN 47671
5832,james.jackson@lee.info,James Jackson,44497 Maple Crossing Suite 622 Jasonview FL 11296
5833,donald.carter@anderson.net,Donald Carter,39230 Valley Crossing Unit 309 Port Joshua MT 01404
5834,joshua.nelson@rivera.org,Joshua Nelson,52667 Cedar Street Suite 835 North Paul MI 21912
5835,brian.king@harris.net,Brian King,84639 Meadow Ford West William AR 83963
5836,andrew.kirby@lopez.net,Andrew Kirby,52684 Elm Terrace Suite 63 Sarahport NJ 08955-8562
5837,john.gonzalez@williams.biz,John Gonzalez,40590 Lake Crossing Suite 203 Port Thomas AL 57897-8737
5838,donna.allen@hotmail.com,Donna Allen,76656 Adams Plaza Suite 404 Edwardborough MA 86150
5839,emily.scott@lee.com,Emily Scott,98801 Adams Lane Unit 682 New Anna MO 84612-4230
5840,helen.flores@harris.org,Helen Flores,36644 Walnut Bypass Apt. 16 Georgeland AL 04882
5841,matthew.carter@cain.biz,Matthew Carter,98890 Hill Road Ste. 526 Joshuafort UT 72816
5842,ryan.wilson@hotmail.com,Ryan Wilson,77741 Shore Road Port Lisa KY 35775-3463
5843,jennifer.nguyen@robinson.net,Jennifer Nguyen,50180 River Avenue North Joseph WI 55091
5844,william.miller@icloud.com,William Miller,27844 Fox Lane North Joseph MN 80751
5845,linda.young@aol.com,Linda Young,91622 Cedar Street Suite 344 Edwardfurt CO 25446
5846,carol.thomas@baker.com,Carol Thomas,52088 Craig Avenue Ste. 241 Larryside RI 17109
5847,david.anderson@smith.biz,David Anderson,94425 Forest Plaza South Karen IA 50399
5848,brian.carter@outlook.com,Brian Carter,75185 Cedar Court Port Brian NE 49778
5849,lisa.nelson@gmail.com,Lisa Nelson,95453 Fox Path Ste. 328 Thomasbury MO 11520-3982
5850,kimberly.garcia@hotmail.com,Kimberly Garcia,35509 Washington Shore North Larry NY 18454
5851,anna.perez@yahoo.com,Anna Perez,79191 Ridge Trail West Kevin NV 16381
5852,patricia.williams@hotmail.com,Patricia Williams,19393 Forest Circle Susanside KS 18637
5853,melissa.king@hotmail.com,Melissa King,11821 Sunset Crossing Ste. 406 Bettyfurt MN 48382
5854,anna.young@aol.com,Anna Young,27140 Cedar Shore Unit 318 North Mary AR 60069-9224
5855,rebecca.green@smith.biz,Rebecca Green,62280 Shore Square Apt. 480 Nancyfurt WI 09887
5856,linda.harris@scott.org,Linda Harris,11680 Oak Circle Unit 310 Lake Larry AK 27340-6526
5857,gary.walker@brown.com,Gary Walker,73478 Carter Terrace North Nancy AK 86249
5858,kimberly.carter@yahoo.com,Kimberly Carter,57426 Oak Trail North Andrew WY 17965-3889
5859,karen.taylor@campbell.biz,Karen Taylor,23899 Miller Street Benjaminshire MA 61059
5860,emily.martinez@outlook.com,Emily Martinez,20592 Ridge Loop Fort Jason SD 03435
5861,linda.jones@outlook.com,Linda Jones,78029 Valley Path Apt. 47 South Kevin CO 85232
5862,betty.jackson@harris.com,Betty Jackson,84654 Valley Path New Ronald AZ 82830
5863,charles.smith@yahoo.com,Charles Smith,31495 Carter Road Suite 796 New Ronald PA 27235
5864,patricia.allen@aol.com,Patricia Allen,31591 Forest Run Unit 708 South Edward MT 50329
5865,amanda.white@gmail.com,Amanda White,88926 Oak Ford Benjamintown IA 83311-2551
5866,ashley.torres@flores.org,Ashley Torres,16348 Adams Bypass Karenfort MT 05213
5867,gary.williams@icloud.com,Gary Williams,63905 Forest Trail Suite 497 Jasonchester VA 52841
5868,margaret.wright@outlook.com,Margaret Wright,65148 Oak Ford Apt. 574 Lisachester OR 59269
5869,betty.johnson@gmail.com,Betty Johnson,32862 Park Bypass Ste. 57 Markshire MO 50335
5870,john.taylor@robinson.biz,John Taylor,59876 Sunset Square North Nancy CO 30624
5871,ronald.thompson@torres.org,Ronald Thompson,96781 Adams Ford North Linda IA 04632
5872,gary.brown@icloud.com,Gary Brown,31674 Pine Circle North Benjamin IL 53113
5873,jeffrey.rivera@yahoo.com,Jeffrey Rivera,75933 Pine Circle Georgeport SD 29544-7220
5874,david.jones@yahoo.com,David Jones,88012 Meadow Square West George MI 49619-3838
5875,john.torres@yahoo.com,John Torres,53592 River Road West Kevin SD 61585-7522
5876,joseph.robinson@yahoo.com,Joseph Robinson,36303 Lake Ford Suite 341 East Edward WA 86011
5877,stephanie.robinson@icloud.com,Stephanie Robinson,78069 Jefferson Run New Brian WI 16778
5878,donna.allen@yahoo.com,Donna Allen,50566 Franklin Lane Ronaldland WI 93443
5879,anthony.ramirez@aol.com,Anthony Ramirez,85900 Highland Terrace Suite 32 Edwardside PA 45822
5880,nicholas.walker@hotmail.com,Nicholas Walker,77495 Sunset Terrace West Daniel MO 08757
5881,gary.baker@outlook.com,Gary Baker,62432 Washington Circle Annachester ID 06801
5882,ashley.jackson@yahoo.com,Ashley Jackson,37387 Carter Crossing Suite 356 Kevinview IL 82991
5883,sarah.nelson@icloud.com,Sarah Nelson,16218 Cook Bypass Suite 183 Michaelberg OR 34880
5884,linda.carter@outlook.com,Linda Carter,33997 Oak Bypass Ste. 170 Port Linda FL 23403
5885,patricia.nguyen@outlook.com,Patricia Nguyen,82642 Fox Crossing Suite 670 Port Sarah AL 68227-4378
5886,gary.allen@icloud.com,Gary Allen,69218 Craig Circle South Kevin IL 70404-9306
5887,steven.young@flores.biz,Steven Young,88784 Pine Crossing Unit 993 West David CT 25951
5888,deborah.nguyen@outlook.com,Deborah Nguyen,12951 Fox Shore Ste. 877 New Karen IA 09769-6815
5889,jason.carter@johnson.info,Jason Carter,27088 Washington Lane Sarahburgh AZ 49541
5890,thomas.baker@johnson.net,Thomas Baker,10007 Craig Path New Joshua WY 72518
5891,gary.green@nguyen.net,Gary Green,93919 Elm Avenue Fort Anna LA 32148
5892,charles.cain@gmail.com,Charles Cain,44536 Jefferson Shore Kevinberg IL 45588
5893,margaret.torres@outlook.com,Margaret Torres,5237 Meadow Plaza Ste. 897 Fort Sarah CO 73447
5894,ashley.sanchez@yahoo.com,Ashley Sanchez,7899 Elm Crossing Apt. 416 North Joshua SC 20100
5895,nicholas.robinson@thompson.com,Nicholas Robinson,61686 Valley Way East Susan VT 08640
5896,kevin.miller@gmail.com,Kevin Miller,40326 Elm Crossing South Kristen KS 30436
5897,joseph.gonzalez@outlook.com,Joseph Gonzalez,5220 Cook Lane Lindaton IN 73808
5898,jessica.nelson@gmail.com,Jessica Nelson,956 Highland Square Danielberg WY 10750
5899,susan.clark@yahoo.com,Susan Clark,32744 Pine Ford New Betty ME 47313
5900,joshua.lewis@gmail.com,Joshua Lewis,32793 Fox Street Ste. 229 West Susan IL 38870
5901,patricia.kirby@kirby.com,Patricia Kirby,60723 Hill Plaza Sarahside NV 11933
5902,daniel.king@carter.com,Daniel King,50830 Elm Lane Lake Lisa MN 72390
5903,charles.lopez@yahoo.com,Charles Lopez,18800 Craig Square Ste. 978 Paulberg MO 23391-2350
5904,mark.hall@yahoo.com,Mark Hall,97446 Meadow Shore Unit 966 Lindaside MI 52241
5905,donald.baker@smith.biz,Donald Baker,70333 Cook Way Fort Brian GA 76925
5906,brian.nguyen@gmail.com,Brian Nguyen,45372 Madison Bypass Apt. 560 West Larry NH 11953
5907,charles.wilson@outlook.com,Charles Wilson,81436 Meadow Loop Port Nancy KY 10760
5908,james.clark@yahoo.com,James Clark,82572 Oak Bypass Suite 775 North Brian NY 21024-8550
5909,stephanie.jackson@hotmail.com,Stephanie Jackson,66468 Walnut Circle Andrewmouth HI 45043
5910,joshua.brown@icloud.com,Joshua Brown,96169 Miller Loop North Larry CT 40898
5911,daniel.mitchell@aol.com,Daniel Mitchell,79329 Valley Avenue North Susan AL 45972
5912,emily.scott@gmail.com,Emily Scott,14572 Fox Trail Danielview TX 92820
5913,john.baker@scott.org,John Baker,26261 Jefferson Shore Suite 237 Kevinview NC 14229
5914,sarah.nelson@adams.org,Sarah Nelson,59667 Forest Court South Linda MS 99719
5915,betty.garcia@hotmail.com,Betty Garcia,47945 Craig Terrace Karenville CT 01419
5916,michelle.williams@gmail.com,Michelle Williams,80295 Hill Lane Maryshire NE 53245-8383
5917,david.thompson@moore.biz,David Thompson,29435 Ridge Court Markborough NJ 25502
5918,sarah.allen@lee.net,Sarah Allen,6389 River Drive Fort Larry RI 50619
5919,deborah.king@king.info,Deborah King,49735 Pine Run Lindafurt LA 06428
5920,mary.scott@wilson.org,Mary Scott,15191 Craig Avenue Kevinfurt CT 87904-2806
5921,jason.johnson@outlook.com,Jason Johnson,31812 Washington Path North Mark NE 56846
5922,lisa.robinson@hotmail.com,Lisa Robinson,96457 Elm Terrace Brianville ID 23063
5923,patricia.nguyen@yahoo.com,Patricia Nguyen,91704 Shore Ford New Karen WI 32140
5924,helen.baker@icloud.com,Helen Baker,33462 Lincoln Way East Steven CA 94795-7721
5925,donald.carter@flores.net,Donald Carter,47280 Spring Ford Ste. 794 Stevenville MI 13307
5926,kimberly.lewis@hotmail.com,Kimberly Lewis,2689 Madison Court Port James OH 76616
5927,linda.miller@gmail.com,Linda Miller,8701 Madison Court Danielton VT 85768
5928,karen.flores@icloud.com,Karen Flores,28848 Forest Square Unit 113 West Nancy RI 94841-8266
5929,amy.perez@gmail.com,Amy Perez,54281 Hill Street Suite 699 Lindafurt VA 55602
5930,steven.hall@moore.biz,Steven Hall,82339 Elm Crossing Andrewton IL 89672
5931,amy.cain@torres.com,Amy Cain,63358 Ridge Square Apt. 720 West George FL 12757
5932,donna.torres@moore.biz,Donna Torres,42455 Miller Bypass West Kristen ID 79106-2920
5933,helen.white@icloud.com,Helen White,71323 Meadow Road Suite 59 New Sarah MT 78174
5934,anna.martinez@aol.com,Anna Martinez,81625 Elm Avenue Suite 482 East Susan OH 86758
5935,gary.green@gmail.com,Gary Green,8014 Ridge Avenue Port George TX 91442
5936,margaret.wilson@aol.com,Margaret Wilson,46698 Valley Avenue Port Andrew NY 71751
5937,george.carter@icloud.com,George Carter,39522 Elm Bypass Ste. 611 Williamchester IN 38820-6188
5938,linda.carter@outlook.com,Linda Carter,78972 Highland Run Ronaldbury NE 68674
5939,jason.scott@smith.info,Jason Scott,73191 Park Square New Karen DE 32949
5940,laura.hall@thomas.net,Laura Hall,38116 Davis Ford Apt. 313 South William CT 10523
5941,sandra.mitchell@robinson.net,Sandra Mitchell,9218 Walnut Shore Nancyshire SC 03647
5942,timothy.taylor@white.net,Timothy Taylor,89734 Jefferson Drive South Kristen GA 17827-5091
5943,michelle.perez@yahoo.com,Michelle Perez,49065 Johnson Bypass Apt. 784 Jasonstad NY 22014
5944,kimberly.johnson@gmail.com,Kimberly Johnson,78193 Brook Plaza Andrewtown IA 49479
5945,daniel.adams@scott.info,Daniel Adams,6406 Brook Circle Ste. 420 West Joseph LA 28430-7633
5946,michelle.wright@aol.com,Michelle Wright,42957 Jefferson Run Suite 703 Fort Betty ND 06441-9346
5947,richard.miller@aol.com,Richard Miller,61860 Washington Way Apt. 994 Kristenville NH 80576
5948,linda.hall@gmail.com,Linda Hall,80691 Meadow Path Apt. 909 Jasonland ID 70928
5949,ronald.baker@aol.com,Ronald Baker,30206 Lincoln Plaza Ste. 866 Andrewton MO 46333-2537
5950,barbara.young@yahoo.com,Barbara Young,21706 Highland Avenue Lake Nancy OK 31073
5951,ronald.hill@white.net,Ronald Hill,43549 River Ford East Ronald MA 20068
5952,carol.lewis@johnson.com,Carol Lewis,66380 Valley Bypass Ste. 591 New Betty MD 68456
5953,betty.johnson@yahoo.com,Betty Johnson,78120 Pine Crossing Danielhaven NE 13965
5954,thomas.perez@campbell.net,Thomas Perez,86258 Franklin Street New William IN 55179
5955,linda.martinez@outlook.com,Linda Martinez,26604 Valley Crossing Suite 246 Fort Larry UT 44512
5956,jeffrey.perez@hotmail.com,Jeffrey Perez,23277 Cedar Lane Unit 214 Georgestad CT 35210-2551
5957,brian.scott@outlook.com,Brian Scott,60552 Walnut Way Apt. 334 Brianburgh MN 32222-5307
5958,michelle.wilson@gmail.com,Michelle Wilson,38257 Forest Drive Suite 175 New Michael NH 49765-8873
5959,margaret.nguyen@gmail.com,Margaret Nguyen,28921 Ridge Run Unit 423 Andrewburgh NM 20648
5960,steven.williams@gmail.com,Steven Williams,80001 River Pass Unit 88 Lisatown OH 27362
5961,richard.gonzalez@hotmail.com,Richard Gonzalez,45389 Johnson Way Unit 352 East Benjamin VT 21174
5962,nicholas.ramirez@brown.info,Nicholas Ramirez,59998 Fox Ford Apt. 547 Lake Kevin WA 45865
5963,donald.martinez@thomas.biz,Donald Martinez,71853 Washington Drive Port Lisa KS 48511
5964,nancy.garcia@green.info,Nancy Garcia,33401 Fox Way Unit 406 South Jason FL 80580-9368
5965,kimberly.hill@gmail.com,Kimberly Hill,75526 Maple Plaza Apt. 511 Benjaminview VT 33439
5966,mark.davis@aol.com,Mark Davis,23226 Hill Plaza Apt. 522 South William FL 26661
5967,jessica.allen@miller.net,Jessica Allen,75032 Lincoln Bypass Port Andrew WI 21512
5968,larry.thomas@martinez.org,Larry Thomas,44276 Carter Run Ste. 197 Brianland TX 81326
5969,jeffrey.hall@icloud.com,Jeffrey Hall,66904 Cook Square Kevinside TX 78483-9891
5970,larry.lewis@aol.com,Larry Lewis,45101 Miller Lane East William TX 57338
5971,jennifer.martin@clark.info,Jennifer Martin,31155 Sunset Crossing Suite 466 Brianbury NJ 87397
5972,laura.hall@rivera.info,Laura Hall,82701 Meadow Path North Thomas AK 49230
5973,timothy.mitchell@gmail.com,Timothy Mitchell,17919 Pine Street Lake Nancy TX 29664
5974,ashley.davis@gmail.com,Ashley Davis,60202 Oak Avenue Unit 672 Davidmouth MO 60510
5975,margaret.scott@anderson.org,Margaret Scott,39911 Sunset Lane Lisaberg NH 23366
5976,amy.lopez@icloud.com,Amy Lopez,64930 Spring Lane Suite 309 North Benjamin TN 04254-6821
5977,barbara.jackson@outlook.com,Barbara Jackson,24347 Hill Pass Bettymouth NC 10345
5978,steven.martinez@yahoo.com,Steven Martinez,25973 Lincoln Crossing Suite 272 Lisastad ME 32410
5979,sandra.white@miller.biz,Sandra White,19817 Meadow Terrace North Lisa HI 98926
5980,sandra.perez@hotmail.com,Sandra Perez,48386 Carter Circle Joshuastad CT 32175
5981,anna.young@nelson.info,Anna Young,12325 Oak Circle Unit 787 Annahaven OR 28916
5982,paul.martinez@taylor.org,Paul Martinez,50786 Jefferson Run Ste. 904 Paulborough MT 92491
5983,elizabeth.adams@outlook.com,Elizabeth Adams,84914 River Court South Joshua AR 77246
5984,ryan.mitchell@icloud.com,Ryan Mitchell,29688 Jefferson Square Brianshire SC 40120-5733
5985,edward.jackson@hotmail.com,Edward Jackson,88679 Adams Run New David NM 47061-5847
5986,patricia.lee@hotmail.com,Patricia Lee,35680 Elm Plaza East Joshua RI 44157-9923
5987,melissa.thompson@wright.biz,Melissa Thompson,57586 Brook Square Ste. 720 New George VT 69418
5988,sarah.nguyen@aol.com,Sarah Nguyen,57931 Franklin Path Sarahstad OK 99973
5989,mary.jackson@adams.info,Mary Jackson,75708 Cook Square Josephhaven NY 96477
5990,david.taylor@icloud.com,David Taylor,79067 Washington Trail Ste. 276 Sarahfort ME 60934
5991,david.young@thompson.org,David Young,10245 Forest Way Unit 629 Joshuatown FL 78624
5992,stephanie.rivera@baker.com,Stephanie Rivera,4624 Adams Road Ste. 59 Port Edward IA 99113
5993,nancy.hill@icloud.com,Nancy Hill,62976 Park Run Lake Nancy MI 60957
5994,joseph.thompson@hotmail.com,Joseph Thompson,61725 Valley Path Davidberg WV 82270
5995,jeffrey.scott@williams.biz,Jeffrey Scott,69361 Cedar Path Unit 288 Georgestad NE 96160
5996,elizabeth.torres@baker.biz,Elizabeth Torres,76808 Sunset Terrace South Kristen NH 51517
5997,michael.nelson@martin.org,Michael Nelson,17895 Shore Shore Unit 283 West William NM 95076-9243
5998,charles.hill@icloud.com,Charles Hill,59165 Lincoln Drive Lisashire OH 48639-1362
5999,james.anderson@jackson.com,James Anderson,22985 Walnut Plaza Karenshire VT 98198-9189
6000,ronald.hall@gmail.com,Ronald Hall,86683 Franklin Avenue Suite 157 West Ronald AR 34647-6927
6001,paul.young@baker.net,Paul Young,38364 Shore Shore Apt. 321 East Paul AK 17280-9878
6002,paul.martin@outlook.com,Paul Martin,11246 Carter Avenue Danielton FL 94885
6003,jennifer.garcia@yahoo.com,Jennifer Garcia,57769 Carter Way East Sarah DE 70850
6004,helen.gonzalez@jones.net,Helen Gonzalez,6607 Adams Run North Kristen AL 98769
6005,nancy.adams@jones.biz,Nancy Adams,66908 Spring Court North Mark MD 59013
6006,emily.lewis@white.biz,Emily Lewis,83038 Maple Bypass Suite 421 Karenhaven MO 52508
6007,barbara.martinez@yahoo.com,Barbara Martinez,87484 Pine Square Sarahfort TN 61241
6008,edward.miller@aol.com,Edward Miller,83774 Madison Square Port Ronald ID 56851-8204
6009,jason.martin@aol.com,Jason Martin,99549 Jefferson Plaza Suite 847 North Brian DE 55139
6010,william.carter@hotmail.com,William Carter,23400 Elm Trail Apt. 819 Edwardberg HI 60040-6341
6011,karen.jackson@yahoo.com,Karen Jackson,63614 Jefferson Bypass Karenland GA 01780
6012,melissa.lee@icloud.com,Melissa Lee,20974 Fox Pass North Steven GA 51444
6013,ryan.nelson@icloud.com,Ryan Nelson,97180 Washington Way South Michael SD 69366
6014,gary.king@yahoo.com,Gary King,79890 Forest Square Suite 953 West James WV 23070
6015,melissa.nguyen@hotmail.com,Melissa Nguyen,48407 Shore Plaza West Daniel NY 95411
6016,joseph.carter@gmail.com,Joseph Carter,7270 Forest Run New Brian KS 08148
6017,stephanie.hall@outlook.com,Stephanie Hall,87464 Fox Lane East Brian SD 82312-8657
6018,paul.lopez@gmail.com,Paul Lopez,2677 Miller Crossing New Joseph DE 06942
6019,amy.lee@gmail.com,Amy Lee,83170 Franklin Shore East George SC 12881-4132
6020,jason.torres@thomas.net,Jason Torres,89795 Elm Square Josephbury LA 23803
6021,kevin.lopez@gmail.com,Kevin Lopez,61063 Ridge Circle South Edward DE 15938
6022,nicholas.white@perez.org,Nicholas White,39947 Maple Crossing Lisaborough MI 65728
6023,thomas.jones@clark.com,Thomas Jones,48996 Walnut Street East Andrew IN 60090-4561
6024,nicholas.smith@thompson.info,Nicholas Smith,36688 Cedar Avenue Thomasfurt WA 87615
6025,steven.robinson@mitchell.net,Steven Robinson,44054 Lincoln Avenue Apt. 967 New Joseph NY 61692
6026,elizabeth.brown@flores.info,Elizabeth Brown,87509 Carter Avenue East Kevin MO 45598-4351
6027,patricia.campbell@yahoo.com,Patricia Campbell,48996 Jefferson Square Thomasview HI 42734-7160
6028,sandra.jones@yahoo.com,Sandra Jones,19375 Spring Run Suite 152 Lake Mark MN 25387-4834
6029,john.lee@icloud.com,John Lee,89996 Pine Ford Suite 558 Lindaton TN 64448
6030,joshua.robinson@davis.biz,Joshua Robinson,13375 Oak Loop Nancybury AL 68767
6031,karen.smith@gmail.com,Karen Smith,29026 Cedar Street New James MT 03870
6032,joseph.lopez@hotmail.com,Joseph Lopez,73939 Shore Bypass New Sarah FL 96004
6033,amy.robinson@baker.org,Amy Robinson,38390 Franklin Path Suite 655 Kristenside IN 11395
6034,susan.ramirez@icloud.com,Susan Ramirez,98220 Oak Court Ste. 3 West Ronald RI 34099
6035,barbara.lee@hall.com,Barbara Lee,7978 Park Pass Brianton MD 76698
6036,sandra.allen@lee.org,Sandra Allen,6216 Cedar Trail New Anna CT 09786
6037,margaret.walker@hotmail.com,Margaret Walker,13881 Lake Bypass Unit 252 Marychester WI 89985
6038,carol.davis@clark.org,Carol Davis,87843 Spring Pass Unit 622 East Susan MD 25055
6039,patricia.thomas@lee.biz,Patricia Thomas,52348 Elm Square Lindaport MI 34333
6040,richard.hill@scott.com,Richard Hill,85128 Craig Bypass East Daniel RI 19628-7194
6041,michael.young@johnson.org,Michael Young,2674 Johnson Street Apt. 983 West Ronald NY 15652-7207
6042,amy.lewis@gonzalez.net,Amy Lewis,12061 Forest Pass Unit 459 Georgeburgh LA 33109
6043,laura.kirby@outlook.com,Laura Kirby,93320 Shore Crossing Markburgh TX 68057-5497
6044,anna.thomas@miller.biz,Anna Thomas,29604 Lake Court Suite 43 Karenville AZ 67585
6045,charles.garcia@nguyen.info,Charles Garcia,79470 Highland Pass Apt. 421 South Andrew IN 17085-6844
6046,mark.martinez@yahoo.com,Mark Martinez,82933 Miller Court Unit 14 Davidburgh NV 88656
6047,melissa.nguyen@yahoo.com,Melissa Nguyen,80430 Maple Way Ste. 603 North Mark NE 12434
6048,sarah.harris@outlook.com,Sarah Harris,82104 Park Ford Unit 746 Josephton NY 45352
6049,jessica.flores@white.org,Jessica Flores,69879 Sunset Crossing Unit 216 Marytown NE 25936
6050,sandra.thomas@brown.info,Sandra Thomas,60190 Lincoln Drive Apt. 125 Larrybury GA 46774
6051,mark.lewis@hotmail.com,Mark Lewis,87239 Carter Plaza Danielport ME 92333
6052,jeffrey.clark@taylor.info,Jeffrey Clark,95904 Meadow Way Suite 339 Lake Karen CT 49941
6053,margaret.jones@mitchell.com,Margaret Jones,73406 Park Drive Apt. 62 Nancyfort NV 17398
6054,susan.nelson@yahoo.com,Susan Nelson,36451 Park Avenue Apt. 728 Jasonport NY 91899
6055,helen.walker@hotmail.com,Helen Walker,74553 Brook Ford Jamesshire NY 47766
6056,donna.young@anderson.org,Donna Young,34210 Washington Avenue West Betty KY 89378-5626
6057,nancy.johnson@aol.com,Nancy Johnson,3122 Cedar Pass Unit 838 Karenborough AR 49890-7310
6058,michael.anderson@gmail.com,Michael Anderson,58001 Highland Loop Ste. 234 New Susan NC 95194
6059,joshua.clark@hotmail.com,Joshua Clark,18183 Maple Plaza Michaelport SC 44438
6060,lisa.martin@clark.org,Lisa Martin,28258 Davis Path Ste. 948 New Karen MT 54673
6061,ronald.carter@thompson.com,Ronald Carter,17581 Highland Street Brianshire NY 15595-1355
6062,karen.davis@hotmail.com,Karen Davis,93130 Fox Run Williambury WV 02817
6063,joshua.wilson@aol.com,Joshua Wilson,79942 Cedar Shore Williamburgh KY 97000-2411
6064,daniel.martin@brown.info,Daniel Martin,64260 Sunset Square Ste. 2 Michaelfort IL 42868
6065,susan.martinez@gmail.com,Susan Martinez,28163 Shore Bypass Josephfort NC 85342
6066,karen.garcia@outlook.com,Karen Garcia,71451 Davis Terrace North James NH 79102
6067,nicholas.hall@torres.info,Nicholas Hall,96312 Meadow Avenue Apt. 103 Williamburgh NE 69912-6454
6068,joshua.wright@campbell.info,Joshua Wright,28656 Madison Run Unit 836 Jasonton MA 92319-8615
6069,nancy.carter@nelson.org,Nancy Carter,73876 Oak Court West Kevin CA 94122-1169
6070,patricia.carter@icloud.com,Patricia Carter,70123 Miller Lane Suite 360 Brianshire NH 13732-4152
6071,emily.garcia@baker.info,Emily Garcia,55889 Valley Path Marytown VA 01559-5388
6072,sandra.campbell@gmail.com,Sandra Campbell,24395 Meadow Court Fort David CT 39614
6073,stephanie.walker@hotmail.com,Stephanie Walker,7969 Oak Avenue West Thomas AK 60421-2479
6074,emily.allen@hotmail.com,Emily Allen,62514 Lake Plaza Ste. 108 East Kevin MD 07443
6075,linda.wright@ramirez.com,Linda Wright,58004 Jefferson Ford Ste. 830 Lisafort NH 05414-5766
6076,joshua.williams@adams.net,Joshua Williams,63279 Sunset Shore Lake Steven OH 66128
6077,gary.lopez@miller.net,Gary Lopez,47019 Cook Shore Bettystad TX 29538
6078,kevin.clark@walker.org,Kevin Clark,36656 Ridge Court South Mary NV 02116
6079,deborah.baker@yahoo.com,Deborah Baker,39118 Johnson Avenue South Larry CT 44263-6911
6080,joshua.harris@outlook.com,Joshua Harris,82185 Cook Square Lisaburgh OK 67963-5369
6081,kevin.adams@carter.biz,Kevin Adams,32949 Pine Lane Unit 496 Port Mary IN 05393
6082,sarah.lee@icloud.com,Sarah Lee,37499 Craig Run Maryton NC 75777
6083,susan.flores@sanchez.info,Susan Flores,93145 Jefferson Pass North Paul NM 13753
6084,emily.scott@yahoo.com,Emily Scott,98441 Cook Circle New Daniel DE 30215-9238
6085,joseph.miller@young.info,Joseph Miller,69708 Forest Lane Apt. 742 New George NE 74926
6086,gary.thompson@johnson.info,Gary Thompson,10618 Miller Street Josephmouth CA 33486
6087,jennifer.ramirez@outlook.com,Jennifer Ramirez,94820 Maple Road Suite 22 West Betty MI 80682
6088,sarah.carter@icloud.com,Sarah Carter,62196 Lincoln Path Apt. 209 Fort Benjamin MS 61124
6089,william.harris@jones.org,William Harris,7987 Park Lane Unit 435 Larryfurt SC 36605
6090,rebecca.moore@harris.net,Rebecca Moore,95703 Oak Avenue South Mark NC 71666
6091,william.robinson@yahoo.com,William Robinson,13711 Maple Square Suite 569 Lindaville VT 64112
6092,susan.cain@hill.info,Susan Cain,21799 Fox Court Brianport CT 72811-5606
6093,nicholas.johnson@aol.com,Nicholas Johnson,96574 Lake Plaza Ste. 870 Lisaland ID 09381
6094,stephanie.taylor@baker.org,Stephanie Taylor,47983 Highland Loop South William MD 54677
6095,ryan.walker@carter.org,Ryan Walker,97402 Pine Street Ste. 723 Lake Linda IL 80940-2406
6096,andrew.brown@brown.com,Andrew Brown,37819 Shore Court Lisaton NH 71603
6097,kevin.hill@gmail.com,Kevin Hill,60968 Carter Drive Apt. 634 East Larry ND 20066-1104
6098,michael.jones@perez.com,Michael Jones,25779 Adams Square Suite 469 Annaland FL 22354
6099,patricia.ramirez@gmail.com,Patricia Ramirez,67588 Ridge Ford Suite 609 Andrewtown IA 18099-7473
6100,anna.robinson@jones.org,Anna Robinson,75889 Miller Ford North Kevin LA 49961
6101,ronald.sanchez@clark.com,Ronald Sanchez,15644 Jefferson Street Andrewside SC 80281
6102,elizabeth.martinez@torres.org,Elizabeth Martinez,98248 Carter Loop Suite 51 Port Sarah DE 48305
6103,george.harris@aol.com,George Harris,91440 Forest Circle Brianville AZ 76862
6104,gary.nguyen@nguyen.info,Gary Nguyen,26997 Lincoln Loop Karenchester AL 48256
6105,michael.campbell@outlook.com,Michael Campbell,26117 Oak Terrace Unit 768 Josephmouth IN 63529-2541
6106,jessica.jackson@icloud.com,Jessica Jackson,70439 Lincoln Plaza Williamview AL 38850
6107,timothy.adams@cain.biz,Timothy Adams,14314 Sunset Road Ste. 474 Port Joshua FL 79075-8483
6108,matthew.smith@perez.com,Matthew Smith,92454 River Square Unit 925 Brianfort AR 19289
6109,betty.harris@baker.biz,Betty Harris,49214 Sunset Path West Kevin AK 71232
6110,margaret.jackson@yahoo.com,Margaret Jackson,71704 Forest Terrace Markchester TN 43892-5592
6111,matthew.lopez@yahoo.com,Matthew Lopez,27278 Valley Lane Ste. 891 West Kristen WA 49303
6112,amanda.lewis@campbell.org,Amanda Lewis,24315 Hill Drive East Michael HI 55244
6113,david.young@king.biz,David Young,97593 Spring Way Unit 423 North David VT 99980
6114,anna.wilson@outlook.com,Anna Wilson,16150 Carter Road Brianstad CA 63726
6115,timothy.harris@rivera.org,Timothy Harris,61368 Craig Pass Unit 596 New Kristen IL 18030
6116,paul.green@yahoo.com,Paul Green,63513 Fox Lane Ste. 29 Ronaldmouth VA 58075
6117,betty.jones@robinson.com,Betty Jones,72647 Lake Road Ste. 99 New Brian HI 83967
6118,james.adams@yahoo.com,James Adams,28657 River Circle Fort Jason SD 25975
6119,susan.walker@yahoo.com,Susan Walker,63247 Madison Lane Ste. 50 West Betty DE 20892
6120,jeffrey.johnson@hotmail.com,Jeffrey Johnson,35633 Miller Path Lisaside KY 72470
6121,michael.lopez@ramirez.org,Michael Lopez,70792 Madison Square Unit 116 New Kevin IN 13630
6122,betty.thompson@nelson.biz,Betty Thompson,97824 Fox Way Ste. 312 South Joshua MT 56640
6123,sandra.jones@yahoo.com,Sandra Jones,37399 Adams Path North Sarah GA 47479
6124,jeffrey.rivera@icloud.com,Jeffrey Rivera,94258 Valley Plaza Unit 602 Maryberg ND 77063
6125,daniel.brown@aol.com,Daniel Brown,16163 Walnut Shore Apt. 106 Stevenside RI 19374
6126,karen.cain@gmail.com,Karen Cain,25367 Meadow Path Suite 882 West David CO 42832-6983
6127,jason.hall@wright.info,Jason Hall,23933 Elm Pass Benjaminfort NM 67458-3862
6128,donna.torres@brown.net,Donna Torres,14899 Park Crossing Kristenchester TN 66720-4837
6129,jessica.mitchell@aol.com,Jessica Mitchell,68696 Brook Terrace Lisaside UT 08592
6130,ashley.martinez@hotmail.com,Ashley Martinez,43665 Craig Road South George AZ 64445
6131,rebecca.anderson@aol.com,Rebecca Anderson,97684 Forest Crossing Williammouth VA 97353-6719
6132,jeffrey.lopez@icloud.com,Jeffrey Lopez,76957 Madison Square Apt. 689 West George AR 92254-3148
6133,joseph.adams@icloud.com,Joseph Adams,5223 Pine Terrace Apt. 595 New Steven WY 62952
6134,brian.walker@green.org,Brian Walker,37818 Spring Lane Apt. 193 Fort George MD 22293
6135,linda.wright@williams.net,Linda Wright,40810 Oak Circle Port Mary NJ 19129-4461
6136,margaret.clark@rivera.net,Margaret Clark,96859 Valley Path Apt. 186 Port James ND 22220
6137,anthony.nguyen@outlook.com,Anthony Nguyen,78835 Pine Crossing North George CO 32774-9430
6138,john.thompson@johnson.com,John Thompson,4146 Cook Bypass Unit 566 Joshuaburgh CT 34239
6139,jason.wilson@icloud.com,Jason Wilson,94650 Lake Court Lake Joshua MO 17175-6919
6140,laura.jackson@white.com,Laura Jackson,73836 Fox Crossing Ste. 345 Port Anna OR 10478
6141,jason.martinez@moore.biz,Jason Martinez,751 Jefferson Ford Ste. 141 Michaelburgh SC 65741
6142,linda.young@icloud.com,Linda Young,60069 Sunset Drive Lake Michael SC 71318
6143,matthew.sanchez@outlook.com,Matthew Sanchez,46877 Johnson Pass Lisaberg HI 10469
6144,laura.allen@ramirez.com,Laura Allen,26979 Johnson Avenue Ste. 701 Sarahside AR 08979-2064
6145,stephanie.harris@perez.biz,Stephanie Harris,8491 Forest Bypass Apt. 451 Lake Kristen ID 15898
6146,john.walker@aol.com,John Walker,78004 Lake Drive East Karen FL 67957-5802
6147,thomas.campbell@hill.net,Thomas Campbell,57636 Elm Lane Jamesfurt HI 45340-1195
6148,amy.carter@robinson.com,Amy Carter,29576 River Trail Karenstad KY 37453-6557
6149,john.lopez@ramirez.org,John Lopez,83017 Johnson Ford Unit 816 Benjaminton MN 62370
6150,laura.lee@scott.org,Laura Lee,40253 Walnut Ford Nancyside IL 26810
6151,jason.rivera@gmail.com,Jason Rivera,45905 Spring Lane Kevinberg KS 20933
6152,patricia.young@gmail.com,Patricia Young,98930 Brook Lane Unit 360 Kristenfort AZ 60996
6153,michael.green@gmail.com,Michael Green,29388 Madison Pass New Larry HI 64974-4226
6154,anna.nelson@smith.com,Anna Nelson,67388 Hill Path Ronaldchester MS 30677
6155,richard.williams@icloud.com,Richard Williams,60713 Washington Crossing Lisaport MI 60093
6156,michelle.sanchez@yahoo.com,Michelle Sanchez,28255 Sunset Way South David OR 74970
6157,kevin.kirby@ramirez.net,Kevin Kirby,18006 Walnut Street Kristenfort CT 03149
6158,karen.garcia@clark.com,Karen Garcia,16899 Highland Terrace Apt. 107 Markfort WA 55787
6159,jessica.robinson@yahoo.com,Jessica Robinson,36499 Pine Square Suite 718 Susanport MT 07660
6160,elizabeth.martin@sanchez.net,Elizabeth Martin,27136 Cedar Square Ste. 539 Susantown NM 61905-1494
6161,laura.torres@nelson.biz,Laura Torres,31889 Sunset Lane Ste. 643 East David NM 28906-7073
6162,margaret.miller@aol.com,Margaret Miller,86651 Pine Way East Brian AK 82323-1183
6163,susan.clark@hotmail.com,Susan Clark,70416 Cook Loop Ste. 236 Fort Betty SC 60024
6164,amy.flores@carter.com,Amy Flores,9334 Ridge Square Susanborough NM 38325
6165,karen.young@hotmail.com,Karen Young,70980 Davis Drive North Ronald MD 31156-8665
6166,edward.miller@lopez.org,Edward Miller,99028 Cedar Court Apt. 591 Jasonburgh CO 76017
6167,ronald.carter@young.info,Ronald Carter,24536 Elm Street Lake Betty NV 37955
6168,donald.campbell@outlook.com,Donald Campbell,65163 Miller Lane Unit 157 Williamfort ID 53048
6169,emily.green@hotmail.com,Emily Green,76244 Fox Ford Suite 920 Jasonfort AL 14115-3211
6170,helen.taylor@moore.info,Helen Taylor,98208 Spring Road Ste. 234 Brianborough PA 76481
6171,linda.walker@cain.com,Linda Walker,29903 Hill Bypass Apt. 856 Paulton NE 92563
6172,ryan.king@gmail.com,Ryan King,7552 Forest Bypass Apt. 585 West George KS 01164-6021
6173,jeffrey.scott@gmail.com,Jeffrey Scott,91904 Maple Road New Mary MD 20595-6483
6174,edward.brown@icloud.com,Edward Brown,21513 Jefferson Drive Ste. 348 North Andrew OK 39532
6175,george.moore@carter.org,George Moore,47375 Highland Run South Susan MN 37671
6176,jennifer.flores@hotmail.com,Jennifer Flores,32311 Madison Crossing North Steven KS 21284
6177,william.miller@hill.biz,William Miller,49808 Oak Court Port Anna CO 21144-8452
6178,ronald.carter@yahoo.com,Ronald Carter,62205 Highland Terrace Unit 205 Fort Jason FL 33828
6179,michelle.ramirez@gmail.com,Michelle Ramirez,80507 Johnson Loop Ste. 623 Jasontown UT 15638
6180,charles.miller@icloud.com,Charles Miller,97515 Carter Court Lindaville TX 61333
6181,steven.walker@hotmail.com,Steven Walker,17472 Valley Street Suite 444 Fort Lisa NH 11048-7454
6182,gary.robinson@outlook.com,Gary Robinson,59614 Meadow Road Fort Betty NM 06599
6183,anthony.scott@rivera.org,Anthony Scott,46112 Pine Plaza East Lisa SC 20521
6184,linda.moore@yahoo.com,Linda Moore,53361 Highland Way Larryport SC 41192
6185,edward.moore@martin.org,Edward Moore,48748 Maple Street Lake Linda WY 77285
6186,barbara.scott@allen.com,Barbara Scott,12337 Ridge Crossing Unit 654 Port Ronald FL 93451
6187,lisa.ramirez@gmail.com,Lisa Ramirez,66507 Forest Plaza Unit 226 Kevinshire LA 77436-6008
6188,timothy.robinson@icloud.com,Timothy Robinson,73083 Davis Circle Nancystad PA 13877
6189,sandra.jones@ramirez.info,Sandra Jones,97758 River Loop New Susan WI 33727
6190,karen.rivera@nelson.net,Karen Rivera,68945 Highland Avenue Sarahtown OK 72971-4361
6191,amanda.clark@white.info,Amanda Clark,13745 Miller Crossing Suite 171 West Betty KS 80188-1815
6192,joseph.williams@thomas.org,Joseph Williams,4206 Maple Circle Unit 869 Benjaminfurt SC 05157-3095
6193,gary.garcia@yahoo.com,Gary Garcia,39752 River Trail Unit 410 Thomasfurt MA 85631
6194,kimberly.miller@smith.net,Kimberly Miller,52327 Miller Run Michaelhaven IL 76939
6195,amy.lee@hotmail.com,Amy Lee,22682 River Way Suite 955 Brianchester RI 61542
6196,jennifer.adams@scott.net,Jennifer Adams,66333 Cook Court Jasonshire PA 85141-2428
6197,nancy.allen@aol.com,Nancy Allen,66587 Lake Terrace Williamside WY 98822-4057
6198,betty.davis@aol.com,Betty Davis,16132 Maple Court Unit 39 Susanchester NH 25835
6199,richard.martinez@gmail.com,Richard Martinez,43209 Valley Avenue East Nancy MT 54890
6200,jennifer.green@cain.com,Jennifer Green,25508 Sunset Way Andrewbury ND 96976
6201,kimberly.hall@scott.info,Kimberly Hall,3365 Carter Run Apt. 929 East Mark CO 97047
6202,matthew.green@outlook.com,Matthew Green,30257 River Pass Ste. 605 Stevenport KY 95654-2781
6203,david.moore@hill.biz,David Moore,97518 Brook Shore Port Nancy RI 74864
6204,joseph.moore@aol.com,Joseph Moore,48324 Walnut Plaza Apt. 234 Port Edward KY 24172
6205,jennifer.hill@anderson.org,Jennifer Hill,52268 Pine Shore Sarahborough UT 75232
6206,joseph.ramirez@outlook.com,Joseph Ramirez,31137 Pine Lane Unit 492 Edwardmouth MO 73245-5410
6207,paul.anderson@hotmail.com,Paul Anderson,11555 Shore Ford Suite 886 Michaelton TX 28822
6208,daniel.williams@hotmail.com,Daniel Williams,59184 Walnut Ford Ste. 300 Lake Joseph LA 69196-9866
6209,william.adams@hotmail.com,William Adams,48689 Fox Way Apt. 219 Lake Thomas PA 20954
6210,anna.brown@icloud.com,Anna Brown,44613 Franklin Court Unit 534 Benjaminfort WV 93816
6211,george.garcia@miller.biz,George Garcia,21818 Madison Square Apt. 146 East Steven SC 67469
6212,daniel.nguyen@green.org,Daniel Nguyen,11111 Cedar Court Susanfort WA 36748
6213,mary.carter@carter.info,Mary Carter,62217 Jefferson Crossing Markville GA 05606
6214,john.johnson@clark.com,John Johnson,68540 Park Ford Port Karen DE 78837
6215,michelle.carter@campbell.com,Michelle Carter,76384 Miller Shore Danielton MD 81166-2544
6216,anna.lee@icloud.com,Anna Lee,21218 Cedar Path Danielchester HI 48602
6217,sandra.adams@aol.com,Sandra Adams,70968 Spring Terrace Brianshire LA 60571-7103
6218,john.garcia@jones.com,John Garcia,2763 Highland Terrace New Daniel AZ 14668
6219,barbara.carter@aol.com,Barbara Carter,39824 Johnson Bypass Unit 265 West Edward IA 51907
6220,stephanie.baker@hotmail.com,Stephanie Baker,4444 Sunset Circle East Daniel TN 70093-1089
6221,kevin.brown@gmail.com,Kevin Brown,21659 Lincoln Shore Ste. 242 Andrewborough WY 56390
6222,andrew.lewis@hotmail.com,Andrew Lewis,44789 Hill Run Port Joseph RI 09780
6223,gary.clark@gmail.com,Gary Clark,69787 Sunset Avenue Lisamouth MN 01882
6224,carol.moore@gmail.com,Carol Moore,11230 Davis Ford Ste. 294 South Edward TN 74471-1795
6225,anthony.kirby@outlook.com,Anthony Kirby,12096 Park Court Apt. 968 North George OR 46367
6226,paul.scott@aol.com,Paul Scott,21739 Davis Drive New Sarah FL 37911
6227,karen.hill@walker.biz,Karen Hill,67926 Franklin Square New Linda TX 44789-8924
6228,michael.young@outlook.com,Michael Young,1137 Washington Plaza South Mark CO 78899
6229,jeffrey.allen@sanchez.com,Jeffrey Allen,85498 Davis Pass Josephport NY 34377
6230,helen.wright@torres.com,Helen Wright,70739 Park Drive Williambury OR 81100
6231,john.garcia@outlook.com,John Garcia,82669 Ridge Terrace West Sarah MD 77494
6232,charles.white@icloud.com,Charles White,56432 Carter Street West Michael IA 87393
6233,gary.hill@icloud.com,Gary Hill,54793 Elm Pass Suite 324 North Sarah NH 20082
6234,rebecca.johnson@icloud.com,Rebecca Johnson,26529 Brook Street Apt. 297 Thomasshire OH 97607
6235,sandra.johnson@williams.org,Sandra Johnson,24687 Valley Pass Maryberg KY 09464
6236,sarah.carter@aol.com,Sarah Carter,6736 Davis Ford Williamstad FL 63498
6237,michelle.rivera@harris.com,Michelle Rivera,48148 Lincoln Ford New William WA 98311
6238,deborah.anderson@yahoo.com,Deborah Anderson,33956 Walnut Loop Andrewborough NJ 12343
6239,margaret.mitchell@aol.com,Margaret Mitchell,78960 Pine Trail New Karen NE 11436
6240,john.robinson@yahoo.com,John Robinson,64601 Elm Court Annaville OH 42930
6241,ronald.carter@gmail.com,Ronald Carter,53547 Franklin Bypass Apt. 118 Edwardport ND 61001
6242,mark.flores@aol.com,Mark Flores,31162 Forest Street South Michael NV 94471-3232
6243,lisa.gonzalez@yahoo.com,Lisa Gonzalez,5063 Cook Circle East Joseph OK 31067
6244,anna.carter@hotmail.com,Anna Carter,50699 Walnut Trail Port Mark MN 42618
6245,george.clark@williams.info,George Clark,88996 Pine Court Andrewport OK 79387
6246,deborah.garcia@gmail.com,Deborah Garcia,26493 Craig Loop Maryview IL 86993
6247,karen.sanchez@hotmail.com,Karen Sanchez,52897 Brook Terrace Lake Lisa GA 22350
6248,gary.martin@icloud.com,Gary Martin,39816 Jefferson Circle Ronaldhaven NH 05405-7842
6249,deborah.miller@hill.biz,Deborah Miller,66071 Ridge Loop Suite 416 Davidfort MD 78522-5597
6250,charles.jones@outlook.com,Charles Jones,2481 Ridge Lane Ste. 226 Karenfort WY 45338-1669
6251,ashley.gonzalez@yahoo.com,Ashley Gonzalez,34217 Adams Run Kristenfurt RI 09581
6252,laura.rivera@yahoo.com,Laura Rivera,10817 Madison Road Larryberg UT 01561
6253,gary.young@icloud.com,Gary Young,46152 Sunset Court Benjaminburgh AR 88644
6254,michelle.moore@gmail.com,Michelle Moore,19374 Valley Pass Unit 596 East Lisa AR 40603
6255,mark.ramirez@hotmail.com,Mark Ramirez,79447 Washington Avenue Ste. 319 Bettyfort NM 34673-1457
6256,helen.johnson@hill.info,Helen Johnson,97002 Hill Drive Nancyborough ND 60765
6257,paul.smith@clark.info,Paul Smith,46916 Forest Avenue Unit 229 North Thomas OK 57052
6258,donald.gonzalez@gmail.com,Donald Gonzalez,86508 Craig Ford Lake George TN 58198
6259,sandra.martinez@martinez.info,Sandra Martinez,66226 Carter Way Apt. 788 Kevinport LA 36610-3081
6260,nancy.wilson@sanchez.net,Nancy Wilson,22332 Franklin Path Ste. 492 Fort Lisa NY 27090
6261,emily.thomas@moore.info,Emily Thomas,31810 Adams Lane South David NM 41468
6262,margaret.miller@clark.info,Margaret Miller,44816 River Pass Ste. 332 New Kevin AR 11460
6263,amanda.harris@outlook.com,Amanda Harris,51690 Franklin Pass Port Paul SD 27137
6264,brian.campbell@icloud.com,Brian Campbell,47964 Lake Plaza Sarahbury TN 51199
6265,kimberly.smith@mitchell.net,Kimberly Smith,22402 Johnson Road Jamesbury FL 56000
6266,james.garcia@martin.biz,James Garcia,44739 Davis Path Jasonmouth KS 35595
6267,mary.martinez@williams.net,Mary Martinez,78998 Oak Way Ste. 640 Sarahbury WV 76761-8455
6268,george.lewis@aol.com,George Lewis,21389 Cook Terrace Suite 574 Danielland MO 76862
6269,george.martinez@icloud.com,George Martinez,13393 Franklin Pass Williamfurt ND 52976
6270,joshua.mitchell@ramirez.biz,Joshua Mitchell,32533 Oak Avenue Ronaldbury OH 14453
6271,ashley.torres@nelson.com,Ashley Torres,61966 Franklin Run Apt. 32 Michaelchester CT 23457
6272,nicholas.ramirez@nelson.biz,Nicholas Ramirez,13467 Highland Crossing Suite 253 New Anna NC 89933
6273,ryan.jones@icloud.com,Ryan Jones,58317 Sunset Terrace Apt. 864 North David VA 16736-2036
6274,anna.thompson@baker.com,Anna Thompson,88020 Spring Trail Sarahbury OH 86277
6275,melissa.thomas@outlook.com,Melissa Thomas,62474 Johnson Square Ste. 562 Port Joseph MI 92258
6276,joshua.harris@yahoo.com,Joshua Harris,25931 Madison Way Fort Nancy OR 13787
6277,steven.williams@icloud.com,Steven Williams,84627 Hill Ford Ste. 265 West Lisa SC 90746-5425
6278,steven.johnson@aol.com,Steven Johnson,26269 Shore Square Ste. 988 Kevinland OK 22127-9956
6279,donald.williams@king.org,Donald Williams,46038 Maple Drive Ste. 649 Maryville MI 17756
6280,rebecca.king@aol.com,Rebecca King,206 Adams Road Joshuamouth PA 14763
6281,edward.jones@gonzalez.biz,Edward Jones,92076 Jefferson Plaza Apt. 819 Andrewfort OR 10734-1072
6282,paul.nguyen@gmail.com,Paul Nguyen,98078 Carter Path Brianburgh VT 43775
6283,paul.ramirez@hotmail.com,Paul Ramirez,69223 Spring Trail Suite 865 Thomastown ME 09568
6284,sandra.jones@aol.com,Sandra Jones,68818 Cedar Road Marktown SC 52188
6285,steven.young@walker.com,Steven Young,36069 Sunset Pass Apt. 445 Jasonborough FL 27571
6286,nancy.sanchez@outlook.com,Nancy Sanchez,13279 Fox Square Sarahberg IL 45830
6287,james.lopez@adams.net,James Lopez,69862 Meadow Avenue Suite 590 South David IN 06864
6288,gary.carter@yahoo.com,Gary Carter,15732 Miller Street Apt. 300 Fort George NC 35801
6289,joshua.scott@mitchell.info,Joshua Scott,38111 Elm Road Suite 830 Marystad NE 83951
6290,nicholas.rivera@aol.com,Nicholas Rivera,29727 Johnson Ford Fort Anna AR 13078-4679
6291,paul.anderson@gonzalez.com,Paul Anderson,11054 Pine Lane Fort Steven KY 34426
6292,sandra.flores@adams.biz,Sandra Flores,54186 Brook Lane East Mary NY 58096
6293,donald.young@yahoo.com,Donald Young,11720 Walnut Ford Fort Anna GA 83969-8997
6294,andrew.sanchez@hotmail.com,Andrew Sanchez,29480 Sunset Loop Ste. 761 Georgestad TX 47686
6295,edward.king@yahoo.com,Edward King,82947 Valley Court Annaview MT 13325-9498
6296,helen.robinson@brown.net,Helen Robinson,67616 Hill Path Apt. 635 Lake Betty AR 77989-3433
6297,john.lee@hall.org,John Lee,49398 Washington Avenue Lindamouth MS 67798
6298,paul.young@aol.com,Paul Young,17152 Maple Avenue South Nancy DE 33790-5097
6299,donna.campbell@aol.com,Donna Campbell,61107 Washington Bypass Suite 680 Paulborough NE 93158
6300,emily.white@hotmail.com,Emily White,65953 Washington Circle Michaelchester SD 92898
6301,helen.robinson@icloud.com,Helen Robinson,86945 Miller Lane Unit 217 Markfort VA 96360
6302,ronald.lee@walker.com,Ronald Lee,56606 Adams Street Apt. 548 New Anna OK 11575-3706
6303,emily.kirby@martinez.net,Emily Kirby,3744 Johnson Run Apt. 951 New Joseph AL 44869-4211
6304,elizabeth.rivera@yahoo.com,Elizabeth Rivera,13737 Park Terrace Unit 368 New Jason WI 17988
6305,paul.johnson@lee.com,Paul Johnson,72559 Washington Drive Lake Linda UT 93196
6306,michelle.walker@outlook.com,Michelle Walker,62718 Brook Road South George MN 76658
6307,ashley.nelson@carter.net,Ashley Nelson,7282 Craig Shore Ste. 956 Davidmouth VA 40816
6308,john.green@outlook.com,John Green,55017 Ridge Lane Joshuaberg WV 27405
6309,larry.rivera@gmail.com,Larry Rivera,55012 Forest Ford Ronaldton MT 92148
6310,john.perez@gmail.com,John Perez,12445 River Pass Suite 149 Jasonview SD 62261
6311,mark.thomas@aol.com,Mark Thomas,93730 Forest Trail West Mark GA 19011
6312,betty.king@miller.com,Betty King,15645 Washington Avenue Suite 869 West Paul FL 77877
6313,laura.robinson@icloud.com,Laura Robinson,49208 Walnut Way West Anna FL 29332
6314,helen.nguyen@gmail.com,Helen Nguyen,34876 Oak Avenue Apt. 739 Joshuafort NJ 35561
6315,timothy.thomas@yahoo.com,Timothy Thomas,38069 Fox Court Unit 192 Nancyfort KS 32417
6316,melissa.rivera@johnson.net,Melissa Rivera,46277 Hill Pass Lake Larry ND 49344
6317,elizabeth.wilson@outlook.com,Elizabeth Wilson,30052 Spring Lane Suite 632 Danielton CA 10270
6318,linda.adams@scott.info,Linda Adams,29288 Pine Run Paulburgh VT 92010
6319,betty.flores@yahoo.com,Betty Flores,64556 Valley Terrace Suite 176 New William NV 66251
6320,amy.wilson@miller.net,Amy Wilson,99001 Lake Shore East Joshua NV 60233
6321,emily.thompson@allen.biz,Emily Thompson,37801 Washington Avenue Port Karen DE 17418
6322,susan.kirby@outlook.com,Susan Kirby,66398 Walnut Lane West Daniel NM 65980
6323,margaret.campbell@aol.com,Margaret Campbell,84200 Washington Road Unit 405 Danielborough TN 45815
6324,donna.martin@icloud.com,Donna Martin,71817 Oak Way Ste. 388 Bettyhaven TN 73679
6325,gary.kirby@outlook.com,Gary Kirby,55045 Spring Loop Apt. 232 North William WY 06942
6326,james.lewis@hotmail.com,James Lewis,70338 Craig Court Thomasview AR 29578
6327,edward.martinez@nelson.biz,Edward Martinez,3372 River Plaza West Daniel PA 38496
6328,william.miller@perez.net,William Miller,36695 Highland Crossing Suite 668 South Sarah MS 53678
6329,amy.brown@cain.org,Amy Brown,24186 Adams Court Josephshire WV 12840
6330,amanda.green@aol.com,Amanda Green,60653 Adams Square Brianport IA 74984
6331,jason.taylor@lopez.net,Jason Taylor,67363 Lake Bypass Annashire ND 49865-7936
6332,john.wright@aol.com,John Wright,55958 Washington Court Karenfurt NE 93508-9602
6333,kimberly.martinez@icloud.com,Kimberly Martinez,77510 Lake Avenue Ste. 546 Kevinfurt SD 94520
6334,donna.williams@aol.com,Donna Williams,23055 Park Path Joshuaport RI 94400
6335,mary.campbell@perez.org,Mary Campbell,29519 Hill Pass Ste. 486 Lake Paul AR 28544
6336,patricia.king@icloud.com,Patricia King,82643 Brook Avenue Ste. 438 Lake Andrew PA 02020
6337,helen.lopez@aol.com,Helen Lopez,85401 Davis Terrace Lake William AR 15114
6338,matthew.scott@hotmail.com,Matthew Scott,47407 Ridge Court Ste. 140 West Sarah OR 13853-1214
6339,john.allen@taylor.com,John Allen,94078 Ridge Pass Suite 511 East Betty NM 24437
6340,michael.smith@garcia.biz,Michael Smith,33853 Ridge Plaza Fort Larry NV 12514-5403
6341,sarah.allen@aol.com,Sarah Allen,33560 Cedar Crossing Ste. 165 Port William UT 19295
6342,mark.torres@outlook.com,Mark Torres,45749 Valley Bypass Apt. 484 North Joseph UT 31499
6343,linda.lopez@yahoo.com,Linda Lopez,43826 Highland Plaza South Daniel VA 54361
6344,jason.miller@hotmail.com,Jason Miller,84766 River Plaza Fort Jason KS 98664
6345,brian.jones@king.net,Brian Jones,45951 Craig Square Paulstad NY 56836
6346,brian.davis@aol.com,Brian Davis,61125 Lake Court Lake Paul PA 20364-7693
6347,ryan.scott@wilson.com,Ryan Scott,64772 Valley Road Suite 273 Port Betty WV 81113
6348,steven.clark@icloud.com,Steven Clark,20307 Jefferson Ford Bettystad SD 16322
6349,laura.davis@icloud.com,Laura Davis,37692 Miller Shore Apt. 807 Markside MT 91943
6350,rebecca.nguyen@davis.biz,Rebecca Nguyen,99057 Hill Bypass Unit 635 Port Daniel IN 76075-2590
6351,john.garcia@outlook.com,John Garcia,8890 Miller Lane Benjaminton CA 02771-4028
6352,betty.jones@yahoo.com,Betty Jones,90268 Craig Run Fort David AK 64868
6353,ryan.mitchell@harris.net,Ryan Mitchell,93113 Lake Avenue Suite 287 Port Daniel IN 81284
6354,edward.clark@lee.net,Edward Clark,51963 Carter Circle Unit 416 Annaburgh NJ 61567
6355,ronald.scott@yahoo.com,Ronald Scott,81737 Pine Street Apt. 708 Edwardbury WA 26084
6356,linda.lewis@outlook.com,Linda Lewis,63078 Madison Street Unit 787 North Sarah KY 98147-5336
6357,william.allen@outlook.com,William Allen,31334 Craig Shore South Thomas VT 42592
6358,carol.torres@gmail.com,Carol Torres,56744 Cedar Square Unit 266 Thomasstad LA 62380
6359,anna.robinson@nguyen.com,Anna Robinson,31793 Ridge Path Suite 53 Lake Andrew KY 86812
6360,betty.carter@icloud.com,Betty Carter,73387 Park Run Suite 316 East Larry ND 82422
6361,joshua.torres@hotmail.com,Joshua Torres,22907 Craig Road Kristenfort ME 56890
6362,donald.perez@yahoo.com,Donald Perez,54881 Forest Run Stevenbury SD 68059
6363,timothy.allen@wright.biz,Timothy Allen,85742 Lake Loop Ste. 393 East Ronald NH 15700
6364,daniel.kirby@young.net,Daniel Kirby,40859 Franklin Drive Lisaton OK 02945
6365,steven.torres@yahoo.com,Steven Torres,31331 Park Loop Suite 76 Larrystad VA 28387
6366,edward.carter@icloud.com,Edward Carter,66375 Oak Road Lindaton IN 05707
6367,deborah.white@hotmail.com,Deborah White,85707 Meadow Pass Unit 723 Maryfort WY 84580
6368,sarah.hill@outlook.com,Sarah Hill,53112 Highland Drive Josephchester OH 15366
6369,anna.mitchell@miller.com,Anna Mitchell,62584 Carter Run New David KY 91875
6370,emily.perez@yahoo.com,Emily Perez,17316 Lincoln Run Sarahshire HI 19542-9277
6371,matthew.scott@walker.info,Matthew Scott,45818 Elm Drive Apt. 691 South Joseph OR 62909
6372,david.scott@hall.org,David Scott,8263 Park Avenue Suite 553 Port Joshua WA 33379
6373,daniel.lee@harris.info,Daniel Lee,55833 Forest Trail Ste. 603 Fort Jason AK 44878
6374,jennifer.jones@wilson.com,Jennifer Jones,58244 Hill Drive Ste. 942 Lake Sarah OK 28810-2112
6375,timothy.campbell@hotmail.com,Timothy Campbell,37025 Ridge Way Apt. 54 Maryberg HI 01269
6376,deborah.campbell@outlook.com,Deborah Campbell,13958 Adams Ford Suite 897 East Daniel NM 66051
6377,donna.williams@outlook.com,Donna Williams,33317 Brook Ford Joshuaport FL 15640
6378,donna.davis@outlook.com,Donna Davis,46348 Miller Plaza Larryland SD 99176
6379,sandra.clark@yahoo.com,Sandra Clark,82696 Cook Lane Georgefurt OK 38950
6380,stephanie.lee@nelson.net,Stephanie Lee,10648 Shore Shore Susanmouth WY 16141
6381,donna.thomas@kirby.com,Donna Thomas,58438 Maple Square East Michael MD 71282
6382,jason.perez@brown.info,Jason Perez,23648 Franklin Loop Suite 359 Ronaldborough NE 64973
6383,patricia.torres@carter.net,Patricia Torres,23905 Lincoln Square Annabury CA 86395
6384,sarah.mitchell@torres.info,Sarah Mitchell,8750 Fox Pass Lake Joseph KS 34230
6385,rebecca.lopez@green.info,Rebecca Lopez,94369 Lake Circle West Ronald IL 25466
6386,anna.lee@yahoo.com,Anna Lee,64494 Lincoln Square Suite 269 Kevinbury MT 84812-4202
6387,george.lopez@yahoo.com,George Lopez,73855 Craig Path Ste. 184 New Betty CO 18931
6388,richard.walker@davis.net,Richard Walker,6066 Meadow Way Apt. 217 Ronaldton NE 51395
6389,matthew.sanchez@kirby.org,Matthew Sanchez,98032 Valley Road Unit 250 Lake Kristen FL 56578
6390,daniel.anderson@rivera.org,Daniel Anderson,44067 Davis Court Unit 592 Danielville CA 06858
6391,jason.lopez@gmail.com,Jason Lopez,69603 Johnson Run Lisaton KY 09682
6392,ashley.sanchez@outlook.com,Ashley Sanchez,26450 Valley Circle New Joshua AK 16467
6393,daniel.rivera@gmail.com,Daniel Rivera,44930 Spring Lane Ronaldchester VA 79297
6394,william.sanchez@hotmail.com,William Sanchez,154 Lake Trail Williamtown CO 78654
6395,joshua.thomas@martin.com,Joshua Thomas,65902 Washington Bypass Apt. 515 Benjaminburgh TX 05239
6396,kimberly.garcia@icloud.com,Kimberly Garcia,42431 Sunset Court Lindafort TX 64308
6397,betty.jackson@adams.org,Betty Jackson,83801 Spring Way East Brian MA 93468-3366
6398,edward.moore@ramirez.info,Edward Moore,67266 Elm Pass Jamesmouth FL 53112
6399,patricia.williams@aol.com,Patricia Williams,63553 Spring Trail Sarahbury NC 41226-6153
6400,emily.lewis@jackson.com,Emily Lewis,49773 Park Ford Suite 690 Williamstad ID 33384-2136
6401,kimberly.wilson@carter.info,Kimberly Wilson,19160 Brook Ford Joshuashire MT 26758
6402,amy.jones@aol.com,Amy Jones,467 Park Drive Ste. 249 Georgeview IA 58084
6403,margaret.nguyen@outlook.com,Margaret Nguyen,72348 Johnson Ford Ste. 749 South Lisa VA 70599-3485
6404,nicholas.williams@jackson.net,Nicholas Williams,20285 River Drive Unit 254 Lake Andrew OR 08747-2172
6405,paul.johnson@davis.net,Paul Johnson,82660 Oak Terrace Apt. 329 Lisaville HI 90598
6406,ryan.jackson@icloud.com,Ryan Jackson,74812 Johnson Path Unit 633 Port Andrew TX 52841
6407,gary.perez@yahoo.com,Gary Perez,8936 Craig Loop Lake Michael KY 69409
6408,sarah.king@aol.com,Sarah King,29228 Park Run Suite 403 Jasonport VT 15026
6409,mary.hill@hotmail.com,Mary Hill,42825 Park Pass Suite 178 East Jason NM 35957-2284
6410,melissa.allen@garcia.org,Melissa Allen,28683 Forest Shore Ronaldshire OH 46907-7502
6411,gary.young@aol.com,Gary Young,48018 Hill Court Fort James NY 18200
6412,donald.ramirez@outlook.com,Donald Ramirez,30592 Valley Terrace New Lisa AR 51689-6022
6413,david.hall@outlook.com,David Hall,79398 Davis Crossing Apt. 352 Danielview GA 18322
6414,amy.walker@hotmail.com,Amy Walker,67310 Pine Loop Unit 331 Davidland VA 59190-3522
6415,larry.smith@nelson.biz,Larry Smith,78618 Highland Path Suite 512 Danielbury CA 69246
6416,karen.allen@icloud.com,Karen Allen,90345 Hill Avenue Marychester MT 19761
6417,matthew.torres@hotmail.com,Matthew Torres,40662 Sunset Court Sarahton SC 87709
6418,paul.nguyen@aol.com,Paul Nguyen,12580 Pine Avenue New Anna OK 05206
6419,richard.nelson@icloud.com,Richard Nelson,5439 Valley Avenue Apt. 349 North James ME 36241-9797
6420,joshua.kirby@gmail.com,Joshua Kirby,59104 Johnson Lane Unit 880 East Edward TN 97777
6421,steven.clark@anderson.biz,Steven Clark,8710 Elm Pass Apt. 786 Sarahborough DE 76891
6422,edward.hall@flores.biz,Edward Hall,99954 Johnson Shore Lake Betty MN 80597-9159
6423,kimberly.robinson@outlook.com,Kimberly Robinson,13863 Franklin Run Williamhaven ND 59438
6424,gary.perez@icloud.com,Gary Perez,15624 Pine Square Ste. 406 Fort Steven KY 76107
6425,donna.ramirez@williams.info,Donna Ramirez,94544 Elm Pass Benjaminside VT 58445
6426,stephanie.green@gmail.com,Stephanie Green,77444 Oak Street Kevinchester NY 30581
6427,charles.perez@gmail.com,Charles Perez,77304 Cedar Road Apt. 746 Fort Michael NE 65250
6428,anthony.martin@jackson.com,Anthony Martin,8128 Shore Way Unit 353 Kristenbury AZ 65851-9412
6429,james.jackson@yahoo.com,James Jackson,9486 Fox Lane Kristenville MT 63032-6019
6430,barbara.white@hill.com,Barbara White,42712 Sunset Square Apt. 303 Lake Lisa OK 76788
6431,edward.allen@nelson.com,Edward Allen,43899 Lake Court Unit 451 Kristenside CA 89624
6432,jason.ramirez@hotmail.com,Jason Ramirez,26618 Washington Circle Marktown WY 60147
6433,ryan.kirby@yahoo.com,Ryan Kirby,86822 Lake Shore Lake Nancy WA 22206
6434,nancy.johnson@hotmail.com,Nancy Johnson,81574 Cedar Court Apt. 366 North Thomas AL 44722
6435,nicholas.adams@aol.com,Nicholas Adams,41292 Lake Drive Fort Kevin NH 42448-3998
6436,thomas.perez@carter.net,Thomas Perez,19550 Ridge Drive Lisaview UT 36096
6437,william.lopez@hotmail.com,William Lopez,49038 Spring Run Kristentown NM 09116
6438,william.nguyen@icloud.com,William Nguyen,36281 Craig Circle Suite 385 North Joshua CO 84442
6439,nancy.baker@aol.com,Nancy Baker,24919 Oak Road Port Linda VT 50037-9776
6440,jennifer.garcia@aol.com,Jennifer Garcia,35739 Oak Pass Ste. 256 Markton ME 75956
6441,donald.wright@martinez.org,Donald Wright,28858 Sunset Way Port Benjamin WV 56738
6442,nicholas.lopez@yahoo.com,Nicholas Lopez,47464 Washington Way Susanport GA 89166-7323
6443,timothy.gonzalez@flores.com,Timothy Gonzalez,37550 Franklin Circle Ste. 294 Georgechester IA 69853
6444,lisa.lewis@aol.com,Lisa Lewis,59207 Highland Trail Apt. 91 Lindastad NY 89416
6445,joseph.wright@outlook.com,Joseph Wright,81035 Walnut Pass Apt. 291 West Betty OH 95125-1892
6446,deborah.miller@outlook.com,Deborah Miller,70287 Forest Road Apt. 334 East Kevin AL 57587
6447,melissa.nelson@yahoo.com,Melissa Nelson,87933 Lake Crossing Port Kevin NY 50453
6448,sarah.scott@aol.com,Sarah Scott,52195 Madison Loop Nancyfort UT 85455
6449,timothy.carter@young.net,Timothy Carter,20544 Adams Way Ste. 879 New Steven FL 36812
6450,michael.jackson@gmail.com,Michael Jackson,21541 Valley Path Williamview NV 40641
6451,patricia.walker@aol.com,Patricia Walker,7631 Cook Street East Jason OK 64461
6452,paul.wilson@davis.net,Paul Wilson,55969 Johnson Bypass Ste. 642 Maryville FL 67982
6453,kevin.williams@campbell.com,Kevin Williams,16112 Adams Pass Davidside VT 68136
6454,richard.hall@yahoo.com,Richard Hall,24395 River Lane Kristenchester AR 58948
6455,betty.rivera@hotmail.com,Betty Rivera,63393 Adams Bypass Ste. 274 Fort Mark NH 07764
6456,amy.anderson@aol.com,Amy Anderson,50535 Highland Crossing Port Andrew CT 72265-5378
6457,betty.white@garcia.com,Betty White,11451 Lincoln Crossing Lake Joseph NE 53017
6458,william.kirby@outlook.com,William Kirby,59402 Walnut Path North Karen NM 98597
6459,margaret.allen@martin.org,Margaret Allen,20722 Miller Pass Lake Steven MA 11204
6460,george.lewis@cain.net,George Lewis,8439 Adams Loop Ste. 301 Nancyton IA 49418
6461,melissa.clark@hotmail.com,Melissa Clark,54695 Jefferson Ford Ste. 217 East Andrew ID 48098
6462,andrew.harris@jones.biz,Andrew Harris,16335 Johnson Drive Apt. 53 Kevinton WA 23778-7564
6463,paul.johnson@outlook.com,Paul Johnson,79171 Elm Avenue Ste. 813 South Kevin NY 29152
6464,melissa.walker@taylor.net,Melissa Walker,99240 Cook Avenue Apt. 159 Lake Kristen VT 35861
6465,john.anderson@smith.biz,John Anderson,9504 Pine Drive Sarahmouth LA 83194
6466,james.ramirez@yahoo.com,James Ramirez,87151 Highland Plaza Unit 116 Annafurt FL 09308
6467,timothy.jones@adams.com,Timothy Jones,35350 Cook Crossing East Thomas UT 53038-9049
6468,daniel.scott@hotmail.com,Daniel Scott,67340 Davis Plaza Apt. 978 Lake Ronald SC 65966
6469,donald.flores@torres.biz,Donald Flores,57217 Washington Lane Thomasview MD 23532
6470,betty.adams@flores.com,Betty Adams,20403 Adams Trail Ste. 997 Port Edward NM 62144
6471,mark.garcia@mitchell.net,Mark Garcia,18671 Carter Drive Williamton NH 91877
6472,linda.moore@hotmail.com,Linda Moore,53711 Davis Shore Fort Kristen ID 09939-5249
6473,timothy.thompson@cain.net,Timothy Thompson,85216 Adams Loop North Paul NH 80518
6474,jennifer.king@hotmail.com,Jennifer King,87381 Johnson Plaza Suite 459 Port Daniel OK 26837
6475,sandra.clark@nelson.info,Sandra Clark,75054 Franklin Square Sarahmouth WY 68731
6476,amanda.smith@hotmail.com,Amanda Smith,29129 Cook Shore Apt. 65 Fort Andrew AL 36314-3342
6477,david.davis@icloud.com,David Davis,57232 Franklin Circle Ste. 259 Port Karen MO 22017
6478,kimberly.mitchell@sanchez.com,Kimberly Mitchell,67727 Craig Shore Suite 198 Kevintown MS 70631
6479,paul.smith@outlook.com,Paul Smith,58369 Johnson Terrace Maryville GA 78115
6480,nancy.lee@outlook.com,Nancy Lee,34785 Spring Run Andrewview DE 93646-4353
6481,emily.perez@yahoo.com,Emily Perez,37676 Oak Plaza Suite 412 Paulside MA 48125
6482,mary.young@johnson.info,Mary Young,91790 Shore Path Apt. 774 Sarahland NV 04626
6483,deborah.johnson@yahoo.com,Deborah Johnson,46467 Spring Terrace Lake Joseph MA 66759-1428
6484,nicholas.scott@gmail.com,Nicholas Scott,69074 Cook Ford Susanland IL 96563-7634
6485,anthony.perez@ramirez.com,Anthony Perez,41701 Oak Bypass Apt. 532 Port Anna VT 79274
6486,timothy.nelson@gmail.com,Timothy Nelson,16448 Park Trail Georgeport SC 21532-9729
6487,elizabeth.miller@hotmail.com,Elizabeth Miller,60608 Pine Terrace West Linda CO 45224
6488,david.young@moore.biz,David Young,76101 Ridge Path Williamview SD 80779
6489,joseph.garcia@yahoo.com,Joseph Garcia,68562 Franklin Loop Suite 650 Annaport IA 75045
6490,donna.walker@miller.info,Donna Walker,88724 Cedar Avenue Ronaldfurt LA 21712-9564
6491,rebecca.martinez@outlook.com,Rebecca Martinez,13897 Elm Circle South Steven NM 27455-1820
6492,larry.torres@yahoo.com,Larry Torres,81207 Pine Drive New Steven LA 07916
6493,barbara.jones@outlook.com,Barbara Jones,65235 Sunset Shore Suite 416 Port William SC 95249
6494,james.martin@hotmail.com,James Martin,27855 Cook Square Georgebury KY 52274-5777
6495,karen.carter@icloud.com,Karen Carter,90408 Sunset Circle Suite 623 Port William VA 51923
6496,jessica.wilson@hotmail.com,Jessica Wilson,15867 Lake Circle Ste. 187 Port Mary LA 43828
6497,anthony.davis@clark.com,Anthony Davis,48667 Spring Plaza Paulside NJ 93144
6498,laura.allen@walker.info,Laura Allen,51962 Highland Ford Markview MA 41145
6499,ronald.campbell@scott.com,Ronald Campbell,83557 Forest Court Unit 756 Sarahview MD 22808
6500,timothy.torres@outlook.com,Timothy Torres,31529 Lincoln Loop Danielview CA 01844
6501,george.martin@king.com,George Martin,62176 Cook Circle Fort Steven DE 28777-8561
6502,linda.young@gmail.com,Linda Young,20038 Craig Square Ste. 300 New Jason WI 18000
6503,ashley.nelson@sanchez.biz,Ashley Nelson,47374 Carter Loop Suite 355 Nancyfurt KY 33018
6504,timothy.hill@king.biz,Timothy Hill,89240 Pine Square Ste. 482 New Michael MD 56242
6505,brian.baker@gmail.com,Brian Baker,64806 Carter Lane Paulfort AR 25557
6506,david.baker@yahoo.com,David Baker,74358 Cook Run Lisafort WI 88786
6507,karen.wilson@hotmail.com,Karen Wilson,58639 Brook Path Unit 912 Andrewborough CA 05826
6508,andrew.hall@aol.com,Andrew Hall,40788 Franklin Ford Unit 896 Josephchester CA 70536
6509,michelle.allen@nelson.org,Michelle Allen,46054 Fox Pass Unit 233 Georgechester TN 87542-2663
6510,andrew.williams@icloud.com,Andrew Williams,93687 Spring Plaza Larryview WY 47326-9680
6511,laura.robinson@gmail.com,Laura Robinson,42151 Johnson Drive Ste. 768 West Kristen OH 98376
6512,susan.cain@hotmail.com,Susan Cain,35474 Cedar Shore Suite 423 Bettyhaven GA 11084
6513,stephanie.rivera@yahoo.com,Stephanie Rivera,25895 Elm Way Unit 995 North Mary GA 80322-3612
6514,brian.hill@icloud.com,Brian Hill,40304 Craig Circle Apt. 240 Davidside MD 59884
6515,kevin.mitchell@flores.org,Kevin Mitchell,14109 Miller Road Ste. 111 Edwardside ND 49617-3275
6516,william.mitchell@brown.biz,William Mitchell,45684 Elm Lane Unit 276 Jasonfort NH 71966
6517,sandra.cain@hotmail.com,Sandra Cain,50610 Carter Court Suite 694 North Mary MA 50765
6518,susan.johnson@kirby.biz,Susan Johnson,20177 Washington Lane West Ronald MI 03011
6519,elizabeth.carter@moore.biz,Elizabeth Carter,55098 Pine Street Ste. 223 Lake Daniel NC 69758-2424
6520,charles.perez@carter.info,Charles Perez,37632 Davis Drive Ste. 542 Lindatown MO 63819
6521,anthony.wilson@hotmail.com,Anthony Wilson,65576 Miller Run West Kevin WI 11826
6522,gary.perez@thompson.com,Gary Perez,8270 Jefferson Plaza Suite 857 Fort Edward CT 28853-4559
6523,amy.torres@yahoo.com,Amy Torres,53879 Pine Run Kevinside UT 87588
6524,brian.nguyen@wilson.net,Brian Nguyen,58020 Valley Ford Unit 478 Kevinbury MD 90645
6525,jennifer.taylor@walker.org,Jennifer Taylor,42628 Fox Street Joshuaburgh UT 44658
6526,timothy.hill@johnson.biz,Timothy Hill,48800 Davis Bypass West Susan LA 34071
6527,donald.king@aol.com,Donald King,75116 Madison Court Kevinhaven HI 11933
6528,amanda.kirby@icloud.com,Amanda Kirby,96358 Carter Court Joshuashire HI 06797
6529,rebecca.jackson@rivera.biz,Rebecca Jackson,89684 Elm Drive Jasonborough CT 80421-9038
6530,donald.jones@icloud.com,Donald Jones,62336 Walnut Shore Stevenhaven ID 50611-3948
6531,jessica.williams@williams.com,Jessica Williams,37237 Cook Bypass Ste. 105 Port Karen CA 17808
6532,melissa.mitchell@thomas.net,Melissa Mitchell,68213 Meadow Shore Port Karen OK 63920
6533,steven.lopez@robinson.biz,Steven Lopez,50012 Forest Street Apt. 962 Davidmouth MS 19873
6534,jeffrey.moore@carter.org,Jeffrey Moore,99757 Brook Plaza Ste. 231 Edwardbury NJ 84172
6535,james.thompson@mitchell.biz,James Thompson,84283 Johnson Lane Port Benjamin OH 75837
6536,deborah.williams@kirby.biz,Deborah Williams,24955 Hill Run Unit 321 Ronaldland HI 44650
6537,nicholas.wright@walker.net,Nicholas Wright,97529 Lake Avenue Unit 817 Port Edward WY 41814-7955
6538,deborah.jones@white.biz,Deborah Jones,86059 Adams Plaza Kevinfurt NM 36994-2926
6539,edward.moore@taylor.com,Edward Moore,19242 Davis Court Unit 496 East Mark NV 13740-8211
6540,jennifer.rivera@outlook.com,Jennifer Rivera,5815 Sunset Square Port Joshua GA 93828
6541,amy.garcia@mitchell.org,Amy Garcia,9604 Brook Terrace Ste. 203 Jasonview OK 94611-8144
6542,james.carter@davis.net,James Carter,60452 Meadow Circle Apt. 212 South Joshua WI 33295-6015
6543,ryan.sanchez@white.info,Ryan Sanchez,65267 Sunset Crossing Markfurt AL 88196
6544,sarah.hall@young.org,Sarah Hall,73690 Valley Street Ste. 609 Lisaburgh IN 18222-2053
6545,david.moore@hotmail.com,David Moore,25657 Hill Run Lake Mary NE 15137
6546,richard.allen@perez.net,Richard Allen,42261 Meadow Lane Apt. 779 North Edward VT 54634
6547,matthew.smith@outlook.com,Matthew Smith,86074 Washington Square Apt. 236 Port Lisa AZ 72868
6548,william.baker@yahoo.com,William Baker,84061 Carter Street Fort Michael NV 52112-1629
6549,gary.lopez@icloud.com,Gary Lopez,49807 Oak Run Ste. 627 Lake Brian MN 07413-8797
6550,donna.sanchez@sanchez.com,Donna Sanchez,47962 Johnson Square Thomasburgh SD 50272
6551,linda.scott@aol.com,Linda Scott,86853 Maple Run West Benjamin NC 59934
6552,sandra.flores@aol.com,Sandra Flores,20267 Elm Terrace Unit 524 Lisafurt HI 23471
6553,richard.thomas@gmail.com,Richard Thomas,36025 Elm Bypass West Paul NY 59292
6554,nicholas.white@aol.com,Nicholas White,30287 Valley Pass Annabury AK 96153
6555,steven.smith@hotmail.com,Steven Smith,1201 Highland Terrace Port George OR 42846
6556,steven.lee@martin.com,Steven Lee,49822 Franklin Circle Suite 336 Davidbury AL 99746
6557,james.hill@outlook.com,James Hill,79666 Adams Terrace South Jason ND 73413
6558,timothy.allen@taylor.net,Timothy Allen,1738 Meadow Way Edwardshire KY 94210
6559,linda.green@gmail.com,Linda Green,64777 Lincoln Bypass Ste. 422 Annatown MS 75644
6560,william.williams@sanchez.org,William Williams,26414 Shore Lane Jasontown MO 35441-4776
6561,linda.lewis@ramirez.org,Linda Lewis,8772 Jefferson Avenue Unit 337 West Thomas ND 78637
6562,carol.perez@gmail.com,Carol Perez,70541 Shore Lane Ste. 444 Karenmouth CA 59436-1852
6563,john.king@scott.org,John King,60620 Ridge Crossing West Nancy TN 04144
6564,jeffrey.flores@outlook.com,Jeffrey Flores,5008 Hill Shore Port Lisa TX 93752
6565,amy.taylor@carter.biz,Amy Taylor,87304 Carter Terrace New Thomas DE 74412
6566,anthony.young@outlook.com,Anthony Young,23105 Oak Trail Ste. 527 Williamborough ND 13338-1314
6567,andrew.baker@outlook.com,Andrew Baker,98739 Forest Avenue Lake Paul WA 56478
6568,donald.wright@lopez.biz,Donald Wright,98004 Lincoln Trail Paulton SD 95001-8849
6569,barbara.thomas@outlook.com,Barbara Thomas,8910 Miller Path Sarahborough WA 27745
6570,gary.taylor@hotmail.com,Gary Taylor,25751 Maple Terrace Apt. 373 Nancyton TN 18247
6571,emily.wright@gmail.com,Emily Wright,55044 Hill Loop Ste. 467 Georgeside WV 88884
6572,anthony.harris@thomas.net,Anthony Harris,817 Oak Bypass Apt. 725 East Kristen TX 64761
6573,ryan.johnson@young.com,Ryan Johnson,91106 Carter Shore Edwardfurt MI 28207
6574,donna.scott@martin.net,Donna Scott,80088 Shore Terrace Unit 318 New Susan LA 92519
6575,donna.walker@clark.biz,Donna Walker,79880 Davis Run Kristenberg GA 96243-9614
6576,sarah.wright@hotmail.com,Sarah Wright,2029 Fox Shore Unit 715 Joshuahaven RI 28150
6577,jessica.williams@aol.com,Jessica Williams,27615 Park Ford Markland NV 43399
6578,daniel.davis@outlook.com,Daniel Davis,22641 Highland Court Fort Edward CA 42527
6579,betty.baker@torres.biz,Betty Baker,30315 Carter Ford Ste. 144 Josephburgh NJ 67092
6580,david.nguyen@nelson.net,David Nguyen,35406 Madison Loop Andrewshire NJ 52179
6581,nicholas.anderson@lee.info,Nicholas Anderson,23987 Brook Ford Unit 797 Benjaminmouth MN 89349-3075
6582,ashley.cain@icloud.com,Ashley Cain,4673 Craig Avenue Apt. 939 South Michael OK 38368
6583,timothy.adams@hotmail.com,Timothy Adams,39655 Davis Pass Jasonside NV 68234
6584,daniel.thompson@carter.org,Daniel Thompson,90341 Lake Square Suite 307 Jamesshire GA 37083
6585,timothy.thompson@gmail.com,Timothy Thompson,29958 Jefferson Loop Unit 929 Brianland CT 86349
6586,andrew.thompson@yahoo.com,Andrew Thompson,64397 Park Circle North Brian MI 70770
6587,george.lopez@icloud.com,George Lopez,84720 Meadow Lane Unit 468 Kevinborough NM 52523
6588,joseph.martinez@carter.org,Joseph Martinez,37011 Oak Bypass Unit 199 New Linda WA 36537
6589,anna.wilson@davis.net,Anna Wilson,64606 Johnson Loop Suite 766 New David MT 74105
6590,michael.wright@harris.net,Michael Wright,62421 Lincoln Loop Apt. 581 Sarahchester MI 38408-9872
6591,susan.scott@outlook.com,Susan Scott,98250 Park Shore East Daniel MS 88544
6592,michael.thompson@yahoo.com,Michael Thompson,77556 Madison Lane Ste. 188 Sarahshire CT 91180-2714
6593,rebecca.martinez@anderson.biz,Rebecca Martinez,41815 Elm Street Apt. 453 Fort Thomas ID 83442
6594,larry.martinez@hotmail.com,Larry Martinez,40160 Lake Drive Stevenstad UT 59235
6595,jessica.gonzalez@gmail.com,Jessica Gonzalez,16541 Carter Loop East Joshua WA 03791
6596,linda.davis@gmail.com,Linda Davis,47562 Meadow Terrace Apt. 55 West Andrew KY 22148-8139
6597,barbara.robinson@aol.com,Barbara Robinson,76800 Shore Court Lake Susan OH 71340
6598,james.nguyen@jones.net,James Nguyen,18513 Maple Run Unit 894 North Anna CA 12620
6599,michael.gonzalez@green.info,Michael Gonzalez,51351 Fox Drive Annaland CT 65852-8838
6600,patricia.allen@outlook.com,Patricia Allen,27450 Maple Drive East Anna WY 76001-3379
6601,melissa.allen@carter.net,Melissa Allen,63163 Pine Square Suite 390 Danielburgh LA 70776
6602,laura.hill@johnson.org,Laura Hill,92364 Walnut Lane Suite 31 Paulland WY 89359
6603,matthew.young@gmail.com,Matthew Young,3281 Franklin Avenue West Thomas WI 78484-5125
6604,joshua.white@outlook.com,Joshua White,43715 Fox Loop Georgeside SC 01856-2891
6605,kimberly.sanchez@aol.com,Kimberly Sanchez,8216 Elm Way Ste. 444 New George OK 48996
6606,linda.taylor@hotmail.com,Linda Taylor,44223 Sunset Square Paulton SC 05750-9309
6607,nancy.harris@hotmail.com,Nancy Harris,12481 Washington Pass Danielside NY 43480
6608,stephanie.perez@gmail.com,Stephanie Perez,37126 Walnut Shore North David RI 78693
6609,laura.miller@outlook.com,Laura Miller,87287 Franklin Lane Fort Lisa MA 47463
6610,donald.sanchez@aol.com,Donald Sanchez,62146 Elm Crossing Suite 157 Karenton NC 17574-5582
6611,joshua.thompson@king.net,Joshua Thompson,52984 Adams Plaza Georgeview IA 13177
6612,ashley.walker@flores.biz,Ashley Walker,62085 Park Road Port Joshua AK 75614
6613,anthony.smith@icloud.com,Anthony Smith,2281 Meadow Terrace Fort Mark TN 90194-4013
6614,nancy.jones@hotmail.com,Nancy Jones,28599 Cook Run Unit 553 Karenton WY 18353
6615,nicholas.brown@taylor.net,Nicholas Brown,95225 Cedar Ford Brianside PA 26897
6616,amy.davis@hotmail.com,Amy Davis,4304 Jefferson Shore Georgeland NH 27900
6617,jeffrey.martinez@aol.com,Jeffrey Martinez,94969 Craig Square Ste. 957 South Lisa OK 49334
6618,carol.baker@harris.info,Carol Baker,48337 Jefferson Square Apt. 61 Port Mary WY 50791
6619,karen.allen@gmail.com,Karen Allen,84232 Lincoln Loop Thomasport MN 73291
6620,sarah.johnson@perez.net,Sarah Johnson,10898 Franklin Road Annabury KS 98550-9302
6621,lisa.young@hill.info,Lisa Young,64735 Johnson Ford Apt. 359 Jasonburgh OR 78073
6622,emily.smith@outlook.com,Emily Smith,79676 Valley Circle Bettytown MD 85073
6623,sarah.martin@allen.info,Sarah Martin,28722 Shore Terrace Unit 885 Davidshire KS 39243
6624,elizabeth.carter@icloud.com,Elizabeth Carter,13998 Washington Trail East Karen NE 29589-4897
6625,elizabeth.young@aol.com,Elizabeth Young,82601 Miller Road Unit 126 South Kevin NH 10659
6626,sarah.thompson@hotmail.com,Sarah Thompson,72243 Brook Lane Danielstad IL 28640-2809
6627,mark.thomas@aol.com,Mark Thomas,52451 Maple Ford Ste. 891 Fort Michael VA 25910
6628,joshua.king@aol.com,Joshua King,70099 Cook Path Unit 50 South Joshua IA 13693
6629,joshua.scott@green.biz,Joshua Scott,62385 Craig Court Suite 338 Maryhaven NC 67006
6630,edward.wilson@icloud.com,Edward Wilson,14296 Highland Shore Port Edward MO 67867
6631,george.rivera@icloud.com,George Rivera,94982 Carter Circle Annabury PA 23302
6632,amy.jones@gmail.com,Amy Jones,91395 Highland Ford Lake Brian KS 46304-8378
6633,kimberly.clark@hotmail.com,Kimberly Clark,70282 Jefferson Crossing Apt. 784 Susanbury PA 46191
6634,barbara.martin@young.biz,Barbara Martin,81474 Cook Plaza Apt. 327 Lake Betty NM 88075
6635,andrew.adams@walker.info,Andrew Adams,78861 Johnson Ford Apt. 826 North Karen MI 87904
6636,mary.davis@hall.info,Mary Davis,4540 Lake Court Unit 664 Edwardfort NM 76139
6637,paul.martin@yahoo.com,Paul Martin,68820 Brook Loop West Karen OR 11252
6638,emily.harris@icloud.com,Emily Harris,2104 Pine Terrace Lisaborough CT 01406
6639,brian.brown@hotmail.com,Brian Brown,88349 River Terrace New Linda CA 64615
6640,ashley.scott@aol.com,Ashley Scott,13364 Davis Terrace West Michael MT 20801
6641,kevin.walker@flores.biz,Kevin Walker,13483 Johnson Pass Ste. 319 Kristenton NH 18056-3739
6642,amanda.mitchell@aol.com,Amanda Mitchell,93217 Valley Crossing East Nancy MA 86664
6643,john.miller@outlook.com,John Miller,69708 Ridge Terrace Unit 541 New Michael WI 81783
6644,jeffrey.mitchell@kirby.biz,Jeffrey Mitchell,38204 Lake Street Apt. 74 Port Sarah RI 58695
6645,nicholas.robinson@yahoo.com,Nicholas Robinson,4387 Fox Way Ste. 510 Bettystad MD 34451
6646,ryan.williams@green.info,Ryan Williams,4873 Walnut Ford Ste. 229 Jamesville CT 44578
6647,thomas.gonzalez@cain.net,Thomas Gonzalez,30351 Maple Drive Ste. 901 East Daniel LA 77516
6648,jeffrey.gonzalez@hotmail.com,Jeffrey Gonzalez,92295 Elm Trail Unit 20 North Jason UT 74333
6649,donald.jackson@aol.com,Donald Jackson,7325 Elm Path Ste. 433 Port Larry OK 94287
6650,timothy.martin@aol.com,Timothy Martin,82348 Madison Avenue Suite 314 West Karen IL 02002
6651,jessica.green@yahoo.com,Jessica Green,68529 Highland Run Nancyshire NH 43027
6652,patricia.young@outlook.com,Patricia Young,14494 Lincoln Shore Lake Karen TN 35495-7630
6653,laura.kirby@yahoo.com,Laura Kirby,24175 Ridge Loop Marktown ME 71313
6654,donna.walker@gmail.com,Donna Walker,1061 Highland Path Marychester NJ 60347-8181
6655,helen.wright@gonzalez.org,Helen Wright,11207 Park Crossing Apt. 300 South Benjamin NH 14564-3570
6656,daniel.rivera@miller.biz,Daniel Rivera,51268 Meadow Crossing Jamesberg MD 10485
6657,melissa.carter@campbell.net,Melissa Carter,46422 Cook Court Davidbury OH 36814
6658,jeffrey.campbell@miller.info,Jeffrey Campbell,13600 Spring Bypass Unit 49 East Susan MN 33146
6659,amy.wilson@ramirez.biz,Amy Wilson,48241 Oak Drive Larryland KS 46811
6660,timothy.green@aol.com,Timothy Green,86500 Park Ford Lake Kristen DE 80533-5975
6661,sarah.gonzalez@thompson.biz,Sarah Gonzalez,14705 Forest Drive Ste. 920 Maryborough NV 90509
6662,nicholas.johnson@yahoo.com,Nicholas Johnson,28118 Davis Ford Unit 379 West George WV 30058
6663,thomas.wilson@hall.info,Thomas Wilson,49988 Maple Bypass Unit 367 Fort Paul UT 42967-3709
6664,brian.nguyen@hotmail.com,Brian Nguyen,87711 Craig Ford Suite 550 Lake Edward AK 48448-6497
6665,amy.wright@wilson.net,Amy Wright,70200 River Street Suite 701 Fort Ronald NY 78028
6666,amy.cain@outlook.com,Amy Cain,39055 Meadow Circle Ste. 647 Jamesbury HI 97797
6667,susan.smith@yahoo.com,Susan Smith,98948 Cook Circle Ste. 931 Thomaston GA 21188-5458
6668,george.miller@williams.info,George Miller,72651 Park Crossing Suite 862 Lake Andrew AK 87173-4781
6669,david.perez@williams.com,David Perez,10763 Spring Loop Suite 520 South Mary ME 57621-7699
6670,laura.taylor@gmail.com,Laura Taylor,4542 Cedar Pass Apt. 371 Michaelstad NM 32303
6671,deborah.wilson@gonzalez.info,Deborah Wilson,62449 Cook Crossing Suite 699 Bettychester NE 03494
6672,ryan.jackson@jackson.net,Ryan Jackson,73691 Jefferson Pass West Benjamin AZ 19802
6673,melissa.walker@aol.com,Melissa Walker,54317 Davis Pass Annaview LA 82165-6001
6674,jason.king@aol.com,Jason King,74603 Franklin Way Ste. 924 Jasonhaven IN 07508
6675,amanda.king@outlook.com,Amanda King,99305 Ridge Crossing East Paul WV 82045-4250
6676,james.wilson@outlook.com,James Wilson,99091 Oak Crossing Danielshire MT 97418
6677,michael.davis@davis.com,Michael Davis,43000 Adams Trail Apt. 634 South Kevin TX 81789
6678,anthony.sanchez@aol.com,Anthony Sanchez,63323 Brook Run Apt. 4 North William MA 92323
6679,thomas.thomas@outlook.com,Thomas Thomas,90500 Lincoln Loop Sarahburgh WA 53679
6680,melissa.white@hotmail.com,Melissa White,66992 Valley Circle Apt. 811 Benjaminfort NC 79642
6681,kimberly.williams@gmail.com,Kimberly Williams,87198 Brook Trail Apt. 221 Georgechester TN 51274
6682,margaret.carter@icloud.com,Margaret Carter,6333 Ridge Run Unit 93 Lake Sarah FL 84825
6683,kimberly.brown@gmail.com,Kimberly Brown,96530 Forest Path East Susan NH 11427
6684,emily.lewis@icloud.com,Emily Lewis,9377 Carter Way Apt. 125 West Joseph KY 65119
6685,jeffrey.torres@outlook.com,Jeffrey Torres,5392 Forest Shore Susanborough CA 42313
6686,michael.kirby@icloud.com,Michael Kirby,88641 Elm Path Port Joseph NV 27608
6687,anthony.anderson@icloud.com,Anthony Anderson,56495 Cook Terrace Lake Thomas UT 53069
6688,ashley.brown@gmail.com,Ashley Brown,14391 Cedar Pass Ste. 545 Paulburgh CT 63550
6689,susan.adams@baker.biz,Susan Adams,77859 Franklin Ford Unit 143 Lake Benjamin NM 86260-8306
6690,george.davis@icloud.com,George Davis,71665 Davis Street Apt. 807 Davidstad GA 86435
6691,emily.kirby@outlook.com,Emily Kirby,61512 Madison Bypass Stevenshire TX 28123-1610
6692,jessica.thomas@aol.com,Jessica Thomas,8665 Davis Road Benjaminport MT 95725
6693,gary.robinson@aol.com,Gary Robinson,64581 Oak Court Unit 485 East Betty OR 35710
6694,linda.johnson@icloud.com,Linda Johnson,79664 Highland Circle Markside WI 64376-8913
6695,susan.campbell@anderson.info,Susan Campbell,4235 Davis Road Unit 805 Thomastown MI 71202
6696,amy.green@gmail.com,Amy Green,83826 Oak Run Apt. 452 East Daniel AR 94430
6697,nancy.lopez@white.info,Nancy Lopez,45725 Oak Trail Georgestad OH 39105
6698,ronald.jones@ramirez.info,Ronald Jones,11781 Highland Avenue Apt. 801 East Ronald OR 66822
6699,ryan.williams@yahoo.com,Ryan Williams,5891 Lake Pass Unit 492 East Thomas ID 41989
6700,ashley.wilson@yahoo.com,Ashley Wilson,93876 Lake Run Suite 99 Port Lisa WY 48430-5902
6701,matthew.smith@wright.org,Matthew Smith,34736 Maple Avenue Port Thomas OK 07959
6702,john.lee@anderson.net,John Lee,35143 Spring Crossing Suite 315 East Joshua AL 95211
6703,charles.harris@aol.com,Charles Harris,43779 Lake Bypass New Anna NY 79847
6704,ryan.davis@outlook.com,Ryan Davis,5147 Ridge Pass Apt. 637 South James IN 85008
6705,nancy.ramirez@yahoo.com,Nancy Ramirez,77165 Madison Way Apt. 750 Georgeport VT 35125
6706,timothy.torres@aol.com,Timothy Torres,83296 Walnut Drive East Thomas PA 98726
6707,steven.hall@outlook.com,Steven Hall,81776 Craig Loop Apt. 672 Maryport SD 11969
6708,kevin.robinson@smith.info,Kevin Robinson,73624 Walnut Square Davidchester OK 80612
6709,jennifer.flores@hotmail.com,Jennifer Flores,39350 Shore Way Josephfort OR 61285
6710,nicholas.wilson@hill.info,Nicholas Wilson,73655 Franklin Ford Apt. 921 Susanfort HI 82386
6711,donald.baker@aol.com,Donald Baker,79839 Johnson Bypass Ste. 879 Stevenberg FL 62171
6712,jessica.kirby@thompson.org,Jessica Kirby,5333 Sunset Court South Susan FL 73574
6713,daniel.martin@hotmail.com,Daniel Martin,63350 Lake Loop East Joshua MT 69437
6714,ashley.jones@gmail.com,Ashley Jones,13244 Forest Loop South Betty SD 91634
6715,jason.davis@thompson.info,Jason Davis,90207 Brook Terrace Bettychester TX 85687-7447
6716,helen.gonzalez@aol.com,Helen Gonzalez,805 Oak Ford Suite 26 Sarahstad DE 23787
6717,melissa.smith@aol.com,Melissa Smith,11833 Oak Drive Suite 457 Josephshire TN 96552-8398
6718,thomas.white@davis.com,Thomas White,53268 Brook Trail Ste. 249 Susanland SD 12470
6719,laura.wilson@icloud.com,Laura Wilson,47834 Forest Trail New Steven NY 66563-6092
6720,anna.ramirez@yahoo.com,Anna Ramirez,77624 Carter Run Suite 503 Josephville MI 66770
6721,richard.williams@icloud.com,Richard Williams,5389 Walnut Drive Apt. 216 Larryborough IL 24801-2497
6722,elizabeth.nelson@icloud.com,Elizabeth Nelson,40981 Washington Path Suite 971 West William FL 68179-1886
6723,deborah.brown@walker.com,Deborah Brown,29244 Lincoln Court Ste. 499 Andrewchester HI 53111
6724,timothy.torres@cain.biz,Timothy Torres,20627 Shore Square Unit 270 East Mark CO 78558
6725,nicholas.young@icloud.com,Nicholas Young,36777 Maple Path Danielfurt TN 03271-7131
6726,kevin.jones@rivera.info,Kevin Jones,58791 Craig Crossing Unit 230 Paulstad NM 83286
6727,nicholas.miller@outlook.com,Nicholas Miller,88581 Spring Loop Lake David AL 47275
6728,amanda.jackson@nelson.com,Amanda Jackson,2246 Lake Court Unit 941 Nancyborough PA 49470-6569
6729,david.nelson@hotmail.com,David Nelson,18008 Oak Run Apt. 680 Lisashire IA 24082
6730,joshua.williams@outlook.com,Joshua Williams,72810 Cook Pass Apt. 282 North Kevin MT 30031-8602
6731,ashley.wright@campbell.org,Ashley Wright,42147 Walnut Shore Ste. 627 Lisatown MS 70384
6732,linda.perez@yahoo.com,Linda Perez,35839 River Terrace Thomasstad AK 06663
6733,lisa.scott@outlook.com,Lisa Scott,80557 Fox Street North Paul FL 95285-8417
6734,anna.williams@green.org,Anna Williams,9218 Meadow Terrace Suite 779 West Sarah NY 44065
6735,ryan.young@williams.com,Ryan Young,31241 Valley Square Port Larry MT 81292-2396
6736,patricia.hill@anderson.com,Patricia Hill,30687 Brook Lane Ste. 537 New Ronald NH 08971-4453
6737,deborah.adams@jones.info,Deborah Adams,98205 Johnson Square Apt. 255 Kevinmouth IA 13933
6738,joshua.lee@hotmail.com,Joshua Lee,75353 Maple Pass Suite 221 Kristentown CT 95768-7848
6739,larry.jones@aol.com,Larry Jones,45653 Davis Lane Suite 788 West Kevin KS 76057
6740,richard.carter@gonzalez.net,Richard Carter,8271 Valley Street West Kevin MD 97377
6741,timothy.torres@jones.net,Timothy Torres,58345 Brook Court Apt. 412 Annashire ID 35284-9819
6742,linda.flores@icloud.com,Linda Flores,36314 Park Run Lake James OH 39952-3892
6743,sarah.kirby@martin.com,Sarah Kirby,94731 Shore Shore Lake Andrew LA 97811
6744,jennifer.brown@icloud.com,Jennifer Brown,365 Highland Drive Unit 64 Stevenville RI 35621-3632
6745,paul.perez@gmail.com,Paul Perez,40912 Sunset Drive Susanside IA 08832
6746,joseph.thomas@king.com,Joseph Thomas,61658 Carter Road Unit 475 Edwardberg WA 84114-6183
6747,linda.rivera@icloud.com,Linda Rivera,85635 Madison Path Jasonborough WA 97291-3045
6748,donald.ramirez@lewis.info,Donald Ramirez,53254 Craig Circle Apt. 800 East Michael MA 59941
6749,thomas.jones@perez.com,Thomas Jones,80561 Brook Way Thomaston MD 67917
6750,thomas.carter@wright.org,Thomas Carter,11633 Jefferson Run Ste. 200 Lisashire MA 51071-2054
6751,melissa.anderson@icloud.com,Melissa Anderson,26007 Pine Way New Steven IN 87328
6752,amy.carter@allen.biz,Amy Carter,67470 Park Path Apt. 467 Danielland WV 99557
6753,sandra.allen@aol.com,Sandra Allen,73246 Fox Street East Larry IN 13466-2686
6754,john.adams@martinez.org,John Adams,31781 Adams Shore Unit 278 Benjaminbury FL 12636
6755,ryan.campbell@yahoo.com,Ryan Campbell,41960 Brook Way Edwardchester NE 13844-4131
6756,amanda.perez@gmail.com,Amanda Perez,76398 Spring Way Lake Mark NY 99483
6757,steven.young@robinson.info,Steven Young,94273 Brook Street Ste. 369 North Andrew RI 21968
6758,jeffrey.brown@aol.com,Jeffrey Brown,53803 Cook Shore West Brian SD 32578
6759,laura.miller@outlook.com,Laura Miller,55981 Pine Shore Williamville VT 60114-2856
6760,carol.campbell@aol.com,Carol Campbell,98646 Washington Court Apt. 73 West Joshua AK 54213-4787
6761,anna.campbell@lee.biz,Anna Campbell,62162 Walnut Pass Suite 180 Lindachester MN 16231
6762,nicholas.johnson@icloud.com,Nicholas Johnson,16799 Hill Avenue Unit 44 Lisafurt DE 63711
6763,ronald.rivera@icloud.com,Ronald Rivera,90431 Ridge Circle Bettyton LA 43710
6764,andrew.carter@outlook.com,Andrew Carter,15642 Lincoln Road Apt. 14 Lake Andrew DE 42396
6765,melissa.wright@outlook.com,Melissa Wright,43342 Franklin Square Kevinhaven SC 64283
6766,thomas.taylor@kirby.com,Thomas Taylor,59240 Cedar Bypass Unit 341 Annafort MI 09378-7118
6767,thomas.cain@yahoo.com,Thomas Cain,41021 Ridge Crossing Apt. 910 Michaelville IA 93912
6768,james.moore@cain.info,James Moore,62419 Maple Loop South Betty MS 85838
6769,kimberly.taylor@hotmail.com,Kimberly Taylor,406 Meadow Trail Ste. 271 Stevenborough IN 11733-9195
6770,jason.sanchez@yahoo.com,Jason Sanchez,26243 Franklin Lane North Joshua GA 84035-8794
6771,george.moore@icloud.com,George Moore,11947 Davis Bypass South Larry GA 73630-2801
6772,william.allen@yahoo.com,William Allen,2198 Oak Avenue Jamesshire WA 01699
6773,mark.martinez@hotmail.com,Mark Martinez,51195 River Run Apt. 748 Michaelmouth RI 30070-8521
6774,thomas.hall@yahoo.com,Thomas Hall,90336 Oak Square Suite 496 West Sarah WI 86552-2614
6775,margaret.kirby@hall.com,Margaret Kirby,37842 Craig Road Apt. 430 East Daniel ND 15564
6776,amanda.ramirez@baker.biz,Amanda Ramirez,36405 Davis Terrace Brianside ND 10086
6777,george.hall@gmail.com,George Hall,80699 Walnut Square Lake Larry IA 13259-6437
6778,ashley.rivera@outlook.com,Ashley Rivera,66561 Ridge Shore Unit 647 Ronaldstad LA 73716
6779,mary.brown@outlook.com,Mary Brown,86819 Spring Avenue North Paul WY 22593-9784
6780,brian.scott@aol.com,Brian Scott,50854 Cook Pass Suite 188 Port William KY 20936-3076
6781,jennifer.taylor@miller.org,Jennifer Taylor,75657 Washington Trail Fort George DE 87156-3071
6782,linda.lopez@aol.com,Linda Lopez,85472 Jefferson Bypass East Sarah NM 50274
6783,carol.perez@martinez.org,Carol Perez,32669 River Court Unit 712 Davidborough NM 51971-3908
6784,kevin.carter@hill.info,Kevin Carter,86418 Cedar Square East Nancy DE 59354-7994
6785,michael.thomas@hotmail.com,Michael Thomas,16916 River Trail Port Edward NH 18153-4765
6786,ronald.wright@aol.com,Ronald Wright,39313 Franklin Bypass Larryside NE 86793
6787,kevin.williams@gmail.com,Kevin Williams,97828 Highland Circle Lake Ronald AZ 49128
6788,george.miller@hotmail.com,George Miller,48784 Walnut Road Port Larry DE 80687
6789,melissa.nelson@flores.net,Melissa Nelson,44628 Valley Road Kevinview OR 86886
6790,jeffrey.adams@hotmail.com,Jeffrey Adams,60946 Spring Way Larrytown WV 57409
6791,james.jones@lopez.net,James Jones,94330 Davis Way Lake Joshua SD 91925
6792,mark.thompson@carter.org,Mark Thompson,92864 Davis Ford Lisabury HI 69574
6793,larry.jones@outlook.com,Larry Jones,61510 Shore Court Paulstad AZ 47929
6794,amy.davis@hall.net,Amy Davis,68710 Johnson Road Unit 764 New Steven WA 80871-4878
6795,paul.carter@yahoo.com,Paul Carter,35375 Highland Plaza Apt. 156 New Edward IN 04383
6796,anna.baker@aol.com,Anna Baker,65710 Meadow Court North Kevin ND 79595
6797,timothy.robinson@carter.info,Timothy Robinson,99742 Washington Square Kristenfort SC 65313
6798,william.hall@harris.org,William Hall,38395 Carter Crossing Suite 84 Steventon OK 36010
6799,donna.hall@smith.net,Donna Hall,55489 Washington Terrace North Susan AK 08154
6800,daniel.lopez@aol.com,Daniel Lopez,99111 Valley Square North Michael SC 76679
6801,ronald.scott@icloud.com,Ronald Scott,33854 Craig Street Lake Benjamin IL 42414-3052
6802,daniel.wilson@martin.biz,Daniel Wilson,96572 Pine Road Suite 936 Port Brian TX 37146-4311
6803,kimberly.adams@perez.org,Kimberly Adams,81819 Shore Loop Port Thomas WY 37155-7938
6804,donald.lopez@hotmail.com,Donald Lopez,5378 River Pass Stevenberg MO 22434
6805,john.wright@gmail.com,John Wright,58896 Miller Court Unit 924 Ronaldburgh CO 55967
6806,steven.anderson@baker.info,Steven Anderson,38304 Park Lane Williamshire IL 13858
6807,nicholas.carter@ramirez.net,Nicholas Carter,63209 Cedar Ford Suite 783 South Michael RI 24392
6808,donna.baker@aol.com,Donna Baker,29965 Fox Drive Larryport PA 74413-4790
6809,david.king@cain.net,David King,60791 Lake Circle Maryville UT 29405-5231
6810,jason.brown@brown.net,Jason Brown,83724 Oak Lane Unit 602 Thomasland IN 92663
6811,karen.gonzalez@jackson.com,Karen Gonzalez,84059 Elm Shore Suite 73 Jamesburgh AZ 30811-6846
6812,linda.carter@yahoo.com,Linda Carter,33186 Lincoln Bypass New Andrew MD 28561
6813,anna.walker@perez.org,Anna Walker,35909 Cook Plaza Stevenchester TX 83264
6814,anthony.jackson@yahoo.com,Anthony Jackson,52623 Jefferson Way Ste. 169 Maryville TX 33723
6815,john.hill@outlook.com,John Hill,20044 Madison Court Fort Kevin MI 29839
6816,sarah.wright@carter.biz,Sarah Wright,12955 Oak Lane South Mary GA 82056
6817,patricia.torres@kirby.net,Patricia Torres,17378 Cook Crossing North Sarah IN 80188
6818,amanda.allen@icloud.com,Amanda Allen,71427 Cedar Pass Suite 751 New Kevin NJ 21551
6819,helen.kirby@hall.biz,Helen Kirby,78251 Jefferson Way Apt. 636 Markbury NC 69013-9355
6820,brian.carter@hotmail.com,Brian Carter,83172 Pine Pass Unit 64 New Larry RI 11516
6821,joseph.perez@miller.info,Joseph Perez,8570 Maple Ford Nancystad KY 54370
6822,michael.jackson@allen.biz,Michael Jackson,17406 Franklin Terrace Unit 219 New Susan IA 17691
6823,carol.miller@outlook.com,Carol Miller,77764 Pine Shore Apt. 293 Paulburgh MS 38141-6467
6824,jeffrey.allen@aol.com,Jeffrey Allen,41821 Craig Street Suite 538 East Anna CA 54799
6825,jessica.walker@gmail.com,Jessica Walker,52367 Valley Court Apt. 689 Nancystad FL 81307
6826,barbara.flores@yahoo.com,Barbara Flores,12505 Davis Circle Marktown IN 02390-2151
6827,john.brown@hill.org,John Brown,88159 Craig Plaza Unit 517 Karenton NY 82150
6828,andrew.jackson@smith.org,Andrew Jackson,24474 Cedar Bypass Apt. 224 New Anna NV 53246-2576
6829,richard.nguyen@outlook.com,Richard Nguyen,25510 Shore Bypass Unit 269 Markfort IL 49713
6830,sandra.jackson@allen.org,Sandra Jackson,26462 Elm Avenue Suite 510 Davidburgh UT 55774-8589
6831,brian.kirby@icloud.com,Brian Kirby,39958 Fox Ford Unit 923 Williamberg KS 64941-5392
6832,betty.davis@garcia.net,Betty Davis,50896 Washington Bypass Ste. 796 Lake Sarah ME 30130
6833,michelle.brown@white.org,Michelle Brown,78586 Washington Shore Susanshire WV 49709
6834,joshua.campbell@clark.info,Joshua Campbell,84988 Hill Trail Fort Edward AZ 11676
6835,david.ramirez@gmail.com,David Ramirez,21438 Brook Path North Ronald TX 20329
6836,rebecca.kirby@aol.com,Rebecca Kirby,4383 Adams Circle Ste. 291 North Karen WA 81712
6837,timothy.nguyen@icloud.com,Timothy Nguyen,81804 Carter Crossing Ronaldborough NH 51564-8999
6838,jason.adams@icloud.com,Jason Adams,11975 Park Loop Apt. 307 West Kristen AL 81310
6839,david.rivera@baker.com,David Rivera,28108 Madison Drive Unit 459 West Steven NE 25121
6840,anthony.lee@rivera.org,Anthony Lee,55843 Miller Path North Andrew TX 90845
6841,paul.mitchell@thompson.info,Paul Mitchell,35283 Madison Plaza Apt. 328 Kristenport WY 29938
6842,brian.rivera@aol.com,Brian Rivera,5579 River Lane Davidchester OH 60538
6843,donald.miller@young.biz,Donald Miller,66081 Johnson Avenue Apt. 827 Danielshire NE 71713
6844,susan.torres@hall.biz,Susan Torres,36448 Cook Terrace Ste. 185 Nancyberg OR 32386
6845,nicholas.gonzalez@gmail.com,Nicholas Gonzalez,32273 Shore Ford Apt. 660 West Linda AR 52004-9658
6846,mary.carter@hotmail.com,Mary Carter,78307 Cook Ford New Daniel IL 26018
6847,helen.hall@gmail.com,Helen Hall,38225 Carter Path Suite 433 Josephland NE 49728-4244
6848,timothy.hill@icloud.com,Timothy Hill,42830 Carter Plaza Ronaldshire MS 71708-8425
6849,gary.thomas@outlook.com,Gary Thomas,59299 Park Shore Apt. 584 Lake Mary AK 30497
6850,nancy.brown@outlook.com,Nancy Brown,70519 Davis Square Jameschester AK 32918
6851,carol.allen@thomas.com,Carol Allen,25782 Franklin Way Suite 625 Larryfurt RI 52072
6852,gary.green@gmail.com,Gary Green,55790 Hill Plaza Jasonborough NH 71412
6853,barbara.jackson@aol.com,Barbara Jackson,46423 Craig Loop Thomasville AZ 41972
6854,linda.sanchez@martin.com,Linda Sanchez,66147 Lincoln Way Port Linda MD 30850
6855,melissa.kirby@gmail.com,Melissa Kirby,56307 Valley Circle Susanbury KS 69399
6856,deborah.flores@outlook.com,Deborah Flores,43776 Ridge Run Andrewberg IN 14855
6857,donna.green@anderson.net,Donna Green,96761 Ridge Lane Suite 675 West Thomas NE 83990
6858,jeffrey.gonzalez@wilson.net,Jeffrey Gonzalez,74814 Adams Way Ste. 300 Bettyfort CA 55978
6859,carol.young@outlook.com,Carol Young,24536 Adams Drive South Linda NV 02850-2227
6860,james.thomas@hotmail.com,James Thomas,75239 Meadow Court Suite 691 Karenberg AL 45541
6861,daniel.gonzalez@gmail.com,Daniel Gonzalez,85270 Fox Run Ste. 293 Jasonstad CT 12569
6862,betty.thompson@wilson.biz,Betty Thompson,43360 Maple Terrace Port Benjamin NE 61818
6863,joseph.king@yahoo.com,Joseph King,33733 Franklin Terrace Suite 499 Josephside PA 99709
6864,nancy.lee@johnson.org,Nancy Lee,58558 Hill Drive Ste. 646 Lake Mark NE 67352-2929
6865,william.wright@yahoo.com,William Wright,69120 Miller Plaza Suite 927 Kevinborough WY 93908
6866,rebecca.garcia@yahoo.com,Rebecca Garcia,69881 Sunset Plaza Ste. 387 Danielborough MO 57692
6867,michelle.brown@aol.com,Michelle Brown,95326 Adams Street Unit 817 Port Lisa MA 11597
6868,ronald.hall@outlook.com,Ronald Hall,52232 Valley Street Apt. 27 Maryborough AZ 67541-7459
6869,ashley.sanchez@outlook.com,Ashley Sanchez,69209 Adams Trail West Anna KS 49076
6870,deborah.allen@torres.com,Deborah Allen,86158 Davis Shore Ste. 611 Josephville RI 21426
6871,linda.moore@outlook.com,Linda Moore,50131 Park Trail West Edward MN 77908
6872,karen.brown@lewis.info,Karen Brown,35436 Washington Trail Suite 628 New Ronald HI 03342
6873,richard.thomas@yahoo.com,Richard Thomas,22246 Walnut Trail Marystad CO 48936
6874,helen.davis@aol.com,Helen Davis,96502 Highland Pass Fort Edward DE 34263
6875,matthew.campbell@lewis.net,Matthew Campbell,32115 Lincoln Plaza Davidport MO 12623
6876,laura.davis@young.org,Laura Davis,28848 Spring Drive Edwardstad ME 75043
6877,james.rivera@aol.com,James Rivera,41859 Elm Avenue Ste. 466 Fort Betty MO 04538-7847
6878,ronald.carter@allen.net,Ronald Carter,38151 Cook Road Ste. 201 Lake Steven CT 88518
6879,donald.clark@yahoo.com,Donald Clark,87942 Highland Pass Jamesfurt OK 73821
6880,george.smith@hotmail.com,George Smith,20188 Adams Ford Apt. 794 Danielberg CO 49223-2433
6881,rebecca.garcia@aol.com,Rebecca Garcia,61303 Oak Way Ste. 807 North Karen WA 49020-9644
6882,jennifer.moore@aol.com,Jennifer Moore,48897 Jefferson Loop Unit 703 Lake William NV 66819
6883,daniel.garcia@scott.com,Daniel Garcia,43676 Lincoln Street Apt. 458 Kristenfort NC 17679-8325
6884,thomas.white@green.org,Thomas White,83821 Lincoln Square Apt. 890 Karenshire WV 52751
6885,david.anderson@outlook.com,David Anderson,3080 Park Circle Sarahmouth WI 87059
6886,john.young@king.net,John Young,30898 Elm Trail Suite 894 Danielfurt NJ 83505
6887,charles.campbell@baker.net,Charles Campbell,38890 Jefferson Trail Suite 408 Karenview KY 82953
6888,laura.thomas@torres.info,Laura Thomas,88000 Cook Path Unit 590 North David SC 08041-1345
6889,michelle.adams@kirby.info,Michelle Adams,31850 Valley Ford South Karen ND 38229-2079
6890,sarah.wright@aol.com,Sarah Wright,29731 Fox Path Suite 474 New Joseph RI 04273-9437
6891,larry.nelson@yahoo.com,Larry Nelson,17585 Davis Square Suite 90 Brianburgh MD 68043
6892,betty.walker@gonzalez.org,Betty Walker,55758 Carter Bypass Lake Jason MI 54344
6893,patricia.rivera@sanchez.biz,Patricia Rivera,6935 Madison Shore Ste. 327 Lake George OR 50610
6894,william.nelson@hotmail.com,William Nelson,50864 Johnson Path Apt. 789 Sarahtown RI 18071
6895,karen.robinson@hotmail.com,Karen Robinson,58802 Sunset Crossing Suite 818 Lake David VT 19454
6896,edward.young@yahoo.com,Edward Young,33572 Shore Bypass Apt. 131 Lisafurt KY 88313
6897,thomas.scott@gmail.com,Thomas Scott,15105 Craig Terrace Ste. 826 East Andrew ND 63673
6898,james.allen@thompson.info,James Allen,60696 Shore Road Suite 397 East Thomas MN 85451
6899,deborah.martinez@taylor.org,Deborah Martinez,33883 Sunset Square Ste. 846 East William ME 79300
6900,ryan.cain@nelson.info,Ryan Cain,79354 Lincoln Crossing North Steven CT 46308
6901,edward.walker@lee.biz,Edward Walker,42573 Sunset Avenue Ste. 133 East Brian OK 62640
6902,margaret.nguyen@taylor.org,Margaret Nguyen,21806 Lincoln Path Thomasland MI 64504
6903,anthony.johnson@yahoo.com,Anthony Johnson,69562 Lincoln Plaza Maryfurt WV 18453
6904,donna.carter@yahoo.com,Donna Carter,3278 Spring Pass Unit 425 Davidfurt MN 66256
6905,brian.miller@aol.com,Brian Miller,62871 Lincoln Avenue Port Paul NV 37576
6906,margaret.wilson@outlook.com,Margaret Wilson,4690 Miller Way North Joseph AR 91751-4006
6907,michelle.perez@allen.org,Michelle Perez,16488 Walnut Loop Ste. 728 Fort Mark OK 86023
6908,brian.taylor@aol.com,Brian Taylor,8102 Davis Circle South Benjamin VT 99241-1069
6909,richard.martin@gmail.com,Richard Martin,34590 Lincoln Path Ste. 121 Port Sarah NY 35050
6910,stephanie.lewis@yahoo.com,Stephanie Lewis,83912 Spring Court Fort Brian AZ 20191
6911,michael.scott@anderson.org,Michael Scott,95981 Ridge Run Apt. 796 Kevinhaven OK 64407-9171
6912,daniel.mitchell@hotmail.com,Daniel Mitchell,66378 Sunset Path Port Paul CA 89736
6913,nicholas.nguyen@icloud.com,Nicholas Nguyen,24623 Spring Crossing Lake Larry WA 20605
6914,laura.perez@hotmail.com,Laura Perez,10763 Forest Street Lake Kevin VT 37823-1034
6915,mark.walker@hotmail.com,Mark Walker,67968 Walnut Court Unit 710 Michaelburgh PA 10398-7578
6916,paul.wright@aol.com,Paul Wright,15406 Park Plaza Lake Kristen LA 83224-5825
6917,michael.clark@kirby.org,Michael Clark,64861 Pine Trail Kristenfort AZ 34602
6918,sarah.campbell@hotmail.com,Sarah Campbell,26445 Madison Drive Port Thomas MT 06305-3474
6919,timothy.wilson@icloud.com,Timothy Wilson,75509 Lake Road East Kristen MS 02534-9777
6920,mary.miller@carter.biz,Mary Miller,34465 Franklin Loop Brianborough IA 63250
6921,andrew.hill@gmail.com,Andrew Hill,77226 Franklin Circle Susanstad VT 69482
6922,margaret.thomas@clark.org,Margaret Thomas,74610 Sunset Terrace Apt. 535 West Edward HI 17014
6923,david.adams@gmail.com,David Adams,15519 Cedar Run Apt. 771 South Daniel TX 94744
6924,barbara.nguyen@yahoo.com,Barbara Nguyen,48736 Cook Bypass Larrytown TX 13417
6925,margaret.campbell@icloud.com,Margaret Campbell,94874 Craig Drive Unit 807 Fort Anna WY 70353-9662
6926,linda.kirby@anderson.com,Linda Kirby,60039 Carter Plaza Apt. 541 Fort Joshua RI 34142-2352
6927,nancy.campbell@williams.info,Nancy Campbell,56997 Lincoln Court Joshuafurt SD 62103
6928,elizabeth.johnson@outlook.com,Elizabeth Johnson,68097 Walnut Shore Ste. 365 Lake Daniel MS 90665
6929,anthony.moore@garcia.biz,Anthony Moore,93873 Shore Way Williamfurt NV 86788-1284
6930,nicholas.robinson@nelson.com,Nicholas Robinson,12790 Hill Way Lake Edward WI 30833
6931,jennifer.allen@aol.com,Jennifer Allen,73812 Highland Trail Karenland ID 11366
6932,betty.moore@icloud.com,Betty Moore,42992 Lincoln Run Suite 627 Lake Nancy NM 96612
6933,sandra.adams@campbell.info,Sandra Adams,86060 Davis Run Suite 574 New Betty PA 82273
6934,nancy.thomas@ramirez.info,Nancy Thomas,16716 Spring Bypass Ste. 37 East Brian KS 87567-8038
6935,margaret.torres@outlook.com,Margaret Torres,24475 Cook Drive Suite 338 Maryburgh MD 25686-7495
6936,jennifer.white@hotmail.com,Jennifer White,3585 Valley Shore Suite 782 Georgeberg NC 93596
6937,charles.adams@kirby.biz,Charles Adams,14305 Lake Lane Jamesmouth OK 84019
6938,anna.carter@hotmail.com,Anna Carter,50577 Madison Lane Suite 612 South Mark MT 14367
6939,charles.davis@garcia.com,Charles Davis,57436 Cedar Way Apt. 407 Kristenchester IL 69333
6940,emily.thomas@yahoo.com,Emily Thomas,38715 Fox Plaza Edwardville IA 22110-2497
6941,matthew.anderson@outlook.com,Matthew Anderson,78155 Meadow Drive Lake Steven MS 80179
6942,kimberly.flores@hotmail.com,Kimberly Flores,91303 Cedar Plaza South Susan MS 25981-4886
6943,william.harris@yahoo.com,William Harris,87898 Craig Drive Unit 416 New David SD 41041
6944,joshua.hall@yahoo.com,Joshua Hall,17751 Hill Terrace New Kristen CT 08735-6588
6945,sarah.robinson@yahoo.com,Sarah Robinson,56198 Adams Drive Apt. 689 East Mary GA 75590
6946,mark.baker@wright.biz,Mark Baker,80683 Maple Square Susanberg MN 79610
6947,james.miller@ramirez.net,James Miller,36478 Sunset Street New Joseph SD 10580-2586
6948,amanda.moore@hall.com,Amanda Moore,12231 Lincoln Bypass West Betty CO 42769-3695
6949,gary.miller@king.net,Gary Miller,54472 Lincoln Lane Ste. 200 East Benjamin UT 09151
6950,margaret.young@outlook.com,Margaret Young,7403 Fox Crossing Unit 580 West Benjamin DE 32905
6951,nicholas.clark@gmail.com,Nicholas Clark,99503 Ridge Ford Susanshire NH 47526
6952,carol.harris@aol.com,Carol Harris,54670 Maple Bypass Ste. 781 Kevinstad NJ 30664-4933
6953,margaret.brown@nelson.biz,Margaret Brown,34226 Cook Way Unit 975 Thomaston AR 68279-2123
6954,paul.moore@hotmail.com,Paul Moore,1022 Spring Avenue Kevinbury NY 98998-2487
6955,karen.clark@thomas.biz,Karen Clark,30080 Washington Street Susanfort VA 37718
6956,richard.king@hotmail.com,Richard King,71709 Highland Road North Michael MI 91449
6957,carol.carter@thompson.com,Carol Carter,73766 Adams Drive Unit 279 South George WA 05984
6958,nancy.martinez@jackson.info,Nancy Martinez,22659 Sunset Run Ste. 457 East Linda HI 38705
6959,gary.taylor@yahoo.com,Gary Taylor,31498 Pine Bypass Ste. 918 North Joseph DE 58580
6960,amy.torres@aol.com,Amy Torres,62632 Oak Path Karenchester HI 19313-8870
6961,deborah.nguyen@icloud.com,Deborah Nguyen,69813 Adams Terrace Apt. 720 South Benjamin MN 68809-4814
6962,ronald.flores@carter.biz,Ronald Flores,9992 Walnut Lane Lake Sarah ID 57576
6963,margaret.adams@allen.info,Margaret Adams,74615 Miller Way West Andrew FL 85531
6964,stephanie.walker@young.biz,Stephanie Walker,19025 Lincoln Circle Unit 720 Marymouth CA 08714
6965,karen.perez@outlook.com,Karen Perez,51012 Craig Street Apt. 965 Stevenside NV 67408
6966,andrew.hall@allen.org,Andrew Hall,10857 Ridge Terrace Lindabury TX 74207-2825
6967,deborah.lewis@mitchell.com,Deborah Lewis,15318 Lincoln Shore Unit 253 West Mary NM 06706-9422
6968,laura.torres@martinez.net,Laura Torres,2340 Meadow Loop Apt. 887 North Ronald ME 09561
6969,charles.sanchez@adams.org,Charles Sanchez,89248 Cook Pass Williamchester WI 66829-5186
6970,mark.perez@gmail.com,Mark Perez,12891 Johnson Avenue Karenberg MI 82552
6971,deborah.adams@lopez.org,Deborah Adams,50175 Ridge Street Ste. 4 Fort Steven ND 93377-1469
6972,richard.jones@kirby.org,Richard Jones,93693 Meadow Drive Unit 717 Lake Nancy AK 35485
6973,anthony.ramirez@aol.com,Anthony Ramirez,54547 Brook Loop Unit 772 Karenbury LA 50385
6974,daniel.hill@aol.com,Daniel Hill,16901 Lincoln Circle Karenton IN 99311
6975,mark.garcia@yahoo.com,Mark Garcia,7546 Jefferson Shore Unit 274 West Kristen AK 31270-6246
6976,richard.hill@gmail.com,Richard Hill,34248 Cook Loop Apt. 803 South William MI 67061
6977,jason.nguyen@jackson.org,Jason Nguyen,10860 Washington Lane West James NJ 14749
6978,susan.moore@yahoo.com,Susan Moore,4801 Brook Drive Suite 158 Danieltown AK 58751
6979,james.thomas@allen.com,James Thomas,34033 Washington Bypass Ste. 546 New Karen AK 11676
6980,andrew.carter@hill.org,Andrew Carter,78183 Craig Shore Lake James KY 62474
6981,matthew.baker@hotmail.com,Matthew Baker,9486 Spring Path Suite 221 East William AK 64715
6982,melissa.wilson@moore.info,Melissa Wilson,17634 Miller Street Jasonshire MT 31029
6983,emily.mitchell@hotmail.com,Emily Mitchell,11249 Jefferson Run Edwardland MA 01660-7013
6984,anna.brown@aol.com,Anna Brown,80132 Miller Crossing Port Edward WI 92375
6985,margaret.nelson@icloud.com,Margaret Nelson,78898 Highland Bypass Suite 187 Edwardbury WY 46806
6986,james.williams@icloud.com,James Williams,21932 Lincoln Square Suite 769 Joshuaview NM 99713-1428
6987,susan.nelson@hotmail.com,Susan Nelson,54981 Valley Square Andrewborough PA 96186-8858
6988,edward.gonzalez@green.org,Edward Gonzalez,24443 Park Street North Kevin MS 74077
6989,betty.williams@smith.info,Betty Williams,36828 Meadow Crossing East Karen MT 21065
6990,nancy.adams@white.info,Nancy Adams,66461 Fox Terrace Unit 467 North Nancy NH 64300
6991,jennifer.davis@aol.com,Jennifer Davis,44858 Walnut Bypass Suite 905 Benjaminton ID 31478
6992,jeffrey.clark@outlook.com,Jeffrey Clark,3873 Valley Bypass Apt. 874 North Linda RI 98852-7959
6993,thomas.scott@rivera.biz,Thomas Scott,70817 Valley Bypass Ste. 71 Larryborough MN 79949
6994,mark.nguyen@yahoo.com,Mark Nguyen,8940 Walnut Street Edwardstad ID 50016
6995,william.thompson@aol.com,William Thompson,28508 Davis Road Suite 514 Stevenfort NE 03846
6996,james.nelson@gmail.com,James Nelson,36196 Valley Trail South Mark AZ 04974
6997,david.campbell@young.biz,David Campbell,14058 Lincoln Ford Port Susan LA 24743
6998,charles.johnson@outlook.com,Charles Johnson,42450 Jefferson Road Andrewburgh MD 83553-5993
6999,sandra.flores@hotmail.com,Sandra Flores,60523 Adams Run Joshuahaven WV 35715
7000,nicholas.gonzalez@clark.info,Nicholas Gonzalez,10978 Maple Crossing Unit 506 East Edward NH 80885
7001,thomas.green@smith.org,Thomas Green,77237 Brook Bypass Ste. 173 Fort Paul VA 96560
7002,nicholas.hill@icloud.com,Nicholas Hill,54793 Ridge Drive Williamside KY 05535
7003,patricia.rivera@yahoo.com,Patricia Rivera,75939 Ridge Terrace Edwardburgh NJ 24022
7004,amy.baker@icloud.com,Amy Baker,18893 Spring Trail Ste. 169 Fort Karen MS 84041
7005,amy.clark@miller.info,Amy Clark,62002 Maple Trail Apt. 26 Bettyhaven SD 27573-8238
7006,carol.wright@aol.com,Carol Wright,78900 Johnson Street Jamesview NE 83500
7007,larry.campbell@scott.biz,Larry Campbell,51246 Johnson Loop Suite 31 Brianland IL 06149-1231
7008,elizabeth.perez@gmail.com,Elizabeth Perez,7872 Pine Run New Anna TX 46275
7009,joseph.martin@harris.com,Joseph Martin,53728 Forest Run Ste. 336 Lake Michael NH 55823
7010,anna.scott@hotmail.com,Anna Scott,68152 Brook Drive Unit 856 Jamesborough NY 91234
7011,mark.martinez@thomas.biz,Mark Martinez,99776 Maple Drive Paulmouth PA 99777
7012,helen.martinez@campbell.biz,Helen Martinez,63120 Lake Pass Suite 715 Joshuashire AZ 22071
7013,larry.kirby@green.com,Larry Kirby,15490 Fox Way Fort Daniel MT 61145
7014,susan.scott@jones.info,Susan Scott,9585 Fox Trail West Kristen VA 53203
7015,paul.harris@walker.biz,Paul Harris,23503 Sunset Bypass Ste. 83 Paulburgh KY 58740
7016,brian.allen@hotmail.com,Brian Allen,33826 Cedar Plaza East Susan ME 26978
7017,margaret.hill@hotmail.com,Margaret Hill,78668 Cedar Terrace Suite 390 West George ME 95170
7018,donna.ramirez@campbell.biz,Donna Ramirez,43320 Meadow Street Apt. 253 Joshuaburgh WY 96432
7019,barbara.walker@jones.biz,Barbara Walker,78078 Sunset Avenue Lake Jason FL 95251
7020,nancy.anderson@hotmail.com,Nancy Anderson,95165 Madison Ford Unit 727 Port Paul KY 34462
7021,margaret.scott@hotmail.com,Margaret Scott,82720 Franklin Way Unit 643 East Mark OR 61038-9295
7022,joshua.wilson@aol.com,Joshua Wilson,34216 Johnson Avenue Unit 169 Karenfort ND 94940-2566
7023,donna.nelson@harris.com,Donna Nelson,12264 Madison Avenue Williamhaven NC 51468-3448
7024,sarah.wilson@icloud.com,Sarah Wilson,68522 Elm Terrace South Joseph LA 74256
7025,michelle.lopez@hill.net,Michelle Lopez,42190 Lincoln Lane North David NY 17708
7026,paul.mitchell@icloud.com,Paul Mitchell,53187 Fox Pass Ste. 839 Brianbury MI 18741
7027,amy.martin@yahoo.com,Amy Martin,16981 Fox Run Georgebury DE 32261
7028,brian.gonzalez@hotmail.com,Brian Gonzalez,79267 Forest Square Unit 245 North Betty NY 88005
7029,ronald.rivera@lewis.biz,Ronald Rivera,12069 Spring Trail Suite 592 South Joseph MO 11007
7030,anthony.taylor@aol.com,Anthony Taylor,62894 Madison Way Fort George VT 67931
7031,melissa.rivera@gmail.com,Melissa Rivera,46315 River Path Brianbury AR 97881
7032,brian.clark@gonzalez.com,Brian Clark,20025 Miller Road North Daniel CO 41244
7033,melissa.lee@flores.org,Melissa Lee,86941 Cook Street Ste. 732 North Sarah OR 80580
7034,george.carter@lewis.com,George Carter,61617 Fox Crossing South Karen NC 59052
7035,helen.cain@yahoo.com,Helen Cain,74124 Oak Path Unit 583 East Joshua CA 90421
7036,paul.martin@outlook.com,Paul Martin,25926 Ridge Pass Suite 536 Edwardburgh TN 67453
7037,mark.williams@hotmail.com,Mark Williams,88020 Shore Path Lisamouth CA 52761-6561
7038,ashley.hall@yahoo.com,Ashley Hall,36412 Lake Crossing Lisaville WV 05473
7039,mary.smith@robinson.org,Mary Smith,31701 Davis Bypass Larryside NM 53528
7040,larry.rivera@yahoo.com,Larry Rivera,51357 Adams Court Apt. 835 Lake David NM 34454
7041,emily.garcia@carter.com,Emily Garcia,63748 Miller Crossing Apt. 207 Kristenland CT 56484
7042,paul.carter@hotmail.com,Paul Carter,45345 Maple Pass Apt. 658 Lake George CA 89168
7043,michelle.lewis@aol.com,Michelle Lewis,72240 Miller Court East Mary DE 68630
7044,james.thomas@icloud.com,James Thomas,63576 Washington Street Fort David WI 55426
7045,richard.martinez@outlook.com,Richard Martinez,2238 Adams Terrace Fort Edward NE 28800
7046,ashley.harris@outlook.com,Ashley Harris,93499 Lake Avenue Suite 197 Lake Betty IA 72931
7047,kimberly.walker@outlook.com,Kimberly Walker,63720 Franklin Square Suite 208 East Brian KS 33006-3670
7048,donald.wright@gmail.com,Donald Wright,1460 Miller Ford Unit 319 Jasonton WA 61845
7049,william.mitchell@icloud.com,William Mitchell,29754 Jefferson Terrace Unit 965 Port Lisa WA 42580
7050,george.young@king.biz,George Young,2008 Ridge Ford Ste. 774 Thomastown MO 49169
7051,joseph.harris@aol.com,Joseph Harris,27682 Fox Drive Suite 755 Stevenview TN 30305
7052,jessica.nguyen@aol.com,Jessica Nguyen,91690 Adams Ford Suite 235 Nancyberg NM 87687
7053,betty.thomas@hotmail.com,Betty Thomas,22526 Forest Bypass Ste. 900 Lake Susan MI 71494
7054,thomas.sanchez@gmail.com,Thomas Sanchez,71615 Pine Way Unit 840 Edwardview KS 50429
7055,mary.perez@hotmail.com,Mary Perez,59136 Meadow Bypass Ste. 658 Lake Joseph WY 86292
7056,patricia.white@yahoo.com,Patricia White,18347 Park Way Apt. 436 Ronaldborough CA 77062
7057,betty.clark@icloud.com,Betty Clark,97525 Lake Way Apt. 951 Lake Brian NM 01311
7058,timothy.brown@carter.info,Timothy Brown,66126 Carter Circle Apt. 307 South Mary FL 28234
7059,carol.adams@hotmail.com,Carol Adams,57346 Hill Pass West William OR 11847
7060,carol.miller@carter.info,Carol Miller,460 Jefferson Terrace Suite 619 East Mary TN 95023
7061,james.carter@hotmail.com,James Carter,71369 Hill Circle Unit 87 Fort Lisa WY 26252
7062,paul.campbell@aol.com,Paul Campbell,44447 Davis Street Ste. 240 Benjaminfurt IL 44414
7063,deborah.nelson@icloud.com,Deborah Nelson,21993 Miller Ford West Sarah NM 20721
7064,barbara.allen@davis.biz,Barbara Allen,92896 Davis Circle Annaland CT 69728
7065,susan.wilson@icloud.com,Susan Wilson,72697 Adams Avenue Jamesport CO 56257
7066,sarah.perez@outlook.com,Sarah Perez,57130 Elm Court Suite 91 Danielshire ID 48321
7067,sandra.williams@outlook.com,Sandra Williams,12540 Madison Avenue Ste. 376 New Mark MA 81782
7068,mark.young@icloud.com,Mark Young,39070 River Shore Ste. 944 North Betty LA 36037-9335
7069,jason.martin@miller.net,Jason Martin,93908 Franklin Shore North Andrew UT 67620-4200
7070,joshua.martinez@davis.biz,Joshua Martinez,8979 Pine Avenue Larryberg OH 20908
7071,betty.ramirez@icloud.com,Betty Ramirez,65136 Sunset Street New James MN 63527-4996
7072,amy.torres@kirby.com,Amy Torres,76902 Johnson Square Jamesfurt KY 04582
7073,john.nguyen@aol.com,John Nguyen,68816 Shore Way Apt. 401 Port Paul IL 32782
7074,carol.smith@aol.com,Carol Smith,35597 Brook Crossing East Brian TX 65003
7075,anna.flores@gmail.com,Anna Flores,34581 Oak Road South Kevin WV 02781
7076,helen.kirby@martin.org,Helen Kirby,49637 Adams Bypass Apt. 53 Thomasburgh GA 23269
7077,kimberly.hill@yahoo.com,Kimberly Hill,86783 River Circle Suite 87 Brianland NC 74213-7688
7078,david.nguyen@baker.info,David Nguyen,83381 Highland Lane West Steven HI 24375
7079,donald.perez@yahoo.com,Donald Perez,71051 Sunset Pass Lindatown RI 96693
7080,paul.walker@rivera.com,Paul Walker,39302 Shore Loop Brianland SC 13807
7081,ryan.lee@garcia.net,Ryan Lee,91037 Lincoln Crossing South Lisa NE 78147-4374
7082,rebecca.nelson@yahoo.com,Rebecca Nelson,72975 Valley Court Apt. 530 Davidstad FL 16450-5430
7083,melissa.lee@young.org,Melissa Lee,49575 Elm Run Suite 839 Ronaldport WV 13931
7084,emily.green@mitchell.net,Emily Green,20498 Cook Street Lisaville KY 05683
7085,michael.scott@aol.com,Michael Scott,26974 Maple Square Suite 907 Paulfurt MS 90774
7086,stephanie.walker@outlook.com,Stephanie Walker,32799 Sunset Run Georgebury CT 37677
7087,emily.green@aol.com,Emily Green,69069 Jefferson Drive Larryside AK 26997-6974
7088,sarah.moore@gmail.com,Sarah Moore,32852 Carter Lane Thomasland CT 13578
7089,james.carter@sanchez.info,James Carter,47902 Cedar Drive Ste. 614 Brianberg IA 74080-4728
7090,amanda.moore@wilson.net,Amanda Moore,68499 Jefferson Crossing Apt. 318 East Betty TX 27676
7091,emily.lee@moore.net,Emily Lee,35507 Carter Pass South Ronald HI 08353
7092,michael.king@brown.biz,Michael King,83053 Adams Circle Paulstad NY 17092-7613
7093,michelle.allen@icloud.com,Michelle Allen,25062 Highland Loop Suite 759 South Paul CA 01347
7094,carol.campbell@lee.info,Carol Campbell,24023 Carter Loop East James LA 20199
7095,jeffrey.flores@white.org,Jeffrey Flores,62852 Brook Path Suite 984 West Brian ND 45195-8958
7096,william.kirby@lee.biz,William Kirby,95903 Carter Crossing Port Mark WV 13556
7097,james.martin@williams.com,James Martin,7535 Jefferson Way Unit 415 North William IN 89476
7098,sandra.jackson@outlook.com,Sandra Jackson,80574 Walnut Trail Bettyton MN 91119
7099,david.carter@yahoo.com,David Carter,99512 Madison Loop West Paul CA 32283-4631
7100,rebecca.flores@yahoo.com,Rebecca Flores,20117 Craig Street Ste. 392 Lake Benjamin NV 41951
7101,laura.mitchell@gonzalez.info,Laura Mitchell,70982 Madison Shore Sarahside HI 47685
7102,elizabeth.anderson@garcia.net,Elizabeth Anderson,4946 Johnson Lane Georgeshire GA 65196-2042
7103,lisa.cain@nguyen.info,Lisa Cain,34353 Miller Pass Lake Mary MN 37309-5116
7104,margaret.nguyen@nguyen.org,Margaret Nguyen,93868 Craig Plaza West Jason OK 66369
7105,patricia.robinson@gmail.com,Patricia Robinson,79346 Davis Way Apt. 214 East Brian IN 46801-5714
7106,deborah.miller@campbell.org,Deborah Miller,39323 Jefferson Drive Suite 535 Jamesmouth ND 27266-9962
7107,timothy.miller@white.biz,Timothy Miller,69621 Park Pass Nancyview TX 86103
7108,larry.rivera@icloud.com,Larry Rivera,94775 Walnut Circle Suite 968 South George SD 11242
7109,steven.thomas@garcia.info,Steven Thomas,34059 Jefferson Square Lisaport DE 50975
7110,kimberly.baker@icloud.com,Kimberly Baker,40096 Jefferson Lane Lake Joshua AK 39344-6310
7111,stephanie.thompson@outlook.com,Stephanie Thompson,56186 Cedar Shore South Karen NV 75604-1010
7112,anthony.nguyen@hotmail.com,Anthony Nguyen,46771 Brook Road Lake Jason ID 56167-9980
7113,melissa.martinez@gmail.com,Melissa Martinez,90606 Oak Plaza Josephborough AZ 57159
7114,larry.lopez@smith.com,Larry Lopez,53732 Forest Street Jamesborough TN 28097
7115,george.garcia@hotmail.com,George Garcia,23929 Oak Shore Unit 505 Port Betty TN 34421
7116,kevin.davis@young.net,Kevin Davis,71322 Miller Drive Suite 588 Larryberg IA 51067-2893
7117,thomas.lee@outlook.com,Thomas Lee,11295 Valley Lane Unit 383 Annahaven NY 42222
7118,margaret.williams@icloud.com,Margaret Williams,98886 Oak Court Suite 799 New Ronald NV 17420-9990
7119,elizabeth.gonzalez@allen.info,Elizabeth Gonzalez,26841 Shore Drive Lisaberg CO 85369-9532
7120,stephanie.nguyen@hotmail.com,Stephanie Nguyen,74347 Meadow Lane Ste. 869 Fort Kristen TX 20851
7121,jason.sanchez@adams.biz,Jason Sanchez,15740 Madison Square Lake Karen CT 20928
7122,barbara.moore@smith.org,Barbara Moore,50268 Sunset Terrace Unit 867 Port Larry IN 52324-9536
7123,paul.miller@hill.info,Paul Miller,85719 Oak Crossing Unit 847 Port Thomas RI 97969
7124,susan.martin@hotmail.com,Susan Martin,90509 Cedar Drive Lake Betty MD 31171-7335
7125,donald.lewis@robinson.com,Donald Lewis,59935 Maple Terrace Ste. 202 New Steven WV 07746
7126,margaret.garcia@robinson.info,Margaret Garcia,18781 Miller Bypass Apt. 334 Markstad NY 92741
7127,david.clark@outlook.com,David Clark,43882 Oak Pass Annastad AK 63333-1129
7128,anna.clark@icloud.com,Anna Clark,21403 Franklin Avenue Apt. 679 East James AK 77337-9666
7129,margaret.jones@aol.com,Margaret Jones,71528 Meadow Loop Ste. 775 Susanland IA 92141
7130,william.white@hotmail.com,William White,92221 Sunset Ford North William VT 92598
7131,jason.martin@yahoo.com,Jason Martin,56670 Jefferson Shore Ste. 504 West Jason OR 92569
7132,jeffrey.martin@hotmail.com,Jeffrey Martin,90941 Craig Trail Ste. 225 Davidview MN 19350
7133,helen.martinez@hotmail.com,Helen Martinez,78023 Oak Court Unit 136 Sarahchester NH 62797
7134,anthony.johnson@yahoo.com,Anthony Johnson,2347 Highland Shore Unit 395 South William OH 73180-3343
7135,jessica.walker@yahoo.com,Jessica Walker,8240 Brook Run New Andrew MI 98948
7136,george.lopez@yahoo.com,George Lopez,73625 Ridge Loop Unit 217 Kristenfurt ID 41609-3778
7137,lisa.campbell@gonzalez.org,Lisa Campbell,40511 Park Plaza Georgeport MN 90733
7138,daniel.young@cain.net,Daniel Young,24821 Lake Way Ste. 221 Markport KY 64019-8702
7139,michelle.moore@icloud.com,Michelle Moore,53936 Valley Road Lake David HI 59912
7140,jeffrey.nguyen@white.info,Jeffrey Nguyen,23807 Ridge Trail Stevenfurt DE 83585
7141,richard.campbell@outlook.com,Richard Campbell,89901 Lincoln Square West Brian ND 89517
7142,ronald.ramirez@outlook.com,Ronald Ramirez,32342 Fox Crossing Susanborough PA 60747-9676
7143,deborah.williams@yahoo.com,Deborah Williams,41622 Johnson Road Davidville CO 45837
7144,stephanie.miller@hotmail.com,Stephanie Miller,95704 Davis Crossing Lisaborough IN 04319
7145,jeffrey.miller@outlook.com,Jeffrey Miller,47914 Lake Drive Nancyburgh WI 36167-4124
7146,elizabeth.wright@perez.org,Elizabeth Wright,59136 Elm Square South Daniel WA 74553
7147,michelle.jones@davis.com,Michelle Jones,22668 Valley Path Unit 665 Port Kristen AL 48112
7148,jennifer.moore@gmail.com,Jennifer Moore,35086 Brook Square West Paul KY 55963
7149,jessica.rivera@martinez.biz,Jessica Rivera,77689 Shore Drive Suite 132 Paulville PA 57760
7150,susan.flores@jones.com,Susan Flores,82463 Brook Road Ste. 189 New Brian TN 14469-9530
7151,nancy.kirby@cain.biz,Nancy Kirby,45030 Pine Crossing Ste. 349 Paulhaven CA 05044
7152,michael.walker@ramirez.biz,Michael Walker,73453 Meadow Drive Ste. 93 Paulfort CO 06710
7153,ronald.miller@anderson.info,Ronald Miller,59625 Highland Street Briantown OR 48384
7154,joseph.hill@davis.net,Joseph Hill,35553 Elm Loop Michaelland WI 80156
7155,donna.smith@icloud.com,Donna Smith,37304 Fox Drive East Joshua ID 33294-2497
7156,amy.martin@aol.com,Amy Martin,4459 Fox Crossing Apt. 215 Fort Kevin RI 69967
7157,charles.clark@outlook.com,Charles Clark,95315 Lincoln Path New Karen ID 15285
7158,nancy.rivera@gmail.com,Nancy Rivera,12486 Lincoln Loop East Sarah CT 31789
7159,jason.nguyen@yahoo.com,Jason Nguyen,54233 Lake Circle Ste. 802 South Linda IN 69083
7160,kevin.smith@icloud.com,Kevin Smith,77000 Ridge Run Ste. 613 East Edward MD 02041
7161,george.smith@ramirez.com,George Smith,55433 Ridge Way Ste. 757 Kristentown VT 35040
7162,carol.johnson@jones.org,Carol Johnson,47139 Sunset Path Suite 364 Edwardbury IL 53428
7163,helen.wilson@campbell.net,Helen Wilson,84803 Davis Ford Bettyside WI 77209
7164,brian.perez@allen.info,Brian Perez,51225 Pine Shore Port David AZ 38244
7165,stephanie.hill@icloud.com,Stephanie Hill,91851 Oak Terrace Unit 171 Lake Anna FL 08148-7335
7166,rebecca.miller@hotmail.com,Rebecca Miller,98606 Walnut Road Ste. 299 North Steven ID 01372
7167,nancy.moore@hotmail.com,Nancy Moore,45562 Hill Drive Apt. 727 Kevinstad CO 43518
7168,paul.wright@cain.info,Paul Wright,18923 Meadow Circle Ste. 225 Bettyborough AK 85799
7169,gary.wright@adams.org,Gary Wright,10482 Craig Terrace Suite 585 Maryville WI 93697-1241
7170,sarah.jones@hotmail.com,Sarah Jones,66286 Lake Avenue Lake Sarah VA 59700
7171,david.scott@gmail.com,David Scott,59242 Elm Path New David FL 67857
7172,amy.green@nelson.info,Amy Green,19387 Meadow Plaza South Joshua NE 50742
7173,patricia.carter@aol.com,Patricia Carter,4450 Oak Path Josephstad MS 80105
7174,daniel.miller@yahoo.com,Daniel Miller,17853 Cedar Plaza Apt. 110 Paulstad TX 04703-8149
7175,paul.taylor@walker.info,Paul Taylor,42731 Franklin Lane Suite 295 East Steven PA 20048
7176,anna.white@robinson.info,Anna White,58643 Forest Plaza West William AR 70791
7177,david.lopez@aol.com,David Lopez,79029 Washington Lane Unit 654 West Lisa NV 43668
7178,brian.williams@outlook.com,Brian Williams,754 Oak Pass Susanview VA 15361-4300
7179,joseph.rivera@hotmail.com,Joseph Rivera,50296 River Lane Unit 14 Karentown FL 89348-7129
7180,andrew.robinson@icloud.com,Andrew Robinson,9151 Hill Bypass Apt. 52 Sarahville MS 14961
7181,nancy.hill@outlook.com,Nancy Hill,18509 Valley Bypass Apt. 547 South Mark SC 60097
7182,margaret.king@yahoo.com,Margaret King,66498 Meadow Pass Apt. 378 South Ronald LA 05909
7183,daniel.lopez@aol.com,Daniel Lopez,84612 Craig Lane Apt. 446 Lindafurt OR 31927
7184,william.cain@outlook.com,William Cain,25851 Maple Pass Apt. 15 Williamfurt SD 95489
7185,william.martinez@yahoo.com,William Martinez,11337 Pine Bypass Bettybury ME 63194-7100
7186,margaret.baker@clark.biz,Margaret Baker,83403 Jefferson Pass New Brian NJ 19811
7187,mark.brown@aol.com,Mark Brown,31767 Adams Run Suite 813 West Susan WV 37257
7188,kimberly.gonzalez@yahoo.com,Kimberly Gonzalez,4217 Shore Square Unit 750 Danielfort DE 85390
7189,patricia.nelson@yahoo.com,Patricia Nelson,45115 Park Pass Ste. 846 Annamouth FL 52189
7190,carol.sanchez@moore.com,Carol Sanchez,32911 Forest Loop Suite 304 East James CA 27277
7191,andrew.jackson@outlook.com,Andrew Jackson,26138 Walnut Road Ste. 979 Lake Mary MD 66464-5549
7192,stephanie.white@yahoo.com,Stephanie White,25401 Craig Terrace North Andrew CO 17787-6054
7193,linda.allen@lee.biz,Linda Allen,82460 Lincoln Way Port Benjamin SD 16565
7194,mary.anderson@outlook.com,Mary Anderson,56074 Elm Avenue Ste. 588 New Benjamin SD 25606-7511
7195,helen.ramirez@thompson.biz,Helen Ramirez,1262 Shore Lane Suite 990 Joshuafort MO 59931
7196,joshua.lee@yahoo.com,Joshua Lee,93472 Maple Way Davidfort MS 42515
7197,timothy.walker@ramirez.org,Timothy Walker,40030 Adams Loop Ste. 990 Fort William NY 22674
7198,matthew.sanchez@aol.com,Matthew Sanchez,56184 Park Crossing South Kristen ME 08056
7199,melissa.moore@outlook.com,Melissa Moore,10143 Craig Avenue Suite 276 Paulhaven UT 36768-8720
7200,steven.green@aol.com,Steven Green,36862 Cook Street Port George AZ 61346
7201,donna.jones@gmail.com,Donna Jones,7520 Fox Bypass Edwardport IN 86089
7202,linda.perez@martinez.net,Linda Perez,18798 Walnut Terrace Suite 306 Lake Kristen AR 44777-4584
7203,james.white@icloud.com,James White,60930 Elm Avenue Suite 113 South Ronald FL 64303-4719
7204,linda.kirby@hotmail.com,Linda Kirby,50392 Brook Street Ste. 849 West Jason MS 52640
7205,steven.brown@robinson.net,Steven Brown,54553 Lake Circle Apt. 929 Georgeville LA 47468
7206,betty.campbell@outlook.com,Betty Campbell,43100 Cook Lane Lake Nancy NE 15161
7207,anthony.johnson@anderson.org,Anthony Johnson,58932 Maple Pass Suite 676 Fort Ronald OR 72763
7208,deborah.rivera@outlook.com,Deborah Rivera,38743 Lincoln Run Danielberg NH 73845
7209,david.harris@aol.com,David Harris,15921 Elm Pass West William NY 79258-4571
7210,amanda.king@yahoo.com,Amanda King,36016 Fox Lane Port Larry NE 28694
7211,ashley.white@lewis.com,Ashley White,16850 Elm Shore Jamestown NH 40069-5813
7212,sarah.anderson@clark.org,Sarah Anderson,67681 Craig Pass Port Joseph NH 76286-6506
7213,betty.nguyen@white.org,Betty Nguyen,30565 Johnson Road Ste. 165 Port Karen LA 17454
7214,deborah.carter@yahoo.com,Deborah Carter,13184 Sunset Shore Benjaminfurt SD 44840
7215,david.campbell@allen.info,David Campbell,80749 Sunset Plaza Lake Mary NV 86054-4849
7216,timothy.perez@gmail.com,Timothy Perez,28109 Hill Shore Suite 231 East Susan IA 76397
7217,deborah.young@icloud.com,Deborah Young,24485 Jefferson Loop Suite 2 Davidstad CO 30410
7218,linda.sanchez@yahoo.com,Linda Sanchez,66812 Pine Shore New Kristen WA 79592-8998
7219,lisa.lee@hotmail.com,Lisa Lee,15494 Oak Terrace Suite 602 West Kevin CO 16284
7220,michelle.carter@outlook.com,Michelle Carter,73581 River Avenue Lindashire NY 54904
7221,thomas.lewis@robinson.org,Thomas Lewis,4409 Brook Road Ste. 9 Michaelshire ID 65827-8840
7222,lisa.sanchez@hotmail.com,Lisa Sanchez,15456 Oak Way Apt. 48 Brianshire WI 09984
7223,linda.miller@icloud.com,Linda Miller,31193 Carter Circle Unit 141 Williamfort MD 50858
7224,linda.garcia@gmail.com,Linda Garcia,66092 Lake Trail Ronaldburgh WV 38411
7225,melissa.sanchez@carter.org,Melissa Sanchez,30839 Jefferson Ford Apt. 403 Danielberg CT 56439
7226,jeffrey.flores@hotmail.com,Jeffrey Flores,24816 Carter Court Suite 764 Andrewchester KY 18792-8433
7227,nicholas.miller@gmail.com,Nicholas Miller,93862 Carter Shore Nancystad MN 31680
7228,jennifer.perez@lewis.net,Jennifer Perez,59785 Pine Court South Betty ND 22393
7229,ryan.johnson@rivera.biz,Ryan Johnson,51802 Cook Trail Suite 355 Markland ND 44064-9809
7230,james.allen@aol.com,James Allen,49535 Highland Court Fort Anna WA 42629
7231,steven.rivera@yahoo.com,Steven Rivera,30165 Sunset Trail Unit 73 East Steven WV 48568
7232,john.thomas@harris.org,John Thomas,3694 River Lane South Kristen VT 99626-3335
7233,anna.campbell@outlook.com,Anna Campbell,22361 Johnson Trail Jasonshire IL 91416
7234,anthony.garcia@icloud.com,Anthony Garcia,16010 Adams Bypass Kristentown DE 84283
7235,kimberly.smith@aol.com,Kimberly Smith,51615 Valley Run Williamtown WY 28063-4175
7236,charles.green@gmail.com,Charles Green,25996 Franklin Street Unit 429 Fort Mary TN 89995
7237,thomas.davis@icloud.com,Thomas Davis,4279 Franklin Street Brianland KY 68957
7238,david.kirby@allen.org,David Kirby,59797 Craig Loop Suite 703 Michaelstad NY 69429
7239,charles.gonzalez@icloud.com,Charles Gonzalez,98686 Meadow Shore Apt. 334 South Larry KY 41479
7240,donna.miller@icloud.com,Donna Miller,44667 Davis Path Ste. 653 Annamouth OK 54151-4516
7241,thomas.garcia@green.com,Thomas Garcia,48446 Brook Avenue Susantown NM 43243-7439
7242,amanda.sanchez@yahoo.com,Amanda Sanchez,10095 Carter Avenue Suite 436 North Joshua WV 37541-7800
7243,melissa.nelson@gmail.com,Melissa Nelson,88882 Johnson Circle Suite 645 South Kevin OR 26110
7244,lisa.nelson@outlook.com,Lisa Nelson,17564 Shore Ford Lindaborough OK 67294
7245,william.flores@jones.net,William Flores,27261 Meadow Plaza Fort Daniel SD 75560
7246,susan.moore@hotmail.com,Susan Moore,1411 Lincoln Pass Unit 984 Markburgh FL 92155-6676
7247,stephanie.young@outlook.com,Stephanie Young,3690 Lincoln Road Suite 917 Andrewstad NE 68827
7248,joshua.hill@aol.com,Joshua Hill,65857 Franklin Plaza Apt. 201 Stevenchester PA 66689
7249,larry.campbell@brown.info,Larry Campbell,43075 Hill Trail Ste. 612 Lake Benjamin GA 01946-6296
7250,elizabeth.torres@hotmail.com,Elizabeth Torres,20652 Shore Lane Unit 560 South Karen NJ 50887-6148
7251,charles.carter@yahoo.com,Charles Carter,65743 Craig Bypass Unit 125 Larryshire MN 25611
7252,ashley.carter@outlook.com,Ashley Carter,20130 Hill Trail Suite 406 Joshuashire SD 21748-2541
7253,joseph.williams@icloud.com,Joseph Williams,41243 Maple Avenue New Andrew NH 81633
7254,larry.gonzalez@yahoo.com,Larry Gonzalez,36544 Hill Crossing Port Susan KS 96158
7255,linda.thomas@aol.com,Linda Thomas,2609 Pine Court Paulport WA 41566
7256,james.perez@hotmail.com,James Perez,66516 River Square Apt. 76 North Edward IN 70363
7257,mary.williams@aol.com,Mary Williams,27039 Elm Trail Ste. 550 West Betty GA 78648-8911
7258,david.carter@ramirez.org,David Carter,46687 Walnut Terrace Ste. 151 Markshire FL 98110-9038
7259,mark.gonzalez@gmail.com,Mark Gonzalez,9804 Hill Shore Unit 272 Paulfort LA 18243
7260,sandra.wright@outlook.com,Sandra Wright,9472 Fox Street Apt. 585 Port Karen MI 16858
7261,kimberly.allen@gmail.com,Kimberly Allen,48545 Elm Square Ste. 50 West David AK 88433
7262,stephanie.carter@cain.info,Stephanie Carter,21338 Johnson Lane West Larry NM 92225
7263,gary.martinez@hotmail.com,Gary Martinez,23859 Walnut Lane Apt. 37 Stevenbury SD 08345
7264,amanda.martinez@yahoo.com,Amanda Martinez,13415 Washington Road Apt. 463 South Kevin NE 95306
7265,jeffrey.mitchell@aol.com,Jeffrey Mitchell,68950 Park Pass Ste. 436 North Mary WY 75995
7266,david.taylor@outlook.com,David Taylor,74954 Sunset Trail New Daniel MI 21075-8863
7267,karen.allen@aol.com,Karen Allen,59254 Elm Trail Ste. 346 South Karen NJ 79891
7268,william.garcia@hotmail.com,William Garcia,96104 Oak Court Lake Thomas MI 75628
7269,andrew.flores@outlook.com,Andrew Flores,97395 Davis Run Suite 558 Michaelchester MT 14991
7270,amanda.jones@robinson.org,Amanda Jones,62911 Maple Loop West Daniel AR 12650
7271,deborah.sanchez@hotmail.com,Deborah Sanchez,29465 Fox Shore Thomaschester UT 21543-8297
7272,ashley.martinez@outlook.com,Ashley Martinez,41320 Walnut Terrace Paulstad NC 23076
7273,james.mitchell@green.info,James Mitchell,72819 Lake Bypass Unit 98 Thomasberg DE 68272-4764
7274,charles.jones@hotmail.com,Charles Jones,63180 Oak Loop Danielborough UT 91347-4425
7275,richard.robinson@outlook.com,Richard Robinson,81661 Adams Plaza Apt. 28 Josephtown NE 14389
7276,kimberly.carter@hall.org,Kimberly Carter,53689 Washington Court Apt. 549 Josephport WA 66603-8736
7277,andrew.thompson@hotmail.com,Andrew Thompson,41678 Fox Trail Kevinborough OK 64718
7278,jason.kirby@young.net,Jason Kirby,49962 Cook Way Apt. 907 North Betty VT 30708
7279,michael.lopez@yahoo.com,Michael Lopez,1045 Meadow Path Ste. 559 Michaelton NC 91610
7280,charles.carter@lopez.org,Charles Carter,64861 Adams Pass Marktown ND 20730
7281,laura.clark@hotmail.com,Laura Clark,68130 Sunset Bypass West Paul SD 58958-8913
7282,elizabeth.ramirez@yahoo.com,Elizabeth Ramirez,81497 Sunset Run Apt. 329 Port Joseph GA 82472
7283,betty.martin@yahoo.com,Betty Martin,96204 Davis Path Apt. 727 Lindachester KY 76355
7284,thomas.jones@campbell.biz,Thomas Jones,40402 Valley Square Larryberg OR 11110-7371
7285,sandra.ramirez@hotmail.com,Sandra Ramirez,88371 Cedar Court Ste. 74 New William NV 40106
7286,laura.campbell@hotmail.com,Laura Campbell,18693 Craig Bypass Unit 728 Joshuahaven PA 40049
7287,charles.perez@hotmail.com,Charles Perez,47826 Oak Shore Suite 459 Port Edward NJ 49998-1526
7288,anna.wilson@aol.com,Anna Wilson,96209 Lincoln Bypass East Susan ME 41194-5103
7289,john.kirby@king.info,John Kirby,62035 River Trail Apt. 19 North Thomas MS 72877
7290,gary.allen@hotmail.com,Gary Allen,84406 Johnson Circle Markland WA 20296
7291,laura.clark@outlook.com,Laura Clark,28757 Maple Street Larryport ND 31755
7292,timothy.baker@outlook.com,Timothy Baker,79226 Spring Crossing Sarahfurt NC 57559-6833
7293,lisa.campbell@aol.com,Lisa Campbell,34951 Walnut Street North James MO 21110
7294,gary.brown@jones.info,Gary Brown,22891 River Avenue North Nancy NE 61223
7295,linda.allen@yahoo.com,Linda Allen,63544 Washington Square North Mark VT 53496-5835
7296,brian.carter@mitchell.com,Brian Carter,9998 Brook Court Stevenbury CT 81159-3455
7297,kevin.king@hotmail.com,Kevin King,69869 Lake Path North James FL 22270
7298,betty.mitchell@gmail.com,Betty Mitchell,41880 Lake Road Fort Nancy CA 38321
7299,kimberly.jones@smith.com,Kimberly Jones,4956 Valley Trail East Daniel UT 81702
7300,jessica.carter@gmail.com,Jessica Carter,96168 Highland Run Ste. 829 New Michael AK 03341
7301,nancy.martinez@miller.info,Nancy Martinez,41145 Adams Way East Thomas NC 72770
7302,richard.anderson@hotmail.com,Richard Anderson,69108 Craig Run Ste. 247 Lake Joshua MT 63050
7303,mary.green@outlook.com,Mary Green,86568 Madison Pass Jamesland SC 02925-5921
7304,margaret.davis@harris.biz,Margaret Davis,13878 Elm Ford Thomasport IN 48960
7305,steven.walker@yahoo.com,Steven Walker,14007 Franklin Bypass Thomasstad TN 07717
7306,susan.walker@gmail.com,Susan Walker,90821 Lincoln Bypass Suite 409 East Edward WY 86616
7307,linda.smith@gmail.com,Linda Smith,41095 Johnson Path West Andrew ID 09379
7308,charles.young@king.org,Charles Young,11557 Adams Plaza Ronaldborough MT 06946
7309,deborah.cain@outlook.com,Deborah Cain,57686 Pine Street Stevenstad HI 04675
7310,stephanie.jones@icloud.com,Stephanie Jones,30971 Hill Avenue Suite 927 Paulburgh NH 31403
7311,amanda.brown@moore.org,Amanda Brown,90280 Park Street Suite 161 East William VT 08672
7312,michelle.rivera@icloud.com,Michelle Rivera,34154 Highland Road Davidborough NH 90151
7313,amy.green@hotmail.com,Amy Green,34171 Sunset Crossing Lake Jason ME 09397
7314,david.martin@brown.net,David Martin,96601 Elm Way South Edward MT 53512
7315,anna.campbell@green.biz,Anna Campbell,4474 Cook Court Ste. 785 Port Edward ND 38473-8040
7316,ronald.kirby@aol.com,Ronald Kirby,5321 Cook Path Unit 576 Jasonfort WY 13116-6661
7317,mark.carter@outlook.com,Mark Carter,45123 Highland Way Apt. 47 Lisafurt HI 44490-8675
7318,barbara.brown@ramirez.info,Barbara Brown,80066 Miller Plaza Andrewshire WA 53113-7485
7319,joseph.baker@martinez.org,Joseph Baker,93594 Maple Ford Apt. 778 Williambury WV 38574
7320,margaret.nguyen@yahoo.com,Margaret Nguyen,55776 Jefferson Loop Maryfurt CT 25223-2042
7321,jeffrey.hall@scott.org,Jeffrey Hall,82132 Shore Way Ste. 610 Lake Mary VT 52135
7322,mark.thomas@icloud.com,Mark Thomas,18226 Elm Run Unit 746 Nancyhaven TX 04491
7323,jennifer.rivera@davis.org,Jennifer Rivera,15964 Pine Road Ste. 488 Fort Kristen OR 35789-6051
7324,mary.harris@thompson.info,Mary Harris,89567 Sunset Circle Ste. 81 Bettyton NV 19775
7325,andrew.lopez@carter.net,Andrew Lopez,51752 Forest Street Suite 994 Annastad CO 31921
7326,betty.thompson@torres.com,Betty Thompson,56270 Elm Avenue Suite 271 East Paul AK 83838
7327,susan.brown@gmail.com,Susan Brown,53927 Davis Path Unit 915 Fort William ID 10744-4213
7328,jeffrey.flores@lewis.net,Jeffrey Flores,21057 Johnson Shore Joshuaburgh VA 84524
7329,william.mitchell@jackson.biz,William Mitchell,59292 Cedar Road Suite 706 Marybury MN 86942
7330,patricia.gonzalez@hill.org,Patricia Gonzalez,45532 River Avenue Davidtown NV 92646
7331,daniel.carter@cain.info,Daniel Carter,36521 Adams Path Apt. 894 North Sarah CO 77347
7332,laura.smith@hotmail.com,Laura Smith,15855 Johnson Path Jasonville TN 46371-5929
7333,larry.torres@hotmail.com,Larry Torres,14866 Lake Circle Suite 934 Josephview OR 74638
7334,charles.wright@gmail.com,Charles Wright,1568 Highland Run Ste. 191 West Michael MT 46567
7335,emily.hall@outlook.com,Emily Hall,81501 Shore Drive Ste. 477 Nancyville IA 04705
7336,jennifer.davis@outlook.com,Jennifer Davis,66390 Washington Court Suite 911 Thomasview UT 06621-9350
7337,sandra.mitchell@campbell.biz,Sandra Mitchell,82533 Madison Terrace New Joseph PA 01686-7450
7338,paul.thomas@outlook.com,Paul Thomas,40740 Elm Path Lisaland NC 58756
7339,deborah.anderson@aol.com,Deborah Anderson,63284 Johnson Loop South Larry NH 73451
7340,george.perez@nelson.com,George Perez,9874 Cook Circle Suite 825 Susanmouth ME 03658
7341,donna.davis@kirby.com,Donna Davis,88482 Shore Lane Ste. 840 Michaelborough NC 08279
7342,timothy.thompson@yahoo.com,Timothy Thompson,6317 Spring Road Unit 310 South Nancy MN 05081
7343,betty.scott@gmail.com,Betty Scott,25086 Forest Trail Kevinchester VA 66061
7344,thomas.hall@thomas.org,Thomas Hall,39904 Meadow Road Suite 805 Kristenview NM 60954
7345,jason.anderson@outlook.com,Jason Anderson,52891 Valley Terrace Apt. 95 West Mary NJ 11951
7346,joseph.anderson@hotmail.com,Joseph Anderson,73803 Miller Road Suite 43 Kristenbury CA 13341
7347,margaret.campbell@gmail.com,Margaret Campbell,59260 Adams Street Thomasville TN 93231
7348,kimberly.ramirez@williams.org,Kimberly Ramirez,86388 Franklin Shore Unit 455 Lake Mary CA 41959
7349,anna.adams@robinson.net,Anna Adams,14356 Cook Way Apt. 542 East Sarah NJ 88487-4014
7350,nicholas.young@hotmail.com,Nicholas Young,65843 Valley Plaza Apt. 744 Joshuastad ME 80777-9568
7351,edward.young@icloud.com,Edward Young,91897 Spring Court Ste. 302 Karenfort ME 92352
7352,kevin.carter@icloud.com,Kevin Carter,49652 Washington Way Lake Sarah WV 91682-5369
7353,david.ramirez@outlook.com,David Ramirez,99909 Elm Bypass Ste. 910 Susanburgh IL 14473
7354,andrew.flores@yahoo.com,Andrew Flores,78207 Cook Street Lindaview MO 44390
7355,larry.kirby@gmail.com,Larry Kirby,82874 Hill Ford South Paul ID 38137-3477
7356,daniel.moore@gmail.com,Daniel Moore,12620 Spring Drive Davidberg MT 69837-1942
7357,emily.king@outlook.com,Emily King,56011 Davis Trail North Kevin NY 12931-1683
7358,edward.scott@outlook.com,Edward Scott,7991 Cook Path Suite 418 Marytown NM 44119-3836
7359,kimberly.jackson@harris.net,Kimberly Jackson,50647 Spring Lane Ronaldberg OR 55217
7360,amy.thompson@walker.com,Amy Thompson,79800 Ridge Court Suite 306 Markville OK 80511
7361,margaret.davis@yahoo.com,Margaret Davis,78932 Washington Square West Michael CA 96883
7362,charles.green@outlook.com,Charles Green,14187 Ridge Circle Apt. 7 Thomasview VA 59785-6259
7363,nancy.nelson@hotmail.com,Nancy Nelson,1973 Lincoln Way Unit 839 Lake George NV 07871
7364,betty.garcia@icloud.com,Betty Garcia,37237 Davis Trail East Mark AL 63984
7365,steven.williams@baker.info,Steven Williams,20826 Sunset Plaza Apt. 672 Larrystad OH 73189
7366,karen.king@hotmail.com,Karen King,88416 Park Crossing Suite 884 Lake Anna WA 59859
7367,paul.wright@hotmail.com,Paul Wright,47301 Maple Drive Apt. 470 East James MN 11405
7368,emily.moore@aol.com,Emily Moore,8249 Davis Loop Lake William TX 40264
7369,susan.adams@aol.com,Susan Adams,41084 Park Square Ste. 823 Fort Benjamin SD 77680
7370,mark.anderson@outlook.com,Mark Anderson,75624 Lincoln Road Unit 670 Joshuahaven LA 20472-2217
7371,sarah.moore@gmail.com,Sarah Moore,69963 Maple Crossing Unit 529 South Joshua PA 94493
7372,steven.young@outlook.com,Steven Young,23970 Spring Circle Susanville NJ 42506
7373,paul.taylor@williams.com,Paul Taylor,96122 Brook Circle Suite 802 South Mary MT 04771
7374,lisa.cain@outlook.com,Lisa Cain,44751 Adams Terrace Apt. 360 South Steven WA 66415
7375,kimberly.kirby@anderson.net,Kimberly Kirby,82953 Pine Circle Fort Joseph IN 04047
7376,charles.jackson@icloud.com,Charles Jackson,79679 Sunset Ford Annamouth ID 04785
7377,nicholas.king@outlook.com,Nicholas King,86725 Pine Terrace West Susan RI 62493
7378,karen.garcia@green.org,Karen Garcia,82835 Johnson Trail Unit 88 Sarahstad OH 02710
7379,anthony.lopez@icloud.com,Anthony Lopez,37614 Valley Path Port Anna AR 33264
7380,sarah.wright@outlook.com,Sarah Wright,33862 Madison Terrace Benjaminmouth AR 06291
7381,barbara.anderson@outlook.com,Barbara Anderson,37228 Craig Ford Port David NC 74855-8338
7382,lisa.thompson@scott.net,Lisa Thompson,93720 Cedar Pass Apt. 881 Sarahbury NC 46147
7383,joseph.young@gmail.com,Joseph Young,57453 Johnson Crossing North Edward GA 47169
7384,betty.campbell@hotmail.com,Betty Campbell,76477 Forest Drive West Kristen NJ 37944
7385,mary.lopez@martinez.net,Mary Lopez,72300 Elm Court Suite 529 Port Andrew MD 25493-7038
7386,emily.clark@yahoo.com,Emily Clark,91077 Highland Lane Ste. 331 East Jason SC 38917
7387,donald.jones@yahoo.com,Donald Jones,37088 Hill Circle South Daniel CO 87837-9354
7388,elizabeth.wright@harris.com,Elizabeth Wright,89424 Pine Loop Markfurt CT 43373
7389,charles.kirby@hotmail.com,Charles Kirby,1764 Cedar Plaza Unit 995 Kristenberg AZ 89294
7390,ronald.harris@taylor.info,Ronald Harris,33155 Cedar Pass Paulberg MI 71811-5699
7391,amanda.baker@icloud.com,Amanda Baker,50958 Davis Lane Nancyville CA 91498-1422
7392,charles.johnson@icloud.com,Charles Johnson,10286 Johnson Trail Port Mary MN 97253
7393,ronald.williams@icloud.com,Ronald Williams,90890 Craig Street Michaelport MN 29083
7394,susan.johnson@aol.com,Susan Johnson,76118 Forest Terrace Fort Steven RI 92166
7395,mark.lee@yahoo.com,Mark Lee,32108 River Crossing West Nancy AL 24854
7396,larry.flores@rivera.com,Larry Flores,56182 Shore Terrace Apt. 824 West James TX 16523-3421
7397,thomas.gonzalez@icloud.com,Thomas Gonzalez,34554 Brook Square Unit 645 West Andrew IL 18149
7398,ronald.smith@robinson.net,Ronald Smith,5233 Lincoln Avenue Unit 574 Josephport ME 66905
7399,amanda.jones@perez.biz,Amanda Jones,8129 Franklin Bypass Josephside CA 34919-6033
7400,ashley.thomas@baker.info,Ashley Thomas,34359 Maple Crossing North Anna AR 67494
7401,michelle.walker@hotmail.com,Michelle Walker,53123 Cedar Loop North James ME 90531
7402,jason.miller@yahoo.com,Jason Miller,52643 Craig Bypass Suite 565 Fort Ronald PA 62575
7403,larry.thomas@king.org,Larry Thomas,25675 Park Street Lake William ME 90818
7404,nancy.thomas@outlook.com,Nancy Thomas,52996 River Road Unit 793 Port Anna DE 07997-4052
7405,matthew.williams@outlook.com,Matthew Williams,36688 Madison Bypass Apt. 436 Stevenville NM 87249
7406,laura.anderson@aol.com,Laura Anderson,48410 Shore Court West Steven MA 59628
7407,jennifer.white@nguyen.org,Jennifer White,28915 Shore Way East Paul FL 62815
7408,barbara.johnson@robinson.org,Barbara Johnson,3178 Shore Avenue Apt. 699 South Kevin VA 71944-6931
7409,karen.harris@hotmail.com,Karen Harris,48736 Johnson Street Port William LA 21598
7410,larry.ramirez@yahoo.com,Larry Ramirez,64389 Walnut Ford Apt. 151 Sarahfurt MN 27221-3850
7411,anna.baker@outlook.com,Anna Baker,29974 Jefferson Path Danielfurt UT 68965
7412,karen.brown@hotmail.com,Karen Brown,83832 Pine Lane Suite 795 Brianland DE 42233
7413,kimberly.lopez@gmail.com,Kimberly Lopez,46519 Washington Run Kristenside HI 28172
7414,deborah.baker@outlook.com,Deborah Baker,40059 Adams Road Williamside AL 95714
7415,michelle.garcia@outlook.com,Michelle Garcia,14810 Carter Ford Unit 528 West Mark SC 78731-7508
7416,stephanie.taylor@outlook.com,Stephanie Taylor,3895 Maple Plaza North Kevin WA 86800
7417,ashley.thompson@allen.info,Ashley Thompson,76878 Pine Court Apt. 924 Fort Benjamin MD 33147
7418,kevin.brown@aol.com,Kevin Brown,24682 Cook Road Suite 126 South Nancy NM 70919
7419,patricia.martinez@thompson.info,Patricia Martinez,41327 Brook Road Ste. 156 Paulville ID 87187-7926
7420,gary.young@yahoo.com,Gary Young,81695 Davis Plaza Kevinfort OH 53232-2185
7421,brian.moore@taylor.biz,Brian Moore,57447 Adams Way Jamesbury WY 53062
7422,joseph.williams@hotmail.com,Joseph Williams,32038 Lincoln Drive New Karen OH 77326-3352
7423,kevin.carter@gonzalez.net,Kevin Carter,95796 River Avenue South Linda CO 19463
7424,michelle.taylor@nelson.com,Michelle Taylor,48521 Highland Drive Apt. 799 West Andrew NV 93298
7425,emily.smith@yahoo.com,Emily Smith,76257 Brook Run Benjaminhaven VT 84060
7426,amy.miller@gmail.com,Amy Miller,2299 Davis Way Ste. 184 Karenside MO 11456
7427,charles.davis@aol.com,Charles Davis,37964 Highland Pass Ste. 740 Maryhaven IN 27613-2394
7428,kevin.baker@lopez.com,Kevin Baker,71015 Park Trail Suite 907 Joshuaberg NY 32903
7429,michael.wright@smith.net,Michael Wright,41754 Ridge Ford Unit 666 Benjaminburgh VA 70105
7430,susan.green@hotmail.com,Susan Green,40433 Shore Plaza Ste. 608 Port Linda HI 22980
7431,mary.jackson@aol.com,Mary Jackson,87280 Maple Trail Suite 285 Davidborough NE 55635-6948
7432,steven.adams@gmail.com,Steven Adams,559 Fox Terrace Suite 267 Lake Karen GA 66753
7433,barbara.williams@aol.com,Barbara Williams,79760 Sunset Avenue Apt. 564 Fort Mary OH 52158
7434,james.sanchez@johnson.net,James Sanchez,61481 Madison Terrace Lisachester KY 82706
7435,nancy.robinson@perez.info,Nancy Robinson,8500 Forest Pass Ste. 867 Kevinstad AL 21406
7436,edward.harris@walker.info,Edward Harris,41112 Adams Drive New Linda IL 27553-3519
7437,anthony.lee@young.biz,Anthony Lee,24591 Davis Circle Lake Benjamin WY 83927
7438,matthew.smith@davis.biz,Matthew Smith,81405 Oak Pass Unit 942 Jasonport AR 84970
7439,linda.walker@aol.com,Linda Walker,56671 Johnson Trail Suite 738 Georgefort ND 57988
7440,karen.cain@lopez.net,Karen Cain,74575 Pine Drive Apt. 547 New Kristen AK 20698
7441,william.rivera@wilson.info,William Rivera,83368 Walnut Plaza Kevinshire KY 89996-4931
7442,betty.miller@aol.com,Betty Miller,33070 Adams Street East Kevin OH 88554
7443,karen.campbell@martinez.info,Karen Campbell,36191 Lincoln Ford Suite 402 South Sarah AZ 30748
7444,jason.nguyen@aol.com,Jason Nguyen,64724 Highland Crossing South Sarah IA 76134-3590
7445,larry.gonzalez@lewis.org,Larry Gonzalez,3154 Valley Pass Ste. 863 Fort Ronald OR 05858
7446,donna.allen@aol.com,Donna Allen,11340 Hill Bypass Unit 810 Kristenburgh OK 85997
7447,gary.davis@sanchez.org,Gary Davis,6978 Cook Drive Williamchester MO 72631
7448,laura.jackson@outlook.com,Laura Jackson,13261 Elm Road Suite 199 Edwardmouth NY 99097
7449,anthony.wright@yahoo.com,Anthony Wright,682 River Circle Jasonberg NH 13170
7450,jason.williams@thomas.net,Jason Williams,53121 Hill Trail East James MI 13697
7451,karen.scott@yahoo.com,Karen Scott,40800 Jefferson Path Sarahhaven TN 25937
7452,ronald.lopez@aol.com,Ronald Lopez,48542 Ridge Circle Suite 506 North Paul TN 82470
7453,donald.robinson@aol.com,Donald Robinson,18360 Walnut Street Ste. 277 New George ID 57180-8063
7454,kimberly.cain@robinson.org,Kimberly Cain,26182 Highland Run Port Lisa AR 48453-7541
7455,richard.lee@thomas.net,Richard Lee,42759 Washington Ford Ste. 248 Sarahside MS 29428
7456,kevin.green@hall.biz,Kevin Green,8638 Madison Circle Lake William GA 53771
7457,richard.torres@aol.com,Richard Torres,82637 Franklin Run Karenland TN 70213
7458,sandra.taylor@yahoo.com,Sandra Taylor,47850 Forest Lane Edwardstad VA 05157
7459,mary.wilson@thompson.com,Mary Wilson,18666 Adams Trail Ste. 513 Joshualand IN 43069-7502
7460,larry.walker@aol.com,Larry Walker,56191 Shore Crossing Ste. 525 Edwardview VA 93371
7461,helen.white@aol.com,Helen White,94014 Miller Street East James WY 25309
7462,amanda.sanchez@outlook.com,Amanda Sanchez,22861 Hill Pass Josephland HI 29107
7463,ryan.scott@carter.info,Ryan Scott,44309 Franklin Square Suite 583 Fort Sarah ME 35800
7464,edward.nguyen@icloud.com,Edward Nguyen,81818 Cook Street Apt. 886 South Joshua AR 79242
7465,charles.perez@gmail.com,Charles Perez,40438 Shore Loop Suite 535 Thomasburgh MT 17424-8354
7466,laura.flores@icloud.com,Laura Flores,23382 Shore Bypass Unit 220 Jamesside SC 45542-7379
7467,george.taylor@gmail.com,George Taylor,12020 Valley Terrace Ste. 8 Port Linda NC 30947-9433
7468,gary.wilson@sanchez.org,Gary Wilson,96836 Pine Circle Ste. 736 Davidhaven NM 32305
7469,deborah.perez@gmail.com,Deborah Perez,58632 Pine Trail Apt. 318 North Joshua TX 78283-1913
7470,nicholas.scott@flores.org,Nicholas Scott,27946 Fox Trail Unit 748 West Edward OK 15887
7471,betty.clark@wilson.org,Betty Clark,7651 Spring Pass Port Linda NC 56508
7472,carol.green@martinez.com,Carol Green,96298 Walnut Pass South Lisa AK 63499
7473,emily.sanchez@walker.com,Emily Sanchez,78435 Cook Ford Apt. 691 Lisashire GA 69076-7981
7474,richard.torres@icloud.com,Richard Torres,31324 Johnson Shore Ste. 408 Sarahland MI 35698
7475,jeffrey.green@harris.biz,Jeffrey Green,12499 Jefferson Avenue Unit 316 Lake David UT 79494
7476,jason.baker@allen.org,Jason Baker,88565 Washington Road Danielhaven MA 84222
7477,nancy.wright@gmail.com,Nancy Wright,72717 Walnut Court Unit 576 South Susan MT 07480
7478,nancy.adams@ramirez.biz,Nancy Adams,21069 Cedar Plaza Fort Joshua CT 56704-9253
7479,deborah.thompson@hotmail.com,Deborah Thompson,19475 Cook Terrace Unit 666 Stevenstad GA 81904
7480,nicholas.martinez@outlook.com,Nicholas Martinez,60073 Hill Way West George ID 26378
7481,andrew.carter@aol.com,Andrew Carter,88426 Washington Drive Unit 171 Lake Andrew WI 28228
7482,george.wright@young.com,George Wright,44645 Elm Bypass Edwardchester OR 26646
7483,jeffrey.hall@harris.com,Jeffrey Hall,67344 Ridge Way West George WV 80141
7484,susan.perez@green.info,Susan Perez,85952 Madison Lane Fort Lisa ID 27019
7485,lisa.wright@yahoo.com,Lisa Wright,10443 Adams Drive Suite 257 North Betty WI 30496
7486,kevin.lewis@clark.biz,Kevin Lewis,34244 Lincoln Path Suite 385 Kristenberg GA 96912-7195
7487,emily.wright@carter.net,Emily Wright,90870 Madison Plaza Ste. 160 East Steven MN 14417
7488,sarah.campbell@hotmail.com,Sarah Campbell,29512 Craig Bypass North Paul KY 04516
7489,sarah.ramirez@rivera.info,Sarah Ramirez,93105 Ridge Bypass Unit 423 Lake Edward GA 48067
7490,deborah.cain@gmail.com,Deborah Cain,53547 Davis Road Michaelbury NE 60348
7491,steven.king@nguyen.net,Steven King,11238 Spring Square Unit 60 New Anna AR 27151
7492,donna.smith@hotmail.com,Donna Smith,43842 Oak Way Ste. 877 South Steven SD 47591
7493,melissa.smith@outlook.com,Melissa Smith,63076 Washington Lane Annahaven NE 99848-7296
7494,jeffrey.green@gmail.com,Jeffrey Green,14451 Park Trail Joshuamouth OK 98660
7495,barbara.davis@outlook.com,Barbara Davis,85517 Jefferson Trail Ste. 595 South David KY 11190-4239
7496,david.rivera@aol.com,David Rivera,72076 Miller Path Ste. 121 New Anna KY 38201-2881
7497,gary.smith@aol.com,Gary Smith,97407 Highland Square South Sarah MT 52858-5338
7498,thomas.baker@torres.net,Thomas Baker,51188 Forest Run Apt. 857 South Ronald UT 89987-6469
7499,amanda.lewis@aol.com,Amanda Lewis,95523 Madison Drive Lake Ronald WY 99819
7500,margaret.mitchell@icloud.com,Margaret Mitchell,71759 Jefferson Crossing Lindafort MT 96786-2532
7501,ashley.walker@icloud.com,Ashley Walker,2915 Franklin Plaza Apt. 868 Lake Lisa MN 21135
7502,deborah.jones@carter.org,Deborah Jones,80259 Davis Circle Suite 118 Lake Anna IN 25906-2607
7503,david.lopez@baker.net,David Lopez,47163 Oak Road Ste. 496 Georgestad WA 62477
7504,sarah.clark@yahoo.com,Sarah Clark,97254 Highland Shore Apt. 797 Port Susan IA 10932
7505,brian.baker@icloud.com,Brian Baker,61255 Elm Avenue Brianport AR 39932
7506,michael.thomas@jones.info,Michael Thomas,55365 Cook Pass Unit 348 North Linda NY 46517
7507,jeffrey.wilson@aol.com,Jeffrey Wilson,23695 River Crossing Apt. 265 Karenland IL 29444-3381
7508,jessica.carter@aol.com,Jessica Carter,6788 Craig Shore Benjaminberg OK 63181
7509,mark.nelson@williams.org,Mark Nelson,60981 Sunset Road Apt. 63 Joshuaberg SD 30387
7510,donna.thompson@thomas.net,Donna Thompson,1018 Washington Court Lake Andrew WA 46243-5313
7511,amy.lee@icloud.com,Amy Lee,63757 Spring Ford Apt. 858 Benjaminton TX 58763
7512,steven.adams@clark.org,Steven Adams,49020 Valley Ford Joshuahaven WI 25256-1201
7513,timothy.nelson@aol.com,Timothy Nelson,78868 Meadow Pass New Jason TN 24451
7514,laura.torres@icloud.com,Laura Torres,24458 Fox Avenue West James ID 90719
7515,amanda.carter@gmail.com,Amanda Carter,51681 Highland Avenue Sarahland VA 09189
7516,andrew.williams@nelson.org,Andrew Williams,43077 Ridge Ford Ste. 99 Jameston ND 43842
7517,melissa.campbell@icloud.com,Melissa Campbell,7143 Elm Crossing Apt. 952 New Sarah HI 99609
7518,helen.king@hill.net,Helen King,84635 Valley Avenue Unit 421 Port Michael NV 76104
7519,ryan.moore@mitchell.org,Ryan Moore,14583 Washington Court Joshuamouth MI 47854-6812
7520,joshua.thompson@wright.biz,Joshua Thompson,20556 Pine Circle South Michael AK 24337
7521,kimberly.lewis@hotmail.com,Kimberly Lewis,60159 Sunset Circle Georgebury MA 80273
7522,richard.garcia@icloud.com,Richard Garcia,50240 Brook Loop Port Andrew WI 10530
7523,mark.williams@outlook.com,Mark Williams,74329 Highland Plaza Apt. 330 Fort Kevin MD 94953-2269
7524,michael.torres@lopez.net,Michael Torres,38323 Sunset Bypass Apt. 34 Williammouth WY 10419
7525,matthew.thompson@cain.net,Matthew Thompson,62148 Hill Avenue Ste. 424 Karenville ND 63705
7526,jason.taylor@hotmail.com,Jason Taylor,93495 Cook Way Suite 403 Lindaport AL 87832
7527,anthony.baker@aol.com,Anthony Baker,99433 Adams Drive Edwardchester RI 64360
7528,ashley.carter@yahoo.com,Ashley Carter,19787 Madison Pass North Thomas FL 83697
7529,donald.robinson@gmail.com,Donald Robinson,71658 Oak Crossing Lisaberg MA 49431-9951
7530,patricia.carter@outlook.com,Patricia Carter,11410 Park Loop Karenburgh IA 25108
7531,helen.kirby@icloud.com,Helen Kirby,52108 Spring Plaza Kevinbury WY 76325-2203
7532,linda.hill@gmail.com,Linda Hill,55839 Craig Drive Lisaport RI 04579
7533,david.brown@yahoo.com,David Brown,48857 Davis Trail Apt. 155 Kevinville MA 26717
7534,brian.clark@gmail.com,Brian Clark,77958 Johnson Square Unit 572 Fort Mary MI 91075
7535,barbara.martinez@gmail.com,Barbara Martinez,1383 Park Pass North Kevin MD 99248-2801
7536,mary.campbell@nelson.net,Mary Campbell,5911 Craig Shore Fort Kristen TX 99015
7537,george.white@adams.net,George White,62899 Lake Path Apt. 142 South Kevin NY 39761
7538,elizabeth.davis@gmail.com,Elizabeth Davis,59424 Spring Bypass Fort Linda VA 62106
7539,paul.gonzalez@outlook.com,Paul Gonzalez,64993 Valley Way Ste. 405 Fort Mary WY 26534
7540,ryan.lee@lewis.com,Ryan Lee,96538 Adams Shore Suite 370 Bettyburgh AL 74013
7541,mark.campbell@flores.biz,Mark Campbell,67692 Brook Street Unit 379 Lindaville WV 32092
7542,ronald.scott@gmail.com,Ronald Scott,60408 Shore Circle Ste. 521 Fort Linda WV 74165
7543,carol.flores@outlook.com,Carol Flores,83253 Lake Road Ste. 824 Josephbury OH 62742
7544,patricia.carter@outlook.com,Patricia Carter,1012 Ridge Pass Suite 63 Maryshire IL 40766-7858
7545,mark.jackson@yahoo.com,Mark Jackson,15425 Forest Street Port Karen WY 20260-1184
7546,mary.nguyen@torres.biz,Mary Nguyen,58554 Brook Path Suite 625 Davidbury ND 90736-1348
7547,john.carter@hotmail.com,John Carter,32626 Oak Court Fort George VA 25889
7548,jennifer.harris@aol.com,Jennifer Harris,94709 Craig Path Apt. 720 Jameschester AZ 22706
7549,william.flores@green.net,William Flores,24573 Spring Run Suite 305 Sarahland IN 12496-1366
7550,anna.torres@harris.com,Anna Torres,11747 Valley Run Kevinport AZ 43031
7551,jason.hall@torres.net,Jason Hall,85656 Forest Way Apt. 832 Nancyview MI 15035
7552,thomas.king@scott.net,Thomas King,21250 Oak Circle Apt. 555 West Jason IA 47219
7553,jennifer.flores@yahoo.com,Jennifer Flores,53197 Ridge Pass Unit 781 Michaelport HI 91156
7554,david.hill@outlook.com,David Hill,72246 Sunset Plaza Ste. 958 Bettyland IL 85923
7555,daniel.scott@outlook.com,Daniel Scott,23768 Franklin Circle Paultown CA 54999-6158
7556,anthony.miller@outlook.com,Anthony Miller,98085 Ridge Pass Susanchester NJ 37928
7557,nancy.young@aol.com,Nancy Young,84078 Lake Court Apt. 704 Kristenville PA 90083-8626
7558,mary.miller@harris.biz,Mary Miller,88438 Cedar Path Davidtown HI 52176
7559,george.flores@brown.com,George Flores,57180 Ridge Lane North Mary MI 57040
7560,andrew.green@gmail.com,Andrew Green,5135 Shore Terrace Lake George NC 33816
7561,karen.wright@nelson.net,Karen Wright,40357 Maple Square Michaelberg NV 97744
7562,laura.walker@icloud.com,Laura Walker,72854 Cook Ford East Daniel NY 12252
7563,john.carter@gmail.com,John Carter,85089 Carter Trail Apt. 801 Kristenborough NV 81411
7564,laura.jones@brown.info,Laura Jones,35048 Valley Court Suite 728 Lake William NH 29148
7565,gary.mitchell@carter.biz,Gary Mitchell,84680 Adams Bypass East Brian GA 64278
7566,richard.adams@outlook.com,Richard Adams,75409 Meadow Avenue Unit 751 Joshuaberg OR 23395
7567,mary.torres@yahoo.com,Mary Torres,21294 Adams Ford West Joseph CT 68957
7568,kimberly.campbell@martin.org,Kimberly Campbell,84708 Park Pass Suite 604 Georgeshire MA 45823
7569,edward.clark@aol.com,Edward Clark,74449 Fox Trail Annaview OK 20025-8217
7570,ashley.thompson@outlook.com,Ashley Thompson,43646 Washington Avenue West George IL 40198
7571,nicholas.mitchell@hall.info,Nicholas Mitchell,14265 Sunset Drive Brianborough AZ 22301-5751
7572,nancy.anderson@hotmail.com,Nancy Anderson,74483 Davis Trail Thomasview ME 27092
7573,barbara.martinez@johnson.org,Barbara Martinez,48119 Meadow Ford New Nancy IA 40482
7574,james.miller@icloud.com,James Miller,81620 Forest Loop Lake Larry NV 28405
7575,michelle.martinez@yahoo.com,Michelle Martinez,18266 Forest Loop Ste. 248 Benjaminmouth PA 76634
7576,barbara.nelson@lee.org,Barbara Nelson,62985 Craig Square North Sarah NE 43843
7577,ashley.harris@icloud.com,Ashley Harris,71609 Lincoln Road Unit 491 Brianview CO 09829
7578,thomas.wilson@yahoo.com,Thomas Wilson,48866 Fox Circle North Michael UT 34138
7579,kimberly.adams@jones.info,Kimberly Adams,36306 Craig Path Lake Larry SC 72205-2499
7580,sandra.hill@hotmail.com,Sandra Hill,26960 Park Bypass Suite 604 Fort Brian NM 85927
7581,mark.campbell@moore.biz,Mark Campbell,90729 Shore Trail Nancyfort SC 95646
7582,linda.johnson@walker.org,Linda Johnson,70714 Forest Crossing Unit 30 Bettyside MT 37104
7583,ryan.harris@cain.com,Ryan Harris,93977 Valley Square Unit 898 Davidville NE 16389-6249
7584,gary.moore@outlook.com,Gary Moore,79702 Valley Terrace Stevenport KS 34417
7585,steven.cain@gmail.com,Steven Cain,5957 Ridge Lane Port Joshua KS 27507-4769
7586,ryan.ramirez@jones.info,Ryan Ramirez,23077 Davis Bypass Ste. 472 Bettyhaven AL 25394
7587,deborah.smith@aol.com,Deborah Smith,14432 Park Square Fort Mark VA 89776-1344
7588,edward.kirby@rivera.org,Edward Kirby,20465 Franklin Road East Susan CA 68620-8149
7589,melissa.carter@icloud.com,Melissa Carter,31469 Carter Street Annaport IA 42590
7590,deborah.rivera@hotmail.com,Deborah Rivera,15076 Park Crossing Suite 425 Lisaburgh WY 44273-1112
7591,amanda.carter@torres.info,Amanda Carter,28367 Davis Pass Apt. 510 Benjaminside DE 01685-6582
7592,kimberly.kirby@aol.com,Kimberly Kirby,95449 Hill Way Lake Thomas OK 05612
7593,helen.miller@gmail.com,Helen Miller,26485 Valley Drive Suite 467 South George LA 63237-4986
7594,nancy.martinez@mitchell.org,Nancy Martinez,83470 Maple Square Georgestad VT 61636-9861
7595,richard.kirby@wilson.net,Richard Kirby,4505 Cedar Bypass Sarahstad NY 05557
7596,charles.smith@allen.org,Charles Smith,82997 Shore Crossing Apt. 87 North Susan WA 39438
7597,steven.nguyen@lewis.info,Steven Nguyen,13971 Forest Pass Port Thomas FL 47938-9211
7598,jessica.mitchell@aol.com,Jessica Mitchell,84133 Pine Square Apt. 527 East Karen KS 74591
7599,william.williams@thomas.net,William Williams,574 Cook Path East Joshua PA 36065
7600,patricia.baker@mitchell.biz,Patricia Baker,79296 Davis Way Apt. 875 North Nancy HI 60579
7601,patricia.lee@yahoo.com,Patricia Lee,77462 Franklin Square Port Lisa GA 10944
7602,nicholas.lewis@outlook.com,Nicholas Lewis,96674 Lincoln Run Apt. 41 Lake Paul SD 49500
7603,michael.cain@icloud.com,Michael Cain,16713 Lincoln Run Unit 990 West Betty OH 76996-9614
7604,timothy.jackson@robinson.net,Timothy Jackson,92762 Davis Bypass New Paul ID 12262
7605,ronald.kirby@gonzalez.biz,Ronald Kirby,77460 Lincoln Pass Unit 359 East William VT 83066-6159
7606,david.kirby@gmail.com,David Kirby,1820 Highland Run Fort Kevin KS 89736
7607,michelle.moore@outlook.com,Michelle Moore,10260 Pine Shore Jamesshire NH 61011
7608,jessica.robinson@adams.biz,Jessica Robinson,6688 Hill Road Georgeburgh TN 29388
7609,amanda.gonzalez@aol.com,Amanda Gonzalez,78699 Elm Loop Apt. 171 Ronaldburgh AR 69771
7610,patricia.rivera@hotmail.com,Patricia Rivera,5979 Spring Shore Unit 559 Fort Kevin FL 88230-9302
7611,charles.white@outlook.com,Charles White,23061 Johnson Pass Apt. 360 Port Paul KS 31281-3078
7612,steven.green@gmail.com,Steven Green,17718 Meadow Circle Susanhaven CT 94231-7405
7613,helen.nguyen@harris.net,Helen Nguyen,33889 Hill Way Steventon MA 31071-3785
7614,ronald.carter@icloud.com,Ronald Carter,706 Fox Path Kevinport SC 27955
7615,jason.jones@walker.org,Jason Jones,38042 Walnut Court Suite 927 Georgeburgh NC 41420
7616,jeffrey.baker@torres.biz,Jeffrey Baker,92085 Park Shore Ste. 129 Fort Anna WV 11446
7617,charles.allen@outlook.com,Charles Allen,72156 Walnut Drive East Benjamin ID 47960-6433
7618,richard.hill@sanchez.org,Richard Hill,98424 Jefferson Shore Ste. 916 Georgeborough UT 55565-5523
7619,james.sanchez@aol.com,James Sanchez,11216 Maple Drive Markfort LA 12664
7620,timothy.wright@lee.org,Timothy Wright,25825 Walnut Street Danielborough SD 08396
7621,anna.campbell@outlook.com,Anna Campbell,82931 Pine Court Paulville PA 28794
7622,william.moore@aol.com,William Moore,97492 Davis Bypass Unit 307 West Linda TX 79001-7692
7623,sandra.perez@aol.com,Sandra Perez,34433 Franklin Trail Unit 187 Joshuaside WY 16750
7624,brian.flores@yahoo.com,Brian Flores,72782 Davis Path New Michael DE 43343
7625,ashley.anderson@jones.biz,Ashley Anderson,12759 Highland Trail West Larry CA 98272-5073
7626,michelle.wilson@williams.net,Michelle Wilson,92625 Oak Way Markborough DE 19386
7627,jessica.nelson@carter.biz,Jessica Nelson,23424 Maple Square Brianton AR 88371-2095
7628,susan.carter@yahoo.com,Susan Carter,9761 Cedar Avenue Andrewstad NJ 91363-8612
7629,ronald.carter@icloud.com,Ronald Carter,85852 Cedar Square Apt. 881 New George MS 32685
7630,richard.taylor@aol.com,Richard Taylor,42095 Valley Terrace Larryshire IA 97211
7631,sarah.brown@gmail.com,Sarah Brown,32225 Johnson Court Ste. 799 Brianton ME 84338
7632,jennifer.garcia@hall.info,Jennifer Garcia,35172 Davis Loop South Daniel WA 51313
7633,larry.torres@thompson.biz,Larry Torres,36553 Jefferson Terrace Ste. 856 Stevenburgh LA 69511
7634,george.hall@gonzalez.org,George Hall,12404 Valley Pass East Mark CO 23965
7635,jessica.walker@white.info,Jessica Walker,13693 Maple Ford Unit 79 Larryburgh OH 08690-4911
7636,emily.torres@yahoo.com,Emily Torres,82905 Carter Street Apt. 264 Fort David GA 30442
7637,william.rivera@adams.com,William Rivera,54689 Craig Lane Port Betty MO 54274
7638,george.perez@lopez.org,George Perez,96152 Highland Avenue Suite 406 Brianside ME 13807
7639,karen.anderson@yahoo.com,Karen Anderson,73237 Adams Ford North Joseph KS 48652
7640,barbara.wilson@hotmail.com,Barbara Wilson,53519 Adams Bypass Susanmouth IN 01660
7641,david.ramirez@aol.com,David Ramirez,83391 Brook Loop New Lisa NJ 21980
7642,elizabeth.taylor@torres.biz,Elizabeth Taylor,76455 Oak Way Ste. 501 East Brian TN 30237
7643,jeffrey.martinez@jones.net,Jeffrey Martinez,22054 Highland Square West Edward NH 92708-1721
7644,patricia.walker@aol.com,Patricia Walker,78253 Maple Ford Suite 760 Joshuashire MI 73538-8709
7645,sarah.williams@moore.biz,Sarah Williams,23089 Johnson Drive Unit 599 West Betty ME 17546
7646,mark.smith@brown.biz,Mark Smith,12460 Park Run Edwardfort MN 73096
7647,anna.cain@sanchez.info,Anna Cain,73609 Fox Crossing Unit 972 East James WI 71937-3730
7648,steven.mitchell@walker.biz,Steven Mitchell,34930 Oak Street Lisafort VT 81738
7649,helen.miller@ramirez.org,Helen Miller,70582 Ridge Way Ste. 394 East Lisa NH 25848-5617
7650,andrew.lewis@yahoo.com,Andrew Lewis,11596 Lake Bypass Apt. 103 Lake Mark VA 02355
7651,john.garcia@adams.net,John Garcia,19359 Forest Road Unit 566 Lake Mark WI 78286
7652,thomas.walker@torres.com,Thomas Walker,97451 Shore Terrace Unit 789 Ronaldmouth IL 89356
7653,anthony.brown@baker.com,Anthony Brown,48894 Carter Square Suite 710 Georgeport IL 22082
7654,patricia.johnson@icloud.com,Patricia Johnson,53990 Franklin Way Bettyfort WA 80352
7655,joseph.scott@aol.com,Joseph Scott,45689 Maple Circle North Benjamin MN 06125
7656,donna.davis@walker.info,Donna Davis,22193 Shore Circle Unit 362 Jameston AL 36989
7657,richard.jones@moore.net,Richard Jones,49966 Madison Court Apt. 233 Lindaport WY 40116-8058
7658,donald.campbell@aol.com,Donald Campbell,36176 Forest Shore Ste. 831 Fort William TX 17559
7659,ryan.scott@king.net,Ryan Scott,13021 Craig Court Unit 831 Lindaland WY 14957
7660,michael.jackson@baker.info,Michael Jackson,8029 Cedar Crossing Lake Steven KY 29509-9749
7661,ryan.carter@yahoo.com,Ryan Carter,55210 Jefferson Street Ste. 628 Fort Edward WI 48292
7662,betty.clark@gmail.com,Betty Clark,90367 Park Ford Unit 521 East Joseph OR 67613-7262
7663,jason.nelson@gmail.com,Jason Nelson,77863 Forest Lane Unit 959 Josephfort CT 26242
7664,linda.ramirez@lewis.biz,Linda Ramirez,22464 Johnson Run Unit 962 South Ronald IL 16244
7665,melissa.moore@miller.com,Melissa Moore,69470 Washington Circle New Linda AL 64656-6078
7666,jessica.campbell@gmail.com,Jessica Campbell,38320 Johnson Trail Unit 186 Edwardhaven SD 86127
7667,ronald.miller@outlook.com,Ronald Miller,2673 Spring Square Suite 457 Port Steven TX 43139-4442
7668,william.davis@hotmail.com,William Davis,34806 Davis Terrace Unit 979 Kevinville WV 66612
7669,edward.scott@gmail.com,Edward Scott,83323 Maple Court Danielland WA 48586
7670,anna.carter@brown.com,Anna Carter,20555 Franklin Drive Ronaldton AK 99815-3691
7671,emily.campbell@wright.biz,Emily Campbell,5695 River Loop Josephton AZ 47917
7672,andrew.perez@hill.net,Andrew Perez,65742 Johnson Terrace Karenhaven ID 55564-3729
7673,linda.brown@aol.com,Linda Brown,23887 Craig Loop Apt. 98 New Benjamin HI 60479-4857
7674,charles.mitchell@clark.com,Charles Mitchell,96111 Meadow Drive Port Thomas MI 20297
7675,thomas.brown@yahoo.com,Thomas Brown,52655 Fox Drive Suite 651 Sarahhaven WA 81084
7676,joseph.wright@icloud.com,Joseph Wright,31473 Spring Run New Joshua CA 35205
7677,barbara.johnson@baker.com,Barbara Johnson,17953 Elm Path Michaelmouth MN 69618-3455
7678,jessica.thomas@allen.info,Jessica Thomas,25098 Johnson Pass Lake Anna AR 06953
7679,jennifer.allen@icloud.com,Jennifer Allen,30534 Forest Circle Apt. 90 North Benjamin OR 30639
7680,susan.perez@hotmail.com,Susan Perez,53144 Pine Crossing Apt. 587 Jasonhaven NY 18257
7681,donald.carter@williams.com,Donald Carter,42306 Shore Avenue Nancybury ND 10281
7682,kevin.lopez@outlook.com,Kevin Lopez,21674 Ridge Circle New Kristen NC 20838
7683,nicholas.davis@gmail.com,Nicholas Davis,98150 Shore Lane Stevenland NV 47028
7684,deborah.gonzalez@carter.org,Deborah Gonzalez,63667 Miller Crossing Ste. 166 Michaelside SD 46910
7685,deborah.miller@outlook.com,Deborah Miller,55723 Craig Way Unit 949 Lake Paul MN 61361-3151
7686,charles.kirby@torres.com,Charles Kirby,49401 Meadow Lane Georgefort RI 76923
7687,andrew.baker@icloud.com,Andrew Baker,42878 Cook Terrace New Susan VA 27629-1984
7688,anthony.green@lewis.biz,Anthony Green,15265 Fox Court Unit 956 Fort Betty OK 63870-3451
7689,jason.jones@harris.com,Jason Jones,73764 Park Road Suite 922 Jameschester MS 81830
7690,donald.williams@yahoo.com,Donald Williams,16232 Hill Drive Ronaldview KY 51698
7691,mary.moore@wright.biz,Mary Moore,32904 Meadow Drive Joshualand MS 59570
7692,paul.baker@outlook.com,Paul Baker,97814 Elm Terrace Lake Betty NY 01218
7693,laura.taylor@wilson.org,Laura Taylor,46054 Walnut Ford Unit 663 Lake Ronald NV 56122
7694,jeffrey.lewis@miller.info,Jeffrey Lewis,89694 Park Terrace Lake Lisa MI 75909
7695,stephanie.miller@lee.info,Stephanie Miller,86480 Cook Square Unit 453 Lisafort AR 02252
7696,nicholas.torres@aol.com,Nicholas Torres,76645 Sunset Court Ste. 863 Port Michael LA 31984-1092
7697,steven.sanchez@yahoo.com,Steven Sanchez,32877 Jefferson Loop Ronaldbury WA 36267
7698,kimberly.lee@aol.com,Kimberly Lee,46251 Oak Way Brianville KY 39446
7699,rebecca.thomas@torres.org,Rebecca Thomas,84352 Ridge Run Lake Betty WI 94514
7700,rebecca.adams@gmail.com,Rebecca Adams,57136 Pine Terrace Jamesland MT 51581
7701,john.adams@icloud.com,John Adams,95381 Pine Ford West Benjamin ND 34278
7702,paul.garcia@outlook.com,Paul Garcia,74311 Jefferson Way East David MO 53070-6982
7703,elizabeth.nelson@gmail.com,Elizabeth Nelson,90692 Valley Drive South Larry NY 02438
7704,jeffrey.martinez@icloud.com,Jeffrey Martinez,39658 Shore Way Apt. 42 Susanburgh MI 68882
7705,jason.scott@gmail.com,Jason Scott,62473 Pine Road Unit 615 Lindamouth IN 48350
7706,emily.white@yahoo.com,Emily White,10725 Madison Path Ste. 55 Lake Steven NJ 96372-4592
7707,anthony.hall@hotmail.com,Anthony Hall,18628 Cook Bypass Ste. 692 Lake Kevin MO 19633-6010
7708,larry.sanchez@gonzalez.biz,Larry Sanchez,53998 Spring Circle Unit 495 New Kevin NH 55152
7709,mary.anderson@gmail.com,Mary Anderson,92178 Meadow Street Apt. 502 Thomasburgh IL 67772
7710,betty.miller@yahoo.com,Betty Miller,83527 Sunset Terrace Lake Lisa VA 09686
7711,michael.young@icloud.com,Michael Young,43025 Meadow Ford Lake Edward VA 30451
7712,edward.sanchez@outlook.com,Edward Sanchez,29207 Jefferson Bypass Ste. 206 Josephstad MO 38765
7713,melissa.williams@jones.com,Melissa Williams,74544 Sunset Loop Suite 942 Paulchester NC 18842
7714,matthew.scott@aol.com,Matthew Scott,18694 Elm Lane Suite 440 Paulport HI 87900-3703
7715,joshua.taylor@scott.org,Joshua Taylor,50651 Craig Shore Lindaburgh ND 14866
7716,betty.rivera@gmail.com,Betty Rivera,35626 Pine Street Fort Nancy IN 16355-3765
7717,michael.rivera@outlook.com,Michael Rivera,53785 Davis Avenue West Joshua NM 68215
7718,andrew.smith@aol.com,Andrew Smith,92079 Lake Road Joshuaton MN 20106-9384
7719,joshua.davis@johnson.com,Joshua Davis,83802 Valley Circle Unit 495 Georgemouth NV 55825-5910
7720,ronald.cain@walker.net,Ronald Cain,70703 Carter Road Suite 392 North Anna KS 48753
7721,linda.ramirez@gmail.com,Linda Ramirez,69243 Davis Square Apt. 188 Fort Ronald CT 55912-4922
7722,jessica.walker@aol.com,Jessica Walker,2755 Craig Avenue Port Ronald NY 22605
7723,anna.king@gmail.com,Anna King,10221 Brook Shore Apt. 185 Fort Kristen OH 81936
7724,karen.miller@cain.biz,Karen Miller,92651 Cedar Street Bettyton TN 06971
7725,patricia.rivera@wright.info,Patricia Rivera,11747 Oak Path Ste. 749 Susanville OH 16242
7726,david.allen@lopez.net,David Allen,2085 Spring Street Lisaville AL 90635
7727,daniel.robinson@yahoo.com,Daniel Robinson,28176 Maple Plaza Danielbury AL 64853-1048
7728,james.flores@wright.info,James Flores,82796 Lake Path Suite 747 West Susan IL 04086
7729,andrew.moore@young.info,Andrew Moore,27027 Cook Path North Paul MA 74697
7730,kimberly.lee@yahoo.com,Kimberly Lee,36118 Lincoln Ford Unit 549 West Andrew VA 70963
7731,jason.jones@miller.biz,Jason Jones,26445 Pine Run Thomasberg AZ 25763
7732,joshua.taylor@nelson.net,Joshua Taylor,20410 Walnut Circle Ste. 404 South James OR 60106
7733,carol.carter@martin.biz,Carol Carter,65755 Highland Bypass Thomasborough IL 86189-4353
7734,charles.johnson@outlook.com,Charles Johnson,44589 Craig Street Unit 127 Markland AZ 59966
7735,edward.williams@yahoo.com,Edward Williams,15584 Hill Crossing Suite 884 Andrewmouth LA 39444
7736,michelle.nelson@gonzalez.info,Michelle Nelson,24346 River Crossing Suite 657 Lake David SC 05716
7737,carol.martin@outlook.com,Carol Martin,55612 Cedar Drive Suite 878 Fort Paul FL 94378
7738,joseph.hall@aol.com,Joseph Hall,50922 Adams Run Ste. 924 Fort Joseph VA 80428
7739,jennifer.wilson@smith.biz,Jennifer Wilson,42080 Spring Path Apt. 219 Port Daniel RI 38974
7740,donald.gonzalez@outlook.com,Donald Gonzalez,63218 Maple Run Jasonport MD 52697
7741,jennifer.wilson@aol.com,Jennifer Wilson,17795 Highland Avenue South Joshua NM 71677
7742,amanda.lee@hotmail.com,Amanda Lee,80605 Lake Terrace East Andrew MN 18455-7255
7743,james.white@white.com,James White,65911 Carter Lane Brianville NM 91347-2121
7744,jason.king@gmail.com,Jason King,30917 River Circle Apt. 215 West Thomas OH 28231
7745,rebecca.flores@yahoo.com,Rebecca Flores,51817 Valley Trail East Daniel PA 64637-4314
7746,elizabeth.kirby@johnson.com,Elizabeth Kirby,30631 Elm Shore Ste. 254 Jameshaven CO 78001-4554
7747,rebecca.jackson@jones.info,Rebecca Jackson,78892 Elm Pass South Larry MN 43091-2237
7748,kimberly.carter@thompson.com,Kimberly Carter,71534 Miller Pass Nancymouth MI 27432
7749,deborah.cain@outlook.com,Deborah Cain,89457 Franklin Shore Apt. 911 North James CT 11363
7750,jessica.nguyen@carter.info,Jessica Nguyen,5770 Adams Way Apt. 179 Maryview NM 03622
7751,susan.sanchez@brown.net,Susan Sanchez,44128 Elm Terrace Apt. 268 Kristenbury VA 19977
7752,david.perez@gmail.com,David Perez,40830 Brook Run Thomasville MI 88520
7753,amy.anderson@rivera.biz,Amy Anderson,81205 Shore Street Suite 467 Lindaberg IN 81235
7754,jennifer.scott@smith.com,Jennifer Scott,91496 Lake Road Unit 559 Port Benjamin AR 56483-4441
7755,anna.carter@yahoo.com,Anna Carter,67362 Highland Court Markside NY 81797-3158
7756,michelle.allen@baker.biz,Michelle Allen,13480 Valley Way Jasonburgh UT 72212
7757,jessica.taylor@outlook.com,Jessica Taylor,74688 Lake Terrace Apt. 617 South Benjamin MS 92418
7758,carol.lee@icloud.com,Carol Lee,60181 Park Circle Markton LA 34672-1252
7759,donna.ramirez@wright.biz,Donna Ramirez,33089 Cedar Run South William NJ 92371-9459
7760,ronald.cain@icloud.com,Ronald Cain,47702 Cedar Circle Unit 263 Lake Brian IA 30514
7761,michelle.green@outlook.com,Michelle Green,3679 Spring Crossing West Benjamin ID 49703
7762,patricia.baker@yahoo.com,Patricia Baker,41803 Sunset Pass Ste. 819 Williamside MD 81040
7763,larry.hall@martin.org,Larry Hall,44664 Madison Terrace West Lisa CO 06805
7764,sandra.thompson@yahoo.com,Sandra Thompson,70568 Miller Shore Paulberg NY 72823-2451
7765,joshua.king@kirby.biz,Joshua King,29759 Johnson Drive Steventon KS 33078
7766,george.wilson@yahoo.com,George Wilson,24054 Carter Run Apt. 714 Larryside MI 90228
7767,brian.cain@gmail.com,Brian Cain,4630 Fox Loop Michaelchester NC 91201-4315
7768,joseph.adams@white.net,Joseph Adams,50647 Madison Avenue Apt. 383 Danielside CA 38957
7769,elizabeth.mitchell@yahoo.com,Elizabeth Mitchell,82097 River Run Brianbury TN 18620
7770,anthony.lee@gmail.com,Anthony Lee,22407 Johnson Way Annaview NC 43634
7771,kimberly.moore@baker.biz,Kimberly Moore,79958 Elm Pass Susanstad MS 46502-9449
7772,amy.johnson@yahoo.com,Amy Johnson,90753 Maple Road Apt. 635 West Steven NM 10220-4172
7773,mary.mitchell@hotmail.com,Mary Mitchell,86521 Valley Trail Stevenland PA 74656-2656
7774,jessica.clark@gmail.com,Jessica Clark,94186 Sunset Path Unit 144 Davidfort OH 89912
7775,michael.ramirez@nelson.net,Michael Ramirez,96550 Carter Drive Apt. 181 East Joseph FL 05514
7776,donna.smith@campbell.info,Donna Smith,50064 Johnson Lane North Mark CT 58722
7777,david.garcia@yahoo.com,David Garcia,49076 Cedar Court Ste. 129 Lake Joshua NJ 34974-8128
7778,jason.jones@outlook.com,Jason Jones,24556 Johnson Crossing Ste. 289 Karenhaven OK 17755-3582
7779,nancy.williams@yahoo.com,Nancy Williams,33046 Franklin Loop Ste. 816 Lisahaven AK 87085
7780,timothy.jackson@hotmail.com,Timothy Jackson,81307 Highland Bypass Apt. 770 New Karen SD 05198-6959
7781,nicholas.smith@outlook.com,Nicholas Smith,30085 Highland Road Unit 730 Larryfurt IN 58095
7782,jennifer.taylor@gmail.com,Jennifer Taylor,9065 Franklin Plaza Apt. 817 Lindatown WV 65941
7783,william.wright@johnson.com,William Wright,37258 Elm Circle Ste. 125 Lake Jason TN 63728
7784,donna.lopez@king.org,Donna Lopez,38521 Sunset Loop Unit 688 Bettyhaven NC 31448-8721
7785,jessica.king@outlook.com,Jessica King,90651 Elm Ford Apt. 916 Josephside MI 83280-9654
7786,edward.baker@outlook.com,Edward Baker,46881 Cedar Loop Williamview MO 89957-5137
7787,george.miller@hotmail.com,George Miller,25694 Jefferson Bypass Suite 903 Lindaside ND 65883-1285
7788,patricia.thomas@wright.com,Patricia Thomas,8874 River Trail Paulmouth AK 78114
7789,james.baker@lewis.com,James Baker,70853 Fox Avenue Briantown NC 53300
7790,linda.nguyen@icloud.com,Linda Nguyen,4863 Cook Drive Bettyville AL 21614
7791,michelle.thompson@gmail.com,Michelle Thompson,39970 Brook Pass Thomasburgh MO 86996-3427
7792,jason.hill@yahoo.com,Jason Hill,81589 Washington Loop Larryhaven ME 08319-9541
7793,deborah.robinson@hill.net,Deborah Robinson,58492 Madison Lane East George MA 50162
7794,susan.harris@aol.com,Susan Harris,87835 Craig Road East George CO 29712
7795,brian.smith@nguyen.info,Brian Smith,51367 Hill Lane South Paul MD 64179
7796,jennifer.adams@anderson.info,Jennifer Adams,30767 Ridge Lane Ste. 801 East Brian NV 36941
7797,william.scott@outlook.com,William Scott,8751 Walnut Avenue Paultown MI 94200-4764
7798,karen.walker@outlook.com,Karen Walker,15756 Oak Terrace Lisashire VT 35033-9524
7799,sarah.jackson@gmail.com,Sarah Jackson,5089 Highland Loop Unit 563 Annaside TN 80213
7800,mark.perez@gmail.com,Mark Perez,43943 Meadow Loop Nancyview NV 91707
7801,kevin.lee@white.com,Kevin Lee,46205 Spring Trail Paulchester MT 55802
7802,mark.gonzalez@hotmail.com,Mark Gonzalez,30452 Oak Plaza Kristenberg NH 55215
7803,brian.kirby@young.com,Brian Kirby,88968 Madison Drive Apt. 535 Karenfort IN 01102-2734
7804,david.lee@wright.org,David Lee,90860 Ridge Trail Kevinberg NY 37510
7805,amy.smith@icloud.com,Amy Smith,71224 Lake Square Suite 526 Ronaldshire KS 71567-2499
7806,deborah.hall@gmail.com,Deborah Hall,32170 Pine Run New Steven WI 62253
7807,edward.robinson@outlook.com,Edward Robinson,19463 Jefferson Pass Lake Jason ND 78427
7808,kimberly.perez@miller.net,Kimberly Perez,63619 Hill Circle East Anna IN 83420
7809,patricia.davis@scott.com,Patricia Davis,90335 Walnut Street North Thomas NV 92912
7810,karen.white@ramirez.net,Karen White,70713 Hill Road East Steven NM 93595
7811,nicholas.campbell@thomas.net,Nicholas Campbell,32298 Johnson Drive Danieltown AL 50280
7812,margaret.brown@icloud.com,Margaret Brown,4874 Jefferson Square Unit 376 Annaville HI 82047
7813,jessica.gonzalez@thomas.net,Jessica Gonzalez,7874 Franklin Lane Andrewtown LA 70972
7814,patricia.nguyen@aol.com,Patricia Nguyen,50763 Fox Pass Kristenshire TN 47525
7815,mary.jones@aol.com,Mary Jones,97278 Ridge Pass Ste. 780 Ronaldport WI 39896
7816,joseph.wright@icloud.com,Joseph Wright,47007 Cook Square South Sarah VA 72015
7817,paul.thompson@white.com,Paul Thompson,91128 Valley Road Ste. 859 Lindaport WY 75158
7818,jason.carter@ramirez.com,Jason Carter,4332 Craig Bypass Williamland MD 58036
7819,laura.carter@yahoo.com,Laura Carter,54340 Pine Terrace Apt. 799 East Thomas NY 52859
7820,james.lee@icloud.com,James Lee,8537 Washington Drive Suite 280 North Sarah LA 52085
7821,patricia.gonzalez@yahoo.com,Patricia Gonzalez,66725 Pine Lane Lisaview CA 37811
7822,andrew.carter@hotmail.com,Andrew Carter,72419 Meadow Court Unit 788 Lisastad NJ 98780-9252
7823,mary.adams@perez.org,Mary Adams,34315 Adams Shore Williamtown NH 95188
7824,gary.perez@icloud.com,Gary Perez,41649 Brook Pass Josephfurt LA 75615
7825,emily.carter@hill.org,Emily Carter,75426 Jefferson Trail Suite 369 Lake Paul MN 10142
7826,helen.jones@brown.biz,Helen Jones,18100 Walnut Street Suite 41 West Joshua MS 92684-8283
7827,george.king@walker.net,George King,22243 Lake Way Nancychester LA 08434
7828,sandra.robinson@wilson.org,Sandra Robinson,66872 Oak Avenue Apt. 109 Jasonport PA 21543
7829,sarah.kirby@walker.biz,Sarah Kirby,55588 Forest Road South Edward NE 41483
7830,george.hill@hotmail.com,George Hill,81591 Franklin Pass Ste. 20 Benjaminhaven LA 63043
7831,linda.jackson@miller.com,Linda Jackson,90829 Pine Drive Lindaborough AK 91463
7832,david.lopez@carter.info,David Lopez,97178 Ridge Shore Annaview OK 39000-1841
7833,thomas.carter@aol.com,Thomas Carter,96131 Miller Terrace Ste. 354 Jasonhaven MD 91851-3693
7834,deborah.jackson@smith.net,Deborah Jackson,59699 Spring Way Unit 477 New Nancy AR 54406-3257
7835,george.young@aol.com,George Young,24482 Shore Circle East William ID 82155
7836,brian.scott@taylor.org,Brian Scott,7233 Davis Loop Suite 138 Bettyhaven MS 80551-7885
7837,patricia.mitchell@gmail.com,Patricia Mitchell,39305 Spring Ford Apt. 925 Edwardberg WA 06948
7838,anthony.flores@icloud.com,Anthony Flores,21796 Washington Square Fort David OH 41516-9529
7839,ashley.martinez@thomas.net,Ashley Martinez,36128 Cedar Drive Ste. 605 North David VA 41116
7840,jeffrey.lopez@yahoo.com,Jeffrey Lopez,69404 Pine Way Unit 506 Michaelside NY 51074
7841,amanda.lee@jackson.info,Amanda Lee,93303 Cedar Avenue Michaelshire MT 47540
7842,paul.clark@gmail.com,Paul Clark,51393 Elm Road East Brian UT 51491
7843,linda.perez@lee.org,Linda Perez,26377 Sunset Run Suite 551 Joshuatown NH 01801
7844,lisa.hill@aol.com,Lisa Hill,35878 Walnut Trail Williamtown OR 88369
7845,joshua.sanchez@outlook.com,Joshua Sanchez,94267 Lake Run Unit 266 Fort Jason MO 50715
7846,betty.lewis@aol.com,Betty Lewis,51292 Jefferson Shore Georgemouth HI 31887
7847,timothy.miller@young.net,Timothy Miller,28707 River Lane Suite 112 Paulfort UT 29795-6574
7848,linda.flores@outlook.com,Linda Flores,21570 Madison Ford North Daniel MD 80461-6618
7849,kevin.perez@yahoo.com,Kevin Perez,8100 Oak Circle Georgeborough OK 98095
7850,jason.ramirez@gonzalez.biz,Jason Ramirez,15183 Cedar Street East Mary IA 57183
7851,daniel.rivera@gmail.com,Daniel Rivera,48637 Washington Court West Susan NH 23365
7852,nicholas.lewis@wilson.biz,Nicholas Lewis,25879 Maple Square West Joshua MN 96433
7853,barbara.allen@icloud.com,Barbara Allen,63155 Craig Road Apt. 969 North Andrew OR 98757
7854,edward.miller@icloud.com,Edward Miller,50219 Valley Shore Unit 44 Jameschester LA 48937
7855,nancy.thompson@yahoo.com,Nancy Thompson,97260 Hill Loop Apt. 466 West Karen CT 02319
7856,ashley.flores@walker.com,Ashley Flores,48017 Adams Lane Jasonstad KS 30222
7857,gary.allen@nguyen.com,Gary Allen,51691 Forest Way Apt. 123 Markmouth WV 01040-1879
7858,brian.baker@yahoo.com,Brian Baker,90254 Pine Plaza Unit 762 Ronaldside VT 94492
7859,jason.adams@jackson.biz,Jason Adams,97693 Valley Street Karenside GA 54334
7860,joshua.nelson@torres.biz,Joshua Nelson,52943 Hill Circle Unit 670 Josephfort HI 54682
7861,melissa.cain@adams.biz,Melissa Cain,31193 Adams Square West Nancy MD 54170
7862,mary.walker@miller.info,Mary Walker,19929 Carter Trail West Larry TX 09961
7863,anna.harris@outlook.com,Anna Harris,44973 Meadow Loop Joshuastad AL 98573
7864,joshua.green@miller.com,Joshua Green,9837 Pine Drive Suite 332 Danielfurt ND 70243-4579
7865,brian.carter@icloud.com,Brian Carter,38752 Valley Avenue Kevinview CA 03259
7866,karen.kirby@allen.info,Karen Kirby,17521 Oak Shore Markberg ME 93677
7867,charles.baker@yahoo.com,Charles Baker,78733 River Road Unit 204 North James ND 55207-1636
7868,amanda.anderson@yahoo.com,Amanda Anderson,42728 Highland Trail Susanfort LA 29382
7869,james.baker@gmail.com,James Baker,51553 Maple Avenue Annafurt MN 45429
7870,betty.rivera@icloud.com,Betty Rivera,43278 Carter Plaza Unit 114 Lake Steven NV 09488
7871,linda.davis@king.net,Linda Davis,1159 Carter Drive Ste. 193 Maryville FL 24176
7872,elizabeth.jackson@yahoo.com,Elizabeth Jackson,62338 Elm Loop Suite 1 Fort Anna VT 65884
7873,betty.kirby@hill.org,Betty Kirby,98353 Walnut Circle Benjaminmouth WA 69909
7874,emily.walker@aol.com,Emily Walker,63296 Shore Pass Suite 730 Fort Linda VT 31523
7875,nancy.garcia@hotmail.com,Nancy Garcia,493 Sunset Way Unit 201 Michaelberg OK 35258
7876,jennifer.brown@white.com,Jennifer Brown,61872 Oak Drive South Larry SD 41719
7877,linda.gonzalez@ramirez.biz,Linda Gonzalez,1283 Hill Street Ste. 153 Markstad DE 40191
7878,linda.ramirez@yahoo.com,Linda Ramirez,72523 Craig Trail Suite 994 Port Kevin KS 67687
7879,sandra.lewis@outlook.com,Sandra Lewis,2800 Spring Bypass Unit 777 Nancyville NV 71973
7880,carol.hill@gmail.com,Carol Hill,97188 Walnut Avenue Port Larry SC 20075
7881,emily.garcia@outlook.com,Emily Garcia,8544 Cook Way Unit 611 Lake Lisa IN 76610-1498
7882,sandra.wilson@smith.biz,Sandra Wilson,79197 Fox Crossing Unit 544 Ronaldshire WV 90953
7883,joseph.clark@yahoo.com,Joseph Clark,35673 Fox Plaza Ste. 387 North Daniel MD 21941-1090
7884,anthony.perez@icloud.com,Anthony Perez,87251 Highland Drive Benjamintown OR 45803-6927
7885,helen.perez@hotmail.com,Helen Perez,21635 Miller Square East Linda RI 01451-8855
7886,amy.jones@icloud.com,Amy Jones,65417 Hill Square South Susan GA 66942
7887,karen.gonzalez@baker.com,Karen Gonzalez,39726 Sunset Square Unit 415 Danielchester SD 66291-7430
7888,amanda.king@outlook.com,Amanda King,54524 Johnson Ford Apt. 626 Georgeberg FL 39271
7889,amanda.clark@outlook.com,Amanda Clark,42784 Pine Crossing Lake Karen MN 83438-9512
7890,stephanie.lewis@carter.com,Stephanie Lewis,94828 Meadow Drive West Paul CA 19145
7891,donald.wright@hotmail.com,Donald Wright,75647 Valley Square Ste. 142 Danielfort CA 13764-2652
7892,patricia.perez@hotmail.com,Patricia Perez,7050 Brook Road Suite 648 Lisaview WA 74674
7893,ronald.clark@aol.com,Ronald Clark,45796 Walnut Terrace Ste. 22 Lindaland IL 80172-4085
7894,mark.lewis@outlook.com,Mark Lewis,70911 Washington Circle Bettyshire AK 26144
7895,amanda.wright@adams.com,Amanda Wright,39329 Shore Path Apt. 458 New Lisa IL 90556-3610
7896,michelle.kirby@carter.biz,Michelle Kirby,53258 Carter Bypass Fort James FL 88416
7897,stephanie.brown@thomas.net,Stephanie Brown,10395 River Drive Unit 528 Maryshire MA 20883
7898,laura.campbell@miller.org,Laura Campbell,90038 Washington Drive Unit 242 Jamesfurt UT 97034
7899,helen.davis@outlook.com,Helen Davis,48232 Pine Trail Suite 232 Susanside DE 55396
7900,joshua.perez@hotmail.com,Joshua Perez,85987 Shore Drive South Steven IN 96655-3520
7901,mark.taylor@yahoo.com,Mark Taylor,36056 Craig Shore Ste. 862 Lake Daniel IN 95316
7902,joshua.martin@gmail.com,Joshua Martin,60993 Meadow Bypass Fort Kristen UT 76180
7903,brian.anderson@carter.info,Brian Anderson,63473 Sunset Terrace Steventown NM 91769
7904,nancy.lewis@gmail.com,Nancy Lewis,98658 Elm Square Fort Lisa ID 89893
7905,mark.lee@gmail.com,Mark Lee,85502 Ridge Square New Mark SD 29799
7906,jeffrey.mitchell@brown.org,Jeffrey Mitchell,58733 Miller Circle Michaelborough KY 88829
7907,sandra.lewis@garcia.com,Sandra Lewis,10890 Lincoln Court Apt. 553 North Daniel MI 88296
7908,anthony.martinez@outlook.com,Anthony Martinez,83730 Cedar Avenue Josephport SC 74887
7909,michelle.brown@hotmail.com,Michelle Brown,90545 Park Path Ste. 104 Benjaminshire DE 60273
7910,melissa.moore@gmail.com,Melissa Moore,58876 Cook Shore Ste. 712 Lake David AK 67864
7911,sarah.johnson@jones.info,Sarah Johnson,64934 Hill Lane Josephville NV 57814
7912,ashley.lewis@icloud.com,Ashley Lewis,35691 Shore Plaza Stevenchester SC 51683
7913,kimberly.moore@lewis.net,Kimberly Moore,96066 Valley Way Unit 306 Fort Kevin VT 90737
7914,edward.mitchell@wilson.org,Edward Mitchell,17006 Forest Crossing Port Paul HI 44632
7915,amy.green@yahoo.com,Amy Green,85541 Pine Court Ste. 396 Michaelville NY 36882
7916,amanda.miller@outlook.com,Amanda Miller,76006 Hill Terrace Jasonview VA 24906
7917,betty.wright@yahoo.com,Betty Wright,76976 Pine Plaza Ronaldport WY 10016-5960
7918,daniel.lewis@hotmail.com,Daniel Lewis,37330 Hill Crossing Apt. 111 Kristenburgh AL 98491-1236
7919,steven.jones@gmail.com,Steven Jones,29932 Maple Street Ste. 469 Fort William CA 94996
7920,richard.adams@gmail.com,Richard Adams,34078 River Loop Apt. 586 Port James IA 20936
7921,linda.kirby@hotmail.com,Linda Kirby,49862 River Avenue Edwardhaven MI 11503
7922,susan.green@miller.biz,Susan Green,7941 Highland Bypass Suite 395 Thomasburgh UT 17654
7923,george.thompson@rivera.net,George Thompson,21175 Jefferson Ford Apt. 796 New Brian LA 20769
7924,gary.brown@outlook.com,Gary Brown,34881 Highland Road Lindaland MI 32828
7925,joshua.lee@garcia.org,Joshua Lee,24546 Meadow Circle Unit 501 Benjamintown TN 12348-7453
7926,barbara.gonzalez@icloud.com,Barbara Gonzalez,49732 Cedar Loop West Linda PA 39612
7927,kimberly.taylor@martinez.biz,Kimberly Taylor,42077 Valley Plaza Benjaminfurt CA 75710
7928,lisa.lopez@ramirez.info,Lisa Lopez,3765 Cook Plaza Lake Kevin CA 54518-2123
7929,patricia.lewis@hill.org,Patricia Lewis,80026 Spring Square Apt. 721 Ronaldburgh MN 80525
7930,matthew.perez@gmail.com,Matthew Perez,63637 Meadow Loop Ste. 51 Fort Nancy OK 14705-1428
7931,amanda.nguyen@icloud.com,Amanda Nguyen,40227 Sunset Drive Ste. 941 Fort Lisa NH 25182
7932,elizabeth.green@hotmail.com,Elizabeth Green,63662 Davis Path South Susan NH 57446-9189
7933,emily.baker@outlook.com,Emily Baker,92607 Johnson Circle Suite 366 Briantown CT 69004
7934,kimberly.miller@outlook.com,Kimberly Miller,70013 Walnut Pass Ste. 335 Port William UT 74939-3764
7935,sandra.nguyen@icloud.com,Sandra Nguyen,55813 Davis Trail Annaport NC 46974-7281
7936,richard.sanchez@davis.net,Richard Sanchez,28129 Carter Path Apt. 910 Fort Daniel IL 42270
7937,matthew.sanchez@aol.com,Matthew Sanchez,27410 Lincoln Pass Jasonstad KY 07526
7938,barbara.anderson@outlook.com,Barbara Anderson,5385 Hill Way Apt. 962 Susanville AR 30363
7939,william.flores@williams.biz,William Flores,1491 Carter Lane West Jason AZ 33692
7940,susan.young@aol.com,Susan Young,3067 Washington Pass Suite 6 New Anna RI 92221
7941,linda.sanchez@nelson.biz,Linda Sanchez,11272 Meadow Run Annafort NV 60023
7942,lisa.walker@scott.org,Lisa Walker,14623 Spring Court Brianport FL 61092
7943,brian.wilson@outlook.com,Brian Wilson,58485 Highland Loop Andrewhaven OH 73243
7944,elizabeth.jones@rivera.org,Elizabeth Jones,50540 Elm Bypass Unit 10 Andrewport ID 46816
7945,david.nelson@outlook.com,David Nelson,60544 Davis Trail Unit 690 Brianview WI 01359-4366
7946,matthew.clark@hotmail.com,Matthew Clark,72324 Spring Crossing Joshuachester HI 31223-8415
7947,amy.campbell@hotmail.com,Amy Campbell,48504 Craig Drive Danielville NY 61155-7758
7948,helen.white@brown.info,Helen White,37039 Brook Lane Suite 349 Georgeburgh MN 80571
7949,george.mitchell@yahoo.com,George Mitchell,64657 Valley Avenue Kristenland SD 87164
7950,timothy.johnson@yahoo.com,Timothy Johnson,50299 Lincoln Road Lake Paul OH 19860
7951,matthew.miller@aol.com,Matthew Miller,74274 Maple Street Lisastad AR 01600
7952,jeffrey.thompson@outlook.com,Jeffrey Thompson,35096 Sunset Trail Suite 517 North Joseph MN 53100
7953,donald.hall@aol.com,Donald Hall,60534 Washington Loop Davidside OK 45942
7954,donna.rivera@sanchez.org,Donna Rivera,51909 Brook Plaza Suite 129 Andrewshire NH 23169
7955,ryan.davis@allen.biz,Ryan Davis,59083 Johnson Circle Markfort AR 52566
7956,james.gonzalez@hotmail.com,James Gonzalez,43164 Maple Crossing Suite 371 Maryville MO 39114
7957,william.rivera@gmail.com,William Rivera,69686 Ridge Shore Suite 833 Benjaminfort SD 77716
7958,melissa.johnson@yahoo.com,Melissa Johnson,18992 Cedar Path Apt. 973 Annafurt HI 16910-6649
7959,patricia.allen@yahoo.com,Patricia Allen,97770 Walnut Pass Davidport KY 57386
7960,jessica.martinez@robinson.com,Jessica Martinez,10655 Johnson Path Ronaldborough AZ 61545
7961,richard.davis@icloud.com,Richard Davis,70011 Pine Plaza Steventown IN 36081-4236
7962,ronald.wilson@lewis.org,Ronald Wilson,84873 Highland Plaza Ste. 927 Davidside VA 07198
7963,gary.campbell@gmail.com,Gary Campbell,49052 Cook Court Michaelbury AK 76317-9863
7964,andrew.torres@hotmail.com,Andrew Torres,76655 Johnson Terrace Unit 784 Josephville WY 23284
7965,lisa.adams@yahoo.com,Lisa Adams,95670 Cook Lane Apt. 48 West Linda AK 65936
7966,larry.williams@harris.net,Larry Williams,53078 Lincoln Street Unit 516 Kristenberg FL 67497-5660
7967,stephanie.garcia@aol.com,Stephanie Garcia,10486 Cook Square Ste. 553 Paulmouth MI 15189
7968,andrew.gonzalez@brown.net,Andrew Gonzalez,71905 Jefferson Way Unit 644 Maryside MD 97055
7969,nancy.taylor@taylor.net,Nancy Taylor,92629 Pine Road Davidshire ID 25479
7970,lisa.jones@yahoo.com,Lisa Jones,18772 Madison Loop Jasonchester OR 77582
7971,nancy.jones@gmail.com,Nancy Jones,59832 Davis Bypass Ste. 459 Port Linda WA 62676
7972,sandra.martinez@campbell.net,Sandra Martinez,72735 Davis Pass Lake Paul AL 67436-4666
7973,laura.white@outlook.com,Laura White,80182 Shore Ford Ste. 314 Markhaven MO 56535-5088
7974,jessica.sanchez@icloud.com,Jessica Sanchez,89867 Johnson Path Suite 728 Maryfurt RI 97724-9140
7975,melissa.campbell@icloud.com,Melissa Campbell,72169 Highland Shore Apt. 623 Port Anna NY 71907
7976,margaret.brown@icloud.com,Margaret Brown,32923 Ridge Trail Ste. 580 South Paul ND 09815
7977,michael.nguyen@nelson.net,Michael Nguyen,34616 Lake Street Suite 961 Annabury MD 68385
7978,ashley.gonzalez@yahoo.com,Ashley Gonzalez,91133 Elm Drive Unit 642 Kristentown IN 98425
7979,charles.sanchez@robinson.org,Charles Sanchez,60197 Ridge Road Apt. 330 Port Benjamin MS 35204-2421
7980,nancy.kirby@yahoo.com,Nancy Kirby,78326 Lincoln Road Paulstad DE 99365
7981,emily.martin@gonzalez.info,Emily Martin,72017 Oak Crossing Unit 70 Port Paul MI 87304
7982,ryan.williams@aol.com,Ryan Williams,74051 Valley Street Ste. 151 East Lisa MO 54059
7983,karen.johnson@outlook.com,Karen Johnson,53960 Oak Bypass Maryton VT 51887-1256
7984,william.smith@yahoo.com,William Smith,8609 Craig Avenue Suite 545 Steventown UT 64720
7985,donald.torres@outlook.com,Donald Torres,971 Sunset Avenue Suite 346 Williamborough OR 45596
7986,anthony.cain@torres.com,Anthony Cain,31004 Forest Terrace East Larry NC 51028-2813
7987,thomas.brown@aol.com,Thomas Brown,96908 Lincoln Way Unit 809 Nancyshire CT 71672
7988,nicholas.wilson@hall.net,Nicholas Wilson,49784 Madison Road Georgemouth NH 41945-1407
7989,andrew.gonzalez@gmail.com,Andrew Gonzalez,99731 Walnut Shore New Kevin ME 96888-9873
7990,stephanie.nguyen@clark.com,Stephanie Nguyen,43818 Lincoln Court Georgeborough IL 13130
7991,nancy.perez@hill.biz,Nancy Perez,10869 Ridge Drive North Lisa WI 49835
7992,kevin.kirby@lewis.com,Kevin Kirby,62498 Adams Run Suite 420 Benjaminfort MD 14194-5871
7993,jessica.green@nelson.info,Jessica Green,40832 Fox Plaza Apt. 366 East David PA 10913
7994,susan.kirby@kirby.com,Susan Kirby,86324 Miller Plaza Unit 786 Lindafort GA 59994
7995,linda.carter@yahoo.com,Linda Carter,29508 Miller Bypass Unit 122 Joshualand NV 81182
7996,edward.moore@clark.com,Edward Moore,41572 Highland Pass Port William MN 11421-1213
7997,james.cain@aol.com,James Cain,33840 Johnson Path Ste. 283 Marytown TX 60491
7998,kimberly.jones@yahoo.com,Kimberly Jones,36753 Davis Bypass Unit 412 Port George AZ 68877
7999,ronald.wright@yahoo.com,Ronald Wright,44064 Elm Circle Suite 605 Davidbury NH 31144
8000,daniel.allen@gmail.com,Daniel Allen,52263 Elm Path Apt. 920 Ronaldville NC 30183
8001,daniel.martinez@aol.com,Daniel Martinez,70051 Davis Circle Sarahstad RI 59813
8002,jason.carter@yahoo.com,Jason Carter,57784 Franklin Street Apt. 151 Marymouth CO 08347-7178
8003,patricia.jackson@gmail.com,Patricia Jackson,16421 Davis Way Lake Paul HI 65866
8004,william.carter@sanchez.org,William Carter,5316 Cook Trail Port Michael MN 69724
8005,stephanie.ramirez@hill.info,Stephanie Ramirez,68203 Lake Avenue Karenfurt NV 12219
8006,amanda.nelson@gmail.com,Amanda Nelson,35618 River Court Jamesfurt KS 68631
8007,donald.wilson@davis.info,Donald Wilson,45727 Fox Ford Unit 302 South Anna FL 21016
8008,brian.lee@brown.net,Brian Lee,75404 Miller Lane Suite 451 Andrewbury FL 02885
8009,nancy.green@jones.biz,Nancy Green,38940 Carter Road East Andrew AR 21853
8010,william.wright@robinson.com,William Wright,42563 Park Loop Fort George WI 92007-5688
8011,nancy.smith@walker.org,Nancy Smith,7211 Walnut Court Apt. 199 Sarahchester VA 79230
8012,amanda.nguyen@yahoo.com,Amanda Nguyen,8891 Franklin Path Suite 799 East Paul AK 42545-1949
8013,anna.adams@outlook.com,Anna Adams,60863 Shore Trail Ste. 637 Joshuastad WA 97504
8014,ashley.mitchell@martinez.org,Ashley Mitchell,74572 Ridge Street West Benjamin MT 71323
8015,joshua.rivera@gmail.com,Joshua Rivera,89112 Meadow Run Fort Nancy IA 92322-7648
8016,elizabeth.nguyen@hotmail.com,Elizabeth Nguyen,97505 Miller Pass Apt. 20 Sarahchester VT 48076
8017,edward.jackson@carter.org,Edward Jackson,73836 Park Road Ste. 19 East David DE 99129
8018,andrew.walker@aol.com,Andrew Walker,58215 Johnson Avenue Lindafort OR 17118-1750
8019,donna.davis@sanchez.org,Donna Davis,10382 Maple Path Suite 318 West Linda VA 61819
8020,timothy.kirby@yahoo.com,Timothy Kirby,76193 Fox Ford Unit 345 Fort Lisa SC 65865
8021,lisa.jackson@icloud.com,Lisa Jackson,3084 Washington Crossing Sarahview MO 29479
8022,karen.hill@hotmail.com,Karen Hill,32113 Park Ford Unit 461 Nancyshire AL 42417
8023,steven.lewis@hotmail.com,Steven Lewis,87583 Meadow Path Suite 675 Josephville AL 77447
8024,jessica.nguyen@outlook.com,Jessica Nguyen,93720 Carter Plaza East Joseph FL 06479-9939
8025,thomas.taylor@white.biz,Thomas Taylor,91214 Franklin Court Ste. 906 Port Ronald NE 62988-2068
8026,timothy.martin@aol.com,Timothy Martin,62628 Lake Square North Paul NV 64258-8389
8027,matthew.campbell@lewis.biz,Matthew Campbell,99156 Adams Pass East George LA 50512
8028,jennifer.clark@outlook.com,Jennifer Clark,4377 Oak Loop Suite 562 Jamesside NM 23433-2148
8029,amanda.robinson@icloud.com,Amanda Robinson,92414 Elm Drive Apt. 508 Fort Paul NV 76502
8030,amy.jackson@carter.info,Amy Jackson,1153 Davis Ford Markbury NE 37510-9202
8031,michael.nelson@aol.com,Michael Nelson,31833 Shore Way Suite 243 Kristenchester AZ 19825
8032,carol.johnson@carter.biz,Carol Johnson,58092 Park Drive Andrewview TX 69681
8033,matthew.nguyen@kirby.info,Matthew Nguyen,94900 Madison Lane Apt. 813 New Lisa DE 85832
8034,lisa.clark@kirby.biz,Lisa Clark,56967 Madison Square Apt. 769 Marymouth GA 26427
8035,deborah.ramirez@ramirez.biz,Deborah Ramirez,1778 Washington Court New Jason ME 24966
8036,anthony.cain@yahoo.com,Anthony Cain,34122 Washington Trail Apt. 45 Port Nancy WA 19432-3029
8037,mary.martinez@gmail.com,Mary Martinez,30893 Craig Square Bettyville RI 26776
8038,emily.jones@yahoo.com,Emily Jones,98236 Brook Trail Apt. 166 East Linda NY 81339-1778
8039,michelle.davis@icloud.com,Michelle Davis,30884 Pine Avenue Unit 655 Susanmouth MD 70464
8040,paul.thomas@outlook.com,Paul Thomas,16284 Hill Loop Unit 598 Danielhaven AZ 58137
8041,daniel.perez@gmail.com,Daniel Perez,13297 Elm Pass East William LA 55335
8042,patricia.torres@aol.com,Patricia Torres,26698 Elm Road South Anna MA 28880-2661
8043,anna.allen@icloud.com,Anna Allen,26395 Hill Drive Brianside AR 11346
8044,ashley.lewis@perez.org,Ashley Lewis,37103 Brook Avenue Ste. 681 New Anna VT 42308-3040
8045,charles.baker@outlook.com,Charles Baker,19696 Hill Terrace North Benjamin OK 32544
8046,barbara.cain@moore.org,Barbara Cain,13470 Shore Court Ronaldtown NE 60549-9370
8047,jessica.lewis@nguyen.biz,Jessica Lewis,6716 Shore Avenue Suite 299 South Joshua AK 82875-5634
8048,amy.nelson@young.com,Amy Nelson,33796 River Bypass Suite 505 Josephport ND 31842
8049,ronald.torres@yahoo.com,Ronald Torres,29620 Brook Court Unit 636 Lindafurt OR 18661-2660
8050,sarah.carter@williams.biz,Sarah Carter,57176 Lincoln Plaza Paulhaven ID 50041-5293
8051,james.davis@outlook.com,James Davis,40627 Cedar Trail East Larry DE 14438
8052,gary.young@gmail.com,Gary Young,76694 Lake Street Suite 4 West Joshua OR 57750
8053,margaret.hall@hotmail.com,Margaret Hall,49791 Sunset Trail Ste. 527 Joshuatown DE 24724
8054,steven.ramirez@lewis.com,Steven Ramirez,62628 Maple Ford Lake Mary NH 55248
8055,timothy.harris@white.biz,Timothy Harris,66314 Madison Way Fort Steven NE 78327-8726
8056,betty.taylor@hotmail.com,Betty Taylor,98070 River Shore Ronaldtown ID 30048
8057,melissa.martin@outlook.com,Melissa Martin,71199 Adams Way Ste. 739 Jamesstad AZ 72062
8058,david.miller@gmail.com,David Miller,75450 Fox Avenue Apt. 926 New Kristen MI 93210
8059,paul.allen@icloud.com,Paul Allen,73042 Valley Ford Unit 677 Markshire AL 71937
8060,mary.jackson@outlook.com,Mary Jackson,94128 Valley Run Apt. 360 Port Kristen WY 79695
8061,lisa.walker@icloud.com,Lisa Walker,19929 Shore Square Ste. 775 Markstad CT 59234
8062,thomas.lee@aol.com,Thomas Lee,26829 Lincoln Terrace Michaelland IN 62157-7026
8063,michelle.ramirez@gmail.com,Michelle Ramirez,23101 River Circle Ste. 316 Ronaldbury MO 26011
8064,gary.mitchell@taylor.com,Gary Mitchell,96265 Adams Pass Bettyland VA 71375
8065,betty.scott@gmail.com,Betty Scott,339 Elm Lane Apt. 783 North Larry KY 82918
8066,donna.miller@icloud.com,Donna Miller,77141 Madison Circle South James PA 66501
8067,william.brown@aol.com,William Brown,12472 Washington Plaza Port Thomas MN 82675
8068,paul.moore@gmail.com,Paul Moore,64596 Maple Ford Lake George KY 08791
8069,edward.adams@lewis.org,Edward Adams,24747 Jefferson Loop Suite 572 Port James WY 86524
8070,thomas.johnson@harris.com,Thomas Johnson,58578 Brook Lane Ste. 864 Markville CT 84693
8071,rebecca.sanchez@aol.com,Rebecca Sanchez,87493 Washington Bypass Unit 110 North Ronald IL 26800
8072,michael.sanchez@outlook.com,Michael Sanchez,23561 River Circle Georgetown AL 75174-1611
8073,kimberly.williams@white.com,Kimberly Williams,56333 Cook Shore Unit 647 Ronaldberg OK 26874
8074,mary.hill@aol.com,Mary Hill,22431 Pine Terrace Larryborough CT 08897
8075,nicholas.wilson@icloud.com,Nicholas Wilson,94578 Ridge Plaza Apt. 133 Bettyton VT 83799
8076,timothy.ramirez@hotmail.com,Timothy Ramirez,95269 Lake Lane Ste. 43 New Betty MS 08878
8077,andrew.carter@nelson.info,Andrew Carter,13669 Craig Street Lake Linda SC 14008
8078,deborah.martin@gmail.com,Deborah Martin,93778 Spring Crossing Unit 9 Josephchester TX 79833
8079,mark.carter@hotmail.com,Mark Carter,15394 Washington Drive Joshuaborough MI 22055-7100
8080,mary.green@ramirez.info,Mary Green,14748 Sunset Way Danielville OR 67284-6218
8081,james.gonzalez@williams.com,James Gonzalez,4203 Franklin Road Apt. 654 Markhaven TX 31576
8082,deborah.taylor@outlook.com,Deborah Taylor,8754 Valley Terrace Fort Joshua AR 22914
8083,larry.davis@aol.com,Larry Davis,12503 Ridge Lane Thomasburgh ND 37336
8084,timothy.moore@icloud.com,Timothy Moore,23050 Johnson Plaza Suite 807 Georgeview AR 80820-2876
8085,david.lopez@gmail.com,David Lopez,63994 Franklin Terrace Apt. 542 Brianbury UT 92871
8086,patricia.miller@yahoo.com,Patricia Miller,61582 Franklin Court Suite 180 Port Sarah VA 33175
8087,carol.taylor@gonzalez.net,Carol Taylor,23283 Lake Court Ste. 295 Joshuaview NM 12999
8088,mark.carter@hotmail.com,Mark Carter,56087 Highland Way Unit 298 East Nancy OH 45238
8089,jennifer.jackson@brown.com,Jennifer Jackson,79599 River Crossing Lake Sarah CT 11435
8090,kevin.perez@outlook.com,Kevin Perez,87606 Oak Bypass Lake Steven AR 53504
8091,edward.harris@icloud.com,Edward Harris,24444 Sunset Terrace Lake Susan NH 73335
8092,gary.walker@hotmail.com,Gary Walker,16884 Miller Path Fort William MA 63234-7882
8093,kevin.nelson@yahoo.com,Kevin Nelson,34183 Madison Terrace West Edward AK 42276-9940
8094,patricia.kirby@hotmail.com,Patricia Kirby,94312 Ridge Street Apt. 319 Lake David MI 16672-5729
8095,david.martinez@baker.info,David Martinez,35962 Hill Loop Lake William NV 03829
8096,anna.ramirez@williams.org,Anna Ramirez,617 Miller Lane Unit 937 Fort Linda WV 66878-5036
8097,melissa.kirby@baker.org,Melissa Kirby,90967 River Ford Suite 13 North Joseph DE 05303
8098,richard.carter@wilson.biz,Richard Carter,10281 Forest Path Ste. 850 South Kevin OH 38068-9029
8099,george.cain@hall.org,George Cain,41114 Washington Terrace Ste. 352 North Ronald MN 54538
8100,anthony.white@outlook.com,Anthony White,27800 Adams Road Unit 618 South Lisa ND 87036
8101,david.perez@gmail.com,David Perez,91538 Craig Shore Apt. 420 Williamstad MI 86496
8102,paul.flores@yahoo.com,Paul Flores,21069 Oak Circle Suite 370 West Thomas VA 18821
8103,michael.davis@hotmail.com,Michael Davis,42851 Sunset Path Paulchester AL 06457
8104,brian.robinson@baker.info,Brian Robinson,28130 Cedar Lane Apt. 390 Lake George NJ 31978
8105,lisa.young@sanchez.biz,Lisa Young,52940 Lake Terrace Apt. 65 Ronaldton GA 39314-2257
8106,margaret.davis@anderson.com,Margaret Davis,60585 Cedar Path Apt. 129 Markfurt WY 36453
8107,edward.smith@miller.biz,Edward Smith,93100 Davis Run West Karen OR 79221
8108,john.hall@hotmail.com,John Hall,90829 Brook Terrace Suite 129 Port Larry OH 30014
8109,donna.king@brown.com,Donna King,32273 Meadow Loop New Edward OH 87817-8562
8110,donna.robinson@kirby.info,Donna Robinson,41909 Fox Square Ste. 995 Davidport ND 88509-5549
8111,brian.moore@clark.info,Brian Moore,97875 Lake Run Williamland WA 99286
8112,jessica.cain@wilson.org,Jessica Cain,60736 Park Avenue Unit 935 Port Sarah MS 91620
8113,paul.adams@hotmail.com,Paul Adams,22165 Cook Court Brianbury PA 66322
8114,betty.sanchez@carter.net,Betty Sanchez,9840 Craig Square Suite 586 Michaelhaven SD 42413
8115,anna.miller@rivera.info,Anna Miller,9475 Adams Drive Brianfurt OR 13981
8116,nancy.white@hotmail.com,Nancy White,19355 Forest Path Suite 506 Port Daniel MD 12700
8117,ashley.wilson@outlook.com,Ashley Wilson,66239 Pine Terrace New George MT 41929-1561
8118,larry.wilson@hill.net,Larry Wilson,5596 Johnson Path Port Sarah SC 48703
8119,margaret.williams@outlook.com,Margaret Williams,82793 Miller Loop North Edward NV 97104
8120,anna.miller@gmail.com,Anna Miller,45311 Hill Bypass Unit 650 Jasonmouth FL 02490
8121,laura.robinson@rivera.org,Laura Robinson,99776 Lake Bypass New George HI 51679
8122,kimberly.kirby@brown.info,Kimberly Kirby,40740 Highland Road Lake Edward IL 79830
8123,brian.cain@aol.com,Brian Cain,17597 Lincoln Loop Ste. 421 Andrewmouth RI 20157-2249
8124,jeffrey.martinez@hotmail.com,Jeffrey Martinez,53343 Spring Ford Lake Betty NY 78787-4427
8125,paul.campbell@outlook.com,Paul Campbell,98191 Maple Crossing Suite 120 Markfort TX 97853-3902
8126,sarah.rivera@allen.com,Sarah Rivera,29284 Franklin Loop Williammouth NC 67211-9613
8127,susan.nelson@hotmail.com,Susan Nelson,34393 Cook Square Edwardshire MD 64752-9709
8128,margaret.king@clark.biz,Margaret King,29645 Hill Run Fort Anna VA 26239
8129,melissa.taylor@wright.net,Melissa Taylor,95360 Madison Square East Ronald IN 35591
8130,linda.campbell@aol.com,Linda Campbell,26564 Highland Pass Suite 200 New Karen VA 23150
8131,karen.cain@yahoo.com,Karen Cain,43302 Pine Circle Fort Paul KS 10867
8132,thomas.sanchez@wright.com,Thomas Sanchez,45686 Carter Ford Ste. 250 New Mary NJ 39440
8133,matthew.miller@nelson.biz,Matthew Miller,83171 Cedar Court Suite 569 South Brian OR 19404
8134,kevin.davis@campbell.info,Kevin Davis,10728 Johnson Lane Apt. 139 South David SD 82579-2084
8135,nicholas.white@hotmail.com,Nicholas White,27970 Sunset Ford Port James UT 08367-9658
8136,deborah.baker@adams.net,Deborah Baker,77027 Lake Run Lake Mark NV 91028
8137,timothy.lewis@gmail.com,Timothy Lewis,56871 River Plaza Nancybury VT 58662-3600
8138,jeffrey.miller@gonzalez.info,Jeffrey Miller,64855 Cook Drive Unit 91 New Andrew NM 88432
8139,amy.hall@perez.biz,Amy Hall,48280 Carter Crossing Apt. 930 Lake Steven NV 26053-5091
8140,donald.anderson@johnson.com,Donald Anderson,95300 Shore Circle Suite 495 Susanberg DE 08735
8141,paul.jones@campbell.org,Paul Jones,32923 Jefferson Court Lake Paul GA 86558
8142,melissa.green@ramirez.info,Melissa Green,40185 Shore Loop Ste. 122 West Susan MS 56783
8143,sarah.campbell@gmail.com,Sarah Campbell,76484 River Road Suite 794 East Andrew TX 94465
8144,anna.young@rivera.com,Anna Young,4868 Cook Crossing Apt. 303 Fort Jason MT 13843
8145,betty.kirby@martin.biz,Betty Kirby,55107 Valley Path North Edward MO 08073-1465
8146,emily.mitchell@gonzalez.net,Emily Mitchell,35450 Hill Bypass North Daniel AL 72234-8836
8147,jessica.wright@jackson.biz,Jessica Wright,14953 Davis Court Fort Karen OR 23645
8148,donald.jones@anderson.com,Donald Jones,81948 Oak Square Joshuastad DE 48197
8149,ronald.young@jackson.com,Ronald Young,40071 Pine Bypass Unit 563 Lisaside NC 73244
8150,linda.taylor@outlook.com,Linda Taylor,87567 Ridge Way Port Lisa ME 90616-4591
8151,andrew.carter@icloud.com,Andrew Carter,23873 Franklin Circle Suite 751 Karenshire AR 81621
8152,william.davis@johnson.org,William Davis,47837 Fox Avenue Suite 689 East Karen KS 15866-1991
8153,john.taylor@garcia.info,John Taylor,66420 Fox Run West Kristen RI 08069
8154,amy.martinez@yahoo.com,Amy Martinez,62579 Spring Ford North James NV 20617
8155,larry.lopez@moore.biz,Larry Lopez,15359 Cedar Bypass Ste. 869 New George NJ 17950
8156,michelle.lee@hotmail.com,Michelle Lee,70210 Valley Drive Suite 900 Michaelville OR 34198
8157,mark.wright@king.net,Mark Wright,25939 Cook Street Apt. 55 Thomasport RI 88548
8158,gary.anderson@icloud.com,Gary Anderson,60356 Fox Road Brianville NV 21211-6539
8159,joshua.anderson@outlook.com,Joshua Anderson,20528 Spring Run Stevenport NY 35926
8160,brian.king@icloud.com,Brian King,99341 Cook Square Larrychester ME 42310
8161,rebecca.allen@aol.com,Rebecca Allen,78788 Cedar Pass Suite 183 Brianbury HI 34087-9601
8162,ryan.baker@outlook.com,Ryan Baker,18987 River Plaza Apt. 314 North Joseph MO 63519
8163,amanda.allen@brown.net,Amanda Allen,86967 Fox Plaza Apt. 20 Brianfort TN 49006
8164,jessica.wilson@hotmail.com,Jessica Wilson,89365 Pine Square Apt. 383 Port Edward MN 75667
8165,jennifer.carter@outlook.com,Jennifer Carter,17533 Shore Path Ste. 923 Michaelmouth AK 78895
8166,elizabeth.green@outlook.com,Elizabeth Green,7392 Meadow Pass East Daniel AR 18232-3186
8167,donna.martin@yahoo.com,Donna Martin,91308 Hill Avenue Port James SC 36971-8455
8168,linda.wright@gmail.com,Linda Wright,66651 Highland Pass East Daniel FL 46107
8169,ryan.young@aol.com,Ryan Young,49936 Craig Bypass Unit 672 Andrewchester NV 20710-3030
8170,edward.ramirez@outlook.com,Edward Ramirez,65232 Lincoln Street New Linda ND 27010
8171,kevin.jones@yahoo.com,Kevin Jones,12800 Jefferson Street Unit 511 West Steven CT 73108
8172,margaret.nguyen@kirby.info,Margaret Nguyen,52279 Highland Run Annabury WA 27354-8707
8173,john.jackson@icloud.com,John Jackson,27759 Pine Loop Sarahland GA 43559-6254
8174,helen.moore@gmail.com,Helen Moore,56376 Oak Crossing New James VT 62946
8175,james.allen@jackson.biz,James Allen,80914 Carter Ford Unit 788 North Lisa ID 17065-5634
8176,carol.torres@robinson.org,Carol Torres,74030 Sunset Terrace Unit 577 Kevinville ID 84678
8177,melissa.lee@icloud.com,Melissa Lee,79535 Park Lane Unit 409 East George OH 62536
8178,edward.jones@clark.com,Edward Jones,42543 Walnut Run Unit 59 Jamesside TN 27231
8179,richard.nelson@gmail.com,Richard Nelson,95734 Highland Way Kristenbury ME 51195-5137
8180,barbara.hill@carter.com,Barbara Hill,1461 Franklin Street Karenport MT 43224
8181,elizabeth.hill@martin.info,Elizabeth Hill,69742 Carter Pass Suite 468 West Paul AL 24299
8182,michelle.hall@hotmail.com,Michelle Hall,99384 Walnut Lane Unit 593 East Daniel MN 85439
8183,daniel.clark@icloud.com,Daniel Clark,93177 Oak Pass Andrewview CA 64195-9733
8184,stephanie.campbell@outlook.com,Stephanie Campbell,4045 Jefferson Terrace Unit 570 North Ronald OH 29568
8185,nicholas.johnson@aol.com,Nicholas Johnson,44520 Cook Crossing West William OK 25961-2875
8186,joseph.hall@hotmail.com,Joseph Hall,55501 Jefferson Shore Unit 628 Georgeton TN 33811
8187,kevin.cain@thompson.net,Kevin Cain,13189 Craig Avenue Unit 847 Williamberg MT 93528-8670
8188,michael.clark@outlook.com,Michael Clark,61728 Park Shore South Steven FL 39099
8189,barbara.perez@gmail.com,Barbara Perez,13240 Brook Street Apt. 664 Andrewville OR 16871
8190,deborah.anderson@outlook.com,Deborah Anderson,72269 Washington Road Ste. 738 Brianberg NH 62004-7522
8191,larry.campbell@icloud.com,Larry Campbell,15665 Davis Run Ste. 9 Jasonshire NH 62141
8192,susan.garcia@icloud.com,Susan Garcia,46093 Park Square Kevinfurt PA 46292-8628
8193,sarah.torres@baker.net,Sarah Torres,43364 Cook Run Fort Kevin WY 79019
8194,gary.nguyen@mitchell.org,Gary Nguyen,98359 Spring Court Unit 857 Port Sarah VT 64815
8195,linda.williams@yahoo.com,Linda Williams,13609 Cedar Trail Suite 180 Port Daniel DE 81928-2738
8196,mark.smith@jones.com,Mark Smith,50949 Johnson Plaza Unit 223 East Daniel AK 96438
8197,jeffrey.perez@outlook.com,Jeffrey Perez,10724 Spring Drive Port George PA 48747
8198,emily.jackson@jones.biz,Emily Jackson,73980 Highland Trail Annaburgh SD 42560
8199,sandra.walker@williams.org,Sandra Walker,51992 Valley Loop Sarahchester AZ 61065-1065
8200,steven.hall@aol.com,Steven Hall,14972 Carter Plaza South Joshua AL 33792
8201,helen.campbell@young.info,Helen Campbell,28608 Washington Bypass Unit 554 New Andrew SC 62777
8202,larry.carter@aol.com,Larry Carter,70105 Maple Trail Unit 798 West Steven ID 53023
8203,steven.anderson@icloud.com,Steven Anderson,57274 Craig Loop Ste. 765 Nancyfurt NJ 75061-1745
8204,donald.ramirez@allen.org,Donald Ramirez,13993 Cook Bypass Unit 110 Edwardbury MO 87194
8205,charles.carter@outlook.com,Charles Carter,80785 Craig Drive Suite 78 North William MA 23207-4702
8206,paul.young@yahoo.com,Paul Young,53865 Meadow Crossing Ronaldmouth CA 29032-5680
8207,helen.smith@aol.com,Helen Smith,83965 Johnson Trail Ste. 101 Stevenborough PA 82358-4986
8208,helen.walker@outlook.com,Helen Walker,17882 Carter Ford Ste. 355 East Benjamin MA 36321
8209,barbara.lewis@jackson.info,Barbara Lewis,79572 Cook Circle Port Karen AR 49886
8210,deborah.flores@taylor.net,Deborah Flores,92075 Washington Road East William MI 89867-1668
8211,ryan.green@hotmail.com,Ryan Green,40482 Cedar Circle Suite 199 North James ND 88670
8212,karen.taylor@icloud.com,Karen Taylor,10316 Brook Ford Suite 377 South Linda OH 66585-6647
8213,thomas.wright@hotmail.com,Thomas Wright,53193 Cedar Plaza Apt. 488 New Nancy OR 23313
8214,barbara.jones@king.net,Barbara Jones,24681 Valley Terrace Stevenburgh AK 90881
8215,richard.carter@aol.com,Richard Carter,70312 Craig Drive Unit 910 East Nancy NV 98593-5342
8216,thomas.hill@moore.info,Thomas Hill,53156 Franklin Bypass Lake Nancy MI 64606
8217,susan.jackson@aol.com,Susan Jackson,58419 Ridge Bypass Fort Brian WI 80501
8218,jeffrey.moore@aol.com,Jeffrey Moore,18349 Cook Drive Suite 866 Larrymouth OH 45797
8219,ronald.baker@hotmail.com,Ronald Baker,60191 Cedar Terrace Ste. 251 Susanfort NM 04223
8220,emily.carter@gmail.com,Emily Carter,70943 Sunset Path Larryton NJ 56122
8221,helen.lopez@harris.biz,Helen Lopez,80732 River Lane Ste. 536 East George MO 76895
8222,richard.harris@icloud.com,Richard Harris,65820 Maple Road Lake Betty AK 64252
8223,kevin.mitchell@perez.org,Kevin Mitchell,74158 Oak Ford North Steven RI 63974-8745
8224,nicholas.smith@rivera.org,Nicholas Smith,358 Meadow Avenue Karenville PA 15563
8225,charles.lee@hill.com,Charles Lee,81996 Johnson Shore Larryton NE 74666-7643
8226,deborah.gonzalez@outlook.com,Deborah Gonzalez,20766 Elm Drive New Sarah CA 98956
8227,matthew.davis@outlook.com,Matthew Davis,90049 Fox Terrace Ste. 236 East Thomas OR 09162
8228,larry.johnson@aol.com,Larry Johnson,83263 Carter Terrace Unit 86 North George WI 65244
8229,margaret.wilson@anderson.biz,Margaret Wilson,58230 Walnut Road Unit 415 Edwardburgh WA 07787
8230,larry.walker@outlook.com,Larry Walker,33210 Valley Way Kevinburgh FL 19047-7437
8231,donna.moore@aol.com,Donna Moore,49960 Lake Crossing Ste. 277 Danielfort FL 61163
8232,paul.ramirez@aol.com,Paul Ramirez,89308 Highland Terrace Larryberg VT 50311
8233,jeffrey.cain@sanchez.com,Jeffrey Cain,59404 Miller Crossing Bettyside OK 26663
8234,john.miller@hotmail.com,John Miller,50906 Lake Drive Suite 385 Port George RI 49202-3122
8235,jeffrey.sanchez@outlook.com,Jeffrey Sanchez,82505 Maple Crossing Joshuastad MT 79859-8936
8236,ryan.brown@hotmail.com,Ryan Brown,52600 Johnson Drive Fort Daniel MD 25846
8237,betty.clark@yahoo.com,Betty Clark,74554 Highland Avenue Apt. 350 Jasonmouth WV 35620
8238,anthony.nelson@gmail.com,Anthony Nelson,91864 Park Way Suite 529 East Jason KY 47393
8239,sarah.carter@icloud.com,Sarah Carter,85171 Park Path Ste. 454 Kevinland OH 49186
8240,nancy.mitchell@mitchell.org,Nancy Mitchell,4647 Forest Drive Jasonview WY 44371
8241,jennifer.carter@brown.net,Jennifer Carter,56895 Washington Loop North Mark WI 41386-1026
8242,ryan.martinez@aol.com,Ryan Martinez,26823 Miller Avenue Thomasburgh ID 85413
8243,george.allen@outlook.com,George Allen,42495 Spring Lane Andrewside MT 09339
8244,elizabeth.cain@clark.biz,Elizabeth Cain,6288 Johnson Way Ste. 960 Sarahmouth SD 21665
8245,sarah.allen@outlook.com,Sarah Allen,25250 Fox Loop Apt. 40 Williamberg GA 11245-4097
8246,susan.taylor@adams.com,Susan Taylor,91428 Carter Terrace Suite 870 Jamesmouth KY 33772-4885
8247,richard.miller@martinez.org,Richard Miller,98861 Forest Pass Apt. 217 Markland NM 01469
8248,william.young@torres.biz,William Young,71615 Ridge Avenue Port George NJ 96783-2339
8249,john.lopez@carter.biz,John Lopez,13868 Forest Court Unit 21 West Brian SC 91469
8250,sarah.clark@outlook.com,Sarah Clark,30681 Johnson Plaza Suite 429 Lisaburgh MD 92715-8611
8251,michelle.perez@outlook.com,Michelle Perez,36125 Craig Street East Ronald MI 35480-7448
8252,richard.thompson@smith.biz,Richard Thompson,22826 Franklin Road Suite 859 Port Lisa AR 60708
8253,timothy.mitchell@gmail.com,Timothy Mitchell,91543 Walnut Lane Unit 218 Jamesmouth NJ 46331
8254,carol.ramirez@wright.info,Carol Ramirez,2261 Jefferson Trail Susanfurt IN 34289
8255,george.johnson@yahoo.com,George Johnson,71307 Shore Road Lake Steven NE 27601-6800
8256,daniel.flores@lopez.net,Daniel Flores,39392 Maple Square Suite 834 Port Sarah ID 67669-6499
8257,mary.thomas@wright.com,Mary Thomas,59350 Maple Bypass Andrewhaven KS 17215-8524
8258,laura.scott@yahoo.com,Laura Scott,75983 Lincoln Avenue Ste. 509 Georgeville IN 69162
8259,brian.hall@icloud.com,Brian Hall,37761 Jefferson Trail Jamesstad MA 35311
8260,david.carter@outlook.com,David Carter,48762 Davis Plaza Suite 476 Kristenshire ME 01589-3448
8261,rebecca.kirby@hotmail.com,Rebecca Kirby,79034 Jefferson Avenue New Thomas NM 90876
8262,thomas.wilson@gmail.com,Thomas Wilson,29246 Elm Shore Susanborough GA 26246-2569
8263,richard.davis@gmail.com,Richard Davis,37407 Hill Trail Suite 286 Sarahburgh NY 77287-4322
8264,susan.green@yahoo.com,Susan Green,80711 Lake Terrace Suite 403 Georgeside AK 26265
8265,kimberly.thomas@gmail.com,Kimberly Thomas,60252 Ridge Avenue West Steven NV 20285
8266,jeffrey.jones@icloud.com,Jeffrey Jones,28961 Lake Lane West Thomas NC 72235
8267,jennifer.nelson@yahoo.com,Jennifer Nelson,19413 Miller Street Apt. 849 Lake Anna MT 06290-1448
8268,mary.young@harris.biz,Mary Young,62518 Madison Trail Unit 446 East Andrew AZ 29612
8269,barbara.adams@thomas.net,Barbara Adams,74167 Johnson Court West Sarah OH 67363
8270,michelle.carter@outlook.com,Michelle Carter,9282 Park Bypass Ste. 105 West Kevin WV 72172-4388
8271,nicholas.king@gmail.com,Nicholas King,95028 Lincoln Avenue Jasonton AK 55480
8272,deborah.nguyen@hotmail.com,Deborah Nguyen,64887 Washington Path Suite 390 North Nancy DE 68107
8273,paul.campbell@yahoo.com,Paul Campbell,13626 Forest Pass Apt. 208 Josephville IL 24067
8274,larry.harris@hill.biz,Larry Harris,39575 Davis Plaza Brianbury NM 86142
8275,betty.lopez@aol.com,Betty Lopez,50834 River Bypass Benjaminstad NM 63814-8968
8276,helen.davis@rivera.com,Helen Davis,31807 Lake Trail West Kristen MI 69566
8277,andrew.lopez@yahoo.com,Andrew Lopez,51880 Cook Street Lake Jason AZ 12633
8278,stephanie.martin@mitchell.com,Stephanie Martin,66955 Forest Road Apt. 311 Paulshire VA 65496
8279,ronald.hill@yahoo.com,Ronald Hill,36153 Elm Crossing Suite 343 Sarahside AL 02829
8280,jeffrey.clark@yahoo.com,Jeffrey Clark,51820 Lincoln Street Fort Andrew MD 29186
8281,elizabeth.ramirez@williams.com,Elizabeth Ramirez,9482 Washington Pass Unit 614 Edwardberg GA 25229
8282,paul.martin@gmail.com,Paul Martin,53255 Shore Bypass Suite 725 Port Jason PA 99534
8283,larry.flores@gmail.com,Larry Flores,89340 Pine Path Thomasview VT 37783
8284,lisa.robinson@gmail.com,Lisa Robinson,75394 Highland Bypass Suite 312 Port Nancy CO 45036
8285,sarah.mitchell@outlook.com,Sarah Mitchell,59620 Elm Plaza Apt. 658 North Andrew HI 57583
8286,linda.martinez@outlook.com,Linda Martinez,39179 Craig Ford West Daniel MT 23941
8287,amanda.lopez@gmail.com,Amanda Lopez,77051 Fox Bypass Karenborough RI 50721
8288,nancy.torres@outlook.com,Nancy Torres,53110 Carter Street Ste. 194 Thomasfort MD 44396
8289,jason.scott@gmail.com,Jason Scott,17474 Ridge Street Fort Paul CO 65670
8290,ronald.perez@icloud.com,Ronald Perez,51362 Washington Road Suite 15 Port Joshua WI 48280
8291,patricia.wright@icloud.com,Patricia Wright,74220 Oak Plaza Bettyborough SC 89934
8292,richard.green@hotmail.com,Richard Green,24794 Johnson Lane Ste. 461 Jasonfurt AK 95515
8293,michael.allen@sanchez.com,Michael Allen,76543 Craig Shore Apt. 420 Brianview KY 61631-9325
8294,david.johnson@yahoo.com,David Johnson,64140 Miller Circle Maryton DE 64515
8295,mary.nelson@icloud.com,Mary Nelson,30736 Adams Terrace Port Linda HI 94757-3596
8296,larry.king@martinez.org,Larry King,57040 Elm Drive Apt. 765 Fort Thomas CA 06177-1499
8297,nicholas.adams@king.info,Nicholas Adams,13670 Meadow Street Josephberg MD 11223
8298,andrew.clark@ramirez.org,Andrew Clark,24307 Lincoln Plaza Port Brian SD 39399-6165
8299,mary.thompson@johnson.org,Mary Thompson,29295 Davis Court East Steven MI 36943
8300,richard.young@carter.info,Richard Young,81075 Madison Circle Ste. 686 New Linda VT 60501-9620
8301,margaret.harris@yahoo.com,Margaret Harris,82809 Franklin Terrace Lindaville NY 98179-6281
8302,michael.nelson@yahoo.com,Michael Nelson,50626 Franklin Street Josephfort TN 58136
8303,kevin.allen@outlook.com,Kevin Allen,34147 Sunset Ford Danielmouth CO 62821
8304,george.rivera@martinez.info,George Rivera,31526 Sunset Way Apt. 154 South Edward IA 98984
8305,david.green@garcia.biz,David Green,87101 Spring Trail Lisatown MT 08332
8306,michael.hill@hotmail.com,Michael Hill,66362 Oak Avenue Ronaldmouth WV 89674-6226
8307,elizabeth.young@outlook.com,Elizabeth Young,75305 Forest Terrace Marymouth LA 30754-7396
8308,ryan.lee@outlook.com,Ryan Lee,91758 Davis Road Apt. 175 South William NJ 70731
8309,melissa.adams@icloud.com,Melissa Adams,71093 Park Way Unit 776 Annaland CT 33522-9477
8310,helen.king@nguyen.biz,Helen King,53835 Meadow Terrace Fort Jason RI 17254-3902
8311,stephanie.kirby@outlook.com,Stephanie Kirby,37614 Shore Ford Ste. 489 South Paul MN 54262
8312,thomas.wright@aol.com,Thomas Wright,58865 Valley Square South Mark VA 83439
8313,donna.cain@hotmail.com,Donna Cain,89160 Valley Court New Brian OR 57590
8314,amy.allen@robinson.org,Amy Allen,98963 Forest Street Ste. 745 Brianton VA 94130-9082
8315,edward.hall@martin.com,Edward Hall,60450 Washington Loop New Andrew VT 43087
8316,kimberly.white@king.net,Kimberly White,3419 Davis Road Thomasland WA 73343
8317,emily.johnson@hotmail.com,Emily Johnson,59675 Franklin Trail Joshuashire CA 16211
8318,gary.mitchell@anderson.info,Gary Mitchell,57430 Highland Circle Markville NV 59392-3279
8319,jessica.lopez@sanchez.com,Jessica Lopez,89661 Washington Path Apt. 940 West George DE 43314
8320,michael.anderson@gmail.com,Michael Anderson,67428 Madison Trail Sarahchester KS 27690-1545
8321,charles.thomas@gmail.com,Charles Thomas,15974 Hill Loop Ste. 781 Stevenhaven PA 12871-7784
8322,joseph.green@icloud.com,Joseph Green,74109 Park Loop Fort Lisa VA 73781
8323,sarah.brown@gonzalez.info,Sarah Brown,93920 Oak Street Unit 339 Lake Karen MD 45411
8324,emily.lee@hotmail.com,Emily Lee,75988 Brook Trail Paulmouth LA 35808
8325,william.nelson@baker.com,William Nelson,76458 Spring Pass Ste. 879 Fort Linda VT 06019-4018
8326,nancy.scott@hotmail.com,Nancy Scott,5639 Ridge Pass Unit 727 Bettyhaven MN 14964-3819
8327,jeffrey.allen@gmail.com,Jeffrey Allen,94076 Ridge Street Apt. 544 South Susan AZ 27019
8328,mark.robinson@outlook.com,Mark Robinson,36246 Elm Run Lake Betty KY 09241
8329,paul.johnson@miller.com,Paul Johnson,18425 Oak Path Unit 62 Fort Kevin CA 80198
8330,deborah.lee@green.net,Deborah Lee,81595 Spring Road Apt. 960 Port Michael NH 69570
8331,anthony.martinez@campbell.info,Anthony Martinez,98837 Maple Lane Lake Linda KY 21209-8709
8332,david.nguyen@yahoo.com,David Nguyen,61976 Shore Court South Jason DE 95756
8333,james.campbell@perez.com,James Campbell,94348 Johnson Court Suite 328 East George MN 37018
8334,elizabeth.clark@yahoo.com,Elizabeth Clark,60359 Pine Square Suite 290 Davidland WI 64934
8335,richard.clark@gmail.com,Richard Clark,20786 Cook Court Apt. 360 North David NJ 92171
8336,anthony.thomas@aol.com,Anthony Thomas,61305 Cedar Path Karenburgh CT 05076
8337,patricia.mitchell@gmail.com,Patricia Mitchell,56889 Pine Way Stevenville MI 06680
8338,amanda.scott@aol.com,Amanda Scott,55132 Oak Circle North Betty ME 92707
8339,linda.carter@outlook.com,Linda Carter,60448 Valley Court Suite 838 South Ronald MI 69668
8340,michael.ramirez@gmail.com,Michael Ramirez,53120 Lincoln Pass Apt. 83 West Steven UT 70391
8341,karen.walker@williams.info,Karen Walker,29906 Maple Ford Suite 42 Maryberg TN 74817
8342,michelle.carter@gmail.com,Michelle Carter,28804 Meadow Street Fort Betty MI 31474
8343,lisa.taylor@johnson.com,Lisa Taylor,89076 Carter Path Unit 399 Markbury CO 48120
8344,larry.wright@taylor.net,Larry Wright,58564 Highland Circle West Jason NM 70628-6021
8345,lisa.adams@anderson.biz,Lisa Adams,95731 Craig Road Sarahmouth IL 09038-8663
8346,donna.brown@hotmail.com,Donna Brown,49387 Craig Circle North Paul NC 21546
8347,jeffrey.davis@gmail.com,Jeffrey Davis,56451 Miller Square Michaelport OR 84146
8348,edward.nguyen@gmail.com,Edward Nguyen,86291 Shore Court Unit 186 Sarahborough ME 24633
8349,stephanie.brown@martinez.biz,Stephanie Brown,53942 Meadow Crossing Edwardberg OH 90314
8350,jessica.jones@gmail.com,Jessica Jones,29023 Elm Trail Unit 362 West Larry WA 43774
8351,thomas.smith@aol.com,Thomas Smith,79762 Fox Terrace Apt. 894 Josephberg NE 11728-9988
8352,karen.lewis@walker.info,Karen Lewis,77637 Forest Street Unit 979 North Mary IN 87249
8353,kimberly.martinez@gmail.com,Kimberly Martinez,39549 Elm Run Apt. 288 Benjaminhaven KY 36224-6059
8354,jennifer.sanchez@gmail.com,Jennifer Sanchez,22262 Cedar Bypass Ste. 343 Paulton FL 20259-3910
8355,thomas.harris@outlook.com,Thomas Harris,23901 Franklin Road East Joshua MN 50388-9824
8356,daniel.anderson@yahoo.com,Daniel Anderson,27006 Elm Street Suite 42 Kristenchester OK 14435-8272
8357,anthony.nguyen@gmail.com,Anthony Nguyen,89333 Washington Way Apt. 617 Port Anna NV 14170
8358,betty.white@outlook.com,Betty White,19954 Davis Plaza Williamton ND 91745-5800
8359,ashley.lee@smith.net,Ashley Lee,27332 Maple Ford Fort James DE 51706-1262
8360,emily.walker@outlook.com,Emily Walker,28063 Madison Shore Suite 204 North Nancy NC 40474
8361,andrew.torres@taylor.info,Andrew Torres,29705 Pine Run Ste. 567 Maryberg OR 46135
8362,ashley.martinez@gmail.com,Ashley Martinez,9846 Davis Terrace Susanland TN 78358
8363,george.miller@brown.org,George Miller,96046 Pine Road Apt. 861 Port Ronald MT 40678
8364,kimberly.scott@icloud.com,Kimberly Scott,41989 Highland Avenue North James LA 20550
8365,margaret.rivera@gmail.com,Margaret Rivera,80207 River Street Apt. 825 Markborough NY 18826-4147
8366,daniel.lee@yahoo.com,Daniel Lee,92618 Highland Shore Port Steven RI 93481
8367,matthew.walker@moore.com,Matthew Walker,618 Lake Road North Linda CA 41017
8368,kimberly.brown@icloud.com,Kimberly Brown,74628 Lake Avenue Suite 954 Kristenton VA 93502-4485
8369,betty.walker@gmail.com,Betty Walker,72177 Johnson Bypass Suite 921 South Brian WI 71328-9064
8370,jessica.clark@thompson.biz,Jessica Clark,56846 Lake Drive Unit 369 Georgemouth HI 06033-6012
8371,susan.white@yahoo.com,Susan White,2489 River Trail Suite 589 Benjaminchester WI 85935
8372,ryan.baker@yahoo.com,Ryan Baker,34911 Johnson Path Benjaminside FL 39246
8373,deborah.wright@yahoo.com,Deborah Wright,63874 Fox Crossing Danielstad LA 19081
8374,helen.kirby@hotmail.com,Helen Kirby,38033 Adams Ford Williamton VT 99711-9149
8375,joshua.green@outlook.com,Joshua Green,10857 Hill Loop Ste. 884 Lake Mary KY 99029
8376,jeffrey.allen@johnson.info,Jeffrey Allen,54491 Meadow Crossing New Lisa DE 05044
8377,richard.scott@hotmail.com,Richard Scott,13693 Lake Drive Apt. 236 New Karen AZ 97955
8378,michelle.jackson@hotmail.com,Michelle Jackson,83535 Miller Bypass Fort Kevin NJ 03360
8379,timothy.flores@white.biz,Timothy Flores,26771 Ridge Street Suite 184 South William NC 83128
8380,jeffrey.miller@aol.com,Jeffrey Miller,73869 Meadow Street Andrewberg WY 47537
8381,patricia.wright@outlook.com,Patricia Wright,57473 Valley Bypass Michaelbury IN 66997
8382,george.garcia@aol.com,George Garcia,35663 Spring Terrace East James WY 11240
8383,matthew.carter@gmail.com,Matthew Carter,88062 Cedar Avenue Danielland UT 84243-3415
8384,deborah.carter@icloud.com,Deborah Carter,64554 Johnson Square Susanberg NJ 32547-4647
8385,karen.lee@lopez.com,Karen Lee,64694 Lake Road Ste. 918 Larryfort KY 11944
8386,anna.scott@yahoo.com,Anna Scott,53791 Cedar Street South Mark SC 19802-8157
8387,joseph.brown@gmail.com,Joseph Brown,39055 Walnut Ford Unit 866 Sarahhaven TX 18657-3114
8388,barbara.davis@icloud.com,Barbara Davis,4042 Maple Crossing Suite 807 Kevinfort AR 78243-7062
8389,mary.garcia@aol.com,Mary Garcia,21681 Davis Trail Suite 384 South Sarah MD 16645-1134
8390,jennifer.rivera@hall.net,Jennifer Rivera,86839 Spring Plaza Brianmouth GA 62428
8391,nancy.nguyen@icloud.com,Nancy Nguyen,51441 Highland Road New James MT 25382-9777
8392,kevin.clark@carter.com,Kevin Clark,30164 Fox Lane Ronaldville VA 36945
8393,john.cain@yahoo.com,John Cain,19879 Adams Terrace Unit 884 Bettyville ID 76996
8394,amanda.gonzalez@hotmail.com,Amanda Gonzalez,44742 Pine Court Annaport NC 45142
8395,patricia.white@nguyen.info,Patricia White,99907 Cedar Lane Unit 239 East Nancy MI 37954
8396,elizabeth.adams@outlook.com,Elizabeth Adams,9865 Meadow Loop Bettyview DE 12812
8397,joseph.martinez@outlook.com,Joseph Martinez,7847 Walnut Ford Unit 258 Stevenshire AK 53288-7129
8398,jennifer.garcia@gmail.com,Jennifer Garcia,82178 Madison Trail Apt. 183 South Michael AK 96224
8399,jennifer.johnson@mitchell.org,Jennifer Johnson,79190 Carter Way Apt. 264 Port Lisa WV 65298
8400,laura.baker@adams.net,Laura Baker,41905 Jefferson Shore North Steven IL 77614-4086
8401,laura.nguyen@hotmail.com,Laura Nguyen,85926 Walnut Square Suite 223 New Ronald TX 60406
8402,david.walker@torres.net,David Walker,73660 Cedar Shore Fort Edward MT 17850
8403,michelle.anderson@young.biz,Michelle Anderson,24159 Craig Ford Suite 862 Markshire AK 77098
8404,deborah.rivera@carter.biz,Deborah Rivera,42923 Elm Drive Apt. 507 East Steven OR 89604
8405,mark.adams@yahoo.com,Mark Adams,95435 Adams Trail Bettytown ND 05439
8406,andrew.johnson@nguyen.net,Andrew Johnson,45606 Franklin Terrace Apt. 426 Port Thomas SD 39852
8407,nancy.green@yahoo.com,Nancy Green,55030 Carter Street Ste. 492 Fort Sarah AR 11384
8408,ronald.martinez@icloud.com,Ronald Martinez,39625 Highland Way Suite 184 Fort William PA 60567-7509
8409,jason.nguyen@outlook.com,Jason Nguyen,68294 Adams Street Annaborough MO 14871-4692
8410,richard.thomas@jackson.info,Richard Thomas,29170 Johnson Ford North Andrew NE 36568
8411,timothy.rivera@aol.com,Timothy Rivera,69832 Craig Square Susanshire KS 78734
8412,john.brown@gmail.com,John Brown,27226 Walnut Ford Bettyton MO 65068
8413,thomas.white@gmail.com,Thomas White,26712 Craig Pass West William IA 68499
8414,edward.flores@icloud.com,Edward Flores,87346 Madison Ford Ste. 972 North Kevin PA 11252
8415,edward.thompson@outlook.com,Edward Thompson,67554 Pine Plaza Fort Ronald MT 82283
8416,stephanie.davis@outlook.com,Stephanie Davis,55208 Brook Road Port Brian UT 51435
8417,andrew.flores@smith.com,Andrew Flores,19764 Fox Terrace Suite 393 Markton NC 45920
8418,melissa.lewis@gmail.com,Melissa Lewis,98678 Madison Square Apt. 32 North Jason OK 91738
8419,timothy.lewis@outlook.com,Timothy Lewis,12319 Pine Drive Apt. 209 Port Ronald DE 54486
8420,emily.smith@outlook.com,Emily Smith,82285 Maple Bypass Lake George NC 04486
8421,jeffrey.rivera@aol.com,Jeffrey Rivera,26492 Adams Lane Georgeberg OH 02542
8422,stephanie.thompson@lopez.net,Stephanie Thompson,79908 Elm Bypass Ste. 616 Annaburgh AZ 30692-1239
8423,joseph.davis@robinson.biz,Joseph Davis,74524 Sunset Plaza Fort Thomas VT 28329-8772
8424,mark.johnson@outlook.com,Mark Johnson,87105 Oak Way Ste. 825 Michaelside RI 06284
8425,rebecca.white@aol.com,Rebecca White,12239 Lincoln Plaza Unit 600 East David LA 87908
8426,emily.kirby@outlook.com,Emily Kirby,73062 Cook Bypass Unit 561 West Karen AR 67394-2117
8427,michael.adams@carter.com,Michael Adams,61135 Meadow Trail Unit 561 New Anna MI 49441
8428,karen.flores@aol.com,Karen Flores,6308 Sunset Court Unit 487 North Susan IA 65852
8429,nicholas.miller@hotmail.com,Nicholas Miller,41917 Pine Crossing Apt. 989 North Betty KS 09404
8430,karen.lopez@hotmail.com,Karen Lopez,13777 Lake Drive South Lisa SD 29460
8431,charles.garcia@young.org,Charles Garcia,42217 Pine Plaza Suite 774 South Brian WA 63447
8432,laura.brown@aol.com,Laura Brown,25945 Sunset Avenue Jamesfort UT 40759
8433,rebecca.gonzalez@outlook.com,Rebecca Gonzalez,40245 Hill Terrace New Jason WV 69797
8434,stephanie.lewis@walker.info,Stephanie Lewis,64791 Miller Trail Apt. 666 New Steven PA 06915
8435,anna.smith@hill.biz,Anna Smith,46549 Valley Shore Lindaberg GA 93438-7309
8436,michelle.adams@gonzalez.org,Michelle Adams,71954 Adams Crossing Joshuafort AR 02544-3865
8437,george.hall@hotmail.com,George Hall,62989 Maple Lane East Nancy AL 59360
8438,amy.davis@aol.com,Amy Davis,7140 Maple Terrace New Daniel WI 79670
8439,andrew.taylor@hotmail.com,Andrew Taylor,41471 Spring Run Port Kevin OK 38191
8440,donald.hall@hotmail.com,Donald Hall,1041 Ridge Pass Unit 800 Lindafort PA 66449
8441,rebecca.brown@icloud.com,Rebecca Brown,34984 Meadow Road Ste. 206 Jasonstad FL 50545
8442,larry.nguyen@thompson.biz,Larry Nguyen,28990 Washington Shore Apt. 604 Paulberg NH 17183
8443,donna.hall@yahoo.com,Donna Hall,89053 Carter Bypass Sarahberg ME 40950-4449
8444,lisa.campbell@hotmail.com,Lisa Campbell,93185 Madison Lane Apt. 248 Fort George WV 68448
8445,anthony.mitchell@taylor.net,Anthony Mitchell,77826 Adams Trail Ste. 296 South Steven NJ 04317
8446,nancy.davis@aol.com,Nancy Davis,46134 Cook Run Apt. 21 Lindahaven NJ 04543
8447,sandra.anderson@walker.info,Sandra Anderson,10426 Lincoln Path Williamside OR 12671
8448,deborah.torres@aol.com,Deborah Torres,5951 Washington Path Ste. 706 Port Kevin NH 24372
8449,nicholas.sanchez@johnson.biz,Nicholas Sanchez,73425 Johnson Bypass Suite 46 West Karen VA 42926
8450,rebecca.nelson@gmail.com,Rebecca Nelson,98889 Adams Path East William LA 12031
8451,paul.jackson@jones.org,Paul Jackson,26056 Cedar Crossing Ste. 903 Lake Edward OR 87020
8452,joseph.young@sanchez.org,Joseph Young,10002 Johnson Terrace Port David OH 36849
8453,patricia.jackson@garcia.net,Patricia Jackson,18444 Cedar Lane Kristentown VA 42796
8454,john.sanchez@hotmail.com,John Sanchez,91935 Miller Pass Apt. 615 Edwardtown TN 04750-9531
8455,gary.perez@flores.biz,Gary Perez,17622 Washington Lane Unit 955 Port Kristen DE 76691
8456,susan.anderson@outlook.com,Susan Anderson,12020 Johnson Way North George CO 57175-3273
8457,laura.gonzalez@aol.com,Laura Gonzalez,59042 Elm Street Georgestad MN 35085
8458,paul.king@icloud.com,Paul King,63084 Walnut Way Ste. 869 Port Brian IL 76313
8459,william.thompson@icloud.com,William Thompson,79075 Walnut Way Ste. 439 Lake Daniel FL 58217-1774
8460,nancy.clark@gmail.com,Nancy Clark,73038 River Drive Suite 91 Stevenview VA 22541
8461,amanda.torres@icloud.com,Amanda Torres,40851 River Plaza Ste. 429 Fort Brian TN 13393
8462,laura.jones@yahoo.com,Laura Jones,65763 Hill Loop North Anna SC 62187
8463,joseph.hall@green.org,Joseph Hall,90627 Meadow Bypass Danielland RI 32671-8517
8464,gary.baker@adams.info,Gary Baker,93398 Hill Crossing Lisabury NJ 88811
8465,laura.scott@williams.biz,Laura Scott,95342 Hill Trail Kristenhaven NH 52122
8466,barbara.anderson@wilson.com,Barbara Anderson,3081 Pine Run Thomaschester NH 24614
8467,timothy.sanchez@lewis.org,Timothy Sanchez,86725 Brook Square West Ronald NV 24353
8468,james.nelson@young.net,James Nelson,41138 Lake Street Suite 180 West Daniel MN 99941-5514
8469,elizabeth.garcia@gmail.com,Elizabeth Garcia,44382 Carter Court Lake Linda AK 90572-9942
8470,anthony.brown@nguyen.net,Anthony Brown,71867 Cook Avenue Unit 932 Fort Sarah NM 88523
8471,donna.carter@martin.org,Donna Carter,80205 Shore Ford East Daniel AZ 47602
8472,rebecca.wright@outlook.com,Rebecca Wright,34492 Washington Drive Port Linda UT 49124
8473,amy.green@hotmail.com,Amy Green,63751 Ridge Plaza Unit 100 East Edward MO 03091
8474,jeffrey.nguyen@wilson.org,Jeffrey Nguyen,20261 River Drive Unit 415 West Ronald MN 24041
8475,sandra.ramirez@yahoo.com,Sandra Ramirez,556 River Way Port Edward MN 97153
8476,andrew.mitchell@aol.com,Andrew Mitchell,69273 Meadow Square New Ronald AR 03017-4051
8477,barbara.mitchell@moore.net,Barbara Mitchell,37584 Spring Avenue Apt. 870 Fort David MN 15189
8478,melissa.garcia@wilson.com,Melissa Garcia,71329 Washington Drive Suite 522 Karenhaven AL 77716
8479,jeffrey.anderson@campbell.info,Jeffrey Anderson,41283 Jefferson Plaza Edwardview PA 40948-6136
8480,kimberly.sanchez@adams.info,Kimberly Sanchez,46541 Cedar Street Williamburgh OK 11343-9309
8481,sandra.johnson@hotmail.com,Sandra Johnson,47293 Meadow Terrace West Ronald FL 92258-5007
8482,michael.davis@icloud.com,Michael Davis,87254 Fox Square Lake Michael MT 88194
8483,emily.white@yahoo.com,Emily White,38650 Johnson Lane Unit 806 North Joseph DE 34272
8484,mary.carter@outlook.com,Mary Carter,95262 Spring Plaza Suite 37 South James OK 87460
8485,steven.carter@gmail.com,Steven Carter,64259 Oak Bypass West Betty OK 50114
8486,jason.smith@yahoo.com,Jason Smith,2378 Ridge Circle Ste. 646 Jasonville OH 47440
8487,donna.hall@outlook.com,Donna Hall,40431 Brook Square Apt. 832 Kevinland NY 46765-9478
8488,laura.robinson@adams.net,Laura Robinson,7630 Madison Avenue Josephside ID 97762
8489,charles.lewis@campbell.info,Charles Lewis,92415 River Ford East Nancy SC 82368-9760
8490,stephanie.davis@aol.com,Stephanie Davis,60802 Park Lane Ronaldfurt DE 87234
8491,susan.kirby@hotmail.com,Susan Kirby,88592 Miller Shore East George MA 31534
8492,jeffrey.jones@hall.org,Jeffrey Jones,64983 Highland Loop Apt. 742 Lisaberg AK 10835
8493,charles.anderson@outlook.com,Charles Anderson,632 Forest Avenue Unit 340 Larryside NM 74501
8494,richard.miller@aol.com,Richard Miller,43995 Maple Drive Joshuaberg OR 72775-4266
8495,carol.robinson@icloud.com,Carol Robinson,34953 Forest Drive Apt. 790 North Nancy IL 38966
8496,amanda.nguyen@outlook.com,Amanda Nguyen,12657 Madison Shore Ste. 760 Kristenbury GA 14506-7962
8497,donna.carter@hotmail.com,Donna Carter,48246 Craig Way Unit 719 Fort Thomas OH 43933-5387
8498,charles.gonzalez@white.info,Charles Gonzalez,33137 Cook Avenue Port Steven HI 45148
8499,patricia.jackson@icloud.com,Patricia Jackson,67543 Brook Avenue Apt. 429 Danieltown MS 28632
8500,joshua.lopez@gmail.com,Joshua Lopez,28122 Madison Court Ste. 809 Annaburgh SD 39819
8501,linda.thomas@taylor.info,Linda Thomas,82253 Lincoln Ford Suite 377 Port Anna ND 38644
8502,rebecca.allen@icloud.com,Rebecca Allen,57683 Oak Crossing Brianton ND 49979
8503,david.miller@aol.com,David Miller,55958 Park Drive Suite 700 Benjaminstad MT 22795
8504,andrew.allen@gmail.com,Andrew Allen,50357 Ridge Ford New Susan WA 05196-7592
8505,joshua.lopez@robinson.com,Joshua Lopez,31404 Madison Crossing Michaelhaven PA 95963-1077
8506,jason.hill@aol.com,Jason Hill,42645 Elm Street Ste. 596 East Thomas TX 02496
8507,michelle.lopez@outlook.com,Michelle Lopez,24985 Shore Street Fort Sarah NC 65574-7873
8508,ronald.williams@allen.info,Ronald Williams,18464 Hill Court Markborough OK 39160-4953
8509,ashley.rivera@outlook.com,Ashley Rivera,44563 Shore Pass North James AL 03170
8510,william.white@icloud.com,William White,33734 Valley Street Ste. 461 South Kristen IN 64191
8511,joshua.robinson@yahoo.com,Joshua Robinson,82403 Adams Bypass Apt. 179 Bettyville KY 06952-3829
8512,elizabeth.torres@hotmail.com,Elizabeth Torres,51528 Miller Bypass Unit 521 Lake Steven KS 37743
8513,helen.anderson@allen.biz,Helen Anderson,69033 Park Loop Ste. 517 Port George MA 21038
8514,anna.allen@hotmail.com,Anna Allen,38378 Fox Bypass South Sarah AK 92166-8678
8515,ronald.anderson@williams.net,Ronald Anderson,31891 Johnson Trail Susanmouth ME 30705-5568
8516,sarah.hall@thompson.biz,Sarah Hall,52126 Davis Crossing Port George CO 49495-2896
8517,george.thompson@rivera.net,George Thompson,76049 Carter Avenue Unit 936 West Kevin AL 50680
8518,john.perez@aol.com,John Perez,81803 Lake Street Suite 453 West Susan AR 34117
8519,jessica.jackson@outlook.com,Jessica Jackson,11963 Fox Loop Suite 536 Williamfurt FL 57462
8520,george.white@hill.biz,George White,18690 Ridge Shore East Benjamin WY 02182-6105
8521,charles.anderson@icloud.com,Charles Anderson,31413 Lake Ford Ste. 665 East Karen IA 79741-7508
8522,susan.sanchez@outlook.com,Susan Sanchez,75611 River Crossing Ste. 52 Joshuamouth TN 46699
8523,james.davis@outlook.com,James Davis,12113 Miller Circle New Mary IA 99457
8524,sarah.taylor@gmail.com,Sarah Taylor,21045 Spring Pass Apt. 811 Sarahmouth VT 71188-9837
8525,anna.brown@taylor.com,Anna Brown,73056 Miller Loop Apt. 570 Lake George GA 19018
8526,ashley.wright@gmail.com,Ashley Wright,36363 Davis Pass Suite 126 North Joshua WY 55795
8527,george.hall@icloud.com,George Hall,92737 Adams Street Apt. 991 Port Jason KY 12561
8528,nicholas.campbell@gmail.com,Nicholas Campbell,74779 Oak Loop Suite 691 Sarahburgh MT 02928
8529,ronald.wilson@thompson.net,Ronald Wilson,9801 Madison Run Suite 871 South Thomas TX 09780
8530,daniel.torres@outlook.com,Daniel Torres,93839 Park Street Suite 152 East David VA 60541-9763
8531,jason.wilson@lee.net,Jason Wilson,94153 Adams Court Ste. 412 Danielland SC 41954
8532,helen.campbell@walker.net,Helen Campbell,29827 Maple Avenue Ste. 96 Port Daniel RI 46249-8704
8533,kimberly.walker@yahoo.com,Kimberly Walker,46528 Craig Bypass Ste. 584 North David MO 50915
8534,anthony.young@hotmail.com,Anthony Young,31248 Cedar Street Unit 700 Port Ronald NH 21497-2724
8535,john.torres@gmail.com,John Torres,89516 Franklin Terrace Ste. 885 Brianmouth TX 66567
8536,melissa.taylor@taylor.net,Melissa Taylor,43898 Lincoln Road Suite 398 Michaelview ME 93789
8537,patricia.walker@gmail.com,Patricia Walker,87778 Franklin Drive Ste. 140 Sarahshire UT 32876-3405
8538,melissa.miller@icloud.com,Melissa Miller,91397 Adams Terrace North Linda TN 10215-6248
8539,sarah.gonzalez@hotmail.com,Sarah Gonzalez,33053 Adams Loop Josephshire NH 73377
8540,larry.garcia@icloud.com,Larry Garcia,17671 Shore Trail Ste. 397 West Benjamin MD 56404
8541,rebecca.taylor@garcia.net,Rebecca Taylor,22145 Craig Pass Lindaburgh KY 75549
8542,barbara.martinez@martinez.biz,Barbara Martinez,16246 Shore Plaza Suite 753 Karenton NJ 83532
8543,ronald.clark@hotmail.com,Ronald Clark,20368 Brook Court New David NV 67663-7466
8544,jessica.flores@yahoo.com,Jessica Flores,85106 Cedar Loop Unit 180 North Andrew MS 48739
8545,nicholas.perez@taylor.com,Nicholas Perez,21180 Shore Terrace Brianfurt NE 30181-5145
8546,patricia.harris@lewis.com,Patricia Harris,68080 Jefferson Run Lake Steven FL 83199
8547,michelle.rivera@cain.com,Michelle Rivera,49467 Cedar Way Fort David AZ 87812
8548,rebecca.clark@nelson.net,Rebecca Clark,54154 Park Run Markmouth IN 83489-9011
8549,nancy.campbell@carter.com,Nancy Campbell,77416 Elm Shore Ste. 272 North Mark MO 61561
8550,nicholas.gonzalez@aol.com,Nicholas Gonzalez,55315 Sunset Avenue Apt. 75 Maryburgh MA 12642
8551,deborah.scott@hotmail.com,Deborah Scott,95554 Lake Square Kristenton NE 33563
8552,amy.nguyen@davis.net,Amy Nguyen,11400 Hill Pass Ste. 782 South Karen WI 33153
8553,matthew.lewis@aol.com,Matthew Lewis,36110 Ridge Bypass Apt. 279 Susanton VA 95368
8554,sandra.robinson@jones.com,Sandra Robinson,9183 Walnut Bypass Apt. 485 East Linda NV 98064-4645
8555,jeffrey.ramirez@green.org,Jeffrey Ramirez,95846 Park Way Unit 911 West Linda CO 02521-1044
8556,melissa.walker@yahoo.com,Melissa Walker,6276 Cook Shore Fort Larry KS 95883-1414
8557,barbara.carter@lee.net,Barbara Carter,17556 Jefferson Crossing East Daniel MI 93124-7530
8558,nancy.flores@outlook.com,Nancy Flores,77377 Lincoln Plaza Apt. 479 Fort Thomas SC 73372
8559,stephanie.perez@clark.net,Stephanie Perez,74929 Park Trail Suite 110 North Larry HI 01240-6529
8560,paul.thompson@sanchez.org,Paul Thompson,34399 Lincoln Road Apt. 892 Susanchester KS 82580
8561,mark.moore@icloud.com,Mark Moore,29165 Adams Street South Mark NJ 16414-8161
8562,carol.johnson@icloud.com,Carol Johnson,97854 Madison Road Apt. 670 North Brian TX 29356-4503
8563,emily.nelson@gonzalez.biz,Emily Nelson,71942 Forest Road South Kristen CO 48130
8564,betty.torres@aol.com,Betty Torres,96149 Craig Plaza Georgeview RI 03216-8529
8565,james.gonzalez@carter.info,James Gonzalez,49482 Washington Loop Apt. 709 West Steven CO 15949
8566,margaret.hill@scott.com,Margaret Hill,73627 Fox Way Kevinton CT 98693
8567,matthew.garcia@hotmail.com,Matthew Garcia,78742 Davis Circle Unit 273 West Mary CA 60807-9550
8568,emily.perez@outlook.com,Emily Perez,98739 Madison Terrace Port Joshua GA 31653
8569,nancy.smith@hotmail.com,Nancy Smith,14692 Oak Ford East Linda IN 24200
8570,john.anderson@lopez.com,John Anderson,13327 Davis Pass West Kristen SD 61256
8571,jennifer.adams@aol.com,Jennifer Adams,25790 Pine Run Unit 296 South Kristen MO 24513
8572,helen.johnson@icloud.com,Helen Johnson,79089 Hill Lane Ste. 912 Fort George NJ 74919-2582
8573,patricia.walker@icloud.com,Patricia Walker,97559 Walnut Square Port Steven NC 09562
8574,jason.walker@baker.net,Jason Walker,34831 Forest Lane Apt. 795 South Ronald CT 75732-5190
8575,amanda.johnson@anderson.org,Amanda Johnson,67876 Elm Loop Kevinton WV 16359
8576,thomas.walker@flores.info,Thomas Walker,78974 Jefferson Court Suite 300 Ronaldfort TN 65264
8577,nancy.green@hotmail.com,Nancy Green,21141 Lake Drive Ste. 316 South Ronald HI 38267-3870
8578,amy.anderson@garcia.net,Amy Anderson,53708 Oak Way Kristenfort WY 93876
8579,rebecca.hill@yahoo.com,Rebecca Hill,88048 Craig Street East Benjamin HI 89742
8580,james.king@taylor.com,James King,99472 Elm Bypass Port Betty RI 23106
8581,carol.lewis@hotmail.com,Carol Lewis,74775 Jefferson Ford Nancyport IL 53791
8582,anthony.wilson@icloud.com,Anthony Wilson,14712 Adams Trail Unit 433 South Benjamin VT 01361
8583,ronald.hall@anderson.biz,Ronald Hall,38116 Lincoln Drive Paulhaven IA 94536-9755
8584,jennifer.thomas@harris.info,Jennifer Thomas,56249 Jefferson Terrace Sarahport NV 36015-8456
8585,sandra.ramirez@hotmail.com,Sandra Ramirez,64101 Elm Trail Fort Paul HI 37422-3043
8586,patricia.hill@outlook.com,Patricia Hill,22051 Spring Shore Jameshaven MN 82794-8535
8587,edward.lee@aol.com,Edward Lee,88570 Valley Trail Stevenmouth NY 08723
8588,karen.jones@gmail.com,Karen Jones,94622 Johnson Bypass Suite 893 North Betty UT 08979
8589,mary.robinson@flores.net,Mary Robinson,16821 Adams Lane North Sarah OK 86874
8590,amanda.harris@brown.org,Amanda Harris,72401 Brook Avenue Larryland IN 11942
8591,amy.williams@icloud.com,Amy Williams,34930 Franklin Pass East Betty GA 33850-6158
8592,laura.green@gmail.com,Laura Green,19802 Cook Lane South Lisa AK 27130
8593,jeffrey.nelson@hotmail.com,Jeffrey Nelson,87381 Madison Lane Ste. 401 Fort Nancy OK 29537-7161
8594,mark.flores@yahoo.com,Mark Flores,33958 Ridge Square Andrewfurt LA 68718
8595,melissa.walker@hotmail.com,Melissa Walker,2860 Jefferson Drive West George AZ 79854
8596,amy.martinez@martin.biz,Amy Martinez,67747 Valley Way Georgemouth GA 64176
8597,emily.flores@aol.com,Emily Flores,55083 Franklin Shore North Jason AL 63367
8598,donald.clark@robinson.biz,Donald Clark,54891 Cedar Street Ste. 602 East Larry AK 66403-3287
8599,timothy.martin@aol.com,Timothy Martin,76240 Park Pass Ste. 502 Sarahshire AZ 56661
8600,james.walker@outlook.com,James Walker,29846 Forest Plaza Unit 321 Jasonshire CT 37183-2103
8601,betty.ramirez@nelson.net,Betty Ramirez,41072 Maple Drive Lake Susan VT 24434
8602,patricia.king@gmail.com,Patricia King,39018 Forest Street Fort Joseph MO 92120-6814
8603,nicholas.hill@outlook.com,Nicholas Hill,26631 Forest Ford Apt. 151 North Larry GA 26755
8604,andrew.cain@mitchell.net,Andrew Cain,35343 Shore Ford North Karen NJ 69326
8605,ashley.carter@adams.info,Ashley Carter,81376 Adams Bypass Jamesland FL 74236-5644
8606,jennifer.carter@yahoo.com,Jennifer Carter,56087 Maple Loop East Ronald AK 16939
8607,andrew.thompson@hotmail.com,Andrew Thompson,46918 Spring Trail Apt. 668 Fort Joshua VA 01104
8608,nicholas.lopez@jackson.info,Nicholas Lopez,20203 River Court Ste. 559 Williammouth SD 14049
8609,george.gonzalez@scott.com,George Gonzalez,15981 Adams Avenue South Paul ME 78252-6574
8610,laura.carter@yahoo.com,Laura Carter,12043 Spring Lane Sarahmouth NV 90096
8611,william.moore@sanchez.biz,William Moore,10903 Adams Plaza New Joseph ID 81297
8612,richard.carter@torres.info,Richard Carter,3347 Shore Plaza Lisaville KS 30152
8613,jeffrey.campbell@flores.org,Jeffrey Campbell,36099 Lake Court Larryshire SD 78088-9509
8614,thomas.white@clark.com,Thomas White,62509 Forest Circle Ste. 666 West George KS 54979
8615,brian.johnson@outlook.com,Brian Johnson,70855 Highland Trail North Daniel WV 60703-8647
8616,carol.hall@baker.org,Carol Hall,82237 River Avenue Port Mary VA 58482
8617,jason.nelson@gmail.com,Jason Nelson,96803 Elm Road Lake Lisa FL 20952
8618,gary.davis@hotmail.com,Gary Davis,18547 Sunset Way Thomasfurt TN 90087
8619,james.williams@yahoo.com,James Williams,32688 Forest Shore Marychester CT 18883
8620,george.perez@hill.biz,George Perez,95779 Oak Lane Jamesview NH 55780
8621,stephanie.kirby@flores.info,Stephanie Kirby,74776 Madison Lane Suite 142 Josephfort NM 12975-4838
8622,anna.gonzalez@williams.info,Anna Gonzalez,44010 Washington Path Apt. 776 East William NE 90935
8623,barbara.green@aol.com,Barbara Green,86751 Ridge Road Suite 520 Karenchester NY 82074
8624,sandra.smith@gmail.com,Sandra Smith,45619 Craig Shore Ste. 715 Sarahland NY 44246
8625,michael.carter@torres.net,Michael Carter,54571 Lincoln Bypass Ste. 502 Marktown MI 40785-6825
8626,william.williams@cain.biz,William Williams,49973 Miller Run Paulchester PA 29907
8627,melissa.miller@icloud.com,Melissa Miller,31052 Jefferson Road Suite 183 South Benjamin TX 77399-8059
8628,margaret.flores@yahoo.com,Margaret Flores,12425 Carter Court Ste. 47 South Kristen IL 16075
8629,margaret.wilson@carter.org,Margaret Wilson,77333 Elm Street Ronaldhaven CO 70229
8630,william.gonzalez@aol.com,William Gonzalez,26740 Cook Pass Port Susan MN 26284-7369
8631,george.robinson@hotmail.com,George Robinson,28398 Spring Path Larrystad AR 75753-2616
8632,melissa.harris@gmail.com,Melissa Harris,38677 Ridge Road Ste. 359 West Joshua NH 42754-1662
8633,karen.flores@outlook.com,Karen Flores,78960 Valley Ford Andrewfurt NJ 27475
8634,gary.carter@kirby.info,Gary Carter,39866 Oak Street Port Ronald MO 40454
8635,amy.torres@hotmail.com,Amy Torres,99263 Park Ford South Susan NE 11397
8636,james.young@aol.com,James Young,74902 Lincoln Way Suite 305 Maryview VA 59103
8637,michael.smith@outlook.com,Michael Smith,42428 Shore Run Thomasberg MT 58604
8638,betty.miller@yahoo.com,Betty Miller,85102 Sunset Trail Marytown NE 08277
8639,karen.martin@miller.com,Karen Martin,81798 Park Road Apt. 968 Fort Betty NH 42289
8640,steven.carter@hotmail.com,Steven Carter,79177 Maple Drive Apt. 745 Lake Steven MS 69778
8641,timothy.campbell@gmail.com,Timothy Campbell,15018 Johnson Lane Bettyport GA 10356
8642,barbara.hill@yahoo.com,Barbara Hill,11398 Franklin Plaza Port Nancy WA 68647
8643,paul.wright@campbell.com,Paul Wright,89336 Walnut Crossing Ste. 641 East Steven CO 89924
8644,anna.adams@outlook.com,Anna Adams,66562 Maple Plaza Georgefort WA 99730
8645,nancy.martin@hotmail.com,Nancy Martin,53636 Pine Circle Lake Karen AL 23960
8646,gary.kirby@perez.info,Gary Kirby,76173 Adams Crossing Brianville MO 32314
8647,donald.miller@white.info,Donald Miller,9652 Johnson Loop North Betty IN 82044
8648,edward.jackson@outlook.com,Edward Jackson,62667 Lake Court Unit 280 North Karen WI 18091-1412
8649,ryan.baker@aol.com,Ryan Baker,63897 Ridge Avenue Ste. 980 Jamesview OR 72772-5757
8650,michael.scott@outlook.com,Michael Scott,9789 Washington Trail South David SC 66375
8651,andrew.miller@young.org,Andrew Miller,23866 Davis Terrace Suite 528 Port Ronald GA 05908
8652,kevin.nguyen@aol.com,Kevin Nguyen,71482 Washington Court Ste. 301 Edwardport MS 12473
8653,william.scott@icloud.com,William Scott,83025 Park Crossing Benjaminmouth NJ 65892-6263
8654,sarah.clark@nguyen.biz,Sarah Clark,79426 Elm Circle Suite 365 Annaberg KS 64664
8655,emily.walker@gmail.com,Emily Walker,11939 Cook Court Suite 148 Andrewfurt WI 77321-9779
8656,brian.king@icloud.com,Brian King,45336 Miller Shore Ste. 204 South Daniel WI 10717
8657,daniel.smith@yahoo.com,Daniel Smith,75947 Franklin Road Danielmouth WY 35919
8658,margaret.martin@outlook.com,Margaret Martin,29093 Franklin Road Unit 2 Lake Joseph KY 84149
8659,brian.king@taylor.net,Brian King,54114 Forest Street South James VT 73703
8660,laura.moore@gmail.com,Laura Moore,32182 Lincoln Bypass Ste. 273 North Larry UT 69500
8661,jeffrey.mitchell@yahoo.com,Jeffrey Mitchell,71001 Park Trail Lake Mary HI 04652
8662,deborah.smith@gmail.com,Deborah Smith,80405 Miller Loop Unit 492 Lake Jason AZ 64258
8663,sarah.torres@icloud.com,Sarah Torres,42059 Oak Circle Apt. 478 Lake Michael AK 44772
8664,thomas.jackson@perez.org,Thomas Jackson,26909 Johnson Road Apt. 646 North William HI 81831
8665,melissa.walker@thompson.com,Melissa Walker,43413 Madison Pass Unit 720 New Kevin TX 73571-9033
8666,steven.sanchez@yahoo.com,Steven Sanchez,86677 Davis Bypass Suite 680 West Kevin ID 63569
8667,joseph.robinson@hotmail.com,Joseph Robinson,59593 Cedar Trail Apt. 809 Paulville CO 73289
8668,george.scott@harris.net,George Scott,81400 Lake Shore Benjaminville AZ 22689
8669,mark.nelson@yahoo.com,Mark Nelson,79804 Elm Plaza Unit 798 Fort Joshua AR 60661
8670,sandra.walker@aol.com,Sandra Walker,41983 Madison Plaza Edwardburgh NJ 07060
8671,donald.green@scott.com,Donald Green,38459 Madison Way Fort Sarah MT 48543-2632
8672,timothy.young@outlook.com,Timothy Young,78563 Walnut Way Apt. 706 North Nancy MI 98207
8673,margaret.adams@icloud.com,Margaret Adams,47841 Ridge Circle Davidview MA 47702
8674,charles.gonzalez@yahoo.com,Charles Gonzalez,2104 Shore Pass Ste. 824 Port Brian GA 12043-6544
8675,nancy.sanchez@williams.org,Nancy Sanchez,26848 Madison Court Unit 467 South George IL 89087
8676,william.carter@yahoo.com,William Carter,17821 Forest Avenue Suite 244 Lake Thomas TX 97388
8677,laura.martinez@yahoo.com,Laura Martinez,19346 Lake Ford Fort Jason ID 07319
8678,joseph.lewis@outlook.com,Joseph Lewis,89166 Elm Bypass Benjaminshire OK 29566
8679,amanda.miller@scott.org,Amanda Miller,20911 Elm Avenue Suite 888 East Joshua CO 37345
8680,jeffrey.thompson@outlook.com,Jeffrey Thompson,54334 Hill Path Benjaminland CA 31557-3297
8681,brian.gonzalez@nguyen.com,Brian Gonzalez,35778 Fox Run Joshuaburgh KY 32264-5300
8682,ryan.scott@icloud.com,Ryan Scott,38261 Adams Shore Ste. 202 Port Mark WV 73747
8683,mark.walker@hotmail.com,Mark Walker,35619 Valley Lane Lindabury KY 13302
8684,david.jackson@aol.com,David Jackson,64742 Maple Road Davidton VA 85210
8685,sandra.white@garcia.biz,Sandra White,82946 Lincoln Way Ste. 484 East Joseph RI 23983
8686,jeffrey.taylor@allen.info,Jeffrey Taylor,68137 Spring Shore Joshuafort MN 94978-8235
8687,linda.green@gmail.com,Linda Green,9412 Pine Path Maryberg NJ 39297-3623
8688,ronald.taylor@gmail.com,Ronald Taylor,24257 Cedar Shore Benjaminshire KY 94897
8689,nancy.thompson@clark.info,Nancy Thompson,25151 Washington Road West Steven OR 26499-4505
8690,patricia.thompson@yahoo.com,Patricia Thompson,44699 Highland Bypass South Lisa IA 15712
8691,daniel.nguyen@thomas.info,Daniel Nguyen,4929 Pine Plaza Fort Larry ND 45562
8692,george.jackson@ramirez.biz,George Jackson,79449 Madison Bypass Ste. 506 Edwardtown CO 31320-7488
8693,michelle.harris@icloud.com,Michelle Harris,74423 Elm Lane Danielchester RI 79438
8694,andrew.miller@davis.biz,Andrew Miller,61983 Pine Circle Nancybury NH 51784
8695,margaret.lee@jackson.biz,Margaret Lee,52231 Highland Avenue Brianville NC 13404
8696,edward.wright@martinez.info,Edward Wright,79008 River Trail Apt. 322 Williamton PA 94570
8697,ashley.gonzalez@robinson.info,Ashley Gonzalez,59272 Forest Plaza South Paul OR 89137
8698,paul.wilson@kirby.biz,Paul Wilson,24934 Walnut Terrace Ste. 106 Jasonville SD 91877
8699,george.robinson@perez.com,George Robinson,27284 Carter Road Paulland AL 86144
8700,sandra.sanchez@rivera.net,Sandra Sanchez,24426 Carter Pass Andrewborough TX 60714
8701,emily.martinez@aol.com,Emily Martinez,43758 Hill Ford Suite 181 Port Anna GA 43359-5067
8702,james.sanchez@gmail.com,James Sanchez,71194 Highland Street Kristentown TN 74685
8703,john.torres@king.org,John Torres,70936 Franklin Circle Unit 371 Lake Betty MA 42049
8704,patricia.lewis@outlook.com,Patricia Lewis,66890 Jefferson Path Ste. 600 Jameshaven NC 65410-9338
8705,betty.allen@young.info,Betty Allen,35349 Brook Trail Benjamintown CO 97148
8706,thomas.carter@outlook.com,Thomas Carter,53563 Lincoln Pass Kevinview CO 42132-4522
8707,nancy.hill@harris.info,Nancy Hill,49220 Shore Lane Apt. 864 Nancytown MA 25504
8708,gary.allen@young.info,Gary Allen,36361 Davis Road Ste. 270 South Michael NY 12109
8709,susan.robinson@nguyen.net,Susan Robinson,84219 Forest Street Port James MN 91758-5135
8710,amanda.rivera@icloud.com,Amanda Rivera,37123 Park Trail Williamtown OH 09090-4584
8711,barbara.young@aol.com,Barbara Young,10140 Fox Circle Unit 295 Ronaldport CA 16540
8712,james.ramirez@garcia.net,James Ramirez,23411 Lake Pass Davidview AZ 17389-6918
8713,mary.wilson@nguyen.org,Mary Wilson,24434 Cook Crossing Josephview WV 37414-4280
8714,nancy.robinson@gmail.com,Nancy Robinson,73470 Pine Plaza Larryland DE 98304
8715,helen.robinson@martinez.biz,Helen Robinson,3123 Miller Ford Suite 39 Thomasshire CA 96878
8716,nancy.baker@icloud.com,Nancy Baker,98019 Walnut Road Apt. 205 Port James AL 15677-2225
8717,brian.brown@robinson.com,Brian Brown,35318 Lincoln Path New Daniel CT 45841-2103
8718,anna.thompson@outlook.com,Anna Thompson,84094 Adams Trail Fort Andrew MI 02400
8719,laura.garcia@aol.com,Laura Garcia,49848 Oak Crossing Ste. 473 Stevenhaven FL 04476-1536
8720,stephanie.smith@outlook.com,Stephanie Smith,70897 Oak Lane Unit 656 Karenshire OR 10269
8721,ashley.walker@outlook.com,Ashley Walker,48005 Franklin Street Lisaberg ND 34157
8722,ronald.white@outlook.com,Ronald White,49906 Brook Road West Karen TN 85566-8531
8723,nancy.davis@moore.info,Nancy Davis,86203 Madison Crossing Apt. 294 North Andrew UT 37627
8724,sandra.green@carter.biz,Sandra Green,92761 Brook Court Apt. 406 Port Brian WY 40789-6043
8725,james.martinez@outlook.com,James Martinez,49542 Meadow Drive Apt. 538 Bettyfurt VA 20719
8726,ronald.thomas@smith.org,Ronald Thomas,26846 Carter Loop Larryfurt NH 53258-8486
8727,ashley.adams@yahoo.com,Ashley Adams,51030 Davis Court Davidberg MO 33628
8728,paul.miller@garcia.org,Paul Miller,99617 Oak Terrace Ste. 747 North Mary WV 29830
8729,david.martin@icloud.com,David Martin,80119 Cook Way Ste. 637 Paulmouth MA 70955
8730,ryan.lewis@hotmail.com,Ryan Lewis,4074 Cook Path Suite 884 West Mary WI 14913
8731,michael.carter@yahoo.com,Michael Carter,69995 Fox Plaza Lake Karen GA 24578
8732,matthew.lewis@icloud.com,Matthew Lewis,97872 Forest Pass Karenborough VA 06548-9770
8733,karen.carter@rivera.biz,Karen Carter,62956 Spring Pass Fort Linda NC 60922-6776
8734,david.lewis@smith.biz,David Lewis,94199 Carter Shore South Susan HI 99607
8735,nancy.moore@hotmail.com,Nancy Moore,48034 Washington Path Apt. 458 Lake Lisa OH 33615-8171
8736,nicholas.davis@aol.com,Nicholas Davis,35444 Shore Run Jasonport CT 39707
8737,susan.ramirez@lewis.com,Susan Ramirez,9090 Valley Shore Nancymouth AL 77997
8738,andrew.torres@yahoo.com,Andrew Torres,59536 Carter Crossing Annabury IL 91847
8739,edward.mitchell@martinez.com,Edward Mitchell,69978 Washington Run Suite 533 Port Brian CT 82413
8740,emily.smith@icloud.com,Emily Smith,7932 Ridge Road Susanshire ID 59039
8741,jessica.nelson@hotmail.com,Jessica Nelson,84019 Lake Avenue East William WY 53241-9387
8742,mary.davis@aol.com,Mary Davis,88136 Elm Drive Apt. 671 Port Joshua IN 07214
8743,john.mitchell@hotmail.com,John Mitchell,18980 Ridge Path Bettyshire HI 65567
8744,daniel.white@outlook.com,Daniel White,44477 Jefferson Ford Apt. 288 North David MD 41981
8745,rebecca.williams@aol.com,Rebecca Williams,18871 Shore Plaza Andrewland IL 95402
8746,sarah.rivera@brown.com,Sarah Rivera,44922 Carter Crossing South Sarah VA 03614
8747,lisa.taylor@martinez.org,Lisa Taylor,74808 Johnson Pass Lindafurt OH 43450
8748,george.wright@martin.biz,George Wright,40738 Pine Loop Unit 131 West Lisa ID 93355
8749,william.allen@wilson.org,William Allen,46865 Lincoln Avenue Ste. 287 West Edward UT 55539
8750,elizabeth.white@aol.com,Elizabeth White,89743 Maple Avenue Ste. 823 Josephborough IL 85203-6005
8751,anna.brown@gmail.com,Anna Brown,64763 Elm Trail Josephmouth NH 90272
8752,ashley.nguyen@outlook.com,Ashley Nguyen,41796 Shore Trail Apt. 116 South Brian NE 59455
8753,george.nguyen@ramirez.com,George Nguyen,14237 Brook Road Suite 267 East Brian NH 67221-2697
8754,larry.hall@outlook.com,Larry Hall,60814 Meadow Terrace Apt. 93 Davidville RI 09644-4808
8755,anthony.taylor@gmail.com,Anthony Taylor,82851 Miller Avenue Ste. 268 Ronaldbury MT 35609
8756,steven.wilson@jones.info,Steven Wilson,11892 Hill Plaza Suite 684 Fort Joshua NV 71887
8757,carol.torres@outlook.com,Carol Torres,17834 Madison Drive Ste. 892 West Brian MO 63051
8758,daniel.baker@gmail.com,Daniel Baker,77977 River Bypass Suite 967 Paulport IN 81300-5200
8759,elizabeth.lopez@hill.info,Elizabeth Lopez,98854 Davis Street Lake Michael NY 07790
8760,kevin.white@white.net,Kevin White,73758 Brook Loop Suite 899 Georgefurt NH 32602
8761,emily.hill@aol.com,Emily Hill,9308 Hill Court Ste. 707 Georgeport HI 70134
8762,andrew.lewis@thompson.info,Andrew Lewis,30821 Lake Path Suite 352 Nancyville FL 10345
8763,charles.nguyen@rivera.com,Charles Nguyen,36340 River Path Brianville OR 83187-2384
8764,david.nelson@young.org,David Nelson,60716 Hill Shore Suite 290 Jasonchester CO 95595
8765,jessica.thomas@white.com,Jessica Thomas,55467 Park Court Port Daniel NC 74417
8766,matthew.lee@aol.com,Matthew Lee,29016 Walnut Trail Unit 241 North William NY 70678
8767,patricia.carter@yahoo.com,Patricia Carter,39564 Craig Court Unit 493 Jasonport HI 73442
8768,andrew.green@perez.info,Andrew Green,65641 Davis Court Suite 114 Edwardport WY 13744-3468
8769,donna.gonzalez@scott.net,Donna Gonzalez,5259 Davis Avenue Ste. 521 Danielton TX 26144-9211
8770,jason.jones@outlook.com,Jason Jones,29638 Lincoln Drive West Lisa AZ 97739
8771,deborah.baker@outlook.com,Deborah Baker,34901 Elm Square Lake Edward HI 05475
8772,barbara.lee@gmail.com,Barbara Lee,86975 Park Avenue Suite 533 Jasonstad OH 37099-6559
8773,helen.white@aol.com,Helen White,50561 Lincoln Lane Apt. 796 Lake Nancy MT 52637
8774,charles.taylor@hotmail.com,Charles Taylor,9925 Cedar Run Ste. 397 Susanhaven UT 55932-4772
8775,mark.robinson@yahoo.com,Mark Robinson,54716 Hill Run Apt. 501 Josephstad AZ 85944
8776,carol.white@icloud.com,Carol White,98359 Ridge Path Ste. 136 West Mark ID 17736
8777,matthew.taylor@gmail.com,Matthew Taylor,77848 Washington Crossing Lindastad MN 90840
8778,kevin.davis@yahoo.com,Kevin Davis,4459 Brook Drive Suite 309 North Edward MD 76897
8779,david.campbell@hotmail.com,David Campbell,30148 Ridge Pass Apt. 656 Port Steven TN 28745
8780,elizabeth.davis@yahoo.com,Elizabeth Davis,71940 Forest Loop Unit 619 Edwardfort WY 37334-4194
8781,daniel.miller@outlook.com,Daniel Miller,36127 Pine Trail Unit 899 West Kevin UT 47430
8782,kimberly.harris@martin.com,Kimberly Harris,40385 Lincoln Street Jamesbury FL 81551-6213
8783,anthony.ramirez@hotmail.com,Anthony Ramirez,5686 Spring Pass Suite 717 Edwardtown OR 91771-4091
8784,stephanie.taylor@yahoo.com,Stephanie Taylor,29335 Sunset Loop Danielton MD 08721
8785,joseph.baker@aol.com,Joseph Baker,94616 Park Bypass Ste. 857 Bettyborough NV 37278
8786,thomas.baker@aol.com,Thomas Baker,24880 Johnson Shore Port Joshua WA 55036-5215
8787,mary.taylor@hotmail.com,Mary Taylor,28346 Franklin Terrace Benjaminshire SC 04028
8788,george.brown@yahoo.com,George Brown,42891 Maple Square Annashire RI 58947
8789,ronald.robinson@yahoo.com,Ronald Robinson,77769 Brook Bypass Suite 245 New Kevin OR 16630
8790,nicholas.robinson@icloud.com,Nicholas Robinson,20377 Adams Lane Suite 168 Fort Kristen GA 01371
8791,ashley.flores@garcia.info,Ashley Flores,78828 Spring Court Ste. 320 East William MT 47048-7736
8792,william.smith@walker.biz,William Smith,43302 Lincoln Street Ste. 37 Lake Paul IA 84822
8793,richard.wright@hall.biz,Richard Wright,16475 Lake Bypass North Benjamin KS 17635
8794,jessica.king@hill.net,Jessica King,7068 Meadow Way Joshuaview CO 21506-8692
8795,barbara.lopez@icloud.com,Barbara Lopez,8700 Miller Court Ste. 833 Sarahborough NE 14908
8796,nicholas.walker@garcia.com,Nicholas Walker,60190 Cedar Plaza Annaville IL 91895
8797,michael.wilson@aol.com,Michael Wilson,48265 River Pass Annaburgh DE 45929
8798,kevin.miller@smith.biz,Kevin Miller,79263 Cedar Pass Ste. 453 Annabury KS 46763
8799,betty.garcia@icloud.com,Betty Garcia,97383 Spring Street Unit 334 Maryshire SC 03889
8800,paul.carter@hotmail.com,Paul Carter,54129 Johnson Road Ste. 102 South William VA 44931
8801,jennifer.clark@jackson.net,Jennifer Clark,51066 Lincoln Bypass Maryview NM 82139
8802,betty.martinez@baker.org,Betty Martinez,28313 Ridge Bypass West Ronald OR 04171
8803,linda.thomas@hotmail.com,Linda Thomas,31114 Miller Drive South Sarah ID 59185
8804,charles.thomas@icloud.com,Charles Thomas,12483 Fox Bypass Lisafurt AK 73811
8805,stephanie.kirby@white.info,Stephanie Kirby,191 Franklin Terrace Nancyfort KY 15310
8806,michelle.white@hotmail.com,Michelle White,81538 Fox Avenue North Kristen CT 77361
8807,daniel.young@nguyen.org,Daniel Young,54260 Davis Run Unit 64 Fort Joshua OH 78341
8808,timothy.rivera@yahoo.com,Timothy Rivera,63335 Brook Path West Brian AK 52569
8809,nancy.thomas@yahoo.com,Nancy Thomas,37181 Davis Road Unit 29 West Ronald AR 31732-4217
8810,thomas.carter@icloud.com,Thomas Carter,29683 Spring Terrace Suite 579 Fort James TX 49308
8811,larry.anderson@aol.com,Larry Anderson,10874 Forest Terrace Unit 312 Ronaldfort NH 58493-1933
8812,jessica.moore@lewis.biz,Jessica Moore,70478 Meadow Run Lake David IL 17610
8813,andrew.nelson@icloud.com,Andrew Nelson,50036 Brook Path West Larry MI 74347-8157
8814,anna.martin@flores.org,Anna Martin,48652 Miller Court Unit 873 Lisaport MO 60448
8815,betty.young@hotmail.com,Betty Young,74976 Sunset Court Kristenbury NC 19697-1947
8816,sarah.baker@aol.com,Sarah Baker,27336 Forest Ford Suite 592 West Nancy NE 31907
8817,stephanie.gonzalez@outlook.com,Stephanie Gonzalez,75287 Sunset Terrace Jamesfurt NY 03477
8818,ryan.carter@carter.org,Ryan Carter,78294 Elm Lane Apt. 654 Karenport TN 98120
8819,gary.lewis@yahoo.com,Gary Lewis,16174 Shore Run Apt. 173 Fort Linda GA 58121
8820,paul.garcia@green.biz,Paul Garcia,5955 Franklin Trail North Brian IL 33695
8821,margaret.miller@hotmail.com,Margaret Miller,80032 Jefferson Ford Apt. 355 New Paul NJ 72492
8822,ashley.robinson@martinez.net,Ashley Robinson,29704 Hill Street Apt. 689 Lake Edward MI 11056
8823,michael.garcia@icloud.com,Michael Garcia,55657 Carter Lane Apt. 972 Brianborough AR 25587-1414
8824,sandra.martinez@walker.net,Sandra Martinez,69111 Cook Run Thomastown RI 27594
8825,deborah.miller@hall.net,Deborah Miller,21926 Meadow Circle Ste. 130 Fort Susan HI 76545
8826,rebecca.martin@allen.net,Rebecca Martin,65321 Jefferson Avenue Karenburgh MT 48954
8827,anthony.anderson@thomas.info,Anthony Anderson,96878 Washington Lane Apt. 266 Williamshire KY 26178-6031
8828,jeffrey.lopez@outlook.com,Jeffrey Lopez,29211 Shore Trail Unit 998 New Linda NY 41950
8829,jessica.perez@icloud.com,Jessica Perez,94562 Park Road North Joshua TN 11707
8830,kevin.gonzalez@yahoo.com,Kevin Gonzalez,701 Ridge Shore Suite 402 Annaside OH 80978
8831,john.white@outlook.com,John White,68426 Cedar Circle East Kristen OH 11054
8832,michael.garcia@gonzalez.net,Michael Garcia,48139 Brook Square South Brian FL 72261-9570
8833,william.brown@taylor.org,William Brown,41386 Brook Run Michaelmouth WY 49110
8834,elizabeth.garcia@jackson.biz,Elizabeth Garcia,61377 Maple Shore Jasonbury CO 40081-8659
8835,brian.jones@green.net,Brian Jones,47630 River Ford Williamport CA 68281-7970
8836,linda.brown@gmail.com,Linda Brown,27347 Ridge Road Apt. 377 South Mary NV 45914
8837,andrew.scott@white.info,Andrew Scott,91357 River Street Williamburgh KY 22098
8838,steven.hill@clark.com,Steven Hill,94951 Carter Way Larryshire OR 28848
8839,jason.adams@yahoo.com,Jason Adams,68163 Oak Loop Unit 286 North Mark CO 48156
8840,anthony.smith@yahoo.com,Anthony Smith,43689 Carter Terrace Suite 271 West Steven AZ 36043
8841,karen.martinez@jackson.com,Karen Martinez,60137 Jefferson Loop Apt. 526 Stevenchester ME 44824-5239
8842,gary.rivera@scott.info,Gary Rivera,23413 Lake Pass Unit 864 New Joseph MS 75655-6744
8843,matthew.lewis@anderson.com,Matthew Lewis,43016 Ridge Shore Lindaberg GA 40999
8844,david.moore@rivera.biz,David Moore,38589 River Shore Larryborough NJ 66280
8845,melissa.anderson@yahoo.com,Melissa Anderson,33238 Pine Road Joshuachester PA 73921
8846,anthony.sanchez@outlook.com,Anthony Sanchez,81176 Maple Run Port Mary TX 66504
8847,richard.garcia@aol.com,Richard Garcia,92047 Shore Avenue Unit 136 Brianside IL 34463-6072
8848,rebecca.jackson@icloud.com,Rebecca Jackson,75837 Cedar Crossing Unit 27 North Ronald WA 66386-3334
8849,laura.garcia@rivera.org,Laura Garcia,75511 Walnut Shore Unit 609 Kevinburgh OH 13417
8850,timothy.campbell@aol.com,Timothy Campbell,62467 Cedar Drive Suite 557 East Edward ME 69516
8851,elizabeth.wilson@martin.info,Elizabeth Wilson,83098 Adams Lane Jasonfurt CO 54367-6894
8852,emily.scott@hall.net,Emily Scott,4872 Highland Terrace Suite 405 Lake Brian HI 72616
8853,sandra.robinson@aol.com,Sandra Robinson,90452 Jefferson Terrace Suite 468 Michaelbury CT 51750
8854,donald.green@hotmail.com,Donald Green,8524 Jefferson Avenue South Paul RI 47708
8855,jennifer.scott@outlook.com,Jennifer Scott,43248 Ridge Path Lisaberg IA 91296
8856,donna.brown@yahoo.com,Donna Brown,12573 Miller Plaza Ste. 10 Port Sarah NC 25157-5263
8857,william.jackson@icloud.com,William Jackson,55885 Johnson Court Jasonview SC 45871
8858,margaret.green@outlook.com,Margaret Green,7251 Cedar Pass Unit 2 Danieltown KY 17901
8859,karen.clark@aol.com,Karen Clark,72181 Valley Avenue Benjaminport HI 27764-1836
8860,steven.jackson@campbell.com,Steven Jackson,79275 Hill Way Ste. 111 East Edward KY 20528-5271
8861,lisa.sanchez@gmail.com,Lisa Sanchez,71705 River Avenue Thomasville MN 84956
8862,margaret.torres@hotmail.com,Margaret Torres,93605 Ridge Avenue West Sarah SD 04746
8863,deborah.adams@gmail.com,Deborah Adams,73479 Lincoln Road Fort Linda ID 90070
8864,timothy.anderson@hotmail.com,Timothy Anderson,25816 Cedar Path West Andrew AZ 56005
8865,elizabeth.nelson@aol.com,Elizabeth Nelson,9920 Johnson Street Sarahport AZ 48959
8866,larry.taylor@wilson.net,Larry Taylor,3525 Adams Street Lindaview RI 45591
8867,joseph.harris@outlook.com,Joseph Harris,58920 Adams Run Ste. 51 North Anna WA 50374
8868,donald.garcia@johnson.info,Donald Garcia,2927 Davis Circle Brianbury FL 37364
8869,larry.davis@young.org,Larry Davis,54187 Spring Ford Apt. 264 East Brian MI 69093
8870,michelle.jones@hotmail.com,Michelle Jones,10236 Highland Way Apt. 44 South Edward ND 04204-8833
8871,anthony.williams@outlook.com,Anthony Williams,13244 Pine Pass Port Mary AL 36104-4111
8872,kimberly.carter@gmail.com,Kimberly Carter,9123 Cedar Plaza Suite 654 Kevinport CT 44630
8873,kimberly.smith@lopez.com,Kimberly Smith,40124 River Square Unit 444 Port Karen WI 94812-5238
8874,mary.martin@icloud.com,Mary Martin,19486 Jefferson Way Thomasmouth MA 24051
8875,matthew.gonzalez@mitchell.org,Matthew Gonzalez,99275 Oak Square West James NY 39956
8876,laura.wright@gmail.com,Laura Wright,12069 Johnson Street Port Mark UT 13560
8877,larry.wright@yahoo.com,Larry Wright,51169 Jefferson Plaza Ste. 728 East Betty UT 69356
8878,jennifer.young@hotmail.com,Jennifer Young,10453 Miller Road Ste. 305 West Brian AZ 95573-6113
8879,mary.thomas@outlook.com,Mary Thomas,28313 Cedar Ford Suite 274 Michaelside KY 51913
8880,emily.cain@gmail.com,Emily Cain,27232 Sunset Road Maryshire CO 23577-8859
8881,thomas.jones@lopez.com,Thomas Jones,68318 Adams Lane Ronaldview KY 18507-1050
8882,emily.perez@outlook.com,Emily Perez,79270 Lake Shore Georgemouth NM 43133-2877
8883,barbara.campbell@gmail.com,Barbara Campbell,38664 Forest Court New Paul HI 49540
8884,betty.johnson@outlook.com,Betty Johnson,96350 Fox Street East William MD 39222
8885,edward.torres@gmail.com,Edward Torres,44113 Pine Trail East Lisa MT 84838
8886,joshua.lee@smith.info,Joshua Lee,21289 Ridge Court Unit 990 East William OH 31065
8887,emily.hill@harris.org,Emily Hill,26156 Hill Pass Brianville ID 66833-1997
8888,sarah.thompson@hotmail.com,Sarah Thompson,79689 Hill Shore North Susan VT 87482
8889,charles.jackson@aol.com,Charles Jackson,41391 Lincoln Street Ste. 908 Georgeton ND 79704
8890,mark.allen@outlook.com,Mark Allen,96451 Brook Circle Apt. 908 Port Susan MA 78407
8891,deborah.harris@gmail.com,Deborah Harris,49472 Valley Lane Unit 231 Susanland MA 48438
8892,andrew.carter@outlook.com,Andrew Carter,99010 Franklin Path Suite 738 Benjaminville NJ 10025-1145
8893,anthony.white@carter.info,Anthony White,17192 Davis Plaza North Paul OK 29976
8894,jason.kirby@yahoo.com,Jason Kirby,78002 Highland Trail Lake William WV 97923-6397
8895,laura.harris@brown.biz,Laura Harris,6468 Washington Trail Ste. 697 North Paul KY 18043
8896,elizabeth.walker@icloud.com,Elizabeth Walker,9535 Washington Bypass Kristenfurt OH 97095
8897,anna.flores@gmail.com,Anna Flores,43765 Cook Ford Bettystad IN 33196-4036
8898,elizabeth.lee@lewis.net,Elizabeth Lee,95666 Brook Terrace Ronaldshire TX 01853
8899,sarah.green@hotmail.com,Sarah Green,40833 Carter Path Ste. 320 South Lisa IA 07559-7403
8900,patricia.green@nguyen.com,Patricia Green,45976 Pine Run Unit 889 South Steven CT 54305-5527
8901,gary.allen@aol.com,Gary Allen,86807 River Trail South Thomas WY 30292
8902,charles.white@scott.com,Charles White,98231 Washington Path East Brian MI 95396
8903,betty.hall@nelson.net,Betty Hall,15471 Lincoln Shore Fort Kevin NC 86650
8904,anna.torres@ramirez.net,Anna Torres,31641 Elm Crossing West Michael ND 51890
8905,margaret.cain@gmail.com,Margaret Cain,76853 Madison Circle Apt. 159 Susanport NH 77290
8906,helen.harris@icloud.com,Helen Harris,89999 Lincoln Run Apt. 392 Paulshire KY 33051
8907,michelle.perez@icloud.com,Michelle Perez,34843 Jefferson Pass Apt. 528 Ronaldchester TN 68166
8908,mary.brown@icloud.com,Mary Brown,85585 Miller Circle Apt. 254 Markland NJ 79811
8909,joseph.allen@baker.biz,Joseph Allen,7729 Pine Path Bettyshire MD 80996
8910,kevin.green@hotmail.com,Kevin Green,76756 Brook Avenue Unit 298 Fort Lisa GA 52169
8911,barbara.campbell@gonzalez.org,Barbara Campbell,24562 Johnson Drive North Daniel SD 93822-7080
8912,lisa.flores@icloud.com,Lisa Flores,32102 Craig Avenue Suite 357 New Joseph ND 49301-9038
8913,jennifer.ramirez@hotmail.com,Jennifer Ramirez,37381 Maple Lane Kristenshire AR 54931
8914,ashley.allen@outlook.com,Ashley Allen,16000 Miller Square Port Jason IA 94274
8915,thomas.taylor@hotmail.com,Thomas Taylor,93738 Adams Shore Kristenstad KS 96419
8916,andrew.miller@davis.net,Andrew Miller,58786 Pine Pass Markberg AR 48202
8917,anna.harris@perez.biz,Anna Harris,87927 River Plaza Brianhaven NV 58543
8918,charles.torres@nguyen.net,Charles Torres,2561 Adams Crossing Unit 709 Williamhaven TX 78600
8919,jeffrey.robinson@aol.com,Jeffrey Robinson,15885 Davis Circle Ste. 942 Fort Paul SC 63040
8920,paul.brown@baker.com,Paul Brown,51688 Johnson Drive South James ME 11114
8921,joshua.martinez@gmail.com,Joshua Martinez,38806 Jefferson Loop Fort Anna CO 67630
8922,mary.carter@outlook.com,Mary Carter,41493 Madison Street Lisatown IN 05456
8923,nancy.flores@taylor.info,Nancy Flores,85032 Valley Lane Lake Lisa ME 16883
8924,joshua.martin@icloud.com,Joshua Martin,47867 Cedar Crossing South Linda KS 07259
8925,amanda.ramirez@anderson.net,Amanda Ramirez,31889 Craig Run Apt. 415 Stevenview HI 03645-3169
8926,anna.garcia@yahoo.com,Anna Garcia,46896 Fox Street Suite 321 Port Mark NH 28040
8927,deborah.moore@carter.info,Deborah Moore,59589 Walnut Terrace Ste. 426 Larryfort NE 31443
8928,mark.green@hotmail.com,Mark Green,91143 Oak Terrace Unit 738 Ronaldside OR 50724
8929,ashley.anderson@perez.org,Ashley Anderson,48497 Meadow Drive Port Brian PA 89997
8930,david.anderson@icloud.com,David Anderson,50994 Jefferson Bypass South Brian LA 86156
8931,edward.cain@kirby.com,Edward Cain,42672 Sunset Run Ste. 568 Georgechester TN 75760
8932,ryan.mitchell@icloud.com,Ryan Mitchell,82820 Forest Road Larrymouth MD 23849
8933,ashley.campbell@jackson.net,Ashley Campbell,62425 Oak Square North Nancy NM 85162
8934,matthew.mitchell@yahoo.com,Matthew Mitchell,48930 Carter Pass Suite 292 Markview WY 74414-8565
8935,mary.gonzalez@aol.com,Mary Gonzalez,13374 Walnut Shore Lisastad WV 98022
8936,jessica.nelson@carter.biz,Jessica Nelson,8998 Hill Square Kevinfort NM 52130
8937,george.mitchell@taylor.org,George Mitchell,30077 Meadow Path Unit 881 Paulborough WY 90335-3405
8938,jessica.baker@williams.info,Jessica Baker,72806 Hill Way Kristenside MO 82044
8939,lisa.wilson@icloud.com,Lisa Wilson,53225 Miller Avenue Danielstad NJ 99241
8940,jessica.nelson@garcia.info,Jessica Nelson,18687 Shore Pass Suite 979 New Larry AL 95724-7760
8941,rebecca.lee@aol.com,Rebecca Lee,69011 Sunset Terrace Markview KS 06877
8942,daniel.ramirez@lewis.net,Daniel Ramirez,27919 Valley Ford Apt. 16 South Benjamin AK 87681
8943,jeffrey.flores@aol.com,Jeffrey Flores,27898 Cook Drive Lake Joseph TN 25630-4294
8944,matthew.harris@hotmail.com,Matthew Harris,31339 Sunset Way Suite 898 Lake Paul CO 39767-5583
8945,ashley.williams@thomas.com,Ashley Williams,99561 Pine Avenue Unit 671 Port Joshua NH 92022
8946,emily.anderson@baker.info,Emily Anderson,6939 Shore Way Apt. 638 Sarahport NH 95551
8947,kevin.taylor@aol.com,Kevin Taylor,47399 Lincoln Terrace Ronaldborough MA 94897
8948,margaret.lee@mitchell.net,Margaret Lee,38796 Jefferson Circle West Benjamin KY 57454
8949,sarah.thompson@gmail.com,Sarah Thompson,79063 Elm Run Apt. 981 South Michael ND 70703-7219
8950,anthony.wilson@flores.biz,Anthony Wilson,73778 Maple Plaza Ste. 783 Joshuaport MA 64508-9668
8951,nicholas.thomas@moore.com,Nicholas Thomas,13326 Oak Terrace Thomasside MD 20267-8560
8952,thomas.johnson@walker.info,Thomas Johnson,90546 Park Shore East Benjamin UT 42638
8953,timothy.thompson@yahoo.com,Timothy Thompson,17048 Jefferson Lane Suite 825 Jamesshire SC 71014
8954,amy.baker@davis.com,Amy Baker,71150 Brook Plaza Unit 916 Fort Ronald NH 77011
8955,mary.anderson@martin.net,Mary Anderson,3234 Forest Ford Marktown NH 21236
8956,sarah.hall@icloud.com,Sarah Hall,77359 Hill Path Apt. 826 Larryton ME 15803
8957,karen.nguyen@yahoo.com,Karen Nguyen,58905 Lincoln Loop Davidmouth MD 28404
8958,john.white@clark.com,John White,69940 Fox Circle Jamesville KS 04491
8959,joshua.allen@king.info,Joshua Allen,17896 Johnson Path Apt. 823 New Ronald CA 62904-8732
8960,michelle.anderson@thomas.com,Michelle Anderson,38059 Hill Street East Ronald SD 42775
8961,matthew.martinez@gmail.com,Matthew Martinez,13765 Park Avenue Suite 599 Benjaminborough WV 45250
8962,charles.adams@jones.org,Charles Adams,14528 Sunset Pass North Joseph NJ 82719
8963,karen.wilson@martin.com,Karen Wilson,8076 Spring Road Ste. 801 New Andrew OH 64862
8964,anthony.nelson@hotmail.com,Anthony Nelson,56725 Maple Square Suite 332 Paulland RI 09019-6170
8965,gary.mitchell@aol.com,Gary Mitchell,20342 Davis Square Paulport IN 16955
8966,ryan.carter@icloud.com,Ryan Carter,37782 Lincoln Square Suite 838 Port Andrew NY 77789
8967,lisa.perez@hotmail.com,Lisa Perez,26617 Park Way Unit 718 Maryshire NE 58477
8968,laura.williams@yahoo.com,Laura Williams,73751 Carter Lane East Brian HI 55982-3168
8969,susan.young@outlook.com,Susan Young,54987 Fox Bypass Ste. 260 South Larry KY 28136
8970,elizabeth.baker@wilson.org,Elizabeth Baker,96960 Shore Lane Joshuabury NY 26066
8971,jessica.ramirez@torres.com,Jessica Ramirez,68180 Valley Shore Ste. 10 Brianfort KS 74393-1871
8972,karen.gonzalez@outlook.com,Karen Gonzalez,46893 Johnson Pass New Daniel OR 95681
8973,gary.taylor@ramirez.com,Gary Taylor,26087 Madison Path Suite 736 North William OR 76999-9632
8974,sandra.kirby@outlook.com,Sandra Kirby,65785 Shore Plaza Suite 630 Danielshire VT 09329
8975,anthony.johnson@gmail.com,Anthony Johnson,33426 Valley Ford Larryshire NJ 47047-9458
8976,donna.martinez@white.net,Donna Martinez,20028 Valley Drive Suite 463 Port William MA 67351-7952
8977,sarah.clark@outlook.com,Sarah Clark,10755 Carter Avenue Ste. 784 Danielton NE 60593
8978,deborah.walker@icloud.com,Deborah Walker,80784 Walnut Ford Ste. 160 Sarahstad SD 65835
8979,matthew.robinson@gmail.com,Matthew Robinson,84666 Elm Shore Larryfurt OK 51305-9619
8980,susan.gonzalez@hotmail.com,Susan Gonzalez,57886 Park Terrace Suite 195 Jamesbury HI 49237
8981,ronald.moore@gmail.com,Ronald Moore,18922 Shore Drive West Paul TN 12253-1905
8982,kimberly.cain@aol.com,Kimberly Cain,82964 Maple Run Benjaminton DE 39630-5066
8983,patricia.sanchez@gmail.com,Patricia Sanchez,73442 Elm Path West Nancy MS 62349
8984,brian.jackson@garcia.net,Brian Jackson,33100 Davis Court Joshuafort KY 11543-9426
8985,joseph.thomas@campbell.info,Joseph Thomas,22021 Oak Plaza Suite 651 East Joseph IA 56562
8986,john.white@gonzalez.info,John White,36782 Washington Plaza Apt. 432 Jasonside ID 10855-6210
8987,helen.davis@cain.biz,Helen Davis,84455 Park Crossing Nancyville AR 37593-1135
8988,kevin.moore@hotmail.com,Kevin Moore,87662 Valley Bypass Karenmouth MI 68552-3313
8989,ryan.robinson@young.net,Ryan Robinson,91054 Lincoln Path Ste. 766 Lindaland ND 68843
8990,jessica.sanchez@anderson.info,Jessica Sanchez,86996 Brook Lane Jamesshire AZ 20801-8951
8991,laura.green@outlook.com,Laura Green,27994 Meadow Shore West Daniel SD 73497-8292
8992,charles.perez@gmail.com,Charles Perez,36062 Ridge Drive Suite 367 Lisaville ME 72395
8993,barbara.martinez@aol.com,Barbara Martinez,49953 Davis Square Ste. 22 Susanside AL 13274
8994,richard.lopez@perez.info,Richard Lopez,58577 Forest Ford North Ronald OR 33258
8995,emily.anderson@icloud.com,Emily Anderson,23209 Shore Loop Stevenside IL 40745-1917
8996,anna.king@mitchell.com,Anna King,10119 Lake Square Apt. 848 West Kevin WI 57684
8997,stephanie.anderson@yahoo.com,Stephanie Anderson,81594 Miller Bypass Suite 782 North Michael TN 83583
8998,michelle.baker@kirby.org,Michelle Baker,52525 Elm Pass Ste. 879 New George WY 53814
8999,michelle.davis@outlook.com,Michelle Davis,60080 Cook Ford Thomasberg MS 51671-5056
9000,anna.scott@clark.org,Anna Scott,52860 Johnson Loop Michaelmouth GA 38378-3937
9001,matthew.wilson@outlook.com,Matthew Wilson,55468 Johnson Loop Suite 569 New Lisa DE 83608
9002,betty.nguyen@perez.net,Betty Nguyen,25084 Sunset Lane Unit 958 Lake Mary IN 92964
9003,patricia.davis@jones.biz,Patricia Davis,99432 Pine Drive Lake William CA 56653
9004,larry.ramirez@sanchez.org,Larry Ramirez,62803 Pine Crossing Apt. 936 Lake Anna WA 44708-5817
9005,laura.nguyen@carter.net,Laura Nguyen,6788 Adams Path Paulmouth CA 08619-5458
9006,sandra.white@lopez.biz,Sandra White,44169 Oak Plaza Andrewland IA 40905-2189
9007,joseph.thompson@gmail.com,Joseph Thompson,70187 Johnson Street Apt. 676 East Daniel MI 39775-4354
9008,james.mitchell@anderson.com,James Mitchell,43070 Lincoln Ford Ste. 377 East James NC 60904-6831
9009,amanda.kirby@yahoo.com,Amanda Kirby,38854 Cook Circle Suite 571 Karenland OH 90322
9010,brian.johnson@perez.net,Brian Johnson,62555 Jefferson Lane Suite 259 Port David FL 26241
9011,amanda.nguyen@gmail.com,Amanda Nguyen,85985 Jefferson Crossing Apt. 640 Lisaland VT 34610-6404
9012,anthony.mitchell@yahoo.com,Anthony Mitchell,89218 Cedar Road Unit 243 Port Kristen AR 28870-3283
9013,joshua.martinez@gmail.com,Joshua Martinez,34254 Hill Run Ste. 980 Port Mark MT 11870
9014,paul.rivera@hall.net,Paul Rivera,23834 Johnson Shore Apt. 872 Maryview IL 54867
9015,amanda.rivera@nguyen.org,Amanda Rivera,55861 Franklin Ford Suite 826 North Steven ME 06024-9456
9016,jessica.brown@yahoo.com,Jessica Brown,38929 Sunset Loop Apt. 872 Georgeton WA 62254
9017,brian.miller@icloud.com,Brian Miller,29465 Davis Pass Unit 554 South James MO 56319
9018,barbara.king@thomas.org,Barbara King,24571 Franklin Avenue North James OK 44883-6046
9019,jennifer.young@walker.net,Jennifer Young,15941 Johnson Ford Apt. 881 Larryville OK 46488-1631
9020,susan.carter@yahoo.com,Susan Carter,61200 Park Lane Bettyhaven SD 70521
9021,larry.walker@scott.com,Larry Walker,68324 Walnut Path Apt. 188 Benjaminland OK 52715
9022,michelle.garcia@white.net,Michelle Garcia,79450 Washington Path Brianfurt IA 38599
9023,paul.martin@cain.org,Paul Martin,60559 Sunset Circle Ste. 483 Davidfurt FL 60099-3477
9024,david.taylor@icloud.com,David Taylor,81722 Jefferson Terrace Lake Kevin ND 47500
9025,laura.lee@aol.com,Laura Lee,35116 Davis Square Jasonport KY 60485
9026,sarah.campbell@yahoo.com,Sarah Campbell,94711 Brook Loop Brianbury NV 22439
9027,margaret.thompson@smith.info,Margaret Thompson,53484 Lincoln Path Ste. 820 Kevinberg PA 08977-8841
9028,anna.carter@icloud.com,Anna Carter,32873 Valley Trail North Edward CT 35533
9029,john.harris@outlook.com,John Harris,56546 Spring Ford Unit 655 Kevinchester OK 27662
9030,joshua.garcia@outlook.com,Joshua Garcia,27936 Fox Avenue North Betty KS 06398
9031,donna.thomas@johnson.info,Donna Thomas,45693 Sunset Street Apt. 610 Kristenfurt SD 88463
9032,ronald.williams@nelson.biz,Ronald Williams,97038 Davis Crossing Fort Anna VA 82634
9033,jessica.clark@davis.biz,Jessica Clark,35287 Lake Run Ste. 323 Kristenberg VT 81738
9034,larry.jones@aol.com,Larry Jones,35156 Maple Avenue Joshuaborough WV 29608
9035,betty.anderson@sanchez.com,Betty Anderson,62963 Carter Drive Suite 798 Ronaldborough ME 37317
9036,thomas.lopez@hotmail.com,Thomas Lopez,94149 Valley Trail Port Mark WI 48597
9037,sarah.perez@hall.org,Sarah Perez,77976 Franklin Bypass Unit 640 Stevenchester AL 01692
9038,mary.campbell@yahoo.com,Mary Campbell,16651 Valley Loop Ste. 273 Benjaminberg GA 73005
9039,anna.martin@flores.org,Anna Martin,87731 Valley Avenue Fort Andrew ND 20735-9837
9040,jessica.adams@aol.com,Jessica Adams,70919 Pine Way Suite 472 North Ronald MA 97688
9041,susan.kirby@outlook.com,Susan Kirby,18349 Shore Ford Bettyberg VT 82075
9042,gary.campbell@aol.com,Gary Campbell,62522 River Pass North Betty MI 33286
9043,mary.carter@gmail.com,Mary Carter,57229 River Way Lake Betty KS 17891
9044,sandra.walker@walker.info,Sandra Walker,42390 Miller Way New William ND 64239
9045,edward.allen@aol.com,Edward Allen,54101 Cedar Drive Port Karen AL 86288
9046,lisa.anderson@thompson.org,Lisa Anderson,59385 Valley Shore Markshire ME 98404
9047,edward.scott@martinez.info,Edward Scott,11430 Oak Avenue Unit 551 Davidbury MA 20725
9048,donald.williams@gmail.com,Donald Williams,90535 Brook Street Fort Anna VT 35253-5995
9049,betty.torres@martin.com,Betty Torres,39632 Walnut Street East Joseph CT 49351
9050,jennifer.lewis@jones.com,Jennifer Lewis,48533 Lake Trail Suite 931 New Mark MA 17432-2479
9051,michelle.carter@hotmail.com,Michelle Carter,23314 Lincoln Square Ste. 927 Lindachester OK 39739
9052,jennifer.anderson@gmail.com,Jennifer Anderson,29237 Pine Bypass Port Mary AL 51302
9053,betty.carter@icloud.com,Betty Carter,88225 Franklin Bypass Kristenhaven NH 31521
9054,nicholas.baker@white.biz,Nicholas Baker,29140 Park Circle Josephfort AK 66253
9055,david.miller@flores.net,David Miller,21065 Jefferson Square New David IA 45043
9056,carol.clark@icloud.com,Carol Clark,67406 Meadow Terrace South Betty MS 30515
9057,jessica.mitchell@nelson.info,Jessica Mitchell,33168 Lincoln Bypass South Betty WV 59323-2175
9058,john.nelson@hotmail.com,John Nelson,48442 Miller Court Suite 465 New Kevin OK 01251
9059,mark.moore@yahoo.com,Mark Moore,42816 Highland Road Ste. 507 Georgemouth MD 58816
9060,nancy.davis@martin.com,Nancy Davis,66442 Franklin Road West David IA 83920
9061,joshua.mitchell@gmail.com,Joshua Mitchell,3359 Cedar Path Fort Mark DE 50054
9062,jason.moore@green.biz,Jason Moore,91137 River Plaza Georgehaven VA 27708-1205
9063,nancy.adams@icloud.com,Nancy Adams,57964 River Lane Unit 119 Georgemouth OH 80702
9064,jeffrey.mitchell@anderson.com,Jeffrey Mitchell,58293 Brook Avenue West Larry TN 94671
9065,sandra.carter@miller.com,Sandra Carter,20136 Sunset Lane Ste. 764 Fort Kevin WI 62255
9066,emily.nelson@davis.net,Emily Nelson,86611 Craig Pass Unit 296 Michaelland OR 49647
9067,jeffrey.jones@baker.org,Jeffrey Jones,56579 Spring Pass Suite 940 Markside UT 95160-2335
9068,lisa.thompson@yahoo.com,Lisa Thompson,50103 Maple Shore Ste. 401 South Benjamin NH 29095-5281
9069,betty.campbell@hotmail.com,Betty Campbell,82453 Cook Circle Apt. 361 East Paul UT 17633
9070,deborah.martinez@icloud.com,Deborah Martinez,15965 Forest Street Maryburgh AZ 35158
9071,jason.miller@aol.com,Jason Miller,46341 Walnut Street Unit 37 New Kevin IL 99040
9072,charles.carter@ramirez.com,Charles Carter,9037 Park Trail Nancybury OR 01157-2682
9073,charles.lopez@aol.com,Charles Lopez,65356 Maple Terrace Markport MD 98581
9074,carol.king@miller.net,Carol King,40388 Sunset Bypass Lisafurt PA 77614-7108
9075,laura.adams@hotmail.com,Laura Adams,47314 Lake Drive Ronaldbury TN 27525
9076,rebecca.jones@wright.net,Rebecca Jones,18822 Adams Avenue Benjaminberg NY 24975-3944
9077,john.cain@gmail.com,John Cain,99091 Elm Road Markchester MS 19314
9078,rebecca.sanchez@yahoo.com,Rebecca Sanchez,46357 Forest Ford Danielland RI 98465
9079,james.white@campbell.info,James White,26782 Cook Avenue Apt. 596 Lake Joshua NY 47131
9080,nancy.flores@hotmail.com,Nancy Flores,75881 Johnson Square Lindachester AL 73734
9081,donald.harris@outlook.com,Donald Harris,80998 Jefferson Bypass Apt. 611 Brianberg ND 13407
9082,ashley.kirby@yahoo.com,Ashley Kirby,1306 Miller Court Jasonberg GA 06705-4946
9083,carol.martin@aol.com,Carol Martin,70982 Lincoln Lane Markville DE 94477
9084,linda.hall@garcia.net,Linda Hall,63244 Oak Pass Karentown IA 54884
9085,jessica.sanchez@icloud.com,Jessica Sanchez,64642 Shore Run Josephmouth OH 02647
9086,mary.martinez@thomas.info,Mary Martinez,45790 River Circle East Karen MO 75363
9087,sarah.king@aol.com,Sarah King,95368 Adams Terrace Apt. 562 Fort Brian AR 02740-3255
9088,margaret.ramirez@outlook.com,Margaret Ramirez,31074 Maple Road East Jason NH 12059
9089,michael.anderson@baker.com,Michael Anderson,55364 Cedar Path Suite 300 Georgestad TN 76515-4163
9090,jessica.anderson@icloud.com,Jessica Anderson,59145 Shore Bypass Fort Joshua MS 09936-5546
9091,daniel.gonzalez@moore.net,Daniel Gonzalez,39004 River Avenue Lake David AL 75780
9092,sandra.harris@brown.com,Sandra Harris,98174 Adams Drive West Kevin MA 63528
9093,mark.garcia@aol.com,Mark Garcia,80626 Walnut Drive Brianton NC 34995
9094,stephanie.wilson@icloud.com,Stephanie Wilson,7574 Walnut Trail Unit 721 New Larry PA 53160
9095,steven.torres@outlook.com,Steven Torres,25899 Miller Street South Ronald RI 16641
9096,larry.moore@icloud.com,Larry Moore,9791 Lake Lane Jasonfort MA 40434
9097,andrew.anderson@hotmail.com,Andrew Anderson,15951 Forest Drive Ste. 67 Maryville MT 97926-8989
9098,amanda.thomas@aol.com,Amanda Thomas,53679 River Pass Suite 648 New Susan CT 32237-6995
9099,michelle.perez@hotmail.com,Michelle Perez,8454 Highland Ford Susanmouth MA 29536
9100,elizabeth.young@hotmail.com,Elizabeth Young,59775 Oak Avenue Ste. 605 Larryberg OK 43353
9101,patricia.sanchez@aol.com,Patricia Sanchez,78177 Meadow Crossing Josephmouth NM 19382-2124
9102,richard.johnson@aol.com,Richard Johnson,92308 Cook Court North Brian OK 11081
9103,michael.brown@anderson.org,Michael Brown,65883 Walnut Drive Jasonburgh TN 81427
9104,rebecca.garcia@aol.com,Rebecca Garcia,84721 Maple Run West Larry AL 08607-4170
9105,barbara.king@icloud.com,Barbara King,19122 Cook Way Ste. 813 East James IA 16280
9106,larry.young@gmail.com,Larry Young,10158 Elm Trail Susanborough ME 69535-8968
9107,brian.thompson@aol.com,Brian Thompson,28763 Forest Street Ste. 117 Jasonburgh CO 19574
9108,david.perez@hotmail.com,David Perez,49211 Meadow Square Apt. 230 East Nancy AL 36148
9109,nancy.hall@perez.com,Nancy Hall,15135 Davis Road South Anna PA 58538
9110,donna.campbell@outlook.com,Donna Campbell,71785 Carter Shore Suite 936 Briantown WI 70548
9111,emily.thompson@cain.net,Emily Thompson,99089 Maple Trail Susanberg MT 50084
9112,kevin.thompson@outlook.com,Kevin Thompson,19154 Madison Way Apt. 536 Jasonberg NV 33726-4843
9113,sarah.thomas@wright.org,Sarah Thomas,40047 Sunset Loop Karenshire OK 20756
9114,nancy.clark@sanchez.com,Nancy Clark,44644 Madison Road Suite 47 Susanfort FL 40940
9115,gary.nelson@aol.com,Gary Nelson,11920 Park Plaza Nancyville AR 62707
9116,lisa.garcia@icloud.com,Lisa Garcia,42940 Park Court New Brian AL 64817
9117,sandra.hall@gmail.com,Sandra Hall,20671 Maple Terrace Apt. 848 West Mark SC 56399-5640
9118,charles.harris@yahoo.com,Charles Harris,65556 Davis Court Lake Benjamin WI 97867
9119,elizabeth.carter@gmail.com,Elizabeth Carter,82478 Maple Bypass Ste. 534 Kevinview NJ 78447-3926
9120,ashley.torres@yahoo.com,Ashley Torres,51147 Sunset Ford Benjaminland NV 38754
9121,jeffrey.flores@outlook.com,Jeffrey Flores,70992 Ridge Way Suite 887 Larryton PA 74093
9122,helen.lewis@outlook.com,Helen Lewis,66261 Franklin Shore Ste. 450 East Betty GA 40647
9123,kevin.walker@aol.com,Kevin Walker,47074 Park Trail West Jason MI 17232
9124,kimberly.mitchell@carter.com,Kimberly Mitchell,86146 Spring Way Suite 322 New Daniel MT 07992-4202
9125,carol.jones@outlook.com,Carol Jones,87291 Miller Terrace Apt. 505 East Jason PA 64703
9126,mark.carter@miller.com,Mark Carter,97098 Jefferson Shore Nancyland HI 16464
9127,rebecca.young@icloud.com,Rebecca Young,85926 Forest Trail Ste. 737 West Brian VT 97322-2478
9128,amy.sanchez@icloud.com,Amy Sanchez,27865 Washington Terrace Marystad MI 67884
9129,edward.carter@hall.net,Edward Carter,18292 Highland Run Unit 75 North David AK 05778
9130,james.rivera@williams.biz,James Rivera,4374 Madison Square Lake Andrew NM 04402-5589
9131,david.johnson@aol.com,David Johnson,95678 Meadow Street Port Kristen MS 31693-1831
9132,mary.campbell@mitchell.net,Mary Campbell,13331 Madison Plaza Paulmouth WI 87919
9133,charles.williams@martinez.org,Charles Williams,94087 Valley Bypass Ste. 376 West Mary NE 46617
9134,amanda.ramirez@outlook.com,Amanda Ramirez,54046 Fox Ford Susanfort WY 80486
9135,richard.brown@outlook.com,Richard Brown,68986 Oak Court Ste. 759 Brianville SC 51915-8844
9136,david.white@outlook.com,David White,94131 Jefferson Bypass Jamesfurt ME 83780
9137,linda.thomas@icloud.com,Linda Thomas,58546 Maple Trail West Betty VT 70827
9138,sandra.flores@gmail.com,Sandra Flores,799 Park Street Suite 315 Davidfort PA 90754
9139,michelle.davis@gmail.com,Michelle Davis,97384 Washington Pass Michaelstad IN 98611-6799
9140,michael.cain@yahoo.com,Michael Cain,19184 Franklin Terrace Lisaburgh CT 50835
9141,joshua.miller@outlook.com,Joshua Miller,32837 River Bypass Apt. 437 Lake James UT 47645
9142,michael.green@lopez.biz,Michael Green,55993 Hill Plaza Suite 756 North William OK 42059-3206
9143,andrew.mitchell@yahoo.com,Andrew Mitchell,54913 River Square South Daniel DE 25275
9144,barbara.hall@hotmail.com,Barbara Hall,45670 Ridge Trail Andrewville ID 79722-4939
9145,joshua.jones@wright.net,Joshua Jones,85926 Johnson Path New Andrew IL 12686
9146,amanda.thomas@allen.info,Amanda Thomas,92164 Madison Crossing Kevinbury FL 76547
9147,melissa.miller@yahoo.com,Melissa Miller,75576 Maple Shore Ste. 656 Port Larry MT 72198-3574
9148,nancy.kirby@icloud.com,Nancy Kirby,87786 Valley Ford Lake Daniel CT 91180
9149,stephanie.robinson@campbell.net,Stephanie Robinson,99653 Johnson Crossing West Sarah FL 02237
9150,larry.torres@icloud.com,Larry Torres,7946 Oak Bypass Suite 821 Jasonmouth OH 44730
9151,steven.thomas@yahoo.com,Steven Thomas,27323 Valley Shore Ste. 828 Paulhaven RI 18340
9152,andrew.taylor@ramirez.com,Andrew Taylor,35294 Shore Drive Bettybury IN 29489
9153,william.sanchez@adams.com,William Sanchez,12582 Valley Trail Apt. 27 Port Susan MT 48325
9154,jessica.sanchez@gmail.com,Jessica Sanchez,84691 River Shore Benjaminside UT 44652
9155,ashley.robinson@outlook.com,Ashley Robinson,91891 Meadow Shore Apt. 702 Michaelview NJ 21973
9156,betty.ramirez@outlook.com,Betty Ramirez,94169 Davis Way Unit 359 Lake Betty HI 33909
9157,gary.sanchez@yahoo.com,Gary Sanchez,71269 Fox Lane Markchester NM 21530
9158,richard.harris@yahoo.com,Richard Harris,74281 Adams Path Karenville MD 31289
9159,deborah.wilson@outlook.com,Deborah Wilson,61283 Ridge Road South Karen IL 59312-5964
9160,larry.gonzalez@cain.net,Larry Gonzalez,2201 Adams Road Unit 139 Lake Nancy VA 71145
9161,stephanie.smith@icloud.com,Stephanie Smith,2943 Franklin Crossing South Ronald NV 26125
9162,lisa.nelson@lee.net,Lisa Nelson,91375 Brook Circle Suite 440 East Sarah IN 21753-7346
9163,elizabeth.adams@icloud.com,Elizabeth Adams,33626 Park Shore Lake George HI 76685-1934
9164,amy.brown@hotmail.com,Amy Brown,27562 Lincoln Crossing Ste. 509 Fort Mary TN 75616-5211
9165,ryan.robinson@hotmail.com,Ryan Robinson,33670 Spring Loop Ste. 256 East Brian FL 71430
9166,laura.brown@hotmail.com,Laura Brown,62743 Lincoln Road Ste. 169 Larryfurt ND 97259-4575
9167,helen.lewis@gmail.com,Helen Lewis,82159 Forest Way Karenberg WI 31373-5155
9168,amy.rivera@yahoo.com,Amy Rivera,85233 Hill Bypass Apt. 626 New Michael CA 01010
9169,barbara.adams@wilson.org,Barbara Adams,54860 Oak Loop Jameston MI 28302
9170,ronald.garcia@nguyen.net,Ronald Garcia,32299 Park Crossing Port Larry SD 54479
9171,donald.gonzalez@baker.com,Donald Gonzalez,57238 Forest Run Suite 897 Andrewburgh UT 72874-8520
9172,sarah.brown@gmail.com,Sarah Brown,91760 Hill Ford North Brian NC 60634-6541
9173,sandra.martinez@gmail.com,Sandra Martinez,72505 Lake Pass Ste. 130 Kevinshire AR 33191
9174,rebecca.campbell@gmail.com,Rebecca Campbell,81945 Maple Pass Unit 851 North Daniel PA 56136
9175,charles.mitchell@hotmail.com,Charles Mitchell,65571 Cedar Bypass Kevinview AR 90674
9176,donald.cain@aol.com,Donald Cain,85030 Cedar Square Apt. 211 Fort Jason OR 01459
9177,ryan.robinson@gmail.com,Ryan Robinson,616 River Square South William TX 19545
9178,karen.smith@mitchell.biz,Karen Smith,83909 Park Loop Ste. 88 Josephburgh RI 64381
9179,charles.miller@icloud.com,Charles Miller,19728 Fox Terrace Apt. 226 Lake Thomas FL 08509
9180,laura.kirby@aol.com,Laura Kirby,98995 Valley Bypass Kevinfort RI 09466
9181,margaret.lee@flores.net,Margaret Lee,56478 Adams Court Karenbury LA 75490-2476
9182,ronald.perez@yahoo.com,Ronald Perez,71422 Jefferson Trail Ste. 485 Jamesside MN 31037
9183,joseph.lopez@icloud.com,Joseph Lopez,96728 Adams Loop Port Betty KY 52455
9184,anthony.baker@yahoo.com,Anthony Baker,52477 Lake Loop Kevinstad IA 66972
9185,mary.wilson@miller.biz,Mary Wilson,17523 Lincoln Road Unit 523 Lake Larry FL 69463
9186,joshua.mitchell@yahoo.com,Joshua Mitchell,32712 Shore Pass North Ronald MT 02476-1738
9187,sarah.perez@hill.biz,Sarah Perez,76821 Highland Trail Suite 863 Kristenland NH 37135
9188,jennifer.hall@gmail.com,Jennifer Hall,87180 Franklin Avenue Susanburgh CA 59523
9189,helen.johnson@baker.com,Helen Johnson,29451 Craig Pass Apt. 133 South Thomas KY 19418
9190,jason.lewis@yahoo.com,Jason Lewis,67337 Forest Circle Ste. 693 Joshuafort IN 55263-1711
9191,joseph.lee@aol.com,Joseph Lee,51841 Fox Plaza Port Mark NE 19631
9192,patricia.williams@yahoo.com,Patricia Williams,89605 Forest Street Ste. 312 Lake Michael NH 52546
9193,thomas.kirby@flores.net,Thomas Kirby,57305 Spring Ford Marystad MS 95022
9194,carol.anderson@anderson.net,Carol Anderson,10924 Ridge Shore West Lisa AL 86745
9195,nancy.hill@outlook.com,Nancy Hill,706 River Drive Kevinstad MD 26132
9196,michelle.lee@clark.net,Michelle Lee,14434 Maple Shore Suite 50 Kevinburgh RI 64684
9197,sandra.martin@scott.biz,Sandra Martin,24439 Washington Ford Suite 766 East Linda ID 81777
9198,charles.sanchez@aol.com,Charles Sanchez,47082 Johnson Pass East Brian AK 39563
9199,kevin.wilson@hotmail.com,Kevin Wilson,91247 Carter Ford Josephmouth MI 58731
9200,andrew.johnson@cain.com,Andrew Johnson,15741 Hill Street East Benjamin UT 12065
9201,amy.torres@icloud.com,Amy Torres,59243 Meadow Drive Fort David MT 15208
9202,barbara.hall@yahoo.com,Barbara Hall,29654 Brook Bypass Unit 721 East Paul AK 90768
9203,kevin.davis@yahoo.com,Kevin Davis,52426 Elm Court Suite 632 South Jason NC 68283-1635
9204,william.king@green.info,William King,48481 Carter Terrace Ste. 228 Joshuashire OK 54303
9205,kimberly.mitchell@yahoo.com,Kimberly Mitchell,62716 Brook Pass Unit 315 East Daniel CT 09990
9206,barbara.carter@outlook.com,Barbara Carter,79027 Pine Plaza West Anna MI 68154
9207,timothy.cain@hotmail.com,Timothy Cain,14875 Maple Circle Apt. 309 New Mary CA 61003-4706
9208,donald.harris@yahoo.com,Donald Harris,13261 Park Court Ste. 310 Georgeshire TX 27385-9286
9209,charles.torres@adams.org,Charles Torres,26584 Miller Loop East Joshua CA 94781
9210,brian.perez@aol.com,Brian Perez,50583 Valley Way Jasonberg WY 48729
9211,michael.smith@moore.info,Michael Smith,99820 Lake Drive Ste. 317 Josephfurt NY 49743
9212,sarah.young@outlook.com,Sarah Young,42466 Johnson Path Ste. 131 Michaelborough WY 95390
9213,edward.lewis@hotmail.com,Edward Lewis,12874 Davis Path Suite 198 Andrewton AK 58356
9214,betty.moore@yahoo.com,Betty Moore,73053 Elm Loop Lake David DE 03028
9215,barbara.miller@hotmail.com,Barbara Miller,16507 Park Lane Kristenstad NE 29526
9216,jessica.robinson@yahoo.com,Jessica Robinson,52632 Carter Bypass Port Kristen ID 14814
9217,ryan.lewis@harris.net,Ryan Lewis,80009 Craig Square Danielshire HI 79067
9218,andrew.jackson@aol.com,Andrew Jackson,47157 Lincoln Loop Danielfort CO 52487
9219,john.smith@yahoo.com,John Smith,47092 Park Trail North Linda AR 38830-5284
9220,melissa.nguyen@yahoo.com,Melissa Nguyen,74612 Elm Circle Apt. 139 North Larry ND 98107
9221,anna.nguyen@outlook.com,Anna Nguyen,53415 Pine Circle Benjaminport ME 57043
9222,david.young@icloud.com,David Young,52062 Pine Shore Lake Joseph MT 17700
9223,helen.harris@hotmail.com,Helen Harris,14355 Park Trail Unit 451 Marybury AK 88604
9224,brian.king@walker.com,Brian King,14357 Walnut Lane Ste. 693 East Anna DE 81559-2154
9225,michael.carter@hotmail.com,Michael Carter,12173 Shore Crossing West Larry CA 80873
9226,linda.cain@outlook.com,Linda Cain,75750 Washington Run New Larry AZ 29861
9227,jeffrey.adams@mitchell.info,Jeffrey Adams,30626 Davis Run East Mark MO 73793
9228,jason.mitchell@gmail.com,Jason Mitchell,58714 Sunset Street Jasonstad NV 94645
9229,mary.lewis@hotmail.com,Mary Lewis,97744 Forest Way Ste. 538 Nancyberg SC 52814-4781
9230,nancy.hall@icloud.com,Nancy Hall,96079 Carter Path South James RI 28914
9231,james.hall@gmail.com,James Hall,37067 Walnut Circle Lake Linda LA 03168-8039
9232,betty.kirby@icloud.com,Betty Kirby,92713 Highland Run Unit 569 Larrychester NV 65027-2087
9233,john.nguyen@lewis.info,John Nguyen,82067 Jefferson Plaza Joshuatown UT 51869-7024
9234,michael.torres@gmail.com,Michael Torres,72830 Walnut Circle East Benjamin NH 25323-6969
9235,betty.jackson@hotmail.com,Betty Jackson,75320 Craig Avenue Benjaminside IN 30854-4887
9236,anthony.mitchell@yahoo.com,Anthony Mitchell,68637 Forest Drive Apt. 287 Stevenshire MA 49300
9237,elizabeth.lewis@allen.info,Elizabeth Lewis,12789 Cedar Circle Williamland WY 92212
9238,thomas.williams@outlook.com,Thomas Williams,86813 Craig Ford Suite 836 North Anna ME 42533
9239,james.king@icloud.com,James King,39845 Johnson Court Fort Susan WI 81349
9240,andrew.taylor@outlook.com,Andrew Taylor,7001 Davis Ford Ste. 880 Brianmouth NY 08195-9943
9241,jessica.jackson@aol.com,Jessica Jackson,61907 Brook Shore New Mark ID 91860
9242,ronald.wilson@harris.com,Ronald Wilson,97486 Sunset Trail Apt. 738 Ronaldchester MD 98481
9243,william.perez@martin.org,William Perez,65524 Ridge Run Andrewbury VT 70371-9395
9244,charles.anderson@nguyen.info,Charles Anderson,25444 River Circle Port Lisa PA 20105
9245,linda.scott@outlook.com,Linda Scott,60184 Walnut Trail Unit 409 East Michael NH 30625
9246,sarah.jones@robinson.org,Sarah Jones,74838 Davis Pass Thomashaven OK 12990
9247,anna.gonzalez@aol.com,Anna Gonzalez,88904 Carter Square Unit 342 South Joshua OK 94565-2558
9248,lisa.thomas@kirby.net,Lisa Thomas,84190 Jefferson Loop Unit 263 Markland CT 70744
9249,carol.sanchez@anderson.net,Carol Sanchez,95466 River Street North Thomas VT 45055
9250,timothy.white@jackson.info,Timothy White,15451 Johnson Run Suite 470 New William OK 70696-4423
9251,michael.lee@yahoo.com,Michael Lee,55160 Franklin Square Unit 350 Susantown DE 05725
9252,kevin.davis@yahoo.com,Kevin Davis,34190 Oak Trail Unit 121 Maryshire SD 30064-8366
9253,jason.adams@ramirez.org,Jason Adams,52609 Walnut Square Lisaburgh IN 85057-6293
9254,jeffrey.mitchell@outlook.com,Jeffrey Mitchell,34938 Brook Plaza East Paul MD 71064
9255,jennifer.king@martinez.net,Jennifer King,89822 Spring Run Lake Edward KY 03585-6145
9256,thomas.lopez@yahoo.com,Thomas Lopez,63847 River Path Davidton IA 24130-9035
9257,matthew.baker@clark.com,Matthew Baker,2751 Fox Loop Ste. 519 East Joseph IL 44600
9258,gary.garcia@gmail.com,Gary Garcia,66770 Cook Loop Apt. 807 Joshuaton ID 38456-8082
9259,linda.green@gmail.com,Linda Green,50257 Spring Bypass New David ME 16075-3347
9260,ashley.thomas@outlook.com,Ashley Thomas,80578 Craig Ford Lisamouth FL 82869
9261,charles.white@scott.org,Charles White,26375 Franklin Path New Nancy WI 35084
9262,nancy.harris@gmail.com,Nancy Harris,11171 Walnut Trail West Andrew MS 35777-9597
9263,melissa.moore@gmail.com,Melissa Moore,35266 Maple Road New Betty CT 94562
9264,deborah.williams@hotmail.com,Deborah Williams,96041 Meadow Bypass Suite 197 Lake Brian DE 77677-3307
9265,james.nelson@gmail.com,James Nelson,49315 Fox Square Ste. 796 Jamesside MD 46969-9571
9266,ashley.nguyen@gmail.com,Ashley Nguyen,48140 Madison Lane Ste. 207 Port Karen CO 31099
9267,nancy.lopez@yahoo.com,Nancy Lopez,41133 Lake Crossing Unit 781 Andrewview VT 84193
9268,patricia.scott@hotmail.com,Patricia Scott,16615 Washington Way Fort Sarah ND 13071
9269,thomas.robinson@thomas.info,Thomas Robinson,25126 Walnut Circle Unit 642 East Benjamin PA 86502
9270,jessica.carter@gmail.com,Jessica Carter,75833 Jefferson Path Ronaldmouth MO 85076
9271,lisa.green@gmail.com,Lisa Green,8308 Walnut Crossing Apt. 254 Georgefurt IL 94962
9272,emily.nelson@hotmail.com,Emily Nelson,36674 Cedar Shore Nancyberg FL 51968-3203
9273,andrew.kirby@thompson.biz,Andrew Kirby,41080 Forest Terrace Fort Brian CT 65303
9274,gary.flores@hotmail.com,Gary Flores,44590 Pine Crossing Apt. 647 Markstad VT 59501
9275,david.white@hotmail.com,David White,87977 Sunset Avenue Danielmouth WI 79661-7190
9276,kimberly.adams@yahoo.com,Kimberly Adams,48012 Adams Run Ste. 887 Bettyland VT 89325-7981
9277,kimberly.martin@gmail.com,Kimberly Martin,38036 Hill Ford South Michael AR 73478
9278,stephanie.harris@gonzalez.biz,Stephanie Harris,32388 Spring Path Maryborough AL 89152
9279,jeffrey.lee@icloud.com,Jeffrey Lee,2626 Spring Road Apt. 799 Jamesstad PA 57189
9280,daniel.hall@yahoo.com,Daniel Hall,90412 Shore Court Suite 717 Benjaminland TN 89772
9281,jessica.wilson@yahoo.com,Jessica Wilson,79520 Ridge Circle Unit 622 Nancytown IL 35007
9282,margaret.miller@icloud.com,Margaret Miller,87287 Cedar Ford Apt. 92 West Karen TX 49400
9283,steven.clark@harris.org,Steven Clark,82994 Madison Crossing Fort Kevin ME 59047
9284,anthony.walker@outlook.com,Anthony Walker,77863 Franklin Loop North Mary KS 88759
9285,jeffrey.taylor@campbell.info,Jeffrey Taylor,26815 Davis Loop Suite 204 Joshuaport TX 08943-8969
9286,betty.king@hotmail.com,Betty King,56157 Lincoln Way Williamland NH 20131
9287,ronald.harris@icloud.com,Ronald Harris,56065 Elm Trail Kristenstad MT 84568
9288,laura.campbell@lee.org,Laura Campbell,14612 Lincoln Square Unit 293 Brianview DE 09005-7679
9289,nicholas.hill@robinson.info,Nicholas Hill,73582 Lake Way Andrewchester TN 94506
9290,helen.lopez@icloud.com,Helen Lopez,83245 River Square Apt. 508 Jamesshire KS 55618-9636
9291,matthew.harris@yahoo.com,Matthew Harris,96191 Cedar Way Danielton NM 99244
9292,kevin.martin@lopez.org,Kevin Martin,84596 Pine Street Apt. 308 South Edward SD 12656
9293,sandra.sanchez@martin.org,Sandra Sanchez,41420 Fox Plaza Suite 843 North Karen LA 31012-4327
9294,gary.allen@gmail.com,Gary Allen,43531 Elm Drive Apt. 544 North Jason NM 17806
9295,jason.ramirez@gmail.com,Jason Ramirez,9508 Miller Bypass Unit 556 Jasonfort NV 12282-7325
9296,sarah.scott@flores.net,Sarah Scott,47829 Lincoln Road Bettyshire WY 09299
9297,michelle.adams@hotmail.com,Michelle Adams,70550 Franklin Avenue Unit 182 Thomasside MT 95440
9298,timothy.white@hill.info,Timothy White,67178 Meadow Path Apt. 719 Susanbury NE 57037-1584
9299,david.martinez@icloud.com,David Martinez,4495 Brook Pass Apt. 223 Georgeborough MI 13524
9300,helen.anderson@yahoo.com,Helen Anderson,56520 Washington Ford Apt. 526 Bettyborough OK 14285
9301,gary.lopez@outlook.com,Gary Lopez,41740 Craig Trail Ste. 205 Ronaldburgh OH 51686-5267
9302,helen.lewis@aol.com,Helen Lewis,80769 Lake Circle Suite 930 Markfurt WA 08357-4870
9303,sandra.lopez@lee.info,Sandra Lopez,70265 Craig Lane Kevinville ID 72761
9304,kevin.hall@hotmail.com,Kevin Hall,50408 Walnut Path Lisaborough OH 65801
9305,jeffrey.gonzalez@aol.com,Jeffrey Gonzalez,20836 Walnut Pass Andrewburgh WV 51481-3046
9306,mark.garcia@mitchell.net,Mark Garcia,12059 Elm Plaza North Joshua IN 06242
9307,laura.lee@aol.com,Laura Lee,8639 Pine Court Ste. 335 West Ronald OR 09940
9308,anthony.rivera@brown.org,Anthony Rivera,209 Washington Circle Ste. 898 Fort Ronald AL 23421
9309,melissa.hall@aol.com,Melissa Hall,15652 Craig Road Unit 949 Markhaven ND 57995
9310,mark.lewis@smith.net,Mark Lewis,36494 Lake Lane Apt. 392 Nancyland WY 13674
9311,barbara.torres@outlook.com,Barbara Torres,93463 Sunset Shore Unit 526 Port Lisa FL 13268-9555
9312,barbara.miller@gmail.com,Barbara Miller,77993 Highland Plaza Danielberg IL 20782-2239
9313,jennifer.perez@hotmail.com,Jennifer Perez,33865 Carter Court Sarahhaven CO 85445-3448
9314,edward.cain@hotmail.com,Edward Cain,57793 River Path North Joshua ME 70293
9315,susan.walker@hall.net,Susan Walker,72164 Forest Crossing Fort Karen ME 15954
9316,linda.king@hotmail.com,Linda King,71977 Davis Ford Unit 468 East Michael UT 72444
9317,jessica.moore@davis.net,Jessica Moore,12253 Ridge Road Ste. 679 Jamesville SC 06550
9318,linda.davis@hotmail.com,Linda Davis,67108 Jefferson Trail Lake Andrew WI 26656
9319,jeffrey.lee@hotmail.com,Jeffrey Lee,20772 Madison Run Edwardhaven IN 02888
9320,daniel.white@kirby.com,Daniel White,61934 Miller Circle Unit 424 West Steven WY 45756
9321,larry.thompson@carter.org,Larry Thompson,38720 Ridge Circle Danielland ND 01502
9322,thomas.scott@yahoo.com,Thomas Scott,19808 Ridge Trail Marktown UT 95357-4934
9323,ronald.jackson@icloud.com,Ronald Jackson,98120 Sunset Path Annaport WY 17884
9324,george.nguyen@aol.com,George Nguyen,3705 Valley Square Suite 491 Maryville LA 28106
9325,melissa.smith@gmail.com,Melissa Smith,37848 Brook Path Unit 129 Thomasview MI 46923
9326,joseph.lewis@hotmail.com,Joseph Lewis,33656 Miller Circle Paulland OH 30114
9327,joseph.taylor@icloud.com,Joseph Taylor,57049 Ridge Road Suite 736 Josephside OH 49632
9328,michelle.garcia@gmail.com,Michelle Garcia,17414 Pine Drive Unit 968 Port Linda CT 72988
9329,donna.scott@hotmail.com,Donna Scott,48678 Maple Avenue Suite 125 Karenville NV 61015
9330,joseph.young@martin.org,Joseph Young,45623 Craig Crossing Kevinchester RI 64697
9331,edward.walker@johnson.com,Edward Walker,32597 Maple Ford Georgeland WA 80649
9332,anthony.anderson@flores.net,Anthony Anderson,4158 Adams Drive Port Ronald NV 64912
9333,matthew.gonzalez@wilson.com,Matthew Gonzalez,97912 River Drive Jasonburgh OK 42604
9334,david.white@walker.net,David White,47591 Maple Path Unit 822 South Larry IN 71094
9335,emily.nelson@nguyen.info,Emily Nelson,37328 River Square Unit 806 Port Betty WY 59229
9336,daniel.torres@anderson.com,Daniel Torres,73045 Pine Way Jamesborough MA 94313
9337,ronald.nguyen@gmail.com,Ronald Nguyen,5917 Davis Drive Josephfurt IN 66861-2553
9338,steven.gonzalez@walker.biz,Steven Gonzalez,17942 Craig Avenue Suite 641 Edwardport TX 31713-8504
9339,ronald.young@icloud.com,Ronald Young,61367 Carter Avenue Unit 106 Lindahaven NJ 39070
9340,thomas.allen@kirby.net,Thomas Allen,99180 Davis Shore Apt. 992 South Susan AK 39199
9341,patricia.hall@gmail.com,Patricia Hall,89815 Lake Bypass North Nancy ME 81575
9342,michelle.walker@nguyen.org,Michelle Walker,81071 Jefferson Shore Apt. 642 South James MA 97435-6139
9343,james.williams@carter.org,James Williams,86846 Forest Plaza Apt. 604 Paulfort HI 40286-6473
9344,lisa.jackson@gmail.com,Lisa Jackson,38496 Elm Loop Joshuaport NY 09321
9345,anna.flores@torres.net,Anna Flores,15892 Spring Street Kristenport WA 98781-8386
9346,rebecca.garcia@icloud.com,Rebecca Garcia,96865 Washington Street Jamesborough NH 26656
9347,elizabeth.moore@carter.biz,Elizabeth Moore,94654 Shore Path Unit 758 Benjaminshire NC 06983
9348,mary.thomas@icloud.com,Mary Thomas,37017 Shore Pass New Joshua DE 50376
9349,laura.nguyen@hotmail.com,Laura Nguyen,13797 Meadow Lane Ste. 372 Karenberg RI 15946
9350,paul.flores@outlook.com,Paul Flores,20893 Carter Circle Suite 881 Josephton SC 96573
9351,william.scott@outlook.com,William Scott,23002 Madison Avenue Ste. 191 Larrybury OK 61033
9352,ronald.robinson@hotmail.com,Ronald Robinson,46859 Brook Circle Annashire NE 11813
9353,anna.jackson@hotmail.com,Anna Jackson,39488 Spring Terrace Lake Nancy NM 79975-7814
9354,michael.robinson@yahoo.com,Michael Robinson,84943 Craig Court Unit 558 Lake Joseph CT 89112-8842
9355,lisa.walker@sanchez.com,Lisa Walker,88176 River Way Danielfurt CO 92980
9356,daniel.thomas@hall.info,Daniel Thomas,97651 Lake Crossing North Kevin OK 72558-4695
9357,thomas.cain@hotmail.com,Thomas Cain,49030 Hill Run Unit 309 New George SD 62240
9358,andrew.allen@outlook.com,Andrew Allen,51034 Spring Shore West Kristen TN 62564
9359,ashley.carter@lopez.net,Ashley Carter,36035 Meadow Trail Lake Kristen CO 61500-7112
9360,betty.mitchell@anderson.biz,Betty Mitchell,73597 Meadow Path Apt. 46 Fort Thomas IL 53706
9361,carol.cain@outlook.com,Carol Cain,79662 Franklin Road Apt. 498 Karenside PA 47377-8151
9362,timothy.king@clark.info,Timothy King,49456 Cedar Run Michaelborough CT 48091
9363,donald.nelson@gmail.com,Donald Nelson,83008 Johnson Way South Michael DE 27691
9364,carol.adams@hotmail.com,Carol Adams,88071 Elm Avenue Ste. 424 Karenville ND 83541-5729
9365,jennifer.perez@outlook.com,Jennifer Perez,67721 Maple Path North James OH 90063
9366,charles.jackson@aol.com,Charles Jackson,99171 Franklin Loop Apt. 62 East Larry CA 71446-5007
9367,david.martinez@nelson.info,David Martinez,9007 Madison Avenue Fort Jason ME 68624
9368,rebecca.johnson@gmail.com,Rebecca Johnson,76727 Craig Avenue Markborough MS 99108
9369,matthew.thomas@garcia.net,Matthew Thomas,6173 Cedar Circle Fort Joshua MO 93107-5047
9370,steven.anderson@aol.com,Steven Anderson,37824 Jefferson Plaza Unit 463 Joshuaborough WV 35925
9371,susan.nguyen@aol.com,Susan Nguyen,84075 Franklin Shore Apt. 158 Lake Paul OH 23260
9372,lisa.young@aol.com,Lisa Young,323 Forest Court West Linda AR 16770
9373,melissa.jones@lopez.com,Melissa Jones,61932 River Loop Suite 182 Fort Larry ND 27212
9374,susan.perez@hotmail.com,Susan Perez,24134 Jefferson Loop Suite 360 Annaview WA 16595
9375,sarah.wright@outlook.com,Sarah Wright,5504 Forest Lane Suite 327 Port Joseph NE 43570
9376,daniel.carter@yahoo.com,Daniel Carter,77258 Cedar Drive Suite 299 Michaelborough ND 93646
9377,joshua.nguyen@yahoo.com,Joshua Nguyen,18830 Ridge Way Suite 653 Markbury FL 41584
9378,paul.scott@gmail.com,Paul Scott,40082 Carter Trail Ste. 596 East Ronald SD 24740-4093
9379,donald.smith@aol.com,Donald Smith,62857 Johnson Loop Thomasburgh AR 23826
9380,donald.miller@aol.com,Donald Miller,21623 Lake Loop Bettyfurt VA 94295-2870
9381,gary.robinson@aol.com,Gary Robinson,14395 Jefferson Bypass Unit 416 Port Sarah MN 27819
9382,jennifer.kirby@aol.com,Jennifer Kirby,60590 Fox Terrace Fort Kristen TN 61988
9383,gary.walker@hotmail.com,Gary Walker,86868 Carter Way Lake Andrew PA 87128
9384,kevin.flores@icloud.com,Kevin Flores,95183 Adams Ford Ste. 942 Jasonberg MD 89758
9385,brian.harris@aol.com,Brian Harris,99173 Davis Bypass Ste. 160 Joshuaview UT 50937-8145
9386,andrew.baker@sanchez.org,Andrew Baker,26134 Cook Shore East James IN 27436
9387,donald.perez@aol.com,Donald Perez,63587 Cedar Plaza East Edward SD 77990-8966
9388,betty.lopez@hotmail.com,Betty Lopez,24277 Hill Bypass Unit 933 Josephbury NJ 75343
9389,anthony.wilson@thomas.info,Anthony Wilson,52410 Lincoln Shore Unit 199 Fort Jason SC 23014-7013
9390,betty.thomas@aol.com,Betty Thomas,17524 Craig Avenue Susanburgh ME 35256
9391,ashley.brown@icloud.com,Ashley Brown,90738 Cook Drive Lake Karen TN 17450
9392,sandra.thomas@gmail.com,Sandra Thomas,5829 Adams Circle Ronaldstad SD 31755
9393,carol.torres@outlook.com,Carol Torres,83743 Davis Run Suite 177 South Jason WV 30521
9394,john.martin@yahoo.com,John Martin,86623 Miller Loop Ste. 937 Lake Kevin AZ 03736
9395,john.king@outlook.com,John King,11467 Hill Square Unit 335 East Anna VA 52992
9396,nicholas.torres@green.info,Nicholas Torres,60809 Washington Crossing Ste. 937 Michaelchester UT 52472
9397,donald.adams@aol.com,Donald Adams,31638 Hill Ford Fort Anna OK 19685
9398,gary.thomas@aol.com,Gary Thomas,74846 Lincoln Pass Lisaberg NV 01919
9399,deborah.lee@gmail.com,Deborah Lee,84320 Shore Lane Suite 35 Port Susan IN 61372
9400,rebecca.torres@icloud.com,Rebecca Torres,49301 Valley Shore Unit 102 West Susan NC 39977-4584
9401,william.robinson@king.net,William Robinson,11735 Adams Ford Fort Susan TX 36012
9402,david.kirby@hotmail.com,David Kirby,19180 Spring Crossing Suite 123 Fort Nancy PA 52946
9403,paul.hall@icloud.com,Paul Hall,19945 Maple Avenue Ste. 941 New Jason RI 05882
9404,mark.jones@king.net,Mark Jones,68374 Walnut Crossing Unit 432 South Nancy NJ 31315
9405,steven.jackson@hill.net,Steven Jackson,58975 Oak Circle Unit 342 South Jason MD 91138
9406,kimberly.gonzalez@icloud.com,Kimberly Gonzalez,3944 Forest Circle Suite 835 Bettytown WV 17579
9407,amanda.hall@mitchell.biz,Amanda Hall,6668 Pine Path Ste. 780 Port Joshua MA 40522
9408,susan.thomas@yahoo.com,Susan Thomas,68629 Lincoln Lane Port David HI 97423
9409,joseph.lewis@rivera.net,Joseph Lewis,29829 Hill Loop Ste. 725 Port Betty ID 15184
9410,margaret.clark@cain.org,Margaret Clark,43955 Cook Path Joshuahaven NV 29120
9411,carol.clark@allen.info,Carol Clark,45353 Cedar Loop Apt. 517 Fort James TN 03033-9444
9412,lisa.cain@aol.com,Lisa Cain,85082 Lincoln Court Ste. 430 Port Betty ND 79524
9413,amanda.martinez@outlook.com,Amanda Martinez,41445 Fox Court Lindaport NE 73198
9414,anthony.miller@gmail.com,Anthony Miller,23517 Maple Road Lake Karen MD 46706-9068
9415,patricia.jackson@kirby.biz,Patricia Jackson,86775 Washington Circle Stevenberg NH 17437-3020
9416,james.harris@torres.com,James Harris,42517 Fox Lane Suite 987 Port Mary VA 40265-1665
9417,gary.adams@outlook.com,Gary Adams,87668 Hill Loop Unit 997 Josephfurt UT 57487-3051
9418,jennifer.thomas@adams.net,Jennifer Thomas,6366 Oak Court Apt. 166 Danielborough IN 14810
9419,ronald.hill@allen.biz,Ronald Hill,43677 Miller Bypass West Mark VA 94767-7774
9420,jeffrey.davis@icloud.com,Jeffrey Davis,89041 Maple Bypass Lindaburgh MS 28113
9421,linda.thomas@icloud.com,Linda Thomas,38217 Johnson Avenue Apt. 434 Brianport NY 01301-9487
9422,sarah.kirby@yahoo.com,Sarah Kirby,5567 Washington Shore Apt. 352 Andrewville IL 48285
9423,nancy.lopez@harris.info,Nancy Lopez,44641 Lake Road Edwardfort ND 33547
9424,lisa.campbell@icloud.com,Lisa Campbell,37072 Oak Bypass Apt. 350 Larryview RI 90156
9425,carol.williams@icloud.com,Carol Williams,82577 Oak Court Danielshire AZ 69283-9237
9426,george.williams@nelson.net,George Williams,26312 Hill Trail Stevenburgh SC 38905
9427,jason.nguyen@gmail.com,Jason Nguyen,58068 Meadow Plaza Josephfurt TN 45551
9428,brian.baker@outlook.com,Brian Baker,71202 Jefferson Bypass Suite 918 Lake Susan WY 13510
9429,paul.clark@icloud.com,Paul Clark,69628 Pine Crossing West Benjamin PA 15102
9430,amanda.mitchell@jackson.org,Amanda Mitchell,5557 Park Bypass Karenhaven NM 92700
9431,donna.allen@gmail.com,Donna Allen,92606 Meadow Ford Nancyfurt KY 11157-6888
9432,gary.rivera@hotmail.com,Gary Rivera,91969 Park Drive Suite 658 Karenberg HI 38328-1257
9433,steven.lopez@garcia.biz,Steven Lopez,36490 Maple Court Maryfurt TX 63788
9434,timothy.campbell@campbell.com,Timothy Campbell,7457 Fox Drive Unit 487 Williamfurt IN 68851
9435,edward.wright@yahoo.com,Edward Wright,52457 Franklin Street Georgeberg AK 96820
9436,james.brown@yahoo.com,James Brown,30934 Pine Court Suite 844 Annachester TX 66180-5160
9437,jennifer.lewis@clark.biz,Jennifer Lewis,9164 Pine Circle Unit 5 Port William MI 41918-4448
9438,richard.carter@yahoo.com,Richard Carter,25737 Lake Bypass Suite 796 Davidside ME 05677
9439,james.flores@outlook.com,James Flores,56756 Craig Run Bettyfurt AR 56876
9440,donald.torres@yahoo.com,Donald Torres,98121 River Terrace Unit 783 Jasonstad MT 04052
9441,sarah.garcia@yahoo.com,Sarah Garcia,48029 Oak Loop Fort Nancy ID 55707
9442,jason.walker@yahoo.com,Jason Walker,74672 Ridge Loop Benjaminmouth DE 29838
9443,joshua.nguyen@hotmail.com,Joshua Nguyen,69337 Johnson Way Suite 934 Fort Joshua MS 42317
9444,george.baker@green.com,George Baker,30342 Cook Drive Suite 200 West Ronald NC 59242
9445,donna.hill@moore.info,Donna Hill,54182 Adams Way West Kevin IL 71325
9446,jeffrey.johnson@aol.com,Jeffrey Johnson,85610 Elm Court Susanfurt IA 63970
9447,melissa.walker@nelson.info,Melissa Walker,90368 Fox Square Suite 511 Jamesside NM 65028
9448,michael.allen@hotmail.com,Michael Allen,78129 Miller Path Ste. 115 Kristenview KY 45990-4152
9449,jason.carter@robinson.info,Jason Carter,1625 Franklin Circle Apt. 346 Jamesberg AZ 33519
9450,edward.thompson@hotmail.com,Edward Thompson,17715 Forest Plaza Suite 611 East Susan VT 82661
9451,jessica.carter@icloud.com,Jessica Carter,72172 Cedar Avenue Suite 964 South James NC 33124-2462
9452,larry.torres@icloud.com,Larry Torres,64610 Elm Ford Kristenfurt AR 17164
9453,amy.robinson@icloud.com,Amy Robinson,18723 Meadow Ford Lindaburgh FL 05237
9454,gary.wright@gmail.com,Gary Wright,94904 Davis Crossing Apt. 522 Lake Jason MS 98257
9455,deborah.young@gmail.com,Deborah Young,86810 Brook Avenue Apt. 605 Michaelview NY 54094
9456,ashley.lewis@torres.info,Ashley Lewis,89599 Maple Terrace Lake Daniel FL 27525
9457,kimberly.perez@gmail.com,Kimberly Perez,23622 Craig Square Marystad NC 84343-4080
9458,ashley.nelson@carter.com,Ashley Nelson,10473 Carter Pass Fort Kevin SC 38849
9459,rebecca.allen@smith.info,Rebecca Allen,31416 Madison Lane Apt. 518 Nancyview AL 74493
9460,deborah.garcia@outlook.com,Deborah Garcia,6280 Cook Road Ste. 288 West Nancy IA 62645
9461,lisa.lewis@garcia.org,Lisa Lewis,43955 Lincoln Loop Suite 1 East Mark OH 14467
9462,brian.young@aol.com,Brian Young,76026 Fox Court Unit 372 West Lisa UT 24801
9463,linda.moore@nelson.org,Linda Moore,2835 Adams Terrace North Ronald NE 95252-3577
9464,george.robinson@scott.org,George Robinson,51666 Davis Terrace Georgeborough OR 15962
9465,ronald.brown@gmail.com,Ronald Brown,73309 Cedar Circle Apt. 970 North Ronald NE 38335
9466,brian.martinez@green.net,Brian Martinez,32670 Meadow Ford Ste. 247 Nancystad OH 95016-3897
9467,patricia.sanchez@hotmail.com,Patricia Sanchez,96463 Carter Plaza South Benjamin GA 34205-2141
9468,joseph.hill@nguyen.com,Joseph Hill,61850 Adams Square Benjaminstad NC 95846
9469,mary.rivera@icloud.com,Mary Rivera,39428 Brook Way Suite 874 Annaville GA 56310
9470,elizabeth.garcia@hotmail.com,Elizabeth Garcia,45247 River Court Apt. 908 North Anna SC 06590
9471,stephanie.green@outlook.com,Stephanie Green,45864 Johnson Court Suite 577 Thomasfurt CT 52334-5052
9472,rebecca.allen@outlook.com,Rebecca Allen,12575 Maple Square Suite 24 Lake Michael UT 98457-4685
9473,ronald.carter@icloud.com,Ronald Carter,58172 Adams Drive Lindaland CT 61920-2039
9474,matthew.gonzalez@brown.org,Matthew Gonzalez,67978 Carter Trail Suite 654 Lake Anna WV 07573
9475,lisa.baker@outlook.com,Lisa Baker,98209 Pine Terrace Markborough WI 20699
9476,joshua.wilson@williams.info,Joshua Wilson,50309 Maple Pass North Betty TX 82361-7744
9477,charles.carter@yahoo.com,Charles Carter,13252 River Road Port Larry AZ 12611
9478,joshua.jones@allen.net,Joshua Jones,79846 Cedar Path South Linda CA 52666
9479,sandra.sanchez@hotmail.com,Sandra Sanchez,68566 Lake Bypass Jameston ME 29760
9480,timothy.jones@outlook.com,Timothy Jones,20380 Craig Circle East Susan OK 14848
9481,patricia.lopez@outlook.com,Patricia Lopez,93678 Miller Drive Ste. 651 Andrewberg MD 96454
9482,rebecca.hill@yahoo.com,Rebecca Hill,83107 Carter Terrace Lake Steven OR 03119-5809
9483,matthew.martinez@outlook.com,Matthew Martinez,13968 Lake Lane Ste. 552 Danielport WY 54022
9484,linda.smith@hotmail.com,Linda Smith,8394 Spring Bypass Apt. 169 Port George SC 10948
9485,jennifer.kirby@gmail.com,Jennifer Kirby,33232 Craig Pass Lake Lisa KS 71295
9486,susan.lopez@moore.net,Susan Lopez,87235 Johnson Terrace Unit 221 Fort Anna MD 01431-4828
9487,jennifer.kirby@gonzalez.net,Jennifer Kirby,35833 Cedar Trail Apt. 710 Bettymouth KY 39481
9488,anna.brown@outlook.com,Anna Brown,33142 Elm Lane Unit 922 Thomasstad AK 80828-5260
9489,michael.lee@hotmail.com,Michael Lee,29113 Hill Ford Ste. 199 Lake Sarah IL 72420
9490,charles.garcia@jones.info,Charles Garcia,47260 Oak Ford Ronaldport PA 56039
9491,brian.walker@icloud.com,Brian Walker,90475 Madison Path South Betty KS 65588
9492,amanda.thomas@harris.org,Amanda Thomas,9531 Lake Bypass Apt. 962 Markbury AL 81258
9493,gary.young@yahoo.com,Gary Young,38631 Jefferson Square West Anna WY 81844
9494,anthony.hill@hotmail.com,Anthony Hill,11325 Sunset Avenue Joshualand AR 80170-7592
9495,james.brown@hall.org,James Brown,62132 Jefferson Plaza North Kristen NC 37613
9496,jennifer.allen@outlook.com,Jennifer Allen,211 Fox Street Apt. 970 Fort Mary ME 35017
9497,susan.jones@carter.com,Susan Jones,10905 Pine Plaza Edwardfort NV 66846-6138
9498,kevin.kirby@gmail.com,Kevin Kirby,46918 Pine Circle Apt. 427 Fort Sarah NM 30511
9499,carol.moore@icloud.com,Carol Moore,22487 Cedar Trail Ste. 27 North Steven WY 89059
9500,larry.mitchell@aol.com,Larry Mitchell,46558 Miller Pass Joshuahaven IL 43325
9501,patricia.white@hotmail.com,Patricia White,3760 Johnson Drive New Susan VT 47371
9502,david.wright@young.org,David Wright,78249 Miller Drive Karenchester VT 37313
9503,donald.martinez@hotmail.com,Donald Martinez,19846 Carter Crossing Apt. 799 Kristenton CO 91530
9504,linda.garcia@campbell.com,Linda Garcia,43668 Spring Ford Unit 271 Fort Mark SD 40212
9505,carol.miller@moore.com,Carol Miller,20779 Forest Loop Kevinmouth NV 42486-9833
9506,margaret.smith@aol.com,Margaret Smith,21463 Meadow Street Suite 864 East Mary OH 39571
9507,john.lopez@gmail.com,John Lopez,54393 Cook Square Unit 727 West Edward IN 48811-1393
9508,lisa.hill@outlook.com,Lisa Hill,63785 Craig Terrace Suite 131 Benjaminfort NC 09759
9509,stephanie.scott@gmail.com,Stephanie Scott,99403 Lake Ford New Ronald NH 03802-1536
9510,stephanie.martinez@rivera.com,Stephanie Martinez,45643 Miller Bypass Suite 458 Josephside TN 60539-9872
9511,amanda.robinson@carter.com,Amanda Robinson,46041 Elm Run Fort Mary NY 75873-3193
9512,anna.nelson@robinson.com,Anna Nelson,99879 Park Road Josephland PA 40586
9513,susan.rivera@campbell.biz,Susan Rivera,25773 Brook Bypass Apt. 609 New Lisa VT 14200
9514,sarah.ramirez@outlook.com,Sarah Ramirez,2270 Adams Terrace Unit 247 North Mary HI 36201-6224
9515,andrew.williams@aol.com,Andrew Williams,63052 Madison Terrace Apt. 872 New Lisa ND 66187
9516,brian.robinson@lopez.net,Brian Robinson,38045 Elm Lane New Michael FL 40186
9517,sandra.moore@icloud.com,Sandra Moore,2325 Johnson Pass Andrewbury DE 49874
9518,kevin.hill@yahoo.com,Kevin Hill,70390 Spring Square Suite 916 Port William CO 94426
9519,mark.moore@gmail.com,Mark Moore,66898 Sunset Plaza Nancytown SC 86967
9520,ashley.thompson@nelson.net,Ashley Thompson,20662 Maple Street Suite 588 Kevinland SC 18608-6041
9521,lisa.lopez@gmail.com,Lisa Lopez,91844 Oak Way Unit 828 Port Edward IN 92566
9522,laura.hall@yahoo.com,Laura Hall,72588 Craig Path Apt. 199 North George TX 23452
9523,betty.sanchez@robinson.net,Betty Sanchez,85489 Carter Way Unit 172 Thomasfort KY 69322
9524,thomas.wright@yahoo.com,Thomas Wright,37688 Lincoln Avenue Suite 316 South Jason VT 10302-6912
9525,richard.campbell@aol.com,Richard Campbell,96235 Craig Court South Steven KS 60418
9526,helen.robinson@outlook.com,Helen Robinson,55812 Miller Lane Unit 123 Fort George CO 89136
9527,thomas.cain@nguyen.org,Thomas Cain,21724 Forest Circle East Brian KY 37451
9528,amanda.mitchell@icloud.com,Amanda Mitchell,40608 Franklin Terrace West Larry CA 66942-8126
9529,amy.king@outlook.com,Amy King,28303 River Court Lisaview PA 98642-7276
9530,richard.lopez@martin.org,Richard Lopez,96134 Hill Way Jamesland NH 33945
9531,patricia.hill@anderson.net,Patricia Hill,54202 Ridge Drive Apt. 670 Fort Ronald NV 49464
9532,amanda.flores@outlook.com,Amanda Flores,40492 Valley Circle Suite 66 East Susan KY 56860
9533,charles.hill@aol.com,Charles Hill,66192 Forest Shore South Michael OK 80409
9534,daniel.brown@cain.org,Daniel Brown,36849 Park Loop Josephfurt NY 88358
9535,ronald.carter@aol.com,Ronald Carter,26623 Cedar Drive Fort James CT 50460-5673
9536,anna.king@yahoo.com,Anna King,55427 Ridge Square Suite 329 Lake Thomas MT 18004
9537,kimberly.kirby@carter.org,Kimberly Kirby,890 Highland Trail Suite 646 Brianmouth MT 19350
9538,andrew.ramirez@outlook.com,Andrew Ramirez,17706 Park Run Port Jason NH 93066
9539,thomas.nguyen@aol.com,Thomas Nguyen,19969 Highland Ford Apt. 632 Williamberg RI 62465
9540,linda.brown@white.org,Linda Brown,23530 Elm Square Unit 285 North Lisa IN 30591
9541,margaret.hill@yahoo.com,Margaret Hill,9646 Valley Bypass Suite 419 North Nancy VA 10233
9542,charles.moore@gmail.com,Charles Moore,41950 Davis Court Ste. 519 East Benjamin DE 10370-1014
9543,carol.davis@jackson.com,Carol Davis,60072 Franklin Bypass Ste. 636 Karenport CA 45221
9544,jessica.rivera@cain.com,Jessica Rivera,57531 Lincoln Road Lake Anna OR 96659
9545,donald.miller@robinson.org,Donald Miller,28600 Lake Way Andrewberg WV 53926
9546,charles.thomas@outlook.com,Charles Thomas,14346 Hill Shore Suite 512 Port Joshua SC 64152
9547,michael.green@lewis.com,Michael Green,10236 Forest Way Benjaminbury VT 11458-5963
9548,stephanie.perez@wright.biz,Stephanie Perez,1074 Madison Ford Suite 768 Lake Joshua MO 69717
9549,george.hall@harris.org,George Hall,90816 Cook Run Suite 257 Jamesfort IA 94553
9550,william.garcia@outlook.com,William Garcia,27949 Miller Circle Larrymouth UT 65853
9551,karen.nelson@white.info,Karen Nelson,61881 Miller Path Suite 146 Marymouth MI 73844-5725
9552,sarah.flores@gmail.com,Sarah Flores,58344 Fox Court Unit 74 New Betty SD 01868
9553,rebecca.baker@allen.com,Rebecca Baker,60659 Meadow Ford Kevinbury OH 23596
9554,rebecca.nguyen@gmail.com,Rebecca Nguyen,21737 Craig Drive Apt. 213 New Joshua NH 59055
9555,paul.robinson@icloud.com,Paul Robinson,8387 Lake Road Ste. 971 Sarahport MO 58168
9556,george.carter@gonzalez.com,George Carter,75859 Ridge Court Ste. 956 Ronaldfort IN 07294
9557,patricia.perez@robinson.com,Patricia Perez,34860 Forest Loop Suite 161 Lisastad PA 20505-5196
9558,jeffrey.anderson@outlook.com,Jeffrey Anderson,74974 Jefferson Run Unit 176 Lindachester CA 68137
9559,gary.green@scott.org,Gary Green,56164 Franklin Avenue New Kristen NE 40700-9223
9560,kevin.kirby@sanchez.biz,Kevin Kirby,5769 Hill Trail Apt. 560 Port Anna NV 95932
9561,steven.smith@outlook.com,Steven Smith,80786 Craig Circle Port Sarah CT 25429
9562,sandra.scott@icloud.com,Sandra Scott,1528 Jefferson Drive Susanside KS 38095
9563,susan.johnson@yahoo.com,Susan Johnson,98101 Washington Terrace Apt. 28 Nancyview VT 19765-7160
9564,ryan.robinson@outlook.com,Ryan Robinson,41335 Cook Drive Jasontown ND 42095
9565,anthony.kirby@gmail.com,Anthony Kirby,74108 Carter Road Lake Mark NC 40641-7628
9566,william.miller@aol.com,William Miller,80800 Sunset Run New Kevin DE 98109-3646
9567,anna.mitchell@hotmail.com,Anna Mitchell,6961 Park Road Unit 489 Lake Michael MA 61375-5024
9568,kevin.torres@hotmail.com,Kevin Torres,66221 River Street Suite 903 New Daniel GA 17769
9569,stephanie.nelson@aol.com,Stephanie Nelson,19155 Hill Drive Suite 925 Davidshire MN 45991-4087
9570,melissa.cain@hotmail.com,Melissa Cain,15835 Cedar Square Suite 207 Maryfort RI 70669-9824
9571,nicholas.davis@yahoo.com,Nicholas Davis,93467 Johnson Plaza North James CO 26227
9572,james.sanchez@yahoo.com,James Sanchez,51785 Park Court Suite 655 New Joseph NJ 97145-5564
9573,george.johnson@hotmail.com,George Johnson,59735 Ridge Bypass Apt. 458 Lisaborough NY 28890-6009
9574,ashley.king@scott.biz,Ashley King,36782 Meadow Road New Linda SD 68561-9362
9575,jeffrey.kirby@gmail.com,Jeffrey Kirby,6917 Lake Ford West Kristen OK 76417
9576,anna.carter@icloud.com,Anna Carter,99478 Jefferson Plaza North Andrew HI 45848
9577,william.miller@icloud.com,William Miller,48633 Ridge Way Larryshire MD 04322
9578,gary.young@jackson.info,Gary Young,69512 Park Street South Betty GA 04434-5517
9579,michelle.wright@gmail.com,Michelle Wright,80680 Cedar Circle Suite 313 New Edward LA 75099
9580,richard.sanchez@gmail.com,Richard Sanchez,45500 Maple Run Lindafurt MD 52184
9581,amanda.wright@icloud.com,Amanda Wright,64887 Brook Plaza Jamesshire MD 59092
9582,william.white@nguyen.net,William White,66361 Oak Plaza Unit 792 Kevinbury IA 70243
9583,paul.hall@johnson.info,Paul Hall,48045 Johnson Avenue Apt. 669 North Mark IA 57212-8557
9584,donald.scott@outlook.com,Donald Scott,58401 Washington Terrace East Nancy MA 70753
9585,jennifer.gonzalez@yahoo.com,Jennifer Gonzalez,32947 Cedar Loop Lake Kristen KY 89201
9586,edward.green@aol.com,Edward Green,1556 Miller Trail South Kevin NE 53429-3900
9587,anthony.thompson@icloud.com,Anthony Thompson,47120 Forest Road Apt. 68 South Karen MI 47515
9588,ashley.sanchez@outlook.com,Ashley Sanchez,17176 Washington Square Ste. 145 Michaelchester TN 21128
9589,nicholas.scott@green.info,Nicholas Scott,5950 Maple Lane Stevenchester MA 94584
9590,melissa.lopez@harris.net,Melissa Lopez,86915 Lake Crossing Apt. 237 Bettychester AR 70427
9591,kevin.king@garcia.com,Kevin King,42013 Lake Way Karenton CO 78825-8606
9592,brian.scott@icloud.com,Brian Scott,50994 Franklin Lane Stevenborough OR 72480
9593,richard.moore@garcia.com,Richard Moore,27327 Franklin Ford Apt. 393 Fort James MT 99370
9594,andrew.martinez@lopez.info,Andrew Martinez,83124 Forest Trail Suite 472 Josephshire HI 23128
9595,donald.lewis@aol.com,Donald Lewis,13597 Lake Avenue Apt. 733 Andrewstad WY 18817
9596,gary.lee@williams.org,Gary Lee,3263 Jefferson Drive Suite 359 Fort Edward PA 31106
9597,gary.miller@yahoo.com,Gary Miller,91013 Spring Crossing Lindashire NC 81501
9598,melissa.thompson@outlook.com,Melissa Thompson,89893 Park Lane Andrewland WY 46586
9599,joseph.jackson@gmail.com,Joseph Jackson,39525 River Lane Ste. 816 Danielbury VA 19206-2451
9600,deborah.davis@icloud.com,Deborah Davis,49832 Ridge Street South Steven NM 78312-8389
9601,ryan.hill@torres.info,Ryan Hill,48837 Cedar Ford Apt. 881 Lisafurt NE 20202
9602,kevin.thomas@gmail.com,Kevin Thomas,81560 Ridge Avenue East David IN 17120
9603,rebecca.anderson@aol.com,Rebecca Anderson,81203 Fox Court Fort Kristen NV 16241
9604,melissa.gonzalez@campbell.com,Melissa Gonzalez,21128 Cook Court Ste. 74 Michaelfort MT 10563
9605,donna.robinson@lewis.net,Donna Robinson,55899 Franklin Road Apt. 544 Danielburgh AL 49425-1853
9606,ryan.harris@johnson.net,Ryan Harris,39446 Davis Avenue Unit 230 South Brian WI 27315-8771
9607,mary.adams@icloud.com,Mary Adams,92259 Shore Way Danielburgh KY 69841
9608,karen.moore@adams.biz,Karen Moore,75584 Pine Court Thomasland WA 87931-7979
9609,barbara.cain@scott.org,Barbara Cain,29250 Cook Crossing Joshuaside VA 16050
9610,laura.moore@outlook.com,Laura Moore,98415 Adams Path Unit 927 Lisaton SD 52907
9611,melissa.scott@outlook.com,Melissa Scott,8055 Shore Shore Suite 658 Stevenberg CA 49714-4589
9612,mary.campbell@lewis.biz,Mary Campbell,30280 Carter Way Lake Linda WA 06014-2382
9613,kevin.harris@nguyen.biz,Kevin Harris,95692 Carter Ford Suite 446 Jamesport NJ 94507-8897
9614,william.clark@kirby.org,William Clark,62298 Valley Square Unit 252 Nancyton VT 76104
9615,susan.carter@outlook.com,Susan Carter,87950 Jefferson Drive Ste. 654 Lake Steven NY 27059-3548
9616,anthony.jackson@sanchez.com,Anthony Jackson,39750 Jefferson Plaza Suite 412 Davidton CT 75311-9037
9617,edward.cain@hotmail.com,Edward Cain,98741 Spring Pass Kevinfurt SD 39583
9618,betty.jackson@adams.info,Betty Jackson,88193 Highland Avenue Unit 931 West Linda PA 22453
9619,george.lee@outlook.com,George Lee,74190 Fox Road Suite 5 Nancystad SC 90245-6595
9620,carol.rivera@hotmail.com,Carol Rivera,15958 Madison Drive New Linda MA 56260-9302
9621,ashley.jackson@nguyen.com,Ashley Jackson,13119 Lake Road Jasonstad DE 72380
9622,sarah.clark@icloud.com,Sarah Clark,86897 Elm Bypass Ste. 706 Nancyfurt SD 94503
9623,james.jackson@rivera.com,James Jackson,24820 Davis Court Apt. 196 New Lisa TN 66067
9624,jessica.ramirez@gmail.com,Jessica Ramirez,35990 Valley Ford Suite 485 Danielhaven MA 27810
9625,kimberly.carter@aol.com,Kimberly Carter,68593 Park Square Suite 248 Port Anna KS 85602
9626,emily.campbell@wright.com,Emily Campbell,67687 Davis Square Unit 515 Paulberg VA 64034
9627,mary.nguyen@aol.com,Mary Nguyen,92720 Spring Trail Apt. 839 New Mark LA 57234-8590
9628,rebecca.sanchez@outlook.com,Rebecca Sanchez,50234 Valley Crossing Apt. 288 New Joseph SC 20328-2764
9629,sarah.martin@aol.com,Sarah Martin,96942 Valley Terrace Unit 629 Lindabury WY 17481
9630,betty.harris@outlook.com,Betty Harris,12681 Shore Run Suite 714 Kristenshire ID 56743
9631,steven.mitchell@thompson.biz,Steven Mitchell,32745 Lincoln Street Unit 278 Davidton PA 22957
9632,brian.anderson@gmail.com,Brian Anderson,51702 Walnut Run Suite 528 Port Edward TX 70397-1836
9633,ashley.brown@gmail.com,Ashley Brown,47509 Carter Road Lake Karen WY 94421
9634,john.king@yahoo.com,John King,61106 Brook Path Sarahfort MO 48531-9629
9635,matthew.campbell@icloud.com,Matthew Campbell,80358 Maple Way Port Larry WV 79513-6200
9636,william.lopez@flores.biz,William Lopez,68757 Shore Pass Fort David MT 01279
9637,barbara.clark@gmail.com,Barbara Clark,14078 Brook Street Apt. 381 Larryburgh WI 61453
9638,kimberly.green@johnson.net,Kimberly Green,77197 Spring Ford Unit 474 Lake Kevin MI 69575-7644
9639,james.jones@yahoo.com,James Jones,89001 Meadow Square North Joshua IA 73794
9640,james.carter@gmail.com,James Carter,48727 Spring Terrace Kristenhaven MN 51342
9641,margaret.ramirez@carter.biz,Margaret Ramirez,68879 Miller Pass Davidfort ND 47479
9642,susan.carter@scott.info,Susan Carter,19547 Oak Run East Sarah AR 67571-1719
9643,daniel.davis@hotmail.com,Daniel Davis,91324 Sunset Square Suite 574 North Andrew RI 29109
9644,nicholas.carter@yahoo.com,Nicholas Carter,10099 River Terrace Nancyland WY 30295-8149
9645,margaret.anderson@icloud.com,Margaret Anderson,81604 Fox Path Lake Mark ID 35702
9646,thomas.miller@aol.com,Thomas Miller,53709 Highland Square East George NY 28738
9647,laura.williams@icloud.com,Laura Williams,74037 Cedar Terrace South Karen SC 33085-1286
9648,mark.williams@rivera.biz,Mark Williams,31391 Highland Road Suite 318 Port William SD 69528
9649,michael.king@gonzalez.info,Michael King,67261 Jefferson Drive Ste. 403 Edwardhaven IL 81250
9650,kevin.adams@hall.info,Kevin Adams,81293 Oak Path Fort Joseph NY 90437
9651,sandra.miller@johnson.info,Sandra Miller,18428 Hill Loop Apt. 239 Sarahshire UT 07670-5011
9652,donald.wright@gmail.com,Donald Wright,30699 River Lane Unit 442 Brianville DE 21889
9653,joseph.white@aol.com,Joseph White,33303 Johnson Bypass Sarahtown MS 26237-7335
9654,timothy.nguyen@lewis.info,Timothy Nguyen,90376 Jefferson Bypass Apt. 461 Lisaville MS 99940-9035
9655,ryan.lee@hotmail.com,Ryan Lee,85952 Lake Drive Jasonview SC 98527
9656,emily.young@hotmail.com,Emily Young,79185 Craig Shore East Andrew CT 60000
9657,michael.perez@gmail.com,Michael Perez,23737 Lake Court North Mark NH 42675
9658,betty.wilson@gmail.com,Betty Wilson,32475 Madison Square Paulfort WV 62986
9659,william.allen@hotmail.com,William Allen,11900 Washington Court Andrewborough AR 78118
9660,margaret.jones@outlook.com,Margaret Jones,40931 Miller Road Apt. 921 Lake James IA 15091
9661,george.harris@flores.com,George Harris,99690 Highland Trail South Sarah NV 27547
9662,amy.flores@scott.com,Amy Flores,50164 Meadow Plaza Davidfort OR 37217
9663,elizabeth.jackson@miller.net,Elizabeth Jackson,81481 Carter Drive Ste. 934 Ronaldfort GA 44804-4840
9664,thomas.carter@white.com,Thomas Carter,29199 Forest Shore Apt. 967 Benjaminchester VT 08455
9665,timothy.anderson@yahoo.com,Timothy Anderson,91672 Franklin Run Fort Andrew HI 64235-6777
9666,nicholas.wright@young.info,Nicholas Wright,91270 Highland Bypass Ste. 636 Maryside MS 42008
9667,sarah.jackson@aol.com,Sarah Jackson,22136 Shore Ford Maryshire LA 68635-9191
9668,stephanie.williams@robinson.info,Stephanie Williams,2806 River Pass Marychester CT 56609-4243
9669,patricia.lewis@johnson.net,Patricia Lewis,66863 Meadow Plaza Port James HI 77753-7248
9670,barbara.green@gmail.com,Barbara Green,31412 Craig Plaza Ste. 522 Port Larry OR 64531
9671,kevin.king@outlook.com,Kevin King,11555 Walnut Street West Karen PA 64145
9672,sandra.moore@yahoo.com,Sandra Moore,46488 Brook Ford West Karen WV 22372-7029
9673,brian.scott@outlook.com,Brian Scott,28305 Valley Lane Unit 211 Joshuastad NV 77403
9674,laura.cain@hotmail.com,Laura Cain,73211 Lincoln Trail Davidport OH 45411
9675,mary.green@gmail.com,Mary Green,17141 Spring Circle Unit 876 Jamesland WI 32743
9676,amanda.taylor@icloud.com,Amanda Taylor,24678 Park Avenue New Nancy AL 80540-7706
9677,sarah.scott@hotmail.com,Sarah Scott,54536 Washington Square Suite 660 Brianland NE 11777-9917
9678,ryan.adams@icloud.com,Ryan Adams,38245 Elm Trail Brianton NM 99428
9679,andrew.white@yahoo.com,Andrew White,75712 Sunset Road Ste. 73 Fort Betty DE 43949-4800
9680,timothy.martinez@jones.org,Timothy Martinez,26985 Pine Shore Apt. 764 Andrewborough NM 98284
9681,jessica.wright@hotmail.com,Jessica Wright,87221 Meadow Square Unit 741 Nancyside IN 85839
9682,michael.brown@gmail.com,Michael Brown,19933 Oak Road Port Paul CO 22392
9683,john.sanchez@lee.org,John Sanchez,8838 Elm Circle Kevinport AZ 97009
9684,joshua.green@outlook.com,Joshua Green,62988 Madison Ford North Steven IL 13876
9685,jason.anderson@lewis.biz,Jason Anderson,48161 Meadow Street Ronaldside DE 04760
9686,joseph.young@outlook.com,Joseph Young,36309 Madison Ford Ste. 749 East Anna NH 54232
9687,sandra.moore@icloud.com,Sandra Moore,79135 Jefferson Pass Fort Jason NM 32324
9688,michelle.miller@icloud.com,Michelle Miller,70258 Elm Drive Apt. 217 Benjaminchester MI 10699
9689,helen.thomas@yahoo.com,Helen Thomas,58028 Washington Road New Ronald IN 87453
9690,kevin.davis@yahoo.com,Kevin Davis,76831 Fox Way Ste. 988 Stevenville AL 63286
9691,margaret.nguyen@johnson.org,Margaret Nguyen,38427 Spring Bypass Port Nancy SD 38803-6303
9692,david.clark@gmail.com,David Clark,42101 Ridge Lane Paulberg CA 07652
9693,daniel.johnson@garcia.org,Daniel Johnson,89252 Miller Avenue Paulstad PA 65318
9694,mark.lee@martinez.org,Mark Lee,88144 Craig Drive Ste. 223 South Susan NC 31876
9695,linda.carter@garcia.org,Linda Carter,15740 Maple Square Suite 959 Jasonville AL 42905
9696,michelle.jackson@johnson.biz,Michelle Jackson,58312 Miller Path Unit 795 Annaburgh RI 63760
9697,richard.jackson@aol.com,Richard Jackson,95444 Spring Terrace Apt. 285 Danielmouth AK 82900-3585
9698,kimberly.martinez@gmail.com,Kimberly Martinez,47674 Cedar Circle Ste. 690 Susanshire ID 90744
9699,susan.robinson@yahoo.com,Susan Robinson,46803 Madison Shore Unit 323 Andrewburgh NH 47982
9700,andrew.ramirez@outlook.com,Andrew Ramirez,64353 Maple Drive Lake Brian OH 86659-3239
9701,amy.hall@yahoo.com,Amy Hall,80282 Davis Plaza Unit 623 Maryville MS 30326
9702,donna.nelson@icloud.com,Donna Nelson,40967 Jefferson Square Apt. 455 Karentown GA 88321
9703,jennifer.taylor@johnson.info,Jennifer Taylor,29293 Carter Street Apt. 277 Georgestad LA 70234-4192
9704,larry.brown@moore.biz,Larry Brown,58708 Shore Terrace Lake Ronald KS 47161
9705,susan.baker@hotmail.com,Susan Baker,17803 Valley Street Ste. 83 Davidfurt DE 74124
9706,melissa.ramirez@gmail.com,Melissa Ramirez,720 Carter Court Suite 791 Kristenberg NE 74927-3001
9707,matthew.hill@aol.com,Matthew Hill,12610 Park Run Unit 533 Markchester OR 66265-6520
9708,david.white@outlook.com,David White,44105 Fox Plaza Lake Joseph ND 25852-2571
9709,ronald.green@carter.biz,Ronald Green,7757 Maple Way Kevinfort WA 42401
9710,jason.smith@nelson.net,Jason Smith,1954 Johnson Trail Port Brian NC 29886
9711,sandra.lee@carter.net,Sandra Lee,81517 Franklin Terrace Suite 580 West Andrew NE 69547
9712,jessica.garcia@outlook.com,Jessica Garcia,59258 Meadow Way New Betty MT 97385-8045
9713,david.campbell@yahoo.com,David Campbell,54503 Park Road Apt. 372 Markfurt VA 19144
9714,larry.king@icloud.com,Larry King,86068 Shore Circle North Steven NE 58391-9278
9715,michelle.smith@scott.biz,Michelle Smith,94062 Franklin Pass East Steven TN 50766-9007
9716,donald.rivera@sanchez.org,Donald Rivera,84653 Elm Street Fort Linda AR 05272-5936
9717,sarah.perez@gmail.com,Sarah Perez,81338 Pine Terrace Fort Linda OR 91027
9718,david.torres@aol.com,David Torres,94124 Madison Circle Ste. 395 South James UT 85561
9719,carol.lee@hotmail.com,Carol Lee,44053 Miller Circle Unit 10 Josephchester MA 53345
9720,ashley.davis@gmail.com,Ashley Davis,1912 Adams Plaza Andrewside PA 77596-7450
9721,linda.clark@gmail.com,Linda Clark,8829 Valley Pass Apt. 276 North Daniel VA 18763
9722,donna.sanchez@icloud.com,Donna Sanchez,32714 Miller Court Ste. 178 New Karen NE 01191-4191
9723,karen.taylor@outlook.com,Karen Taylor,63986 Valley Bypass Suite 62 New James AR 71739
9724,mary.scott@gmail.com,Mary Scott,59482 Cook Lane Suite 491 Jasonshire NM 46533-4828
9725,barbara.green@icloud.com,Barbara Green,62689 Highland Court Ste. 44 Maryfurt NE 55040
9726,amy.clark@hotmail.com,Amy Clark,93035 Carter Pass Markburgh NV 24063
9727,daniel.green@icloud.com,Daniel Green,89363 Park Crossing Unit 466 South Larry MT 57568
9728,deborah.cain@allen.org,Deborah Cain,48160 Forest Terrace Ronaldstad IL 97586-1415
9729,melissa.lee@adams.info,Melissa Lee,63120 Cook Road Port George OH 68460
9730,david.hill@icloud.com,David Hill,46594 Davis Way Andrewshire AK 26394-6256
9731,mark.gonzalez@torres.info,Mark Gonzalez,56593 Oak Path Stevenview IN 16489
9732,steven.flores@davis.org,Steven Flores,5281 Johnson Street Apt. 694 Paulview SD 64270-8940
9733,patricia.moore@aol.com,Patricia Moore,4284 Elm Bypass Larrystad NY 56028
9734,ryan.carter@aol.com,Ryan Carter,3786 Cook Pass Apt. 763 Bettytown RI 88673-8242
9735,carol.carter@outlook.com,Carol Carter,39856 Maple Crossing Suite 634 Port Mark WI 77582-6789
9736,edward.miller@aol.com,Edward Miller,59886 Lincoln Plaza Jamestown ME 54700
9737,amanda.rivera@outlook.com,Amanda Rivera,31581 Cedar Lane North Nancy OR 62884
9738,margaret.young@hotmail.com,Margaret Young,60554 Washington Drive Marybury WV 72769-5597
9739,jason.williams@sanchez.net,Jason Williams,14674 Washington Ford Unit 120 North Mary OK 85243-8582
9740,joseph.garcia@taylor.info,Joseph Garcia,4536 Cedar Road Unit 725 Paulside RI 36317
9741,daniel.scott@gmail.com,Daniel Scott,32774 Shore Drive East Paul NY 64606
9742,anna.smith@outlook.com,Anna Smith,3697 Adams Path Ste. 864 Karenstad MO 48524
9743,rebecca.lee@outlook.com,Rebecca Lee,13530 Fox Loop Apt. 311 Lake Andrew MI 92581
9744,jason.thompson@outlook.com,Jason Thompson,81877 Adams Plaza Apt. 826 Andrewville AR 73468
9745,daniel.lopez@icloud.com,Daniel Lopez,14828 Highland Way Williamburgh AK 27782
9746,michael.martinez@aol.com,Michael Martinez,56145 Ridge Ford Suite 75 Markville MI 92115
9747,john.johnson@icloud.com,John Johnson,85768 Elm Crossing Unit 395 South Mark NJ 02770-6895
9748,andrew.ramirez@aol.com,Andrew Ramirez,48770 Davis Way Markmouth NH 16189
9749,karen.taylor@gmail.com,Karen Taylor,14840 Hill Crossing Williamview MD 73666-5463
9750,patricia.ramirez@icloud.com,Patricia Ramirez,88153 Carter Road East Susan UT 04982
9751,mark.carter@aol.com,Mark Carter,61515 Madison Avenue Edwardside IA 56589
9752,jessica.martin@white.net,Jessica Martin,22238 Meadow Loop Edwardhaven NV 91094
9753,jeffrey.williams@icloud.com,Jeffrey Williams,7869 Fox Circle Apt. 774 Kevinburgh WY 86207
9754,jason.lewis@yahoo.com,Jason Lewis,75402 Madison Plaza Apt. 431 Brianport RI 68412
9755,barbara.martin@davis.biz,Barbara Martin,18644 Carter Drive Apt. 780 Fort Mary WI 41933-6718
9756,andrew.williams@aol.com,Andrew Williams,14405 Adams Pass Ste. 180 Joshuaport SC 29239
9757,brian.jackson@aol.com,Brian Jackson,31958 Lake Square Apt. 72 South Joshua NE 84848-6499
9758,jennifer.ramirez@icloud.com,Jennifer Ramirez,50651 Sunset Shore Apt. 304 North Sarah CO 86879
9759,andrew.clark@icloud.com,Andrew Clark,47035 Cedar Trail Unit 992 Kristenport KS 55232-9898
9760,ronald.wright@outlook.com,Ronald Wright,64814 Cook Ford Danielhaven OH 38033-4427
9761,margaret.scott@moore.org,Margaret Scott,48312 Fox Crossing Unit 338 New Betty GA 89749
9762,edward.williams@gmail.com,Edward Williams,79582 Walnut Square Kristenhaven SD 03707
9763,matthew.wilson@aol.com,Matthew Wilson,27823 Ridge Path Unit 20 Markland MS 53093
9764,paul.williams@baker.org,Paul Williams,96538 Meadow Path Ste. 839 East James ME 29667
9765,elizabeth.flores@hotmail.com,Elizabeth Flores,33343 Spring Street Suite 521 West Joseph VA 57866-1503
9766,donna.ramirez@outlook.com,Donna Ramirez,74127 River Court Ste. 831 Markmouth TX 43370
9767,nancy.rivera@aol.com,Nancy Rivera,83169 Park Square Lake David MN 63515
9768,michael.carter@flores.com,Michael Carter,71259 Oak Pass Nancyhaven GA 10116
9769,thomas.walker@allen.org,Thomas Walker,9554 River Run Andrewstad AZ 09296
9770,amy.nelson@outlook.com,Amy Nelson,10393 Jefferson Trail East Linda NE 06063-6689
9771,timothy.garcia@aol.com,Timothy Garcia,80293 Miller Loop Apt. 792 Fort James SD 13019
9772,joseph.jones@aol.com,Joseph Jones,33200 Oak Street South Kevin MN 29923
9773,amy.young@aol.com,Amy Young,64716 Brook Drive Unit 724 Thomasfort MI 94648
9774,elizabeth.clark@gmail.com,Elizabeth Clark,31188 Cook Path North Mark NY 44851
9775,john.jones@gmail.com,John Jones,47656 Hill Loop East Benjamin MD 12769
9776,george.williams@green.org,George Williams,54222 Oak Path Unit 450 South Anna HI 74399
9777,ryan.harris@miller.org,Ryan Harris,26737 River Lane Jasonport VA 24683
9778,barbara.davis@green.info,Barbara Davis,53661 Valley Court North Andrew NC 36258
9779,charles.adams@icloud.com,Charles Adams,41373 Spring Trail New Sarah CT 92104-1904
9780,joshua.thomas@outlook.com,Joshua Thomas,50895 Hill Road Suite 521 Lisaton NY 42175
9781,james.thompson@walker.biz,James Thompson,94647 Davis Circle Lake Joseph AZ 01669-2335
9782,betty.adams@outlook.com,Betty Adams,66975 Forest Loop Brianside TX 46310
9783,patricia.king@gmail.com,Patricia King,32265 Elm Square Georgestad CT 94226
9784,andrew.baker@icloud.com,Andrew Baker,57506 Fox Way Suite 86 New Joseph IA 16877
9785,edward.king@aol.com,Edward King,47338 Madison Pass Suite 168 Karenport NH 68125
9786,karen.allen@davis.biz,Karen Allen,15504 Maple Drive Apt. 699 Sarahbury CO 43853
9787,john.carter@green.net,John Carter,45772 River Way Ste. 759 West Paul ID 56344
9788,carol.flores@sanchez.com,Carol Flores,28540 Meadow Lane Ste. 917 Georgeburgh GA 92469-8676
9789,kimberly.anderson@baker.biz,Kimberly Anderson,67253 Miller Circle Suite 801 Georgebury MA 48038
9790,jessica.harris@martinez.info,Jessica Harris,82911 Johnson Crossing Edwardborough NY 05182
9791,thomas.ramirez@gmail.com,Thomas Ramirez,62491 Davis Lane East Karen CO 68112
9792,anthony.thompson@hotmail.com,Anthony Thompson,12895 Cedar Crossing North Edward FL 33066
9793,sarah.moore@gonzalez.com,Sarah Moore,34286 Park Loop Port Benjamin MN 22793
9794,michael.perez@torres.net,Michael Perez,13161 Cook Circle Joshuabury AR 84267
9795,lisa.perez@adams.org,Lisa Perez,712 River Crossing Edwardmouth CA 64789
9796,nancy.baker@hotmail.com,Nancy Baker,24209 Hill Bypass Nancymouth NC 23428-4161
9797,melissa.white@icloud.com,Melissa White,19578 Carter Path Apt. 661 Port David AR 28695
9798,emily.brown@icloud.com,Emily Brown,57407 Davis Lane Unit 431 Jamesside TN 46526-5588
9799,james.cain@aol.com,James Cain,12403 Brook Lane Williamfort SC 33627
9800,paul.anderson@yahoo.com,Paul Anderson,73841 River Crossing Apt. 644 South Kevin UT 01321
9801,anna.lee@gmail.com,Anna Lee,33470 Davis Crossing Suite 447 Brianland VT 12232-9364
9802,matthew.robinson@nelson.biz,Matthew Robinson,51376 Jefferson Drive Unit 972 Joshuaport IN 55884-2701
9803,sandra.young@wilson.net,Sandra Young,27360 Park Loop Stevenland SC 19112
9804,jeffrey.johnson@hotmail.com,Jeffrey Johnson,56597 Johnson Run Briantown OH 92845
9805,timothy.jackson@johnson.org,Timothy Jackson,76986 Washington Run Unit 760 Benjaminhaven AR 14305-7670
9806,brian.thomas@green.biz,Brian Thomas,27688 Forest Trail Apt. 435 Port Steven CA 81108
9807,brian.adams@yahoo.com,Brian Adams,86736 Johnson Drive Ste. 7 Georgeton KS 34487
9808,kevin.allen@hotmail.com,Kevin Allen,93688 Highland Court Unit 797 Marystad AK 48800
9809,betty.lewis@gmail.com,Betty Lewis,19323 Oak Path North Joshua NE 73935-8362
9810,david.kirby@aol.com,David Kirby,98874 Forest Crossing Suite 83 West Edward NE 43046
9811,amanda.taylor@cain.info,Amanda Taylor,36845 Ridge Way Suite 443 Port Steven IN 21876
9812,lisa.johnson@aol.com,Lisa Johnson,33212 Carter Path New Daniel NV 53916
9813,donna.jackson@yahoo.com,Donna Jackson,16273 Johnson Trail Bettyhaven RI 18093
9814,amanda.perez@harris.info,Amanda Perez,84932 Carter Bypass Ste. 269 Lake Brian TX 94704-2859
9815,amanda.ramirez@robinson.info,Amanda Ramirez,81865 Highland Shore Michaelville IL 47649
9816,michelle.lopez@walker.com,Michelle Lopez,43794 Miller Path New Jason SD 64596-5224
9817,sandra.sanchez@outlook.com,Sandra Sanchez,77054 Sunset Square Suite 44 Sarahberg WY 15456
9818,jessica.scott@gmail.com,Jessica Scott,51046 Franklin Ford Markstad AR 07173
9819,charles.mitchell@yahoo.com,Charles Mitchell,59068 Spring Road Ste. 428 South James TN 12021
9820,stephanie.johnson@aol.com,Stephanie Johnson,2285 Washington Circle Ste. 944 Kevinmouth PA 29228
9821,nancy.perez@yahoo.com,Nancy Perez,43585 Elm Crossing South Thomas MS 98304-6399
9822,mary.nguyen@gmail.com,Mary Nguyen,56614 Park Run Unit 437 Annaburgh MI 12832
9823,helen.brown@gmail.com,Helen Brown,88100 Fox Square Andrewtown GA 94531-1969
9824,stephanie.garcia@walker.com,Stephanie Garcia,29077 Elm Way Unit 389 Lake Karen CT 95744
9825,thomas.torres@aol.com,Thomas Torres,79328 Jefferson Loop Davidside NV 78151-4748
9826,karen.adams@thompson.org,Karen Adams,94777 Meadow Street Suite 247 Sarahfurt NE 91032
9827,emily.anderson@gmail.com,Emily Anderson,65916 Jefferson Road East Betty LA 98820
9828,nicholas.miller@yahoo.com,Nicholas Miller,89325 Washington Road Josephbury UT 96189
9829,ashley.clark@aol.com,Ashley Clark,10200 Valley Square South George NE 07461-2331
9830,john.gonzalez@nguyen.org,John Gonzalez,39374 Miller Square Joshuaport IA 52317
9831,jessica.lee@thomas.biz,Jessica Lee,63359 Meadow Pass Fort Joseph WA 99693
9832,melissa.torres@hill.org,Melissa Torres,95757 Highland Pass Annashire CA 05263
9833,stephanie.campbell@outlook.com,Stephanie Campbell,88883 Elm Lane East Mary ME 68714
9834,margaret.johnson@outlook.com,Margaret Johnson,29152 Maple Court Ste. 171 North Edward SC 38865-4116
9835,emily.king@aol.com,Emily King,46303 Johnson Avenue Brianstad NC 21268-3927
9836,james.allen@nelson.biz,James Allen,92722 River Avenue East Andrew LA 20165
9837,mary.jones@lee.biz,Mary Jones,24924 Cedar Plaza Apt. 832 Thomashaven CA 87840
9838,patricia.hill@robinson.org,Patricia Hill,63123 Davis Square Williamberg CA 09951-9414
9839,amy.jackson@icloud.com,Amy Jackson,15820 Maple Run Fort Anna MO 73313
9840,joseph.sanchez@miller.net,Joseph Sanchez,18445 Fox Bypass Suite 376 Port Kristen CA 85235
9841,daniel.sanchez@davis.info,Daniel Sanchez,6801 Valley Square Lake Michael SD 74149
9842,emily.young@wilson.biz,Emily Young,77848 Sunset Lane Unit 409 Lisastad AL 42333-7713
9843,emily.moore@yahoo.com,Emily Moore,41585 Miller Road Port Edward NE 83283
9844,anthony.wright@outlook.com,Anthony Wright,55170 Carter Shore Josephberg AL 42890-8163
9845,barbara.harris@cain.org,Barbara Harris,92950 Highland Plaza Apt. 506 New Nancy DE 43224-2180
9846,james.martin@walker.com,James Martin,16748 Jefferson Run Unit 348 North David WY 18020
9847,helen.white@gmail.com,Helen White,23890 Fox Road Apt. 778 Lake Sarah MS 74229-8290
9848,gary.cain@hotmail.com,Gary Cain,840 Washington Plaza Lake Lisa RI 93555
9849,steven.thomas@lee.info,Steven Thomas,3328 Valley Road Suite 121 Lisachester TN 84226
9850,daniel.king@aol.com,Daniel King,81636 Valley Run Brianside IN 05866-7304
9851,edward.rivera@outlook.com,Edward Rivera,67227 Highland Path Apt. 488 Michaelfurt MO 47885
9852,barbara.anderson@walker.org,Barbara Anderson,9153 Jefferson Plaza Georgeville KS 63743
9853,amy.jackson@outlook.com,Amy Jackson,68801 Lincoln Shore Ste. 562 Port Kevin KY 74885-7452
9854,mark.kirby@gmail.com,Mark Kirby,91610 Carter Plaza Apt. 688 Larrytown NM 61155
9855,barbara.robinson@yahoo.com,Barbara Robinson,32611 Lake Plaza Apt. 547 North Edward MS 80865
9856,edward.perez@aol.com,Edward Perez,77918 River Crossing Suite 507 West George SC 81309
9857,daniel.hill@aol.com,Daniel Hill,56597 Craig Path East Larry VT 94797
9858,mary.campbell@mitchell.biz,Mary Campbell,64061 Lincoln Run New Daniel LA 80208-1139
9859,joshua.rivera@hotmail.com,Joshua Rivera,32161 Washington Circle Apt. 300 Joshuafort CT 16688
9860,kimberly.williams@mitchell.com,Kimberly Williams,67938 Cedar Plaza Suite 554 New Joshua PA 53935
9861,william.moore@aol.com,William Moore,48149 Pine Circle Port Betty PA 74220
9862,timothy.robinson@outlook.com,Timothy Robinson,59968 Franklin Run Apt. 201 Sarahborough WA 26259-7232
9863,anthony.wright@hotmail.com,Anthony Wright,73826 Jefferson Square Apt. 66 Lake Kevin FL 44876-8865
9864,carol.thompson@nguyen.com,Carol Thompson,87874 Cedar Ford Kevinville FL 13980
9865,amy.lopez@robinson.biz,Amy Lopez,48053 Fox Trail Apt. 949 Andrewville AK 77125
9866,margaret.perez@robinson.net,Margaret Perez,21185 Sunset Path Ste. 355 Port Joseph CT 99207
9867,charles.thomas@anderson.org,Charles Thomas,76918 Fox Trail North Michael MD 71187
9868,linda.gonzalez@wilson.biz,Linda Gonzalez,49834 Adams Bypass Suite 9 Fort Nancy NY 62454
9869,lisa.williams@rivera.org,Lisa Williams,76758 Johnson Bypass Unit 76 West Andrew VT 97725-6229
9870,helen.perez@anderson.net,Helen Perez,75052 Madison Way New Michael AZ 88583-3224
9871,thomas.wright@adams.com,Thomas Wright,7256 Fox Pass Davidborough AZ 27749-5881
9872,daniel.lopez@hotmail.com,Daniel Lopez,46202 Pine Circle Unit 410 West David MN 88240
9873,donald.ramirez@outlook.com,Donald Ramirez,66912 Ridge Court Unit 801 Markport CA 35964-1763
9874,helen.moore@icloud.com,Helen Moore,41621 Elm Street Kristentown NJ 18299
9875,timothy.flores@baker.org,Timothy Flores,44812 Davis Drive Suite 955 Port Benjamin AK 08642-3951
9876,sandra.jones@aol.com,Sandra Jones,91758 Walnut Pass Suite 821 Port Paul ID 09242-3770
9877,margaret.thompson@nguyen.net,Margaret Thompson,44227 Miller Trail New Betty CO 65312-8333
9878,sandra.brown@walker.com,Sandra Brown,40196 Park Loop Andrewborough NH 79237-1226
9879,anthony.carter@gmail.com,Anthony Carter,26849 Elm Loop Apt. 291 South Andrew WI 24862
9880,ashley.thompson@icloud.com,Ashley Thompson,60738 Fox Ford Thomasland NC 62314
9881,sandra.johnson@lewis.org,Sandra Johnson,60301 Madison Avenue Fort Mark MT 59836
9882,steven.miller@yahoo.com,Steven Miller,51155 Brook Road Apt. 880 Danielland ME 59308
9883,jessica.brown@outlook.com,Jessica Brown,24252 River Pass Ste. 666 Port Linda TX 50608
9884,timothy.jackson@hotmail.com,Timothy Jackson,46199 Fox Ford Apt. 353 Port Lisa AZ 85717
9885,thomas.campbell@aol.com,Thomas Campbell,9661 Maple Ford Ste. 572 Port Lisa NE 18257
9886,emily.walker@williams.org,Emily Walker,57936 Jefferson Drive North William SD 80959
9887,larry.carter@davis.net,Larry Carter,5598 Madison Plaza Fort Jason WA 92228
9888,karen.king@garcia.info,Karen King,36539 Hill Path Unit 966 East Daniel MN 69374
9889,david.rivera@hotmail.com,David Rivera,14939 Fox Ford Lake George TN 22307-9359
9890,linda.rivera@green.info,Linda Rivera,30167 Miller Street Unit 827 Georgemouth OK 33134
9891,betty.thompson@outlook.com,Betty Thompson,93859 Franklin Path Ste. 15 West Steven UT 50569
9892,amanda.taylor@hotmail.com,Amanda Taylor,46280 Forest Lane South George IN 52681
9893,ryan.lopez@taylor.net,Ryan Lopez,67119 Jefferson Pass South Michael PA 71918-6666
9894,patricia.clark@gmail.com,Patricia Clark,35909 Fox Crossing Kristenbury VT 83595
9895,mark.scott@hotmail.com,Mark Scott,19024 Madison Street Port Andrew CA 84124
9896,elizabeth.nguyen@anderson.info,Elizabeth Nguyen,21906 Meadow Shore Ste. 333 New Mary KS 37892
9897,nicholas.hill@taylor.biz,Nicholas Hill,15478 Spring Plaza Ste. 656 New Andrew AL 20745-1080
9898,michael.torres@gmail.com,Michael Torres,42485 River Run Jamestown MD 79482-1987
9899,kimberly.martinez@hotmail.com,Kimberly Martinez,13761 Hill Pass Lake James ME 85554
9900,barbara.hall@hotmail.com,Barbara Hall,42308 Meadow Run Apt. 590 West Joshua NY 58120
9901,jessica.miller@mitchell.org,Jessica Miller,43237 Ridge Run Apt. 324 Thomasland CA 50139-3336
9902,margaret.sanchez@flores.com,Margaret Sanchez,68996 River Way Ste. 831 Kevinmouth VA 97444
9903,james.walker@outlook.com,James Walker,84611 Washington Street Suite 68 Josephview AR 25610-3875
9904,larry.harris@aol.com,Larry Harris,59929 Spring Pass Unit 933 North Paul NY 47647
9905,elizabeth.lopez@brown.biz,Elizabeth Lopez,55729 Maple Shore New Kevin VA 12884-6506
9906,matthew.nguyen@gmail.com,Matthew Nguyen,41456 Cedar Street Apt. 68 Sarahton CA 42259
9907,jeffrey.garcia@rivera.com,Jeffrey Garcia,62065 River Street Unit 883 Markside AR 70848
9908,margaret.johnson@hotmail.com,Margaret Johnson,11897 Johnson Bypass Jasonburgh UT 66622-8049
9909,sarah.mitchell@aol.com,Sarah Mitchell,73148 Cedar Street Suite 187 Ronaldshire KY 54493
9910,andrew.miller@hotmail.com,Andrew Miller,76162 Oak Pass Andrewside SD 82399
9911,charles.wilson@hill.info,Charles Wilson,93766 Meadow Bypass Apt. 214 Josephbury CT 28980-8200
9912,jason.williams@outlook.com,Jason Williams,58920 Miller Pass Apt. 477 West Ronald TN 89158
9913,mark.mitchell@clark.net,Mark Mitchell,74712 Walnut Loop South Thomas KY 82704
9914,john.martinez@outlook.com,John Martinez,66915 Forest Run South Karen NC 91229
9915,anna.hill@miller.biz,Anna Hill,10402 Highland Court Unit 291 Lake Joseph TN 55461
9916,elizabeth.carter@aol.com,Elizabeth Carter,56629 Washington Shore Benjaminhaven MS 91800
9917,edward.miller@taylor.com,Edward Miller,8537 Madison Crossing New Betty MT 45345
9918,steven.perez@yahoo.com,Steven Perez,45271 Franklin Pass Ste. 903 New Mark NE 38979-2786
9919,betty.jones@hill.info,Betty Jones,98786 Maple Square Suite 706 Andrewborough ME 57968
9920,patricia.rivera@king.com,Patricia Rivera,88859 Hill Drive North Nancy LA 07596
9921,ashley.sanchez@hotmail.com,Ashley Sanchez,84687 Carter Terrace Apt. 501 Lindaport NY 75743
9922,ryan.hill@kirby.org,Ryan Hill,47351 Hill Avenue Fort Kevin SC 35827
9923,daniel.scott@hotmail.com,Daniel Scott,39995 Hill Circle Unit 797 East Anna WI 36708
9924,timothy.green@yahoo.com,Timothy Green,74825 Adams Loop Nancyfort VA 99109-5861
9925,susan.sanchez@outlook.com,Susan Sanchez,32812 Miller Plaza Port James OH 20037
9926,ronald.martinez@icloud.com,Ronald Martinez,80387 Highland Loop Unit 938 Ronaldtown MS 87190
9927,donald.rivera@anderson.net,Donald Rivera,17212 Sunset Road Joshualand NY 66056
9928,joshua.moore@white.biz,Joshua Moore,90066 Madison Path West Edward AK 12113
9929,donna.robinson@aol.com,Donna Robinson,30713 Spring Pass Lisachester IA 49308
9930,amy.wright@hotmail.com,Amy Wright,45598 Miller Run Sarahtown RI 31684-8874
9931,lisa.campbell@yahoo.com,Lisa Campbell,74022 Forest Path Lindafurt GA 03509
9932,ronald.clark@baker.net,Ronald Clark,51037 Cook Pass Unit 317 Paulville HI 73043
9933,mark.sanchez@outlook.com,Mark Sanchez,19409 Cook Lane Unit 806 Thomasbury SD 05758-7284
9934,edward.rivera@hotmail.com,Edward Rivera,26536 Davis Circle Brianborough AZ 18515
9935,charles.clark@gonzalez.com,Charles Clark,55704 Shore Loop North George MS 92003
9936,sarah.anderson@hotmail.com,Sarah Anderson,6560 Franklin Road North Kevin CT 92715-3842
9937,helen.martin@lopez.info,Helen Martin,12010 River Drive Apt. 397 Thomasview OH 26597
9938,george.king@icloud.com,George King,53859 Fox Pass South Ronald ME 41894
9939,james.thompson@icloud.com,James Thompson,65444 Craig Terrace Fort Joshua UT 14444-8671
9940,ronald.harris@wilson.info,Ronald Harris,8569 Spring Ford Bettychester CT 07320-1438
9941,ashley.nguyen@aol.com,Ashley Nguyen,21613 Miller Shore Lake Nancy VA 27442
9942,amanda.mitchell@outlook.com,Amanda Mitchell,38652 Elm Terrace Ste. 660 Josephbury WI 90720
9943,amanda.flores@baker.info,Amanda Flores,16709 Spring Square South Brian NY 50908
9944,deborah.baker@outlook.com,Deborah Baker,94917 Walnut Road Apt. 337 Karenberg AR 76396-8152
9945,ashley.thomas@icloud.com,Ashley Thomas,7655 Carter Trail Georgefort IL 21907
9946,ryan.nguyen@yahoo.com,Ryan Nguyen,22893 Carter Road Bettytown AR 21360-7150
9947,daniel.scott@nguyen.com,Daniel Scott,57453 Ridge Run Suite 582 North David MA 55639
9948,laura.wilson@aol.com,Laura Wilson,45247 Jefferson Street Jasonfort ME 85385-7658
9949,mary.rivera@sanchez.com,Mary Rivera,7983 Cedar Lane Suite 322 Sarahfort AK 29574
9950,melissa.jackson@aol.com,Melissa Jackson,44071 Miller Shore Suite 867 New Ronald SD 34976
9951,deborah.johnson@aol.com,Deborah Johnson,11776 Pine Plaza Apt. 342 West Michael NY 39029-2920
9952,thomas.lewis@williams.biz,Thomas Lewis,83332 Highland Path Ste. 37 Lindastad TX 62388-7957
9953,timothy.thompson@hotmail.com,Timothy Thompson,49890 Hill Drive Kevinhaven TN 53782
9954,ronald.williams@hotmail.com,Ronald Williams,16663 Craig Avenue Annaside MI 91926
9955,paul.lee@outlook.com,Paul Lee,14139 Madison Way Michaelshire ME 22726
9956,matthew.torres@mitchell.org,Matthew Torres,32575 Brook Crossing North Kristen WA 69986
9957,jason.williams@hotmail.com,Jason Williams,53832 Valley Lane Paulton OH 36298
9958,paul.campbell@allen.biz,Paul Campbell,71358 Franklin Pass Apt. 984 Edwardton NC 83273-3771
9959,richard.king@hall.org,Richard King,4637 Davis Way North Michael KS 98989-4366
9960,amanda.williams@wright.com,Amanda Williams,59039 Brook Bypass Apt. 365 Davidbury NY 72513-6326
9961,william.king@jones.biz,William King,74704 Madison Plaza Port Brian OR 94350-2645
9962,jeffrey.williams@aol.com,Jeffrey Williams,88641 Brook Avenue Kristenville KS 70728-1778
9963,edward.sanchez@sanchez.com,Edward Sanchez,40393 Valley Run Sarahland SD 99108-5588
9964,edward.flores@white.net,Edward Flores,36343 Craig Pass East Susan NM 04982
9965,brian.carter@thompson.org,Brian Carter,7418 Elm Shore Suite 670 Joshuafurt ME 75525
9966,mary.gonzalez@hotmail.com,Mary Gonzalez,51169 Cook Plaza Unit 926 Benjaminburgh FL 44931-4679
9967,paul.white@gmail.com,Paul White,64352 Ridge Ford North Mary WY 23837
9968,george.lewis@hill.org,George Lewis,30267 Miller Plaza Benjaminfurt MS 43561
9969,deborah.lewis@garcia.info,Deborah Lewis,33111 Brook Avenue Suite 189 New Karen RI 57964
9970,linda.brown@outlook.com,Linda Brown,95727 Forest Crossing South Kevin CT 03167-1211
9971,ryan.davis@yahoo.com,Ryan Davis,43150 Jefferson Shore Fort Linda IL 83343
9972,lisa.williams@yahoo.com,Lisa Williams,20390 Lincoln Loop Ste. 441 Williamtown AZ 04159
9973,nicholas.thomas@adams.net,Nicholas Thomas,62037 Johnson Court Unit 476 Port Jason VT 50725
9974,amanda.lee@aol.com,Amanda Lee,52698 Hill Avenue Fort Thomas TN 27596
9975,nancy.johnson@outlook.com,Nancy Johnson,52335 Maple Way Unit 257 West Anna MT 54340-1968
9976,thomas.gonzalez@hotmail.com,Thomas Gonzalez,63478 Cedar Lane Suite 29 Annabury KY 67037-5063
9977,patricia.scott@clark.biz,Patricia Scott,50978 Elm Square Bettyberg DE 71478-2113
9978,deborah.cain@sanchez.org,Deborah Cain,51656 Brook Avenue South David MA 18824
9979,elizabeth.nguyen@icloud.com,Elizabeth Nguyen,81055 Sunset Circle Apt. 427 Jasonstad IA 79684
9980,barbara.lewis@miller.biz,Barbara Lewis,47746 Jefferson Bypass Suite 561 Josephfurt ME 16407
9981,deborah.nelson@scott.org,Deborah Nelson,22559 Ridge Run West Paul NY 69510
9982,daniel.harris@thomas.biz,Daniel Harris,44541 Ridge Square Apt. 622 Maryfort MA 81413
9983,nicholas.carter@yahoo.com,Nicholas Carter,67998 Meadow Drive Ste. 61 East Lisa MN 81478
9984,john.robinson@hotmail.com,John Robinson,26636 Park Path Lindaland AK 29899
9985,john.green@icloud.com,John Green,81459 Cook Ford Suite 743 Fort Paul DE 45988-4239
9986,matthew.nguyen@lewis.info,Matthew Nguyen,61471 Elm Ford Unit 180 Port Sarah MT 10330
9987,betty.johnson@hotmail.com,Betty Johnson,95423 Craig Shore Apt. 253 Jasonmouth MA 90177
9988,richard.garcia@icloud.com,Richard Garcia,35828 Walnut Loop Suite 427 Joshuashire MS 64158-2355
9989,daniel.young@icloud.com,Daniel Young,75535 Park Plaza Maryfurt NC 88106
9990,sandra.garcia@outlook.com,Sandra Garcia,14971 Madison Lane Ste. 503 Thomasville IL 15576-8726
9991,betty.sanchez@outlook.com,Betty Sanchez,61551 Forest Terrace Apt. 790 West Kristen MN 14921-8630
9992,kevin.moore@moore.org,Kevin Moore,14088 Carter Crossing Suite 550 Sarahview WA 66397
9993,james.wright@thompson.info,James Wright,30893 Forest Pass Apt. 31 Josephshire MN 70403-9144
9994,daniel.green@gmail.com,Daniel Green,36207 Park Way Ste. 408 Josephville MS 11551
9995,mary.nguyen@young.com,Mary Nguyen,93470 Brook Pass Fort Susan MD 85984-2426
9996,mark.perez@outlook.com,Mark Perez,15484 Spring Run Unit 678 Port David MT 01545-9224
9997,lisa.brown@yahoo.com,Lisa Brown,99745 Hill Ford North James NC 65797
9998,betty.adams@scott.com,Betty Adams,59130 Elm Plaza Apt. 806 Brianville VT 08180
9999,kevin.ramirez@hotmail.com,Kevin Ramirez,80235 Maple Run Fort Paul WY 30541-5345
