order_id,data_split,review_status,item_count,fragile_item_count,aisle_distance_m,pickers_available,conveyor_load_pct,pick_minutes
PICK-0001,training,routine log,20,2,863.7,5,61.0,28.21
PICK-0002,training,routine log,63,21,772.0,2,66.6,43.53
PICK-0003,training,routine log,46,6,511.2,4,51.7,26.56
PICK-0004,training,routine log,13,2,579.9,3,48.8,21.01
PICK-0005,training,routine log,18,2,692.3,3,19.4,23.02
PICK-0006,training,routine log,80,3,794.9,2,90.5,51.74
PICK-0007,training,routine log,25,4,643.4,3,26.6,27.62
PICK-0008,training,routine log,24,7,573.2,6,74.4,27.29
PICK-0009,training,routine log,67,1,108.7,4,40.9,1.0
PICK-0010,training,routine log,75,17,899.7,6,34.9,37.28
PICK-0011,training,routine log,52,12,117.1,3,44.8,24.64
PICK-0012,training,routine log,29,6,696.2,6,87.5,35.45
PICK-0013,training,routine log,51,8,151.6,4,88.3,29.65
PICK-0014,training,routine log,41,4,315.8,3,37.9,24.81
PICK-0015,training,routine log,67,20,659.1,1,40.3,40.06
PICK-0016,training,routine log,79,14,286.8,2,36.9,30.92
PICK-0017,training,routine log,64,6,280.0,3,28.1,31.77
PICK-0018,training,routine log,16,3,771.6,5,83.5,29.54
PICK-0019,training,routine log,21,4,677.9,2,39.3,26.94
PICK-0020,training,routine log,44,5,534.3,1,27.7,34.46
PICK-0021,training,routine log,52,3,792.5,6,65.7,35.31
PICK-0022,training,routine log,17,2,808.8,2,73.4,33.53
PICK-0023,training,routine log,10,0,363.7,3,86.1,28.93
PICK-0024,training,routine log,72,15,729.9,5,41.5,36.53
PICK-0025,training,routine log,17,2,175.3,6,89.2,22.9
PICK-0026,training,routine log,19,2,472.2,5,33.3,19.49
PICK-0027,training,routine log,24,1,828.3,3,37.6,25.55
PICK-0028,training,routine log,49,3,613.2,4,89.4,37.71
PICK-0029,training,routine log,12,3,734.3,3,36.2,24.84
PICK-0030,training,routine log,75,4,680.8,3,75.8,38.39
PICK-0031,training,routine log,43,6,645.1,6,58.1,29.57
PICK-0032,training,routine log,59,8,861.0,6,63.6,39.05
PICK-0033,training,routine log,63,16,879.7,5,49.9,36.28
PICK-0034,training,routine log,25,2,454.0,5,26.8,21.99
PICK-0035,training,routine log,64,11,241.4,5,34.2,26.16
PICK-0036,training,routine log,19,2,448.5,6,58.6,25.33
PICK-0037,training,routine log,48,7,456.3,2,73.1,36.65
PICK-0038,training,routine log,19,3,469.0,6,34.6,22.63
PICK-0039,training,routine log,80,13,526.6,5,74.1,34.35
PICK-0040,training,routine log,6,0,839.6,4,68.9,26.51
PICK-0041,training,routine log,22,0,120.7,3,61.3,22.81
PICK-0042,training,routine log,69,7,683.9,6,25.2,31.89
PICK-0043,training,routine log,19,1,850.3,2,60.1,84.98
PICK-0044,training,routine log,59,3,702.0,2,87.1,42.04
PICK-0045,training,routine log,65,6,377.4,5,62.6,135.2
PICK-0046,training,routine log,32,5,149.1,2,18.3,19.64
PICK-0047,training,routine log,10,4,195.0,2,76.7,23.4
PICK-0048,training,routine log,67,23,182.5,3,83.1,29.91
PICK-0049,training,routine log,52,5,414.4,1,26.8,30.38
PICK-0050,training,routine log,33,2,260.5,5,45.5,55.78
PICK-0051,training,routine log,71,15,574.1,5,77.6,1.0
PICK-0052,training,routine log,71,11,112.7,1,29.1,35.15
PICK-0053,training,routine log,39,7,885.6,3,20.8,23.8
PICK-0054,training,routine log,13,0,762.7,1,67.6,34.69
PICK-0055,training,routine log,52,16,357.4,6,34.8,24.5
PICK-0056,training,routine log,40,6,103.3,6,87.3,24.05
PICK-0057,training,routine log,8,1,197.5,6,82.8,16.51
PICK-0058,training,routine log,60,3,483.7,6,67.8,104.88
PICK-0059,training,routine log,49,8,688.9,4,83.7,36.01
PICK-0060,training,routine log,62,15,859.7,6,43.9,30.81
PICK-0061,training,routine log,15,5,209.1,3,76.5,20.3
PICK-0062,training,routine log,56,18,578.4,2,50.6,34.46
PICK-0063,training,routine log,65,21,718.0,4,83.6,38.08
PICK-0064,training,routine log,52,2,496.0,2,26.3,24.26
PICK-0065,training,routine log,80,31,652.2,3,56.1,1.0
PICK-0066,training,routine log,38,3,539.5,2,37.0,25.81
PICK-0067,training,routine log,33,3,426.5,4,24.8,20.5
PICK-0068,training,routine log,76,8,358.3,6,32.6,26.42
PICK-0069,training,routine log,20,0,896.7,2,77.6,35.95
PICK-0070,training,routine log,31,8,784.8,4,74.6,30.84
PICK-0071,training,routine log,34,3,86.3,1,26.9,25.54
PICK-0072,training,routine log,45,6,895.7,1,58.2,38.12
PICK-0073,training,routine log,44,15,172.9,6,28.3,22.03
PICK-0074,training,routine log,60,11,606.1,3,40.0,35.28
PICK-0075,training,routine log,18,4,411.3,4,58.5,22.41
PICK-0076,training,routine log,73,14,685.7,6,96.3,42.74
PICK-0077,training,routine log,51,6,780.0,5,29.0,29.4
PICK-0078,training,routine log,7,1,848.5,5,94.7,34.78
PICK-0079,training,routine log,20,0,208.0,5,67.2,18.32
PICK-0080,training,routine log,78,5,114.3,5,36.1,23.58
PICK-0081,training,routine log,48,12,121.5,5,52.5,27.5
PICK-0082,training,routine log,70,14,819.3,5,46.1,36.68
PICK-0083,training,routine log,74,10,775.3,1,42.3,47.88
PICK-0084,training,routine log,77,3,691.1,1,82.4,44.97
PICK-0085,training,routine log,9,2,707.4,6,66.8,25.62
PICK-0086,training,routine log,24,7,402.2,3,93.6,30.73
PICK-0087,training,routine log,64,7,892.8,5,16.6,28.9
PICK-0088,training,routine log,73,16,493.4,4,52.2,33.01
PICK-0089,training,routine log,39,1,602.0,5,68.0,30.34
PICK-0090,training,routine log,28,7,420.9,2,89.2,32.3
PICK-0091,training,routine log,80,12,438.3,1,48.6,42.8
PICK-0092,training,routine log,23,5,134.7,4,76.7,21.59
PICK-0093,training,routine log,80,13,812.1,3,18.7,34.77
PICK-0094,training,routine log,67,7,111.1,5,15.4,22.02
PICK-0095,training,routine log,6,3,277.0,5,82.2,17.97
PICK-0096,training,routine log,80,16,160.2,1,83.0,39.09
PICK-0097,training,routine log,6,0,607.6,5,39.3,1.0
PICK-0098,training,routine log,77,12,296.7,1,40.9,41.69
PICK-0099,training,routine log,66,21,385.1,5,96.3,36.76
PICK-0100,training,routine log,17,3,433.5,3,57.1,23.93
PICK-0101,training,routine log,48,3,761.6,4,39.5,31.69
PICK-0102,training,routine log,52,7,773.3,3,47.6,35.77
PICK-0103,training,routine log,22,4,559.5,4,38.7,22.07
PICK-0104,training,routine log,36,0,128.3,2,78.5,23.61
PICK-0105,training,routine log,10,1,562.2,6,91.2,29.04
PICK-0106,training,routine log,80,5,631.1,1,90.3,49.27
PICK-0107,training,routine log,30,3,466.1,5,61.9,23.35
PICK-0108,training,routine log,44,4,758.1,2,90.8,42.53
PICK-0109,training,routine log,14,4,882.9,2,75.5,1.0
PICK-0110,training,routine log,79,10,279.2,2,85.0,36.72
PICK-0111,training,routine log,48,16,458.8,1,22.2,109.53
PICK-0112,training,routine log,57,10,352.9,3,47.5,1.0
PICK-0113,training,routine log,14,3,774.3,2,86.6,34.96
PICK-0114,training,routine log,60,6,573.3,1,63.4,40.29
PICK-0115,training,routine log,40,6,852.0,2,22.8,28.26
PICK-0116,training,routine log,63,20,126.0,6,23.4,25.13
PICK-0117,training,routine log,22,2,215.2,4,88.8,21.19
PICK-0118,training,routine log,26,7,607.1,4,39.1,23.52
PICK-0119,training,routine log,69,8,164.6,3,88.4,34.63
PICK-0120,training,routine log,66,19,455.1,1,18.8,37.48
PICK-0121,training,routine log,54,12,497.4,1,91.2,45.01
PICK-0122,training,routine log,53,18,717.7,5,66.0,37.6
PICK-0123,training,routine log,80,6,733.4,5,36.9,1.0
PICK-0124,training,routine log,34,8,462.5,6,37.0,20.69
PICK-0125,training,routine log,19,3,268.2,4,63.6,20.33
PICK-0126,training,routine log,70,18,684.9,2,90.0,49.34
PICK-0127,training,routine log,45,9,809.2,2,84.4,1.0
PICK-0128,training,routine log,74,16,633.7,5,52.9,30.7
PICK-0129,training,routine log,36,2,654.7,3,82.5,35.35
PICK-0130,training,routine log,47,7,569.2,4,89.9,34.46
PICK-0131,training,routine log,55,8,214.5,2,66.4,87.71
PICK-0132,training,routine log,33,9,153.3,2,79.3,23.66
PICK-0133,training,routine log,64,17,567.3,1,63.6,41.93
PICK-0134,training,routine log,70,11,885.0,2,95.5,48.28
PICK-0135,training,routine log,47,6,520.0,6,63.7,28.11
PICK-0136,training,routine log,8,4,819.9,4,27.6,23.76
PICK-0137,training,routine log,67,10,679.3,2,37.4,37.62
PICK-0138,training,routine log,63,16,143.3,2,63.0,28.68
PICK-0139,training,routine log,44,5,719.0,3,72.7,32.03
PICK-0140,training,routine log,39,4,756.9,1,61.3,38.32
PICK-0141,training,routine log,48,6,187.9,4,49.3,21.08
PICK-0142,training,routine log,49,6,301.9,6,91.6,31.37
PICK-0143,training,routine log,22,2,650.5,4,31.0,25.43
PICK-0144,training,routine log,22,4,569.2,3,86.1,32.33
PICK-0145,training,routine log,54,5,554.6,1,24.1,32.48
PICK-0146,training,routine log,65,6,226.0,6,57.4,27.88
PICK-0147,training,routine log,38,7,620.3,1,43.3,35.56
PICK-0148,training,routine log,51,10,338.7,2,17.3,24.63
PICK-0149,training,routine log,14,3,686.7,5,34.0,19.98
PICK-0150,training,routine log,22,5,97.9,6,57.2,16.11
PICK-0151,training,routine log,41,7,642.4,3,57.5,70.55
PICK-0152,training,routine log,62,7,891.6,5,79.8,42.74
PICK-0153,training,routine log,10,2,627.5,6,65.1,23.69
PICK-0154,training,routine log,57,19,594.7,3,93.9,39.82
PICK-0155,training,routine log,30,1,294.3,3,50.8,21.42
PICK-0156,training,routine log,78,25,143.9,4,50.6,26.91
PICK-0157,training,routine log,72,12,369.2,2,89.4,77.25
PICK-0158,training,routine log,49,7,214.4,5,91.7,27.13
PICK-0159,training,routine log,54,5,355.3,2,88.3,38.02
PICK-0160,training,routine log,39,12,138.6,2,48.2,23.67
PICK-0161,training,routine log,56,8,623.2,2,40.3,29.63
PICK-0162,training,routine log,13,3,693.9,1,45.1,87.32
PICK-0163,training,routine log,23,5,373.9,2,53.4,1.0
PICK-0164,training,routine log,44,12,373.5,1,17.2,36.3
PICK-0165,training,routine log,27,8,206.0,1,21.5,27.34
PICK-0166,training,routine log,76,18,766.2,4,46.6,39.92
PICK-0167,training,routine log,64,16,613.4,2,32.6,34.42
PICK-0168,training,routine log,69,16,578.1,4,41.8,32.15
PICK-0169,training,routine log,80,12,368.8,2,21.6,68.11
PICK-0170,training,routine log,59,21,564.1,1,61.3,43.75
PICK-0171,training,routine log,21,1,589.5,1,52.1,30.83
PICK-0172,training,routine log,17,4,867.8,2,27.9,24.14
PICK-0173,training,routine log,11,3,453.3,3,33.5,21.48
PICK-0174,training,routine log,73,12,230.1,1,26.5,35.86
PICK-0175,training,routine log,66,16,767.3,1,52.6,42.43
PICK-0176,training,routine log,76,10,777.1,4,40.9,37.46
PICK-0177,training,routine log,35,2,759.6,1,41.7,34.66
PICK-0178,training,routine log,16,5,132.1,6,72.5,17.67
PICK-0179,training,routine log,60,21,169.5,6,24.7,26.57
PICK-0180,training,routine log,65,8,887.5,2,76.9,43.27
PICK-0181,training,routine log,22,6,388.4,3,87.8,28.3
PICK-0182,training,routine log,26,8,274.3,1,55.1,31.8
PICK-0183,training,routine log,52,8,755.4,3,42.5,32.61
PICK-0184,training,routine log,21,0,643.2,1,39.2,30.28
PICK-0185,training,routine log,8,1,622.6,4,46.6,19.59
PICK-0186,training,routine log,65,13,670.1,1,92.7,49.23
PICK-0187,training,routine log,32,8,408.8,1,50.1,29.96
PICK-0188,training,routine log,36,7,137.6,2,83.7,20.39
PICK-0189,training,routine log,10,3,774.1,6,40.0,23.06
PICK-0190,training,routine log,65,11,442.0,1,45.4,44.87
PICK-0191,training,routine log,13,2,402.5,6,62.5,22.28
PICK-0192,training,routine log,45,3,521.1,6,33.2,24.87
PICK-0193,training,routine log,4,1,81.9,5,23.7,13.79
PICK-0194,training,routine log,72,16,204.0,5,90.8,37.48
PICK-0195,training,routine log,74,6,350.4,4,16.9,27.22
PICK-0196,training,routine log,26,7,193.4,4,32.8,21.13
PICK-0197,training,routine log,26,7,92.0,5,88.1,23.17
PICK-0198,training,routine log,61,7,349.7,5,15.3,27.7
PICK-0199,training,routine log,49,4,314.8,6,22.8,23.5
PICK-0200,training,routine log,53,3,225.6,6,23.4,20.35
PICK-0201,training,routine log,49,8,282.3,4,62.6,27.15
PICK-0202,training,routine log,53,17,327.6,6,95.0,36.04
PICK-0203,training,routine log,44,7,129.6,3,64.0,24.35
PICK-0204,training,routine log,32,12,540.2,3,76.4,68.77
PICK-0205,training,routine log,44,1,512.1,2,56.9,30.28
PICK-0206,training,routine log,54,18,587.7,5,16.3,31.52
PICK-0207,training,routine log,5,1,493.4,2,95.1,29.35
PICK-0208,training,routine log,37,5,724.3,4,24.1,24.35
PICK-0209,training,routine log,75,21,612.9,4,15.3,27.5
PICK-0210,training,routine log,61,14,732.3,6,37.5,33.75
PICK-0211,training,routine log,52,2,137.6,4,20.8,21.2
PICK-0212,training,routine log,21,2,434.4,6,81.7,24.53
PICK-0213,training,routine log,47,6,773.5,1,34.9,35.86
PICK-0214,training,routine log,67,18,859.2,5,79.4,43.59
PICK-0215,training,routine log,70,6,729.0,2,29.6,32.33
PICK-0216,training,routine log,25,4,463.1,4,20.7,20.13
PICK-0217,training,routine log,79,8,371.6,4,68.0,30.29
PICK-0218,training,routine log,55,12,588.0,5,93.7,38.36
PICK-0219,training,routine log,4,0,606.5,6,37.9,17.54
PICK-0220,training,routine log,17,5,143.5,1,30.7,24.58
PICK-0221,training,routine log,78,6,830.5,2,86.0,54.87
PICK-0222,training,routine log,53,6,357.9,1,48.0,33.9
PICK-0223,training,routine log,24,10,300.3,5,77.3,25.86
PICK-0224,training,routine log,61,13,417.0,4,73.2,31.88
PICK-0225,training,routine log,14,4,375.1,2,28.7,22.36
PICK-0226,training,routine log,17,3,835.1,6,81.3,27.22
PICK-0227,training,routine log,69,3,216.2,5,31.5,25.3
PICK-0228,training,routine log,42,5,754.8,5,62.5,31.17
PICK-0229,training,routine log,74,7,406.3,5,95.6,33.41
PICK-0230,training,routine log,65,4,585.0,4,30.4,32.08
PICK-0231,training,routine log,5,0,494.9,1,49.1,27.96
PICK-0232,training,routine log,74,21,796.5,5,44.2,36.61
PICK-0233,training,routine log,36,4,571.7,1,74.4,41.79
PICK-0234,training,routine log,22,4,144.4,2,22.5,19.65
PICK-0235,training,routine log,41,8,326.0,6,83.9,26.5
PICK-0236,training,routine log,17,7,470.6,3,49.7,23.19
PICK-0237,training,routine log,46,5,102.3,3,58.4,23.58
PICK-0238,training,routine log,10,2,787.6,3,58.7,28.97
PICK-0239,training,routine log,29,8,411.5,3,44.1,1.0
PICK-0240,training,routine log,7,0,482.5,6,42.0,17.22
PICK-0241,training,routine log,5,1,870.4,5,70.6,27.77
PICK-0242,training,routine log,78,18,316.5,5,37.3,32.58
PICK-0243,training,routine log,64,5,607.0,5,89.1,5.06
PICK-0244,training,routine log,53,7,242.5,6,84.1,1.0
PICK-0245,training,routine log,23,3,110.8,6,64.8,16.62
PICK-0246,training,routine log,61,20,132.2,5,26.1,27.37
PICK-0247,training,routine log,59,12,494.3,3,43.9,37.22
PICK-0248,training,routine log,34,8,88.6,4,85.3,26.44
PICK-0249,training,routine log,33,4,468.5,3,19.6,20.89
PICK-0250,training,routine log,31,7,692.2,1,23.8,33.16
PICK-0251,training,routine log,52,1,331.4,2,64.7,26.12
PICK-0252,training,routine log,45,10,287.0,4,60.3,25.63
PICK-0253,training,routine log,12,3,242.2,2,63.9,18.26
PICK-0254,training,routine log,44,7,232.6,5,82.1,24.96
PICK-0255,training,routine log,48,10,755.1,5,43.8,30.15
PICK-0256,training,routine log,72,14,476.7,6,90.6,38.48
PICK-0257,training,routine log,56,5,344.6,4,95.5,29.2
PICK-0258,training,routine log,61,5,367.3,4,46.4,26.17
PICK-0259,training,routine log,52,13,393.5,6,96.8,31.76
PICK-0260,training,routine log,63,7,882.2,5,34.5,34.57
PICK-0261,training,routine log,14,1,311.4,6,74.8,19.79
PICK-0262,training,routine log,9,3,263.2,4,95.3,24.2
PICK-0263,training,routine log,34,7,575.5,2,24.3,31.34
PICK-0264,training,routine log,55,15,497.1,2,22.2,30.58
PICK-0265,training,routine log,40,13,345.1,3,79.2,31.02
PICK-0266,training,routine log,76,3,273.0,2,24.5,33.7
PICK-0267,training,routine log,73,4,359.6,5,78.1,1.0
PICK-0268,training,routine log,20,0,179.2,2,25.4,18.34
PICK-0269,training,routine log,60,4,729.5,3,53.8,35.28
PICK-0270,training,routine log,37,9,648.1,4,79.4,34.97
PICK-0271,training,routine log,28,5,677.9,6,61.2,26.63
PICK-0272,training,routine log,41,6,198.4,1,62.7,30.96
PICK-0273,training,routine log,18,5,275.3,3,49.9,18.08
PICK-0274,training,routine log,19,9,630.5,5,91.9,33.77
PICK-0275,training,routine log,68,14,482.6,4,67.5,37.32
PICK-0276,training,routine log,43,6,666.2,6,44.7,26.5
PICK-0277,training,routine log,23,9,480.6,4,38.7,22.31
PICK-0278,training,routine log,71,17,406.4,1,30.5,36.85
PICK-0279,training,routine log,32,4,810.5,1,46.0,37.87
PICK-0280,training,routine log,69,6,608.5,5,51.1,32.33
PICK-0281,training,routine log,51,10,109.4,5,43.0,20.7
PICK-0282,training,routine log,56,3,619.8,6,40.1,31.31
PICK-0283,training,routine log,6,1,174.4,5,55.8,15.37
PICK-0284,training,routine log,20,1,105.7,3,21.3,17.56
PICK-0285,training,routine log,12,2,755.7,5,38.7,25.33
PICK-0286,training,routine log,52,2,208.3,1,80.5,37.57
PICK-0287,training,routine log,27,1,762.5,5,46.9,26.08
PICK-0288,training,routine log,11,1,581.8,4,64.7,24.77
PICK-0289,training,routine log,61,2,91.2,6,38.6,24.05
PICK-0290,training,routine log,70,18,680.4,2,26.1,1.0
PICK-0291,training,routine log,27,8,310.6,2,22.5,25.34
PICK-0292,training,routine log,12,0,223.6,6,62.1,17.49
PICK-0293,training,routine log,24,9,278.1,6,69.7,20.48
PICK-0294,training,routine log,42,10,556.2,3,63.4,31.77
PICK-0295,training,routine log,11,3,483.5,1,35.8,81.38
PICK-0296,training,routine log,9,2,263.2,4,48.2,17.42
PICK-0297,training,routine log,74,11,415.2,4,68.2,34.38
PICK-0298,training,routine log,34,0,835.5,5,58.8,32.83
PICK-0299,training,routine log,34,4,82.6,3,44.9,19.97
PICK-0300,training,routine log,45,6,501.0,5,30.1,25.72
PICK-0301,training,routine log,13,2,698.8,4,61.7,24.29
PICK-0302,training,routine log,61,13,704.3,5,87.1,42.08
PICK-0303,training,routine log,25,5,123.3,1,29.6,25.72
PICK-0304,training,routine log,27,5,158.3,4,31.8,18.5
PICK-0305,training,routine log,27,6,637.0,5,94.6,33.04
PICK-0306,training,routine log,30,1,624.9,1,19.6,31.65
PICK-0307,training,routine log,8,2,482.2,1,60.2,28.56
PICK-0308,training,routine log,79,11,697.3,2,93.8,51.02
PICK-0309,training,routine log,59,7,252.8,6,85.4,29.17
PICK-0310,training,routine log,33,1,106.0,5,33.1,17.61
PICK-0311,training,routine log,8,3,288.1,6,22.8,14.47
PICK-0312,training,routine log,5,1,88.5,2,78.5,104.26
PICK-0313,training,routine log,70,24,874.0,5,74.6,38.98
PICK-0314,training,routine log,34,3,465.8,2,40.3,25.54
PICK-0315,training,routine log,13,2,280.3,5,15.9,18.27
PICK-0316,training,routine log,54,1,261.6,2,43.5,25.35
PICK-0317,training,routine log,4,1,470.4,3,45.6,18.89
PICK-0318,training,routine log,63,1,101.8,3,36.8,22.45
PICK-0319,training,routine log,7,2,647.3,2,37.9,23.56
PICK-0320,training,routine log,45,9,328.7,1,70.3,35.14
PICK-0321,training,routine log,9,2,500.9,1,23.6,27.19
PICK-0322,training,routine log,33,2,85.4,6,21.7,18.23
PICK-0323,training,routine log,62,9,862.8,4,56.0,36.3
PICK-0324,training,routine log,51,13,105.2,6,62.8,23.96
PICK-0325,training,routine log,57,10,237.6,5,82.2,27.79
PICK-0326,training,routine log,35,6,100.5,3,95.0,23.79
PICK-0327,training,routine log,50,15,153.0,6,80.2,80.59
PICK-0328,training,routine log,47,7,315.2,5,95.8,31.95
PICK-0329,training,routine log,7,1,122.2,6,53.0,16.6
PICK-0330,training,routine log,53,14,839.1,4,69.1,40.17
PICK-0331,training,routine log,47,8,282.2,1,67.6,38.43
PICK-0332,training,routine log,41,11,208.8,4,40.6,23.37
PICK-0333,training,routine log,6,0,638.5,2,73.5,27.02
PICK-0334,training,routine log,31,12,212.1,5,59.1,99.45
PICK-0335,training,routine log,49,5,425.4,2,51.1,30.08
PICK-0336,training,routine log,23,4,682.3,3,59.5,30.74
PICK-0337,training,routine log,74,22,195.5,5,91.2,36.23
PICK-0338,training,routine log,16,5,418.2,2,65.7,24.45
PICK-0339,training,routine log,62,15,374.4,5,26.1,29.57
PICK-0340,training,routine log,73,9,508.6,1,37.9,38.21
PICK-0341,training,routine log,61,8,513.1,3,65.7,35.08
PICK-0342,training,routine log,38,10,483.6,6,70.6,29.79
PICK-0343,training,routine log,26,9,747.3,5,74.2,30.58
PICK-0344,training,routine log,57,1,582.8,2,72.0,34.27
PICK-0345,training,routine log,25,2,216.8,5,96.5,24.92
PICK-0346,training,routine log,60,6,609.9,2,20.5,35.54
PICK-0347,training,routine log,68,10,145.8,5,31.3,33.24
PICK-0348,training,routine log,6,2,861.3,5,75.2,28.89
PICK-0349,training,routine log,17,4,577.0,3,64.8,27.47
PICK-0350,training,routine log,47,9,762.1,3,89.1,42.06
PICK-0351,training,routine log,50,11,250.5,5,44.1,24.84
PICK-0352,training,routine log,8,2,216.8,5,85.5,18.84
PICK-0353,training,routine log,56,19,728.8,5,89.3,44.6
PICK-0354,training,routine log,25,2,818.9,2,58.1,76.65
PICK-0355,training,routine log,49,1,178.5,4,93.0,29.43
PICK-0356,training,routine log,66,1,801.8,5,69.3,42.35
PICK-0357,training,routine log,16,6,168.1,4,92.2,22.11
PICK-0358,training,routine log,53,10,204.1,6,30.1,25.25
PICK-0359,training,routine log,50,12,775.4,3,72.9,41.12
PICK-0360,training,routine log,48,15,899.2,3,49.3,34.92
PICK-0361,training,routine log,22,3,623.9,1,22.1,30.51
PICK-0362,training,routine log,19,5,179.9,6,93.8,23.67
PICK-0363,training,routine log,22,3,254.6,2,17.3,19.3
PICK-0364,training,routine log,50,13,368.2,5,85.0,32.37
PICK-0365,training,routine log,19,2,530.9,6,32.9,21.17
PICK-0366,training,routine log,16,1,348.0,5,39.6,17.84
PICK-0367,training,routine log,23,6,466.5,3,80.9,103.82
PICK-0368,training,routine log,32,5,527.5,6,15.4,21.29
PICK-0369,training,routine log,75,6,200.5,5,61.0,31.12
PICK-0370,training,routine log,9,0,666.9,3,29.9,22.92
PICK-0371,training,routine log,72,14,632.6,1,90.7,52.03
PICK-0372,training,routine log,31,1,686.2,2,54.1,28.06
PICK-0373,training,routine log,58,9,877.6,3,74.3,43.15
PICK-0374,training,routine log,17,3,361.3,3,94.6,26.48
PICK-0375,training,routine log,54,6,362.8,5,82.1,32.42
PICK-0376,training,routine log,6,0,803.4,1,26.5,30.1
PICK-0377,training,routine log,9,0,145.3,5,37.7,15.7
PICK-0378,training,routine log,16,1,159.0,1,78.5,27.8
PICK-0379,training,routine log,50,4,223.3,3,45.8,24.58
PICK-0380,training,routine log,26,2,758.5,1,61.7,38.69
PICK-0381,training,routine log,6,2,642.5,2,77.0,27.88
PICK-0382,training,routine log,7,2,844.4,2,86.8,33.65
PICK-0383,training,routine log,17,6,885.7,2,25.4,28.56
PICK-0384,training,routine log,21,5,161.8,4,78.0,19.67
PICK-0385,training,routine log,23,4,169.2,2,15.5,23.46
PICK-0386,training,routine log,58,1,391.9,6,36.1,23.99
PICK-0387,training,routine log,15,1,571.5,4,37.1,24.59
PICK-0388,training,routine log,20,2,178.1,4,63.0,17.81
PICK-0389,training,routine log,54,4,157.1,2,95.4,34.79
PICK-0390,training,routine log,54,7,118.3,4,18.0,25.0
PICK-0391,training,routine log,76,6,393.0,5,73.2,37.02
PICK-0392,training,routine log,58,11,314.8,1,84.7,37.48
PICK-0393,training,routine log,30,11,273.2,4,51.9,18.7
PICK-0394,training,routine log,16,0,738.9,2,25.1,23.35
PICK-0395,training,routine log,24,0,334.3,4,31.8,18.02
PICK-0396,training,routine log,23,4,601.3,4,33.6,21.18
PICK-0397,training,routine log,42,6,379.6,1,64.2,33.79
PICK-0398,training,routine log,28,8,556.0,2,97.5,39.13
PICK-0399,training,routine log,28,1,565.5,1,62.3,34.12
PICK-0400,training,routine log,70,17,779.8,6,43.6,33.22
PICK-0401,training,routine log,7,3,620.3,5,65.6,23.02
PICK-0402,training,routine log,47,6,226.0,5,96.5,32.43
PICK-0403,training,routine log,63,9,819.6,4,42.5,38.43
PICK-0404,training,routine log,59,21,140.2,5,33.7,26.01
PICK-0405,training,routine log,47,15,516.9,6,56.9,27.12
PICK-0406,training,routine log,38,9,386.6,3,49.8,26.03
PICK-0407,training,routine log,48,13,526.2,4,73.3,32.53
PICK-0408,training,routine log,54,4,712.1,5,28.1,26.84
PICK-0409,training,routine log,43,7,473.5,5,26.5,20.39
PICK-0410,training,routine log,64,13,376.7,5,60.4,30.7
PICK-0411,training,routine log,4,0,273.6,1,55.3,25.6
PICK-0412,training,routine log,36,9,821.6,1,17.0,36.8
PICK-0413,training,routine log,79,8,523.8,3,65.7,40.37
PICK-0414,training,routine log,19,4,544.1,5,40.9,20.9
PICK-0415,training,routine log,26,1,659.3,4,80.9,26.59
PICK-0416,training,routine log,12,1,340.3,2,56.4,17.35
PICK-0417,training,routine log,20,6,269.0,4,97.2,26.26
PICK-0418,training,routine log,59,12,319.8,5,40.3,28.57
PICK-0419,training,routine log,37,5,246.7,4,16.0,18.04
PICK-0420,training,routine log,66,15,483.3,1,39.5,36.98
PICK-0421,training,routine log,25,7,445.7,6,61.1,24.33
PICK-0422,training,routine log,49,4,111.0,4,38.2,117.36
PICK-0423,training,routine log,75,21,720.6,1,45.8,47.28
PICK-0424,training,routine log,35,5,319.6,1,86.8,40.45
PICK-0425,training,routine log,37,6,148.6,5,88.8,27.01
PICK-0426,training,routine log,30,8,677.3,1,58.3,35.22
PICK-0427,training,routine log,7,1,641.6,3,83.5,26.14
PICK-0428,training,routine log,36,0,581.6,1,93.4,39.51
PICK-0429,training,routine log,32,5,767.3,3,64.0,34.84
PICK-0430,training,routine log,78,27,668.3,3,79.7,36.19
PICK-0431,training,routine log,56,12,110.9,2,90.5,35.47
PICK-0432,training,routine log,52,7,683.3,5,54.7,32.35
PICK-0433,training,routine log,75,16,402.1,6,64.4,26.51
PICK-0434,training,routine log,46,14,355.2,1,46.5,31.46
PICK-0435,training,routine log,61,20,651.7,6,53.0,35.08
PICK-0436,training,routine log,68,9,182.1,3,89.3,31.41
PICK-0437,training,routine log,59,10,754.0,6,58.3,31.58
PICK-0438,training,routine log,16,7,406.6,1,31.4,28.61
PICK-0439,training,routine log,22,5,664.2,4,52.2,26.72
PICK-0440,training,routine log,48,14,398.8,4,79.4,30.31
PICK-0441,training,routine log,25,9,308.1,4,59.0,1.0
PICK-0442,training,routine log,17,1,773.4,5,74.4,27.14
PICK-0443,training,routine log,51,1,588.5,5,39.7,29.92
PICK-0444,training,routine log,25,4,322.2,3,34.0,19.34
PICK-0445,training,routine log,9,2,168.6,4,51.7,16.41
PICK-0446,training,routine log,4,0,661.7,3,95.4,29.58
PICK-0447,training,routine log,46,6,807.8,3,16.2,27.84
PICK-0448,training,routine log,54,7,637.4,5,82.9,32.21
PICK-0449,training,routine log,6,1,134.4,1,37.0,128.9
PICK-0450,training,routine log,65,19,484.5,1,81.2,42.38
PICK-0451,training,routine log,53,4,760.1,2,38.4,35.65
PICK-0452,training,routine log,41,0,616.9,6,89.9,34.51
PICK-0453,training,routine log,64,3,321.4,6,25.8,28.17
PICK-0454,training,routine log,70,3,300.1,5,87.5,37.07
PICK-0455,training,routine log,56,10,734.9,4,21.1,25.9
PICK-0456,training,routine log,13,3,688.6,6,97.8,125.11
PICK-0457,training,routine log,8,4,489.2,1,46.3,28.0
PICK-0458,training,routine log,29,3,898.8,2,63.7,34.29
PICK-0459,training,routine log,43,4,516.7,3,66.3,30.9
PICK-0460,training,routine log,36,4,421.1,1,49.6,30.49
PICK-0461,training,routine log,61,15,444.7,3,65.8,29.69
PICK-0462,training,routine log,21,8,411.3,3,27.1,1.0
PICK-0463,training,routine log,54,5,598.8,2,37.5,36.25
PICK-0464,training,routine log,46,5,217.2,6,72.1,25.85
PICK-0465,training,routine log,55,7,402.8,3,20.8,27.35
PICK-0466,training,routine log,17,3,433.7,4,65.5,24.13
PICK-0467,training,routine log,79,25,187.1,5,45.6,34.31
PICK-0468,training,routine log,41,8,280.0,2,67.3,28.32
PICK-0469,training,routine log,48,11,810.3,1,51.6,37.98
PICK-0470,training,routine log,78,10,212.0,6,30.3,27.37
PICK-0471,training,routine log,45,5,257.2,6,45.3,26.56
PICK-0472,training,routine log,14,1,441.2,6,75.3,116.48
PICK-0473,training,routine log,12,3,555.1,2,43.2,25.39
PICK-0474,training,routine log,11,1,119.7,6,58.8,15.53
PICK-0475,training,routine log,6,0,571.1,1,44.5,28.14
PICK-0476,training,routine log,12,3,419.3,3,91.5,26.6
PICK-0477,training,routine log,80,8,383.1,2,93.5,42.2
PICK-0478,training,routine log,17,7,650.2,2,25.8,25.32
PICK-0479,training,routine log,59,0,146.7,6,64.8,27.88
PICK-0480,training,routine log,37,4,237.4,6,68.8,20.49
PICK-0481,training,routine log,65,18,361.2,5,73.2,37.68
PICK-0482,training,routine log,25,5,627.6,6,54.2,23.36
PICK-0483,training,routine log,76,15,108.3,2,38.1,30.63
PICK-0484,training,routine log,66,16,455.5,2,83.0,40.46
PICK-0485,training,routine log,35,1,176.8,1,59.3,29.71
PICK-0486,training,routine log,46,5,311.4,4,53.1,21.4
PICK-0487,training,routine log,28,9,891.5,5,46.8,27.57
PICK-0488,training,routine log,69,9,642.4,4,47.7,37.53
PICK-0489,training,routine log,36,7,376.5,6,40.1,120.06
PICK-0490,training,routine log,48,5,664.8,5,29.7,25.92
PICK-0491,training,routine log,8,4,155.5,6,28.7,17.25
PICK-0492,training,routine log,78,16,554.6,2,22.6,36.25
PICK-0493,training,routine log,50,11,486.2,3,54.0,32.34
PICK-0494,training,routine log,62,8,193.8,6,87.5,33.34
PICK-0495,training,routine log,64,9,407.7,3,76.5,29.46
PICK-0496,training,routine log,60,19,844.1,3,81.6,37.13
PICK-0497,training,routine log,43,3,346.3,4,16.9,20.0
PICK-0498,training,routine log,46,14,291.9,5,17.1,19.87
PICK-0499,training,routine log,14,1,208.5,4,84.3,19.69
PICK-0500,training,routine log,66,6,604.0,5,72.5,34.15
PICK-0501,training,routine log,31,5,483.7,3,18.7,22.58
PICK-0502,training,routine log,12,3,310.1,3,30.6,16.03
PICK-0503,training,routine log,46,3,606.8,4,16.2,23.8
PICK-0504,training,routine log,77,17,563.6,5,51.8,37.29
PICK-0505,training,routine log,14,2,411.2,2,18.2,23.92
PICK-0506,training,routine log,30,8,707.9,4,89.3,35.62
PICK-0507,training,routine log,43,2,183.8,5,19.9,18.01
PICK-0508,training,routine log,76,19,814.1,5,75.8,43.22
PICK-0509,training,routine log,76,10,411.2,1,29.4,44.35
PICK-0510,training,routine log,78,18,157.2,5,75.8,36.37
PICK-0511,training,routine log,20,4,506.7,5,60.6,25.34
PICK-0512,training,routine log,28,0,609.9,3,83.9,29.91
PICK-0513,training,routine log,35,5,692.7,6,33.1,23.72
PICK-0514,training,routine log,20,2,191.2,5,52.6,17.61
PICK-0515,training,routine log,65,18,580.9,1,33.6,40.55
PICK-0516,training,routine log,60,15,861.7,2,65.7,119.94
PICK-0517,training,routine log,9,2,456.2,5,55.8,19.62
PICK-0518,training,routine log,7,0,802.4,2,35.8,25.13
PICK-0519,training,routine log,4,1,819.9,4,82.5,29.1
PICK-0520,training,routine log,44,12,790.5,5,71.8,39.74
PICK-0521,training,routine log,66,12,732.8,6,58.6,34.59
PICK-0522,training,routine log,75,10,830.1,1,96.0,57.68
PICK-0523,training,routine log,29,2,786.8,1,47.8,38.14
PICK-0524,training,routine log,78,14,712.1,1,56.0,49.41
PICK-0525,training,routine log,17,3,537.9,3,94.6,32.5
PICK-0526,training,routine log,9,1,888.9,1,70.6,39.97
PICK-0527,training,routine log,34,3,331.8,4,50.7,1.0
PICK-0528,training,routine log,60,15,319.1,4,66.3,29.46
PICK-0529,training,routine log,63,18,472.0,4,21.9,27.1
PICK-0530,training,routine log,68,15,409.7,3,63.0,30.31
PICK-0531,training,routine log,14,1,760.2,4,28.8,21.17
PICK-0532,training,routine log,44,6,470.7,6,65.5,25.05
PICK-0533,training,routine log,56,9,581.1,3,71.9,34.35
PICK-0534,training,routine log,73,23,746.0,3,62.7,36.6
PICK-0535,training,routine log,31,1,407.0,4,89.2,28.29
PICK-0536,training,routine log,54,6,687.8,1,40.1,41.81
PICK-0537,training,routine log,54,2,771.3,2,92.9,43.27
PICK-0538,training,routine log,6,1,352.3,6,70.6,17.17
PICK-0539,training,routine log,79,16,438.7,1,90.4,49.77
PICK-0540,training,routine log,38,2,130.8,1,96.8,34.85
PICK-0541,training,routine log,26,2,597.7,2,46.3,27.09
PICK-0542,training,routine log,46,16,809.2,2,35.7,37.03
PICK-0543,training,routine log,67,18,90.7,1,88.3,42.01
PICK-0544,training,routine log,32,4,829.9,3,92.9,2.95
PICK-0545,training,routine log,48,8,845.5,1,95.7,50.16
PICK-0546,training,routine log,16,3,177.2,2,95.0,28.88
PICK-0547,training,routine log,23,1,683.8,5,23.7,21.37
PICK-0548,training,routine log,39,12,822.6,4,48.9,32.53
PICK-0549,training,routine log,9,2,584.3,1,33.7,27.91
PICK-0550,training,routine log,44,7,180.3,1,53.8,33.59
PICK-0551,training,routine log,5,4,659.4,6,26.2,18.87
PICK-0552,training,routine log,8,0,823.6,5,78.8,29.14
PICK-0553,training,routine log,53,7,523.0,1,70.7,40.14
PICK-0554,training,routine log,61,5,264.0,5,32.4,27.61
PICK-0555,training,routine log,20,8,752.4,3,95.9,37.39
PICK-0556,training,routine log,28,7,621.3,2,17.4,23.11
PICK-0557,training,routine log,58,7,441.1,2,26.4,34.67
PICK-0558,training,routine log,63,1,437.5,4,48.0,29.82
PICK-0559,training,routine log,74,16,183.8,1,96.8,45.66
PICK-0560,training,routine log,44,10,467.6,4,33.9,28.06
PICK-0561,training,routine log,66,9,806.9,3,66.9,41.0
PICK-0562,training,routine log,75,9,383.7,2,58.3,36.43
PICK-0563,training,routine log,6,0,152.6,3,61.7,14.92
PICK-0564,training,routine log,61,16,735.1,4,79.6,1.0
PICK-0565,training,routine log,4,0,679.0,2,58.4,25.24
PICK-0566,training,routine log,61,10,646.5,3,92.1,38.17
PICK-0567,training,routine log,26,5,346.8,2,91.3,31.1
PICK-0568,training,routine log,76,14,406.3,2,76.4,39.95
PICK-0569,training,routine log,49,5,831.6,5,87.8,38.88
PICK-0570,training,routine log,60,15,621.6,4,43.5,30.36
PICK-0571,training,routine log,54,10,125.3,6,33.3,24.14
PICK-0572,training,routine log,72,8,258.8,2,21.6,30.99
PICK-0573,training,routine log,58,9,360.4,1,47.0,37.68
PICK-0574,training,routine log,6,1,154.1,5,93.2,21.02
PICK-0575,training,routine log,10,2,623.7,5,58.0,23.89
PICK-0576,training,routine log,69,8,873.5,2,44.8,99.84
PICK-0577,training,routine log,78,13,571.8,4,23.1,39.11
PICK-0578,training,routine log,33,2,239.4,5,42.7,23.59
PICK-0579,training,routine log,59,12,492.5,3,35.7,1.0
PICK-0580,training,routine log,39,9,589.7,1,24.1,35.49
PICK-0581,training,routine log,38,3,268.5,4,59.0,23.48
PICK-0582,training,routine log,13,3,494.7,3,80.5,26.12
PICK-0583,training,routine log,71,15,835.1,1,65.0,48.09
PICK-0584,training,routine log,41,7,638.5,3,28.8,26.7
PICK-0585,training,routine log,56,5,781.4,4,79.0,41.22
PICK-0586,training,routine log,65,16,525.1,5,54.2,35.99
PICK-0587,training,routine log,48,3,208.9,2,51.8,24.61
PICK-0588,training,routine log,73,7,695.8,1,83.9,47.66
PICK-0589,training,routine log,51,10,237.1,6,32.9,23.8
PICK-0590,training,routine log,43,6,212.4,2,39.1,27.65
PICK-0591,training,routine log,76,5,394.6,6,91.3,38.72
PICK-0592,training,routine log,74,3,205.6,5,78.3,27.11
PICK-0593,training,routine log,69,19,885.6,3,89.9,46.88
PICK-0594,training,routine log,63,12,463.7,4,30.7,27.69
PICK-0595,training,routine log,4,0,625.2,4,62.6,21.37
PICK-0596,training,routine log,37,12,450.9,3,28.8,23.01
PICK-0597,training,routine log,74,20,190.9,3,84.0,31.6
PICK-0598,training,routine log,54,17,758.8,5,51.3,35.41
PICK-0599,training,routine log,62,10,852.1,2,91.0,50.01
PICK-0600,training,routine log,15,5,716.4,3,92.5,34.6
PICK-0601,training,routine log,25,7,276.9,3,57.2,24.44
PICK-0602,training,routine log,30,4,197.2,3,71.0,23.37
PICK-0603,training,routine log,48,9,604.0,5,82.5,31.14
PICK-0604,training,routine log,20,1,806.3,6,78.1,30.62
PICK-0605,training,routine log,5,1,546.6,5,67.7,21.68
PICK-0606,training,routine log,42,1,134.8,1,97.7,33.63
PICK-0607,training,routine log,65,11,568.7,5,21.4,30.98
PICK-0608,training,routine log,35,3,298.2,6,73.9,21.55
PICK-0609,training,routine log,29,1,198.2,5,47.8,20.65
PICK-0610,training,routine log,20,1,195.1,2,96.0,24.36
PICK-0611,training,routine log,49,9,464.9,6,51.6,24.87
PICK-0612,training,routine log,69,9,539.8,3,61.2,31.63
PICK-0613,training,routine log,50,10,339.0,5,76.3,34.25
PICK-0614,training,routine log,49,7,572.6,5,66.2,30.55
PICK-0615,training,routine log,52,2,671.2,3,22.1,28.33
PICK-0616,training,routine log,13,1,851.5,3,95.9,36.89
PICK-0617,training,routine log,36,10,782.1,3,23.2,25.6
PICK-0618,training,routine log,28,4,470.3,1,15.2,30.88
PICK-0619,training,routine log,79,18,175.5,3,27.5,29.62
PICK-0620,training,routine log,40,6,592.7,1,97.7,45.65
PICK-0621,training,routine log,47,13,387.5,2,89.6,39.35
PICK-0622,training,routine log,48,2,245.1,3,91.7,27.9
PICK-0623,training,routine log,32,7,880.7,3,80.9,41.44
PICK-0624,training,routine log,22,7,454.5,5,85.4,30.35
PICK-0625,training,routine log,55,8,134.6,5,71.6,25.86
PICK-0626,training,routine log,63,12,339.4,5,42.3,32.77
PICK-0627,training,routine log,14,6,751.5,4,75.5,27.61
PICK-0628,training,routine log,79,8,228.1,3,56.4,37.76
PICK-0629,training,routine log,10,3,334.0,5,49.9,19.21
PICK-0630,training,routine log,23,6,306.6,3,92.4,24.27
PICK-0631,training,routine log,35,12,261.4,1,84.3,40.22
PICK-0632,training,routine log,74,21,347.8,6,67.6,39.24
PICK-0633,training,routine log,59,20,851.8,2,38.2,41.42
PICK-0634,training,routine log,55,13,632.3,3,50.1,27.99
PICK-0635,training,routine log,61,13,476.4,4,64.6,31.27
PICK-0636,training,routine log,34,7,587.8,1,33.2,32.9
PICK-0637,training,routine log,14,1,548.2,6,54.5,16.81
PICK-0638,training,routine log,70,17,260.3,2,62.9,36.59
PICK-0639,training,routine log,13,0,498.4,4,41.7,23.17
PICK-0640,training,routine log,69,10,724.9,2,80.6,36.91
PICK-0641,training,routine log,6,0,564.2,3,87.2,30.13
PICK-0642,training,routine log,51,10,565.9,5,55.0,27.18
PICK-0643,training,routine log,41,1,577.5,1,35.6,31.34
PICK-0644,training,routine log,4,0,281.5,4,88.4,20.7
PICK-0645,training,routine log,65,5,484.9,2,38.7,33.57
PICK-0646,training,routine log,5,0,338.8,1,45.7,24.66
PICK-0647,training,routine log,26,1,409.0,6,48.9,23.58
PICK-0648,training,routine log,71,20,176.9,3,74.5,31.25
PICK-0649,training,routine log,14,0,526.4,6,53.5,23.12
PICK-0650,training,routine log,67,24,538.8,6,38.0,34.56
PICK-0651,training,routine log,44,12,588.2,6,90.5,34.36
PICK-0652,training,routine log,70,16,810.7,5,45.9,116.41
PICK-0653,training,routine log,30,4,442.2,1,64.1,34.03
PICK-0654,training,routine log,27,11,632.3,6,72.3,30.45
PICK-0655,training,routine log,58,11,840.9,4,78.1,40.36
PICK-0656,training,routine log,55,10,316.4,5,93.4,31.93
PICK-0657,training,routine log,59,11,630.9,6,23.3,30.11
PICK-0658,training,routine log,13,1,589.4,5,54.4,22.78
PICK-0659,training,routine log,27,0,471.0,1,16.9,27.67
PICK-0660,training,routine log,33,8,409.6,1,33.7,26.36
PICK-0661,training,routine log,13,0,217.4,1,95.7,32.81
PICK-0662,training,routine log,79,21,351.4,5,44.2,28.02
PICK-0663,training,routine log,45,4,324.8,4,63.9,28.69
PICK-0664,training,routine log,41,9,265.3,3,17.9,20.89
PICK-0665,training,routine log,78,19,106.9,1,48.2,1.0
PICK-0666,training,routine log,51,1,575.8,1,15.4,34.48
PICK-0667,training,routine log,25,2,555.6,2,30.7,24.83
PICK-0668,training,routine log,76,6,310.2,2,32.8,27.76
PICK-0669,training,routine log,19,5,712.5,3,34.9,27.88
PICK-0670,training,routine log,9,1,668.4,4,68.0,100.26
PICK-0671,training,routine log,12,4,484.5,5,59.0,22.58
PICK-0672,training,routine log,40,10,463.4,4,65.3,28.93
PICK-0673,training,routine log,65,1,594.2,1,70.7,44.61
PICK-0674,training,routine log,37,10,381.8,6,89.6,1.0
PICK-0675,training,routine log,74,6,104.0,3,48.9,34.9
PICK-0676,training,routine log,18,2,385.2,1,69.3,30.42
PICK-0677,training,routine log,12,2,118.7,3,63.7,17.88
PICK-0678,training,routine log,79,23,94.5,3,17.5,27.96
PICK-0679,training,routine log,70,3,771.0,6,97.8,40.31
PICK-0680,training,routine log,78,3,168.0,4,43.2,25.96
PICK-0681,training,routine log,35,5,476.4,1,31.4,33.8
PICK-0682,training,routine log,39,8,760.1,5,71.0,30.81
PICK-0683,training,routine log,37,4,886.3,6,20.1,125.42
PICK-0684,training,routine log,5,1,487.4,4,86.0,25.11
PICK-0685,training,routine log,76,23,626.7,6,16.7,113.7
PICK-0686,training,routine log,47,4,388.6,6,74.6,26.23
PICK-0687,training,routine log,59,7,554.4,6,18.9,29.12
PICK-0688,training,routine log,33,1,731.9,4,86.9,33.94
PICK-0689,training,routine log,18,5,786.7,2,67.0,31.78
PICK-0690,training,routine log,70,6,374.1,6,97.2,38.14
PICK-0691,training,routine log,47,15,364.3,3,54.2,30.61
PICK-0692,training,routine log,75,11,622.7,4,68.2,40.32
PICK-0693,training,routine log,27,3,83.5,4,56.7,16.35
PICK-0694,training,routine log,18,3,888.2,2,44.5,28.26
PICK-0695,training,routine log,37,9,293.5,3,70.2,32.74
PICK-0696,training,routine log,79,19,197.6,3,63.4,30.41
PICK-0697,training,routine log,57,7,441.9,4,31.9,116.63
PICK-0698,training,routine log,26,6,843.4,5,65.3,29.18
PICK-0699,training,routine log,63,15,298.3,3,47.6,29.85
PICK-0700,training,routine log,21,5,255.5,5,36.5,18.07
PICK-0701,training,routine log,55,15,566.4,6,52.4,32.01
PICK-0702,training,routine log,22,4,487.9,1,44.0,30.79
PICK-0703,training,routine log,6,1,815.5,3,82.0,29.28
PICK-0704,training,routine log,41,9,682.9,2,28.1,32.79
PICK-0705,training,routine log,42,0,782.2,1,34.2,39.65
PICK-0706,training,routine log,18,2,753.8,2,93.1,35.04
PICK-0707,training,routine log,63,6,367.2,5,23.2,25.68
PICK-0708,training,routine log,35,8,312.9,3,72.2,26.5
PICK-0709,training,routine log,55,11,694.6,3,26.6,31.45
PICK-0710,training,routine log,24,0,787.8,6,58.2,29.18
PICK-0711,training,routine log,57,10,575.0,5,78.1,1.0
PICK-0712,training,routine log,32,4,416.5,5,21.2,18.9
PICK-0713,training,routine log,22,5,142.0,5,71.1,18.54
PICK-0714,training,routine log,55,1,428.9,4,22.5,26.87
PICK-0715,training,routine log,73,13,801.6,1,66.2,55.0
PICK-0716,training,routine log,59,11,603.7,4,42.1,30.33
PICK-0717,training,routine log,58,11,214.5,2,39.9,28.13
PICK-0718,training,routine log,61,16,708.0,2,52.1,37.28
PICK-0719,training,routine log,75,10,481.7,5,63.7,36.44
PICK-0720,training,routine log,75,8,656.3,1,68.3,49.01
PICK-0721,training,routine log,21,3,89.5,1,87.3,34.16
PICK-0722,training,routine log,76,12,256.8,1,97.4,47.57
PICK-0723,training,routine log,29,5,706.9,1,55.4,1.0
PICK-0724,training,routine log,25,5,784.6,2,83.4,35.18
PICK-0725,training,routine log,31,2,576.9,6,39.8,23.16
PICK-0726,training,routine log,31,7,137.9,6,56.9,19.47
PICK-0727,training,routine log,12,0,134.4,6,38.6,13.85
PICK-0728,training,routine log,75,20,422.2,2,91.6,43.24
PICK-0729,training,routine log,77,20,864.7,3,74.0,39.74
PICK-0730,training,routine log,54,16,354.1,4,82.6,28.95
PICK-0731,training,routine log,5,1,588.9,6,16.5,15.89
PICK-0732,training,routine log,67,7,860.9,1,36.1,48.56
PICK-0733,training,routine log,25,4,250.3,6,92.2,26.68
PICK-0734,training,routine log,53,15,879.1,3,31.7,1.0
PICK-0735,training,routine log,5,0,763.7,5,68.2,26.85
PICK-0736,training,routine log,12,2,618.9,2,63.4,28.16
PICK-0737,training,routine log,67,9,409.4,6,28.3,33.57
PICK-0738,training,routine log,56,2,752.5,4,69.5,34.1
PICK-0739,training,routine log,33,7,107.6,5,46.9,18.84
PICK-0740,training,routine log,12,2,86.0,6,26.8,15.62
PICK-0741,training,routine log,33,8,743.7,6,71.9,34.79
PICK-0742,training,routine log,13,1,374.9,1,52.2,29.69
PICK-0743,training,routine log,37,5,467.9,5,16.8,65.03
PICK-0744,training,routine log,65,7,267.8,4,25.9,24.59
PICK-0745,training,routine log,77,12,684.8,6,93.0,44.13
PICK-0746,training,routine log,42,3,414.5,1,31.6,32.5
PICK-0747,training,routine log,20,8,688.2,1,80.0,42.59
PICK-0748,training,routine log,17,2,314.7,5,81.0,20.44
PICK-0749,training,routine log,53,7,386.4,4,70.9,30.69
PICK-0750,training,routine log,43,10,467.8,5,29.4,23.38
PICK-0751,training,routine log,65,7,590.2,1,35.1,38.22
PICK-0752,training,routine log,48,10,838.4,2,97.1,38.62
PICK-0753,training,routine log,76,11,124.6,4,17.9,27.94
PICK-0754,training,routine log,75,23,568.5,1,22.8,43.83
PICK-0755,training,routine log,68,7,589.0,3,88.8,44.47
PICK-0756,training,routine log,48,19,852.8,6,21.5,28.21
PICK-0757,training,routine log,13,2,215.9,4,69.0,17.25
PICK-0758,training,routine log,13,3,117.0,5,22.5,13.47
PICK-0759,training,routine log,15,3,696.2,3,78.5,29.45
PICK-0760,training,routine log,19,7,753.2,6,75.4,29.92
PICK-0761,training,routine log,40,10,299.1,1,20.5,31.87
PICK-0762,training,routine log,75,24,142.4,6,35.8,28.38
PICK-0763,training,routine log,76,13,269.5,2,87.1,40.83
PICK-0764,training,routine log,33,12,537.0,5,62.2,27.2
PICK-0765,training,routine log,32,2,386.6,4,97.9,27.01
PICK-0766,training,routine log,31,6,322.8,6,30.5,20.27
PICK-0767,training,routine log,71,4,556.6,1,51.5,42.45
PICK-0768,training,routine log,23,4,709.4,2,47.2,95.35
PICK-0769,training,routine log,71,10,673.2,3,87.0,41.76
PICK-0770,training,routine log,35,8,448.5,6,24.4,23.59
PICK-0771,training,routine log,11,4,284.9,5,27.1,17.03
PICK-0772,training,routine log,72,12,858.1,5,47.7,39.57
PICK-0773,training,routine log,43,9,492.7,1,79.4,36.11
PICK-0774,training,routine log,72,5,143.0,2,35.7,31.38
PICK-0775,training,routine log,62,18,746.5,6,70.7,36.99
PICK-0776,training,routine log,13,1,432.3,1,88.0,37.07
PICK-0777,training,routine log,75,11,101.7,2,53.3,31.12
PICK-0778,training,routine log,5,0,654.5,5,85.4,24.64
PICK-0779,training,routine log,9,0,612.9,2,20.6,23.36
PICK-0780,training,routine log,47,11,455.9,3,54.7,31.02
PICK-0781,training,routine log,43,18,125.6,6,41.1,23.0
PICK-0782,training,routine log,71,6,192.9,1,50.4,28.26
PICK-0783,training,routine log,45,14,363.4,3,63.2,23.59
PICK-0784,training,routine log,30,6,420.3,6,54.8,22.8
PICK-0785,training,routine log,17,3,449.7,4,36.6,20.49
PICK-0786,training,routine log,34,3,425.4,1,29.7,32.87
PICK-0787,training,routine log,62,6,274.6,6,94.6,32.6
PICK-0788,training,routine log,11,1,726.4,2,95.2,35.61
PICK-0789,training,routine log,11,1,899.4,3,49.7,27.11
PICK-0790,training,routine log,44,7,698.9,4,37.2,31.72
PICK-0791,training,routine log,25,2,228.5,4,19.1,89.9
PICK-0792,training,routine log,54,11,395.6,6,44.5,22.93
PICK-0793,training,routine log,7,0,206.1,3,37.8,19.49
PICK-0794,training,routine log,31,6,219.1,5,39.4,17.18
PICK-0795,training,routine log,77,23,458.4,3,64.3,44.26
PICK-0796,training,routine log,25,8,98.8,2,68.5,122.64
PICK-0797,training,routine log,17,2,430.9,3,78.4,23.74
PICK-0798,training,routine log,4,0,419.7,5,24.9,126.63
PICK-0799,training,routine log,17,2,145.4,5,80.3,20.14
PICK-0800,training,routine log,70,11,647.8,5,67.7,37.06
PICK-0801,training,routine log,55,7,840.1,3,73.6,39.4
PICK-0802,training,routine log,58,2,241.7,2,94.5,131.06
PICK-0803,training,routine log,18,5,575.8,6,86.8,28.6
PICK-0804,training,routine log,51,12,898.8,4,75.6,40.02
PICK-0805,training,routine log,13,1,608.1,2,25.2,21.04
PICK-0806,training,routine log,42,5,292.7,4,94.6,30.56
PICK-0807,training,routine log,15,0,341.3,1,97.9,31.39
PICK-0808,training,routine log,20,4,148.1,2,82.6,24.42
PICK-0809,training,routine log,80,8,160.0,3,91.7,35.38
PICK-0810,training,routine log,40,8,329.4,1,75.1,36.9
PICK-0811,training,routine log,37,12,154.9,2,86.7,27.6
PICK-0812,training,routine log,7,1,333.0,5,88.2,23.66
PICK-0813,training,routine log,26,5,136.5,6,24.9,16.35
PICK-0814,training,routine log,78,24,226.2,6,58.4,29.13
PICK-0815,training,routine log,24,2,531.8,2,87.0,31.84
PICK-0816,training,routine log,4,0,775.2,3,16.9,22.15
PICK-0817,training,routine log,73,5,809.2,6,59.2,36.62
PICK-0818,training,routine log,27,4,354.2,6,29.0,19.77
PICK-0819,training,routine log,72,3,131.8,6,62.7,25.3
PICK-0820,training,routine log,20,1,242.0,6,75.5,20.29
PICK-0821,training,routine log,16,1,691.6,6,55.3,25.83
PICK-0822,training,routine log,37,13,750.3,2,82.5,36.64
PICK-0823,training,routine log,24,3,656.0,1,74.7,38.23
PICK-0824,training,routine log,26,2,399.2,6,55.8,25.61
PICK-0825,training,routine log,61,7,580.8,1,83.6,40.79
PICK-0826,training,routine log,20,0,398.1,3,24.4,19.7
PICK-0827,training,routine log,74,16,623.1,1,83.2,44.98
PICK-0828,training,routine log,50,6,382.6,3,56.3,32.99
PICK-0829,training,routine log,11,1,865.9,6,43.1,23.18
PICK-0830,training,routine log,11,2,704.5,1,27.3,28.93
PICK-0831,training,routine log,23,3,537.4,5,68.4,26.25
PICK-0832,training,routine log,56,7,415.7,4,16.8,25.61
PICK-0833,training,routine log,56,13,317.3,1,90.4,39.43
PICK-0834,training,routine log,33,5,313.4,3,96.5,28.89
PICK-0835,training,routine log,68,14,770.7,6,17.3,31.3
PICK-0836,training,routine log,36,8,245.1,2,45.3,22.64
PICK-0837,training,routine log,65,4,744.8,5,58.7,34.41
PICK-0838,training,routine log,75,7,80.7,3,41.9,28.06
PICK-0839,training,routine log,46,10,280.6,5,89.6,29.53
PICK-0840,training,routine log,51,7,190.5,2,83.9,28.59
PICK-0841,training,routine log,37,9,170.2,1,64.2,30.32
PICK-0842,training,routine log,22,7,542.1,3,29.1,24.22
PICK-0843,training,routine log,43,11,759.8,4,95.8,41.27
PICK-0844,training,routine log,32,1,701.2,4,54.5,32.11
PICK-0845,training,routine log,76,9,657.2,6,26.6,32.0
PICK-0846,training,routine log,28,1,547.0,2,32.5,24.51
PICK-0847,training,routine log,59,8,722.0,1,34.4,41.21
PICK-0848,training,routine log,18,3,190.9,3,92.3,23.29
PICK-0849,training,routine log,80,8,391.8,1,67.4,44.77
PICK-0850,training,routine log,28,5,140.9,5,78.7,24.07
PICK-0851,training,routine log,76,16,700.7,6,64.8,37.16
PICK-0852,training,routine log,67,11,786.2,3,82.8,44.36
PICK-0853,training,routine log,48,2,850.4,4,88.2,41.08
PICK-0854,training,routine log,56,6,748.2,4,67.5,35.49
PICK-0855,training,routine log,69,3,834.0,1,82.2,111.46
PICK-0856,training,routine log,60,9,455.5,3,75.7,32.73
PICK-0857,training,routine log,18,3,463.7,4,47.2,19.57
PICK-0858,training,routine log,21,4,772.5,2,44.9,32.57
PICK-0859,training,routine log,46,7,107.7,6,21.5,19.07
PICK-0860,training,routine log,50,9,692.0,2,32.9,30.96
PICK-0861,training,routine log,9,2,418.5,3,64.9,21.38
PICK-0862,training,routine log,31,5,482.7,4,36.3,21.51
PICK-0863,training,routine log,26,4,281.4,1,38.3,28.3
PICK-0864,training,routine log,35,5,598.8,1,54.3,35.15
PICK-0865,training,routine log,41,5,792.8,3,83.3,35.9
PICK-0866,training,routine log,17,4,292.4,4,73.9,20.58
PICK-0867,training,routine log,61,7,279.9,4,38.7,24.33
PICK-0868,training,routine log,14,1,223.5,5,45.7,15.95
PICK-0869,training,routine log,39,7,519.7,3,41.6,25.94
PICK-0870,training,routine log,10,3,233.5,3,71.8,18.66
PICK-0871,training,routine log,50,10,850.4,6,94.8,41.05
PICK-0872,training,routine log,57,9,118.0,5,51.2,23.53
PICK-0873,training,routine log,62,8,306.8,3,33.4,24.35
PICK-0874,training,routine log,72,15,347.6,3,64.3,32.61
PICK-0875,training,routine log,43,7,445.8,1,96.1,41.95
PICK-0876,training,routine log,68,2,505.6,1,95.0,130.07
PICK-0877,training,routine log,13,2,880.6,2,94.4,37.49
PICK-0878,training,routine log,76,17,489.4,4,69.1,36.08
PICK-0879,training,routine log,41,8,195.0,6,36.5,17.3
PICK-0880,training,routine log,19,2,477.3,3,32.4,21.99
PICK-0881,training,routine log,37,4,640.7,6,28.5,22.83
PICK-0882,training,routine log,37,7,307.9,1,64.9,35.69
PICK-0883,training,routine log,36,6,637.4,2,15.9,28.72
PICK-0884,training,routine log,53,4,120.0,2,19.3,24.46
PICK-0885,training,routine log,47,13,520.6,6,71.8,29.95
PICK-0886,training,routine log,34,6,229.3,4,38.8,17.54
PICK-0887,training,routine log,44,5,86.9,2,56.7,25.42
PICK-0888,training,routine log,53,8,606.9,1,30.8,41.48
PICK-0889,training,routine log,64,5,433.3,6,81.9,34.35
PICK-0890,training,routine log,63,10,694.7,1,43.0,40.89
PICK-0891,training,routine log,52,10,813.8,5,94.1,43.32
PICK-0892,training,routine log,74,13,787.1,3,90.0,54.89
PICK-0893,training,routine log,17,2,400.9,5,90.5,1.0
PICK-0894,training,routine log,41,3,469.6,1,66.0,37.92
PICK-0895,training,routine log,35,1,441.2,5,22.9,20.59
PICK-0896,training,routine log,34,6,397.3,5,87.5,30.59
PICK-0897,training,routine log,6,3,553.3,3,95.8,28.88
PICK-0898,training,routine log,4,0,92.1,3,16.8,13.77
PICK-0899,training,routine log,77,9,781.0,1,27.4,44.71
PICK-0900,training,routine log,5,1,687.8,1,72.3,32.81
PICK-0901,training,routine log,40,1,155.1,4,68.7,24.3
PICK-0902,training,routine log,15,5,305.8,4,28.8,18.43
PICK-0903,training,routine log,61,10,148.7,6,58.4,23.08
PICK-0904,training,routine log,42,3,381.1,5,57.2,25.87
PICK-0905,training,routine log,33,1,231.4,5,59.1,1.0
PICK-0906,training,routine log,59,5,206.0,5,60.8,26.04
PICK-0907,training,routine log,41,7,829.2,1,72.6,44.95
PICK-0908,training,routine log,6,0,176.4,5,37.5,13.33
PICK-0909,training,routine log,48,8,627.1,2,38.1,28.72
PICK-0910,training,routine log,72,13,394.1,1,75.5,42.67
PICK-0911,training,routine log,74,7,287.4,3,57.0,33.0
PICK-0912,training,routine log,24,3,546.2,5,93.4,31.14
PICK-0913,training,routine log,20,2,347.9,3,41.1,23.39
PICK-0914,training,routine log,39,12,123.7,4,79.3,24.56
PICK-0915,training,routine log,4,2,277.8,6,83.9,20.35
PICK-0916,training,routine log,33,3,723.3,4,75.8,28.87
PICK-0917,training,routine log,25,8,376.9,4,41.3,21.02
PICK-0918,training,routine log,80,9,799.7,3,45.3,40.33
PICK-0919,training,routine log,14,3,767.0,2,28.9,28.05
PICK-0920,training,routine log,5,1,617.5,6,19.5,18.49
PICK-0921,training,routine log,71,4,107.1,3,47.8,29.85
PICK-0922,training,routine log,66,1,201.4,1,71.6,33.77
PICK-0923,training,routine log,9,3,420.5,6,58.9,19.2
PICK-0924,training,routine log,69,20,236.2,5,72.7,30.86
PICK-0925,training,routine log,52,5,599.7,5,43.6,31.23
PICK-0926,training,routine log,51,19,469.5,2,68.5,36.1
PICK-0927,training,routine log,42,8,354.8,5,80.5,26.25
PICK-0928,training,routine log,35,11,659.1,5,85.9,1.0
PICK-0929,training,routine log,52,2,415.4,4,94.8,33.48
PICK-0930,training,routine log,4,1,709.8,2,96.5,34.51
PICK-0931,training,routine log,30,9,216.9,1,57.0,28.99
PICK-0932,training,routine log,26,10,216.0,6,75.7,25.29
PICK-0933,training,routine log,19,5,310.2,3,21.5,21.07
PICK-0934,training,routine log,68,3,309.5,1,31.5,37.84
PICK-0935,training,routine log,14,2,527.4,2,40.3,22.01
PICK-0936,training,routine log,45,8,740.7,2,78.6,35.59
PICK-0937,training,routine log,46,9,652.5,2,26.7,31.14
PICK-0938,training,routine log,23,0,262.2,4,41.2,19.08
PICK-0939,training,routine log,68,18,131.7,6,20.5,26.27
PICK-0940,training,routine log,62,7,657.0,6,91.1,41.39
PICK-0941,training,routine log,70,4,493.8,5,62.7,28.58
PICK-0942,training,routine log,40,4,531.7,1,19.3,108.98
PICK-0943,training,routine log,69,10,652.4,6,30.8,127.86
PICK-0944,training,routine log,12,0,563.2,2,69.3,27.85
PICK-0945,training,routine log,12,1,347.6,6,62.5,21.88
PICK-0946,training,routine log,73,18,426.4,1,31.4,40.4
PICK-0947,training,routine log,16,4,610.8,5,57.3,22.46
PICK-0948,training,routine log,41,4,482.7,1,54.4,36.66
PICK-0949,training,routine log,36,3,605.5,4,44.2,27.27
PICK-0950,training,routine log,23,6,561.9,1,77.9,35.7
PICK-0951,training,routine log,29,6,229.1,6,74.1,18.07
PICK-0952,training,routine log,66,16,862.3,1,44.6,48.01
PICK-0953,training,routine log,56,15,878.1,2,53.1,41.16
PICK-0954,training,routine log,33,11,829.1,5,49.3,31.14
PICK-0955,training,routine log,5,0,404.7,6,80.9,19.86
PICK-0956,training,routine log,69,12,451.2,1,32.8,38.33
PICK-0957,training,routine log,31,5,476.7,6,72.6,26.39
PICK-0958,training,routine log,56,14,647.4,5,35.0,28.84
PICK-0959,training,routine log,25,2,467.0,4,97.8,29.99
PICK-0960,training,routine log,7,0,776.4,3,92.3,33.91
PICK-0961,training,routine log,71,14,653.8,6,84.4,139.34
PICK-0962,training,routine log,65,16,435.1,2,40.9,35.7
PICK-0963,training,routine log,27,6,280.0,6,82.8,117.02
PICK-0964,training,routine log,55,11,678.0,5,53.7,34.31
PICK-0965,training,routine log,22,3,623.9,4,40.4,23.96
PICK-0966,training,routine log,64,15,818.9,2,47.1,37.92
PICK-0967,training,routine log,73,16,691.9,6,16.8,32.57
PICK-0968,training,routine log,55,8,293.7,6,52.2,27.04
PICK-0969,training,routine log,43,12,561.8,5,32.5,26.0
PICK-0970,training,routine log,80,4,560.7,4,64.1,37.59
PICK-0971,training,routine log,40,1,331.3,1,26.8,29.19
PICK-0972,training,routine log,13,1,569.8,6,25.1,19.12
PICK-0973,training,routine log,52,6,232.6,2,88.2,35.05
PICK-0974,training,routine log,76,12,99.7,4,30.9,24.19
PICK-0975,training,routine log,12,2,425.0,3,70.3,22.24
PICK-0976,training,routine log,53,5,817.4,6,25.5,30.09
PICK-0977,training,routine log,34,9,100.0,2,25.7,21.33
PICK-0978,training,routine log,48,13,89.6,4,92.6,27.86
PICK-0979,training,routine log,66,6,749.2,1,66.9,42.97
PICK-0980,training,routine log,43,8,101.4,1,85.1,31.24
PICK-0981,training,routine log,52,8,842.3,1,16.5,39.92
PICK-0982,training,routine log,79,2,710.3,3,44.6,36.84
PICK-0983,training,routine log,19,1,277.9,2,57.7,25.66
PICK-0984,training,routine log,10,2,517.0,5,62.2,23.49
PICK-0985,training,routine log,4,1,635.2,1,40.9,27.5
PICK-0986,training,routine log,32,8,151.9,3,90.9,24.37
PICK-0987,training,routine log,52,6,647.7,6,57.4,27.23
PICK-0988,training,routine log,72,22,843.5,2,75.3,48.89
PICK-0989,training,routine log,30,3,165.1,5,81.5,18.89
PICK-0990,training,routine log,14,2,860.6,1,32.8,31.7
PICK-0991,training,routine log,22,8,144.2,5,70.0,107.14
PICK-0992,training,routine log,57,14,500.7,3,40.9,26.66
PICK-0993,training,routine log,69,16,308.0,5,41.0,31.9
PICK-0994,training,routine log,55,2,790.1,5,96.4,38.61
PICK-0995,training,routine log,20,1,830.2,6,31.3,22.25
PICK-0996,training,routine log,46,5,387.4,3,65.5,26.67
PICK-0997,training,routine log,64,5,829.5,1,50.5,45.63
PICK-0998,training,routine log,61,17,87.0,3,75.2,30.28
PICK-0999,training,routine log,19,1,579.9,6,59.5,24.47
PICK-1000,training,routine log,41,12,280.2,3,40.1,23.93
PICK-1001,training,routine log,69,7,252.9,2,47.6,33.31
PICK-1002,training,routine log,15,2,565.8,3,23.7,19.7
PICK-1003,training,routine log,56,11,426.9,4,21.3,29.01
PICK-1004,training,routine log,14,0,210.2,6,37.1,14.94
PICK-1005,training,routine log,55,2,109.2,2,95.9,36.13
PICK-1006,training,routine log,78,18,632.7,2,28.6,34.34
PICK-1007,training,routine log,49,6,603.6,6,97.9,39.11
PICK-1008,training,routine log,24,2,114.6,5,51.9,15.35
PICK-1009,training,routine log,56,8,860.8,3,21.9,34.23
PICK-1010,training,routine log,46,8,395.0,6,29.7,21.97
PICK-1011,training,routine log,29,7,821.5,1,32.2,34.91
PICK-1012,training,routine log,32,9,658.4,1,35.6,34.71
PICK-1013,training,routine log,38,7,676.7,6,84.0,99.98
PICK-1014,training,routine log,44,4,201.4,2,83.7,26.81
PICK-1015,training,routine log,75,11,815.7,6,52.7,41.92
PICK-1016,training,routine log,12,2,880.3,6,49.6,24.23
PICK-1017,training,routine log,63,16,856.7,6,92.4,47.87
PICK-1018,training,routine log,18,4,539.2,4,34.7,23.11
PICK-1019,training,routine log,41,13,240.5,4,19.3,20.06
PICK-1020,training,routine log,24,9,756.9,1,79.8,37.99
PICK-1021,training,routine log,60,7,708.6,3,72.4,34.23
PICK-1022,training,routine log,55,4,419.0,4,94.5,35.24
PICK-1023,training,routine log,25,2,97.2,5,71.0,19.69
PICK-1024,training,routine log,74,15,456.2,4,41.9,31.57
PICK-1025,training,routine log,19,3,494.7,3,80.5,27.84
PICK-1026,training,routine log,67,1,237.8,4,59.6,1.0
PICK-1027,training,routine log,46,11,591.6,6,69.6,31.15
PICK-1028,training,routine log,23,5,426.1,4,54.1,21.48
PICK-1029,training,routine log,76,15,582.0,3,64.5,39.82
PICK-1030,training,routine log,15,2,563.6,2,71.3,30.01
PICK-1031,training,routine log,35,5,873.6,2,46.7,32.48
PICK-1032,training,routine log,47,2,184.3,6,72.8,25.5
PICK-1033,training,routine log,57,6,90.4,3,57.5,24.18
PICK-1034,training,routine log,73,9,451.2,4,63.6,31.76
PICK-1035,training,routine log,16,3,285.7,5,25.1,17.01
PICK-1036,training,routine log,75,11,455.8,5,35.1,30.0
PICK-1037,training,routine log,50,5,487.1,3,45.6,27.4
PICK-1038,training,routine log,33,6,791.1,1,58.8,38.83
PICK-1039,training,routine log,68,24,846.9,3,48.1,38.43
PICK-1040,training,routine log,43,6,112.9,3,80.7,25.23
PICK-1041,training,routine log,18,3,643.1,4,55.7,26.89
PICK-1042,training,routine log,28,5,569.4,4,22.5,23.55
PICK-1043,training,routine log,33,3,624.6,6,94.9,32.95
PICK-1044,training,routine log,41,2,788.8,3,43.4,31.32
PICK-1045,training,routine log,48,3,276.9,4,56.3,25.07
PICK-1046,training,routine log,70,5,628.9,4,24.1,32.19
PICK-1047,training,routine log,5,0,558.7,3,27.6,19.88
PICK-1048,training,routine log,60,13,332.9,5,55.0,27.38
PICK-1049,training,routine log,23,5,887.7,4,16.0,24.37
PICK-1050,training,routine log,45,11,481.1,3,52.6,27.03
PICK-1051,training,routine log,56,6,418.3,4,92.7,37.85
PICK-1052,training,routine log,45,7,369.3,6,36.0,23.55
PICK-1053,training,routine log,13,2,273.3,2,31.8,20.27
PICK-1054,training,routine log,65,9,494.0,3,20.6,30.62
PICK-1055,training,routine log,31,1,130.5,4,21.7,18.36
PICK-1056,training,routine log,60,7,419.4,6,70.1,31.48
PICK-1057,training,routine log,70,3,88.2,5,53.7,25.17
PICK-1058,training,routine log,70,16,830.5,1,42.5,46.77
PICK-1059,training,routine log,28,2,761.0,5,72.6,29.91
PICK-1060,training,routine log,59,14,143.8,2,55.7,31.3
PICK-1061,training,routine log,5,0,219.4,2,72.4,20.5
PICK-1062,training,routine log,9,1,854.0,6,77.8,27.84
PICK-1063,training,routine log,65,23,589.8,6,72.8,90.33
PICK-1064,training,routine log,21,1,363.1,5,60.2,18.5
PICK-1065,training,routine log,47,12,356.3,1,21.2,32.69
PICK-1066,training,routine log,77,14,492.0,6,76.5,40.86
PICK-1067,training,routine log,34,2,154.2,1,73.6,33.72
PICK-1068,training,routine log,68,18,168.1,1,18.4,33.52
PICK-1069,training,routine log,54,3,761.9,6,49.4,33.92
PICK-1070,training,routine log,69,8,807.0,6,94.4,42.27
PICK-1071,training,routine log,51,15,236.8,1,51.3,34.95
PICK-1072,training,routine log,54,2,82.2,3,23.4,21.34
PICK-1073,training,routine log,10,3,127.7,6,39.7,56.52
PICK-1074,training,routine log,63,6,510.0,4,77.7,35.32
PICK-1075,training,routine log,28,5,157.8,4,46.4,20.27
PICK-1076,training,routine log,79,13,753.2,6,26.4,109.14
PICK-1077,training,routine log,23,3,297.0,3,96.4,28.36
PICK-1078,training,routine log,7,1,724.3,4,16.2,20.54
PICK-1079,training,routine log,32,11,559.2,5,85.1,35.37
PICK-1080,training,routine log,37,13,770.7,4,65.5,35.57
PICK-1081,training,routine log,34,4,205.8,6,40.1,18.49
PICK-1082,training,routine log,44,6,212.6,5,92.6,108.29
PICK-1083,training,routine log,78,5,338.0,5,94.7,37.86
PICK-1084,training,routine log,14,8,644.8,1,73.9,32.73
PICK-1085,training,routine log,53,6,455.8,4,74.4,31.2
PICK-1086,training,routine log,8,1,749.2,4,59.6,26.03
PICK-1087,training,routine log,21,4,749.5,5,84.2,26.82
PICK-1088,training,routine log,48,17,251.5,1,97.5,40.06
PICK-1089,training,routine log,34,3,509.6,3,51.0,25.26
PICK-1090,training,routine log,64,5,677.7,5,22.5,35.19
PICK-1091,training,routine log,69,9,671.3,5,77.4,38.96
PICK-1092,training,routine log,69,6,543.8,1,53.4,42.63
PICK-1093,training,routine log,30,2,858.8,5,85.1,40.0
PICK-1094,training,routine log,60,16,166.3,4,91.2,33.53
PICK-1095,training,routine log,61,13,300.2,5,75.4,28.51
PICK-1096,training,routine log,11,1,868.2,5,88.3,31.5
PICK-1097,training,routine log,62,4,534.0,5,89.0,38.81
PICK-1098,training,routine log,17,2,100.9,6,73.8,18.67
PICK-1099,training,routine log,41,11,841.4,4,36.6,30.34
PICK-1100,training,routine log,41,2,145.1,3,85.8,25.41
PICK-1101,training,routine log,17,3,154.4,2,44.4,17.89
PICK-1102,training,routine log,10,4,844.5,1,38.8,31.7
PICK-1103,training,routine log,52,5,416.9,6,36.9,29.64
PICK-1104,training,routine log,51,8,254.6,1,43.8,34.39
PICK-1105,training,routine log,9,4,561.7,5,33.2,19.67
PICK-1106,training,routine log,50,14,206.3,6,69.0,115.24
PICK-1107,training,routine log,74,2,289.8,1,40.1,38.85
PICK-1108,training,routine log,5,1,466.7,2,25.5,18.5
PICK-1109,training,routine log,6,1,148.3,2,19.2,18.7
PICK-1110,training,routine log,28,8,340.3,4,70.7,24.25
PICK-1111,training,routine log,60,15,548.3,2,78.4,35.74
PICK-1112,training,routine log,43,11,776.3,3,73.1,33.82
PICK-1113,training,routine log,79,15,762.5,5,80.1,43.65
PICK-1114,training,routine log,40,11,802.0,4,77.7,36.71
PICK-1115,training,routine log,57,8,641.3,1,62.8,39.57
PICK-1116,training,routine log,25,8,376.1,6,55.7,24.67
PICK-1117,training,routine log,68,16,855.9,2,83.7,47.56
PICK-1118,training,routine log,52,13,351.5,6,93.5,35.09
PICK-1119,training,routine log,66,12,770.5,4,73.7,41.7
PICK-1120,training,routine log,20,5,358.7,6,24.0,16.84
PICK-1121,training,routine log,22,6,577.0,5,69.6,22.61
PICK-1122,training,routine log,59,4,802.1,2,50.1,37.57
PICK-1123,training,routine log,25,2,530.2,1,48.3,31.15
PICK-1124,training,routine log,44,0,557.6,3,88.9,36.06
PICK-1125,training,routine log,17,2,208.1,4,18.5,18.68
PICK-1126,training,routine log,41,5,439.8,4,46.8,27.28
PICK-1127,training,routine log,21,2,534.3,1,90.0,38.38
PICK-1128,training,routine log,77,6,503.2,5,49.9,35.06
PICK-1129,training,routine log,23,4,82.8,4,68.3,20.0
PICK-1130,training,routine log,38,1,683.1,4,28.3,22.96
PICK-1131,training,routine log,36,2,656.3,5,15.8,25.92
PICK-1132,training,routine log,78,13,662.0,3,56.9,39.28
PICK-1133,training,routine log,6,2,585.8,3,40.3,22.73
PICK-1134,training,routine log,17,5,734.6,1,15.3,28.82
PICK-1135,training,routine log,12,1,661.8,4,43.8,18.64
PICK-1136,training,routine log,11,1,435.3,6,47.3,19.94
PICK-1137,training,routine log,78,19,583.7,4,18.7,27.3
PICK-1138,training,routine log,55,16,847.5,6,53.6,36.06
PICK-1139,training,routine log,33,4,599.0,1,18.7,34.87
PICK-1140,training,routine log,9,0,201.5,2,78.1,21.39
PICK-1141,training,routine log,24,2,612.6,3,45.0,25.07
PICK-1142,training,routine log,52,9,263.9,6,46.8,25.65
PICK-1143,training,routine log,32,3,681.1,6,67.6,31.11
PICK-1144,training,routine log,32,6,565.7,1,25.4,32.01
PICK-1145,training,routine log,38,1,507.4,1,56.0,35.3
PICK-1146,training,routine log,69,10,488.3,4,20.6,31.61
PICK-1147,training,routine log,31,12,224.1,2,45.4,24.91
PICK-1148,training,routine log,69,3,426.8,6,18.6,28.72
PICK-1149,training,routine log,60,14,285.8,2,44.3,30.05
PICK-1150,training,routine log,74,18,92.8,5,78.9,35.63
PICK-1151,training,routine log,11,1,369.2,3,77.2,126.66
PICK-1152,training,routine log,42,14,875.7,5,81.4,121.08
PICK-1153,training,routine log,33,4,716.5,2,28.2,26.17
PICK-1154,training,routine log,17,5,354.2,6,41.1,20.55
PICK-1155,training,routine log,37,4,169.9,5,83.0,21.32
PICK-1156,training,routine log,9,1,776.9,1,30.9,31.79
PICK-1157,training,routine log,18,3,89.4,4,72.9,16.53
PICK-1158,training,routine log,78,4,898.8,4,21.7,32.32
PICK-1159,training,routine log,32,9,570.9,1,75.1,36.99
PICK-1160,training,routine log,29,3,348.1,1,68.8,28.58
PICK-1161,training,routine log,29,1,374.9,2,30.9,23.85
PICK-1162,training,routine log,38,8,294.5,2,52.6,27.82
PICK-1163,training,routine log,59,4,713.0,4,48.4,35.17
PICK-1164,training,routine log,41,4,668.6,4,86.2,34.11
PICK-1165,training,routine log,72,6,289.4,6,94.3,40.04
PICK-1166,training,routine log,55,7,581.6,4,93.3,37.9
PICK-1167,training,routine log,29,8,603.9,6,84.0,29.03
PICK-1168,training,routine log,76,21,516.1,5,52.0,35.67
PICK-1169,training,routine log,76,2,336.7,6,30.9,27.55
PICK-1170,training,routine log,24,3,895.7,5,80.5,31.74
PICK-1171,training,routine log,4,2,208.2,6,23.0,12.36
PICK-1172,training,routine log,16,5,863.5,6,59.4,25.51
PICK-1173,training,routine log,26,1,166.5,4,18.4,15.39
PICK-1174,training,routine log,42,7,310.6,2,31.3,29.24
PICK-1175,training,routine log,30,3,175.6,5,31.2,17.65
PICK-1176,training,routine log,35,4,274.8,3,39.0,23.35
PICK-1177,training,routine log,8,1,296.6,6,34.0,13.93
PICK-1178,training,routine log,25,4,898.8,6,75.7,33.96
PICK-1179,training,routine log,28,5,781.4,4,56.0,31.11
PICK-1180,training,routine log,47,3,424.3,6,20.0,25.52
PICK-1181,training,routine log,77,17,879.6,4,24.2,38.37
PICK-1182,training,routine log,45,14,526.4,2,92.1,41.01
PICK-1183,training,routine log,9,3,591.2,6,58.9,25.62
PICK-1184,training,routine log,80,24,635.2,4,74.6,113.03
PICK-1185,training,routine log,58,5,752.4,6,36.9,26.36
PICK-1186,training,routine log,52,8,648.6,5,61.5,29.61
PICK-1187,training,routine log,69,14,449.7,2,36.0,30.67
PICK-1188,training,routine log,14,1,690.3,4,45.6,25.17
PICK-1189,training,routine log,47,12,623.3,3,24.9,27.78
PICK-1190,training,routine log,69,5,624.6,1,58.4,43.31
PICK-1191,training,routine log,62,4,427.8,3,32.1,30.04
PICK-1192,training,routine log,50,3,226.4,2,70.6,27.6
PICK-1193,training,routine log,15,4,736.7,1,50.4,32.91
PICK-1194,training,routine log,33,3,765.7,2,70.7,34.81
PICK-1195,training,routine log,68,12,319.2,6,82.8,30.33
PICK-1196,training,routine log,33,4,249.8,6,15.1,19.45
PICK-1197,training,routine log,23,1,429.5,4,94.9,31.09
PICK-1198,training,routine log,71,10,610.2,3,87.9,44.62
PICK-1199,training,routine log,31,7,396.7,4,49.8,25.55
PICK-1200,training,routine log,55,10,362.3,6,22.8,26.49
PICK-1201,training,routine log,13,2,758.6,2,58.9,26.76
PICK-1202,training,routine log,29,3,822.5,6,40.0,27.15
PICK-1203,training,routine log,12,0,191.6,3,41.4,17.22
PICK-1204,training,routine log,13,1,681.6,2,20.6,24.58
PICK-1205,training,routine log,24,2,239.0,1,74.1,29.24
PICK-1206,training,routine log,37,12,676.0,4,91.8,37.06
PICK-1207,training,routine log,44,0,675.5,3,80.7,34.12
PICK-1208,training,routine log,22,6,240.3,6,78.4,22.47
PICK-1209,training,routine log,11,4,237.4,5,84.6,74.45
PICK-1210,training,routine log,19,2,787.7,3,86.0,36.18
PICK-1211,training,routine log,71,17,499.4,5,45.8,31.91
PICK-1212,training,routine log,39,9,879.6,5,44.0,33.09
PICK-1213,training,routine log,22,4,560.4,1,83.5,33.69
PICK-1214,training,routine log,27,5,287.0,5,92.2,24.12
PICK-1215,training,routine log,67,16,343.5,1,54.7,39.21
PICK-1216,training,routine log,57,15,113.6,3,26.3,24.96
PICK-1217,training,routine log,12,1,723.3,2,38.3,23.29
PICK-1218,training,routine log,50,2,316.3,2,72.5,33.92
PICK-1219,training,routine log,16,5,290.2,6,29.9,13.92
PICK-1220,training,routine log,71,19,389.7,3,41.2,33.69
PICK-1221,training,routine log,54,9,195.4,3,57.5,26.06
PICK-1222,training,routine log,12,0,121.4,4,68.1,14.55
PICK-1223,training,routine log,18,3,281.1,5,88.7,122.2
PICK-1224,training,routine log,5,2,741.6,1,32.6,29.64
PICK-1225,training,routine log,15,1,653.6,2,40.7,28.68
PICK-1226,training,routine log,29,3,508.6,3,40.3,25.61
PICK-1227,training,routine log,13,2,219.5,6,32.4,13.79
PICK-1228,training,routine log,69,22,468.5,1,33.2,44.98
PICK-1229,training,routine log,24,4,697.0,5,43.4,26.13
PICK-1230,training,routine log,4,1,734.6,4,15.5,19.65
PICK-1231,training,routine log,42,6,252.0,1,70.9,33.84
PICK-1232,training,routine log,66,18,92.1,6,93.8,31.99
PICK-1233,training,routine log,4,2,561.0,4,59.6,19.41
PICK-1234,training,routine log,31,6,863.5,3,71.4,38.53
PICK-1235,training,routine log,68,11,434.7,4,18.2,30.26
PICK-1236,training,routine log,75,25,623.0,4,61.0,36.58
PICK-1237,training,routine log,28,1,444.7,6,45.0,18.9
PICK-1238,training,routine log,8,2,332.3,6,21.9,16.45
PICK-1239,training,routine log,68,1,402.4,6,37.0,32.15
PICK-1240,training,routine log,75,9,733.2,6,71.6,37.91
PICK-1241,training,routine log,62,3,817.7,6,55.3,34.53
PICK-1242,training,routine log,66,5,423.9,4,74.3,29.74
PICK-1243,training,routine log,38,3,383.6,6,65.1,26.61
PICK-1244,training,routine log,65,9,677.2,6,46.1,27.15
PICK-1245,training,routine log,22,4,293.4,4,32.1,16.33
PICK-1246,training,routine log,19,4,439.8,4,82.0,23.75
PICK-1247,training,routine log,26,1,525.4,2,26.3,26.16
PICK-1248,training,routine log,51,8,316.1,6,23.1,22.17
PICK-1249,training,routine log,62,4,859.6,4,51.4,37.12
PICK-1250,training,routine log,56,13,663.2,1,53.3,48.58
PICK-1251,training,routine log,24,5,372.5,5,19.7,15.33
PICK-1252,training,routine log,9,1,525.9,3,21.5,20.57
PICK-1253,training,routine log,25,0,659.3,3,30.9,25.55
PICK-1254,training,routine log,48,15,808.4,5,38.1,30.68
PICK-1255,training,routine log,57,9,754.9,2,69.2,33.87
PICK-1256,training,routine log,8,1,99.5,3,23.0,11.9
PICK-1257,training,routine log,54,6,128.2,6,93.6,30.06
PICK-1258,training,routine log,69,4,265.8,5,40.0,26.9
PICK-1259,training,routine log,77,9,840.2,4,31.1,39.43
PICK-1260,training,routine log,49,11,274.4,1,54.6,32.95
PICK-1261,training,routine log,44,10,880.5,5,51.7,34.0
PICK-1262,training,routine log,24,6,499.3,2,68.3,28.65
PICK-1263,training,routine log,23,1,330.7,4,82.2,23.0
PICK-1264,training,routine log,29,1,212.8,5,30.3,18.24
PICK-1265,training,routine log,26,8,687.4,5,76.2,29.86
PICK-1266,training,routine log,54,18,232.3,3,50.2,27.42
PICK-1267,training,routine log,67,9,173.4,4,21.4,26.53
PICK-1268,training,routine log,71,21,380.2,1,31.8,41.28
PICK-1269,training,routine log,64,17,331.1,5,82.7,28.79
PICK-1270,training,routine log,21,6,514.0,6,16.0,17.94
PICK-1271,training,routine log,13,1,329.0,1,52.9,100.45
PICK-1272,training,routine log,54,6,519.3,2,47.8,30.76
PICK-1273,training,routine log,48,10,733.4,4,73.7,32.99
PICK-1274,training,routine log,68,8,666.9,5,33.2,30.38
PICK-1275,training,routine log,71,11,778.6,5,92.6,47.18
PICK-1276,training,routine log,13,1,654.8,1,77.9,34.94
PICK-1277,training,routine log,51,7,753.3,4,74.3,34.19
PICK-1278,training,routine log,28,4,778.7,5,41.4,27.38
PICK-1279,training,routine log,53,16,749.0,5,84.3,40.37
PICK-1280,training,routine log,63,14,601.2,4,56.7,35.29
PICK-1281,training,routine log,29,2,349.1,2,86.6,33.29
PICK-1282,training,routine log,79,20,868.7,2,15.9,40.84
PICK-1283,training,routine log,76,4,736.9,5,78.3,41.22
PICK-1284,training,routine log,25,9,293.0,2,76.6,23.93
PICK-1285,training,routine log,44,12,549.7,3,31.4,25.32
PICK-1286,training,routine log,4,2,164.3,2,58.4,18.16
PICK-1287,training,routine log,39,2,397.9,4,40.6,24.43
PICK-1288,training,routine log,74,20,542.2,1,40.2,47.82
PICK-1289,training,routine log,64,10,160.2,2,44.7,29.81
PICK-1290,training,routine log,50,14,570.2,3,94.9,37.55
PICK-1291,training,routine log,54,15,449.7,2,52.6,35.33
PICK-1292,training,routine log,4,0,318.0,5,81.7,20.16
PICK-1293,training,routine log,58,6,303.9,3,96.8,34.62
PICK-1294,training,routine log,13,4,714.1,3,94.1,34.22
PICK-1295,training,routine log,53,1,299.2,6,52.9,25.09
PICK-1296,training,routine log,5,1,219.7,2,94.7,29.2
PICK-1297,training,routine log,18,3,870.3,4,30.6,23.77
PICK-1298,training,routine log,56,19,268.0,5,90.5,35.63
PICK-1299,training,routine log,63,3,772.5,6,62.9,37.88
PICK-1300,training,routine log,23,4,745.6,4,50.0,27.35
PICK-1301,training,routine log,53,16,355.3,4,82.8,27.49
PICK-1302,training,routine log,30,6,424.6,6,19.4,21.57
PICK-1303,training,routine log,19,1,536.0,1,17.4,26.96
PICK-1304,training,routine log,47,16,797.8,4,45.9,31.83
PICK-1305,training,routine log,52,7,102.9,6,83.8,24.35
PICK-1306,training,routine log,4,3,230.1,1,45.2,28.07
PICK-1307,training,routine log,21,4,236.1,6,67.9,21.95
PICK-1308,training,routine log,9,2,844.9,4,44.5,25.99
PICK-1309,training,routine log,23,5,506.8,5,24.7,19.68
PICK-1310,training,routine log,60,15,737.4,5,90.8,38.82
PICK-1311,training,routine log,7,0,753.7,4,67.3,23.29
PICK-1312,training,routine log,23,4,94.1,5,74.1,18.95
PICK-1313,training,routine log,34,9,310.5,4,66.5,26.48
PICK-1314,training,routine log,49,3,389.7,1,43.3,32.65
PICK-1315,training,routine log,62,15,188.3,1,88.3,41.57
PICK-1316,training,routine log,11,2,230.0,4,76.2,19.68
PICK-1317,training,routine log,20,3,508.4,5,61.4,21.57
PICK-1318,training,routine log,51,6,489.3,3,76.9,35.83
PICK-1319,training,routine log,65,8,479.9,2,56.9,35.29
PICK-1320,training,routine log,57,13,126.7,6,66.6,22.1
PICK-1321,training,routine log,4,2,324.8,1,72.4,24.82
PICK-1322,training,routine log,66,14,464.6,3,37.4,29.7
PICK-1323,training,routine log,75,12,882.8,3,15.7,37.07
PICK-1324,training,routine log,55,11,700.2,4,50.9,35.05
PICK-1325,training,routine log,62,7,837.3,5,97.5,42.25
PICK-1326,training,routine log,78,12,634.7,2,77.6,45.49
PICK-1327,training,routine log,33,6,260.0,6,34.6,17.48
PICK-1328,training,routine log,7,0,276.6,1,73.6,28.03
PICK-1329,training,routine log,67,17,517.4,3,38.1,32.78
PICK-1330,training,routine log,6,1,482.6,3,42.3,18.14
PICK-1331,training,routine log,54,1,442.8,1,34.5,33.01
PICK-1332,training,routine log,79,6,733.9,3,37.2,39.0
PICK-1333,training,routine log,80,21,572.4,6,82.0,41.53
PICK-1334,training,routine log,34,2,296.6,1,88.4,38.26
PICK-1335,training,routine log,38,1,669.9,1,89.8,44.78
PICK-1336,training,routine log,60,3,478.8,6,94.6,36.42
PICK-1337,training,routine log,36,5,314.5,5,40.2,20.31
PICK-1338,training,routine log,64,16,689.7,2,75.0,44.92
PICK-1339,training,routine log,19,4,366.2,5,56.7,19.61
PICK-1340,training,routine log,28,4,799.4,5,16.0,25.62
PICK-1341,training,routine log,24,3,135.6,4,53.5,20.22
PICK-1342,training,routine log,54,9,811.2,5,83.2,37.0
PICK-1343,training,routine log,44,5,622.2,6,39.7,29.0
PICK-1344,training,routine log,28,1,732.7,2,34.5,29.19
PICK-1345,training,routine log,28,6,99.9,5,56.1,21.37
PICK-1346,training,routine log,41,5,135.5,2,61.5,22.69
PICK-1347,training,routine log,44,9,581.5,5,57.5,29.47
PICK-1348,training,routine log,28,7,313.4,5,28.4,18.82
PICK-1349,training,routine log,73,14,820.3,5,66.5,41.09
PICK-1350,training,routine log,25,3,210.6,6,58.2,19.77
PICK-1351,training,routine log,21,6,627.0,5,87.5,28.97
PICK-1352,training,routine log,30,4,781.4,5,27.7,24.44
PICK-1353,training,routine log,44,11,707.0,2,38.7,31.92
PICK-1354,training,routine log,10,2,880.0,1,92.9,43.46
PICK-1355,training,routine log,24,5,181.0,3,62.6,19.39
PICK-1356,training,routine log,77,18,264.7,4,83.3,36.88
PICK-1357,training,routine log,17,4,471.2,1,77.6,29.07
PICK-1358,training,routine log,35,1,759.0,1,23.6,27.12
PICK-1359,training,routine log,34,2,302.5,5,60.3,22.84
PICK-1360,training,routine log,52,4,604.9,5,52.4,32.02
PICK-1361,training,routine log,64,16,320.6,6,20.6,24.76
PICK-1362,training,routine log,28,3,172.8,1,82.8,29.94
PICK-1363,training,routine log,52,5,435.8,4,60.1,28.53
PICK-1364,training,routine log,38,14,443.5,1,17.3,28.82
PICK-1365,training,routine log,65,17,429.9,3,29.0,24.41
PICK-1366,training,routine log,52,9,129.0,2,76.7,26.85
PICK-1367,training,routine log,16,1,377.3,2,96.3,31.12
PICK-1368,training,routine log,62,6,260.9,3,39.2,23.75
PICK-1369,training,routine log,75,7,88.7,3,18.1,26.62
PICK-1370,training,routine log,56,17,849.4,1,88.5,52.28
PICK-1371,training,routine log,51,7,500.5,4,22.8,26.19
PICK-1372,training,routine log,58,15,415.2,2,59.1,39.8
PICK-1373,training,routine log,59,8,656.1,5,63.6,30.94
PICK-1374,training,routine log,67,15,267.0,2,64.5,34.2
PICK-1375,training,routine log,21,4,464.7,3,47.8,20.84
PICK-1376,training,routine log,76,1,684.0,1,19.7,41.57
PICK-1377,training,routine log,12,0,881.8,1,53.1,34.19
PICK-1378,training,routine log,21,2,162.0,1,28.8,24.14
PICK-1379,training,routine log,40,11,824.0,1,64.2,41.72
PICK-1380,training,routine log,71,6,100.3,1,89.1,44.32
PICK-1381,training,routine log,18,1,771.8,2,68.9,32.33
PICK-1382,training,routine log,65,4,870.5,2,94.4,44.11
PICK-1383,training,routine log,6,1,409.7,1,35.9,25.68
PICK-1384,training,routine log,21,0,652.3,6,44.3,22.33
PICK-1385,training,routine log,43,7,676.4,4,89.1,39.4
PICK-1386,training,routine log,17,4,453.0,4,17.0,117.03
PICK-1387,training,routine log,65,5,664.6,4,86.9,40.93
PICK-1388,training,routine log,18,3,537.0,1,93.2,37.78
PICK-1389,training,routine log,27,6,778.0,2,91.7,38.64
PICK-1390,training,routine log,35,5,708.1,6,49.9,28.77
PICK-1391,training,routine log,43,8,457.3,4,48.2,26.27
PICK-1392,training,routine log,76,17,460.3,6,50.2,34.36
PICK-1393,training,routine log,39,5,458.7,2,75.8,32.11
PICK-1394,training,routine log,38,8,135.4,5,88.6,26.39
PICK-1395,training,routine log,15,3,94.3,5,91.7,25.87
PICK-1396,training,routine log,54,4,178.9,1,26.4,33.49
PICK-1397,training,routine log,64,2,344.4,1,65.6,42.25
PICK-1398,training,routine log,75,4,361.6,3,50.7,30.52
PICK-1399,training,routine log,11,4,303.0,3,81.3,19.3
PICK-1400,training,routine log,23,2,378.5,1,97.4,37.96
PICK-1401,training,routine log,42,10,835.1,5,38.6,31.06
PICK-1402,training,routine log,51,13,331.3,4,34.6,1.0
PICK-1403,training,routine log,20,4,350.3,1,74.1,29.51
PICK-1404,training,routine log,55,11,820.1,4,97.9,45.46
PICK-1405,training,routine log,69,13,164.8,3,85.0,30.56
PICK-1406,training,routine log,75,14,266.5,5,69.5,30.69
PICK-1407,training,routine log,76,22,213.5,1,16.9,36.1
PICK-1408,training,routine log,25,7,351.8,6,81.7,19.67
PICK-1409,training,routine log,47,2,165.9,6,21.9,17.37
PICK-1410,training,routine log,11,1,476.4,2,69.3,25.17
PICK-1411,training,routine log,58,23,123.8,2,40.5,28.13
PICK-1412,training,routine log,32,2,842.9,2,44.8,28.26
PICK-1413,training,routine log,10,1,182.7,3,88.3,22.76
PICK-1414,training,routine log,76,10,534.6,5,38.8,118.27
PICK-1415,training,routine log,68,16,846.0,4,24.0,36.58
PICK-1416,training,routine log,41,17,518.8,5,85.8,35.96
PICK-1417,training,routine log,32,0,188.8,2,45.6,23.95
PICK-1418,training,routine log,44,2,882.6,4,24.4,28.73
PICK-1419,training,routine log,28,4,505.8,5,72.2,23.95
PICK-1420,training,routine log,11,1,238.1,4,88.3,23.78
PICK-1421,training,routine log,27,4,677.0,6,52.5,27.73
PICK-1422,training,routine log,27,6,222.3,5,53.7,1.0
PICK-1423,training,routine log,58,13,686.3,2,37.4,32.34
PICK-1424,training,routine log,17,7,545.6,6,35.0,20.74
PICK-1425,training,routine log,54,7,584.7,4,17.6,30.31
PICK-1426,training,routine log,49,8,658.1,2,76.9,35.5
PICK-1427,training,routine log,69,9,151.1,2,54.3,26.67
PICK-1428,training,routine log,57,13,365.1,2,40.7,29.25
PICK-1429,training,routine log,59,6,509.0,5,94.3,37.48
PICK-1430,training,routine log,56,12,347.9,3,19.3,25.96
PICK-1431,training,routine log,50,9,493.8,6,52.7,29.53
PICK-1432,training,routine log,20,8,123.1,6,52.7,17.37
PICK-1433,training,routine log,79,7,689.2,1,34.7,46.59
PICK-1434,training,routine log,66,6,636.4,3,46.3,32.45
PICK-1435,training,routine log,5,0,98.3,2,22.5,16.65
PICK-1436,training,routine log,75,15,453.6,4,28.3,31.71
PICK-1437,training,routine log,52,5,186.9,6,81.5,24.64
PICK-1438,training,routine log,38,10,379.7,3,85.3,34.32
PICK-1439,training,routine log,25,3,659.2,5,75.0,28.77
PICK-1440,training,routine log,31,5,570.3,3,97.9,35.75
PICK-1441,training,routine log,43,8,849.6,2,93.2,45.09
PICK-1442,training,routine log,76,17,765.3,3,85.7,43.29
PICK-1443,training,routine log,6,1,97.3,2,29.3,14.62
PICK-1444,training,routine log,11,1,809.4,6,30.9,23.19
PICK-1445,training,routine log,75,8,357.1,6,94.2,39.41
PICK-1446,training,routine log,77,17,684.2,1,78.5,49.21
PICK-1447,training,routine log,65,13,383.4,3,23.3,30.18
PICK-1448,training,routine log,39,6,816.1,3,37.0,30.88
PICK-1449,training,routine log,10,0,314.2,3,95.0,26.56
PICK-1450,training,routine log,77,4,670.7,3,63.3,32.2
PICK-1451,training,routine log,28,11,439.8,5,30.3,23.8
PICK-1452,training,routine log,56,4,361.0,1,96.2,40.62
PICK-1453,training,routine log,11,1,428.2,3,82.0,23.1
PICK-1454,training,routine log,63,13,870.6,4,28.1,36.5
PICK-1455,training,routine log,5,1,870.6,6,30.8,20.07
PICK-1456,training,routine log,75,7,135.8,4,32.3,21.83
PICK-1457,training,routine log,61,2,701.6,2,44.2,35.71
PICK-1458,training,routine log,74,18,398.8,3,59.6,33.31
PICK-1459,training,routine log,63,18,450.2,6,36.7,30.48
PICK-1460,training,routine log,65,19,510.4,6,67.1,36.29
PICK-1461,training,routine log,23,6,582.9,5,16.8,19.51
PICK-1462,training,routine log,46,7,526.5,1,22.5,34.66
PICK-1463,training,routine log,21,4,705.0,5,86.1,35.11
PICK-1464,training,routine log,58,3,426.4,2,51.1,32.99
PICK-1465,training,routine log,72,14,784.7,2,21.8,37.44
PICK-1466,training,routine log,80,10,698.0,2,48.5,37.93
PICK-1467,training,routine log,10,1,765.2,5,55.1,25.55
PICK-1468,training,routine log,60,3,781.1,5,59.5,35.02
PICK-1469,training,routine log,4,2,600.8,3,79.7,25.63
PICK-1470,training,routine log,14,4,818.6,2,75.8,33.09
PICK-1471,training,routine log,5,1,264.8,1,52.0,24.86
PICK-1472,training,routine log,40,7,881.7,4,50.3,33.71
PICK-1473,training,routine log,41,8,395.5,3,23.4,27.52
PICK-1474,training,routine log,68,19,354.3,4,25.7,29.32
PICK-1475,training,routine log,25,1,428.0,3,50.0,21.27
PICK-1476,training,routine log,20,0,788.0,6,34.9,1.0
PICK-1477,training,routine log,32,6,257.2,1,58.2,135.34
PICK-1478,training,routine log,64,23,756.6,5,59.0,43.48
PICK-1479,training,routine log,30,5,212.4,1,76.5,31.7
PICK-1480,training,routine log,17,2,347.0,1,66.9,29.44
PICK-1481,training,routine log,71,5,271.5,5,30.7,32.32
PICK-1482,training,routine log,36,6,563.9,4,64.1,29.01
PICK-1483,training,routine log,25,5,711.9,6,96.3,34.76
PICK-1484,training,routine log,66,19,664.2,3,74.4,39.21
PICK-1485,training,routine log,40,12,887.3,4,38.1,31.25
PICK-1486,training,routine log,48,7,787.2,4,36.7,32.36
PICK-1487,training,routine log,56,9,113.7,4,18.7,21.46
PICK-1488,training,routine log,21,6,245.2,1,69.5,29.48
PICK-1489,training,routine log,25,4,119.7,5,36.4,17.07
PICK-1490,training,routine log,7,2,670.2,6,90.0,29.05
PICK-1491,training,routine log,33,6,369.5,4,49.9,22.69
PICK-1492,training,routine log,7,1,370.1,5,43.5,17.36
PICK-1493,training,routine log,11,3,349.8,6,79.6,18.59
PICK-1494,training,routine log,67,20,670.6,4,47.4,80.87
PICK-1495,training,routine log,26,3,216.6,2,28.6,19.23
PICK-1496,training,routine log,57,2,209.0,6,29.7,24.74
PICK-1497,training,routine log,70,17,170.9,3,23.3,28.1
PICK-1498,training,routine log,73,3,564.6,5,57.1,33.28
PICK-1499,training,routine log,25,4,172.5,2,34.6,21.3
PICK-1500,training,routine log,20,0,811.0,2,19.2,27.22
PICK-1501,validation,audited,17,2,193.9,4,42.5,16.47
PICK-1502,validation,audited,74,17,359.2,1,46.5,38.97
PICK-1503,validation,audited,72,19,510.5,4,34.3,33.32
PICK-1504,validation,audited,61,15,112.1,6,37.7,25.55
PICK-1505,validation,audited,40,1,886.4,3,62.8,31.22
PICK-1506,validation,audited,31,6,798.7,6,55.7,27.58
PICK-1507,validation,audited,15,4,329.0,2,28.5,21.11
PICK-1508,validation,audited,65,9,550.3,2,80.7,34.39
PICK-1509,validation,audited,45,10,292.7,2,19.5,25.66
PICK-1510,validation,audited,64,9,411.7,3,43.1,27.26
PICK-1511,validation,audited,35,12,796.7,1,91.1,49.62
PICK-1512,validation,audited,28,1,723.0,3,30.3,26.49
PICK-1513,validation,audited,26,7,112.2,5,81.4,19.44
PICK-1514,validation,audited,5,0,371.6,2,60.5,19.34
PICK-1515,validation,audited,22,7,599.2,4,43.1,21.27
PICK-1516,validation,audited,80,10,158.3,2,56.8,31.1
PICK-1517,validation,audited,66,15,416.4,5,20.7,32.9
PICK-1518,validation,audited,71,20,151.7,6,37.9,23.81
PICK-1519,validation,audited,4,0,198.5,2,45.2,18.19
PICK-1520,validation,audited,56,5,831.1,1,52.5,42.8
PICK-1521,validation,audited,4,0,123.6,4,89.2,17.4
PICK-1522,validation,audited,30,4,758.7,6,64.5,27.9
PICK-1523,validation,audited,47,9,108.4,4,63.4,22.81
PICK-1524,validation,audited,39,7,370.2,1,30.3,33.49
PICK-1525,validation,audited,48,5,619.5,1,18.6,30.54
PICK-1526,validation,audited,38,9,741.3,5,45.2,23.59
PICK-1527,validation,audited,17,3,225.6,1,24.2,26.19
PICK-1528,validation,audited,80,13,281.1,3,35.4,36.19
PICK-1529,validation,audited,22,1,157.4,5,57.6,16.89
PICK-1530,validation,audited,67,12,173.0,6,44.6,28.27
PICK-1531,validation,audited,5,0,816.0,6,40.8,23.43
PICK-1532,validation,audited,45,7,466.7,5,41.0,24.24
PICK-1533,validation,audited,7,0,195.0,1,67.5,25.4
PICK-1534,validation,audited,16,3,557.0,4,53.2,21.87
PICK-1535,validation,audited,6,0,821.4,3,75.7,29.7
PICK-1536,validation,audited,65,2,878.8,2,96.4,46.17
PICK-1537,validation,audited,55,2,402.0,4,82.6,34.51
PICK-1538,validation,audited,41,7,423.2,1,73.8,36.31
PICK-1539,validation,audited,74,21,515.5,3,50.5,37.6
PICK-1540,validation,audited,64,9,143.6,2,72.2,35.76
PICK-1541,validation,audited,67,15,266.1,3,22.3,26.27
PICK-1542,validation,audited,32,4,441.8,3,36.8,24.22
PICK-1543,validation,audited,67,11,857.7,3,32.9,38.34
PICK-1544,validation,audited,68,22,718.7,3,32.8,34.46
PICK-1545,validation,audited,5,1,566.0,1,79.5,34.72
PICK-1546,validation,audited,58,15,97.4,2,91.6,32.24
PICK-1547,validation,audited,53,11,861.2,6,73.3,35.86
PICK-1548,validation,audited,34,6,602.0,1,28.5,30.51
PICK-1549,validation,audited,14,3,156.1,5,78.1,19.57
PICK-1550,validation,audited,38,7,603.7,4,96.2,34.34
PICK-1551,validation,audited,19,6,436.5,4,83.2,26.21
PICK-1552,validation,audited,40,12,263.8,1,46.1,32.34
PICK-1553,validation,audited,56,20,618.2,1,65.8,42.81
PICK-1554,validation,audited,50,12,102.0,6,95.9,31.16
PICK-1555,validation,audited,7,2,333.6,2,73.8,21.76
PICK-1556,validation,audited,29,3,227.6,6,45.0,19.6
PICK-1557,validation,audited,60,10,270.4,2,37.1,28.51
PICK-1558,validation,audited,7,0,890.2,6,80.8,30.86
PICK-1559,validation,audited,62,11,308.4,5,81.9,28.95
PICK-1560,validation,audited,57,9,775.0,6,20.7,31.39
PICK-1561,validation,audited,10,3,138.4,2,57.5,16.64
PICK-1562,validation,audited,52,9,625.5,6,97.1,34.7
PICK-1563,validation,audited,17,2,718.2,4,28.8,22.1
PICK-1564,validation,audited,68,20,878.5,4,57.9,44.92
PICK-1565,validation,audited,67,10,432.9,5,60.2,28.16
PICK-1566,validation,audited,7,2,702.5,5,40.0,20.08
PICK-1567,validation,audited,46,2,252.2,2,56.9,26.36
PICK-1568,validation,audited,57,7,384.9,6,42.6,25.63
PICK-1569,validation,audited,72,10,497.7,4,35.7,32.72
PICK-1570,validation,audited,62,8,275.4,5,30.5,24.61
PICK-1571,validation,audited,9,3,548.2,3,17.9,16.95
PICK-1572,validation,audited,68,2,374.5,6,81.9,30.29
PICK-1573,validation,audited,45,6,717.9,3,40.7,31.57
PICK-1574,validation,audited,20,0,392.2,4,49.0,21.74
PICK-1575,validation,audited,50,11,198.3,2,70.3,28.04
PICK-1576,validation,audited,53,13,169.7,1,97.0,40.83
PICK-1577,validation,audited,51,5,354.6,6,59.6,26.22
PICK-1578,validation,audited,63,16,363.9,2,27.6,28.73
PICK-1579,validation,audited,57,5,192.1,6,78.7,27.58
PICK-1580,validation,audited,76,5,441.4,6,60.4,30.7
PICK-1581,validation,audited,56,6,883.5,5,35.2,32.0
PICK-1582,validation,audited,40,5,423.4,2,62.7,31.88
PICK-1583,validation,audited,23,4,756.6,5,62.2,25.97
PICK-1584,validation,audited,55,13,458.7,1,88.9,46.83
PICK-1585,validation,audited,21,3,400.6,2,17.0,23.19
PICK-1586,validation,audited,65,9,304.8,2,81.8,35.79
PICK-1587,validation,audited,50,11,551.1,3,77.1,33.29
PICK-1588,validation,audited,6,1,113.8,6,46.3,10.94
PICK-1589,validation,audited,32,6,241.8,5,72.3,23.36
PICK-1590,validation,audited,54,2,717.3,6,35.6,30.4
PICK-1591,validation,audited,16,6,696.9,5,62.2,25.17
PICK-1592,validation,audited,25,9,461.1,5,96.6,30.33
PICK-1593,validation,audited,39,3,150.6,5,63.0,23.72
PICK-1594,validation,audited,36,0,676.5,2,79.9,31.07
PICK-1595,validation,audited,45,10,743.8,6,90.7,40.84
PICK-1596,validation,audited,43,6,87.4,6,52.4,21.89
PICK-1597,validation,audited,70,16,801.9,6,93.5,43.7
PICK-1598,validation,audited,9,0,627.3,2,39.0,22.86
PICK-1599,validation,audited,17,3,373.7,2,33.6,21.34
PICK-1600,validation,audited,4,0,252.8,1,95.0,29.61
PICK-1601,validation,audited,43,0,431.1,2,92.3,34.26
PICK-1602,validation,audited,9,0,472.5,1,19.6,22.11
PICK-1603,validation,audited,73,19,567.7,4,38.0,35.54
PICK-1604,validation,audited,48,3,415.0,4,85.8,33.89
PICK-1605,validation,audited,32,2,191.8,6,53.8,21.34
PICK-1606,validation,audited,58,3,808.0,6,32.0,31.67
PICK-1607,validation,audited,31,7,591.8,5,59.5,29.81
PICK-1608,validation,audited,70,18,868.4,4,28.8,37.15
PICK-1609,validation,audited,5,1,680.3,2,39.9,24.71
PICK-1610,validation,audited,29,3,280.8,3,79.4,26.12
PICK-1611,validation,audited,9,2,797.2,6,20.9,19.59
PICK-1612,validation,audited,58,12,642.5,5,44.2,35.55
PICK-1613,validation,audited,41,7,602.1,1,19.1,32.54
PICK-1614,validation,audited,21,2,90.4,5,78.4,16.7
PICK-1615,validation,audited,70,3,620.0,5,20.8,33.53
PICK-1616,validation,audited,51,2,259.0,1,33.6,28.45
PICK-1617,validation,audited,69,15,334.8,3,79.8,34.92
PICK-1618,validation,audited,74,8,862.3,3,86.3,48.1
PICK-1619,validation,audited,31,8,822.3,3,30.9,30.51
PICK-1620,validation,audited,71,13,390.5,5,20.3,30.59
PICK-1621,validation,audited,6,0,165.3,1,19.5,20.74
PICK-1622,validation,audited,52,5,449.6,3,42.9,28.58
PICK-1623,validation,audited,8,1,411.3,4,27.2,15.9
PICK-1624,validation,audited,59,13,477.5,5,23.3,25.67
PICK-1625,validation,audited,68,11,228.2,4,52.1,31.18
PICK-1626,validation,audited,29,2,318.9,2,29.7,22.53
PICK-1627,validation,audited,70,7,375.7,6,49.8,30.86
PICK-1628,validation,audited,32,3,334.3,5,81.7,26.66
PICK-1629,validation,audited,78,16,492.7,6,72.8,37.38
PICK-1630,validation,audited,70,12,349.4,6,61.5,32.66
PICK-1631,validation,audited,52,11,851.4,3,96.0,44.32
PICK-1632,validation,audited,37,1,823.2,6,74.5,35.57
PICK-1633,validation,audited,21,6,862.5,2,52.6,33.79
PICK-1634,validation,audited,25,6,597.8,2,86.8,35.74
PICK-1635,validation,audited,50,1,451.9,1,73.4,39.26
PICK-1636,validation,audited,36,1,652.7,2,29.2,29.45
PICK-1637,validation,audited,63,10,669.0,5,92.5,41.97
PICK-1638,validation,audited,44,5,781.5,6,80.5,35.52
PICK-1639,validation,audited,36,8,200.7,6,16.1,20.45
PICK-1640,validation,audited,52,10,786.1,1,93.6,47.8
PICK-1641,validation,audited,43,4,713.2,2,65.9,33.03
PICK-1642,validation,audited,46,4,839.4,5,62.1,35.99
PICK-1643,validation,audited,20,6,836.7,1,31.3,34.97
PICK-1644,validation,audited,65,18,775.6,3,47.3,36.39
PICK-1645,validation,audited,65,21,280.7,1,66.3,38.55
PICK-1646,validation,audited,45,8,537.0,1,25.5,36.84
PICK-1647,validation,audited,56,15,82.8,4,86.5,29.02
PICK-1648,validation,audited,48,12,361.8,6,38.6,25.88
PICK-1649,validation,audited,75,8,574.4,1,41.4,47.38
PICK-1650,validation,audited,24,8,466.0,1,97.0,38.89
PICK-1651,validation,audited,63,5,518.5,2,68.1,37.58
PICK-1652,validation,audited,80,10,879.0,3,38.0,41.76
PICK-1653,validation,audited,54,6,622.6,3,31.1,31.72
PICK-1654,validation,audited,62,0,390.3,2,23.5,32.68
PICK-1655,validation,audited,22,4,137.8,3,68.3,23.07
PICK-1656,validation,audited,69,4,212.2,2,28.1,32.08
PICK-1657,validation,audited,24,3,560.5,3,53.2,27.9
PICK-1658,validation,audited,7,1,526.1,4,63.0,20.9
PICK-1659,validation,audited,58,15,884.1,3,71.5,37.74
PICK-1660,validation,audited,67,13,674.4,3,87.0,42.31
PICK-1661,validation,audited,12,1,404.0,6,28.5,16.02
PICK-1662,validation,audited,76,5,196.3,5,91.2,37.16
PICK-1663,validation,audited,21,3,506.1,4,16.2,20.65
PICK-1664,validation,audited,44,6,620.9,6,31.6,28.83
PICK-1665,validation,audited,40,9,285.4,2,15.8,23.42
PICK-1666,validation,audited,24,8,768.2,6,74.5,26.67
PICK-1667,validation,audited,15,2,876.2,3,34.6,23.19
PICK-1668,validation,audited,76,6,98.8,2,84.3,32.65
PICK-1669,validation,audited,50,8,619.6,6,69.6,30.23
PICK-1670,validation,audited,63,20,743.1,2,97.0,49.61
PICK-1671,validation,audited,51,18,879.3,3,61.8,37.61
PICK-1672,validation,audited,68,4,154.5,5,57.9,32.35
PICK-1673,validation,audited,28,3,89.4,3,88.1,23.31
PICK-1674,validation,audited,54,10,126.9,2,97.5,32.45
PICK-1675,validation,audited,73,4,499.4,1,31.3,39.89
PICK-1676,validation,audited,37,7,458.2,6,82.8,26.4
PICK-1677,validation,audited,25,10,455.3,4,69.9,24.98
PICK-1678,validation,audited,44,8,629.6,2,54.2,32.3
PICK-1679,validation,audited,59,4,399.1,2,33.5,28.82
PICK-1680,validation,audited,79,6,361.3,3,17.1,25.84
PICK-1681,validation,audited,42,6,401.1,5,56.5,26.39
PICK-1682,validation,audited,68,12,393.9,4,67.7,32.39
PICK-1683,validation,audited,71,24,647.8,1,73.0,47.98
PICK-1684,validation,audited,77,6,730.8,3,31.1,37.86
PICK-1685,validation,audited,51,11,253.3,2,40.7,29.4
PICK-1686,validation,audited,59,13,884.9,4,45.0,37.2
PICK-1687,validation,audited,48,17,259.5,6,66.6,27.59
PICK-1688,validation,audited,43,13,409.8,6,63.3,28.36
PICK-1689,validation,audited,52,1,383.8,3,62.0,28.63
PICK-1690,validation,audited,20,5,129.8,4,81.0,19.03
PICK-1691,validation,audited,59,13,628.7,6,73.0,35.6
PICK-1692,validation,audited,4,4,801.2,5,76.1,27.5
PICK-1693,validation,audited,41,3,683.7,6,20.9,21.72
PICK-1694,validation,audited,79,19,672.8,2,66.7,41.15
PICK-1695,validation,audited,73,2,840.3,1,90.3,56.88
PICK-1696,validation,audited,25,3,618.9,3,25.8,26.54
PICK-1697,validation,audited,64,8,665.0,3,57.2,33.52
PICK-1698,validation,audited,67,17,639.0,4,15.2,31.72
PICK-1699,validation,audited,63,15,88.7,2,92.1,36.95
PICK-1700,validation,audited,36,1,845.3,3,36.8,31.7
PICK-1701,validation,audited,25,0,392.7,5,36.2,20.69
PICK-1702,validation,audited,63,16,775.1,6,76.6,36.1
PICK-1703,validation,audited,53,2,730.2,3,89.9,41.32
PICK-1704,validation,audited,49,6,158.9,4,57.1,23.74
PICK-1705,validation,audited,57,12,485.7,2,74.8,32.86
PICK-1706,validation,audited,7,2,151.6,4,98.0,18.95
PICK-1707,validation,audited,66,7,119.9,5,47.2,20.53
PICK-1708,validation,audited,55,5,666.0,1,24.9,33.14
PICK-1709,validation,audited,14,4,307.5,5,90.5,25.33
PICK-1710,validation,audited,70,7,609.6,4,65.1,34.73
PICK-1711,validation,audited,22,1,401.8,2,88.1,32.95
PICK-1712,validation,audited,43,2,325.8,3,32.3,24.23
PICK-1713,validation,audited,48,12,307.4,4,94.4,31.93
PICK-1714,validation,audited,53,6,729.8,4,86.3,39.11
PICK-1715,validation,audited,19,2,125.9,6,35.6,12.9
PICK-1716,validation,audited,46,6,473.9,6,42.2,28.05
PICK-1717,validation,audited,68,21,477.0,6,81.1,35.21
PICK-1718,validation,audited,27,3,477.9,1,60.1,32.55
PICK-1719,validation,audited,79,1,308.9,1,75.7,41.12
PICK-1720,validation,audited,20,7,350.9,5,90.0,29.24
PICK-1721,validation,audited,29,2,352.9,1,69.9,35.12
PICK-1722,validation,audited,56,9,336.3,6,86.3,30.93
PICK-1723,validation,audited,43,3,666.9,6,73.3,33.88
PICK-1724,validation,audited,20,3,297.3,1,93.5,34.98
PICK-1725,validation,audited,50,12,528.3,5,18.7,26.21
PICK-1726,validation,audited,25,5,352.5,3,21.6,18.73
PICK-1727,validation,audited,28,3,460.1,4,28.0,20.91
PICK-1728,validation,audited,71,19,818.0,4,27.9,40.81
PICK-1729,validation,audited,39,8,255.0,2,53.2,29.02
PICK-1730,validation,audited,42,0,268.0,4,77.8,30.14
PICK-1731,validation,audited,69,9,548.2,2,41.9,33.14
PICK-1732,validation,audited,34,4,115.1,6,56.3,20.92
PICK-1733,validation,audited,41,6,417.2,1,90.5,38.91
PICK-1734,validation,audited,65,10,134.4,4,78.1,28.11
PICK-1735,validation,audited,30,5,303.9,6,29.9,17.13
PICK-1736,validation,audited,21,6,236.0,5,88.0,25.3
PICK-1737,validation,audited,75,19,477.9,3,97.8,45.18
PICK-1738,validation,audited,25,3,341.8,1,56.9,31.72
PICK-1739,validation,audited,36,4,794.0,1,22.0,35.61
PICK-1740,validation,audited,30,9,354.5,3,21.2,21.92
PICK-1741,validation,audited,31,9,709.7,4,18.7,22.87
PICK-1742,validation,audited,78,24,346.6,1,96.1,48.93
PICK-1743,validation,audited,10,0,139.6,5,56.1,15.98
PICK-1744,validation,audited,36,3,268.0,1,70.6,27.91
PICK-1745,validation,audited,22,3,261.8,2,94.6,29.2
PICK-1746,validation,audited,75,21,208.3,2,42.2,35.47
PICK-1747,validation,audited,10,3,124.9,3,41.3,13.78
PICK-1748,validation,audited,25,5,243.4,1,74.5,28.06
PICK-1749,validation,audited,29,6,785.0,2,60.1,34.97
PICK-1750,validation,audited,7,1,608.8,3,50.4,22.15
PICK-1751,validation,audited,56,12,119.5,6,23.3,25.97
PICK-1752,validation,audited,7,0,344.3,3,70.5,20.6
PICK-1753,validation,audited,49,5,523.5,5,33.3,24.71
PICK-1754,validation,audited,63,10,847.1,1,27.9,43.76
PICK-1755,validation,audited,19,3,729.0,2,87.5,36.23
PICK-1756,validation,audited,33,5,756.5,4,18.6,25.82
PICK-1757,validation,audited,36,12,528.1,4,26.1,25.51
PICK-1758,validation,audited,7,1,81.1,5,80.0,15.1
PICK-1759,validation,audited,38,4,246.2,2,87.1,29.95
PICK-1760,validation,audited,19,2,793.7,4,61.3,25.56
PICK-1761,validation,audited,71,21,123.2,6,48.5,33.54
PICK-1762,validation,audited,31,7,161.1,6,47.5,21.29
PICK-1763,validation,audited,46,8,280.2,6,69.1,26.3
PICK-1764,validation,audited,20,3,83.9,5,26.6,16.03
PICK-1765,validation,audited,71,11,829.6,5,70.1,39.3
PICK-1766,validation,audited,25,2,477.6,3,91.9,31.61
PICK-1767,validation,audited,20,4,865.0,2,53.6,31.06
PICK-1768,validation,audited,46,0,454.0,4,86.2,34.85
PICK-1769,validation,audited,65,18,537.3,2,73.9,35.41
PICK-1770,validation,audited,60,18,459.8,3,52.0,29.76
PICK-1771,validation,audited,45,5,173.1,3,19.9,21.36
PICK-1772,validation,audited,17,1,312.0,3,78.4,20.7
PICK-1773,validation,audited,35,13,667.2,6,70.0,31.91
PICK-1774,validation,audited,74,26,96.8,3,85.1,41.44
PICK-1775,validation,audited,78,11,475.7,2,89.0,43.2
PICK-1776,validation,audited,48,9,416.0,6,92.9,36.37
PICK-1777,validation,audited,22,7,344.5,3,67.1,24.78
PICK-1778,validation,audited,54,15,305.7,1,65.8,40.02
PICK-1779,validation,audited,23,1,677.6,1,45.5,33.55
PICK-1780,validation,audited,68,17,181.6,5,87.0,29.96
PICK-1781,validation,audited,63,0,535.8,6,49.6,27.49
PICK-1782,validation,audited,72,8,725.0,3,18.6,32.81
PICK-1783,validation,audited,19,5,763.0,4,31.7,21.84
PICK-1784,validation,audited,79,12,850.2,1,37.0,43.54
PICK-1785,validation,audited,51,12,765.6,6,95.0,43.48
PICK-1786,validation,audited,29,1,544.3,2,51.7,27.08
PICK-1787,validation,audited,80,6,651.9,3,84.0,45.36
PICK-1788,validation,audited,70,3,710.0,3,91.4,42.89
PICK-1789,validation,audited,21,7,340.1,4,21.5,21.02
PICK-1790,validation,audited,20,1,679.7,3,19.0,21.95
PICK-1791,validation,audited,65,3,532.4,5,56.6,29.64
PICK-1792,validation,audited,52,11,391.3,5,56.0,25.12
PICK-1793,validation,audited,63,4,240.3,3,23.9,23.87
PICK-1794,validation,audited,40,6,512.3,2,47.5,30.9
PICK-1795,validation,audited,41,12,689.8,1,84.8,46.93
PICK-1796,validation,audited,75,13,798.6,4,39.2,43.31
PICK-1797,validation,audited,48,14,843.6,1,33.9,40.28
PICK-1798,validation,audited,53,1,123.9,4,25.4,20.37
PICK-1799,validation,audited,79,2,562.3,2,92.8,38.3
PICK-1800,validation,audited,46,11,734.8,3,53.8,34.63
PICK-1801,validation,audited,18,2,445.6,6,75.6,21.9
PICK-1802,validation,audited,76,7,627.1,5,31.4,34.23
PICK-1803,validation,audited,31,7,632.7,3,60.6,28.58
PICK-1804,validation,audited,56,15,830.5,1,87.8,50.57
PICK-1805,validation,audited,35,11,98.3,2,49.4,22.68
PICK-1806,validation,audited,46,14,771.8,3,93.9,41.97
PICK-1807,validation,audited,23,1,667.5,5,72.7,27.52
PICK-1808,validation,audited,34,9,785.5,6,77.7,33.09
PICK-1809,validation,audited,80,10,378.8,5,15.5,29.61
PICK-1810,validation,audited,65,4,215.3,1,60.4,35.83
PICK-1811,validation,audited,24,0,433.1,3,15.9,18.43
PICK-1812,validation,audited,31,2,851.4,1,23.6,31.55
PICK-1813,validation,audited,51,6,518.5,2,47.0,36.46
PICK-1814,validation,audited,5,1,631.2,4,65.0,22.74
PICK-1815,validation,audited,13,3,422.1,6,84.7,21.99
PICK-1816,validation,audited,38,1,713.9,1,93.0,48.48
PICK-1817,validation,audited,23,4,117.0,2,28.1,18.74
PICK-1818,validation,audited,62,22,709.1,1,16.6,38.16
PICK-1819,validation,audited,26,4,425.5,2,47.3,23.39
PICK-1820,validation,audited,72,4,586.4,4,65.7,31.62
PICK-1821,validation,audited,8,1,213.8,2,93.4,25.71
PICK-1822,validation,audited,65,15,109.0,1,33.3,30.62
PICK-1823,validation,audited,6,1,349.0,2,83.2,20.12
PICK-1824,validation,audited,44,9,454.5,5,60.9,28.27
PICK-1825,validation,audited,33,6,575.4,4,67.8,29.88
PICK-1826,validation,audited,57,15,126.9,3,71.6,27.93
PICK-1827,validation,audited,74,8,884.3,5,33.3,35.03
PICK-1828,validation,audited,22,3,562.3,4,50.9,25.68
PICK-1829,validation,audited,4,0,223.5,2,25.0,15.28
PICK-1830,validation,audited,78,18,214.1,6,52.4,28.88
PICK-1831,validation,audited,70,3,257.0,2,62.9,30.51
PICK-1832,validation,audited,73,14,310.6,5,41.3,27.88
PICK-1833,validation,audited,49,17,897.4,2,56.4,40.24
PICK-1834,validation,audited,30,10,563.5,6,32.8,22.67
PICK-1835,validation,audited,76,10,772.4,6,54.8,33.21
PICK-1836,validation,audited,25,3,679.5,6,77.0,29.36
PICK-1837,validation,audited,79,11,388.7,3,75.3,38.28
PICK-1838,validation,audited,69,15,613.9,6,95.1,46.28
PICK-1839,validation,audited,10,1,842.1,2,55.2,28.61
PICK-1840,validation,audited,61,19,682.8,5,18.6,29.08
PICK-1841,validation,audited,53,9,612.0,2,67.7,35.31
PICK-1842,validation,audited,23,9,818.9,1,68.8,38.42
PICK-1843,validation,audited,5,1,217.1,6,54.7,15.63
PICK-1844,validation,audited,62,17,556.1,3,57.0,35.85
PICK-1845,validation,audited,36,1,360.7,4,79.2,27.58
PICK-1846,validation,audited,21,7,635.9,2,73.5,29.44
PICK-1847,validation,audited,14,0,800.0,6,24.2,21.52
PICK-1848,validation,audited,29,5,458.1,5,85.0,26.05
PICK-1849,validation,audited,30,1,362.3,6,54.3,20.45
PICK-1850,validation,audited,7,3,800.1,1,66.3,36.17
PICK-1851,validation,audited,56,10,565.3,6,66.5,30.62
PICK-1852,validation,audited,22,7,353.4,5,54.4,23.26
PICK-1853,validation,audited,65,29,87.5,6,89.7,34.95
PICK-1854,validation,audited,38,10,617.2,4,92.3,37.52
PICK-1855,validation,audited,18,0,515.9,1,26.1,23.71
PICK-1856,validation,audited,58,3,291.4,2,39.9,29.84
PICK-1857,validation,audited,76,9,402.1,1,68.0,44.81
PICK-1858,validation,audited,16,1,548.0,1,79.8,34.16
PICK-1859,validation,audited,69,20,101.6,3,94.5,39.76
PICK-1860,validation,audited,45,16,578.5,2,85.5,42.71
PICK-1861,validation,audited,36,5,261.4,1,46.8,26.15
PICK-1862,validation,audited,66,23,886.0,4,85.0,48.59
PICK-1863,validation,audited,4,0,120.7,5,49.0,10.92
PICK-1864,validation,audited,19,2,105.1,1,76.2,30.7
PICK-1865,validation,audited,31,5,201.5,4,88.8,27.84
PICK-1866,validation,audited,61,15,144.1,1,40.7,33.2
PICK-1867,validation,audited,76,5,431.5,6,69.5,35.07
PICK-1868,validation,audited,35,4,211.6,6,61.9,21.62
PICK-1869,validation,audited,9,4,415.2,4,43.8,18.08
PICK-1870,validation,audited,51,12,319.3,3,83.0,32.42
PICK-1871,validation,audited,13,0,360.2,2,51.9,24.17
PICK-1872,validation,audited,27,1,329.2,4,16.2,20.05
PICK-1873,validation,audited,54,12,778.2,4,80.4,39.64
PICK-1874,validation,audited,44,9,745.8,5,53.5,29.06
PICK-1875,validation,audited,25,6,847.5,5,50.9,27.37
PICK-1876,validation,audited,18,3,455.5,6,22.3,17.67
PICK-1877,validation,audited,62,8,586.2,6,78.0,31.77
PICK-1878,validation,audited,49,14,343.9,6,83.5,26.44
PICK-1879,validation,audited,32,0,883.3,1,23.9,34.21
PICK-1880,validation,audited,29,10,348.5,1,75.8,32.04
PICK-1881,validation,audited,36,8,161.1,6,76.6,21.25
PICK-1882,validation,audited,30,7,316.8,3,67.0,25.14
PICK-1883,validation,audited,16,2,141.4,2,33.8,16.54
PICK-1884,validation,audited,7,3,689.1,1,61.3,35.95
PICK-1885,validation,audited,58,8,536.7,2,19.9,37.8
PICK-1886,validation,audited,41,5,426.0,2,89.0,34.98
PICK-1887,validation,audited,55,5,533.7,1,87.5,46.51
PICK-1888,validation,audited,46,1,253.7,3,45.3,24.77
PICK-1889,validation,audited,67,12,490.4,2,96.6,44.56
PICK-1890,validation,audited,25,4,673.8,5,53.5,26.52
PICK-1891,validation,audited,39,5,333.4,3,95.5,29.87
PICK-1892,validation,audited,34,10,611.7,1,89.6,45.06
PICK-1893,validation,audited,50,8,277.7,5,70.3,25.46
PICK-1894,validation,audited,12,1,296.9,1,65.3,27.63
PICK-1895,validation,audited,74,6,521.1,5,82.6,34.83
PICK-1896,validation,audited,78,17,255.9,4,16.5,25.54
PICK-1897,validation,audited,62,4,272.3,3,85.9,30.68
PICK-1898,validation,audited,21,5,499.8,4,42.3,23.32
PICK-1899,validation,audited,27,8,493.2,6,57.3,26.3
PICK-1900,validation,audited,42,5,464.4,6,33.3,25.16
PICK-1901,validation,audited,75,14,639.0,3,35.7,34.22
PICK-1902,validation,audited,50,9,713.0,5,60.3,38.39
PICK-1903,validation,audited,58,1,873.4,3,69.6,43.27
PICK-1904,validation,audited,45,12,161.9,5,73.0,25.24
PICK-1905,validation,audited,38,7,423.3,2,73.3,28.26
PICK-1906,validation,audited,59,10,895.2,2,74.9,42.49
PICK-1907,validation,audited,31,9,433.3,6,16.4,19.84
PICK-1908,validation,audited,6,1,84.0,6,67.6,13.22
PICK-1909,validation,audited,67,14,544.4,3,78.0,32.85
PICK-1910,validation,audited,41,10,217.1,6,84.7,27.79
PICK-1911,validation,audited,14,0,497.1,5,42.9,19.89
PICK-1912,validation,audited,5,2,592.0,3,50.9,23.21
PICK-1913,validation,audited,46,13,230.8,3,94.5,31.58
PICK-1914,validation,audited,30,9,188.7,6,41.9,20.78
PICK-1915,validation,audited,61,13,449.7,4,72.5,28.3
PICK-1916,validation,audited,72,17,315.6,6,27.7,31.16
PICK-1917,validation,audited,8,3,660.3,6,71.1,24.0
PICK-1918,validation,audited,70,3,624.6,2,92.5,40.38
PICK-1919,validation,audited,64,10,605.0,6,18.4,30.39
PICK-1920,validation,audited,67,3,536.8,6,56.9,31.48
PICK-1921,validation,audited,64,6,743.8,3,28.1,34.16
PICK-1922,validation,audited,29,3,897.3,4,83.2,35.84
PICK-1923,validation,audited,63,13,277.8,6,91.4,30.96
PICK-1924,validation,audited,52,4,211.9,3,49.7,22.61
PICK-1925,validation,audited,74,10,442.8,4,46.7,36.23
PICK-1926,validation,audited,23,1,380.8,2,33.6,23.01
PICK-1927,validation,audited,11,6,799.3,3,77.3,32.31
PICK-1928,validation,audited,12,1,424.2,4,73.6,23.65
PICK-1929,validation,audited,76,4,535.4,5,79.0,33.14
PICK-1930,validation,audited,73,20,801.5,2,16.5,34.39
PICK-1931,validation,audited,80,4,185.4,5,68.9,33.59
PICK-1932,validation,audited,55,17,834.4,3,93.0,45.55
PICK-1933,validation,audited,73,2,854.1,4,45.7,37.05
PICK-1934,validation,audited,36,2,445.1,5,85.4,35.44
PICK-1935,validation,audited,15,2,861.5,5,85.9,34.3
PICK-1936,validation,audited,20,0,107.3,3,76.6,22.51
PICK-1937,validation,audited,10,3,452.1,4,88.4,29.73
PICK-1938,validation,audited,50,13,245.1,6,66.2,24.83
PICK-1939,validation,audited,56,12,631.4,3,83.3,38.88
PICK-1940,validation,audited,47,2,548.8,1,37.0,32.29
PICK-1941,validation,audited,8,0,656.2,6,19.6,17.9
PICK-1942,validation,audited,68,11,443.0,1,27.0,42.54
PICK-1943,validation,audited,18,2,328.0,2,29.3,19.59
PICK-1944,validation,audited,57,12,503.5,6,37.7,29.91
PICK-1945,validation,audited,75,11,317.6,2,35.3,36.13
PICK-1946,validation,audited,44,7,679.4,6,32.5,29.59
PICK-1947,validation,audited,20,1,580.5,1,91.3,41.13
PICK-1948,validation,audited,78,6,839.3,6,32.2,35.48
PICK-1949,validation,audited,72,7,445.2,5,16.0,29.31
PICK-1950,validation,audited,60,14,491.4,1,60.3,40.34
PICK-1951,test,audited,20,2,821.6,1,54.8,35.52
PICK-1952,test,audited,21,3,582.6,6,92.5,31.6
PICK-1953,test,audited,40,4,486.8,6,34.3,24.0
PICK-1954,test,audited,62,10,546.2,6,23.0,30.02
PICK-1955,test,audited,72,6,156.9,3,68.6,25.76
PICK-1956,test,audited,28,6,469.3,6,44.0,25.12
PICK-1957,test,audited,32,12,772.8,5,37.2,28.27
PICK-1958,test,audited,24,6,523.2,5,26.1,19.2
PICK-1959,test,audited,22,6,892.9,4,59.9,29.44
PICK-1960,test,audited,23,3,885.1,6,68.8,27.66
PICK-1961,test,audited,69,10,182.4,5,59.5,29.33
PICK-1962,test,audited,59,15,125.5,5,15.6,24.8
PICK-1963,test,audited,29,8,224.8,1,73.6,29.57
PICK-1964,test,audited,24,5,263.0,4,61.3,21.6
PICK-1965,test,audited,31,4,141.3,1,88.4,33.6
PICK-1966,test,audited,25,1,83.9,6,53.3,14.87
PICK-1967,test,audited,80,2,202.2,4,37.9,24.99
PICK-1968,test,audited,29,1,476.4,4,24.7,19.57
PICK-1969,test,audited,43,6,499.6,2,70.8,35.63
PICK-1970,test,audited,78,20,816.5,1,53.8,47.27
PICK-1971,test,audited,63,12,315.7,3,33.8,26.27
PICK-1972,test,audited,7,1,693.1,1,63.9,33.23
PICK-1973,test,audited,11,3,807.7,5,17.2,22.93
PICK-1974,test,audited,13,1,200.0,3,72.9,19.69
PICK-1975,test,audited,10,4,250.3,4,81.7,19.01
PICK-1976,test,audited,32,10,223.7,3,33.2,25.81
PICK-1977,test,audited,39,8,548.0,2,29.3,26.15
PICK-1978,test,audited,76,4,104.3,1,37.6,37.6
PICK-1979,test,audited,32,5,407.2,6,72.3,23.7
PICK-1980,test,audited,48,5,192.6,5,40.8,21.74
PICK-1981,test,audited,41,4,634.9,2,31.8,34.58
PICK-1982,test,audited,27,5,664.8,5,71.5,29.09
PICK-1983,test,audited,48,15,848.2,6,46.4,36.45
PICK-1984,test,audited,49,7,144.7,4,76.3,25.81
PICK-1985,test,audited,17,3,348.5,4,22.9,16.97
PICK-1986,test,audited,16,3,583.1,2,60.9,26.03
PICK-1987,test,audited,63,5,833.4,3,25.8,37.36
PICK-1988,test,audited,39,13,731.2,6,96.7,37.99
PICK-1989,test,audited,77,15,406.6,4,62.3,36.26
PICK-1990,test,audited,42,12,747.2,1,27.5,40.67
PICK-1991,test,audited,48,11,522.9,2,96.5,36.96
PICK-1992,test,audited,52,6,267.8,4,47.7,27.83
PICK-1993,test,audited,8,4,423.9,2,39.4,19.71
PICK-1994,test,audited,15,3,348.6,4,46.2,22.19
PICK-1995,test,audited,57,17,719.3,6,47.7,31.75
PICK-1996,test,audited,23,2,381.7,5,30.2,19.39
PICK-1997,test,audited,73,3,593.7,2,47.2,34.7
PICK-1998,test,audited,48,12,609.7,5,79.3,34.69
PICK-1999,test,audited,62,4,624.0,2,34.2,34.6
PICK-2000,test,audited,32,0,824.0,5,54.7,26.95
PICK-2001,test,audited,41,6,545.1,1,71.3,37.1
PICK-2002,test,audited,70,23,833.7,1,55.9,46.61
PICK-2003,test,audited,54,5,386.7,2,34.5,24.31
PICK-2004,test,audited,61,14,477.6,6,56.7,30.21
PICK-2005,test,audited,36,4,885.5,5,46.1,28.94
PICK-2006,test,audited,69,8,535.0,1,17.2,35.43
PICK-2007,test,audited,53,15,98.5,6,79.2,24.14
PICK-2008,test,audited,79,5,228.1,3,53.3,28.82
PICK-2009,test,audited,74,23,857.3,1,65.7,52.39
PICK-2010,test,audited,57,9,560.7,1,16.3,38.58
PICK-2011,test,audited,51,7,628.0,4,90.5,39.14
PICK-2012,test,audited,60,6,324.1,3,75.0,30.38
PICK-2013,test,audited,39,10,596.9,5,24.7,25.72
PICK-2014,test,audited,62,9,203.6,1,53.1,41.77
PICK-2015,test,audited,61,14,414.5,2,47.3,35.56
PICK-2016,test,audited,43,8,167.3,3,96.5,34.9
PICK-2017,test,audited,7,0,334.5,6,77.3,20.8
PICK-2018,test,audited,23,0,408.1,5,96.6,31.81
PICK-2019,test,audited,61,22,770.2,6,77.4,43.62
PICK-2020,test,audited,77,9,601.1,3,87.4,40.92
PICK-2021,test,audited,10,0,652.2,2,28.8,24.71
PICK-2022,test,audited,57,12,569.6,5,64.8,32.95
PICK-2023,test,audited,49,1,728.2,5,61.6,29.16
PICK-2024,test,audited,68,13,621.2,1,71.7,42.59
PICK-2025,test,audited,27,6,792.4,2,96.3,39.26
PICK-2026,test,audited,28,4,150.5,5,55.3,20.21
PICK-2027,test,audited,39,6,87.4,6,79.0,20.21
PICK-2028,test,audited,37,3,654.5,1,19.9,32.76
PICK-2029,test,audited,56,7,247.0,3,92.3,29.47
PICK-2030,test,audited,65,10,117.7,5,57.3,26.32
PICK-2031,test,audited,76,9,112.1,3,72.0,28.9
PICK-2032,test,audited,4,2,381.7,1,97.4,30.87
PICK-2033,test,audited,30,3,695.0,2,50.9,30.41
PICK-2034,test,audited,13,1,727.0,6,22.0,19.58
PICK-2035,test,audited,39,5,178.3,3,56.6,26.79
PICK-2036,test,audited,35,3,277.1,4,90.8,27.71
PICK-2037,test,audited,32,7,235.2,1,46.4,32.7
PICK-2038,test,audited,40,7,888.8,6,23.2,28.46
PICK-2039,test,audited,46,1,192.1,6,60.6,23.9
PICK-2040,test,audited,40,6,261.2,6,15.1,21.48
PICK-2041,test,audited,25,4,718.7,6,19.6,20.06
PICK-2042,test,audited,48,7,434.8,1,40.9,33.78
PICK-2043,test,audited,53,11,115.6,6,74.8,26.83
PICK-2044,test,audited,10,1,145.8,4,46.0,14.77
PICK-2045,test,audited,41,3,780.6,1,77.5,42.16
PICK-2046,test,audited,53,2,403.4,6,92.4,33.97
PICK-2047,test,audited,36,10,892.2,5,65.8,39.4
PICK-2048,test,audited,46,6,343.0,1,46.1,36.06
PICK-2049,test,audited,72,14,557.1,5,97.6,42.4
PICK-2050,test,audited,43,12,343.7,5,92.9,34.04
PICK-2051,test,audited,46,5,846.3,2,83.9,42.15
PICK-2052,test,audited,54,12,697.3,6,35.5,31.09
PICK-2053,test,audited,48,13,153.2,5,39.1,25.16
PICK-2054,test,audited,14,1,481.4,5,51.0,18.82
PICK-2055,test,audited,46,7,603.5,6,19.7,25.55
PICK-2056,test,audited,66,3,501.6,4,36.6,28.91
PICK-2057,test,audited,63,8,281.7,3,22.7,24.6
PICK-2058,test,audited,39,4,475.8,3,97.5,33.84
PICK-2059,test,audited,41,8,897.7,2,47.0,32.51
PICK-2060,test,audited,25,0,786.9,4,91.6,36.27
PICK-2061,test,audited,46,6,229.2,3,30.2,24.36
PICK-2062,test,audited,21,3,310.3,6,84.5,19.2
PICK-2063,test,audited,28,5,297.2,2,91.8,28.91
PICK-2064,test,audited,62,10,770.9,5,76.7,32.25
PICK-2065,test,audited,64,3,147.3,3,45.0,23.38
PICK-2066,test,audited,13,4,354.0,6,19.3,15.89
PICK-2067,test,audited,48,9,330.5,6,16.6,19.78
PICK-2068,test,audited,62,16,306.6,6,73.9,30.52
PICK-2069,test,audited,36,2,392.0,2,32.6,26.03
PICK-2070,test,audited,14,1,741.9,5,39.8,19.88
PICK-2071,test,audited,51,18,159.0,1,76.1,37.23
PICK-2072,test,audited,42,7,133.4,1,50.9,34.25
PICK-2073,test,audited,35,2,849.2,4,57.6,29.29
PICK-2074,test,audited,24,3,427.9,2,69.9,27.68
PICK-2075,test,audited,9,2,764.7,3,31.9,24.48
PICK-2076,test,audited,54,7,752.5,2,39.5,31.51
PICK-2077,test,audited,57,8,803.8,2,38.1,40.29
PICK-2078,test,audited,6,0,852.8,6,40.2,22.7
PICK-2079,test,audited,11,2,580.9,4,93.9,33.34
PICK-2080,test,audited,17,6,614.3,2,52.7,24.48
PICK-2081,test,audited,43,5,320.9,5,26.7,21.77
PICK-2082,test,audited,41,3,153.3,4,56.1,23.09
PICK-2083,test,audited,48,3,320.8,2,97.9,31.57
PICK-2084,test,audited,35,6,893.8,2,51.9,32.38
PICK-2085,test,audited,55,9,509.8,5,30.6,27.53
PICK-2086,test,audited,74,14,809.3,4,67.2,40.04
PICK-2087,test,audited,28,3,410.2,1,47.4,30.93
PICK-2088,test,audited,44,3,318.8,6,74.7,24.18
PICK-2089,test,audited,59,9,820.6,6,70.9,37.66
PICK-2090,test,audited,49,13,451.4,3,61.6,26.31
PICK-2091,test,audited,77,12,330.9,4,39.8,31.89
PICK-2092,test,audited,14,4,508.1,5,37.7,20.77
PICK-2093,test,audited,43,5,493.2,6,48.5,24.1
PICK-2094,test,audited,37,9,438.7,4,71.3,26.11
PICK-2095,test,audited,35,9,328.5,2,39.3,27.96
PICK-2096,test,audited,35,4,491.8,4,63.0,26.3
PICK-2097,test,audited,42,9,636.1,3,68.7,32.88
PICK-2098,test,audited,77,6,122.3,6,26.3,21.82
PICK-2099,test,audited,5,2,580.7,1,91.4,38.03
PICK-2100,test,audited,72,19,112.2,1,94.2,40.5
PICK-2101,test,audited,32,4,551.2,1,38.6,31.51
PICK-2102,test,audited,51,14,128.2,5,45.8,26.08
PICK-2103,test,audited,23,3,173.1,6,93.3,26.95
PICK-2104,test,audited,42,6,205.4,6,76.2,25.31
PICK-2105,test,audited,77,5,395.9,6,75.8,35.37
PICK-2106,test,audited,70,10,573.2,3,71.9,40.05
PICK-2107,test,audited,7,1,247.3,5,19.1,13.96
PICK-2108,test,audited,79,16,627.5,1,95.6,54.03
PICK-2109,test,audited,56,4,840.0,5,26.2,27.14
PICK-2110,test,audited,80,21,275.0,6,22.7,28.21
PICK-2111,test,audited,32,6,877.9,5,86.3,42.25
PICK-2112,test,audited,35,4,770.5,1,53.7,38.07
PICK-2113,test,audited,26,3,154.3,2,56.3,19.51
PICK-2114,test,audited,16,4,267.4,3,29.4,18.15
PICK-2115,test,audited,74,3,499.8,2,19.9,34.05
PICK-2116,test,audited,47,15,616.6,4,89.8,41.61
PICK-2117,test,audited,22,5,884.0,6,65.6,28.56
PICK-2118,test,audited,72,25,691.5,1,92.4,50.09
PICK-2119,test,audited,9,0,824.4,1,73.8,32.99
PICK-2120,test,audited,54,9,596.0,3,38.3,29.51
PICK-2121,test,audited,26,2,496.5,4,45.6,22.81
PICK-2122,test,audited,33,8,745.3,3,90.9,39.66
PICK-2123,test,audited,70,24,822.0,2,44.4,41.78
PICK-2124,test,audited,79,5,187.5,2,74.8,35.95
PICK-2125,test,audited,74,3,584.1,3,43.3,37.45
PICK-2126,test,audited,34,8,682.5,4,92.9,35.75
PICK-2127,test,audited,29,2,419.9,4,70.3,24.75
PICK-2128,test,audited,51,5,546.7,4,61.0,31.21
PICK-2129,test,audited,37,8,761.0,1,75.4,40.33
PICK-2130,test,audited,5,1,344.4,4,28.1,17.08
PICK-2131,test,audited,55,5,88.8,5,32.7,22.55
PICK-2132,test,audited,46,7,837.0,6,85.4,38.59
PICK-2133,test,audited,78,9,551.3,5,43.7,36.96
PICK-2134,test,audited,31,6,163.9,5,50.4,21.19
PICK-2135,test,audited,6,2,517.8,4,80.4,24.19
PICK-2136,test,audited,16,3,645.0,6,46.3,25.03
PICK-2137,test,audited,80,7,414.4,3,53.4,33.74
PICK-2138,test,audited,48,17,368.8,1,75.4,36.34
PICK-2139,test,audited,78,17,745.4,6,76.4,39.25
PICK-2140,test,audited,4,0,772.4,6,53.0,25.97
PICK-2141,test,audited,73,13,336.9,6,19.3,27.61
PICK-2142,test,audited,22,2,587.4,2,40.3,27.78
PICK-2143,test,audited,56,18,538.5,3,40.4,31.09
PICK-2144,test,audited,30,3,857.8,3,96.6,37.85
PICK-2145,test,audited,38,0,359.7,6,91.6,26.37
PICK-2146,test,audited,62,5,177.8,2,70.0,30.88
PICK-2147,test,audited,4,1,386.9,5,94.2,26.17
PICK-2148,test,audited,67,7,682.1,4,82.9,35.05
PICK-2149,test,audited,34,11,99.9,3,83.7,22.38
PICK-2150,test,audited,47,13,254.6,5,64.5,26.59
PICK-2151,test,audited,17,9,868.7,3,68.2,32.59
PICK-2152,test,audited,46,12,623.1,5,18.3,30.28
PICK-2153,test,audited,80,28,312.3,6,42.4,36.26
PICK-2154,test,audited,17,1,415.1,4,71.2,23.21
PICK-2155,test,audited,30,8,337.5,5,32.9,22.13
PICK-2156,test,audited,74,19,706.7,4,71.3,33.13
PICK-2157,test,audited,10,0,271.4,4,68.4,14.58
PICK-2158,test,audited,27,3,286.5,2,90.6,30.36
PICK-2159,test,audited,37,7,270.6,6,27.4,18.32
PICK-2160,test,audited,38,8,207.0,5,73.7,24.38
PICK-2161,test,audited,55,16,295.4,5,52.5,29.61
PICK-2162,test,audited,75,4,461.8,2,29.9,36.55
PICK-2163,test,audited,8,0,289.0,4,89.9,23.2
PICK-2164,test,audited,20,3,748.1,5,51.6,26.26
PICK-2165,test,audited,56,3,823.0,6,81.5,34.88
PICK-2166,test,audited,50,5,392.3,2,75.7,30.69
PICK-2167,test,audited,34,10,647.3,2,77.8,32.15
PICK-2168,test,audited,48,4,834.6,4,85.8,40.76
PICK-2169,test,audited,56,7,821.6,6,51.3,35.96
PICK-2170,test,audited,47,11,297.5,6,17.8,20.97
PICK-2171,test,audited,30,7,372.9,2,63.7,28.74
PICK-2172,test,audited,34,5,642.3,5,44.2,22.79
PICK-2173,test,audited,63,21,417.4,1,45.7,40.73
PICK-2174,test,audited,80,4,757.8,6,25.0,36.9
PICK-2175,test,audited,62,21,728.8,3,86.6,44.77
PICK-2176,test,audited,61,3,596.1,5,30.0,29.47
PICK-2177,test,audited,75,13,490.4,6,77.6,34.18
PICK-2178,test,audited,36,2,279.9,2,94.6,30.74
PICK-2179,test,audited,76,16,755.1,6,24.1,37.79
PICK-2180,test,audited,8,0,674.0,5,93.8,30.44
PICK-2181,test,audited,11,1,500.1,6,80.0,24.6
PICK-2182,test,audited,38,4,190.8,1,24.0,27.72
PICK-2183,test,audited,58,6,614.4,1,62.7,39.91
PICK-2184,test,audited,13,2,312.5,3,67.5,21.82
PICK-2185,test,audited,74,18,638.5,3,25.6,31.65
PICK-2186,test,audited,54,15,192.4,3,89.4,33.65
PICK-2187,test,audited,8,0,125.2,5,77.2,17.23
PICK-2188,test,audited,42,6,309.6,5,55.7,21.66
PICK-2189,test,audited,55,11,248.6,2,32.8,25.05
PICK-2190,test,audited,49,4,698.4,2,91.8,41.16
PICK-2191,test,audited,51,16,801.9,4,82.8,41.08
PICK-2192,test,audited,33,9,808.6,6,80.9,29.11
PICK-2193,test,audited,39,5,878.4,3,47.9,35.52
PICK-2194,test,audited,22,3,151.2,5,21.1,15.1
PICK-2195,test,audited,61,13,97.3,2,30.2,32.25
PICK-2196,test,audited,74,15,216.9,6,79.2,33.78
PICK-2197,test,audited,49,11,389.8,4,90.7,33.69
PICK-2198,test,audited,26,2,315.6,1,52.7,30.32
PICK-2199,test,audited,25,2,787.3,6,92.7,34.38
PICK-2200,test,audited,5,0,101.7,6,83.8,15.92
PICK-2201,test,audited,5,1,300.9,1,15.7,23.44
PICK-2202,test,audited,12,5,98.6,2,79.2,17.74
PICK-2203,test,audited,58,7,251.9,4,53.2,23.83
PICK-2204,test,audited,56,4,146.6,5,60.7,25.64
PICK-2205,test,audited,37,2,548.9,4,84.5,30.23
PICK-2206,test,audited,61,9,361.4,2,60.7,34.77
PICK-2207,test,audited,52,13,546.9,5,67.3,31.24
PICK-2208,test,audited,48,9,570.1,6,71.8,28.17
PICK-2209,test,audited,45,10,486.8,6,74.5,32.73
PICK-2210,test,audited,22,1,352.5,5,60.1,19.87
PICK-2211,test,audited,34,11,148.4,4,39.9,17.61
PICK-2212,test,audited,70,12,565.7,4,16.5,23.91
PICK-2213,test,audited,65,10,804.3,6,91.4,43.69
PICK-2214,test,audited,35,2,602.7,5,74.5,29.55
PICK-2215,test,audited,50,9,320.8,6,93.5,29.72
PICK-2216,test,audited,58,6,504.1,4,24.0,27.53
PICK-2217,test,audited,11,1,763.4,5,69.3,24.34
PICK-2218,test,audited,50,6,544.0,6,69.5,30.62
PICK-2219,test,audited,70,23,376.6,4,79.3,34.98
PICK-2220,test,audited,14,3,879.4,3,63.3,28.88
PICK-2221,test,audited,39,8,654.6,1,92.5,46.84
PICK-2222,test,audited,33,1,153.9,4,43.7,16.77
PICK-2223,test,audited,7,2,420.8,1,38.1,22.86
PICK-2224,test,audited,44,6,391.1,1,41.3,31.17
PICK-2225,test,audited,7,2,292.0,2,81.9,23.58
PICK-2226,test,audited,58,12,241.9,1,40.7,33.24
PICK-2227,test,audited,51,6,257.8,6,19.4,17.75
PICK-2228,test,audited,66,21,801.6,5,44.5,36.68
PICK-2229,test,audited,67,10,297.2,2,27.7,34.41
PICK-2230,test,audited,38,5,765.4,2,97.9,42.42
PICK-2231,test,audited,38,11,257.3,4,34.0,23.83
PICK-2232,test,audited,42,8,327.7,1,60.5,35.45
PICK-2233,test,audited,39,10,235.6,6,71.1,22.85
PICK-2234,test,audited,72,7,696.7,5,74.1,40.15
PICK-2235,test,audited,45,8,548.9,6,67.2,29.76
PICK-2236,test,audited,17,3,648.1,5,78.2,24.02
PICK-2237,test,audited,46,4,168.4,2,18.3,23.43
PICK-2238,test,audited,57,18,440.5,5,22.4,28.78
PICK-2239,test,audited,14,3,183.0,5,56.2,17.76
PICK-2240,test,audited,41,3,726.2,5,42.7,28.66
PICK-2241,test,audited,23,5,310.4,3,90.5,28.67
PICK-2242,test,audited,27,6,582.2,4,25.7,24.71
PICK-2243,test,audited,61,4,313.8,6,52.4,28.19
PICK-2244,test,audited,7,2,566.1,1,78.3,31.95
PICK-2245,test,audited,64,8,789.0,4,55.3,36.72
PICK-2246,test,audited,72,5,643.6,5,73.7,35.48
PICK-2247,test,audited,38,10,208.6,1,69.1,34.31
PICK-2248,test,audited,57,8,205.5,2,32.7,24.87
PICK-2249,test,audited,73,9,492.5,6,55.3,36.07
PICK-2250,test,audited,58,13,673.1,4,21.3,28.85
PICK-2251,test,audited,29,8,713.4,2,66.3,34.58
PICK-2252,test,audited,42,11,829.7,4,39.9,30.38
PICK-2253,test,audited,67,4,147.5,6,96.6,27.63
PICK-2254,test,audited,57,10,456.1,3,76.5,29.8
PICK-2255,test,audited,60,6,369.5,6,91.1,35.09
PICK-2256,test,audited,41,9,850.3,4,92.0,39.89
PICK-2257,test,audited,61,2,629.8,2,95.5,43.85
PICK-2258,test,audited,63,12,832.7,2,51.5,42.79
PICK-2259,test,audited,14,1,633.6,3,75.8,27.66
PICK-2260,test,audited,77,14,243.1,3,85.1,39.25
PICK-2261,test,audited,23,0,703.9,4,90.3,31.08
PICK-2262,test,audited,30,4,836.7,2,42.9,35.36
PICK-2263,test,audited,34,8,282.9,2,95.5,30.07
PICK-2264,test,audited,79,21,807.1,3,27.9,36.71
PICK-2265,test,audited,70,11,756.2,6,84.4,40.3
PICK-2266,test,audited,61,12,471.8,3,37.3,32.58
PICK-2267,test,audited,23,5,745.8,2,49.2,27.62
PICK-2268,test,audited,66,18,287.4,5,80.0,29.94
PICK-2269,test,audited,69,19,205.1,1,62.0,33.28
PICK-2270,test,audited,15,4,242.5,5,33.3,15.28
PICK-2271,test,audited,75,9,883.2,5,80.7,50.41
PICK-2272,test,audited,31,6,726.8,4,41.7,25.15
PICK-2273,test,audited,17,3,228.9,4,97.7,26.77
PICK-2274,test,audited,78,1,594.3,1,92.0,54.39
PICK-2275,test,audited,55,1,329.1,2,57.6,29.83
PICK-2276,test,audited,60,15,84.7,4,76.0,29.03
PICK-2277,test,audited,62,8,553.8,6,96.7,36.55
PICK-2278,test,audited,33,4,286.3,1,42.4,31.2
PICK-2279,test,audited,21,9,203.1,3,49.4,19.17
PICK-2280,test,audited,17,5,409.3,4,96.4,27.69
PICK-2281,test,audited,16,4,599.2,2,35.8,25.79
PICK-2282,test,audited,29,7,858.8,2,55.1,35.11
PICK-2283,test,audited,27,8,536.8,3,84.2,28.61
PICK-2284,test,audited,80,21,885.1,1,20.7,42.35
PICK-2285,test,audited,4,0,822.2,5,73.6,27.4
PICK-2286,test,audited,72,15,488.2,2,95.0,38.85
PICK-2287,test,audited,24,1,355.0,1,62.9,29.77
PICK-2288,test,audited,33,7,700.4,6,81.2,32.63
PICK-2289,test,audited,76,12,872.4,4,21.3,33.14
PICK-2290,test,audited,47,16,294.9,1,94.5,40.8
PICK-2291,test,audited,57,9,595.4,2,55.6,39.54
PICK-2292,test,audited,47,14,711.7,5,49.0,33.74
PICK-2293,test,audited,54,13,484.2,3,48.6,29.73
PICK-2294,test,audited,78,7,135.0,4,94.7,35.8
PICK-2295,test,audited,7,0,696.9,3,60.7,26.21
PICK-2296,test,audited,16,2,531.1,3,19.0,20.81
PICK-2297,test,audited,45,11,807.6,4,64.4,35.02
PICK-2298,test,audited,55,4,445.2,5,51.1,26.86
PICK-2299,test,audited,61,9,565.2,5,27.2,27.15
PICK-2300,test,audited,75,22,456.9,6,40.0,34.89
PICK-2301,test,audited,64,11,559.3,1,51.0,39.22
PICK-2302,test,audited,64,6,244.7,1,73.8,37.11
PICK-2303,test,audited,78,22,329.8,5,39.7,29.71
PICK-2304,test,audited,20,7,703.8,2,17.4,21.12
PICK-2305,test,audited,32,2,404.4,3,28.5,20.51
PICK-2306,test,audited,23,1,219.8,6,73.5,19.72
PICK-2307,test,audited,48,3,443.3,5,75.0,31.26
PICK-2308,test,audited,22,3,639.3,1,94.5,43.15
PICK-2309,test,audited,58,17,182.5,3,15.0,25.73
PICK-2310,test,audited,43,1,383.6,6,40.7,27.83
PICK-2311,test,audited,69,10,133.0,2,64.3,30.1
PICK-2312,test,audited,66,8,413.2,5,70.5,34.99
PICK-2313,test,audited,78,21,542.7,5,38.5,31.19
PICK-2314,test,audited,16,2,248.8,2,92.1,27.94
PICK-2315,test,audited,14,2,102.6,3,96.7,20.71
PICK-2316,test,audited,78,4,659.3,6,44.4,37.52
PICK-2317,test,audited,57,10,687.7,1,86.6,47.87
PICK-2318,test,audited,24,8,651.5,6,52.1,24.78
PICK-2319,test,audited,24,6,260.8,3,44.2,20.16
PICK-2320,test,audited,80,6,350.5,3,22.3,27.8
PICK-2321,test,audited,7,0,407.0,1,40.9,25.62
PICK-2322,test,audited,63,15,546.5,4,27.3,31.18
PICK-2323,test,audited,35,3,435.1,3,18.7,22.87
PICK-2324,test,audited,26,2,373.9,6,96.5,27.17
PICK-2325,test,audited,63,4,612.2,5,16.1,26.2
PICK-2326,test,audited,45,8,673.9,1,58.1,35.78
PICK-2327,test,audited,60,2,738.8,5,95.9,40.56
PICK-2328,test,audited,55,7,101.6,1,25.2,30.09
PICK-2329,test,audited,48,7,893.1,4,74.2,39.22
PICK-2330,test,audited,68,6,489.5,2,45.9,34.62
PICK-2331,test,audited,79,12,503.5,2,15.1,32.6
PICK-2332,test,audited,19,2,493.5,6,15.1,16.87
PICK-2333,test,audited,52,16,529.7,5,18.1,24.67
PICK-2334,test,audited,74,8,217.6,4,30.8,29.55
PICK-2335,test,audited,46,9,717.7,4,68.8,30.6
PICK-2336,test,audited,73,11,316.7,6,59.2,30.42
PICK-2337,test,audited,45,3,215.8,6,83.3,25.1
PICK-2338,test,audited,16,0,899.2,3,31.4,26.66
PICK-2339,test,audited,4,0,216.5,3,58.5,18.31
PICK-2340,test,audited,77,18,330.7,2,39.0,39.64
PICK-2341,test,audited,71,10,803.4,1,31.3,50.2
PICK-2342,test,audited,27,2,409.7,1,28.8,32.88
PICK-2343,test,audited,5,2,869.6,1,15.4,28.19
PICK-2344,test,audited,13,1,836.5,3,47.0,25.99
PICK-2345,test,audited,27,5,835.5,4,59.3,28.29
PICK-2346,test,audited,71,5,549.7,4,90.4,39.99
PICK-2347,test,audited,59,16,741.9,4,97.2,43.61
PICK-2348,test,audited,78,20,450.7,3,81.3,37.53
PICK-2349,test,audited,21,2,839.9,3,84.1,35.16
PICK-2350,test,audited,63,11,303.7,1,40.1,37.21
PICK-2351,test,audited,45,8,382.1,4,74.0,30.53
PICK-2352,test,audited,68,3,375.9,5,59.4,31.85
PICK-2353,test,audited,30,3,199.3,2,75.7,28.01
PICK-2354,test,audited,23,6,171.9,1,15.8,23.74
PICK-2355,test,audited,30,2,625.8,2,72.6,28.77
PICK-2356,test,audited,51,1,424.5,1,27.2,32.8
PICK-2357,test,audited,33,2,682.7,1,85.4,43.08
PICK-2358,test,audited,30,9,756.8,4,20.5,24.9
PICK-2359,test,audited,30,6,835.6,1,83.6,41.15
PICK-2360,test,audited,31,10,328.7,5,36.2,21.12
PICK-2361,test,audited,30,1,212.3,2,89.7,30.91
PICK-2362,test,audited,19,8,536.4,5,15.6,19.13
PICK-2363,test,audited,12,2,717.8,5,90.4,30.7
PICK-2364,test,audited,35,5,188.9,6,16.5,18.3
PICK-2365,test,audited,33,1,281.8,6,46.6,23.73
PICK-2366,test,audited,38,6,612.2,5,66.1,28.17
PICK-2367,test,audited,65,7,317.0,2,88.4,38.03
PICK-2368,test,audited,5,2,780.2,2,89.9,34.62
PICK-2369,test,audited,40,10,484.5,5,47.7,28.03
PICK-2370,test,audited,18,7,522.5,3,34.4,23.38
PICK-2371,test,audited,57,10,98.4,3,94.5,32.57
PICK-2372,test,audited,80,18,345.1,4,72.9,36.47
PICK-2373,test,audited,61,6,381.5,6,47.5,29.2
PICK-2374,test,audited,65,10,267.6,6,37.8,32.43
PICK-2375,test,audited,69,13,466.5,4,42.6,29.9
PICK-2376,test,audited,4,1,128.5,5,80.1,15.58
PICK-2377,test,audited,77,10,207.5,1,48.2,37.41
PICK-2378,test,audited,33,5,866.3,6,93.1,39.01
PICK-2379,test,audited,68,10,271.0,4,22.5,29.76
PICK-2380,test,audited,11,1,320.5,6,96.4,23.25
PICK-2381,test,audited,61,2,865.3,4,71.1,35.6
PICK-2382,test,audited,71,11,245.6,1,40.5,33.37
PICK-2383,test,audited,44,10,495.5,3,61.3,29.07
PICK-2384,test,audited,23,7,376.5,1,22.1,28.13
PICK-2385,test,audited,4,0,137.6,3,27.1,16.69
PICK-2386,test,audited,18,3,214.5,2,32.5,19.18
PICK-2387,test,audited,62,12,870.7,5,21.4,21.93
PICK-2388,test,audited,42,3,148.1,3,90.9,27.83
PICK-2389,test,audited,76,5,817.3,5,81.1,44.81
PICK-2390,test,audited,62,14,763.6,5,51.0,35.7
PICK-2391,test,audited,13,1,645.1,4,35.8,21.48
PICK-2392,test,audited,5,1,313.3,4,21.1,17.55
PICK-2393,test,audited,24,1,114.6,6,84.8,17.31
PICK-2394,test,audited,15,2,618.9,3,40.0,21.82
PICK-2395,test,audited,56,5,125.6,3,32.4,20.34
PICK-2396,test,audited,44,10,686.9,2,34.3,26.9
PICK-2397,test,audited,72,11,553.3,4,91.8,45.17
PICK-2398,test,audited,52,12,194.5,1,56.4,33.01
PICK-2399,test,audited,61,8,358.1,5,85.2,34.76
PICK-2400,test,audited,65,12,404.7,4,64.9,32.15
