sequence_id,split,step,temperature_c,door_open,vibration_g,risk_label,event_step
room_0000,train,0,3.589,0,0.204,0,-1
room_0000,train,1,3.721,0,0.214,0,-1
room_0000,train,2,3.677,0,0.192,0,-1
room_0000,train,3,3.384,0,0.216,0,-1
room_0000,train,4,3.784,0,0.236,0,-1
room_0000,train,5,3.914,0,0.218,0,-1
room_0000,train,6,3.987,0,0.284,0,-1
room_0000,train,7,4.112,0,0.099,0,-1
room_0000,train,8,3.794,0,0.266,0,-1
room_0000,train,9,4.116,0,0.227,0,-1
room_0000,train,10,4.057,0,0.167,0,-1
room_0000,train,11,3.195,0,0.167,0,-1
room_0000,train,12,4.048,0,0.28,0,-1
room_0000,train,13,10.234,0,0.212,0,-1
room_0000,train,14,4.26,0,0.21,0,-1
room_0001,test,0,4.431,1,0.246,1,5
room_0001,test,1,3.673,0,0.252,1,5
room_0001,test,2,4.64,0,0.17,1,5
room_0001,test,3,4.028,0,0.184,1,5
room_0001,test,4,4.014,0,0.152,1,5
room_0001,test,5,10.75,1,0.942,1,5
room_0001,test,6,3.342,0,0.221,1,5
room_0001,test,7,4.011,0,0.206,1,5
room_0001,test,8,4.221,0,0.224,1,5
room_0001,test,9,4.7,0,0.193,1,5
room_0001,test,10,3.617,0,0.298,1,5
room_0002,train,0,3.663,0,0.113,0,-1
room_0002,train,1,4.676,0,0.274,0,-1
room_0002,train,2,3.711,0,0.238,0,-1
room_0002,train,3,4.366,0,0.208,0,-1
room_0002,train,4,4.41,0,0.201,0,-1
room_0002,train,5,3.197,0,0.05,0,-1
room_0002,train,6,4.196,0,0.204,0,-1
room_0002,train,7,4.384,0,0.147,0,-1
room_0002,train,8,3.816,1,0.191,0,-1
room_0003,train,0,4.509,0,0.181,0,-1
room_0003,train,1,3.666,0,0.222,0,-1
room_0003,train,2,3.076,1,0.187,0,-1
room_0003,train,3,9.171,0,0.166,0,-1
room_0003,train,4,4.76,0,0.194,0,-1
room_0003,train,5,3.803,0,0.195,0,-1
room_0003,train,6,4.443,0,0.218,0,-1
room_0003,train,7,3.956,0,0.178,0,-1
room_0003,train,8,3.945,0,0.191,0,-1
room_0003,train,9,4.014,0,0.145,0,-1
room_0004,train,0,3.666,0,0.162,0,-1
room_0004,train,1,3.977,1,0.892,0,-1
room_0004,train,2,3.709,0,0.223,0,-1
room_0004,train,3,4.189,0,0.228,0,-1
room_0004,train,4,3.686,0,0.224,0,-1
room_0004,train,5,3.701,0,0.229,0,-1
room_0004,train,6,4.008,0,0.28,0,-1
room_0004,train,7,4.334,0,0.22,0,-1
room_0004,train,8,3.664,0,0.237,0,-1
room_0004,train,9,3.812,0,0.21,0,-1
room_0005,train,0,3.636,0,0.247,0,-1
room_0005,train,1,4.248,0,0.221,0,-1
room_0005,train,2,5.255,0,0.22,0,-1
room_0005,train,3,4.291,1,0.215,0,-1
room_0005,train,4,3.558,0,0.166,0,-1
room_0005,train,5,3.821,0,0.21,0,-1
room_0005,train,6,4.127,1,0.283,0,-1
room_0005,train,7,2.569,1,0.239,0,-1
room_0005,train,8,3.967,0,0.173,0,-1
room_0005,train,9,5.038,0,0.178,0,-1
room_0005,train,10,4.234,0,0.173,0,-1
room_0006,train,0,3.749,0,0.196,1,3
room_0006,train,1,3.932,0,0.198,1,3
room_0006,train,2,4.124,0,0.207,1,3
room_0006,train,3,9.856,1,0.918,1,3
room_0006,train,4,4.115,0,0.248,1,3
room_0006,train,5,3.33,0,0.217,1,3
room_0006,train,6,4.446,1,0.199,1,3
room_0006,train,7,4.997,0,0.199,1,3
room_0006,train,8,3.548,0,0.204,1,3
room_0006,train,9,3.874,0,0.162,1,3
room_0007,train,0,3.768,0,0.162,0,-1
room_0007,train,1,4.546,1,0.233,0,-1
room_0007,train,2,4.23,0,0.252,0,-1
room_0007,train,3,4.104,0,0.189,0,-1
room_0007,train,4,4.033,0,0.204,0,-1
room_0007,train,5,3.709,0,0.162,0,-1
room_0007,train,6,4.435,0,0.237,0,-1
room_0007,train,7,3.943,1,0.92,0,-1
room_0007,train,8,3.549,0,0.229,0,-1
room_0008,train,0,3.633,0,0.236,0,-1
room_0008,train,1,3.993,0,0.206,0,-1
room_0008,train,2,4.034,0,0.22,0,-1
room_0008,train,3,4.557,0,0.21,0,-1
room_0008,train,4,3.583,0,0.175,0,-1
room_0008,train,5,3.862,0,0.305,0,-1
room_0008,train,6,3.295,0,0.189,0,-1
room_0008,train,7,4.29,0,0.255,0,-1
room_0008,train,8,4.01,0,0.24,0,-1
room_0008,train,9,4.93,0,0.224,0,-1
room_0009,train,0,4.471,0,0.243,1,12
room_0009,train,1,3.866,0,0.146,1,12
room_0009,train,2,4.066,0,0.154,1,12
room_0009,train,3,3.455,1,0.257,1,12
room_0009,train,4,4.514,0,0.188,1,12
room_0009,train,5,3.388,0,0.239,1,12
room_0009,train,6,3.937,0,0.198,1,12
room_0009,train,7,4.186,0,0.293,1,12
room_0009,train,8,3.708,1,0.202,1,12
room_0009,train,9,3.89,0,0.187,1,12
room_0009,train,10,4.076,0,0.259,1,12
room_0009,train,11,3.997,0,0.146,1,12
room_0009,train,12,10.179,1,0.813,1,12
room_0009,train,13,3.505,0,0.201,1,12
room_0009,train,14,4.302,0,0.216,1,12
room_0010,test,0,4.355,1,0.261,0,-1
room_0010,test,1,4.525,0,0.232,0,-1
room_0010,test,2,4.092,0,0.156,0,-1
room_0010,test,3,3.735,0,0.228,0,-1
room_0010,test,4,4.111,1,0.949,0,-1
room_0010,test,5,4.118,0,0.142,0,-1
room_0010,test,6,3.909,0,0.235,0,-1
room_0010,test,7,3.793,0,0.205,0,-1
room_0010,test,8,4.067,0,0.17,0,-1
room_0010,test,9,3.364,0,0.291,0,-1
room_0010,test,10,3.998,0,0.169,0,-1
room_0010,test,11,3.278,0,0.24,0,-1
room_0010,test,12,3.882,0,0.143,0,-1
room_0010,test,13,4.194,0,0.199,0,-1
room_0010,test,14,4.427,0,0.167,0,-1
room_0011,test,0,4.565,0,0.29,0,-1
room_0011,test,1,3.647,0,0.168,0,-1
room_0011,test,2,4.476,0,0.219,0,-1
room_0011,test,3,3.638,1,0.195,0,-1
room_0011,test,4,3.861,0,0.141,0,-1
room_0011,test,5,3.938,0,0.197,0,-1
room_0011,test,6,4.16,0,0.215,0,-1
room_0011,test,7,4.281,0,0.115,0,-1
room_0011,test,8,4.318,0,0.266,0,-1
room_0011,test,9,3.516,0,0.195,0,-1
room_0011,test,10,4.27,0,0.18,0,-1
room_0011,test,11,4.68,0,0.242,0,-1
room_0012,train,0,3.259,0,0.176,1,3
room_0012,train,1,4.057,0,0.204,1,3
room_0012,train,2,4.154,0,0.156,1,3
room_0012,train,3,10.771,1,0.736,1,3
room_0012,train,4,4.497,0,0.198,1,3
room_0012,train,5,4.162,0,0.129,1,3
room_0012,train,6,3.952,0,0.228,1,3
room_0012,train,7,4.035,0,0.243,1,3
room_0012,train,8,3.964,0,0.183,1,3
room_0012,train,9,3.647,0,0.227,1,3
room_0012,train,10,3.779,0,0.195,1,3
room_0013,train,0,4.008,0,0.211,1,10
room_0013,train,1,3.454,0,0.21,1,10
room_0013,train,2,3.503,0,0.192,1,10
room_0013,train,3,3.556,0,0.194,1,10
room_0013,train,4,3.514,0,0.189,1,10
room_0013,train,5,3.616,0,0.153,1,10
room_0013,train,6,4.5,0,0.151,1,10
room_0013,train,7,3.814,0,0.233,1,10
room_0013,train,8,4.293,0,0.196,1,10
room_0013,train,9,4.085,0,0.215,1,10
room_0013,train,10,9.906,1,0.908,1,10
room_0013,train,11,4.094,0,0.245,1,10
room_0013,train,12,4.268,0,0.208,1,10
room_0013,train,13,3.937,0,0.196,1,10
room_0014,train,0,4.999,0,0.213,1,2
room_0014,train,1,3.691,0,0.115,1,2
room_0014,train,2,9.399,1,0.73,1,2
room_0014,train,3,3.646,0,0.179,1,2
room_0014,train,4,4.352,0,0.279,1,2
room_0014,train,5,4.639,0,0.181,1,2
room_0014,train,6,4.47,0,0.175,1,2
room_0014,train,7,4.539,0,0.214,1,2
room_0014,train,8,4.554,0,0.235,1,2
room_0014,train,9,3.765,0,0.166,1,2
room_0014,train,10,3.517,0,0.166,1,2
room_0014,train,11,3.358,0,0.177,1,2
room_0014,train,12,3.527,0,0.193,1,2
room_0014,train,13,4.365,0,0.148,1,2
room_0014,train,14,4.708,0,0.207,1,2
room_0014,train,15,3.638,1,0.217,1,2
room_0015,train,0,4.143,0,0.274,1,1
room_0015,train,1,10.89,1,0.802,1,1
room_0015,train,2,3.682,0,0.232,1,1
room_0015,train,3,3.898,0,0.174,1,1
room_0015,train,4,4.66,0,0.271,1,1
room_0015,train,5,3.726,1,0.199,1,1
room_0015,train,6,3.909,0,0.223,1,1
room_0015,train,7,3.552,0,0.26,1,1
room_0016,train,0,3.507,0,0.073,0,-1
room_0016,train,1,4.566,0,0.218,0,-1
room_0016,train,2,3.558,0,0.182,0,-1
room_0016,train,3,3.284,0,0.152,0,-1
room_0016,train,4,3.573,0,0.189,0,-1
room_0016,train,5,3.759,1,0.762,0,-1
room_0016,train,6,4.117,0,0.155,0,-1
room_0016,train,7,3.729,0,0.24,0,-1
room_0016,train,8,3.638,0,0.133,0,-1
room_0017,train,0,4.372,0,0.215,1,8
room_0017,train,1,3.942,0,0.124,1,8
room_0017,train,2,4.492,0,0.206,1,8
room_0017,train,3,3.755,0,0.258,1,8
room_0017,train,4,4.858,0,0.21,1,8
room_0017,train,5,3.657,0,0.114,1,8
room_0017,train,6,4.205,0,0.153,1,8
room_0017,train,7,3.763,0,0.212,1,8
room_0017,train,8,10.018,1,0.937,1,8
room_0017,train,9,4.124,0,0.085,1,8
room_0017,train,10,3.444,0,0.172,1,8
room_0017,train,11,3.659,0,0.221,1,8
room_0018,train,0,3.384,0,0.253,1,4
room_0018,train,1,3.643,0,0.196,1,4
room_0018,train,2,3.383,0,0.238,1,4
room_0018,train,3,4.538,0,0.172,1,4
room_0018,train,4,10.902,1,0.784,1,4
room_0018,train,5,4.196,0,0.201,1,4
room_0018,train,6,3.55,0,0.188,1,4
room_0018,train,7,3.95,0,0.198,1,4
room_0018,train,8,3.814,0,0.168,1,4
room_0018,train,9,4.425,0,0.229,1,4
room_0018,train,10,4.055,0,0.2,1,4
room_0018,train,11,3.062,0,0.179,1,4
room_0018,train,12,4.051,0,0.235,1,4
room_0019,train,0,4.114,0,0.135,0,-1
room_0019,train,1,4.718,0,0.198,0,-1
room_0019,train,2,4.137,0,0.207,0,-1
room_0019,train,3,4.799,0,0.185,0,-1
room_0019,train,4,4.431,0,0.249,0,-1
room_0019,train,5,4.365,1,0.916,0,-1
room_0019,train,6,3.62,0,0.133,0,-1
room_0019,train,7,4.256,0,0.155,0,-1
room_0019,train,8,3.753,0,0.203,0,-1
room_0019,train,9,3.979,1,0.147,0,-1
room_0019,train,10,4.903,0,0.167,0,-1
room_0019,train,11,4.018,0,0.229,0,-1
room_0019,train,12,4.44,0,0.182,0,-1
room_0019,train,13,3.936,0,0.128,0,-1
room_0020,test,0,2.868,0,0.257,0,-1
room_0020,test,1,3.316,0,0.218,0,-1
room_0020,test,2,3.992,1,0.175,0,-1
room_0020,test,3,3.703,0,0.157,0,-1
room_0020,test,4,3.747,0,0.249,0,-1
room_0020,test,5,3.903,0,0.204,0,-1
room_0020,test,6,4.438,0,0.113,0,-1
room_0020,test,7,4.578,0,0.227,0,-1
room_0020,test,8,3.754,0,0.172,0,-1
room_0020,test,9,4.656,0,0.334,0,-1
room_0020,test,10,4.267,0,0.104,0,-1
room_0020,test,11,3.675,1,0.189,0,-1
room_0020,test,12,4.262,0,0.133,0,-1
room_0020,test,13,4.148,0,0.23,0,-1
room_0020,test,14,4.377,0,0.229,0,-1
room_0020,test,15,4.198,0,0.161,0,-1
room_0020,test,16,3.946,0,0.221,0,-1
room_0020,test,17,3.9,0,0.195,0,-1
room_0021,train,0,3.47,0,0.172,0,-1
room_0021,train,1,4.342,0,0.167,0,-1
room_0021,train,2,3.886,0,0.196,0,-1
room_0021,train,3,3.769,0,0.163,0,-1
room_0021,train,4,3.985,0,0.227,0,-1
room_0021,train,5,3.747,1,0.182,0,-1
room_0021,train,6,4.744,0,0.178,0,-1
room_0021,train,7,4.839,0,0.224,0,-1
room_0021,train,8,4.01,0,0.217,0,-1
room_0021,train,9,10.712,0,0.255,0,-1
room_0021,train,10,3.701,0,0.142,0,-1
room_0021,train,11,3.549,1,0.187,0,-1
room_0021,train,12,4.908,0,0.135,0,-1
room_0021,train,13,4.725,0,0.232,0,-1
room_0021,train,14,4.312,0,0.233,0,-1
room_0021,train,15,3.577,0,0.196,0,-1
room_0022,train,0,4.357,0,0.163,0,-1
room_0022,train,1,3.95,0,0.134,0,-1
room_0022,train,2,3.136,0,0.191,0,-1
room_0022,train,3,3.289,1,0.289,0,-1
room_0022,train,4,3.791,1,0.855,0,-1
room_0022,train,5,3.567,0,0.149,0,-1
room_0022,train,6,3.024,0,0.227,0,-1
room_0022,train,7,3.182,0,0.256,0,-1
room_0022,train,8,3.654,0,0.192,0,-1
room_0022,train,9,3.641,0,0.15,0,-1
room_0022,train,10,4.093,1,0.177,0,-1
room_0022,train,11,4.305,0,0.261,0,-1
room_0022,train,12,5.213,0,0.121,0,-1
room_0022,train,13,4.374,0,0.207,0,-1
room_0023,train,0,3.5,0,0.197,1,9
room_0023,train,1,4.217,0,0.204,1,9
room_0023,train,2,3.406,0,0.152,1,9
room_0023,train,3,4.066,0,0.225,1,9
room_0023,train,4,4.19,0,0.207,1,9
room_0023,train,5,3.642,0,0.175,1,9
room_0023,train,6,4.747,0,0.276,1,9
room_0023,train,7,4.159,0,0.168,1,9
room_0023,train,8,4.764,0,0.271,1,9
room_0023,train,9,9.983,1,0.891,1,9
room_0023,train,10,4.301,0,0.229,1,9
room_0023,train,11,3.277,0,0.227,1,9
room_0023,train,12,3.695,0,0.164,1,9
room_0023,train,13,2.892,0,0.223,1,9
room_0023,train,14,4.061,0,0.32,1,9
room_0024,train,0,4.207,0,0.148,1,8
room_0024,train,1,3.501,0,0.158,1,8
room_0024,train,2,4.224,0,0.255,1,8
room_0024,train,3,4.26,0,0.159,1,8
room_0024,train,4,4.18,0,0.108,1,8
room_0024,train,5,4.2,0,0.132,1,8
room_0024,train,6,4.491,0,0.25,1,8
room_0024,train,7,3.188,0,0.18,1,8
room_0024,train,8,10.473,1,0.823,1,8
room_0024,train,9,4.185,0,0.245,1,8
room_0025,train,0,4.356,0,0.217,1,11
room_0025,train,1,3.498,0,0.166,1,11
room_0025,train,2,3.798,0,0.232,1,11
room_0025,train,3,4.117,0,0.136,1,11
room_0025,train,4,4.045,1,0.239,1,11
room_0025,train,5,3.684,0,0.23,1,11
room_0025,train,6,4.11,0,0.294,1,11
room_0025,train,7,3.836,0,0.224,1,11
room_0025,train,8,4.439,0,0.232,1,11
room_0025,train,9,4.192,0,0.16,1,11
room_0025,train,10,4.183,0,0.239,1,11
room_0025,train,11,9.001,1,0.948,1,11
room_0025,train,12,4.262,0,0.195,1,11
room_0025,train,13,4.447,0,0.259,1,11
room_0025,train,14,2.89,0,0.195,1,11
room_0026,train,0,4.403,0,0.154,0,-1
room_0026,train,1,3.187,0,0.259,0,-1
room_0026,train,2,4.15,0,0.246,0,-1
room_0026,train,3,4.22,0,0.241,0,-1
room_0026,train,4,4.861,0,0.226,0,-1
room_0026,train,5,3.603,0,0.254,0,-1
room_0026,train,6,3.245,0,0.202,0,-1
room_0026,train,7,4.545,0,0.238,0,-1
room_0026,train,8,4.368,0,0.205,0,-1
room_0026,train,9,4.525,0,0.248,0,-1
room_0026,train,10,3.641,0,0.229,0,-1
room_0026,train,11,3.868,0,0.164,0,-1
room_0026,train,12,4.152,0,0.146,0,-1
room_0026,train,13,4.11,0,0.2,0,-1
room_0026,train,14,4.039,0,0.293,0,-1
room_0027,train,0,3.023,0,0.101,0,-1
room_0027,train,1,3.635,1,0.169,0,-1
room_0027,train,2,9.252,0,0.251,0,-1
room_0027,train,3,3.393,0,0.201,0,-1
room_0027,train,4,3.831,0,0.192,0,-1
room_0027,train,5,4.309,0,0.182,0,-1
room_0027,train,6,3.236,0,0.188,0,-1
room_0027,train,7,5.23,0,0.244,0,-1
room_0027,train,8,3.724,0,0.155,0,-1
room_0027,train,9,4.216,0,0.13,0,-1
room_0027,train,10,4.446,0,0.219,0,-1
room_0027,train,11,3.652,0,0.204,0,-1
room_0028,train,0,3.867,0,0.101,1,2
room_0028,train,1,4.576,0,0.213,1,2
room_0028,train,2,10.379,1,0.839,1,2
room_0028,train,3,4.255,0,0.165,1,2
room_0028,train,4,3.464,0,0.182,1,2
room_0028,train,5,4.503,0,0.274,1,2
room_0028,train,6,4.219,0,0.14,1,2
room_0028,train,7,4.452,0,0.165,1,2
room_0028,train,8,3.562,0,0.252,1,2
room_0028,train,9,3.468,0,0.173,1,2
room_0028,train,10,3.542,0,0.207,1,2
room_0028,train,11,4.114,0,0.219,1,2
room_0028,train,12,3.567,0,0.304,1,2
room_0028,train,13,3.745,0,0.154,1,2
room_0028,train,14,3.671,0,0.253,1,2
room_0028,train,15,3.877,0,0.142,1,2
room_0029,test,0,3.451,0,0.195,0,-1
room_0029,test,1,4.523,0,0.19,0,-1
room_0029,test,2,3.982,0,0.252,0,-1
room_0029,test,3,3.809,0,0.155,0,-1
room_0029,test,4,3.728,0,0.152,0,-1
room_0029,test,5,3.901,0,0.27,0,-1
room_0029,test,6,4.445,0,0.228,0,-1
room_0029,test,7,3.169,0,0.215,0,-1
room_0029,test,8,4.268,0,0.221,0,-1
room_0029,test,9,3.518,0,0.186,0,-1
room_0029,test,10,4.601,1,0.261,0,-1
room_0029,test,11,4.604,0,0.272,0,-1
room_0029,test,12,4.446,0,0.198,0,-1
room_0029,test,13,4.582,0,0.172,0,-1
room_0029,test,14,3.722,0,0.142,0,-1
room_0030,train,0,3.86,0,0.081,0,-1
room_0030,train,1,9.824,0,0.205,0,-1
room_0030,train,2,4.444,0,0.307,0,-1
room_0030,train,3,3.969,1,0.263,0,-1
room_0030,train,4,4.294,0,0.226,0,-1
room_0030,train,5,3.371,0,0.234,0,-1
room_0030,train,6,4.225,0,0.253,0,-1
room_0030,train,7,4.217,0,0.256,0,-1
room_0030,train,8,4.263,0,0.185,0,-1
room_0030,train,9,3.893,0,0.224,0,-1
room_0030,train,10,4.132,0,0.195,0,-1
room_0030,train,11,4.096,1,0.191,0,-1
room_0030,train,12,3.131,0,0.24,0,-1
room_0031,train,0,4.178,0,0.151,0,-1
room_0031,train,1,4.434,1,0.89,0,-1
room_0031,train,2,3.565,1,0.269,0,-1
room_0031,train,3,4.175,0,0.23,0,-1
room_0031,train,4,4.289,0,0.242,0,-1
room_0031,train,5,4.172,0,0.201,0,-1
room_0031,train,6,3.894,0,0.232,0,-1
room_0031,train,7,4.253,0,0.25,0,-1
room_0031,train,8,4.009,0,0.197,0,-1
room_0031,train,9,3.37,0,0.232,0,-1
room_0032,train,0,4.211,0,0.143,1,10
room_0032,train,1,3.255,0,0.153,1,10
room_0032,train,2,4.464,0,0.268,1,10
room_0032,train,3,4.418,0,0.206,1,10
room_0032,train,4,4.919,0,0.177,1,10
room_0032,train,5,4.18,0,0.166,1,10
room_0032,train,6,3.829,0,0.228,1,10
room_0032,train,7,4.252,0,0.223,1,10
room_0032,train,8,4.099,0,0.238,1,10
room_0032,train,9,3.931,0,0.182,1,10
room_0032,train,10,10.663,1,0.797,1,10
room_0032,train,11,2.969,0,0.191,1,10
room_0032,train,12,4.138,0,0.187,1,10
room_0033,train,0,3.793,0,0.158,1,12
room_0033,train,1,4.342,0,0.221,1,12
room_0033,train,2,3.19,0,0.27,1,12
room_0033,train,3,4.46,0,0.251,1,12
room_0033,train,4,4.715,0,0.266,1,12
room_0033,train,5,4.607,0,0.19,1,12
room_0033,train,6,4.325,1,0.139,1,12
room_0033,train,7,3.66,0,0.208,1,12
room_0033,train,8,3.832,0,0.288,1,12
room_0033,train,9,4.353,0,0.175,1,12
room_0033,train,10,2.955,0,0.118,1,12
room_0033,train,11,3.88,0,0.233,1,12
room_0033,train,12,9.978,1,0.732,1,12
room_0033,train,13,4.772,0,0.16,1,12
room_0033,train,14,3.624,0,0.185,1,12
room_0033,train,15,3.627,0,0.181,1,12
room_0033,train,16,3.516,0,0.198,1,12
room_0033,train,17,4.011,0,0.275,1,12
room_0034,train,0,4.169,0,0.247,0,-1
room_0034,train,1,3.134,0,0.241,0,-1
room_0034,train,2,3.634,0,0.185,0,-1
room_0034,train,3,4.13,1,0.784,0,-1
room_0034,train,4,4.322,0,0.224,0,-1
room_0034,train,5,4.803,0,0.226,0,-1
room_0034,train,6,4.553,0,0.284,0,-1
room_0034,train,7,4.242,0,0.177,0,-1
room_0034,train,8,3.757,0,0.212,0,-1
room_0034,train,9,4.256,0,0.133,0,-1
room_0034,train,10,4.017,0,0.233,0,-1
room_0034,train,11,3.556,0,0.203,0,-1
room_0034,train,12,3.535,0,0.223,0,-1
room_0034,train,13,4.399,0,0.14,0,-1
room_0035,train,0,3.586,0,0.197,0,-1
room_0035,train,1,3.855,0,0.148,0,-1
room_0035,train,2,4.25,0,0.217,0,-1
room_0035,train,3,4.509,0,0.204,0,-1
room_0035,train,4,3.947,0,0.216,0,-1
room_0035,train,5,4.747,0,0.18,0,-1
room_0035,train,6,3.387,0,0.138,0,-1
room_0035,train,7,4.078,0,0.216,0,-1
room_0035,train,8,4.137,0,0.229,0,-1
room_0035,train,9,4.173,1,0.154,0,-1
room_0035,train,10,3.743,0,0.22,0,-1
room_0035,train,11,3.511,0,0.234,0,-1
room_0035,train,12,3.889,0,0.247,0,-1
room_0035,train,13,4.666,0,0.23,0,-1
room_0036,train,0,4.349,0,0.167,0,-1
room_0036,train,1,4.415,0,0.174,0,-1
room_0036,train,2,4.562,0,0.301,0,-1
room_0036,train,3,10.004,0,0.259,0,-1
room_0036,train,4,2.994,0,0.301,0,-1
room_0036,train,5,3.954,1,0.139,0,-1
room_0036,train,6,3.913,0,0.215,0,-1
room_0036,train,7,3.702,0,0.2,0,-1
room_0036,train,8,4.067,0,0.294,0,-1
room_0036,train,9,4.409,0,0.214,0,-1
room_0037,test,0,2.962,1,0.145,0,-1
room_0037,test,1,4.415,1,0.196,0,-1
room_0037,test,2,4.263,0,0.085,0,-1
room_0037,test,3,3.705,0,0.211,0,-1
room_0037,test,4,4.567,0,0.179,0,-1
room_0037,test,5,5.134,0,0.253,0,-1
room_0037,test,6,3.938,0,0.219,0,-1
room_0037,test,7,3.353,0,0.2,0,-1
room_0037,test,8,3.781,0,0.194,0,-1
room_0037,test,9,3.992,0,0.114,0,-1
room_0037,test,10,4.059,1,0.721,0,-1
room_0037,test,11,4.353,0,0.249,0,-1
room_0037,test,12,3.216,0,0.303,0,-1
room_0037,test,13,4.639,0,0.159,0,-1
room_0037,test,14,3.185,0,0.246,0,-1
room_0037,test,15,4.489,0,0.224,0,-1
room_0037,test,16,3.301,0,0.135,0,-1
room_0037,test,17,4.603,0,0.205,0,-1
room_0038,train,0,4.073,0,0.164,0,-1
room_0038,train,1,3.78,0,0.216,0,-1
room_0038,train,2,4.453,0,0.241,0,-1
room_0038,train,3,3.883,0,0.302,0,-1
room_0038,train,4,4.934,0,0.185,0,-1
room_0038,train,5,4.792,0,0.187,0,-1
room_0038,train,6,3.25,1,0.199,0,-1
room_0038,train,7,3.783,0,0.263,0,-1
room_0038,train,8,4.182,0,0.196,0,-1
room_0038,train,9,3.454,0,0.22,0,-1
room_0038,train,10,4.234,0,0.168,0,-1
room_0038,train,11,4.529,0,0.15,0,-1
room_0039,test,0,3.596,0,0.189,0,-1
room_0039,test,1,3.92,0,0.162,0,-1
room_0039,test,2,3.831,0,0.151,0,-1
room_0039,test,3,4.368,0,0.1,0,-1
room_0039,test,4,4.025,0,0.24,0,-1
room_0039,test,5,10.437,0,0.189,0,-1
room_0039,test,6,4.932,0,0.207,0,-1
room_0039,test,7,4.207,0,0.108,0,-1
room_0039,test,8,4.67,1,0.237,0,-1
room_0039,test,9,4.368,0,0.279,0,-1
room_0039,test,10,4.406,0,0.177,0,-1
room_0040,test,0,2.95,0,0.281,0,-1
room_0040,test,1,4.095,0,0.222,0,-1
room_0040,test,2,4.309,0,0.217,0,-1
room_0040,test,3,3.754,0,0.212,0,-1
room_0040,test,4,3.48,1,0.214,0,-1
room_0040,test,5,4.449,1,0.915,0,-1
room_0040,test,6,4.095,0,0.214,0,-1
room_0040,test,7,4.656,0,0.15,0,-1
room_0040,test,8,4.448,1,0.218,0,-1
room_0041,train,0,4.393,0,0.234,1,9
room_0041,train,1,3.718,0,0.1,1,9
room_0041,train,2,3.691,0,0.196,1,9
room_0041,train,3,4.072,0,0.173,1,9
room_0041,train,4,4.373,0,0.227,1,9
room_0041,train,5,3.917,0,0.163,1,9
room_0041,train,6,3.678,0,0.183,1,9
room_0041,train,7,3.979,0,0.156,1,9
room_0041,train,8,4.353,0,0.197,1,9
room_0041,train,9,10.677,1,0.782,1,9
room_0041,train,10,3.595,0,0.159,1,9
room_0041,train,11,3.67,0,0.138,1,9
room_0042,train,0,4.905,0,0.153,0,-1
room_0042,train,1,4.143,0,0.213,0,-1
room_0042,train,2,3.953,0,0.13,0,-1
room_0042,train,3,4.38,0,0.14,0,-1
room_0042,train,4,3.906,0,0.186,0,-1
room_0042,train,5,3.741,0,0.145,0,-1
room_0042,train,6,4.207,0,0.165,0,-1
room_0042,train,7,9.996,0,0.159,0,-1
room_0042,train,8,3.793,0,0.1,0,-1
room_0042,train,9,3.978,0,0.185,0,-1
room_0042,train,10,4.504,0,0.237,0,-1
room_0042,train,11,4.507,0,0.288,0,-1
room_0042,train,12,3.766,0,0.184,0,-1
room_0042,train,13,3.735,0,0.211,0,-1
room_0042,train,14,4.31,0,0.199,0,-1
room_0042,train,15,3.878,0,0.186,0,-1
room_0042,train,16,3.412,0,0.242,0,-1
room_0043,train,0,4.118,0,0.168,1,2
room_0043,train,1,3.717,0,0.213,1,2
room_0043,train,2,10.972,1,0.843,1,2
room_0043,train,3,4.301,0,0.127,1,2
room_0043,train,4,3.785,1,0.27,1,2
room_0043,train,5,3.864,0,0.19,1,2
room_0043,train,6,3.138,0,0.189,1,2
room_0043,train,7,3.596,1,0.165,1,2
room_0044,train,0,4.548,0,0.174,0,-1
room_0044,train,1,4.289,0,0.211,0,-1
room_0044,train,2,3.652,0,0.255,0,-1
room_0044,train,3,4.787,0,0.163,0,-1
room_0044,train,4,4.555,0,0.163,0,-1
room_0044,train,5,4.298,0,0.128,0,-1
room_0044,train,6,3.209,0,0.191,0,-1
room_0044,train,7,3.9,0,0.097,0,-1
room_0044,train,8,3.449,0,0.136,0,-1
room_0044,train,9,4.375,0,0.175,0,-1
room_0044,train,10,4.181,0,0.122,0,-1
room_0045,train,0,4.042,0,0.232,0,-1
room_0045,train,1,4.056,0,0.192,0,-1
room_0045,train,2,3.99,0,0.157,0,-1
room_0045,train,3,10.522,0,0.141,0,-1
room_0045,train,4,3.973,0,0.155,0,-1
room_0045,train,5,4.205,0,0.209,0,-1
room_0045,train,6,4.085,0,0.255,0,-1
room_0045,train,7,3.351,0,0.282,0,-1
room_0045,train,8,4.15,0,0.187,0,-1
room_0045,train,9,4.135,0,0.205,0,-1
room_0045,train,10,4.324,0,0.222,0,-1
room_0045,train,11,3.587,0,0.204,0,-1
room_0045,train,12,3.119,0,0.152,0,-1
room_0045,train,13,3.544,0,0.213,0,-1
room_0045,train,14,3.805,0,0.27,0,-1
room_0045,train,15,4.213,0,0.132,0,-1
room_0045,train,16,4.396,0,0.209,0,-1
room_0045,train,17,4.363,0,0.199,0,-1
room_0046,test,0,4.118,0,0.235,1,7
room_0046,test,1,4.025,0,0.209,1,7
room_0046,test,2,4.361,0,0.155,1,7
room_0046,test,3,4.035,0,0.139,1,7
room_0046,test,4,4.007,0,0.218,1,7
room_0046,test,5,4.89,0,0.161,1,7
room_0046,test,6,4.652,0,0.094,1,7
room_0046,test,7,9.119,1,0.949,1,7
room_0046,test,8,3.639,0,0.174,1,7
room_0046,test,9,4.61,0,0.236,1,7
room_0047,train,0,5.172,0,0.204,1,10
room_0047,train,1,4.737,0,0.207,1,10
room_0047,train,2,4.201,0,0.196,1,10
room_0047,train,3,4.239,0,0.206,1,10
room_0047,train,4,3.986,0,0.247,1,10
room_0047,train,5,4.423,0,0.119,1,10
room_0047,train,6,3.424,0,0.277,1,10
room_0047,train,7,3.786,0,0.244,1,10
room_0047,train,8,4.148,0,0.217,1,10
room_0047,train,9,3.309,0,0.208,1,10
room_0047,train,10,9.711,1,0.885,1,10
room_0047,train,11,4.111,0,0.191,1,10
room_0047,train,12,4.132,1,0.173,1,10
room_0047,train,13,4.796,0,0.231,1,10
room_0047,train,14,4.183,0,0.254,1,10
room_0047,train,15,4.05,0,0.151,1,10
room_0048,test,0,3.313,1,0.261,1,14
room_0048,test,1,4.24,0,0.206,1,14
room_0048,test,2,4.644,0,0.265,1,14
room_0048,test,3,3.486,0,0.235,1,14
room_0048,test,4,4.268,0,0.189,1,14
room_0048,test,5,3.841,0,0.188,1,14
room_0048,test,6,4.91,0,0.224,1,14
room_0048,test,7,3.536,0,0.22,1,14
room_0048,test,8,4.551,0,0.104,1,14
room_0048,test,9,3.509,0,0.207,1,14
room_0048,test,10,4.025,0,0.148,1,14
room_0048,test,11,4.093,0,0.059,1,14
room_0048,test,12,3.307,0,0.238,1,14
room_0048,test,13,4.363,0,0.165,1,14
room_0048,test,14,9.734,1,0.813,1,14
room_0048,test,15,3.787,1,0.225,1,14
room_0048,test,16,4.056,0,0.188,1,14
room_0048,test,17,4.065,0,0.134,1,14
room_0049,train,0,3.279,0,0.149,0,-1
room_0049,train,1,3.158,0,0.128,0,-1
room_0049,train,2,3.35,0,0.222,0,-1
room_0049,train,3,4.028,0,0.155,0,-1
room_0049,train,4,4.101,0,0.239,0,-1
room_0049,train,5,3.856,1,0.775,0,-1
room_0049,train,6,3.861,0,0.205,0,-1
room_0049,train,7,3.763,0,0.194,0,-1
room_0049,train,8,4.163,0,0.169,0,-1
room_0049,train,9,4.227,0,0.229,0,-1
room_0049,train,10,4.259,0,0.199,0,-1
room_0049,train,11,4.295,1,0.129,0,-1
room_0049,train,12,4.788,0,0.181,0,-1
room_0049,train,13,4.375,1,0.211,0,-1
room_0049,train,14,4.43,0,0.145,0,-1
room_0049,train,15,3.448,0,0.186,0,-1
room_0049,train,16,3.67,0,0.234,0,-1
room_0050,train,0,4.306,1,0.18,0,-1
room_0050,train,1,3.193,0,0.286,0,-1
room_0050,train,2,4.273,0,0.24,0,-1
room_0050,train,3,4.545,0,0.205,0,-1
room_0050,train,4,3.941,0,0.22,0,-1
room_0050,train,5,4.102,0,0.155,0,-1
room_0050,train,6,4.801,0,0.195,0,-1
room_0050,train,7,4.185,1,0.188,0,-1
room_0050,train,8,4.016,0,0.275,0,-1
room_0050,train,9,4.394,0,0.135,0,-1
room_0051,train,0,4.501,0,0.204,1,4
room_0051,train,1,3.746,0,0.168,1,4
room_0051,train,2,4.292,0,0.129,1,4
room_0051,train,3,4.068,0,0.168,1,4
room_0051,train,4,10.208,1,0.745,1,4
room_0051,train,5,4.256,0,0.209,1,4
room_0051,train,6,3.727,0,0.21,1,4
room_0051,train,7,4.048,0,0.23,1,4
room_0051,train,8,3.999,0,0.263,1,4
room_0051,train,9,4.295,0,0.203,1,4
room_0051,train,10,4.083,0,0.192,1,4
room_0051,train,11,3.321,0,0.245,1,4
room_0051,train,12,3.611,0,0.199,1,4
room_0052,train,0,4.368,0,0.203,1,10
room_0052,train,1,4.468,0,0.154,1,10
room_0052,train,2,3.57,0,0.213,1,10
room_0052,train,3,4.836,1,0.178,1,10
room_0052,train,4,4.093,0,0.158,1,10
room_0052,train,5,3.98,1,0.092,1,10
room_0052,train,6,3.554,0,0.184,1,10
room_0052,train,7,4.346,0,0.159,1,10
room_0052,train,8,3.887,1,0.196,1,10
room_0052,train,9,4.332,0,0.162,1,10
room_0052,train,10,10.567,1,0.809,1,10
room_0052,train,11,3.648,0,0.187,1,10
room_0052,train,12,4.511,0,0.163,1,10
room_0052,train,13,3.697,0,0.277,1,10
room_0053,train,0,3.947,0,0.178,1,1
room_0053,train,1,10.162,1,0.798,1,1
room_0053,train,2,3.722,1,0.136,1,1
room_0053,train,3,3.701,0,0.179,1,1
room_0053,train,4,3.898,0,0.195,1,1
room_0053,train,5,4.681,0,0.149,1,1
room_0053,train,6,2.987,0,0.157,1,1
room_0053,train,7,3.889,0,0.204,1,1
room_0053,train,8,3.709,0,0.174,1,1
room_0053,train,9,3.575,0,0.199,1,1
room_0053,train,10,3.75,0,0.121,1,1
room_0054,train,0,3.216,0,0.151,1,13
room_0054,train,1,4.725,0,0.202,1,13
room_0054,train,2,3.864,0,0.181,1,13
room_0054,train,3,3.74,0,0.135,1,13
room_0054,train,4,3.982,0,0.188,1,13
room_0054,train,5,4.154,1,0.127,1,13
room_0054,train,6,4.705,1,0.145,1,13
room_0054,train,7,3.82,0,0.161,1,13
room_0054,train,8,4.586,0,0.207,1,13
room_0054,train,9,4.291,0,0.148,1,13
room_0054,train,10,4.465,0,0.163,1,13
room_0054,train,11,3.72,0,0.226,1,13
room_0054,train,12,4.223,0,0.15,1,13
room_0054,train,13,9.132,1,0.734,1,13
room_0054,train,14,3.76,0,0.159,1,13
room_0054,train,15,3.665,0,0.288,1,13
room_0054,train,16,3.948,0,0.234,1,13
room_0055,train,0,3.389,0,0.186,0,-1
room_0055,train,1,4.31,0,0.3,0,-1
room_0055,train,2,3.836,0,0.22,0,-1
room_0055,train,3,3.963,0,0.211,0,-1
room_0055,train,4,4.265,0,0.204,0,-1
room_0055,train,5,4.26,0,0.166,0,-1
room_0055,train,6,3.697,0,0.243,0,-1
room_0055,train,7,4.114,0,0.22,0,-1
room_0055,train,8,4.331,1,0.933,0,-1
room_0055,train,9,3.923,0,0.106,0,-1
room_0055,train,10,3.852,0,0.213,0,-1
room_0055,train,11,3.97,0,0.215,0,-1
room_0055,train,12,4.166,0,0.156,0,-1
room_0055,train,13,4.088,0,0.233,0,-1
room_0055,train,14,4.507,0,0.186,0,-1
room_0055,train,15,4.452,0,0.239,0,-1
room_0055,train,16,4.116,1,0.156,0,-1
room_0055,train,17,3.41,0,0.177,0,-1
room_0056,test,0,3.619,0,0.232,0,-1
room_0056,test,1,5.032,1,0.153,0,-1
room_0056,test,2,3.579,0,0.219,0,-1
room_0056,test,3,4.162,0,0.265,0,-1
room_0056,test,4,3.793,0,0.175,0,-1
room_0056,test,5,4.241,0,0.227,0,-1
room_0056,test,6,3.573,0,0.248,0,-1
room_0056,test,7,4.29,0,0.19,0,-1
room_0056,test,8,3.811,0,0.173,0,-1
room_0057,train,0,3.793,0,0.229,0,-1
room_0057,train,1,3.288,0,0.215,0,-1
room_0057,train,2,10.991,0,0.249,0,-1
room_0057,train,3,4.17,0,0.189,0,-1
room_0057,train,4,4.209,0,0.175,0,-1
room_0057,train,5,3.799,0,0.208,0,-1
room_0057,train,6,4.336,0,0.155,0,-1
room_0057,train,7,4.407,0,0.158,0,-1
room_0057,train,8,4.355,1,0.227,0,-1
room_0057,train,9,4.058,0,0.265,0,-1
room_0057,train,10,4.149,0,0.224,0,-1
room_0058,train,0,4.683,0,0.195,0,-1
room_0058,train,1,4.925,0,0.207,0,-1
room_0058,train,2,3.389,0,0.148,0,-1
room_0058,train,3,4.686,1,0.217,0,-1
room_0058,train,4,4.009,1,0.158,0,-1
room_0058,train,5,4.1,0,0.162,0,-1
room_0058,train,6,3.731,0,0.254,0,-1
room_0058,train,7,5.073,0,0.236,0,-1
room_0058,train,8,3.978,1,0.838,0,-1
room_0058,train,9,3.867,0,0.228,0,-1
room_0058,train,10,4.261,0,0.299,0,-1
room_0058,train,11,4.659,1,0.244,0,-1
room_0059,train,0,4.552,0,0.149,0,-1
room_0059,train,1,4.48,0,0.14,0,-1
room_0059,train,2,4.052,0,0.19,0,-1
room_0059,train,3,3.658,0,0.223,0,-1
room_0059,train,4,3.998,0,0.104,0,-1
room_0059,train,5,3.426,0,0.235,0,-1
room_0059,train,6,4.682,0,0.18,0,-1
room_0059,train,7,4.076,0,0.172,0,-1
room_0059,train,8,3.975,0,0.208,0,-1
room_0060,train,0,4.205,0,0.179,0,-1
room_0060,train,1,3.269,0,0.228,0,-1
room_0060,train,2,5.325,0,0.231,0,-1
room_0060,train,3,4.291,0,0.164,0,-1
room_0060,train,4,4.565,0,0.227,0,-1
room_0060,train,5,3.929,0,0.052,0,-1
room_0060,train,6,3.231,0,0.246,0,-1
room_0060,train,7,4.278,0,0.106,0,-1
room_0060,train,8,9.239,0,0.27,0,-1
room_0060,train,9,3.434,0,0.295,0,-1
room_0061,train,0,3.976,0,0.251,1,3
room_0061,train,1,3.514,0,0.258,1,3
room_0061,train,2,3.222,0,0.184,1,3
room_0061,train,3,10.818,1,0.882,1,3
room_0061,train,4,3.84,0,0.175,1,3
room_0061,train,5,4.743,0,0.102,1,3
room_0061,train,6,3.727,0,0.173,1,3
room_0061,train,7,4.407,0,0.195,1,3
room_0061,train,8,4.713,0,0.123,1,3
room_0061,train,9,4.053,0,0.238,1,3
room_0061,train,10,3.888,0,0.12,1,3
room_0061,train,11,3.657,0,0.265,1,3
room_0061,train,12,4.718,0,0.175,1,3
room_0061,train,13,3.958,0,0.171,1,3
room_0062,train,0,4.183,0,0.178,1,2
room_0062,train,1,4.311,0,0.241,1,2
room_0062,train,2,10.474,1,0.898,1,2
room_0062,train,3,4.174,0,0.253,1,2
room_0062,train,4,4.108,0,0.148,1,2
room_0062,train,5,3.288,0,0.171,1,2
room_0062,train,6,4.6,0,0.132,1,2
room_0062,train,7,4.841,0,0.178,1,2
room_0062,train,8,4.0,0,0.268,1,2
room_0062,train,9,3.754,0,0.211,1,2
room_0063,train,0,4.258,1,0.173,1,6
room_0063,train,1,2.954,0,0.171,1,6
room_0063,train,2,3.803,0,0.261,1,6
room_0063,train,3,3.532,0,0.179,1,6
room_0063,train,4,4.461,0,0.298,1,6
room_0063,train,5,4.441,0,0.19,1,6
room_0063,train,6,10.445,1,0.922,1,6
room_0063,train,7,4.219,0,0.178,1,6
room_0063,train,8,3.634,0,0.124,1,6
room_0063,train,9,4.435,0,0.275,1,6
room_0063,train,10,3.88,0,0.184,1,6
room_0063,train,11,4.235,0,0.199,1,6
room_0064,train,0,3.98,0,0.21,1,9
room_0064,train,1,5.274,0,0.18,1,9
room_0064,train,2,3.944,0,0.184,1,9
room_0064,train,3,3.992,0,0.208,1,9
room_0064,train,4,3.474,0,0.167,1,9
room_0064,train,5,4.21,0,0.169,1,9
room_0064,train,6,3.321,0,0.32,1,9
room_0064,train,7,4.834,0,0.221,1,9
room_0064,train,8,4.053,0,0.297,1,9
room_0064,train,9,9.073,1,0.797,1,9
room_0064,train,10,3.589,0,0.132,1,9
room_0064,train,11,3.738,0,0.257,1,9
room_0065,train,0,4.769,0,0.186,1,7
room_0065,train,1,3.537,0,0.281,1,7
room_0065,train,2,3.453,0,0.181,1,7
room_0065,train,3,3.486,1,0.14,1,7
room_0065,train,4,4.038,0,0.153,1,7
room_0065,train,5,3.711,1,0.218,1,7
room_0065,train,6,4.043,0,0.223,1,7
room_0065,train,7,10.195,1,0.736,1,7
room_0065,train,8,4.343,0,0.236,1,7
room_0065,train,9,4.007,0,0.158,1,7
room_0065,train,10,4.073,0,0.2,1,7
room_0065,train,11,3.94,0,0.161,1,7
room_0065,train,12,4.176,0,0.187,1,7
room_0066,train,0,4.766,0,0.226,1,5
room_0066,train,1,3.946,0,0.23,1,5
room_0066,train,2,4.027,0,0.197,1,5
room_0066,train,3,3.257,0,0.218,1,5
room_0066,train,4,4.824,0,0.214,1,5
room_0066,train,5,9.927,1,0.918,1,5
room_0066,train,6,4.43,0,0.176,1,5
room_0066,train,7,3.316,0,0.24,1,5
room_0066,train,8,4.296,0,0.246,1,5
room_0067,train,0,3.615,0,0.158,0,-1
room_0067,train,1,3.448,1,0.134,0,-1
room_0067,train,2,4.012,0,0.212,0,-1
room_0067,train,3,4.145,0,0.148,0,-1
room_0067,train,4,3.465,0,0.176,0,-1
room_0067,train,5,4.387,0,0.283,0,-1
room_0067,train,6,4.325,1,0.743,0,-1
room_0067,train,7,3.96,0,0.205,0,-1
room_0067,train,8,3.532,0,0.203,0,-1
room_0067,train,9,4.032,0,0.283,0,-1
room_0067,train,10,4.115,0,0.206,0,-1
room_0067,train,11,4.807,0,0.149,0,-1
room_0067,train,12,4.42,0,0.21,0,-1
room_0067,train,13,4.106,0,0.198,0,-1
room_0067,train,14,3.998,0,0.19,0,-1
room_0067,train,15,4.106,0,0.218,0,-1
room_0067,train,16,3.641,0,0.208,0,-1
room_0068,train,0,4.307,0,0.18,1,7
room_0068,train,1,4.742,0,0.203,1,7
room_0068,train,2,3.111,0,0.158,1,7
room_0068,train,3,3.861,0,0.205,1,7
room_0068,train,4,4.319,0,0.224,1,7
room_0068,train,5,3.151,0,0.234,1,7
room_0068,train,6,3.751,0,0.229,1,7
room_0068,train,7,9.668,1,0.904,1,7
room_0068,train,8,3.681,1,0.138,1,7
room_0068,train,9,4.977,1,0.145,1,7
room_0068,train,10,3.918,0,0.18,1,7
room_0068,train,11,4.438,1,0.28,1,7
room_0068,train,12,3.562,0,0.15,1,7
room_0069,train,0,3.845,0,0.283,1,2
room_0069,train,1,4.085,0,0.266,1,2
room_0069,train,2,10.416,1,0.903,1,2
room_0069,train,3,3.741,0,0.201,1,2
room_0069,train,4,4.397,0,0.205,1,2
room_0069,train,5,4.022,0,0.228,1,2
room_0069,train,6,4.783,0,0.213,1,2
room_0069,train,7,4.056,0,0.338,1,2
room_0069,train,8,4.423,0,0.159,1,2
room_0069,train,9,4.097,0,0.212,1,2
room_0069,train,10,3.152,0,0.096,1,2
room_0070,train,0,4.064,0,0.239,1,9
room_0070,train,1,3.753,0,0.124,1,9
room_0070,train,2,4.556,0,0.156,1,9
room_0070,train,3,4.063,1,0.208,1,9
room_0070,train,4,3.591,1,0.251,1,9
room_0070,train,5,3.955,0,0.203,1,9
room_0070,train,6,4.197,0,0.204,1,9
room_0070,train,7,4.599,0,0.131,1,9
room_0070,train,8,3.847,0,0.24,1,9
room_0070,train,9,9.849,1,0.783,1,9
room_0070,train,10,4.46,0,0.155,1,9
room_0070,train,11,3.397,0,0.158,1,9
room_0070,train,12,3.454,1,0.272,1,9
room_0070,train,13,4.116,0,0.16,1,9
room_0070,train,14,4.064,0,0.161,1,9
room_0070,train,15,4.074,1,0.217,1,9
room_0071,test,0,4.065,0,0.218,1,2
room_0071,test,1,4.226,0,0.195,1,2
room_0071,test,2,9.933,1,0.735,1,2
room_0071,test,3,3.988,0,0.148,1,2
room_0071,test,4,3.772,0,0.23,1,2
room_0071,test,5,4.15,0,0.317,1,2
room_0071,test,6,4.092,0,0.151,1,2
room_0071,test,7,3.424,0,0.231,1,2
room_0071,test,8,4.455,1,0.184,1,2
room_0072,test,0,3.802,0,0.238,1,13
room_0072,test,1,3.586,0,0.21,1,13
room_0072,test,2,4.286,0,0.215,1,13
room_0072,test,3,4.034,1,0.123,1,13
room_0072,test,4,3.116,0,0.16,1,13
room_0072,test,5,3.838,0,0.182,1,13
room_0072,test,6,3.69,0,0.157,1,13
room_0072,test,7,3.591,0,0.238,1,13
room_0072,test,8,4.53,0,0.175,1,13
room_0072,test,9,3.844,0,0.196,1,13
room_0072,test,10,3.765,0,0.145,1,13
room_0072,test,11,3.637,0,0.216,1,13
room_0072,test,12,4.145,0,0.197,1,13
room_0072,test,13,9.363,1,0.76,1,13
room_0072,test,14,4.377,0,0.215,1,13
room_0072,test,15,3.886,0,0.217,1,13
room_0072,test,16,4.021,0,0.245,1,13
room_0072,test,17,3.504,0,0.178,1,13
room_0073,train,0,3.963,0,0.212,0,-1
room_0073,train,1,3.024,0,0.225,0,-1
room_0073,train,2,3.942,0,0.295,0,-1
room_0073,train,3,3.818,1,0.926,0,-1
room_0073,train,4,3.657,0,0.248,0,-1
room_0073,train,5,4.236,0,0.247,0,-1
room_0073,train,6,3.734,0,0.216,0,-1
room_0073,train,7,3.936,0,0.204,0,-1
room_0074,test,0,4.925,0,0.099,1,3
room_0074,test,1,3.616,0,0.237,1,3
room_0074,test,2,4.598,0,0.183,1,3
room_0074,test,3,10.822,1,0.873,1,3
room_0074,test,4,3.543,0,0.191,1,3
room_0074,test,5,4.874,0,0.166,1,3
room_0074,test,6,4.358,0,0.232,1,3
room_0074,test,7,4.04,0,0.206,1,3
room_0075,train,0,4.002,0,0.303,0,-1
room_0075,train,1,4.146,0,0.188,0,-1
room_0075,train,2,4.154,1,0.244,0,-1
room_0075,train,3,10.068,0,0.213,0,-1
room_0075,train,4,4.122,0,0.18,0,-1
room_0075,train,5,3.306,0,0.159,0,-1
room_0075,train,6,3.469,0,0.154,0,-1
room_0075,train,7,3.886,0,0.292,0,-1
room_0076,train,0,4.613,0,0.192,1,8
room_0076,train,1,4.09,0,0.185,1,8
room_0076,train,2,3.632,0,0.211,1,8
room_0076,train,3,3.907,0,0.178,1,8
room_0076,train,4,4.992,0,0.091,1,8
room_0076,train,5,3.59,0,0.208,1,8
room_0076,train,6,3.595,0,0.195,1,8
room_0076,train,7,4.613,0,0.203,1,8
room_0076,train,8,9.044,1,0.814,1,8
room_0076,train,9,4.588,0,0.187,1,8
room_0076,train,10,4.443,0,0.17,1,8
room_0076,train,11,4.744,0,0.238,1,8
room_0076,train,12,3.592,0,0.195,1,8
room_0077,train,0,3.553,0,0.208,1,11
room_0077,train,1,4.259,0,0.174,1,11
room_0077,train,2,3.684,0,0.162,1,11
room_0077,train,3,4.428,0,0.219,1,11
room_0077,train,4,4.059,0,0.256,1,11
room_0077,train,5,3.79,0,0.249,1,11
room_0077,train,6,3.998,0,0.19,1,11
room_0077,train,7,4.136,0,0.291,1,11
room_0077,train,8,3.987,0,0.158,1,11
room_0077,train,9,4.192,0,0.134,1,11
room_0077,train,10,3.083,0,0.193,1,11
room_0077,train,11,10.361,1,0.775,1,11
room_0077,train,12,4.043,0,0.187,1,11
room_0077,train,13,4.12,0,0.2,1,11
room_0077,train,14,4.042,0,0.183,1,11
room_0077,train,15,3.771,0,0.197,1,11
room_0078,train,0,3.209,0,0.267,0,-1
room_0078,train,1,3.096,1,0.13,0,-1
room_0078,train,2,4.085,0,0.208,0,-1
room_0078,train,3,3.875,0,0.226,0,-1
room_0078,train,4,4.256,0,0.231,0,-1
room_0078,train,5,10.654,0,0.2,0,-1
room_0078,train,6,4.278,0,0.227,0,-1
room_0078,train,7,4.278,0,0.188,0,-1
room_0078,train,8,4.465,0,0.201,0,-1
room_0078,train,9,4.594,0,0.202,0,-1
room_0078,train,10,3.419,0,0.194,0,-1
room_0079,train,0,3.436,0,0.192,1,9
room_0079,train,1,3.467,0,0.253,1,9
room_0079,train,2,4.634,1,0.251,1,9
room_0079,train,3,3.717,0,0.214,1,9
room_0079,train,4,4.304,0,0.187,1,9
room_0079,train,5,4.344,0,0.174,1,9
room_0079,train,6,4.386,1,0.234,1,9
room_0079,train,7,4.49,0,0.053,1,9
room_0079,train,8,4.514,0,0.22,1,9
room_0079,train,9,9.586,1,0.829,1,9
room_0079,train,10,3.169,0,0.233,1,9
room_0079,train,11,4.652,0,0.186,1,9
room_0079,train,12,4.417,0,0.219,1,9
room_0079,train,13,3.926,0,0.206,1,9
room_0079,train,14,3.775,0,0.212,1,9
room_0079,train,15,4.771,0,0.3,1,9
room_0080,train,0,3.655,0,0.22,0,-1
room_0080,train,1,3.181,0,0.204,0,-1
room_0080,train,2,4.153,0,0.222,0,-1
room_0080,train,3,3.492,0,0.2,0,-1
room_0080,train,4,3.633,0,0.243,0,-1
room_0080,train,5,3.526,0,0.168,0,-1
room_0080,train,6,4.632,0,0.185,0,-1
room_0080,train,7,4.2,0,0.264,0,-1
room_0080,train,8,3.85,0,0.246,0,-1
room_0081,train,0,4.127,0,0.08,0,-1
room_0081,train,1,4.622,0,0.135,0,-1
room_0081,train,2,10.459,0,0.21,0,-1
room_0081,train,3,4.039,0,0.156,0,-1
room_0081,train,4,4.279,0,0.254,0,-1
room_0081,train,5,4.053,0,0.175,0,-1
room_0081,train,6,3.619,0,0.194,0,-1
room_0081,train,7,3.957,0,0.18,0,-1
room_0081,train,8,4.323,0,0.257,0,-1
room_0081,train,9,3.911,0,0.11,0,-1
room_0081,train,10,4.482,0,0.159,0,-1
room_0081,train,11,3.998,0,0.193,0,-1
room_0081,train,12,4.882,0,0.234,0,-1
room_0082,train,0,4.181,0,0.17,0,-1
room_0082,train,1,3.313,0,0.252,0,-1
room_0082,train,2,4.48,0,0.199,0,-1
room_0082,train,3,3.385,0,0.162,0,-1
room_0082,train,4,4.981,0,0.23,0,-1
room_0082,train,5,3.821,0,0.193,0,-1
room_0082,train,6,3.964,0,0.183,0,-1
room_0082,train,7,3.63,0,0.219,0,-1
room_0082,train,8,4.412,1,0.743,0,-1
room_0082,train,9,4.251,0,0.185,0,-1
room_0082,train,10,3.831,0,0.266,0,-1
room_0082,train,11,4.623,0,0.152,0,-1
room_0082,train,12,4.265,0,0.143,0,-1
room_0082,train,13,3.773,0,0.189,0,-1
room_0083,train,0,4.54,0,0.197,1,7
room_0083,train,1,5.04,0,0.192,1,7
room_0083,train,2,3.687,1,0.189,1,7
room_0083,train,3,3.968,0,0.248,1,7
room_0083,train,4,3.297,0,0.14,1,7
room_0083,train,5,4.206,0,0.21,1,7
room_0083,train,6,4.02,0,0.251,1,7
room_0083,train,7,10.673,1,0.747,1,7
room_0083,train,8,4.226,0,0.281,1,7
room_0083,train,9,4.449,0,0.203,1,7
room_0083,train,10,3.585,0,0.198,1,7
room_0083,train,11,3.927,0,0.277,1,7
room_0083,train,12,4.359,0,0.179,1,7
room_0083,train,13,4.016,0,0.209,1,7
room_0083,train,14,3.637,0,0.196,1,7
room_0083,train,15,4.133,0,0.207,1,7
room_0083,train,16,4.048,0,0.192,1,7
room_0084,train,0,3.989,0,0.169,1,5
room_0084,train,1,4.93,0,0.12,1,5
room_0084,train,2,5.075,0,0.18,1,5
room_0084,train,3,3.298,0,0.215,1,5
room_0084,train,4,3.47,0,0.262,1,5
room_0084,train,5,10.382,1,0.934,1,5
room_0084,train,6,4.62,0,0.23,1,5
room_0084,train,7,3.784,0,0.181,1,5
room_0084,train,8,4.16,0,0.238,1,5
room_0084,train,9,4.28,0,0.241,1,5
room_0084,train,10,3.675,0,0.231,1,5
room_0084,train,11,4.362,0,0.362,1,5
room_0084,train,12,4.188,0,0.229,1,5
room_0084,train,13,3.638,0,0.143,1,5
room_0084,train,14,4.219,0,0.266,1,5
room_0085,train,0,4.274,0,0.216,0,-1
room_0085,train,1,3.723,0,0.212,0,-1
room_0085,train,2,3.366,0,0.194,0,-1
room_0085,train,3,4.08,0,0.229,0,-1
room_0085,train,4,3.667,0,0.123,0,-1
room_0085,train,5,3.549,0,0.216,0,-1
room_0085,train,6,4.347,1,0.811,0,-1
room_0085,train,7,4.38,1,0.214,0,-1
room_0085,train,8,4.201,0,0.253,0,-1
room_0085,train,9,3.61,0,0.156,0,-1
room_0085,train,10,4.54,0,0.233,0,-1
room_0085,train,11,3.465,0,0.206,0,-1
room_0085,train,12,4.872,0,0.251,0,-1
room_0085,train,13,3.635,0,0.185,0,-1
room_0085,train,14,3.852,0,0.27,0,-1
room_0085,train,15,3.807,0,0.177,0,-1
room_0086,train,0,3.945,0,0.218,0,-1
room_0086,train,1,3.937,0,0.27,0,-1
room_0086,train,2,4.52,0,0.2,0,-1
room_0086,train,3,4.236,0,0.203,0,-1
room_0086,train,4,4.512,0,0.122,0,-1
room_0086,train,5,3.379,0,0.2,0,-1
room_0086,train,6,4.814,0,0.128,0,-1
room_0086,train,7,4.062,0,0.213,0,-1
room_0086,train,8,4.493,0,0.207,0,-1
room_0086,train,9,4.42,0,0.21,0,-1
room_0086,train,10,3.852,0,0.152,0,-1
room_0086,train,11,3.938,0,0.142,0,-1
room_0086,train,12,4.462,0,0.181,0,-1
room_0086,train,13,4.564,0,0.207,0,-1
room_0087,train,0,3.636,0,0.306,0,-1
room_0087,train,1,3.469,0,0.22,0,-1
room_0087,train,2,3.95,0,0.174,0,-1
room_0087,train,3,3.538,0,0.134,0,-1
room_0087,train,4,10.455,0,0.202,0,-1
room_0087,train,5,4.09,0,0.245,0,-1
room_0087,train,6,3.743,0,0.178,0,-1
room_0087,train,7,3.859,0,0.196,0,-1
room_0087,train,8,4.367,0,0.245,0,-1
room_0087,train,9,4.765,0,0.198,0,-1
room_0087,train,10,4.24,0,0.192,0,-1
room_0087,train,11,4.102,0,0.182,0,-1
room_0088,train,0,3.947,0,0.161,0,-1
room_0088,train,1,3.545,0,0.244,0,-1
room_0088,train,2,4.039,1,0.912,0,-1
room_0088,train,3,4.072,0,0.288,0,-1
room_0088,train,4,4.552,0,0.282,0,-1
room_0088,train,5,3.542,0,0.168,0,-1
room_0088,train,6,3.843,0,0.192,0,-1
room_0088,train,7,4.134,1,0.213,0,-1
room_0088,train,8,4.119,0,0.145,0,-1
room_0089,train,0,3.827,0,0.205,1,1
room_0089,train,1,9.429,1,0.757,1,1
room_0089,train,2,3.858,0,0.171,1,1
room_0089,train,3,4.256,0,0.117,1,1
room_0089,train,4,4.058,0,0.243,1,1
room_0089,train,5,3.81,0,0.242,1,1
room_0089,train,6,3.996,0,0.209,1,1
room_0089,train,7,4.285,0,0.205,1,1
room_0089,train,8,3.414,0,0.151,1,1
room_0089,train,9,4.198,0,0.152,1,1
room_0089,train,10,3.735,0,0.168,1,1
room_0089,train,11,3.275,0,0.192,1,1
room_0089,train,12,3.272,0,0.173,1,1
room_0089,train,13,3.798,0,0.22,1,1
room_0089,train,14,3.792,0,0.186,1,1
room_0089,train,15,3.766,0,0.164,1,1
room_0089,train,16,3.452,0,0.229,1,1
room_0089,train,17,3.571,0,0.218,1,1
room_0090,test,0,3.787,0,0.225,1,1
room_0090,test,1,10.032,1,0.731,1,1
room_0090,test,2,4.445,0,0.3,1,1
room_0090,test,3,3.323,0,0.255,1,1
room_0090,test,4,4.502,0,0.183,1,1
room_0090,test,5,3.347,0,0.238,1,1
room_0090,test,6,4.29,0,0.212,1,1
room_0090,test,7,3.943,0,0.112,1,1
room_0090,test,8,3.651,0,0.13,1,1
room_0091,train,0,4.165,0,0.135,1,1
room_0091,train,1,10.684,1,0.857,1,1
room_0091,train,2,3.658,0,0.221,1,1
room_0091,train,3,4.709,0,0.201,1,1
room_0091,train,4,3.783,0,0.175,1,1
room_0091,train,5,3.562,0,0.187,1,1
room_0091,train,6,3.66,0,0.212,1,1
room_0091,train,7,4.277,0,0.293,1,1
room_0092,train,0,4.529,0,0.194,0,-1
room_0092,train,1,3.919,0,0.264,0,-1
room_0092,train,2,3.909,0,0.208,0,-1
room_0092,train,3,4.151,0,0.179,0,-1
room_0092,train,4,4.148,0,0.214,0,-1
room_0092,train,5,4.202,0,0.111,0,-1
room_0092,train,6,4.557,0,0.261,0,-1
room_0092,train,7,4.275,0,0.238,0,-1
room_0092,train,8,4.512,0,0.231,0,-1
room_0092,train,9,3.514,0,0.195,0,-1
room_0092,train,10,4.168,0,0.18,0,-1
room_0092,train,11,4.427,0,0.165,0,-1
room_0092,train,12,3.896,0,0.148,0,-1
room_0092,train,13,4.148,0,0.285,0,-1
room_0092,train,14,3.783,0,0.201,0,-1
room_0092,train,15,3.991,0,0.239,0,-1
room_0092,train,16,4.857,0,0.238,0,-1
room_0093,train,0,3.643,0,0.2,0,-1
room_0093,train,1,4.028,0,0.164,0,-1
room_0093,train,2,3.388,1,0.147,0,-1
room_0093,train,3,3.559,0,0.142,0,-1
room_0093,train,4,10.062,0,0.266,0,-1
room_0093,train,5,3.654,0,0.198,0,-1
room_0093,train,6,3.967,0,0.179,0,-1
room_0093,train,7,3.721,1,0.279,0,-1
room_0093,train,8,4.148,0,0.117,0,-1
room_0094,train,0,4.341,0,0.243,1,2
room_0094,train,1,3.539,0,0.225,1,2
room_0094,train,2,9.875,1,0.794,1,2
room_0094,train,3,4.211,0,0.23,1,2
room_0094,train,4,3.796,0,0.196,1,2
room_0094,train,5,3.849,0,0.173,1,2
room_0094,train,6,4.838,0,0.223,1,2
room_0094,train,7,4.193,0,0.19,1,2
room_0095,train,0,4.885,0,0.243,1,4
room_0095,train,1,3.941,0,0.313,1,4
room_0095,train,2,3.315,0,0.221,1,4
room_0095,train,3,4.418,0,0.158,1,4
room_0095,train,4,9.338,1,0.751,1,4
room_0095,train,5,4.184,0,0.204,1,4
room_0095,train,6,4.309,0,0.202,1,4
room_0095,train,7,3.332,0,0.166,1,4
room_0095,train,8,3.545,0,0.218,1,4
room_0095,train,9,3.656,0,0.173,1,4
room_0095,train,10,4.426,0,0.271,1,4
room_0095,train,11,3.679,0,0.23,1,4
room_0095,train,12,3.563,0,0.289,1,4
room_0095,train,13,3.939,0,0.218,1,4
room_0095,train,14,2.885,0,0.214,1,4
room_0095,train,15,3.992,1,0.196,1,4
room_0095,train,16,3.753,0,0.153,1,4
room_0095,train,17,4.093,0,0.22,1,4
room_0096,train,0,3.911,0,0.235,1,3
room_0096,train,1,3.884,0,0.169,1,3
room_0096,train,2,4.097,0,0.206,1,3
room_0096,train,3,9.255,1,0.949,1,3
room_0096,train,4,4.067,0,0.171,1,3
room_0096,train,5,4.176,0,0.18,1,3
room_0096,train,6,3.769,0,0.234,1,3
room_0096,train,7,3.541,0,0.127,1,3
room_0096,train,8,3.813,0,0.227,1,3
room_0096,train,9,3.249,1,0.208,1,3
room_0096,train,10,3.824,0,0.211,1,3
room_0096,train,11,3.604,0,0.147,1,3
room_0096,train,12,4.313,0,0.252,1,3
room_0097,test,0,3.714,0,0.237,0,-1
room_0097,test,1,3.911,0,0.149,0,-1
room_0097,test,2,3.866,1,0.186,0,-1
room_0097,test,3,4.252,0,0.2,0,-1
room_0097,test,4,4.032,0,0.258,0,-1
room_0097,test,5,3.317,0,0.168,0,-1
room_0097,test,6,4.234,0,0.151,0,-1
room_0097,test,7,4.039,0,0.197,0,-1
room_0097,test,8,4.374,1,0.809,0,-1
room_0097,test,9,3.641,0,0.144,0,-1
room_0098,train,0,4.234,0,0.245,1,6
room_0098,train,1,4.03,0,0.214,1,6
room_0098,train,2,4.361,0,0.253,1,6
room_0098,train,3,4.222,0,0.259,1,6
room_0098,train,4,4.027,0,0.209,1,6
room_0098,train,5,4.682,0,0.206,1,6
room_0098,train,6,10.078,1,0.8,1,6
room_0098,train,7,3.579,0,0.164,1,6
room_0098,train,8,3.99,0,0.165,1,6
room_0098,train,9,3.717,0,0.244,1,6
room_0098,train,10,3.702,0,0.2,1,6
room_0098,train,11,4.022,0,0.304,1,6
room_0098,train,12,4.009,0,0.154,1,6
room_0098,train,13,4.003,0,0.182,1,6
room_0098,train,14,4.148,0,0.144,1,6
room_0098,train,15,4.187,0,0.116,1,6
room_0098,train,16,3.883,0,0.265,1,6
room_0098,train,17,3.799,1,0.159,1,6
room_0099,test,0,3.431,0,0.203,0,-1
room_0099,test,1,4.541,0,0.155,0,-1
room_0099,test,2,3.19,0,0.164,0,-1
room_0099,test,3,4.314,0,0.192,0,-1
room_0099,test,4,3.702,0,0.239,0,-1
room_0099,test,5,4.0,1,0.224,0,-1
room_0099,test,6,4.881,0,0.257,0,-1
room_0099,test,7,9.074,0,0.173,0,-1
room_0099,test,8,3.967,0,0.117,0,-1
room_0100,train,0,3.574,0,0.211,0,-1
room_0100,train,1,4.243,1,0.741,0,-1
room_0100,train,2,3.455,0,0.199,0,-1
room_0100,train,3,3.73,0,0.226,0,-1
room_0100,train,4,3.445,0,0.294,0,-1
room_0100,train,5,3.908,0,0.176,0,-1
room_0100,train,6,3.626,0,0.168,0,-1
room_0100,train,7,3.656,0,0.228,0,-1
room_0101,train,0,4.0,0,0.141,1,1
room_0101,train,1,9.012,1,0.903,1,1
room_0101,train,2,3.77,0,0.194,1,1
room_0101,train,3,3.393,0,0.204,1,1
room_0101,train,4,4.717,0,0.203,1,1
room_0101,train,5,3.667,0,0.275,1,1
room_0101,train,6,3.888,0,0.211,1,1
room_0101,train,7,4.032,1,0.272,1,1
room_0101,train,8,3.205,0,0.238,1,1
room_0101,train,9,3.764,0,0.117,1,1
room_0101,train,10,3.618,1,0.223,1,1
room_0101,train,11,3.827,0,0.25,1,1
room_0101,train,12,3.898,0,0.257,1,1
room_0101,train,13,3.88,0,0.209,1,1
room_0101,train,14,2.876,0,0.144,1,1
room_0102,train,0,3.951,0,0.285,1,5
room_0102,train,1,4.37,0,0.148,1,5
room_0102,train,2,3.531,0,0.236,1,5
room_0102,train,3,4.097,0,0.254,1,5
room_0102,train,4,3.96,0,0.149,1,5
room_0102,train,5,9.098,1,0.855,1,5
room_0102,train,6,3.747,0,0.177,1,5
room_0102,train,7,4.275,1,0.116,1,5
room_0102,train,8,3.732,0,0.233,1,5
room_0103,test,0,3.804,0,0.182,0,-1
room_0103,test,1,4.388,0,0.214,0,-1
room_0103,test,2,3.344,0,0.282,0,-1
room_0103,test,3,4.335,0,0.228,0,-1
room_0103,test,4,4.072,0,0.174,0,-1
room_0103,test,5,4.451,0,0.2,0,-1
room_0103,test,6,4.202,0,0.23,0,-1
room_0103,test,7,4.14,0,0.211,0,-1
room_0103,test,8,3.81,1,0.858,0,-1
room_0103,test,9,3.439,0,0.179,0,-1
room_0103,test,10,3.281,0,0.15,0,-1
room_0103,test,11,3.287,0,0.15,0,-1
room_0103,test,12,4.307,1,0.178,0,-1
room_0103,test,13,4.119,0,0.149,0,-1
room_0104,train,0,4.843,0,0.164,0,-1
room_0104,train,1,4.436,0,0.224,0,-1
room_0104,train,2,4.043,0,0.178,0,-1
room_0104,train,3,3.488,0,0.174,0,-1
room_0104,train,4,3.852,0,0.257,0,-1
room_0104,train,5,4.621,0,0.198,0,-1
room_0104,train,6,4.225,0,0.15,0,-1
room_0104,train,7,5.118,0,0.123,0,-1
room_0104,train,8,4.166,0,0.209,0,-1
room_0105,train,0,4.425,1,0.197,1,13
room_0105,train,1,3.609,0,0.158,1,13
room_0105,train,2,4.098,0,0.253,1,13
room_0105,train,3,3.652,0,0.243,1,13
room_0105,train,4,3.357,0,0.181,1,13
room_0105,train,5,3.383,0,0.206,1,13
room_0105,train,6,4.326,0,0.215,1,13
room_0105,train,7,4.337,0,0.156,1,13
room_0105,train,8,4.37,0,0.222,1,13
room_0105,train,9,4.317,0,0.194,1,13
room_0105,train,10,4.393,0,0.194,1,13
room_0105,train,11,4.494,0,0.2,1,13
room_0105,train,12,3.81,0,0.246,1,13
room_0105,train,13,10.418,1,0.772,1,13
room_0105,train,14,3.663,0,0.219,1,13
room_0105,train,15,3.766,0,0.173,1,13
room_0106,train,0,3.948,0,0.198,1,4
room_0106,train,1,4.181,0,0.16,1,4
room_0106,train,2,4.624,1,0.174,1,4
room_0106,train,3,4.099,0,0.168,1,4
room_0106,train,4,9.704,1,0.74,1,4
room_0106,train,5,4.361,0,0.193,1,4
room_0106,train,6,3.92,0,0.167,1,4
room_0106,train,7,3.04,0,0.218,1,4
room_0106,train,8,3.669,0,0.196,1,4
room_0106,train,9,4.09,0,0.112,1,4
room_0107,train,0,3.624,0,0.266,1,14
room_0107,train,1,4.963,0,0.265,1,14
room_0107,train,2,3.874,0,0.236,1,14
room_0107,train,3,3.888,1,0.183,1,14
room_0107,train,4,4.065,0,0.216,1,14
room_0107,train,5,3.87,0,0.137,1,14
room_0107,train,6,4.018,0,0.104,1,14
room_0107,train,7,3.817,0,0.236,1,14
room_0107,train,8,3.241,0,0.189,1,14
room_0107,train,9,4.679,0,0.109,1,14
room_0107,train,10,4.464,0,0.199,1,14
room_0107,train,11,4.01,0,0.168,1,14
room_0107,train,12,3.897,0,0.192,1,14
room_0107,train,13,4.462,1,0.225,1,14
room_0107,train,14,10.057,1,0.931,1,14
room_0107,train,15,4.262,0,0.234,1,14
room_0107,train,16,4.219,0,0.193,1,14
room_0108,train,0,3.937,1,0.171,0,-1
room_0108,train,1,3.938,0,0.253,0,-1
room_0108,train,2,4.075,0,0.247,0,-1
room_0108,train,3,3.994,0,0.157,0,-1
room_0108,train,4,10.759,0,0.23,0,-1
room_0108,train,5,4.17,0,0.188,0,-1
room_0108,train,6,4.227,0,0.224,0,-1
room_0108,train,7,3.659,0,0.211,0,-1
room_0108,train,8,3.617,0,0.222,0,-1
room_0109,train,0,4.128,0,0.166,1,9
room_0109,train,1,3.438,0,0.239,1,9
room_0109,train,2,4.735,0,0.227,1,9
room_0109,train,3,3.63,0,0.26,1,9
room_0109,train,4,3.226,0,0.206,1,9
room_0109,train,5,4.074,0,0.265,1,9
room_0109,train,6,3.835,0,0.209,1,9
room_0109,train,7,4.549,0,0.266,1,9
room_0109,train,8,4.279,0,0.129,1,9
room_0109,train,9,10.757,1,0.865,1,9
room_0109,train,10,4.077,0,0.212,1,9
room_0109,train,11,3.399,0,0.099,1,9
room_0110,train,0,4.589,0,0.217,1,7
room_0110,train,1,3.243,0,0.098,1,7
room_0110,train,2,4.739,0,0.121,1,7
room_0110,train,3,3.207,0,0.231,1,7
room_0110,train,4,3.703,0,0.217,1,7
room_0110,train,5,4.368,0,0.164,1,7
room_0110,train,6,3.737,0,0.217,1,7
room_0110,train,7,9.829,1,0.832,1,7
room_0110,train,8,4.328,0,0.194,1,7
room_0110,train,9,4.181,0,0.156,1,7
room_0110,train,10,3.723,0,0.217,1,7
room_0110,train,11,3.353,0,0.215,1,7
room_0111,train,0,4.15,0,0.231,0,-1
room_0111,train,1,4.709,0,0.195,0,-1
room_0111,train,2,3.982,0,0.18,0,-1
room_0111,train,3,3.853,0,0.141,0,-1
room_0111,train,4,10.181,0,0.206,0,-1
room_0111,train,5,4.495,0,0.237,0,-1
room_0111,train,6,3.813,0,0.142,0,-1
room_0111,train,7,4.295,0,0.18,0,-1
room_0111,train,8,3.593,0,0.161,0,-1
room_0111,train,9,4.734,0,0.209,0,-1
room_0111,train,10,4.455,0,0.278,0,-1
room_0111,train,11,4.625,0,0.258,0,-1
room_0111,train,12,3.852,0,0.174,0,-1
room_0111,train,13,3.74,0,0.249,0,-1
room_0112,train,0,4.787,1,0.205,1,6
room_0112,train,1,4.075,0,0.231,1,6
room_0112,train,2,4.494,0,0.215,1,6
room_0112,train,3,3.352,0,0.305,1,6
room_0112,train,4,4.526,0,0.198,1,6
room_0112,train,5,3.892,0,0.169,1,6
room_0112,train,6,9.214,1,0.775,1,6
room_0112,train,7,3.389,0,0.199,1,6
room_0112,train,8,4.302,0,0.201,1,6
room_0112,train,9,3.554,0,0.188,1,6
room_0113,train,0,5.328,0,0.225,1,12
room_0113,train,1,4.081,0,0.266,1,12
room_0113,train,2,4.441,0,0.25,1,12
room_0113,train,3,4.145,0,0.221,1,12
room_0113,train,4,4.179,0,0.221,1,12
room_0113,train,5,3.57,0,0.117,1,12
room_0113,train,6,3.762,0,0.172,1,12
room_0113,train,7,3.56,0,0.226,1,12
room_0113,train,8,3.551,0,0.183,1,12
room_0113,train,9,4.575,0,0.256,1,12
room_0113,train,10,4.132,0,0.251,1,12
room_0113,train,11,4.616,0,0.206,1,12
room_0113,train,12,10.694,1,0.77,1,12
room_0113,train,13,3.72,0,0.215,1,12
room_0113,train,14,4.169,0,0.24,1,12
room_0113,train,15,3.767,0,0.254,1,12
room_0113,train,16,4.121,0,0.23,1,12
room_0113,train,17,3.277,0,0.224,1,12
room_0114,train,0,3.564,1,0.236,0,-1
room_0114,train,1,4.002,0,0.112,0,-1
room_0114,train,2,3.229,0,0.109,0,-1
room_0114,train,3,4.361,0,0.226,0,-1
room_0114,train,4,3.398,0,0.229,0,-1
room_0114,train,5,9.607,0,0.183,0,-1
room_0114,train,6,3.928,0,0.122,0,-1
room_0114,train,7,4.281,0,0.206,0,-1
room_0114,train,8,3.372,0,0.24,0,-1
room_0114,train,9,4.785,0,0.147,0,-1
room_0114,train,10,4.335,0,0.244,0,-1
room_0114,train,11,4.654,0,0.183,0,-1
room_0115,train,0,4.546,0,0.321,0,-1
room_0115,train,1,3.953,0,0.167,0,-1
room_0115,train,2,4.921,0,0.171,0,-1
room_0115,train,3,4.234,0,0.169,0,-1
room_0115,train,4,3.735,0,0.181,0,-1
room_0115,train,5,4.157,1,0.935,0,-1
room_0115,train,6,4.098,0,0.191,0,-1
room_0115,train,7,4.427,0,0.262,0,-1
room_0115,train,8,4.251,0,0.222,0,-1
room_0115,train,9,3.782,0,0.195,0,-1
room_0116,test,0,3.684,1,0.322,1,2
room_0116,test,1,4.351,0,0.194,1,2
room_0116,test,2,10.538,1,0.767,1,2
room_0116,test,3,4.549,0,0.194,1,2
room_0116,test,4,3.725,0,0.175,1,2
room_0116,test,5,4.719,0,0.185,1,2
room_0116,test,6,4.344,0,0.207,1,2
room_0116,test,7,3.941,0,0.259,1,2
room_0116,test,8,3.086,0,0.165,1,2
room_0116,test,9,3.368,0,0.163,1,2
room_0116,test,10,4.425,0,0.238,1,2
room_0117,train,0,4.061,0,0.269,1,9
room_0117,train,1,4.312,0,0.18,1,9
room_0117,train,2,4.547,0,0.216,1,9
room_0117,train,3,3.449,0,0.293,1,9
room_0117,train,4,3.768,0,0.226,1,9
room_0117,train,5,3.691,0,0.209,1,9
room_0117,train,6,3.766,0,0.163,1,9
room_0117,train,7,4.607,0,0.214,1,9
room_0117,train,8,4.374,0,0.176,1,9
room_0117,train,9,10.638,1,0.89,1,9
room_0117,train,10,4.079,0,0.201,1,9
room_0117,train,11,3.579,0,0.278,1,9
room_0117,train,12,4.191,0,0.247,1,9
room_0117,train,13,3.722,0,0.137,1,9
room_0117,train,14,3.285,0,0.176,1,9
room_0117,train,15,3.623,1,0.264,1,9
room_0117,train,16,3.165,0,0.145,1,9
room_0117,train,17,4.476,0,0.229,1,9
room_0118,train,0,3.595,0,0.18,0,-1
room_0118,train,1,3.761,0,0.161,0,-1
room_0118,train,2,3.939,0,0.165,0,-1
room_0118,train,3,3.577,0,0.203,0,-1
room_0118,train,4,4.532,0,0.234,0,-1
room_0118,train,5,4.224,0,0.204,0,-1
room_0118,train,6,4.414,0,0.196,0,-1
room_0118,train,7,4.526,0,0.143,0,-1
room_0118,train,8,4.165,0,0.277,0,-1
room_0118,train,9,3.401,0,0.197,0,-1
room_0118,train,10,3.969,0,0.192,0,-1
room_0118,train,11,3.468,0,0.259,0,-1
room_0118,train,12,4.237,1,0.78,0,-1
room_0118,train,13,4.329,0,0.2,0,-1
room_0118,train,14,3.554,0,0.118,0,-1
room_0119,train,0,4.423,0,0.202,0,-1
room_0119,train,1,4.482,0,0.174,0,-1
room_0119,train,2,4.618,1,0.203,0,-1
room_0119,train,3,4.271,0,0.198,0,-1
room_0119,train,4,4.243,0,0.162,0,-1
room_0119,train,5,4.587,1,0.245,0,-1
room_0119,train,6,3.45,0,0.221,0,-1
room_0119,train,7,3.843,0,0.176,0,-1
room_0119,train,8,4.174,0,0.18,0,-1
room_0120,train,0,4.312,0,0.207,1,5
room_0120,train,1,4.215,0,0.181,1,5
room_0120,train,2,3.827,0,0.18,1,5
room_0120,train,3,4.042,0,0.113,1,5
room_0120,train,4,4.024,0,0.128,1,5
room_0120,train,5,9.955,1,0.754,1,5
room_0120,train,6,3.786,0,0.278,1,5
room_0120,train,7,4.107,0,0.237,1,5
room_0120,train,8,4.736,0,0.219,1,5
room_0120,train,9,3.955,0,0.19,1,5
room_0121,test,0,3.892,0,0.196,1,9
room_0121,test,1,3.729,0,0.098,1,9
room_0121,test,2,4.762,0,0.186,1,9
room_0121,test,3,4.576,0,0.19,1,9
room_0121,test,4,3.368,0,0.168,1,9
room_0121,test,5,3.971,0,0.18,1,9
room_0121,test,6,3.88,0,0.189,1,9
room_0121,test,7,4.338,0,0.165,1,9
room_0121,test,8,3.578,0,0.101,1,9
room_0121,test,9,10.549,1,0.725,1,9
room_0121,test,10,4.443,0,0.19,1,9
room_0121,test,11,3.56,0,0.167,1,9
room_0121,test,12,3.802,0,0.216,1,9
room_0122,train,0,4.219,0,0.201,0,-1
room_0122,train,1,3.684,1,0.191,0,-1
room_0122,train,2,4.681,0,0.164,0,-1
room_0122,train,3,3.906,0,0.154,0,-1
room_0122,train,4,3.658,0,0.257,0,-1
room_0122,train,5,3.532,0,0.187,0,-1
room_0122,train,6,3.934,0,0.252,0,-1
room_0122,train,7,3.577,0,0.218,0,-1
room_0122,train,8,4.704,0,0.235,0,-1
room_0122,train,9,4.416,0,0.246,0,-1
room_0122,train,10,4.338,1,0.235,0,-1
room_0122,train,11,4.476,1,0.235,0,-1
room_0122,train,12,4.26,0,0.225,0,-1
room_0122,train,13,4.315,0,0.211,0,-1
room_0122,train,14,4.249,0,0.197,0,-1
room_0122,train,15,4.137,0,0.201,0,-1
room_0123,train,0,4.425,0,0.179,1,8
room_0123,train,1,4.757,0,0.202,1,8
room_0123,train,2,4.019,0,0.188,1,8
room_0123,train,3,3.701,0,0.258,1,8
room_0123,train,4,3.678,0,0.213,1,8
room_0123,train,5,3.85,1,0.196,1,8
room_0123,train,6,3.955,1,0.204,1,8
room_0123,train,7,4.843,0,0.195,1,8
room_0123,train,8,10.435,1,0.904,1,8
room_0123,train,9,3.886,0,0.17,1,8
room_0123,train,10,4.303,0,0.259,1,8
room_0123,train,11,4.056,0,0.231,1,8
room_0123,train,12,4.199,0,0.239,1,8
room_0123,train,13,4.514,0,0.161,1,8
room_0124,train,0,4.756,0,0.123,1,1
room_0124,train,1,10.712,1,0.88,1,1
room_0124,train,2,3.829,0,0.226,1,1
room_0124,train,3,3.886,0,0.157,1,1
room_0124,train,4,3.266,0,0.155,1,1
room_0124,train,5,3.279,0,0.197,1,1
room_0124,train,6,4.85,0,0.275,1,1
room_0124,train,7,3.522,0,0.198,1,1
room_0124,train,8,4.256,0,0.264,1,1
room_0124,train,9,4.182,0,0.215,1,1
room_0124,train,10,3.88,0,0.153,1,1
room_0124,train,11,2.91,0,0.181,1,1
room_0125,test,0,3.806,0,0.241,0,-1
room_0125,test,1,3.735,0,0.139,0,-1
room_0125,test,2,3.48,0,0.198,0,-1
room_0125,test,3,4.051,0,0.31,0,-1
room_0125,test,4,3.911,0,0.226,0,-1
room_0125,test,5,4.383,0,0.29,0,-1
room_0125,test,6,4.097,0,0.194,0,-1
room_0125,test,7,4.232,0,0.207,0,-1
room_0125,test,8,3.742,0,0.237,0,-1
room_0125,test,9,4.452,0,0.119,0,-1
room_0125,test,10,4.468,0,0.183,0,-1
room_0125,test,11,4.142,0,0.221,0,-1
room_0125,test,12,3.363,0,0.192,0,-1
room_0125,test,13,4.952,0,0.137,0,-1
room_0125,test,14,3.861,1,0.174,0,-1
room_0125,test,15,4.603,0,0.199,0,-1
room_0125,test,16,4.198,1,0.227,0,-1
room_0126,train,0,3.691,0,0.196,1,5
room_0126,train,1,3.432,0,0.219,1,5
room_0126,train,2,3.554,0,0.278,1,5
room_0126,train,3,4.101,0,0.19,1,5
room_0126,train,4,3.809,1,0.21,1,5
room_0126,train,5,10.161,1,0.795,1,5
room_0126,train,6,3.317,0,0.287,1,5
room_0126,train,7,4.32,0,0.264,1,5
room_0126,train,8,4.852,1,0.138,1,5
room_0126,train,9,4.871,0,0.167,1,5
room_0126,train,10,3.974,0,0.178,1,5
room_0126,train,11,4.24,0,0.138,1,5
room_0126,train,12,4.299,1,0.157,1,5
room_0127,train,0,3.88,0,0.176,0,-1
room_0127,train,1,4.181,0,0.262,0,-1
room_0127,train,2,3.986,0,0.142,0,-1
room_0127,train,3,3.515,0,0.168,0,-1
room_0127,train,4,3.169,0,0.262,0,-1
room_0127,train,5,4.323,0,0.213,0,-1
room_0127,train,6,4.307,1,0.88,0,-1
room_0127,train,7,4.081,0,0.24,0,-1
room_0127,train,8,4.238,0,0.178,0,-1
room_0127,train,9,3.513,0,0.236,0,-1
room_0127,train,10,4.23,0,0.259,0,-1
room_0127,train,11,2.743,0,0.211,0,-1
room_0128,train,0,3.941,0,0.254,1,8
room_0128,train,1,3.79,0,0.272,1,8
room_0128,train,2,4.031,0,0.238,1,8
room_0128,train,3,3.722,0,0.224,1,8
room_0128,train,4,3.726,0,0.156,1,8
room_0128,train,5,3.636,0,0.22,1,8
room_0128,train,6,4.686,0,0.183,1,8
room_0128,train,7,3.57,0,0.215,1,8
room_0128,train,8,9.906,1,0.808,1,8
room_0128,train,9,4.009,0,0.135,1,8
room_0128,train,10,3.653,0,0.18,1,8
room_0129,train,0,3.478,0,0.207,0,-1
room_0129,train,1,4.284,0,0.143,0,-1
room_0129,train,2,3.395,0,0.276,0,-1
room_0129,train,3,3.348,0,0.178,0,-1
room_0129,train,4,4.452,0,0.18,0,-1
room_0129,train,5,3.709,0,0.119,0,-1
room_0129,train,6,10.295,0,0.109,0,-1
room_0129,train,7,3.96,0,0.25,0,-1
room_0129,train,8,4.115,0,0.206,0,-1
room_0129,train,9,4.778,0,0.218,0,-1
room_0129,train,10,4.285,0,0.198,0,-1
room_0129,train,11,3.943,0,0.225,0,-1
room_0129,train,12,4.332,0,0.211,0,-1
room_0129,train,13,3.762,0,0.194,0,-1
room_0129,train,14,2.981,0,0.166,0,-1
room_0129,train,15,3.905,1,0.199,0,-1
room_0130,train,0,4.477,0,0.192,1,1
room_0130,train,1,9.941,1,0.778,1,1
room_0130,train,2,4.348,0,0.19,1,1
room_0130,train,3,4.384,0,0.281,1,1
room_0130,train,4,4.116,0,0.229,1,1
room_0130,train,5,3.783,0,0.23,1,1
room_0130,train,6,3.34,0,0.176,1,1
room_0130,train,7,3.454,0,0.202,1,1
room_0130,train,8,2.936,0,0.17,1,1
room_0130,train,9,4.452,0,0.193,1,1
room_0131,train,0,4.499,0,0.175,1,6
room_0131,train,1,3.87,0,0.21,1,6
room_0131,train,2,4.169,0,0.162,1,6
room_0131,train,3,4.525,0,0.183,1,6
room_0131,train,4,3.767,0,0.169,1,6
room_0131,train,5,4.33,0,0.227,1,6
room_0131,train,6,9.867,1,0.912,1,6
room_0131,train,7,4.13,0,0.177,1,6
room_0131,train,8,4.191,0,0.252,1,6
room_0131,train,9,3.812,1,0.249,1,6
room_0131,train,10,3.895,0,0.158,1,6
room_0131,train,11,4.224,0,0.234,1,6
room_0131,train,12,4.217,0,0.178,1,6
room_0131,train,13,5.236,0,0.244,1,6
room_0131,train,14,3.372,0,0.202,1,6
room_0131,train,15,4.106,0,0.222,1,6
room_0131,train,16,3.439,0,0.234,1,6
room_0132,train,0,3.796,0,0.211,0,-1
room_0132,train,1,4.259,0,0.195,0,-1
room_0132,train,2,4.183,1,0.171,0,-1
room_0132,train,3,4.625,0,0.187,0,-1
room_0132,train,4,3.929,0,0.178,0,-1
room_0132,train,5,3.563,0,0.2,0,-1
room_0132,train,6,3.774,0,0.3,0,-1
room_0132,train,7,3.693,0,0.215,0,-1
room_0132,train,8,4.047,0,0.174,0,-1
room_0132,train,9,4.23,0,0.122,0,-1
room_0132,train,10,3.775,0,0.175,0,-1
room_0132,train,11,10.455,0,0.125,0,-1
room_0132,train,12,4.335,0,0.256,0,-1
room_0132,train,13,3.695,0,0.238,0,-1
room_0132,train,14,3.936,0,0.279,0,-1
room_0132,train,15,4.582,0,0.144,0,-1
room_0132,train,16,3.135,0,0.219,0,-1
room_0132,train,17,3.723,0,0.18,0,-1
room_0133,train,0,3.811,0,0.28,1,10
room_0133,train,1,4.865,0,0.175,1,10
room_0133,train,2,4.304,0,0.158,1,10
room_0133,train,3,3.546,0,0.203,1,10
room_0133,train,4,3.475,0,0.178,1,10
room_0133,train,5,4.192,0,0.271,1,10
room_0133,train,6,4.07,0,0.27,1,10
room_0133,train,7,3.983,0,0.277,1,10
room_0133,train,8,2.981,0,0.182,1,10
room_0133,train,9,3.598,0,0.19,1,10
room_0133,train,10,10.62,1,0.851,1,10
room_0133,train,11,3.845,0,0.192,1,10
room_0134,test,0,3.938,0,0.263,1,9
room_0134,test,1,4.248,0,0.217,1,9
room_0134,test,2,3.752,1,0.141,1,9
room_0134,test,3,4.191,0,0.096,1,9
room_0134,test,4,3.592,0,0.165,1,9
room_0134,test,5,3.381,0,0.209,1,9
room_0134,test,6,3.829,1,0.188,1,9
room_0134,test,7,4.108,0,0.156,1,9
room_0134,test,8,3.79,0,0.174,1,9
room_0134,test,9,9.328,1,0.879,1,9
room_0134,test,10,4.731,0,0.186,1,9
room_0134,test,11,4.13,0,0.201,1,9
room_0134,test,12,4.506,0,0.166,1,9
room_0135,train,0,3.748,0,0.197,0,-1
room_0135,train,1,3.703,0,0.208,0,-1
room_0135,train,2,4.649,0,0.255,0,-1
room_0135,train,3,4.409,0,0.108,0,-1
room_0135,train,4,4.429,0,0.201,0,-1
room_0135,train,5,4.251,0,0.236,0,-1
room_0135,train,6,4.012,0,0.187,0,-1
room_0135,train,7,3.367,0,0.257,0,-1
room_0135,train,8,9.231,0,0.168,0,-1
room_0135,train,9,3.639,0,0.171,0,-1
room_0135,train,10,4.092,0,0.188,0,-1
room_0135,train,11,4.742,0,0.179,0,-1
room_0135,train,12,3.953,0,0.24,0,-1
room_0135,train,13,3.798,0,0.194,0,-1
room_0136,train,0,3.729,0,0.266,0,-1
room_0136,train,1,4.375,0,0.249,0,-1
room_0136,train,2,3.808,0,0.2,0,-1
room_0136,train,3,4.114,0,0.2,0,-1
room_0136,train,4,3.898,0,0.147,0,-1
room_0136,train,5,4.678,0,0.151,0,-1
room_0136,train,6,4.022,0,0.232,0,-1
room_0136,train,7,4.109,0,0.215,0,-1
room_0136,train,8,3.509,0,0.159,0,-1
room_0136,train,9,3.92,1,0.84,0,-1
room_0136,train,10,4.685,0,0.193,0,-1
room_0137,train,0,4.065,0,0.289,0,-1
room_0137,train,1,3.435,0,0.206,0,-1
room_0137,train,2,3.847,0,0.229,0,-1
room_0137,train,3,3.455,0,0.166,0,-1
room_0137,train,4,4.299,0,0.241,0,-1
room_0137,train,5,3.973,0,0.173,0,-1
room_0137,train,6,4.105,0,0.115,0,-1
room_0137,train,7,4.888,0,0.137,0,-1
room_0137,train,8,4.501,0,0.179,0,-1
room_0137,train,9,4.059,0,0.233,0,-1
room_0137,train,10,4.082,0,0.244,0,-1
room_0137,train,11,4.423,0,0.143,0,-1
room_0137,train,12,4.136,0,0.228,0,-1
room_0137,train,13,3.014,1,0.143,0,-1
room_0138,train,0,4.759,1,0.197,0,-1
room_0138,train,1,4.374,0,0.239,0,-1
room_0138,train,2,3.922,0,0.232,0,-1
room_0138,train,3,3.193,0,0.159,0,-1
room_0138,train,4,4.135,0,0.221,0,-1
room_0138,train,5,3.147,0,0.148,0,-1
room_0138,train,6,9.602,0,0.209,0,-1
room_0138,train,7,4.567,0,0.204,0,-1
room_0138,train,8,4.042,0,0.203,0,-1
room_0138,train,9,4.372,0,0.188,0,-1
room_0138,train,10,4.73,0,0.195,0,-1
room_0138,train,11,4.086,0,0.195,0,-1
room_0139,train,0,4.551,0,0.195,1,4
room_0139,train,1,4.189,0,0.218,1,4
room_0139,train,2,3.82,0,0.171,1,4
room_0139,train,3,4.447,0,0.226,1,4
room_0139,train,4,9.185,1,0.922,1,4
room_0139,train,5,3.901,0,0.189,1,4
room_0139,train,6,4.238,0,0.234,1,4
room_0139,train,7,4.715,0,0.177,1,4
room_0139,train,8,3.903,0,0.192,1,4
room_0139,train,9,3.946,0,0.192,1,4
room_0140,train,0,4.439,0,0.206,1,8
room_0140,train,1,3.693,0,0.237,1,8
room_0140,train,2,4.387,0,0.195,1,8
room_0140,train,3,4.649,0,0.216,1,8
room_0140,train,4,3.531,0,0.163,1,8
room_0140,train,5,3.667,0,0.165,1,8
room_0140,train,6,4.623,0,0.165,1,8
room_0140,train,7,4.244,0,0.168,1,8
room_0140,train,8,9.563,1,0.73,1,8
room_0140,train,9,4.534,0,0.211,1,8
room_0140,train,10,4.264,0,0.196,1,8
room_0140,train,11,4.006,0,0.242,1,8
room_0140,train,12,2.988,0,0.158,1,8
room_0140,train,13,4.177,0,0.197,1,8
room_0141,test,0,3.845,0,0.224,1,7
room_0141,test,1,4.139,0,0.26,1,7
room_0141,test,2,3.813,1,0.203,1,7
room_0141,test,3,4.452,0,0.185,1,7
room_0141,test,4,3.746,0,0.27,1,7
room_0141,test,5,3.702,0,0.201,1,7
room_0141,test,6,4.788,0,0.228,1,7
room_0141,test,7,9.822,1,0.773,1,7
room_0141,test,8,4.209,0,0.28,1,7
room_0141,test,9,4.304,0,0.206,1,7
room_0141,test,10,4.58,0,0.169,1,7
room_0141,test,11,4.671,0,0.231,1,7
room_0142,train,0,3.212,0,0.168,0,-1
room_0142,train,1,2.939,0,0.194,0,-1
room_0142,train,2,4.508,1,0.258,0,-1
room_0142,train,3,3.076,0,0.235,0,-1
room_0142,train,4,4.249,0,0.192,0,-1
room_0142,train,5,4.35,0,0.195,0,-1
room_0142,train,6,4.499,0,0.184,0,-1
room_0142,train,7,4.658,0,0.175,0,-1
room_0142,train,8,2.893,0,0.15,0,-1
room_0142,train,9,3.792,1,0.811,0,-1
room_0142,train,10,4.086,0,0.213,0,-1
room_0142,train,11,4.67,0,0.205,0,-1
room_0143,train,0,4.326,0,0.217,0,-1
room_0143,train,1,3.96,0,0.234,0,-1
room_0143,train,2,3.392,0,0.209,0,-1
room_0143,train,3,4.027,1,0.219,0,-1
room_0143,train,4,4.884,0,0.201,0,-1
room_0143,train,5,4.35,0,0.272,0,-1
room_0143,train,6,3.964,0,0.187,0,-1
room_0143,train,7,4.251,0,0.182,0,-1
room_0144,test,0,4.03,0,0.244,1,15
room_0144,test,1,4.099,0,0.242,1,15
room_0144,test,2,4.008,0,0.318,1,15
room_0144,test,3,3.755,0,0.209,1,15
room_0144,test,4,4.59,0,0.154,1,15
room_0144,test,5,4.194,0,0.221,1,15
room_0144,test,6,4.677,0,0.218,1,15
room_0144,test,7,3.62,0,0.19,1,15
room_0144,test,8,4.609,0,0.25,1,15
room_0144,test,9,4.315,0,0.12,1,15
room_0144,test,10,4.241,0,0.218,1,15
room_0144,test,11,3.107,1,0.165,1,15
room_0144,test,12,3.306,1,0.178,1,15
room_0144,test,13,4.264,0,0.153,1,15
room_0144,test,14,3.247,0,0.168,1,15
room_0144,test,15,9.225,1,0.871,1,15
room_0144,test,16,4.281,0,0.229,1,15
room_0144,test,17,4.925,0,0.217,1,15
room_0145,train,0,4.474,0,0.178,0,-1
room_0145,train,1,4.053,0,0.259,0,-1
room_0145,train,2,3.222,0,0.204,0,-1
room_0145,train,3,3.863,0,0.197,0,-1
room_0145,train,4,4.039,1,0.834,0,-1
room_0145,train,5,3.596,0,0.249,0,-1
room_0145,train,6,3.739,0,0.124,0,-1
room_0145,train,7,4.433,0,0.097,0,-1
room_0145,train,8,4.218,0,0.243,0,-1
room_0146,train,0,4.154,0,0.279,0,-1
room_0146,train,1,3.783,0,0.18,0,-1
room_0146,train,2,4.497,0,0.202,0,-1
room_0146,train,3,3.008,0,0.144,0,-1
room_0146,train,4,3.755,0,0.188,0,-1
room_0146,train,5,4.479,0,0.222,0,-1
room_0146,train,6,4.431,0,0.252,0,-1
room_0146,train,7,4.201,0,0.229,0,-1
room_0146,train,8,5.404,0,0.149,0,-1
room_0146,train,9,4.252,0,0.178,0,-1
room_0146,train,10,3.899,1,0.221,0,-1
room_0146,train,11,3.87,0,0.242,0,-1
room_0146,train,12,4.32,0,0.309,0,-1
room_0146,train,13,4.325,1,0.185,0,-1
room_0146,train,14,3.701,0,0.178,0,-1
room_0146,train,15,4.759,0,0.177,0,-1
room_0146,train,16,4.362,0,0.221,0,-1
room_0147,train,0,3.868,0,0.157,0,-1
room_0147,train,1,3.971,0,0.243,0,-1
room_0147,train,2,4.14,0,0.201,0,-1
room_0147,train,3,3.43,0,0.275,0,-1
room_0147,train,4,10.215,0,0.282,0,-1
room_0147,train,5,4.129,0,0.348,0,-1
room_0147,train,6,3.191,0,0.248,0,-1
room_0147,train,7,3.745,0,0.24,0,-1
room_0147,train,8,4.145,0,0.235,0,-1
room_0147,train,9,4.126,0,0.178,0,-1
room_0147,train,10,3.848,0,0.144,0,-1
room_0148,train,0,4.299,1,0.267,0,-1
room_0148,train,1,4.486,1,0.886,0,-1
room_0148,train,2,3.577,0,0.188,0,-1
room_0148,train,3,5.047,0,0.179,0,-1
room_0148,train,4,4.115,0,0.181,0,-1
room_0148,train,5,4.761,0,0.226,0,-1
room_0148,train,6,4.108,1,0.23,0,-1
room_0148,train,7,4.006,0,0.114,0,-1
room_0148,train,8,3.946,1,0.283,0,-1
room_0148,train,9,3.964,0,0.2,0,-1
room_0149,test,0,3.75,0,0.21,1,11
room_0149,test,1,3.69,0,0.242,1,11
room_0149,test,2,3.975,0,0.199,1,11
room_0149,test,3,4.025,0,0.216,1,11
room_0149,test,4,3.867,0,0.283,1,11
room_0149,test,5,4.255,0,0.273,1,11
room_0149,test,6,4.44,0,0.16,1,11
room_0149,test,7,4.267,1,0.225,1,11
room_0149,test,8,3.317,0,0.222,1,11
room_0149,test,9,3.892,0,0.194,1,11
room_0149,test,10,3.944,0,0.122,1,11
room_0149,test,11,9.93,1,0.721,1,11
room_0149,test,12,3.326,0,0.234,1,11
room_0149,test,13,4.517,0,0.106,1,11
room_0149,test,14,4.069,0,0.181,1,11
room_0150,train,0,3.77,1,0.183,0,-1
room_0150,train,1,4.511,0,0.266,0,-1
room_0150,train,2,4.388,0,0.134,0,-1
room_0150,train,3,4.115,0,0.271,0,-1
room_0150,train,4,4.001,0,0.159,0,-1
room_0150,train,5,10.841,0,0.186,0,-1
room_0150,train,6,3.22,0,0.205,0,-1
room_0150,train,7,3.903,0,0.123,0,-1
room_0150,train,8,3.887,0,0.209,0,-1
room_0150,train,9,3.215,0,0.142,0,-1
room_0150,train,10,3.462,0,0.171,0,-1
room_0150,train,11,4.46,0,0.222,0,-1
room_0151,train,0,3.674,0,0.237,0,-1
room_0151,train,1,3.956,0,0.235,0,-1
room_0151,train,2,3.84,0,0.25,0,-1
room_0151,train,3,4.659,1,0.228,0,-1
room_0151,train,4,3.732,0,0.226,0,-1
room_0151,train,5,3.871,0,0.242,0,-1
room_0151,train,6,5.091,0,0.161,0,-1
room_0151,train,7,4.05,0,0.216,0,-1
room_0151,train,8,3.857,1,0.938,0,-1
room_0151,train,9,4.066,0,0.19,0,-1
room_0151,train,10,4.166,0,0.251,0,-1
room_0151,train,11,3.509,0,0.133,0,-1
room_0152,test,0,3.781,0,0.202,0,-1
room_0152,test,1,3.843,0,0.124,0,-1
room_0152,test,2,4.146,0,0.192,0,-1
room_0152,test,3,4.244,0,0.19,0,-1
room_0152,test,4,3.353,0,0.207,0,-1
room_0152,test,5,3.136,0,0.134,0,-1
room_0152,test,6,4.109,0,0.124,0,-1
room_0152,test,7,4.078,0,0.207,0,-1
room_0152,test,8,4.378,0,0.156,0,-1
room_0152,test,9,4.432,0,0.198,0,-1
room_0152,test,10,3.57,0,0.213,0,-1
room_0153,train,0,3.647,0,0.226,1,11
room_0153,train,1,2.962,0,0.175,1,11
room_0153,train,2,4.376,0,0.236,1,11
room_0153,train,3,4.629,0,0.227,1,11
room_0153,train,4,4.11,0,0.261,1,11
room_0153,train,5,4.344,0,0.155,1,11
room_0153,train,6,3.246,0,0.165,1,11
room_0153,train,7,3.678,0,0.201,1,11
room_0153,train,8,4.127,0,0.146,1,11
room_0153,train,9,4.285,0,0.18,1,11
room_0153,train,10,4.224,0,0.272,1,11
room_0153,train,11,10.223,1,0.936,1,11
room_0153,train,12,4.137,0,0.171,1,11
room_0154,train,0,3.678,0,0.115,1,1
room_0154,train,1,10.799,1,0.799,1,1
room_0154,train,2,4.148,0,0.195,1,1
room_0154,train,3,4.122,0,0.129,1,1
room_0154,train,4,3.792,0,0.256,1,1
room_0154,train,5,3.669,0,0.262,1,1
room_0154,train,6,4.34,0,0.204,1,1
room_0154,train,7,3.64,0,0.285,1,1
room_0154,train,8,3.705,0,0.169,1,1
room_0154,train,9,4.359,0,0.245,1,1
room_0154,train,10,4.45,0,0.197,1,1
room_0154,train,11,4.457,0,0.26,1,1
room_0154,train,12,3.874,0,0.38,1,1
room_0154,train,13,3.407,0,0.226,1,1
room_0154,train,14,3.965,0,0.152,1,1
room_0154,train,15,4.317,0,0.206,1,1
room_0154,train,16,3.535,0,0.271,1,1
room_0154,train,17,4.229,0,0.21,1,1
room_0155,train,0,4.579,1,0.159,1,2
room_0155,train,1,4.367,0,0.166,1,2
room_0155,train,2,9.979,1,0.874,1,2
room_0155,train,3,4.289,0,0.175,1,2
room_0155,train,4,4.282,0,0.235,1,2
room_0155,train,5,4.737,0,0.168,1,2
room_0155,train,6,4.813,0,0.205,1,2
room_0155,train,7,3.06,0,0.177,1,2
room_0155,train,8,4.494,0,0.259,1,2
room_0155,train,9,4.307,0,0.284,1,2
room_0155,train,10,3.145,0,0.253,1,2
room_0155,train,11,3.963,0,0.11,1,2
room_0155,train,12,4.008,0,0.161,1,2
room_0156,train,0,4.122,0,0.211,1,16
room_0156,train,1,3.921,0,0.315,1,16
room_0156,train,2,3.481,0,0.182,1,16
room_0156,train,3,3.855,0,0.109,1,16
room_0156,train,4,3.727,0,0.209,1,16
room_0156,train,5,3.58,0,0.157,1,16
room_0156,train,6,4.64,0,0.231,1,16
room_0156,train,7,4.347,0,0.231,1,16
room_0156,train,8,3.977,0,0.216,1,16
room_0156,train,9,4.013,0,0.158,1,16
room_0156,train,10,4.224,0,0.175,1,16
room_0156,train,11,4.352,0,0.229,1,16
room_0156,train,12,4.255,0,0.154,1,16
room_0156,train,13,4.57,0,0.174,1,16
room_0156,train,14,4.085,0,0.284,1,16
room_0156,train,15,4.237,0,0.178,1,16
room_0156,train,16,10.855,1,0.775,1,16
room_0156,train,17,4.371,1,0.192,1,16
room_0157,test,0,3.885,0,0.143,1,8
room_0157,test,1,3.494,0,0.204,1,8
room_0157,test,2,4.609,0,0.253,1,8
room_0157,test,3,4.366,0,0.156,1,8
room_0157,test,4,4.205,0,0.185,1,8
room_0157,test,5,3.94,1,0.172,1,8
room_0157,test,6,3.794,0,0.207,1,8
room_0157,test,7,5.26,0,0.231,1,8
room_0157,test,8,9.958,1,0.921,1,8
room_0157,test,9,4.663,1,0.247,1,8
room_0157,test,10,3.944,0,0.235,1,8
room_0157,test,11,3.21,0,0.184,1,8
room_0157,test,12,4.038,0,0.242,1,8
room_0157,test,13,4.49,0,0.247,1,8
room_0157,test,14,3.473,0,0.202,1,8
room_0157,test,15,4.374,0,0.231,1,8
room_0157,test,16,4.078,0,0.155,1,8
room_0157,test,17,3.593,0,0.142,1,8
room_0158,train,0,4.617,0,0.2,0,-1
room_0158,train,1,3.97,0,0.167,0,-1
room_0158,train,2,3.471,0,0.282,0,-1
room_0158,train,3,3.07,0,0.155,0,-1
room_0158,train,4,4.105,0,0.225,0,-1
room_0158,train,5,4.715,0,0.214,0,-1
room_0158,train,6,3.698,0,0.202,0,-1
room_0158,train,7,3.985,0,0.234,0,-1
room_0158,train,8,3.752,0,0.157,0,-1
room_0158,train,9,4.37,0,0.171,0,-1
room_0158,train,10,4.438,0,0.248,0,-1
room_0158,train,11,4.063,0,0.224,0,-1
room_0158,train,12,4.14,0,0.223,0,-1
room_0158,train,13,4.743,0,0.183,0,-1
room_0159,test,0,3.823,0,0.213,1,11
room_0159,test,1,4.381,0,0.287,1,11
room_0159,test,2,3.572,0,0.187,1,11
room_0159,test,3,3.589,0,0.234,1,11
room_0159,test,4,3.559,0,0.128,1,11
room_0159,test,5,3.85,0,0.156,1,11
room_0159,test,6,4.445,1,0.201,1,11
room_0159,test,7,4.313,0,0.247,1,11
room_0159,test,8,4.331,0,0.282,1,11
room_0159,test,9,4.433,0,0.2,1,11
room_0159,test,10,3.95,0,0.212,1,11
room_0159,test,11,9.647,1,0.95,1,11
room_0159,test,12,3.184,0,0.173,1,11
room_0159,test,13,4.029,0,0.271,1,11
room_0160,test,0,4.36,0,0.222,0,-1
room_0160,test,1,4.031,1,0.914,0,-1
room_0160,test,2,4.49,0,0.213,0,-1
room_0160,test,3,3.534,0,0.221,0,-1
room_0160,test,4,3.71,0,0.257,0,-1
room_0160,test,5,4.063,0,0.221,0,-1
room_0160,test,6,3.747,0,0.262,0,-1
room_0160,test,7,3.761,0,0.141,0,-1
room_0160,test,8,4.564,0,0.137,0,-1
room_0160,test,9,3.117,0,0.238,0,-1
room_0160,test,10,4.412,0,0.191,0,-1
room_0160,test,11,4.298,0,0.308,0,-1
room_0160,test,12,4.52,0,0.205,0,-1
room_0160,test,13,4.574,0,0.25,0,-1
room_0161,train,0,3.833,0,0.194,1,4
room_0161,train,1,4.091,0,0.221,1,4
room_0161,train,2,4.302,0,0.224,1,4
room_0161,train,3,3.92,0,0.195,1,4
room_0161,train,4,10.024,1,0.841,1,4
room_0161,train,5,3.346,0,0.131,1,4
room_0161,train,6,4.786,0,0.241,1,4
room_0161,train,7,4.138,0,0.235,1,4
room_0161,train,8,4.381,0,0.175,1,4
room_0161,train,9,4.146,0,0.122,1,4
room_0161,train,10,4.057,0,0.245,1,4
room_0161,train,11,3.695,0,0.193,1,4
room_0161,train,12,4.238,0,0.204,1,4
room_0161,train,13,3.676,0,0.192,1,4
room_0162,train,0,3.784,0,0.148,1,1
room_0162,train,1,9.639,1,0.835,1,1
room_0162,train,2,3.697,0,0.2,1,1
room_0162,train,3,3.894,0,0.071,1,1
room_0162,train,4,4.357,0,0.235,1,1
room_0162,train,5,3.238,0,0.21,1,1
room_0162,train,6,4.06,1,0.183,1,1
room_0162,train,7,4.634,0,0.192,1,1
room_0162,train,8,4.267,0,0.231,1,1
room_0162,train,9,3.732,0,0.206,1,1
room_0162,train,10,4.345,0,0.26,1,1
room_0162,train,11,3.887,0,0.136,1,1
room_0162,train,12,4.301,0,0.206,1,1
room_0162,train,13,4.146,0,0.184,1,1
room_0162,train,14,3.893,0,0.184,1,1
room_0162,train,15,4.228,0,0.242,1,1
room_0162,train,16,3.54,0,0.168,1,1
room_0163,train,0,4.755,0,0.173,1,5
room_0163,train,1,4.596,0,0.276,1,5
room_0163,train,2,4.306,0,0.2,1,5
room_0163,train,3,3.19,0,0.184,1,5
room_0163,train,4,4.68,0,0.209,1,5
room_0163,train,5,9.493,1,0.855,1,5
room_0163,train,6,3.578,0,0.193,1,5
room_0163,train,7,4.063,0,0.124,1,5
room_0163,train,8,3.707,1,0.312,1,5
room_0163,train,9,3.818,0,0.181,1,5
room_0163,train,10,4.705,0,0.198,1,5
room_0163,train,11,4.258,0,0.268,1,5
room_0164,train,0,4.691,0,0.123,0,-1
room_0164,train,1,3.909,1,0.179,0,-1
room_0164,train,2,5.041,0,0.288,0,-1
room_0164,train,3,3.282,1,0.247,0,-1
room_0164,train,4,3.962,1,0.231,0,-1
room_0164,train,5,3.74,0,0.198,0,-1
room_0164,train,6,4.436,0,0.209,0,-1
room_0164,train,7,3.151,0,0.174,0,-1
room_0164,train,8,3.117,0,0.199,0,-1
room_0164,train,9,4.059,0,0.166,0,-1
room_0164,train,10,4.503,0,0.185,0,-1
room_0164,train,11,3.507,0,0.223,0,-1
room_0164,train,12,3.6,0,0.237,0,-1
room_0164,train,13,3.205,0,0.164,0,-1
room_0164,train,14,3.864,0,0.192,0,-1
room_0164,train,15,3.814,0,0.179,0,-1
room_0164,train,16,4.39,0,0.098,0,-1
room_0164,train,17,3.51,0,0.298,0,-1
room_0165,test,0,4.121,0,0.209,0,-1
room_0165,test,1,3.91,0,0.216,0,-1
room_0165,test,2,3.986,0,0.228,0,-1
room_0165,test,3,10.887,0,0.187,0,-1
room_0165,test,4,4.276,0,0.186,0,-1
room_0165,test,5,3.762,0,0.192,0,-1
room_0165,test,6,4.393,0,0.207,0,-1
room_0165,test,7,3.696,0,0.182,0,-1
room_0166,train,0,4.344,0,0.25,1,6
room_0166,train,1,4.075,1,0.151,1,6
room_0166,train,2,4.154,0,0.271,1,6
room_0166,train,3,4.38,0,0.193,1,6
room_0166,train,4,4.187,0,0.233,1,6
room_0166,train,5,3.463,0,0.177,1,6
room_0166,train,6,9.264,1,0.737,1,6
room_0166,train,7,4.145,0,0.23,1,6
room_0166,train,8,3.874,0,0.27,1,6
room_0166,train,9,4.121,0,0.253,1,6
room_0167,train,0,3.398,0,0.141,0,-1
room_0167,train,1,3.767,0,0.181,0,-1
room_0167,train,2,4.231,0,0.232,0,-1
room_0167,train,3,3.904,0,0.182,0,-1
room_0167,train,4,4.187,0,0.273,0,-1
room_0167,train,5,3.587,1,0.219,0,-1
room_0167,train,6,3.991,0,0.155,0,-1
room_0167,train,7,3.895,0,0.135,0,-1
room_0167,train,8,4.475,0,0.207,0,-1
room_0167,train,9,4.795,0,0.161,0,-1
room_0167,train,10,4.108,0,0.129,0,-1
room_0167,train,11,3.808,0,0.192,0,-1
room_0168,train,0,3.586,1,0.156,0,-1
room_0168,train,1,4.066,0,0.203,0,-1
room_0168,train,2,3.992,0,0.121,0,-1
room_0168,train,3,3.925,0,0.239,0,-1
room_0168,train,4,4.237,0,0.217,0,-1
room_0168,train,5,10.635,0,0.233,0,-1
room_0168,train,6,3.807,1,0.231,0,-1
room_0168,train,7,4.082,0,0.204,0,-1
room_0168,train,8,4.43,0,0.214,0,-1
room_0168,train,9,4.688,1,0.202,0,-1
room_0168,train,10,3.356,0,0.186,0,-1
room_0168,train,11,4.058,0,0.207,0,-1
room_0168,train,12,3.669,0,0.153,0,-1
room_0169,train,0,3.621,0,0.206,1,3
room_0169,train,1,4.071,0,0.246,1,3
room_0169,train,2,4.105,0,0.173,1,3
room_0169,train,3,9.984,1,0.935,1,3
room_0169,train,4,3.379,0,0.211,1,3
room_0169,train,5,3.813,0,0.322,1,3
room_0169,train,6,4.18,0,0.173,1,3
room_0169,train,7,4.415,0,0.129,1,3
room_0169,train,8,3.784,0,0.273,1,3
room_0170,train,0,4.34,0,0.262,1,13
room_0170,train,1,3.788,0,0.217,1,13
room_0170,train,2,4.343,0,0.201,1,13
room_0170,train,3,3.495,0,0.291,1,13
room_0170,train,4,4.458,0,0.169,1,13
room_0170,train,5,4.221,0,0.193,1,13
room_0170,train,6,3.936,0,0.106,1,13
room_0170,train,7,3.542,1,0.137,1,13
room_0170,train,8,3.522,0,0.05,1,13
room_0170,train,9,4.728,0,0.215,1,13
room_0170,train,10,3.601,0,0.171,1,13
room_0170,train,11,4.313,0,0.273,1,13
room_0170,train,12,3.446,0,0.238,1,13
room_0170,train,13,10.445,1,0.878,1,13
room_0170,train,14,4.065,0,0.232,1,13
room_0171,train,0,4.636,0,0.142,1,12
room_0171,train,1,3.96,0,0.201,1,12
room_0171,train,2,4.293,0,0.257,1,12
room_0171,train,3,4.034,1,0.226,1,12
room_0171,train,4,2.963,0,0.161,1,12
room_0171,train,5,4.338,0,0.247,1,12
room_0171,train,6,4.593,0,0.215,1,12
room_0171,train,7,4.092,0,0.178,1,12
room_0171,train,8,3.565,1,0.166,1,12
room_0171,train,9,4.471,0,0.194,1,12
room_0171,train,10,4.455,0,0.198,1,12
room_0171,train,11,3.758,0,0.205,1,12
room_0171,train,12,9.252,1,0.807,1,12
room_0171,train,13,4.121,1,0.209,1,12
room_0171,train,14,3.567,0,0.215,1,12
room_0171,train,15,3.333,0,0.145,1,12
room_0171,train,16,3.988,0,0.239,1,12
room_0171,train,17,3.279,1,0.192,1,12
room_0172,train,0,4.025,0,0.145,0,-1
room_0172,train,1,4.45,1,0.85,0,-1
room_0172,train,2,3.592,0,0.249,0,-1
room_0172,train,3,3.92,0,0.282,0,-1
room_0172,train,4,3.939,0,0.12,0,-1
room_0172,train,5,4.173,0,0.229,0,-1
room_0172,train,6,4.521,0,0.064,0,-1
room_0172,train,7,4.006,0,0.268,0,-1
room_0173,train,0,3.378,0,0.237,1,1
room_0173,train,1,9.4,1,0.753,1,1
room_0173,train,2,4.237,0,0.161,1,1
room_0173,train,3,3.756,0,0.167,1,1
room_0173,train,4,4.668,0,0.156,1,1
room_0173,train,5,4.065,0,0.166,1,1
room_0173,train,6,3.946,0,0.233,1,1
room_0173,train,7,4.126,0,0.231,1,1
room_0174,train,0,4.52,0,0.253,0,-1
room_0174,train,1,3.253,0,0.204,0,-1
room_0174,train,2,3.699,0,0.219,0,-1
room_0174,train,3,4.071,0,0.206,0,-1
room_0174,train,4,4.344,0,0.209,0,-1
room_0174,train,5,4.235,0,0.226,0,-1
room_0174,train,6,4.824,0,0.154,0,-1
room_0174,train,7,4.33,0,0.213,0,-1
room_0174,train,8,3.871,0,0.193,0,-1
room_0174,train,9,4.809,0,0.225,0,-1
room_0174,train,10,10.153,0,0.147,0,-1
room_0174,train,11,3.72,0,0.198,0,-1
room_0174,train,12,3.862,0,0.264,0,-1
room_0174,train,13,4.319,0,0.191,0,-1
room_0174,train,14,3.97,0,0.276,0,-1
room_0175,train,0,3.696,0,0.232,1,6
room_0175,train,1,2.943,0,0.185,1,6
room_0175,train,2,3.998,0,0.193,1,6
room_0175,train,3,3.751,0,0.179,1,6
room_0175,train,4,4.905,0,0.328,1,6
room_0175,train,5,4.554,0,0.2,1,6
room_0175,train,6,10.738,1,0.902,1,6
room_0175,train,7,3.97,0,0.218,1,6
room_0175,train,8,3.865,0,0.192,1,6
room_0175,train,9,3.544,0,0.132,1,6
room_0176,train,0,4.313,0,0.172,0,-1
room_0176,train,1,4.655,1,0.218,0,-1
room_0176,train,2,3.698,0,0.19,0,-1
room_0176,train,3,4.269,0,0.13,0,-1
room_0176,train,4,4.039,0,0.255,0,-1
room_0176,train,5,3.772,0,0.152,0,-1
room_0176,train,6,3.135,1,0.158,0,-1
room_0176,train,7,4.254,0,0.185,0,-1
room_0177,test,0,4.424,0,0.27,1,2
room_0177,test,1,4.407,0,0.165,1,2
room_0177,test,2,9.06,1,0.779,1,2
room_0177,test,3,4.162,0,0.173,1,2
room_0177,test,4,3.765,0,0.193,1,2
room_0177,test,5,3.876,0,0.246,1,2
room_0177,test,6,4.086,0,0.158,1,2
room_0177,test,7,3.702,0,0.187,1,2
room_0177,test,8,3.869,0,0.181,1,2
room_0177,test,9,4.184,0,0.269,1,2
room_0177,test,10,4.074,1,0.174,1,2
room_0177,test,11,3.494,0,0.15,1,2
room_0177,test,12,3.989,0,0.237,1,2
room_0177,test,13,4.077,0,0.322,1,2
room_0178,train,0,3.677,1,0.22,1,5
room_0178,train,1,4.089,0,0.164,1,5
room_0178,train,2,3.794,0,0.14,1,5
room_0178,train,3,3.651,0,0.155,1,5
room_0178,train,4,3.796,0,0.228,1,5
room_0178,train,5,10.617,1,0.873,1,5
room_0178,train,6,3.748,0,0.145,1,5
room_0178,train,7,4.147,0,0.202,1,5
room_0178,train,8,4.152,0,0.251,1,5
room_0178,train,9,4.065,0,0.205,1,5
room_0179,test,0,3.82,0,0.149,1,2
room_0179,test,1,3.621,0,0.225,1,2
room_0179,test,2,9.752,1,0.917,1,2
room_0179,test,3,3.207,0,0.2,1,2
room_0179,test,4,4.057,0,0.127,1,2
room_0179,test,5,4.137,0,0.258,1,2
room_0179,test,6,4.177,0,0.141,1,2
room_0179,test,7,4.363,0,0.272,1,2
room_0179,test,8,4.209,0,0.149,1,2
room_0180,train,0,4.487,0,0.172,1,11
room_0180,train,1,4.146,0,0.181,1,11
room_0180,train,2,3.945,0,0.221,1,11
room_0180,train,3,3.885,0,0.3,1,11
room_0180,train,4,4.267,0,0.225,1,11
room_0180,train,5,3.65,0,0.195,1,11
room_0180,train,6,4.603,0,0.186,1,11
room_0180,train,7,4.726,0,0.232,1,11
room_0180,train,8,3.197,0,0.171,1,11
room_0180,train,9,4.772,0,0.203,1,11
room_0180,train,10,3.731,0,0.144,1,11
room_0180,train,11,10.109,1,0.829,1,11
room_0180,train,12,4.078,0,0.2,1,11
room_0180,train,13,4.065,0,0.13,1,11
room_0180,train,14,4.841,0,0.204,1,11
room_0180,train,15,4.201,0,0.141,1,11
room_0181,train,0,3.835,0,0.136,0,-1
room_0181,train,1,3.964,0,0.232,0,-1
room_0181,train,2,4.265,1,0.83,0,-1
room_0181,train,3,4.217,0,0.307,0,-1
room_0181,train,4,3.565,0,0.218,0,-1
room_0181,train,5,4.117,0,0.194,0,-1
room_0181,train,6,4.029,0,0.231,0,-1
room_0181,train,7,4.701,0,0.233,0,-1
room_0181,train,8,4.559,1,0.158,0,-1
room_0181,train,9,3.962,0,0.237,0,-1
room_0182,train,0,4.926,0,0.195,1,8
room_0182,train,1,4.503,0,0.201,1,8
room_0182,train,2,3.963,0,0.244,1,8
room_0182,train,3,4.714,0,0.207,1,8
room_0182,train,4,4.409,0,0.151,1,8
room_0182,train,5,4.097,0,0.153,1,8
room_0182,train,6,3.775,0,0.196,1,8
room_0182,train,7,4.685,0,0.154,1,8
room_0182,train,8,9.321,1,0.768,1,8
room_0182,train,9,4.894,0,0.184,1,8
room_0182,train,10,4.471,0,0.15,1,8
room_0183,train,0,3.683,1,0.162,1,3
room_0183,train,1,4.431,0,0.244,1,3
room_0183,train,2,3.699,0,0.095,1,3
room_0183,train,3,9.883,1,0.944,1,3
room_0183,train,4,4.512,0,0.221,1,3
room_0183,train,5,3.625,1,0.222,1,3
room_0183,train,6,3.87,0,0.247,1,3
room_0183,train,7,4.045,0,0.199,1,3
room_0183,train,8,3.478,0,0.23,1,3
room_0183,train,9,4.401,0,0.261,1,3
room_0183,train,10,4.275,0,0.203,1,3
room_0183,train,11,3.953,0,0.221,1,3
room_0183,train,12,3.811,0,0.144,1,3
room_0183,train,13,3.744,0,0.244,1,3
room_0183,train,14,3.764,0,0.259,1,3
room_0183,train,15,4.292,0,0.117,1,3
room_0183,train,16,4.487,0,0.234,1,3
room_0184,test,0,4.423,0,0.18,1,8
room_0184,test,1,3.715,0,0.252,1,8
room_0184,test,2,4.25,0,0.212,1,8
room_0184,test,3,4.062,0,0.227,1,8
room_0184,test,4,4.572,0,0.145,1,8
room_0184,test,5,3.777,0,0.262,1,8
room_0184,test,6,3.67,0,0.19,1,8
room_0184,test,7,4.114,0,0.289,1,8
room_0184,test,8,10.789,1,0.921,1,8
room_0184,test,9,4.023,0,0.14,1,8
room_0185,train,0,3.923,0,0.198,0,-1
room_0185,train,1,5.164,0,0.174,0,-1
room_0185,train,2,4.038,0,0.146,0,-1
room_0185,train,3,3.58,0,0.222,0,-1
room_0185,train,4,4.162,0,0.223,0,-1
room_0185,train,5,4.177,0,0.228,0,-1
room_0185,train,6,4.051,0,0.149,0,-1
room_0185,train,7,4.402,0,0.202,0,-1
room_0185,train,8,4.562,1,0.271,0,-1
room_0185,train,9,4.736,0,0.245,0,-1
room_0186,train,0,3.894,0,0.143,1,7
room_0186,train,1,4.426,0,0.157,1,7
room_0186,train,2,3.019,0,0.194,1,7
room_0186,train,3,3.497,0,0.104,1,7
room_0186,train,4,4.488,0,0.145,1,7
room_0186,train,5,3.834,0,0.2,1,7
room_0186,train,6,4.071,0,0.174,1,7
room_0186,train,7,9.163,1,0.771,1,7
room_0186,train,8,3.882,0,0.18,1,7
room_0186,train,9,3.516,0,0.191,1,7
room_0186,train,10,4.199,0,0.259,1,7
room_0186,train,11,4.827,0,0.171,1,7
room_0186,train,12,3.047,0,0.19,1,7
room_0186,train,13,4.032,0,0.119,1,7
room_0187,train,0,4.098,0,0.148,0,-1
room_0187,train,1,4.186,0,0.183,0,-1
room_0187,train,2,4.18,0,0.23,0,-1
room_0187,train,3,4.62,0,0.154,0,-1
room_0187,train,4,4.284,0,0.228,0,-1
room_0187,train,5,4.081,1,0.777,0,-1
room_0187,train,6,4.018,0,0.164,0,-1
room_0187,train,7,4.185,0,0.242,0,-1
room_0187,train,8,4.259,0,0.236,0,-1
room_0187,train,9,3.509,0,0.23,0,-1
room_0188,train,0,4.497,1,0.207,1,14
room_0188,train,1,3.779,0,0.211,1,14
room_0188,train,2,3.543,0,0.229,1,14
room_0188,train,3,4.533,0,0.242,1,14
room_0188,train,4,3.909,0,0.23,1,14
room_0188,train,5,4.42,0,0.25,1,14
room_0188,train,6,3.707,0,0.218,1,14
room_0188,train,7,4.497,0,0.213,1,14
room_0188,train,8,3.991,0,0.127,1,14
room_0188,train,9,4.087,0,0.228,1,14
room_0188,train,10,3.722,1,0.167,1,14
room_0188,train,11,3.911,0,0.207,1,14
room_0188,train,12,3.928,0,0.182,1,14
room_0188,train,13,3.737,0,0.221,1,14
room_0188,train,14,9.293,1,0.781,1,14
room_0188,train,15,4.103,0,0.195,1,14
room_0188,train,16,4.845,1,0.196,1,14
room_0189,train,0,3.905,0,0.194,1,9
room_0189,train,1,4.329,0,0.215,1,9
room_0189,train,2,4.173,0,0.124,1,9
room_0189,train,3,3.316,0,0.204,1,9
room_0189,train,4,3.918,0,0.249,1,9
room_0189,train,5,3.253,0,0.251,1,9
room_0189,train,6,2.771,0,0.245,1,9
room_0189,train,7,4.073,0,0.223,1,9
room_0189,train,8,4.079,0,0.21,1,9
room_0189,train,9,10.044,1,0.729,1,9
room_0189,train,10,4.426,0,0.244,1,9
room_0189,train,11,4.261,0,0.166,1,9
room_0189,train,12,3.072,0,0.171,1,9
room_0189,train,13,3.481,0,0.134,1,9
room_0189,train,14,2.996,0,0.184,1,9
room_0189,train,15,4.456,1,0.141,1,9
room_0189,train,16,4.01,0,0.171,1,9
room_0189,train,17,3.552,0,0.13,1,9
room_0190,train,0,3.891,0,0.099,0,-1
room_0190,train,1,4.239,0,0.176,0,-1
room_0190,train,2,4.836,0,0.29,0,-1
room_0190,train,3,3.792,0,0.173,0,-1
room_0190,train,4,4.051,0,0.205,0,-1
room_0190,train,5,4.112,0,0.18,0,-1
room_0190,train,6,4.735,0,0.13,0,-1
room_0190,train,7,3.852,0,0.203,0,-1
room_0190,train,8,3.969,1,0.202,0,-1
room_0190,train,9,3.559,0,0.272,0,-1
room_0190,train,10,4.053,0,0.302,0,-1
room_0190,train,11,3.929,1,0.759,0,-1
room_0190,train,12,4.237,0,0.165,0,-1
room_0190,train,13,4.157,0,0.211,0,-1
room_0191,train,0,4.064,0,0.21,1,4
room_0191,train,1,3.463,1,0.192,1,4
room_0191,train,2,3.369,0,0.335,1,4
room_0191,train,3,4.074,0,0.181,1,4
room_0191,train,4,9.324,1,0.87,1,4
room_0191,train,5,3.586,0,0.304,1,4
room_0191,train,6,3.59,0,0.162,1,4
room_0191,train,7,4.463,0,0.28,1,4
room_0191,train,8,4.715,0,0.192,1,4
room_0191,train,9,3.417,0,0.223,1,4
room_0192,train,0,4.854,0,0.194,0,-1
room_0192,train,1,3.802,0,0.22,0,-1
room_0192,train,2,4.111,0,0.155,0,-1
room_0192,train,3,4.311,0,0.164,0,-1
room_0192,train,4,4.282,0,0.157,0,-1
room_0192,train,5,4.003,0,0.285,0,-1
room_0192,train,6,3.917,0,0.188,0,-1
room_0192,train,7,4.426,0,0.184,0,-1
room_0192,train,8,4.257,0,0.219,0,-1
room_0192,train,9,3.942,0,0.22,0,-1
room_0192,train,10,4.374,0,0.274,0,-1
room_0192,train,11,4.651,0,0.237,0,-1
room_0192,train,12,3.635,0,0.124,0,-1
room_0192,train,13,3.984,0,0.224,0,-1
room_0192,train,14,3.799,0,0.177,0,-1
room_0192,train,15,10.016,0,0.181,0,-1
room_0192,train,16,4.084,0,0.216,0,-1
room_0192,train,17,4.007,1,0.275,0,-1
room_0193,train,0,3.514,0,0.229,0,-1
room_0193,train,1,4.147,0,0.178,0,-1
room_0193,train,2,3.678,0,0.146,0,-1
room_0193,train,3,3.846,0,0.21,0,-1
room_0193,train,4,3.919,0,0.146,0,-1
room_0193,train,5,3.871,0,0.239,0,-1
room_0193,train,6,3.928,1,0.81,0,-1
room_0193,train,7,3.897,0,0.214,0,-1
room_0193,train,8,4.016,0,0.099,0,-1
room_0193,train,9,3.308,0,0.154,0,-1
room_0193,train,10,4.449,0,0.145,0,-1
room_0194,train,0,4.158,0,0.219,0,-1
room_0194,train,1,3.666,0,0.15,0,-1
room_0194,train,2,3.516,0,0.131,0,-1
room_0194,train,3,3.987,0,0.226,0,-1
room_0194,train,4,4.293,0,0.208,0,-1
room_0194,train,5,3.873,0,0.231,0,-1
room_0194,train,6,3.83,0,0.147,0,-1
room_0194,train,7,3.533,1,0.234,0,-1
room_0194,train,8,3.715,0,0.16,0,-1
room_0194,train,9,4.078,1,0.153,0,-1
room_0194,train,10,3.887,0,0.202,0,-1
room_0194,train,11,3.686,0,0.243,0,-1
room_0195,train,0,3.986,0,0.212,1,11
room_0195,train,1,4.431,0,0.274,1,11
room_0195,train,2,4.263,0,0.222,1,11
room_0195,train,3,4.306,0,0.188,1,11
room_0195,train,4,4.067,0,0.199,1,11
room_0195,train,5,3.323,0,0.211,1,11
room_0195,train,6,3.897,0,0.217,1,11
room_0195,train,7,4.8,0,0.287,1,11
room_0195,train,8,3.795,0,0.204,1,11
room_0195,train,9,4.52,1,0.193,1,11
room_0195,train,10,4.068,0,0.261,1,11
room_0195,train,11,9.677,1,0.746,1,11
room_0195,train,12,4.609,0,0.221,1,11
room_0195,train,13,4.244,0,0.192,1,11
room_0195,train,14,4.515,0,0.198,1,11
room_0196,train,0,3.62,0,0.131,0,-1
room_0196,train,1,4.292,1,0.89,0,-1
room_0196,train,2,3.802,0,0.249,0,-1
room_0196,train,3,4.468,0,0.207,0,-1
room_0196,train,4,3.123,0,0.261,0,-1
room_0196,train,5,4.023,0,0.245,0,-1
room_0196,train,6,3.488,0,0.133,0,-1
room_0196,train,7,4.367,0,0.232,0,-1
room_0196,train,8,4.005,0,0.159,0,-1
room_0196,train,9,3.604,0,0.174,0,-1
room_0196,train,10,3.352,0,0.254,0,-1
room_0196,train,11,4.083,1,0.25,0,-1
room_0196,train,12,4.59,0,0.209,0,-1
room_0196,train,13,4.09,0,0.142,0,-1
room_0196,train,14,3.781,0,0.243,0,-1
room_0196,train,15,3.1,0,0.262,0,-1
room_0197,train,0,3.615,0,0.195,1,12
room_0197,train,1,3.517,0,0.147,1,12
room_0197,train,2,3.945,0,0.162,1,12
room_0197,train,3,3.674,0,0.202,1,12
room_0197,train,4,3.932,0,0.154,1,12
room_0197,train,5,5.057,0,0.145,1,12
room_0197,train,6,4.467,1,0.259,1,12
room_0197,train,7,4.519,0,0.222,1,12
room_0197,train,8,3.937,0,0.194,1,12
room_0197,train,9,4.294,0,0.254,1,12
room_0197,train,10,3.844,0,0.179,1,12
room_0197,train,11,4.3,0,0.21,1,12
room_0197,train,12,9.642,1,0.812,1,12
room_0197,train,13,3.578,1,0.109,1,12
room_0198,test,0,3.648,0,0.192,1,7
room_0198,test,1,4.121,0,0.158,1,7
room_0198,test,2,3.72,0,0.166,1,7
room_0198,test,3,4.157,1,0.26,1,7
room_0198,test,4,3.318,0,0.149,1,7
room_0198,test,5,3.778,0,0.131,1,7
room_0198,test,6,4.357,0,0.192,1,7
room_0198,test,7,9.476,1,0.77,1,7
room_0198,test,8,3.494,0,0.208,1,7
room_0198,test,9,4.392,0,0.174,1,7
room_0198,test,10,4.211,0,0.296,1,7
room_0199,train,0,3.778,0,0.283,0,-1
room_0199,train,1,4.129,0,0.142,0,-1
room_0199,train,2,3.652,0,0.176,0,-1
room_0199,train,3,4.23,1,0.223,0,-1
room_0199,train,4,4.393,0,0.2,0,-1
room_0199,train,5,4.415,0,0.214,0,-1
room_0199,train,6,3.489,0,0.208,0,-1
room_0199,train,7,4.452,1,0.914,0,-1
room_0199,train,8,3.922,0,0.174,0,-1
room_0199,train,9,4.451,0,0.3,0,-1
room_0199,train,10,3.805,0,0.256,0,-1
room_0199,train,11,4.03,0,0.166,0,-1
room_0199,train,12,3.825,0,0.212,0,-1
room_0200,train,0,3.607,0,0.323,0,-1
room_0200,train,1,4.39,0,0.183,0,-1
room_0200,train,2,4.439,0,0.159,0,-1
room_0200,train,3,3.137,0,0.263,0,-1
room_0200,train,4,4.03,0,0.186,0,-1
room_0200,train,5,4.383,0,0.209,0,-1
room_0200,train,6,3.737,0,0.236,0,-1
room_0200,train,7,3.839,0,0.236,0,-1
room_0201,train,0,4.063,0,0.208,0,-1
room_0201,train,1,4.437,0,0.177,0,-1
room_0201,train,2,4.238,0,0.243,0,-1
room_0201,train,3,4.128,0,0.119,0,-1
room_0201,train,4,2.678,0,0.148,0,-1
room_0201,train,5,4.328,0,0.241,0,-1
room_0201,train,6,4.182,0,0.21,0,-1
room_0201,train,7,10.951,0,0.219,0,-1
room_0201,train,8,3.447,0,0.229,0,-1
room_0201,train,9,4.463,0,0.187,0,-1
room_0201,train,10,4.671,1,0.262,0,-1
room_0201,train,11,4.201,0,0.225,0,-1
room_0201,train,12,4.083,0,0.127,0,-1
room_0201,train,13,4.632,0,0.214,0,-1
room_0202,train,0,4.871,0,0.201,0,-1
room_0202,train,1,4.539,0,0.176,0,-1
room_0202,train,2,4.511,1,0.201,0,-1
room_0202,train,3,4.12,0,0.224,0,-1
room_0202,train,4,4.153,1,0.14,0,-1
room_0202,train,5,3.791,0,0.19,0,-1
room_0202,train,6,3.855,0,0.217,0,-1
room_0202,train,7,3.939,0,0.219,0,-1
room_0202,train,8,3.884,0,0.127,0,-1
room_0202,train,9,4.151,1,0.83,0,-1
room_0202,train,10,4.298,0,0.275,0,-1
room_0202,train,11,3.391,0,0.223,0,-1
room_0203,train,0,3.926,0,0.143,1,14
room_0203,train,1,3.526,0,0.238,1,14
room_0203,train,2,3.979,0,0.222,1,14
room_0203,train,3,3.891,0,0.166,1,14
room_0203,train,4,4.037,0,0.183,1,14
room_0203,train,5,4.421,1,0.241,1,14
room_0203,train,6,4.006,0,0.077,1,14
room_0203,train,7,4.271,0,0.203,1,14
room_0203,train,8,3.181,0,0.235,1,14
room_0203,train,9,3.913,1,0.191,1,14
room_0203,train,10,4.594,0,0.177,1,14
room_0203,train,11,3.593,0,0.209,1,14
room_0203,train,12,4.027,0,0.237,1,14
room_0203,train,13,3.892,0,0.187,1,14
room_0203,train,14,9.988,1,0.758,1,14
room_0203,train,15,4.468,0,0.183,1,14
room_0203,train,16,3.92,0,0.23,1,14
room_0204,train,0,4.073,0,0.183,0,-1
room_0204,train,1,4.536,0,0.212,0,-1
room_0204,train,2,10.954,0,0.23,0,-1
room_0204,train,3,3.521,0,0.134,0,-1
room_0204,train,4,4.441,0,0.155,0,-1
room_0204,train,5,4.653,0,0.117,0,-1
room_0204,train,6,4.1,0,0.182,0,-1
room_0204,train,7,4.141,0,0.154,0,-1
room_0204,train,8,4.92,0,0.185,0,-1
room_0204,train,9,4.47,0,0.16,0,-1
room_0204,train,10,4.092,0,0.252,0,-1
room_0204,train,11,3.915,0,0.206,0,-1
room_0204,train,12,4.574,0,0.21,0,-1
room_0204,train,13,3.705,0,0.194,0,-1
room_0204,train,14,3.76,0,0.201,0,-1
room_0205,test,0,4.412,0,0.247,0,-1
room_0205,test,1,3.315,0,0.25,0,-1
room_0205,test,2,4.128,0,0.21,0,-1
room_0205,test,3,3.766,0,0.199,0,-1
room_0205,test,4,4.457,0,0.237,0,-1
room_0205,test,5,3.195,0,0.191,0,-1
room_0205,test,6,4.763,0,0.223,0,-1
room_0205,test,7,4.072,0,0.152,0,-1
room_0205,test,8,4.167,0,0.238,0,-1
room_0205,test,9,4.164,1,0.804,0,-1
room_0205,test,10,4.207,0,0.225,0,-1
room_0205,test,11,4.344,0,0.164,0,-1
room_0205,test,12,4.018,0,0.232,0,-1
room_0206,train,0,3.8,0,0.245,1,2
room_0206,train,1,4.422,1,0.141,1,2
room_0206,train,2,9.356,1,0.923,1,2
room_0206,train,3,4.6,1,0.205,1,2
room_0206,train,4,5.161,0,0.175,1,2
room_0206,train,5,4.29,0,0.167,1,2
room_0206,train,6,3.839,0,0.201,1,2
room_0206,train,7,3.417,0,0.201,1,2
room_0206,train,8,3.894,0,0.181,1,2
room_0206,train,9,3.984,0,0.177,1,2
room_0206,train,10,4.609,0,0.233,1,2
room_0206,train,11,4.53,0,0.189,1,2
room_0206,train,12,4.099,0,0.195,1,2
room_0206,train,13,3.77,1,0.219,1,2
room_0206,train,14,4.107,0,0.126,1,2
room_0207,train,0,3.862,0,0.208,0,-1
room_0207,train,1,3.801,0,0.191,0,-1
room_0207,train,2,4.323,1,0.232,0,-1
room_0207,train,3,10.117,0,0.112,0,-1
room_0207,train,4,3.713,0,0.18,0,-1
room_0207,train,5,3.754,0,0.215,0,-1
room_0207,train,6,3.939,0,0.286,0,-1
room_0207,train,7,3.298,0,0.2,0,-1
room_0207,train,8,4.479,0,0.214,0,-1
room_0207,train,9,3.087,0,0.127,0,-1
room_0207,train,10,4.353,0,0.144,0,-1
room_0207,train,11,2.915,0,0.227,0,-1
room_0208,train,0,4.06,0,0.175,1,14
room_0208,train,1,3.555,0,0.149,1,14
room_0208,train,2,3.856,0,0.217,1,14
room_0208,train,3,4.125,0,0.123,1,14
room_0208,train,4,3.819,0,0.229,1,14
room_0208,train,5,4.575,0,0.191,1,14
room_0208,train,6,4.506,1,0.187,1,14
room_0208,train,7,4.481,0,0.222,1,14
room_0208,train,8,3.647,0,0.145,1,14
room_0208,train,9,4.111,0,0.196,1,14
room_0208,train,10,3.777,0,0.208,1,14
room_0208,train,11,4.213,0,0.221,1,14
room_0208,train,12,3.512,0,0.282,1,14
room_0208,train,13,3.886,0,0.208,1,14
room_0208,train,14,9.499,1,0.862,1,14
room_0208,train,15,4.083,0,0.248,1,14
room_0209,test,0,4.934,0,0.193,1,7
room_0209,test,1,3.807,0,0.206,1,7
room_0209,test,2,4.748,0,0.188,1,7
room_0209,test,3,3.528,0,0.123,1,7
room_0209,test,4,4.225,0,0.252,1,7
room_0209,test,5,4.172,0,0.303,1,7
room_0209,test,6,3.226,0,0.188,1,7
room_0209,test,7,10.262,1,0.835,1,7
room_0209,test,8,4.054,0,0.144,1,7
room_0209,test,9,3.914,0,0.205,1,7
room_0210,train,0,3.762,0,0.239,1,3
room_0210,train,1,4.398,0,0.184,1,3
room_0210,train,2,4.747,0,0.211,1,3
room_0210,train,3,10.802,1,0.829,1,3
room_0210,train,4,4.57,0,0.234,1,3
room_0210,train,5,3.915,0,0.206,1,3
room_0210,train,6,4.158,0,0.188,1,3
room_0210,train,7,4.434,0,0.226,1,3
room_0211,test,0,3.956,0,0.18,0,-1
room_0211,test,1,3.973,0,0.183,0,-1
room_0211,test,2,3.773,0,0.195,0,-1
room_0211,test,3,4.195,0,0.25,0,-1
room_0211,test,4,3.723,1,0.773,0,-1
room_0211,test,5,4.183,0,0.24,0,-1
room_0211,test,6,4.324,0,0.195,0,-1
room_0211,test,7,4.182,0,0.176,0,-1
room_0212,test,0,4.601,0,0.231,1,9
room_0212,test,1,4.307,0,0.169,1,9
room_0212,test,2,4.881,0,0.212,1,9
room_0212,test,3,4.566,0,0.17,1,9
room_0212,test,4,3.858,0,0.204,1,9
room_0212,test,5,4.086,0,0.198,1,9
room_0212,test,6,3.685,0,0.109,1,9
room_0212,test,7,4.65,0,0.246,1,9
room_0212,test,8,4.174,0,0.208,1,9
room_0212,test,9,10.413,1,0.745,1,9
room_0212,test,10,4.23,0,0.253,1,9
room_0212,test,11,3.674,0,0.228,1,9
room_0212,test,12,3.56,0,0.173,1,9
room_0213,train,0,5.511,0,0.143,0,-1
room_0213,train,1,3.448,0,0.232,0,-1
room_0213,train,2,4.103,0,0.216,0,-1
room_0213,train,3,3.97,0,0.24,0,-1
room_0213,train,4,4.511,0,0.263,0,-1
room_0213,train,5,10.607,0,0.236,0,-1
room_0213,train,6,4.373,1,0.176,0,-1
room_0213,train,7,4.046,1,0.187,0,-1
room_0213,train,8,3.598,0,0.245,0,-1
room_0213,train,9,3.983,1,0.259,0,-1
room_0213,train,10,3.501,0,0.206,0,-1
room_0213,train,11,3.342,0,0.088,0,-1
room_0213,train,12,4.202,1,0.236,0,-1
room_0213,train,13,4.263,0,0.233,0,-1
room_0213,train,14,3.892,0,0.218,0,-1
room_0213,train,15,3.714,0,0.207,0,-1
room_0213,train,16,3.918,1,0.191,0,-1
room_0214,test,0,4.469,0,0.21,0,-1
room_0214,test,1,3.932,0,0.16,0,-1
room_0214,test,2,3.736,0,0.192,0,-1
room_0214,test,3,3.891,0,0.142,0,-1
room_0214,test,4,3.802,0,0.179,0,-1
room_0214,test,5,4.304,0,0.195,0,-1
room_0214,test,6,3.795,0,0.246,0,-1
room_0214,test,7,4.151,0,0.265,0,-1
room_0214,test,8,4.343,1,0.91,0,-1
room_0214,test,9,3.538,0,0.241,0,-1
room_0214,test,10,3.781,0,0.189,0,-1
room_0214,test,11,3.292,1,0.225,0,-1
room_0214,test,12,3.245,0,0.173,0,-1
room_0214,test,13,4.251,0,0.18,0,-1
room_0214,test,14,4.272,0,0.125,0,-1
room_0214,test,15,3.983,0,0.148,0,-1
room_0215,test,0,4.229,0,0.179,1,6
room_0215,test,1,3.869,0,0.26,1,6
room_0215,test,2,3.92,0,0.303,1,6
room_0215,test,3,4.11,0,0.15,1,6
room_0215,test,4,3.953,0,0.143,1,6
room_0215,test,5,4.315,0,0.134,1,6
room_0215,test,6,10.022,1,0.808,1,6
room_0215,test,7,3.654,0,0.197,1,6
room_0215,test,8,4.141,0,0.201,1,6
room_0215,test,9,4.403,0,0.273,1,6
room_0215,test,10,3.816,0,0.211,1,6
room_0215,test,11,3.811,0,0.199,1,6
room_0215,test,12,4.209,0,0.28,1,6
room_0215,test,13,3.373,0,0.177,1,6
room_0215,test,14,4.141,0,0.15,1,6
room_0215,test,15,4.098,0,0.254,1,6
room_0216,train,0,3.708,0,0.115,0,-1
room_0216,train,1,4.529,0,0.202,0,-1
room_0216,train,2,3.801,0,0.18,0,-1
room_0216,train,3,10.333,0,0.203,0,-1
room_0216,train,4,4.019,0,0.289,0,-1
room_0216,train,5,4.434,0,0.192,0,-1
room_0216,train,6,3.551,0,0.242,0,-1
room_0216,train,7,4.207,0,0.16,0,-1
room_0216,train,8,4.499,0,0.168,0,-1
room_0217,test,0,4.133,0,0.149,0,-1
room_0217,test,1,3.183,0,0.231,0,-1
room_0217,test,2,3.771,0,0.117,0,-1
room_0217,test,3,4.395,0,0.139,0,-1
room_0217,test,4,3.732,0,0.211,0,-1
room_0217,test,5,3.817,0,0.211,0,-1
room_0217,test,6,4.108,0,0.171,0,-1
room_0217,test,7,4.543,0,0.196,0,-1
room_0217,test,8,4.308,1,0.722,0,-1
room_0217,test,9,4.01,0,0.113,0,-1
room_0217,test,10,5.012,0,0.139,0,-1
room_0217,test,11,3.654,0,0.209,0,-1
room_0217,test,12,3.497,0,0.226,0,-1
room_0217,test,13,3.94,0,0.235,0,-1
room_0217,test,14,4.323,0,0.078,0,-1
room_0217,test,15,3.989,0,0.174,0,-1
room_0218,train,0,4.575,0,0.215,1,4
room_0218,train,1,3.914,0,0.062,1,4
room_0218,train,2,3.586,0,0.201,1,4
room_0218,train,3,4.001,0,0.149,1,4
room_0218,train,4,10.427,1,0.836,1,4
room_0218,train,5,3.477,0,0.15,1,4
room_0218,train,6,3.963,0,0.145,1,4
room_0218,train,7,3.838,0,0.131,1,4
room_0218,train,8,4.066,0,0.208,1,4
room_0218,train,9,4.425,0,0.236,1,4
room_0218,train,10,3.561,0,0.176,1,4
room_0218,train,11,3.549,0,0.147,1,4
room_0218,train,12,3.868,0,0.137,1,4
room_0218,train,13,3.746,0,0.179,1,4
room_0218,train,14,3.783,0,0.105,1,4
room_0218,train,15,4.269,0,0.173,1,4
room_0219,test,0,3.996,0,0.175,0,-1
room_0219,test,1,9.303,0,0.066,0,-1
room_0219,test,2,3.91,1,0.23,0,-1
room_0219,test,3,3.928,0,0.181,0,-1
room_0219,test,4,3.729,1,0.206,0,-1
room_0219,test,5,4.189,0,0.243,0,-1
room_0219,test,6,3.91,0,0.175,0,-1
room_0219,test,7,3.578,0,0.154,0,-1
room_0219,test,8,3.644,0,0.244,0,-1
room_0219,test,9,3.705,0,0.182,0,-1
room_0219,test,10,4.529,0,0.185,0,-1
room_0219,test,11,4.469,0,0.182,0,-1
room_0219,test,12,3.598,0,0.195,0,-1
room_0219,test,13,3.36,0,0.173,0,-1
room_0219,test,14,3.927,0,0.145,0,-1
room_0220,train,0,4.428,0,0.233,0,-1
room_0220,train,1,3.628,0,0.095,0,-1
room_0220,train,2,3.929,1,0.847,0,-1
room_0220,train,3,3.509,0,0.168,0,-1
room_0220,train,4,3.616,0,0.157,0,-1
room_0220,train,5,4.341,0,0.241,0,-1
room_0220,train,6,4.174,0,0.207,0,-1
room_0220,train,7,3.53,0,0.156,0,-1
room_0220,train,8,4.295,0,0.208,0,-1
room_0220,train,9,4.068,0,0.25,0,-1
room_0221,train,0,3.887,0,0.186,0,-1
room_0221,train,1,4.425,0,0.241,0,-1
room_0221,train,2,4.361,0,0.201,0,-1
room_0221,train,3,3.489,0,0.21,0,-1
room_0221,train,4,3.94,0,0.28,0,-1
room_0221,train,5,4.237,0,0.196,0,-1
room_0221,train,6,3.744,0,0.235,0,-1
room_0221,train,7,3.642,0,0.207,0,-1
room_0221,train,8,3.559,0,0.162,0,-1
room_0221,train,9,4.254,0,0.273,0,-1
room_0221,train,10,3.371,0,0.157,0,-1
room_0221,train,11,4.729,0,0.225,0,-1
room_0221,train,12,4.529,0,0.178,0,-1
room_0221,train,13,3.882,0,0.185,0,-1
room_0221,train,14,4.37,0,0.236,0,-1
room_0222,train,0,4.294,0,0.23,0,-1
room_0222,train,1,3.303,0,0.203,0,-1
room_0222,train,2,3.977,0,0.221,0,-1
room_0222,train,3,4.649,0,0.236,0,-1
room_0222,train,4,3.938,0,0.205,0,-1
room_0222,train,5,4.159,0,0.211,0,-1
room_0222,train,6,3.813,0,0.244,0,-1
room_0222,train,7,3.57,0,0.194,0,-1
room_0222,train,8,3.951,0,0.216,0,-1
room_0222,train,9,4.659,0,0.134,0,-1
room_0222,train,10,3.789,1,0.208,0,-1
room_0222,train,11,10.554,0,0.195,0,-1
room_0222,train,12,3.882,0,0.123,0,-1
room_0222,train,13,3.531,0,0.232,0,-1
room_0222,train,14,4.181,0,0.191,0,-1
room_0222,train,15,3.54,0,0.22,0,-1
room_0223,train,0,4.237,0,0.166,1,2
room_0223,train,1,3.502,0,0.301,1,2
room_0223,train,2,10.172,1,0.947,1,2
room_0223,train,3,3.998,0,0.288,1,2
room_0223,train,4,5.032,0,0.142,1,2
room_0223,train,5,3.541,1,0.266,1,2
room_0223,train,6,3.861,0,0.172,1,2
room_0223,train,7,4.443,0,0.159,1,2
room_0223,train,8,3.891,0,0.202,1,2
room_0223,train,9,3.677,0,0.216,1,2
room_0223,train,10,3.809,0,0.139,1,2
room_0223,train,11,4.008,0,0.214,1,2
room_0223,train,12,4.333,0,0.19,1,2
room_0223,train,13,4.873,0,0.193,1,2
room_0223,train,14,4.139,1,0.171,1,2
room_0224,test,0,3.861,0,0.238,1,3
room_0224,test,1,3.728,0,0.158,1,3
room_0224,test,2,3.349,0,0.225,1,3
room_0224,test,3,9.857,1,0.739,1,3
room_0224,test,4,3.975,0,0.179,1,3
room_0224,test,5,3.154,0,0.274,1,3
room_0224,test,6,4.273,0,0.247,1,3
room_0224,test,7,4.45,0,0.192,1,3
room_0224,test,8,4.025,0,0.172,1,3
room_0225,train,0,5.058,0,0.232,0,-1
room_0225,train,1,4.449,0,0.225,0,-1
room_0225,train,2,10.412,0,0.173,0,-1
room_0225,train,3,4.478,1,0.34,0,-1
room_0225,train,4,3.547,0,0.197,0,-1
room_0225,train,5,4.784,0,0.204,0,-1
room_0225,train,6,3.832,0,0.207,0,-1
room_0225,train,7,4.139,0,0.244,0,-1
room_0225,train,8,3.391,0,0.212,0,-1
room_0225,train,9,4.363,0,0.205,0,-1
room_0225,train,10,3.904,0,0.204,0,-1
room_0225,train,11,5.644,0,0.255,0,-1
room_0225,train,12,3.593,0,0.188,0,-1
room_0226,train,0,4.485,0,0.183,1,3
room_0226,train,1,3.974,0,0.281,1,3
room_0226,train,2,3.35,0,0.239,1,3
room_0226,train,3,9.605,1,0.902,1,3
room_0226,train,4,3.689,0,0.097,1,3
room_0226,train,5,4.445,0,0.167,1,3
room_0226,train,6,3.96,0,0.123,1,3
room_0226,train,7,4.156,0,0.167,1,3
room_0226,train,8,3.757,0,0.1,1,3
room_0226,train,9,3.663,0,0.281,1,3
room_0226,train,10,3.491,0,0.261,1,3
room_0226,train,11,4.151,0,0.177,1,3
room_0226,train,12,4.121,0,0.098,1,3
room_0226,train,13,4.087,0,0.223,1,3
room_0227,train,0,3.859,0,0.201,0,-1
room_0227,train,1,4.129,0,0.184,0,-1
room_0227,train,2,4.169,0,0.179,0,-1
room_0227,train,3,3.751,0,0.197,0,-1
room_0227,train,4,4.103,1,0.197,0,-1
room_0227,train,5,4.48,0,0.23,0,-1
room_0227,train,6,3.309,0,0.238,0,-1
room_0227,train,7,3.776,0,0.193,0,-1
room_0227,train,8,3.734,0,0.296,0,-1
room_0227,train,9,4.977,0,0.232,0,-1
room_0227,train,10,4.121,0,0.199,0,-1
room_0227,train,11,5.356,0,0.232,0,-1
room_0227,train,12,4.414,0,0.174,0,-1
room_0227,train,13,4.332,0,0.188,0,-1
room_0227,train,14,4.532,0,0.222,0,-1
room_0227,train,15,4.284,0,0.249,0,-1
room_0228,test,0,4.653,0,0.185,1,5
room_0228,test,1,4.279,0,0.259,1,5
room_0228,test,2,3.404,0,0.207,1,5
room_0228,test,3,4.465,0,0.215,1,5
room_0228,test,4,4.359,0,0.159,1,5
room_0228,test,5,10.84,1,0.894,1,5
room_0228,test,6,4.915,0,0.173,1,5
room_0228,test,7,3.893,0,0.216,1,5
room_0228,test,8,4.11,0,0.187,1,5
room_0228,test,9,4.816,0,0.266,1,5
room_0228,test,10,5.164,0,0.22,1,5
room_0228,test,11,4.422,0,0.264,1,5
room_0228,test,12,4.185,0,0.208,1,5
room_0228,test,13,4.28,0,0.207,1,5
room_0228,test,14,3.661,0,0.229,1,5
room_0228,test,15,4.74,0,0.229,1,5
room_0228,test,16,3.761,0,0.22,1,5
room_0228,test,17,3.411,0,0.283,1,5
room_0229,train,0,4.815,0,0.243,1,5
room_0229,train,1,3.919,1,0.147,1,5
room_0229,train,2,3.438,0,0.145,1,5
room_0229,train,3,4.267,0,0.175,1,5
room_0229,train,4,4.475,0,0.181,1,5
room_0229,train,5,9.225,1,0.746,1,5
room_0229,train,6,3.262,0,0.197,1,5
room_0229,train,7,4.281,0,0.283,1,5
room_0230,train,0,3.767,0,0.155,1,7
room_0230,train,1,4.517,0,0.239,1,7
room_0230,train,2,3.869,0,0.216,1,7
room_0230,train,3,3.426,1,0.178,1,7
room_0230,train,4,4.618,0,0.229,1,7
room_0230,train,5,4.004,0,0.216,1,7
room_0230,train,6,4.61,0,0.172,1,7
room_0230,train,7,10.64,1,0.805,1,7
room_0230,train,8,3.045,0,0.213,1,7
room_0230,train,9,4.494,0,0.246,1,7
room_0231,test,0,4.226,0,0.146,0,-1
room_0231,test,1,3.597,0,0.184,0,-1
room_0231,test,2,2.375,0,0.166,0,-1
room_0231,test,3,4.315,0,0.173,0,-1
room_0231,test,4,3.304,0,0.195,0,-1
room_0231,test,5,4.002,0,0.205,0,-1
room_0231,test,6,10.214,0,0.132,0,-1
room_0231,test,7,4.88,0,0.199,0,-1
room_0231,test,8,4.245,0,0.112,0,-1
room_0231,test,9,3.634,0,0.177,0,-1
room_0232,train,0,3.824,0,0.292,1,1
room_0232,train,1,9.893,1,0.721,1,1
room_0232,train,2,3.627,0,0.233,1,1
room_0232,train,3,4.659,0,0.206,1,1
room_0232,train,4,4.514,0,0.127,1,1
room_0232,train,5,3.945,0,0.31,1,1
room_0232,train,6,4.075,0,0.148,1,1
room_0232,train,7,3.348,0,0.209,1,1
room_0232,train,8,3.23,0,0.279,1,1
room_0233,train,0,4.249,0,0.265,1,5
room_0233,train,1,3.369,0,0.222,1,5
room_0233,train,2,3.767,0,0.125,1,5
room_0233,train,3,3.631,0,0.152,1,5
room_0233,train,4,3.836,0,0.154,1,5
room_0233,train,5,9.481,1,0.923,1,5
room_0233,train,6,4.666,0,0.25,1,5
room_0233,train,7,4.311,0,0.228,1,5
room_0234,train,0,4.089,0,0.233,1,1
room_0234,train,1,9.811,1,0.792,1,1
room_0234,train,2,3.939,0,0.249,1,1
room_0234,train,3,4.132,0,0.158,1,1
room_0234,train,4,4.471,0,0.208,1,1
room_0234,train,5,4.317,0,0.231,1,1
room_0234,train,6,3.863,0,0.216,1,1
room_0234,train,7,3.476,0,0.158,1,1
room_0234,train,8,3.915,0,0.152,1,1
room_0234,train,9,4.476,0,0.266,1,1
room_0234,train,10,3.91,0,0.22,1,1
room_0234,train,11,4.845,0,0.18,1,1
room_0234,train,12,4.997,0,0.225,1,1
room_0234,train,13,3.736,0,0.164,1,1
room_0234,train,14,4.724,0,0.192,1,1
room_0234,train,15,4.397,0,0.184,1,1
room_0235,train,0,4.036,0,0.192,0,-1
room_0235,train,1,3.611,0,0.279,0,-1
room_0235,train,2,4.167,0,0.309,0,-1
room_0235,train,3,4.09,1,0.923,0,-1
room_0235,train,4,3.978,0,0.233,0,-1
room_0235,train,5,3.94,0,0.253,0,-1
room_0235,train,6,4.188,0,0.116,0,-1
room_0235,train,7,3.839,0,0.207,0,-1
room_0235,train,8,4.745,1,0.229,0,-1
room_0235,train,9,3.836,0,0.141,0,-1
room_0236,train,0,4.085,0,0.246,1,1
room_0236,train,1,10.475,1,0.891,1,1
room_0236,train,2,4.863,1,0.13,1,1
room_0236,train,3,3.953,0,0.184,1,1
room_0236,train,4,3.485,0,0.252,1,1
room_0236,train,5,3.943,0,0.193,1,1
room_0236,train,6,4.944,0,0.245,1,1
room_0236,train,7,3.803,0,0.237,1,1
room_0236,train,8,3.228,0,0.225,1,1
room_0237,test,0,3.955,0,0.208,1,2
room_0237,test,1,4.862,0,0.193,1,2
room_0237,test,2,10.049,1,0.926,1,2
room_0237,test,3,3.566,0,0.243,1,2
room_0237,test,4,4.04,0,0.195,1,2
room_0237,test,5,5.102,0,0.205,1,2
room_0237,test,6,3.267,0,0.161,1,2
room_0237,test,7,3.892,0,0.241,1,2
room_0237,test,8,3.882,0,0.164,1,2
room_0237,test,9,3.834,1,0.173,1,2
room_0237,test,10,4.617,0,0.213,1,2
room_0237,test,11,3.668,0,0.226,1,2
room_0237,test,12,3.841,0,0.189,1,2
room_0238,train,0,4.639,0,0.197,0,-1
room_0238,train,1,3.868,0,0.214,0,-1
room_0238,train,2,3.186,0,0.233,0,-1
room_0238,train,3,4.366,0,0.252,0,-1
room_0238,train,4,3.615,0,0.17,0,-1
room_0238,train,5,4.866,0,0.236,0,-1
room_0238,train,6,4.267,0,0.226,0,-1
room_0238,train,7,4.42,1,0.806,0,-1
room_0238,train,8,4.386,0,0.125,0,-1
room_0238,train,9,4.064,0,0.359,0,-1
room_0238,train,10,3.643,0,0.244,0,-1
room_0238,train,11,3.856,0,0.21,0,-1
room_0238,train,12,3.93,0,0.152,0,-1
room_0239,train,0,3.87,0,0.215,1,4
room_0239,train,1,4.987,0,0.255,1,4
room_0239,train,2,4.733,1,0.152,1,4
room_0239,train,3,3.844,0,0.239,1,4
room_0239,train,4,10.322,1,0.948,1,4
room_0239,train,5,4.991,0,0.185,1,4
room_0239,train,6,4.42,0,0.202,1,4
room_0239,train,7,3.302,0,0.154,1,4
room_0239,train,8,4.817,0,0.166,1,4
room_0239,train,9,4.265,0,0.184,1,4
room_0240,train,0,3.798,0,0.178,1,9
room_0240,train,1,4.018,0,0.19,1,9
room_0240,train,2,4.764,0,0.099,1,9
room_0240,train,3,4.069,0,0.232,1,9
room_0240,train,4,3.236,0,0.202,1,9
room_0240,train,5,4.342,0,0.25,1,9
room_0240,train,6,4.625,0,0.227,1,9
room_0240,train,7,4.002,0,0.265,1,9
room_0240,train,8,4.745,0,0.165,1,9
room_0240,train,9,10.104,1,0.875,1,9
room_0240,train,10,3.025,0,0.135,1,9
room_0240,train,11,3.719,0,0.16,1,9
room_0240,train,12,3.745,0,0.214,1,9
room_0240,train,13,3.478,1,0.131,1,9
room_0240,train,14,3.699,0,0.219,1,9
room_0241,train,0,4.802,0,0.294,0,-1
room_0241,train,1,4.612,0,0.219,0,-1
room_0241,train,2,4.209,1,0.294,0,-1
room_0241,train,3,3.468,0,0.154,0,-1
room_0241,train,4,4.134,0,0.213,0,-1
room_0241,train,5,4.077,0,0.201,0,-1
room_0241,train,6,3.879,1,0.949,0,-1
room_0241,train,7,4.032,0,0.211,0,-1
room_0241,train,8,3.92,0,0.179,0,-1
room_0241,train,9,4.376,0,0.225,0,-1
room_0241,train,10,4.679,0,0.248,0,-1
room_0242,test,0,3.527,0,0.126,0,-1
room_0242,test,1,3.769,0,0.217,0,-1
room_0242,test,2,4.175,0,0.176,0,-1
room_0242,test,3,4.127,0,0.157,0,-1
room_0242,test,4,3.863,0,0.226,0,-1
room_0242,test,5,4.989,0,0.19,0,-1
room_0242,test,6,3.346,0,0.268,0,-1
room_0242,test,7,4.136,0,0.165,0,-1
room_0242,test,8,3.458,0,0.176,0,-1
room_0242,test,9,3.538,0,0.203,0,-1
room_0243,test,0,4.001,0,0.092,0,-1
room_0243,test,1,4.059,0,0.132,0,-1
room_0243,test,2,3.648,0,0.145,0,-1
room_0243,test,3,3.779,0,0.194,0,-1
room_0243,test,4,2.863,0,0.262,0,-1
room_0243,test,5,4.035,0,0.162,0,-1
room_0243,test,6,3.971,0,0.162,0,-1
room_0243,test,7,3.903,0,0.2,0,-1
room_0243,test,8,10.283,0,0.138,0,-1
room_0243,test,9,4.658,0,0.205,0,-1
room_0243,test,10,4.401,0,0.252,0,-1
room_0244,train,0,3.566,0,0.188,0,-1
room_0244,train,1,3.532,0,0.188,0,-1
room_0244,train,2,4.443,0,0.196,0,-1
room_0244,train,3,3.912,0,0.158,0,-1
room_0244,train,4,3.679,0,0.052,0,-1
room_0244,train,5,5.143,0,0.247,0,-1
room_0244,train,6,4.326,1,0.729,0,-1
room_0244,train,7,4.611,0,0.14,0,-1
room_0244,train,8,3.847,0,0.114,0,-1
room_0244,train,9,4.571,0,0.278,0,-1
room_0244,train,10,3.493,0,0.183,0,-1
room_0245,test,0,4.522,0,0.216,1,2
room_0245,test,1,4.117,0,0.211,1,2
room_0245,test,2,10.691,1,0.771,1,2
room_0245,test,3,4.362,0,0.24,1,2
room_0245,test,4,4.591,0,0.234,1,2
room_0245,test,5,3.747,0,0.155,1,2
room_0245,test,6,3.483,0,0.252,1,2
room_0245,test,7,4.309,0,0.201,1,2
room_0245,test,8,4.677,0,0.194,1,2
room_0245,test,9,3.343,0,0.285,1,2
room_0245,test,10,3.186,0,0.262,1,2
room_0245,test,11,4.015,0,0.177,1,2
room_0245,test,12,3.564,0,0.199,1,2
room_0246,train,0,3.686,0,0.225,0,-1
room_0246,train,1,4.7,0,0.124,0,-1
room_0246,train,2,4.301,0,0.271,0,-1
room_0246,train,3,4.176,0,0.102,0,-1
room_0246,train,4,10.844,0,0.221,0,-1
room_0246,train,5,4.628,0,0.251,0,-1
room_0246,train,6,4.348,0,0.222,0,-1
room_0246,train,7,3.827,0,0.218,0,-1
room_0246,train,8,4.298,0,0.265,0,-1
room_0247,train,0,3.75,0,0.201,0,-1
room_0247,train,1,4.487,0,0.225,0,-1
room_0247,train,2,3.723,1,0.842,0,-1
room_0247,train,3,4.07,0,0.216,0,-1
room_0247,train,4,4.155,0,0.137,0,-1
room_0247,train,5,4.214,0,0.197,0,-1
room_0247,train,6,3.454,0,0.195,0,-1
room_0247,train,7,3.372,0,0.207,0,-1
room_0247,train,8,4.285,0,0.192,0,-1
room_0247,train,9,4.872,0,0.232,0,-1
room_0247,train,10,3.768,0,0.188,0,-1
room_0247,train,11,3.776,0,0.242,0,-1
room_0247,train,12,4.947,0,0.203,0,-1
room_0248,train,0,3.169,0,0.232,0,-1
room_0248,train,1,3.508,0,0.198,0,-1
room_0248,train,2,4.572,1,0.158,0,-1
room_0248,train,3,3.632,0,0.196,0,-1
room_0248,train,4,3.858,0,0.168,0,-1
room_0248,train,5,4.286,0,0.263,0,-1
room_0248,train,6,2.907,0,0.141,0,-1
room_0248,train,7,4.36,0,0.275,0,-1
room_0248,train,8,4.12,0,0.192,0,-1
room_0248,train,9,3.59,0,0.202,0,-1
room_0248,train,10,4.208,0,0.122,0,-1
room_0248,train,11,3.967,0,0.232,0,-1
room_0248,train,12,3.321,0,0.119,0,-1
room_0248,train,13,3.661,0,0.155,0,-1
room_0248,train,14,4.12,0,0.213,0,-1
room_0249,train,0,4.722,0,0.235,0,-1
room_0249,train,1,4.337,0,0.169,0,-1
room_0249,train,2,4.017,0,0.189,0,-1
room_0249,train,3,3.908,0,0.196,0,-1
room_0249,train,4,4.359,0,0.184,0,-1
room_0249,train,5,4.431,0,0.162,0,-1
room_0249,train,6,3.235,0,0.125,0,-1
room_0249,train,7,3.663,0,0.257,0,-1
room_0249,train,8,3.901,0,0.226,0,-1
room_0249,train,9,4.24,0,0.118,0,-1
room_0249,train,10,4.026,0,0.237,0,-1
room_0249,train,11,3.424,0,0.204,0,-1
room_0249,train,12,4.294,0,0.194,0,-1
room_0249,train,13,9.642,0,0.231,0,-1
room_0249,train,14,4.013,0,0.202,0,-1
room_0249,train,15,4.082,0,0.179,0,-1
room_0250,train,0,3.65,1,0.213,1,7
room_0250,train,1,3.809,0,0.201,1,7
room_0250,train,2,3.252,0,0.177,1,7
room_0250,train,3,4.22,1,0.199,1,7
room_0250,train,4,3.995,0,0.191,1,7
room_0250,train,5,4.231,1,0.174,1,7
room_0250,train,6,4.03,0,0.156,1,7
room_0250,train,7,10.604,1,0.865,1,7
room_0250,train,8,3.857,0,0.247,1,7
room_0250,train,9,3.828,0,0.163,1,7
room_0250,train,10,3.021,0,0.204,1,7
room_0250,train,11,4.096,0,0.188,1,7
room_0250,train,12,3.994,0,0.188,1,7
room_0251,train,0,4.996,0,0.197,1,5
room_0251,train,1,3.701,0,0.233,1,5
room_0251,train,2,4.97,0,0.169,1,5
room_0251,train,3,4.14,0,0.143,1,5
room_0251,train,4,4.257,0,0.176,1,5
room_0251,train,5,10.509,1,0.927,1,5
room_0251,train,6,3.953,0,0.263,1,5
room_0251,train,7,3.592,0,0.27,1,5
room_0252,test,0,4.671,0,0.174,1,8
room_0252,test,1,4.225,0,0.236,1,8
room_0252,test,2,4.323,0,0.228,1,8
room_0252,test,3,3.949,0,0.327,1,8
room_0252,test,4,3.73,0,0.213,1,8
room_0252,test,5,4.275,0,0.244,1,8
room_0252,test,6,4.238,0,0.222,1,8
room_0252,test,7,3.142,0,0.099,1,8
room_0252,test,8,10.682,1,0.853,1,8
room_0252,test,9,3.628,1,0.195,1,8
room_0252,test,10,3.349,0,0.147,1,8
room_0252,test,11,4.331,0,0.127,1,8
room_0253,train,0,3.751,0,0.207,0,-1
room_0253,train,1,4.034,0,0.208,0,-1
room_0253,train,2,4.517,0,0.154,0,-1
room_0253,train,3,3.725,1,0.209,0,-1
room_0253,train,4,3.722,1,0.231,0,-1
room_0253,train,5,4.938,0,0.262,0,-1
room_0253,train,6,3.592,0,0.221,0,-1
room_0253,train,7,4.42,0,0.179,0,-1
room_0253,train,8,3.635,0,0.204,0,-1
room_0253,train,9,4.196,1,0.937,0,-1
room_0253,train,10,3.744,0,0.139,0,-1
room_0253,train,11,3.779,0,0.161,0,-1
room_0253,train,12,4.457,0,0.213,0,-1
room_0253,train,13,5.354,0,0.273,0,-1
room_0253,train,14,4.037,0,0.158,0,-1
room_0253,train,15,3.566,0,0.222,0,-1
room_0253,train,16,4.004,0,0.261,0,-1
room_0254,test,0,3.77,0,0.067,0,-1
room_0254,test,1,4.439,0,0.196,0,-1
room_0254,test,2,4.002,0,0.244,0,-1
room_0254,test,3,4.733,0,0.208,0,-1
room_0254,test,4,4.972,0,0.09,0,-1
room_0254,test,5,3.639,0,0.266,0,-1
room_0254,test,6,3.684,0,0.153,0,-1
room_0254,test,7,2.18,0,0.221,0,-1
room_0254,test,8,3.883,0,0.212,0,-1
room_0254,test,9,4.183,1,0.132,0,-1
room_0254,test,10,4.557,1,0.228,0,-1
room_0255,train,0,4.58,0,0.153,0,-1
room_0255,train,1,3.641,0,0.228,0,-1
room_0255,train,2,4.04,0,0.09,0,-1
room_0255,train,3,3.357,0,0.208,0,-1
room_0255,train,4,4.26,0,0.171,0,-1
room_0255,train,5,4.216,0,0.232,0,-1
room_0255,train,6,3.861,0,0.204,0,-1
room_0255,train,7,4.307,0,0.142,0,-1
room_0255,train,8,3.193,0,0.198,0,-1
room_0255,train,9,4.462,1,0.22,0,-1
room_0255,train,10,3.622,0,0.192,0,-1
room_0255,train,11,3.473,0,0.125,0,-1
room_0255,train,12,4.552,0,0.229,0,-1
room_0255,train,13,9.177,0,0.173,0,-1
room_0255,train,14,3.059,0,0.208,0,-1
room_0256,train,0,4.096,0,0.196,1,5
room_0256,train,1,4.071,0,0.221,1,5
room_0256,train,2,4.051,0,0.242,1,5
room_0256,train,3,3.084,0,0.179,1,5
room_0256,train,4,4.087,0,0.23,1,5
room_0256,train,5,9.555,1,0.875,1,5
room_0256,train,6,3.664,0,0.216,1,5
room_0256,train,7,4.292,0,0.213,1,5
room_0256,train,8,4.15,0,0.176,1,5
room_0256,train,9,4.597,0,0.202,1,5
room_0256,train,10,4.308,1,0.236,1,5
room_0256,train,11,3.782,0,0.206,1,5
room_0256,train,12,4.481,0,0.164,1,5
room_0256,train,13,3.802,0,0.202,1,5
room_0256,train,14,3.416,0,0.108,1,5
room_0256,train,15,3.302,0,0.268,1,5
room_0257,train,0,3.331,0,0.288,1,4
room_0257,train,1,3.895,0,0.167,1,4
room_0257,train,2,4.673,0,0.264,1,4
room_0257,train,3,4.329,0,0.213,1,4
room_0257,train,4,10.935,1,0.937,1,4
room_0257,train,5,4.846,0,0.188,1,4
room_0257,train,6,3.777,0,0.286,1,4
room_0257,train,7,4.197,0,0.275,1,4
room_0258,train,0,4.348,0,0.21,0,-1
room_0258,train,1,3.634,0,0.23,0,-1
room_0258,train,2,3.137,0,0.253,0,-1
room_0258,train,3,3.709,0,0.248,0,-1
room_0258,train,4,3.288,0,0.122,0,-1
room_0258,train,5,3.277,0,0.146,0,-1
room_0258,train,6,3.789,0,0.238,0,-1
room_0258,train,7,9.443,0,0.178,0,-1
room_0258,train,8,4.312,0,0.178,0,-1
room_0258,train,9,4.412,0,0.177,0,-1
room_0258,train,10,4.081,1,0.219,0,-1
room_0258,train,11,3.86,0,0.198,0,-1
room_0258,train,12,3.531,0,0.223,0,-1
room_0258,train,13,4.092,0,0.206,0,-1
room_0258,train,14,4.036,0,0.216,0,-1
room_0258,train,15,4.221,0,0.159,0,-1
room_0258,train,16,4.668,0,0.218,0,-1
room_0258,train,17,3.948,0,0.193,0,-1
room_0259,train,0,3.133,0,0.263,0,-1
room_0259,train,1,4.302,0,0.191,0,-1
room_0259,train,2,4.402,0,0.205,0,-1
room_0259,train,3,3.686,0,0.298,0,-1
room_0259,train,4,4.099,0,0.139,0,-1
room_0259,train,5,4.429,1,0.866,0,-1
room_0259,train,6,4.327,1,0.281,0,-1
room_0259,train,7,4.404,0,0.229,0,-1
room_0259,train,8,3.763,0,0.167,0,-1
room_0260,test,0,3.938,0,0.159,1,6
room_0260,test,1,3.833,0,0.2,1,6
room_0260,test,2,3.686,0,0.148,1,6
room_0260,test,3,4.459,1,0.233,1,6
room_0260,test,4,3.517,0,0.237,1,6
room_0260,test,5,4.314,0,0.166,1,6
room_0260,test,6,9.695,1,0.881,1,6
room_0260,test,7,4.506,0,0.286,1,6
room_0261,test,0,4.12,1,0.22,1,3
room_0261,test,1,3.992,0,0.227,1,3
room_0261,test,2,4.946,0,0.235,1,3
room_0261,test,3,9.721,1,0.94,1,3
room_0261,test,4,4.331,0,0.209,1,3
room_0261,test,5,3.971,0,0.202,1,3
room_0261,test,6,3.623,0,0.115,1,3
room_0261,test,7,4.445,0,0.133,1,3
room_0262,test,0,4.019,0,0.18,1,4
room_0262,test,1,2.812,0,0.187,1,4
room_0262,test,2,4.207,0,0.212,1,4
room_0262,test,3,4.472,1,0.239,1,4
room_0262,test,4,9.663,1,0.867,1,4
room_0262,test,5,3.844,0,0.199,1,4
room_0262,test,6,4.074,1,0.232,1,4
room_0262,test,7,3.622,0,0.177,1,4
room_0262,test,8,3.685,0,0.201,1,4
room_0262,test,9,4.479,0,0.152,1,4
room_0262,test,10,3.392,0,0.178,1,4
room_0262,test,11,4.179,0,0.269,1,4
room_0262,test,12,3.238,0,0.225,1,4
room_0262,test,13,4.18,0,0.282,1,4
room_0262,test,14,4.219,1,0.256,1,4
room_0263,train,0,3.419,0,0.15,0,-1
room_0263,train,1,3.419,0,0.237,0,-1
room_0263,train,2,4.359,0,0.139,0,-1
room_0263,train,3,4.591,0,0.279,0,-1
room_0263,train,4,4.205,0,0.262,0,-1
room_0263,train,5,4.602,0,0.252,0,-1
room_0263,train,6,4.151,0,0.23,0,-1
room_0263,train,7,3.825,0,0.19,0,-1
room_0263,train,8,4.08,0,0.116,0,-1
room_0263,train,9,3.688,0,0.286,0,-1
room_0263,train,10,4.138,0,0.234,0,-1
room_0263,train,11,3.829,0,0.176,0,-1
room_0263,train,12,4.013,0,0.153,0,-1
room_0263,train,13,3.442,0,0.19,0,-1
room_0263,train,14,3.235,1,0.182,0,-1
room_0263,train,15,3.924,0,0.086,0,-1
room_0263,train,16,4.456,0,0.21,0,-1
room_0264,train,0,4.831,1,0.198,0,-1
room_0264,train,1,3.61,0,0.219,0,-1
room_0264,train,2,4.766,1,0.146,0,-1
room_0264,train,3,10.591,0,0.239,0,-1
room_0264,train,4,4.655,0,0.173,0,-1
room_0264,train,5,3.835,0,0.33,0,-1
room_0264,train,6,3.694,0,0.136,0,-1
room_0264,train,7,3.901,0,0.194,0,-1
room_0265,test,0,3.484,0,0.253,0,-1
room_0265,test,1,4.01,0,0.156,0,-1
room_0265,test,2,4.086,0,0.221,0,-1
room_0265,test,3,3.57,0,0.152,0,-1
room_0265,test,4,3.818,0,0.129,0,-1
room_0265,test,5,3.235,0,0.124,0,-1
room_0265,test,6,3.771,0,0.24,0,-1
room_0265,test,7,4.474,0,0.152,0,-1
room_0265,test,8,4.253,0,0.133,0,-1
room_0265,test,9,3.348,0,0.184,0,-1
room_0265,test,10,4.149,0,0.248,0,-1
room_0265,test,11,4.169,1,0.778,0,-1
room_0265,test,12,4.255,0,0.205,0,-1
room_0265,test,13,4.472,0,0.224,0,-1
room_0265,test,14,4.053,0,0.276,0,-1
room_0265,test,15,4.251,0,0.193,0,-1
room_0265,test,16,4.021,0,0.158,0,-1
room_0266,train,0,4.517,1,0.148,1,5
room_0266,train,1,4.433,0,0.253,1,5
room_0266,train,2,3.914,0,0.238,1,5
room_0266,train,3,4.571,0,0.154,1,5
room_0266,train,4,4.023,0,0.17,1,5
room_0266,train,5,10.529,1,0.823,1,5
room_0266,train,6,4.363,0,0.095,1,5
room_0266,train,7,3.939,0,0.169,1,5
room_0266,train,8,4.154,0,0.289,1,5
room_0266,train,9,3.973,0,0.24,1,5
room_0266,train,10,4.351,0,0.228,1,5
room_0266,train,11,4.445,1,0.16,1,5
room_0266,train,12,3.937,0,0.207,1,5
room_0266,train,13,4.027,0,0.206,1,5
room_0267,train,0,4.134,0,0.21,1,1
room_0267,train,1,9.573,1,0.845,1,1
room_0267,train,2,4.662,0,0.135,1,1
room_0267,train,3,3.79,0,0.239,1,1
room_0267,train,4,3.767,0,0.294,1,1
room_0267,train,5,3.589,0,0.143,1,1
room_0267,train,6,3.824,0,0.135,1,1
room_0267,train,7,3.489,0,0.224,1,1
room_0268,train,0,3.751,0,0.222,0,-1
room_0268,train,1,3.797,0,0.095,0,-1
room_0268,train,2,4.174,0,0.328,0,-1
room_0268,train,3,4.349,0,0.162,0,-1
room_0268,train,4,3.833,1,0.805,0,-1
room_0268,train,5,4.13,0,0.25,0,-1
room_0268,train,6,4.384,0,0.167,0,-1
room_0268,train,7,4.39,0,0.121,0,-1
room_0269,test,0,4.286,0,0.279,1,9
room_0269,test,1,4.327,0,0.251,1,9
room_0269,test,2,2.829,0,0.108,1,9
room_0269,test,3,3.866,1,0.165,1,9
room_0269,test,4,3.38,0,0.156,1,9
room_0269,test,5,4.409,0,0.164,1,9
room_0269,test,6,3.507,0,0.184,1,9
room_0269,test,7,4.114,0,0.167,1,9
room_0269,test,8,3.408,0,0.174,1,9
room_0269,test,9,9.347,1,0.836,1,9
room_0269,test,10,3.808,0,0.139,1,9
room_0270,train,0,4.859,0,0.224,0,-1
room_0270,train,1,4.294,0,0.175,0,-1
room_0270,train,2,9.944,0,0.293,0,-1
room_0270,train,3,4.089,0,0.196,0,-1
room_0270,train,4,4.415,0,0.249,0,-1
room_0270,train,5,3.303,0,0.232,0,-1
room_0270,train,6,3.847,1,0.273,0,-1
room_0270,train,7,4.362,0,0.205,0,-1
room_0271,train,0,3.932,0,0.11,1,4
room_0271,train,1,3.846,0,0.164,1,4
room_0271,train,2,4.153,0,0.258,1,4
room_0271,train,3,3.698,0,0.236,1,4
room_0271,train,4,10.624,1,0.93,1,4
room_0271,train,5,3.98,0,0.208,1,4
room_0271,train,6,3.996,0,0.187,1,4
room_0271,train,7,3.731,0,0.165,1,4
room_0271,train,8,4.033,0,0.25,1,4
room_0271,train,9,4.281,0,0.174,1,4
room_0271,train,10,4.214,0,0.182,1,4
room_0271,train,11,3.644,0,0.204,1,4
room_0271,train,12,3.955,0,0.184,1,4
room_0272,train,0,5.184,0,0.088,1,11
room_0272,train,1,4.21,0,0.306,1,11
room_0272,train,2,4.394,0,0.133,1,11
room_0272,train,3,2.932,0,0.207,1,11
room_0272,train,4,4.605,0,0.193,1,11
room_0272,train,5,4.229,0,0.121,1,11
room_0272,train,6,3.212,0,0.05,1,11
room_0272,train,7,4.642,0,0.215,1,11
room_0272,train,8,4.296,0,0.21,1,11
room_0272,train,9,3.834,0,0.286,1,11
room_0272,train,10,4.117,1,0.109,1,11
room_0272,train,11,9.487,1,0.794,1,11
room_0272,train,12,3.973,0,0.201,1,11
room_0273,train,0,3.605,0,0.141,0,-1
room_0273,train,1,3.407,1,0.187,0,-1
room_0273,train,2,3.887,0,0.214,0,-1
room_0273,train,3,4.418,1,0.148,0,-1
room_0273,train,4,3.454,0,0.145,0,-1
room_0273,train,5,3.901,1,0.199,0,-1
room_0273,train,6,3.737,0,0.23,0,-1
room_0273,train,7,4.457,0,0.224,0,-1
room_0273,train,8,4.086,0,0.159,0,-1
room_0273,train,9,4.169,0,0.178,0,-1
room_0273,train,10,3.233,0,0.168,0,-1
room_0273,train,11,4.167,0,0.223,0,-1
room_0273,train,12,4.339,0,0.233,0,-1
room_0273,train,13,4.504,0,0.165,0,-1
room_0273,train,14,9.169,0,0.209,0,-1
room_0273,train,15,4.033,0,0.187,0,-1
room_0273,train,16,3.758,1,0.193,0,-1
room_0274,train,0,3.729,0,0.255,0,-1
room_0274,train,1,2.53,0,0.271,0,-1
room_0274,train,2,4.503,1,0.226,0,-1
room_0274,train,3,4.043,1,0.917,0,-1
room_0274,train,4,2.653,0,0.237,0,-1
room_0274,train,5,4.107,0,0.133,0,-1
room_0274,train,6,4.265,0,0.181,0,-1
room_0274,train,7,4.351,0,0.22,0,-1
room_0275,train,0,4.008,0,0.146,1,12
room_0275,train,1,3.821,0,0.232,1,12
room_0275,train,2,4.466,0,0.194,1,12
room_0275,train,3,4.485,0,0.262,1,12
room_0275,train,4,4.64,1,0.244,1,12
room_0275,train,5,4.556,0,0.268,1,12
room_0275,train,6,4.272,0,0.224,1,12
room_0275,train,7,3.465,0,0.242,1,12
room_0275,train,8,3.754,0,0.156,1,12
room_0275,train,9,3.962,0,0.2,1,12
room_0275,train,10,3.755,0,0.238,1,12
room_0275,train,11,4.565,0,0.211,1,12
room_0275,train,12,10.435,1,0.753,1,12
room_0275,train,13,4.099,0,0.185,1,12
room_0275,train,14,3.363,0,0.188,1,12
room_0275,train,15,4.398,0,0.195,1,12
room_0275,train,16,4.488,0,0.159,1,12
room_0276,train,0,5.179,0,0.223,1,3
room_0276,train,1,4.435,0,0.18,1,3
room_0276,train,2,3.471,0,0.111,1,3
room_0276,train,3,10.209,1,0.865,1,3
room_0276,train,4,4.505,0,0.22,1,3
room_0276,train,5,4.012,0,0.206,1,3
room_0276,train,6,3.808,1,0.237,1,3
room_0276,train,7,4.028,0,0.197,1,3
room_0276,train,8,4.267,0,0.239,1,3
room_0276,train,9,3.581,0,0.157,1,3
room_0276,train,10,3.93,0,0.157,1,3
room_0276,train,11,3.749,0,0.236,1,3
room_0276,train,12,3.763,0,0.197,1,3
room_0276,train,13,3.853,0,0.248,1,3
room_0277,train,0,3.821,0,0.213,1,1
room_0277,train,1,10.775,1,0.795,1,1
room_0277,train,2,3.805,0,0.157,1,1
room_0277,train,3,4.259,0,0.164,1,1
room_0277,train,4,4.539,0,0.224,1,1
room_0277,train,5,3.588,0,0.156,1,1
room_0277,train,6,4.831,0,0.164,1,1
room_0277,train,7,3.338,0,0.196,1,1
room_0277,train,8,4.103,0,0.18,1,1
room_0277,train,9,3.191,0,0.264,1,1
room_0278,train,0,4.552,0,0.282,0,-1
room_0278,train,1,4.819,0,0.184,0,-1
room_0278,train,2,4.5,0,0.182,0,-1
room_0278,train,3,3.12,1,0.167,0,-1
room_0278,train,4,4.462,0,0.221,0,-1
room_0278,train,5,3.539,0,0.178,0,-1
room_0278,train,6,4.69,0,0.097,0,-1
room_0278,train,7,3.913,0,0.244,0,-1
room_0278,train,8,4.381,0,0.235,0,-1
room_0278,train,9,4.081,0,0.249,0,-1
room_0278,train,10,4.024,0,0.264,0,-1
room_0278,train,11,3.342,1,0.202,0,-1
room_0279,test,0,3.951,0,0.178,1,7
room_0279,test,1,4.128,0,0.169,1,7
room_0279,test,2,3.129,0,0.151,1,7
room_0279,test,3,4.574,0,0.254,1,7
room_0279,test,4,3.956,0,0.241,1,7
room_0279,test,5,3.515,0,0.142,1,7
room_0279,test,6,4.24,0,0.135,1,7
room_0279,test,7,10.638,1,0.772,1,7
room_0279,test,8,4.158,0,0.239,1,7
room_0280,test,0,3.83,0,0.199,1,9
room_0280,test,1,3.986,0,0.16,1,9
room_0280,test,2,3.677,0,0.161,1,9
room_0280,test,3,4.142,0,0.264,1,9
room_0280,test,4,3.862,0,0.256,1,9
room_0280,test,5,4.56,0,0.23,1,9
room_0280,test,6,3.888,0,0.2,1,9
room_0280,test,7,4.112,0,0.158,1,9
room_0280,test,8,4.584,0,0.248,1,9
room_0280,test,9,9.377,1,0.885,1,9
room_0280,test,10,4.89,0,0.191,1,9
room_0280,test,11,3.937,0,0.222,1,9
room_0280,test,12,3.387,0,0.178,1,9
room_0280,test,13,3.286,0,0.291,1,9
room_0280,test,14,3.776,0,0.188,1,9
room_0280,test,15,3.8,0,0.241,1,9
room_0280,test,16,3.873,0,0.136,1,9
room_0281,train,0,3.721,0,0.187,0,-1
room_0281,train,1,2.975,0,0.123,0,-1
room_0281,train,2,4.067,0,0.272,0,-1
room_0281,train,3,3.352,0,0.165,0,-1
room_0281,train,4,4.226,0,0.119,0,-1
room_0281,train,5,3.243,0,0.219,0,-1
room_0281,train,6,4.689,0,0.24,0,-1
room_0281,train,7,3.901,0,0.179,0,-1
room_0281,train,8,4.499,1,0.25,0,-1
room_0281,train,9,3.827,0,0.177,0,-1
room_0281,train,10,4.065,0,0.207,0,-1
room_0281,train,11,3.829,0,0.226,0,-1
room_0281,train,12,3.646,0,0.17,0,-1
room_0281,train,13,3.602,0,0.228,0,-1
room_0281,train,14,4.073,0,0.229,0,-1
room_0281,train,15,4.253,0,0.208,0,-1
room_0281,train,16,3.651,0,0.151,0,-1
room_0282,train,0,4.202,0,0.221,0,-1
room_0282,train,1,3.985,0,0.238,0,-1
room_0282,train,2,3.889,0,0.262,0,-1
room_0282,train,3,3.946,0,0.16,0,-1
room_0282,train,4,3.983,0,0.244,0,-1
room_0282,train,5,4.444,0,0.154,0,-1
room_0282,train,6,4.012,0,0.176,0,-1
room_0282,train,7,3.315,0,0.226,0,-1
room_0282,train,8,4.881,0,0.16,0,-1
room_0282,train,9,9.862,0,0.195,0,-1
room_0282,train,10,4.339,0,0.26,0,-1
room_0283,train,0,3.973,0,0.188,1,8
room_0283,train,1,3.927,0,0.183,1,8
room_0283,train,2,3.843,0,0.202,1,8
room_0283,train,3,3.345,0,0.156,1,8
room_0283,train,4,4.393,0,0.162,1,8
room_0283,train,5,4.009,0,0.265,1,8
room_0283,train,6,4.283,0,0.236,1,8
room_0283,train,7,4.401,0,0.121,1,8
room_0283,train,8,9.783,1,0.884,1,8
room_0283,train,9,3.569,1,0.12,1,8
room_0283,train,10,3.672,0,0.223,1,8
room_0284,test,0,4.15,0,0.212,0,-1
room_0284,test,1,4.195,0,0.267,0,-1
room_0284,test,2,4.651,0,0.14,0,-1
room_0284,test,3,4.218,0,0.179,0,-1
room_0284,test,4,4.705,0,0.224,0,-1
room_0284,test,5,3.792,0,0.187,0,-1
room_0284,test,6,2.627,0,0.155,0,-1
room_0284,test,7,4.185,0,0.303,0,-1
room_0284,test,8,4.208,0,0.169,0,-1
room_0284,test,9,3.937,0,0.21,0,-1
room_0284,test,10,3.782,0,0.254,0,-1
room_0284,test,11,4.4,0,0.191,0,-1
room_0284,test,12,4.778,0,0.239,0,-1
room_0284,test,13,4.996,0,0.272,0,-1
room_0285,train,0,3.554,1,0.206,1,14
room_0285,train,1,3.952,0,0.166,1,14
room_0285,train,2,4.197,0,0.234,1,14
room_0285,train,3,4.34,1,0.138,1,14
room_0285,train,4,4.158,0,0.219,1,14
room_0285,train,5,4.001,0,0.198,1,14
room_0285,train,6,4.114,0,0.186,1,14
room_0285,train,7,4.128,1,0.13,1,14
room_0285,train,8,4.101,0,0.189,1,14
room_0285,train,9,3.741,0,0.233,1,14
room_0285,train,10,4.118,0,0.116,1,14
room_0285,train,11,3.401,0,0.219,1,14
room_0285,train,12,4.443,0,0.182,1,14
room_0285,train,13,4.614,0,0.238,1,14
room_0285,train,14,10.215,1,0.885,1,14
room_0285,train,15,4.156,0,0.207,1,14
room_0285,train,16,3.396,0,0.072,1,14
room_0286,train,0,3.783,0,0.282,0,-1
room_0286,train,1,3.418,0,0.186,0,-1
room_0286,train,2,3.829,0,0.233,0,-1
room_0286,train,3,3.837,0,0.173,0,-1
room_0286,train,4,4.272,0,0.178,0,-1
room_0286,train,5,3.766,1,0.913,0,-1
room_0286,train,6,4.177,0,0.211,0,-1
room_0286,train,7,5.413,0,0.22,0,-1
room_0286,train,8,3.755,0,0.258,0,-1
room_0286,train,9,3.576,0,0.153,0,-1
room_0286,train,10,4.408,0,0.16,0,-1
room_0286,train,11,3.852,0,0.303,0,-1
room_0286,train,12,4.976,0,0.206,0,-1
room_0286,train,13,3.826,0,0.181,0,-1
room_0286,train,14,3.911,0,0.182,0,-1
room_0286,train,15,4.065,1,0.177,0,-1
room_0287,train,0,3.536,0,0.225,1,12
room_0287,train,1,3.933,0,0.201,1,12
room_0287,train,2,4.276,0,0.25,1,12
room_0287,train,3,3.209,0,0.179,1,12
room_0287,train,4,3.992,0,0.233,1,12
room_0287,train,5,4.903,0,0.12,1,12
room_0287,train,6,4.074,0,0.239,1,12
room_0287,train,7,4.142,0,0.142,1,12
room_0287,train,8,4.497,0,0.184,1,12
room_0287,train,9,3.321,0,0.25,1,12
room_0287,train,10,4.437,0,0.14,1,12
room_0287,train,11,3.701,0,0.229,1,12
room_0287,train,12,10.38,1,0.877,1,12
room_0287,train,13,3.899,0,0.182,1,12
room_0287,train,14,4.674,0,0.217,1,12
room_0288,train,0,3.752,0,0.18,1,4
room_0288,train,1,4.235,0,0.229,1,4
room_0288,train,2,3.999,0,0.264,1,4
room_0288,train,3,4.285,0,0.146,1,4
room_0288,train,4,10.658,1,0.766,1,4
room_0288,train,5,4.079,0,0.203,1,4
room_0288,train,6,3.921,0,0.18,1,4
room_0288,train,7,4.395,0,0.248,1,4
room_0288,train,8,3.418,1,0.178,1,4
room_0288,train,9,3.784,0,0.164,1,4
room_0288,train,10,3.859,0,0.231,1,4
room_0288,train,11,4.293,0,0.212,1,4
room_0288,train,12,3.971,1,0.189,1,4
room_0289,train,0,3.698,0,0.295,1,3
room_0289,train,1,4.267,0,0.204,1,3
room_0289,train,2,3.427,0,0.159,1,3
room_0289,train,3,10.614,1,0.941,1,3
room_0289,train,4,3.746,0,0.141,1,3
room_0289,train,5,3.486,0,0.243,1,3
room_0289,train,6,4.428,0,0.232,1,3
room_0289,train,7,3.847,0,0.154,1,3
room_0289,train,8,3.921,0,0.268,1,3
room_0289,train,9,4.292,0,0.182,1,3
room_0290,test,0,3.495,0,0.192,0,-1
room_0290,test,1,3.884,0,0.194,0,-1
room_0290,test,2,5.008,0,0.141,0,-1
room_0290,test,3,4.035,0,0.14,0,-1
room_0290,test,4,3.561,0,0.234,0,-1
room_0290,test,5,3.601,0,0.226,0,-1
room_0290,test,6,3.584,1,0.312,0,-1
room_0290,test,7,4.41,0,0.151,0,-1
room_0290,test,8,3.479,0,0.253,0,-1
room_0290,test,9,3.735,0,0.207,0,-1
room_0290,test,10,3.707,0,0.175,0,-1
room_0290,test,11,4.223,0,0.221,0,-1
room_0291,train,0,3.948,0,0.126,1,13
room_0291,train,1,3.42,0,0.229,1,13
room_0291,train,2,4.239,0,0.18,1,13
room_0291,train,3,4.387,0,0.18,1,13
room_0291,train,4,4.148,0,0.213,1,13
room_0291,train,5,3.521,0,0.113,1,13
room_0291,train,6,3.736,0,0.175,1,13
room_0291,train,7,4.21,0,0.216,1,13
room_0291,train,8,4.027,0,0.215,1,13
room_0291,train,9,3.611,0,0.241,1,13
room_0291,train,10,3.555,0,0.13,1,13
room_0291,train,11,4.619,0,0.244,1,13
room_0291,train,12,4.344,0,0.102,1,13
room_0291,train,13,9.115,1,0.866,1,13
room_0291,train,14,4.005,1,0.258,1,13
room_0291,train,15,4.049,0,0.189,1,13
room_0291,train,16,4.524,1,0.163,1,13
room_0292,train,0,4.477,0,0.23,0,-1
room_0292,train,1,3.751,0,0.208,0,-1
room_0292,train,2,3.536,0,0.152,0,-1
room_0292,train,3,4.483,0,0.117,0,-1
room_0292,train,4,4.192,0,0.21,0,-1
room_0292,train,5,4.437,1,0.891,0,-1
room_0292,train,6,4.452,0,0.23,0,-1
room_0292,train,7,3.984,0,0.209,0,-1
room_0292,train,8,4.101,0,0.213,0,-1
room_0292,train,9,3.44,0,0.233,0,-1
room_0292,train,10,4.076,0,0.242,0,-1
room_0293,train,0,3.994,0,0.233,0,-1
room_0293,train,1,4.294,0,0.224,0,-1
room_0293,train,2,4.002,0,0.129,0,-1
room_0293,train,3,4.059,1,0.2,0,-1
room_0293,train,4,3.482,0,0.224,0,-1
room_0293,train,5,3.471,0,0.174,0,-1
room_0293,train,6,3.466,0,0.158,0,-1
room_0293,train,7,4.498,0,0.222,0,-1
room_0294,train,0,3.066,0,0.241,0,-1
room_0294,train,1,3.976,0,0.183,0,-1
room_0294,train,2,3.554,0,0.138,0,-1
room_0294,train,3,4.362,0,0.142,0,-1
room_0294,train,4,10.946,0,0.151,0,-1
room_0294,train,5,3.68,0,0.254,0,-1
room_0294,train,6,4.172,0,0.244,0,-1
room_0294,train,7,3.677,0,0.208,0,-1
room_0294,train,8,4.272,0,0.168,0,-1
room_0294,train,9,3.967,0,0.253,0,-1
room_0294,train,10,4.413,0,0.207,0,-1
room_0294,train,11,3.349,0,0.192,0,-1
room_0294,train,12,3.522,0,0.224,0,-1
room_0294,train,13,3.855,0,0.218,0,-1
room_0294,train,14,3.393,0,0.227,0,-1
room_0295,train,0,4.889,0,0.204,0,-1
room_0295,train,1,4.086,0,0.19,0,-1
room_0295,train,2,4.356,1,0.905,0,-1
room_0295,train,3,3.391,0,0.248,0,-1
room_0295,train,4,4.704,0,0.213,0,-1
room_0295,train,5,3.98,0,0.265,0,-1
room_0295,train,6,4.002,0,0.202,0,-1
room_0295,train,7,3.468,0,0.247,0,-1
room_0295,train,8,4.504,0,0.124,0,-1
room_0295,train,9,4.069,0,0.156,0,-1
room_0295,train,10,4.531,0,0.213,0,-1
room_0295,train,11,4.609,0,0.11,0,-1
room_0295,train,12,4.7,0,0.194,0,-1
room_0295,train,13,3.233,0,0.12,0,-1
room_0295,train,14,4.504,0,0.117,0,-1
room_0296,train,0,4.154,0,0.268,1,11
room_0296,train,1,4.223,0,0.22,1,11
room_0296,train,2,4.282,0,0.208,1,11
room_0296,train,3,3.896,0,0.177,1,11
room_0296,train,4,3.767,0,0.12,1,11
room_0296,train,5,3.703,0,0.144,1,11
room_0296,train,6,4.469,0,0.144,1,11
room_0296,train,7,3.687,0,0.213,1,11
room_0296,train,8,3.711,0,0.216,1,11
room_0296,train,9,4.599,0,0.15,1,11
room_0296,train,10,3.545,0,0.144,1,11
room_0296,train,11,10.594,1,0.857,1,11
room_0296,train,12,4.092,0,0.195,1,11
room_0296,train,13,4.103,0,0.247,1,11
room_0297,train,0,3.764,0,0.249,0,-1
room_0297,train,1,3.541,0,0.175,0,-1
room_0297,train,2,4.083,1,0.224,0,-1
room_0297,train,3,3.614,0,0.156,0,-1
room_0297,train,4,3.285,0,0.17,0,-1
room_0297,train,5,4.079,0,0.151,0,-1
room_0297,train,6,3.575,0,0.189,0,-1
room_0297,train,7,9.118,0,0.218,0,-1
room_0297,train,8,3.541,0,0.16,0,-1
room_0297,train,9,4.088,1,0.248,0,-1
room_0298,train,0,4.049,0,0.17,0,-1
room_0298,train,1,4.036,0,0.135,0,-1
room_0298,train,2,4.42,0,0.262,0,-1
room_0298,train,3,4.397,1,0.807,0,-1
room_0298,train,4,3.657,0,0.277,0,-1
room_0298,train,5,3.773,0,0.142,0,-1
room_0298,train,6,3.564,0,0.182,0,-1
room_0298,train,7,4.235,0,0.272,0,-1
room_0298,train,8,4.477,0,0.168,0,-1
room_0298,train,9,3.298,0,0.181,0,-1
room_0298,train,10,3.85,0,0.22,0,-1
room_0298,train,11,4.041,0,0.144,0,-1
room_0299,train,0,3.302,0,0.115,1,14
room_0299,train,1,4.048,0,0.126,1,14
room_0299,train,2,4.016,0,0.155,1,14
room_0299,train,3,4.082,0,0.24,1,14
room_0299,train,4,3.715,0,0.184,1,14
room_0299,train,5,4.064,0,0.275,1,14
room_0299,train,6,3.745,0,0.205,1,14
room_0299,train,7,3.74,0,0.168,1,14
room_0299,train,8,4.272,0,0.186,1,14
room_0299,train,9,3.709,0,0.203,1,14
room_0299,train,10,3.414,0,0.188,1,14
room_0299,train,11,3.891,0,0.158,1,14
room_0299,train,12,3.787,0,0.218,1,14
room_0299,train,13,4.05,0,0.219,1,14
room_0299,train,14,10.973,1,0.881,1,14
room_0299,train,15,4.294,0,0.081,1,14
room_0299,train,16,5.194,0,0.24,1,14
room_0300,train,0,3.569,0,0.163,0,-1
room_0300,train,1,3.688,0,0.208,0,-1
room_0300,train,2,9.76,0,0.185,0,-1
room_0300,train,3,4.199,0,0.167,0,-1
room_0300,train,4,4.098,0,0.186,0,-1
room_0300,train,5,3.309,0,0.176,0,-1
room_0300,train,6,4.626,0,0.223,0,-1
room_0300,train,7,3.377,1,0.208,0,-1
room_0301,train,0,3.987,0,0.167,0,-1
room_0301,train,1,3.751,0,0.229,0,-1
room_0301,train,2,4.054,0,0.215,0,-1
room_0301,train,3,3.893,0,0.269,0,-1
room_0301,train,4,3.516,0,0.203,0,-1
room_0301,train,5,3.783,1,0.819,0,-1
room_0301,train,6,4.112,0,0.077,0,-1
room_0301,train,7,4.046,1,0.253,0,-1
room_0302,test,0,3.49,0,0.2,1,6
room_0302,test,1,4.863,0,0.195,1,6
room_0302,test,2,4.092,0,0.161,1,6
room_0302,test,3,4.055,1,0.105,1,6
room_0302,test,4,4.553,1,0.207,1,6
room_0302,test,5,3.318,0,0.176,1,6
room_0302,test,6,10.771,1,0.845,1,6
room_0302,test,7,3.881,0,0.232,1,6
room_0302,test,8,4.635,0,0.204,1,6
room_0302,test,9,3.72,0,0.198,1,6
room_0303,train,0,3.612,0,0.132,0,-1
room_0303,train,1,3.545,0,0.273,0,-1
room_0303,train,2,9.902,0,0.187,0,-1
room_0303,train,3,3.744,0,0.167,0,-1
room_0303,train,4,3.77,0,0.136,0,-1
room_0303,train,5,4.245,0,0.195,0,-1
room_0303,train,6,3.919,0,0.27,0,-1
room_0303,train,7,3.772,0,0.2,0,-1
room_0303,train,8,3.667,0,0.113,0,-1
room_0303,train,9,3.667,1,0.125,0,-1
room_0303,train,10,4.17,0,0.176,0,-1
room_0303,train,11,4.343,0,0.125,0,-1
room_0303,train,12,3.809,0,0.159,0,-1
room_0303,train,13,3.734,0,0.207,0,-1
room_0303,train,14,3.827,0,0.148,0,-1
room_0304,train,0,5.317,0,0.256,1,4
room_0304,train,1,4.264,0,0.126,1,4
room_0304,train,2,3.334,0,0.187,1,4
room_0304,train,3,3.625,1,0.22,1,4
room_0304,train,4,9.601,1,0.777,1,4
room_0304,train,5,4.572,0,0.252,1,4
room_0304,train,6,4.571,0,0.229,1,4
room_0304,train,7,3.248,0,0.168,1,4
room_0304,train,8,3.434,0,0.203,1,4
room_0304,train,9,4.73,0,0.257,1,4
room_0304,train,10,3.546,0,0.179,1,4
room_0304,train,11,3.902,0,0.166,1,4
room_0304,train,12,4.138,0,0.278,1,4
room_0304,train,13,4.995,0,0.163,1,4
room_0304,train,14,4.584,0,0.14,1,4
room_0304,train,15,3.945,0,0.198,1,4
room_0304,train,16,4.063,0,0.23,1,4
room_0305,train,0,3.664,0,0.182,1,6
room_0305,train,1,4.137,0,0.236,1,6
room_0305,train,2,2.89,0,0.172,1,6
room_0305,train,3,4.156,0,0.208,1,6
room_0305,train,4,3.672,0,0.213,1,6
room_0305,train,5,3.881,0,0.297,1,6
room_0305,train,6,10.874,1,0.867,1,6
room_0305,train,7,3.069,0,0.308,1,6
room_0305,train,8,3.788,0,0.274,1,6
room_0306,test,0,4.301,0,0.186,0,-1
room_0306,test,1,3.721,0,0.163,0,-1
room_0306,test,2,4.468,0,0.304,0,-1
room_0306,test,3,3.916,0,0.241,0,-1
room_0306,test,4,4.541,0,0.168,0,-1
room_0306,test,5,3.748,0,0.155,0,-1
room_0306,test,6,4.291,0,0.171,0,-1
room_0306,test,7,10.6,0,0.131,0,-1
room_0306,test,8,4.431,0,0.166,0,-1
room_0306,test,9,4.188,1,0.129,0,-1
room_0306,test,10,4.414,1,0.202,0,-1
room_0306,test,11,2.742,0,0.214,0,-1
room_0306,test,12,4.14,0,0.199,0,-1
room_0306,test,13,3.932,1,0.145,0,-1
room_0307,test,0,4.6,0,0.183,1,1
room_0307,test,1,9.928,1,0.75,1,1
room_0307,test,2,3.859,0,0.276,1,1
room_0307,test,3,3.728,0,0.209,1,1
room_0307,test,4,4.175,0,0.18,1,1
room_0307,test,5,4.488,0,0.158,1,1
room_0307,test,6,3.747,0,0.179,1,1
room_0307,test,7,3.836,0,0.072,1,1
room_0307,test,8,4.422,0,0.249,1,1
room_0308,train,0,4.446,0,0.188,0,-1
room_0308,train,1,3.834,0,0.199,0,-1
room_0308,train,2,4.422,0,0.258,0,-1
room_0308,train,3,4.6,0,0.143,0,-1
room_0308,train,4,4.426,0,0.193,0,-1
room_0308,train,5,4.3,0,0.194,0,-1
room_0308,train,6,3.884,0,0.181,0,-1
room_0308,train,7,4.118,0,0.207,0,-1
room_0308,train,8,4.324,0,0.212,0,-1
room_0308,train,9,3.302,0,0.162,0,-1
room_0308,train,10,3.64,1,0.234,0,-1
room_0308,train,11,4.534,0,0.252,0,-1
room_0308,train,12,3.926,0,0.178,0,-1
room_0308,train,13,4.61,0,0.252,0,-1
room_0308,train,14,4.384,0,0.192,0,-1
room_0308,train,15,3.671,0,0.201,0,-1
room_0308,train,16,4.63,0,0.212,0,-1
room_0309,train,0,4.365,0,0.199,1,8
room_0309,train,1,4.119,0,0.161,1,8
room_0309,train,2,3.986,0,0.123,1,8
room_0309,train,3,4.699,0,0.18,1,8
room_0309,train,4,4.028,0,0.223,1,8
room_0309,train,5,3.548,0,0.207,1,8
room_0309,train,6,3.785,0,0.23,1,8
room_0309,train,7,3.83,1,0.215,1,8
room_0309,train,8,9.033,1,0.824,1,8
room_0309,train,9,4.021,0,0.241,1,8
room_0309,train,10,4.927,0,0.172,1,8
room_0309,train,11,4.273,0,0.214,1,8
room_0310,train,0,4.044,0,0.281,1,8
room_0310,train,1,4.195,0,0.154,1,8
room_0310,train,2,3.209,0,0.188,1,8
room_0310,train,3,4.101,0,0.231,1,8
room_0310,train,4,3.891,0,0.174,1,8
room_0310,train,5,4.048,0,0.15,1,8
room_0310,train,6,4.174,0,0.31,1,8
room_0310,train,7,3.858,0,0.23,1,8
room_0310,train,8,9.223,1,0.938,1,8
room_0310,train,9,2.854,0,0.097,1,8
room_0310,train,10,4.783,0,0.214,1,8
room_0310,train,11,3.786,1,0.212,1,8
room_0310,train,12,5.125,0,0.158,1,8
room_0310,train,13,3.934,0,0.19,1,8
room_0310,train,14,3.612,1,0.247,1,8
room_0311,train,0,4.228,0,0.207,1,9
room_0311,train,1,5.153,0,0.159,1,9
room_0311,train,2,3.456,0,0.233,1,9
room_0311,train,3,3.119,0,0.176,1,9
room_0311,train,4,3.78,0,0.129,1,9
room_0311,train,5,4.594,0,0.133,1,9
room_0311,train,6,4.47,0,0.161,1,9
room_0311,train,7,3.881,0,0.219,1,9
room_0311,train,8,3.378,0,0.222,1,9
room_0311,train,9,10.171,1,0.911,1,9
room_0311,train,10,4.195,0,0.201,1,9
room_0311,train,11,3.81,0,0.244,1,9
room_0312,train,0,4.673,0,0.171,0,-1
room_0312,train,1,4.857,0,0.142,0,-1
room_0312,train,2,4.872,0,0.171,0,-1
room_0312,train,3,4.442,0,0.178,0,-1
room_0312,train,4,4.319,0,0.211,0,-1
room_0312,train,5,3.118,0,0.276,0,-1
room_0312,train,6,3.922,0,0.169,0,-1
room_0312,train,7,3.384,0,0.237,0,-1
room_0312,train,8,4.197,0,0.201,0,-1
room_0312,train,9,3.785,0,0.166,0,-1
room_0312,train,10,4.211,0,0.257,0,-1
room_0312,train,11,3.969,0,0.19,0,-1
room_0312,train,12,9.466,0,0.228,0,-1
room_0312,train,13,3.992,0,0.16,0,-1
room_0312,train,14,4.18,0,0.125,0,-1
room_0312,train,15,3.974,1,0.236,0,-1
room_0312,train,16,3.955,0,0.176,0,-1
room_0313,train,0,3.928,0,0.171,0,-1
room_0313,train,1,4.415,1,0.778,0,-1
room_0313,train,2,3.245,0,0.165,0,-1
room_0313,train,3,3.633,0,0.195,0,-1
room_0313,train,4,4.588,0,0.204,0,-1
room_0313,train,5,3.971,0,0.179,0,-1
room_0313,train,6,3.865,0,0.222,0,-1
room_0313,train,7,4.089,1,0.221,0,-1
room_0313,train,8,4.23,0,0.232,0,-1
room_0313,train,9,4.325,0,0.277,0,-1
room_0313,train,10,4.417,0,0.227,0,-1
room_0313,train,11,4.302,0,0.179,0,-1
room_0313,train,12,3.938,0,0.216,0,-1
room_0313,train,13,4.457,0,0.205,0,-1
room_0313,train,14,3.39,0,0.179,0,-1
room_0313,train,15,3.9,1,0.208,0,-1
room_0313,train,16,3.602,0,0.24,0,-1
room_0313,train,17,4.036,0,0.245,0,-1
room_0314,test,0,4.013,0,0.193,1,7
room_0314,test,1,4.314,0,0.204,1,7
room_0314,test,2,4.641,0,0.161,1,7
room_0314,test,3,3.28,1,0.157,1,7
room_0314,test,4,4.209,0,0.203,1,7
room_0314,test,5,3.601,0,0.215,1,7
room_0314,test,6,3.94,0,0.107,1,7
room_0314,test,7,9.463,1,0.824,1,7
room_0314,test,8,3.659,1,0.133,1,7
room_0315,test,0,4.226,0,0.252,0,-1
room_0315,test,1,3.888,0,0.211,0,-1
room_0315,test,2,3.494,1,0.191,0,-1
room_0315,test,3,3.788,0,0.274,0,-1
room_0315,test,4,4.376,0,0.211,0,-1
room_0315,test,5,3.284,0,0.168,0,-1
room_0315,test,6,4.243,1,0.237,0,-1
room_0315,test,7,3.534,0,0.156,0,-1
room_0315,test,8,10.894,0,0.169,0,-1
room_0315,test,9,3.834,0,0.183,0,-1
room_0315,test,10,4.565,0,0.18,0,-1
room_0315,test,11,3.451,0,0.202,0,-1
room_0315,test,12,3.909,0,0.169,0,-1
room_0315,test,13,3.954,0,0.197,0,-1
room_0315,test,14,4.607,0,0.161,0,-1
room_0315,test,15,4.072,0,0.202,0,-1
room_0316,train,0,3.998,0,0.203,0,-1
room_0316,train,1,4.559,0,0.161,0,-1
room_0316,train,2,3.627,0,0.213,0,-1
room_0316,train,3,4.356,0,0.142,0,-1
room_0316,train,4,3.675,0,0.175,0,-1
room_0316,train,5,3.783,1,0.819,0,-1
room_0316,train,6,4.155,0,0.206,0,-1
room_0316,train,7,3.71,0,0.217,0,-1
room_0316,train,8,4.191,0,0.23,0,-1
room_0316,train,9,3.991,0,0.236,0,-1
room_0316,train,10,3.616,0,0.077,0,-1
room_0316,train,11,4.215,0,0.17,0,-1
room_0316,train,12,3.02,0,0.228,0,-1
room_0316,train,13,4.764,0,0.163,0,-1
room_0317,train,0,3.905,1,0.177,1,2
room_0317,train,1,3.753,0,0.204,1,2
room_0317,train,2,9.559,1,0.771,1,2
room_0317,train,3,3.884,0,0.222,1,2
room_0317,train,4,4.173,0,0.18,1,2
room_0317,train,5,3.349,0,0.201,1,2
room_0317,train,6,4.411,0,0.184,1,2
room_0317,train,7,4.435,0,0.235,1,2
room_0317,train,8,3.669,0,0.169,1,2
room_0317,train,9,3.963,0,0.227,1,2
room_0317,train,10,4.408,0,0.125,1,2
room_0317,train,11,4.135,0,0.095,1,2
room_0317,train,12,4.532,0,0.202,1,2
room_0317,train,13,4.14,0,0.264,1,2
room_0317,train,14,4.033,0,0.159,1,2
room_0317,train,15,3.811,0,0.179,1,2
room_0317,train,16,2.987,1,0.203,1,2
room_0318,train,0,2.894,0,0.305,1,7
room_0318,train,1,4.0,0,0.219,1,7
room_0318,train,2,3.216,0,0.158,1,7
room_0318,train,3,4.303,0,0.232,1,7
room_0318,train,4,5.056,1,0.159,1,7
room_0318,train,5,3.884,0,0.161,1,7
room_0318,train,6,4.496,0,0.253,1,7
room_0318,train,7,10.792,1,0.908,1,7
room_0318,train,8,4.032,0,0.204,1,7
room_0318,train,9,3.633,0,0.147,1,7
room_0318,train,10,4.737,0,0.253,1,7
room_0319,train,0,4.253,0,0.148,1,3
room_0319,train,1,4.186,0,0.176,1,3
room_0319,train,2,3.518,0,0.226,1,3
room_0319,train,3,10.598,1,0.925,1,3
room_0319,train,4,4.031,0,0.214,1,3
room_0319,train,5,4.433,0,0.184,1,3
room_0319,train,6,3.839,0,0.171,1,3
room_0319,train,7,3.307,0,0.18,1,3
room_0319,train,8,3.281,0,0.191,1,3
room_0319,train,9,3.939,0,0.262,1,3
room_0319,train,10,4.391,0,0.184,1,3
room_0319,train,11,3.015,0,0.29,1,3
room_0319,train,12,4.464,0,0.224,1,3
room_0319,train,13,4.009,1,0.247,1,3
room_0319,train,14,3.997,0,0.208,1,3
room_0319,train,15,4.532,0,0.214,1,3
room_0319,train,16,3.988,0,0.224,1,3
room_0320,train,0,3.856,0,0.223,0,-1
room_0320,train,1,3.761,0,0.217,0,-1
room_0320,train,2,3.482,0,0.224,0,-1
room_0320,train,3,4.024,0,0.175,0,-1
room_0320,train,4,4.454,0,0.183,0,-1
room_0320,train,5,3.972,0,0.213,0,-1
room_0320,train,6,3.593,0,0.242,0,-1
room_0320,train,7,3.556,1,0.175,0,-1
room_0320,train,8,4.87,0,0.289,0,-1
room_0320,train,9,3.331,0,0.172,0,-1
room_0320,train,10,4.273,0,0.124,0,-1
room_0320,train,11,4.261,0,0.158,0,-1
room_0320,train,12,3.872,0,0.238,0,-1
room_0320,train,13,4.374,1,0.17,0,-1
room_0320,train,14,4.471,0,0.214,0,-1
room_0321,train,0,4.871,0,0.192,0,-1
room_0321,train,1,3.736,0,0.216,0,-1
room_0321,train,2,3.697,0,0.184,0,-1
room_0321,train,3,4.444,0,0.182,0,-1
room_0321,train,4,4.026,0,0.198,0,-1
room_0321,train,5,3.948,0,0.178,0,-1
room_0321,train,6,4.838,1,0.218,0,-1
room_0321,train,7,4.446,0,0.191,0,-1
room_0321,train,8,9.95,0,0.239,0,-1
room_0321,train,9,3.978,0,0.156,0,-1
room_0321,train,10,4.154,0,0.143,0,-1
room_0321,train,11,3.966,0,0.134,0,-1
room_0321,train,12,4.083,0,0.16,0,-1
room_0322,test,0,4.236,0,0.242,1,6
room_0322,test,1,4.075,0,0.249,1,6
room_0322,test,2,3.641,0,0.214,1,6
room_0322,test,3,3.803,0,0.215,1,6
room_0322,test,4,3.822,0,0.217,1,6
room_0322,test,5,3.806,0,0.107,1,6
room_0322,test,6,9.734,1,0.72,1,6
room_0322,test,7,4.706,0,0.242,1,6
room_0322,test,8,3.187,0,0.232,1,6
room_0322,test,9,4.42,0,0.194,1,6
room_0322,test,10,4.713,1,0.246,1,6
room_0322,test,11,3.801,0,0.228,1,6
room_0322,test,12,4.234,0,0.184,1,6
room_0322,test,13,3.754,0,0.249,1,6
room_0322,test,14,4.753,0,0.195,1,6
room_0322,test,15,3.184,0,0.18,1,6
room_0323,train,0,4.036,0,0.214,1,8
room_0323,train,1,3.699,0,0.191,1,8
room_0323,train,2,4.098,0,0.175,1,8
room_0323,train,3,4.345,0,0.079,1,8
room_0323,train,4,3.041,0,0.22,1,8
room_0323,train,5,3.916,0,0.254,1,8
room_0323,train,6,3.774,0,0.143,1,8
room_0323,train,7,3.43,0,0.241,1,8
room_0323,train,8,9.248,1,0.752,1,8
room_0323,train,9,4.334,0,0.224,1,8
room_0324,test,0,3.977,0,0.198,0,-1
room_0324,test,1,4.582,0,0.126,0,-1
room_0324,test,2,4.025,0,0.175,0,-1
room_0324,test,3,4.354,0,0.103,0,-1
room_0324,test,4,3.511,0,0.124,0,-1
room_0324,test,5,4.829,0,0.101,0,-1
room_0324,test,6,10.859,0,0.218,0,-1
room_0324,test,7,4.208,0,0.203,0,-1
room_0325,train,0,3.638,0,0.234,0,-1
room_0325,train,1,3.915,0,0.202,0,-1
room_0325,train,2,3.404,0,0.244,0,-1
room_0325,train,3,3.772,0,0.192,0,-1
room_0325,train,4,4.04,1,0.173,0,-1
room_0325,train,5,3.651,0,0.258,0,-1
room_0325,train,6,4.336,1,0.147,0,-1
room_0325,train,7,3.791,0,0.172,0,-1
room_0325,train,8,4.187,1,0.917,0,-1
room_0325,train,9,3.953,0,0.101,0,-1
room_0326,train,0,3.684,0,0.137,0,-1
room_0326,train,1,3.619,0,0.213,0,-1
room_0326,train,2,4.335,0,0.149,0,-1
room_0326,train,3,3.806,0,0.238,0,-1
room_0326,train,4,4.223,0,0.249,0,-1
room_0326,train,5,4.332,1,0.162,0,-1
room_0326,train,6,4.399,0,0.185,0,-1
room_0326,train,7,3.491,0,0.195,0,-1
room_0326,train,8,4.025,0,0.215,0,-1
room_0326,train,9,3.368,0,0.163,0,-1
room_0326,train,10,4.641,0,0.172,0,-1
room_0326,train,11,4.598,0,0.182,0,-1
room_0326,train,12,4.742,1,0.223,0,-1
room_0327,train,0,3.327,0,0.125,0,-1
room_0327,train,1,4.034,0,0.206,0,-1
room_0327,train,2,3.653,0,0.233,0,-1
room_0327,train,3,4.251,0,0.091,0,-1
room_0327,train,4,3.266,0,0.162,0,-1
room_0327,train,5,4.14,0,0.238,0,-1
room_0327,train,6,4.063,0,0.181,0,-1
room_0327,train,7,9.217,0,0.15,0,-1
room_0327,train,8,3.689,0,0.12,0,-1
room_0327,train,9,3.698,0,0.182,0,-1
room_0327,train,10,4.002,1,0.183,0,-1
room_0327,train,11,4.439,0,0.112,0,-1
room_0327,train,12,3.785,0,0.186,0,-1
room_0327,train,13,4.342,0,0.231,0,-1
room_0327,train,14,4.311,0,0.14,0,-1
room_0328,train,0,4.545,0,0.214,1,1
room_0328,train,1,10.267,1,0.834,1,1
room_0328,train,2,4.261,0,0.224,1,1
room_0328,train,3,4.396,0,0.201,1,1
room_0328,train,4,3.904,0,0.18,1,1
room_0328,train,5,4.413,0,0.272,1,1
room_0328,train,6,5.052,0,0.339,1,1
room_0328,train,7,4.249,0,0.228,1,1
room_0328,train,8,4.591,0,0.188,1,1
room_0328,train,9,3.793,0,0.252,1,1
room_0328,train,10,3.758,0,0.274,1,1
room_0329,train,0,3.928,0,0.177,0,-1
room_0329,train,1,4.092,0,0.267,0,-1
room_0329,train,2,3.72,0,0.108,0,-1
room_0329,train,3,3.273,0,0.167,0,-1
room_0329,train,4,3.603,0,0.296,0,-1
room_0329,train,5,4.156,0,0.128,0,-1
room_0329,train,6,4.21,0,0.188,0,-1
room_0329,train,7,3.871,0,0.257,0,-1
room_0329,train,8,3.081,0,0.156,0,-1
room_0329,train,9,3.401,0,0.214,0,-1
room_0329,train,10,4.193,0,0.108,0,-1
room_0329,train,11,4.146,0,0.199,0,-1
room_0329,train,12,3.902,0,0.211,0,-1
room_0329,train,13,4.196,0,0.299,0,-1
room_0330,train,0,4.099,0,0.257,1,6
room_0330,train,1,4.457,0,0.174,1,6
room_0330,train,2,4.168,0,0.24,1,6
room_0330,train,3,4.056,0,0.228,1,6
room_0330,train,4,3.689,0,0.157,1,6
room_0330,train,5,3.15,0,0.253,1,6
room_0330,train,6,9.787,1,0.815,1,6
room_0330,train,7,3.985,0,0.278,1,6
room_0330,train,8,4.255,0,0.195,1,6
room_0331,train,0,4.218,0,0.229,1,12
room_0331,train,1,4.667,0,0.233,1,12
room_0331,train,2,4.725,0,0.153,1,12
room_0331,train,3,4.05,0,0.204,1,12
room_0331,train,4,4.161,0,0.21,1,12
room_0331,train,5,3.913,0,0.16,1,12
room_0331,train,6,4.317,0,0.259,1,12
room_0331,train,7,4.004,0,0.129,1,12
room_0331,train,8,3.903,0,0.241,1,12
room_0331,train,9,3.958,0,0.155,1,12
room_0331,train,10,3.171,0,0.181,1,12
room_0331,train,11,3.517,1,0.175,1,12
room_0331,train,12,9.941,1,0.79,1,12
room_0331,train,13,4.757,0,0.168,1,12
room_0331,train,14,3.499,0,0.198,1,12
room_0331,train,15,4.285,0,0.223,1,12
room_0332,train,0,3.866,0,0.21,1,3
room_0332,train,1,4.305,0,0.213,1,3
room_0332,train,2,3.852,1,0.223,1,3
room_0332,train,3,9.667,1,0.941,1,3
room_0332,train,4,3.87,0,0.222,1,3
room_0332,train,5,4.639,0,0.26,1,3
room_0332,train,6,4.544,0,0.231,1,3
room_0332,train,7,3.822,0,0.154,1,3
room_0332,train,8,3.801,0,0.22,1,3
room_0332,train,9,4.104,0,0.224,1,3
room_0333,train,0,4.344,0,0.213,0,-1
room_0333,train,1,4.188,0,0.22,0,-1
room_0333,train,2,4.778,0,0.121,0,-1
room_0333,train,3,9.359,0,0.267,0,-1
room_0333,train,4,3.585,0,0.222,0,-1
room_0333,train,5,3.674,0,0.152,0,-1
room_0333,train,6,4.44,0,0.198,0,-1
room_0333,train,7,4.057,0,0.198,0,-1
room_0333,train,8,4.788,0,0.155,0,-1
room_0333,train,9,4.435,0,0.201,0,-1
room_0334,test,0,3.553,0,0.206,0,-1
room_0334,test,1,4.111,0,0.208,0,-1
room_0334,test,2,4.719,0,0.226,0,-1
room_0334,test,3,4.017,0,0.167,0,-1
room_0334,test,4,3.588,0,0.197,0,-1
room_0334,test,5,4.751,0,0.203,0,-1
room_0334,test,6,4.329,0,0.175,0,-1
room_0334,test,7,4.34,1,0.818,0,-1
room_0334,test,8,2.959,0,0.192,0,-1
room_0334,test,9,4.101,1,0.199,0,-1
room_0334,test,10,3.461,1,0.186,0,-1
room_0334,test,11,3.793,0,0.247,0,-1
room_0335,train,0,3.279,0,0.211,1,1
room_0335,train,1,9.929,1,0.793,1,1
room_0335,train,2,4.206,0,0.234,1,1
room_0335,train,3,4.028,0,0.144,1,1
room_0335,train,4,3.997,0,0.228,1,1
room_0335,train,5,4.235,1,0.217,1,1
room_0335,train,6,3.693,0,0.205,1,1
room_0335,train,7,4.444,0,0.184,1,1
room_0335,train,8,3.874,0,0.177,1,1
room_0335,train,9,4.214,0,0.203,1,1
room_0335,train,10,4.589,0,0.23,1,1
room_0336,train,0,4.011,0,0.176,0,-1
room_0336,train,1,4.334,0,0.173,0,-1
room_0336,train,2,3.741,0,0.267,0,-1
room_0336,train,3,3.997,0,0.186,0,-1
room_0336,train,4,4.393,0,0.136,0,-1
room_0336,train,5,3.756,0,0.123,0,-1
room_0336,train,6,10.14,0,0.239,0,-1
room_0336,train,7,4.584,0,0.211,0,-1
room_0336,train,8,4.071,0,0.196,0,-1
room_0336,train,9,4.419,0,0.224,0,-1
room_0337,train,0,4.218,0,0.241,0,-1
room_0337,train,1,4.478,1,0.252,0,-1
room_0337,train,2,3.32,0,0.248,0,-1
room_0337,train,3,3.761,1,0.804,0,-1
room_0337,train,4,4.663,0,0.268,0,-1
room_0337,train,5,4.521,0,0.152,0,-1
room_0337,train,6,3.559,0,0.265,0,-1
room_0337,train,7,4.205,0,0.208,0,-1
room_0338,train,0,3.78,0,0.239,1,8
room_0338,train,1,4.091,0,0.253,1,8
room_0338,train,2,4.134,0,0.177,1,8
room_0338,train,3,4.848,1,0.268,1,8
room_0338,train,4,4.564,1,0.276,1,8
room_0338,train,5,5.052,0,0.27,1,8
room_0338,train,6,3.85,0,0.198,1,8
room_0338,train,7,3.753,0,0.273,1,8
room_0338,train,8,9.946,1,0.934,1,8
room_0338,train,9,3.741,1,0.126,1,8
room_0338,train,10,4.107,0,0.187,1,8
room_0338,train,11,5.035,0,0.201,1,8
room_0338,train,12,3.997,0,0.138,1,8
room_0338,train,13,4.307,0,0.15,1,8
room_0339,train,0,4.099,1,0.201,0,-1
room_0339,train,1,4.316,0,0.303,0,-1
room_0339,train,2,4.502,0,0.164,0,-1
room_0339,train,3,3.454,0,0.209,0,-1
room_0339,train,4,3.847,0,0.147,0,-1
room_0339,train,5,3.899,0,0.239,0,-1
room_0339,train,6,3.96,0,0.235,0,-1
room_0339,train,7,4.354,0,0.154,0,-1
room_0339,train,8,4.175,0,0.282,0,-1
room_0339,train,9,3.859,0,0.181,0,-1
room_0339,train,10,4.114,1,0.213,0,-1
room_0339,train,11,3.779,0,0.129,0,-1
room_0339,train,12,3.776,0,0.207,0,-1
room_0339,train,13,9.659,0,0.217,0,-1
room_0339,train,14,3.621,0,0.204,0,-1
room_0339,train,15,3.379,0,0.129,0,-1
room_0340,train,0,4.309,0,0.15,0,-1
room_0340,train,1,3.865,0,0.187,0,-1
room_0340,train,2,3.679,0,0.191,0,-1
room_0340,train,3,4.27,0,0.24,0,-1
room_0340,train,4,3.941,0,0.3,0,-1
room_0340,train,5,4.0,1,0.868,0,-1
room_0340,train,6,3.748,0,0.161,0,-1
room_0340,train,7,3.591,0,0.083,0,-1
room_0340,train,8,2.806,0,0.203,0,-1
room_0340,train,9,3.827,0,0.282,0,-1
room_0340,train,10,3.494,0,0.223,0,-1
room_0340,train,11,4.575,1,0.194,0,-1
room_0340,train,12,4.283,0,0.219,0,-1
room_0340,train,13,4.055,0,0.223,0,-1
room_0341,train,0,4.193,1,0.125,1,6
room_0341,train,1,4.249,0,0.195,1,6
room_0341,train,2,4.385,0,0.221,1,6
room_0341,train,3,3.722,0,0.147,1,6
room_0341,train,4,4.579,0,0.226,1,6
room_0341,train,5,4.861,0,0.186,1,6
room_0341,train,6,10.003,1,0.827,1,6
room_0341,train,7,4.068,0,0.208,1,6
room_0341,train,8,3.829,0,0.261,1,6
room_0341,train,9,3.559,0,0.119,1,6
room_0341,train,10,4.672,0,0.249,1,6
room_0341,train,11,4.674,0,0.149,1,6
room_0342,train,0,3.855,0,0.257,0,-1
room_0342,train,1,3.961,0,0.164,0,-1
room_0342,train,2,3.823,0,0.231,0,-1
room_0342,train,3,3.753,0,0.191,0,-1
room_0342,train,4,3.377,0,0.222,0,-1
room_0342,train,5,4.249,0,0.212,0,-1
room_0342,train,6,4.531,1,0.229,0,-1
room_0342,train,7,9.19,0,0.165,0,-1
room_0342,train,8,3.635,0,0.27,0,-1
room_0342,train,9,4.476,0,0.218,0,-1
room_0343,train,0,4.287,0,0.265,1,7
room_0343,train,1,4.492,0,0.155,1,7
room_0343,train,2,3.717,0,0.083,1,7
room_0343,train,3,4.825,0,0.203,1,7
room_0343,train,4,3.949,0,0.143,1,7
room_0343,train,5,4.211,0,0.152,1,7
room_0343,train,6,3.065,0,0.275,1,7
room_0343,train,7,10.637,1,0.752,1,7
room_0343,train,8,4.501,0,0.2,1,7
room_0343,train,9,4.427,0,0.258,1,7
room_0343,train,10,4.147,0,0.18,1,7
room_0343,train,11,3.655,0,0.241,1,7
room_0343,train,12,4.79,0,0.213,1,7
room_0343,train,13,3.546,0,0.151,1,7
room_0344,train,0,4.786,1,0.183,1,11
room_0344,train,1,4.798,0,0.183,1,11
room_0344,train,2,4.137,0,0.234,1,11
room_0344,train,3,4.41,0,0.212,1,11
room_0344,train,4,4.043,0,0.15,1,11
room_0344,train,5,4.021,0,0.17,1,11
room_0344,train,6,3.948,0,0.259,1,11
room_0344,train,7,4.021,0,0.258,1,11
room_0344,train,8,3.726,0,0.269,1,11
room_0344,train,9,4.622,0,0.18,1,11
room_0344,train,10,3.552,0,0.141,1,11
room_0344,train,11,9.258,1,0.765,1,11
room_0344,train,12,4.121,0,0.204,1,11
room_0345,train,0,4.499,0,0.165,1,1
room_0345,train,1,9.513,1,0.816,1,1
room_0345,train,2,4.204,0,0.183,1,1
room_0345,train,3,3.404,0,0.158,1,1
room_0345,train,4,3.355,0,0.17,1,1
room_0345,train,5,3.807,0,0.231,1,1
room_0345,train,6,4.069,0,0.214,1,1
room_0345,train,7,3.958,0,0.136,1,1
room_0345,train,8,3.698,0,0.193,1,1
room_0345,train,9,4.317,0,0.145,1,1
room_0346,test,0,3.915,0,0.173,0,-1
room_0346,test,1,4.025,0,0.214,0,-1
room_0346,test,2,4.492,0,0.218,0,-1
room_0346,test,3,3.437,1,0.22,0,-1
room_0346,test,4,4.186,1,0.179,0,-1
room_0346,test,5,3.338,0,0.162,0,-1
room_0346,test,6,3.501,0,0.164,0,-1
room_0346,test,7,3.607,0,0.222,0,-1
room_0346,test,8,3.726,0,0.216,0,-1
room_0346,test,9,3.321,1,0.238,0,-1
room_0346,test,10,4.327,0,0.171,0,-1
room_0346,test,11,4.073,0,0.179,0,-1
room_0346,test,12,3.397,0,0.178,0,-1
room_0346,test,13,4.413,1,0.879,0,-1
room_0346,test,14,3.396,0,0.203,0,-1
room_0346,test,15,3.625,0,0.253,0,-1
room_0346,test,16,3.265,1,0.19,0,-1
room_0347,train,0,4.114,0,0.274,1,10
room_0347,train,1,3.581,0,0.203,1,10
room_0347,train,2,3.904,0,0.291,1,10
room_0347,train,3,3.434,0,0.15,1,10
room_0347,train,4,3.831,0,0.275,1,10
room_0347,train,5,4.565,0,0.146,1,10
room_0347,train,6,4.283,0,0.168,1,10
room_0347,train,7,3.262,1,0.271,1,10
room_0347,train,8,3.907,1,0.185,1,10
room_0347,train,9,3.448,0,0.186,1,10
room_0347,train,10,9.529,1,0.726,1,10
room_0347,train,11,4.022,0,0.159,1,10
room_0347,train,12,3.433,0,0.122,1,10
room_0347,train,13,3.886,0,0.15,1,10
room_0347,train,14,4.246,0,0.202,1,10
room_0347,train,15,4.33,0,0.172,1,10
room_0348,train,0,3.608,0,0.217,1,7
room_0348,train,1,4.771,0,0.195,1,7
room_0348,train,2,3.697,0,0.268,1,7
room_0348,train,3,4.151,0,0.221,1,7
room_0348,train,4,4.459,0,0.207,1,7
room_0348,train,5,4.506,0,0.157,1,7
room_0348,train,6,4.262,0,0.166,1,7
room_0348,train,7,9.639,1,0.819,1,7
room_0348,train,8,4.91,0,0.221,1,7
room_0348,train,9,3.902,0,0.167,1,7
room_0348,train,10,3.426,0,0.159,1,7
room_0348,train,11,4.731,0,0.235,1,7
room_0349,train,0,4.808,0,0.17,1,4
room_0349,train,1,4.643,0,0.23,1,4
room_0349,train,2,3.527,0,0.281,1,4
room_0349,train,3,3.906,1,0.223,1,4
room_0349,train,4,10.472,1,0.947,1,4
room_0349,train,5,4.688,1,0.216,1,4
room_0349,train,6,3.335,0,0.306,1,4
room_0349,train,7,3.396,0,0.247,1,4
room_0349,train,8,4.403,0,0.131,1,4
room_0349,train,9,3.986,1,0.281,1,4
room_0349,train,10,4.5,0,0.233,1,4
room_0349,train,11,4.484,0,0.275,1,4
room_0349,train,12,3.599,0,0.191,1,4
room_0349,train,13,3.668,0,0.248,1,4
room_0349,train,14,4.369,0,0.21,1,4
room_0350,train,0,3.225,0,0.243,0,-1
room_0350,train,1,3.765,0,0.161,0,-1
room_0350,train,2,3.573,0,0.2,0,-1
room_0350,train,3,3.904,0,0.198,0,-1
room_0350,train,4,3.944,0,0.149,0,-1
room_0350,train,5,3.089,0,0.238,0,-1
room_0350,train,6,4.123,0,0.291,0,-1
room_0350,train,7,4.129,0,0.186,0,-1
room_0350,train,8,4.214,0,0.184,0,-1
room_0350,train,9,3.53,0,0.205,0,-1
room_0350,train,10,4.477,0,0.347,0,-1
room_0350,train,11,3.785,1,0.245,0,-1
room_0350,train,12,3.764,0,0.191,0,-1
room_0350,train,13,3.783,0,0.198,0,-1
room_0350,train,14,4.133,0,0.149,0,-1
room_0350,train,15,4.517,0,0.185,0,-1
room_0351,train,0,3.668,0,0.161,0,-1
room_0351,train,1,3.912,0,0.112,0,-1
room_0351,train,2,3.301,0,0.175,0,-1
room_0351,train,3,5.078,0,0.181,0,-1
room_0351,train,4,3.497,0,0.127,0,-1
room_0351,train,5,3.495,0,0.159,0,-1
room_0351,train,6,3.95,0,0.261,0,-1
room_0351,train,7,3.52,0,0.245,0,-1
room_0351,train,8,10.571,0,0.235,0,-1
room_0351,train,9,4.427,0,0.212,0,-1
room_0351,train,10,3.702,0,0.174,0,-1
room_0351,train,11,4.229,0,0.092,0,-1
room_0351,train,12,4.175,0,0.264,0,-1
room_0352,train,0,3.816,0,0.15,0,-1
room_0352,train,1,4.05,1,0.139,0,-1
room_0352,train,2,3.969,0,0.204,0,-1
room_0352,train,3,3.463,0,0.174,0,-1
room_0352,train,4,4.026,0,0.239,0,-1
room_0352,train,5,2.919,0,0.249,0,-1
room_0352,train,6,3.876,1,0.821,0,-1
room_0352,train,7,4.143,0,0.228,0,-1
room_0352,train,8,4.326,0,0.144,0,-1
room_0352,train,9,4.426,0,0.215,0,-1
room_0353,train,0,4.163,0,0.154,0,-1
room_0353,train,1,3.665,0,0.22,0,-1
room_0353,train,2,4.421,0,0.252,0,-1
room_0353,train,3,3.613,0,0.204,0,-1
room_0353,train,4,3.732,0,0.221,0,-1
room_0353,train,5,4.046,0,0.23,0,-1
room_0353,train,6,4.025,0,0.227,0,-1
room_0353,train,7,4.31,0,0.171,0,-1
room_0354,train,0,4.321,0,0.184,0,-1
room_0354,train,1,3.195,0,0.163,0,-1
room_0354,train,2,3.999,0,0.229,0,-1
room_0354,train,3,4.604,0,0.237,0,-1
room_0354,train,4,4.23,0,0.201,0,-1
room_0354,train,5,3.91,0,0.231,0,-1
room_0354,train,6,3.838,0,0.221,0,-1
room_0354,train,7,9.347,0,0.269,0,-1
room_0354,train,8,3.778,0,0.168,0,-1
room_0354,train,9,3.582,0,0.174,0,-1
room_0354,train,10,4.063,0,0.181,0,-1
room_0354,train,11,4.554,0,0.26,0,-1
room_0354,train,12,3.5,0,0.196,0,-1
room_0354,train,13,3.582,0,0.172,0,-1
room_0354,train,14,3.577,0,0.173,0,-1
room_0354,train,15,4.029,0,0.13,0,-1
room_0354,train,16,3.809,0,0.125,0,-1
room_0354,train,17,3.577,0,0.231,0,-1
room_0355,train,0,3.815,1,0.169,0,-1
room_0355,train,1,4.284,0,0.2,0,-1
room_0355,train,2,4.404,1,0.133,0,-1
room_0355,train,3,4.252,0,0.225,0,-1
room_0355,train,4,3.959,0,0.213,0,-1
room_0355,train,5,3.582,0,0.121,0,-1
room_0355,train,6,3.322,0,0.213,0,-1
room_0355,train,7,4.183,1,0.871,0,-1
room_0355,train,8,3.876,0,0.143,0,-1
room_0355,train,9,4.137,0,0.195,0,-1
room_0355,train,10,4.557,0,0.232,0,-1
room_0355,train,11,4.486,0,0.209,0,-1
room_0355,train,12,3.154,0,0.226,0,-1
room_0355,train,13,3.304,0,0.219,0,-1
room_0356,train,0,3.557,0,0.233,0,-1
room_0356,train,1,4.921,0,0.179,0,-1
room_0356,train,2,4.276,0,0.148,0,-1
room_0356,train,3,4.139,0,0.164,0,-1
room_0356,train,4,3.922,0,0.172,0,-1
room_0356,train,5,3.84,0,0.157,0,-1
room_0356,train,6,3.925,0,0.233,0,-1
room_0356,train,7,3.957,0,0.205,0,-1
room_0357,test,0,3.992,0,0.239,0,-1
room_0357,test,1,9.642,0,0.151,0,-1
room_0357,test,2,4.294,1,0.179,0,-1
room_0357,test,3,4.288,0,0.161,0,-1
room_0357,test,4,3.759,0,0.187,0,-1
room_0357,test,5,3.307,0,0.176,0,-1
room_0357,test,6,3.4,1,0.27,0,-1
room_0357,test,7,2.775,0,0.23,0,-1
room_0357,test,8,4.12,0,0.223,0,-1
room_0357,test,9,4.516,0,0.289,0,-1
room_0357,test,10,3.513,0,0.233,0,-1
room_0357,test,11,3.693,0,0.148,0,-1
room_0357,test,12,4.545,1,0.162,0,-1
room_0357,test,13,4.055,0,0.253,0,-1
room_0357,test,14,3.658,0,0.196,0,-1
room_0358,train,0,3.746,0,0.223,0,-1
room_0358,train,1,3.866,0,0.216,0,-1
room_0358,train,2,3.475,0,0.222,0,-1
room_0358,train,3,4.07,0,0.211,0,-1
room_0358,train,4,3.875,0,0.171,0,-1
room_0358,train,5,4.298,0,0.206,0,-1
room_0358,train,6,3.363,0,0.185,0,-1
room_0358,train,7,3.819,0,0.202,0,-1
room_0358,train,8,3.951,0,0.156,0,-1
room_0358,train,9,4.144,1,0.171,0,-1
room_0358,train,10,4.424,1,0.945,0,-1
room_0358,train,11,4.065,0,0.13,0,-1
room_0358,train,12,4.108,0,0.246,0,-1
room_0358,train,13,4.604,0,0.185,0,-1
room_0358,train,14,3.79,0,0.226,0,-1
room_0359,test,0,4.982,0,0.299,1,10
room_0359,test,1,3.999,0,0.237,1,10
room_0359,test,2,5.043,0,0.31,1,10
room_0359,test,3,5.007,0,0.133,1,10
room_0359,test,4,4.561,0,0.146,1,10
room_0359,test,5,3.931,0,0.219,1,10
room_0359,test,6,3.392,0,0.191,1,10
room_0359,test,7,4.238,0,0.232,1,10
room_0359,test,8,3.086,1,0.223,1,10
room_0359,test,9,3.369,0,0.225,1,10
room_0359,test,10,10.998,1,0.875,1,10
room_0359,test,11,4.55,0,0.172,1,10
room_0360,test,0,3.51,1,0.192,0,-1
room_0360,test,1,3.673,0,0.24,0,-1
room_0360,test,2,3.873,0,0.298,0,-1
room_0360,test,3,3.231,0,0.173,0,-1
room_0360,test,4,3.824,0,0.206,0,-1
room_0360,test,5,3.902,0,0.221,0,-1
room_0360,test,6,4.127,0,0.218,0,-1
room_0360,test,7,4.624,0,0.2,0,-1
room_0360,test,8,3.703,1,0.236,0,-1
room_0360,test,9,3.361,0,0.247,0,-1
room_0360,test,10,4.26,0,0.144,0,-1
room_0360,test,11,2.997,0,0.234,0,-1
room_0360,test,12,3.782,0,0.233,0,-1
room_0360,test,13,3.822,0,0.138,0,-1
room_0360,test,14,4.617,0,0.175,0,-1
room_0360,test,15,9.782,0,0.23,0,-1
room_0360,test,16,3.301,0,0.187,0,-1
room_0360,test,17,3.448,0,0.189,0,-1
room_0361,train,0,4.384,0,0.206,0,-1
room_0361,train,1,4.067,0,0.203,0,-1
room_0361,train,2,4.174,0,0.245,0,-1
room_0361,train,3,3.809,0,0.184,0,-1
room_0361,train,4,4.322,0,0.196,0,-1
room_0361,train,5,4.187,0,0.218,0,-1
room_0361,train,6,4.445,1,0.183,0,-1
room_0361,train,7,4.06,0,0.21,0,-1
room_0361,train,8,3.708,0,0.106,0,-1
room_0361,train,9,4.314,0,0.24,0,-1
room_0361,train,10,3.48,0,0.185,0,-1
room_0361,train,11,4.677,0,0.181,0,-1
room_0361,train,12,4.336,1,0.842,0,-1
room_0361,train,13,4.405,1,0.089,0,-1
room_0361,train,14,4.146,0,0.179,0,-1
room_0361,train,15,4.206,0,0.157,0,-1
room_0361,train,16,3.922,1,0.229,0,-1
room_0362,train,0,3.653,0,0.213,0,-1
room_0362,train,1,3.558,0,0.154,0,-1
room_0362,train,2,4.029,0,0.196,0,-1
room_0362,train,3,3.999,0,0.159,0,-1
room_0362,train,4,4.363,0,0.286,0,-1
room_0362,train,5,3.956,0,0.15,0,-1
room_0362,train,6,3.746,0,0.218,0,-1
room_0362,train,7,4.874,0,0.167,0,-1
room_0362,train,8,4.276,0,0.158,0,-1
room_0362,train,9,3.551,0,0.155,0,-1
room_0362,train,10,3.994,0,0.205,0,-1
room_0362,train,11,3.698,0,0.221,0,-1
room_0362,train,12,3.409,1,0.08,0,-1
room_0362,train,13,4.569,0,0.138,0,-1
room_0362,train,14,3.447,1,0.191,0,-1
room_0362,train,15,3.5,0,0.237,0,-1
room_0362,train,16,3.284,0,0.21,0,-1
room_0362,train,17,4.482,0,0.266,0,-1
room_0363,train,0,4.051,0,0.153,1,15
room_0363,train,1,4.656,0,0.255,1,15
room_0363,train,2,3.667,1,0.125,1,15
room_0363,train,3,2.81,0,0.255,1,15
room_0363,train,4,5.495,0,0.123,1,15
room_0363,train,5,3.923,0,0.175,1,15
room_0363,train,6,3.856,0,0.183,1,15
room_0363,train,7,4.371,0,0.162,1,15
room_0363,train,8,4.276,0,0.156,1,15
room_0363,train,9,4.311,0,0.238,1,15
room_0363,train,10,3.724,0,0.228,1,15
room_0363,train,11,4.102,1,0.156,1,15
room_0363,train,12,4.386,1,0.203,1,15
room_0363,train,13,4.079,0,0.274,1,15
room_0363,train,14,3.683,0,0.204,1,15
room_0363,train,15,10.82,1,0.94,1,15
room_0363,train,16,3.614,0,0.253,1,15
room_0363,train,17,3.743,0,0.198,1,15
room_0364,train,0,4.198,0,0.272,1,3
room_0364,train,1,4.42,0,0.289,1,3
room_0364,train,2,4.146,0,0.188,1,3
room_0364,train,3,10.86,1,0.746,1,3
room_0364,train,4,4.573,0,0.127,1,3
room_0364,train,5,3.521,0,0.173,1,3
room_0364,train,6,4.668,0,0.175,1,3
room_0364,train,7,4.43,0,0.15,1,3
room_0364,train,8,4.047,0,0.235,1,3
room_0364,train,9,4.117,0,0.19,1,3
room_0365,test,0,3.831,0,0.237,1,4
room_0365,test,1,2.996,0,0.233,1,4
room_0365,test,2,3.374,0,0.176,1,4
room_0365,test,3,4.68,0,0.156,1,4
room_0365,test,4,9.381,1,0.918,1,4
room_0365,test,5,4.23,0,0.261,1,4
room_0365,test,6,3.474,0,0.144,1,4
room_0365,test,7,3.795,0,0.16,1,4
room_0365,test,8,4.042,0,0.185,1,4
room_0365,test,9,4.215,0,0.168,1,4
room_0365,test,10,3.817,0,0.156,1,4
room_0365,test,11,4.672,0,0.226,1,4
room_0365,test,12,3.486,0,0.257,1,4
room_0366,train,0,4.032,0,0.204,0,-1
room_0366,train,1,3.721,1,0.1,0,-1
room_0366,train,2,4.298,0,0.215,0,-1
room_0366,train,3,3.92,0,0.241,0,-1
room_0366,train,4,3.814,0,0.248,0,-1
room_0366,train,5,10.068,0,0.202,0,-1
room_0366,train,6,4.763,0,0.179,0,-1
room_0366,train,7,4.236,0,0.166,0,-1
room_0367,train,0,3.945,0,0.261,1,13
room_0367,train,1,4.918,0,0.159,1,13
room_0367,train,2,4.168,0,0.244,1,13
room_0367,train,3,4.187,0,0.147,1,13
room_0367,train,4,4.872,0,0.183,1,13
room_0367,train,5,4.306,0,0.185,1,13
room_0367,train,6,4.645,0,0.26,1,13
room_0367,train,7,3.874,0,0.195,1,13
room_0367,train,8,4.227,0,0.179,1,13
room_0367,train,9,3.588,0,0.214,1,13
room_0367,train,10,3.854,0,0.147,1,13
room_0367,train,11,4.053,0,0.215,1,13
room_0367,train,12,4.328,0,0.175,1,13
room_0367,train,13,10.678,1,0.813,1,13
room_0367,train,14,4.105,0,0.168,1,13
room_0367,train,15,3.865,0,0.147,1,13
room_0368,train,0,4.141,1,0.13,1,3
room_0368,train,1,3.421,0,0.221,1,3
room_0368,train,2,3.797,0,0.219,1,3
room_0368,train,3,9.814,1,0.758,1,3
room_0368,train,4,4.759,0,0.169,1,3
room_0368,train,5,4.44,0,0.188,1,3
room_0368,train,6,3.164,0,0.166,1,3
room_0368,train,7,3.915,0,0.234,1,3
room_0368,train,8,4.972,0,0.281,1,3
room_0368,train,9,3.943,0,0.175,1,3
room_0368,train,10,4.286,0,0.141,1,3
room_0369,train,0,4.204,0,0.2,0,-1
room_0369,train,1,3.347,0,0.186,0,-1
room_0369,train,2,3.418,0,0.186,0,-1
room_0369,train,3,3.527,0,0.197,0,-1
room_0369,train,4,3.869,0,0.159,0,-1
room_0369,train,5,4.369,0,0.225,0,-1
room_0369,train,6,4.23,0,0.224,0,-1
room_0369,train,7,9.609,0,0.22,0,-1
room_0369,train,8,4.109,0,0.115,0,-1
room_0369,train,9,4.252,0,0.193,0,-1
room_0369,train,10,4.23,0,0.26,0,-1
room_0369,train,11,4.57,0,0.187,0,-1
room_0369,train,12,3.883,0,0.259,0,-1
room_0369,train,13,4.813,0,0.244,0,-1
room_0370,train,0,5.153,0,0.227,0,-1
room_0370,train,1,3.809,0,0.172,0,-1
room_0370,train,2,4.066,0,0.242,0,-1
room_0370,train,3,4.232,0,0.136,0,-1
room_0370,train,4,3.747,0,0.166,0,-1
room_0370,train,5,3.981,0,0.286,0,-1
room_0370,train,6,4.316,0,0.202,0,-1
room_0370,train,7,4.168,0,0.289,0,-1
room_0370,train,8,4.223,1,0.809,0,-1
room_0370,train,9,3.804,0,0.202,0,-1
room_0371,train,0,3.329,1,0.303,0,-1
room_0371,train,1,3.476,0,0.161,0,-1
room_0371,train,2,4.348,0,0.183,0,-1
room_0371,train,3,3.863,0,0.228,0,-1
room_0371,train,4,4.237,0,0.236,0,-1
room_0371,train,5,4.265,0,0.148,0,-1
room_0371,train,6,3.867,0,0.199,0,-1
room_0371,train,7,3.672,0,0.191,0,-1
room_0371,train,8,3.639,1,0.247,0,-1
room_0371,train,9,4.581,0,0.197,0,-1
room_0371,train,10,3.153,0,0.233,0,-1
room_0371,train,11,4.888,0,0.271,0,-1
room_0372,train,0,3.999,0,0.246,1,3
room_0372,train,1,4.636,0,0.179,1,3
room_0372,train,2,3.707,1,0.192,1,3
room_0372,train,3,9.697,1,0.729,1,3
room_0372,train,4,4.376,0,0.227,1,3
room_0372,train,5,4.099,0,0.219,1,3
room_0372,train,6,3.626,0,0.133,1,3
room_0372,train,7,4.076,0,0.166,1,3
room_0372,train,8,4.266,0,0.166,1,3
room_0372,train,9,4.031,0,0.233,1,3
room_0373,train,0,3.761,0,0.158,0,-1
room_0373,train,1,4.21,1,0.206,0,-1
room_0373,train,2,3.431,1,0.222,0,-1
room_0373,train,3,3.948,1,0.135,0,-1
room_0373,train,4,3.424,0,0.137,0,-1
room_0373,train,5,4.303,1,0.872,0,-1
room_0373,train,6,3.65,0,0.144,0,-1
room_0373,train,7,4.328,0,0.19,0,-1
room_0373,train,8,4.494,0,0.176,0,-1
room_0373,train,9,4.514,0,0.223,0,-1
room_0373,train,10,3.416,0,0.266,0,-1
room_0373,train,11,3.941,0,0.142,0,-1
room_0373,train,12,3.942,0,0.161,0,-1
room_0373,train,13,4.181,0,0.258,0,-1
room_0373,train,14,3.953,0,0.244,0,-1
room_0373,train,15,3.818,0,0.198,0,-1
room_0373,train,16,3.907,1,0.167,0,-1
room_0374,train,0,4.313,0,0.212,0,-1
room_0374,train,1,4.586,0,0.17,0,-1
room_0374,train,2,3.732,0,0.161,0,-1
room_0374,train,3,4.726,0,0.226,0,-1
room_0374,train,4,4.165,0,0.167,0,-1
room_0374,train,5,4.901,0,0.2,0,-1
room_0374,train,6,3.334,0,0.214,0,-1
room_0374,train,7,4.006,0,0.236,0,-1
room_0374,train,8,3.612,0,0.207,0,-1
room_0375,test,0,3.962,0,0.265,1,1
room_0375,test,1,10.517,1,0.741,1,1
room_0375,test,2,4.115,0,0.161,1,1
room_0375,test,3,4.183,0,0.12,1,1
room_0375,test,4,3.795,0,0.207,1,1
room_0375,test,5,3.942,0,0.16,1,1
room_0375,test,6,3.508,1,0.18,1,1
room_0375,test,7,3.995,0,0.163,1,1
room_0375,test,8,4.202,0,0.192,1,1
room_0375,test,9,4.77,0,0.169,1,1
room_0376,test,0,3.797,0,0.194,0,-1
room_0376,test,1,3.653,0,0.207,0,-1
room_0376,test,2,3.957,0,0.255,0,-1
room_0376,test,3,3.658,0,0.263,0,-1
room_0376,test,4,4.676,0,0.184,0,-1
room_0376,test,5,4.5,0,0.156,0,-1
room_0376,test,6,4.541,0,0.217,0,-1
room_0376,test,7,3.779,1,0.846,0,-1
room_0376,test,8,3.64,0,0.196,0,-1
room_0377,train,0,3.633,0,0.167,0,-1
room_0377,train,1,2.986,0,0.27,0,-1
room_0377,train,2,4.811,0,0.222,0,-1
room_0377,train,3,3.77,1,0.184,0,-1
room_0377,train,4,4.096,0,0.228,0,-1
room_0377,train,5,4.657,0,0.201,0,-1
room_0377,train,6,4.23,0,0.221,0,-1
room_0377,train,7,4.649,0,0.173,0,-1
room_0377,train,8,4.13,0,0.235,0,-1
room_0377,train,9,4.746,0,0.149,0,-1
room_0377,train,10,4.113,0,0.249,0,-1
room_0377,train,11,4.434,0,0.222,0,-1
room_0377,train,12,4.816,0,0.212,0,-1
room_0377,train,13,3.719,0,0.229,0,-1
room_0378,test,0,3.097,0,0.215,0,-1
room_0378,test,1,4.589,0,0.174,0,-1
room_0378,test,2,4.17,0,0.084,0,-1
room_0378,test,3,4.272,0,0.199,0,-1
room_0378,test,4,3.571,0,0.194,0,-1
room_0378,test,5,10.989,0,0.262,0,-1
room_0378,test,6,4.15,0,0.178,0,-1
room_0378,test,7,4.016,0,0.138,0,-1
room_0378,test,8,4.053,0,0.171,0,-1
room_0378,test,9,3.495,0,0.145,0,-1
room_0379,train,0,4.169,1,0.213,1,6
room_0379,train,1,3.734,0,0.102,1,6
room_0379,train,2,3.974,0,0.12,1,6
room_0379,train,3,4.02,0,0.253,1,6
room_0379,train,4,3.858,0,0.222,1,6
room_0379,train,5,3.095,0,0.177,1,6
room_0379,train,6,10.989,1,0.788,1,6
room_0379,train,7,3.69,0,0.266,1,6
room_0379,train,8,3.174,0,0.192,1,6
room_0379,train,9,3.956,0,0.143,1,6
room_0380,train,0,3.482,0,0.172,1,11
room_0380,train,1,4.022,0,0.204,1,11
room_0380,train,2,4.259,0,0.172,1,11
room_0380,train,3,4.272,0,0.217,1,11
room_0380,train,4,3.734,0,0.132,1,11
room_0380,train,5,3.663,0,0.238,1,11
room_0380,train,6,4.625,1,0.205,1,11
room_0380,train,7,3.594,0,0.24,1,11
room_0380,train,8,3.889,0,0.182,1,11
room_0380,train,9,3.603,0,0.242,1,11
room_0380,train,10,3.704,0,0.194,1,11
room_0380,train,11,10.296,1,0.725,1,11
room_0380,train,12,4.232,0,0.206,1,11
room_0381,train,0,4.201,0,0.182,1,13
room_0381,train,1,4.215,0,0.117,1,13
room_0381,train,2,4.041,0,0.15,1,13
room_0381,train,3,4.82,1,0.194,1,13
room_0381,train,4,3.866,0,0.199,1,13
room_0381,train,5,4.473,0,0.293,1,13
room_0381,train,6,4.346,0,0.243,1,13
room_0381,train,7,3.138,0,0.229,1,13
room_0381,train,8,4.67,0,0.22,1,13
room_0381,train,9,4.07,0,0.21,1,13
room_0381,train,10,4.396,0,0.121,1,13
room_0381,train,11,3.756,0,0.155,1,13
room_0381,train,12,3.394,1,0.186,1,13
room_0381,train,13,10.397,1,0.721,1,13
room_0381,train,14,4.251,0,0.137,1,13
room_0381,train,15,3.964,0,0.183,1,13
room_0382,train,0,4.254,1,0.224,1,10
room_0382,train,1,4.84,0,0.213,1,10
room_0382,train,2,4.379,0,0.14,1,10
room_0382,train,3,4.218,0,0.277,1,10
room_0382,train,4,3.731,0,0.166,1,10
room_0382,train,5,4.039,0,0.223,1,10
room_0382,train,6,2.897,0,0.168,1,10
room_0382,train,7,4.7,0,0.175,1,10
room_0382,train,8,3.35,0,0.235,1,10
room_0382,train,9,4.14,0,0.236,1,10
room_0382,train,10,9.351,1,0.931,1,10
room_0382,train,11,3.827,0,0.111,1,10
room_0382,train,12,4.002,0,0.213,1,10
room_0382,train,13,5.01,0,0.148,1,10
room_0382,train,14,3.064,0,0.25,1,10
room_0382,train,15,4.346,0,0.266,1,10
room_0382,train,16,4.578,0,0.249,1,10
room_0382,train,17,4.403,0,0.232,1,10
room_0383,train,0,3.65,0,0.28,0,-1
room_0383,train,1,3.628,0,0.25,0,-1
room_0383,train,2,4.708,0,0.166,0,-1
room_0383,train,3,3.374,0,0.233,0,-1
room_0383,train,4,4.051,0,0.173,0,-1
room_0383,train,5,3.506,0,0.18,0,-1
room_0383,train,6,4.394,0,0.205,0,-1
room_0383,train,7,4.045,0,0.161,0,-1
room_0383,train,8,4.448,0,0.251,0,-1
room_0383,train,9,4.354,1,0.144,0,-1
room_0383,train,10,3.84,0,0.247,0,-1
room_0383,train,11,4.182,0,0.298,0,-1
room_0383,train,12,4.344,0,0.213,0,-1
room_0383,train,13,4.812,0,0.257,0,-1
room_0383,train,14,3.993,0,0.201,0,-1
room_0383,train,15,4.099,0,0.157,0,-1
room_0383,train,16,3.592,0,0.218,0,-1
room_0383,train,17,4.101,0,0.181,0,-1
room_0384,test,0,4.263,0,0.231,0,-1
room_0384,test,1,3.971,0,0.155,0,-1
room_0384,test,2,4.306,0,0.17,0,-1
room_0384,test,3,10.32,0,0.13,0,-1
room_0384,test,4,5.051,0,0.174,0,-1
room_0384,test,5,3.473,0,0.316,0,-1
room_0384,test,6,3.889,0,0.173,0,-1
room_0384,test,7,4.069,0,0.221,0,-1
room_0384,test,8,4.438,0,0.147,0,-1
room_0384,test,9,3.988,0,0.136,0,-1
room_0384,test,10,4.336,0,0.121,0,-1
room_0384,test,11,4.475,0,0.189,0,-1
room_0384,test,12,4.604,0,0.195,0,-1
room_0385,train,0,2.851,0,0.173,0,-1
room_0385,train,1,4.271,1,0.296,0,-1
room_0385,train,2,3.719,1,0.186,0,-1
room_0385,train,3,4.305,0,0.194,0,-1
room_0385,train,4,4.111,1,0.935,0,-1
room_0385,train,5,4.606,0,0.308,0,-1
room_0385,train,6,3.888,0,0.166,0,-1
room_0385,train,7,4.04,0,0.206,0,-1
room_0385,train,8,4.322,0,0.148,0,-1
room_0386,train,0,4.467,0,0.154,1,7
room_0386,train,1,4.376,0,0.221,1,7
room_0386,train,2,3.408,0,0.164,1,7
room_0386,train,3,3.45,0,0.237,1,7
room_0386,train,4,3.356,0,0.132,1,7
room_0386,train,5,4.249,0,0.191,1,7
room_0386,train,6,3.972,0,0.237,1,7
room_0386,train,7,9.789,1,0.844,1,7
room_0386,train,8,3.781,0,0.199,1,7
room_0386,train,9,4.145,0,0.134,1,7
room_0386,train,10,4.356,0,0.176,1,7
room_0386,train,11,3.854,0,0.191,1,7
room_0386,train,12,3.577,0,0.248,1,7
room_0387,test,0,2.894,0,0.181,0,-1
room_0387,test,1,4.057,0,0.21,0,-1
room_0387,test,2,4.39,0,0.275,0,-1
room_0387,test,3,3.744,0,0.153,0,-1
room_0387,test,4,3.19,0,0.2,0,-1
room_0387,test,5,4.204,1,0.159,0,-1
room_0387,test,6,9.732,0,0.311,0,-1
room_0387,test,7,4.369,0,0.216,0,-1
room_0388,train,0,4.119,0,0.242,1,5
room_0388,train,1,3.058,0,0.134,1,5
room_0388,train,2,4.431,0,0.071,1,5
room_0388,train,3,3.819,0,0.237,1,5
room_0388,train,4,4.151,0,0.196,1,5
room_0388,train,5,10.964,1,0.879,1,5
room_0388,train,6,3.874,0,0.173,1,5
room_0388,train,7,3.662,0,0.172,1,5
room_0388,train,8,4.261,0,0.157,1,5
room_0388,train,9,4.217,1,0.222,1,5
room_0388,train,10,3.66,0,0.197,1,5
room_0388,train,11,3.697,0,0.214,1,5
room_0388,train,12,5.111,0,0.212,1,5
room_0388,train,13,3.537,0,0.181,1,5
room_0388,train,14,4.174,0,0.173,1,5
room_0388,train,15,4.296,0,0.145,1,5
room_0388,train,16,4.39,1,0.224,1,5
room_0389,train,0,3.758,0,0.152,1,8
room_0389,train,1,4.001,0,0.166,1,8
room_0389,train,2,3.38,0,0.243,1,8
room_0389,train,3,3.997,0,0.227,1,8
room_0389,train,4,4.14,0,0.237,1,8
room_0389,train,5,4.621,0,0.278,1,8
room_0389,train,6,4.009,0,0.266,1,8
room_0389,train,7,4.15,0,0.25,1,8
room_0389,train,8,10.393,1,0.916,1,8
room_0389,train,9,3.427,1,0.188,1,8
room_0389,train,10,4.452,0,0.214,1,8
room_0389,train,11,4.19,0,0.274,1,8
room_0389,train,12,3.292,0,0.193,1,8
room_0390,train,0,3.613,0,0.237,0,-1
room_0390,train,1,4.757,0,0.251,0,-1
room_0390,train,2,3.533,0,0.204,0,-1
room_0390,train,3,4.484,0,0.145,0,-1
room_0390,train,4,4.832,0,0.201,0,-1
room_0390,train,5,4.378,0,0.211,0,-1
room_0390,train,6,10.356,0,0.154,0,-1
room_0390,train,7,3.925,0,0.185,0,-1
room_0390,train,8,3.96,0,0.212,0,-1
room_0390,train,9,5.028,0,0.176,0,-1
room_0390,train,10,3.489,0,0.195,0,-1
room_0390,train,11,5.05,0,0.223,0,-1
room_0390,train,12,3.89,0,0.13,0,-1
room_0391,train,0,4.126,0,0.213,0,-1
room_0391,train,1,4.303,0,0.236,0,-1
room_0391,train,2,4.005,0,0.153,0,-1
room_0391,train,3,4.739,0,0.267,0,-1
room_0391,train,4,4.222,0,0.222,0,-1
room_0391,train,5,4.16,0,0.215,0,-1
room_0391,train,6,4.224,0,0.195,0,-1
room_0391,train,7,3.835,0,0.241,0,-1
room_0391,train,8,2.994,0,0.133,0,-1
room_0391,train,9,4.144,1,0.808,0,-1
room_0391,train,10,3.719,0,0.13,0,-1
room_0392,train,0,3.823,1,0.119,0,-1
room_0392,train,1,5.021,0,0.187,0,-1
room_0392,train,2,3.497,0,0.224,0,-1
room_0392,train,3,3.705,0,0.245,0,-1
room_0392,train,4,3.919,0,0.221,0,-1
room_0392,train,5,3.712,0,0.225,0,-1
room_0392,train,6,4.487,0,0.117,0,-1
room_0392,train,7,3.744,0,0.257,0,-1
room_0392,train,8,4.259,0,0.224,0,-1
room_0392,train,9,4.077,0,0.167,0,-1
room_0393,train,0,3.753,0,0.201,1,2
room_0393,train,1,3.714,0,0.255,1,2
room_0393,train,2,9.823,1,0.872,1,2
room_0393,train,3,4.497,0,0.266,1,2
room_0393,train,4,3.781,0,0.151,1,2
room_0393,train,5,3.482,0,0.131,1,2
room_0393,train,6,3.705,0,0.193,1,2
room_0393,train,7,4.323,0,0.209,1,2
room_0393,train,8,3.979,0,0.255,1,2
room_0393,train,9,4.052,0,0.226,1,2
room_0393,train,10,4.45,0,0.226,1,2
room_0393,train,11,3.91,0,0.142,1,2
room_0393,train,12,3.956,0,0.18,1,2
room_0393,train,13,3.85,0,0.119,1,2
room_0393,train,14,4.352,0,0.182,1,2
room_0393,train,15,3.854,0,0.22,1,2
room_0393,train,16,5.038,0,0.213,1,2
room_0394,train,0,4.1,1,0.157,1,11
room_0394,train,1,3.822,0,0.249,1,11
room_0394,train,2,4.454,0,0.268,1,11
room_0394,train,3,4.181,0,0.199,1,11
room_0394,train,4,3.378,0,0.178,1,11
room_0394,train,5,3.51,0,0.2,1,11
room_0394,train,6,4.058,0,0.254,1,11
room_0394,train,7,4.101,1,0.293,1,11
room_0394,train,8,4.154,0,0.208,1,11
room_0394,train,9,4.527,0,0.202,1,11
room_0394,train,10,3.893,0,0.164,1,11
room_0394,train,11,10.636,1,0.824,1,11
room_0394,train,12,4.426,0,0.173,1,11
room_0394,train,13,3.594,0,0.192,1,11
room_0394,train,14,4.133,0,0.19,1,11
room_0394,train,15,3.299,0,0.241,1,11
room_0394,train,16,3.75,1,0.164,1,11
room_0394,train,17,3.622,0,0.261,1,11
room_0395,test,0,3.406,0,0.241,1,1
room_0395,test,1,10.644,1,0.726,1,1
room_0395,test,2,4.168,0,0.281,1,1
room_0395,test,3,4.054,0,0.199,1,1
room_0395,test,4,3.449,1,0.221,1,1
room_0395,test,5,3.72,0,0.201,1,1
room_0395,test,6,4.628,1,0.158,1,1
room_0395,test,7,3.826,0,0.245,1,1
room_0395,test,8,3.444,0,0.205,1,1
room_0395,test,9,3.387,0,0.167,1,1
room_0395,test,10,3.713,1,0.175,1,1
room_0395,test,11,3.238,0,0.173,1,1
room_0395,test,12,4.044,0,0.252,1,1
room_0395,test,13,3.79,0,0.198,1,1
room_0395,test,14,4.344,0,0.148,1,1
room_0396,train,0,4.163,0,0.2,1,3
room_0396,train,1,3.402,0,0.284,1,3
room_0396,train,2,5.166,0,0.198,1,3
room_0396,train,3,10.109,1,0.828,1,3
room_0396,train,4,4.796,1,0.258,1,3
room_0396,train,5,4.297,0,0.261,1,3
room_0396,train,6,3.144,0,0.202,1,3
room_0396,train,7,3.881,0,0.221,1,3
room_0396,train,8,4.794,0,0.246,1,3
room_0396,train,9,3.962,0,0.217,1,3
room_0396,train,10,4.304,0,0.23,1,3
room_0396,train,11,4.058,0,0.246,1,3
room_0396,train,12,3.788,0,0.246,1,3
room_0396,train,13,4.415,0,0.105,1,3
room_0397,test,0,3.693,0,0.154,1,10
room_0397,test,1,4.951,0,0.164,1,10
room_0397,test,2,3.939,0,0.185,1,10
room_0397,test,3,3.936,0,0.262,1,10
room_0397,test,4,4.313,0,0.334,1,10
room_0397,test,5,4.381,0,0.174,1,10
room_0397,test,6,4.018,0,0.163,1,10
room_0397,test,7,4.026,0,0.221,1,10
room_0397,test,8,3.981,0,0.138,1,10
room_0397,test,9,4.198,0,0.224,1,10
room_0397,test,10,10.197,1,0.787,1,10
room_0397,test,11,4.243,0,0.192,1,10
room_0398,train,0,4.164,0,0.201,1,2
room_0398,train,1,4.265,1,0.206,1,2
room_0398,train,2,9.134,1,0.796,1,2
room_0398,train,3,3.359,0,0.155,1,2
room_0398,train,4,3.486,0,0.202,1,2
room_0398,train,5,3.978,0,0.202,1,2
room_0398,train,6,3.429,0,0.192,1,2
room_0398,train,7,3.333,1,0.233,1,2
room_0398,train,8,3.817,0,0.151,1,2
room_0398,train,9,3.89,0,0.255,1,2
room_0398,train,10,4.661,0,0.16,1,2
room_0398,train,11,3.581,0,0.174,1,2
room_0398,train,12,4.683,0,0.16,1,2
room_0398,train,13,3.142,0,0.3,1,2
room_0398,train,14,4.734,0,0.244,1,2
room_0399,train,0,3.628,0,0.23,1,7
room_0399,train,1,3.881,0,0.24,1,7
room_0399,train,2,4.448,0,0.278,1,7
room_0399,train,3,3.9,0,0.173,1,7
room_0399,train,4,4.814,0,0.288,1,7
room_0399,train,5,3.885,0,0.116,1,7
room_0399,train,6,3.811,0,0.255,1,7
room_0399,train,7,10.098,1,0.823,1,7
room_0399,train,8,3.145,0,0.181,1,7
room_0399,train,9,3.893,0,0.149,1,7
room_0399,train,10,4.225,0,0.32,1,7
room_0399,train,11,4.262,0,0.235,1,7
room_0399,train,12,5.021,0,0.251,1,7
room_0399,train,13,4.713,0,0.235,1,7
room_0399,train,14,3.384,0,0.159,1,7
room_0399,train,15,3.976,1,0.232,1,7
room_0399,train,16,3.944,0,0.287,1,7
room_0400,train,0,4.561,0,0.273,1,10
room_0400,train,1,3.721,0,0.208,1,10
room_0400,train,2,4.785,0,0.195,1,10
room_0400,train,3,3.932,0,0.174,1,10
room_0400,train,4,4.083,0,0.185,1,10
room_0400,train,5,3.935,0,0.138,1,10
room_0400,train,6,3.511,0,0.168,1,10
room_0400,train,7,3.306,0,0.175,1,10
room_0400,train,8,3.405,0,0.214,1,10
room_0400,train,9,3.343,0,0.169,1,10
room_0400,train,10,9.625,1,0.729,1,10
room_0400,train,11,3.813,0,0.177,1,10
room_0400,train,12,4.713,0,0.115,1,10
room_0400,train,13,3.153,0,0.192,1,10
room_0401,train,0,3.781,0,0.21,0,-1
room_0401,train,1,4.161,0,0.184,0,-1
room_0401,train,2,4.254,0,0.263,0,-1
room_0401,train,3,3.902,0,0.178,0,-1
room_0401,train,4,4.453,0,0.186,0,-1
room_0401,train,5,4.186,0,0.264,0,-1
room_0401,train,6,3.853,0,0.196,0,-1
room_0401,train,7,4.186,1,0.279,0,-1
room_0401,train,8,3.894,0,0.17,0,-1
room_0401,train,9,3.964,0,0.134,0,-1
room_0401,train,10,3.487,0,0.261,0,-1
room_0401,train,11,4.132,0,0.167,0,-1
room_0401,train,12,3.774,0,0.244,0,-1
room_0401,train,13,3.975,0,0.177,0,-1
room_0401,train,14,3.967,0,0.265,0,-1
room_0401,train,15,3.978,0,0.176,0,-1
room_0402,test,0,3.93,1,0.161,1,8
room_0402,test,1,3.611,0,0.267,1,8
room_0402,test,2,4.144,0,0.154,1,8
room_0402,test,3,3.383,0,0.182,1,8
room_0402,test,4,4.603,0,0.24,1,8
room_0402,test,5,3.903,1,0.195,1,8
room_0402,test,6,4.119,0,0.272,1,8
room_0402,test,7,4.153,0,0.168,1,8
room_0402,test,8,10.47,1,0.799,1,8
room_0402,test,9,4.281,0,0.225,1,8
room_0402,test,10,4.485,0,0.218,1,8
room_0402,test,11,4.602,0,0.197,1,8
room_0403,test,0,3.436,0,0.16,0,-1
room_0403,test,1,3.746,0,0.132,0,-1
room_0403,test,2,3.7,0,0.2,0,-1
room_0403,test,3,3.628,0,0.163,0,-1
room_0403,test,4,4.134,1,0.792,0,-1
room_0403,test,5,3.963,0,0.259,0,-1
room_0403,test,6,4.826,0,0.196,0,-1
room_0403,test,7,3.939,0,0.157,0,-1
room_0403,test,8,4.128,0,0.195,0,-1
room_0403,test,9,3.726,0,0.223,0,-1
room_0403,test,10,4.247,0,0.257,0,-1
room_0403,test,11,4.649,0,0.215,0,-1
room_0403,test,12,4.33,0,0.222,0,-1
room_0403,test,13,4.081,0,0.167,0,-1
room_0404,train,0,3.27,0,0.172,0,-1
room_0404,train,1,3.269,0,0.146,0,-1
room_0404,train,2,4.245,0,0.165,0,-1
room_0404,train,3,3.745,0,0.197,0,-1
room_0404,train,4,3.736,0,0.248,0,-1
room_0404,train,5,4.415,0,0.185,0,-1
room_0404,train,6,4.427,0,0.187,0,-1
room_0404,train,7,3.936,0,0.213,0,-1
room_0404,train,8,4.273,0,0.128,0,-1
room_0404,train,9,3.581,0,0.117,0,-1
room_0404,train,10,4.021,0,0.242,0,-1
room_0404,train,11,4.192,0,0.21,0,-1
room_0404,train,12,4.368,0,0.141,0,-1
room_0405,train,0,4.791,0,0.244,1,7
room_0405,train,1,4.467,1,0.238,1,7
room_0405,train,2,3.973,0,0.165,1,7
room_0405,train,3,3.852,0,0.24,1,7
room_0405,train,4,3.67,0,0.295,1,7
room_0405,train,5,3.755,0,0.241,1,7
room_0405,train,6,4.219,0,0.177,1,7
room_0405,train,7,9.578,1,0.763,1,7
room_0405,train,8,4.535,1,0.163,1,7
room_0405,train,9,4.444,0,0.201,1,7
room_0405,train,10,3.32,0,0.206,1,7
room_0405,train,11,2.851,0,0.232,1,7
room_0405,train,12,3.835,1,0.232,1,7
room_0405,train,13,3.756,0,0.196,1,7
room_0405,train,14,4.211,1,0.292,1,7
room_0405,train,15,4.203,0,0.18,1,7
room_0405,train,16,3.228,0,0.106,1,7
room_0405,train,17,4.354,0,0.233,1,7
room_0406,train,0,4.547,0,0.173,1,10
room_0406,train,1,4.036,0,0.133,1,10
room_0406,train,2,4.081,0,0.249,1,10
room_0406,train,3,4.146,0,0.153,1,10
room_0406,train,4,3.651,0,0.136,1,10
room_0406,train,5,4.555,0,0.181,1,10
room_0406,train,6,5.011,0,0.131,1,10
room_0406,train,7,4.271,0,0.195,1,10
room_0406,train,8,4.205,0,0.249,1,10
room_0406,train,9,4.497,0,0.222,1,10
room_0406,train,10,9.238,1,0.854,1,10
room_0406,train,11,4.24,0,0.283,1,10
room_0406,train,12,3.936,0,0.173,1,10
room_0406,train,13,4.023,0,0.213,1,10
room_0406,train,14,4.361,0,0.224,1,10
room_0406,train,15,4.209,0,0.144,1,10
room_0406,train,16,3.974,0,0.187,1,10
room_0406,train,17,4.279,0,0.1,1,10
room_0407,train,0,5.068,0,0.233,1,14
room_0407,train,1,3.506,0,0.187,1,14
room_0407,train,2,4.804,0,0.133,1,14
room_0407,train,3,3.966,0,0.226,1,14
room_0407,train,4,2.948,0,0.164,1,14
room_0407,train,5,3.592,0,0.193,1,14
room_0407,train,6,4.0,0,0.199,1,14
room_0407,train,7,4.682,0,0.141,1,14
room_0407,train,8,4.083,0,0.139,1,14
room_0407,train,9,5.012,0,0.213,1,14
room_0407,train,10,3.848,0,0.172,1,14
room_0407,train,11,3.741,0,0.182,1,14
room_0407,train,12,4.058,0,0.276,1,14
room_0407,train,13,4.755,0,0.191,1,14
room_0407,train,14,10.162,1,0.856,1,14
room_0407,train,15,3.582,1,0.234,1,14
room_0408,test,0,3.96,0,0.176,1,12
room_0408,test,1,3.815,0,0.245,1,12
room_0408,test,2,4.856,0,0.249,1,12
room_0408,test,3,2.933,0,0.197,1,12
room_0408,test,4,3.751,0,0.157,1,12
room_0408,test,5,4.277,0,0.126,1,12
room_0408,test,6,3.952,0,0.163,1,12
room_0408,test,7,4.183,0,0.195,1,12
room_0408,test,8,4.005,0,0.258,1,12
room_0408,test,9,3.705,0,0.153,1,12
room_0408,test,10,3.098,0,0.185,1,12
room_0408,test,11,4.178,0,0.222,1,12
room_0408,test,12,9.411,1,0.814,1,12
room_0408,test,13,3.72,0,0.24,1,12
room_0408,test,14,4.404,0,0.296,1,12
room_0408,test,15,3.617,0,0.187,1,12
room_0408,test,16,4.301,0,0.159,1,12
room_0408,test,17,4.756,0,0.095,1,12
room_0409,train,0,3.736,1,0.215,0,-1
room_0409,train,1,3.604,0,0.212,0,-1
room_0409,train,2,3.786,1,0.735,0,-1
room_0409,train,3,4.454,0,0.211,0,-1
room_0409,train,4,4.448,0,0.216,0,-1
room_0409,train,5,4.066,0,0.144,0,-1
room_0409,train,6,3.826,0,0.212,0,-1
room_0409,train,7,3.573,0,0.192,0,-1
room_0409,train,8,3.939,0,0.18,0,-1
room_0409,train,9,4.086,0,0.062,0,-1
room_0409,train,10,4.76,0,0.193,0,-1
room_0409,train,11,3.567,0,0.158,0,-1
room_0409,train,12,3.099,0,0.233,0,-1
room_0410,train,0,4.191,0,0.271,1,8
room_0410,train,1,3.647,0,0.189,1,8
room_0410,train,2,3.879,0,0.157,1,8
room_0410,train,3,3.331,0,0.168,1,8
room_0410,train,4,3.421,0,0.195,1,8
room_0410,train,5,4.401,0,0.272,1,8
room_0410,train,6,3.724,1,0.275,1,8
room_0410,train,7,3.959,1,0.223,1,8
room_0410,train,8,10.937,1,0.893,1,8
room_0410,train,9,3.519,0,0.157,1,8
room_0411,train,0,3.838,0,0.19,1,7
room_0411,train,1,4.265,1,0.098,1,7
room_0411,train,2,4.004,0,0.175,1,7
room_0411,train,3,3.627,0,0.225,1,7
room_0411,train,4,3.569,0,0.172,1,7
room_0411,train,5,3.895,0,0.201,1,7
room_0411,train,6,3.212,0,0.22,1,7
room_0411,train,7,10.062,1,0.754,1,7
room_0411,train,8,3.326,1,0.208,1,7
room_0411,train,9,3.462,0,0.236,1,7
room_0411,train,10,4.327,0,0.191,1,7
room_0411,train,11,4.098,0,0.207,1,7
room_0412,test,0,4.032,0,0.201,0,-1
room_0412,test,1,3.783,1,0.802,0,-1
room_0412,test,2,3.581,0,0.217,0,-1
room_0412,test,3,4.289,1,0.208,0,-1
room_0412,test,4,3.863,0,0.215,0,-1
room_0412,test,5,4.39,1,0.194,0,-1
room_0412,test,6,4.178,0,0.225,0,-1
room_0412,test,7,4.449,1,0.153,0,-1
room_0412,test,8,3.791,0,0.199,0,-1
room_0412,test,9,3.678,0,0.11,0,-1
room_0412,test,10,3.734,0,0.226,0,-1
room_0412,test,11,4.269,0,0.22,0,-1
room_0412,test,12,3.367,0,0.184,0,-1
room_0412,test,13,4.065,0,0.202,0,-1
room_0413,train,0,3.463,0,0.225,1,6
room_0413,train,1,3.418,0,0.182,1,6
room_0413,train,2,3.395,0,0.109,1,6
room_0413,train,3,3.492,0,0.163,1,6
room_0413,train,4,3.854,0,0.171,1,6
room_0413,train,5,3.88,0,0.277,1,6
room_0413,train,6,10.709,1,0.744,1,6
room_0413,train,7,4.519,0,0.256,1,6
room_0413,train,8,4.557,0,0.146,1,6
room_0414,train,0,4.879,0,0.135,0,-1
room_0414,train,1,4.556,0,0.144,0,-1
room_0414,train,2,3.847,0,0.201,0,-1
room_0414,train,3,3.609,0,0.169,0,-1
room_0414,train,4,3.346,1,0.255,0,-1
room_0414,train,5,3.763,0,0.224,0,-1
room_0414,train,6,4.23,0,0.17,0,-1
room_0414,train,7,4.639,0,0.202,0,-1
room_0414,train,8,10.878,0,0.158,0,-1
room_0414,train,9,3.736,0,0.184,0,-1
room_0414,train,10,5.077,0,0.232,0,-1
room_0414,train,11,4.345,0,0.314,0,-1
room_0414,train,12,3.6,0,0.21,0,-1
room_0414,train,13,3.534,0,0.242,0,-1
room_0414,train,14,4.251,0,0.328,0,-1
room_0414,train,15,3.73,0,0.209,0,-1
room_0415,train,0,3.714,1,0.232,1,13
room_0415,train,1,4.472,0,0.192,1,13
room_0415,train,2,4.122,0,0.182,1,13
room_0415,train,3,3.906,0,0.203,1,13
room_0415,train,4,2.955,0,0.25,1,13
room_0415,train,5,4.137,1,0.226,1,13
room_0415,train,6,4.403,0,0.147,1,13
room_0415,train,7,3.09,0,0.213,1,13
room_0415,train,8,4.099,0,0.208,1,13
room_0415,train,9,3.726,0,0.231,1,13
room_0415,train,10,4.501,0,0.182,1,13
room_0415,train,11,3.926,0,0.195,1,13
room_0415,train,12,3.481,0,0.148,1,13
room_0415,train,13,9.05,1,0.752,1,13
room_0415,train,14,3.371,0,0.189,1,13
room_0415,train,15,4.103,0,0.137,1,13
room_0416,train,0,4.125,0,0.234,0,-1
room_0416,train,1,4.364,0,0.162,0,-1
room_0416,train,2,3.811,0,0.153,0,-1
room_0416,train,3,4.553,0,0.153,0,-1
room_0416,train,4,3.324,0,0.164,0,-1
room_0416,train,5,3.997,0,0.189,0,-1
room_0416,train,6,4.776,0,0.177,0,-1
room_0416,train,7,3.977,1,0.244,0,-1
room_0416,train,8,4.245,0,0.192,0,-1
room_0416,train,9,4.875,0,0.27,0,-1
room_0416,train,10,3.35,0,0.177,0,-1
room_0416,train,11,3.733,0,0.21,0,-1
room_0416,train,12,3.795,0,0.141,0,-1
room_0417,train,0,3.79,0,0.188,1,5
room_0417,train,1,3.61,0,0.171,1,5
room_0417,train,2,4.481,0,0.221,1,5
room_0417,train,3,3.312,0,0.211,1,5
room_0417,train,4,5.207,0,0.193,1,5
room_0417,train,5,9.059,1,0.775,1,5
room_0417,train,6,3.171,0,0.235,1,5
room_0417,train,7,4.551,0,0.217,1,5
room_0417,train,8,2.867,0,0.142,1,5
room_0417,train,9,3.84,0,0.203,1,5
room_0417,train,10,4.149,0,0.202,1,5
room_0417,train,11,3.735,0,0.228,1,5
room_0417,train,12,3.732,0,0.223,1,5
room_0417,train,13,3.999,0,0.202,1,5
room_0418,train,0,4.185,0,0.22,1,10
room_0418,train,1,3.94,0,0.212,1,10
room_0418,train,2,3.364,0,0.243,1,10
room_0418,train,3,4.0,0,0.112,1,10
room_0418,train,4,4.689,0,0.191,1,10
room_0418,train,5,3.995,0,0.135,1,10
room_0418,train,6,4.706,0,0.302,1,10
room_0418,train,7,3.933,0,0.148,1,10
room_0418,train,8,4.037,0,0.176,1,10
room_0418,train,9,3.371,0,0.227,1,10
room_0418,train,10,10.782,1,0.764,1,10
room_0418,train,11,4.29,0,0.164,1,10
room_0418,train,12,3.512,1,0.247,1,10
room_0418,train,13,4.636,0,0.186,1,10
room_0418,train,14,4.321,0,0.211,1,10
room_0419,train,0,4.131,0,0.097,0,-1
room_0419,train,1,4.313,0,0.187,0,-1
room_0419,train,2,3.635,0,0.156,0,-1
room_0419,train,3,3.896,0,0.175,0,-1
room_0419,train,4,3.314,0,0.135,0,-1
room_0419,train,5,4.489,0,0.194,0,-1
room_0419,train,6,3.989,0,0.135,0,-1
room_0419,train,7,4.345,0,0.182,0,-1
room_0419,train,8,3.518,0,0.165,0,-1
room_0419,train,9,3.639,0,0.186,0,-1
room_0420,train,0,4.423,1,0.178,0,-1
room_0420,train,1,4.105,0,0.191,0,-1
room_0420,train,2,3.946,0,0.151,0,-1
room_0420,train,3,3.647,0,0.131,0,-1
room_0420,train,4,10.974,0,0.211,0,-1
room_0420,train,5,3.288,0,0.22,0,-1
room_0420,train,6,4.195,0,0.214,0,-1
room_0420,train,7,3.992,0,0.208,0,-1
room_0420,train,8,3.925,0,0.293,0,-1
room_0420,train,9,4.456,0,0.199,0,-1
room_0420,train,10,4.117,0,0.276,0,-1
room_0420,train,11,4.755,0,0.154,0,-1
room_0420,train,12,4.023,0,0.207,0,-1
room_0420,train,13,3.609,0,0.174,0,-1
room_0420,train,14,4.09,0,0.167,0,-1
room_0420,train,15,3.936,0,0.25,0,-1
room_0421,train,0,3.913,0,0.162,1,3
room_0421,train,1,3.705,0,0.219,1,3
room_0421,train,2,4.133,0,0.232,1,3
room_0421,train,3,9.58,1,0.833,1,3
room_0421,train,4,4.216,0,0.183,1,3
room_0421,train,5,4.443,0,0.248,1,3
room_0421,train,6,4.274,0,0.237,1,3
room_0421,train,7,2.783,0,0.257,1,3
room_0421,train,8,3.772,0,0.164,1,3
room_0421,train,9,3.383,0,0.202,1,3
room_0421,train,10,4.734,0,0.238,1,3
room_0421,train,11,4.514,0,0.185,1,3
room_0421,train,12,3.771,0,0.189,1,3
room_0421,train,13,3.431,0,0.162,1,3
room_0421,train,14,4.193,0,0.186,1,3
room_0421,train,15,4.87,0,0.166,1,3
room_0421,train,16,4.189,0,0.186,1,3
room_0421,train,17,4.093,0,0.169,1,3
room_0422,train,0,2.974,0,0.122,0,-1
room_0422,train,1,4.057,0,0.147,0,-1
room_0422,train,2,4.335,0,0.22,0,-1
room_0422,train,3,4.659,1,0.182,0,-1
room_0422,train,4,3.981,0,0.165,0,-1
room_0422,train,5,4.366,0,0.23,0,-1
room_0422,train,6,3.75,1,0.203,0,-1
room_0422,train,7,3.941,0,0.18,0,-1
room_0422,train,8,4.613,0,0.238,0,-1
room_0422,train,9,4.155,0,0.198,0,-1
room_0422,train,10,4.324,0,0.181,0,-1
room_0422,train,11,3.685,0,0.245,0,-1
room_0422,train,12,4.04,0,0.239,0,-1
room_0423,train,0,3.906,0,0.159,1,6
room_0423,train,1,3.533,0,0.148,1,6
room_0423,train,2,4.552,0,0.244,1,6
room_0423,train,3,3.514,0,0.236,1,6
room_0423,train,4,4.172,0,0.199,1,6
room_0423,train,5,4.318,0,0.191,1,6
room_0423,train,6,10.033,1,0.76,1,6
room_0423,train,7,4.886,0,0.174,1,6
room_0423,train,8,4.291,0,0.177,1,6
room_0424,train,0,3.995,0,0.176,1,8
room_0424,train,1,3.887,1,0.196,1,8
room_0424,train,2,4.09,0,0.165,1,8
room_0424,train,3,3.887,1,0.143,1,8
room_0424,train,4,3.742,0,0.16,1,8
room_0424,train,5,4.016,0,0.209,1,8
room_0424,train,6,4.569,0,0.154,1,8
room_0424,train,7,4.547,0,0.148,1,8
room_0424,train,8,10.836,1,0.732,1,8
room_0424,train,9,3.343,1,0.24,1,8
room_0424,train,10,4.478,0,0.19,1,8
room_0424,train,11,4.053,0,0.281,1,8
room_0424,train,12,3.464,0,0.167,1,8
room_0424,train,13,4.062,0,0.205,1,8
room_0424,train,14,4.157,0,0.209,1,8
room_0424,train,15,3.237,1,0.151,1,8
room_0424,train,16,4.465,0,0.273,1,8
room_0424,train,17,3.68,0,0.213,1,8
room_0425,train,0,4.156,0,0.167,0,-1
room_0425,train,1,4.017,0,0.173,0,-1
room_0425,train,2,3.789,0,0.164,0,-1
room_0425,train,3,3.527,0,0.152,0,-1
room_0425,train,4,4.492,0,0.327,0,-1
room_0425,train,5,3.957,0,0.192,0,-1
room_0425,train,6,4.6,0,0.153,0,-1
room_0425,train,7,4.13,0,0.202,0,-1
room_0426,train,0,4.764,0,0.163,1,3
room_0426,train,1,4.089,1,0.173,1,3
room_0426,train,2,3.9,0,0.265,1,3
room_0426,train,3,9.716,1,0.88,1,3
room_0426,train,4,4.873,0,0.161,1,3
room_0426,train,5,3.913,0,0.134,1,3
room_0426,train,6,4.681,0,0.173,1,3
room_0426,train,7,4.342,0,0.207,1,3
room_0426,train,8,4.546,0,0.258,1,3
room_0427,train,0,3.688,0,0.23,0,-1
room_0427,train,1,3.638,0,0.178,0,-1
room_0427,train,2,3.744,1,0.89,0,-1
room_0427,train,3,3.964,0,0.264,0,-1
room_0427,train,4,3.13,0,0.162,0,-1
room_0427,train,5,4.175,0,0.207,0,-1
room_0427,train,6,2.982,1,0.27,0,-1
room_0427,train,7,4.375,0,0.235,0,-1
room_0427,train,8,3.875,0,0.307,0,-1
room_0428,train,0,4.128,0,0.12,1,12
room_0428,train,1,3.352,0,0.265,1,12
room_0428,train,2,3.424,0,0.242,1,12
room_0428,train,3,3.661,0,0.146,1,12
room_0428,train,4,4.61,0,0.181,1,12
room_0428,train,5,3.729,1,0.233,1,12
room_0428,train,6,3.358,0,0.23,1,12
room_0428,train,7,3.832,0,0.285,1,12
room_0428,train,8,4.145,0,0.178,1,12
room_0428,train,9,4.043,0,0.218,1,12
room_0428,train,10,4.004,1,0.182,1,12
room_0428,train,11,5.464,1,0.192,1,12
room_0428,train,12,9.919,1,0.752,1,12
room_0428,train,13,4.031,0,0.161,1,12
room_0428,train,14,4.577,0,0.148,1,12
room_0428,train,15,3.956,0,0.202,1,12
room_0428,train,16,4.022,0,0.218,1,12
room_0428,train,17,3.333,0,0.123,1,12
room_0429,train,0,4.518,0,0.16,1,5
room_0429,train,1,3.747,0,0.251,1,5
room_0429,train,2,4.48,0,0.13,1,5
room_0429,train,3,4.334,0,0.139,1,5
room_0429,train,4,3.559,0,0.275,1,5
room_0429,train,5,9.998,1,0.827,1,5
room_0429,train,6,5.061,0,0.213,1,5
room_0429,train,7,3.562,0,0.18,1,5
room_0429,train,8,4.485,0,0.175,1,5
room_0429,train,9,3.541,0,0.2,1,5
room_0429,train,10,4.16,0,0.207,1,5
room_0429,train,11,3.95,0,0.298,1,5
room_0429,train,12,4.162,0,0.139,1,5
room_0429,train,13,4.202,0,0.244,1,5
room_0429,train,14,4.403,0,0.173,1,5
room_0429,train,15,4.499,0,0.218,1,5
room_0429,train,16,3.552,0,0.268,1,5
room_0430,train,0,3.942,0,0.201,1,7
room_0430,train,1,3.937,0,0.269,1,7
room_0430,train,2,3.408,1,0.128,1,7
room_0430,train,3,3.642,0,0.193,1,7
room_0430,train,4,3.931,0,0.215,1,7
room_0430,train,5,3.294,0,0.198,1,7
room_0430,train,6,4.174,0,0.141,1,7
room_0430,train,7,10.751,1,0.812,1,7
room_0430,train,8,3.871,0,0.209,1,7
room_0430,train,9,3.487,0,0.227,1,7
room_0430,train,10,4.438,0,0.11,1,7
room_0430,train,11,4.347,0,0.178,1,7
room_0431,train,0,4.541,0,0.229,1,2
room_0431,train,1,4.13,0,0.243,1,2
room_0431,train,2,9.207,1,0.902,1,2
room_0431,train,3,3.403,0,0.164,1,2
room_0431,train,4,3.661,0,0.179,1,2
room_0431,train,5,3.966,0,0.169,1,2
room_0431,train,6,3.65,0,0.221,1,2
room_0431,train,7,3.746,0,0.186,1,2
room_0431,train,8,2.954,1,0.178,1,2
room_0431,train,9,3.541,0,0.212,1,2
room_0431,train,10,3.094,0,0.109,1,2
room_0431,train,11,2.989,0,0.227,1,2
room_0432,train,0,3.211,0,0.244,1,1
room_0432,train,1,9.765,1,0.762,1,1
room_0432,train,2,3.595,0,0.181,1,1
room_0432,train,3,4.172,0,0.192,1,1
room_0432,train,4,3.562,0,0.163,1,1
room_0432,train,5,3.999,0,0.264,1,1
room_0432,train,6,3.885,0,0.253,1,1
room_0432,train,7,3.858,1,0.098,1,1
room_0432,train,8,3.786,0,0.269,1,1
room_0432,train,9,3.562,0,0.243,1,1
room_0433,train,0,3.994,0,0.122,0,-1
room_0433,train,1,4.157,0,0.168,0,-1
room_0433,train,2,3.829,1,0.826,0,-1
room_0433,train,3,3.946,0,0.248,0,-1
room_0433,train,4,4.078,0,0.194,0,-1
room_0433,train,5,3.805,0,0.2,0,-1
room_0433,train,6,3.438,0,0.167,0,-1
room_0433,train,7,4.072,0,0.27,0,-1
room_0433,train,8,3.443,0,0.175,0,-1
room_0433,train,9,4.698,0,0.231,0,-1
room_0433,train,10,4.103,0,0.195,0,-1
room_0433,train,11,3.701,0,0.246,0,-1
room_0433,train,12,3.658,0,0.176,0,-1
room_0433,train,13,3.686,0,0.292,0,-1
room_0433,train,14,4.771,0,0.202,0,-1
room_0433,train,15,4.638,0,0.2,0,-1
room_0433,train,16,3.116,0,0.189,0,-1
room_0434,train,0,3.756,0,0.159,0,-1
room_0434,train,1,3.251,0,0.205,0,-1
room_0434,train,2,4.402,0,0.184,0,-1
room_0434,train,3,4.037,0,0.154,0,-1
room_0434,train,4,3.841,0,0.208,0,-1
room_0434,train,5,2.866,1,0.107,0,-1
room_0434,train,6,4.402,0,0.195,0,-1
room_0434,train,7,4.195,0,0.136,0,-1
room_0434,train,8,4.266,0,0.144,0,-1
room_0434,train,9,4.716,0,0.203,0,-1
room_0434,train,10,3.609,0,0.251,0,-1
room_0434,train,11,3.291,0,0.162,0,-1
room_0434,train,12,4.284,1,0.243,0,-1
room_0434,train,13,3.737,0,0.221,0,-1
room_0434,train,14,3.682,0,0.192,0,-1
room_0434,train,15,4.547,0,0.252,0,-1
room_0434,train,16,4.486,0,0.133,0,-1
room_0435,test,0,3.871,0,0.156,0,-1
room_0435,test,1,4.455,0,0.178,0,-1
room_0435,test,2,3.786,0,0.206,0,-1
room_0435,test,3,3.772,1,0.159,0,-1
room_0435,test,4,3.643,0,0.236,0,-1
room_0435,test,5,3.729,0,0.142,0,-1
room_0435,test,6,10.331,0,0.238,0,-1
room_0435,test,7,3.963,0,0.181,0,-1
room_0435,test,8,3.857,0,0.218,0,-1
room_0436,train,0,3.812,0,0.192,1,2
room_0436,train,1,4.006,1,0.174,1,2
room_0436,train,2,9.877,1,0.932,1,2
room_0436,train,3,3.383,0,0.163,1,2
room_0436,train,4,4.194,0,0.173,1,2
room_0436,train,5,3.32,0,0.248,1,2
room_0436,train,6,4.532,0,0.203,1,2
room_0436,train,7,4.228,0,0.28,1,2
room_0437,test,0,4.809,0,0.16,0,-1
room_0437,test,1,4.505,0,0.165,0,-1
room_0437,test,2,3.35,0,0.195,0,-1
room_0437,test,3,3.919,0,0.313,0,-1
room_0437,test,4,4.661,0,0.23,0,-1
room_0437,test,5,3.654,0,0.263,0,-1
room_0437,test,6,4.589,0,0.178,0,-1
room_0437,test,7,3.438,1,0.191,0,-1
room_0437,test,8,4.088,0,0.177,0,-1
room_0437,test,9,4.492,0,0.194,0,-1
room_0437,test,10,3.786,0,0.224,0,-1
room_0437,test,11,4.771,0,0.204,0,-1
room_0437,test,12,3.732,0,0.288,0,-1
room_0437,test,13,4.52,0,0.082,0,-1
room_0438,test,0,4.508,0,0.158,0,-1
room_0438,test,1,3.443,0,0.194,0,-1
room_0438,test,2,4.699,0,0.182,0,-1
room_0438,test,3,4.678,0,0.207,0,-1
room_0438,test,4,3.63,0,0.243,0,-1
room_0438,test,5,3.91,0,0.232,0,-1
room_0438,test,6,9.593,0,0.194,0,-1
room_0438,test,7,4.044,0,0.148,0,-1
room_0438,test,8,4.046,0,0.232,0,-1
room_0438,test,9,4.257,0,0.192,0,-1
room_0438,test,10,4.091,0,0.192,0,-1
room_0438,test,11,4.08,1,0.116,0,-1
room_0438,test,12,3.46,0,0.236,0,-1
room_0438,test,13,3.751,0,0.258,0,-1
room_0439,train,0,3.976,0,0.204,0,-1
room_0439,train,1,4.255,0,0.22,0,-1
room_0439,train,2,5.146,0,0.146,0,-1
room_0439,train,3,4.607,0,0.221,0,-1
room_0439,train,4,3.535,0,0.293,0,-1
room_0439,train,5,3.909,0,0.246,0,-1
room_0439,train,6,3.794,1,0.924,0,-1
room_0439,train,7,4.124,0,0.22,0,-1
room_0440,train,0,4.129,0,0.216,0,-1
room_0440,train,1,3.461,0,0.215,0,-1
room_0440,train,2,4.288,0,0.204,0,-1
room_0440,train,3,4.229,0,0.185,0,-1
room_0440,train,4,4.536,0,0.229,0,-1
room_0440,train,5,3.323,1,0.162,0,-1
room_0440,train,6,3.867,0,0.26,0,-1
room_0440,train,7,4.455,0,0.193,0,-1
room_0440,train,8,4.683,0,0.202,0,-1
room_0440,train,9,3.938,0,0.161,0,-1
room_0441,train,0,3.786,0,0.223,1,13
room_0441,train,1,3.85,0,0.258,1,13
room_0441,train,2,3.834,1,0.212,1,13
room_0441,train,3,3.918,0,0.235,1,13
room_0441,train,4,3.375,0,0.227,1,13
room_0441,train,5,3.961,0,0.196,1,13
room_0441,train,6,4.545,0,0.233,1,13
room_0441,train,7,4.023,1,0.198,1,13
room_0441,train,8,3.424,1,0.166,1,13
room_0441,train,9,3.686,0,0.163,1,13
room_0441,train,10,3.153,0,0.24,1,13
room_0441,train,11,4.501,0,0.246,1,13
room_0441,train,12,3.365,1,0.121,1,13
room_0441,train,13,10.113,1,0.935,1,13
room_0441,train,14,3.864,1,0.257,1,13
room_0441,train,15,3.189,0,0.234,1,13
room_0442,test,0,3.259,0,0.109,1,2
room_0442,test,1,4.074,0,0.225,1,2
room_0442,test,2,10.096,1,0.856,1,2
room_0442,test,3,3.841,0,0.229,1,2
room_0442,test,4,4.304,0,0.172,1,2
room_0442,test,5,3.77,0,0.147,1,2
room_0442,test,6,4.374,0,0.217,1,2
room_0442,test,7,4.215,1,0.228,1,2
room_0442,test,8,3.859,0,0.203,1,2
room_0442,test,9,4.031,0,0.221,1,2
room_0442,test,10,4.452,0,0.224,1,2
room_0442,test,11,4.147,0,0.197,1,2
room_0443,train,0,4.745,1,0.245,0,-1
room_0443,train,1,3.352,1,0.206,0,-1
room_0443,train,2,3.482,1,0.203,0,-1
room_0443,train,3,3.655,0,0.144,0,-1
room_0443,train,4,3.783,0,0.162,0,-1
room_0443,train,5,3.972,0,0.238,0,-1
room_0443,train,6,4.368,0,0.186,0,-1
room_0443,train,7,4.256,0,0.216,0,-1
room_0444,train,0,3.386,0,0.239,1,1
room_0444,train,1,9.011,1,0.733,1,1
room_0444,train,2,3.779,0,0.184,1,1
room_0444,train,3,3.728,0,0.146,1,1
room_0444,train,4,3.275,0,0.17,1,1
room_0444,train,5,3.66,0,0.145,1,1
room_0444,train,6,4.419,0,0.109,1,1
room_0444,train,7,4.569,0,0.093,1,1
room_0444,train,8,3.62,0,0.272,1,1
room_0444,train,9,3.829,0,0.298,1,1
room_0445,test,0,4.372,1,0.27,0,-1
room_0445,test,1,4.211,0,0.187,0,-1
room_0445,test,2,4.279,0,0.237,0,-1
room_0445,test,3,4.391,0,0.265,0,-1
room_0445,test,4,4.258,0,0.2,0,-1
room_0445,test,5,4.416,1,0.893,0,-1
room_0445,test,6,3.647,0,0.209,0,-1
room_0445,test,7,4.095,0,0.177,0,-1
room_0445,test,8,4.767,0,0.152,0,-1
room_0445,test,9,4.332,1,0.234,0,-1
room_0445,test,10,4.111,1,0.154,0,-1
room_0446,train,0,3.298,0,0.202,0,-1
room_0446,train,1,4.226,0,0.152,0,-1
room_0446,train,2,4.828,0,0.225,0,-1
room_0446,train,3,3.344,0,0.176,0,-1
room_0446,train,4,4.182,0,0.235,0,-1
room_0446,train,5,3.509,0,0.12,0,-1
room_0446,train,6,3.864,0,0.26,0,-1
room_0446,train,7,3.708,1,0.248,0,-1
room_0446,train,8,3.593,0,0.083,0,-1
room_0446,train,9,4.681,0,0.176,0,-1
room_0446,train,10,4.066,0,0.128,0,-1
room_0447,train,0,3.328,0,0.169,1,6
room_0447,train,1,3.515,0,0.269,1,6
room_0447,train,2,4.001,0,0.171,1,6
room_0447,train,3,4.207,0,0.239,1,6
room_0447,train,4,3.776,0,0.174,1,6
room_0447,train,5,2.945,0,0.181,1,6
room_0447,train,6,10.524,1,0.862,1,6
room_0447,train,7,3.796,0,0.19,1,6
room_0447,train,8,3.78,0,0.121,1,6
room_0447,train,9,4.441,0,0.185,1,6
room_0447,train,10,4.047,0,0.22,1,6
room_0447,train,11,3.517,0,0.206,1,6
room_0448,train,0,4.132,0,0.154,1,4
room_0448,train,1,4.134,1,0.126,1,4
room_0448,train,2,4.007,0,0.322,1,4
room_0448,train,3,3.812,0,0.161,1,4
room_0448,train,4,10.074,1,0.847,1,4
room_0448,train,5,4.007,0,0.149,1,4
room_0448,train,6,4.21,0,0.21,1,4
room_0448,train,7,3.992,0,0.18,1,4
room_0448,train,8,3.93,0,0.109,1,4
room_0448,train,9,3.774,0,0.243,1,4
room_0448,train,10,4.469,0,0.25,1,4
room_0448,train,11,4.255,0,0.098,1,4
room_0448,train,12,3.579,0,0.281,1,4
room_0449,train,0,3.237,0,0.149,0,-1
room_0449,train,1,3.557,0,0.142,0,-1
room_0449,train,2,4.009,0,0.182,0,-1
room_0449,train,3,3.711,0,0.142,0,-1
room_0449,train,4,3.991,0,0.152,0,-1
room_0449,train,5,4.465,0,0.253,0,-1
room_0449,train,6,3.851,0,0.185,0,-1
room_0449,train,7,4.234,0,0.114,0,-1
room_0449,train,8,4.09,0,0.279,0,-1
room_0449,train,9,3.798,0,0.196,0,-1
room_0449,train,10,3.92,0,0.194,0,-1
room_0449,train,11,4.224,0,0.239,0,-1
room_0449,train,12,4.077,0,0.176,0,-1
room_0449,train,13,4.351,0,0.205,0,-1
room_0450,train,0,3.662,0,0.198,0,-1
room_0450,train,1,3.925,0,0.179,0,-1
room_0450,train,2,3.94,0,0.158,0,-1
room_0450,train,3,4.642,0,0.183,0,-1
room_0450,train,4,4.513,0,0.164,0,-1
room_0450,train,5,4.915,0,0.188,0,-1
room_0450,train,6,3.779,0,0.294,0,-1
room_0450,train,7,4.226,0,0.208,0,-1
room_0450,train,8,3.148,0,0.288,0,-1
room_0450,train,9,3.832,0,0.213,0,-1
room_0450,train,10,10.818,0,0.162,0,-1
room_0450,train,11,4.102,0,0.164,0,-1
room_0450,train,12,4.153,0,0.196,0,-1
room_0450,train,13,3.514,0,0.254,0,-1
room_0450,train,14,4.442,0,0.172,0,-1
room_0451,train,0,3.187,0,0.146,0,-1
room_0451,train,1,4.085,0,0.162,0,-1
room_0451,train,2,4.06,0,0.213,0,-1
room_0451,train,3,3.736,0,0.226,0,-1
room_0451,train,4,4.086,1,0.857,0,-1
room_0451,train,5,3.551,0,0.231,0,-1
room_0451,train,6,3.694,0,0.268,0,-1
room_0451,train,7,4.037,0,0.208,0,-1
room_0451,train,8,4.267,0,0.219,0,-1
room_0451,train,9,4.025,0,0.228,0,-1
room_0451,train,10,4.443,0,0.165,0,-1
room_0451,train,11,4.021,0,0.125,0,-1
room_0451,train,12,3.953,0,0.162,0,-1
room_0451,train,13,4.161,0,0.13,0,-1
room_0451,train,14,3.785,1,0.195,0,-1
room_0451,train,15,3.729,0,0.205,0,-1
room_0452,train,0,3.99,0,0.149,1,3
room_0452,train,1,4.231,0,0.141,1,3
room_0452,train,2,4.204,0,0.219,1,3
room_0452,train,3,9.514,1,0.917,1,3
room_0452,train,4,4.357,0,0.248,1,3
room_0452,train,5,4.505,0,0.265,1,3
room_0452,train,6,4.431,0,0.264,1,3
room_0452,train,7,3.97,0,0.232,1,3
room_0452,train,8,4.311,0,0.144,1,3
room_0452,train,9,3.861,0,0.178,1,3
room_0452,train,10,4.548,1,0.245,1,3
room_0452,train,11,3.75,0,0.171,1,3
room_0453,test,0,4.299,0,0.198,0,-1
room_0453,test,1,3.462,0,0.229,0,-1
room_0453,test,2,3.822,0,0.171,0,-1
room_0453,test,3,4.455,0,0.241,0,-1
room_0453,test,4,3.384,0,0.166,0,-1
room_0453,test,5,4.755,0,0.174,0,-1
room_0453,test,6,3.718,0,0.191,0,-1
room_0453,test,7,3.74,0,0.144,0,-1
room_0453,test,8,9.46,0,0.23,0,-1
room_0453,test,9,3.933,1,0.259,0,-1
room_0454,train,0,4.207,0,0.216,1,2
room_0454,train,1,3.487,0,0.1,1,2
room_0454,train,2,10.6,1,0.915,1,2
room_0454,train,3,4.207,0,0.249,1,2
room_0454,train,4,4.339,0,0.136,1,2
room_0454,train,5,3.712,0,0.163,1,2
room_0454,train,6,3.607,0,0.154,1,2
room_0454,train,7,3.983,0,0.217,1,2
room_0455,test,0,3.845,0,0.282,1,5
room_0455,test,1,4.134,0,0.161,1,5
room_0455,test,2,4.734,0,0.247,1,5
room_0455,test,3,4.482,0,0.224,1,5
room_0455,test,4,4.262,1,0.099,1,5
room_0455,test,5,10.563,1,0.865,1,5
room_0455,test,6,4.417,0,0.253,1,5
room_0455,test,7,4.285,0,0.198,1,5
room_0455,test,8,4.344,0,0.259,1,5
room_0455,test,9,4.225,0,0.175,1,5
room_0455,test,10,4.621,0,0.222,1,5
room_0455,test,11,3.439,0,0.292,1,5
room_0455,test,12,4.072,0,0.21,1,5
room_0455,test,13,3.686,0,0.182,1,5
room_0455,test,14,3.013,0,0.147,1,5
room_0456,train,0,3.804,0,0.216,1,4
room_0456,train,1,3.125,0,0.169,1,4
room_0456,train,2,4.728,0,0.181,1,4
room_0456,train,3,3.653,0,0.231,1,4
room_0456,train,4,9.833,1,0.755,1,4
room_0456,train,5,4.598,0,0.21,1,4
room_0456,train,6,3.556,0,0.204,1,4
room_0456,train,7,4.264,0,0.185,1,4
room_0457,train,0,4.216,0,0.174,0,-1
room_0457,train,1,4.31,0,0.256,0,-1
room_0457,train,2,3.143,0,0.174,0,-1
room_0457,train,3,5.137,1,0.216,0,-1
room_0457,train,4,3.451,0,0.25,0,-1
room_0457,train,5,4.423,0,0.159,0,-1
room_0457,train,6,3.425,1,0.187,0,-1
room_0457,train,7,4.444,0,0.203,0,-1
room_0457,train,8,4.541,0,0.219,0,-1
room_0457,train,9,4.348,0,0.173,0,-1
room_0457,train,10,3.772,1,0.914,0,-1
room_0457,train,11,4.133,0,0.275,0,-1
room_0457,train,12,4.242,1,0.237,0,-1
room_0457,train,13,3.506,0,0.228,0,-1
room_0457,train,14,4.493,1,0.227,0,-1
room_0458,train,0,4.382,0,0.147,0,-1
room_0458,train,1,4.245,0,0.133,0,-1
room_0458,train,2,4.312,0,0.282,0,-1
room_0458,train,3,3.636,0,0.279,0,-1
room_0458,train,4,4.796,0,0.171,0,-1
room_0458,train,5,4.783,1,0.193,0,-1
room_0458,train,6,3.725,1,0.219,0,-1
room_0458,train,7,4.357,0,0.123,0,-1
room_0458,train,8,4.289,0,0.24,0,-1
room_0458,train,9,3.863,0,0.205,0,-1
room_0458,train,10,4.487,0,0.225,0,-1
room_0458,train,11,3.428,0,0.195,0,-1
room_0458,train,12,4.185,1,0.121,0,-1
room_0458,train,13,3.372,0,0.16,0,-1
room_0459,train,0,4.179,1,0.132,1,2
room_0459,train,1,3.481,0,0.191,1,2
room_0459,train,2,9.317,1,0.864,1,2
room_0459,train,3,4.35,0,0.198,1,2
room_0459,train,4,4.234,0,0.183,1,2
room_0459,train,5,4.234,0,0.15,1,2
room_0459,train,6,5.191,0,0.227,1,2
room_0459,train,7,4.577,0,0.311,1,2
room_0459,train,8,4.337,0,0.185,1,2
room_0459,train,9,4.705,0,0.157,1,2
room_0459,train,10,3.581,0,0.252,1,2
room_0459,train,11,4.079,0,0.212,1,2
room_0459,train,12,3.576,0,0.174,1,2
room_0459,train,13,4.179,1,0.225,1,2
room_0459,train,14,3.757,0,0.174,1,2
room_0460,test,0,3.521,0,0.24,0,-1
room_0460,test,1,4.788,0,0.207,0,-1
room_0460,test,2,3.736,0,0.212,0,-1
room_0460,test,3,4.203,0,0.237,0,-1
room_0460,test,4,4.276,0,0.245,0,-1
room_0460,test,5,3.534,0,0.203,0,-1
room_0460,test,6,4.157,0,0.188,0,-1
room_0460,test,7,4.133,0,0.167,0,-1
room_0460,test,8,3.851,1,0.773,0,-1
room_0460,test,9,4.47,0,0.263,0,-1
room_0460,test,10,4.025,0,0.317,0,-1
room_0460,test,11,4.282,0,0.17,0,-1
room_0460,test,12,3.658,0,0.186,0,-1
room_0460,test,13,3.543,0,0.218,0,-1
room_0460,test,14,3.779,0,0.204,0,-1
room_0460,test,15,3.888,0,0.218,0,-1
room_0460,test,16,4.338,0,0.264,0,-1
room_0461,test,0,4.555,0,0.24,0,-1
room_0461,test,1,2.87,1,0.196,0,-1
room_0461,test,2,3.532,1,0.188,0,-1
room_0461,test,3,4.126,0,0.146,0,-1
room_0461,test,4,3.889,0,0.189,0,-1
room_0461,test,5,4.391,0,0.276,0,-1
room_0461,test,6,4.041,0,0.212,0,-1
room_0461,test,7,4.079,0,0.208,0,-1
room_0461,test,8,4.094,1,0.164,0,-1
room_0461,test,9,3.597,0,0.164,0,-1
room_0461,test,10,3.611,0,0.224,0,-1
room_0461,test,11,3.838,0,0.227,0,-1
room_0461,test,12,4.309,0,0.217,0,-1
room_0461,test,13,4.367,0,0.254,0,-1
room_0462,train,0,4.553,0,0.192,1,3
room_0462,train,1,3.574,0,0.187,1,3
room_0462,train,2,3.924,0,0.148,1,3
room_0462,train,3,10.316,1,0.895,1,3
room_0462,train,4,3.75,0,0.25,1,3
room_0462,train,5,3.955,0,0.215,1,3
room_0462,train,6,3.455,0,0.182,1,3
room_0462,train,7,4.81,0,0.198,1,3
room_0462,train,8,3.734,0,0.253,1,3
room_0463,train,0,4.363,0,0.177,0,-1
room_0463,train,1,3.658,0,0.175,0,-1
room_0463,train,2,3.892,0,0.226,0,-1
room_0463,train,3,4.832,0,0.192,0,-1
room_0463,train,4,3.877,0,0.275,0,-1
room_0463,train,5,4.182,0,0.134,0,-1
room_0463,train,6,2.805,0,0.209,0,-1
room_0463,train,7,3.987,0,0.223,0,-1
room_0463,train,8,3.977,1,0.758,0,-1
room_0463,train,9,4.255,0,0.1,0,-1
room_0463,train,10,4.899,0,0.195,0,-1
room_0464,train,0,4.122,0,0.059,0,-1
room_0464,train,1,3.734,0,0.275,0,-1
room_0464,train,2,5.125,1,0.244,0,-1
room_0464,train,3,2.74,0,0.139,0,-1
room_0464,train,4,4.389,0,0.203,0,-1
room_0464,train,5,3.475,0,0.237,0,-1
room_0464,train,6,3.432,0,0.191,0,-1
room_0464,train,7,4.384,1,0.232,0,-1
room_0464,train,8,3.957,0,0.281,0,-1
room_0464,train,9,4.573,0,0.215,0,-1
room_0464,train,10,3.669,0,0.191,0,-1
room_0464,train,11,3.743,0,0.16,0,-1
room_0464,train,12,3.981,0,0.128,0,-1
room_0464,train,13,3.502,0,0.213,0,-1
room_0464,train,14,3.825,0,0.223,0,-1
room_0464,train,15,4.213,0,0.267,0,-1
room_0464,train,16,4.612,0,0.209,0,-1
room_0464,train,17,4.49,0,0.203,0,-1
room_0465,train,0,4.631,0,0.24,1,5
room_0465,train,1,3.482,0,0.189,1,5
room_0465,train,2,4.201,0,0.165,1,5
room_0465,train,3,4.003,0,0.144,1,5
room_0465,train,4,4.302,0,0.225,1,5
room_0465,train,5,9.965,1,0.896,1,5
room_0465,train,6,3.422,0,0.255,1,5
room_0465,train,7,4.163,1,0.197,1,5
room_0465,train,8,4.543,0,0.183,1,5
room_0465,train,9,3.456,0,0.186,1,5
room_0465,train,10,4.574,0,0.233,1,5
room_0465,train,11,3.605,0,0.198,1,5
room_0465,train,12,4.215,0,0.298,1,5
room_0465,train,13,4.242,0,0.212,1,5
room_0465,train,14,3.481,0,0.201,1,5
room_0466,train,0,4.516,0,0.204,0,-1
room_0466,train,1,4.139,0,0.132,0,-1
room_0466,train,2,3.658,0,0.194,0,-1
room_0466,train,3,3.142,0,0.233,0,-1
room_0466,train,4,4.24,0,0.189,0,-1
room_0466,train,5,4.214,0,0.185,0,-1
room_0466,train,6,4.567,0,0.209,0,-1
room_0466,train,7,4.618,0,0.156,0,-1
room_0466,train,8,4.226,1,0.141,0,-1
room_0466,train,9,4.423,1,0.819,0,-1
room_0466,train,10,3.75,0,0.226,0,-1
room_0467,train,0,3.79,0,0.248,0,-1
room_0467,train,1,4.143,0,0.253,0,-1
room_0467,train,2,4.391,0,0.204,0,-1
room_0467,train,3,3.519,0,0.177,0,-1
room_0467,train,4,4.426,0,0.24,0,-1
room_0467,train,5,4.453,0,0.168,0,-1
room_0467,train,6,3.897,0,0.187,0,-1
room_0467,train,7,3.928,0,0.186,0,-1
room_0467,train,8,4.106,0,0.207,0,-1
room_0467,train,9,3.227,0,0.13,0,-1
room_0468,train,0,3.916,1,0.244,1,14
room_0468,train,1,4.43,0,0.206,1,14
room_0468,train,2,3.72,0,0.162,1,14
room_0468,train,3,3.379,0,0.29,1,14
room_0468,train,4,4.105,0,0.256,1,14
room_0468,train,5,4.706,0,0.14,1,14
room_0468,train,6,4.183,0,0.187,1,14
room_0468,train,7,3.081,0,0.226,1,14
room_0468,train,8,3.596,0,0.171,1,14
room_0468,train,9,4.193,0,0.173,1,14
room_0468,train,10,4.381,0,0.187,1,14
room_0468,train,11,3.261,0,0.239,1,14
room_0468,train,12,3.662,0,0.196,1,14
room_0468,train,13,3.644,0,0.225,1,14
room_0468,train,14,10.363,1,0.842,1,14
room_0468,train,15,5.182,0,0.232,1,14
room_0468,train,16,3.294,0,0.291,1,14
room_0468,train,17,4.192,0,0.207,1,14
room_0469,train,0,4.238,0,0.137,0,-1
room_0469,train,1,4.38,1,0.78,0,-1
room_0469,train,2,4.129,0,0.289,0,-1
room_0469,train,3,3.272,0,0.195,0,-1
room_0469,train,4,4.302,0,0.153,0,-1
room_0469,train,5,4.373,0,0.29,0,-1
room_0469,train,6,4.305,0,0.206,0,-1
room_0469,train,7,3.802,0,0.241,0,-1
room_0469,train,8,3.91,0,0.25,0,-1
room_0469,train,9,4.594,0,0.209,0,-1
room_0469,train,10,3.637,0,0.145,0,-1
room_0469,train,11,4.177,0,0.257,0,-1
room_0469,train,12,3.859,0,0.245,0,-1
room_0470,train,0,4.268,0,0.191,1,2
room_0470,train,1,3.583,0,0.149,1,2
room_0470,train,2,10.618,1,0.896,1,2
room_0470,train,3,4.292,0,0.149,1,2
room_0470,train,4,3.495,0,0.212,1,2
room_0470,train,5,3.893,0,0.266,1,2
room_0470,train,6,3.792,0,0.205,1,2
room_0470,train,7,4.509,0,0.305,1,2
room_0470,train,8,3.825,0,0.16,1,2
room_0470,train,9,3.775,0,0.207,1,2
room_0470,train,10,4.271,0,0.171,1,2
room_0470,train,11,3.994,0,0.205,1,2
room_0470,train,12,4.552,0,0.209,1,2
room_0470,train,13,3.893,0,0.193,1,2
room_0470,train,14,4.421,0,0.222,1,2
room_0470,train,15,5.49,0,0.131,1,2
room_0470,train,16,4.695,0,0.211,1,2
room_0470,train,17,4.737,0,0.172,1,2
room_0471,train,0,4.494,0,0.17,0,-1
room_0471,train,1,4.074,0,0.189,0,-1
room_0471,train,2,3.536,0,0.167,0,-1
room_0471,train,3,4.0,0,0.08,0,-1
room_0471,train,4,3.833,0,0.153,0,-1
room_0471,train,5,4.087,0,0.209,0,-1
room_0471,train,6,3.727,0,0.199,0,-1
room_0471,train,7,4.14,0,0.146,0,-1
room_0471,train,8,4.175,0,0.186,0,-1
room_0471,train,9,10.308,0,0.214,0,-1
room_0471,train,10,4.199,0,0.161,0,-1
room_0471,train,11,4.0,0,0.184,0,-1
room_0471,train,12,4.144,0,0.163,0,-1
room_0471,train,13,4.174,0,0.193,0,-1
room_0471,train,14,2.794,0,0.313,0,-1
room_0471,train,15,4.221,0,0.247,0,-1
room_0471,train,16,4.077,0,0.176,0,-1
room_0471,train,17,3.087,0,0.273,0,-1
room_0472,train,0,3.96,0,0.225,0,-1
room_0472,train,1,3.886,0,0.158,0,-1
room_0472,train,2,4.016,0,0.246,0,-1
room_0472,train,3,3.866,0,0.224,0,-1
room_0472,train,4,4.385,0,0.248,0,-1
room_0472,train,5,3.88,0,0.209,0,-1
room_0472,train,6,3.354,0,0.2,0,-1
room_0472,train,7,4.031,1,0.859,0,-1
room_0472,train,8,3.955,0,0.196,0,-1
room_0472,train,9,3.986,0,0.256,0,-1
room_0472,train,10,4.255,0,0.241,0,-1
room_0472,train,11,4.319,0,0.203,0,-1
room_0472,train,12,3.78,0,0.139,0,-1
room_0472,train,13,4.02,0,0.138,0,-1
room_0473,test,0,3.673,0,0.173,1,5
room_0473,test,1,4.735,0,0.227,1,5
room_0473,test,2,2.976,0,0.186,1,5
room_0473,test,3,3.769,0,0.238,1,5
room_0473,test,4,4.472,0,0.17,1,5
room_0473,test,5,9.918,1,0.749,1,5
room_0473,test,6,4.153,0,0.115,1,5
room_0473,test,7,4.124,0,0.207,1,5
room_0473,test,8,4.014,0,0.213,1,5
room_0473,test,9,3.789,0,0.198,1,5
room_0473,test,10,3.777,0,0.206,1,5
room_0473,test,11,4.227,0,0.239,1,5
room_0473,test,12,4.285,0,0.152,1,5
room_0473,test,13,3.675,0,0.214,1,5
room_0473,test,14,4.501,0,0.227,1,5
room_0473,test,15,4.18,0,0.149,1,5
room_0473,test,16,4.827,0,0.156,1,5
room_0473,test,17,4.088,0,0.25,1,5
room_0474,train,0,4.476,0,0.248,0,-1
room_0474,train,1,4.717,0,0.128,0,-1
room_0474,train,2,3.461,0,0.269,0,-1
room_0474,train,3,3.611,0,0.169,0,-1
room_0474,train,4,3.864,0,0.248,0,-1
room_0474,train,5,4.619,0,0.208,0,-1
room_0474,train,6,3.934,1,0.176,0,-1
room_0474,train,7,3.454,0,0.212,0,-1
room_0474,train,8,4.187,0,0.198,0,-1
room_0474,train,9,4.524,0,0.219,0,-1
room_0474,train,10,3.704,1,0.172,0,-1
room_0474,train,11,9.022,0,0.277,0,-1
room_0474,train,12,4.597,0,0.162,0,-1
room_0474,train,13,4.226,0,0.172,0,-1
room_0474,train,14,3.75,1,0.163,0,-1
room_0474,train,15,4.703,0,0.146,0,-1
room_0475,test,0,3.831,0,0.206,1,1
room_0475,test,1,10.768,1,0.848,1,1
room_0475,test,2,4.632,0,0.251,1,1
room_0475,test,3,4.135,0,0.204,1,1
room_0475,test,4,4.554,0,0.216,1,1
room_0475,test,5,4.046,0,0.213,1,1
room_0475,test,6,3.387,0,0.308,1,1
room_0475,test,7,4.548,0,0.204,1,1
room_0476,train,0,3.9,0,0.169,1,6
room_0476,train,1,3.967,0,0.208,1,6
room_0476,train,2,4.231,0,0.156,1,6
room_0476,train,3,4.551,1,0.16,1,6
room_0476,train,4,4.398,0,0.169,1,6
room_0476,train,5,3.984,0,0.227,1,6
room_0476,train,6,9.933,1,0.816,1,6
room_0476,train,7,3.817,0,0.195,1,6
room_0477,test,0,4.141,0,0.24,0,-1
room_0477,test,1,3.972,0,0.14,0,-1
room_0477,test,2,3.928,0,0.177,0,-1
room_0477,test,3,9.341,0,0.19,0,-1
room_0477,test,4,3.545,0,0.11,0,-1
room_0477,test,5,3.658,0,0.321,0,-1
room_0477,test,6,3.442,0,0.177,0,-1
room_0477,test,7,4.492,0,0.217,0,-1
room_0477,test,8,3.853,0,0.235,0,-1
room_0477,test,9,4.232,0,0.199,0,-1
room_0477,test,10,4.751,0,0.132,0,-1
room_0477,test,11,3.688,0,0.171,0,-1
room_0477,test,12,4.174,0,0.185,0,-1
room_0477,test,13,3.68,0,0.18,0,-1
room_0477,test,14,4.414,0,0.17,0,-1
room_0478,train,0,3.884,0,0.111,0,-1
room_0478,train,1,4.491,0,0.131,0,-1
room_0478,train,2,3.467,1,0.196,0,-1
room_0478,train,3,3.576,0,0.169,0,-1
room_0478,train,4,4.532,0,0.168,0,-1
room_0478,train,5,3.97,0,0.126,0,-1
room_0478,train,6,3.643,0,0.134,0,-1
room_0478,train,7,5.366,0,0.208,0,-1
room_0478,train,8,3.946,0,0.257,0,-1
room_0478,train,9,3.803,1,0.799,0,-1
room_0478,train,10,4.818,0,0.192,0,-1
room_0478,train,11,3.732,0,0.212,0,-1
room_0478,train,12,4.349,0,0.159,0,-1
room_0478,train,13,5.062,0,0.18,0,-1
room_0478,train,14,4.201,0,0.232,0,-1
room_0478,train,15,3.881,0,0.238,0,-1
room_0479,test,0,3.599,0,0.107,0,-1
room_0479,test,1,3.933,0,0.18,0,-1
room_0479,test,2,3.686,0,0.131,0,-1
room_0479,test,3,3.606,0,0.265,0,-1
room_0479,test,4,4.19,1,0.205,0,-1
room_0479,test,5,4.423,0,0.228,0,-1
room_0479,test,6,4.028,0,0.186,0,-1
room_0479,test,7,2.894,0,0.262,0,-1
room_0479,test,8,4.715,0,0.178,0,-1
room_0479,test,9,4.261,0,0.15,0,-1
room_0479,test,10,4.983,0,0.2,0,-1
room_0479,test,11,3.982,0,0.238,0,-1
room_0479,test,12,3.737,0,0.272,0,-1
room_0479,test,13,3.968,0,0.227,0,-1
room_0479,test,14,4.713,0,0.192,0,-1
room_0479,test,15,3.769,0,0.149,0,-1
room_0479,test,16,3.807,0,0.17,0,-1
room_0479,test,17,3.759,0,0.2,0,-1
room_0480,train,0,3.773,0,0.299,0,-1
room_0480,train,1,3.785,0,0.148,0,-1
room_0480,train,2,3.66,0,0.164,0,-1
room_0480,train,3,3.386,0,0.155,0,-1
room_0480,train,4,4.11,1,0.179,0,-1
room_0480,train,5,4.126,0,0.243,0,-1
room_0480,train,6,3.518,1,0.166,0,-1
room_0480,train,7,3.948,0,0.132,0,-1
room_0480,train,8,3.938,0,0.312,0,-1
room_0480,train,9,3.68,1,0.264,0,-1
room_0480,train,10,4.271,0,0.23,0,-1
room_0480,train,11,9.336,0,0.169,0,-1
room_0480,train,12,5.054,0,0.231,0,-1
room_0480,train,13,3.872,0,0.179,0,-1
room_0481,train,0,3.614,0,0.198,0,-1
room_0481,train,1,4.076,0,0.233,0,-1
room_0481,train,2,3.552,0,0.186,0,-1
room_0481,train,3,4.557,0,0.148,0,-1
room_0481,train,4,3.981,0,0.248,0,-1
room_0481,train,5,3.975,0,0.1,0,-1
room_0481,train,6,3.757,0,0.248,0,-1
room_0481,train,7,4.339,0,0.242,0,-1
room_0481,train,8,3.717,0,0.136,0,-1
room_0481,train,9,4.185,1,0.862,0,-1
room_0481,train,10,4.29,0,0.236,0,-1
room_0481,train,11,3.691,0,0.194,0,-1
room_0481,train,12,4.091,1,0.2,0,-1
room_0481,train,13,4.39,0,0.162,0,-1
room_0481,train,14,4.327,0,0.124,0,-1
room_0482,train,0,4.382,1,0.211,1,6
room_0482,train,1,3.146,0,0.172,1,6
room_0482,train,2,4.808,0,0.261,1,6
room_0482,train,3,3.947,0,0.211,1,6
room_0482,train,4,3.815,1,0.235,1,6
room_0482,train,5,4.584,0,0.098,1,6
room_0482,train,6,9.319,1,0.916,1,6
room_0482,train,7,3.851,0,0.188,1,6
room_0482,train,8,4.359,0,0.196,1,6
room_0482,train,9,4.076,0,0.21,1,6
room_0482,train,10,3.926,0,0.209,1,6
room_0482,train,11,4.101,1,0.175,1,6
room_0482,train,12,4.016,0,0.161,1,6
room_0482,train,13,4.271,0,0.193,1,6
room_0482,train,14,4.399,0,0.118,1,6
room_0482,train,15,4.524,0,0.281,1,6
room_0483,train,0,3.428,0,0.211,0,-1
room_0483,train,1,4.617,0,0.147,0,-1
room_0483,train,2,3.383,0,0.139,0,-1
room_0483,train,3,3.943,0,0.188,0,-1
room_0483,train,4,4.027,0,0.231,0,-1
room_0483,train,5,4.792,0,0.225,0,-1
room_0483,train,6,2.84,0,0.156,0,-1
room_0483,train,7,10.583,0,0.138,0,-1
room_0483,train,8,4.54,0,0.224,0,-1
room_0484,train,0,3.581,1,0.26,0,-1
room_0484,train,1,4.816,0,0.203,0,-1
room_0484,train,2,4.341,0,0.234,0,-1
room_0484,train,3,4.347,0,0.144,0,-1
room_0484,train,4,3.937,0,0.216,0,-1
room_0484,train,5,4.025,0,0.164,0,-1
room_0484,train,6,4.371,1,0.862,0,-1
room_0484,train,7,3.416,0,0.222,0,-1
room_0484,train,8,4.457,0,0.21,0,-1
room_0484,train,9,4.372,0,0.273,0,-1
room_0485,train,0,4.082,0,0.259,1,2
room_0485,train,1,4.932,0,0.234,1,2
room_0485,train,2,10.152,1,0.755,1,2
room_0485,train,3,4.306,0,0.165,1,2
room_0485,train,4,4.335,1,0.179,1,2
room_0485,train,5,4.044,0,0.163,1,2
room_0485,train,6,4.537,0,0.206,1,2
room_0485,train,7,3.861,0,0.16,1,2
room_0485,train,8,4.329,0,0.184,1,2
room_0486,train,0,4.115,0,0.193,1,5
room_0486,train,1,3.778,0,0.226,1,5
room_0486,train,2,4.864,0,0.207,1,5
room_0486,train,3,3.414,0,0.257,1,5
room_0486,train,4,3.52,0,0.244,1,5
room_0486,train,5,9.883,1,0.928,1,5
room_0486,train,6,3.635,0,0.176,1,5
room_0486,train,7,3.8,0,0.183,1,5
room_0486,train,8,4.072,0,0.253,1,5
room_0486,train,9,3.999,0,0.185,1,5
room_0486,train,10,3.817,0,0.223,1,5
room_0486,train,11,3.372,1,0.155,1,5
room_0486,train,12,4.953,0,0.194,1,5
room_0486,train,13,3.3,0,0.211,1,5
room_0487,train,0,4.147,0,0.114,0,-1
room_0487,train,1,3.809,0,0.22,0,-1
room_0487,train,2,4.377,0,0.188,0,-1
room_0487,train,3,4.597,0,0.225,0,-1
room_0487,train,4,3.903,1,0.877,0,-1
room_0487,train,5,4.189,0,0.217,0,-1
room_0487,train,6,4.056,0,0.154,0,-1
room_0487,train,7,4.195,0,0.192,0,-1
room_0487,train,8,4.365,0,0.154,0,-1
room_0487,train,9,3.659,1,0.145,0,-1
room_0487,train,10,4.764,0,0.148,0,-1
room_0488,train,0,3.281,0,0.267,1,3
room_0488,train,1,4.67,0,0.219,1,3
room_0488,train,2,4.573,0,0.239,1,3
room_0488,train,3,10.138,1,0.721,1,3
room_0488,train,4,4.71,0,0.109,1,3
room_0488,train,5,4.422,0,0.224,1,3
room_0488,train,6,3.841,0,0.174,1,3
room_0488,train,7,3.945,0,0.276,1,3
room_0488,train,8,3.94,0,0.171,1,3
room_0488,train,9,4.685,0,0.225,1,3
room_0488,train,10,4.013,0,0.212,1,3
room_0488,train,11,4.257,0,0.159,1,3
room_0488,train,12,4.022,0,0.251,1,3
room_0488,train,13,3.788,0,0.074,1,3
room_0488,train,14,3.691,0,0.195,1,3
room_0489,train,0,3.7,0,0.109,1,7
room_0489,train,1,3.616,0,0.244,1,7
room_0489,train,2,3.738,0,0.215,1,7
room_0489,train,3,4.498,0,0.301,1,7
room_0489,train,4,4.546,0,0.224,1,7
room_0489,train,5,4.989,0,0.223,1,7
room_0489,train,6,3.761,0,0.191,1,7
room_0489,train,7,9.567,1,0.892,1,7
room_0489,train,8,4.089,0,0.178,1,7
room_0490,train,0,3.325,0,0.225,1,9
room_0490,train,1,4.257,0,0.255,1,9
room_0490,train,2,4.037,0,0.186,1,9
room_0490,train,3,4.786,0,0.139,1,9
room_0490,train,4,4.479,0,0.189,1,9
room_0490,train,5,3.548,0,0.176,1,9
room_0490,train,6,4.159,0,0.115,1,9
room_0490,train,7,3.832,0,0.259,1,9
room_0490,train,8,4.048,0,0.243,1,9
room_0490,train,9,9.24,1,0.804,1,9
room_0490,train,10,3.833,1,0.13,1,9
room_0490,train,11,3.92,0,0.205,1,9
room_0490,train,12,3.642,0,0.172,1,9
room_0490,train,13,3.886,0,0.152,1,9
room_0490,train,14,3.667,0,0.143,1,9
room_0490,train,15,3.652,0,0.247,1,9
room_0490,train,16,4.5,0,0.261,1,9
room_0490,train,17,4.003,1,0.198,1,9
room_0491,train,0,3.793,0,0.156,1,7
room_0491,train,1,4.198,0,0.187,1,7
room_0491,train,2,4.427,0,0.264,1,7
room_0491,train,3,4.304,0,0.231,1,7
room_0491,train,4,4.362,0,0.196,1,7
room_0491,train,5,4.35,0,0.196,1,7
room_0491,train,6,3.537,0,0.164,1,7
room_0491,train,7,10.104,1,0.916,1,7
room_0491,train,8,4.398,0,0.122,1,7
room_0491,train,9,3.872,0,0.21,1,7
room_0491,train,10,3.619,0,0.165,1,7
room_0491,train,11,4.46,1,0.19,1,7
room_0491,train,12,4.123,0,0.155,1,7
room_0492,train,0,4.322,0,0.106,1,7
room_0492,train,1,4.215,0,0.161,1,7
room_0492,train,2,4.176,0,0.263,1,7
room_0492,train,3,3.661,0,0.179,1,7
room_0492,train,4,4.052,0,0.249,1,7
room_0492,train,5,4.34,0,0.237,1,7
room_0492,train,6,3.642,0,0.209,1,7
room_0492,train,7,9.927,1,0.889,1,7
room_0492,train,8,3.68,0,0.206,1,7
room_0492,train,9,4.166,0,0.241,1,7
room_0492,train,10,3.811,0,0.289,1,7
room_0492,train,11,3.633,0,0.166,1,7
room_0492,train,12,4.044,0,0.162,1,7
room_0492,train,13,4.193,0,0.178,1,7
room_0492,train,14,4.206,0,0.221,1,7
room_0493,train,0,4.078,0,0.178,0,-1
room_0493,train,1,3.787,0,0.179,0,-1
room_0493,train,2,3.328,1,0.213,0,-1
room_0493,train,3,3.927,0,0.185,0,-1
room_0493,train,4,4.218,0,0.286,0,-1
room_0493,train,5,3.33,0,0.212,0,-1
room_0493,train,6,3.363,0,0.196,0,-1
room_0493,train,7,3.236,1,0.164,0,-1
room_0493,train,8,4.019,0,0.243,0,-1
room_0493,train,9,3.855,0,0.232,0,-1
room_0493,train,10,4.042,0,0.171,0,-1
room_0493,train,11,4.113,1,0.742,0,-1
room_0493,train,12,3.403,0,0.189,0,-1
room_0494,train,0,3.611,0,0.172,0,-1
room_0494,train,1,3.714,0,0.175,0,-1
room_0494,train,2,4.474,0,0.173,0,-1
room_0494,train,3,4.536,1,0.164,0,-1
room_0494,train,4,4.566,0,0.111,0,-1
room_0494,train,5,4.313,0,0.205,0,-1
room_0494,train,6,4.54,0,0.202,0,-1
room_0494,train,7,4.05,1,0.263,0,-1
room_0494,train,8,4.143,0,0.171,0,-1
room_0494,train,9,4.082,0,0.235,0,-1
room_0494,train,10,4.079,1,0.192,0,-1
room_0494,train,11,4.429,0,0.149,0,-1
room_0494,train,12,3.973,0,0.132,0,-1
room_0494,train,13,4.606,0,0.202,0,-1
room_0494,train,14,4.386,0,0.23,0,-1
room_0494,train,15,4.32,0,0.228,0,-1
room_0494,train,16,4.232,0,0.222,0,-1
room_0494,train,17,3.507,0,0.152,0,-1
room_0495,train,0,4.285,0,0.211,1,12
room_0495,train,1,4.72,0,0.176,1,12
room_0495,train,2,3.516,0,0.226,1,12
room_0495,train,3,3.838,0,0.279,1,12
room_0495,train,4,4.465,0,0.24,1,12
room_0495,train,5,4.377,0,0.137,1,12
room_0495,train,6,4.568,0,0.146,1,12
room_0495,train,7,3.8,0,0.185,1,12
room_0495,train,8,3.448,0,0.188,1,12
room_0495,train,9,4.215,0,0.15,1,12
room_0495,train,10,4.155,0,0.239,1,12
room_0495,train,11,3.324,0,0.202,1,12
room_0495,train,12,9.646,1,0.872,1,12
room_0495,train,13,3.643,0,0.238,1,12
room_0496,train,0,4.347,1,0.179,0,-1
room_0496,train,1,4.023,0,0.161,0,-1
room_0496,train,2,4.306,0,0.25,0,-1
room_0496,train,3,4.178,0,0.231,0,-1
room_0496,train,4,3.315,0,0.227,0,-1
room_0496,train,5,4.425,0,0.239,0,-1
room_0496,train,6,3.776,1,0.766,0,-1
room_0496,train,7,3.16,0,0.269,0,-1
room_0497,train,0,4.185,0,0.184,0,-1
room_0497,train,1,3.671,0,0.184,0,-1
room_0497,train,2,2.773,0,0.199,0,-1
room_0497,train,3,4.365,1,0.259,0,-1
room_0497,train,4,3.36,0,0.299,0,-1
room_0497,train,5,3.912,0,0.139,0,-1
room_0497,train,6,4.561,0,0.144,0,-1
room_0497,train,7,3.643,0,0.153,0,-1
room_0497,train,8,3.477,0,0.139,0,-1
room_0497,train,9,5.382,0,0.249,0,-1
room_0497,train,10,4.116,0,0.303,0,-1
room_0497,train,11,3.768,0,0.217,0,-1
room_0497,train,12,3.771,0,0.167,0,-1
room_0497,train,13,3.683,0,0.195,0,-1
room_0498,train,0,4.259,0,0.162,0,-1
room_0498,train,1,4.173,0,0.24,0,-1
room_0498,train,2,10.777,0,0.161,0,-1
room_0498,train,3,4.051,1,0.246,0,-1
room_0498,train,4,3.251,0,0.238,0,-1
room_0498,train,5,3.742,0,0.191,0,-1
room_0498,train,6,3.449,0,0.207,0,-1
room_0498,train,7,3.415,0,0.167,0,-1
room_0498,train,8,3.223,0,0.136,0,-1
room_0498,train,9,3.81,0,0.2,0,-1
room_0498,train,10,3.309,0,0.192,0,-1
room_0498,train,11,4.161,0,0.073,0,-1
room_0498,train,12,3.525,0,0.215,0,-1
room_0498,train,13,4.267,0,0.188,0,-1
room_0498,train,14,4.614,0,0.206,0,-1
room_0498,train,15,3.594,0,0.251,0,-1
room_0499,train,0,4.351,0,0.243,0,-1
room_0499,train,1,3.402,0,0.225,0,-1
room_0499,train,2,4.4,0,0.138,0,-1
room_0499,train,3,4.458,1,0.898,0,-1
room_0499,train,4,4.198,0,0.169,0,-1
room_0499,train,5,4.285,0,0.281,0,-1
room_0499,train,6,4.234,0,0.224,0,-1
room_0499,train,7,4.554,0,0.085,0,-1
room_0499,train,8,3.207,0,0.188,0,-1
room_0499,train,9,4.046,0,0.192,0,-1
room_0499,train,10,4.573,0,0.196,0,-1
room_0500,train,0,3.8,0,0.152,0,-1
room_0500,train,1,4.694,0,0.227,0,-1
room_0500,train,2,4.043,0,0.217,0,-1
room_0500,train,3,3.679,0,0.257,0,-1
room_0500,train,4,3.275,0,0.227,0,-1
room_0500,train,5,4.21,0,0.202,0,-1
room_0500,train,6,3.869,0,0.124,0,-1
room_0500,train,7,3.938,0,0.124,0,-1
room_0500,train,8,4.499,0,0.161,0,-1
room_0500,train,9,4.117,0,0.208,0,-1
room_0500,train,10,3.248,0,0.141,0,-1
room_0500,train,11,3.471,0,0.189,0,-1
room_0500,train,12,3.827,0,0.131,0,-1
room_0501,test,0,4.424,0,0.201,0,-1
room_0501,test,1,3.807,0,0.204,0,-1
room_0501,test,2,4.399,0,0.089,0,-1
room_0501,test,3,3.401,0,0.199,0,-1
room_0501,test,4,3.961,0,0.197,0,-1
room_0501,test,5,9.952,0,0.214,0,-1
room_0501,test,6,3.205,0,0.186,0,-1
room_0501,test,7,3.188,0,0.175,0,-1
room_0502,train,0,4.071,0,0.12,1,2
room_0502,train,1,3.314,0,0.168,1,2
room_0502,train,2,10.714,1,0.815,1,2
room_0502,train,3,3.841,0,0.157,1,2
room_0502,train,4,3.755,0,0.137,1,2
room_0502,train,5,4.442,0,0.248,1,2
room_0502,train,6,3.182,0,0.234,1,2
room_0502,train,7,3.087,0,0.146,1,2
room_0502,train,8,4.127,0,0.252,1,2
room_0502,train,9,4.754,0,0.12,1,2
room_0502,train,10,4.84,0,0.217,1,2
room_0502,train,11,4.831,0,0.241,1,2
room_0502,train,12,2.864,0,0.183,1,2
room_0502,train,13,4.488,0,0.17,1,2
room_0502,train,14,3.959,0,0.176,1,2
room_0502,train,15,4.758,0,0.169,1,2
room_0503,test,0,3.292,1,0.227,1,9
room_0503,test,1,4.086,0,0.213,1,9
room_0503,test,2,3.879,0,0.169,1,9
room_0503,test,3,3.977,0,0.09,1,9
room_0503,test,4,4.047,0,0.219,1,9
room_0503,test,5,4.288,0,0.161,1,9
room_0503,test,6,3.974,0,0.195,1,9
room_0503,test,7,3.521,0,0.183,1,9
room_0503,test,8,2.546,0,0.169,1,9
room_0503,test,9,10.956,1,0.948,1,9
room_0503,test,10,4.072,0,0.184,1,9
room_0503,test,11,3.907,0,0.203,1,9
room_0503,test,12,3.634,0,0.2,1,9
room_0503,test,13,4.464,0,0.225,1,9
room_0503,test,14,3.607,0,0.258,1,9
room_0503,test,15,4.45,0,0.213,1,9
room_0503,test,16,3.692,0,0.226,1,9
room_0504,train,0,3.763,0,0.176,1,7
room_0504,train,1,4.152,0,0.195,1,7
room_0504,train,2,4.272,0,0.159,1,7
room_0504,train,3,5.052,0,0.204,1,7
room_0504,train,4,4.5,0,0.298,1,7
room_0504,train,5,3.754,0,0.19,1,7
room_0504,train,6,3.731,0,0.245,1,7
room_0504,train,7,9.586,1,0.901,1,7
room_0504,train,8,3.794,0,0.14,1,7
room_0504,train,9,4.402,0,0.157,1,7
room_0504,train,10,3.897,0,0.236,1,7
room_0504,train,11,4.272,0,0.104,1,7
room_0504,train,12,3.725,0,0.233,1,7
room_0504,train,13,4.495,0,0.165,1,7
room_0504,train,14,3.56,0,0.196,1,7
room_0504,train,15,3.703,0,0.236,1,7
room_0504,train,16,3.971,0,0.201,1,7
room_0505,train,0,3.557,0,0.26,1,12
room_0505,train,1,3.283,0,0.186,1,12
room_0505,train,2,4.189,0,0.189,1,12
room_0505,train,3,4.334,0,0.202,1,12
room_0505,train,4,4.901,0,0.18,1,12
room_0505,train,5,4.343,0,0.201,1,12
room_0505,train,6,3.315,0,0.18,1,12
room_0505,train,7,4.419,0,0.198,1,12
room_0505,train,8,3.591,0,0.184,1,12
room_0505,train,9,3.995,0,0.199,1,12
room_0505,train,10,4.514,0,0.232,1,12
room_0505,train,11,3.47,0,0.206,1,12
room_0505,train,12,10.564,1,0.802,1,12
room_0505,train,13,4.399,0,0.103,1,12
room_0505,train,14,4.31,0,0.259,1,12
room_0505,train,15,4.642,0,0.217,1,12
room_0506,test,0,3.565,0,0.201,0,-1
room_0506,test,1,3.746,0,0.154,0,-1
room_0506,test,2,3.78,0,0.113,0,-1
room_0506,test,3,3.88,0,0.23,0,-1
room_0506,test,4,3.827,0,0.164,0,-1
room_0506,test,5,4.187,0,0.186,0,-1
room_0506,test,6,4.818,0,0.249,0,-1
room_0506,test,7,3.592,0,0.167,0,-1
room_0506,test,8,4.235,0,0.259,0,-1
room_0507,train,0,3.797,0,0.211,0,-1
room_0507,train,1,4.362,0,0.142,0,-1
room_0507,train,2,4.703,0,0.184,0,-1
room_0507,train,3,3.368,0,0.23,0,-1
room_0507,train,4,3.519,0,0.159,0,-1
room_0507,train,5,4.05,0,0.223,0,-1
room_0507,train,6,3.505,0,0.204,0,-1
room_0507,train,7,9.635,0,0.189,0,-1
room_0507,train,8,4.64,0,0.162,0,-1
room_0507,train,9,3.403,0,0.177,0,-1
room_0507,train,10,4.055,0,0.241,0,-1
room_0507,train,11,3.63,0,0.17,0,-1
room_0507,train,12,4.712,0,0.224,0,-1
room_0508,train,0,3.997,0,0.21,0,-1
room_0508,train,1,3.888,0,0.168,0,-1
room_0508,train,2,3.577,0,0.237,0,-1
room_0508,train,3,4.406,0,0.207,0,-1
room_0508,train,4,3.612,0,0.129,0,-1
room_0508,train,5,4.186,0,0.243,0,-1
room_0508,train,6,3.894,0,0.169,0,-1
room_0508,train,7,3.726,1,0.807,0,-1
room_0508,train,8,4.413,0,0.148,0,-1
room_0508,train,9,3.789,0,0.216,0,-1
room_0508,train,10,4.014,0,0.212,0,-1
room_0508,train,11,4.093,0,0.213,0,-1
room_0508,train,12,4.521,0,0.17,0,-1
room_0509,test,0,4.208,0,0.178,0,-1
room_0509,test,1,4.348,0,0.166,0,-1
room_0509,test,2,3.963,0,0.217,0,-1
room_0509,test,3,3.867,0,0.104,0,-1
room_0509,test,4,3.673,0,0.211,0,-1
room_0509,test,5,3.929,0,0.221,0,-1
room_0509,test,6,4.609,0,0.093,0,-1
room_0509,test,7,3.137,0,0.117,0,-1
room_0509,test,8,3.975,0,0.232,0,-1
room_0509,test,9,4.756,0,0.199,0,-1
room_0509,test,10,3.396,0,0.176,0,-1
room_0509,test,11,3.407,0,0.294,0,-1
room_0509,test,12,3.864,0,0.14,0,-1
room_0509,test,13,3.862,1,0.181,0,-1
room_0510,train,0,4.562,0,0.25,0,-1
room_0510,train,1,3.653,0,0.239,0,-1
room_0510,train,2,4.223,0,0.249,0,-1
room_0510,train,3,2.966,0,0.09,0,-1
room_0510,train,4,9.323,0,0.196,0,-1
room_0510,train,5,4.008,0,0.212,0,-1
room_0510,train,6,3.356,0,0.197,0,-1
room_0510,train,7,4.65,0,0.196,0,-1
room_0510,train,8,4.189,0,0.235,0,-1
room_0511,train,0,4.275,0,0.176,1,3
room_0511,train,1,4.054,0,0.202,1,3
room_0511,train,2,3.837,0,0.221,1,3
room_0511,train,3,10.766,1,0.884,1,3
room_0511,train,4,4.289,0,0.13,1,3
room_0511,train,5,3.655,0,0.216,1,3
room_0511,train,6,4.103,0,0.185,1,3
room_0511,train,7,3.796,1,0.226,1,3
room_0511,train,8,4.005,0,0.128,1,3
room_0511,train,9,3.351,0,0.151,1,3
room_0511,train,10,3.614,0,0.139,1,3
room_0511,train,11,4.818,0,0.243,1,3
room_0511,train,12,3.771,0,0.184,1,3
room_0511,train,13,3.869,1,0.208,1,3
room_0511,train,14,3.688,1,0.195,1,3
room_0512,train,0,3.557,0,0.095,1,4
room_0512,train,1,4.232,0,0.178,1,4
room_0512,train,2,4.072,1,0.163,1,4
room_0512,train,3,4.027,1,0.182,1,4
room_0512,train,4,9.079,1,0.857,1,4
room_0512,train,5,3.418,0,0.206,1,4
room_0512,train,6,4.968,0,0.227,1,4
room_0512,train,7,4.296,0,0.194,1,4
room_0512,train,8,4.342,1,0.283,1,4
room_0513,train,0,3.607,0,0.235,0,-1
room_0513,train,1,4.111,0,0.167,0,-1
room_0513,train,2,3.801,0,0.251,0,-1
room_0513,train,3,3.893,0,0.121,0,-1
room_0513,train,4,3.636,0,0.149,0,-1
room_0513,train,5,3.398,1,0.194,0,-1
room_0513,train,6,3.123,0,0.282,0,-1
room_0513,train,7,3.72,0,0.21,0,-1
room_0513,train,8,4.105,0,0.241,0,-1
room_0513,train,9,4.314,0,0.265,0,-1
room_0513,train,10,3.553,1,0.216,0,-1
room_0513,train,11,4.802,0,0.182,0,-1
room_0513,train,12,4.172,0,0.248,0,-1
room_0513,train,13,4.528,0,0.207,0,-1
room_0513,train,14,5.189,0,0.263,0,-1
room_0513,train,15,10.228,0,0.187,0,-1
room_0513,train,16,4.269,0,0.236,0,-1
room_0513,train,17,3.808,0,0.244,0,-1
room_0514,train,0,3.575,1,0.194,1,10
room_0514,train,1,4.206,0,0.201,1,10
room_0514,train,2,4.205,0,0.147,1,10
room_0514,train,3,3.614,0,0.181,1,10
room_0514,train,4,4.199,0,0.268,1,10
room_0514,train,5,3.597,0,0.237,1,10
room_0514,train,6,4.476,0,0.131,1,10
room_0514,train,7,3.724,0,0.189,1,10
room_0514,train,8,4.741,0,0.178,1,10
room_0514,train,9,4.747,0,0.231,1,10
room_0514,train,10,10.798,1,0.855,1,10
room_0514,train,11,3.746,0,0.142,1,10
room_0514,train,12,3.951,0,0.228,1,10
room_0514,train,13,3.66,0,0.074,1,10
room_0514,train,14,3.668,1,0.198,1,10
room_0514,train,15,4.315,0,0.264,1,10
room_0514,train,16,4.185,0,0.224,1,10
room_0514,train,17,3.948,0,0.261,1,10
room_0515,train,0,2.674,0,0.181,1,11
room_0515,train,1,4.136,0,0.311,1,11
room_0515,train,2,2.929,0,0.233,1,11
room_0515,train,3,4.388,0,0.199,1,11
room_0515,train,4,4.225,0,0.246,1,11
room_0515,train,5,3.836,0,0.226,1,11
room_0515,train,6,4.073,0,0.292,1,11
room_0515,train,7,3.977,0,0.161,1,11
room_0515,train,8,4.005,0,0.183,1,11
room_0515,train,9,4.591,0,0.139,1,11
room_0515,train,10,3.878,0,0.215,1,11
room_0515,train,11,10.46,1,0.848,1,11
room_0515,train,12,3.586,0,0.237,1,11
room_0515,train,13,3.466,0,0.16,1,11
room_0515,train,14,3.756,0,0.217,1,11
room_0516,train,0,4.115,0,0.173,0,-1
room_0516,train,1,2.686,0,0.246,0,-1
room_0516,train,2,3.743,1,0.199,0,-1
room_0516,train,3,4.351,0,0.237,0,-1
room_0516,train,4,10.769,0,0.178,0,-1
room_0516,train,5,4.016,0,0.169,0,-1
room_0516,train,6,3.798,0,0.258,0,-1
room_0516,train,7,4.128,0,0.148,0,-1
room_0516,train,8,3.257,0,0.138,0,-1
room_0516,train,9,3.972,0,0.242,0,-1
room_0516,train,10,4.091,0,0.285,0,-1
room_0516,train,11,3.971,1,0.181,0,-1
room_0516,train,12,3.733,1,0.22,0,-1
room_0516,train,13,3.753,0,0.141,0,-1
room_0517,train,0,4.014,0,0.114,1,2
room_0517,train,1,4.515,0,0.22,1,2
room_0517,train,2,10.302,1,0.813,1,2
room_0517,train,3,4.126,0,0.267,1,2
room_0517,train,4,3.64,0,0.239,1,2
room_0517,train,5,4.625,0,0.197,1,2
room_0517,train,6,3.331,0,0.098,1,2
room_0517,train,7,4.315,0,0.162,1,2
room_0518,test,0,4.366,0,0.187,1,1
room_0518,test,1,10.08,1,0.927,1,1
room_0518,test,2,4.416,0,0.214,1,1
room_0518,test,3,3.359,0,0.206,1,1
room_0518,test,4,4.166,0,0.232,1,1
room_0518,test,5,3.769,0,0.119,1,1
room_0518,test,6,3.316,0,0.16,1,1
room_0518,test,7,3.434,0,0.176,1,1
room_0518,test,8,3.974,0,0.2,1,1
room_0518,test,9,4.229,0,0.183,1,1
room_0518,test,10,4.234,0,0.208,1,1
room_0518,test,11,4.906,0,0.238,1,1
room_0518,test,12,4.474,0,0.203,1,1
room_0518,test,13,4.112,0,0.187,1,1
room_0518,test,14,4.479,0,0.166,1,1
room_0518,test,15,4.204,0,0.179,1,1
room_0519,train,0,3.677,0,0.21,1,7
room_0519,train,1,3.32,0,0.112,1,7
room_0519,train,2,4.212,0,0.139,1,7
room_0519,train,3,3.847,0,0.205,1,7
room_0519,train,4,3.764,0,0.237,1,7
room_0519,train,5,3.882,0,0.219,1,7
room_0519,train,6,3.347,0,0.217,1,7
room_0519,train,7,10.934,1,0.762,1,7
room_0519,train,8,4.706,1,0.156,1,7
room_0520,train,0,3.454,0,0.256,1,3
room_0520,train,1,3.88,0,0.144,1,3
room_0520,train,2,3.931,0,0.233,1,3
room_0520,train,3,9.462,1,0.925,1,3
room_0520,train,4,3.914,0,0.182,1,3
room_0520,train,5,4.056,0,0.213,1,3
room_0520,train,6,4.323,0,0.29,1,3
room_0520,train,7,3.445,1,0.298,1,3
room_0520,train,8,3.987,0,0.212,1,3
room_0520,train,9,3.862,0,0.216,1,3
room_0520,train,10,3.94,1,0.17,1,3
room_0520,train,11,4.078,0,0.189,1,3
room_0520,train,12,3.427,0,0.269,1,3
room_0520,train,13,4.178,0,0.284,1,3
room_0520,train,14,4.489,0,0.137,1,3
room_0520,train,15,4.415,0,0.258,1,3
room_0520,train,16,3.524,0,0.191,1,3
room_0520,train,17,3.797,0,0.231,1,3
room_0521,test,0,3.562,0,0.189,0,-1
room_0521,test,1,3.948,0,0.183,0,-1
room_0521,test,2,4.418,0,0.251,0,-1
room_0521,test,3,2.972,0,0.162,0,-1
room_0521,test,4,3.474,0,0.165,0,-1
room_0521,test,5,3.843,0,0.179,0,-1
room_0521,test,6,4.281,0,0.23,0,-1
room_0521,test,7,4.48,0,0.259,0,-1
room_0521,test,8,3.763,0,0.157,0,-1
room_0522,train,0,3.949,1,0.202,0,-1
room_0522,train,1,3.498,0,0.285,0,-1
room_0522,train,2,10.612,0,0.227,0,-1
room_0522,train,3,3.423,0,0.182,0,-1
room_0522,train,4,4.151,1,0.24,0,-1
room_0522,train,5,3.912,0,0.155,0,-1
room_0522,train,6,3.976,0,0.203,0,-1
room_0522,train,7,4.315,0,0.154,0,-1
room_0522,train,8,4.422,0,0.162,0,-1
room_0522,train,9,3.992,0,0.238,0,-1
room_0522,train,10,4.519,0,0.224,0,-1
room_0522,train,11,3.645,0,0.165,0,-1
room_0523,train,0,3.283,0,0.3,1,2
room_0523,train,1,3.494,0,0.161,1,2
room_0523,train,2,10.048,1,0.904,1,2
room_0523,train,3,3.477,0,0.196,1,2
room_0523,train,4,4.142,0,0.202,1,2
room_0523,train,5,3.934,0,0.23,1,2
room_0523,train,6,3.744,0,0.188,1,2
room_0523,train,7,4.161,1,0.223,1,2
room_0523,train,8,3.542,0,0.227,1,2
room_0523,train,9,4.033,0,0.188,1,2
room_0523,train,10,2.978,0,0.229,1,2
room_0523,train,11,3.853,1,0.241,1,2
room_0523,train,12,4.202,0,0.265,1,2
room_0523,train,13,4.398,0,0.142,1,2
room_0523,train,14,3.954,0,0.235,1,2
room_0524,test,0,4.635,0,0.107,1,6
room_0524,test,1,4.129,0,0.2,1,6
room_0524,test,2,3.769,0,0.174,1,6
room_0524,test,3,4.414,0,0.166,1,6
room_0524,test,4,3.816,0,0.206,1,6
room_0524,test,5,4.14,0,0.273,1,6
room_0524,test,6,10.563,1,0.817,1,6
room_0524,test,7,4.682,0,0.279,1,6
room_0524,test,8,4.884,0,0.231,1,6
room_0524,test,9,3.727,0,0.145,1,6
room_0525,train,0,3.417,0,0.207,0,-1
room_0525,train,1,4.78,0,0.144,0,-1
room_0525,train,2,3.799,0,0.293,0,-1
room_0525,train,3,4.018,0,0.127,0,-1
room_0525,train,4,4.111,0,0.261,0,-1
room_0525,train,5,4.844,1,0.172,0,-1
room_0525,train,6,4.259,0,0.171,0,-1
room_0525,train,7,4.731,0,0.149,0,-1
room_0525,train,8,9.292,0,0.119,0,-1
room_0525,train,9,4.234,0,0.211,0,-1
room_0526,train,0,3.792,0,0.107,0,-1
room_0526,train,1,3.881,0,0.239,0,-1
room_0526,train,2,3.575,0,0.312,0,-1
room_0526,train,3,4.826,0,0.161,0,-1
room_0526,train,4,4.735,0,0.231,0,-1
room_0526,train,5,3.808,0,0.148,0,-1
room_0526,train,6,4.838,0,0.233,0,-1
room_0526,train,7,4.258,0,0.16,0,-1
room_0526,train,8,4.828,0,0.254,0,-1
room_0526,train,9,4.457,1,0.85,0,-1
room_0526,train,10,3.814,0,0.186,0,-1
room_0526,train,11,4.221,0,0.146,0,-1
room_0526,train,12,3.665,0,0.177,0,-1
room_0526,train,13,4.218,0,0.227,0,-1
room_0527,train,0,3.471,1,0.195,0,-1
room_0527,train,1,4.075,0,0.198,0,-1
room_0527,train,2,3.968,0,0.236,0,-1
room_0527,train,3,3.993,0,0.177,0,-1
room_0527,train,4,3.86,0,0.103,0,-1
room_0527,train,5,4.369,1,0.22,0,-1
room_0527,train,6,3.343,0,0.194,0,-1
room_0527,train,7,4.079,0,0.173,0,-1
room_0527,train,8,3.632,0,0.253,0,-1
room_0527,train,9,4.258,0,0.206,0,-1
room_0527,train,10,3.294,0,0.175,0,-1
room_0528,train,0,3.952,0,0.201,0,-1
room_0528,train,1,4.75,0,0.144,0,-1
room_0528,train,2,10.785,0,0.168,0,-1
room_0528,train,3,4.115,0,0.328,0,-1
room_0528,train,4,4.65,0,0.24,0,-1
room_0528,train,5,3.965,0,0.137,0,-1
room_0528,train,6,4.387,0,0.297,0,-1
room_0528,train,7,3.715,0,0.153,0,-1
room_0528,train,8,4.244,0,0.228,0,-1
room_0528,train,9,3.356,0,0.212,0,-1
room_0528,train,10,3.639,0,0.233,0,-1
room_0528,train,11,4.067,0,0.162,0,-1
room_0528,train,12,4.512,0,0.225,0,-1
room_0528,train,13,3.523,1,0.202,0,-1
room_0528,train,14,4.262,0,0.201,0,-1
room_0528,train,15,4.341,0,0.243,0,-1
room_0528,train,16,4.011,0,0.21,0,-1
room_0529,train,0,4.106,0,0.201,0,-1
room_0529,train,1,3.781,0,0.21,0,-1
room_0529,train,2,3.725,0,0.274,0,-1
room_0529,train,3,3.973,0,0.135,0,-1
room_0529,train,4,3.168,0,0.149,0,-1
room_0529,train,5,3.686,1,0.201,0,-1
room_0529,train,6,4.453,0,0.233,0,-1
room_0529,train,7,3.473,0,0.145,0,-1
room_0529,train,8,3.653,0,0.218,0,-1
room_0529,train,9,3.029,0,0.213,0,-1
room_0529,train,10,4.238,0,0.183,0,-1
room_0529,train,11,3.861,1,0.726,0,-1
room_0529,train,12,3.844,0,0.194,0,-1
room_0529,train,13,3.862,0,0.241,0,-1
room_0529,train,14,4.067,0,0.175,0,-1
room_0530,train,0,3.898,0,0.237,0,-1
room_0530,train,1,3.225,1,0.243,0,-1
room_0530,train,2,4.511,0,0.159,0,-1
room_0530,train,3,4.553,0,0.217,0,-1
room_0530,train,4,4.531,0,0.257,0,-1
room_0530,train,5,5.632,0,0.25,0,-1
room_0530,train,6,4.042,0,0.176,0,-1
room_0530,train,7,4.528,0,0.24,0,-1
room_0530,train,8,4.055,1,0.195,0,-1
room_0530,train,9,3.662,1,0.269,0,-1
room_0530,train,10,4.252,1,0.249,0,-1
room_0530,train,11,4.639,0,0.279,0,-1
room_0531,train,0,3.702,0,0.193,0,-1
room_0531,train,1,4.342,0,0.174,0,-1
room_0531,train,2,4.379,0,0.277,0,-1
room_0531,train,3,4.594,0,0.255,0,-1
room_0531,train,4,3.965,0,0.227,0,-1
room_0531,train,5,4.107,0,0.22,0,-1
room_0531,train,6,10.809,0,0.269,0,-1
room_0531,train,7,4.543,0,0.225,0,-1
room_0532,train,0,3.948,0,0.173,1,5
room_0532,train,1,3.765,0,0.236,1,5
room_0532,train,2,4.087,0,0.195,1,5
room_0532,train,3,3.936,0,0.212,1,5
room_0532,train,4,4.013,0,0.127,1,5
room_0532,train,5,10.807,1,0.882,1,5
room_0532,train,6,3.987,0,0.192,1,5
room_0532,train,7,3.968,0,0.205,1,5
room_0532,train,8,4.035,0,0.23,1,5
room_0532,train,9,3.879,0,0.148,1,5
room_0532,train,10,3.976,0,0.144,1,5
room_0532,train,11,4.146,0,0.221,1,5
room_0532,train,12,3.793,0,0.258,1,5
room_0532,train,13,3.394,0,0.181,1,5
room_0532,train,14,4.18,0,0.206,1,5
room_0532,train,15,3.536,0,0.275,1,5
room_0532,train,16,3.666,0,0.278,1,5
room_0533,train,0,3.657,0,0.136,1,14
room_0533,train,1,3.893,0,0.227,1,14
room_0533,train,2,3.738,0,0.226,1,14
room_0533,train,3,4.33,0,0.184,1,14
room_0533,train,4,4.366,0,0.21,1,14
room_0533,train,5,3.772,0,0.203,1,14
room_0533,train,6,4.754,0,0.18,1,14
room_0533,train,7,3.389,0,0.217,1,14
room_0533,train,8,3.393,0,0.189,1,14
room_0533,train,9,4.038,0,0.128,1,14
room_0533,train,10,3.909,0,0.177,1,14
room_0533,train,11,4.877,0,0.233,1,14
room_0533,train,12,3.838,0,0.144,1,14
room_0533,train,13,3.397,0,0.213,1,14
room_0533,train,14,10.856,1,0.776,1,14
room_0533,train,15,4.097,0,0.14,1,14
room_0534,train,0,3.048,0,0.201,1,1
room_0534,train,1,10.863,1,0.732,1,1
room_0534,train,2,4.011,0,0.135,1,1
room_0534,train,3,5.056,1,0.301,1,1
room_0534,train,4,4.406,0,0.207,1,1
room_0534,train,5,3.662,0,0.177,1,1
room_0534,train,6,4.128,1,0.198,1,1
room_0534,train,7,4.055,0,0.111,1,1
room_0534,train,8,3.88,0,0.215,1,1
room_0534,train,9,3.461,0,0.213,1,1
room_0535,test,0,3.53,0,0.207,1,8
room_0535,test,1,3.45,0,0.114,1,8
room_0535,test,2,4.574,0,0.195,1,8
room_0535,test,3,5.382,1,0.16,1,8
room_0535,test,4,4.399,0,0.189,1,8
room_0535,test,5,4.813,0,0.236,1,8
room_0535,test,6,4.444,0,0.164,1,8
room_0535,test,7,3.478,0,0.226,1,8
room_0535,test,8,10.622,1,0.772,1,8
room_0535,test,9,4.008,0,0.178,1,8
room_0535,test,10,4.312,0,0.233,1,8
room_0535,test,11,3.673,0,0.142,1,8
room_0535,test,12,4.037,0,0.143,1,8
room_0535,test,13,4.214,0,0.216,1,8
room_0535,test,14,3.561,1,0.157,1,8
room_0535,test,15,4.072,0,0.206,1,8
room_0535,test,16,4.21,0,0.307,1,8
room_0536,train,0,4.28,0,0.212,0,-1
room_0536,train,1,4.665,0,0.198,0,-1
room_0536,train,2,4.798,1,0.259,0,-1
room_0536,train,3,3.746,0,0.176,0,-1
room_0536,train,4,3.736,0,0.183,0,-1
room_0536,train,5,3.534,0,0.241,0,-1
room_0536,train,6,3.662,1,0.175,0,-1
room_0536,train,7,3.488,0,0.199,0,-1
room_0536,train,8,4.915,0,0.238,0,-1
room_0536,train,9,4.349,0,0.219,0,-1
room_0537,test,0,3.659,0,0.164,1,9
room_0537,test,1,3.49,0,0.189,1,9
room_0537,test,2,3.764,0,0.201,1,9
room_0537,test,3,4.66,1,0.248,1,9
room_0537,test,4,4.26,0,0.134,1,9
room_0537,test,5,3.646,0,0.243,1,9
room_0537,test,6,4.313,0,0.268,1,9
room_0537,test,7,4.386,0,0.206,1,9
room_0537,test,8,4.07,0,0.216,1,9
room_0537,test,9,10.159,1,0.721,1,9
room_0537,test,10,4.613,0,0.206,1,9
room_0537,test,11,3.834,0,0.167,1,9
room_0537,test,12,3.954,1,0.196,1,9
room_0537,test,13,4.254,0,0.22,1,9
room_0537,test,14,3.99,1,0.2,1,9
room_0537,test,15,4.694,1,0.209,1,9
room_0537,test,16,3.279,0,0.254,1,9
room_0538,train,0,3.726,0,0.271,0,-1
room_0538,train,1,4.371,1,0.917,0,-1
room_0538,train,2,3.941,0,0.199,0,-1
room_0538,train,3,4.244,0,0.18,0,-1
room_0538,train,4,3.805,0,0.216,0,-1
room_0538,train,5,3.65,1,0.152,0,-1
room_0538,train,6,3.372,0,0.2,0,-1
room_0538,train,7,3.193,0,0.296,0,-1
room_0538,train,8,4.033,0,0.144,0,-1
room_0538,train,9,3.664,0,0.244,0,-1
room_0538,train,10,3.88,0,0.2,0,-1
room_0539,test,0,4.385,0,0.201,0,-1
room_0539,test,1,3.962,0,0.179,0,-1
room_0539,test,2,4.094,0,0.214,0,-1
room_0539,test,3,4.465,1,0.193,0,-1
room_0539,test,4,4.014,0,0.24,0,-1
room_0539,test,5,3.573,0,0.201,0,-1
room_0539,test,6,4.273,0,0.184,0,-1
room_0539,test,7,4.236,0,0.283,0,-1
room_0539,test,8,3.728,0,0.176,0,-1
room_0539,test,9,3.874,0,0.166,0,-1
room_0539,test,10,4.586,0,0.219,0,-1
room_0539,test,11,3.584,0,0.265,0,-1
room_0540,train,0,5.073,0,0.069,0,-1
room_0540,train,1,4.199,0,0.118,0,-1
room_0540,train,2,4.019,0,0.249,0,-1
room_0540,train,3,3.087,0,0.224,0,-1
room_0540,train,4,4.09,0,0.131,0,-1
room_0540,train,5,4.086,0,0.252,0,-1
room_0540,train,6,4.56,0,0.27,0,-1
room_0540,train,7,3.761,0,0.163,0,-1
room_0540,train,8,3.674,0,0.193,0,-1
room_0540,train,9,4.335,0,0.276,0,-1
room_0540,train,10,4.361,0,0.168,0,-1
room_0540,train,11,10.369,0,0.146,0,-1
room_0540,train,12,4.32,0,0.149,0,-1
room_0540,train,13,4.658,0,0.135,0,-1
room_0540,train,14,3.765,0,0.147,0,-1
room_0540,train,15,4.235,0,0.175,0,-1
room_0540,train,16,3.737,0,0.302,0,-1
room_0540,train,17,3.991,0,0.294,0,-1
room_0541,train,0,3.832,0,0.281,1,1
room_0541,train,1,10.779,1,0.875,1,1
room_0541,train,2,4.108,1,0.184,1,1
room_0541,train,3,4.31,0,0.188,1,1
room_0541,train,4,3.868,0,0.225,1,1
room_0541,train,5,4.667,0,0.206,1,1
room_0541,train,6,3.979,0,0.144,1,1
room_0541,train,7,3.74,0,0.302,1,1
room_0541,train,8,3.202,0,0.201,1,1
room_0541,train,9,3.835,0,0.199,1,1
room_0541,train,10,4.452,0,0.175,1,1
room_0541,train,11,3.732,0,0.184,1,1
room_0541,train,12,3.72,0,0.229,1,1
room_0541,train,13,3.625,0,0.289,1,1
room_0541,train,14,4.303,0,0.245,1,1
room_0541,train,15,3.38,0,0.211,1,1
room_0541,train,16,4.55,0,0.201,1,1
room_0542,test,0,4.357,0,0.193,1,8
room_0542,test,1,3.864,0,0.221,1,8
room_0542,test,2,4.119,0,0.158,1,8
room_0542,test,3,4.073,0,0.167,1,8
room_0542,test,4,4.129,0,0.176,1,8
room_0542,test,5,3.87,0,0.265,1,8
room_0542,test,6,4.206,0,0.221,1,8
room_0542,test,7,4.291,0,0.242,1,8
room_0542,test,8,9.798,1,0.725,1,8
room_0542,test,9,3.935,0,0.264,1,8
room_0542,test,10,3.495,0,0.18,1,8
room_0542,test,11,3.601,0,0.221,1,8
room_0542,test,12,4.333,0,0.246,1,8
room_0542,test,13,3.876,0,0.253,1,8
room_0542,test,14,4.209,0,0.222,1,8
room_0542,test,15,4.445,1,0.204,1,8
room_0543,test,0,3.649,0,0.216,1,4
room_0543,test,1,4.111,0,0.248,1,4
room_0543,test,2,3.338,0,0.265,1,4
room_0543,test,3,4.028,0,0.218,1,4
room_0543,test,4,10.02,1,0.723,1,4
room_0543,test,5,3.781,0,0.248,1,4
room_0543,test,6,3.556,0,0.291,1,4
room_0543,test,7,3.903,0,0.242,1,4
room_0543,test,8,4.375,0,0.238,1,4
room_0543,test,9,4.154,0,0.161,1,4
room_0543,test,10,4.566,0,0.22,1,4
room_0544,train,0,4.518,0,0.195,1,5
room_0544,train,1,4.03,0,0.173,1,5
room_0544,train,2,3.389,0,0.161,1,5
room_0544,train,3,4.306,0,0.162,1,5
room_0544,train,4,3.987,0,0.187,1,5
room_0544,train,5,10.224,1,0.765,1,5
room_0544,train,6,4.507,0,0.25,1,5
room_0544,train,7,3.815,0,0.232,1,5
room_0545,train,0,4.468,0,0.187,1,6
room_0545,train,1,3.044,0,0.265,1,6
room_0545,train,2,3.878,0,0.187,1,6
room_0545,train,3,4.025,0,0.252,1,6
room_0545,train,4,3.781,0,0.248,1,6
room_0545,train,5,3.599,0,0.201,1,6
room_0545,train,6,10.068,1,0.923,1,6
room_0545,train,7,4.19,0,0.188,1,6
room_0545,train,8,4.087,0,0.161,1,6
room_0545,train,9,4.459,0,0.162,1,6
room_0545,train,10,3.974,0,0.221,1,6
room_0545,train,11,3.923,0,0.209,1,6
room_0545,train,12,4.649,0,0.246,1,6
room_0545,train,13,4.001,0,0.207,1,6
room_0545,train,14,4.377,0,0.162,1,6
room_0545,train,15,3.738,0,0.142,1,6
room_0545,train,16,3.533,0,0.172,1,6
room_0546,train,0,3.946,0,0.234,0,-1
room_0546,train,1,4.215,0,0.225,0,-1
room_0546,train,2,4.442,0,0.17,0,-1
room_0546,train,3,3.904,0,0.199,0,-1
room_0546,train,4,4.312,0,0.27,0,-1
room_0546,train,5,4.251,0,0.156,0,-1
room_0546,train,6,3.34,0,0.25,0,-1
room_0546,train,7,4.387,0,0.144,0,-1
room_0546,train,8,3.968,0,0.18,0,-1
room_0546,train,9,3.194,0,0.256,0,-1
room_0546,train,10,9.888,0,0.238,0,-1
room_0546,train,11,3.504,0,0.155,0,-1
room_0546,train,12,4.375,0,0.177,0,-1
room_0547,train,0,3.472,0,0.253,1,2
room_0547,train,1,3.914,0,0.175,1,2
room_0547,train,2,10.521,1,0.888,1,2
room_0547,train,3,4.84,0,0.15,1,2
room_0547,train,4,4.033,0,0.196,1,2
room_0547,train,5,4.283,0,0.262,1,2
room_0547,train,6,3.915,0,0.261,1,2
room_0547,train,7,3.877,1,0.178,1,2
room_0547,train,8,3.799,0,0.255,1,2
room_0547,train,9,3.97,0,0.198,1,2
room_0547,train,10,4.248,1,0.164,1,2
room_0548,train,0,4.203,1,0.188,1,8
room_0548,train,1,3.65,0,0.183,1,8
room_0548,train,2,4.84,0,0.078,1,8
room_0548,train,3,3.77,1,0.136,1,8
room_0548,train,4,4.425,0,0.22,1,8
room_0548,train,5,4.059,0,0.241,1,8
room_0548,train,6,4.17,0,0.241,1,8
room_0548,train,7,4.553,0,0.187,1,8
room_0548,train,8,10.59,1,0.946,1,8
room_0548,train,9,4.023,0,0.189,1,8
room_0548,train,10,3.89,0,0.182,1,8
room_0548,train,11,4.007,0,0.172,1,8
room_0548,train,12,4.684,0,0.185,1,8
room_0548,train,13,3.495,0,0.236,1,8
room_0548,train,14,4.035,0,0.229,1,8
room_0548,train,15,4.317,0,0.268,1,8
room_0549,train,0,4.142,0,0.212,1,4
room_0549,train,1,3.763,0,0.224,1,4
room_0549,train,2,3.976,0,0.146,1,4
room_0549,train,3,3.564,0,0.239,1,4
room_0549,train,4,10.434,1,0.721,1,4
room_0549,train,5,3.93,1,0.191,1,4
room_0549,train,6,3.888,0,0.246,1,4
room_0549,train,7,3.419,0,0.19,1,4
room_0549,train,8,4.082,0,0.14,1,4
room_0550,train,0,3.998,1,0.281,0,-1
room_0550,train,1,3.832,0,0.177,0,-1
room_0550,train,2,4.454,0,0.286,0,-1
room_0550,train,3,4.067,0,0.272,0,-1
room_0550,train,4,3.273,0,0.232,0,-1
room_0550,train,5,3.792,0,0.125,0,-1
room_0550,train,6,4.217,0,0.205,0,-1
room_0550,train,7,3.834,1,0.74,0,-1
room_0550,train,8,3.482,0,0.124,0,-1
room_0550,train,9,4.07,0,0.157,0,-1
room_0550,train,10,3.972,0,0.226,0,-1
room_0551,train,0,4.225,0,0.208,0,-1
room_0551,train,1,4.207,1,0.209,0,-1
room_0551,train,2,4.245,0,0.149,0,-1
room_0551,train,3,3.439,0,0.275,0,-1
room_0551,train,4,3.83,0,0.326,0,-1
room_0551,train,5,2.909,0,0.265,0,-1
room_0551,train,6,3.764,0,0.138,0,-1
room_0551,train,7,3.981,0,0.208,0,-1
room_0551,train,8,3.72,0,0.211,0,-1
room_0551,train,9,3.65,1,0.224,0,-1
room_0551,train,10,4.766,0,0.334,0,-1
room_0551,train,11,4.646,0,0.118,0,-1
room_0552,test,0,3.848,0,0.117,1,8
room_0552,test,1,3.242,0,0.208,1,8
room_0552,test,2,4.444,0,0.233,1,8
room_0552,test,3,3.69,0,0.157,1,8
room_0552,test,4,4.466,0,0.229,1,8
room_0552,test,5,3.906,0,0.157,1,8
room_0552,test,6,4.562,0,0.188,1,8
room_0552,test,7,4.752,0,0.18,1,8
room_0552,test,8,9.296,1,0.906,1,8
room_0552,test,9,3.824,0,0.234,1,8
room_0552,test,10,4.28,0,0.236,1,8
room_0552,test,11,3.717,0,0.2,1,8
room_0552,test,12,4.074,1,0.148,1,8
room_0552,test,13,3.762,0,0.144,1,8
room_0552,test,14,3.879,0,0.137,1,8
room_0552,test,15,3.373,0,0.191,1,8
room_0552,test,16,3.727,0,0.196,1,8
room_0552,test,17,4.682,0,0.206,1,8
room_0553,test,0,4.805,0,0.238,1,6
room_0553,test,1,3.446,0,0.171,1,6
room_0553,test,2,4.214,1,0.124,1,6
room_0553,test,3,4.419,0,0.178,1,6
room_0553,test,4,4.706,0,0.148,1,6
room_0553,test,5,4.515,0,0.196,1,6
room_0553,test,6,10.878,1,0.836,1,6
room_0553,test,7,3.32,0,0.162,1,6
room_0553,test,8,3.269,0,0.182,1,6
room_0553,test,9,3.575,0,0.155,1,6
room_0553,test,10,3.997,0,0.275,1,6
room_0553,test,11,4.842,0,0.272,1,6
room_0553,test,12,4.293,0,0.229,1,6
room_0553,test,13,3.712,1,0.082,1,6
room_0553,test,14,4.309,0,0.173,1,6
room_0553,test,15,3.715,0,0.27,1,6
room_0553,test,16,3.027,0,0.142,1,6
room_0554,train,0,4.024,1,0.267,1,1
room_0554,train,1,9.966,1,0.837,1,1
room_0554,train,2,3.952,0,0.234,1,1
room_0554,train,3,4.583,0,0.128,1,1
room_0554,train,4,3.617,0,0.132,1,1
room_0554,train,5,3.762,0,0.298,1,1
room_0554,train,6,3.54,0,0.176,1,1
room_0554,train,7,4.408,0,0.146,1,1
room_0555,train,0,4.694,0,0.18,1,10
room_0555,train,1,4.802,0,0.165,1,10
room_0555,train,2,3.89,1,0.238,1,10
room_0555,train,3,4.572,0,0.149,1,10
room_0555,train,4,4.059,0,0.21,1,10
room_0555,train,5,3.732,0,0.175,1,10
room_0555,train,6,3.887,0,0.14,1,10
room_0555,train,7,4.096,0,0.162,1,10
room_0555,train,8,3.818,1,0.151,1,10
room_0555,train,9,4.518,0,0.157,1,10
room_0555,train,10,9.135,1,0.793,1,10
room_0555,train,11,4.02,0,0.262,1,10
room_0555,train,12,3.97,0,0.254,1,10
room_0556,train,0,3.461,0,0.25,0,-1
room_0556,train,1,3.897,0,0.182,0,-1
room_0556,train,2,4.055,0,0.179,0,-1
room_0556,train,3,3.45,0,0.257,0,-1
room_0556,train,4,3.723,0,0.176,0,-1
room_0556,train,5,4.036,0,0.183,0,-1
room_0556,train,6,4.078,0,0.187,0,-1
room_0556,train,7,4.144,1,0.783,0,-1
room_0556,train,8,4.007,0,0.205,0,-1
room_0556,train,9,3.558,0,0.199,0,-1
room_0556,train,10,4.067,0,0.254,0,-1
room_0557,test,0,3.591,0,0.197,0,-1
room_0557,test,1,3.287,0,0.261,0,-1
room_0557,test,2,4.002,0,0.188,0,-1
room_0557,test,3,3.184,0,0.191,0,-1
room_0557,test,4,4.045,0,0.183,0,-1
room_0557,test,5,4.123,0,0.178,0,-1
room_0557,test,6,4.098,0,0.23,0,-1
room_0557,test,7,4.203,0,0.257,0,-1
room_0557,test,8,4.244,0,0.251,0,-1
room_0557,test,9,4.466,0,0.134,0,-1
room_0557,test,10,4.674,1,0.192,0,-1
room_0557,test,11,3.789,0,0.139,0,-1
room_0557,test,12,4.111,0,0.203,0,-1
room_0557,test,13,4.644,0,0.163,0,-1
room_0557,test,14,4.089,0,0.185,0,-1
room_0557,test,15,3.643,0,0.248,0,-1
room_0558,train,0,3.957,0,0.235,0,-1
room_0558,train,1,9.341,0,0.262,0,-1
room_0558,train,2,3.717,1,0.177,0,-1
room_0558,train,3,3.995,0,0.174,0,-1
room_0558,train,4,3.359,0,0.101,0,-1
room_0558,train,5,3.495,0,0.168,0,-1
room_0558,train,6,3.93,0,0.163,0,-1
room_0558,train,7,4.147,0,0.255,0,-1
room_0559,test,0,3.457,0,0.2,1,3
room_0559,test,1,3.934,0,0.247,1,3
room_0559,test,2,3.474,0,0.181,1,3
room_0559,test,3,9.084,1,0.851,1,3
room_0559,test,4,4.281,0,0.231,1,3
room_0559,test,5,4.713,0,0.218,1,3
room_0559,test,6,3.441,0,0.155,1,3
room_0559,test,7,4.23,0,0.077,1,3
room_0559,test,8,3.96,0,0.114,1,3
room_0560,train,0,4.575,0,0.165,1,11
room_0560,train,1,3.957,1,0.216,1,11
room_0560,train,2,3.627,0,0.278,1,11
room_0560,train,3,3.51,0,0.221,1,11
room_0560,train,4,3.838,0,0.256,1,11
room_0560,train,5,4.383,0,0.259,1,11
room_0560,train,6,3.634,0,0.183,1,11
room_0560,train,7,4.243,0,0.262,1,11
room_0560,train,8,4.568,0,0.234,1,11
room_0560,train,9,4.392,0,0.272,1,11
room_0560,train,10,3.698,0,0.255,1,11
room_0560,train,11,10.264,1,0.736,1,11
room_0560,train,12,3.893,0,0.219,1,11
room_0560,train,13,3.993,0,0.189,1,11
room_0560,train,14,4.049,0,0.236,1,11
room_0560,train,15,3.333,0,0.167,1,11
room_0561,test,0,3.979,0,0.136,1,1
room_0561,test,1,10.577,1,0.942,1,1
room_0561,test,2,3.952,0,0.171,1,1
room_0561,test,3,3.835,0,0.194,1,1
room_0561,test,4,3.188,0,0.163,1,1
room_0561,test,5,3.906,0,0.164,1,1
room_0561,test,6,3.357,0,0.204,1,1
room_0561,test,7,4.291,0,0.268,1,1
room_0561,test,8,3.7,0,0.201,1,1
room_0562,train,0,3.804,0,0.234,0,-1
room_0562,train,1,3.827,0,0.146,0,-1
room_0562,train,2,3.736,0,0.153,0,-1
room_0562,train,3,3.934,0,0.181,0,-1
room_0562,train,4,4.134,1,0.867,0,-1
room_0562,train,5,4.604,0,0.17,0,-1
room_0562,train,6,4.315,0,0.185,0,-1
room_0562,train,7,3.933,0,0.194,0,-1
room_0562,train,8,3.598,0,0.249,0,-1
room_0562,train,9,3.493,0,0.2,0,-1
room_0562,train,10,3.277,0,0.166,0,-1
room_0562,train,11,3.846,0,0.214,0,-1
room_0562,train,12,3.712,0,0.244,0,-1
room_0562,train,13,4.248,0,0.279,0,-1
room_0563,train,0,4.413,1,0.259,1,10
room_0563,train,1,4.182,0,0.268,1,10
room_0563,train,2,4.166,0,0.228,1,10
room_0563,train,3,3.236,0,0.146,1,10
room_0563,train,4,4.832,0,0.092,1,10
room_0563,train,5,4.619,0,0.218,1,10
room_0563,train,6,3.069,0,0.127,1,10
room_0563,train,7,4.429,0,0.261,1,10
room_0563,train,8,3.304,0,0.232,1,10
room_0563,train,9,4.319,1,0.097,1,10
room_0563,train,10,9.835,1,0.897,1,10
room_0563,train,11,4.367,0,0.227,1,10
room_0563,train,12,3.597,0,0.216,1,10
room_0564,test,0,4.785,0,0.141,0,-1
room_0564,test,1,2.939,0,0.154,0,-1
room_0564,test,2,4.471,0,0.183,0,-1
room_0564,test,3,4.527,0,0.236,0,-1
room_0564,test,4,4.363,0,0.127,0,-1
room_0564,test,5,4.101,0,0.219,0,-1
room_0564,test,6,3.918,0,0.182,0,-1
room_0564,test,7,4.519,0,0.323,0,-1
room_0564,test,8,4.354,0,0.233,0,-1
room_0564,test,9,3.791,0,0.297,0,-1
room_0564,test,10,9.402,0,0.173,0,-1
room_0564,test,11,4.381,0,0.194,0,-1
room_0564,test,12,4.179,0,0.171,0,-1
room_0565,train,0,3.761,1,0.176,0,-1
room_0565,train,1,3.734,1,0.874,0,-1
room_0565,train,2,4.637,0,0.194,0,-1
room_0565,train,3,3.964,0,0.182,0,-1
room_0565,train,4,4.475,0,0.258,0,-1
room_0565,train,5,3.794,0,0.228,0,-1
room_0565,train,6,3.744,0,0.167,0,-1
room_0565,train,7,3.899,0,0.205,0,-1
room_0565,train,8,4.17,0,0.211,0,-1
room_0565,train,9,4.319,0,0.109,0,-1
room_0565,train,10,3.591,0,0.205,0,-1
room_0565,train,11,3.626,0,0.258,0,-1
room_0565,train,12,3.195,0,0.213,0,-1
room_0565,train,13,4.335,0,0.187,0,-1
room_0565,train,14,2.929,0,0.235,0,-1
room_0566,train,0,4.999,0,0.228,0,-1
room_0566,train,1,3.652,0,0.174,0,-1
room_0566,train,2,4.06,0,0.226,0,-1
room_0566,train,3,3.679,0,0.244,0,-1
room_0566,train,4,4.268,1,0.163,0,-1
room_0566,train,5,3.626,0,0.178,0,-1
room_0566,train,6,4.594,0,0.192,0,-1
room_0566,train,7,3.632,0,0.246,0,-1
room_0566,train,8,4.44,0,0.227,0,-1
room_0566,train,9,4.017,0,0.201,0,-1
room_0566,train,10,3.804,0,0.186,0,-1
room_0566,train,11,3.984,0,0.332,0,-1
room_0566,train,12,3.882,0,0.148,0,-1
room_0566,train,13,4.181,0,0.242,0,-1
room_0566,train,14,4.316,0,0.169,0,-1
room_0566,train,15,4.313,0,0.295,0,-1
room_0566,train,16,3.966,0,0.132,0,-1
room_0567,train,0,3.777,0,0.13,1,9
room_0567,train,1,4.249,0,0.246,1,9
room_0567,train,2,4.695,0,0.186,1,9
room_0567,train,3,4.339,0,0.295,1,9
room_0567,train,4,3.477,0,0.126,1,9
room_0567,train,5,3.294,0,0.23,1,9
room_0567,train,6,4.552,0,0.145,1,9
room_0567,train,7,3.924,0,0.214,1,9
room_0567,train,8,3.65,1,0.217,1,9
room_0567,train,9,10.81,1,0.945,1,9
room_0567,train,10,4.002,0,0.189,1,9
room_0567,train,11,3.695,0,0.163,1,9
room_0567,train,12,4.217,0,0.227,1,9
room_0567,train,13,4.132,0,0.251,1,9
room_0568,train,0,4.662,0,0.235,1,6
room_0568,train,1,4.192,1,0.156,1,6
room_0568,train,2,4.451,0,0.225,1,6
room_0568,train,3,3.714,1,0.177,1,6
room_0568,train,4,4.197,0,0.157,1,6
room_0568,train,5,3.799,0,0.139,1,6
room_0568,train,6,9.15,1,0.916,1,6
room_0568,train,7,4.297,0,0.179,1,6
room_0568,train,8,3.488,0,0.169,1,6
room_0568,train,9,3.635,0,0.19,1,6
room_0568,train,10,4.382,1,0.21,1,6
room_0568,train,11,4.477,0,0.277,1,6
room_0569,test,0,4.888,1,0.261,0,-1
room_0569,test,1,3.595,0,0.257,0,-1
room_0569,test,2,4.047,0,0.176,0,-1
room_0569,test,3,3.821,0,0.199,0,-1
room_0569,test,4,3.492,0,0.135,0,-1
room_0569,test,5,4.373,0,0.208,0,-1
room_0569,test,6,3.869,0,0.201,0,-1
room_0569,test,7,4.121,0,0.213,0,-1
room_0569,test,8,3.371,0,0.202,0,-1
room_0569,test,9,4.338,0,0.206,0,-1
room_0569,test,10,3.823,0,0.223,0,-1
room_0569,test,11,3.748,0,0.152,0,-1
room_0569,test,12,3.76,0,0.157,0,-1
room_0569,test,13,4.223,0,0.208,0,-1
room_0569,test,14,4.844,0,0.262,0,-1
room_0569,test,15,4.233,0,0.176,0,-1
room_0570,train,0,4.022,0,0.143,1,7
room_0570,train,1,3.874,0,0.103,1,7
room_0570,train,2,3.91,0,0.182,1,7
room_0570,train,3,3.784,1,0.24,1,7
room_0570,train,4,4.173,0,0.136,1,7
room_0570,train,5,4.371,0,0.239,1,7
room_0570,train,6,3.94,0,0.212,1,7
room_0570,train,7,9.909,1,0.917,1,7
room_0570,train,8,4.491,0,0.147,1,7
room_0570,train,9,3.721,0,0.216,1,7
room_0570,train,10,3.978,0,0.2,1,7
room_0570,train,11,4.448,1,0.237,1,7
room_0570,train,12,3.834,1,0.101,1,7
room_0570,train,13,4.219,1,0.199,1,7
room_0570,train,14,4.226,0,0.291,1,7
room_0570,train,15,3.475,1,0.236,1,7
room_0570,train,16,3.784,1,0.125,1,7
room_0571,train,0,4.166,0,0.248,1,6
room_0571,train,1,3.757,0,0.149,1,6
room_0571,train,2,4.553,0,0.177,1,6
room_0571,train,3,3.903,0,0.19,1,6
room_0571,train,4,3.923,0,0.206,1,6
room_0571,train,5,4.117,0,0.244,1,6
room_0571,train,6,10.792,1,0.899,1,6
room_0571,train,7,3.632,0,0.181,1,6
room_0572,test,0,3.979,0,0.185,0,-1
room_0572,test,1,3.429,0,0.223,0,-1
room_0572,test,2,3.257,0,0.231,0,-1
room_0572,test,3,3.816,0,0.085,0,-1
room_0572,test,4,3.31,0,0.286,0,-1
room_0572,test,5,5.041,0,0.221,0,-1
room_0572,test,6,3.605,0,0.252,0,-1
room_0572,test,7,4.099,0,0.202,0,-1
room_0572,test,8,4.757,0,0.158,0,-1
room_0572,test,9,3.752,0,0.187,0,-1
room_0572,test,10,3.383,0,0.197,0,-1
room_0572,test,11,3.893,0,0.168,0,-1
room_0572,test,12,3.48,0,0.252,0,-1
room_0572,test,13,4.958,0,0.242,0,-1
room_0572,test,14,4.126,0,0.196,0,-1
room_0572,test,15,3.627,1,0.136,0,-1
room_0572,test,16,3.908,0,0.214,0,-1
room_0573,test,0,4.261,0,0.157,1,5
room_0573,test,1,3.786,1,0.275,1,5
room_0573,test,2,4.003,0,0.235,1,5
room_0573,test,3,3.619,0,0.237,1,5
room_0573,test,4,3.083,0,0.116,1,5
room_0573,test,5,9.008,1,0.916,1,5
room_0573,test,6,3.511,0,0.253,1,5
room_0573,test,7,4.614,0,0.136,1,5
room_0573,test,8,4.131,0,0.081,1,5
room_0573,test,9,4.246,0,0.21,1,5
room_0573,test,10,3.464,0,0.159,1,5
room_0573,test,11,3.584,0,0.127,1,5
room_0573,test,12,4.391,1,0.187,1,5
room_0573,test,13,4.057,0,0.265,1,5
room_0574,train,0,4.408,0,0.153,1,8
room_0574,train,1,4.019,0,0.263,1,8
room_0574,train,2,4.385,1,0.162,1,8
room_0574,train,3,4.204,0,0.243,1,8
room_0574,train,4,3.821,0,0.152,1,8
room_0574,train,5,4.185,0,0.259,1,8
room_0574,train,6,3.925,0,0.203,1,8
room_0574,train,7,3.923,0,0.18,1,8
room_0574,train,8,10.044,1,0.859,1,8
room_0574,train,9,4.273,0,0.133,1,8
room_0574,train,10,3.766,0,0.253,1,8
room_0575,train,0,3.485,1,0.157,0,-1
room_0575,train,1,4.376,0,0.178,0,-1
room_0575,train,2,3.784,0,0.253,0,-1
room_0575,train,3,3.463,0,0.173,0,-1
room_0575,train,4,3.912,0,0.217,0,-1
room_0575,train,5,3.568,0,0.221,0,-1
room_0575,train,6,4.485,1,0.207,0,-1
room_0575,train,7,4.319,0,0.193,0,-1
room_0575,train,8,3.949,0,0.217,0,-1
room_0576,train,0,4.581,0,0.13,0,-1
room_0576,train,1,4.935,0,0.103,0,-1
room_0576,train,2,3.385,0,0.182,0,-1
room_0576,train,3,3.852,0,0.25,0,-1
room_0576,train,4,3.833,0,0.096,0,-1
room_0576,train,5,4.486,0,0.206,0,-1
room_0576,train,6,3.48,0,0.248,0,-1
room_0576,train,7,4.74,0,0.123,0,-1
room_0576,train,8,4.052,0,0.219,0,-1
room_0576,train,9,4.272,0,0.177,0,-1
room_0576,train,10,10.035,0,0.25,0,-1
room_0576,train,11,4.067,0,0.208,0,-1
room_0576,train,12,4.493,0,0.107,0,-1
room_0577,train,0,3.567,0,0.185,0,-1
room_0577,train,1,3.776,0,0.256,0,-1
room_0577,train,2,4.584,0,0.164,0,-1
room_0577,train,3,3.312,0,0.179,0,-1
room_0577,train,4,4.687,0,0.214,0,-1
room_0577,train,5,4.359,0,0.13,0,-1
room_0577,train,6,4.306,1,0.932,0,-1
room_0577,train,7,3.463,0,0.144,0,-1
room_0578,train,0,5.186,0,0.162,1,4
room_0578,train,1,3.142,0,0.174,1,4
room_0578,train,2,4.5,0,0.204,1,4
room_0578,train,3,4.578,0,0.255,1,4
room_0578,train,4,10.974,1,0.883,1,4
room_0578,train,5,4.111,0,0.162,1,4
room_0578,train,6,3.972,0,0.157,1,4
room_0578,train,7,3.82,1,0.232,1,4
room_0578,train,8,4.234,0,0.253,1,4
room_0578,train,9,3.992,0,0.201,1,4
room_0578,train,10,4.304,0,0.129,1,4
room_0579,train,0,3.708,0,0.154,0,-1
room_0579,train,1,3.861,0,0.153,0,-1
room_0579,train,2,3.45,0,0.167,0,-1
room_0579,train,3,4.165,0,0.211,0,-1
room_0579,train,4,3.726,0,0.184,0,-1
room_0579,train,5,3.242,0,0.1,0,-1
room_0579,train,6,3.781,0,0.253,0,-1
room_0579,train,7,4.634,0,0.183,0,-1
room_0579,train,8,4.268,0,0.192,0,-1
room_0579,train,9,3.79,0,0.168,0,-1
room_0579,train,10,10.144,0,0.23,0,-1
room_0579,train,11,4.354,0,0.194,0,-1
room_0579,train,12,3.374,0,0.192,0,-1
room_0579,train,13,4.006,0,0.172,0,-1
room_0579,train,14,2.889,0,0.197,0,-1
room_0579,train,15,3.632,0,0.177,0,-1
room_0580,train,0,4.012,0,0.191,0,-1
room_0580,train,1,4.174,0,0.2,0,-1
room_0580,train,2,5.033,0,0.259,0,-1
room_0580,train,3,4.091,1,0.907,0,-1
room_0580,train,4,4.577,0,0.21,0,-1
room_0580,train,5,3.752,1,0.168,0,-1
room_0580,train,6,3.589,0,0.19,0,-1
room_0580,train,7,4.462,0,0.12,0,-1
room_0581,train,0,3.753,0,0.178,1,7
room_0581,train,1,3.963,0,0.228,1,7
room_0581,train,2,3.697,0,0.161,1,7
room_0581,train,3,3.519,0,0.229,1,7
room_0581,train,4,4.167,0,0.184,1,7
room_0581,train,5,4.414,0,0.219,1,7
room_0581,train,6,3.787,0,0.276,1,7
room_0581,train,7,10.353,1,0.869,1,7
room_0581,train,8,4.269,0,0.172,1,7
room_0581,train,9,4.046,0,0.181,1,7
room_0581,train,10,4.47,0,0.124,1,7
room_0581,train,11,4.147,0,0.239,1,7
room_0582,train,0,4.294,0,0.22,0,-1
room_0582,train,1,4.061,0,0.134,0,-1
room_0582,train,2,4.496,0,0.193,0,-1
room_0582,train,3,4.191,0,0.204,0,-1
room_0582,train,4,4.666,0,0.182,0,-1
room_0582,train,5,3.722,0,0.217,0,-1
room_0582,train,6,9.247,0,0.247,0,-1
room_0582,train,7,4.168,0,0.259,0,-1
room_0582,train,8,3.719,0,0.209,0,-1
room_0582,train,9,4.887,0,0.178,0,-1
room_0582,train,10,4.403,0,0.106,0,-1
room_0582,train,11,3.68,0,0.241,0,-1
room_0583,train,0,2.981,0,0.233,0,-1
room_0583,train,1,3.956,0,0.194,0,-1
room_0583,train,2,4.049,1,0.907,0,-1
room_0583,train,3,3.368,0,0.136,0,-1
room_0583,train,4,3.853,1,0.184,0,-1
room_0583,train,5,4.23,0,0.22,0,-1
room_0583,train,6,4.131,0,0.154,0,-1
room_0583,train,7,4.133,0,0.184,0,-1
room_0584,train,0,3.502,0,0.205,1,10
room_0584,train,1,3.528,0,0.18,1,10
room_0584,train,2,4.148,0,0.161,1,10
room_0584,train,3,3.833,0,0.19,1,10
room_0584,train,4,3.98,0,0.152,1,10
room_0584,train,5,3.054,0,0.203,1,10
room_0584,train,6,3.956,0,0.162,1,10
room_0584,train,7,3.999,0,0.097,1,10
room_0584,train,8,3.739,0,0.099,1,10
room_0584,train,9,4.278,1,0.094,1,10
room_0584,train,10,9.333,1,0.747,1,10
room_0584,train,11,3.952,0,0.166,1,10
room_0584,train,12,3.433,0,0.229,1,10
room_0584,train,13,4.07,0,0.275,1,10
room_0585,train,0,3.421,0,0.16,0,-1
room_0585,train,1,4.207,0,0.235,0,-1
room_0585,train,2,3.929,0,0.178,0,-1
room_0585,train,3,4.393,0,0.089,0,-1
room_0585,train,4,3.572,0,0.13,0,-1
room_0585,train,5,3.939,0,0.21,0,-1
room_0585,train,6,3.575,0,0.264,0,-1
room_0585,train,7,4.754,0,0.228,0,-1
room_0585,train,8,3.705,1,0.217,0,-1
room_0585,train,9,3.349,1,0.097,0,-1
room_0585,train,10,4.208,1,0.156,0,-1
room_0585,train,11,5.126,1,0.181,0,-1
room_0585,train,12,10.75,0,0.236,0,-1
room_0585,train,13,4.052,0,0.207,0,-1
room_0585,train,14,3.342,1,0.213,0,-1
room_0585,train,15,2.935,0,0.183,0,-1
room_0586,train,0,3.541,0,0.197,1,1
room_0586,train,1,9.447,1,0.905,1,1
room_0586,train,2,4.538,0,0.193,1,1
room_0586,train,3,3.372,0,0.243,1,1
room_0586,train,4,4.207,0,0.17,1,1
room_0586,train,5,3.935,0,0.237,1,1
room_0586,train,6,3.611,0,0.173,1,1
room_0586,train,7,3.977,0,0.176,1,1
room_0586,train,8,4.824,1,0.161,1,1
room_0587,test,0,4.504,0,0.164,0,-1
room_0587,test,1,4.653,0,0.149,0,-1
room_0587,test,2,3.221,0,0.283,0,-1
room_0587,test,3,3.614,0,0.169,0,-1
room_0587,test,4,3.56,0,0.303,0,-1
room_0587,test,5,3.589,0,0.185,0,-1
room_0587,test,6,3.679,0,0.244,0,-1
room_0587,test,7,4.77,0,0.167,0,-1
room_0587,test,8,4.291,0,0.178,0,-1
room_0587,test,9,4.639,0,0.168,0,-1
room_0587,test,10,3.797,0,0.186,0,-1
room_0587,test,11,3.952,0,0.187,0,-1
room_0588,train,0,4.569,1,0.244,1,3
room_0588,train,1,3.573,0,0.164,1,3
room_0588,train,2,3.914,0,0.148,1,3
room_0588,train,3,9.528,1,0.934,1,3
room_0588,train,4,3.779,0,0.256,1,3
room_0588,train,5,4.17,0,0.145,1,3
room_0588,train,6,4.305,0,0.216,1,3
room_0588,train,7,4.39,0,0.18,1,3
room_0588,train,8,4.24,0,0.265,1,3
room_0588,train,9,4.726,0,0.13,1,3
room_0588,train,10,4.277,0,0.197,1,3
room_0589,train,0,4.689,0,0.212,1,6
room_0589,train,1,3.858,0,0.159,1,6
room_0589,train,2,3.63,0,0.263,1,6
room_0589,train,3,4.714,0,0.196,1,6
room_0589,train,4,4.352,1,0.142,1,6
room_0589,train,5,4.408,0,0.07,1,6
room_0589,train,6,10.476,1,0.815,1,6
room_0589,train,7,3.89,0,0.146,1,6
room_0589,train,8,4.842,0,0.169,1,6
room_0589,train,9,4.156,0,0.142,1,6
room_0589,train,10,3.95,0,0.155,1,6
room_0589,train,11,3.65,1,0.152,1,6
room_0590,train,0,3.535,1,0.184,1,1
room_0590,train,1,9.934,1,0.86,1,1
room_0590,train,2,4.43,0,0.212,1,1
room_0590,train,3,4.098,0,0.215,1,1
room_0590,train,4,2.901,0,0.158,1,1
room_0590,train,5,3.524,0,0.174,1,1
room_0590,train,6,4.405,0,0.169,1,1
room_0590,train,7,3.651,0,0.172,1,1
room_0590,train,8,3.952,0,0.184,1,1
room_0591,train,0,4.105,0,0.175,0,-1
room_0591,train,1,2.874,0,0.199,0,-1
room_0591,train,2,4.441,0,0.239,0,-1
room_0591,train,3,3.928,0,0.207,0,-1
room_0591,train,4,4.291,0,0.215,0,-1
room_0591,train,5,9.486,0,0.22,0,-1
room_0591,train,6,4.222,0,0.226,0,-1
room_0591,train,7,4.203,0,0.231,0,-1
room_0592,test,0,4.282,0,0.187,1,13
room_0592,test,1,3.136,0,0.183,1,13
room_0592,test,2,3.865,0,0.195,1,13
room_0592,test,3,4.111,0,0.157,1,13
room_0592,test,4,3.933,0,0.266,1,13
room_0592,test,5,4.772,0,0.179,1,13
room_0592,test,6,3.727,0,0.149,1,13
room_0592,test,7,4.115,0,0.211,1,13
room_0592,test,8,3.784,0,0.206,1,13
room_0592,test,9,4.046,0,0.169,1,13
room_0592,test,10,4.516,0,0.286,1,13
room_0592,test,11,3.713,0,0.138,1,13
room_0592,test,12,4.578,0,0.24,1,13
room_0592,test,13,9.895,1,0.895,1,13
room_0592,test,14,4.637,0,0.128,1,13
room_0592,test,15,3.525,0,0.192,1,13
room_0592,test,16,3.94,0,0.128,1,13
room_0592,test,17,4.365,0,0.155,1,13
room_0593,test,0,4.486,0,0.225,0,-1
room_0593,test,1,4.375,0,0.246,0,-1
room_0593,test,2,4.031,0,0.213,0,-1
room_0593,test,3,4.426,0,0.157,0,-1
room_0593,test,4,3.766,0,0.177,0,-1
room_0593,test,5,4.587,0,0.31,0,-1
room_0593,test,6,4.462,0,0.225,0,-1
room_0593,test,7,3.983,0,0.171,0,-1
room_0593,test,8,3.937,0,0.282,0,-1
room_0593,test,9,4.01,0,0.179,0,-1
room_0593,test,10,4.281,0,0.224,0,-1
room_0593,test,11,4.192,0,0.216,0,-1
room_0594,test,0,3.842,0,0.268,0,-1
room_0594,test,1,3.328,0,0.189,0,-1
room_0594,test,2,3.932,0,0.235,0,-1
room_0594,test,3,3.228,0,0.182,0,-1
room_0594,test,4,3.733,0,0.189,0,-1
room_0594,test,5,4.581,0,0.222,0,-1
room_0594,test,6,4.375,1,0.108,0,-1
room_0594,test,7,4.507,0,0.207,0,-1
room_0594,test,8,3.952,0,0.206,0,-1
room_0594,test,9,9.965,0,0.241,0,-1
room_0594,test,10,3.585,0,0.176,0,-1
room_0594,test,11,4.148,0,0.089,0,-1
room_0595,train,0,3.802,0,0.123,1,10
room_0595,train,1,3.054,0,0.133,1,10
room_0595,train,2,3.177,0,0.306,1,10
room_0595,train,3,4.371,0,0.097,1,10
room_0595,train,4,4.648,0,0.228,1,10
room_0595,train,5,4.065,0,0.203,1,10
room_0595,train,6,4.395,0,0.233,1,10
room_0595,train,7,4.589,0,0.224,1,10
room_0595,train,8,3.088,0,0.174,1,10
room_0595,train,9,4.057,0,0.186,1,10
room_0595,train,10,10.571,1,0.877,1,10
room_0595,train,11,3.907,0,0.15,1,10
room_0595,train,12,3.685,0,0.192,1,10
room_0596,train,0,3.926,1,0.247,0,-1
room_0596,train,1,4.387,0,0.197,0,-1
room_0596,train,2,3.751,0,0.281,0,-1
room_0596,train,3,4.401,0,0.232,0,-1
room_0596,train,4,3.984,0,0.154,0,-1
room_0596,train,5,4.535,0,0.3,0,-1
room_0596,train,6,4.314,0,0.164,0,-1
room_0596,train,7,3.441,0,0.262,0,-1
room_0596,train,8,3.592,0,0.214,0,-1
room_0596,train,9,3.603,0,0.157,0,-1
room_0596,train,10,3.977,0,0.23,0,-1
room_0596,train,11,3.902,0,0.217,0,-1
room_0596,train,12,4.654,0,0.184,0,-1
room_0596,train,13,4.397,0,0.247,0,-1
room_0596,train,14,4.812,0,0.211,0,-1
room_0596,train,15,3.886,0,0.27,0,-1
room_0596,train,16,4.085,1,0.161,0,-1
room_0597,train,0,4.471,0,0.256,1,4
room_0597,train,1,4.936,0,0.124,1,4
room_0597,train,2,2.765,0,0.076,1,4
room_0597,train,3,4.547,0,0.214,1,4
room_0597,train,4,10.528,1,0.778,1,4
room_0597,train,5,3.786,0,0.244,1,4
room_0597,train,6,4.205,0,0.217,1,4
room_0597,train,7,4.562,0,0.18,1,4
room_0597,train,8,4.542,0,0.21,1,4
room_0597,train,9,3.994,0,0.196,1,4
room_0597,train,10,4.365,1,0.182,1,4
room_0597,train,11,4.046,0,0.285,1,4
room_0597,train,12,3.658,0,0.157,1,4
room_0597,train,13,4.178,0,0.195,1,4
room_0597,train,14,3.635,0,0.203,1,4
room_0597,train,15,3.682,0,0.136,1,4
room_0597,train,16,3.832,0,0.24,1,4
room_0597,train,17,3.36,0,0.2,1,4
room_0598,train,0,3.45,0,0.235,0,-1
room_0598,train,1,3.354,0,0.158,0,-1
room_0598,train,2,4.4,0,0.269,0,-1
room_0598,train,3,4.398,0,0.182,0,-1
room_0598,train,4,3.443,0,0.167,0,-1
room_0598,train,5,3.695,0,0.216,0,-1
room_0598,train,6,4.705,0,0.106,0,-1
room_0598,train,7,3.94,0,0.211,0,-1
room_0598,train,8,3.869,0,0.149,0,-1
room_0598,train,9,3.356,0,0.198,0,-1
room_0598,train,10,3.752,0,0.155,0,-1
room_0598,train,11,4.369,0,0.166,0,-1
room_0598,train,12,3.713,0,0.175,0,-1
room_0598,train,13,4.13,0,0.218,0,-1
room_0598,train,14,4.163,0,0.214,0,-1
room_0598,train,15,3.927,0,0.145,0,-1
room_0598,train,16,4.321,1,0.906,0,-1
room_0598,train,17,3.567,0,0.17,0,-1
room_0599,test,0,3.186,0,0.232,0,-1
room_0599,test,1,3.747,0,0.251,0,-1
room_0599,test,2,4.489,0,0.188,0,-1
room_0599,test,3,3.966,0,0.225,0,-1
room_0599,test,4,4.463,0,0.24,0,-1
room_0599,test,5,4.621,0,0.128,0,-1
room_0599,test,6,3.856,0,0.182,0,-1
room_0599,test,7,3.26,0,0.213,0,-1
room_0599,test,8,4.19,0,0.181,0,-1
room_0599,test,9,3.501,0,0.255,0,-1
room_0599,test,10,3.545,0,0.208,0,-1
room_0599,test,11,3.773,0,0.19,0,-1
room_0599,test,12,4.446,0,0.205,0,-1
room_0599,test,13,3.385,0,0.167,0,-1
room_0599,test,14,2.96,0,0.18,0,-1
room_0600,train,0,4.333,0,0.233,1,11
room_0600,train,1,4.471,0,0.18,1,11
room_0600,train,2,3.491,0,0.11,1,11
room_0600,train,3,4.168,0,0.176,1,11
room_0600,train,4,3.843,0,0.164,1,11
room_0600,train,5,3.55,0,0.096,1,11
room_0600,train,6,3.854,0,0.222,1,11
room_0600,train,7,3.446,0,0.262,1,11
room_0600,train,8,4.392,0,0.227,1,11
room_0600,train,9,3.205,0,0.169,1,11
room_0600,train,10,4.135,0,0.228,1,11
room_0600,train,11,10.356,1,0.914,1,11
room_0600,train,12,3.699,0,0.155,1,11
room_0600,train,13,3.785,0,0.127,1,11
room_0600,train,14,4.395,0,0.173,1,11
room_0600,train,15,3.377,0,0.215,1,11
room_0601,train,0,3.571,0,0.245,0,-1
room_0601,train,1,2.861,0,0.243,0,-1
room_0601,train,2,4.413,0,0.186,0,-1
room_0601,train,3,3.345,0,0.171,0,-1
room_0601,train,4,2.941,0,0.193,0,-1
room_0601,train,5,4.633,0,0.22,0,-1
room_0601,train,6,4.097,0,0.173,0,-1
room_0601,train,7,3.683,0,0.185,0,-1
room_0601,train,8,4.033,0,0.181,0,-1
room_0601,train,9,4.294,0,0.206,0,-1
room_0601,train,10,3.147,0,0.205,0,-1
room_0601,train,11,4.263,0,0.197,0,-1
room_0601,train,12,4.46,0,0.118,0,-1
room_0601,train,13,3.455,0,0.189,0,-1
room_0601,train,14,3.93,0,0.214,0,-1
room_0601,train,15,4.061,1,0.795,0,-1
room_0601,train,16,4.554,0,0.211,0,-1
room_0601,train,17,4.568,1,0.163,0,-1
room_0602,train,0,3.51,0,0.209,1,10
room_0602,train,1,4.385,0,0.179,1,10
room_0602,train,2,3.744,0,0.271,1,10
room_0602,train,3,3.889,0,0.228,1,10
room_0602,train,4,3.84,0,0.138,1,10
room_0602,train,5,4.172,0,0.243,1,10
room_0602,train,6,4.081,1,0.221,1,10
room_0602,train,7,3.085,1,0.252,1,10
room_0602,train,8,3.497,1,0.191,1,10
room_0602,train,9,3.236,0,0.218,1,10
room_0602,train,10,9.321,1,0.808,1,10
room_0602,train,11,4.182,0,0.174,1,10
room_0602,train,12,4.395,0,0.208,1,10
room_0603,test,0,3.942,0,0.174,1,9
room_0603,test,1,3.708,0,0.18,1,9
room_0603,test,2,4.014,0,0.155,1,9
room_0603,test,3,4.091,0,0.237,1,9
room_0603,test,4,3.569,0,0.237,1,9
room_0603,test,5,4.216,0,0.169,1,9
room_0603,test,6,3.94,0,0.186,1,9
room_0603,test,7,3.932,0,0.186,1,9
room_0603,test,8,3.205,0,0.263,1,9
room_0603,test,9,9.308,1,0.724,1,9
room_0603,test,10,3.24,0,0.245,1,9
room_0603,test,11,4.17,0,0.16,1,9
room_0603,test,12,4.265,0,0.126,1,9
room_0603,test,13,3.999,0,0.137,1,9
room_0603,test,14,5.034,0,0.228,1,9
room_0603,test,15,3.133,0,0.131,1,9
room_0603,test,16,4.082,0,0.222,1,9
room_0603,test,17,4.588,0,0.174,1,9
room_0604,test,0,3.353,1,0.202,1,10
room_0604,test,1,4.123,0,0.286,1,10
room_0604,test,2,4.348,0,0.246,1,10
room_0604,test,3,4.098,0,0.274,1,10
room_0604,test,4,4.122,0,0.14,1,10
room_0604,test,5,3.384,0,0.188,1,10
room_0604,test,6,5.199,0,0.156,1,10
room_0604,test,7,4.259,0,0.243,1,10
room_0604,test,8,3.939,0,0.23,1,10
room_0604,test,9,4.711,1,0.176,1,10
room_0604,test,10,9.729,1,0.756,1,10
room_0604,test,11,4.539,0,0.143,1,10
room_0604,test,12,4.302,0,0.175,1,10
room_0604,test,13,4.655,0,0.218,1,10
room_0604,test,14,3.95,0,0.17,1,10
room_0604,test,15,3.749,0,0.247,1,10
room_0605,train,0,3.375,0,0.267,1,4
room_0605,train,1,3.052,0,0.212,1,4
room_0605,train,2,4.102,0,0.315,1,4
room_0605,train,3,3.967,0,0.224,1,4
room_0605,train,4,9.46,1,0.868,1,4
room_0605,train,5,4.03,1,0.208,1,4
room_0605,train,6,3.699,0,0.285,1,4
room_0605,train,7,4.592,0,0.243,1,4
room_0605,train,8,4.467,0,0.212,1,4
room_0605,train,9,4.049,0,0.205,1,4
room_0605,train,10,4.108,0,0.18,1,4
room_0605,train,11,4.164,1,0.245,1,4
room_0605,train,12,4.239,0,0.203,1,4
room_0605,train,13,3.715,0,0.15,1,4
room_0606,train,0,4.311,0,0.175,0,-1
room_0606,train,1,4.023,1,0.244,0,-1
room_0606,train,2,3.672,0,0.283,0,-1
room_0606,train,3,4.309,0,0.181,0,-1
room_0606,train,4,4.825,1,0.208,0,-1
room_0606,train,5,3.744,1,0.221,0,-1
room_0606,train,6,9.693,0,0.248,0,-1
room_0606,train,7,3.634,0,0.273,0,-1
room_0606,train,8,4.556,0,0.101,0,-1
room_0606,train,9,3.485,0,0.176,0,-1
room_0607,train,0,3.977,0,0.245,1,1
room_0607,train,1,9.598,1,0.84,1,1
room_0607,train,2,3.256,0,0.154,1,1
room_0607,train,3,3.635,0,0.223,1,1
room_0607,train,4,4.206,1,0.202,1,1
room_0607,train,5,4.142,0,0.27,1,1
room_0607,train,6,3.113,0,0.214,1,1
room_0607,train,7,3.984,0,0.212,1,1
room_0607,train,8,4.344,0,0.148,1,1
room_0607,train,9,4.763,0,0.211,1,1
room_0608,train,0,5.239,0,0.214,1,8
room_0608,train,1,4.13,0,0.19,1,8
room_0608,train,2,4.177,0,0.132,1,8
room_0608,train,3,3.633,0,0.142,1,8
room_0608,train,4,3.555,0,0.161,1,8
room_0608,train,5,4.008,0,0.217,1,8
room_0608,train,6,3.97,0,0.296,1,8
room_0608,train,7,4.408,0,0.231,1,8
room_0608,train,8,9.555,1,0.726,1,8
room_0608,train,9,3.862,1,0.223,1,8
room_0609,train,0,3.729,0,0.285,0,-1
room_0609,train,1,4.097,0,0.221,0,-1
room_0609,train,2,10.466,0,0.188,0,-1
room_0609,train,3,3.598,0,0.172,0,-1
room_0609,train,4,4.197,0,0.231,0,-1
room_0609,train,5,4.464,0,0.137,0,-1
room_0609,train,6,4.119,0,0.223,0,-1
room_0609,train,7,3.863,0,0.202,0,-1
room_0610,test,0,3.298,0,0.209,1,1
room_0610,test,1,9.042,1,0.946,1,1
room_0610,test,2,3.867,0,0.219,1,1
room_0610,test,3,3.728,0,0.258,1,1
room_0610,test,4,4.366,0,0.265,1,1
room_0610,test,5,4.392,0,0.165,1,1
room_0610,test,6,3.341,0,0.191,1,1
room_0610,test,7,4.518,0,0.21,1,1
room_0610,test,8,4.092,0,0.171,1,1
room_0611,train,0,3.531,0,0.22,1,8
room_0611,train,1,3.769,0,0.095,1,8
room_0611,train,2,3.379,0,0.187,1,8
room_0611,train,3,4.541,0,0.22,1,8
room_0611,train,4,3.435,0,0.277,1,8
room_0611,train,5,3.873,0,0.224,1,8
room_0611,train,6,3.664,0,0.248,1,8
room_0611,train,7,3.896,0,0.252,1,8
room_0611,train,8,10.756,1,0.937,1,8
room_0611,train,9,4.616,0,0.325,1,8
room_0611,train,10,4.502,0,0.231,1,8
room_0611,train,11,4.077,1,0.28,1,8
room_0611,train,12,3.853,0,0.146,1,8
room_0611,train,13,4.452,0,0.19,1,8
room_0611,train,14,4.403,0,0.159,1,8
room_0611,train,15,4.481,0,0.209,1,8
room_0612,train,0,3.381,1,0.203,0,-1
room_0612,train,1,4.594,0,0.263,0,-1
room_0612,train,2,3.71,0,0.306,0,-1
room_0612,train,3,5.074,0,0.222,0,-1
room_0612,train,4,9.862,0,0.224,0,-1
room_0612,train,5,3.842,0,0.269,0,-1
room_0612,train,6,4.196,0,0.181,0,-1
room_0612,train,7,3.289,0,0.183,0,-1
room_0612,train,8,4.499,0,0.243,0,-1
room_0612,train,9,4.278,0,0.252,0,-1
room_0612,train,10,4.235,0,0.141,0,-1
room_0612,train,11,4.435,1,0.169,0,-1
room_0612,train,12,4.462,0,0.253,0,-1
room_0612,train,13,3.877,0,0.171,0,-1
room_0612,train,14,3.838,0,0.314,0,-1
room_0612,train,15,4.15,1,0.2,0,-1
room_0612,train,16,3.737,0,0.198,0,-1
room_0612,train,17,4.284,0,0.191,0,-1
room_0613,train,0,4.301,0,0.249,0,-1
room_0613,train,1,3.409,0,0.271,0,-1
room_0613,train,2,4.005,1,0.912,0,-1
room_0613,train,3,3.354,0,0.249,0,-1
room_0613,train,4,3.659,0,0.178,0,-1
room_0613,train,5,3.805,0,0.244,0,-1
room_0613,train,6,4.47,0,0.171,0,-1
room_0613,train,7,4.261,0,0.246,0,-1
room_0613,train,8,4.22,0,0.155,0,-1
room_0613,train,9,4.351,0,0.293,0,-1
room_0613,train,10,3.983,0,0.268,0,-1
room_0614,train,0,3.887,0,0.209,1,2
room_0614,train,1,4.547,0,0.096,1,2
room_0614,train,2,10.189,1,0.818,1,2
room_0614,train,3,3.867,0,0.252,1,2
room_0614,train,4,4.012,1,0.186,1,2
room_0614,train,5,4.212,0,0.075,1,2
room_0614,train,6,4.504,0,0.096,1,2
room_0614,train,7,4.257,0,0.116,1,2
room_0614,train,8,3.735,0,0.247,1,2
room_0614,train,9,4.089,0,0.253,1,2
room_0614,train,10,3.751,0,0.09,1,2
room_0614,train,11,4.441,0,0.206,1,2
room_0615,train,0,3.982,0,0.214,0,-1
room_0615,train,1,4.154,0,0.217,0,-1
room_0615,train,2,4.097,0,0.183,0,-1
room_0615,train,3,3.907,0,0.22,0,-1
room_0615,train,4,3.118,0,0.224,0,-1
room_0615,train,5,4.477,0,0.262,0,-1
room_0615,train,6,4.226,0,0.164,0,-1
room_0615,train,7,3.455,0,0.254,0,-1
room_0615,train,8,4.187,0,0.184,0,-1
room_0615,train,9,4.217,0,0.12,0,-1
room_0615,train,10,4.207,0,0.217,0,-1
room_0615,train,11,3.231,0,0.211,0,-1
room_0615,train,12,3.609,0,0.179,0,-1
room_0615,train,13,10.309,0,0.256,0,-1
room_0615,train,14,4.987,0,0.224,0,-1
room_0615,train,15,3.324,0,0.144,0,-1
room_0615,train,16,4.645,0,0.14,0,-1
room_0616,test,0,3.907,1,0.154,1,3
room_0616,test,1,3.581,0,0.196,1,3
room_0616,test,2,3.554,0,0.117,1,3
room_0616,test,3,9.932,1,0.727,1,3
room_0616,test,4,3.756,0,0.179,1,3
room_0616,test,5,4.138,0,0.217,1,3
room_0616,test,6,3.847,0,0.284,1,3
room_0616,test,7,4.288,0,0.125,1,3
room_0616,test,8,2.987,1,0.172,1,3
room_0616,test,9,4.948,0,0.207,1,3
room_0616,test,10,4.153,0,0.191,1,3
room_0616,test,11,3.623,0,0.149,1,3
room_0616,test,12,3.502,0,0.226,1,3
room_0616,test,13,3.996,0,0.184,1,3
room_0617,train,0,3.9,0,0.236,1,13
room_0617,train,1,4.849,0,0.151,1,13
room_0617,train,2,3.099,1,0.181,1,13
room_0617,train,3,3.862,0,0.252,1,13
room_0617,train,4,3.618,0,0.156,1,13
room_0617,train,5,3.81,0,0.312,1,13
room_0617,train,6,3.987,0,0.174,1,13
room_0617,train,7,4.349,0,0.231,1,13
room_0617,train,8,4.226,1,0.212,1,13
room_0617,train,9,4.573,0,0.235,1,13
room_0617,train,10,3.834,0,0.206,1,13
room_0617,train,11,4.081,0,0.221,1,13
room_0617,train,12,4.36,0,0.178,1,13
room_0617,train,13,9.906,1,0.739,1,13
room_0617,train,14,3.977,0,0.148,1,13
room_0617,train,15,3.753,0,0.315,1,13
room_0617,train,16,4.415,0,0.202,1,13
room_0618,train,0,4.377,0,0.238,0,-1
room_0618,train,1,3.937,0,0.167,0,-1
room_0618,train,2,4.494,0,0.183,0,-1
room_0618,train,3,3.934,1,0.133,0,-1
room_0618,train,4,4.198,0,0.155,0,-1
room_0618,train,5,10.686,0,0.216,0,-1
room_0618,train,6,4.313,0,0.205,0,-1
room_0618,train,7,4.023,1,0.245,0,-1
room_0618,train,8,3.938,0,0.228,0,-1
room_0618,train,9,4.101,0,0.257,0,-1
room_0618,train,10,4.353,0,0.183,0,-1
room_0618,train,11,4.521,0,0.128,0,-1
room_0619,test,0,3.91,0,0.197,1,6
room_0619,test,1,4.331,0,0.203,1,6
room_0619,test,2,3.816,0,0.205,1,6
room_0619,test,3,5.343,0,0.166,1,6
room_0619,test,4,3.784,0,0.206,1,6
room_0619,test,5,3.788,0,0.19,1,6
room_0619,test,6,9.735,1,0.809,1,6
room_0619,test,7,3.673,0,0.245,1,6
room_0619,test,8,3.9,0,0.264,1,6
room_0619,test,9,4.199,0,0.223,1,6
room_0619,test,10,3.936,1,0.198,1,6
room_0619,test,11,4.711,1,0.204,1,6
room_0619,test,12,4.119,0,0.255,1,6
room_0619,test,13,3.177,0,0.235,1,6
room_0619,test,14,4.561,0,0.214,1,6
room_0620,train,0,3.927,0,0.27,1,1
room_0620,train,1,9.496,1,0.887,1,1
room_0620,train,2,4.018,0,0.245,1,1
room_0620,train,3,2.999,0,0.247,1,1
room_0620,train,4,5.14,0,0.136,1,1
room_0620,train,5,4.078,0,0.177,1,1
room_0620,train,6,3.584,0,0.135,1,1
room_0620,train,7,3.624,0,0.247,1,1
room_0620,train,8,3.185,0,0.266,1,1
room_0621,train,0,4.064,0,0.219,1,8
room_0621,train,1,3.72,0,0.208,1,8
room_0621,train,2,3.612,0,0.203,1,8
room_0621,train,3,3.842,0,0.127,1,8
room_0621,train,4,3.737,0,0.183,1,8
room_0621,train,5,3.889,0,0.233,1,8
room_0621,train,6,3.803,0,0.248,1,8
room_0621,train,7,4.06,0,0.213,1,8
room_0621,train,8,10.322,1,0.752,1,8
room_0621,train,9,4.191,0,0.218,1,8
room_0621,train,10,3.686,1,0.211,1,8
room_0621,train,11,3.135,0,0.167,1,8
room_0622,train,0,3.835,0,0.254,0,-1
room_0622,train,1,4.405,0,0.296,0,-1
room_0622,train,2,4.179,0,0.246,0,-1
room_0622,train,3,4.43,0,0.171,0,-1
room_0622,train,4,3.984,0,0.179,0,-1
room_0622,train,5,4.975,1,0.234,0,-1
room_0622,train,6,3.365,0,0.281,0,-1
room_0622,train,7,4.325,0,0.246,0,-1
room_0622,train,8,4.114,0,0.203,0,-1
room_0622,train,9,4.434,0,0.191,0,-1
room_0622,train,10,3.314,0,0.192,0,-1
room_0622,train,11,3.686,0,0.119,0,-1
room_0622,train,12,4.267,0,0.275,0,-1
room_0622,train,13,3.914,1,0.823,0,-1
room_0622,train,14,3.746,1,0.236,0,-1
room_0623,train,0,3.994,0,0.139,0,-1
room_0623,train,1,3.379,0,0.24,0,-1
room_0623,train,2,4.636,0,0.261,0,-1
room_0623,train,3,4.02,0,0.11,0,-1
room_0623,train,4,3.883,0,0.21,0,-1
room_0623,train,5,4.896,0,0.237,0,-1
room_0623,train,6,3.32,0,0.186,0,-1
room_0623,train,7,4.47,0,0.283,0,-1
room_0623,train,8,4.943,0,0.192,0,-1
room_0623,train,9,3.371,0,0.149,0,-1
room_0623,train,10,3.974,0,0.213,0,-1
room_0623,train,11,3.917,0,0.224,0,-1
room_0623,train,12,4.297,0,0.15,0,-1
room_0623,train,13,3.904,0,0.236,0,-1
room_0623,train,14,4.451,0,0.172,0,-1
room_0624,train,0,4.838,0,0.211,0,-1
room_0624,train,1,3.171,0,0.278,0,-1
room_0624,train,2,3.235,0,0.193,0,-1
room_0624,train,3,4.231,0,0.136,0,-1
room_0624,train,4,3.194,0,0.242,0,-1
room_0624,train,5,4.91,0,0.212,0,-1
room_0624,train,6,4.426,0,0.283,0,-1
room_0624,train,7,10.282,0,0.242,0,-1
room_0624,train,8,3.567,0,0.254,0,-1
room_0625,test,0,4.231,0,0.152,0,-1
room_0625,test,1,4.12,0,0.197,0,-1
room_0625,test,2,3.542,0,0.2,0,-1
room_0625,test,3,4.673,0,0.211,0,-1
room_0625,test,4,3.906,0,0.172,0,-1
room_0625,test,5,4.637,0,0.194,0,-1
room_0625,test,6,4.296,1,0.848,0,-1
room_0625,test,7,3.372,0,0.177,0,-1
room_0625,test,8,3.491,0,0.256,0,-1
room_0625,test,9,3.696,0,0.188,0,-1
room_0625,test,10,4.054,1,0.242,0,-1
room_0625,test,11,3.153,0,0.173,0,-1
room_0625,test,12,3.112,0,0.18,0,-1
room_0625,test,13,4.167,0,0.244,0,-1
room_0625,test,14,3.983,0,0.184,0,-1
room_0625,test,15,3.934,0,0.268,0,-1
room_0626,train,0,4.534,0,0.204,0,-1
room_0626,train,1,4.011,0,0.253,0,-1
room_0626,train,2,4.208,0,0.063,0,-1
room_0626,train,3,4.237,0,0.117,0,-1
room_0626,train,4,4.778,0,0.251,0,-1
room_0626,train,5,4.018,0,0.262,0,-1
room_0626,train,6,4.077,0,0.211,0,-1
room_0626,train,7,4.392,0,0.201,0,-1
room_0626,train,8,3.984,0,0.185,0,-1
room_0626,train,9,4.212,0,0.215,0,-1
room_0626,train,10,4.403,0,0.201,0,-1
room_0626,train,11,4.163,0,0.177,0,-1
room_0626,train,12,3.878,0,0.287,0,-1
room_0626,train,13,4.376,0,0.208,0,-1
room_0626,train,14,3.436,0,0.226,0,-1
room_0626,train,15,4.021,0,0.196,0,-1
room_0626,train,16,3.802,0,0.188,0,-1
room_0627,test,0,3.909,0,0.144,0,-1
room_0627,test,1,4.153,0,0.19,0,-1
room_0627,test,2,3.909,1,0.154,0,-1
room_0627,test,3,4.342,0,0.155,0,-1
room_0627,test,4,4.255,0,0.192,0,-1
room_0627,test,5,4.312,0,0.202,0,-1
room_0627,test,6,3.524,0,0.131,0,-1
room_0627,test,7,9.487,0,0.129,0,-1
room_0627,test,8,3.932,0,0.154,0,-1
room_0627,test,9,4.159,0,0.245,0,-1
room_0627,test,10,4.088,0,0.176,0,-1
room_0627,test,11,3.735,0,0.181,0,-1
room_0627,test,12,4.082,0,0.198,0,-1
room_0627,test,13,4.088,0,0.176,0,-1
room_0627,test,14,3.808,0,0.182,0,-1
room_0628,train,0,4.068,1,0.15,1,12
room_0628,train,1,4.047,0,0.109,1,12
room_0628,train,2,5.05,0,0.181,1,12
room_0628,train,3,4.099,0,0.221,1,12
room_0628,train,4,4.727,0,0.179,1,12
room_0628,train,5,4.515,0,0.179,1,12
room_0628,train,6,4.158,0,0.164,1,12
room_0628,train,7,3.904,0,0.285,1,12
room_0628,train,8,4.088,0,0.272,1,12
room_0628,train,9,4.747,0,0.244,1,12
room_0628,train,10,4.498,0,0.213,1,12
room_0628,train,11,3.922,1,0.133,1,12
room_0628,train,12,10.806,1,0.74,1,12
room_0628,train,13,4.17,0,0.172,1,12
room_0628,train,14,3.767,0,0.171,1,12
room_0628,train,15,4.4,0,0.179,1,12
room_0629,train,0,4.323,0,0.19,1,10
room_0629,train,1,4.328,0,0.133,1,10
room_0629,train,2,3.78,0,0.137,1,10
room_0629,train,3,3.643,0,0.197,1,10
room_0629,train,4,4.243,0,0.164,1,10
room_0629,train,5,5.306,0,0.182,1,10
room_0629,train,6,3.509,0,0.124,1,10
room_0629,train,7,4.822,0,0.179,1,10
room_0629,train,8,3.464,0,0.165,1,10
room_0629,train,9,3.534,0,0.259,1,10
room_0629,train,10,9.111,1,0.861,1,10
room_0629,train,11,3.423,0,0.203,1,10
room_0629,train,12,4.098,0,0.273,1,10
room_0629,train,13,3.221,1,0.189,1,10
room_0629,train,14,3.906,0,0.184,1,10
room_0629,train,15,4.092,0,0.25,1,10
room_0629,train,16,3.846,1,0.338,1,10
room_0629,train,17,4.242,1,0.226,1,10
room_0630,test,0,3.703,0,0.194,1,8
room_0630,test,1,5.05,0,0.267,1,8
room_0630,test,2,3.985,0,0.192,1,8
room_0630,test,3,4.234,0,0.214,1,8
room_0630,test,4,3.891,0,0.189,1,8
room_0630,test,5,4.81,0,0.237,1,8
room_0630,test,6,4.17,0,0.137,1,8
room_0630,test,7,3.729,0,0.152,1,8
room_0630,test,8,9.071,1,0.866,1,8
room_0630,test,9,3.993,0,0.207,1,8
room_0630,test,10,3.432,0,0.239,1,8
room_0630,test,11,4.092,0,0.171,1,8
room_0630,test,12,4.419,0,0.207,1,8
room_0630,test,13,3.509,0,0.245,1,8
room_0630,test,14,3.89,0,0.204,1,8
room_0630,test,15,3.318,1,0.256,1,8
room_0630,test,16,4.847,0,0.231,1,8
room_0630,test,17,4.49,0,0.259,1,8
room_0631,train,0,4.171,0,0.282,0,-1
room_0631,train,1,4.118,0,0.15,0,-1
room_0631,train,2,4.291,0,0.289,0,-1
room_0631,train,3,3.588,0,0.098,0,-1
room_0631,train,4,3.988,0,0.17,0,-1
room_0631,train,5,4.539,0,0.207,0,-1
room_0631,train,6,4.542,0,0.138,0,-1
room_0631,train,7,4.234,0,0.23,0,-1
room_0631,train,8,3.107,0,0.182,0,-1
room_0631,train,9,4.104,0,0.216,0,-1
room_0631,train,10,4.272,0,0.248,0,-1
room_0631,train,11,4.613,0,0.148,0,-1
room_0631,train,12,4.625,0,0.158,0,-1
room_0631,train,13,3.794,1,0.202,0,-1
room_0631,train,14,3.433,0,0.177,0,-1
room_0631,train,15,4.052,1,0.748,0,-1
room_0631,train,16,3.198,1,0.303,0,-1
room_0632,train,0,4.651,0,0.189,0,-1
room_0632,train,1,4.127,0,0.194,0,-1
room_0632,train,2,3.821,0,0.21,0,-1
room_0632,train,3,3.887,0,0.176,0,-1
room_0632,train,4,4.985,0,0.258,0,-1
room_0632,train,5,4.825,0,0.227,0,-1
room_0632,train,6,4.332,0,0.264,0,-1
room_0632,train,7,3.307,1,0.272,0,-1
room_0633,train,0,4.164,0,0.161,0,-1
room_0633,train,1,3.954,0,0.278,0,-1
room_0633,train,2,10.062,0,0.143,0,-1
room_0633,train,3,4.78,0,0.227,0,-1
room_0633,train,4,4.198,0,0.194,0,-1
room_0633,train,5,3.993,0,0.208,0,-1
room_0633,train,6,4.311,0,0.242,0,-1
room_0633,train,7,4.594,0,0.246,0,-1
room_0634,train,0,3.965,0,0.248,1,8
room_0634,train,1,4.387,0,0.132,1,8
room_0634,train,2,4.596,0,0.117,1,8
room_0634,train,3,3.931,0,0.193,1,8
room_0634,train,4,5.229,0,0.254,1,8
room_0634,train,5,3.238,0,0.246,1,8
room_0634,train,6,4.217,0,0.239,1,8
room_0634,train,7,3.772,0,0.211,1,8
room_0634,train,8,10.946,1,0.85,1,8
room_0634,train,9,3.903,1,0.199,1,8
room_0634,train,10,3.613,0,0.142,1,8
room_0634,train,11,4.071,0,0.138,1,8
room_0634,train,12,3.99,0,0.126,1,8
room_0634,train,13,4.255,0,0.254,1,8
room_0634,train,14,3.129,0,0.201,1,8
room_0634,train,15,4.634,0,0.19,1,8
room_0635,train,0,3.956,0,0.219,0,-1
room_0635,train,1,3.479,0,0.151,0,-1
room_0635,train,2,4.18,0,0.27,0,-1
room_0635,train,3,4.504,0,0.191,0,-1
room_0635,train,4,4.898,0,0.237,0,-1
room_0635,train,5,4.13,0,0.154,0,-1
room_0635,train,6,3.528,0,0.227,0,-1
room_0635,train,7,3.864,0,0.142,0,-1
room_0635,train,8,3.662,0,0.14,0,-1
room_0635,train,9,4.162,0,0.163,0,-1
room_0635,train,10,3.733,0,0.123,0,-1
room_0636,test,0,3.635,0,0.196,1,4
room_0636,test,1,4.293,0,0.23,1,4
room_0636,test,2,3.607,0,0.127,1,4
room_0636,test,3,4.202,0,0.221,1,4
room_0636,test,4,10.041,1,0.728,1,4
room_0636,test,5,3.337,0,0.265,1,4
room_0636,test,6,4.056,0,0.188,1,4
room_0636,test,7,4.323,0,0.17,1,4
room_0636,test,8,3.426,0,0.21,1,4
room_0636,test,9,4.115,0,0.171,1,4
room_0636,test,10,4.384,0,0.2,1,4
room_0636,test,11,4.121,1,0.175,1,4
room_0636,test,12,4.368,1,0.172,1,4
room_0637,train,0,3.837,0,0.244,0,-1
room_0637,train,1,4.171,0,0.23,0,-1
room_0637,train,2,3.97,1,0.837,0,-1
room_0637,train,3,4.498,0,0.176,0,-1
room_0637,train,4,4.317,1,0.165,0,-1
room_0637,train,5,4.047,0,0.169,0,-1
room_0637,train,6,3.124,0,0.187,0,-1
room_0637,train,7,5.584,0,0.111,0,-1
room_0637,train,8,3.971,0,0.159,0,-1
room_0637,train,9,4.783,0,0.183,0,-1
room_0638,train,0,4.164,0,0.162,0,-1
room_0638,train,1,3.821,0,0.231,0,-1
room_0638,train,2,4.629,0,0.163,0,-1
room_0638,train,3,3.984,0,0.203,0,-1
room_0638,train,4,4.162,0,0.212,0,-1
room_0638,train,5,4.076,0,0.137,0,-1
room_0638,train,6,5.029,0,0.215,0,-1
room_0638,train,7,4.217,0,0.124,0,-1
room_0639,train,0,4.814,0,0.209,1,4
room_0639,train,1,4.034,0,0.24,1,4
room_0639,train,2,4.245,0,0.174,1,4
room_0639,train,3,4.257,0,0.227,1,4
room_0639,train,4,9.007,1,0.859,1,4
room_0639,train,5,3.329,1,0.249,1,4
room_0639,train,6,3.884,0,0.194,1,4
room_0639,train,7,5.069,0,0.187,1,4
room_0639,train,8,3.871,0,0.233,1,4
room_0639,train,9,3.561,0,0.214,1,4
room_0639,train,10,4.023,0,0.253,1,4
room_0639,train,11,3.56,0,0.277,1,4
room_0639,train,12,3.711,0,0.236,1,4
room_0639,train,13,2.971,0,0.221,1,4
room_0639,train,14,4.037,0,0.245,1,4
room_0639,train,15,4.3,0,0.317,1,4
room_0639,train,16,3.807,1,0.168,1,4
room_0639,train,17,4.822,0,0.195,1,4
room_0640,test,0,4.5,0,0.182,0,-1
room_0640,test,1,4.438,1,0.722,0,-1
room_0640,test,2,4.766,0,0.252,0,-1
room_0640,test,3,4.242,0,0.148,0,-1
room_0640,test,4,3.87,1,0.195,0,-1
room_0640,test,5,3.496,0,0.247,0,-1
room_0640,test,6,4.001,0,0.244,0,-1
room_0640,test,7,4.593,0,0.254,0,-1
room_0640,test,8,4.626,0,0.199,0,-1
room_0641,train,0,3.603,0,0.191,1,2
room_0641,train,1,4.272,0,0.135,1,2
room_0641,train,2,9.493,1,0.73,1,2
room_0641,train,3,4.684,0,0.218,1,2
room_0641,train,4,3.662,0,0.112,1,2
room_0641,train,5,3.47,0,0.196,1,2
room_0641,train,6,3.672,0,0.181,1,2
room_0641,train,7,3.861,0,0.23,1,2
room_0641,train,8,4.348,0,0.217,1,2
room_0641,train,9,3.74,0,0.189,1,2
room_0641,train,10,4.109,0,0.197,1,2
room_0641,train,11,3.805,0,0.143,1,2
room_0641,train,12,3.914,0,0.185,1,2
room_0641,train,13,5.009,0,0.234,1,2
room_0642,train,0,4.133,0,0.135,1,2
room_0642,train,1,4.934,0,0.093,1,2
room_0642,train,2,9.787,1,0.914,1,2
room_0642,train,3,4.779,1,0.276,1,2
room_0642,train,4,3.897,0,0.185,1,2
room_0642,train,5,3.746,0,0.147,1,2
room_0642,train,6,4.402,0,0.165,1,2
room_0642,train,7,5.176,0,0.211,1,2
room_0642,train,8,3.992,0,0.197,1,2
room_0642,train,9,4.128,0,0.181,1,2
room_0643,test,0,3.653,1,0.2,1,12
room_0643,test,1,4.193,0,0.212,1,12
room_0643,test,2,4.106,0,0.197,1,12
room_0643,test,3,3.816,0,0.245,1,12
room_0643,test,4,4.703,0,0.15,1,12
room_0643,test,5,3.688,1,0.238,1,12
room_0643,test,6,4.55,0,0.206,1,12
room_0643,test,7,4.463,0,0.222,1,12
room_0643,test,8,4.459,0,0.276,1,12
room_0643,test,9,4.305,0,0.291,1,12
room_0643,test,10,4.639,0,0.158,1,12
room_0643,test,11,3.954,0,0.278,1,12
room_0643,test,12,10.505,1,0.935,1,12
room_0643,test,13,3.663,0,0.179,1,12
room_0643,test,14,4.013,0,0.196,1,12
room_0643,test,15,3.675,0,0.18,1,12
room_0643,test,16,3.155,0,0.074,1,12
room_0643,test,17,4.067,0,0.237,1,12
room_0644,train,0,4.295,0,0.13,1,12
room_0644,train,1,4.003,0,0.157,1,12
room_0644,train,2,3.613,0,0.206,1,12
room_0644,train,3,4.103,0,0.156,1,12
room_0644,train,4,4.109,0,0.162,1,12
room_0644,train,5,3.179,0,0.253,1,12
room_0644,train,6,4.112,0,0.157,1,12
room_0644,train,7,3.96,0,0.19,1,12
room_0644,train,8,3.692,0,0.132,1,12
room_0644,train,9,5.17,0,0.26,1,12
room_0644,train,10,4.12,0,0.223,1,12
room_0644,train,11,3.718,0,0.22,1,12
room_0644,train,12,10.037,1,0.837,1,12
room_0644,train,13,4.009,0,0.234,1,12
room_0644,train,14,4.567,0,0.159,1,12
room_0645,train,0,4.784,0,0.148,1,9
room_0645,train,1,4.117,0,0.218,1,9
room_0645,train,2,3.862,0,0.164,1,9
room_0645,train,3,4.296,0,0.319,1,9
room_0645,train,4,4.33,0,0.2,1,9
room_0645,train,5,4.252,1,0.21,1,9
room_0645,train,6,4.434,0,0.181,1,9
room_0645,train,7,3.484,0,0.214,1,9
room_0645,train,8,4.011,0,0.15,1,9
room_0645,train,9,9.078,1,0.874,1,9
room_0645,train,10,4.829,0,0.21,1,9
room_0645,train,11,4.258,0,0.112,1,9
room_0645,train,12,3.396,0,0.194,1,9
room_0645,train,13,3.878,0,0.154,1,9
room_0645,train,14,4.373,1,0.202,1,9
room_0645,train,15,4.935,0,0.15,1,9
room_0646,train,0,3.569,0,0.151,0,-1
room_0646,train,1,3.865,0,0.242,0,-1
room_0646,train,2,3.876,0,0.234,0,-1
room_0646,train,3,4.077,1,0.213,0,-1
room_0646,train,4,4.53,0,0.149,0,-1
room_0646,train,5,3.886,0,0.195,0,-1
room_0646,train,6,4.486,0,0.163,0,-1
room_0646,train,7,4.159,0,0.182,0,-1
room_0646,train,8,4.065,0,0.275,0,-1
room_0646,train,9,4.386,0,0.089,0,-1
room_0646,train,10,4.019,1,0.904,0,-1
room_0646,train,11,4.009,0,0.192,0,-1
room_0647,train,0,4.008,0,0.226,1,10
room_0647,train,1,4.111,0,0.187,1,10
room_0647,train,2,3.997,0,0.211,1,10
room_0647,train,3,4.137,0,0.249,1,10
room_0647,train,4,4.943,0,0.25,1,10
room_0647,train,5,3.623,0,0.137,1,10
room_0647,train,6,3.927,1,0.237,1,10
room_0647,train,7,4.616,0,0.239,1,10
room_0647,train,8,4.294,0,0.21,1,10
room_0647,train,9,3.788,0,0.182,1,10
room_0647,train,10,9.699,1,0.937,1,10
room_0647,train,11,3.979,0,0.188,1,10
room_0647,train,12,4.216,0,0.248,1,10
room_0647,train,13,4.301,0,0.149,1,10
room_0647,train,14,3.694,0,0.137,1,10
room_0647,train,15,4.199,0,0.194,1,10
room_0647,train,16,4.51,0,0.262,1,10
room_0648,train,0,4.213,0,0.163,1,12
room_0648,train,1,4.151,0,0.163,1,12
room_0648,train,2,3.845,0,0.129,1,12
room_0648,train,3,3.185,0,0.269,1,12
room_0648,train,4,3.87,0,0.287,1,12
room_0648,train,5,4.752,0,0.122,1,12
room_0648,train,6,5.015,0,0.263,1,12
room_0648,train,7,3.592,0,0.216,1,12
room_0648,train,8,3.858,0,0.104,1,12
room_0648,train,9,3.774,0,0.118,1,12
room_0648,train,10,3.841,0,0.171,1,12
room_0648,train,11,4.176,0,0.254,1,12
room_0648,train,12,10.827,1,0.934,1,12
room_0648,train,13,4.342,0,0.132,1,12
room_0649,train,0,4.083,0,0.141,0,-1
room_0649,train,1,3.912,1,0.765,0,-1
room_0649,train,2,4.132,0,0.223,0,-1
room_0649,train,3,3.716,0,0.238,0,-1
room_0649,train,4,4.415,0,0.226,0,-1
room_0649,train,5,5.127,0,0.163,0,-1
room_0649,train,6,3.341,0,0.171,0,-1
room_0649,train,7,3.293,1,0.232,0,-1
room_0649,train,8,3.02,0,0.15,0,-1
room_0649,train,9,4.67,0,0.199,0,-1
room_0649,train,10,3.824,0,0.237,0,-1
room_0649,train,11,3.081,0,0.272,0,-1
room_0649,train,12,3.39,0,0.121,0,-1
room_0649,train,13,4.063,0,0.255,0,-1
room_0649,train,14,4.643,0,0.154,0,-1
room_0649,train,15,3.581,0,0.189,0,-1
room_0649,train,16,4.381,0,0.237,0,-1
room_0650,train,0,4.294,0,0.203,1,9
room_0650,train,1,3.897,1,0.188,1,9
room_0650,train,2,4.258,0,0.247,1,9
room_0650,train,3,3.853,0,0.191,1,9
room_0650,train,4,3.513,0,0.226,1,9
room_0650,train,5,4.558,0,0.184,1,9
room_0650,train,6,3.699,0,0.195,1,9
room_0650,train,7,3.553,0,0.2,1,9
room_0650,train,8,3.6,0,0.196,1,9
room_0650,train,9,10.747,1,0.935,1,9
room_0650,train,10,3.819,0,0.195,1,9
room_0650,train,11,3.643,0,0.278,1,9
room_0650,train,12,2.971,0,0.169,1,9
room_0651,test,0,3.542,0,0.219,0,-1
room_0651,test,1,3.948,0,0.186,0,-1
room_0651,test,2,4.3,1,0.202,0,-1
room_0651,test,3,10.291,0,0.196,0,-1
room_0651,test,4,4.581,0,0.262,0,-1
room_0651,test,5,4.418,0,0.187,0,-1
room_0651,test,6,4.422,0,0.204,0,-1
room_0651,test,7,4.172,0,0.248,0,-1
room_0652,test,0,3.223,0,0.184,0,-1
room_0652,test,1,4.407,0,0.164,0,-1
room_0652,test,2,3.371,0,0.158,0,-1
room_0652,test,3,3.309,0,0.174,0,-1
room_0652,test,4,4.763,1,0.214,0,-1
room_0652,test,5,3.552,0,0.163,0,-1
room_0652,test,6,4.038,0,0.236,0,-1
room_0652,test,7,4.426,1,0.838,0,-1
room_0652,test,8,3.505,0,0.166,0,-1
room_0652,test,9,3.645,0,0.215,0,-1
room_0652,test,10,3.71,0,0.196,0,-1
room_0653,train,0,3.657,0,0.192,1,3
room_0653,train,1,4.219,0,0.196,1,3
room_0653,train,2,4.82,0,0.169,1,3
room_0653,train,3,9.369,1,0.915,1,3
room_0653,train,4,3.728,0,0.156,1,3
room_0653,train,5,4.368,0,0.105,1,3
room_0653,train,6,4.222,0,0.292,1,3
room_0653,train,7,3.939,0,0.178,1,3
room_0653,train,8,4.682,0,0.214,1,3
room_0653,train,9,4.474,0,0.267,1,3
room_0653,train,10,4.846,0,0.151,1,3
room_0653,train,11,4.74,0,0.214,1,3
room_0653,train,12,3.261,0,0.173,1,3
room_0653,train,13,4.131,0,0.209,1,3
room_0654,train,0,4.083,0,0.279,1,2
room_0654,train,1,3.539,0,0.153,1,2
room_0654,train,2,10.383,1,0.8,1,2
room_0654,train,3,4.369,0,0.149,1,2
room_0654,train,4,3.4,0,0.207,1,2
room_0654,train,5,4.299,0,0.238,1,2
room_0654,train,6,4.03,0,0.273,1,2
room_0654,train,7,4.039,0,0.139,1,2
room_0654,train,8,4.059,0,0.202,1,2
room_0654,train,9,4.306,0,0.201,1,2
room_0655,train,0,3.362,0,0.231,0,-1
room_0655,train,1,4.374,1,0.901,0,-1
room_0655,train,2,3.965,1,0.194,0,-1
room_0655,train,3,4.113,0,0.232,0,-1
room_0655,train,4,3.986,0,0.162,0,-1
room_0655,train,5,4.646,0,0.228,0,-1
room_0655,train,6,3.876,0,0.192,0,-1
room_0655,train,7,4.637,0,0.179,0,-1
room_0655,train,8,3.634,1,0.176,0,-1
room_0655,train,9,3.84,0,0.166,0,-1
room_0655,train,10,3.864,0,0.124,0,-1
room_0656,test,0,4.034,0,0.24,0,-1
room_0656,test,1,3.196,0,0.143,0,-1
room_0656,test,2,3.891,0,0.174,0,-1
room_0656,test,3,4.213,0,0.166,0,-1
room_0656,test,4,3.627,0,0.226,0,-1
room_0656,test,5,3.477,0,0.247,0,-1
room_0656,test,6,3.23,0,0.189,0,-1
room_0656,test,7,4.434,0,0.167,0,-1
room_0656,test,8,4.05,0,0.169,0,-1
room_0656,test,9,3.851,0,0.266,0,-1
room_0656,test,10,4.593,0,0.26,0,-1
room_0656,test,11,4.262,0,0.175,0,-1
room_0656,test,12,3.736,0,0.23,0,-1
room_0656,test,13,3.673,0,0.158,0,-1
room_0657,train,0,3.274,0,0.223,0,-1
room_0657,train,1,4.081,0,0.258,0,-1
room_0657,train,2,10.42,0,0.227,0,-1
room_0657,train,3,3.855,0,0.154,0,-1
room_0657,train,4,3.755,0,0.05,0,-1
room_0657,train,5,4.08,0,0.293,0,-1
room_0657,train,6,3.548,0,0.199,0,-1
room_0657,train,7,4.062,0,0.201,0,-1
room_0658,train,0,4.524,0,0.165,0,-1
room_0658,train,1,3.602,0,0.118,0,-1
room_0658,train,2,3.608,0,0.209,0,-1
room_0658,train,3,3.52,0,0.144,0,-1
room_0658,train,4,3.886,0,0.234,0,-1
room_0658,train,5,2.797,0,0.206,0,-1
room_0658,train,6,4.077,1,0.836,0,-1
room_0658,train,7,3.624,0,0.261,0,-1
room_0658,train,8,4.407,0,0.279,0,-1
room_0658,train,9,4.315,0,0.185,0,-1
room_0658,train,10,3.792,0,0.191,0,-1
room_0658,train,11,3.381,0,0.196,0,-1
room_0658,train,12,3.871,0,0.263,0,-1
room_0658,train,13,4.496,0,0.135,0,-1
room_0658,train,14,3.754,0,0.233,0,-1
room_0658,train,15,4.002,0,0.185,0,-1
room_0658,train,16,3.307,0,0.198,0,-1
room_0659,test,0,4.455,0,0.148,0,-1
room_0659,test,1,3.835,0,0.227,0,-1
room_0659,test,2,3.725,0,0.125,0,-1
room_0659,test,3,3.356,0,0.179,0,-1
room_0659,test,4,3.663,0,0.24,0,-1
room_0659,test,5,4.413,0,0.288,0,-1
room_0659,test,6,4.208,0,0.14,0,-1
room_0659,test,7,5.718,0,0.145,0,-1
room_0659,test,8,4.25,1,0.168,0,-1
room_0659,test,9,3.963,0,0.191,0,-1
room_0659,test,10,5.075,0,0.22,0,-1
room_0659,test,11,4.632,0,0.22,0,-1
room_0659,test,12,4.981,0,0.207,0,-1
room_0659,test,13,4.259,0,0.213,0,-1
room_0659,test,14,4.236,1,0.24,0,-1
room_0659,test,15,3.089,0,0.171,0,-1
room_0660,train,0,4.766,1,0.184,0,-1
room_0660,train,1,3.773,0,0.221,0,-1
room_0660,train,2,4.531,0,0.145,0,-1
room_0660,train,3,9.378,0,0.179,0,-1
room_0660,train,4,4.146,0,0.218,0,-1
room_0660,train,5,3.793,0,0.204,0,-1
room_0660,train,6,3.616,0,0.172,0,-1
room_0660,train,7,4.988,0,0.156,0,-1
room_0660,train,8,4.399,1,0.262,0,-1
room_0660,train,9,4.924,0,0.238,0,-1
room_0660,train,10,4.914,0,0.168,0,-1
room_0660,train,11,4.37,0,0.177,0,-1
room_0661,train,0,5.725,0,0.207,0,-1
room_0661,train,1,3.001,0,0.179,0,-1
room_0661,train,2,4.776,0,0.141,0,-1
room_0661,train,3,3.483,0,0.276,0,-1
room_0661,train,4,3.069,0,0.148,0,-1
room_0661,train,5,4.07,0,0.197,0,-1
room_0661,train,6,4.553,0,0.275,0,-1
room_0661,train,7,4.461,0,0.139,0,-1
room_0661,train,8,3.702,1,0.769,0,-1
room_0661,train,9,4.729,0,0.293,0,-1
room_0661,train,10,4.673,0,0.208,0,-1
room_0661,train,11,4.4,0,0.24,0,-1
room_0661,train,12,4.736,0,0.258,0,-1
room_0662,test,0,4.318,0,0.215,1,1
room_0662,test,1,10.97,1,0.8,1,1
room_0662,test,2,4.595,0,0.205,1,1
room_0662,test,3,4.499,0,0.22,1,1
room_0662,test,4,3.447,0,0.173,1,1
room_0662,test,5,4.144,0,0.208,1,1
room_0662,test,6,3.406,0,0.156,1,1
room_0662,test,7,4.15,0,0.208,1,1
room_0662,test,8,3.797,0,0.19,1,1
room_0662,test,9,3.06,0,0.203,1,1
room_0662,test,10,3.49,1,0.176,1,1
room_0662,test,11,3.892,0,0.179,1,1
room_0662,test,12,3.473,0,0.189,1,1
room_0662,test,13,4.687,0,0.208,1,1
room_0662,test,14,3.523,0,0.15,1,1
room_0662,test,15,5.172,0,0.115,1,1
room_0663,train,0,4.506,0,0.262,0,-1
room_0663,train,1,4.693,0,0.266,0,-1
room_0663,train,2,3.786,1,0.199,0,-1
room_0663,train,3,9.182,0,0.204,0,-1
room_0663,train,4,3.678,0,0.209,0,-1
room_0663,train,5,3.278,0,0.094,0,-1
room_0663,train,6,4.161,0,0.113,0,-1
room_0663,train,7,3.826,0,0.255,0,-1
room_0664,test,0,3.951,0,0.236,1,9
room_0664,test,1,3.934,0,0.166,1,9
room_0664,test,2,4.244,0,0.163,1,9
room_0664,test,3,4.419,0,0.279,1,9
room_0664,test,4,3.296,0,0.313,1,9
room_0664,test,5,3.271,0,0.166,1,9
room_0664,test,6,3.465,0,0.207,1,9
room_0664,test,7,3.766,0,0.239,1,9
room_0664,test,8,3.463,0,0.163,1,9
room_0664,test,9,9.075,1,0.804,1,9
room_0664,test,10,3.496,0,0.234,1,9
room_0664,test,11,4.246,0,0.207,1,9
room_0664,test,12,5.064,1,0.137,1,9
room_0664,test,13,3.605,0,0.236,1,9
room_0664,test,14,3.919,0,0.207,1,9
room_0664,test,15,3.653,0,0.209,1,9
room_0664,test,16,3.927,0,0.231,1,9
room_0664,test,17,3.53,0,0.199,1,9
room_0665,train,0,4.068,0,0.16,1,4
room_0665,train,1,4.214,0,0.197,1,4
room_0665,train,2,4.197,0,0.191,1,4
room_0665,train,3,4.217,0,0.15,1,4
room_0665,train,4,9.942,1,0.908,1,4
room_0665,train,5,4.664,0,0.182,1,4
room_0665,train,6,3.506,0,0.247,1,4
room_0665,train,7,4.188,0,0.186,1,4
room_0666,test,0,4.269,0,0.218,0,-1
room_0666,test,1,4.236,0,0.162,0,-1
room_0666,test,2,3.844,0,0.218,0,-1
room_0666,test,3,3.543,0,0.202,0,-1
room_0666,test,4,4.245,0,0.238,0,-1
room_0666,test,5,4.128,0,0.186,0,-1
room_0666,test,6,3.674,0,0.137,0,-1
room_0666,test,7,4.443,1,0.098,0,-1
room_0666,test,8,4.526,0,0.171,0,-1
room_0666,test,9,4.544,1,0.281,0,-1
room_0666,test,10,4.855,0,0.231,0,-1
room_0666,test,11,10.853,0,0.21,0,-1
room_0666,test,12,4.227,0,0.229,0,-1
room_0666,test,13,4.091,0,0.246,0,-1
room_0666,test,14,3.044,0,0.133,0,-1
room_0666,test,15,3.92,0,0.278,0,-1
room_0666,test,16,4.004,0,0.182,0,-1
room_0667,train,0,4.166,0,0.19,0,-1
room_0667,train,1,4.125,0,0.212,0,-1
room_0667,train,2,3.798,0,0.123,0,-1
room_0667,train,3,4.656,0,0.131,0,-1
room_0667,train,4,3.304,0,0.253,0,-1
room_0667,train,5,3.973,1,0.885,0,-1
room_0667,train,6,3.649,0,0.256,0,-1
room_0667,train,7,4.121,0,0.213,0,-1
room_0668,train,0,4.544,0,0.115,1,1
room_0668,train,1,9.603,1,0.767,1,1
room_0668,train,2,4.032,0,0.157,1,1
room_0668,train,3,3.989,0,0.214,1,1
room_0668,train,4,3.652,1,0.289,1,1
room_0668,train,5,4.297,0,0.222,1,1
room_0668,train,6,3.131,0,0.193,1,1
room_0668,train,7,4.013,0,0.21,1,1
room_0668,train,8,3.597,0,0.221,1,1
room_0668,train,9,4.598,1,0.14,1,1
room_0668,train,10,3.146,0,0.267,1,1
room_0668,train,11,4.238,0,0.233,1,1
room_0669,train,0,2.925,0,0.217,1,6
room_0669,train,1,4.198,0,0.181,1,6
room_0669,train,2,3.245,0,0.18,1,6
room_0669,train,3,4.215,1,0.167,1,6
room_0669,train,4,4.759,0,0.178,1,6
room_0669,train,5,4.168,1,0.182,1,6
room_0669,train,6,9.602,1,0.777,1,6
room_0669,train,7,4.139,0,0.146,1,6
room_0669,train,8,3.969,0,0.211,1,6
room_0669,train,9,4.131,1,0.143,1,6
room_0669,train,10,3.709,0,0.169,1,6
room_0669,train,11,4.578,1,0.155,1,6
room_0669,train,12,3.946,0,0.279,1,6
room_0670,train,0,3.884,0,0.15,1,10
room_0670,train,1,4.758,0,0.095,1,10
room_0670,train,2,4.575,0,0.164,1,10
room_0670,train,3,4.138,0,0.177,1,10
room_0670,train,4,4.746,0,0.28,1,10
room_0670,train,5,5.195,0,0.245,1,10
room_0670,train,6,3.478,0,0.239,1,10
room_0670,train,7,4.622,0,0.209,1,10
room_0670,train,8,3.604,0,0.207,1,10
room_0670,train,9,4.175,0,0.195,1,10
room_0670,train,10,9.514,1,0.897,1,10
room_0670,train,11,5.04,0,0.181,1,10
room_0670,train,12,3.607,0,0.146,1,10
room_0670,train,13,3.742,0,0.192,1,10
room_0670,train,14,3.999,0,0.217,1,10
room_0670,train,15,4.51,0,0.211,1,10
room_0671,train,0,4.451,0,0.295,1,9
room_0671,train,1,4.138,0,0.166,1,9
room_0671,train,2,4.457,0,0.07,1,9
room_0671,train,3,3.673,0,0.216,1,9
room_0671,train,4,4.154,1,0.174,1,9
room_0671,train,5,3.138,0,0.217,1,9
room_0671,train,6,4.434,0,0.253,1,9
room_0671,train,7,3.649,0,0.174,1,9
room_0671,train,8,4.225,0,0.217,1,9
room_0671,train,9,9.849,1,0.764,1,9
room_0671,train,10,3.53,0,0.151,1,9
room_0671,train,11,4.872,0,0.189,1,9
room_0671,train,12,3.478,0,0.2,1,9
room_0671,train,13,4.65,1,0.249,1,9
room_0671,train,14,4.776,0,0.099,1,9
room_0672,train,0,3.874,0,0.286,1,2
room_0672,train,1,3.786,0,0.087,1,2
room_0672,train,2,10.524,1,0.746,1,2
room_0672,train,3,3.756,0,0.213,1,2
room_0672,train,4,4.315,0,0.197,1,2
room_0672,train,5,3.525,1,0.231,1,2
room_0672,train,6,4.072,0,0.184,1,2
room_0672,train,7,4.211,0,0.14,1,2
room_0672,train,8,4.948,0,0.171,1,2
room_0672,train,9,4.263,0,0.272,1,2
room_0673,train,0,4.489,0,0.195,1,7
room_0673,train,1,3.758,0,0.192,1,7
room_0673,train,2,3.989,0,0.138,1,7
room_0673,train,3,4.456,0,0.24,1,7
room_0673,train,4,5.026,0,0.185,1,7
room_0673,train,5,4.307,0,0.144,1,7
room_0673,train,6,3.58,0,0.253,1,7
room_0673,train,7,10.591,1,0.754,1,7
room_0673,train,8,4.452,0,0.121,1,7
room_0673,train,9,2.982,0,0.209,1,7
room_0673,train,10,4.145,0,0.202,1,7
room_0673,train,11,4.054,0,0.176,1,7
room_0673,train,12,3.715,0,0.232,1,7
room_0673,train,13,4.509,0,0.276,1,7
room_0673,train,14,3.866,1,0.216,1,7
room_0673,train,15,3.631,0,0.256,1,7
room_0674,train,0,3.904,0,0.134,1,1
room_0674,train,1,9.174,1,0.799,1,1
room_0674,train,2,4.255,0,0.167,1,1
room_0674,train,3,4.546,0,0.262,1,1
room_0674,train,4,3.547,0,0.163,1,1
room_0674,train,5,4.141,0,0.21,1,1
room_0674,train,6,3.812,0,0.3,1,1
room_0674,train,7,3.67,0,0.185,1,1
room_0675,test,0,3.739,0,0.174,0,-1
room_0675,test,1,10.43,0,0.213,0,-1
room_0675,test,2,3.171,0,0.186,0,-1
room_0675,test,3,3.739,0,0.216,0,-1
room_0675,test,4,4.616,0,0.228,0,-1
room_0675,test,5,3.57,0,0.207,0,-1
room_0675,test,6,3.909,0,0.164,0,-1
room_0675,test,7,3.457,0,0.209,0,-1
room_0676,test,0,3.518,1,0.169,0,-1
room_0676,test,1,4.319,0,0.17,0,-1
room_0676,test,2,3.585,0,0.19,0,-1
room_0676,test,3,3.737,1,0.777,0,-1
room_0676,test,4,4.132,0,0.229,0,-1
room_0676,test,5,3.976,0,0.231,0,-1
room_0676,test,6,3.773,0,0.119,0,-1
room_0676,test,7,4.095,0,0.191,0,-1
room_0677,train,0,4.019,0,0.235,0,-1
room_0677,train,1,4.032,0,0.173,0,-1
room_0677,train,2,4.198,0,0.142,0,-1
room_0677,train,3,3.659,0,0.205,0,-1
room_0677,train,4,3.013,0,0.172,0,-1
room_0677,train,5,4.05,0,0.129,0,-1
room_0677,train,6,3.669,0,0.208,0,-1
room_0677,train,7,3.839,0,0.136,0,-1
room_0677,train,8,4.302,0,0.193,0,-1
room_0677,train,9,4.382,0,0.244,0,-1
room_0677,train,10,4.636,0,0.174,0,-1
room_0677,train,11,4.101,0,0.244,0,-1
room_0678,train,0,4.097,1,0.217,1,1
room_0678,train,1,9.539,1,0.87,1,1
room_0678,train,2,4.211,0,0.168,1,1
room_0678,train,3,4.302,0,0.134,1,1
room_0678,train,4,3.691,0,0.17,1,1
room_0678,train,5,4.068,0,0.298,1,1
room_0678,train,6,3.942,0,0.188,1,1
room_0678,train,7,4.944,1,0.139,1,1
room_0678,train,8,4.226,0,0.134,1,1
room_0678,train,9,4.269,0,0.256,1,1
room_0678,train,10,3.384,0,0.193,1,1
room_0678,train,11,4.033,0,0.169,1,1
room_0678,train,12,3.645,0,0.273,1,1
room_0678,train,13,4.099,0,0.238,1,1
room_0679,train,0,4.32,0,0.219,0,-1
room_0679,train,1,4.168,1,0.857,0,-1
room_0679,train,2,3.426,0,0.192,0,-1
room_0679,train,3,4.402,0,0.243,0,-1
room_0679,train,4,3.49,0,0.225,0,-1
room_0679,train,5,4.079,0,0.155,0,-1
room_0679,train,6,3.692,0,0.214,0,-1
room_0679,train,7,3.905,0,0.178,0,-1
room_0679,train,8,4.204,0,0.271,0,-1
room_0679,train,9,4.88,0,0.257,0,-1
room_0679,train,10,3.494,1,0.199,0,-1
room_0679,train,11,3.14,0,0.276,0,-1
room_0679,train,12,3.73,0,0.225,0,-1
room_0680,train,0,3.745,0,0.181,0,-1
room_0680,train,1,4.329,0,0.176,0,-1
room_0680,train,2,4.121,0,0.234,0,-1
room_0680,train,3,3.751,0,0.277,0,-1
room_0680,train,4,3.724,0,0.186,0,-1
room_0680,train,5,3.605,0,0.164,0,-1
room_0680,train,6,3.967,0,0.234,0,-1
room_0680,train,7,3.629,0,0.252,0,-1
room_0680,train,8,4.453,0,0.207,0,-1
room_0680,train,9,5.041,0,0.201,0,-1
room_0680,train,10,3.809,0,0.236,0,-1
room_0680,train,11,4.503,0,0.257,0,-1
room_0680,train,12,3.388,0,0.178,0,-1
room_0680,train,13,3.94,0,0.208,0,-1
room_0681,train,0,3.708,0,0.224,1,1
room_0681,train,1,10.314,1,0.847,1,1
room_0681,train,2,3.61,0,0.117,1,1
room_0681,train,3,4.57,0,0.148,1,1
room_0681,train,4,4.461,0,0.263,1,1
room_0681,train,5,3.813,0,0.228,1,1
room_0681,train,6,4.677,0,0.091,1,1
room_0681,train,7,3.891,0,0.193,1,1
room_0681,train,8,3.936,0,0.164,1,1
room_0681,train,9,3.92,0,0.179,1,1
room_0682,train,0,3.71,0,0.254,0,-1
room_0682,train,1,4.02,0,0.22,0,-1
room_0682,train,2,3.774,0,0.167,0,-1
room_0682,train,3,4.03,0,0.128,0,-1
room_0682,train,4,3.542,0,0.23,0,-1
room_0682,train,5,4.0,0,0.159,0,-1
room_0682,train,6,3.998,0,0.191,0,-1
room_0682,train,7,4.932,0,0.259,0,-1
room_0682,train,8,3.883,0,0.2,0,-1
room_0682,train,9,3.976,0,0.253,0,-1
room_0682,train,10,4.293,1,0.95,0,-1
room_0682,train,11,4.357,0,0.193,0,-1
room_0682,train,12,4.653,0,0.15,0,-1
room_0682,train,13,3.902,0,0.232,0,-1
room_0682,train,14,3.905,0,0.256,0,-1
room_0682,train,15,4.06,0,0.223,0,-1
room_0682,train,16,4.618,0,0.234,0,-1
room_0682,train,17,3.867,0,0.119,0,-1
room_0683,train,0,4.272,0,0.173,0,-1
room_0683,train,1,4.237,0,0.19,0,-1
room_0683,train,2,3.44,0,0.202,0,-1
room_0683,train,3,4.435,0,0.191,0,-1
room_0683,train,4,3.721,0,0.274,0,-1
room_0683,train,5,4.083,0,0.248,0,-1
room_0683,train,6,4.221,0,0.231,0,-1
room_0683,train,7,3.82,0,0.169,0,-1
room_0684,train,0,4.374,0,0.204,0,-1
room_0684,train,1,3.706,1,0.119,0,-1
room_0684,train,2,4.274,0,0.18,0,-1
room_0684,train,3,4.02,0,0.132,0,-1
room_0684,train,4,3.506,0,0.243,0,-1
room_0684,train,5,3.92,0,0.259,0,-1
room_0684,train,6,3.948,0,0.237,0,-1
room_0684,train,7,10.927,0,0.223,0,-1
room_0684,train,8,4.702,0,0.179,0,-1
room_0684,train,9,3.605,0,0.171,0,-1
room_0684,train,10,4.056,0,0.182,0,-1
room_0684,train,11,3.883,0,0.207,0,-1
room_0684,train,12,4.235,0,0.285,0,-1
room_0684,train,13,3.994,0,0.189,0,-1
room_0684,train,14,4.259,0,0.202,0,-1
room_0684,train,15,3.939,0,0.228,0,-1
room_0684,train,16,5.159,0,0.17,0,-1
room_0684,train,17,3.825,0,0.212,0,-1
room_0685,train,0,3.422,0,0.225,0,-1
room_0685,train,1,4.407,0,0.217,0,-1
room_0685,train,2,4.267,0,0.24,0,-1
room_0685,train,3,4.286,1,0.177,0,-1
room_0685,train,4,3.747,1,0.157,0,-1
room_0685,train,5,3.783,0,0.21,0,-1
room_0685,train,6,3.787,1,0.876,0,-1
room_0685,train,7,4.009,0,0.279,0,-1
room_0685,train,8,3.513,0,0.163,0,-1
room_0685,train,9,3.851,0,0.246,0,-1
room_0685,train,10,3.801,1,0.263,0,-1
room_0685,train,11,4.077,0,0.239,0,-1
room_0685,train,12,3.934,0,0.145,0,-1
room_0686,train,0,4.515,0,0.149,0,-1
room_0686,train,1,3.7,0,0.166,0,-1
room_0686,train,2,4.95,0,0.163,0,-1
room_0686,train,3,4.574,1,0.175,0,-1
room_0686,train,4,2.883,0,0.163,0,-1
room_0686,train,5,4.163,1,0.229,0,-1
room_0686,train,6,4.554,1,0.173,0,-1
room_0686,train,7,4.334,0,0.201,0,-1
room_0686,train,8,4.016,0,0.166,0,-1
room_0686,train,9,4.219,0,0.089,0,-1
room_0686,train,10,4.301,0,0.228,0,-1
room_0687,test,0,3.681,1,0.27,1,11
room_0687,test,1,2.814,1,0.283,1,11
room_0687,test,2,3.86,0,0.3,1,11
room_0687,test,3,4.111,0,0.227,1,11
room_0687,test,4,4.677,0,0.207,1,11
room_0687,test,5,3.979,0,0.171,1,11
room_0687,test,6,3.558,0,0.163,1,11
room_0687,test,7,4.331,1,0.235,1,11
room_0687,test,8,3.895,0,0.124,1,11
room_0687,test,9,3.524,0,0.154,1,11
room_0687,test,10,4.379,0,0.214,1,11
room_0687,test,11,9.521,1,0.931,1,11
room_0687,test,12,3.455,1,0.229,1,11
room_0687,test,13,4.251,0,0.153,1,11
room_0687,test,14,3.405,0,0.182,1,11
room_0687,test,15,3.364,0,0.261,1,11
room_0687,test,16,3.947,0,0.275,1,11
room_0687,test,17,4.314,0,0.183,1,11
room_0688,train,0,3.431,0,0.253,1,5
room_0688,train,1,4.332,0,0.146,1,5
room_0688,train,2,3.942,0,0.246,1,5
room_0688,train,3,4.498,0,0.155,1,5
room_0688,train,4,3.959,0,0.173,1,5
room_0688,train,5,9.946,1,0.932,1,5
room_0688,train,6,3.279,0,0.264,1,5
room_0688,train,7,4.377,0,0.16,1,5
room_0688,train,8,3.48,0,0.144,1,5
room_0688,train,9,5.553,0,0.128,1,5
room_0688,train,10,4.373,0,0.092,1,5
room_0688,train,11,4.31,0,0.168,1,5
room_0688,train,12,4.068,0,0.208,1,5
room_0688,train,13,4.451,1,0.191,1,5
room_0688,train,14,3.838,0,0.251,1,5
room_0688,train,15,3.716,0,0.273,1,5
room_0689,train,0,4.107,0,0.252,0,-1
room_0689,train,1,4.484,0,0.291,0,-1
room_0689,train,2,3.694,0,0.179,0,-1
room_0689,train,3,5.108,0,0.236,0,-1
room_0689,train,4,3.117,0,0.227,0,-1
room_0689,train,5,3.768,0,0.197,0,-1
room_0689,train,6,4.255,0,0.177,0,-1
room_0689,train,7,3.231,0,0.18,0,-1
room_0689,train,8,4.597,0,0.189,0,-1
room_0689,train,9,3.175,0,0.196,0,-1
room_0689,train,10,4.528,0,0.146,0,-1
room_0689,train,11,3.945,0,0.184,0,-1
room_0689,train,12,4.134,0,0.137,0,-1
room_0690,train,0,4.133,0,0.174,0,-1
room_0690,train,1,3.276,0,0.146,0,-1
room_0690,train,2,3.994,0,0.176,0,-1
room_0690,train,3,4.059,0,0.205,0,-1
room_0690,train,4,3.643,1,0.121,0,-1
room_0690,train,5,3.73,0,0.252,0,-1
room_0690,train,6,4.059,0,0.298,0,-1
room_0690,train,7,3.856,0,0.206,0,-1
room_0690,train,8,3.447,0,0.206,0,-1
room_0690,train,9,4.092,0,0.223,0,-1
room_0690,train,10,4.426,0,0.168,0,-1
room_0690,train,11,3.506,0,0.174,0,-1
room_0690,train,12,10.31,0,0.237,0,-1
room_0690,train,13,3.988,0,0.261,0,-1
room_0690,train,14,4.141,0,0.318,0,-1
room_0690,train,15,4.166,0,0.168,0,-1
room_0690,train,16,3.676,0,0.227,0,-1
room_0691,train,0,3.69,0,0.186,0,-1
room_0691,train,1,4.114,0,0.171,0,-1
room_0691,train,2,3.736,0,0.195,0,-1
room_0691,train,3,4.402,0,0.19,0,-1
room_0691,train,4,3.703,0,0.143,0,-1
room_0691,train,5,4.363,0,0.146,0,-1
room_0691,train,6,4.329,0,0.189,0,-1
room_0691,train,7,4.447,1,0.902,0,-1
room_0691,train,8,4.202,0,0.175,0,-1
room_0691,train,9,3.248,0,0.134,0,-1
room_0691,train,10,4.183,0,0.192,0,-1
room_0691,train,11,3.249,0,0.214,0,-1
room_0691,train,12,4.05,0,0.196,0,-1
room_0692,train,0,3.611,0,0.108,0,-1
room_0692,train,1,4.032,0,0.192,0,-1
room_0692,train,2,4.172,0,0.201,0,-1
room_0692,train,3,4.729,0,0.219,0,-1
room_0692,train,4,4.359,0,0.226,0,-1
room_0692,train,5,4.564,0,0.244,0,-1
room_0692,train,6,3.765,0,0.245,0,-1
room_0692,train,7,4.423,0,0.265,0,-1
room_0692,train,8,3.79,0,0.263,0,-1
room_0692,train,9,4.218,0,0.255,0,-1
room_0692,train,10,4.469,0,0.153,0,-1
room_0692,train,11,4.284,0,0.233,0,-1
room_0693,train,0,4.524,0,0.205,1,1
room_0693,train,1,9.47,1,0.837,1,1
room_0693,train,2,3.147,1,0.216,1,1
room_0693,train,3,4.436,0,0.147,1,1
room_0693,train,4,3.413,0,0.255,1,1
room_0693,train,5,3.963,1,0.143,1,1
room_0693,train,6,3.319,0,0.167,1,1
room_0693,train,7,4.13,0,0.177,1,1
room_0694,train,0,4.784,0,0.241,0,-1
room_0694,train,1,3.239,0,0.236,0,-1
room_0694,train,2,4.426,0,0.271,0,-1
room_0694,train,3,4.099,0,0.235,0,-1
room_0694,train,4,3.274,0,0.134,0,-1
room_0694,train,5,3.324,0,0.189,0,-1
room_0694,train,6,4.781,0,0.236,0,-1
room_0694,train,7,4.409,0,0.118,0,-1
room_0694,train,8,3.234,0,0.071,0,-1
room_0694,train,9,4.075,1,0.794,0,-1
room_0694,train,10,3.881,0,0.266,0,-1
room_0694,train,11,3.859,0,0.173,0,-1
room_0694,train,12,4.042,0,0.114,0,-1
room_0694,train,13,3.965,0,0.247,0,-1
room_0694,train,14,3.837,0,0.173,0,-1
room_0694,train,15,4.305,0,0.261,0,-1
room_0694,train,16,3.71,0,0.254,0,-1
room_0694,train,17,4.191,0,0.195,0,-1
room_0695,train,0,4.253,0,0.267,1,11
room_0695,train,1,3.555,0,0.134,1,11
room_0695,train,2,3.74,0,0.24,1,11
room_0695,train,3,4.528,0,0.178,1,11
room_0695,train,4,4.721,0,0.179,1,11
room_0695,train,5,4.577,0,0.208,1,11
room_0695,train,6,4.413,0,0.253,1,11
room_0695,train,7,3.826,0,0.211,1,11
room_0695,train,8,4.161,0,0.187,1,11
room_0695,train,9,3.173,0,0.194,1,11
room_0695,train,10,3.843,0,0.176,1,11
room_0695,train,11,10.863,1,0.806,1,11
room_0695,train,12,4.017,0,0.244,1,11
room_0695,train,13,3.882,0,0.182,1,11
room_0695,train,14,4.371,0,0.168,1,11
room_0695,train,15,4.125,0,0.201,1,11
room_0695,train,16,3.835,0,0.221,1,11
room_0695,train,17,3.905,0,0.161,1,11
room_0696,train,0,4.124,0,0.134,1,1
room_0696,train,1,9.593,1,0.89,1,1
room_0696,train,2,4.108,0,0.211,1,1
room_0696,train,3,3.997,0,0.11,1,1
room_0696,train,4,4.356,0,0.154,1,1
room_0696,train,5,4.006,0,0.147,1,1
room_0696,train,6,4.454,0,0.204,1,1
room_0696,train,7,4.299,0,0.247,1,1
room_0696,train,8,3.794,0,0.134,1,1
room_0696,train,9,3.328,0,0.175,1,1
room_0696,train,10,4.823,0,0.206,1,1
room_0697,train,0,4.136,0,0.167,0,-1
room_0697,train,1,4.584,0,0.168,0,-1
room_0697,train,2,4.286,1,0.743,0,-1
room_0697,train,3,4.377,0,0.21,0,-1
room_0697,train,4,4.07,0,0.242,0,-1
room_0697,train,5,4.095,0,0.161,0,-1
room_0697,train,6,4.659,0,0.232,0,-1
room_0697,train,7,3.167,0,0.356,0,-1
room_0698,train,0,3.939,0,0.126,1,11
room_0698,train,1,3.725,0,0.201,1,11
room_0698,train,2,4.299,0,0.19,1,11
room_0698,train,3,4.045,0,0.212,1,11
room_0698,train,4,4.267,0,0.235,1,11
room_0698,train,5,3.837,0,0.109,1,11
room_0698,train,6,4.026,0,0.102,1,11
room_0698,train,7,3.802,0,0.166,1,11
room_0698,train,8,4.491,0,0.263,1,11
room_0698,train,9,3.491,1,0.174,1,11
room_0698,train,10,4.225,1,0.218,1,11
room_0698,train,11,10.582,1,0.775,1,11
room_0698,train,12,3.866,0,0.186,1,11
room_0698,train,13,3.977,0,0.203,1,11
room_0698,train,14,4.159,0,0.141,1,11
room_0698,train,15,3.594,0,0.125,1,11
room_0698,train,16,3.635,0,0.183,1,11
room_0699,train,0,3.662,1,0.191,1,6
room_0699,train,1,4.504,0,0.254,1,6
room_0699,train,2,3.676,0,0.194,1,6
room_0699,train,3,3.835,0,0.205,1,6
room_0699,train,4,4.309,0,0.201,1,6
room_0699,train,5,4.132,0,0.157,1,6
room_0699,train,6,9.245,1,0.851,1,6
room_0699,train,7,4.3,0,0.179,1,6
room_0699,train,8,4.346,0,0.155,1,6
room_0699,train,9,3.787,1,0.15,1,6
room_0699,train,10,3.859,0,0.271,1,6
room_0699,train,11,4.177,0,0.122,1,6
room_0699,train,12,4.554,0,0.16,1,6
room_0699,train,13,3.902,0,0.206,1,6
room_0699,train,14,3.644,0,0.283,1,6
room_0699,train,15,4.362,0,0.191,1,6
room_0700,train,0,4.172,0,0.209,0,-1
room_0700,train,1,4.605,0,0.232,0,-1
room_0700,train,2,3.003,0,0.228,0,-1
room_0700,train,3,4.329,1,0.919,0,-1
room_0700,train,4,3.505,0,0.288,0,-1
room_0700,train,5,3.841,0,0.202,0,-1
room_0700,train,6,3.634,0,0.184,0,-1
room_0700,train,7,3.751,0,0.176,0,-1
room_0701,train,0,3.309,0,0.233,1,3
room_0701,train,1,3.081,0,0.205,1,3
room_0701,train,2,4.766,0,0.216,1,3
room_0701,train,3,10.615,1,0.774,1,3
room_0701,train,4,4.27,0,0.209,1,3
room_0701,train,5,4.145,0,0.256,1,3
room_0701,train,6,3.852,0,0.249,1,3
room_0701,train,7,3.711,1,0.268,1,3
room_0701,train,8,3.74,0,0.21,1,3
room_0702,train,0,4.89,0,0.237,0,-1
room_0702,train,1,3.451,0,0.286,0,-1
room_0702,train,2,3.737,0,0.248,0,-1
room_0702,train,3,3.832,0,0.209,0,-1
room_0702,train,4,3.631,0,0.208,0,-1
room_0702,train,5,3.468,0,0.136,0,-1
room_0702,train,6,4.062,0,0.151,0,-1
room_0702,train,7,4.716,0,0.111,0,-1
room_0702,train,8,4.376,0,0.229,0,-1
room_0702,train,9,3.516,0,0.198,0,-1
room_0702,train,10,3.701,0,0.287,0,-1
room_0702,train,11,3.492,0,0.158,0,-1
room_0702,train,12,4.021,0,0.231,0,-1
room_0702,train,13,3.904,0,0.183,0,-1
room_0702,train,14,3.687,0,0.236,0,-1
room_0702,train,15,3.418,0,0.18,0,-1
room_0702,train,16,10.475,0,0.217,0,-1
room_0702,train,17,2.874,0,0.205,0,-1
room_0703,train,0,3.867,1,0.251,0,-1
room_0703,train,1,3.185,0,0.2,0,-1
room_0703,train,2,4.29,1,0.202,0,-1
room_0703,train,3,4.834,0,0.193,0,-1
room_0703,train,4,4.905,1,0.159,0,-1
room_0703,train,5,4.42,1,0.879,0,-1
room_0703,train,6,3.817,0,0.163,0,-1
room_0703,train,7,4.497,0,0.247,0,-1
room_0703,train,8,3.612,0,0.201,0,-1
room_0704,train,0,3.768,0,0.203,0,-1
room_0704,train,1,4.426,0,0.236,0,-1
room_0704,train,2,3.911,0,0.213,0,-1
room_0704,train,3,4.095,1,0.232,0,-1
room_0704,train,4,4.626,0,0.167,0,-1
room_0704,train,5,4.823,0,0.211,0,-1
room_0704,train,6,4.035,0,0.104,0,-1
room_0704,train,7,4.545,0,0.225,0,-1
room_0704,train,8,4.711,0,0.263,0,-1
room_0704,train,9,3.832,0,0.217,0,-1
room_0704,train,10,3.746,0,0.179,0,-1
room_0704,train,11,4.361,0,0.132,0,-1
room_0704,train,12,4.182,0,0.197,0,-1
room_0704,train,13,3.795,0,0.226,0,-1
room_0704,train,14,3.77,0,0.176,0,-1
room_0704,train,15,4.653,1,0.186,0,-1
room_0704,train,16,3.863,0,0.191,0,-1
room_0705,train,0,3.826,0,0.187,1,7
room_0705,train,1,3.625,0,0.213,1,7
room_0705,train,2,4.462,0,0.174,1,7
room_0705,train,3,3.867,0,0.148,1,7
room_0705,train,4,4.009,0,0.235,1,7
room_0705,train,5,4.105,0,0.228,1,7
room_0705,train,6,3.934,1,0.157,1,7
room_0705,train,7,10.373,1,0.817,1,7
room_0705,train,8,4.377,0,0.173,1,7
room_0705,train,9,3.908,0,0.193,1,7
room_0705,train,10,3.814,0,0.245,1,7
room_0706,train,0,4.099,0,0.19,1,1
room_0706,train,1,9.044,1,0.849,1,1
room_0706,train,2,3.832,0,0.188,1,1
room_0706,train,3,3.554,0,0.143,1,1
room_0706,train,4,3.82,0,0.226,1,1
room_0706,train,5,4.425,0,0.18,1,1
room_0706,train,6,4.182,0,0.127,1,1
room_0706,train,7,3.485,0,0.243,1,1
room_0707,train,0,3.871,0,0.277,1,8
room_0707,train,1,3.367,0,0.21,1,8
room_0707,train,2,4.563,0,0.251,1,8
room_0707,train,3,3.931,0,0.13,1,8
room_0707,train,4,3.621,0,0.16,1,8
room_0707,train,5,4.4,0,0.235,1,8
room_0707,train,6,4.21,0,0.159,1,8
room_0707,train,7,3.94,0,0.123,1,8
room_0707,train,8,10.623,1,0.789,1,8
room_0707,train,9,3.949,1,0.167,1,8
room_0707,train,10,3.786,0,0.202,1,8
room_0707,train,11,4.587,0,0.209,1,8
room_0707,train,12,3.708,0,0.252,1,8
room_0708,train,0,4.412,0,0.259,1,4
room_0708,train,1,4.558,0,0.245,1,4
room_0708,train,2,4.357,0,0.09,1,4
room_0708,train,3,3.493,0,0.179,1,4
room_0708,train,4,10.439,1,0.806,1,4
room_0708,train,5,3.818,1,0.264,1,4
room_0708,train,6,3.769,0,0.175,1,4
room_0708,train,7,4.108,0,0.133,1,4
room_0708,train,8,4.067,0,0.25,1,4
room_0708,train,9,4.424,0,0.258,1,4
room_0709,test,0,4.212,0,0.148,0,-1
room_0709,test,1,4.298,0,0.142,0,-1
room_0709,test,2,4.458,1,0.757,0,-1
room_0709,test,3,3.468,0,0.312,0,-1
room_0709,test,4,3.818,0,0.242,0,-1
room_0709,test,5,3.508,0,0.183,0,-1
room_0709,test,6,4.455,0,0.146,0,-1
room_0709,test,7,3.918,0,0.181,0,-1
room_0709,test,8,4.125,0,0.229,0,-1
room_0709,test,9,3.693,1,0.144,0,-1
room_0709,test,10,4.426,0,0.173,0,-1
room_0709,test,11,3.794,0,0.245,0,-1
room_0709,test,12,4.302,0,0.215,0,-1
room_0709,test,13,4.14,0,0.183,0,-1
room_0709,test,14,3.566,0,0.194,0,-1
room_0710,test,0,2.857,0,0.2,1,6
room_0710,test,1,3.972,0,0.142,1,6
room_0710,test,2,4.013,0,0.21,1,6
room_0710,test,3,5.498,0,0.16,1,6
room_0710,test,4,4.728,0,0.123,1,6
room_0710,test,5,4.755,1,0.151,1,6
room_0710,test,6,9.532,1,0.801,1,6
room_0710,test,7,4.441,0,0.195,1,6
room_0710,test,8,4.022,0,0.268,1,6
room_0710,test,9,3.795,0,0.187,1,6
room_0710,test,10,3.186,0,0.124,1,6
room_0711,test,0,3.321,1,0.178,0,-1
room_0711,test,1,9.082,0,0.176,0,-1
room_0711,test,2,3.512,0,0.198,0,-1
room_0711,test,3,4.447,0,0.125,0,-1
room_0711,test,4,3.551,0,0.299,0,-1
room_0711,test,5,3.461,0,0.11,0,-1
room_0711,test,6,3.977,0,0.134,0,-1
room_0711,test,7,3.694,0,0.177,0,-1
room_0711,test,8,4.021,0,0.259,0,-1
room_0711,test,9,4.154,0,0.166,0,-1
room_0711,test,10,4.172,0,0.183,0,-1
room_0711,test,11,4.686,0,0.26,0,-1
room_0711,test,12,4.273,0,0.198,0,-1
room_0711,test,13,4.407,0,0.12,0,-1
room_0712,train,0,3.556,1,0.241,1,2
room_0712,train,1,4.076,0,0.195,1,2
room_0712,train,2,9.284,1,0.916,1,2
room_0712,train,3,3.813,0,0.15,1,2
room_0712,train,4,3.412,0,0.197,1,2
room_0712,train,5,2.99,0,0.185,1,2
room_0712,train,6,4.848,0,0.227,1,2
room_0712,train,7,4.817,0,0.164,1,2
room_0713,train,0,4.235,0,0.148,0,-1
room_0713,train,1,3.513,0,0.166,0,-1
room_0713,train,2,4.565,0,0.223,0,-1
room_0713,train,3,3.826,0,0.215,0,-1
room_0713,train,4,3.029,0,0.158,0,-1
room_0713,train,5,4.819,0,0.168,0,-1
room_0713,train,6,3.833,0,0.266,0,-1
room_0713,train,7,4.161,0,0.175,0,-1
room_0713,train,8,3.346,0,0.218,0,-1
room_0713,train,9,3.614,0,0.149,0,-1
room_0713,train,10,3.792,0,0.272,0,-1
room_0713,train,11,4.12,0,0.15,0,-1
room_0713,train,12,3.54,0,0.186,0,-1
room_0713,train,13,3.401,0,0.144,0,-1
room_0713,train,14,4.169,0,0.221,0,-1
room_0713,train,15,3.301,0,0.204,0,-1
room_0713,train,16,4.933,0,0.191,0,-1
room_0714,train,0,3.968,0,0.18,0,-1
room_0714,train,1,4.5,0,0.159,0,-1
room_0714,train,2,4.154,0,0.262,0,-1
room_0714,train,3,4.617,0,0.226,0,-1
room_0714,train,4,4.631,1,0.213,0,-1
room_0714,train,5,9.567,0,0.205,0,-1
room_0714,train,6,3.945,0,0.248,0,-1
room_0714,train,7,3.73,1,0.147,0,-1
room_0714,train,8,3.82,0,0.204,0,-1
room_0714,train,9,3.989,0,0.306,0,-1
room_0714,train,10,4.344,0,0.107,0,-1
room_0714,train,11,3.703,0,0.171,0,-1
room_0714,train,12,3.763,0,0.147,0,-1
room_0714,train,13,3.796,0,0.179,0,-1
room_0714,train,14,4.06,0,0.215,0,-1
room_0715,train,0,3.511,0,0.204,0,-1
room_0715,train,1,2.863,0,0.15,0,-1
room_0715,train,2,3.991,0,0.316,0,-1
room_0715,train,3,3.78,0,0.158,0,-1
room_0715,train,4,4.016,1,0.826,0,-1
room_0715,train,5,4.23,1,0.188,0,-1
room_0715,train,6,3.457,1,0.225,0,-1
room_0715,train,7,3.868,0,0.159,0,-1
room_0715,train,8,4.086,0,0.209,0,-1
room_0715,train,9,3.065,0,0.314,0,-1
room_0716,train,0,4.214,0,0.263,0,-1
room_0716,train,1,4.681,0,0.262,0,-1
room_0716,train,2,3.083,1,0.225,0,-1
room_0716,train,3,3.772,0,0.249,0,-1
room_0716,train,4,4.212,0,0.202,0,-1
room_0716,train,5,4.58,0,0.241,0,-1
room_0716,train,6,4.34,0,0.156,0,-1
room_0716,train,7,3.815,1,0.189,0,-1
room_0716,train,8,3.447,0,0.239,0,-1
room_0717,test,0,3.53,0,0.138,0,-1
room_0717,test,1,10.555,0,0.195,0,-1
room_0717,test,2,4.116,0,0.2,0,-1
room_0717,test,3,4.119,0,0.232,0,-1
room_0717,test,4,4.04,0,0.157,0,-1
room_0717,test,5,3.878,0,0.159,0,-1
room_0717,test,6,3.742,0,0.255,0,-1
room_0717,test,7,4.204,0,0.15,0,-1
room_0717,test,8,3.601,0,0.211,0,-1
room_0717,test,9,3.672,0,0.185,0,-1
room_0717,test,10,4.398,0,0.196,0,-1
room_0717,test,11,3.903,0,0.218,0,-1
room_0717,test,12,3.019,0,0.188,0,-1
room_0717,test,13,4.1,0,0.22,0,-1
room_0717,test,14,4.425,0,0.117,0,-1
room_0718,test,0,4.853,0,0.214,0,-1
room_0718,test,1,3.887,0,0.172,0,-1
room_0718,test,2,3.707,0,0.194,0,-1
room_0718,test,3,3.941,0,0.255,0,-1
room_0718,test,4,4.243,0,0.133,0,-1
room_0718,test,5,3.347,0,0.238,0,-1
room_0718,test,6,3.992,0,0.168,0,-1
room_0718,test,7,3.555,0,0.14,0,-1
room_0718,test,8,3.334,0,0.169,0,-1
room_0718,test,9,4.423,0,0.245,0,-1
room_0718,test,10,4.059,0,0.216,0,-1
room_0718,test,11,4.057,1,0.884,0,-1
room_0718,test,12,4.569,1,0.169,0,-1
room_0718,test,13,3.505,0,0.25,0,-1
room_0718,test,14,3.78,1,0.179,0,-1
room_0719,test,0,3.658,0,0.127,1,4
room_0719,test,1,4.289,0,0.218,1,4
room_0719,test,2,4.026,0,0.192,1,4
room_0719,test,3,4.639,1,0.17,1,4
room_0719,test,4,10.633,1,0.907,1,4
room_0719,test,5,3.558,0,0.17,1,4
room_0719,test,6,4.062,0,0.175,1,4
room_0719,test,7,3.815,0,0.176,1,4
room_0719,test,8,4.153,0,0.223,1,4
room_0720,train,0,3.609,0,0.234,1,2
room_0720,train,1,3.814,0,0.159,1,2
room_0720,train,2,9.443,1,0.768,1,2
room_0720,train,3,3.552,0,0.271,1,2
room_0720,train,4,3.303,1,0.207,1,2
room_0720,train,5,4.543,0,0.179,1,2
room_0720,train,6,3.68,0,0.095,1,2
room_0720,train,7,3.918,0,0.241,1,2
room_0720,train,8,3.908,0,0.23,1,2
room_0720,train,9,5.162,0,0.152,1,2
room_0721,test,0,3.821,0,0.154,0,-1
room_0721,test,1,4.317,0,0.265,0,-1
room_0721,test,2,3.452,0,0.253,0,-1
room_0721,test,3,3.441,0,0.281,0,-1
room_0721,test,4,3.715,1,0.95,0,-1
room_0721,test,5,4.623,0,0.126,0,-1
room_0721,test,6,3.818,0,0.141,0,-1
room_0721,test,7,3.47,0,0.268,0,-1
room_0721,test,8,3.988,0,0.183,0,-1
room_0721,test,9,3.05,0,0.147,0,-1
room_0721,test,10,3.782,0,0.168,0,-1
room_0721,test,11,4.988,0,0.22,0,-1
room_0721,test,12,3.942,0,0.214,0,-1
room_0721,test,13,4.162,0,0.293,0,-1
room_0722,train,0,4.532,0,0.22,0,-1
room_0722,train,1,4.148,0,0.198,0,-1
room_0722,train,2,3.445,0,0.208,0,-1
room_0722,train,3,3.578,0,0.264,0,-1
room_0722,train,4,4.309,0,0.223,0,-1
room_0722,train,5,3.633,0,0.18,0,-1
room_0722,train,6,4.385,0,0.212,0,-1
room_0722,train,7,4.28,0,0.126,0,-1
room_0722,train,8,3.846,0,0.225,0,-1
room_0722,train,9,4.008,0,0.123,0,-1
room_0722,train,10,4.279,0,0.251,0,-1
room_0722,train,11,3.665,1,0.242,0,-1
room_0722,train,12,3.688,1,0.29,0,-1
room_0723,test,0,3.966,0,0.216,0,-1
room_0723,test,1,4.849,0,0.222,0,-1
room_0723,test,2,10.994,0,0.15,0,-1
room_0723,test,3,3.853,0,0.205,0,-1
room_0723,test,4,4.18,0,0.211,0,-1
room_0723,test,5,3.144,0,0.323,0,-1
room_0723,test,6,4.018,0,0.129,0,-1
room_0723,test,7,3.943,0,0.19,0,-1
room_0723,test,8,4.166,0,0.165,0,-1
room_0723,test,9,4.472,0,0.05,0,-1
room_0724,train,0,3.335,0,0.21,1,8
room_0724,train,1,4.444,0,0.208,1,8
room_0724,train,2,3.975,0,0.218,1,8
room_0724,train,3,3.901,0,0.138,1,8
room_0724,train,4,4.44,0,0.201,1,8
room_0724,train,5,3.905,0,0.22,1,8
room_0724,train,6,3.586,0,0.153,1,8
room_0724,train,7,3.956,0,0.295,1,8
room_0724,train,8,10.355,1,0.919,1,8
room_0724,train,9,4.473,0,0.14,1,8
room_0725,train,0,4.701,0,0.249,0,-1
room_0725,train,1,3.597,0,0.23,0,-1
room_0725,train,2,3.963,0,0.186,0,-1
room_0725,train,3,4.099,0,0.246,0,-1
room_0725,train,4,4.027,0,0.148,0,-1
room_0725,train,5,3.782,0,0.096,0,-1
room_0725,train,6,3.363,0,0.272,0,-1
room_0725,train,7,3.931,0,0.208,0,-1
room_0725,train,8,3.991,0,0.206,0,-1
room_0725,train,9,4.487,0,0.154,0,-1
room_0726,train,0,3.871,0,0.183,0,-1
room_0726,train,1,2.754,0,0.202,0,-1
room_0726,train,2,4.095,0,0.156,0,-1
room_0726,train,3,4.218,0,0.157,0,-1
room_0726,train,4,4.613,0,0.252,0,-1
room_0726,train,5,4.043,0,0.162,0,-1
room_0726,train,6,4.097,0,0.229,0,-1
room_0726,train,7,4.373,0,0.196,0,-1
room_0726,train,8,4.446,0,0.217,0,-1
room_0726,train,9,4.302,0,0.162,0,-1
room_0726,train,10,10.576,0,0.254,0,-1
room_0726,train,11,3.916,0,0.138,0,-1
room_0726,train,12,3.698,0,0.174,0,-1
room_0726,train,13,3.939,0,0.272,0,-1
room_0727,train,0,4.478,0,0.199,0,-1
room_0727,train,1,3.974,1,0.9,0,-1
room_0727,train,2,4.493,0,0.198,0,-1
room_0727,train,3,3.777,0,0.185,0,-1
room_0727,train,4,4.418,0,0.2,0,-1
room_0727,train,5,4.121,0,0.218,0,-1
room_0727,train,6,3.905,0,0.162,0,-1
room_0727,train,7,4.405,0,0.174,0,-1
room_0727,train,8,3.971,0,0.217,0,-1
room_0728,train,0,4.064,0,0.214,1,9
room_0728,train,1,3.568,0,0.197,1,9
room_0728,train,2,4.059,0,0.245,1,9
room_0728,train,3,4.028,0,0.145,1,9
room_0728,train,4,3.958,1,0.303,1,9
room_0728,train,5,4.437,0,0.229,1,9
room_0728,train,6,4.534,0,0.195,1,9
room_0728,train,7,4.14,0,0.261,1,9
room_0728,train,8,4.102,0,0.184,1,9
room_0728,train,9,10.102,1,0.852,1,9
room_0728,train,10,4.812,0,0.279,1,9
room_0729,train,0,4.579,0,0.16,1,5
room_0729,train,1,3.588,0,0.189,1,5
room_0729,train,2,3.044,0,0.225,1,5
room_0729,train,3,3.974,1,0.194,1,5
room_0729,train,4,3.973,0,0.202,1,5
room_0729,train,5,9.714,1,0.815,1,5
room_0729,train,6,3.532,0,0.238,1,5
room_0729,train,7,4.112,0,0.191,1,5
room_0729,train,8,5.008,0,0.188,1,5
room_0730,train,0,4.632,0,0.184,1,9
room_0730,train,1,3.86,0,0.304,1,9
room_0730,train,2,4.234,0,0.163,1,9
room_0730,train,3,4.177,0,0.146,1,9
room_0730,train,4,3.459,0,0.209,1,9
room_0730,train,5,4.306,0,0.243,1,9
room_0730,train,6,4.099,0,0.174,1,9
room_0730,train,7,3.42,0,0.229,1,9
room_0730,train,8,4.342,0,0.265,1,9
room_0730,train,9,9.941,1,0.9,1,9
room_0730,train,10,3.416,0,0.106,1,9
room_0730,train,11,4.144,0,0.147,1,9
room_0730,train,12,3.865,1,0.224,1,9
room_0730,train,13,4.325,0,0.151,1,9
room_0730,train,14,4.271,0,0.141,1,9
room_0731,train,0,3.901,0,0.178,0,-1
room_0731,train,1,4.016,0,0.21,0,-1
room_0731,train,2,3.261,0,0.179,0,-1
room_0731,train,3,3.321,0,0.208,0,-1
room_0731,train,4,4.291,0,0.145,0,-1
room_0731,train,5,3.801,0,0.265,0,-1
room_0731,train,6,3.812,0,0.178,0,-1
room_0731,train,7,4.566,0,0.218,0,-1
room_0732,train,0,3.039,0,0.142,1,6
room_0732,train,1,4.141,0,0.227,1,6
room_0732,train,2,4.52,0,0.185,1,6
room_0732,train,3,4.731,0,0.21,1,6
room_0732,train,4,3.684,0,0.197,1,6
room_0732,train,5,4.366,0,0.178,1,6
room_0732,train,6,10.777,1,0.819,1,6
room_0732,train,7,4.544,0,0.221,1,6
room_0732,train,8,4.576,0,0.229,1,6
room_0732,train,9,3.831,0,0.2,1,6
room_0732,train,10,3.93,0,0.198,1,6
room_0732,train,11,4.154,0,0.274,1,6
room_0732,train,12,4.265,1,0.226,1,6
room_0732,train,13,5.101,0,0.219,1,6
room_0732,train,14,4.236,0,0.165,1,6
room_0732,train,15,3.928,0,0.225,1,6
room_0732,train,16,3.293,0,0.157,1,6
room_0732,train,17,4.04,0,0.168,1,6
room_0733,test,0,4.45,0,0.126,0,-1
room_0733,test,1,3.915,1,0.25,0,-1
room_0733,test,2,3.331,0,0.207,0,-1
room_0733,test,3,4.264,1,0.831,0,-1
room_0733,test,4,4.149,0,0.179,0,-1
room_0733,test,5,3.963,0,0.196,0,-1
room_0733,test,6,5.052,0,0.226,0,-1
room_0733,test,7,3.476,0,0.13,0,-1
room_0734,train,0,4.589,0,0.238,1,6
room_0734,train,1,3.841,0,0.186,1,6
room_0734,train,2,4.484,0,0.3,1,6
room_0734,train,3,3.315,1,0.185,1,6
room_0734,train,4,3.664,0,0.162,1,6
room_0734,train,5,3.5,0,0.142,1,6
room_0734,train,6,9.704,1,0.74,1,6
room_0734,train,7,3.875,0,0.172,1,6
room_0734,train,8,4.871,0,0.155,1,6
room_0734,train,9,4.139,1,0.202,1,6
room_0734,train,10,4.029,1,0.198,1,6
room_0735,train,0,4.304,0,0.322,1,6
room_0735,train,1,4.005,0,0.219,1,6
room_0735,train,2,4.536,0,0.205,1,6
room_0735,train,3,3.93,0,0.227,1,6
room_0735,train,4,3.901,0,0.2,1,6
room_0735,train,5,4.172,1,0.188,1,6
room_0735,train,6,10.972,1,0.856,1,6
room_0735,train,7,4.271,0,0.165,1,6
room_0735,train,8,3.833,0,0.146,1,6
room_0736,test,0,3.719,0,0.221,0,-1
room_0736,test,1,3.828,0,0.171,0,-1
room_0736,test,2,4.098,0,0.194,0,-1
room_0736,test,3,3.91,0,0.156,0,-1
room_0736,test,4,4.7,0,0.237,0,-1
room_0736,test,5,3.406,0,0.16,0,-1
room_0736,test,6,4.043,0,0.156,0,-1
room_0736,test,7,3.702,0,0.163,0,-1
room_0736,test,8,3.86,0,0.209,0,-1
room_0736,test,9,4.365,1,0.931,0,-1
room_0736,test,10,2.727,0,0.192,0,-1
room_0736,test,11,3.774,0,0.217,0,-1
room_0736,test,12,3.462,0,0.169,0,-1
room_0736,test,13,4.129,0,0.223,0,-1
room_0736,test,14,4.541,0,0.161,0,-1
room_0736,test,15,4.03,0,0.105,0,-1
room_0736,test,16,3.245,1,0.251,0,-1
room_0736,test,17,4.052,0,0.177,0,-1
room_0737,test,0,3.553,0,0.164,1,6
room_0737,test,1,4.491,0,0.133,1,6
room_0737,test,2,4.234,0,0.162,1,6
room_0737,test,3,4.114,0,0.17,1,6
room_0737,test,4,2.759,1,0.181,1,6
room_0737,test,5,3.996,0,0.21,1,6
room_0737,test,6,10.953,1,0.732,1,6
room_0737,test,7,4.118,0,0.247,1,6
room_0737,test,8,4.228,0,0.168,1,6
room_0738,train,0,3.999,0,0.182,1,8
room_0738,train,1,3.791,0,0.13,1,8
room_0738,train,2,4.126,0,0.27,1,8
room_0738,train,3,3.804,1,0.199,1,8
room_0738,train,4,4.143,0,0.227,1,8
room_0738,train,5,4.218,0,0.236,1,8
room_0738,train,6,3.837,0,0.218,1,8
room_0738,train,7,3.157,0,0.327,1,8
room_0738,train,8,10.007,1,0.893,1,8
room_0738,train,9,3.552,0,0.212,1,8
room_0739,train,0,4.011,0,0.212,0,-1
room_0739,train,1,3.97,0,0.213,0,-1
room_0739,train,2,4.132,1,0.826,0,-1
room_0739,train,3,4.361,0,0.205,0,-1
room_0739,train,4,4.019,0,0.265,0,-1
room_0739,train,5,3.695,0,0.272,0,-1
room_0739,train,6,4.15,0,0.156,0,-1
room_0739,train,7,3.699,0,0.221,0,-1
room_0739,train,8,3.642,1,0.196,0,-1
room_0740,train,0,3.442,0,0.153,0,-1
room_0740,train,1,4.78,0,0.278,0,-1
room_0740,train,2,4.047,0,0.239,0,-1
room_0740,train,3,3.962,0,0.224,0,-1
room_0740,train,4,4.53,0,0.225,0,-1
room_0740,train,5,3.807,0,0.119,0,-1
room_0740,train,6,3.297,0,0.242,0,-1
room_0740,train,7,3.766,0,0.275,0,-1
room_0740,train,8,4.005,0,0.186,0,-1
room_0740,train,9,4.915,1,0.192,0,-1
room_0740,train,10,3.731,0,0.359,0,-1
room_0740,train,11,3.757,0,0.218,0,-1
room_0740,train,12,3.04,0,0.202,0,-1
room_0740,train,13,4.718,0,0.147,0,-1
room_0740,train,14,4.348,0,0.226,0,-1
room_0741,train,0,4.561,0,0.184,0,-1
room_0741,train,1,4.212,0,0.148,0,-1
room_0741,train,2,3.701,0,0.197,0,-1
room_0741,train,3,4.283,0,0.182,0,-1
room_0741,train,4,3.482,0,0.228,0,-1
room_0741,train,5,4.205,0,0.196,0,-1
room_0741,train,6,3.673,0,0.162,0,-1
room_0741,train,7,3.69,0,0.19,0,-1
room_0741,train,8,3.985,0,0.108,0,-1
room_0741,train,9,3.643,0,0.257,0,-1
room_0741,train,10,3.96,0,0.254,0,-1
room_0741,train,11,10.258,0,0.24,0,-1
room_0741,train,12,4.294,0,0.129,0,-1
room_0741,train,13,4.549,0,0.224,0,-1
room_0741,train,14,4.135,1,0.201,0,-1
room_0741,train,15,4.465,0,0.254,0,-1
room_0741,train,16,4.204,0,0.185,0,-1
room_0741,train,17,4.495,0,0.235,0,-1
room_0742,train,0,4.277,0,0.199,0,-1
room_0742,train,1,4.027,0,0.255,0,-1
room_0742,train,2,4.223,0,0.112,0,-1
room_0742,train,3,4.425,0,0.172,0,-1
room_0742,train,4,3.724,0,0.309,0,-1
room_0742,train,5,4.062,0,0.275,0,-1
room_0742,train,6,3.747,0,0.12,0,-1
room_0742,train,7,4.148,0,0.229,0,-1
room_0742,train,8,4.75,1,0.18,0,-1
room_0742,train,9,4.414,1,0.904,0,-1
room_0742,train,10,4.484,0,0.155,0,-1
room_0742,train,11,3.705,0,0.221,0,-1
room_0742,train,12,4.798,0,0.246,0,-1
room_0743,train,0,3.347,0,0.226,1,1
room_0743,train,1,9.726,1,0.792,1,1
room_0743,train,2,3.49,0,0.242,1,1
room_0743,train,3,4.866,1,0.217,1,1
room_0743,train,4,4.484,0,0.243,1,1
room_0743,train,5,3.728,1,0.182,1,1
room_0743,train,6,4.034,0,0.171,1,1
room_0743,train,7,4.292,0,0.216,1,1
room_0743,train,8,3.586,0,0.13,1,1
room_0744,train,0,3.741,0,0.233,1,4
room_0744,train,1,4.389,0,0.208,1,4
room_0744,train,2,3.981,0,0.109,1,4
room_0744,train,3,4.28,0,0.216,1,4
room_0744,train,4,9.22,1,0.725,1,4
room_0744,train,5,3.426,0,0.196,1,4
room_0744,train,6,3.184,0,0.252,1,4
room_0744,train,7,4.177,1,0.196,1,4
room_0744,train,8,3.98,1,0.265,1,4
room_0744,train,9,4.689,0,0.236,1,4
room_0744,train,10,3.223,0,0.222,1,4
room_0744,train,11,4.054,0,0.15,1,4
room_0744,train,12,3.316,0,0.138,1,4
room_0744,train,13,4.074,0,0.18,1,4
room_0745,train,0,4.529,0,0.156,0,-1
room_0745,train,1,3.579,0,0.22,0,-1
room_0745,train,2,4.098,0,0.118,0,-1
room_0745,train,3,3.854,0,0.146,0,-1
room_0745,train,4,3.963,0,0.163,0,-1
room_0745,train,5,4.175,0,0.194,0,-1
room_0745,train,6,4.294,0,0.192,0,-1
room_0745,train,7,4.321,1,0.911,0,-1
room_0745,train,8,4.766,0,0.25,0,-1
room_0745,train,9,4.223,0,0.223,0,-1
room_0745,train,10,3.585,0,0.25,0,-1
room_0745,train,11,5.19,0,0.224,0,-1
room_0745,train,12,3.058,0,0.255,0,-1
room_0745,train,13,3.89,0,0.191,0,-1
room_0745,train,14,3.421,0,0.128,0,-1
room_0745,train,15,4.048,1,0.187,0,-1
room_0745,train,16,4.563,0,0.186,0,-1
room_0746,test,0,4.038,0,0.181,0,-1
room_0746,test,1,4.194,0,0.222,0,-1
room_0746,test,2,4.276,0,0.145,0,-1
room_0746,test,3,4.418,0,0.169,0,-1
room_0746,test,4,4.068,0,0.279,0,-1
room_0746,test,5,3.646,0,0.05,0,-1
room_0746,test,6,4.104,0,0.191,0,-1
room_0746,test,7,4.26,0,0.185,0,-1
room_0746,test,8,4.215,0,0.135,0,-1
room_0746,test,9,3.959,0,0.212,0,-1
room_0746,test,10,3.806,1,0.186,0,-1
room_0746,test,11,4.353,1,0.181,0,-1
room_0746,test,12,3.737,0,0.121,0,-1
room_0747,train,0,3.297,0,0.259,0,-1
room_0747,train,1,4.114,0,0.135,0,-1
room_0747,train,2,4.162,0,0.262,0,-1
room_0747,train,3,3.952,0,0.216,0,-1
room_0747,train,4,3.841,0,0.189,0,-1
room_0747,train,5,3.311,0,0.215,0,-1
room_0747,train,6,3.479,0,0.225,0,-1
room_0747,train,7,4.659,1,0.252,0,-1
room_0747,train,8,3.803,0,0.114,0,-1
room_0747,train,9,10.663,0,0.293,0,-1
room_0747,train,10,3.952,0,0.077,0,-1
room_0747,train,11,4.104,0,0.234,0,-1
room_0747,train,12,3.911,0,0.115,0,-1
room_0747,train,13,4.584,0,0.271,0,-1
room_0747,train,14,3.578,0,0.267,0,-1
room_0747,train,15,3.92,0,0.25,0,-1
room_0747,train,16,4.695,0,0.24,0,-1
room_0747,train,17,4.12,0,0.213,0,-1
room_0748,train,0,3.535,1,0.177,0,-1
room_0748,train,1,3.332,0,0.187,0,-1
room_0748,train,2,3.208,0,0.158,0,-1
room_0748,train,3,3.715,0,0.184,0,-1
room_0748,train,4,4.14,0,0.241,0,-1
room_0748,train,5,3.942,0,0.237,0,-1
room_0748,train,6,4.048,0,0.226,0,-1
room_0748,train,7,4.118,1,0.865,0,-1
room_0748,train,8,3.66,0,0.173,0,-1
room_0748,train,9,3.707,0,0.241,0,-1
room_0749,train,0,3.465,0,0.252,0,-1
room_0749,train,1,3.399,0,0.195,0,-1
room_0749,train,2,4.948,1,0.138,0,-1
room_0749,train,3,3.523,0,0.172,0,-1
room_0749,train,4,3.991,0,0.146,0,-1
room_0749,train,5,4.022,0,0.257,0,-1
room_0749,train,6,4.7,0,0.205,0,-1
room_0749,train,7,4.687,0,0.108,0,-1
room_0749,train,8,4.812,0,0.171,0,-1
room_0749,train,9,3.689,0,0.249,0,-1
room_0749,train,10,3.764,0,0.16,0,-1
room_0750,test,0,3.784,0,0.228,1,1
room_0750,test,1,10.471,1,0.826,1,1
room_0750,test,2,4.856,0,0.313,1,1
room_0750,test,3,4.435,0,0.224,1,1
room_0750,test,4,5.237,0,0.235,1,1
room_0750,test,5,4.372,0,0.188,1,1
room_0750,test,6,3.908,0,0.128,1,1
room_0750,test,7,4.397,0,0.199,1,1
room_0750,test,8,4.479,0,0.261,1,1
room_0750,test,9,3.094,0,0.221,1,1
room_0750,test,10,4.232,0,0.227,1,1
room_0750,test,11,3.625,0,0.221,1,1
room_0750,test,12,3.795,0,0.234,1,1
room_0750,test,13,3.443,1,0.241,1,1
room_0750,test,14,4.607,0,0.269,1,1
room_0751,test,0,3.809,1,0.268,0,-1
room_0751,test,1,3.558,0,0.194,0,-1
room_0751,test,2,3.299,0,0.234,0,-1
room_0751,test,3,4.144,0,0.203,0,-1
room_0751,test,4,3.621,0,0.183,0,-1
room_0751,test,5,3.705,0,0.201,0,-1
room_0751,test,6,3.602,0,0.164,0,-1
room_0751,test,7,2.933,0,0.235,0,-1
room_0751,test,8,4.009,1,0.835,0,-1
room_0751,test,9,3.969,0,0.235,0,-1
room_0751,test,10,4.522,0,0.22,0,-1
room_0751,test,11,4.176,0,0.285,0,-1
room_0751,test,12,3.839,0,0.256,0,-1
room_0751,test,13,3.512,0,0.214,0,-1
room_0751,test,14,3.8,0,0.203,0,-1
room_0752,test,0,4.9,0,0.216,0,-1
room_0752,test,1,3.632,0,0.254,0,-1
room_0752,test,2,3.321,0,0.128,0,-1
room_0752,test,3,3.09,0,0.206,0,-1
room_0752,test,4,4.516,0,0.184,0,-1
room_0752,test,5,4.404,0,0.208,0,-1
room_0752,test,6,4.198,0,0.104,0,-1
room_0752,test,7,4.305,0,0.147,0,-1
room_0752,test,8,4.107,0,0.261,0,-1
room_0752,test,9,4.635,0,0.211,0,-1
room_0752,test,10,4.393,0,0.144,0,-1
room_0752,test,11,3.873,0,0.152,0,-1
room_0752,test,12,4.457,0,0.214,0,-1
room_0752,test,13,5.036,1,0.206,0,-1
room_0752,test,14,4.595,0,0.265,0,-1
room_0753,train,0,4.163,0,0.175,1,6
room_0753,train,1,4.304,0,0.274,1,6
room_0753,train,2,4.144,0,0.169,1,6
room_0753,train,3,3.407,0,0.169,1,6
room_0753,train,4,3.773,1,0.229,1,6
room_0753,train,5,3.763,0,0.192,1,6
room_0753,train,6,10.163,1,0.939,1,6
room_0753,train,7,4.072,0,0.247,1,6
room_0753,train,8,3.949,0,0.193,1,6
room_0753,train,9,4.302,0,0.174,1,6
room_0753,train,10,4.383,0,0.229,1,6
room_0753,train,11,4.289,0,0.176,1,6
room_0753,train,12,3.089,0,0.26,1,6
room_0754,train,0,4.322,1,0.253,0,-1
room_0754,train,1,4.508,0,0.28,0,-1
room_0754,train,2,3.76,0,0.317,0,-1
room_0754,train,3,3.814,0,0.248,0,-1
room_0754,train,4,4.033,0,0.187,0,-1
room_0754,train,5,3.732,1,0.861,0,-1
room_0754,train,6,4.146,0,0.256,0,-1
room_0754,train,7,3.726,0,0.19,0,-1
room_0754,train,8,4.483,0,0.296,0,-1
room_0754,train,9,3.842,0,0.112,0,-1
room_0754,train,10,2.92,1,0.305,0,-1
room_0754,train,11,4.913,0,0.25,0,-1
room_0754,train,12,3.769,0,0.203,0,-1
room_0754,train,13,3.591,0,0.212,0,-1
room_0754,train,14,3.352,0,0.183,0,-1
room_0755,train,0,4.133,0,0.18,0,-1
room_0755,train,1,3.513,0,0.245,0,-1
room_0755,train,2,3.567,0,0.274,0,-1
room_0755,train,3,4.734,0,0.184,0,-1
room_0755,train,4,3.359,1,0.147,0,-1
room_0755,train,5,4.264,0,0.2,0,-1
room_0755,train,6,4.33,0,0.204,0,-1
room_0755,train,7,4.215,0,0.211,0,-1
room_0756,train,0,4.091,0,0.216,1,6
room_0756,train,1,3.738,0,0.186,1,6
room_0756,train,2,4.442,1,0.158,1,6
room_0756,train,3,4.053,0,0.203,1,6
room_0756,train,4,4.391,0,0.209,1,6
room_0756,train,5,3.487,0,0.254,1,6
room_0756,train,6,9.502,1,0.721,1,6
room_0756,train,7,3.509,0,0.174,1,6
room_0756,train,8,4.056,0,0.196,1,6
room_0756,train,9,3.514,0,0.196,1,6
room_0756,train,10,3.644,0,0.157,1,6
room_0756,train,11,3.455,0,0.233,1,6
room_0756,train,12,3.151,0,0.196,1,6
room_0757,train,0,3.992,0,0.121,0,-1
room_0757,train,1,3.966,0,0.202,0,-1
room_0757,train,2,3.547,0,0.205,0,-1
room_0757,train,3,4.486,1,0.82,0,-1
room_0757,train,4,3.733,0,0.295,0,-1
room_0757,train,5,4.061,0,0.244,0,-1
room_0757,train,6,3.511,0,0.189,0,-1
room_0757,train,7,3.393,0,0.255,0,-1
room_0757,train,8,4.224,0,0.179,0,-1
room_0757,train,9,4.211,1,0.146,0,-1
room_0758,train,0,4.003,0,0.21,1,5
room_0758,train,1,3.936,0,0.176,1,5
room_0758,train,2,4.145,0,0.189,1,5
room_0758,train,3,4.383,0,0.248,1,5
room_0758,train,4,4.032,0,0.197,1,5
room_0758,train,5,9.096,1,0.877,1,5
room_0758,train,6,3.985,0,0.194,1,5
room_0758,train,7,4.765,0,0.165,1,5
room_0758,train,8,4.717,0,0.242,1,5
room_0758,train,9,4.003,0,0.282,1,5
room_0758,train,10,3.928,0,0.284,1,5
room_0758,train,11,4.156,0,0.307,1,5
room_0758,train,12,3.989,0,0.258,1,5
room_0758,train,13,3.662,0,0.222,1,5
room_0758,train,14,3.48,0,0.229,1,5
room_0758,train,15,4.393,0,0.172,1,5
room_0758,train,16,3.572,0,0.26,1,5
room_0759,train,0,4.362,0,0.247,1,3
room_0759,train,1,4.032,0,0.156,1,3
room_0759,train,2,3.861,0,0.204,1,3
room_0759,train,3,9.316,1,0.943,1,3
room_0759,train,4,3.212,0,0.203,1,3
room_0759,train,5,3.874,0,0.197,1,3
room_0759,train,6,2.734,0,0.163,1,3
room_0759,train,7,4.562,0,0.182,1,3
room_0759,train,8,3.49,0,0.268,1,3
room_0759,train,9,4.112,0,0.174,1,3
room_0759,train,10,2.971,1,0.142,1,3
room_0759,train,11,3.59,0,0.27,1,3
room_0759,train,12,4.621,0,0.251,1,3
room_0759,train,13,3.05,0,0.153,1,3
room_0759,train,14,3.861,0,0.293,1,3
room_0760,train,0,4.286,0,0.197,1,6
room_0760,train,1,4.254,0,0.231,1,6
room_0760,train,2,4.238,0,0.249,1,6
room_0760,train,3,3.968,0,0.196,1,6
room_0760,train,4,3.993,0,0.257,1,6
room_0760,train,5,4.617,0,0.195,1,6
room_0760,train,6,9.444,1,0.741,1,6
room_0760,train,7,4.265,0,0.251,1,6
room_0761,train,0,4.677,0,0.158,0,-1
room_0761,train,1,3.424,0,0.193,0,-1
room_0761,train,2,3.486,0,0.266,0,-1
room_0761,train,3,3.621,0,0.243,0,-1
room_0761,train,4,4.345,1,0.157,0,-1
room_0761,train,5,3.549,0,0.113,0,-1
room_0761,train,6,4.085,0,0.201,0,-1
room_0761,train,7,3.719,0,0.262,0,-1
room_0761,train,8,5.106,0,0.165,0,-1
room_0761,train,9,3.405,1,0.199,0,-1
room_0761,train,10,4.533,0,0.173,0,-1
room_0761,train,11,4.317,0,0.182,0,-1
room_0761,train,12,4.009,0,0.245,0,-1
room_0761,train,13,4.718,0,0.196,0,-1
room_0761,train,14,3.364,1,0.213,0,-1
room_0761,train,15,3.981,0,0.245,0,-1
room_0762,train,0,3.886,0,0.217,1,12
room_0762,train,1,3.886,0,0.221,1,12
room_0762,train,2,4.151,0,0.141,1,12
room_0762,train,3,4.816,1,0.217,1,12
room_0762,train,4,4.514,1,0.198,1,12
room_0762,train,5,3.627,0,0.251,1,12
room_0762,train,6,4.355,0,0.205,1,12
room_0762,train,7,4.416,0,0.236,1,12
room_0762,train,8,4.4,1,0.294,1,12
room_0762,train,9,4.669,0,0.284,1,12
room_0762,train,10,3.944,0,0.169,1,12
room_0762,train,11,3.794,1,0.203,1,12
room_0762,train,12,9.887,1,0.744,1,12
room_0762,train,13,4.265,0,0.246,1,12
room_0762,train,14,5.115,0,0.185,1,12
room_0763,train,0,3.762,0,0.229,0,-1
room_0763,train,1,4.157,1,0.838,0,-1
room_0763,train,2,4.281,1,0.18,0,-1
room_0763,train,3,2.925,0,0.127,0,-1
room_0763,train,4,3.905,0,0.221,0,-1
room_0763,train,5,3.66,0,0.225,0,-1
room_0763,train,6,4.06,0,0.161,0,-1
room_0763,train,7,4.172,0,0.302,0,-1
room_0763,train,8,4.327,0,0.176,0,-1
room_0763,train,9,3.793,0,0.223,0,-1
room_0763,train,10,4.024,0,0.213,0,-1
room_0763,train,11,3.797,0,0.163,0,-1
room_0764,test,0,4.575,0,0.179,0,-1
room_0764,test,1,3.999,0,0.151,0,-1
room_0764,test,2,4.572,0,0.159,0,-1
room_0764,test,3,4.019,0,0.252,0,-1
room_0764,test,4,3.868,0,0.204,0,-1
room_0764,test,5,3.402,0,0.171,0,-1
room_0764,test,6,3.918,0,0.183,0,-1
room_0764,test,7,3.576,0,0.238,0,-1
room_0764,test,8,4.256,0,0.193,0,-1
room_0764,test,9,4.177,0,0.224,0,-1
room_0765,train,0,3.042,0,0.23,1,13
room_0765,train,1,3.192,0,0.177,1,13
room_0765,train,2,3.663,0,0.242,1,13
room_0765,train,3,3.653,0,0.22,1,13
room_0765,train,4,3.155,0,0.187,1,13
room_0765,train,5,3.935,0,0.202,1,13
room_0765,train,6,3.724,0,0.236,1,13
room_0765,train,7,3.94,0,0.244,1,13
room_0765,train,8,3.479,0,0.278,1,13
room_0765,train,9,4.652,0,0.206,1,13
room_0765,train,10,3.896,0,0.153,1,13
room_0765,train,11,3.95,0,0.128,1,13
room_0765,train,12,3.963,0,0.189,1,13
room_0765,train,13,10.749,1,0.911,1,13
room_0765,train,14,3.305,0,0.175,1,13
room_0765,train,15,3.786,0,0.197,1,13
room_0766,test,0,4.034,0,0.211,1,2
room_0766,test,1,3.778,0,0.21,1,2
room_0766,test,2,10.381,1,0.801,1,2
room_0766,test,3,4.685,0,0.217,1,2
room_0766,test,4,3.524,0,0.217,1,2
room_0766,test,5,4.006,0,0.207,1,2
room_0766,test,6,4.376,0,0.173,1,2
room_0766,test,7,4.039,0,0.15,1,2
room_0767,test,0,4.497,0,0.201,0,-1
room_0767,test,1,3.79,0,0.206,0,-1
room_0767,test,2,4.221,0,0.212,0,-1
room_0767,test,3,4.109,0,0.27,0,-1
room_0767,test,4,5.075,0,0.306,0,-1
room_0767,test,5,4.364,0,0.268,0,-1
room_0767,test,6,3.906,0,0.14,0,-1
room_0767,test,7,3.106,1,0.179,0,-1
room_0767,test,8,3.425,0,0.318,0,-1
room_0768,train,0,4.134,0,0.255,1,5
room_0768,train,1,4.444,0,0.289,1,5
room_0768,train,2,4.254,0,0.182,1,5
room_0768,train,3,4.075,0,0.176,1,5
room_0768,train,4,3.68,0,0.201,1,5
room_0768,train,5,10.85,1,0.846,1,5
room_0768,train,6,3.432,0,0.149,1,5
room_0768,train,7,3.299,0,0.185,1,5
room_0769,train,0,4.85,0,0.258,1,4
room_0769,train,1,3.975,0,0.234,1,4
room_0769,train,2,3.932,0,0.228,1,4
room_0769,train,3,3.99,0,0.163,1,4
room_0769,train,4,10.764,1,0.783,1,4
room_0769,train,5,5.021,0,0.162,1,4
room_0769,train,6,4.131,0,0.167,1,4
room_0769,train,7,4.113,0,0.289,1,4
room_0770,train,0,3.803,0,0.148,1,1
room_0770,train,1,9.932,1,0.942,1,1
room_0770,train,2,3.885,0,0.244,1,1
room_0770,train,3,3.413,0,0.122,1,1
room_0770,train,4,3.918,0,0.258,1,1
room_0770,train,5,3.486,0,0.183,1,1
room_0770,train,6,3.135,0,0.254,1,1
room_0770,train,7,3.49,0,0.281,1,1
room_0771,test,0,3.718,0,0.177,1,10
room_0771,test,1,3.87,0,0.19,1,10
room_0771,test,2,4.065,0,0.237,1,10
room_0771,test,3,4.064,0,0.204,1,10
room_0771,test,4,3.802,0,0.168,1,10
room_0771,test,5,3.353,0,0.181,1,10
room_0771,test,6,4.486,0,0.134,1,10
room_0771,test,7,3.824,1,0.177,1,10
room_0771,test,8,3.771,1,0.19,1,10
room_0771,test,9,4.58,0,0.173,1,10
room_0771,test,10,9.156,1,0.8,1,10
room_0771,test,11,3.598,0,0.181,1,10
room_0772,test,0,3.798,0,0.17,0,-1
room_0772,test,1,3.269,0,0.206,0,-1
room_0772,test,2,3.794,0,0.162,0,-1
room_0772,test,3,3.873,0,0.177,0,-1
room_0772,test,4,3.688,0,0.192,0,-1
room_0772,test,5,4.628,1,0.222,0,-1
room_0772,test,6,3.65,0,0.152,0,-1
room_0772,test,7,4.323,0,0.246,0,-1
room_0772,test,8,4.606,0,0.135,0,-1
room_0772,test,9,4.035,1,0.736,0,-1
room_0772,test,10,4.275,0,0.086,0,-1
room_0772,test,11,3.648,0,0.186,0,-1
room_0772,test,12,4.189,0,0.223,0,-1
room_0772,test,13,2.896,0,0.19,0,-1
room_0772,test,14,4.273,0,0.22,0,-1
room_0772,test,15,4.207,0,0.233,0,-1
room_0772,test,16,4.235,0,0.201,0,-1
room_0773,train,0,3.925,0,0.176,0,-1
room_0773,train,1,3.787,0,0.227,0,-1
room_0773,train,2,4.919,0,0.151,0,-1
room_0773,train,3,3.697,0,0.174,0,-1
room_0773,train,4,4.068,0,0.321,0,-1
room_0773,train,5,3.735,0,0.184,0,-1
room_0773,train,6,3.812,1,0.217,0,-1
room_0773,train,7,3.871,0,0.221,0,-1
room_0773,train,8,4.177,1,0.244,0,-1
room_0773,train,9,3.867,1,0.213,0,-1
room_0773,train,10,3.649,0,0.196,0,-1
room_0774,train,0,3.689,0,0.233,0,-1
room_0774,train,1,4.316,0,0.213,0,-1
room_0774,train,2,4.297,0,0.193,0,-1
room_0774,train,3,3.761,0,0.088,0,-1
room_0774,train,4,10.783,0,0.174,0,-1
room_0774,train,5,3.729,0,0.249,0,-1
room_0774,train,6,4.269,0,0.207,0,-1
room_0774,train,7,4.104,0,0.197,0,-1
room_0774,train,8,3.64,0,0.208,0,-1
room_0774,train,9,3.683,0,0.278,0,-1
room_0774,train,10,4.467,0,0.234,0,-1
room_0775,train,0,3.973,0,0.196,0,-1
room_0775,train,1,4.406,1,0.932,0,-1
room_0775,train,2,4.118,0,0.166,0,-1
room_0775,train,3,3.731,0,0.18,0,-1
room_0775,train,4,4.196,0,0.175,0,-1
room_0775,train,5,3.799,0,0.2,0,-1
room_0775,train,6,3.901,0,0.212,0,-1
room_0775,train,7,4.103,0,0.189,0,-1
room_0775,train,8,2.624,0,0.218,0,-1
room_0775,train,9,3.634,0,0.165,0,-1
room_0776,train,0,4.153,0,0.128,1,8
room_0776,train,1,4.72,0,0.184,1,8
room_0776,train,2,2.857,0,0.321,1,8
room_0776,train,3,3.199,0,0.246,1,8
room_0776,train,4,3.837,0,0.264,1,8
room_0776,train,5,4.041,0,0.168,1,8
room_0776,train,6,4.108,0,0.179,1,8
room_0776,train,7,4.243,0,0.237,1,8
room_0776,train,8,10.748,1,0.803,1,8
room_0776,train,9,2.895,0,0.127,1,8
room_0776,train,10,3.616,0,0.146,1,8
room_0776,train,11,3.848,0,0.223,1,8
room_0777,train,0,5.248,0,0.191,1,12
room_0777,train,1,4.248,0,0.149,1,12
room_0777,train,2,3.902,1,0.177,1,12
room_0777,train,3,3.849,0,0.103,1,12
room_0777,train,4,3.246,0,0.306,1,12
room_0777,train,5,3.136,0,0.176,1,12
room_0777,train,6,3.688,0,0.252,1,12
room_0777,train,7,3.496,0,0.196,1,12
room_0777,train,8,3.588,0,0.15,1,12
room_0777,train,9,4.028,0,0.25,1,12
room_0777,train,10,3.89,0,0.134,1,12
room_0777,train,11,3.406,0,0.224,1,12
room_0777,train,12,10.697,1,0.841,1,12
room_0777,train,13,5.06,0,0.203,1,12
room_0777,train,14,3.079,0,0.222,1,12
room_0777,train,15,2.721,0,0.263,1,12
room_0778,train,0,3.934,0,0.18,0,-1
room_0778,train,1,4.345,1,0.94,0,-1
room_0778,train,2,4.824,0,0.208,0,-1
room_0778,train,3,3.873,0,0.236,0,-1
room_0778,train,4,4.623,0,0.225,0,-1
room_0778,train,5,4.441,1,0.162,0,-1
room_0778,train,6,3.205,0,0.13,0,-1
room_0778,train,7,4.244,1,0.218,0,-1
room_0778,train,8,3.741,0,0.145,0,-1
room_0778,train,9,4.22,0,0.152,0,-1
room_0778,train,10,4.705,0,0.214,0,-1
room_0779,train,0,4.199,0,0.225,0,-1
room_0779,train,1,4.743,0,0.149,0,-1
room_0779,train,2,4.095,0,0.205,0,-1
room_0779,train,3,3.836,0,0.215,0,-1
room_0779,train,4,4.226,0,0.272,0,-1
room_0779,train,5,4.096,0,0.17,0,-1
room_0779,train,6,4.035,0,0.122,0,-1
room_0779,train,7,4.661,0,0.194,0,-1
room_0779,train,8,3.711,0,0.217,0,-1
room_0779,train,9,4.548,0,0.226,0,-1
room_0779,train,10,3.566,0,0.257,0,-1
room_0779,train,11,4.005,0,0.22,0,-1
room_0779,train,12,4.334,0,0.154,0,-1
room_0780,train,0,4.262,0,0.178,0,-1
room_0780,train,1,4.011,0,0.182,0,-1
room_0780,train,2,2.637,0,0.22,0,-1
room_0780,train,3,4.667,0,0.125,0,-1
room_0780,train,4,4.022,0,0.217,0,-1
room_0780,train,5,9.645,0,0.259,0,-1
room_0780,train,6,3.158,0,0.172,0,-1
room_0780,train,7,4.045,0,0.185,0,-1
room_0780,train,8,4.014,0,0.175,0,-1
room_0780,train,9,4.59,0,0.215,0,-1
room_0780,train,10,3.593,0,0.267,0,-1
room_0780,train,11,5.162,0,0.199,0,-1
room_0780,train,12,3.589,0,0.217,0,-1
room_0780,train,13,3.933,0,0.188,0,-1
room_0780,train,14,4.997,0,0.177,0,-1
room_0780,train,15,3.516,0,0.149,0,-1
room_0781,train,0,4.084,0,0.23,0,-1
room_0781,train,1,2.811,0,0.178,0,-1
room_0781,train,2,4.331,1,0.884,0,-1
room_0781,train,3,3.143,0,0.219,0,-1
room_0781,train,4,4.177,0,0.241,0,-1
room_0781,train,5,3.778,0,0.208,0,-1
room_0781,train,6,3.468,1,0.251,0,-1
room_0781,train,7,2.898,0,0.181,0,-1
room_0781,train,8,4.055,0,0.145,0,-1
room_0781,train,9,3.854,0,0.234,0,-1
room_0781,train,10,4.02,0,0.211,0,-1
room_0781,train,11,4.311,0,0.263,0,-1
room_0782,train,0,3.582,0,0.207,1,1
room_0782,train,1,9.187,1,0.909,1,1
room_0782,train,2,3.891,0,0.239,1,1
room_0782,train,3,4.242,0,0.228,1,1
room_0782,train,4,4.205,0,0.223,1,1
room_0782,train,5,4.249,0,0.22,1,1
room_0782,train,6,3.714,0,0.138,1,1
room_0782,train,7,3.268,0,0.211,1,1
room_0782,train,8,3.871,0,0.19,1,1
room_0782,train,9,3.847,0,0.169,1,1
room_0782,train,10,4.39,0,0.166,1,1
room_0782,train,11,3.768,0,0.254,1,1
room_0783,train,0,3.824,0,0.212,0,-1
room_0783,train,1,4.141,0,0.169,0,-1
room_0783,train,2,3.963,0,0.261,0,-1
room_0783,train,3,4.044,1,0.198,0,-1
room_0783,train,4,4.078,0,0.129,0,-1
room_0783,train,5,4.358,0,0.337,0,-1
room_0783,train,6,3.766,0,0.262,0,-1
room_0783,train,7,10.918,0,0.15,0,-1
room_0783,train,8,4.985,0,0.083,0,-1
room_0783,train,9,4.828,0,0.198,0,-1
room_0783,train,10,3.39,0,0.23,0,-1
room_0783,train,11,4.125,0,0.248,0,-1
room_0783,train,12,3.86,0,0.22,0,-1
room_0783,train,13,4.231,0,0.194,0,-1
room_0783,train,14,3.818,0,0.137,0,-1
room_0783,train,15,4.391,0,0.167,0,-1
room_0784,test,0,4.256,0,0.22,1,4
room_0784,test,1,4.43,0,0.179,1,4
room_0784,test,2,3.827,1,0.269,1,4
room_0784,test,3,3.972,0,0.199,1,4
room_0784,test,4,10.105,1,0.751,1,4
room_0784,test,5,3.91,0,0.203,1,4
room_0784,test,6,3.884,1,0.142,1,4
room_0784,test,7,4.605,0,0.197,1,4
room_0784,test,8,4.663,0,0.237,1,4
room_0784,test,9,4.954,0,0.148,1,4
room_0784,test,10,4.167,0,0.203,1,4
room_0784,test,11,3.605,0,0.263,1,4
room_0784,test,12,3.328,0,0.215,1,4
room_0785,train,0,4.509,0,0.121,1,2
room_0785,train,1,4.262,0,0.238,1,2
room_0785,train,2,9.376,1,0.944,1,2
room_0785,train,3,4.43,0,0.209,1,2
room_0785,train,4,3.829,0,0.163,1,2
room_0785,train,5,4.659,0,0.176,1,2
room_0785,train,6,3.462,0,0.154,1,2
room_0785,train,7,4.264,0,0.229,1,2
room_0785,train,8,3.176,0,0.184,1,2
room_0785,train,9,3.313,0,0.166,1,2
room_0785,train,10,4.455,0,0.264,1,2
room_0785,train,11,3.7,0,0.263,1,2
room_0786,train,0,4.027,0,0.295,0,-1
room_0786,train,1,4.911,0,0.197,0,-1
room_0786,train,2,3.228,0,0.16,0,-1
room_0786,train,3,3.759,0,0.238,0,-1
room_0786,train,4,3.386,0,0.227,0,-1
room_0786,train,5,9.302,0,0.22,0,-1
room_0786,train,6,3.519,0,0.236,0,-1
room_0786,train,7,3.472,0,0.12,0,-1
room_0786,train,8,3.577,0,0.18,0,-1
room_0787,train,0,3.961,0,0.184,1,10
room_0787,train,1,4.129,0,0.264,1,10
room_0787,train,2,4.18,0,0.19,1,10
room_0787,train,3,3.583,0,0.197,1,10
room_0787,train,4,4.56,0,0.256,1,10
room_0787,train,5,4.191,0,0.075,1,10
room_0787,train,6,3.802,0,0.249,1,10
room_0787,train,7,4.388,0,0.207,1,10
room_0787,train,8,3.732,0,0.216,1,10
room_0787,train,9,3.513,0,0.198,1,10
room_0787,train,10,9.937,1,0.788,1,10
room_0787,train,11,3.854,0,0.23,1,10
room_0787,train,12,4.236,0,0.22,1,10
room_0787,train,13,3.94,1,0.172,1,10
room_0788,train,0,4.063,0,0.255,1,2
room_0788,train,1,4.146,0,0.165,1,2
room_0788,train,2,9.119,1,0.923,1,2
room_0788,train,3,3.671,0,0.17,1,2
room_0788,train,4,3.522,0,0.204,1,2
room_0788,train,5,3.997,1,0.202,1,2
room_0788,train,6,4.238,0,0.216,1,2
room_0788,train,7,3.93,0,0.153,1,2
room_0788,train,8,4.848,0,0.156,1,2
room_0788,train,9,3.831,0,0.23,1,2
room_0788,train,10,4.352,0,0.207,1,2
room_0788,train,11,4.297,0,0.15,1,2
room_0788,train,12,4.346,0,0.134,1,2
room_0788,train,13,3.994,0,0.181,1,2
room_0788,train,14,3.598,0,0.121,1,2
room_0789,test,0,4.114,0,0.222,1,6
room_0789,test,1,4.004,0,0.235,1,6
room_0789,test,2,4.202,0,0.199,1,6
room_0789,test,3,3.91,1,0.248,1,6
room_0789,test,4,3.628,0,0.145,1,6
room_0789,test,5,3.609,0,0.163,1,6
room_0789,test,6,10.77,1,0.745,1,6
room_0789,test,7,3.566,0,0.21,1,6
room_0789,test,8,3.796,0,0.223,1,6
room_0789,test,9,4.706,0,0.192,1,6
room_0790,train,0,5.223,0,0.15,1,5
room_0790,train,1,4.228,0,0.198,1,5
room_0790,train,2,3.576,0,0.229,1,5
room_0790,train,3,3.194,0,0.172,1,5
room_0790,train,4,3.954,0,0.176,1,5
room_0790,train,5,10.05,1,0.798,1,5
room_0790,train,6,4.119,0,0.236,1,5
room_0790,train,7,3.581,0,0.195,1,5
room_0791,train,0,3.689,0,0.147,0,-1
room_0791,train,1,3.844,0,0.092,0,-1
room_0791,train,2,4.01,0,0.169,0,-1
room_0791,train,3,3.799,0,0.26,0,-1
room_0791,train,4,4.751,0,0.171,0,-1
room_0791,train,5,3.03,0,0.164,0,-1
room_0791,train,6,4.048,0,0.156,0,-1
room_0791,train,7,4.082,0,0.192,0,-1
room_0791,train,8,3.848,1,0.294,0,-1
room_0791,train,9,4.589,0,0.16,0,-1
room_0791,train,10,4.023,0,0.157,0,-1
room_0791,train,11,3.625,1,0.245,0,-1
room_0791,train,12,4.392,0,0.233,0,-1
room_0792,train,0,3.505,0,0.19,1,8
room_0792,train,1,4.442,0,0.167,1,8
room_0792,train,2,3.532,0,0.185,1,8
room_0792,train,3,3.706,0,0.264,1,8
room_0792,train,4,3.938,0,0.251,1,8
room_0792,train,5,3.746,0,0.087,1,8
room_0792,train,6,3.99,0,0.255,1,8
room_0792,train,7,3.789,0,0.186,1,8
room_0792,train,8,10.206,1,0.777,1,8
room_0792,train,9,4.221,0,0.303,1,8
room_0792,train,10,4.043,0,0.244,1,8
room_0792,train,11,3.846,0,0.216,1,8
room_0793,train,0,3.897,0,0.242,0,-1
room_0793,train,1,3.402,0,0.234,0,-1
room_0793,train,2,4.188,0,0.176,0,-1
room_0793,train,3,4.225,0,0.128,0,-1
room_0793,train,4,4.664,0,0.203,0,-1
room_0793,train,5,4.026,0,0.205,0,-1
room_0793,train,6,4.223,1,0.197,0,-1
room_0793,train,7,3.944,1,0.754,0,-1
room_0793,train,8,3.115,0,0.168,0,-1
room_0793,train,9,4.02,0,0.184,0,-1
room_0793,train,10,3.774,0,0.199,0,-1
room_0794,test,0,3.765,0,0.197,0,-1
room_0794,test,1,3.866,0,0.223,0,-1
room_0794,test,2,4.958,0,0.186,0,-1
room_0794,test,3,4.862,0,0.244,0,-1
room_0794,test,4,4.24,0,0.217,0,-1
room_0794,test,5,3.711,0,0.176,0,-1
room_0794,test,6,3.766,0,0.239,0,-1
room_0794,test,7,4.465,0,0.183,0,-1
room_0794,test,8,4.14,0,0.244,0,-1
room_0794,test,9,4.065,0,0.201,0,-1
room_0794,test,10,3.464,0,0.164,0,-1
room_0794,test,11,3.815,0,0.188,0,-1
room_0794,test,12,3.634,0,0.149,0,-1
room_0794,test,13,4.303,1,0.233,0,-1
room_0794,test,14,3.537,0,0.195,0,-1
room_0794,test,15,3.751,0,0.197,0,-1
room_0795,train,0,4.042,0,0.21,0,-1
room_0795,train,1,4.176,0,0.236,0,-1
room_0795,train,2,3.906,0,0.131,0,-1
room_0795,train,3,3.232,0,0.221,0,-1
room_0795,train,4,3.386,0,0.219,0,-1
room_0795,train,5,10.722,0,0.139,0,-1
room_0795,train,6,3.442,0,0.208,0,-1
room_0795,train,7,3.432,0,0.136,0,-1
room_0796,test,0,2.852,0,0.223,1,5
room_0796,test,1,3.375,0,0.225,1,5
room_0796,test,2,3.905,0,0.127,1,5
room_0796,test,3,3.929,0,0.176,1,5
room_0796,test,4,3.447,0,0.235,1,5
room_0796,test,5,9.539,1,0.866,1,5
room_0796,test,6,3.994,0,0.182,1,5
room_0796,test,7,3.168,0,0.172,1,5
room_0796,test,8,4.631,0,0.129,1,5
room_0796,test,9,3.452,0,0.204,1,5
room_0796,test,10,3.905,0,0.189,1,5
room_0796,test,11,4.57,0,0.198,1,5
room_0797,train,0,3.437,1,0.206,1,4
room_0797,train,1,4.034,0,0.174,1,4
room_0797,train,2,4.389,1,0.19,1,4
room_0797,train,3,3.682,0,0.179,1,4
room_0797,train,4,10.924,1,0.795,1,4
room_0797,train,5,3.835,0,0.154,1,4
room_0797,train,6,4.141,0,0.13,1,4
room_0797,train,7,3.52,0,0.256,1,4
room_0797,train,8,3.671,0,0.186,1,4
room_0797,train,9,5.113,0,0.145,1,4
room_0797,train,10,4.32,0,0.282,1,4
room_0797,train,11,4.159,0,0.228,1,4
room_0797,train,12,4.512,0,0.112,1,4
room_0797,train,13,3.782,0,0.259,1,4
room_0797,train,14,4.397,0,0.24,1,4
room_0797,train,15,4.352,0,0.182,1,4
room_0797,train,16,3.786,0,0.193,1,4
room_0797,train,17,3.904,0,0.2,1,4
room_0798,train,0,4.129,0,0.258,1,14
room_0798,train,1,4.834,0,0.076,1,14
room_0798,train,2,4.36,0,0.232,1,14
room_0798,train,3,3.543,0,0.217,1,14
room_0798,train,4,3.372,0,0.215,1,14
room_0798,train,5,4.141,0,0.243,1,14
room_0798,train,6,4.173,0,0.185,1,14
room_0798,train,7,3.557,0,0.228,1,14
room_0798,train,8,3.858,0,0.153,1,14
room_0798,train,9,4.363,0,0.179,1,14
room_0798,train,10,3.531,0,0.148,1,14
room_0798,train,11,3.737,0,0.153,1,14
room_0798,train,12,3.471,0,0.175,1,14
room_0798,train,13,3.58,0,0.236,1,14
room_0798,train,14,9.775,1,0.825,1,14
room_0798,train,15,3.752,0,0.188,1,14
room_0799,train,0,4.574,0,0.186,1,2
room_0799,train,1,3.942,0,0.141,1,2
room_0799,train,2,9.154,1,0.742,1,2
room_0799,train,3,3.213,0,0.169,1,2
room_0799,train,4,4.318,0,0.204,1,2
room_0799,train,5,4.095,0,0.181,1,2
room_0799,train,6,3.823,1,0.175,1,2
room_0799,train,7,4.124,0,0.165,1,2
room_0799,train,8,3.784,0,0.277,1,2
room_0799,train,9,3.501,0,0.128,1,2
room_0799,train,10,3.66,0,0.254,1,2
room_0799,train,11,3.951,0,0.212,1,2
room_0799,train,12,4.265,0,0.199,1,2
room_0799,train,13,3.802,0,0.243,1,2
room_0800,train,0,3.786,0,0.207,0,-1
room_0800,train,1,4.533,0,0.235,0,-1
room_0800,train,2,3.593,0,0.197,0,-1
room_0800,train,3,3.938,0,0.218,0,-1
room_0800,train,4,4.007,0,0.18,0,-1
room_0800,train,5,4.494,1,0.207,0,-1
room_0800,train,6,4.155,0,0.211,0,-1
room_0800,train,7,3.455,0,0.126,0,-1
room_0800,train,8,4.18,0,0.183,0,-1
room_0801,test,0,3.621,0,0.208,1,16
room_0801,test,1,3.847,0,0.164,1,16
room_0801,test,2,4.248,0,0.156,1,16
room_0801,test,3,3.946,0,0.185,1,16
room_0801,test,4,4.125,0,0.143,1,16
room_0801,test,5,4.06,0,0.191,1,16
room_0801,test,6,4.132,0,0.074,1,16
room_0801,test,7,4.633,0,0.341,1,16
room_0801,test,8,3.596,0,0.188,1,16
room_0801,test,9,3.965,0,0.168,1,16
room_0801,test,10,3.333,0,0.18,1,16
room_0801,test,11,3.816,0,0.208,1,16
room_0801,test,12,3.394,0,0.245,1,16
room_0801,test,13,4.337,0,0.195,1,16
room_0801,test,14,4.078,0,0.155,1,16
room_0801,test,15,2.908,0,0.237,1,16
room_0801,test,16,10.602,1,0.807,1,16
room_0801,test,17,4.458,0,0.163,1,16
room_0802,train,0,4.457,0,0.21,1,5
room_0802,train,1,4.236,0,0.144,1,5
room_0802,train,2,3.715,0,0.183,1,5
room_0802,train,3,4.593,0,0.199,1,5
room_0802,train,4,3.583,0,0.19,1,5
room_0802,train,5,10.494,1,0.781,1,5
room_0802,train,6,3.64,0,0.198,1,5
room_0802,train,7,4.482,0,0.191,1,5
room_0802,train,8,3.896,0,0.229,1,5
room_0802,train,9,4.959,0,0.162,1,5
room_0802,train,10,4.394,0,0.18,1,5
room_0802,train,11,3.955,0,0.233,1,5
room_0802,train,12,4.217,0,0.136,1,5
room_0803,test,0,4.235,0,0.209,0,-1
room_0803,test,1,4.492,0,0.182,0,-1
room_0803,test,2,3.965,0,0.203,0,-1
room_0803,test,3,4.099,1,0.24,0,-1
room_0803,test,4,4.285,0,0.197,0,-1
room_0803,test,5,4.21,0,0.1,0,-1
room_0803,test,6,4.153,0,0.134,0,-1
room_0803,test,7,3.798,1,0.234,0,-1
room_0803,test,8,3.379,0,0.242,0,-1
room_0803,test,9,3.435,1,0.211,0,-1
room_0803,test,10,4.38,1,0.211,0,-1
room_0803,test,11,3.898,0,0.227,0,-1
room_0803,test,12,3.831,0,0.222,0,-1
room_0803,test,13,4.119,0,0.185,0,-1
room_0803,test,14,4.432,0,0.15,0,-1
room_0803,test,15,4.521,0,0.23,0,-1
room_0803,test,16,4.171,0,0.221,0,-1
room_0804,train,0,4.426,0,0.211,0,-1
room_0804,train,1,4.4,0,0.152,0,-1
room_0804,train,2,3.264,0,0.188,0,-1
room_0804,train,3,3.812,1,0.16,0,-1
room_0804,train,4,4.096,0,0.194,0,-1
room_0804,train,5,10.267,0,0.22,0,-1
room_0804,train,6,4.651,0,0.208,0,-1
room_0804,train,7,4.729,0,0.241,0,-1
room_0804,train,8,4.518,0,0.224,0,-1
room_0805,train,0,4.409,0,0.246,1,3
room_0805,train,1,3.911,0,0.223,1,3
room_0805,train,2,3.779,0,0.158,1,3
room_0805,train,3,9.364,1,0.804,1,3
room_0805,train,4,3.672,0,0.201,1,3
room_0805,train,5,3.565,0,0.23,1,3
room_0805,train,6,4.775,1,0.204,1,3
room_0805,train,7,3.716,0,0.163,1,3
room_0806,train,0,4.087,0,0.237,0,-1
room_0806,train,1,3.987,0,0.223,0,-1
room_0806,train,2,3.468,0,0.155,0,-1
room_0806,train,3,4.08,0,0.161,0,-1
room_0806,train,4,3.577,0,0.218,0,-1
room_0806,train,5,3.947,0,0.152,0,-1
room_0806,train,6,4.166,0,0.279,0,-1
room_0806,train,7,4.152,0,0.18,0,-1
room_0806,train,8,4.189,0,0.231,0,-1
room_0806,train,9,4.703,0,0.236,0,-1
room_0806,train,10,3.268,0,0.104,0,-1
room_0806,train,11,4.208,0,0.2,0,-1
room_0806,train,12,4.1,0,0.287,0,-1
room_0807,train,0,4.297,0,0.292,0,-1
room_0807,train,1,3.11,0,0.24,0,-1
room_0807,train,2,4.667,0,0.183,0,-1
room_0807,train,3,3.704,0,0.213,0,-1
room_0807,train,4,4.596,0,0.152,0,-1
room_0807,train,5,3.563,0,0.188,0,-1
room_0807,train,6,4.623,0,0.085,0,-1
room_0807,train,7,5.241,0,0.205,0,-1
room_0807,train,8,4.263,0,0.241,0,-1
room_0807,train,9,3.735,0,0.254,0,-1
room_0807,train,10,4.192,0,0.216,0,-1
room_0807,train,11,4.248,0,0.307,0,-1
room_0807,train,12,4.06,0,0.198,0,-1
room_0807,train,13,4.884,0,0.283,0,-1
room_0807,train,14,9.407,0,0.201,0,-1
room_0807,train,15,4.127,0,0.227,0,-1
room_0808,train,0,4.992,0,0.183,1,7
room_0808,train,1,3.766,0,0.195,1,7
room_0808,train,2,3.945,0,0.28,1,7
room_0808,train,3,3.143,0,0.181,1,7
room_0808,train,4,4.318,0,0.255,1,7
room_0808,train,5,3.636,0,0.215,1,7
room_0808,train,6,3.507,0,0.206,1,7
room_0808,train,7,9.673,1,0.817,1,7
room_0808,train,8,4.896,0,0.143,1,7
room_0808,train,9,4.582,0,0.156,1,7
room_0808,train,10,3.142,0,0.209,1,7
room_0808,train,11,4.118,0,0.185,1,7
room_0808,train,12,3.557,0,0.168,1,7
room_0808,train,13,4.668,0,0.187,1,7
room_0808,train,14,3.325,0,0.168,1,7
room_0808,train,15,2.819,0,0.216,1,7
room_0808,train,16,4.297,0,0.136,1,7
room_0809,train,0,3.818,0,0.208,0,-1
room_0809,train,1,4.219,0,0.174,0,-1
room_0809,train,2,4.049,1,0.278,0,-1
room_0809,train,3,3.557,0,0.181,0,-1
room_0809,train,4,3.866,0,0.237,0,-1
room_0809,train,5,4.154,0,0.199,0,-1
room_0809,train,6,3.626,0,0.21,0,-1
room_0809,train,7,3.243,0,0.284,0,-1
room_0809,train,8,3.54,0,0.227,0,-1
room_0809,train,9,3.945,0,0.234,0,-1
room_0809,train,10,4.245,0,0.258,0,-1
room_0809,train,11,4.263,0,0.194,0,-1
room_0809,train,12,4.389,0,0.177,0,-1
room_0809,train,13,3.599,0,0.13,0,-1
room_0809,train,14,3.837,0,0.196,0,-1
room_0809,train,15,4.428,0,0.264,0,-1
room_0809,train,16,3.441,0,0.233,0,-1
room_0809,train,17,3.794,0,0.284,0,-1
room_0810,train,0,3.54,0,0.139,1,7
room_0810,train,1,3.84,0,0.126,1,7
room_0810,train,2,3.759,0,0.243,1,7
room_0810,train,3,4.113,0,0.153,1,7
room_0810,train,4,4.614,0,0.247,1,7
room_0810,train,5,3.946,0,0.168,1,7
room_0810,train,6,3.897,0,0.199,1,7
room_0810,train,7,10.527,1,0.783,1,7
room_0810,train,8,4.551,0,0.14,1,7
room_0810,train,9,4.035,0,0.208,1,7
room_0810,train,10,3.398,0,0.255,1,7
room_0810,train,11,4.344,0,0.213,1,7
room_0810,train,12,3.957,0,0.29,1,7
room_0810,train,13,3.409,0,0.238,1,7
room_0811,test,0,3.738,0,0.223,0,-1
room_0811,test,1,3.989,0,0.182,0,-1
room_0811,test,2,3.507,0,0.207,0,-1
room_0811,test,3,3.847,0,0.254,0,-1
room_0811,test,4,3.035,0,0.211,0,-1
room_0811,test,5,4.311,0,0.303,0,-1
room_0811,test,6,4.543,0,0.168,0,-1
room_0811,test,7,4.305,1,0.764,0,-1
room_0811,test,8,3.821,0,0.222,0,-1
room_0811,test,9,3.547,1,0.092,0,-1
room_0811,test,10,3.959,0,0.217,0,-1
room_0811,test,11,3.931,1,0.151,0,-1
room_0811,test,12,3.566,0,0.218,0,-1
room_0811,test,13,4.139,0,0.201,0,-1
room_0812,train,0,3.936,0,0.255,0,-1
room_0812,train,1,4.064,0,0.177,0,-1
room_0812,train,2,3.463,0,0.209,0,-1
room_0812,train,3,3.923,0,0.177,0,-1
room_0812,train,4,3.028,0,0.171,0,-1
room_0812,train,5,3.789,0,0.258,0,-1
room_0812,train,6,4.333,0,0.151,0,-1
room_0812,train,7,3.753,0,0.18,0,-1
room_0812,train,8,3.745,0,0.185,0,-1
room_0812,train,9,3.813,0,0.166,0,-1
room_0812,train,10,4.521,0,0.2,0,-1
room_0812,train,11,3.504,0,0.179,0,-1
room_0812,train,12,3.956,0,0.164,0,-1
room_0812,train,13,3.868,0,0.155,0,-1
room_0812,train,14,3.98,0,0.189,0,-1
room_0813,test,0,3.78,0,0.218,0,-1
room_0813,test,1,3.733,0,0.183,0,-1
room_0813,test,2,3.868,0,0.27,0,-1
room_0813,test,3,3.295,0,0.228,0,-1
room_0813,test,4,3.977,0,0.233,0,-1
room_0813,test,5,4.777,0,0.218,0,-1
room_0813,test,6,4.012,0,0.108,0,-1
room_0813,test,7,3.367,0,0.197,0,-1
room_0813,test,8,9.765,0,0.244,0,-1
room_0813,test,9,3.69,0,0.266,0,-1
room_0813,test,10,4.202,1,0.213,0,-1
room_0813,test,11,4.284,0,0.239,0,-1
room_0814,train,0,3.99,0,0.202,1,8
room_0814,train,1,3.553,0,0.135,1,8
room_0814,train,2,3.311,1,0.112,1,8
room_0814,train,3,3.894,0,0.207,1,8
room_0814,train,4,3.885,0,0.162,1,8
room_0814,train,5,4.046,0,0.174,1,8
room_0814,train,6,4.665,0,0.187,1,8
room_0814,train,7,4.189,1,0.128,1,8
room_0814,train,8,10.709,1,0.857,1,8
room_0814,train,9,4.047,0,0.132,1,8
room_0814,train,10,3.389,0,0.199,1,8
room_0814,train,11,4.432,0,0.201,1,8
room_0814,train,12,3.597,0,0.162,1,8
room_0814,train,13,3.875,0,0.109,1,8
room_0814,train,14,4.482,0,0.24,1,8
room_0814,train,15,3.891,0,0.215,1,8
room_0814,train,16,3.727,0,0.152,1,8
room_0814,train,17,3.359,0,0.232,1,8
room_0815,train,0,3.782,1,0.218,1,1
room_0815,train,1,9.678,1,0.79,1,1
room_0815,train,2,4.814,0,0.207,1,1
room_0815,train,3,4.3,0,0.117,1,1
room_0815,train,4,3.566,0,0.212,1,1
room_0815,train,5,3.692,0,0.162,1,1
room_0815,train,6,3.955,0,0.208,1,1
room_0815,train,7,4.477,0,0.124,1,1
room_0815,train,8,3.983,0,0.134,1,1
room_0815,train,9,3.996,0,0.208,1,1
room_0815,train,10,3.637,0,0.233,1,1
room_0815,train,11,4.274,0,0.203,1,1
room_0815,train,12,4.119,0,0.152,1,1
room_0815,train,13,3.629,0,0.184,1,1
room_0815,train,14,4.383,0,0.23,1,1
room_0815,train,15,4.303,0,0.234,1,1
room_0815,train,16,4.185,0,0.238,1,1
room_0816,train,0,3.781,0,0.237,1,11
room_0816,train,1,4.007,0,0.194,1,11
room_0816,train,2,3.982,0,0.156,1,11
room_0816,train,3,3.386,0,0.158,1,11
room_0816,train,4,4.761,0,0.195,1,11
room_0816,train,5,3.63,0,0.218,1,11
room_0816,train,6,3.905,1,0.164,1,11
room_0816,train,7,4.129,0,0.223,1,11
room_0816,train,8,3.824,0,0.26,1,11
room_0816,train,9,3.857,0,0.197,1,11
room_0816,train,10,3.324,0,0.196,1,11
room_0816,train,11,9.395,1,0.721,1,11
room_0816,train,12,3.899,0,0.197,1,11
room_0816,train,13,4.229,0,0.26,1,11
room_0816,train,14,4.212,0,0.243,1,11
room_0816,train,15,4.188,0,0.239,1,11
room_0816,train,16,3.379,0,0.176,1,11
room_0817,test,0,3.918,0,0.25,1,1
room_0817,test,1,10.533,1,0.787,1,1
room_0817,test,2,3.194,0,0.226,1,1
room_0817,test,3,4.642,0,0.332,1,1
room_0817,test,4,3.749,0,0.223,1,1
room_0817,test,5,4.418,0,0.201,1,1
room_0817,test,6,3.35,0,0.179,1,1
room_0817,test,7,3.413,0,0.176,1,1
room_0817,test,8,4.106,0,0.266,1,1
room_0817,test,9,3.769,0,0.195,1,1
room_0817,test,10,4.04,1,0.207,1,1
room_0817,test,11,3.714,0,0.226,1,1
room_0817,test,12,4.303,0,0.185,1,1
room_0817,test,13,4.246,0,0.234,1,1
room_0817,test,14,4.533,0,0.196,1,1
room_0818,train,0,3.565,0,0.212,0,-1
room_0818,train,1,4.438,0,0.224,0,-1
room_0818,train,2,4.098,0,0.203,0,-1
room_0818,train,3,3.657,0,0.236,0,-1
room_0818,train,4,4.405,0,0.271,0,-1
room_0818,train,5,2.77,0,0.226,0,-1
room_0818,train,6,4.294,0,0.207,0,-1
room_0818,train,7,3.729,0,0.121,0,-1
room_0818,train,8,3.788,0,0.198,0,-1
room_0818,train,9,4.069,0,0.1,0,-1
room_0818,train,10,3.281,0,0.172,0,-1
room_0818,train,11,3.556,0,0.313,0,-1
room_0818,train,12,3.614,0,0.149,0,-1
room_0818,train,13,3.851,0,0.215,0,-1
room_0818,train,14,4.0,0,0.145,0,-1
room_0818,train,15,3.713,0,0.222,0,-1
room_0819,train,0,3.821,0,0.261,0,-1
room_0819,train,1,9.315,0,0.19,0,-1
room_0819,train,2,3.296,0,0.254,0,-1
room_0819,train,3,4.673,0,0.269,0,-1
room_0819,train,4,4.32,0,0.186,0,-1
room_0819,train,5,3.916,1,0.228,0,-1
room_0819,train,6,3.959,0,0.195,0,-1
room_0819,train,7,3.978,0,0.239,0,-1
room_0819,train,8,4.36,0,0.119,0,-1
room_0820,train,0,4.451,1,0.177,1,1
room_0820,train,1,9.827,1,0.762,1,1
room_0820,train,2,4.495,0,0.214,1,1
room_0820,train,3,4.392,0,0.211,1,1
room_0820,train,4,3.984,0,0.189,1,1
room_0820,train,5,4.271,0,0.202,1,1
room_0820,train,6,3.889,0,0.25,1,1
room_0820,train,7,3.838,0,0.189,1,1
room_0820,train,8,4.518,1,0.202,1,1
room_0821,train,0,4.295,0,0.106,1,2
room_0821,train,1,4.651,0,0.206,1,2
room_0821,train,2,10.002,1,0.898,1,2
room_0821,train,3,4.217,0,0.218,1,2
room_0821,train,4,3.777,0,0.186,1,2
room_0821,train,5,3.992,0,0.187,1,2
room_0821,train,6,3.76,0,0.148,1,2
room_0821,train,7,4.162,0,0.251,1,2
room_0821,train,8,4.473,0,0.194,1,2
room_0821,train,9,3.44,0,0.277,1,2
room_0821,train,10,4.131,0,0.184,1,2
room_0821,train,11,3.814,0,0.217,1,2
room_0821,train,12,4.231,1,0.111,1,2
room_0821,train,13,3.51,0,0.243,1,2
room_0821,train,14,3.303,0,0.206,1,2
room_0821,train,15,3.811,0,0.292,1,2
room_0821,train,16,4.386,0,0.204,1,2
room_0822,train,0,3.7,0,0.288,1,6
room_0822,train,1,3.58,0,0.129,1,6
room_0822,train,2,3.754,0,0.192,1,6
room_0822,train,3,5.053,0,0.238,1,6
room_0822,train,4,4.293,0,0.14,1,6
room_0822,train,5,3.951,0,0.156,1,6
room_0822,train,6,9.705,1,0.732,1,6
room_0822,train,7,3.068,0,0.223,1,6
room_0822,train,8,3.352,0,0.253,1,6
room_0822,train,9,3.413,0,0.204,1,6
room_0822,train,10,3.764,0,0.188,1,6
room_0822,train,11,3.623,0,0.162,1,6
room_0822,train,12,4.281,0,0.214,1,6
room_0822,train,13,4.412,0,0.168,1,6
room_0822,train,14,4.248,0,0.269,1,6
room_0822,train,15,4.166,0,0.235,1,6
room_0822,train,16,3.699,0,0.184,1,6
room_0822,train,17,4.586,1,0.192,1,6
room_0823,train,0,4.346,0,0.216,0,-1
room_0823,train,1,3.317,1,0.097,0,-1
room_0823,train,2,3.931,0,0.213,0,-1
room_0823,train,3,4.684,0,0.17,0,-1
room_0823,train,4,4.094,1,0.755,0,-1
room_0823,train,5,4.07,0,0.243,0,-1
room_0823,train,6,4.768,0,0.217,0,-1
room_0823,train,7,4.056,0,0.236,0,-1
room_0824,train,0,3.914,1,0.111,0,-1
room_0824,train,1,4.416,0,0.188,0,-1
room_0824,train,2,3.788,0,0.172,0,-1
room_0824,train,3,4.765,0,0.13,0,-1
room_0824,train,4,4.238,0,0.203,0,-1
room_0824,train,5,3.947,0,0.305,0,-1
room_0824,train,6,3.61,0,0.21,0,-1
room_0824,train,7,3.784,0,0.211,0,-1
room_0824,train,8,3.876,0,0.212,0,-1
room_0824,train,9,3.754,0,0.2,0,-1
room_0824,train,10,4.885,0,0.172,0,-1
room_0824,train,11,4.285,0,0.229,0,-1
room_0825,train,0,3.758,0,0.259,0,-1
room_0825,train,1,9.646,0,0.209,0,-1
room_0825,train,2,4.164,0,0.199,0,-1
room_0825,train,3,3.478,0,0.218,0,-1
room_0825,train,4,4.247,0,0.259,0,-1
room_0825,train,5,4.47,0,0.149,0,-1
room_0825,train,6,3.665,0,0.183,0,-1
room_0825,train,7,4.101,0,0.123,0,-1
room_0825,train,8,4.12,0,0.186,0,-1
room_0825,train,9,3.694,0,0.233,0,-1
room_0825,train,10,3.808,0,0.208,0,-1
room_0825,train,11,4.091,0,0.231,0,-1
room_0826,train,0,4.636,0,0.216,1,3
room_0826,train,1,4.164,0,0.152,1,3
room_0826,train,2,3.621,0,0.239,1,3
room_0826,train,3,11.0,1,0.784,1,3
room_0826,train,4,3.799,0,0.092,1,3
room_0826,train,5,3.586,0,0.142,1,3
room_0826,train,6,4.455,0,0.201,1,3
room_0826,train,7,3.796,0,0.242,1,3
room_0827,train,0,4.007,0,0.195,1,8
room_0827,train,1,4.639,0,0.211,1,8
room_0827,train,2,3.426,0,0.182,1,8
room_0827,train,3,4.031,0,0.208,1,8
room_0827,train,4,4.203,0,0.32,1,8
room_0827,train,5,4.643,0,0.218,1,8
room_0827,train,6,3.796,0,0.234,1,8
room_0827,train,7,4.461,0,0.169,1,8
room_0827,train,8,9.868,1,0.915,1,8
room_0827,train,9,3.79,0,0.185,1,8
room_0827,train,10,4.093,0,0.17,1,8
room_0827,train,11,3.698,0,0.191,1,8
room_0828,train,0,4.834,0,0.162,1,5
room_0828,train,1,4.477,1,0.281,1,5
room_0828,train,2,4.97,0,0.212,1,5
room_0828,train,3,3.945,0,0.254,1,5
room_0828,train,4,3.733,0,0.197,1,5
room_0828,train,5,10.09,1,0.732,1,5
room_0828,train,6,3.508,0,0.127,1,5
room_0828,train,7,4.095,0,0.165,1,5
room_0829,train,0,3.736,0,0.195,1,8
room_0829,train,1,3.73,0,0.209,1,8
room_0829,train,2,4.462,0,0.209,1,8
room_0829,train,3,4.359,0,0.299,1,8
room_0829,train,4,4.506,0,0.255,1,8
room_0829,train,5,4.838,0,0.189,1,8
room_0829,train,6,4.571,0,0.206,1,8
room_0829,train,7,3.789,0,0.258,1,8
room_0829,train,8,9.991,1,0.816,1,8
room_0829,train,9,4.376,0,0.178,1,8
room_0829,train,10,4.093,1,0.188,1,8
room_0829,train,11,3.992,0,0.259,1,8
room_0829,train,12,4.32,0,0.285,1,8
room_0829,train,13,3.627,0,0.185,1,8
room_0829,train,14,3.556,0,0.216,1,8
room_0829,train,15,4.025,0,0.227,1,8
room_0829,train,16,4.162,0,0.116,1,8
room_0830,test,0,4.375,0,0.193,0,-1
room_0830,test,1,4.377,0,0.234,0,-1
room_0830,test,2,4.575,0,0.215,0,-1
room_0830,test,3,4.471,1,0.201,0,-1
room_0830,test,4,3.616,0,0.194,0,-1
room_0830,test,5,3.443,0,0.276,0,-1
room_0830,test,6,4.132,0,0.311,0,-1
room_0830,test,7,4.919,0,0.206,0,-1
room_0830,test,8,4.57,0,0.282,0,-1
room_0830,test,9,3.146,0,0.212,0,-1
room_0830,test,10,3.834,0,0.204,0,-1
room_0830,test,11,4.129,0,0.141,0,-1
room_0830,test,12,4.378,0,0.164,0,-1
room_0830,test,13,4.025,0,0.242,0,-1
room_0831,train,0,3.753,0,0.185,0,-1
room_0831,train,1,3.437,0,0.201,0,-1
room_0831,train,2,3.463,0,0.191,0,-1
room_0831,train,3,4.621,0,0.115,0,-1
room_0831,train,4,4.164,0,0.248,0,-1
room_0831,train,5,3.637,0,0.196,0,-1
room_0831,train,6,3.96,0,0.153,0,-1
room_0831,train,7,4.021,0,0.208,0,-1
room_0831,train,8,4.162,0,0.213,0,-1
room_0831,train,9,3.611,0,0.169,0,-1
room_0831,train,10,4.19,0,0.261,0,-1
room_0831,train,11,3.811,0,0.221,0,-1
room_0831,train,12,4.123,0,0.257,0,-1
room_0831,train,13,3.41,0,0.173,0,-1
room_0831,train,14,10.37,0,0.149,0,-1
room_0831,train,15,4.59,0,0.207,0,-1
room_0831,train,16,4.048,0,0.235,0,-1
room_0832,test,0,3.751,0,0.29,1,5
room_0832,test,1,4.881,0,0.135,1,5
room_0832,test,2,3.728,0,0.156,1,5
room_0832,test,3,3.625,0,0.126,1,5
room_0832,test,4,3.279,0,0.323,1,5
room_0832,test,5,10.188,1,0.784,1,5
room_0832,test,6,3.438,0,0.276,1,5
room_0832,test,7,4.014,0,0.181,1,5
room_0832,test,8,3.985,0,0.19,1,5
room_0832,test,9,3.655,0,0.241,1,5
room_0832,test,10,4.364,1,0.215,1,5
room_0832,test,11,4.187,0,0.173,1,5
room_0832,test,12,3.957,0,0.214,1,5
room_0832,test,13,4.261,0,0.196,1,5
room_0832,test,14,4.011,0,0.261,1,5
room_0832,test,15,3.174,0,0.19,1,5
room_0832,test,16,3.178,0,0.158,1,5
room_0832,test,17,4.071,0,0.249,1,5
room_0833,test,0,3.596,0,0.053,1,5
room_0833,test,1,3.729,0,0.195,1,5
room_0833,test,2,4.196,0,0.104,1,5
room_0833,test,3,3.369,0,0.3,1,5
room_0833,test,4,3.949,0,0.23,1,5
room_0833,test,5,10.514,1,0.888,1,5
room_0833,test,6,5.045,0,0.259,1,5
room_0833,test,7,4.086,0,0.116,1,5
room_0833,test,8,3.497,0,0.202,1,5
room_0833,test,9,4.7,0,0.169,1,5
room_0833,test,10,3.496,0,0.189,1,5
room_0833,test,11,4.65,0,0.213,1,5
room_0833,test,12,3.45,0,0.117,1,5
room_0833,test,13,4.382,0,0.268,1,5
room_0833,test,14,3.871,0,0.315,1,5
room_0834,train,0,4.158,0,0.193,1,8
room_0834,train,1,3.163,0,0.236,1,8
room_0834,train,2,4.678,0,0.256,1,8
room_0834,train,3,4.424,0,0.119,1,8
room_0834,train,4,3.807,0,0.242,1,8
room_0834,train,5,3.446,0,0.208,1,8
room_0834,train,6,3.166,0,0.186,1,8
room_0834,train,7,4.675,0,0.234,1,8
room_0834,train,8,10.824,1,0.825,1,8
room_0834,train,9,4.078,0,0.12,1,8
room_0834,train,10,4.537,0,0.123,1,8
room_0834,train,11,3.632,1,0.106,1,8
room_0834,train,12,4.552,0,0.229,1,8
room_0834,train,13,2.791,0,0.16,1,8
room_0834,train,14,4.161,0,0.176,1,8
room_0834,train,15,4.116,0,0.173,1,8
room_0834,train,16,3.316,0,0.113,1,8
room_0835,train,0,3.895,0,0.254,1,2
room_0835,train,1,3.945,0,0.208,1,2
room_0835,train,2,9.451,1,0.932,1,2
room_0835,train,3,3.669,0,0.216,1,2
room_0835,train,4,3.508,0,0.242,1,2
room_0835,train,5,4.417,0,0.207,1,2
room_0835,train,6,3.558,0,0.165,1,2
room_0835,train,7,3.7,0,0.154,1,2
room_0835,train,8,4.546,0,0.271,1,2
room_0836,train,0,4.074,0,0.218,0,-1
room_0836,train,1,3.276,0,0.182,0,-1
room_0836,train,2,3.681,0,0.13,0,-1
room_0836,train,3,4.019,0,0.195,0,-1
room_0836,train,4,3.582,0,0.205,0,-1
room_0836,train,5,4.069,0,0.154,0,-1
room_0836,train,6,4.078,0,0.11,0,-1
room_0836,train,7,4.163,0,0.16,0,-1
room_0836,train,8,4.196,0,0.163,0,-1
room_0836,train,9,3.135,0,0.139,0,-1
room_0836,train,10,3.989,0,0.203,0,-1
room_0836,train,11,3.721,0,0.235,0,-1
room_0836,train,12,3.648,0,0.159,0,-1
room_0836,train,13,3.804,0,0.225,0,-1
room_0836,train,14,3.79,0,0.192,0,-1
room_0837,train,0,3.86,0,0.22,1,7
room_0837,train,1,4.376,0,0.1,1,7
room_0837,train,2,4.803,0,0.212,1,7
room_0837,train,3,3.811,0,0.179,1,7
room_0837,train,4,3.92,0,0.191,1,7
room_0837,train,5,4.003,0,0.2,1,7
room_0837,train,6,4.144,0,0.231,1,7
room_0837,train,7,9.544,1,0.924,1,7
room_0837,train,8,3.667,1,0.163,1,7
room_0837,train,9,4.609,0,0.233,1,7
room_0838,train,0,4.791,0,0.206,0,-1
room_0838,train,1,4.025,0,0.2,0,-1
room_0838,train,2,3.782,0,0.181,0,-1
room_0838,train,3,4.528,0,0.114,0,-1
room_0838,train,4,4.791,0,0.199,0,-1
room_0838,train,5,3.521,0,0.156,0,-1
room_0838,train,6,3.731,1,0.885,0,-1
room_0838,train,7,4.047,1,0.177,0,-1
room_0838,train,8,2.937,0,0.139,0,-1
room_0838,train,9,4.216,0,0.167,0,-1
room_0838,train,10,3.023,0,0.155,0,-1
room_0838,train,11,4.529,1,0.173,0,-1
room_0839,train,0,4.156,0,0.133,0,-1
room_0839,train,1,4.164,0,0.225,0,-1
room_0839,train,2,4.738,0,0.255,0,-1
room_0839,train,3,3.974,1,0.155,0,-1
room_0839,train,4,4.468,0,0.193,0,-1
room_0839,train,5,4.0,0,0.149,0,-1
room_0839,train,6,4.406,0,0.25,0,-1
room_0839,train,7,3.719,0,0.202,0,-1
room_0839,train,8,4.406,0,0.247,0,-1
room_0839,train,9,4.233,0,0.2,0,-1
room_0839,train,10,4.885,0,0.283,0,-1
room_0839,train,11,3.966,1,0.215,0,-1
room_0839,train,12,4.488,0,0.289,0,-1
room_0839,train,13,4.05,0,0.229,0,-1
room_0840,train,0,4.769,0,0.105,1,3
room_0840,train,1,4.057,0,0.223,1,3
room_0840,train,2,4.31,0,0.195,1,3
room_0840,train,3,9.247,1,0.85,1,3
room_0840,train,4,3.508,0,0.117,1,3
room_0840,train,5,4.273,0,0.056,1,3
room_0840,train,6,4.97,0,0.204,1,3
room_0840,train,7,4.462,0,0.121,1,3
room_0840,train,8,4.687,1,0.226,1,3
room_0840,train,9,3.415,0,0.205,1,3
room_0840,train,10,3.732,0,0.264,1,3
room_0840,train,11,4.35,0,0.212,1,3
room_0840,train,12,3.92,0,0.099,1,3
room_0840,train,13,4.28,0,0.237,1,3
room_0840,train,14,4.452,0,0.181,1,3
room_0840,train,15,4.051,0,0.257,1,3
room_0840,train,16,3.696,0,0.166,1,3
room_0841,train,0,3.896,0,0.185,1,10
room_0841,train,1,4.554,0,0.189,1,10
room_0841,train,2,4.422,0,0.271,1,10
room_0841,train,3,4.048,0,0.211,1,10
room_0841,train,4,4.331,0,0.203,1,10
room_0841,train,5,4.39,0,0.253,1,10
room_0841,train,6,4.731,0,0.112,1,10
room_0841,train,7,4.695,0,0.197,1,10
room_0841,train,8,4.677,1,0.246,1,10
room_0841,train,9,3.867,0,0.109,1,10
room_0841,train,10,10.966,1,0.778,1,10
room_0841,train,11,4.036,0,0.251,1,10
room_0841,train,12,4.402,0,0.231,1,10
room_0841,train,13,3.577,0,0.132,1,10
room_0841,train,14,3.649,0,0.159,1,10
room_0841,train,15,4.099,0,0.264,1,10
room_0842,train,0,4.778,0,0.238,0,-1
room_0842,train,1,4.167,0,0.226,0,-1
room_0842,train,2,3.778,0,0.132,0,-1
room_0842,train,3,4.248,0,0.208,0,-1
room_0842,train,4,4.12,0,0.153,0,-1
room_0842,train,5,4.773,0,0.283,0,-1
room_0842,train,6,4.381,0,0.197,0,-1
room_0842,train,7,3.555,1,0.232,0,-1
room_0842,train,8,3.678,0,0.21,0,-1
room_0843,train,0,3.332,0,0.235,0,-1
room_0843,train,1,10.595,0,0.153,0,-1
room_0843,train,2,4.66,0,0.191,0,-1
room_0843,train,3,4.564,0,0.147,0,-1
room_0843,train,4,3.957,0,0.181,0,-1
room_0843,train,5,3.819,0,0.201,0,-1
room_0843,train,6,4.103,0,0.074,0,-1
room_0843,train,7,3.803,1,0.241,0,-1
room_0843,train,8,3.105,0,0.201,0,-1
room_0844,train,0,4.167,0,0.225,0,-1
room_0844,train,1,4.446,1,0.819,0,-1
room_0844,train,2,3.611,1,0.126,0,-1
room_0844,train,3,3.593,0,0.187,0,-1
room_0844,train,4,3.502,0,0.208,0,-1
room_0844,train,5,3.916,0,0.163,0,-1
room_0844,train,6,3.235,0,0.236,0,-1
room_0844,train,7,3.76,0,0.183,0,-1
room_0845,train,0,3.587,1,0.119,0,-1
room_0845,train,1,3.829,0,0.216,0,-1
room_0845,train,2,3.756,0,0.268,0,-1
room_0845,train,3,4.41,0,0.269,0,-1
room_0845,train,4,4.033,0,0.176,0,-1
room_0845,train,5,4.33,0,0.222,0,-1
room_0845,train,6,3.638,0,0.183,0,-1
room_0845,train,7,4.437,0,0.17,0,-1
room_0845,train,8,3.7,0,0.21,0,-1
room_0845,train,9,4.468,0,0.2,0,-1
room_0846,train,0,3.963,0,0.129,1,2
room_0846,train,1,3.54,0,0.204,1,2
room_0846,train,2,10.912,1,0.722,1,2
room_0846,train,3,3.65,0,0.212,1,2
room_0846,train,4,3.706,0,0.203,1,2
room_0846,train,5,3.994,0,0.202,1,2
room_0846,train,6,3.682,0,0.159,1,2
room_0846,train,7,3.566,0,0.279,1,2
room_0846,train,8,4.463,0,0.213,1,2
room_0847,train,0,4.716,0,0.194,1,10
room_0847,train,1,4.281,0,0.206,1,10
room_0847,train,2,4.248,0,0.177,1,10
room_0847,train,3,4.006,0,0.197,1,10
room_0847,train,4,4.21,0,0.133,1,10
room_0847,train,5,3.94,0,0.255,1,10
room_0847,train,6,4.084,0,0.215,1,10
room_0847,train,7,3.772,0,0.111,1,10
room_0847,train,8,3.45,0,0.159,1,10
room_0847,train,9,3.976,0,0.196,1,10
room_0847,train,10,10.211,1,0.878,1,10
room_0847,train,11,3.924,0,0.192,1,10
room_0847,train,12,4.156,0,0.155,1,10
room_0847,train,13,4.713,0,0.194,1,10
room_0847,train,14,4.14,0,0.202,1,10
room_0847,train,15,4.786,0,0.193,1,10
room_0847,train,16,3.614,0,0.213,1,10
room_0848,train,0,3.507,0,0.25,1,12
room_0848,train,1,4.456,0,0.215,1,12
room_0848,train,2,4.495,0,0.245,1,12
room_0848,train,3,3.337,0,0.284,1,12
room_0848,train,4,3.979,1,0.29,1,12
room_0848,train,5,4.616,0,0.161,1,12
room_0848,train,6,4.451,0,0.281,1,12
room_0848,train,7,3.7,0,0.24,1,12
room_0848,train,8,4.597,1,0.182,1,12
room_0848,train,9,3.658,0,0.22,1,12
room_0848,train,10,3.678,0,0.127,1,12
room_0848,train,11,4.734,0,0.201,1,12
room_0848,train,12,10.531,1,0.756,1,12
room_0848,train,13,3.988,0,0.234,1,12
room_0849,train,0,3.031,0,0.156,1,2
room_0849,train,1,4.044,0,0.213,1,2
room_0849,train,2,10.782,1,0.778,1,2
room_0849,train,3,4.669,0,0.256,1,2
room_0849,train,4,4.81,0,0.237,1,2
room_0849,train,5,4.535,0,0.161,1,2
room_0849,train,6,3.666,0,0.183,1,2
room_0849,train,7,2.965,0,0.229,1,2
room_0849,train,8,3.667,0,0.205,1,2
room_0849,train,9,4.318,0,0.194,1,2
room_0849,train,10,4.068,0,0.237,1,2
room_0849,train,11,4.352,0,0.224,1,2
room_0849,train,12,3.836,0,0.193,1,2
room_0849,train,13,4.444,0,0.123,1,2
room_0849,train,14,3.724,0,0.196,1,2
room_0850,train,0,3.884,0,0.221,1,1
room_0850,train,1,10.004,1,0.736,1,1
room_0850,train,2,3.554,0,0.219,1,1
room_0850,train,3,3.946,0,0.22,1,1
room_0850,train,4,3.827,0,0.213,1,1
room_0850,train,5,3.242,0,0.217,1,1
room_0850,train,6,3.88,0,0.205,1,1
room_0850,train,7,4.754,1,0.206,1,1
room_0850,train,8,3.78,0,0.198,1,1
room_0850,train,9,3.843,0,0.195,1,1
room_0850,train,10,4.99,0,0.217,1,1
room_0850,train,11,3.332,0,0.175,1,1
room_0850,train,12,4.18,0,0.231,1,1
room_0851,train,0,3.43,0,0.181,0,-1
room_0851,train,1,3.741,0,0.127,0,-1
room_0851,train,2,3.948,0,0.174,0,-1
room_0851,train,3,3.815,0,0.216,0,-1
room_0851,train,4,4.248,0,0.256,0,-1
room_0851,train,5,4.24,0,0.269,0,-1
room_0851,train,6,4.873,0,0.268,0,-1
room_0851,train,7,4.331,0,0.165,0,-1
room_0851,train,8,3.718,0,0.206,0,-1
room_0851,train,9,4.327,0,0.217,0,-1
room_0851,train,10,3.743,0,0.2,0,-1
room_0851,train,11,3.349,0,0.301,0,-1
room_0851,train,12,2.885,0,0.196,0,-1
room_0852,train,0,3.953,0,0.24,0,-1
room_0852,train,1,3.745,0,0.146,0,-1
room_0852,train,2,4.021,0,0.117,0,-1
room_0852,train,3,3.683,0,0.124,0,-1
room_0852,train,4,3.658,0,0.173,0,-1
room_0852,train,5,9.378,0,0.128,0,-1
room_0852,train,6,3.692,0,0.127,0,-1
room_0852,train,7,3.926,1,0.139,0,-1
room_0852,train,8,3.093,0,0.203,0,-1
room_0853,train,0,4.621,0,0.158,0,-1
room_0853,train,1,4.259,0,0.208,0,-1
room_0853,train,2,3.66,0,0.162,0,-1
room_0853,train,3,3.644,0,0.176,0,-1
room_0853,train,4,4.052,0,0.12,0,-1
room_0853,train,5,3.557,0,0.235,0,-1
room_0853,train,6,4.253,0,0.245,0,-1
room_0853,train,7,3.967,0,0.208,0,-1
room_0853,train,8,4.553,0,0.133,0,-1
room_0853,train,9,4.144,1,0.942,0,-1
room_0853,train,10,4.257,0,0.151,0,-1
room_0853,train,11,3.286,0,0.17,0,-1
room_0854,train,0,4.393,0,0.126,0,-1
room_0854,train,1,4.617,0,0.196,0,-1
room_0854,train,2,3.03,1,0.215,0,-1
room_0854,train,3,4.261,0,0.23,0,-1
room_0854,train,4,4.204,0,0.161,0,-1
room_0854,train,5,4.288,0,0.143,0,-1
room_0854,train,6,3.324,0,0.203,0,-1
room_0854,train,7,4.01,0,0.249,0,-1
room_0854,train,8,4.161,0,0.225,0,-1
room_0854,train,9,3.612,0,0.192,0,-1
room_0854,train,10,4.419,0,0.165,0,-1
room_0854,train,11,4.028,0,0.285,0,-1
room_0854,train,12,3.945,0,0.167,0,-1
room_0854,train,13,4.066,0,0.182,0,-1
room_0854,train,14,3.48,0,0.155,0,-1
room_0854,train,15,4.094,0,0.167,0,-1
room_0854,train,16,3.936,1,0.236,0,-1
room_0854,train,17,4.996,0,0.159,0,-1
room_0855,train,0,3.61,0,0.173,1,11
room_0855,train,1,4.115,0,0.134,1,11
room_0855,train,2,3.774,0,0.289,1,11
room_0855,train,3,4.682,0,0.236,1,11
room_0855,train,4,2.963,0,0.207,1,11
room_0855,train,5,4.048,0,0.175,1,11
room_0855,train,6,3.057,0,0.247,1,11
room_0855,train,7,3.582,0,0.273,1,11
room_0855,train,8,4.576,0,0.167,1,11
room_0855,train,9,4.358,0,0.176,1,11
room_0855,train,10,3.839,0,0.269,1,11
room_0855,train,11,9.234,1,0.809,1,11
room_0855,train,12,3.855,0,0.251,1,11
room_0855,train,13,4.438,0,0.196,1,11
room_0855,train,14,4.496,0,0.156,1,11
room_0855,train,15,4.139,0,0.319,1,11
room_0856,train,0,4.187,1,0.172,0,-1
room_0856,train,1,4.016,0,0.226,0,-1
room_0856,train,2,3.826,0,0.169,0,-1
room_0856,train,3,3.444,0,0.241,0,-1
room_0856,train,4,4.12,0,0.234,0,-1
room_0856,train,5,4.25,1,0.774,0,-1
room_0856,train,6,3.954,0,0.152,0,-1
room_0856,train,7,3.201,0,0.217,0,-1
room_0856,train,8,5.036,0,0.202,0,-1
room_0856,train,9,4.723,0,0.212,0,-1
room_0856,train,10,4.158,0,0.184,0,-1
room_0856,train,11,4.078,0,0.2,0,-1
room_0856,train,12,3.923,0,0.136,0,-1
room_0857,train,0,4.21,0,0.219,0,-1
room_0857,train,1,3.802,0,0.17,0,-1
room_0857,train,2,4.322,0,0.183,0,-1
room_0857,train,3,3.601,0,0.18,0,-1
room_0857,train,4,4.316,0,0.247,0,-1
room_0857,train,5,3.8,0,0.232,0,-1
room_0857,train,6,4.518,0,0.212,0,-1
room_0857,train,7,3.722,0,0.214,0,-1
room_0858,train,0,3.902,0,0.18,1,14
room_0858,train,1,3.702,0,0.256,1,14
room_0858,train,2,3.092,0,0.093,1,14
room_0858,train,3,4.211,0,0.178,1,14
room_0858,train,4,3.648,0,0.19,1,14
room_0858,train,5,4.247,0,0.203,1,14
room_0858,train,6,3.881,0,0.183,1,14
room_0858,train,7,3.594,1,0.149,1,14
room_0858,train,8,3.222,0,0.194,1,14
room_0858,train,9,4.366,0,0.201,1,14
room_0858,train,10,3.67,0,0.16,1,14
room_0858,train,11,3.764,0,0.18,1,14
room_0858,train,12,3.833,0,0.185,1,14
room_0858,train,13,3.492,0,0.246,1,14
room_0858,train,14,9.011,1,0.948,1,14
room_0858,train,15,2.821,0,0.259,1,14
room_0858,train,16,4.655,1,0.233,1,14
room_0859,train,0,4.472,0,0.278,1,4
room_0859,train,1,4.261,0,0.14,1,4
room_0859,train,2,4.002,0,0.185,1,4
room_0859,train,3,4.86,0,0.149,1,4
room_0859,train,4,10.161,1,0.782,1,4
room_0859,train,5,3.991,0,0.21,1,4
room_0859,train,6,4.131,0,0.135,1,4
room_0859,train,7,4.222,0,0.134,1,4
room_0859,train,8,4.199,0,0.261,1,4
room_0859,train,9,3.941,0,0.21,1,4
room_0860,train,0,3.689,0,0.179,0,-1
room_0860,train,1,3.752,1,0.175,0,-1
room_0860,train,2,4.154,1,0.259,0,-1
room_0860,train,3,3.057,0,0.151,0,-1
room_0860,train,4,3.822,0,0.247,0,-1
room_0860,train,5,3.732,0,0.17,0,-1
room_0860,train,6,3.98,0,0.155,0,-1
room_0860,train,7,3.688,0,0.261,0,-1
room_0860,train,8,4.349,0,0.272,0,-1
room_0860,train,9,3.777,0,0.187,0,-1
room_0860,train,10,4.411,0,0.173,0,-1
room_0860,train,11,4.173,0,0.131,0,-1
room_0861,train,0,3.982,0,0.211,0,-1
room_0861,train,1,3.69,0,0.135,0,-1
room_0861,train,2,3.879,0,0.261,0,-1
room_0861,train,3,3.659,1,0.115,0,-1
room_0861,train,4,9.709,0,0.183,0,-1
room_0861,train,5,4.387,0,0.289,0,-1
room_0861,train,6,3.932,0,0.233,0,-1
room_0861,train,7,3.458,0,0.15,0,-1
room_0862,train,0,3.783,0,0.12,0,-1
room_0862,train,1,3.749,0,0.212,0,-1
room_0862,train,2,3.714,0,0.166,0,-1
room_0862,train,3,3.841,0,0.304,0,-1
room_0862,train,4,3.896,1,0.896,0,-1
room_0862,train,5,3.735,0,0.184,0,-1
room_0862,train,6,4.914,0,0.181,0,-1
room_0862,train,7,4.496,0,0.224,0,-1
room_0862,train,8,4.455,0,0.23,0,-1
room_0862,train,9,3.976,0,0.228,0,-1
room_0862,train,10,4.339,0,0.256,0,-1
room_0862,train,11,4.622,0,0.28,0,-1
room_0862,train,12,3.51,0,0.115,0,-1
room_0862,train,13,4.372,0,0.131,0,-1
room_0862,train,14,4.272,0,0.241,0,-1
room_0862,train,15,4.259,0,0.184,0,-1
room_0862,train,16,4.166,1,0.233,0,-1
room_0862,train,17,4.272,0,0.264,0,-1
room_0863,train,0,4.265,0,0.333,1,2
room_0863,train,1,4.585,0,0.196,1,2
room_0863,train,2,9.781,1,0.737,1,2
room_0863,train,3,4.784,0,0.2,1,2
room_0863,train,4,4.301,0,0.134,1,2
room_0863,train,5,3.896,0,0.192,1,2
room_0863,train,6,3.948,0,0.241,1,2
room_0863,train,7,4.945,0,0.25,1,2
room_0864,train,0,3.496,0,0.201,0,-1
room_0864,train,1,3.82,0,0.21,0,-1
room_0864,train,2,10.209,0,0.133,0,-1
room_0864,train,3,3.678,0,0.169,0,-1
room_0864,train,4,3.701,0,0.193,0,-1
room_0864,train,5,4.833,0,0.232,0,-1
room_0864,train,6,3.787,1,0.195,0,-1
room_0864,train,7,4.502,0,0.237,0,-1
room_0864,train,8,4.716,0,0.175,0,-1
room_0864,train,9,3.001,0,0.181,0,-1
room_0864,train,10,4.145,0,0.23,0,-1
room_0864,train,11,3.933,0,0.195,0,-1
room_0864,train,12,4.393,0,0.194,0,-1
room_0864,train,13,3.906,0,0.184,0,-1
room_0864,train,14,4.01,0,0.165,0,-1
room_0865,train,0,3.99,0,0.185,1,2
room_0865,train,1,3.339,0,0.258,1,2
room_0865,train,2,10.786,1,0.899,1,2
room_0865,train,3,4.027,0,0.283,1,2
room_0865,train,4,4.429,0,0.212,1,2
room_0865,train,5,4.842,0,0.177,1,2
room_0865,train,6,4.14,0,0.22,1,2
room_0865,train,7,4.021,0,0.227,1,2
room_0865,train,8,3.636,0,0.212,1,2
room_0865,train,9,5.148,0,0.248,1,2
room_0865,train,10,3.952,0,0.215,1,2
room_0865,train,11,4.232,0,0.316,1,2
room_0865,train,12,4.154,1,0.172,1,2
room_0865,train,13,3.818,0,0.166,1,2
room_0866,test,0,2.888,0,0.155,0,-1
room_0866,test,1,3.705,0,0.138,0,-1
room_0866,test,2,4.113,0,0.189,0,-1
room_0866,test,3,3.063,0,0.249,0,-1
room_0866,test,4,4.249,0,0.103,0,-1
room_0866,test,5,4.408,0,0.214,0,-1
room_0866,test,6,4.671,0,0.277,0,-1
room_0866,test,7,3.814,0,0.233,0,-1
room_0866,test,8,3.606,0,0.123,0,-1
room_0866,test,9,3.865,0,0.146,0,-1
room_0867,train,0,3.492,0,0.174,1,3
room_0867,train,1,4.566,0,0.21,1,3
room_0867,train,2,3.592,0,0.216,1,3
room_0867,train,3,10.219,1,0.94,1,3
room_0867,train,4,3.837,0,0.212,1,3
room_0867,train,5,5.155,0,0.214,1,3
room_0867,train,6,3.264,0,0.209,1,3
room_0867,train,7,4.09,0,0.217,1,3
room_0867,train,8,3.088,0,0.195,1,3
room_0867,train,9,3.597,0,0.216,1,3
room_0867,train,10,4.1,0,0.218,1,3
room_0867,train,11,4.092,0,0.228,1,3
room_0867,train,12,3.376,0,0.121,1,3
room_0867,train,13,4.057,1,0.211,1,3
room_0868,train,0,4.42,0,0.188,0,-1
room_0868,train,1,3.815,0,0.257,0,-1
room_0868,train,2,4.572,0,0.157,0,-1
room_0868,train,3,3.338,0,0.251,0,-1
room_0868,train,4,3.907,0,0.117,0,-1
room_0868,train,5,3.939,0,0.138,0,-1
room_0868,train,6,4.394,1,0.857,0,-1
room_0868,train,7,4.531,0,0.216,0,-1
room_0868,train,8,4.228,1,0.252,0,-1
room_0868,train,9,4.701,0,0.241,0,-1
room_0868,train,10,3.83,1,0.252,0,-1
room_0869,train,0,3.718,0,0.194,0,-1
room_0869,train,1,3.723,0,0.206,0,-1
room_0869,train,2,4.464,0,0.255,0,-1
room_0869,train,3,3.714,0,0.217,0,-1
room_0869,train,4,3.853,0,0.087,0,-1
room_0869,train,5,4.19,0,0.179,0,-1
room_0869,train,6,5.137,0,0.207,0,-1
room_0869,train,7,3.713,0,0.225,0,-1
room_0870,train,0,4.638,0,0.234,1,4
room_0870,train,1,4.352,0,0.193,1,4
room_0870,train,2,4.53,0,0.224,1,4
room_0870,train,3,3.607,0,0.187,1,4
room_0870,train,4,9.072,1,0.811,1,4
room_0870,train,5,3.704,1,0.173,1,4
room_0870,train,6,3.973,1,0.106,1,4
room_0870,train,7,4.662,0,0.277,1,4
room_0870,train,8,4.619,0,0.199,1,4
room_0871,train,0,4.049,0,0.195,0,-1
room_0871,train,1,4.182,1,0.905,0,-1
room_0871,train,2,3.293,0,0.141,0,-1
room_0871,train,3,3.781,0,0.184,0,-1
room_0871,train,4,4.094,0,0.271,0,-1
room_0871,train,5,3.819,0,0.191,0,-1
room_0871,train,6,3.75,0,0.18,0,-1
room_0871,train,7,4.557,0,0.222,0,-1
room_0871,train,8,3.547,0,0.222,0,-1
room_0871,train,9,3.372,0,0.094,0,-1
room_0872,test,0,3.052,0,0.243,1,10
room_0872,test,1,4.046,0,0.144,1,10
room_0872,test,2,4.649,0,0.201,1,10
room_0872,test,3,4.145,0,0.151,1,10
room_0872,test,4,3.551,0,0.2,1,10
room_0872,test,5,3.541,0,0.163,1,10
room_0872,test,6,3.989,0,0.199,1,10
room_0872,test,7,3.846,0,0.212,1,10
room_0872,test,8,4.516,0,0.203,1,10
room_0872,test,9,3.488,0,0.189,1,10
room_0872,test,10,9.132,1,0.738,1,10
room_0872,test,11,4.384,0,0.311,1,10
room_0872,test,12,4.096,0,0.213,1,10
room_0872,test,13,4.862,0,0.187,1,10
room_0872,test,14,3.786,0,0.239,1,10
room_0872,test,15,4.465,0,0.199,1,10
room_0872,test,16,3.789,0,0.281,1,10
room_0872,test,17,3.681,0,0.18,1,10
room_0873,test,0,4.203,0,0.132,1,1
room_0873,test,1,10.852,1,0.782,1,1
room_0873,test,2,3.468,0,0.231,1,1
room_0873,test,3,4.47,0,0.217,1,1
room_0873,test,4,3.669,0,0.155,1,1
room_0873,test,5,3.735,0,0.283,1,1
room_0873,test,6,3.683,0,0.111,1,1
room_0873,test,7,3.074,0,0.235,1,1
room_0873,test,8,4.388,0,0.162,1,1
room_0873,test,9,3.472,0,0.168,1,1
room_0873,test,10,4.253,0,0.254,1,1
room_0873,test,11,3.706,0,0.189,1,1
room_0873,test,12,3.765,0,0.244,1,1
room_0873,test,13,3.713,0,0.298,1,1
room_0873,test,14,4.649,0,0.224,1,1
room_0873,test,15,4.421,0,0.167,1,1
room_0873,test,16,3.87,0,0.125,1,1
room_0874,train,0,4.331,0,0.197,0,-1
room_0874,train,1,4.1,0,0.189,0,-1
room_0874,train,2,4.711,0,0.202,0,-1
room_0874,train,3,4.452,1,0.911,0,-1
room_0874,train,4,4.064,0,0.168,0,-1
room_0874,train,5,3.518,0,0.141,0,-1
room_0874,train,6,3.333,1,0.255,0,-1
room_0874,train,7,3.983,0,0.249,0,-1
room_0874,train,8,4.589,0,0.148,0,-1
room_0874,train,9,3.647,0,0.261,0,-1
room_0874,train,10,4.011,0,0.211,0,-1
room_0874,train,11,3.737,0,0.136,0,-1
room_0874,train,12,3.313,1,0.173,0,-1
room_0874,train,13,3.95,0,0.229,0,-1
room_0874,train,14,3.778,0,0.241,0,-1
room_0874,train,15,4.268,0,0.267,0,-1
room_0875,train,0,4.327,0,0.098,0,-1
room_0875,train,1,3.546,0,0.217,0,-1
room_0875,train,2,4.553,0,0.243,0,-1
room_0875,train,3,5.692,0,0.289,0,-1
room_0875,train,4,3.912,0,0.225,0,-1
room_0875,train,5,4.06,1,0.168,0,-1
room_0875,train,6,3.565,0,0.211,0,-1
room_0875,train,7,4.053,0,0.178,0,-1
room_0875,train,8,4.072,0,0.179,0,-1
room_0875,train,9,3.416,1,0.258,0,-1
room_0875,train,10,3.707,0,0.183,0,-1
room_0875,train,11,3.933,0,0.293,0,-1
room_0875,train,12,3.582,1,0.198,0,-1
room_0875,train,13,4.358,0,0.285,0,-1
room_0875,train,14,4.255,1,0.2,0,-1
room_0875,train,15,3.63,0,0.225,0,-1
room_0876,train,0,4.085,0,0.226,1,5
room_0876,train,1,3.836,1,0.204,1,5
room_0876,train,2,3.882,0,0.261,1,5
room_0876,train,3,3.645,0,0.157,1,5
room_0876,train,4,4.924,0,0.179,1,5
room_0876,train,5,10.115,1,0.775,1,5
room_0876,train,6,3.673,0,0.218,1,5
room_0876,train,7,4.447,0,0.175,1,5
room_0876,train,8,3.97,0,0.187,1,5
room_0877,train,0,4.545,0,0.238,0,-1
room_0877,train,1,4.362,0,0.283,0,-1
room_0877,train,2,4.115,1,0.727,0,-1
room_0877,train,3,3.923,0,0.124,0,-1
room_0877,train,4,3.699,0,0.275,0,-1
room_0877,train,5,3.801,0,0.224,0,-1
room_0877,train,6,4.726,0,0.152,0,-1
room_0877,train,7,4.19,0,0.218,0,-1
room_0877,train,8,4.156,0,0.201,0,-1
room_0877,train,9,3.897,0,0.208,0,-1
room_0878,train,0,3.824,1,0.197,0,-1
room_0878,train,1,3.969,1,0.198,0,-1
room_0878,train,2,3.559,0,0.252,0,-1
room_0878,train,3,4.687,0,0.216,0,-1
room_0878,train,4,4.107,0,0.197,0,-1
room_0878,train,5,4.077,1,0.161,0,-1
room_0878,train,6,4.664,0,0.236,0,-1
room_0878,train,7,3.963,0,0.27,0,-1
room_0878,train,8,3.935,0,0.171,0,-1
room_0878,train,9,4.063,0,0.218,0,-1
room_0878,train,10,4.412,0,0.05,0,-1
room_0878,train,11,3.752,0,0.278,0,-1
room_0878,train,12,4.338,1,0.235,0,-1
room_0879,train,0,3.909,0,0.188,0,-1
room_0879,train,1,5.044,0,0.238,0,-1
room_0879,train,2,3.638,0,0.143,0,-1
room_0879,train,3,3.991,0,0.152,0,-1
room_0879,train,4,4.533,0,0.146,0,-1
room_0879,train,5,4.009,0,0.238,0,-1
room_0879,train,6,4.131,1,0.211,0,-1
room_0879,train,7,4.195,0,0.2,0,-1
room_0879,train,8,4.087,0,0.236,0,-1
room_0879,train,9,4.032,0,0.262,0,-1
room_0879,train,10,4.706,0,0.233,0,-1
room_0879,train,11,3.108,0,0.167,0,-1
room_0879,train,12,4.577,0,0.236,0,-1
room_0879,train,13,10.803,0,0.272,0,-1
room_0879,train,14,3.475,0,0.277,0,-1
room_0879,train,15,3.41,0,0.19,0,-1
room_0880,test,0,3.332,0,0.299,1,16
room_0880,test,1,4.019,0,0.196,1,16
room_0880,test,2,4.359,0,0.15,1,16
room_0880,test,3,3.874,0,0.14,1,16
room_0880,test,4,3.711,1,0.158,1,16
room_0880,test,5,3.725,0,0.228,1,16
room_0880,test,6,3.585,0,0.221,1,16
room_0880,test,7,4.124,0,0.236,1,16
room_0880,test,8,3.548,0,0.123,1,16
room_0880,test,9,3.221,0,0.206,1,16
room_0880,test,10,3.952,0,0.194,1,16
room_0880,test,11,3.142,0,0.139,1,16
room_0880,test,12,4.328,0,0.219,1,16
room_0880,test,13,3.93,1,0.167,1,16
room_0880,test,14,4.224,0,0.209,1,16
room_0880,test,15,3.909,1,0.205,1,16
room_0880,test,16,10.906,1,0.923,1,16
room_0880,test,17,4.614,0,0.197,1,16
room_0881,test,0,3.668,0,0.23,0,-1
room_0881,test,1,4.089,0,0.184,0,-1
room_0881,test,2,3.378,0,0.175,0,-1
room_0881,test,3,4.36,0,0.186,0,-1
room_0881,test,4,3.25,0,0.158,0,-1
room_0881,test,5,3.728,1,0.259,0,-1
room_0881,test,6,4.842,0,0.217,0,-1
room_0881,test,7,4.69,0,0.171,0,-1
room_0881,test,8,4.398,0,0.264,0,-1
room_0881,test,9,3.435,0,0.234,0,-1
room_0881,test,10,4.709,1,0.179,0,-1
room_0881,test,11,3.842,0,0.202,0,-1
room_0881,test,12,4.735,0,0.19,0,-1
room_0881,test,13,3.429,0,0.24,0,-1
room_0881,test,14,4.054,0,0.274,0,-1
room_0881,test,15,4.094,0,0.227,0,-1
room_0881,test,16,3.549,0,0.2,0,-1
room_0882,train,0,4.863,0,0.255,1,4
room_0882,train,1,3.941,0,0.199,1,4
room_0882,train,2,3.59,0,0.126,1,4
room_0882,train,3,4.461,0,0.234,1,4
room_0882,train,4,9.941,1,0.934,1,4
room_0882,train,5,4.192,0,0.176,1,4
room_0882,train,6,3.913,0,0.124,1,4
room_0882,train,7,3.464,0,0.162,1,4
room_0883,train,0,4.648,0,0.258,1,13
room_0883,train,1,4.468,0,0.126,1,13
room_0883,train,2,3.98,0,0.234,1,13
room_0883,train,3,4.345,0,0.22,1,13
room_0883,train,4,3.785,0,0.242,1,13
room_0883,train,5,3.749,0,0.121,1,13
room_0883,train,6,3.973,0,0.323,1,13
room_0883,train,7,4.581,0,0.147,1,13
room_0883,train,8,4.363,0,0.177,1,13
room_0883,train,9,4.047,0,0.172,1,13
room_0883,train,10,4.622,0,0.215,1,13
room_0883,train,11,3.538,1,0.141,1,13
room_0883,train,12,4.483,0,0.189,1,13
room_0883,train,13,9.111,1,0.739,1,13
room_0883,train,14,4.27,1,0.21,1,13
room_0884,train,0,4.737,0,0.182,1,1
room_0884,train,1,10.715,1,0.721,1,1
room_0884,train,2,4.514,0,0.14,1,1
room_0884,train,3,4.517,0,0.189,1,1
room_0884,train,4,3.929,0,0.198,1,1
room_0884,train,5,4.203,0,0.203,1,1
room_0884,train,6,4.39,0,0.163,1,1
room_0884,train,7,3.389,0,0.24,1,1
room_0884,train,8,3.751,1,0.268,1,1
room_0884,train,9,4.308,0,0.243,1,1
room_0884,train,10,4.206,0,0.182,1,1
room_0884,train,11,4.415,1,0.204,1,1
room_0885,test,0,3.722,0,0.251,0,-1
room_0885,test,1,4.554,0,0.178,0,-1
room_0885,test,2,3.715,0,0.225,0,-1
room_0885,test,3,4.165,0,0.199,0,-1
room_0885,test,4,4.118,1,0.216,0,-1
room_0885,test,5,4.474,1,0.154,0,-1
room_0885,test,6,9.661,0,0.181,0,-1
room_0885,test,7,3.637,0,0.252,0,-1
room_0885,test,8,3.643,0,0.146,0,-1
room_0886,train,0,3.377,0,0.228,1,10
room_0886,train,1,4.421,0,0.185,1,10
room_0886,train,2,4.142,0,0.193,1,10
room_0886,train,3,4.707,0,0.246,1,10
room_0886,train,4,4.897,0,0.187,1,10
room_0886,train,5,4.792,1,0.185,1,10
room_0886,train,6,3.976,0,0.222,1,10
room_0886,train,7,4.495,0,0.247,1,10
room_0886,train,8,4.08,0,0.19,1,10
room_0886,train,9,3.842,1,0.247,1,10
room_0886,train,10,9.257,1,0.868,1,10
room_0886,train,11,3.138,0,0.244,1,10
room_0886,train,12,4.018,0,0.158,1,10
room_0886,train,13,4.502,0,0.28,1,10
room_0887,train,0,3.37,0,0.275,0,-1
room_0887,train,1,3.87,0,0.138,0,-1
room_0887,train,2,4.81,0,0.223,0,-1
room_0887,train,3,3.648,0,0.126,0,-1
room_0887,train,4,4.624,0,0.22,0,-1
room_0887,train,5,4.024,0,0.219,0,-1
room_0887,train,6,3.842,0,0.178,0,-1
room_0887,train,7,4.461,0,0.152,0,-1
room_0887,train,8,4.047,0,0.233,0,-1
room_0887,train,9,4.058,0,0.294,0,-1
room_0887,train,10,3.06,0,0.256,0,-1
room_0888,train,0,3.716,0,0.179,0,-1
room_0888,train,1,3.938,0,0.096,0,-1
room_0888,train,2,4.543,0,0.211,0,-1
room_0888,train,3,3.166,0,0.201,0,-1
room_0888,train,4,4.29,0,0.19,0,-1
room_0888,train,5,4.295,0,0.202,0,-1
room_0888,train,6,3.366,0,0.187,0,-1
room_0888,train,7,3.598,0,0.22,0,-1
room_0888,train,8,3.945,0,0.232,0,-1
room_0888,train,9,4.666,0,0.161,0,-1
room_0888,train,10,4.035,1,0.221,0,-1
room_0888,train,11,3.421,0,0.246,0,-1
room_0888,train,12,9.037,0,0.199,0,-1
room_0888,train,13,3.671,0,0.151,0,-1
room_0889,test,0,4.374,0,0.172,1,7
room_0889,test,1,4.559,0,0.249,1,7
room_0889,test,2,4.39,0,0.199,1,7
room_0889,test,3,3.352,0,0.248,1,7
room_0889,test,4,4.294,0,0.194,1,7
room_0889,test,5,3.899,0,0.231,1,7
room_0889,test,6,4.32,0,0.201,1,7
room_0889,test,7,9.293,1,0.879,1,7
room_0889,test,8,3.607,1,0.252,1,7
room_0889,test,9,3.786,0,0.189,1,7
room_0889,test,10,3.552,0,0.171,1,7
room_0889,test,11,3.536,0,0.203,1,7
room_0889,test,12,4.731,0,0.223,1,7
room_0889,test,13,4.475,0,0.246,1,7
room_0890,test,0,4.064,0,0.197,0,-1
room_0890,test,1,3.705,0,0.222,0,-1
room_0890,test,2,4.458,0,0.192,0,-1
room_0890,test,3,3.76,0,0.197,0,-1
room_0890,test,4,4.416,1,0.262,0,-1
room_0890,test,5,4.067,0,0.27,0,-1
room_0890,test,6,3.493,0,0.206,0,-1
room_0890,test,7,3.749,0,0.226,0,-1
room_0890,test,8,4.593,0,0.248,0,-1
room_0890,test,9,3.381,0,0.284,0,-1
room_0890,test,10,4.735,0,0.17,0,-1
room_0890,test,11,3.797,0,0.227,0,-1
room_0890,test,12,3.221,0,0.252,0,-1
room_0890,test,13,3.735,0,0.213,0,-1
room_0890,test,14,4.35,0,0.3,0,-1
room_0890,test,15,4.444,0,0.242,0,-1
room_0890,test,16,4.376,0,0.182,0,-1
room_0891,train,0,4.134,0,0.25,0,-1
room_0891,train,1,4.105,0,0.192,0,-1
room_0891,train,2,10.498,0,0.194,0,-1
room_0891,train,3,3.375,0,0.199,0,-1
room_0891,train,4,4.896,0,0.306,0,-1
room_0891,train,5,3.652,1,0.256,0,-1
room_0891,train,6,3.466,0,0.193,0,-1
room_0891,train,7,3.641,0,0.278,0,-1
room_0891,train,8,4.391,0,0.129,0,-1
room_0891,train,9,3.563,0,0.166,0,-1
room_0891,train,10,4.04,0,0.178,0,-1
room_0891,train,11,3.373,0,0.142,0,-1
room_0891,train,12,3.824,0,0.145,0,-1
room_0891,train,13,4.164,0,0.169,0,-1
room_0891,train,14,3.763,1,0.213,0,-1
room_0891,train,15,3.84,0,0.186,0,-1
room_0891,train,16,3.815,0,0.188,0,-1
room_0892,train,0,4.593,0,0.277,0,-1
room_0892,train,1,3.751,0,0.187,0,-1
room_0892,train,2,3.568,0,0.183,0,-1
room_0892,train,3,4.678,0,0.202,0,-1
room_0892,train,4,3.39,0,0.167,0,-1
room_0892,train,5,5.061,0,0.193,0,-1
room_0892,train,6,4.075,0,0.215,0,-1
room_0892,train,7,3.144,1,0.196,0,-1
room_0892,train,8,4.651,0,0.225,0,-1
room_0892,train,9,3.832,1,0.815,0,-1
room_0892,train,10,3.482,0,0.213,0,-1
room_0892,train,11,3.894,0,0.252,0,-1
room_0892,train,12,3.679,0,0.181,0,-1
room_0893,train,0,3.178,0,0.322,1,12
room_0893,train,1,3.793,0,0.212,1,12
room_0893,train,2,3.785,0,0.138,1,12
room_0893,train,3,3.882,0,0.17,1,12
room_0893,train,4,4.446,0,0.143,1,12
room_0893,train,5,4.054,0,0.272,1,12
room_0893,train,6,3.932,0,0.259,1,12
room_0893,train,7,3.785,0,0.209,1,12
room_0893,train,8,4.141,0,0.197,1,12
room_0893,train,9,4.339,1,0.226,1,12
room_0893,train,10,3.858,0,0.17,1,12
room_0893,train,11,4.021,0,0.147,1,12
room_0893,train,12,9.82,1,0.805,1,12
room_0893,train,13,4.16,0,0.119,1,12
room_0893,train,14,4.016,0,0.196,1,12
room_0894,train,0,3.886,1,0.23,0,-1
room_0894,train,1,4.324,0,0.184,0,-1
room_0894,train,2,3.822,0,0.206,0,-1
room_0894,train,3,3.621,0,0.266,0,-1
room_0894,train,4,4.928,1,0.213,0,-1
room_0894,train,5,3.869,0,0.211,0,-1
room_0894,train,6,4.387,0,0.275,0,-1
room_0894,train,7,4.921,0,0.221,0,-1
room_0894,train,8,2.793,0,0.19,0,-1
room_0894,train,9,3.48,0,0.216,0,-1
room_0894,train,10,3.952,0,0.207,0,-1
room_0894,train,11,3.392,0,0.257,0,-1
room_0894,train,12,4.072,0,0.253,0,-1
room_0894,train,13,10.326,0,0.266,0,-1
room_0894,train,14,4.406,0,0.202,0,-1
room_0894,train,15,4.365,0,0.299,0,-1
room_0894,train,16,4.188,0,0.159,0,-1
room_0894,train,17,4.156,0,0.18,0,-1
room_0895,train,0,3.687,0,0.231,1,7
room_0895,train,1,5.062,0,0.201,1,7
room_0895,train,2,4.254,0,0.193,1,7
room_0895,train,3,4.702,0,0.203,1,7
room_0895,train,4,4.857,0,0.2,1,7
room_0895,train,5,3.503,0,0.144,1,7
room_0895,train,6,4.419,0,0.275,1,7
room_0895,train,7,10.344,1,0.862,1,7
room_0895,train,8,3.895,0,0.147,1,7
room_0896,train,0,3.778,0,0.09,0,-1
room_0896,train,1,3.825,0,0.116,0,-1
room_0896,train,2,3.599,0,0.255,0,-1
room_0896,train,3,4.68,0,0.155,0,-1
room_0896,train,4,4.326,0,0.273,0,-1
room_0896,train,5,4.87,0,0.148,0,-1
room_0896,train,6,4.171,0,0.207,0,-1
room_0896,train,7,4.294,0,0.142,0,-1
room_0896,train,8,4.044,1,0.177,0,-1
room_0896,train,9,3.934,0,0.219,0,-1
room_0896,train,10,4.084,0,0.202,0,-1
room_0896,train,11,4.398,0,0.16,0,-1
room_0897,train,0,4.715,0,0.166,0,-1
room_0897,train,1,9.875,0,0.208,0,-1
room_0897,train,2,4.806,0,0.206,0,-1
room_0897,train,3,4.226,0,0.177,0,-1
room_0897,train,4,4.829,0,0.198,0,-1
room_0897,train,5,3.568,0,0.27,0,-1
room_0897,train,6,3.759,0,0.23,0,-1
room_0897,train,7,4.15,0,0.175,0,-1
room_0897,train,8,5.004,0,0.229,0,-1
room_0897,train,9,4.122,0,0.202,0,-1
room_0897,train,10,3.973,0,0.162,0,-1
room_0897,train,11,4.89,0,0.174,0,-1
room_0897,train,12,3.577,0,0.169,0,-1
room_0898,train,0,4.532,0,0.225,1,9
room_0898,train,1,4.124,0,0.211,1,9
room_0898,train,2,3.777,0,0.232,1,9
room_0898,train,3,4.543,0,0.151,1,9
room_0898,train,4,3.1,0,0.17,1,9
room_0898,train,5,4.835,0,0.208,1,9
room_0898,train,6,3.405,0,0.233,1,9
room_0898,train,7,3.72,0,0.123,1,9
room_0898,train,8,3.238,0,0.207,1,9
room_0898,train,9,10.444,1,0.916,1,9
room_0898,train,10,3.805,0,0.196,1,9
room_0898,train,11,4.989,0,0.188,1,9
room_0898,train,12,4.4,1,0.22,1,9
room_0898,train,13,4.392,0,0.191,1,9
room_0898,train,14,3.584,0,0.181,1,9
room_0898,train,15,4.162,0,0.19,1,9
room_0898,train,16,3.578,0,0.195,1,9
room_0898,train,17,4.381,0,0.173,1,9
room_0899,train,0,4.247,0,0.159,1,2
room_0899,train,1,3.681,0,0.251,1,2
room_0899,train,2,10.134,1,0.921,1,2
room_0899,train,3,3.645,0,0.22,1,2
room_0899,train,4,4.408,0,0.218,1,2
room_0899,train,5,4.414,0,0.22,1,2
room_0899,train,6,4.065,0,0.213,1,2
room_0899,train,7,3.703,0,0.231,1,2
room_0899,train,8,4.265,0,0.245,1,2
room_0899,train,9,4.662,0,0.199,1,2
room_0900,train,0,4.121,0,0.19,0,-1
room_0900,train,1,4.123,0,0.237,0,-1
room_0900,train,2,4.57,0,0.186,0,-1
room_0900,train,3,5.006,0,0.124,0,-1
room_0900,train,4,4.177,0,0.271,0,-1
room_0900,train,5,4.062,0,0.267,0,-1
room_0900,train,6,3.989,0,0.155,0,-1
room_0900,train,7,4.699,0,0.098,0,-1
room_0900,train,8,4.169,1,0.263,0,-1
room_0900,train,9,3.686,0,0.238,0,-1
room_0900,train,10,4.136,0,0.187,0,-1
room_0900,train,11,5.046,0,0.256,0,-1
room_0900,train,12,10.042,0,0.175,0,-1
room_0900,train,13,3.654,0,0.165,0,-1
room_0900,train,14,4.207,0,0.273,0,-1
room_0900,train,15,4.204,0,0.165,0,-1
room_0901,train,0,3.929,0,0.212,0,-1
room_0901,train,1,3.463,0,0.172,0,-1
room_0901,train,2,3.787,0,0.204,0,-1
room_0901,train,3,3.877,0,0.165,0,-1
room_0901,train,4,4.491,1,0.884,0,-1
room_0901,train,5,4.183,0,0.183,0,-1
room_0901,train,6,2.955,0,0.266,0,-1
room_0901,train,7,3.704,0,0.196,0,-1
room_0902,test,0,4.226,0,0.136,0,-1
room_0902,test,1,4.209,0,0.155,0,-1
room_0902,test,2,3.943,1,0.23,0,-1
room_0902,test,3,3.708,0,0.119,0,-1
room_0902,test,4,4.323,0,0.205,0,-1
room_0902,test,5,3.748,0,0.238,0,-1
room_0902,test,6,3.738,0,0.249,0,-1
room_0902,test,7,4.262,0,0.248,0,-1
room_0903,train,0,4.31,0,0.278,1,12
room_0903,train,1,3.318,0,0.231,1,12
room_0903,train,2,4.578,0,0.248,1,12
room_0903,train,3,4.346,0,0.193,1,12
room_0903,train,4,3.522,0,0.282,1,12
room_0903,train,5,4.723,0,0.153,1,12
room_0903,train,6,4.099,1,0.2,1,12
room_0903,train,7,4.295,0,0.193,1,12
room_0903,train,8,4.363,0,0.118,1,12
room_0903,train,9,3.914,0,0.217,1,12
room_0903,train,10,5.221,0,0.164,1,12
room_0903,train,11,3.719,0,0.188,1,12
room_0903,train,12,10.75,1,0.942,1,12
room_0903,train,13,3.233,0,0.201,1,12
room_0903,train,14,5.337,0,0.157,1,12
room_0903,train,15,3.716,0,0.227,1,12
room_0904,train,0,3.389,0,0.17,1,10
room_0904,train,1,3.978,0,0.156,1,10
room_0904,train,2,4.29,1,0.128,1,10
room_0904,train,3,4.019,0,0.127,1,10
room_0904,train,4,3.655,0,0.193,1,10
room_0904,train,5,3.285,0,0.193,1,10
room_0904,train,6,2.896,0,0.224,1,10
room_0904,train,7,2.876,0,0.302,1,10
room_0904,train,8,4.078,0,0.23,1,10
room_0904,train,9,3.824,0,0.254,1,10
room_0904,train,10,10.943,1,0.784,1,10
room_0904,train,11,3.603,0,0.233,1,10
room_0904,train,12,4.369,0,0.23,1,10
room_0904,train,13,3.992,0,0.255,1,10
room_0904,train,14,3.839,0,0.162,1,10
room_0904,train,15,3.511,0,0.235,1,10
room_0905,train,0,4.305,0,0.225,1,3
room_0905,train,1,4.238,0,0.313,1,3
room_0905,train,2,4.178,0,0.123,1,3
room_0905,train,3,9.995,1,0.931,1,3
room_0905,train,4,3.747,0,0.215,1,3
room_0905,train,5,3.545,0,0.14,1,3
room_0905,train,6,3.761,0,0.238,1,3
room_0905,train,7,4.268,0,0.18,1,3
room_0905,train,8,4.019,0,0.14,1,3
room_0905,train,9,3.756,0,0.123,1,3
room_0905,train,10,4.195,0,0.216,1,3
room_0905,train,11,4.338,0,0.322,1,3
room_0905,train,12,3.592,0,0.227,1,3
room_0906,train,0,3.94,0,0.157,1,2
room_0906,train,1,4.793,0,0.149,1,2
room_0906,train,2,10.213,1,0.882,1,2
room_0906,train,3,4.306,0,0.228,1,2
room_0906,train,4,3.493,0,0.239,1,2
room_0906,train,5,4.152,0,0.176,1,2
room_0906,train,6,3.678,0,0.267,1,2
room_0906,train,7,4.291,0,0.155,1,2
room_0907,train,0,4.59,0,0.172,1,12
room_0907,train,1,3.639,0,0.104,1,12
room_0907,train,2,4.602,0,0.243,1,12
room_0907,train,3,4.184,0,0.195,1,12
room_0907,train,4,3.808,0,0.169,1,12
room_0907,train,5,4.331,0,0.224,1,12
room_0907,train,6,3.997,0,0.163,1,12
room_0907,train,7,3.626,0,0.156,1,12
room_0907,train,8,3.866,0,0.199,1,12
room_0907,train,9,3.302,0,0.159,1,12
room_0907,train,10,4.117,0,0.211,1,12
room_0907,train,11,3.647,0,0.182,1,12
room_0907,train,12,9.742,1,0.777,1,12
room_0907,train,13,4.487,0,0.235,1,12
room_0908,train,0,3.97,0,0.208,1,7
room_0908,train,1,3.67,0,0.175,1,7
room_0908,train,2,3.478,0,0.096,1,7
room_0908,train,3,4.415,0,0.196,1,7
room_0908,train,4,3.961,0,0.224,1,7
room_0908,train,5,3.975,0,0.203,1,7
room_0908,train,6,4.207,0,0.271,1,7
room_0908,train,7,10.462,1,0.871,1,7
room_0908,train,8,5.061,1,0.184,1,7
room_0908,train,9,3.766,0,0.147,1,7
room_0908,train,10,4.324,0,0.307,1,7
room_0908,train,11,2.988,0,0.222,1,7
room_0909,test,0,4.07,0,0.233,0,-1
room_0909,test,1,3.711,0,0.211,0,-1
room_0909,test,2,3.947,0,0.135,0,-1
room_0909,test,3,4.411,0,0.175,0,-1
room_0909,test,4,3.177,0,0.224,0,-1
room_0909,test,5,4.709,0,0.304,0,-1
room_0909,test,6,9.096,0,0.145,0,-1
room_0909,test,7,3.92,0,0.112,0,-1
room_0910,train,0,3.449,0,0.14,0,-1
room_0910,train,1,2.874,0,0.198,0,-1
room_0910,train,2,4.109,0,0.072,0,-1
room_0910,train,3,5.153,0,0.231,0,-1
room_0910,train,4,3.643,0,0.268,0,-1
room_0910,train,5,3.46,0,0.247,0,-1
room_0910,train,6,2.866,0,0.183,0,-1
room_0910,train,7,3.057,0,0.165,0,-1
room_0910,train,8,4.313,1,0.801,0,-1
room_0910,train,9,3.978,0,0.301,0,-1
room_0910,train,10,4.323,0,0.181,0,-1
room_0910,train,11,4.177,0,0.224,0,-1
room_0910,train,12,3.978,0,0.077,0,-1
room_0910,train,13,4.116,0,0.261,0,-1
room_0911,train,0,3.527,0,0.214,0,-1
room_0911,train,1,3.841,0,0.218,0,-1
room_0911,train,2,4.324,0,0.196,0,-1
room_0911,train,3,4.908,0,0.128,0,-1
room_0911,train,4,3.19,0,0.146,0,-1
room_0911,train,5,4.227,0,0.195,0,-1
room_0911,train,6,3.415,0,0.153,0,-1
room_0911,train,7,4.104,0,0.151,0,-1
room_0911,train,8,3.704,0,0.211,0,-1
room_0911,train,9,3.422,0,0.22,0,-1
room_0911,train,10,4.548,0,0.248,0,-1
room_0912,train,0,3.403,0,0.171,0,-1
room_0912,train,1,3.841,0,0.24,0,-1
room_0912,train,2,3.938,0,0.189,0,-1
room_0912,train,3,3.597,0,0.14,0,-1
room_0912,train,4,4.126,1,0.237,0,-1
room_0912,train,5,4.022,0,0.219,0,-1
room_0912,train,6,4.574,0,0.179,0,-1
room_0912,train,7,4.345,0,0.193,0,-1
room_0912,train,8,3.643,0,0.196,0,-1
room_0912,train,9,3.766,0,0.197,0,-1
room_0912,train,10,3.952,0,0.169,0,-1
room_0912,train,11,4.534,1,0.229,0,-1
room_0912,train,12,4.066,1,0.218,0,-1
room_0912,train,13,3.768,0,0.196,0,-1
room_0912,train,14,3.988,0,0.252,0,-1
room_0912,train,15,4.463,0,0.214,0,-1
room_0912,train,16,9.66,0,0.246,0,-1
room_0912,train,17,4.565,0,0.197,0,-1
room_0913,train,0,3.826,0,0.225,1,1
room_0913,train,1,9.472,1,0.83,1,1
room_0913,train,2,4.789,0,0.173,1,1
room_0913,train,3,3.646,0,0.197,1,1
room_0913,train,4,3.923,0,0.146,1,1
room_0913,train,5,3.94,0,0.182,1,1
room_0913,train,6,3.565,0,0.197,1,1
room_0913,train,7,3.838,0,0.214,1,1
room_0913,train,8,4.387,0,0.283,1,1
room_0913,train,9,4.104,0,0.272,1,1
room_0913,train,10,4.225,0,0.155,1,1
room_0913,train,11,4.455,0,0.269,1,1
room_0913,train,12,4.284,0,0.155,1,1
room_0913,train,13,4.052,0,0.23,1,1
room_0913,train,14,3.676,0,0.143,1,1
room_0913,train,15,3.719,0,0.181,1,1
room_0913,train,16,4.365,0,0.205,1,1
room_0914,train,0,4.389,0,0.247,0,-1
room_0914,train,1,4.033,0,0.168,0,-1
room_0914,train,2,3.664,0,0.297,0,-1
room_0914,train,3,4.302,0,0.172,0,-1
room_0914,train,4,3.785,0,0.243,0,-1
room_0914,train,5,4.458,0,0.204,0,-1
room_0914,train,6,4.479,0,0.173,0,-1
room_0914,train,7,3.787,0,0.307,0,-1
room_0914,train,8,3.927,0,0.23,0,-1
room_0914,train,9,4.104,0,0.176,0,-1
room_0914,train,10,4.579,0,0.242,0,-1
room_0915,train,0,3.79,0,0.197,0,-1
room_0915,train,1,3.934,0,0.156,0,-1
room_0915,train,2,3.831,0,0.143,0,-1
room_0915,train,3,4.11,0,0.206,0,-1
room_0915,train,4,4.385,0,0.21,0,-1
room_0915,train,5,4.018,0,0.233,0,-1
room_0915,train,6,4.66,0,0.109,0,-1
room_0915,train,7,3.438,0,0.151,0,-1
room_0915,train,8,10.185,0,0.268,0,-1
room_0915,train,9,3.827,0,0.196,0,-1
room_0915,train,10,3.467,0,0.157,0,-1
room_0915,train,11,3.543,0,0.258,0,-1
room_0915,train,12,4.55,0,0.273,0,-1
room_0915,train,13,3.041,0,0.169,0,-1
room_0915,train,14,3.667,0,0.211,0,-1
room_0915,train,15,4.406,0,0.251,0,-1
room_0916,train,0,2.903,0,0.178,1,7
room_0916,train,1,4.513,0,0.2,1,7
room_0916,train,2,4.537,0,0.216,1,7
room_0916,train,3,4.36,0,0.096,1,7
room_0916,train,4,4.889,0,0.201,1,7
room_0916,train,5,3.783,0,0.271,1,7
room_0916,train,6,3.998,1,0.178,1,7
room_0916,train,7,9.686,1,0.77,1,7
room_0916,train,8,3.91,0,0.236,1,7
room_0916,train,9,4.37,0,0.282,1,7
room_0916,train,10,3.614,1,0.197,1,7
room_0916,train,11,3.972,0,0.208,1,7
room_0916,train,12,5.682,0,0.18,1,7
room_0916,train,13,4.0,0,0.195,1,7
room_0916,train,14,4.079,0,0.255,1,7
room_0916,train,15,3.795,0,0.194,1,7
room_0917,train,0,3.207,0,0.287,0,-1
room_0917,train,1,3.329,0,0.125,0,-1
room_0917,train,2,3.691,0,0.217,0,-1
room_0917,train,3,4.193,0,0.159,0,-1
room_0917,train,4,4.626,0,0.209,0,-1
room_0917,train,5,4.5,1,0.215,0,-1
room_0917,train,6,3.784,0,0.213,0,-1
room_0917,train,7,4.473,0,0.195,0,-1
room_0917,train,8,3.754,0,0.231,0,-1
room_0917,train,9,2.941,0,0.179,0,-1
room_0917,train,10,4.213,0,0.152,0,-1
room_0917,train,11,5.09,0,0.287,0,-1
room_0917,train,12,4.165,0,0.134,0,-1
room_0917,train,13,4.452,0,0.128,0,-1
room_0917,train,14,4.124,0,0.232,0,-1
room_0917,train,15,3.643,0,0.192,0,-1
room_0917,train,16,4.429,0,0.202,0,-1
room_0918,train,0,4.109,1,0.263,0,-1
room_0918,train,1,3.867,0,0.178,0,-1
room_0918,train,2,3.961,0,0.201,0,-1
room_0918,train,3,3.974,0,0.136,0,-1
room_0918,train,4,3.922,0,0.203,0,-1
room_0918,train,5,4.462,0,0.166,0,-1
room_0918,train,6,10.87,0,0.095,0,-1
room_0918,train,7,4.224,0,0.16,0,-1
room_0918,train,8,4.124,0,0.251,0,-1
room_0918,train,9,4.279,0,0.239,0,-1
room_0918,train,10,3.856,0,0.228,0,-1
room_0918,train,11,4.424,0,0.146,0,-1
room_0919,train,0,4.398,0,0.228,1,5
room_0919,train,1,3.808,0,0.223,1,5
room_0919,train,2,4.796,0,0.154,1,5
room_0919,train,3,4.343,0,0.229,1,5
room_0919,train,4,3.725,0,0.222,1,5
room_0919,train,5,9.259,1,0.755,1,5
room_0919,train,6,4.216,0,0.209,1,5
room_0919,train,7,3.96,0,0.152,1,5
room_0920,train,0,3.901,0,0.217,1,1
room_0920,train,1,9.795,1,0.891,1,1
room_0920,train,2,4.407,0,0.202,1,1
room_0920,train,3,3.343,0,0.122,1,1
room_0920,train,4,3.995,1,0.148,1,1
room_0920,train,5,4.424,0,0.2,1,1
room_0920,train,6,3.316,0,0.173,1,1
room_0920,train,7,3.345,0,0.056,1,1
room_0921,train,0,4.294,0,0.169,0,-1
room_0921,train,1,4.163,1,0.139,0,-1
room_0921,train,2,3.893,1,0.205,0,-1
room_0921,train,3,3.191,0,0.236,0,-1
room_0921,train,4,4.495,0,0.175,0,-1
room_0921,train,5,4.247,0,0.247,0,-1
room_0921,train,6,3.828,0,0.089,0,-1
room_0921,train,7,3.948,0,0.191,0,-1
room_0921,train,8,4.184,0,0.202,0,-1
room_0921,train,9,4.041,0,0.161,0,-1
room_0921,train,10,4.464,0,0.194,0,-1
room_0921,train,11,3.838,0,0.159,0,-1
room_0921,train,12,9.388,0,0.226,0,-1
room_0921,train,13,3.383,0,0.202,0,-1
room_0921,train,14,3.918,0,0.21,0,-1
room_0922,test,0,4.427,0,0.219,0,-1
room_0922,test,1,4.207,0,0.221,0,-1
room_0922,test,2,4.073,0,0.235,0,-1
room_0922,test,3,3.684,0,0.182,0,-1
room_0922,test,4,4.497,1,0.8,0,-1
room_0922,test,5,3.84,0,0.2,0,-1
room_0922,test,6,4.443,0,0.186,0,-1
room_0922,test,7,4.472,0,0.198,0,-1
room_0922,test,8,3.344,0,0.227,0,-1
room_0922,test,9,4.445,0,0.255,0,-1
room_0922,test,10,3.173,0,0.17,0,-1
room_0922,test,11,4.119,0,0.151,0,-1
room_0922,test,12,3.207,0,0.145,0,-1
room_0922,test,13,3.812,0,0.225,0,-1
room_0923,train,0,4.354,0,0.201,0,-1
room_0923,train,1,3.819,0,0.175,0,-1
room_0923,train,2,3.883,0,0.197,0,-1
room_0923,train,3,4.268,0,0.159,0,-1
room_0923,train,4,4.344,0,0.226,0,-1
room_0923,train,5,4.462,0,0.179,0,-1
room_0923,train,6,4.169,0,0.229,0,-1
room_0923,train,7,3.75,0,0.267,0,-1
room_0923,train,8,4.835,0,0.273,0,-1
room_0923,train,9,4.366,0,0.187,0,-1
room_0923,train,10,4.576,0,0.268,0,-1
room_0923,train,11,3.942,0,0.193,0,-1
room_0924,train,0,3.773,0,0.225,1,5
room_0924,train,1,4.615,0,0.16,1,5
room_0924,train,2,4.546,0,0.211,1,5
room_0924,train,3,3.076,0,0.171,1,5
room_0924,train,4,4.266,0,0.239,1,5
room_0924,train,5,10.213,1,0.732,1,5
room_0924,train,6,4.304,0,0.151,1,5
room_0924,train,7,3.622,0,0.218,1,5
room_0924,train,8,3.735,0,0.264,1,5
room_0924,train,9,4.013,0,0.268,1,5
room_0924,train,10,3.737,0,0.186,1,5
room_0924,train,11,3.564,0,0.194,1,5
room_0924,train,12,4.092,0,0.144,1,5
room_0924,train,13,3.161,0,0.217,1,5
room_0925,train,0,3.82,0,0.253,0,-1
room_0925,train,1,3.364,0,0.213,0,-1
room_0925,train,2,4.49,1,0.75,0,-1
room_0925,train,3,3.798,0,0.148,0,-1
room_0925,train,4,4.867,0,0.184,0,-1
room_0925,train,5,3.789,0,0.252,0,-1
room_0925,train,6,3.816,0,0.129,0,-1
room_0925,train,7,4.181,0,0.147,0,-1
room_0925,train,8,4.022,0,0.221,0,-1
room_0925,train,9,3.844,0,0.217,0,-1
room_0925,train,10,3.943,0,0.225,0,-1
room_0925,train,11,3.778,0,0.212,0,-1
room_0925,train,12,4.598,0,0.232,0,-1
room_0925,train,13,4.088,0,0.294,0,-1
room_0925,train,14,4.584,0,0.227,0,-1
room_0925,train,15,5.281,0,0.186,0,-1
room_0926,train,0,3.527,1,0.193,1,2
room_0926,train,1,4.6,0,0.211,1,2
room_0926,train,2,9.17,1,0.755,1,2
room_0926,train,3,4.389,0,0.159,1,2
room_0926,train,4,2.627,0,0.244,1,2
room_0926,train,5,3.033,0,0.231,1,2
room_0926,train,6,4.367,0,0.108,1,2
room_0926,train,7,4.605,1,0.183,1,2
room_0926,train,8,3.588,0,0.206,1,2
room_0926,train,9,4.036,0,0.151,1,2
room_0926,train,10,3.306,0,0.119,1,2
room_0927,train,0,3.963,1,0.213,1,1
room_0927,train,1,10.343,1,0.855,1,1
room_0927,train,2,3.554,0,0.142,1,1
room_0927,train,3,3.831,0,0.218,1,1
room_0927,train,4,4.076,0,0.21,1,1
room_0927,train,5,3.828,1,0.16,1,1
room_0927,train,6,4.107,0,0.187,1,1
room_0927,train,7,4.084,0,0.205,1,1
room_0927,train,8,4.731,0,0.225,1,1
room_0928,train,0,3.508,0,0.2,1,4
room_0928,train,1,4.488,0,0.207,1,4
room_0928,train,2,3.805,0,0.229,1,4
room_0928,train,3,4.163,0,0.182,1,4
room_0928,train,4,9.058,1,0.77,1,4
room_0928,train,5,3.51,0,0.192,1,4
room_0928,train,6,3.624,0,0.129,1,4
room_0928,train,7,4.427,0,0.162,1,4
room_0928,train,8,3.871,0,0.26,1,4
room_0928,train,9,4.199,0,0.198,1,4
room_0928,train,10,4.127,0,0.149,1,4
room_0928,train,11,3.185,0,0.196,1,4
room_0928,train,12,3.905,0,0.214,1,4
room_0929,train,0,4.384,0,0.236,1,1
room_0929,train,1,10.075,1,0.783,1,1
room_0929,train,2,3.77,0,0.186,1,1
room_0929,train,3,3.409,0,0.156,1,1
room_0929,train,4,4.662,0,0.17,1,1
room_0929,train,5,4.31,0,0.154,1,1
room_0929,train,6,4.067,1,0.258,1,1
room_0929,train,7,4.137,0,0.227,1,1
room_0930,train,0,4.013,0,0.168,0,-1
room_0930,train,1,3.731,0,0.223,0,-1
room_0930,train,2,3.803,1,0.165,0,-1
room_0930,train,3,3.633,0,0.194,0,-1
room_0930,train,4,4.468,0,0.178,0,-1
room_0930,train,5,4.043,0,0.223,0,-1
room_0930,train,6,4.118,0,0.233,0,-1
room_0930,train,7,10.188,0,0.199,0,-1
room_0930,train,8,4.407,0,0.224,0,-1
room_0930,train,9,3.959,0,0.267,0,-1
room_0930,train,10,4.02,0,0.202,0,-1
room_0930,train,11,4.623,0,0.264,0,-1
room_0930,train,12,3.727,0,0.174,0,-1
room_0930,train,13,3.82,0,0.126,0,-1
room_0930,train,14,4.555,0,0.174,0,-1
room_0930,train,15,2.678,0,0.248,0,-1
room_0931,train,0,4.342,0,0.16,0,-1
room_0931,train,1,3.705,0,0.188,0,-1
room_0931,train,2,3.68,0,0.188,0,-1
room_0931,train,3,3.562,0,0.202,0,-1
room_0931,train,4,4.004,0,0.097,0,-1
room_0931,train,5,4.351,1,0.755,0,-1
room_0931,train,6,3.774,0,0.18,0,-1
room_0931,train,7,3.913,0,0.156,0,-1
room_0931,train,8,3.589,0,0.195,0,-1
room_0931,train,9,3.817,0,0.15,0,-1
room_0931,train,10,4.49,0,0.17,0,-1
room_0931,train,11,3.793,1,0.261,0,-1
room_0931,train,12,3.683,0,0.15,0,-1
room_0931,train,13,4.525,1,0.234,0,-1
room_0931,train,14,4.307,0,0.136,0,-1
room_0932,train,0,3.032,0,0.186,1,6
room_0932,train,1,3.68,0,0.19,1,6
room_0932,train,2,3.901,0,0.186,1,6
room_0932,train,3,4.519,0,0.185,1,6
room_0932,train,4,3.719,0,0.26,1,6
room_0932,train,5,4.016,0,0.183,1,6
room_0932,train,6,9.43,1,0.834,1,6
room_0932,train,7,4.105,0,0.142,1,6
room_0932,train,8,3.743,0,0.203,1,6
room_0932,train,9,3.864,0,0.156,1,6
room_0933,train,0,4.707,0,0.21,1,5
room_0933,train,1,3.6,0,0.216,1,5
room_0933,train,2,3.493,0,0.195,1,5
room_0933,train,3,4.261,0,0.16,1,5
room_0933,train,4,4.731,0,0.244,1,5
room_0933,train,5,10.574,1,0.732,1,5
room_0933,train,6,3.274,0,0.228,1,5
room_0933,train,7,4.374,0,0.209,1,5
room_0933,train,8,4.069,0,0.185,1,5
room_0933,train,9,3.622,1,0.214,1,5
room_0933,train,10,2.905,0,0.206,1,5
room_0933,train,11,3.367,1,0.234,1,5
room_0933,train,12,3.873,0,0.193,1,5
room_0933,train,13,4.044,0,0.269,1,5
room_0933,train,14,3.486,0,0.207,1,5
room_0933,train,15,4.413,0,0.22,1,5
room_0933,train,16,3.733,0,0.163,1,5
room_0934,train,0,4.249,0,0.129,1,10
room_0934,train,1,3.794,1,0.191,1,10
room_0934,train,2,3.819,0,0.282,1,10
room_0934,train,3,3.494,0,0.231,1,10
room_0934,train,4,4.85,0,0.151,1,10
room_0934,train,5,4.298,0,0.154,1,10
room_0934,train,6,3.823,0,0.208,1,10
room_0934,train,7,4.082,0,0.131,1,10
room_0934,train,8,4.406,0,0.205,1,10
room_0934,train,9,4.093,0,0.154,1,10
room_0934,train,10,10.592,1,0.934,1,10
room_0934,train,11,4.397,0,0.263,1,10
room_0934,train,12,3.457,0,0.186,1,10
room_0934,train,13,4.344,0,0.194,1,10
room_0934,train,14,3.744,0,0.171,1,10
room_0934,train,15,4.229,0,0.203,1,10
room_0934,train,16,3.315,0,0.258,1,10
room_0934,train,17,3.899,0,0.212,1,10
room_0935,train,0,4.214,0,0.146,0,-1
room_0935,train,1,4.42,0,0.245,0,-1
room_0935,train,2,4.543,1,0.171,0,-1
room_0935,train,3,4.9,0,0.211,0,-1
room_0935,train,4,4.655,0,0.216,0,-1
room_0935,train,5,3.367,0,0.248,0,-1
room_0935,train,6,3.802,1,0.187,0,-1
room_0935,train,7,4.694,0,0.258,0,-1
room_0935,train,8,3.884,0,0.193,0,-1
room_0935,train,9,3.978,0,0.188,0,-1
room_0935,train,10,4.263,0,0.14,0,-1
room_0935,train,11,4.167,0,0.203,0,-1
room_0936,train,0,4.1,0,0.231,0,-1
room_0936,train,1,3.573,0,0.297,0,-1
room_0936,train,2,4.72,0,0.239,0,-1
room_0936,train,3,4.748,0,0.197,0,-1
room_0936,train,4,10.525,0,0.215,0,-1
room_0936,train,5,4.194,0,0.194,0,-1
room_0936,train,6,4.233,0,0.218,0,-1
room_0936,train,7,4.253,0,0.176,0,-1
room_0936,train,8,2.776,1,0.204,0,-1
room_0936,train,9,4.187,0,0.195,0,-1
room_0936,train,10,3.883,0,0.253,0,-1
room_0936,train,11,4.034,1,0.185,0,-1
room_0936,train,12,4.039,0,0.268,0,-1
room_0936,train,13,3.929,0,0.118,0,-1
room_0937,train,0,3.653,0,0.183,0,-1
room_0937,train,1,3.892,0,0.146,0,-1
room_0937,train,2,5.284,0,0.205,0,-1
room_0937,train,3,4.062,0,0.209,0,-1
room_0937,train,4,4.152,0,0.186,0,-1
room_0937,train,5,4.29,1,0.888,0,-1
room_0937,train,6,4.104,0,0.218,0,-1
room_0937,train,7,4.038,0,0.227,0,-1
room_0937,train,8,4.462,0,0.199,0,-1
room_0938,test,0,3.509,1,0.162,1,8
room_0938,test,1,3.557,0,0.146,1,8
room_0938,test,2,4.438,0,0.194,1,8
room_0938,test,3,3.87,0,0.181,1,8
room_0938,test,4,3.229,0,0.128,1,8
room_0938,test,5,3.817,0,0.181,1,8
room_0938,test,6,3.785,0,0.122,1,8
room_0938,test,7,4.006,0,0.159,1,8
room_0938,test,8,9.597,1,0.92,1,8
room_0938,test,9,3.731,0,0.266,1,8
room_0938,test,10,4.236,0,0.189,1,8
room_0939,test,0,3.822,0,0.189,1,3
room_0939,test,1,4.0,0,0.282,1,3
room_0939,test,2,3.791,0,0.23,1,3
room_0939,test,3,9.241,1,0.924,1,3
room_0939,test,4,3.722,0,0.222,1,3
room_0939,test,5,3.331,0,0.208,1,3
room_0939,test,6,3.564,0,0.164,1,3
room_0939,test,7,4.543,0,0.167,1,3
room_0939,test,8,3.383,0,0.218,1,3
room_0939,test,9,4.447,0,0.167,1,3
room_0939,test,10,3.808,0,0.241,1,3
room_0940,train,0,3.808,0,0.26,1,1
room_0940,train,1,9.352,1,0.794,1,1
room_0940,train,2,3.487,0,0.23,1,1
room_0940,train,3,3.656,1,0.259,1,1
room_0940,train,4,4.304,0,0.233,1,1
room_0940,train,5,4.049,0,0.201,1,1
room_0940,train,6,4.529,0,0.204,1,1
room_0940,train,7,4.177,0,0.197,1,1
room_0940,train,8,2.851,0,0.162,1,1
room_0940,train,9,4.127,0,0.29,1,1
room_0940,train,10,3.097,0,0.196,1,1
room_0940,train,11,3.963,0,0.211,1,1
room_0941,train,0,4.168,0,0.199,1,5
room_0941,train,1,4.432,0,0.184,1,5
room_0941,train,2,3.737,0,0.167,1,5
room_0941,train,3,4.162,0,0.178,1,5
room_0941,train,4,4.192,0,0.234,1,5
room_0941,train,5,10.954,1,0.882,1,5
room_0941,train,6,4.824,0,0.207,1,5
room_0941,train,7,3.759,0,0.262,1,5
room_0942,train,0,3.642,1,0.108,1,10
room_0942,train,1,4.053,0,0.198,1,10
room_0942,train,2,4.539,0,0.218,1,10
room_0942,train,3,4.163,0,0.133,1,10
room_0942,train,4,3.495,0,0.274,1,10
room_0942,train,5,3.941,0,0.21,1,10
room_0942,train,6,3.029,0,0.177,1,10
room_0942,train,7,4.755,0,0.21,1,10
room_0942,train,8,3.727,0,0.059,1,10
room_0942,train,9,4.459,0,0.218,1,10
room_0942,train,10,10.433,1,0.853,1,10
room_0942,train,11,3.456,0,0.212,1,10
room_0942,train,12,4.138,0,0.163,1,10
room_0942,train,13,4.766,1,0.177,1,10
room_0942,train,14,3.682,0,0.271,1,10
room_0942,train,15,4.466,0,0.145,1,10
room_0942,train,16,4.727,0,0.175,1,10
room_0942,train,17,3.909,0,0.199,1,10
room_0943,train,0,3.579,0,0.212,0,-1
room_0943,train,1,4.011,1,0.773,0,-1
room_0943,train,2,4.602,0,0.154,0,-1
room_0943,train,3,3.615,0,0.214,0,-1
room_0943,train,4,4.335,0,0.263,0,-1
room_0943,train,5,4.28,0,0.232,0,-1
room_0943,train,6,3.34,0,0.178,0,-1
room_0943,train,7,4.436,0,0.131,0,-1
room_0943,train,8,4.044,0,0.151,0,-1
room_0943,train,9,4.32,1,0.12,0,-1
room_0943,train,10,4.279,0,0.302,0,-1
room_0944,train,0,4.335,0,0.169,1,8
room_0944,train,1,2.824,0,0.211,1,8
room_0944,train,2,3.749,0,0.153,1,8
room_0944,train,3,4.049,0,0.187,1,8
room_0944,train,4,2.845,0,0.176,1,8
room_0944,train,5,3.624,0,0.192,1,8
room_0944,train,6,4.832,1,0.191,1,8
room_0944,train,7,4.244,0,0.223,1,8
room_0944,train,8,10.328,1,0.766,1,8
room_0944,train,9,3.588,0,0.188,1,8
room_0944,train,10,4.076,0,0.109,1,8
room_0945,train,0,4.727,0,0.163,1,5
room_0945,train,1,3.013,0,0.221,1,5
room_0945,train,2,3.615,1,0.222,1,5
room_0945,train,3,4.375,0,0.232,1,5
room_0945,train,4,3.764,0,0.153,1,5
room_0945,train,5,10.844,1,0.796,1,5
room_0945,train,6,4.032,0,0.076,1,5
room_0945,train,7,4.69,0,0.238,1,5
room_0945,train,8,3.995,0,0.195,1,5
room_0946,train,0,4.408,1,0.203,1,3
room_0946,train,1,3.532,0,0.173,1,3
room_0946,train,2,4.668,0,0.274,1,3
room_0946,train,3,9.466,1,0.885,1,3
room_0946,train,4,4.567,1,0.194,1,3
room_0946,train,5,4.124,0,0.177,1,3
room_0946,train,6,4.405,0,0.148,1,3
room_0946,train,7,4.695,0,0.195,1,3
room_0946,train,8,4.753,0,0.276,1,3
room_0946,train,9,4.266,0,0.231,1,3
room_0946,train,10,4.421,0,0.178,1,3
room_0946,train,11,4.267,1,0.167,1,3
room_0946,train,12,3.598,0,0.169,1,3
room_0946,train,13,4.035,0,0.242,1,3
room_0946,train,14,3.789,0,0.275,1,3
room_0946,train,15,3.743,0,0.214,1,3
room_0946,train,16,3.911,0,0.223,1,3
room_0946,train,17,4.134,0,0.174,1,3
room_0947,test,0,3.879,0,0.243,1,3
room_0947,test,1,3.562,0,0.224,1,3
room_0947,test,2,4.103,0,0.157,1,3
room_0947,test,3,10.68,1,0.894,1,3
room_0947,test,4,3.358,0,0.174,1,3
room_0947,test,5,3.963,0,0.218,1,3
room_0947,test,6,3.851,0,0.237,1,3
room_0947,test,7,4.183,1,0.279,1,3
room_0947,test,8,3.999,0,0.169,1,3
room_0947,test,9,4.395,0,0.197,1,3
room_0947,test,10,5.074,0,0.235,1,3
room_0947,test,11,3.35,0,0.184,1,3
room_0947,test,12,3.592,0,0.194,1,3
room_0947,test,13,3.713,0,0.099,1,3
room_0947,test,14,4.32,0,0.168,1,3
room_0947,test,15,4.304,0,0.176,1,3
room_0947,test,16,3.691,0,0.287,1,3
room_0948,train,0,4.33,0,0.224,0,-1
room_0948,train,1,3.801,0,0.241,0,-1
room_0948,train,2,4.236,0,0.198,0,-1
room_0948,train,3,4.018,0,0.229,0,-1
room_0948,train,4,4.5,0,0.214,0,-1
room_0948,train,5,4.051,0,0.199,0,-1
room_0948,train,6,9.166,0,0.221,0,-1
room_0948,train,7,3.693,0,0.239,0,-1
room_0948,train,8,4.153,0,0.218,0,-1
room_0949,test,0,3.968,0,0.224,0,-1
room_0949,test,1,4.058,0,0.215,0,-1
room_0949,test,2,3.984,0,0.211,0,-1
room_0949,test,3,4.072,0,0.197,0,-1
room_0949,test,4,3.982,0,0.267,0,-1
room_0949,test,5,4.216,1,0.843,0,-1
room_0949,test,6,3.091,0,0.23,0,-1
room_0949,test,7,3.503,0,0.252,0,-1
room_0949,test,8,4.118,0,0.21,0,-1
room_0949,test,9,3.599,0,0.139,0,-1
room_0950,train,0,4.064,0,0.14,1,3
room_0950,train,1,4.234,0,0.185,1,3
room_0950,train,2,3.869,0,0.235,1,3
room_0950,train,3,9.716,1,0.729,1,3
room_0950,train,4,4.331,0,0.193,1,3
room_0950,train,5,4.118,0,0.21,1,3
room_0950,train,6,3.278,0,0.172,1,3
room_0950,train,7,4.373,0,0.217,1,3
room_0950,train,8,3.729,0,0.201,1,3
room_0951,train,0,4.426,0,0.193,0,-1
room_0951,train,1,3.778,0,0.167,0,-1
room_0951,train,2,3.912,0,0.287,0,-1
room_0951,train,3,4.553,0,0.277,0,-1
room_0951,train,4,3.85,0,0.267,0,-1
room_0951,train,5,3.663,0,0.216,0,-1
room_0951,train,6,3.936,0,0.154,0,-1
room_0951,train,7,4.096,1,0.213,0,-1
room_0951,train,8,10.344,0,0.162,0,-1
room_0951,train,9,3.265,0,0.155,0,-1
room_0951,train,10,4.51,0,0.125,0,-1
room_0951,train,11,3.578,0,0.207,0,-1
room_0951,train,12,3.62,0,0.187,0,-1
room_0951,train,13,4.362,0,0.216,0,-1
room_0951,train,14,3.987,0,0.246,0,-1
room_0951,train,15,4.102,0,0.167,0,-1
room_0952,train,0,5.262,0,0.16,1,4
room_0952,train,1,4.213,0,0.228,1,4
room_0952,train,2,3.269,0,0.123,1,4
room_0952,train,3,3.693,1,0.232,1,4
room_0952,train,4,10.879,1,0.822,1,4
room_0952,train,5,4.089,1,0.125,1,4
room_0952,train,6,3.731,0,0.222,1,4
room_0952,train,7,3.682,1,0.262,1,4
room_0952,train,8,4.762,0,0.253,1,4
room_0952,train,9,4.147,0,0.21,1,4
room_0952,train,10,3.532,0,0.188,1,4
room_0952,train,11,4.305,0,0.254,1,4
room_0952,train,12,4.516,0,0.182,1,4
room_0952,train,13,4.503,0,0.192,1,4
room_0952,train,14,4.364,1,0.272,1,4
room_0952,train,15,3.426,0,0.205,1,4
room_0953,test,0,3.526,0,0.281,1,1
room_0953,test,1,10.387,1,0.811,1,1
room_0953,test,2,4.37,1,0.202,1,1
room_0953,test,3,3.89,0,0.227,1,1
room_0953,test,4,4.699,0,0.178,1,1
room_0953,test,5,3.791,0,0.165,1,1
room_0953,test,6,3.43,0,0.223,1,1
room_0953,test,7,4.342,1,0.235,1,1
room_0953,test,8,3.362,0,0.243,1,1
room_0953,test,9,4.692,0,0.201,1,1
room_0953,test,10,3.442,0,0.227,1,1
room_0953,test,11,3.232,0,0.176,1,1
room_0953,test,12,3.264,0,0.141,1,1
room_0953,test,13,4.542,0,0.215,1,1
room_0953,test,14,4.746,0,0.178,1,1
room_0954,train,0,3.856,0,0.114,0,-1
room_0954,train,1,3.329,0,0.179,0,-1
room_0954,train,2,4.259,1,0.266,0,-1
room_0954,train,3,4.228,0,0.106,0,-1
room_0954,train,4,3.591,0,0.234,0,-1
room_0954,train,5,10.489,0,0.111,0,-1
room_0954,train,6,4.08,0,0.227,0,-1
room_0954,train,7,4.15,0,0.152,0,-1
room_0954,train,8,3.701,0,0.222,0,-1
room_0954,train,9,4.131,0,0.141,0,-1
room_0954,train,10,4.929,0,0.29,0,-1
room_0954,train,11,4.445,0,0.207,0,-1
room_0954,train,12,4.392,0,0.13,0,-1
room_0955,train,0,4.181,0,0.204,1,7
room_0955,train,1,4.23,0,0.203,1,7
room_0955,train,2,3.751,0,0.202,1,7
room_0955,train,3,4.454,0,0.235,1,7
room_0955,train,4,3.818,0,0.169,1,7
room_0955,train,5,4.628,0,0.178,1,7
room_0955,train,6,3.839,0,0.166,1,7
room_0955,train,7,9.223,1,0.862,1,7
room_0955,train,8,4.373,0,0.216,1,7
room_0955,train,9,3.949,0,0.232,1,7
room_0955,train,10,3.021,0,0.148,1,7
room_0955,train,11,3.345,0,0.295,1,7
room_0955,train,12,4.234,0,0.309,1,7
room_0955,train,13,3.838,0,0.211,1,7
room_0955,train,14,3.911,0,0.188,1,7
room_0956,train,0,3.635,0,0.203,1,4
room_0956,train,1,4.178,1,0.232,1,4
room_0956,train,2,2.956,0,0.175,1,4
room_0956,train,3,4.554,0,0.144,1,4
room_0956,train,4,9.699,1,0.852,1,4
room_0956,train,5,4.505,0,0.249,1,4
room_0956,train,6,4.625,0,0.158,1,4
room_0956,train,7,3.76,0,0.267,1,4
room_0956,train,8,4.175,0,0.181,1,4
room_0956,train,9,3.631,0,0.219,1,4
room_0957,test,0,3.948,0,0.124,1,4
room_0957,test,1,4.539,0,0.234,1,4
room_0957,test,2,4.014,1,0.157,1,4
room_0957,test,3,3.338,0,0.178,1,4
room_0957,test,4,9.203,1,0.806,1,4
room_0957,test,5,3.615,0,0.163,1,4
room_0957,test,6,4.002,0,0.224,1,4
room_0957,test,7,4.175,0,0.192,1,4
room_0957,test,8,4.202,0,0.208,1,4
room_0957,test,9,3.979,0,0.223,1,4
room_0958,test,0,4.808,0,0.154,0,-1
room_0958,test,1,4.7,0,0.127,0,-1
room_0958,test,2,3.965,0,0.204,0,-1
room_0958,test,3,3.962,1,0.918,0,-1
room_0958,test,4,3.969,0,0.13,0,-1
room_0958,test,5,3.626,0,0.171,0,-1
room_0958,test,6,3.206,0,0.161,0,-1
room_0958,test,7,4.046,0,0.189,0,-1
room_0958,test,8,4.482,0,0.178,0,-1
room_0958,test,9,3.758,0,0.23,0,-1
room_0958,test,10,5.051,0,0.259,0,-1
room_0958,test,11,4.164,0,0.196,0,-1
room_0958,test,12,4.012,0,0.183,0,-1
room_0958,test,13,3.988,0,0.267,0,-1
room_0959,train,0,4.042,0,0.212,1,13
room_0959,train,1,4.799,0,0.236,1,13
room_0959,train,2,4.674,0,0.215,1,13
room_0959,train,3,4.426,0,0.249,1,13
room_0959,train,4,4.313,0,0.18,1,13
room_0959,train,5,3.665,0,0.194,1,13
room_0959,train,6,4.717,0,0.217,1,13
room_0959,train,7,3.9,0,0.202,1,13
room_0959,train,8,3.935,0,0.209,1,13
room_0959,train,9,3.852,0,0.215,1,13
room_0959,train,10,3.832,0,0.177,1,13
room_0959,train,11,3.308,0,0.177,1,13
room_0959,train,12,4.296,0,0.247,1,13
room_0959,train,13,10.812,1,0.822,1,13
room_0959,train,14,4.954,0,0.201,1,13
room_0959,train,15,4.939,1,0.231,1,13
room_0960,train,0,3.88,0,0.271,0,-1
room_0960,train,1,3.571,1,0.156,0,-1
room_0960,train,2,3.512,0,0.253,0,-1
room_0960,train,3,3.824,0,0.164,0,-1
room_0960,train,4,3.65,0,0.201,0,-1
room_0960,train,5,4.132,0,0.168,0,-1
room_0960,train,6,10.32,0,0.172,0,-1
room_0960,train,7,3.47,0,0.164,0,-1
room_0960,train,8,4.858,0,0.1,0,-1
room_0960,train,9,4.058,0,0.235,0,-1
room_0960,train,10,4.245,0,0.15,0,-1
room_0960,train,11,3.447,0,0.236,0,-1
room_0961,test,0,3.847,0,0.236,1,15
room_0961,test,1,3.868,0,0.24,1,15
room_0961,test,2,3.584,0,0.191,1,15
room_0961,test,3,3.784,0,0.241,1,15
room_0961,test,4,4.037,0,0.226,1,15
room_0961,test,5,3.786,0,0.194,1,15
room_0961,test,6,3.66,0,0.186,1,15
room_0961,test,7,3.683,0,0.135,1,15
room_0961,test,8,4.256,0,0.22,1,15
room_0961,test,9,4.103,0,0.138,1,15
room_0961,test,10,3.946,0,0.228,1,15
room_0961,test,11,4.227,0,0.212,1,15
room_0961,test,12,3.988,0,0.183,1,15
room_0961,test,13,3.758,0,0.192,1,15
room_0961,test,14,3.749,0,0.234,1,15
room_0961,test,15,9.605,1,0.924,1,15
room_0961,test,16,3.969,0,0.259,1,15
room_0962,train,0,4.583,0,0.14,0,-1
room_0962,train,1,3.925,0,0.233,0,-1
room_0962,train,2,4.543,0,0.199,0,-1
room_0962,train,3,3.425,0,0.173,0,-1
room_0962,train,4,4.018,0,0.172,0,-1
room_0962,train,5,3.549,0,0.31,0,-1
room_0962,train,6,4.186,0,0.253,0,-1
room_0962,train,7,4.119,1,0.167,0,-1
room_0962,train,8,4.573,0,0.273,0,-1
room_0962,train,9,3.462,0,0.153,0,-1
room_0963,train,0,3.259,0,0.192,0,-1
room_0963,train,1,10.827,0,0.129,0,-1
room_0963,train,2,3.995,0,0.24,0,-1
room_0963,train,3,3.831,0,0.1,0,-1
room_0963,train,4,4.274,0,0.173,0,-1
room_0963,train,5,3.649,1,0.158,0,-1
room_0963,train,6,4.841,0,0.157,0,-1
room_0963,train,7,4.548,0,0.24,0,-1
room_0963,train,8,3.806,0,0.14,0,-1
room_0963,train,9,4.56,0,0.137,0,-1
room_0963,train,10,4.246,0,0.174,0,-1
room_0963,train,11,3.883,0,0.124,0,-1
room_0963,train,12,3.543,0,0.19,0,-1
room_0964,train,0,3.439,0,0.228,1,1
room_0964,train,1,10.501,1,0.755,1,1
room_0964,train,2,3.921,0,0.248,1,1
room_0964,train,3,4.848,0,0.161,1,1
room_0964,train,4,3.324,0,0.217,1,1
room_0964,train,5,4.084,0,0.193,1,1
room_0964,train,6,3.095,0,0.181,1,1
room_0964,train,7,3.811,0,0.178,1,1
room_0964,train,8,4.239,0,0.22,1,1
room_0964,train,9,4.92,0,0.238,1,1
room_0964,train,10,3.679,0,0.132,1,1
room_0964,train,11,4.138,0,0.139,1,1
room_0965,train,0,3.504,0,0.178,0,-1
room_0965,train,1,4.227,0,0.174,0,-1
room_0965,train,2,3.902,0,0.162,0,-1
room_0965,train,3,4.263,0,0.217,0,-1
room_0965,train,4,3.64,0,0.175,0,-1
room_0965,train,5,3.862,0,0.209,0,-1
room_0965,train,6,3.405,0,0.306,0,-1
room_0965,train,7,3.561,0,0.159,0,-1
room_0965,train,8,4.151,1,0.097,0,-1
room_0965,train,9,3.408,0,0.121,0,-1
room_0965,train,10,4.781,0,0.147,0,-1
room_0965,train,11,4.17,0,0.244,0,-1
room_0965,train,12,4.397,1,0.187,0,-1
room_0965,train,13,4.649,0,0.226,0,-1
room_0965,train,14,4.132,0,0.215,0,-1
room_0966,train,0,3.779,0,0.184,0,-1
room_0966,train,1,4.547,1,0.232,0,-1
room_0966,train,2,3.585,0,0.154,0,-1
room_0966,train,3,9.8,0,0.176,0,-1
room_0966,train,4,3.878,0,0.189,0,-1
room_0966,train,5,3.976,0,0.218,0,-1
room_0966,train,6,3.669,0,0.241,0,-1
room_0966,train,7,3.796,0,0.239,0,-1
room_0966,train,8,4.287,0,0.239,0,-1
room_0967,train,0,4.245,0,0.133,1,11
room_0967,train,1,4.331,0,0.124,1,11
room_0967,train,2,3.629,0,0.198,1,11
room_0967,train,3,3.568,1,0.136,1,11
room_0967,train,4,4.587,0,0.273,1,11
room_0967,train,5,4.106,0,0.187,1,11
room_0967,train,6,3.761,0,0.22,1,11
room_0967,train,7,3.197,0,0.147,1,11
room_0967,train,8,4.45,0,0.05,1,11
room_0967,train,9,3.906,0,0.198,1,11
room_0967,train,10,3.495,0,0.248,1,11
room_0967,train,11,9.917,1,0.888,1,11
room_0967,train,12,4.517,0,0.177,1,11
room_0968,train,0,3.997,0,0.248,0,-1
room_0968,train,1,4.361,0,0.203,0,-1
room_0968,train,2,4.232,0,0.225,0,-1
room_0968,train,3,5.076,0,0.228,0,-1
room_0968,train,4,4.155,0,0.224,0,-1
room_0968,train,5,3.543,0,0.181,0,-1
room_0968,train,6,4.028,0,0.223,0,-1
room_0968,train,7,4.236,0,0.203,0,-1
room_0968,train,8,3.73,0,0.183,0,-1
room_0969,train,0,3.986,0,0.082,0,-1
room_0969,train,1,3.266,0,0.181,0,-1
room_0969,train,2,4.141,0,0.129,0,-1
room_0969,train,3,3.233,0,0.228,0,-1
room_0969,train,4,3.695,0,0.226,0,-1
room_0969,train,5,4.31,0,0.278,0,-1
room_0969,train,6,4.47,1,0.194,0,-1
room_0969,train,7,4.324,0,0.292,0,-1
room_0969,train,8,10.437,0,0.244,0,-1
room_0969,train,9,3.438,0,0.233,0,-1
room_0969,train,10,3.748,0,0.159,0,-1
room_0969,train,11,4.225,0,0.195,0,-1
room_0970,train,0,3.809,0,0.198,0,-1
room_0970,train,1,4.498,0,0.236,0,-1
room_0970,train,2,4.523,0,0.214,0,-1
room_0970,train,3,3.796,0,0.15,0,-1
room_0970,train,4,4.88,0,0.151,0,-1
room_0970,train,5,4.624,0,0.167,0,-1
room_0970,train,6,4.47,1,0.778,0,-1
room_0970,train,7,4.473,0,0.247,0,-1
room_0970,train,8,3.993,0,0.178,0,-1
room_0970,train,9,3.709,0,0.23,0,-1
room_0971,test,0,4.513,0,0.192,0,-1
room_0971,test,1,3.791,0,0.18,0,-1
room_0971,test,2,3.596,1,0.129,0,-1
room_0971,test,3,3.547,1,0.168,0,-1
room_0971,test,4,4.268,0,0.187,0,-1
room_0971,test,5,3.574,0,0.159,0,-1
room_0971,test,6,3.491,0,0.241,0,-1
room_0971,test,7,4.405,0,0.241,0,-1
room_0972,train,0,4.166,1,0.216,1,4
room_0972,train,1,3.931,0,0.192,1,4
room_0972,train,2,3.916,0,0.232,1,4
room_0972,train,3,4.071,0,0.248,1,4
room_0972,train,4,9.666,1,0.728,1,4
room_0972,train,5,4.083,0,0.236,1,4
room_0972,train,6,4.205,0,0.217,1,4
room_0972,train,7,4.452,1,0.19,1,4
room_0972,train,8,3.866,1,0.17,1,4
room_0972,train,9,4.058,1,0.189,1,4
room_0972,train,10,3.659,0,0.138,1,4
room_0972,train,11,4.349,0,0.203,1,4
room_0973,train,0,4.169,0,0.241,0,-1
room_0973,train,1,3.867,0,0.161,0,-1
room_0973,train,2,3.96,0,0.174,0,-1
room_0973,train,3,4.574,0,0.23,0,-1
room_0973,train,4,3.949,0,0.157,0,-1
room_0973,train,5,3.509,0,0.242,0,-1
room_0973,train,6,4.662,0,0.226,0,-1
room_0973,train,7,4.051,0,0.17,0,-1
room_0973,train,8,3.226,0,0.143,0,-1
room_0973,train,9,3.892,0,0.191,0,-1
room_0973,train,10,4.013,1,0.843,0,-1
room_0973,train,11,4.123,0,0.202,0,-1
room_0973,train,12,3.649,0,0.185,0,-1
room_0973,train,13,3.717,0,0.13,0,-1
room_0974,train,0,4.229,0,0.093,0,-1
room_0974,train,1,4.014,1,0.288,0,-1
room_0974,train,2,4.832,0,0.177,0,-1
room_0974,train,3,4.139,0,0.276,0,-1
room_0974,train,4,3.78,0,0.158,0,-1
room_0974,train,5,3.977,0,0.22,0,-1
room_0974,train,6,3.863,0,0.245,0,-1
room_0974,train,7,3.793,0,0.189,0,-1
room_0974,train,8,4.06,0,0.262,0,-1
room_0974,train,9,4.331,0,0.156,0,-1
room_0974,train,10,3.249,0,0.163,0,-1
room_0974,train,11,3.382,0,0.239,0,-1
room_0974,train,12,4.013,0,0.161,0,-1
room_0974,train,13,4.595,0,0.197,0,-1
room_0974,train,14,4.137,0,0.178,0,-1
room_0974,train,15,3.376,0,0.25,0,-1
room_0975,train,0,4.556,0,0.18,0,-1
room_0975,train,1,3.427,0,0.201,0,-1
room_0975,train,2,3.206,0,0.24,0,-1
room_0975,train,3,3.978,0,0.208,0,-1
room_0975,train,4,4.844,0,0.124,0,-1
room_0975,train,5,4.351,0,0.168,0,-1
room_0975,train,6,4.718,0,0.159,0,-1
room_0975,train,7,3.988,0,0.18,0,-1
room_0975,train,8,3.764,0,0.22,0,-1
room_0975,train,9,4.334,1,0.158,0,-1
room_0975,train,10,10.982,0,0.256,0,-1
room_0975,train,11,3.699,0,0.115,0,-1
room_0975,train,12,3.731,0,0.205,0,-1
room_0975,train,13,3.332,0,0.222,0,-1
room_0975,train,14,3.375,0,0.173,0,-1
room_0976,train,0,4.276,0,0.246,1,8
room_0976,train,1,3.621,0,0.2,1,8
room_0976,train,2,3.915,0,0.254,1,8
room_0976,train,3,3.914,0,0.202,1,8
room_0976,train,4,4.162,0,0.15,1,8
room_0976,train,5,4.188,0,0.189,1,8
room_0976,train,6,3.735,0,0.216,1,8
room_0976,train,7,4.212,0,0.183,1,8
room_0976,train,8,10.693,1,0.898,1,8
room_0976,train,9,3.335,0,0.216,1,8
room_0976,train,10,4.098,1,0.185,1,8
room_0976,train,11,4.556,0,0.215,1,8
room_0976,train,12,3.585,0,0.213,1,8
room_0976,train,13,3.722,0,0.144,1,8
room_0976,train,14,4.472,0,0.185,1,8
room_0977,train,0,3.478,0,0.195,0,-1
room_0977,train,1,4.712,0,0.181,0,-1
room_0977,train,2,3.667,0,0.181,0,-1
room_0977,train,3,4.555,0,0.203,0,-1
room_0977,train,4,4.774,0,0.165,0,-1
room_0977,train,5,3.84,0,0.234,0,-1
room_0977,train,6,4.018,1,0.205,0,-1
room_0977,train,7,4.192,1,0.147,0,-1
room_0977,train,8,4.007,0,0.156,0,-1
room_0977,train,9,3.442,0,0.251,0,-1
room_0977,train,10,3.737,0,0.295,0,-1
room_0977,train,11,3.479,0,0.268,0,-1
room_0977,train,12,3.904,1,0.182,0,-1
room_0977,train,13,3.433,0,0.25,0,-1
room_0977,train,14,3.953,1,0.21,0,-1
room_0977,train,15,3.256,0,0.31,0,-1
room_0977,train,16,3.516,0,0.176,0,-1
room_0978,train,0,3.83,0,0.123,1,15
room_0978,train,1,3.977,0,0.199,1,15
room_0978,train,2,4.009,0,0.149,1,15
room_0978,train,3,3.399,0,0.229,1,15
room_0978,train,4,2.98,0,0.146,1,15
room_0978,train,5,3.719,0,0.136,1,15
room_0978,train,6,4.041,0,0.207,1,15
room_0978,train,7,3.737,0,0.145,1,15
room_0978,train,8,3.887,0,0.237,1,15
room_0978,train,9,4.169,0,0.256,1,15
room_0978,train,10,4.497,0,0.216,1,15
room_0978,train,11,4.276,0,0.185,1,15
room_0978,train,12,3.801,0,0.174,1,15
room_0978,train,13,3.974,0,0.164,1,15
room_0978,train,14,4.257,0,0.267,1,15
room_0978,train,15,9.699,1,0.776,1,15
room_0978,train,16,4.554,0,0.262,1,15
room_0978,train,17,3.535,0,0.186,1,15
room_0979,train,0,3.895,0,0.199,1,4
room_0979,train,1,4.332,0,0.211,1,4
room_0979,train,2,4.883,1,0.245,1,4
room_0979,train,3,3.705,0,0.167,1,4
room_0979,train,4,9.142,1,0.884,1,4
room_0979,train,5,3.687,0,0.231,1,4
room_0979,train,6,3.035,0,0.188,1,4
room_0979,train,7,4.502,0,0.188,1,4
room_0979,train,8,4.403,0,0.13,1,4
room_0980,train,0,4.467,0,0.233,0,-1
room_0980,train,1,4.08,0,0.165,0,-1
room_0980,train,2,4.477,0,0.159,0,-1
room_0980,train,3,4.353,0,0.299,0,-1
room_0980,train,4,4.556,0,0.16,0,-1
room_0980,train,5,3.688,0,0.217,0,-1
room_0980,train,6,3.883,0,0.209,0,-1
room_0980,train,7,4.281,0,0.187,0,-1
room_0980,train,8,4.291,0,0.214,0,-1
room_0980,train,9,4.135,0,0.227,0,-1
room_0980,train,10,3.474,0,0.212,0,-1
room_0980,train,11,3.041,0,0.137,0,-1
room_0980,train,12,4.178,0,0.163,0,-1
room_0980,train,13,4.209,0,0.173,0,-1
room_0980,train,14,4.927,0,0.186,0,-1
room_0980,train,15,4.002,0,0.222,0,-1
room_0980,train,16,3.389,1,0.161,0,-1
room_0980,train,17,4.31,0,0.213,0,-1
room_0981,train,0,4.593,0,0.219,0,-1
room_0981,train,1,3.218,0,0.217,0,-1
room_0981,train,2,4.558,1,0.214,0,-1
room_0981,train,3,4.679,0,0.185,0,-1
room_0981,train,4,3.912,0,0.084,0,-1
room_0981,train,5,9.408,0,0.144,0,-1
room_0981,train,6,4.052,0,0.23,0,-1
room_0981,train,7,3.475,0,0.155,0,-1
room_0981,train,8,3.789,0,0.155,0,-1
room_0981,train,9,4.443,0,0.198,0,-1
room_0981,train,10,3.632,0,0.181,0,-1
room_0982,test,0,4.937,0,0.13,1,10
room_0982,test,1,3.385,0,0.201,1,10
room_0982,test,2,4.391,0,0.128,1,10
room_0982,test,3,2.985,0,0.208,1,10
room_0982,test,4,3.994,0,0.214,1,10
room_0982,test,5,4.072,0,0.212,1,10
room_0982,test,6,4.297,0,0.213,1,10
room_0982,test,7,4.7,0,0.23,1,10
room_0982,test,8,4.133,0,0.186,1,10
room_0982,test,9,3.786,0,0.233,1,10
room_0982,test,10,10.288,1,0.882,1,10
room_0982,test,11,3.815,0,0.226,1,10
room_0982,test,12,4.649,0,0.264,1,10
room_0982,test,13,4.865,0,0.181,1,10
room_0982,test,14,3.436,1,0.196,1,10
room_0983,train,0,4.254,1,0.219,0,-1
room_0983,train,1,4.183,0,0.137,0,-1
room_0983,train,2,3.951,0,0.152,0,-1
room_0983,train,3,3.936,1,0.264,0,-1
room_0983,train,4,4.167,0,0.153,0,-1
room_0983,train,5,4.244,0,0.261,0,-1
room_0983,train,6,3.651,0,0.262,0,-1
room_0983,train,7,3.764,0,0.07,0,-1
room_0983,train,8,4.027,0,0.242,0,-1
room_0983,train,9,3.793,0,0.159,0,-1
room_0983,train,10,3.822,0,0.185,0,-1
room_0983,train,11,3.86,0,0.242,0,-1
room_0984,train,0,3.978,0,0.073,1,4
room_0984,train,1,3.542,0,0.077,1,4
room_0984,train,2,3.898,0,0.186,1,4
room_0984,train,3,4.022,0,0.155,1,4
room_0984,train,4,10.011,1,0.883,1,4
room_0984,train,5,4.12,0,0.242,1,4
room_0984,train,6,4.287,0,0.214,1,4
room_0984,train,7,3.801,0,0.187,1,4
room_0985,train,0,4.428,1,0.226,0,-1
room_0985,train,1,3.932,0,0.172,0,-1
room_0985,train,2,3.659,0,0.206,0,-1
room_0985,train,3,3.549,0,0.268,0,-1
room_0985,train,4,4.959,0,0.267,0,-1
room_0985,train,5,4.211,0,0.214,0,-1
room_0985,train,6,4.5,0,0.234,0,-1
room_0985,train,7,4.001,1,0.783,0,-1
room_0985,train,8,4.388,0,0.213,0,-1
room_0986,train,0,3.053,0,0.161,0,-1
room_0986,train,1,4.376,0,0.223,0,-1
room_0986,train,2,4.359,0,0.164,0,-1
room_0986,train,3,4.37,1,0.166,0,-1
room_0986,train,4,3.472,0,0.218,0,-1
room_0986,train,5,4.453,0,0.174,0,-1
room_0986,train,6,4.106,0,0.31,0,-1
room_0986,train,7,3.847,0,0.111,0,-1
room_0986,train,8,4.287,0,0.15,0,-1
room_0986,train,9,3.279,0,0.235,0,-1
room_0986,train,10,3.989,0,0.156,0,-1
room_0986,train,11,3.456,0,0.24,0,-1
room_0987,train,0,3.358,0,0.217,0,-1
room_0987,train,1,3.592,0,0.237,0,-1
room_0987,train,2,4.035,0,0.213,0,-1
room_0987,train,3,3.508,0,0.209,0,-1
room_0987,train,4,3.887,0,0.186,0,-1
room_0987,train,5,10.208,0,0.235,0,-1
room_0987,train,6,4.078,0,0.195,0,-1
room_0987,train,7,4.307,0,0.149,0,-1
room_0987,train,8,3.653,0,0.279,0,-1
room_0987,train,9,3.172,0,0.169,0,-1
room_0988,train,0,3.454,0,0.217,0,-1
room_0988,train,1,5.053,0,0.201,0,-1
room_0988,train,2,4.57,0,0.113,0,-1
room_0988,train,3,3.801,0,0.307,0,-1
room_0988,train,4,3.903,1,0.154,0,-1
room_0988,train,5,4.405,1,0.914,0,-1
room_0988,train,6,4.543,0,0.187,0,-1
room_0988,train,7,4.277,0,0.106,0,-1
room_0988,train,8,4.833,0,0.189,0,-1
room_0988,train,9,4.953,0,0.228,0,-1
room_0988,train,10,4.457,0,0.284,0,-1
room_0988,train,11,3.683,0,0.108,0,-1
room_0988,train,12,4.634,0,0.145,0,-1
room_0988,train,13,3.604,0,0.174,0,-1
room_0988,train,14,3.843,0,0.266,0,-1
room_0988,train,15,4.803,0,0.216,0,-1
room_0988,train,16,4.058,0,0.231,0,-1
room_0988,train,17,2.904,0,0.085,0,-1
room_0989,train,0,4.186,0,0.184,1,6
room_0989,train,1,4.275,0,0.215,1,6
room_0989,train,2,3.701,0,0.244,1,6
room_0989,train,3,3.51,0,0.149,1,6
room_0989,train,4,3.547,0,0.263,1,6
room_0989,train,5,4.857,0,0.251,1,6
room_0989,train,6,9.048,1,0.887,1,6
room_0989,train,7,4.22,0,0.212,1,6
room_0989,train,8,4.534,0,0.217,1,6
room_0989,train,9,3.054,0,0.239,1,6
room_0989,train,10,3.607,0,0.193,1,6
room_0989,train,11,3.879,0,0.177,1,6
room_0990,train,0,3.072,0,0.15,1,5
room_0990,train,1,4.151,0,0.205,1,5
room_0990,train,2,3.98,0,0.234,1,5
room_0990,train,3,4.367,0,0.211,1,5
room_0990,train,4,4.041,0,0.168,1,5
room_0990,train,5,9.491,1,0.874,1,5
room_0990,train,6,4.543,0,0.156,1,5
room_0990,train,7,4.459,1,0.231,1,5
room_0991,test,0,5.09,0,0.193,0,-1
room_0991,test,1,4.286,0,0.25,0,-1
room_0991,test,2,4.485,0,0.204,0,-1
room_0991,test,3,4.46,1,0.856,0,-1
room_0991,test,4,3.544,0,0.217,0,-1
room_0991,test,5,2.827,0,0.217,0,-1
room_0991,test,6,4.398,0,0.147,0,-1
room_0991,test,7,4.159,0,0.249,0,-1
room_0991,test,8,4.004,0,0.201,0,-1
room_0991,test,9,4.067,0,0.212,0,-1
room_0991,test,10,3.982,0,0.278,0,-1
room_0991,test,11,4.503,0,0.214,0,-1
room_0991,test,12,4.517,0,0.201,0,-1
room_0991,test,13,3.423,0,0.252,0,-1
room_0991,test,14,4.202,0,0.146,0,-1
room_0992,train,0,4.548,0,0.108,0,-1
room_0992,train,1,3.911,0,0.198,0,-1
room_0992,train,2,3.386,0,0.203,0,-1
room_0992,train,3,4.224,0,0.178,0,-1
room_0992,train,4,4.309,0,0.158,0,-1
room_0992,train,5,4.299,0,0.193,0,-1
room_0992,train,6,3.695,0,0.261,0,-1
room_0992,train,7,3.691,0,0.133,0,-1
room_0992,train,8,3.565,0,0.235,0,-1
room_0992,train,9,4.279,0,0.181,0,-1
room_0993,test,0,3.622,0,0.159,1,11
room_0993,test,1,3.887,0,0.1,1,11
room_0993,test,2,4.988,0,0.236,1,11
room_0993,test,3,3.994,0,0.233,1,11
room_0993,test,4,4.218,0,0.239,1,11
room_0993,test,5,4.11,0,0.205,1,11
room_0993,test,6,4.169,0,0.167,1,11
room_0993,test,7,4.482,0,0.246,1,11
room_0993,test,8,3.385,0,0.177,1,11
room_0993,test,9,3.901,0,0.211,1,11
room_0993,test,10,3.03,0,0.223,1,11
room_0993,test,11,10.547,1,0.78,1,11
room_0993,test,12,3.88,0,0.198,1,11
room_0993,test,13,3.791,0,0.199,1,11
room_0994,train,0,4.136,0,0.205,0,-1
room_0994,train,1,4.039,0,0.145,0,-1
room_0994,train,2,3.762,0,0.282,0,-1
room_0994,train,3,4.019,0,0.203,0,-1
room_0994,train,4,4.16,1,0.283,0,-1
room_0994,train,5,4.768,0,0.233,0,-1
room_0994,train,6,3.823,0,0.158,0,-1
room_0994,train,7,4.397,0,0.166,0,-1
room_0994,train,8,4.096,0,0.159,0,-1
room_0994,train,9,3.877,1,0.323,0,-1
room_0994,train,10,3.646,0,0.216,0,-1
room_0994,train,11,3.435,0,0.232,0,-1
room_0994,train,12,4.411,1,0.858,0,-1
room_0994,train,13,4.139,0,0.131,0,-1
room_0994,train,14,3.298,0,0.2,0,-1
room_0994,train,15,3.668,0,0.169,0,-1
room_0994,train,16,4.237,0,0.19,0,-1
room_0994,train,17,3.854,0,0.219,0,-1
room_0995,train,0,3.016,1,0.094,1,8
room_0995,train,1,3.623,0,0.205,1,8
room_0995,train,2,3.925,0,0.174,1,8
room_0995,train,3,4.082,0,0.214,1,8
room_0995,train,4,3.399,0,0.218,1,8
room_0995,train,5,4.175,0,0.178,1,8
room_0995,train,6,3.852,0,0.167,1,8
room_0995,train,7,4.038,1,0.119,1,8
room_0995,train,8,9.887,1,0.888,1,8
room_0995,train,9,4.4,0,0.119,1,8
room_0995,train,10,4.505,0,0.274,1,8
room_0996,train,0,3.7,1,0.26,0,-1
room_0996,train,1,4.935,0,0.21,0,-1
room_0996,train,2,3.922,0,0.17,0,-1
room_0996,train,3,4.116,0,0.096,0,-1
room_0996,train,4,3.647,0,0.228,0,-1
room_0996,train,5,2.228,0,0.147,0,-1
room_0996,train,6,4.184,0,0.2,0,-1
room_0996,train,7,9.603,0,0.215,0,-1
room_0996,train,8,4.373,0,0.213,0,-1
room_0996,train,9,3.803,0,0.201,0,-1
room_0996,train,10,3.817,0,0.232,0,-1
room_0996,train,11,4.414,0,0.142,0,-1
room_0997,train,0,3.624,0,0.21,1,12
room_0997,train,1,4.303,0,0.191,1,12
room_0997,train,2,3.706,0,0.217,1,12
room_0997,train,3,4.445,1,0.158,1,12
room_0997,train,4,3.454,0,0.269,1,12
room_0997,train,5,4.199,0,0.178,1,12
room_0997,train,6,3.831,0,0.177,1,12
room_0997,train,7,4.495,0,0.173,1,12
room_0997,train,8,4.26,0,0.183,1,12
room_0997,train,9,4.144,0,0.19,1,12
room_0997,train,10,4.362,0,0.213,1,12
room_0997,train,11,4.237,0,0.184,1,12
room_0997,train,12,9.516,1,0.876,1,12
room_0997,train,13,4.323,0,0.222,1,12
room_0997,train,14,3.81,0,0.27,1,12
room_0998,train,0,3.614,0,0.196,0,-1
room_0998,train,1,3.731,0,0.169,0,-1
room_0998,train,2,4.269,0,0.22,0,-1
room_0998,train,3,4.716,0,0.169,0,-1
room_0998,train,4,4.859,0,0.155,0,-1
room_0998,train,5,3.777,0,0.252,0,-1
room_0998,train,6,3.794,0,0.191,0,-1
room_0998,train,7,4.036,0,0.207,0,-1
room_0998,train,8,4.006,0,0.184,0,-1
room_0998,train,9,3.543,0,0.225,0,-1
room_0998,train,10,3.891,0,0.219,0,-1
room_0998,train,11,3.985,0,0.223,0,-1
room_0998,train,12,3.89,0,0.182,0,-1
room_0998,train,13,3.714,0,0.193,0,-1
room_0998,train,14,4.216,0,0.295,0,-1
room_0999,train,0,3.818,0,0.212,1,7
room_0999,train,1,4.213,0,0.25,1,7
room_0999,train,2,4.548,0,0.244,1,7
room_0999,train,3,4.277,0,0.215,1,7
room_0999,train,4,3.698,1,0.185,1,7
room_0999,train,5,4.029,0,0.179,1,7
room_0999,train,6,3.771,0,0.166,1,7
room_0999,train,7,9.175,1,0.887,1,7
room_0999,train,8,3.755,0,0.16,1,7
room_0999,train,9,4.135,0,0.302,1,7
room_0999,train,10,4.022,0,0.277,1,7
room_0999,train,11,4.347,0,0.252,1,7
room_1000,train,0,4.194,0,0.284,1,1
room_1000,train,1,10.328,1,0.751,1,1
room_1000,train,2,3.651,0,0.118,1,1
room_1000,train,3,4.364,0,0.259,1,1
room_1000,train,4,4.294,0,0.143,1,1
room_1000,train,5,3.526,0,0.124,1,1
room_1000,train,6,4.408,0,0.258,1,1
room_1000,train,7,3.886,0,0.207,1,1
room_1000,train,8,3.593,0,0.285,1,1
room_1000,train,9,4.264,0,0.14,1,1
room_1000,train,10,3.828,0,0.191,1,1
room_1001,train,0,3.635,0,0.178,0,-1
room_1001,train,1,3.543,0,0.139,0,-1
room_1001,train,2,4.546,0,0.26,0,-1
room_1001,train,3,3.564,1,0.161,0,-1
room_1001,train,4,3.353,1,0.2,0,-1
room_1001,train,5,2.947,0,0.18,0,-1
room_1001,train,6,3.509,0,0.314,0,-1
room_1001,train,7,4.266,0,0.129,0,-1
room_1001,train,8,4.551,0,0.221,0,-1
room_1001,train,9,4.304,0,0.181,0,-1
room_1001,train,10,3.975,0,0.243,0,-1
room_1002,train,0,3.516,1,0.241,1,1
room_1002,train,1,10.322,1,0.822,1,1
room_1002,train,2,4.118,0,0.102,1,1
room_1002,train,3,4.384,0,0.246,1,1
room_1002,train,4,3.782,0,0.196,1,1
room_1002,train,5,3.413,0,0.19,1,1
room_1002,train,6,3.897,0,0.141,1,1
room_1002,train,7,4.584,0,0.206,1,1
room_1002,train,8,4.354,0,0.163,1,1
room_1002,train,9,4.305,0,0.187,1,1
room_1002,train,10,4.201,0,0.192,1,1
room_1002,train,11,3.591,0,0.231,1,1
room_1002,train,12,3.909,0,0.304,1,1
room_1002,train,13,4.481,1,0.272,1,1
room_1002,train,14,3.741,0,0.182,1,1
room_1002,train,15,3.939,0,0.218,1,1
room_1003,train,0,4.123,0,0.216,1,16
room_1003,train,1,4.524,0,0.194,1,16
room_1003,train,2,3.361,0,0.234,1,16
room_1003,train,3,4.413,0,0.144,1,16
room_1003,train,4,3.945,0,0.18,1,16
room_1003,train,5,5.097,0,0.207,1,16
room_1003,train,6,4.455,0,0.165,1,16
room_1003,train,7,4.28,0,0.171,1,16
room_1003,train,8,4.668,0,0.198,1,16
room_1003,train,9,3.969,0,0.231,1,16
room_1003,train,10,3.231,0,0.176,1,16
room_1003,train,11,4.352,0,0.201,1,16
room_1003,train,12,3.498,0,0.197,1,16
room_1003,train,13,4.062,0,0.266,1,16
room_1003,train,14,4.239,1,0.177,1,16
room_1003,train,15,4.683,0,0.138,1,16
room_1003,train,16,10.715,1,0.812,1,16
room_1003,train,17,4.456,0,0.257,1,16
room_1004,train,0,3.933,0,0.134,1,5
room_1004,train,1,3.114,0,0.184,1,5
room_1004,train,2,3.994,0,0.188,1,5
room_1004,train,3,3.996,0,0.19,1,5
room_1004,train,4,3.996,0,0.202,1,5
room_1004,train,5,9.001,1,0.828,1,5
room_1004,train,6,4.187,0,0.261,1,5
room_1004,train,7,3.763,0,0.198,1,5
room_1005,test,0,4.312,0,0.197,0,-1
room_1005,test,1,4.403,0,0.175,0,-1
room_1005,test,2,4.164,0,0.154,0,-1
room_1005,test,3,3.404,0,0.231,0,-1
room_1005,test,4,4.478,0,0.173,0,-1
room_1005,test,5,10.077,0,0.225,0,-1
room_1005,test,6,4.64,0,0.155,0,-1
room_1005,test,7,4.039,0,0.277,0,-1
room_1005,test,8,4.302,1,0.151,0,-1
room_1005,test,9,3.375,0,0.143,0,-1
room_1005,test,10,3.75,0,0.246,0,-1
room_1005,test,11,3.108,0,0.17,0,-1
room_1005,test,12,4.309,0,0.244,0,-1
room_1005,test,13,4.61,0,0.203,0,-1
room_1005,test,14,4.562,1,0.172,0,-1
room_1005,test,15,3.608,0,0.202,0,-1
room_1006,train,0,4.141,0,0.151,0,-1
room_1006,train,1,3.29,0,0.19,0,-1
room_1006,train,2,3.925,0,0.205,0,-1
room_1006,train,3,3.936,0,0.191,0,-1
room_1006,train,4,3.767,1,0.174,0,-1
room_1006,train,5,3.975,0,0.179,0,-1
room_1006,train,6,3.742,1,0.851,0,-1
room_1006,train,7,3.998,0,0.121,0,-1
room_1006,train,8,3.621,0,0.186,0,-1
room_1007,train,0,3.686,0,0.218,1,1
room_1007,train,1,9.549,1,0.859,1,1
room_1007,train,2,3.591,0,0.235,1,1
room_1007,train,3,3.415,0,0.218,1,1
room_1007,train,4,4.303,0,0.269,1,1
room_1007,train,5,4.645,0,0.184,1,1
room_1007,train,6,4.081,0,0.145,1,1
room_1007,train,7,4.9,0,0.202,1,1
room_1007,train,8,4.069,0,0.125,1,1
room_1008,test,0,4.122,0,0.182,1,7
room_1008,test,1,3.463,0,0.212,1,7
room_1008,test,2,4.919,0,0.274,1,7
room_1008,test,3,3.885,0,0.134,1,7
room_1008,test,4,3.72,0,0.211,1,7
room_1008,test,5,3.532,0,0.25,1,7
room_1008,test,6,4.517,0,0.184,1,7
room_1008,test,7,9.657,1,0.759,1,7
room_1008,test,8,3.798,0,0.173,1,7
room_1008,test,9,3.635,0,0.168,1,7
room_1008,test,10,4.081,0,0.156,1,7
room_1009,train,0,3.974,0,0.161,1,7
room_1009,train,1,3.702,1,0.271,1,7
room_1009,train,2,4.127,0,0.224,1,7
room_1009,train,3,4.196,0,0.246,1,7
room_1009,train,4,3.954,0,0.167,1,7
room_1009,train,5,4.064,0,0.265,1,7
room_1009,train,6,3.635,0,0.254,1,7
room_1009,train,7,10.423,1,0.848,1,7
room_1009,train,8,4.121,0,0.223,1,7
room_1010,train,0,4.278,0,0.292,1,7
room_1010,train,1,4.276,0,0.178,1,7
room_1010,train,2,4.026,0,0.117,1,7
room_1010,train,3,3.87,0,0.224,1,7
room_1010,train,4,4.546,0,0.187,1,7
room_1010,train,5,3.892,0,0.234,1,7
room_1010,train,6,3.921,1,0.208,1,7
room_1010,train,7,9.145,1,0.839,1,7
room_1010,train,8,3.347,1,0.245,1,7
room_1011,train,0,4.183,0,0.206,1,13
room_1011,train,1,3.441,0,0.194,1,13
room_1011,train,2,4.047,1,0.224,1,13
room_1011,train,3,3.56,0,0.158,1,13
room_1011,train,4,3.657,0,0.209,1,13
room_1011,train,5,3.666,0,0.183,1,13
room_1011,train,6,4.164,0,0.271,1,13
room_1011,train,7,3.05,0,0.173,1,13
room_1011,train,8,3.94,0,0.239,1,13
room_1011,train,9,4.145,0,0.211,1,13
room_1011,train,10,3.981,0,0.219,1,13
room_1011,train,11,4.136,0,0.183,1,13
room_1011,train,12,3.889,0,0.229,1,13
room_1011,train,13,9.768,1,0.853,1,13
room_1011,train,14,3.077,0,0.166,1,13
room_1011,train,15,4.252,0,0.209,1,13
room_1012,train,0,3.785,0,0.305,1,8
room_1012,train,1,4.397,0,0.259,1,8
room_1012,train,2,4.451,0,0.226,1,8
room_1012,train,3,3.896,0,0.195,1,8
room_1012,train,4,4.505,0,0.223,1,8
room_1012,train,5,3.955,0,0.199,1,8
room_1012,train,6,4.207,0,0.217,1,8
room_1012,train,7,4.261,0,0.311,1,8
room_1012,train,8,10.685,1,0.822,1,8
room_1012,train,9,3.384,0,0.202,1,8
room_1013,test,0,3.664,0,0.144,0,-1
room_1013,test,1,3.285,0,0.235,0,-1
room_1013,test,2,4.27,0,0.235,0,-1
room_1013,test,3,4.425,0,0.206,0,-1
room_1013,test,4,4.427,0,0.194,0,-1
room_1013,test,5,4.644,0,0.227,0,-1
room_1013,test,6,4.251,0,0.126,0,-1
room_1013,test,7,3.941,0,0.222,0,-1
room_1013,test,8,4.09,0,0.168,0,-1
room_1013,test,9,4.181,0,0.16,0,-1
room_1013,test,10,4.388,0,0.235,0,-1
room_1013,test,11,4.024,0,0.237,0,-1
room_1013,test,12,4.047,0,0.181,0,-1
room_1014,train,0,4.177,0,0.112,0,-1
room_1014,train,1,3.518,0,0.209,0,-1
room_1014,train,2,3.742,1,0.114,0,-1
room_1014,train,3,9.064,0,0.232,0,-1
room_1014,train,4,3.924,0,0.162,0,-1
room_1014,train,5,4.219,0,0.171,0,-1
room_1014,train,6,3.957,0,0.256,0,-1
room_1014,train,7,3.431,0,0.159,0,-1
room_1014,train,8,4.673,0,0.218,0,-1
room_1014,train,9,5.116,0,0.232,0,-1
room_1014,train,10,3.151,1,0.179,0,-1
room_1015,train,0,3.942,0,0.135,0,-1
room_1015,train,1,4.496,0,0.185,0,-1
room_1015,train,2,4.261,0,0.212,0,-1
room_1015,train,3,3.746,0,0.157,0,-1
room_1015,train,4,3.687,0,0.245,0,-1
room_1015,train,5,3.619,1,0.162,0,-1
room_1015,train,6,3.758,1,0.761,0,-1
room_1015,train,7,3.995,0,0.23,0,-1
room_1015,train,8,3.699,0,0.171,0,-1
room_1015,train,9,3.876,0,0.187,0,-1
room_1015,train,10,4.589,0,0.162,0,-1
room_1016,train,0,3.955,0,0.316,1,2
room_1016,train,1,4.236,0,0.182,1,2
room_1016,train,2,9.483,1,0.909,1,2
room_1016,train,3,4.193,0,0.196,1,2
room_1016,train,4,4.083,1,0.231,1,2
room_1016,train,5,3.518,0,0.19,1,2
room_1016,train,6,3.583,0,0.256,1,2
room_1016,train,7,3.738,0,0.133,1,2
room_1016,train,8,4.037,0,0.141,1,2
room_1016,train,9,3.874,0,0.177,1,2
room_1016,train,10,3.651,0,0.109,1,2
room_1016,train,11,3.759,0,0.209,1,2
room_1016,train,12,4.605,0,0.279,1,2
room_1016,train,13,4.239,0,0.184,1,2
room_1017,train,0,3.59,0,0.228,1,4
room_1017,train,1,4.162,0,0.125,1,4
room_1017,train,2,3.464,0,0.185,1,4
room_1017,train,3,4.031,0,0.245,1,4
room_1017,train,4,9.862,1,0.895,1,4
room_1017,train,5,4.078,0,0.259,1,4
room_1017,train,6,4.495,0,0.13,1,4
room_1017,train,7,4.279,0,0.211,1,4
room_1017,train,8,3.319,0,0.24,1,4
room_1018,train,0,4.49,0,0.239,1,5
room_1018,train,1,3.538,0,0.227,1,5
room_1018,train,2,3.902,0,0.124,1,5
room_1018,train,3,3.688,0,0.191,1,5
room_1018,train,4,3.78,0,0.066,1,5
room_1018,train,5,9.985,1,0.753,1,5
room_1018,train,6,4.063,0,0.217,1,5
room_1018,train,7,4.127,0,0.147,1,5
room_1018,train,8,4.305,0,0.181,1,5
room_1018,train,9,4.908,0,0.251,1,5
room_1018,train,10,4.034,0,0.224,1,5
room_1018,train,11,4.11,0,0.198,1,5
room_1019,train,0,4.199,0,0.144,1,6
room_1019,train,1,3.952,0,0.189,1,6
room_1019,train,2,4.211,0,0.142,1,6
room_1019,train,3,4.385,0,0.221,1,6
room_1019,train,4,4.212,0,0.213,1,6
room_1019,train,5,3.192,0,0.151,1,6
room_1019,train,6,9.446,1,0.85,1,6
room_1019,train,7,4.327,0,0.11,1,6
room_1019,train,8,4.098,0,0.216,1,6
room_1020,train,0,3.729,0,0.202,0,-1
room_1020,train,1,4.488,1,0.107,0,-1
room_1020,train,2,3.994,0,0.295,0,-1
room_1020,train,3,3.081,0,0.135,0,-1
room_1020,train,4,2.926,0,0.178,0,-1
room_1020,train,5,3.729,0,0.264,0,-1
room_1020,train,6,3.469,0,0.199,0,-1
room_1020,train,7,9.904,0,0.208,0,-1
room_1020,train,8,3.809,0,0.194,0,-1
room_1020,train,9,3.273,0,0.248,0,-1
room_1020,train,10,4.786,0,0.227,0,-1
room_1020,train,11,5.136,0,0.228,0,-1
room_1020,train,12,4.178,0,0.285,0,-1
room_1020,train,13,4.473,0,0.189,0,-1
room_1020,train,14,4.049,0,0.214,0,-1
room_1020,train,15,4.186,0,0.189,0,-1
room_1021,train,0,3.693,0,0.245,1,2
room_1021,train,1,4.114,0,0.185,1,2
room_1021,train,2,10.577,1,0.889,1,2
room_1021,train,3,3.351,0,0.236,1,2
room_1021,train,4,3.272,0,0.247,1,2
room_1021,train,5,4.036,0,0.214,1,2
room_1021,train,6,4.218,0,0.237,1,2
room_1021,train,7,3.107,0,0.202,1,2
room_1022,train,0,3.93,0,0.135,1,1
room_1022,train,1,10.198,1,0.817,1,1
room_1022,train,2,3.825,0,0.256,1,1
room_1022,train,3,4.43,0,0.246,1,1
room_1022,train,4,3.952,0,0.164,1,1
room_1022,train,5,3.878,0,0.184,1,1
room_1022,train,6,3.936,0,0.187,1,1
room_1022,train,7,4.004,0,0.201,1,1
room_1022,train,8,4.189,0,0.12,1,1
room_1022,train,9,3.626,0,0.217,1,1
room_1022,train,10,5.192,1,0.207,1,1
room_1022,train,11,3.555,0,0.172,1,1
room_1022,train,12,4.634,0,0.187,1,1
room_1022,train,13,4.171,0,0.233,1,1
room_1022,train,14,3.376,0,0.234,1,1
room_1022,train,15,3.702,0,0.139,1,1
room_1022,train,16,4.132,0,0.148,1,1
room_1022,train,17,3.123,0,0.234,1,1
room_1023,test,0,3.979,0,0.184,0,-1
room_1023,test,1,4.985,0,0.149,0,-1
room_1023,test,2,3.858,0,0.166,0,-1
room_1023,test,3,4.232,0,0.232,0,-1
room_1023,test,4,4.09,0,0.287,0,-1
room_1023,test,5,4.294,0,0.266,0,-1
room_1023,test,6,3.957,0,0.198,0,-1
room_1023,test,7,4.648,0,0.164,0,-1
room_1023,test,8,4.078,0,0.093,0,-1
room_1023,test,9,10.07,0,0.115,0,-1
room_1023,test,10,3.572,0,0.186,0,-1
room_1023,test,11,2.86,0,0.207,0,-1
room_1023,test,12,3.956,0,0.198,0,-1
room_1023,test,13,3.916,1,0.211,0,-1
room_1023,test,14,3.349,0,0.181,0,-1
room_1024,train,0,4.188,0,0.193,1,15
room_1024,train,1,3.947,0,0.202,1,15
room_1024,train,2,4.042,0,0.173,1,15
room_1024,train,3,4.326,0,0.167,1,15
room_1024,train,4,5.224,0,0.152,1,15
room_1024,train,5,3.613,0,0.27,1,15
room_1024,train,6,3.663,0,0.167,1,15
room_1024,train,7,3.646,1,0.254,1,15
room_1024,train,8,3.754,1,0.159,1,15
room_1024,train,9,3.315,0,0.234,1,15
room_1024,train,10,4.605,0,0.224,1,15
room_1024,train,11,4.212,0,0.267,1,15
room_1024,train,12,3.97,0,0.281,1,15
room_1024,train,13,4.026,0,0.188,1,15
room_1024,train,14,3.863,0,0.169,1,15
room_1024,train,15,9.826,1,0.723,1,15
room_1024,train,16,3.74,0,0.201,1,15
room_1024,train,17,4.306,0,0.278,1,15
room_1025,test,0,3.969,0,0.21,1,4
room_1025,test,1,3.961,0,0.148,1,4
room_1025,test,2,3.457,1,0.232,1,4
room_1025,test,3,4.164,0,0.142,1,4
room_1025,test,4,10.233,1,0.877,1,4
room_1025,test,5,4.147,0,0.241,1,4
room_1025,test,6,4.459,0,0.207,1,4
room_1025,test,7,4.504,0,0.197,1,4
room_1026,test,0,3.962,0,0.261,0,-1
room_1026,test,1,3.624,0,0.215,0,-1
room_1026,test,2,3.224,0,0.179,0,-1
room_1026,test,3,4.682,0,0.141,0,-1
room_1026,test,4,4.046,0,0.201,0,-1
room_1026,test,5,3.376,0,0.149,0,-1
room_1026,test,6,3.632,0,0.193,0,-1
room_1026,test,7,3.624,0,0.21,0,-1
room_1026,test,8,3.583,1,0.185,0,-1
room_1026,test,9,4.369,1,0.151,0,-1
room_1026,test,10,10.744,0,0.271,0,-1
room_1026,test,11,3.1,0,0.232,0,-1
room_1026,test,12,4.573,0,0.17,0,-1
room_1027,train,0,4.704,0,0.181,1,7
room_1027,train,1,4.981,0,0.196,1,7
room_1027,train,2,3.863,1,0.299,1,7
room_1027,train,3,3.886,0,0.262,1,7
room_1027,train,4,2.915,0,0.178,1,7
room_1027,train,5,3.924,0,0.204,1,7
room_1027,train,6,3.335,1,0.315,1,7
room_1027,train,7,9.222,1,0.939,1,7
room_1027,train,8,3.528,0,0.112,1,7
room_1027,train,9,4.112,1,0.236,1,7
room_1027,train,10,4.051,0,0.185,1,7
room_1027,train,11,4.398,0,0.201,1,7
room_1028,train,0,4.03,0,0.215,1,12
room_1028,train,1,3.833,0,0.131,1,12
room_1028,train,2,4.455,0,0.126,1,12
room_1028,train,3,3.914,0,0.2,1,12
room_1028,train,4,3.482,0,0.183,1,12
room_1028,train,5,4.549,0,0.245,1,12
room_1028,train,6,3.642,1,0.208,1,12
room_1028,train,7,3.746,1,0.204,1,12
room_1028,train,8,4.374,0,0.217,1,12
room_1028,train,9,2.613,0,0.185,1,12
room_1028,train,10,3.526,0,0.196,1,12
room_1028,train,11,3.152,0,0.124,1,12
room_1028,train,12,10.933,1,0.899,1,12
room_1028,train,13,4.654,1,0.19,1,12
room_1029,train,0,3.591,0,0.188,1,8
room_1029,train,1,3.635,1,0.222,1,8
room_1029,train,2,3.604,0,0.197,1,8
room_1029,train,3,4.802,0,0.205,1,8
room_1029,train,4,3.875,0,0.225,1,8
room_1029,train,5,3.9,0,0.238,1,8
room_1029,train,6,4.898,0,0.171,1,8
room_1029,train,7,3.639,0,0.227,1,8
room_1029,train,8,10.672,1,0.901,1,8
room_1029,train,9,3.758,0,0.193,1,8
room_1029,train,10,3.562,0,0.193,1,8
room_1030,test,0,3.906,0,0.244,0,-1
room_1030,test,1,3.836,0,0.212,0,-1
room_1030,test,2,3.898,0,0.193,0,-1
room_1030,test,3,3.601,0,0.199,0,-1
room_1030,test,4,4.315,0,0.205,0,-1
room_1030,test,5,3.936,0,0.179,0,-1
room_1030,test,6,4.18,1,0.835,0,-1
room_1030,test,7,4.201,0,0.204,0,-1
room_1030,test,8,3.887,0,0.142,0,-1
room_1030,test,9,3.708,0,0.285,0,-1
room_1030,test,10,3.853,0,0.202,0,-1
room_1030,test,11,4.648,0,0.232,0,-1
room_1030,test,12,4.754,0,0.12,0,-1
room_1031,train,0,4.294,0,0.191,1,5
room_1031,train,1,4.61,0,0.211,1,5
room_1031,train,2,4.611,1,0.205,1,5
room_1031,train,3,4.934,0,0.167,1,5
room_1031,train,4,4.433,0,0.237,1,5
room_1031,train,5,9.102,1,0.807,1,5
room_1031,train,6,4.46,0,0.178,1,5
room_1031,train,7,4.732,0,0.189,1,5
room_1031,train,8,3.497,0,0.156,1,5
room_1031,train,9,4.52,0,0.173,1,5
room_1031,train,10,3.61,0,0.2,1,5
room_1031,train,11,3.409,0,0.205,1,5
room_1031,train,12,4.805,0,0.233,1,5
room_1031,train,13,3.568,0,0.189,1,5
room_1031,train,14,3.879,0,0.153,1,5
room_1031,train,15,3.852,0,0.114,1,5
room_1032,train,0,3.546,1,0.259,1,10
room_1032,train,1,4.247,0,0.224,1,10
room_1032,train,2,4.192,0,0.22,1,10
room_1032,train,3,3.156,0,0.118,1,10
room_1032,train,4,4.242,0,0.174,1,10
room_1032,train,5,3.976,0,0.204,1,10
room_1032,train,6,4.076,1,0.128,1,10
room_1032,train,7,2.905,0,0.202,1,10
room_1032,train,8,3.706,0,0.164,1,10
room_1032,train,9,4.194,0,0.124,1,10
room_1032,train,10,10.291,1,0.928,1,10
room_1032,train,11,3.861,0,0.144,1,10
room_1032,train,12,4.052,0,0.191,1,10
room_1032,train,13,3.84,0,0.152,1,10
room_1032,train,14,4.487,0,0.297,1,10
room_1032,train,15,3.894,0,0.169,1,10
room_1032,train,16,3.709,0,0.214,1,10
room_1033,test,0,3.543,0,0.185,1,4
room_1033,test,1,3.844,0,0.185,1,4
room_1033,test,2,3.939,0,0.179,1,4
room_1033,test,3,3.634,0,0.187,1,4
room_1033,test,4,9.331,1,0.887,1,4
room_1033,test,5,4.015,0,0.23,1,4
room_1033,test,6,3.64,0,0.214,1,4
room_1033,test,7,4.454,0,0.255,1,4
room_1033,test,8,4.471,0,0.252,1,4
room_1034,train,0,4.093,0,0.181,1,7
room_1034,train,1,3.52,0,0.21,1,7
room_1034,train,2,3.908,0,0.191,1,7
room_1034,train,3,4.163,0,0.205,1,7
room_1034,train,4,3.902,0,0.156,1,7
room_1034,train,5,3.405,0,0.254,1,7
room_1034,train,6,4.096,0,0.195,1,7
room_1034,train,7,9.664,1,0.846,1,7
room_1034,train,8,4.222,0,0.223,1,7
room_1034,train,9,3.565,0,0.174,1,7
room_1034,train,10,3.704,0,0.241,1,7
room_1034,train,11,4.138,0,0.165,1,7
room_1035,train,0,4.721,0,0.192,1,3
room_1035,train,1,4.277,0,0.151,1,3
room_1035,train,2,4.509,0,0.176,1,3
room_1035,train,3,10.307,1,0.734,1,3
room_1035,train,4,3.896,0,0.168,1,3
room_1035,train,5,4.28,0,0.236,1,3
room_1035,train,6,3.977,0,0.249,1,3
room_1035,train,7,3.504,0,0.15,1,3
room_1035,train,8,4.052,0,0.244,1,3
room_1035,train,9,4.487,0,0.203,1,3
room_1036,test,0,4.114,0,0.176,1,3
room_1036,test,1,3.893,0,0.239,1,3
room_1036,test,2,3.709,1,0.222,1,3
room_1036,test,3,10.068,1,0.811,1,3
room_1036,test,4,3.638,0,0.25,1,3
room_1036,test,5,3.632,0,0.232,1,3
room_1036,test,6,4.97,1,0.247,1,3
room_1036,test,7,3.697,0,0.251,1,3
room_1036,test,8,3.932,0,0.227,1,3
room_1037,train,0,4.889,0,0.224,1,2
room_1037,train,1,5.056,0,0.199,1,2
room_1037,train,2,10.655,1,0.889,1,2
room_1037,train,3,4.025,0,0.238,1,2
room_1037,train,4,4.254,0,0.284,1,2
room_1037,train,5,3.869,0,0.242,1,2
room_1037,train,6,3.886,0,0.211,1,2
room_1037,train,7,3.345,0,0.172,1,2
room_1037,train,8,3.792,0,0.194,1,2
room_1037,train,9,4.376,1,0.167,1,2
room_1037,train,10,3.286,0,0.175,1,2
room_1038,train,0,4.616,0,0.199,1,9
room_1038,train,1,3.829,0,0.243,1,9
room_1038,train,2,3.478,0,0.189,1,9
room_1038,train,3,4.004,0,0.123,1,9
room_1038,train,4,4.35,0,0.209,1,9
room_1038,train,5,4.483,1,0.226,1,9
room_1038,train,6,4.978,0,0.106,1,9
room_1038,train,7,3.866,0,0.157,1,9
room_1038,train,8,3.909,0,0.194,1,9
room_1038,train,9,9.522,1,0.89,1,9
room_1038,train,10,3.939,1,0.211,1,9
room_1038,train,11,4.032,0,0.077,1,9
room_1038,train,12,3.373,0,0.228,1,9
room_1039,test,0,3.64,0,0.15,0,-1
room_1039,test,1,3.962,0,0.135,0,-1
room_1039,test,2,3.752,0,0.167,0,-1
room_1039,test,3,4.494,0,0.228,0,-1
room_1039,test,4,4.029,0,0.175,0,-1
room_1039,test,5,4.327,0,0.272,0,-1
room_1039,test,6,3.793,0,0.151,0,-1
room_1039,test,7,3.786,1,0.88,0,-1
room_1039,test,8,4.0,0,0.13,0,-1
room_1039,test,9,4.314,1,0.181,0,-1
room_1039,test,10,4.254,0,0.227,0,-1
room_1039,test,11,4.495,0,0.152,0,-1
room_1039,test,12,3.691,0,0.255,0,-1
room_1039,test,13,3.886,0,0.209,0,-1
room_1040,train,0,5.308,0,0.143,1,7
room_1040,train,1,3.828,0,0.14,1,7
room_1040,train,2,4.179,0,0.174,1,7
room_1040,train,3,4.36,0,0.236,1,7
room_1040,train,4,4.49,0,0.22,1,7
room_1040,train,5,3.814,0,0.202,1,7
room_1040,train,6,3.923,0,0.277,1,7
room_1040,train,7,9.554,1,0.839,1,7
room_1040,train,8,4.242,0,0.204,1,7
room_1041,train,0,3.492,0,0.223,0,-1
room_1041,train,1,9.376,0,0.232,0,-1
room_1041,train,2,3.792,0,0.167,0,-1
room_1041,train,3,4.105,1,0.148,0,-1
room_1041,train,4,4.104,0,0.205,0,-1
room_1041,train,5,3.861,0,0.254,0,-1
room_1041,train,6,3.091,0,0.252,0,-1
room_1041,train,7,3.919,0,0.191,0,-1
room_1042,train,0,3.983,0,0.149,1,5
room_1042,train,1,3.351,0,0.179,1,5
room_1042,train,2,3.607,0,0.168,1,5
room_1042,train,3,3.764,0,0.217,1,5
room_1042,train,4,3.968,1,0.219,1,5
room_1042,train,5,9.347,1,0.735,1,5
room_1042,train,6,3.963,0,0.213,1,5
room_1042,train,7,4.386,0,0.162,1,5
room_1042,train,8,4.219,0,0.099,1,5
room_1042,train,9,3.555,0,0.222,1,5
room_1042,train,10,4.158,0,0.18,1,5
room_1042,train,11,3.441,0,0.212,1,5
room_1042,train,12,3.76,0,0.08,1,5
room_1042,train,13,4.343,0,0.228,1,5
room_1042,train,14,4.789,0,0.23,1,5
room_1042,train,15,5.002,0,0.24,1,5
room_1042,train,16,4.486,0,0.23,1,5
room_1042,train,17,3.56,0,0.259,1,5
room_1043,test,0,4.44,0,0.267,1,3
room_1043,test,1,4.46,0,0.224,1,3
room_1043,test,2,4.158,0,0.24,1,3
room_1043,test,3,10.996,1,0.846,1,3
room_1043,test,4,3.757,0,0.182,1,3
room_1043,test,5,4.198,0,0.207,1,3
room_1043,test,6,3.607,0,0.251,1,3
room_1043,test,7,3.604,0,0.291,1,3
room_1043,test,8,4.357,0,0.261,1,3
room_1043,test,9,3.615,0,0.19,1,3
room_1044,train,0,4.174,0,0.121,0,-1
room_1044,train,1,3.443,0,0.231,0,-1
room_1044,train,2,3.782,0,0.154,0,-1
room_1044,train,3,3.901,1,0.251,0,-1
room_1044,train,4,10.761,0,0.178,0,-1
room_1044,train,5,3.853,0,0.227,0,-1
room_1044,train,6,4.075,0,0.119,0,-1
room_1044,train,7,3.422,0,0.179,0,-1
room_1044,train,8,4.928,0,0.23,0,-1
room_1044,train,9,3.584,0,0.221,0,-1
room_1044,train,10,4.478,0,0.201,0,-1
room_1044,train,11,4.5,0,0.243,0,-1
room_1044,train,12,3.647,0,0.184,0,-1
room_1044,train,13,3.519,0,0.212,0,-1
room_1045,train,0,4.67,0,0.178,1,13
room_1045,train,1,4.938,1,0.206,1,13
room_1045,train,2,4.509,0,0.104,1,13
room_1045,train,3,4.104,1,0.19,1,13
room_1045,train,4,4.765,0,0.212,1,13
room_1045,train,5,4.388,0,0.201,1,13
room_1045,train,6,3.67,0,0.297,1,13
room_1045,train,7,4.116,0,0.181,1,13
room_1045,train,8,3.31,0,0.222,1,13
room_1045,train,9,3.248,0,0.176,1,13
room_1045,train,10,3.803,0,0.212,1,13
room_1045,train,11,4.732,0,0.233,1,13
room_1045,train,12,3.274,0,0.217,1,13
room_1045,train,13,10.548,1,0.827,1,13
room_1045,train,14,3.204,0,0.208,1,13
room_1045,train,15,4.233,0,0.168,1,13
room_1045,train,16,4.765,0,0.189,1,13
room_1045,train,17,4.233,0,0.325,1,13
room_1046,train,0,3.604,0,0.228,0,-1
room_1046,train,1,3.918,0,0.249,0,-1
room_1046,train,2,3.958,0,0.193,0,-1
room_1046,train,3,4.258,0,0.191,0,-1
room_1046,train,4,3.534,1,0.289,0,-1
room_1046,train,5,2.797,0,0.167,0,-1
room_1046,train,6,4.618,0,0.207,0,-1
room_1046,train,7,4.377,0,0.244,0,-1
room_1046,train,8,3.655,0,0.205,0,-1
room_1046,train,9,3.238,0,0.248,0,-1
room_1046,train,10,4.055,1,0.217,0,-1
room_1046,train,11,3.882,0,0.18,0,-1
room_1046,train,12,4.302,0,0.182,0,-1
room_1046,train,13,4.425,0,0.233,0,-1
room_1047,train,0,4.651,0,0.227,0,-1
room_1047,train,1,3.832,0,0.178,0,-1
room_1047,train,2,3.988,0,0.203,0,-1
room_1047,train,3,3.875,0,0.196,0,-1
room_1047,train,4,3.803,1,0.235,0,-1
room_1047,train,5,4.349,0,0.259,0,-1
room_1047,train,6,4.481,0,0.215,0,-1
room_1047,train,7,3.707,0,0.189,0,-1
room_1047,train,8,9.356,0,0.173,0,-1
room_1047,train,9,3.502,0,0.151,0,-1
room_1047,train,10,4.295,0,0.192,0,-1
room_1047,train,11,4.181,0,0.275,0,-1
room_1047,train,12,4.162,0,0.218,0,-1
room_1047,train,13,4.496,1,0.178,0,-1
room_1047,train,14,3.287,0,0.215,0,-1
room_1048,train,0,3.518,0,0.192,0,-1
room_1048,train,1,3.705,0,0.227,0,-1
room_1048,train,2,3.806,0,0.177,0,-1
room_1048,train,3,4.3,1,0.184,0,-1
room_1048,train,4,3.614,0,0.204,0,-1
room_1048,train,5,3.686,0,0.171,0,-1
room_1048,train,6,4.845,0,0.197,0,-1
room_1048,train,7,3.714,0,0.204,0,-1
room_1048,train,8,4.165,1,0.918,0,-1
room_1048,train,9,4.094,0,0.218,0,-1
room_1048,train,10,3.211,0,0.185,0,-1
room_1049,train,0,4.149,0,0.247,0,-1
room_1049,train,1,3.783,0,0.246,0,-1
room_1049,train,2,4.023,1,0.178,0,-1
room_1049,train,3,4.589,0,0.241,0,-1
room_1049,train,4,5.132,0,0.188,0,-1
room_1049,train,5,3.549,0,0.285,0,-1
room_1049,train,6,3.573,0,0.218,0,-1
room_1049,train,7,5.288,0,0.268,0,-1
room_1049,train,8,4.42,0,0.225,0,-1
room_1049,train,9,4.233,0,0.157,0,-1
room_1049,train,10,4.506,1,0.157,0,-1
room_1049,train,11,4.354,0,0.15,0,-1
room_1049,train,12,3.885,0,0.094,0,-1
room_1050,train,0,4.371,0,0.176,1,14
room_1050,train,1,4.007,0,0.179,1,14
room_1050,train,2,4.098,0,0.221,1,14
room_1050,train,3,4.263,0,0.28,1,14
room_1050,train,4,3.899,0,0.289,1,14
room_1050,train,5,4.499,0,0.145,1,14
room_1050,train,6,4.962,0,0.21,1,14
room_1050,train,7,3.96,1,0.217,1,14
room_1050,train,8,4.119,0,0.208,1,14
room_1050,train,9,4.716,1,0.173,1,14
room_1050,train,10,4.519,0,0.195,1,14
room_1050,train,11,4.295,0,0.207,1,14
room_1050,train,12,4.584,0,0.201,1,14
room_1050,train,13,4.477,0,0.243,1,14
room_1050,train,14,9.543,1,0.921,1,14
room_1050,train,15,3.256,0,0.111,1,14
room_1050,train,16,3.973,0,0.24,1,14
room_1050,train,17,4.167,1,0.258,1,14
room_1051,train,0,4.057,0,0.18,0,-1
room_1051,train,1,4.64,0,0.2,0,-1
room_1051,train,2,4.378,0,0.252,0,-1
room_1051,train,3,4.458,0,0.178,0,-1
room_1051,train,4,3.9,0,0.246,0,-1
room_1051,train,5,4.237,0,0.158,0,-1
room_1051,train,6,3.362,0,0.18,0,-1
room_1051,train,7,4.306,1,0.937,0,-1
room_1051,train,8,3.761,1,0.234,0,-1
room_1051,train,9,4.148,0,0.242,0,-1
room_1051,train,10,4.843,0,0.106,0,-1
room_1051,train,11,3.59,0,0.189,0,-1
room_1051,train,12,3.811,0,0.209,0,-1
room_1052,train,0,4.503,0,0.197,1,6
room_1052,train,1,3.697,1,0.248,1,6
room_1052,train,2,3.986,1,0.173,1,6
room_1052,train,3,4.364,0,0.165,1,6
room_1052,train,4,4.276,0,0.2,1,6
room_1052,train,5,3.688,0,0.285,1,6
room_1052,train,6,9.876,1,0.854,1,6
room_1052,train,7,4.525,0,0.206,1,6
room_1052,train,8,4.203,0,0.204,1,6
room_1053,test,0,3.997,0,0.193,1,6
room_1053,test,1,2.62,0,0.158,1,6
room_1053,test,2,3.917,0,0.229,1,6
room_1053,test,3,3.596,0,0.202,1,6
room_1053,test,4,4.948,0,0.222,1,6
room_1053,test,5,4.22,0,0.171,1,6
room_1053,test,6,9.764,1,0.917,1,6
room_1053,test,7,3.564,0,0.157,1,6
room_1053,test,8,4.776,0,0.223,1,6
room_1053,test,9,3.532,0,0.104,1,6
room_1053,test,10,3.469,0,0.169,1,6
room_1053,test,11,4.351,0,0.254,1,6
room_1053,test,12,4.588,0,0.249,1,6
room_1053,test,13,4.282,0,0.147,1,6
room_1053,test,14,3.949,0,0.289,1,6
room_1053,test,15,4.094,0,0.245,1,6
room_1054,train,0,3.964,0,0.236,1,6
room_1054,train,1,3.903,0,0.141,1,6
room_1054,train,2,3.895,0,0.181,1,6
room_1054,train,3,3.686,0,0.179,1,6
room_1054,train,4,3.317,1,0.148,1,6
room_1054,train,5,4.443,0,0.262,1,6
room_1054,train,6,9.213,1,0.918,1,6
room_1054,train,7,3.223,0,0.171,1,6
room_1054,train,8,3.932,0,0.098,1,6
room_1054,train,9,3.905,0,0.201,1,6
room_1054,train,10,4.491,0,0.267,1,6
room_1054,train,11,3.347,0,0.187,1,6
room_1055,train,0,4.251,0,0.261,0,-1
room_1055,train,1,4.584,1,0.231,0,-1
room_1055,train,2,3.888,0,0.184,0,-1
room_1055,train,3,3.207,0,0.197,0,-1
room_1055,train,4,3.421,0,0.217,0,-1
room_1055,train,5,4.757,0,0.223,0,-1
room_1055,train,6,3.752,1,0.131,0,-1
room_1055,train,7,3.664,0,0.225,0,-1
room_1055,train,8,3.253,0,0.267,0,-1
room_1055,train,9,3.725,0,0.239,0,-1
room_1055,train,10,3.86,0,0.242,0,-1
room_1055,train,11,4.785,0,0.243,0,-1
room_1055,train,12,4.223,0,0.15,0,-1
room_1055,train,13,4.303,0,0.245,0,-1
room_1055,train,14,4.232,0,0.258,0,-1
room_1055,train,15,3.73,0,0.126,0,-1
room_1055,train,16,4.051,0,0.131,0,-1
room_1056,train,0,3.124,0,0.256,0,-1
room_1056,train,1,4.326,0,0.141,0,-1
room_1056,train,2,4.608,0,0.201,0,-1
room_1056,train,3,3.717,0,0.189,0,-1
room_1056,train,4,9.292,0,0.193,0,-1
room_1056,train,5,4.184,0,0.125,0,-1
room_1056,train,6,4.309,0,0.235,0,-1
room_1056,train,7,3.897,0,0.19,0,-1
room_1056,train,8,4.015,0,0.196,0,-1
room_1056,train,9,4.044,0,0.135,0,-1
room_1057,test,0,3.987,0,0.208,1,8
room_1057,test,1,3.97,0,0.341,1,8
room_1057,test,2,3.749,1,0.126,1,8
room_1057,test,3,3.897,0,0.228,1,8
room_1057,test,4,4.749,0,0.143,1,8
room_1057,test,5,5.182,0,0.284,1,8
room_1057,test,6,4.211,1,0.222,1,8
room_1057,test,7,3.983,0,0.182,1,8
room_1057,test,8,9.336,1,0.872,1,8
room_1057,test,9,4.116,0,0.169,1,8
room_1057,test,10,4.081,0,0.119,1,8
room_1057,test,11,3.325,0,0.266,1,8
room_1057,test,12,5.257,0,0.241,1,8
room_1057,test,13,3.628,0,0.237,1,8
room_1057,test,14,4.761,0,0.16,1,8
room_1057,test,15,4.406,0,0.13,1,8
room_1057,test,16,5.077,0,0.147,1,8
room_1058,train,0,4.218,0,0.22,0,-1
room_1058,train,1,3.857,0,0.211,0,-1
room_1058,train,2,4.14,0,0.267,0,-1
room_1058,train,3,3.576,0,0.268,0,-1
room_1058,train,4,3.995,0,0.21,0,-1
room_1058,train,5,4.532,0,0.244,0,-1
room_1058,train,6,3.766,0,0.11,0,-1
room_1058,train,7,3.897,0,0.168,0,-1
room_1058,train,8,4.241,0,0.205,0,-1
room_1058,train,9,3.97,0,0.162,0,-1
room_1058,train,10,3.678,0,0.159,0,-1
room_1059,test,0,3.639,0,0.252,1,10
room_1059,test,1,3.153,0,0.191,1,10
room_1059,test,2,4.547,0,0.244,1,10
room_1059,test,3,4.754,0,0.138,1,10
room_1059,test,4,4.476,0,0.242,1,10
room_1059,test,5,2.449,0,0.159,1,10
room_1059,test,6,3.974,0,0.081,1,10
room_1059,test,7,3.6,0,0.222,1,10
room_1059,test,8,3.744,0,0.186,1,10
room_1059,test,9,4.315,0,0.254,1,10
room_1059,test,10,9.618,1,0.736,1,10
room_1059,test,11,4.493,0,0.176,1,10
room_1060,train,0,4.845,0,0.202,0,-1
room_1060,train,1,3.782,0,0.166,0,-1
room_1060,train,2,4.492,0,0.191,0,-1
room_1060,train,3,4.432,1,0.833,0,-1
room_1060,train,4,3.488,1,0.197,0,-1
room_1060,train,5,3.606,0,0.186,0,-1
room_1060,train,6,4.383,0,0.2,0,-1
room_1060,train,7,3.553,0,0.239,0,-1
room_1060,train,8,3.766,0,0.151,0,-1
room_1060,train,9,4.006,0,0.182,0,-1
room_1060,train,10,4.01,0,0.257,0,-1
room_1060,train,11,3.956,0,0.151,0,-1
room_1060,train,12,4.348,0,0.173,0,-1
room_1060,train,13,4.755,0,0.09,0,-1
room_1060,train,14,3.518,1,0.195,0,-1
room_1060,train,15,3.473,1,0.25,0,-1
room_1061,test,0,3.798,0,0.219,0,-1
room_1061,test,1,4.363,0,0.159,0,-1
room_1061,test,2,3.761,0,0.151,0,-1
room_1061,test,3,3.434,0,0.291,0,-1
room_1061,test,4,3.75,0,0.223,0,-1
room_1061,test,5,3.537,0,0.201,0,-1
room_1061,test,6,4.38,0,0.229,0,-1
room_1061,test,7,3.446,0,0.274,0,-1
room_1061,test,8,4.27,0,0.257,0,-1
room_1061,test,9,3.734,1,0.201,0,-1
room_1061,test,10,4.507,0,0.194,0,-1
room_1061,test,11,2.781,0,0.174,0,-1
room_1061,test,12,4.005,0,0.149,0,-1
room_1061,test,13,4.774,0,0.116,0,-1
room_1061,test,14,4.199,0,0.179,0,-1
room_1061,test,15,4.138,0,0.215,0,-1
room_1061,test,16,3.068,0,0.165,0,-1
room_1062,train,0,4.576,0,0.186,1,4
room_1062,train,1,4.219,0,0.208,1,4
room_1062,train,2,4.063,0,0.216,1,4
room_1062,train,3,3.364,0,0.185,1,4
room_1062,train,4,10.79,1,0.903,1,4
room_1062,train,5,3.913,0,0.22,1,4
room_1062,train,6,3.437,0,0.185,1,4
room_1062,train,7,3.658,0,0.155,1,4
room_1063,train,0,3.101,0,0.2,1,5
room_1063,train,1,3.76,0,0.172,1,5
room_1063,train,2,3.821,1,0.169,1,5
room_1063,train,3,4.601,0,0.195,1,5
room_1063,train,4,3.165,1,0.153,1,5
room_1063,train,5,10.993,1,0.77,1,5
room_1063,train,6,4.967,0,0.243,1,5
room_1063,train,7,4.23,0,0.191,1,5
room_1063,train,8,4.035,0,0.226,1,5
room_1063,train,9,4.181,0,0.23,1,5
room_1063,train,10,4.064,0,0.21,1,5
room_1063,train,11,4.103,0,0.278,1,5
room_1063,train,12,4.227,0,0.169,1,5
room_1064,train,0,4.491,0,0.164,1,1
room_1064,train,1,9.212,1,0.785,1,1
room_1064,train,2,3.91,0,0.194,1,1
room_1064,train,3,4.065,0,0.197,1,1
room_1064,train,4,3.55,0,0.203,1,1
room_1064,train,5,3.444,0,0.142,1,1
room_1064,train,6,4.049,0,0.189,1,1
room_1064,train,7,4.363,0,0.25,1,1
room_1064,train,8,4.059,0,0.167,1,1
room_1064,train,9,3.72,0,0.175,1,1
room_1065,train,0,3.522,0,0.165,0,-1
room_1065,train,1,4.265,1,0.16,0,-1
room_1065,train,2,3.859,0,0.232,0,-1
room_1065,train,3,9.318,0,0.173,0,-1
room_1065,train,4,4.047,0,0.283,0,-1
room_1065,train,5,5.063,0,0.212,0,-1
room_1065,train,6,3.874,0,0.27,0,-1
room_1065,train,7,3.758,0,0.202,0,-1
room_1065,train,8,3.402,1,0.194,0,-1
room_1065,train,9,3.373,0,0.213,0,-1
room_1065,train,10,4.135,0,0.232,0,-1
room_1065,train,11,3.23,0,0.197,0,-1
room_1065,train,12,4.384,0,0.125,0,-1
room_1065,train,13,3.598,0,0.204,0,-1
room_1065,train,14,3.481,0,0.232,0,-1
room_1065,train,15,3.526,0,0.242,0,-1
room_1066,train,0,3.913,0,0.238,0,-1
room_1066,train,1,4.058,1,0.842,0,-1
room_1066,train,2,3.861,0,0.124,0,-1
room_1066,train,3,2.974,0,0.185,0,-1
room_1066,train,4,4.499,0,0.227,0,-1
room_1066,train,5,3.835,0,0.157,0,-1
room_1066,train,6,4.007,0,0.203,0,-1
room_1066,train,7,5.552,0,0.247,0,-1
room_1066,train,8,3.823,0,0.251,0,-1
room_1066,train,9,4.23,1,0.209,0,-1
room_1067,train,0,4.486,0,0.191,0,-1
room_1067,train,1,4.782,0,0.262,0,-1
room_1067,train,2,4.064,0,0.169,0,-1
room_1067,train,3,3.659,0,0.258,0,-1
room_1067,train,4,4.015,0,0.195,0,-1
room_1067,train,5,3.74,0,0.167,0,-1
room_1067,train,6,3.611,0,0.197,0,-1
room_1067,train,7,3.706,0,0.161,0,-1
room_1068,train,0,4.037,0,0.237,1,7
room_1068,train,1,4.547,0,0.215,1,7
room_1068,train,2,4.185,0,0.236,1,7
room_1068,train,3,4.426,0,0.209,1,7
room_1068,train,4,4.286,0,0.164,1,7
room_1068,train,5,3.9,0,0.254,1,7
room_1068,train,6,3.623,1,0.142,1,7
room_1068,train,7,9.761,1,0.938,1,7
room_1068,train,8,3.805,0,0.186,1,7
room_1068,train,9,3.615,0,0.179,1,7
room_1068,train,10,3.828,0,0.134,1,7
room_1068,train,11,3.469,1,0.141,1,7
room_1068,train,12,3.855,0,0.159,1,7
room_1068,train,13,4.047,0,0.182,1,7
room_1068,train,14,4.255,0,0.249,1,7
room_1068,train,15,4.165,0,0.215,1,7
room_1069,train,0,3.305,0,0.243,1,12
room_1069,train,1,4.04,0,0.138,1,12
room_1069,train,2,3.615,0,0.21,1,12
room_1069,train,3,4.163,0,0.141,1,12
room_1069,train,4,4.545,0,0.22,1,12
room_1069,train,5,3.96,0,0.268,1,12
room_1069,train,6,4.743,0,0.181,1,12
room_1069,train,7,4.119,0,0.15,1,12
room_1069,train,8,3.416,0,0.195,1,12
room_1069,train,9,4.037,0,0.227,1,12
room_1069,train,10,4.276,0,0.197,1,12
room_1069,train,11,3.72,0,0.23,1,12
room_1069,train,12,10.26,1,0.749,1,12
room_1069,train,13,4.03,0,0.194,1,12
room_1069,train,14,3.758,0,0.206,1,12
room_1069,train,15,3.818,0,0.225,1,12
room_1069,train,16,3.615,0,0.202,1,12
room_1070,train,0,4.075,1,0.209,0,-1
room_1070,train,1,3.246,1,0.182,0,-1
room_1070,train,2,4.538,0,0.27,0,-1
room_1070,train,3,3.728,0,0.175,0,-1
room_1070,train,4,3.635,0,0.285,0,-1
room_1070,train,5,3.85,0,0.285,0,-1
room_1070,train,6,3.711,0,0.203,0,-1
room_1070,train,7,3.829,0,0.269,0,-1
room_1070,train,8,4.154,0,0.268,0,-1
room_1070,train,9,4.161,0,0.211,0,-1
room_1070,train,10,4.206,0,0.3,0,-1
room_1070,train,11,3.308,0,0.156,0,-1
room_1070,train,12,4.177,0,0.271,0,-1
room_1071,train,0,4.657,0,0.249,0,-1
room_1071,train,1,10.042,0,0.194,0,-1
room_1071,train,2,3.495,0,0.181,0,-1
room_1071,train,3,3.379,0,0.263,0,-1
room_1071,train,4,3.653,0,0.231,0,-1
room_1071,train,5,4.622,0,0.247,0,-1
room_1071,train,6,3.285,0,0.118,0,-1
room_1071,train,7,4.264,0,0.185,0,-1
room_1071,train,8,3.587,0,0.171,0,-1
room_1071,train,9,3.767,0,0.192,0,-1
room_1071,train,10,2.905,0,0.221,0,-1
room_1071,train,11,3.5,0,0.132,0,-1
room_1071,train,12,3.288,1,0.127,0,-1
room_1071,train,13,4.075,0,0.145,0,-1
room_1071,train,14,4.357,0,0.267,0,-1
room_1072,train,0,3.804,0,0.171,1,1
room_1072,train,1,9.272,1,0.84,1,1
room_1072,train,2,4.22,0,0.234,1,1
room_1072,train,3,3.456,0,0.156,1,1
room_1072,train,4,4.137,0,0.255,1,1
room_1072,train,5,4.764,0,0.114,1,1
room_1072,train,6,3.711,0,0.196,1,1
room_1072,train,7,3.64,0,0.254,1,1
room_1072,train,8,3.787,0,0.242,1,1
room_1072,train,9,4.353,0,0.22,1,1
room_1073,train,0,3.563,0,0.208,1,4
room_1073,train,1,4.094,0,0.285,1,4
room_1073,train,2,4.04,1,0.192,1,4
room_1073,train,3,3.499,1,0.297,1,4
room_1073,train,4,10.849,1,0.733,1,4
room_1073,train,5,3.904,0,0.188,1,4
room_1073,train,6,4.358,0,0.232,1,4
room_1073,train,7,3.798,0,0.176,1,4
room_1073,train,8,4.332,0,0.255,1,4
room_1073,train,9,3.688,0,0.18,1,4
room_1073,train,10,3.146,0,0.275,1,4
room_1073,train,11,3.381,0,0.192,1,4
room_1074,train,0,4.214,0,0.21,0,-1
room_1074,train,1,10.124,0,0.2,0,-1
room_1074,train,2,4.363,0,0.218,0,-1
room_1074,train,3,3.766,0,0.28,0,-1
room_1074,train,4,3.539,0,0.22,0,-1
room_1074,train,5,4.109,0,0.161,0,-1
room_1074,train,6,3.867,0,0.207,0,-1
room_1074,train,7,4.388,0,0.285,0,-1
room_1074,train,8,4.206,1,0.183,0,-1
room_1074,train,9,3.441,0,0.205,0,-1
room_1074,train,10,3.758,0,0.2,0,-1
room_1074,train,11,3.683,0,0.15,0,-1
room_1074,train,12,4.019,0,0.277,0,-1
room_1074,train,13,3.903,0,0.224,0,-1
room_1074,train,14,2.865,0,0.195,0,-1
room_1075,train,0,4.29,0,0.198,1,12
room_1075,train,1,4.522,0,0.186,1,12
room_1075,train,2,3.61,0,0.161,1,12
room_1075,train,3,3.864,0,0.185,1,12
room_1075,train,4,3.765,0,0.153,1,12
room_1075,train,5,3.989,0,0.239,1,12
room_1075,train,6,4.517,0,0.248,1,12
room_1075,train,7,4.289,0,0.157,1,12
room_1075,train,8,3.846,0,0.183,1,12
room_1075,train,9,4.541,0,0.215,1,12
room_1075,train,10,3.999,0,0.193,1,12
room_1075,train,11,4.283,0,0.225,1,12
room_1075,train,12,9.576,1,0.731,1,12
room_1075,train,13,4.178,0,0.219,1,12
room_1076,train,0,4.559,0,0.24,1,9
room_1076,train,1,3.573,0,0.222,1,9
room_1076,train,2,3.963,0,0.164,1,9
room_1076,train,3,3.73,0,0.142,1,9
room_1076,train,4,3.71,0,0.188,1,9
room_1076,train,5,3.647,0,0.232,1,9
room_1076,train,6,3.786,1,0.189,1,9
room_1076,train,7,3.943,1,0.232,1,9
room_1076,train,8,4.109,0,0.197,1,9
room_1076,train,9,10.068,1,0.88,1,9
room_1076,train,10,3.454,0,0.213,1,9
room_1077,train,0,3.937,0,0.202,0,-1
room_1077,train,1,3.594,0,0.238,0,-1
room_1077,train,2,4.258,0,0.215,0,-1
room_1077,train,3,3.726,0,0.128,0,-1
room_1077,train,4,3.888,0,0.209,0,-1
room_1077,train,5,3.895,0,0.19,0,-1
room_1077,train,6,3.288,0,0.313,0,-1
room_1077,train,7,3.414,0,0.151,0,-1
room_1077,train,8,10.693,0,0.185,0,-1
room_1077,train,9,4.421,0,0.128,0,-1
room_1077,train,10,3.841,0,0.065,0,-1
room_1077,train,11,3.774,0,0.209,0,-1
room_1077,train,12,3.891,0,0.177,0,-1
room_1078,train,0,3.616,0,0.17,0,-1
room_1078,train,1,4.223,0,0.155,0,-1
room_1078,train,2,3.908,1,0.839,0,-1
room_1078,train,3,4.875,0,0.191,0,-1
room_1078,train,4,4.477,0,0.141,0,-1
room_1078,train,5,3.871,0,0.225,0,-1
room_1078,train,6,3.411,0,0.135,0,-1
room_1078,train,7,4.039,0,0.249,0,-1
room_1078,train,8,3.339,0,0.149,0,-1
room_1079,train,0,3.27,0,0.22,1,6
room_1079,train,1,3.903,1,0.163,1,6
room_1079,train,2,4.33,0,0.25,1,6
room_1079,train,3,3.645,0,0.216,1,6
room_1079,train,4,4.403,0,0.241,1,6
room_1079,train,5,3.658,0,0.173,1,6
room_1079,train,6,9.381,1,0.877,1,6
room_1079,train,7,4.229,0,0.196,1,6
room_1079,train,8,3.765,0,0.223,1,6
room_1080,train,0,4.395,0,0.172,0,-1
room_1080,train,1,4.19,0,0.172,0,-1
room_1080,train,2,3.597,0,0.254,0,-1
room_1080,train,3,2.966,0,0.152,0,-1
room_1080,train,4,3.544,0,0.104,0,-1
room_1080,train,5,9.413,0,0.254,0,-1
room_1080,train,6,4.09,1,0.199,0,-1
room_1080,train,7,3.752,0,0.216,0,-1
room_1080,train,8,4.505,0,0.17,0,-1
room_1080,train,9,3.831,0,0.265,0,-1
room_1080,train,10,4.163,0,0.255,0,-1
room_1080,train,11,3.854,0,0.201,0,-1
room_1080,train,12,3.506,0,0.215,0,-1
room_1080,train,13,4.49,0,0.246,0,-1
room_1080,train,14,4.287,0,0.232,0,-1
room_1081,train,0,3.866,1,0.17,0,-1
room_1081,train,1,3.965,0,0.186,0,-1
room_1081,train,2,3.75,0,0.194,0,-1
room_1081,train,3,4.296,0,0.17,0,-1
room_1081,train,4,3.953,0,0.208,0,-1
room_1081,train,5,3.97,0,0.209,0,-1
room_1081,train,6,4.163,1,0.834,0,-1
room_1081,train,7,5.089,0,0.244,0,-1
room_1081,train,8,4.118,0,0.182,0,-1
room_1081,train,9,3.76,0,0.135,0,-1
room_1081,train,10,3.926,0,0.222,0,-1
room_1081,train,11,4.684,0,0.123,0,-1
room_1081,train,12,3.925,0,0.321,0,-1
room_1082,test,0,4.01,0,0.253,1,1
room_1082,test,1,9.636,1,0.849,1,1
room_1082,test,2,3.61,0,0.188,1,1
room_1082,test,3,3.642,0,0.286,1,1
room_1082,test,4,4.113,1,0.188,1,1
room_1082,test,5,4.402,0,0.212,1,1
room_1082,test,6,3.557,0,0.156,1,1
room_1082,test,7,3.919,0,0.225,1,1
room_1083,train,0,4.251,0,0.186,0,-1
room_1083,train,1,3.082,0,0.187,0,-1
room_1083,train,2,4.451,0,0.144,0,-1
room_1083,train,3,4.458,0,0.117,0,-1
room_1083,train,4,4.396,0,0.222,0,-1
room_1083,train,5,3.829,0,0.196,0,-1
room_1083,train,6,10.927,0,0.12,0,-1
room_1083,train,7,3.356,0,0.255,0,-1
room_1083,train,8,4.095,0,0.179,0,-1
room_1084,train,0,4.213,0,0.174,0,-1
room_1084,train,1,5.263,0,0.181,0,-1
room_1084,train,2,4.009,1,0.761,0,-1
room_1084,train,3,3.334,0,0.23,0,-1
room_1084,train,4,4.652,0,0.238,0,-1
room_1084,train,5,3.785,0,0.237,0,-1
room_1084,train,6,3.283,1,0.136,0,-1
room_1084,train,7,3.692,0,0.21,0,-1
room_1084,train,8,3.34,0,0.3,0,-1
room_1085,train,0,3.863,0,0.199,0,-1
room_1085,train,1,4.392,0,0.207,0,-1
room_1085,train,2,3.707,0,0.295,0,-1
room_1085,train,3,4.955,0,0.263,0,-1
room_1085,train,4,4.959,0,0.161,0,-1
room_1085,train,5,4.191,0,0.207,0,-1
room_1085,train,6,3.201,0,0.192,0,-1
room_1085,train,7,4.557,1,0.243,0,-1
room_1085,train,8,3.961,0,0.221,0,-1
room_1085,train,9,4.335,0,0.203,0,-1
room_1086,train,0,4.605,0,0.19,0,-1
room_1086,train,1,3.759,0,0.151,0,-1
room_1086,train,2,4.202,0,0.206,0,-1
room_1086,train,3,3.795,0,0.216,0,-1
room_1086,train,4,3.599,0,0.229,0,-1
room_1086,train,5,4.397,0,0.226,0,-1
room_1086,train,6,3.818,0,0.192,0,-1
room_1086,train,7,4.255,0,0.198,0,-1
room_1086,train,8,3.578,0,0.188,0,-1
room_1086,train,9,4.135,0,0.183,0,-1
room_1086,train,10,10.032,0,0.195,0,-1
room_1086,train,11,3.8,0,0.166,0,-1
room_1086,train,12,3.836,1,0.2,0,-1
room_1086,train,13,4.123,0,0.159,0,-1
room_1086,train,14,4.068,0,0.157,0,-1
room_1086,train,15,4.659,0,0.195,0,-1
room_1086,train,16,4.112,0,0.223,0,-1
room_1086,train,17,3.705,0,0.239,0,-1
room_1087,train,0,3.845,0,0.136,0,-1
room_1087,train,1,3.781,1,0.814,0,-1
room_1087,train,2,4.237,0,0.245,0,-1
room_1087,train,3,3.643,0,0.208,0,-1
room_1087,train,4,4.546,0,0.229,0,-1
room_1087,train,5,4.198,0,0.188,0,-1
room_1087,train,6,3.217,0,0.21,0,-1
room_1087,train,7,3.603,0,0.294,0,-1
room_1087,train,8,4.178,0,0.209,0,-1
room_1087,train,9,3.002,0,0.213,0,-1
room_1087,train,10,4.575,0,0.144,0,-1
room_1087,train,11,3.287,0,0.199,0,-1
room_1088,train,0,3.797,0,0.213,0,-1
room_1088,train,1,4.146,0,0.185,0,-1
room_1088,train,2,3.641,0,0.216,0,-1
room_1088,train,3,4.444,1,0.233,0,-1
room_1088,train,4,3.933,1,0.242,0,-1
room_1088,train,5,3.65,0,0.259,0,-1
room_1088,train,6,3.909,0,0.172,0,-1
room_1088,train,7,3.955,0,0.151,0,-1
room_1088,train,8,4.798,0,0.179,0,-1
room_1088,train,9,3.942,0,0.139,0,-1
room_1088,train,10,3.43,0,0.218,0,-1
room_1088,train,11,3.959,0,0.171,0,-1
room_1088,train,12,3.972,0,0.154,0,-1
room_1088,train,13,2.673,0,0.147,0,-1
room_1088,train,14,4.036,0,0.256,0,-1
room_1088,train,15,4.051,0,0.249,0,-1
room_1089,train,0,4.318,1,0.134,0,-1
room_1089,train,1,3.639,0,0.193,0,-1
room_1089,train,2,9.734,0,0.156,0,-1
room_1089,train,3,3.969,0,0.218,0,-1
room_1089,train,4,4.512,1,0.251,0,-1
room_1089,train,5,2.836,0,0.239,0,-1
room_1089,train,6,3.503,0,0.201,0,-1
room_1089,train,7,4.717,0,0.14,0,-1
room_1089,train,8,4.399,1,0.187,0,-1
room_1089,train,9,4.846,0,0.178,0,-1
room_1090,test,0,4.804,0,0.254,0,-1
room_1090,test,1,4.6,0,0.197,0,-1
room_1090,test,2,3.804,1,0.846,0,-1
room_1090,test,3,4.028,0,0.245,0,-1
room_1090,test,4,4.862,0,0.229,0,-1
room_1090,test,5,4.161,0,0.19,0,-1
room_1090,test,6,4.289,0,0.198,0,-1
room_1090,test,7,4.132,0,0.182,0,-1
room_1090,test,8,3.496,0,0.26,0,-1
room_1090,test,9,4.399,0,0.2,0,-1
room_1090,test,10,4.03,0,0.209,0,-1
room_1090,test,11,3.672,0,0.154,0,-1
room_1090,test,12,4.885,1,0.184,0,-1
room_1090,test,13,3.934,0,0.256,0,-1
room_1090,test,14,3.561,0,0.221,0,-1
room_1091,train,0,3.491,0,0.249,0,-1
room_1091,train,1,4.326,0,0.204,0,-1
room_1091,train,2,4.698,0,0.19,0,-1
room_1091,train,3,3.883,1,0.17,0,-1
room_1091,train,4,4.073,0,0.163,0,-1
room_1091,train,5,4.157,0,0.181,0,-1
room_1091,train,6,3.624,0,0.201,0,-1
room_1091,train,7,3.502,0,0.115,0,-1
room_1091,train,8,4.5,0,0.179,0,-1
room_1091,train,9,3.968,0,0.137,0,-1
room_1091,train,10,4.221,0,0.228,0,-1
room_1091,train,11,4.326,0,0.219,0,-1
room_1091,train,12,3.221,0,0.224,0,-1
room_1091,train,13,3.756,0,0.25,0,-1
room_1091,train,14,3.993,0,0.154,0,-1
room_1091,train,15,3.783,0,0.187,0,-1
room_1091,train,16,3.57,0,0.124,0,-1
room_1091,train,17,4.049,0,0.211,0,-1
room_1092,test,0,4.258,0,0.19,1,5
room_1092,test,1,3.77,0,0.111,1,5
room_1092,test,2,4.076,0,0.111,1,5
room_1092,test,3,3.525,1,0.23,1,5
room_1092,test,4,4.648,0,0.157,1,5
room_1092,test,5,9.345,1,0.919,1,5
room_1092,test,6,3.264,0,0.184,1,5
room_1092,test,7,4.172,0,0.213,1,5
room_1092,test,8,3.883,0,0.173,1,5
room_1093,train,0,4.172,0,0.157,1,4
room_1093,train,1,3.155,0,0.119,1,4
room_1093,train,2,4.203,0,0.166,1,4
room_1093,train,3,3.118,1,0.125,1,4
room_1093,train,4,10.46,1,0.832,1,4
room_1093,train,5,4.28,0,0.243,1,4
room_1093,train,6,3.928,0,0.177,1,4
room_1093,train,7,4.257,0,0.229,1,4
room_1093,train,8,3.991,0,0.172,1,4
room_1093,train,9,4.656,0,0.196,1,4
room_1093,train,10,3.413,1,0.18,1,4
room_1094,train,0,3.972,0,0.169,1,1
room_1094,train,1,9.43,1,0.846,1,1
room_1094,train,2,4.083,0,0.249,1,1
room_1094,train,3,3.849,0,0.145,1,1
room_1094,train,4,4.13,0,0.239,1,1
room_1094,train,5,4.535,1,0.234,1,1
room_1094,train,6,4.3,0,0.123,1,1
room_1094,train,7,4.539,0,0.167,1,1
room_1095,train,0,4.195,0,0.151,0,-1
room_1095,train,1,3.762,1,0.262,0,-1
room_1095,train,2,9.476,0,0.302,0,-1
room_1095,train,3,3.926,0,0.226,0,-1
room_1095,train,4,3.514,0,0.125,0,-1
room_1095,train,5,3.88,0,0.184,0,-1
room_1095,train,6,4.016,0,0.209,0,-1
room_1095,train,7,3.691,0,0.15,0,-1
room_1095,train,8,4.564,0,0.179,0,-1
room_1095,train,9,3.827,0,0.193,0,-1
room_1095,train,10,3.342,0,0.163,0,-1
room_1095,train,11,3.738,0,0.252,0,-1
room_1095,train,12,4.069,0,0.187,0,-1
room_1095,train,13,4.45,1,0.11,0,-1
room_1095,train,14,3.831,0,0.208,0,-1
room_1096,train,0,3.986,0,0.203,1,5
room_1096,train,1,3.716,0,0.198,1,5
room_1096,train,2,4.337,0,0.112,1,5
room_1096,train,3,3.837,0,0.157,1,5
room_1096,train,4,4.119,1,0.263,1,5
room_1096,train,5,9.346,1,0.766,1,5
room_1096,train,6,4.136,0,0.251,1,5
room_1096,train,7,3.676,0,0.263,1,5
room_1096,train,8,4.743,0,0.191,1,5
room_1096,train,9,4.598,0,0.108,1,5
room_1096,train,10,3.556,0,0.239,1,5
room_1096,train,11,3.523,0,0.211,1,5
room_1096,train,12,3.687,0,0.233,1,5
room_1096,train,13,3.404,0,0.157,1,5
room_1097,train,0,4.35,0,0.207,0,-1
room_1097,train,1,2.965,0,0.108,0,-1
room_1097,train,2,3.815,0,0.154,0,-1
room_1097,train,3,4.185,0,0.169,0,-1
room_1097,train,4,4.783,1,0.249,0,-1
room_1097,train,5,3.069,0,0.233,0,-1
room_1097,train,6,3.765,0,0.196,0,-1
room_1097,train,7,3.729,0,0.232,0,-1
room_1097,train,8,4.424,0,0.262,0,-1
room_1097,train,9,4.929,0,0.126,0,-1
room_1097,train,10,3.198,0,0.203,0,-1
room_1097,train,11,3.87,0,0.191,0,-1
room_1097,train,12,3.802,0,0.21,0,-1
room_1097,train,13,3.663,0,0.225,0,-1
room_1097,train,14,3.901,0,0.251,0,-1
room_1097,train,15,4.274,0,0.183,0,-1
room_1098,train,0,3.728,0,0.227,0,-1
room_1098,train,1,4.152,0,0.179,0,-1
room_1098,train,2,4.696,0,0.148,0,-1
room_1098,train,3,3.897,0,0.17,0,-1
room_1098,train,4,4.008,1,0.234,0,-1
room_1098,train,5,4.343,0,0.248,0,-1
room_1098,train,6,3.329,0,0.152,0,-1
room_1098,train,7,4.511,0,0.26,0,-1
room_1098,train,8,10.773,0,0.184,0,-1
room_1098,train,9,4.383,0,0.068,0,-1
room_1098,train,10,3.995,0,0.213,0,-1
room_1098,train,11,4.209,0,0.193,0,-1
room_1099,train,0,4.69,0,0.218,0,-1
room_1099,train,1,3.962,0,0.293,0,-1
room_1099,train,2,4.283,0,0.14,0,-1
room_1099,train,3,4.651,0,0.219,0,-1
room_1099,train,4,4.595,0,0.153,0,-1
room_1099,train,5,4.211,1,0.906,0,-1
room_1099,train,6,3.148,1,0.187,0,-1
room_1099,train,7,4.582,0,0.117,0,-1
room_1099,train,8,3.97,0,0.182,0,-1
room_1099,train,9,3.003,0,0.155,0,-1
room_1100,train,0,4.059,0,0.152,0,-1
room_1100,train,1,3.393,0,0.272,0,-1
room_1100,train,2,4.574,0,0.259,0,-1
room_1100,train,3,4.015,0,0.159,0,-1
room_1100,train,4,4.164,0,0.203,0,-1
room_1100,train,5,3.895,0,0.21,0,-1
room_1100,train,6,5.092,0,0.253,0,-1
room_1100,train,7,4.049,0,0.22,0,-1
room_1101,train,0,5.051,0,0.277,0,-1
room_1101,train,1,3.19,0,0.164,0,-1
room_1101,train,2,9.356,0,0.153,0,-1
room_1101,train,3,4.173,1,0.137,0,-1
room_1101,train,4,3.548,0,0.247,0,-1
room_1101,train,5,4.144,0,0.246,0,-1
room_1101,train,6,4.298,0,0.175,0,-1
room_1101,train,7,4.267,0,0.201,0,-1
room_1101,train,8,4.616,0,0.238,0,-1
room_1102,train,0,3.981,0,0.241,0,-1
room_1102,train,1,3.912,1,0.777,0,-1
room_1102,train,2,3.515,0,0.282,0,-1
room_1102,train,3,3.464,0,0.231,0,-1
room_1102,train,4,3.895,0,0.225,0,-1
room_1102,train,5,4.192,0,0.208,0,-1
room_1102,train,6,4.168,0,0.098,0,-1
room_1102,train,7,3.465,0,0.185,0,-1
room_1102,train,8,4.653,0,0.23,0,-1
room_1102,train,9,3.288,0,0.274,0,-1
room_1103,train,0,3.554,0,0.187,1,3
room_1103,train,1,3.278,0,0.211,1,3
room_1103,train,2,3.916,0,0.231,1,3
room_1103,train,3,10.758,1,0.776,1,3
room_1103,train,4,3.437,0,0.149,1,3
room_1103,train,5,4.173,0,0.167,1,3
room_1103,train,6,3.965,0,0.205,1,3
room_1103,train,7,4.112,0,0.266,1,3
room_1103,train,8,4.182,1,0.287,1,3
room_1104,test,0,4.817,0,0.175,1,3
room_1104,test,1,4.502,0,0.211,1,3
room_1104,test,2,4.675,0,0.188,1,3
room_1104,test,3,10.806,1,0.755,1,3
room_1104,test,4,3.917,0,0.17,1,3
room_1104,test,5,3.895,0,0.133,1,3
room_1104,test,6,4.166,0,0.136,1,3
room_1104,test,7,3.984,0,0.197,1,3
room_1104,test,8,3.393,0,0.212,1,3
room_1104,test,9,3.86,0,0.247,1,3
room_1104,test,10,4.078,0,0.214,1,3
room_1104,test,11,3.718,0,0.154,1,3
room_1104,test,12,3.482,0,0.205,1,3
room_1104,test,13,4.942,0,0.189,1,3
room_1104,test,14,3.174,0,0.223,1,3
room_1105,test,0,3.601,0,0.18,1,14
room_1105,test,1,4.15,0,0.199,1,14
room_1105,test,2,4.084,1,0.201,1,14
room_1105,test,3,4.899,0,0.188,1,14
room_1105,test,4,3.423,0,0.193,1,14
room_1105,test,5,4.539,0,0.17,1,14
room_1105,test,6,4.024,0,0.248,1,14
room_1105,test,7,4.433,0,0.253,1,14
room_1105,test,8,4.765,0,0.164,1,14
room_1105,test,9,4.624,0,0.249,1,14
room_1105,test,10,3.73,0,0.171,1,14
room_1105,test,11,3.916,0,0.173,1,14
room_1105,test,12,4.016,0,0.192,1,14
room_1105,test,13,3.858,0,0.22,1,14
room_1105,test,14,9.033,1,0.767,1,14
room_1105,test,15,3.839,0,0.186,1,14
room_1105,test,16,4.132,0,0.2,1,14
room_1106,train,0,4.188,0,0.194,1,3
room_1106,train,1,4.129,0,0.175,1,3
room_1106,train,2,3.465,0,0.318,1,3
room_1106,train,3,9.012,1,0.927,1,3
room_1106,train,4,3.906,0,0.194,1,3
room_1106,train,5,3.626,0,0.252,1,3
room_1106,train,6,5.221,0,0.221,1,3
room_1106,train,7,4.401,0,0.225,1,3
room_1107,train,0,4.548,0,0.218,1,4
room_1107,train,1,4.116,0,0.216,1,4
room_1107,train,2,3.734,0,0.218,1,4
room_1107,train,3,4.452,0,0.241,1,4
room_1107,train,4,9.084,1,0.745,1,4
room_1107,train,5,3.874,0,0.288,1,4
room_1107,train,6,4.484,1,0.171,1,4
room_1107,train,7,4.299,0,0.166,1,4
room_1107,train,8,4.204,0,0.262,1,4
room_1107,train,9,4.118,0,0.226,1,4
room_1107,train,10,4.02,0,0.284,1,4
room_1108,test,0,3.882,0,0.283,1,12
room_1108,test,1,3.7,0,0.251,1,12
room_1108,test,2,3.988,0,0.295,1,12
room_1108,test,3,4.83,0,0.141,1,12
room_1108,test,4,4.55,0,0.18,1,12
room_1108,test,5,3.917,0,0.078,1,12
room_1108,test,6,3.754,0,0.179,1,12
room_1108,test,7,4.331,0,0.163,1,12
room_1108,test,8,3.625,0,0.226,1,12
room_1108,test,9,3.865,0,0.167,1,12
room_1108,test,10,3.339,0,0.115,1,12
room_1108,test,11,4.333,0,0.194,1,12
room_1108,test,12,10.682,1,0.83,1,12
room_1108,test,13,4.627,0,0.188,1,12
room_1108,test,14,4.482,0,0.258,1,12
room_1108,test,15,4.118,0,0.16,1,12
room_1108,test,16,4.521,0,0.056,1,12
room_1109,train,0,4.453,0,0.218,1,3
room_1109,train,1,4.132,0,0.233,1,3
room_1109,train,2,3.913,1,0.243,1,3
room_1109,train,3,9.534,1,0.857,1,3
room_1109,train,4,4.2,0,0.171,1,3
room_1109,train,5,3.706,0,0.285,1,3
room_1109,train,6,4.617,0,0.203,1,3
room_1109,train,7,4.136,1,0.128,1,3
room_1109,train,8,4.966,0,0.206,1,3
room_1109,train,9,3.706,0,0.101,1,3
room_1109,train,10,3.894,0,0.154,1,3
room_1110,train,0,3.838,0,0.221,1,3
room_1110,train,1,4.043,0,0.126,1,3
room_1110,train,2,3.957,0,0.259,1,3
room_1110,train,3,10.746,1,0.895,1,3
room_1110,train,4,4.065,0,0.151,1,3
room_1110,train,5,3.761,0,0.197,1,3
room_1110,train,6,3.514,0,0.248,1,3
room_1110,train,7,4.732,0,0.197,1,3
room_1111,train,0,4.137,0,0.204,1,8
room_1111,train,1,3.661,0,0.206,1,8
room_1111,train,2,3.821,0,0.178,1,8
room_1111,train,3,3.596,0,0.224,1,8
room_1111,train,4,3.695,0,0.18,1,8
room_1111,train,5,3.744,0,0.228,1,8
room_1111,train,6,4.131,0,0.161,1,8
room_1111,train,7,4.388,0,0.243,1,8
room_1111,train,8,10.668,1,0.861,1,8
room_1111,train,9,4.078,0,0.207,1,8
room_1111,train,10,3.357,0,0.183,1,8
room_1112,train,0,3.803,0,0.149,1,2
room_1112,train,1,4.391,0,0.233,1,2
room_1112,train,2,10.423,1,0.932,1,2
room_1112,train,3,5.226,0,0.225,1,2
room_1112,train,4,3.58,0,0.217,1,2
room_1112,train,5,3.654,1,0.153,1,2
room_1112,train,6,4.816,0,0.239,1,2
room_1112,train,7,4.033,0,0.23,1,2
room_1112,train,8,4.369,0,0.167,1,2
room_1112,train,9,4.703,0,0.224,1,2
room_1112,train,10,3.567,1,0.131,1,2
room_1113,train,0,3.464,0,0.216,1,6
room_1113,train,1,4.404,0,0.218,1,6
room_1113,train,2,3.448,0,0.113,1,6
room_1113,train,3,3.923,0,0.173,1,6
room_1113,train,4,4.746,0,0.16,1,6
room_1113,train,5,3.673,0,0.204,1,6
room_1113,train,6,9.224,1,0.891,1,6
room_1113,train,7,4.095,0,0.185,1,6
room_1113,train,8,3.203,0,0.198,1,6
room_1113,train,9,3.9,0,0.144,1,6
room_1113,train,10,3.075,0,0.168,1,6
room_1114,train,0,4.615,0,0.246,1,5
room_1114,train,1,4.271,0,0.211,1,5
room_1114,train,2,4.123,0,0.221,1,5
room_1114,train,3,3.293,0,0.171,1,5
room_1114,train,4,3.882,0,0.164,1,5
room_1114,train,5,9.046,1,0.723,1,5
room_1114,train,6,3.753,0,0.23,1,5
room_1114,train,7,4.464,0,0.209,1,5
room_1115,train,0,4.496,0,0.175,0,-1
room_1115,train,1,3.798,1,0.168,0,-1
room_1115,train,2,4.851,0,0.247,0,-1
room_1115,train,3,3.854,0,0.323,0,-1
room_1115,train,4,4.382,0,0.256,0,-1
room_1115,train,5,4.345,0,0.14,0,-1
room_1115,train,6,4.334,0,0.226,0,-1
room_1115,train,7,4.155,0,0.209,0,-1
room_1115,train,8,3.518,0,0.136,0,-1
room_1115,train,9,4.157,0,0.187,0,-1
room_1115,train,10,4.398,0,0.095,0,-1
room_1116,train,0,4.16,0,0.089,0,-1
room_1116,train,1,4.32,0,0.21,0,-1
room_1116,train,2,3.757,0,0.231,0,-1
room_1116,train,3,3.742,0,0.173,0,-1
room_1116,train,4,4.704,0,0.228,0,-1
room_1116,train,5,3.864,0,0.193,0,-1
room_1116,train,6,4.273,0,0.232,0,-1
room_1116,train,7,3.457,0,0.163,0,-1
room_1116,train,8,4.087,1,0.191,0,-1
room_1116,train,9,4.558,0,0.213,0,-1
room_1116,train,10,4.302,0,0.187,0,-1
room_1116,train,11,4.069,0,0.159,0,-1
room_1116,train,12,3.94,0,0.185,0,-1
room_1116,train,13,3.636,0,0.184,0,-1
room_1116,train,14,9.305,0,0.126,0,-1
room_1116,train,15,3.939,0,0.213,0,-1
room_1116,train,16,3.676,0,0.154,0,-1
room_1117,test,0,4.248,0,0.169,0,-1
room_1117,test,1,4.258,0,0.215,0,-1
room_1117,test,2,3.113,0,0.182,0,-1
room_1117,test,3,4.362,1,0.771,0,-1
room_1117,test,4,3.704,0,0.202,0,-1
room_1117,test,5,4.071,0,0.187,0,-1
room_1117,test,6,4.51,1,0.183,0,-1
room_1117,test,7,4.045,0,0.079,0,-1
room_1117,test,8,4.552,0,0.191,0,-1
room_1118,test,0,5.213,0,0.16,1,6
room_1118,test,1,3.572,0,0.216,1,6
room_1118,test,2,4.201,0,0.127,1,6
room_1118,test,3,4.466,0,0.187,1,6
room_1118,test,4,4.262,0,0.246,1,6
room_1118,test,5,4.201,0,0.222,1,6
room_1118,test,6,9.643,1,0.845,1,6
room_1118,test,7,3.404,0,0.2,1,6
room_1118,test,8,5.237,0,0.206,1,6
room_1118,test,9,4.537,0,0.246,1,6
room_1118,test,10,4.307,1,0.197,1,6
room_1118,test,11,4.374,0,0.29,1,6
room_1119,test,0,4.926,0,0.116,0,-1
room_1119,test,1,4.676,0,0.182,0,-1
room_1119,test,2,3.918,0,0.233,0,-1
room_1119,test,3,4.029,0,0.25,0,-1
room_1119,test,4,9.234,0,0.262,0,-1
room_1119,test,5,4.213,0,0.208,0,-1
room_1119,test,6,4.141,0,0.254,0,-1
room_1119,test,7,3.987,0,0.248,0,-1
room_1119,test,8,3.76,0,0.205,0,-1
room_1119,test,9,4.14,0,0.21,0,-1
room_1119,test,10,3.05,1,0.26,0,-1
room_1119,test,11,3.675,0,0.195,0,-1
room_1119,test,12,3.516,0,0.184,0,-1
room_1120,train,0,4.787,0,0.219,1,7
room_1120,train,1,4.486,0,0.112,1,7
room_1120,train,2,3.438,0,0.151,1,7
room_1120,train,3,3.771,1,0.203,1,7
room_1120,train,4,4.144,0,0.261,1,7
room_1120,train,5,3.93,0,0.136,1,7
room_1120,train,6,3.223,0,0.188,1,7
room_1120,train,7,9.782,1,0.811,1,7
room_1120,train,8,4.022,0,0.211,1,7
room_1120,train,9,5.283,0,0.199,1,7
room_1120,train,10,4.34,0,0.244,1,7
room_1120,train,11,4.37,0,0.158,1,7
room_1120,train,12,3.068,0,0.196,1,7
room_1121,train,0,3.433,0,0.197,1,7
room_1121,train,1,4.413,0,0.207,1,7
room_1121,train,2,3.278,0,0.197,1,7
room_1121,train,3,3.634,0,0.151,1,7
room_1121,train,4,3.18,0,0.215,1,7
room_1121,train,5,3.562,0,0.118,1,7
room_1121,train,6,3.606,0,0.166,1,7
room_1121,train,7,9.576,1,0.807,1,7
room_1121,train,8,4.638,0,0.275,1,7
room_1121,train,9,4.808,0,0.208,1,7
room_1121,train,10,3.574,1,0.19,1,7
room_1122,train,0,4.11,1,0.3,0,-1
room_1122,train,1,3.968,0,0.188,0,-1
room_1122,train,2,2.858,0,0.249,0,-1
room_1122,train,3,10.195,0,0.186,0,-1
room_1122,train,4,3.733,0,0.147,0,-1
room_1122,train,5,3.959,0,0.225,0,-1
room_1122,train,6,3.913,0,0.181,0,-1
room_1122,train,7,3.814,0,0.163,0,-1
room_1122,train,8,3.831,0,0.344,0,-1
room_1122,train,9,3.75,0,0.235,0,-1
room_1122,train,10,3.11,0,0.262,0,-1
room_1122,train,11,4.658,0,0.219,0,-1
room_1122,train,12,4.369,1,0.198,0,-1
room_1122,train,13,4.36,0,0.318,0,-1
room_1122,train,14,3.3,0,0.198,0,-1
room_1122,train,15,3.918,0,0.22,0,-1
room_1123,train,0,3.511,0,0.202,0,-1
room_1123,train,1,3.863,0,0.218,0,-1
room_1123,train,2,4.076,0,0.222,0,-1
room_1123,train,3,3.73,0,0.249,0,-1
room_1123,train,4,3.638,0,0.227,0,-1
room_1123,train,5,4.815,0,0.235,0,-1
room_1123,train,6,3.78,0,0.286,0,-1
room_1123,train,7,3.981,1,0.89,0,-1
room_1123,train,8,4.341,0,0.18,0,-1
room_1123,train,9,3.942,0,0.314,0,-1
room_1123,train,10,4.23,0,0.136,0,-1
room_1123,train,11,4.113,0,0.175,0,-1
room_1123,train,12,4.31,0,0.248,0,-1
room_1123,train,13,3.205,0,0.136,0,-1
room_1123,train,14,3.299,0,0.189,0,-1
room_1123,train,15,3.318,0,0.174,0,-1
room_1123,train,16,3.348,0,0.223,0,-1
room_1123,train,17,3.873,0,0.168,0,-1
room_1124,train,0,3.473,0,0.206,1,4
room_1124,train,1,3.903,0,0.25,1,4
room_1124,train,2,3.952,0,0.189,1,4
room_1124,train,3,4.346,1,0.156,1,4
room_1124,train,4,10.868,1,0.935,1,4
room_1124,train,5,3.261,0,0.165,1,4
room_1124,train,6,3.318,0,0.201,1,4
room_1124,train,7,3.784,0,0.16,1,4
room_1124,train,8,4.216,0,0.206,1,4
room_1124,train,9,3.865,1,0.217,1,4
room_1124,train,10,4.082,0,0.271,1,4
room_1124,train,11,4.524,0,0.164,1,4
room_1124,train,12,3.719,0,0.131,1,4
room_1124,train,13,4.047,0,0.215,1,4
room_1125,train,0,4.152,0,0.135,1,8
room_1125,train,1,3.935,1,0.223,1,8
room_1125,train,2,4.58,0,0.192,1,8
room_1125,train,3,4.058,0,0.207,1,8
room_1125,train,4,4.428,0,0.129,1,8
room_1125,train,5,4.332,0,0.151,1,8
room_1125,train,6,3.665,0,0.197,1,8
room_1125,train,7,3.54,0,0.154,1,8
room_1125,train,8,10.698,1,0.837,1,8
room_1125,train,9,4.474,0,0.143,1,8
room_1125,train,10,3.835,0,0.265,1,8
room_1125,train,11,3.887,0,0.171,1,8
room_1126,test,0,4.01,0,0.202,1,6
room_1126,test,1,4.056,0,0.148,1,6
room_1126,test,2,3.58,0,0.15,1,6
room_1126,test,3,3.856,0,0.221,1,6
room_1126,test,4,4.178,0,0.25,1,6
room_1126,test,5,4.545,0,0.184,1,6
room_1126,test,6,10.869,1,0.735,1,6
room_1126,test,7,3.722,0,0.217,1,6
room_1126,test,8,4.002,0,0.126,1,6
room_1126,test,9,3.898,0,0.256,1,6
room_1126,test,10,3.717,0,0.095,1,6
room_1126,test,11,4.091,0,0.227,1,6
room_1126,test,12,3.966,0,0.23,1,6
room_1126,test,13,3.847,0,0.216,1,6
room_1126,test,14,4.744,0,0.199,1,6
room_1126,test,15,4.387,0,0.253,1,6
room_1126,test,16,4.42,0,0.165,1,6
room_1127,train,0,3.444,0,0.158,0,-1
room_1127,train,1,4.28,0,0.288,0,-1
room_1127,train,2,4.063,0,0.277,0,-1
room_1127,train,3,4.131,0,0.238,0,-1
room_1127,train,4,3.434,0,0.136,0,-1
room_1127,train,5,4.151,0,0.203,0,-1
room_1127,train,6,4.112,0,0.233,0,-1
room_1127,train,7,4.535,0,0.114,0,-1
room_1127,train,8,4.313,0,0.296,0,-1
room_1127,train,9,4.179,0,0.176,0,-1
room_1127,train,10,3.207,1,0.193,0,-1
room_1128,train,0,4.366,0,0.126,0,-1
room_1128,train,1,4.929,0,0.217,0,-1
room_1128,train,2,3.603,0,0.143,0,-1
room_1128,train,3,4.137,0,0.146,0,-1
room_1128,train,4,3.691,0,0.235,0,-1
room_1128,train,5,3.643,0,0.208,0,-1
room_1128,train,6,3.519,0,0.203,0,-1
room_1128,train,7,3.774,0,0.29,0,-1
room_1128,train,8,4.02,1,0.166,0,-1
room_1128,train,9,4.235,0,0.153,0,-1
room_1128,train,10,4.429,0,0.216,0,-1
room_1128,train,11,3.581,0,0.234,0,-1
room_1128,train,12,3.695,0,0.173,0,-1
room_1128,train,13,4.419,1,0.151,0,-1
room_1128,train,14,10.914,0,0.188,0,-1
room_1128,train,15,3.962,0,0.148,0,-1
room_1128,train,16,4.292,0,0.174,0,-1
room_1128,train,17,3.384,0,0.152,0,-1
room_1129,train,0,4.004,0,0.159,0,-1
room_1129,train,1,4.473,1,0.78,0,-1
room_1129,train,2,4.593,0,0.174,0,-1
room_1129,train,3,3.594,0,0.213,0,-1
room_1129,train,4,4.721,0,0.188,0,-1
room_1129,train,5,4.589,0,0.211,0,-1
room_1129,train,6,4.144,0,0.244,0,-1
room_1129,train,7,4.028,0,0.162,0,-1
room_1129,train,8,4.254,0,0.24,0,-1
room_1129,train,9,3.759,0,0.191,0,-1
room_1130,train,0,4.388,0,0.255,0,-1
room_1130,train,1,4.942,0,0.112,0,-1
room_1130,train,2,2.943,0,0.148,0,-1
room_1130,train,3,4.174,0,0.164,0,-1
room_1130,train,4,3.556,0,0.248,0,-1
room_1130,train,5,3.776,1,0.177,0,-1
room_1130,train,6,3.858,0,0.223,0,-1
room_1130,train,7,4.18,0,0.226,0,-1
room_1130,train,8,4.287,0,0.262,0,-1
room_1130,train,9,3.507,1,0.106,0,-1
room_1130,train,10,4.206,0,0.23,0,-1
room_1130,train,11,4.369,0,0.199,0,-1
room_1130,train,12,3.838,0,0.201,0,-1
room_1131,train,0,4.429,0,0.207,1,7
room_1131,train,1,3.422,0,0.263,1,7
room_1131,train,2,3.857,0,0.195,1,7
room_1131,train,3,4.593,0,0.199,1,7
room_1131,train,4,3.384,0,0.229,1,7
room_1131,train,5,3.427,0,0.144,1,7
room_1131,train,6,4.778,0,0.195,1,7
room_1131,train,7,10.239,1,0.753,1,7
room_1131,train,8,3.97,0,0.196,1,7
room_1131,train,9,4.079,0,0.134,1,7
room_1131,train,10,3.654,0,0.151,1,7
room_1131,train,11,3.663,0,0.235,1,7
room_1131,train,12,4.258,1,0.267,1,7
room_1131,train,13,3.935,0,0.242,1,7
room_1132,train,0,3.909,0,0.17,1,1
room_1132,train,1,10.594,1,0.806,1,1
room_1132,train,2,5.243,0,0.182,1,1
room_1132,train,3,3.708,1,0.05,1,1
room_1132,train,4,3.999,0,0.164,1,1
room_1132,train,5,3.772,0,0.277,1,1
room_1132,train,6,4.836,0,0.204,1,1
room_1132,train,7,4.352,0,0.247,1,1
room_1132,train,8,4.549,0,0.208,1,1
room_1132,train,9,2.99,0,0.175,1,1
room_1133,train,0,4.089,0,0.179,1,4
room_1133,train,1,3.4,0,0.068,1,4
room_1133,train,2,4.208,0,0.155,1,4
room_1133,train,3,3.874,0,0.355,1,4
room_1133,train,4,10.987,1,0.84,1,4
room_1133,train,5,4.692,0,0.196,1,4
room_1133,train,6,4.285,1,0.175,1,4
room_1133,train,7,3.641,0,0.247,1,4
room_1134,train,0,4.27,0,0.242,0,-1
room_1134,train,1,3.894,0,0.252,0,-1
room_1134,train,2,4.524,0,0.199,0,-1
room_1134,train,3,10.353,0,0.246,0,-1
room_1134,train,4,4.649,0,0.297,0,-1
room_1134,train,5,3.142,0,0.233,0,-1
room_1134,train,6,4.629,1,0.164,0,-1
room_1134,train,7,4.669,0,0.171,0,-1
room_1134,train,8,3.736,0,0.193,0,-1
room_1134,train,9,2.913,0,0.159,0,-1
room_1134,train,10,4.154,0,0.198,0,-1
room_1134,train,11,5.225,1,0.196,0,-1
room_1134,train,12,3.636,0,0.172,0,-1
room_1134,train,13,3.609,0,0.246,0,-1
room_1135,test,0,3.475,0,0.187,0,-1
room_1135,test,1,4.015,0,0.259,0,-1
room_1135,test,2,4.18,0,0.233,0,-1
room_1135,test,3,4.161,0,0.1,0,-1
room_1135,test,4,4.254,0,0.161,0,-1
room_1135,test,5,3.599,0,0.182,0,-1
room_1135,test,6,4.084,0,0.207,0,-1
room_1135,test,7,3.834,0,0.126,0,-1
room_1135,test,8,3.795,1,0.722,0,-1
room_1135,test,9,3.912,0,0.085,0,-1
room_1136,test,0,3.666,0,0.18,0,-1
room_1136,test,1,4.302,0,0.221,0,-1
room_1136,test,2,2.762,0,0.211,0,-1
room_1136,test,3,4.373,0,0.165,0,-1
room_1136,test,4,3.457,0,0.228,0,-1
room_1136,test,5,3.673,0,0.235,0,-1
room_1136,test,6,4.15,0,0.26,0,-1
room_1136,test,7,4.461,0,0.169,0,-1
room_1137,train,0,3.794,1,0.17,1,2
room_1137,train,1,4.195,0,0.165,1,2
room_1137,train,2,9.834,1,0.768,1,2
room_1137,train,3,4.322,0,0.185,1,2
room_1137,train,4,3.241,0,0.163,1,2
room_1137,train,5,3.729,0,0.176,1,2
room_1137,train,6,4.1,0,0.255,1,2
room_1137,train,7,3.594,0,0.179,1,2
room_1137,train,8,3.78,0,0.198,1,2
room_1137,train,9,4.184,0,0.229,1,2
room_1138,train,0,4.396,0,0.216,1,8
room_1138,train,1,3.74,0,0.235,1,8
room_1138,train,2,3.023,0,0.248,1,8
room_1138,train,3,3.457,0,0.125,1,8
room_1138,train,4,4.053,0,0.191,1,8
room_1138,train,5,3.791,0,0.141,1,8
room_1138,train,6,4.069,0,0.227,1,8
room_1138,train,7,4.003,0,0.185,1,8
room_1138,train,8,9.599,1,0.859,1,8
room_1138,train,9,3.446,0,0.173,1,8
room_1139,train,0,4.509,0,0.173,1,9
room_1139,train,1,4.584,0,0.171,1,9
room_1139,train,2,3.981,0,0.239,1,9
room_1139,train,3,3.739,0,0.2,1,9
room_1139,train,4,3.642,0,0.205,1,9
room_1139,train,5,4.266,0,0.226,1,9
room_1139,train,6,3.77,0,0.175,1,9
room_1139,train,7,4.561,0,0.212,1,9
room_1139,train,8,3.761,0,0.255,1,9
room_1139,train,9,10.487,1,0.857,1,9
room_1139,train,10,4.789,0,0.18,1,9
room_1139,train,11,3.637,0,0.138,1,9
room_1139,train,12,3.765,0,0.189,1,9
room_1139,train,13,3.993,0,0.163,1,9
room_1140,train,0,3.994,0,0.175,1,9
room_1140,train,1,4.086,0,0.253,1,9
room_1140,train,2,4.307,0,0.201,1,9
room_1140,train,3,5.12,0,0.294,1,9
room_1140,train,4,4.208,1,0.158,1,9
room_1140,train,5,4.684,0,0.102,1,9
room_1140,train,6,4.139,0,0.207,1,9
room_1140,train,7,4.727,0,0.271,1,9
room_1140,train,8,3.922,0,0.119,1,9
room_1140,train,9,10.629,1,0.741,1,9
room_1140,train,10,4.244,0,0.148,1,9
room_1140,train,11,3.744,0,0.175,1,9
room_1140,train,12,4.178,0,0.17,1,9
room_1140,train,13,3.908,0,0.171,1,9
room_1140,train,14,4.219,0,0.236,1,9
room_1141,train,0,4.022,0,0.224,1,1
room_1141,train,1,9.027,1,0.833,1,1
room_1141,train,2,4.832,0,0.181,1,1
room_1141,train,3,4.067,0,0.246,1,1
room_1141,train,4,4.5,0,0.2,1,1
room_1141,train,5,4.438,0,0.303,1,1
room_1141,train,6,4.724,0,0.183,1,1
room_1141,train,7,3.557,0,0.191,1,1
room_1141,train,8,3.664,0,0.211,1,1
room_1141,train,9,3.637,0,0.072,1,1
room_1141,train,10,3.991,0,0.14,1,1
room_1141,train,11,3.136,0,0.251,1,1
room_1141,train,12,4.762,0,0.279,1,1
room_1141,train,13,3.631,0,0.184,1,1
room_1141,train,14,3.862,0,0.229,1,1
room_1141,train,15,4.389,0,0.214,1,1
room_1141,train,16,3.982,1,0.095,1,1
room_1141,train,17,3.601,0,0.243,1,1
room_1142,train,0,4.622,0,0.055,1,4
room_1142,train,1,4.498,0,0.175,1,4
room_1142,train,2,3.707,0,0.174,1,4
room_1142,train,3,3.207,0,0.247,1,4
room_1142,train,4,9.186,1,0.845,1,4
room_1142,train,5,4.164,0,0.247,1,4
room_1142,train,6,4.3,0,0.164,1,4
room_1142,train,7,3.11,0,0.186,1,4
room_1142,train,8,3.658,0,0.168,1,4
room_1142,train,9,3.829,0,0.164,1,4
room_1142,train,10,4.823,0,0.173,1,4
room_1142,train,11,4.218,0,0.246,1,4
room_1143,train,0,4.529,0,0.173,1,13
room_1143,train,1,4.138,0,0.174,1,13
room_1143,train,2,3.664,0,0.211,1,13
room_1143,train,3,4.121,0,0.21,1,13
room_1143,train,4,3.918,0,0.164,1,13
room_1143,train,5,4.11,0,0.197,1,13
room_1143,train,6,3.956,0,0.23,1,13
room_1143,train,7,3.515,0,0.225,1,13
room_1143,train,8,3.842,0,0.171,1,13
room_1143,train,9,4.33,0,0.228,1,13
room_1143,train,10,4.431,0,0.21,1,13
room_1143,train,11,3.209,0,0.249,1,13
room_1143,train,12,4.155,1,0.245,1,13
room_1143,train,13,9.89,1,0.736,1,13
room_1143,train,14,4.019,0,0.19,1,13
room_1144,train,0,4.236,0,0.217,1,13
room_1144,train,1,4.674,0,0.158,1,13
room_1144,train,2,3.6,0,0.23,1,13
room_1144,train,3,4.656,0,0.23,1,13
room_1144,train,4,4.199,0,0.214,1,13
room_1144,train,5,4.624,0,0.18,1,13
room_1144,train,6,3.925,0,0.234,1,13
room_1144,train,7,3.543,0,0.207,1,13
room_1144,train,8,3.97,1,0.175,1,13
room_1144,train,9,4.371,1,0.225,1,13
room_1144,train,10,4.723,0,0.205,1,13
room_1144,train,11,4.074,0,0.256,1,13
room_1144,train,12,3.47,0,0.247,1,13
room_1144,train,13,9.058,1,0.938,1,13
room_1144,train,14,4.54,0,0.215,1,13
room_1144,train,15,2.96,0,0.194,1,13
room_1144,train,16,4.437,0,0.146,1,13
room_1145,train,0,4.368,0,0.123,0,-1
room_1145,train,1,3.641,0,0.155,0,-1
room_1145,train,2,4.428,0,0.215,0,-1
room_1145,train,3,3.969,0,0.172,0,-1
room_1145,train,4,3.733,0,0.203,0,-1
room_1145,train,5,3.437,0,0.205,0,-1
room_1145,train,6,4.018,0,0.169,0,-1
room_1145,train,7,4.622,0,0.14,0,-1
room_1145,train,8,4.474,0,0.195,0,-1
room_1145,train,9,4.451,0,0.204,0,-1
room_1145,train,10,3.746,0,0.23,0,-1
room_1145,train,11,3.742,1,0.181,0,-1
room_1145,train,12,3.597,0,0.178,0,-1
room_1145,train,13,4.787,0,0.15,0,-1
room_1145,train,14,5.06,0,0.225,0,-1
room_1145,train,15,3.837,0,0.232,0,-1
room_1146,train,0,3.929,0,0.141,1,8
room_1146,train,1,5.05,0,0.13,1,8
room_1146,train,2,4.042,0,0.217,1,8
room_1146,train,3,4.186,0,0.296,1,8
room_1146,train,4,3.864,0,0.247,1,8
room_1146,train,5,3.46,0,0.229,1,8
room_1146,train,6,3.463,0,0.131,1,8
room_1146,train,7,4.732,0,0.127,1,8
room_1146,train,8,10.065,1,0.779,1,8
room_1146,train,9,3.899,0,0.18,1,8
room_1146,train,10,4.26,1,0.253,1,8
room_1146,train,11,3.596,0,0.134,1,8
room_1146,train,12,4.58,0,0.202,1,8
room_1146,train,13,3.965,1,0.296,1,8
room_1146,train,14,3.439,0,0.17,1,8
room_1146,train,15,3.944,0,0.201,1,8
room_1146,train,16,4.266,0,0.232,1,8
room_1147,train,0,4.191,0,0.157,1,8
room_1147,train,1,4.197,0,0.222,1,8
room_1147,train,2,3.796,0,0.257,1,8
room_1147,train,3,3.601,0,0.238,1,8
room_1147,train,4,4.484,0,0.147,1,8
room_1147,train,5,3.644,0,0.253,1,8
room_1147,train,6,3.626,0,0.153,1,8
room_1147,train,7,3.618,0,0.173,1,8
room_1147,train,8,9.333,1,0.869,1,8
room_1147,train,9,3.832,0,0.174,1,8
room_1147,train,10,4.433,0,0.185,1,8
room_1147,train,11,4.031,0,0.183,1,8
room_1147,train,12,3.624,0,0.182,1,8
room_1147,train,13,4.769,0,0.18,1,8
room_1147,train,14,3.554,0,0.164,1,8
room_1147,train,15,4.146,1,0.209,1,8
room_1148,train,0,4.439,0,0.286,1,11
room_1148,train,1,4.339,0,0.211,1,11
room_1148,train,2,4.068,0,0.205,1,11
room_1148,train,3,4.398,0,0.156,1,11
room_1148,train,4,5.0,0,0.206,1,11
room_1148,train,5,5.068,0,0.184,1,11
room_1148,train,6,3.648,0,0.158,1,11
room_1148,train,7,3.757,0,0.257,1,11
room_1148,train,8,4.019,0,0.243,1,11
room_1148,train,9,4.39,0,0.194,1,11
room_1148,train,10,3.59,0,0.217,1,11
room_1148,train,11,10.217,1,0.806,1,11
room_1148,train,12,4.485,0,0.205,1,11
room_1149,train,0,4.3,0,0.128,0,-1
room_1149,train,1,3.158,0,0.242,0,-1
room_1149,train,2,4.59,0,0.155,0,-1
room_1149,train,3,4.839,0,0.208,0,-1
room_1149,train,4,4.298,0,0.214,0,-1
room_1149,train,5,10.214,0,0.207,0,-1
room_1149,train,6,4.097,0,0.133,0,-1
room_1149,train,7,4.305,0,0.159,0,-1
room_1149,train,8,4.977,0,0.197,0,-1
room_1150,test,0,3.591,0,0.261,0,-1
room_1150,test,1,3.124,0,0.153,0,-1
room_1150,test,2,4.391,1,0.807,0,-1
room_1150,test,3,4.107,0,0.186,0,-1
room_1150,test,4,3.577,0,0.221,0,-1
room_1150,test,5,3.631,0,0.214,0,-1
room_1150,test,6,3.544,0,0.26,0,-1
room_1150,test,7,3.812,0,0.102,0,-1
room_1150,test,8,4.37,0,0.166,0,-1
room_1150,test,9,4.79,0,0.16,0,-1
room_1150,test,10,3.357,0,0.254,0,-1
room_1150,test,11,4.069,0,0.187,0,-1
room_1150,test,12,4.014,0,0.204,0,-1
room_1151,train,0,3.827,0,0.237,1,2
room_1151,train,1,4.554,0,0.206,1,2
room_1151,train,2,9.597,1,0.945,1,2
room_1151,train,3,3.726,1,0.278,1,2
room_1151,train,4,4.254,0,0.209,1,2
room_1151,train,5,4.328,0,0.187,1,2
room_1151,train,6,4.558,0,0.195,1,2
room_1151,train,7,4.318,0,0.146,1,2
room_1151,train,8,3.452,0,0.251,1,2
room_1151,train,9,4.479,0,0.082,1,2
room_1152,test,0,4.226,0,0.256,1,1
room_1152,test,1,9.678,1,0.903,1,1
room_1152,test,2,4.152,0,0.178,1,1
room_1152,test,3,3.826,0,0.279,1,1
room_1152,test,4,3.619,0,0.214,1,1
room_1152,test,5,3.282,0,0.261,1,1
room_1152,test,6,4.045,0,0.147,1,1
room_1152,test,7,4.21,0,0.21,1,1
room_1152,test,8,3.795,0,0.229,1,1
room_1152,test,9,3.506,0,0.171,1,1
room_1152,test,10,3.709,0,0.172,1,1
room_1153,test,0,4.118,0,0.137,0,-1
room_1153,test,1,4.105,0,0.272,0,-1
room_1153,test,2,4.39,1,0.772,0,-1
room_1153,test,3,4.003,0,0.175,0,-1
room_1153,test,4,4.588,0,0.261,0,-1
room_1153,test,5,3.747,0,0.172,0,-1
room_1153,test,6,4.291,0,0.271,0,-1
room_1153,test,7,4.057,0,0.202,0,-1
room_1153,test,8,4.237,0,0.214,0,-1
room_1153,test,9,3.921,0,0.192,0,-1
room_1153,test,10,3.19,0,0.098,0,-1
room_1153,test,11,3.989,0,0.147,0,-1
room_1153,test,12,3.313,0,0.243,0,-1
room_1153,test,13,5.227,0,0.197,0,-1
room_1154,test,0,3.492,0,0.209,1,6
room_1154,test,1,4.4,0,0.129,1,6
room_1154,test,2,3.956,0,0.173,1,6
room_1154,test,3,4.114,0,0.234,1,6
room_1154,test,4,4.902,0,0.229,1,6
room_1154,test,5,4.172,0,0.172,1,6
room_1154,test,6,10.006,1,0.731,1,6
room_1154,test,7,3.341,0,0.213,1,6
room_1154,test,8,3.439,0,0.197,1,6
room_1154,test,9,3.832,0,0.139,1,6
room_1154,test,10,4.841,1,0.15,1,6
room_1154,test,11,3.293,0,0.186,1,6
room_1155,train,0,4.136,0,0.227,1,1
room_1155,train,1,10.253,1,0.917,1,1
room_1155,train,2,3.772,0,0.178,1,1
room_1155,train,3,3.45,0,0.24,1,1
room_1155,train,4,4.394,0,0.177,1,1
room_1155,train,5,4.114,1,0.25,1,1
room_1155,train,6,3.956,0,0.18,1,1
room_1155,train,7,4.405,0,0.237,1,1
room_1155,train,8,4.434,0,0.155,1,1
room_1155,train,9,3.571,0,0.182,1,1
room_1155,train,10,4.217,0,0.26,1,1
room_1155,train,11,4.109,0,0.187,1,1
room_1155,train,12,3.752,1,0.203,1,1
room_1155,train,13,4.468,0,0.236,1,1
room_1156,train,0,4.28,0,0.17,0,-1
room_1156,train,1,3.731,0,0.165,0,-1
room_1156,train,2,4.575,0,0.188,0,-1
room_1156,train,3,4.482,0,0.257,0,-1
room_1156,train,4,4.063,1,0.215,0,-1
room_1156,train,5,4.302,0,0.19,0,-1
room_1156,train,6,3.593,0,0.097,0,-1
room_1156,train,7,4.037,0,0.284,0,-1
room_1156,train,8,3.969,0,0.196,0,-1
room_1156,train,9,4.394,0,0.217,0,-1
room_1156,train,10,4.081,1,0.834,0,-1
room_1156,train,11,4.075,0,0.247,0,-1
room_1157,train,0,4.333,0,0.199,1,1
room_1157,train,1,10.045,1,0.895,1,1
room_1157,train,2,4.048,0,0.254,1,1
room_1157,train,3,4.112,0,0.213,1,1
room_1157,train,4,3.691,0,0.295,1,1
room_1157,train,5,3.82,0,0.149,1,1
room_1157,train,6,3.643,1,0.188,1,1
room_1157,train,7,3.038,0,0.242,1,1
room_1157,train,8,4.458,0,0.23,1,1
room_1158,train,0,3.764,0,0.223,0,-1
room_1158,train,1,9.466,0,0.19,0,-1
room_1158,train,2,4.806,0,0.12,0,-1
room_1158,train,3,2.556,0,0.227,0,-1
room_1158,train,4,3.899,0,0.257,0,-1
room_1158,train,5,4.232,1,0.198,0,-1
room_1158,train,6,4.025,0,0.255,0,-1
room_1158,train,7,4.052,0,0.253,0,-1
room_1158,train,8,3.329,0,0.2,0,-1
room_1158,train,9,4.05,0,0.211,0,-1
room_1158,train,10,3.115,1,0.146,0,-1
room_1158,train,11,4.995,0,0.193,0,-1
room_1159,train,0,4.481,0,0.18,1,4
room_1159,train,1,4.048,0,0.245,1,4
room_1159,train,2,4.705,0,0.22,1,4
room_1159,train,3,3.828,1,0.278,1,4
room_1159,train,4,10.144,1,0.878,1,4
room_1159,train,5,4.778,0,0.188,1,4
room_1159,train,6,3.962,0,0.133,1,4
room_1159,train,7,4.15,0,0.142,1,4
room_1159,train,8,4.11,0,0.206,1,4
room_1159,train,9,3.56,0,0.285,1,4
room_1159,train,10,4.11,0,0.174,1,4
room_1159,train,11,3.786,0,0.199,1,4
room_1159,train,12,4.664,0,0.281,1,4
room_1159,train,13,3.63,0,0.21,1,4
room_1160,train,0,4.181,0,0.155,0,-1
room_1160,train,1,3.839,0,0.18,0,-1
room_1160,train,2,3.973,0,0.174,0,-1
room_1160,train,3,4.509,0,0.231,0,-1
room_1160,train,4,3.883,0,0.14,0,-1
room_1160,train,5,3.708,0,0.223,0,-1
room_1160,train,6,5.061,0,0.148,0,-1
room_1160,train,7,4.107,0,0.263,0,-1
room_1160,train,8,3.514,0,0.173,0,-1
room_1161,train,0,3.676,0,0.122,0,-1
room_1161,train,1,4.081,0,0.201,0,-1
room_1161,train,2,4.141,0,0.232,0,-1
room_1161,train,3,4.141,0,0.227,0,-1
room_1161,train,4,3.807,0,0.251,0,-1
room_1161,train,5,10.425,0,0.243,0,-1
room_1161,train,6,4.632,0,0.163,0,-1
room_1161,train,7,4.239,0,0.19,0,-1
room_1161,train,8,3.423,0,0.166,0,-1
room_1161,train,9,4.161,0,0.098,0,-1
room_1161,train,10,4.433,0,0.22,0,-1
room_1161,train,11,4.093,0,0.231,0,-1
room_1162,test,0,5.29,0,0.145,1,16
room_1162,test,1,3.31,0,0.137,1,16
room_1162,test,2,3.287,0,0.209,1,16
room_1162,test,3,4.608,0,0.182,1,16
room_1162,test,4,4.057,0,0.17,1,16
room_1162,test,5,4.314,0,0.144,1,16
room_1162,test,6,4.837,0,0.254,1,16
room_1162,test,7,4.139,0,0.162,1,16
room_1162,test,8,3.695,0,0.251,1,16
room_1162,test,9,4.395,0,0.19,1,16
room_1162,test,10,4.35,0,0.191,1,16
room_1162,test,11,5.271,1,0.095,1,16
room_1162,test,12,4.207,1,0.236,1,16
room_1162,test,13,3.764,0,0.201,1,16
room_1162,test,14,4.368,0,0.257,1,16
room_1162,test,15,4.527,0,0.173,1,16
room_1162,test,16,9.77,1,0.761,1,16
room_1162,test,17,3.854,0,0.112,1,16
room_1163,train,0,4.41,0,0.266,0,-1
room_1163,train,1,4.039,0,0.174,0,-1
room_1163,train,2,3.527,0,0.202,0,-1
room_1163,train,3,3.827,0,0.204,0,-1
room_1163,train,4,3.945,0,0.114,0,-1
room_1163,train,5,4.347,0,0.21,0,-1
room_1163,train,6,3.764,0,0.198,0,-1
room_1163,train,7,4.158,0,0.131,0,-1
room_1164,train,0,3.654,0,0.252,1,3
room_1164,train,1,3.661,0,0.173,1,3
room_1164,train,2,4.361,0,0.304,1,3
room_1164,train,3,10.154,1,0.925,1,3
room_1164,train,4,4.408,0,0.203,1,3
room_1164,train,5,3.541,0,0.161,1,3
room_1164,train,6,3.685,1,0.205,1,3
room_1164,train,7,3.651,1,0.084,1,3
room_1164,train,8,4.226,0,0.19,1,3
room_1164,train,9,3.889,0,0.216,1,3
room_1164,train,10,4.266,0,0.197,1,3
room_1164,train,11,3.687,0,0.108,1,3
room_1164,train,12,3.64,0,0.185,1,3
room_1164,train,13,3.983,0,0.25,1,3
room_1164,train,14,3.703,0,0.242,1,3
room_1164,train,15,3.691,0,0.229,1,3
room_1165,test,0,5.197,0,0.201,1,2
room_1165,test,1,4.09,0,0.235,1,2
room_1165,test,2,9.183,1,0.864,1,2
room_1165,test,3,3.573,0,0.24,1,2
room_1165,test,4,3.941,0,0.205,1,2
room_1165,test,5,4.603,0,0.116,1,2
room_1165,test,6,4.328,0,0.255,1,2
room_1165,test,7,3.624,0,0.248,1,2
room_1165,test,8,4.035,0,0.178,1,2
room_1165,test,9,3.492,0,0.272,1,2
room_1165,test,10,3.52,0,0.199,1,2
room_1165,test,11,4.05,0,0.243,1,2
room_1165,test,12,3.417,0,0.236,1,2
room_1165,test,13,4.123,0,0.109,1,2
room_1165,test,14,4.746,0,0.108,1,2
room_1165,test,15,3.898,0,0.191,1,2
room_1166,train,0,3.789,0,0.246,1,7
room_1166,train,1,4.312,0,0.175,1,7
room_1166,train,2,4.689,0,0.227,1,7
room_1166,train,3,4.429,0,0.199,1,7
room_1166,train,4,4.12,0,0.217,1,7
room_1166,train,5,3.498,0,0.318,1,7
room_1166,train,6,4.15,0,0.25,1,7
room_1166,train,7,10.297,1,0.774,1,7
room_1166,train,8,4.525,0,0.172,1,7
room_1166,train,9,3.479,0,0.174,1,7
room_1166,train,10,4.605,0,0.191,1,7
room_1166,train,11,4.259,0,0.157,1,7
room_1166,train,12,4.302,0,0.212,1,7
room_1166,train,13,3.397,0,0.245,1,7
room_1167,train,0,3.888,0,0.191,0,-1
room_1167,train,1,4.457,0,0.2,0,-1
room_1167,train,2,4.438,0,0.22,0,-1
room_1167,train,3,4.109,0,0.142,0,-1
room_1167,train,4,4.018,0,0.194,0,-1
room_1167,train,5,3.748,0,0.224,0,-1
room_1167,train,6,9.862,0,0.229,0,-1
room_1167,train,7,3.173,0,0.06,0,-1
room_1167,train,8,3.219,0,0.258,0,-1
room_1167,train,9,4.244,0,0.144,0,-1
room_1167,train,10,4.567,0,0.179,0,-1
room_1167,train,11,3.598,0,0.203,0,-1
room_1167,train,12,3.69,0,0.184,0,-1
room_1167,train,13,4.006,0,0.173,0,-1
room_1167,train,14,3.853,0,0.194,0,-1
room_1168,train,0,4.266,0,0.191,1,4
room_1168,train,1,3.585,1,0.234,1,4
room_1168,train,2,3.753,0,0.141,1,4
room_1168,train,3,3.821,0,0.213,1,4
room_1168,train,4,9.414,1,0.913,1,4
room_1168,train,5,3.842,0,0.168,1,4
room_1168,train,6,4.277,0,0.194,1,4
room_1168,train,7,3.253,0,0.197,1,4
room_1168,train,8,4.134,0,0.159,1,4
room_1168,train,9,4.527,0,0.128,1,4
room_1168,train,10,4.087,0,0.226,1,4
room_1168,train,11,3.82,0,0.128,1,4
room_1168,train,12,5.101,0,0.17,1,4
room_1169,train,0,3.783,0,0.263,1,1
room_1169,train,1,9.633,1,0.81,1,1
room_1169,train,2,4.566,1,0.214,1,1
room_1169,train,3,4.16,0,0.27,1,1
room_1169,train,4,3.838,0,0.212,1,1
room_1169,train,5,3.734,0,0.23,1,1
room_1169,train,6,4.242,0,0.184,1,1
room_1169,train,7,3.599,0,0.156,1,1
room_1170,train,0,4.566,0,0.192,1,2
room_1170,train,1,3.195,0,0.217,1,2
room_1170,train,2,9.975,1,0.746,1,2
room_1170,train,3,4.662,0,0.213,1,2
room_1170,train,4,4.145,0,0.2,1,2
room_1170,train,5,4.397,0,0.181,1,2
room_1170,train,6,3.431,0,0.191,1,2
room_1170,train,7,4.068,0,0.252,1,2
room_1170,train,8,4.415,0,0.2,1,2
room_1170,train,9,3.763,0,0.191,1,2
room_1170,train,10,4.08,0,0.199,1,2
room_1170,train,11,3.772,0,0.201,1,2
room_1170,train,12,3.747,0,0.189,1,2
room_1170,train,13,3.784,0,0.199,1,2
room_1170,train,14,4.074,0,0.146,1,2
room_1170,train,15,4.476,0,0.136,1,2
room_1170,train,16,4.207,0,0.264,1,2
room_1170,train,17,4.259,0,0.218,1,2
room_1171,test,0,3.613,0,0.155,0,-1
room_1171,test,1,3.354,0,0.254,0,-1
room_1171,test,2,4.176,0,0.198,0,-1
room_1171,test,3,3.332,0,0.139,0,-1
room_1171,test,4,4.177,1,0.84,0,-1
room_1171,test,5,4.321,0,0.247,0,-1
room_1171,test,6,4.168,0,0.187,0,-1
room_1171,test,7,4.073,0,0.168,0,-1
room_1171,test,8,4.029,0,0.135,0,-1
room_1171,test,9,3.865,0,0.231,0,-1
room_1171,test,10,4.499,0,0.229,0,-1
room_1171,test,11,4.247,0,0.165,0,-1
room_1172,train,0,3.979,0,0.23,1,2
room_1172,train,1,3.466,0,0.159,1,2
room_1172,train,2,9.768,1,0.885,1,2
room_1172,train,3,4.752,0,0.17,1,2
room_1172,train,4,3.891,0,0.134,1,2
room_1172,train,5,4.262,1,0.152,1,2
room_1172,train,6,4.087,0,0.232,1,2
room_1172,train,7,3.182,0,0.247,1,2
room_1173,test,0,4.215,1,0.174,1,4
room_1173,test,1,4.053,0,0.183,1,4
room_1173,test,2,3.9,0,0.252,1,4
room_1173,test,3,3.823,0,0.147,1,4
room_1173,test,4,9.553,1,0.772,1,4
room_1173,test,5,4.274,0,0.254,1,4
room_1173,test,6,3.749,0,0.238,1,4
room_1173,test,7,4.369,0,0.171,1,4
room_1173,test,8,4.017,0,0.289,1,4
room_1173,test,9,4.235,0,0.262,1,4
room_1173,test,10,4.529,1,0.237,1,4
room_1174,train,0,3.772,0,0.199,0,-1
room_1174,train,1,2.73,0,0.163,0,-1
room_1174,train,2,4.145,0,0.209,0,-1
room_1174,train,3,3.429,0,0.194,0,-1
room_1174,train,4,4.322,0,0.197,0,-1
room_1174,train,5,3.794,1,0.734,0,-1
room_1174,train,6,3.822,0,0.261,0,-1
room_1174,train,7,3.645,0,0.22,0,-1
room_1175,train,0,4.639,0,0.219,0,-1
room_1175,train,1,3.996,0,0.181,0,-1
room_1175,train,2,3.752,1,0.197,0,-1
room_1175,train,3,4.048,0,0.165,0,-1
room_1175,train,4,3.228,0,0.161,0,-1
room_1175,train,5,3.031,0,0.157,0,-1
room_1175,train,6,4.148,0,0.181,0,-1
room_1175,train,7,4.587,1,0.126,0,-1
room_1175,train,8,3.481,1,0.26,0,-1
room_1175,train,9,4.767,0,0.152,0,-1
room_1175,train,10,4.889,0,0.212,0,-1
room_1175,train,11,3.751,0,0.152,0,-1
room_1175,train,12,3.001,0,0.285,0,-1
room_1176,train,0,4.186,0,0.284,0,-1
room_1176,train,1,3.252,0,0.224,0,-1
room_1176,train,2,4.076,0,0.201,0,-1
room_1176,train,3,3.957,0,0.147,0,-1
room_1176,train,4,3.925,0,0.168,0,-1
room_1176,train,5,4.169,0,0.177,0,-1
room_1176,train,6,4.299,0,0.143,0,-1
room_1176,train,7,10.757,0,0.201,0,-1
room_1176,train,8,4.154,0,0.207,0,-1
room_1176,train,9,4.375,0,0.172,0,-1
room_1177,train,0,4.417,0,0.246,1,4
room_1177,train,1,3.619,0,0.207,1,4
room_1177,train,2,4.816,0,0.256,1,4
room_1177,train,3,3.975,0,0.165,1,4
room_1177,train,4,9.405,1,0.748,1,4
room_1177,train,5,4.351,0,0.176,1,4
room_1177,train,6,3.268,0,0.154,1,4
room_1177,train,7,5.047,0,0.165,1,4
room_1177,train,8,3.477,0,0.192,1,4
room_1177,train,9,4.106,0,0.234,1,4
room_1177,train,10,3.74,0,0.179,1,4
room_1177,train,11,3.948,1,0.165,1,4
room_1177,train,12,4.33,0,0.088,1,4
room_1177,train,13,4.273,0,0.171,1,4
room_1177,train,14,4.502,0,0.156,1,4
room_1178,train,0,4.217,0,0.17,1,8
room_1178,train,1,3.399,0,0.107,1,8
room_1178,train,2,4.051,0,0.147,1,8
room_1178,train,3,3.874,0,0.162,1,8
room_1178,train,4,4.528,0,0.235,1,8
room_1178,train,5,3.387,0,0.196,1,8
room_1178,train,6,3.705,0,0.166,1,8
room_1178,train,7,3.027,0,0.238,1,8
room_1178,train,8,9.773,1,0.811,1,8
room_1178,train,9,3.298,0,0.213,1,8
room_1178,train,10,3.59,0,0.194,1,8
room_1178,train,11,4.546,0,0.264,1,8
room_1178,train,12,2.932,0,0.24,1,8
room_1179,train,0,4.594,0,0.207,0,-1
room_1179,train,1,4.254,0,0.283,0,-1
room_1179,train,2,3.559,0,0.205,0,-1
room_1179,train,3,4.237,0,0.229,0,-1
room_1179,train,4,3.784,0,0.252,0,-1
room_1179,train,5,4.084,0,0.141,0,-1
room_1179,train,6,4.437,0,0.181,0,-1
room_1179,train,7,4.186,0,0.159,0,-1
room_1179,train,8,10.224,0,0.251,0,-1
room_1179,train,9,3.559,0,0.23,0,-1
room_1179,train,10,3.858,0,0.148,0,-1
room_1179,train,11,4.203,0,0.182,0,-1
room_1179,train,12,3.918,1,0.208,0,-1
room_1179,train,13,4.125,0,0.134,0,-1
room_1179,train,14,4.776,0,0.116,0,-1
room_1180,train,0,3.462,0,0.212,0,-1
room_1180,train,1,4.717,1,0.204,0,-1
room_1180,train,2,3.881,0,0.203,0,-1
room_1180,train,3,3.244,0,0.311,0,-1
room_1180,train,4,4.194,0,0.235,0,-1
room_1180,train,5,4.553,0,0.213,0,-1
room_1180,train,6,4.048,0,0.191,0,-1
room_1180,train,7,4.071,0,0.257,0,-1
room_1180,train,8,3.451,0,0.242,0,-1
room_1180,train,9,3.873,0,0.198,0,-1
room_1180,train,10,4.589,0,0.171,0,-1
room_1180,train,11,4.268,1,0.754,0,-1
room_1180,train,12,4.785,1,0.153,0,-1
room_1180,train,13,3.97,1,0.289,0,-1
room_1180,train,14,3.727,0,0.117,0,-1
room_1180,train,15,4.118,0,0.169,0,-1
room_1181,test,0,4.113,0,0.158,1,10
room_1181,test,1,3.941,0,0.205,1,10
room_1181,test,2,4.413,0,0.244,1,10
room_1181,test,3,4.208,0,0.196,1,10
room_1181,test,4,3.981,0,0.192,1,10
room_1181,test,5,3.419,0,0.193,1,10
room_1181,test,6,4.181,0,0.233,1,10
room_1181,test,7,3.886,0,0.184,1,10
room_1181,test,8,4.431,0,0.17,1,10
room_1181,test,9,4.777,0,0.224,1,10
room_1181,test,10,10.654,1,0.827,1,10
room_1181,test,11,4.579,0,0.18,1,10
room_1182,train,0,4.216,0,0.277,0,-1
room_1182,train,1,4.422,0,0.196,0,-1
room_1182,train,2,3.722,0,0.178,0,-1
room_1182,train,3,4.617,0,0.161,0,-1
room_1182,train,4,9.041,0,0.21,0,-1
room_1182,train,5,4.724,1,0.11,0,-1
room_1182,train,6,4.4,0,0.197,0,-1
room_1182,train,7,3.699,0,0.235,0,-1
room_1182,train,8,3.705,0,0.278,0,-1
room_1182,train,9,3.796,0,0.156,0,-1
room_1182,train,10,4.225,0,0.183,0,-1
room_1182,train,11,3.11,0,0.252,0,-1
room_1182,train,12,4.797,0,0.22,0,-1
room_1182,train,13,5.087,0,0.25,0,-1
room_1183,train,0,4.388,0,0.24,0,-1
room_1183,train,1,4.052,0,0.262,0,-1
room_1183,train,2,3.848,0,0.17,0,-1
room_1183,train,3,3.486,0,0.258,0,-1
room_1183,train,4,4.146,0,0.076,0,-1
room_1183,train,5,3.619,0,0.14,0,-1
room_1183,train,6,4.288,0,0.242,0,-1
room_1183,train,7,3.431,0,0.252,0,-1
room_1183,train,8,3.726,1,0.787,0,-1
room_1183,train,9,3.464,0,0.207,0,-1
room_1184,train,0,4.864,0,0.145,0,-1
room_1184,train,1,4.306,0,0.202,0,-1
room_1184,train,2,4.131,0,0.189,0,-1
room_1184,train,3,3.629,0,0.185,0,-1
room_1184,train,4,4.12,0,0.216,0,-1
room_1184,train,5,3.945,0,0.113,0,-1
room_1184,train,6,3.649,0,0.212,0,-1
room_1184,train,7,3.909,0,0.19,0,-1
room_1184,train,8,4.991,0,0.212,0,-1
room_1184,train,9,3.773,0,0.147,0,-1
room_1184,train,10,3.847,0,0.243,0,-1
room_1184,train,11,4.325,0,0.206,0,-1
room_1184,train,12,4.293,0,0.172,0,-1
room_1184,train,13,3.777,0,0.229,0,-1
room_1184,train,14,3.933,0,0.13,0,-1
room_1184,train,15,3.418,0,0.168,0,-1
room_1184,train,16,4.53,0,0.145,0,-1
room_1185,train,0,3.515,0,0.174,0,-1
room_1185,train,1,3.736,0,0.144,0,-1
room_1185,train,2,3.576,0,0.181,0,-1
room_1185,train,3,4.167,0,0.224,0,-1
room_1185,train,4,4.111,0,0.156,0,-1
room_1185,train,5,4.113,0,0.213,0,-1
room_1185,train,6,3.835,0,0.208,0,-1
room_1185,train,7,3.38,0,0.156,0,-1
room_1185,train,8,4.116,0,0.172,0,-1
room_1185,train,9,3.961,0,0.192,0,-1
room_1185,train,10,9.737,0,0.162,0,-1
room_1185,train,11,3.978,0,0.173,0,-1
room_1185,train,12,4.093,0,0.223,0,-1
room_1185,train,13,3.398,0,0.21,0,-1
room_1185,train,14,4.111,0,0.257,0,-1
room_1186,train,0,3.184,0,0.1,1,10
room_1186,train,1,4.171,0,0.18,1,10
room_1186,train,2,4.101,0,0.164,1,10
room_1186,train,3,3.586,0,0.179,1,10
room_1186,train,4,4.321,0,0.143,1,10
room_1186,train,5,4.307,0,0.277,1,10
room_1186,train,6,3.896,1,0.117,1,10
room_1186,train,7,3.055,0,0.254,1,10
room_1186,train,8,4.135,0,0.21,1,10
room_1186,train,9,3.279,0,0.136,1,10
room_1186,train,10,10.786,1,0.866,1,10
room_1186,train,11,4.478,0,0.245,1,10
room_1186,train,12,3.377,0,0.2,1,10
room_1186,train,13,3.925,0,0.18,1,10
room_1186,train,14,4.316,0,0.189,1,10
room_1186,train,15,3.315,0,0.15,1,10
room_1187,train,0,4.46,1,0.172,0,-1
room_1187,train,1,4.157,0,0.182,0,-1
room_1187,train,2,3.91,0,0.186,0,-1
room_1187,train,3,3.517,0,0.246,0,-1
room_1187,train,4,4.145,0,0.158,0,-1
room_1187,train,5,4.098,0,0.24,0,-1
room_1187,train,6,5.374,0,0.133,0,-1
room_1187,train,7,4.417,0,0.242,0,-1
room_1187,train,8,3.674,0,0.239,0,-1
room_1187,train,9,3.93,0,0.077,0,-1
room_1187,train,10,3.155,0,0.205,0,-1
room_1187,train,11,3.661,1,0.157,0,-1
room_1187,train,12,3.549,0,0.183,0,-1
room_1187,train,13,3.643,0,0.264,0,-1
room_1187,train,14,4.308,0,0.13,0,-1
room_1188,train,0,4.01,0,0.151,0,-1
room_1188,train,1,3.828,0,0.184,0,-1
room_1188,train,2,10.661,0,0.232,0,-1
room_1188,train,3,3.641,1,0.229,0,-1
room_1188,train,4,3.125,0,0.245,0,-1
room_1188,train,5,4.169,0,0.259,0,-1
room_1188,train,6,4.579,0,0.163,0,-1
room_1188,train,7,3.714,0,0.253,0,-1
room_1188,train,8,3.957,0,0.206,0,-1
room_1188,train,9,3.652,0,0.251,0,-1
room_1188,train,10,4.782,0,0.187,0,-1
room_1188,train,11,3.792,0,0.205,0,-1
room_1188,train,12,4.636,0,0.216,0,-1
room_1189,train,0,4.051,0,0.118,1,3
room_1189,train,1,4.341,0,0.126,1,3
room_1189,train,2,4.256,0,0.242,1,3
room_1189,train,3,10.046,1,0.874,1,3
room_1189,train,4,3.558,0,0.223,1,3
room_1189,train,5,3.725,0,0.087,1,3
room_1189,train,6,4.03,0,0.225,1,3
room_1189,train,7,3.385,1,0.143,1,3
room_1189,train,8,3.981,0,0.315,1,3
room_1189,train,9,3.08,0,0.165,1,3
room_1189,train,10,3.375,0,0.248,1,3
room_1189,train,11,3.783,0,0.163,1,3
room_1190,test,0,4.135,0,0.195,0,-1
room_1190,test,1,3.679,0,0.224,0,-1
room_1190,test,2,4.889,0,0.234,0,-1
room_1190,test,3,3.554,0,0.24,0,-1
room_1190,test,4,4.277,0,0.183,0,-1
room_1190,test,5,3.841,0,0.194,0,-1
room_1190,test,6,4.14,0,0.222,0,-1
room_1190,test,7,3.352,0,0.196,0,-1
room_1190,test,8,5.137,0,0.249,0,-1
room_1190,test,9,3.065,0,0.192,0,-1
room_1191,train,0,4.861,0,0.152,0,-1
room_1191,train,1,9.375,0,0.174,0,-1
room_1191,train,2,3.415,0,0.179,0,-1
room_1191,train,3,3.624,0,0.227,0,-1
room_1191,train,4,3.785,0,0.259,0,-1
room_1191,train,5,4.227,0,0.18,0,-1
room_1191,train,6,4.556,0,0.164,0,-1
room_1191,train,7,4.339,1,0.179,0,-1
room_1191,train,8,4.476,0,0.203,0,-1
room_1191,train,9,4.183,0,0.185,0,-1
room_1191,train,10,4.889,0,0.277,0,-1
room_1192,train,0,4.29,0,0.239,0,-1
room_1192,train,1,3.229,0,0.163,0,-1
room_1192,train,2,4.197,0,0.187,0,-1
room_1192,train,3,3.888,1,0.904,0,-1
room_1192,train,4,3.531,0,0.223,0,-1
room_1192,train,5,3.652,0,0.204,0,-1
room_1192,train,6,4.082,0,0.265,0,-1
room_1192,train,7,3.645,0,0.179,0,-1
room_1192,train,8,4.223,0,0.249,0,-1
room_1192,train,9,4.027,0,0.172,0,-1
room_1193,test,0,3.953,0,0.15,1,2
room_1193,test,1,3.943,0,0.283,1,2
room_1193,test,2,9.714,1,0.745,1,2
room_1193,test,3,4.804,1,0.239,1,2
room_1193,test,4,4.455,1,0.256,1,2
room_1193,test,5,4.05,0,0.281,1,2
room_1193,test,6,3.941,1,0.207,1,2
room_1193,test,7,4.031,0,0.241,1,2
room_1193,test,8,4.497,0,0.198,1,2
room_1193,test,9,5.107,0,0.215,1,2
room_1194,train,0,4.613,0,0.151,0,-1
room_1194,train,1,3.962,0,0.258,0,-1
room_1194,train,2,9.397,0,0.173,0,-1
room_1194,train,3,3.2,0,0.218,0,-1
room_1194,train,4,3.922,0,0.157,0,-1
room_1194,train,5,4.567,0,0.169,0,-1
room_1194,train,6,3.408,0,0.146,0,-1
room_1194,train,7,4.26,0,0.172,0,-1
room_1194,train,8,4.042,0,0.135,0,-1
room_1194,train,9,4.987,0,0.114,0,-1
room_1194,train,10,4.093,0,0.251,0,-1
room_1194,train,11,3.14,0,0.114,0,-1
room_1194,train,12,3.89,0,0.21,0,-1
room_1195,test,0,4.349,0,0.143,0,-1
room_1195,test,1,3.589,1,0.253,0,-1
room_1195,test,2,4.049,0,0.246,0,-1
room_1195,test,3,3.467,0,0.176,0,-1
room_1195,test,4,3.811,0,0.225,0,-1
room_1195,test,5,4.348,0,0.228,0,-1
room_1195,test,6,3.729,0,0.171,0,-1
room_1195,test,7,4.251,1,0.776,0,-1
room_1195,test,8,4.354,0,0.264,0,-1
room_1195,test,9,4.342,0,0.209,0,-1
room_1196,test,0,4.382,0,0.193,0,-1
room_1196,test,1,2.802,0,0.147,0,-1
room_1196,test,2,4.518,0,0.165,0,-1
room_1196,test,3,3.786,0,0.095,0,-1
room_1196,test,4,3.284,0,0.16,0,-1
room_1196,test,5,4.004,0,0.227,0,-1
room_1196,test,6,4.071,1,0.197,0,-1
room_1196,test,7,3.858,0,0.278,0,-1
room_1196,test,8,4.376,0,0.229,0,-1
room_1196,test,9,3.983,0,0.097,0,-1
room_1196,test,10,3.788,0,0.274,0,-1
room_1196,test,11,5.082,0,0.208,0,-1
room_1196,test,12,3.722,0,0.131,0,-1
room_1196,test,13,4.091,0,0.297,0,-1
room_1196,test,14,3.639,0,0.23,0,-1
room_1196,test,15,4.218,0,0.264,0,-1
room_1197,train,0,3.262,0,0.227,0,-1
room_1197,train,1,10.569,0,0.234,0,-1
room_1197,train,2,3.666,0,0.217,0,-1
room_1197,train,3,4.189,0,0.228,0,-1
room_1197,train,4,3.851,0,0.214,0,-1
room_1197,train,5,5.289,0,0.198,0,-1
room_1197,train,6,3.491,0,0.207,0,-1
room_1197,train,7,4.12,0,0.132,0,-1
room_1197,train,8,4.22,0,0.114,0,-1
room_1197,train,9,4.291,0,0.136,0,-1
room_1197,train,10,3.425,0,0.237,0,-1
room_1198,test,0,3.465,1,0.206,1,4
room_1198,test,1,4.004,0,0.114,1,4
room_1198,test,2,3.394,0,0.123,1,4
room_1198,test,3,3.612,0,0.172,1,4
room_1198,test,4,10.66,1,0.901,1,4
room_1198,test,5,4.518,0,0.224,1,4
room_1198,test,6,4.098,0,0.224,1,4
room_1198,test,7,3.863,0,0.069,1,4
room_1199,train,0,4.05,1,0.175,0,-1
room_1199,train,1,4.44,0,0.273,0,-1
room_1199,train,2,4.212,0,0.222,0,-1
room_1199,train,3,3.595,0,0.159,0,-1
room_1199,train,4,4.056,1,0.229,0,-1
room_1199,train,5,3.772,0,0.18,0,-1
room_1199,train,6,3.259,0,0.162,0,-1
room_1199,train,7,3.442,0,0.206,0,-1
