check_id,pump_age_months,operating_load_pct,motor_temperature_c,vibration_mm_s,starts_24h,days_since_service,fault_within_7_days
PUMP-00001,27,42.0,47.9,1.69,11,44.7,0
PUMP-00002,109,43.6,59.5,2.97,20,58.9,0
PUMP-00003,112,68.3,55.4,4.34,21,107.4,0
PUMP-00004,137,67.4,58.2,8.23,23,109.5,0
PUMP-00005,136,67.4,57.8,2.7,22,95.5,0
PUMP-00006,91,79.6,62.5,6.15,25,104.0,0
PUMP-00007,53,37.5,55.8,2.16,20,130.9,0
PUMP-00008,60,79.3,60.8,3.16,21,74.3,0
PUMP-00009,143,55.9,53.5,3.77,24,198.2,1
PUMP-00010,144,68.3,69.7,3.34,21,41.3,0
PUMP-00011,91,76.1,54.4,3.3,36,101.8,0
PUMP-00012,114,68.8,62.6,2.38,22,106.6,0
PUMP-00013,106,54.2,54.5,2.69,18,56.4,0
PUMP-00014,113,45.4,63.9,2.05,13,118.6,1
PUMP-00015,124,42.8,54.9,3.24,22,15.9,0
PUMP-00016,91,66.0,67.0,5.74,15,110.2,0
PUMP-00017,28,48.5,56.7,2.11,18,17.0,0
PUMP-00018,86,88.1,66.6,2.58,31,67.5,0
PUMP-00019,21,56.2,54.0,3.3,16,88.3,0
PUMP-00020,37,69.8,57.9,2.07,18,37.8,0
PUMP-00021,24,83.1,54.9,3.23,31,238.5,0
PUMP-00022,54,66.6,54.8,3.47,17,64.6,0
PUMP-00023,12,99.2,61.8,5.04,31,27.8,0
PUMP-00024,109,48.7,61.3,3.89,18,41.8,0
PUMP-00025,88,71.0,56.6,3.49,14,319.2,0
PUMP-00026,50,27.4,59.3,4.04,13,39.4,0
PUMP-00027,27,62.7,58.1,3.82,15,7.8,0
PUMP-00028,8,52.3,52.8,1.13,25,36.1,0
PUMP-00029,16,63.4,51.7,2.95,19,62.9,0
PUMP-00030,99,76.3,64.2,4.08,17,36.6,0
PUMP-00031,80,64.5,56.2,1.78,24,44.9,0
PUMP-00032,39,68.8,58.5,2.74,25,25.2,0
PUMP-00033,93,53.9,58.7,3.16,14,55.5,0
PUMP-00034,89,55.6,65.7,2.28,16,40.0,0
PUMP-00035,100,37.9,54.7,3.64,14,73.9,0
PUMP-00036,59,52.6,53.7,3.25,22,21.5,0
PUMP-00037,97,61.1,52.0,2.42,29,35.9,0
PUMP-00038,46,77.2,53.4,1.53,27,118.1,0
PUMP-00039,28,69.9,58.9,2.34,26,115.2,0
PUMP-00040,6,15.0,44.1,1.59,13,32.8,0
PUMP-00041,115,69.2,61.8,4.66,25,30.3,0
PUMP-00042,32,45.4,45.9,0.99,21,80.5,0
PUMP-00043,81,73.9,65.0,3.0,25,59.6,0
PUMP-00044,65,46.5,51.4,1.83,17,54.3,0
PUMP-00045,112,68.4,60.7,4.79,24,14.6,0
PUMP-00046,119,31.0,54.8,3.73,21,175.6,0
PUMP-00047,52,66.9,52.9,3.28,21,73.3,0
PUMP-00048,30,79.1,61.3,1.9,18,52.0,0
PUMP-00049,44,100.0,63.5,2.37,31,56.9,0
PUMP-00050,90,58.7,60.6,6.0,22,66.5,0
PUMP-00051,51,85.5,61.4,3.1,25,105.8,1
PUMP-00052,63,35.0,56.8,1.54,21,22.4,0
PUMP-00053,114,74.8,62.4,2.83,33,83.4,0
PUMP-00054,115,84.3,62.1,3.42,22,36.4,0
PUMP-00055,51,78.1,62.6,2.59,21,38.8,0
PUMP-00056,6,47.7,61.4,4.42,12,28.8,0
PUMP-00057,75,73.6,55.6,3.35,16,28.2,0
PUMP-00058,46,53.7,53.1,2.06,15,85.5,0
PUMP-00059,15,61.0,60.9,2.6,23,60.6,0
PUMP-00060,105,78.1,59.9,2.87,21,87.0,0
PUMP-00061,82,80.2,57.0,4.47,28,102.3,1
PUMP-00062,67,93.1,61.9,3.11,24,80.3,0
PUMP-00063,123,58.8,56.2,1.73,19,150.7,0
PUMP-00064,35,89.5,59.7,4.25,15,68.3,1
PUMP-00065,87,58.5,65.5,2.52,19,164.1,0
PUMP-00066,58,30.3,53.9,2.83,12,101.9,0
PUMP-00067,126,40.9,57.5,3.54,14,108.9,0
PUMP-00068,126,75.2,60.8,3.41,22,83.5,0
PUMP-00069,17,65.3,61.1,5.13,16,53.9,0
PUMP-00070,68,82.9,58.0,3.94,14,72.7,0
PUMP-00071,123,42.4,58.2,2.19,25,16.5,0
PUMP-00072,130,73.4,67.2,2.19,27,86.1,0
PUMP-00073,133,69.8,60.8,2.55,25,34.5,0
PUMP-00074,23,35.4,53.9,3.46,20,102.9,0
PUMP-00075,65,22.8,47.1,3.83,10,32.2,0
PUMP-00076,59,89.2,62.3,4.55,21,135.6,1
PUMP-00077,105,76.7,64.2,4.63,19,111.5,0
PUMP-00078,93,73.2,50.0,4.95,16,31.1,0
PUMP-00079,133,61.8,61.3,4.39,21,30.1,0
PUMP-00080,141,52.2,52.6,4.31,17,69.5,0
PUMP-00081,79,63.5,55.2,2.7,20,90.8,0
PUMP-00082,46,70.2,60.4,3.07,19,40.7,0
PUMP-00083,44,78.9,66.4,3.15,27,18.4,0
PUMP-00084,11,45.5,52.3,3.6,9,144.0,1
PUMP-00085,114,59.7,55.4,4.06,16,30.8,0
PUMP-00086,131,69.1,57.8,3.47,16,96.7,0
PUMP-00087,90,51.4,57.2,1.98,9,54.1,0
PUMP-00088,90,51.1,52.4,6.23,22,47.4,0
PUMP-00089,64,68.3,64.0,3.69,22,50.3,0
PUMP-00090,90,85.7,60.8,4.91,25,90.4,0
PUMP-00091,95,26.3,45.6,2.57,15,34.6,0
PUMP-00092,66,43.6,51.9,4.56,8,82.5,0
PUMP-00093,44,46.0,51.5,4.04,13,100.7,0
PUMP-00094,37,29.9,48.9,5.28,22,54.6,0
PUMP-00095,144,40.0,58.1,2.94,10,107.8,0
PUMP-00096,23,50.9,53.7,1.37,23,118.4,0
PUMP-00097,130,31.4,52.7,2.16,15,224.3,0
PUMP-00098,47,67.0,52.6,5.17,16,57.6,0
PUMP-00099,121,58.8,68.9,3.07,21,89.4,0
PUMP-00100,41,53.8,51.8,3.08,22,95.9,0
PUMP-00101,82,63.0,54.7,4.56,15,128.1,0
PUMP-00102,87,58.7,63.4,2.29,21,11.9,0
PUMP-00103,34,48.1,52.0,7.15,27,232.1,0
PUMP-00104,98,47.0,58.0,1.83,23,90.0,0
PUMP-00105,123,42.9,57.5,3.69,20,119.4,0
PUMP-00106,123,84.2,51.4,3.3,12,108.0,1
PUMP-00107,68,69.2,58.9,3.84,25,21.7,0
PUMP-00108,15,71.1,60.8,3.51,25,125.7,0
PUMP-00109,55,45.4,55.6,2.27,18,55.6,0
PUMP-00110,64,77.4,67.2,2.5,22,46.1,0
PUMP-00111,12,68.5,58.5,2.61,16,84.5,0
PUMP-00112,140,78.5,64.1,5.51,18,74.9,1
PUMP-00113,48,41.1,53.3,4.51,20,85.7,0
PUMP-00114,97,79.8,68.2,3.6,11,52.1,0
PUMP-00115,105,72.6,59.6,3.99,24,89.8,0
PUMP-00116,137,89.0,61.1,4.5,22,31.7,0
PUMP-00117,62,56.0,50.9,1.58,18,173.4,0
PUMP-00118,27,72.7,56.9,1.49,14,52.5,0
PUMP-00119,140,69.0,62.5,5.86,15,335.8,0
PUMP-00120,83,74.5,64.9,2.8,17,71.7,0
PUMP-00121,9,74.3,57.6,3.18,22,21.1,0
PUMP-00122,48,58.0,55.8,2.89,20,88.6,0
PUMP-00123,27,40.5,57.3,6.15,15,41.9,0
PUMP-00124,108,52.4,55.9,6.54,18,241.1,0
PUMP-00125,77,47.3,59.8,2.58,20,151.8,0
PUMP-00126,134,50.4,55.3,7.9,16,13.0,0
PUMP-00127,120,60.2,59.7,2.09,14,149.2,0
PUMP-00128,100,70.1,53.9,4.69,23,157.5,0
PUMP-00129,22,86.6,64.3,2.65,20,100.1,0
PUMP-00130,124,57.4,59.9,5.7,22,120.3,0
PUMP-00131,6,88.4,67.8,4.04,18,102.4,0
PUMP-00132,22,71.5,61.1,2.0,16,72.2,0
PUMP-00133,89,58.8,56.1,1.62,27,126.6,0
PUMP-00134,13,68.4,56.3,3.14,20,26.8,0
PUMP-00135,144,71.7,60.1,2.48,22,38.5,0
PUMP-00136,23,41.6,52.0,2.75,25,77.0,0
PUMP-00137,25,52.8,58.3,1.78,22,81.7,0
PUMP-00138,105,56.8,56.9,3.39,24,57.6,0
PUMP-00139,129,68.2,56.6,2.71,24,30.1,0
PUMP-00140,53,69.0,56.8,1.36,23,126.3,0
PUMP-00141,56,52.9,55.2,3.71,23,145.1,0
PUMP-00142,109,60.4,50.3,3.97,13,111.3,0
PUMP-00143,22,92.2,58.5,6.8,29,56.9,1
PUMP-00144,105,61.2,55.2,6.11,18,28.8,1
PUMP-00145,17,27.0,46.8,6.62,16,73.7,0
PUMP-00146,32,49.6,60.6,1.36,18,24.4,0
PUMP-00147,31,59.1,48.1,1.49,19,20.9,0
PUMP-00148,108,61.4,53.3,3.68,17,81.6,0
PUMP-00149,113,73.3,64.4,2.19,27,85.6,0
PUMP-00150,133,75.1,60.5,4.55,16,34.0,0
PUMP-00151,58,66.3,57.6,2.81,18,87.1,0
PUMP-00152,22,66.0,56.4,4.68,18,47.9,0
PUMP-00153,5,48.5,48.6,1.34,22,97.3,0
PUMP-00154,21,34.3,60.5,2.71,9,67.1,0
PUMP-00155,98,64.9,59.1,4.11,17,62.2,0
PUMP-00156,123,19.1,53.5,2.13,15,97.3,0
PUMP-00157,42,55.9,52.3,2.68,26,59.0,0
PUMP-00158,5,59.4,53.4,3.6,24,55.2,0
PUMP-00159,56,88.0,64.8,3.04,16,94.3,0
PUMP-00160,64,86.7,61.0,2.37,22,63.9,0
PUMP-00161,124,71.7,58.4,8.71,14,127.6,1
PUMP-00162,57,95.5,64.4,3.07,27,270.1,0
PUMP-00163,104,48.0,57.4,2.29,17,54.9,0
PUMP-00164,61,58.4,58.9,1.77,20,100.3,0
PUMP-00165,54,59.1,58.0,3.48,19,64.3,0
PUMP-00166,38,68.2,60.7,3.64,21,187.6,0
PUMP-00167,139,65.4,64.7,4.15,19,58.4,0
PUMP-00168,82,65.0,52.5,4.43,18,63.4,0
PUMP-00169,130,76.3,67.4,3.47,28,48.4,0
PUMP-00170,51,17.9,47.9,5.17,16,191.8,1
PUMP-00171,42,24.9,54.2,2.32,22,161.9,0
PUMP-00172,140,71.3,56.8,7.14,20,251.9,0
PUMP-00173,67,50.5,61.5,5.56,16,81.0,0
PUMP-00174,116,84.7,60.8,4.34,24,246.7,0
PUMP-00175,12,48.4,50.7,5.76,12,114.5,0
PUMP-00176,68,83.9,58.3,2.58,21,42.9,1
PUMP-00177,110,43.8,56.5,3.57,21,112.6,0
PUMP-00178,19,67.2,58.0,2.92,18,190.1,0
PUMP-00179,57,57.9,56.1,3.04,24,79.8,0
PUMP-00180,79,78.5,58.8,2.17,24,133.5,0
PUMP-00181,76,73.8,67.4,2.22,18,35.9,0
PUMP-00182,81,29.1,48.9,2.68,17,191.4,0
PUMP-00183,113,45.9,49.1,3.07,20,95.6,0
PUMP-00184,76,70.1,56.2,1.67,20,101.7,0
PUMP-00185,9,30.8,48.1,2.97,18,49.8,0
PUMP-00186,23,64.9,50.8,1.72,21,43.2,0
PUMP-00187,57,71.7,62.3,5.86,16,48.6,0
PUMP-00188,104,68.0,59.5,3.21,20,153.3,0
PUMP-00189,88,53.3,54.5,4.19,23,46.7,0
PUMP-00190,79,40.7,57.8,5.26,13,78.2,0
PUMP-00191,73,79.5,59.4,4.38,23,93.7,0
PUMP-00192,45,29.7,44.5,1.91,18,86.9,0
PUMP-00193,131,47.8,52.2,3.5,16,119.8,0
PUMP-00194,94,67.7,56.4,3.08,17,105.9,0
PUMP-00195,31,62.1,59.4,1.72,24,84.1,1
PUMP-00196,112,66.2,56.7,2.67,17,21.1,0
PUMP-00197,61,69.0,52.3,2.87,19,127.3,0
PUMP-00198,112,55.6,55.3,4.59,19,21.6,0
PUMP-00199,86,74.9,59.9,2.81,16,131.8,0
PUMP-00200,27,79.6,53.3,5.73,21,11.7,1
PUMP-00201,137,44.6,56.9,5.9,21,42.3,0
PUMP-00202,100,63.7,61.5,2.48,19,80.3,0
PUMP-00203,113,49.1,53.5,7.83,25,88.4,0
PUMP-00204,77,50.9,65.8,3.33,19,129.3,0
PUMP-00205,12,34.0,46.2,1.0,18,43.8,0
PUMP-00206,8,60.7,65.0,2.79,21,69.9,0
PUMP-00207,51,83.1,66.5,2.17,21,262.9,0
PUMP-00208,74,58.5,55.7,4.33,27,15.4,0
PUMP-00209,6,55.1,58.5,1.07,18,45.5,0
PUMP-00210,23,73.6,58.7,2.14,21,11.4,0
PUMP-00211,39,64.3,55.6,2.66,21,63.8,0
PUMP-00212,25,37.8,53.5,1.81,17,88.7,0
PUMP-00213,3,57.5,57.4,0.89,24,7.2,0
PUMP-00214,24,50.0,55.8,2.43,18,127.9,0
PUMP-00215,85,100.0,62.4,2.92,25,208.8,0
PUMP-00216,8,93.3,64.3,2.54,23,19.4,0
PUMP-00217,33,36.1,52.0,1.97,17,159.8,0
PUMP-00218,68,64.0,55.7,1.88,14,83.3,0
PUMP-00219,5,65.1,56.3,3.02,20,19.8,0
PUMP-00220,49,54.0,52.9,3.12,18,118.6,0
PUMP-00221,69,69.0,63.6,2.19,19,49.6,0
PUMP-00222,100,56.3,52.4,3.0,20,108.3,0
PUMP-00223,68,86.6,53.4,3.86,25,80.3,0
PUMP-00224,68,43.9,53.2,3.78,16,58.1,0
PUMP-00225,94,31.6,54.2,5.55,20,190.0,0
PUMP-00226,132,57.3,67.6,4.87,24,85.8,1
PUMP-00227,102,63.9,65.4,3.17,15,77.7,0
PUMP-00228,120,36.1,59.4,2.72,12,20.2,0
PUMP-00229,50,20.0,48.5,1.47,10,20.8,0
PUMP-00230,107,66.6,54.5,4.08,17,109.2,0
PUMP-00231,67,66.8,59.0,1.65,24,45.1,0
PUMP-00232,37,50.0,54.5,3.92,20,150.4,0
PUMP-00233,132,27.2,50.0,2.05,14,74.8,1
PUMP-00234,68,71.4,66.6,2.59,12,22.1,0
PUMP-00235,25,76.8,61.7,7.3,15,229.2,0
PUMP-00236,113,52.5,52.0,1.68,17,102.4,0
PUMP-00237,30,43.9,57.7,1.57,18,155.7,0
PUMP-00238,72,50.9,44.2,3.77,25,117.9,0
PUMP-00239,117,68.6,67.2,6.77,12,41.2,1
PUMP-00240,60,81.1,57.2,2.41,22,141.4,0
PUMP-00241,4,74.8,60.4,2.1,23,136.1,0
PUMP-00242,17,43.3,51.4,5.37,11,73.9,1
PUMP-00243,19,68.7,55.6,1.42,11,50.0,0
PUMP-00244,104,47.0,58.1,4.49,14,42.5,0
PUMP-00245,27,75.8,56.9,4.15,24,27.0,0
PUMP-00246,37,50.9,53.4,2.07,21,74.7,0
PUMP-00247,60,44.8,56.9,2.06,21,115.4,0
PUMP-00248,134,70.4,53.5,7.38,21,72.4,0
PUMP-00249,73,58.1,53.4,3.14,21,316.3,0
PUMP-00250,129,73.4,58.7,2.8,25,233.6,0
PUMP-00251,132,56.3,56.8,2.44,15,34.4,0
PUMP-00252,28,61.5,54.1,5.0,17,43.6,0
PUMP-00253,47,42.7,53.6,5.46,16,14.5,0
PUMP-00254,127,38.6,45.1,10.74,16,38.1,0
PUMP-00255,51,89.2,57.6,2.14,26,26.7,0
PUMP-00256,9,81.9,57.9,3.96,24,145.1,0
PUMP-00257,17,57.1,57.2,3.55,26,49.6,0
PUMP-00258,59,32.1,54.8,1.56,15,77.5,0
PUMP-00259,131,48.0,54.3,5.37,13,53.0,0
PUMP-00260,143,70.8,65.9,2.38,18,80.8,0
PUMP-00261,21,64.3,64.7,6.21,15,116.3,1
PUMP-00262,119,24.7,57.9,2.14,13,268.4,0
PUMP-00263,111,74.4,54.3,3.13,23,38.6,0
PUMP-00264,26,65.1,53.9,4.96,22,43.3,0
PUMP-00265,99,58.7,56.9,3.34,19,47.8,0
PUMP-00266,25,40.4,53.5,1.34,17,103.3,0
PUMP-00267,120,59.1,55.2,3.68,16,160.7,0
PUMP-00268,34,55.4,55.3,3.79,14,104.0,0
PUMP-00269,29,81.0,56.9,4.5,20,100.2,0
PUMP-00270,132,72.1,63.2,3.68,20,168.1,0
PUMP-00271,112,59.8,59.9,3.61,25,59.5,1
PUMP-00272,23,69.3,54.9,2.79,13,111.5,0
PUMP-00273,110,40.2,51.5,5.43,23,12.0,0
PUMP-00274,138,70.2,63.8,3.34,22,70.8,0
PUMP-00275,61,57.7,65.6,3.9,16,36.9,0
PUMP-00276,103,98.4,57.1,3.59,16,83.1,0
PUMP-00277,57,88.0,67.6,4.03,24,57.9,0
PUMP-00278,121,87.2,58.3,2.83,25,117.7,0
PUMP-00279,89,68.4,50.1,3.13,23,50.7,0
PUMP-00280,100,35.3,56.1,3.8,15,48.8,0
PUMP-00281,142,74.8,60.8,6.45,21,65.3,0
PUMP-00282,89,51.8,63.5,2.99,20,61.2,0
PUMP-00283,136,82.1,71.1,3.92,22,22.8,1
PUMP-00284,70,83.0,65.1,4.96,24,115.0,1
PUMP-00285,71,46.3,57.4,1.44,17,85.3,0
PUMP-00286,32,46.3,60.5,2.31,21,106.1,0
PUMP-00287,92,47.9,59.8,2.23,20,185.4,1
PUMP-00288,30,74.5,52.8,3.6,28,109.4,0
PUMP-00289,21,55.8,64.3,2.26,16,63.5,0
PUMP-00290,72,62.4,56.4,2.27,27,38.2,0
PUMP-00291,99,55.1,59.3,3.79,21,196.3,0
PUMP-00292,46,32.1,49.9,1.53,20,43.2,0
PUMP-00293,132,58.1,60.7,4.41,23,101.4,0
PUMP-00294,38,60.1,53.3,4.14,21,40.0,0
PUMP-00295,12,91.0,57.2,4.7,25,22.5,0
PUMP-00296,103,43.9,53.2,2.24,18,85.4,0
PUMP-00297,58,51.8,54.9,4.34,18,58.6,0
PUMP-00298,53,42.1,59.6,2.21,19,54.0,0
PUMP-00299,62,64.9,66.6,2.22,21,140.0,0
PUMP-00300,119,42.6,55.4,2.93,17,19.9,0
PUMP-00301,87,50.1,56.4,5.55,14,93.0,0
PUMP-00302,16,62.6,64.3,3.18,22,135.6,0
PUMP-00303,10,72.3,58.6,1.49,20,105.6,0
PUMP-00304,32,56.4,54.4,4.59,18,25.1,0
PUMP-00305,63,32.3,57.3,3.99,10,79.7,0
PUMP-00306,127,49.3,55.4,2.92,8,59.2,0
PUMP-00307,54,81.4,62.5,2.28,26,75.7,0
PUMP-00308,76,54.8,53.6,4.27,19,56.7,0
PUMP-00309,50,52.6,50.2,2.32,24,207.0,0
PUMP-00310,83,64.2,57.8,3.91,22,95.9,0
PUMP-00311,14,57.2,56.7,1.88,22,6.6,0
PUMP-00312,6,71.9,60.8,3.01,15,81.2,0
PUMP-00313,85,80.6,53.4,4.75,19,56.5,1
PUMP-00314,84,65.8,53.1,4.96,24,78.6,0
PUMP-00315,46,89.1,60.6,2.38,24,122.7,0
PUMP-00316,136,63.3,56.7,3.17,25,40.6,0
PUMP-00317,21,100.0,65.4,2.3,21,130.3,0
PUMP-00318,76,75.2,55.4,2.34,18,88.2,0
PUMP-00319,79,76.3,53.0,2.93,27,69.1,0
PUMP-00320,67,75.7,63.2,3.25,17,33.2,0
PUMP-00321,89,58.3,44.1,2.48,28,28.9,0
PUMP-00322,49,85.3,59.0,2.48,26,117.3,0
PUMP-00323,91,77.1,62.2,6.36,20,63.8,1
PUMP-00324,58,72.8,53.3,2.31,24,157.0,0
PUMP-00325,22,67.2,61.5,4.35,21,91.5,0
PUMP-00326,12,60.0,58.8,1.94,24,34.5,0
PUMP-00327,34,71.6,62.9,2.17,21,42.7,0
PUMP-00328,84,28.3,56.0,1.85,13,127.3,0
PUMP-00329,6,51.0,55.6,4.4,15,170.3,0
PUMP-00330,59,66.0,61.3,2.37,21,48.8,0
PUMP-00331,131,30.9,51.2,3.77,11,159.5,0
PUMP-00332,126,58.8,55.9,3.05,20,167.4,0
PUMP-00333,20,58.1,60.4,1.3,15,165.2,0
PUMP-00334,66,47.6,56.8,2.41,15,48.2,0
PUMP-00335,47,55.4,48.9,4.96,20,183.8,0
PUMP-00336,31,48.2,59.5,2.91,18,49.5,0
PUMP-00337,133,38.4,62.8,3.57,18,121.5,0
PUMP-00338,25,73.0,49.0,3.49,16,37.9,0
PUMP-00339,53,60.9,49.5,2.08,25,69.4,0
PUMP-00340,140,61.0,55.6,4.66,29,50.0,0
PUMP-00341,85,55.3,58.9,3.65,15,184.3,0
PUMP-00342,93,50.9,59.0,5.95,21,139.0,0
PUMP-00343,133,69.0,60.1,3.24,24,59.3,0
PUMP-00344,97,73.2,58.8,5.33,19,47.4,0
PUMP-00345,91,53.9,56.1,2.18,25,61.2,0
PUMP-00346,90,84.1,61.0,2.45,21,91.2,0
PUMP-00347,117,86.6,71.7,3.01,19,11.1,0
PUMP-00348,78,48.7,61.7,2.97,16,73.7,0
PUMP-00349,65,27.6,51.9,4.03,25,130.9,0
PUMP-00350,24,41.8,50.4,1.32,19,50.7,0
PUMP-00351,31,39.8,47.2,0.98,20,18.7,0
PUMP-00352,142,67.0,58.0,4.48,25,54.0,0
PUMP-00353,89,56.3,57.0,2.86,21,96.4,0
PUMP-00354,19,60.0,52.0,4.92,17,71.2,0
PUMP-00355,130,87.7,58.8,4.5,21,108.8,0
PUMP-00356,12,64.8,60.5,1.6,14,36.5,0
PUMP-00357,70,70.8,66.5,3.38,24,36.9,0
PUMP-00358,47,87.7,56.9,6.23,22,33.3,0
PUMP-00359,68,80.4,52.5,4.01,12,113.3,0
PUMP-00360,90,70.8,52.0,3.41,24,28.9,0
PUMP-00361,22,29.1,56.9,1.69,17,133.6,0
PUMP-00362,35,100.0,66.9,2.57,32,193.1,0
PUMP-00363,68,37.5,56.2,3.78,25,181.5,1
PUMP-00364,62,82.6,57.4,2.5,15,24.1,0
PUMP-00365,38,73.0,58.1,2.39,20,190.3,0
PUMP-00366,55,58.6,56.1,4.65,11,192.8,0
PUMP-00367,127,76.9,68.5,5.07,15,255.5,1
PUMP-00368,132,78.9,59.3,3.08,20,35.7,1
PUMP-00369,15,22.4,60.1,3.21,15,97.9,0
PUMP-00370,121,43.8,50.7,2.71,15,110.0,0
PUMP-00371,105,72.8,57.7,2.06,22,138.7,0
PUMP-00372,96,73.4,56.5,2.48,18,92.6,0
PUMP-00373,9,48.8,58.2,1.77,18,121.6,0
PUMP-00374,77,69.9,57.2,3.27,21,30.8,0
PUMP-00375,33,71.3,58.5,4.75,16,57.2,0
PUMP-00376,19,89.5,56.8,3.17,25,45.1,0
PUMP-00377,33,85.6,65.3,4.04,12,37.2,0
PUMP-00378,11,83.8,51.1,1.58,17,79.0,0
PUMP-00379,47,87.2,58.8,2.17,21,27.1,0
PUMP-00380,63,52.9,61.3,2.48,15,46.2,0
PUMP-00381,52,94.5,62.3,4.28,21,159.7,0
PUMP-00382,27,54.4,55.2,1.35,21,220.4,0
PUMP-00383,110,65.5,62.8,2.43,27,43.4,0
PUMP-00384,60,75.3,59.3,3.65,20,94.7,1
PUMP-00385,32,51.0,54.8,1.38,13,35.3,0
PUMP-00386,82,28.0,56.8,4.15,23,62.4,0
PUMP-00387,125,92.6,62.0,5.46,27,8.1,1
PUMP-00388,94,71.5,63.8,3.1,19,130.3,0
PUMP-00389,97,76.6,60.4,2.43,25,149.2,0
PUMP-00390,137,43.3,44.7,1.99,23,103.3,1
PUMP-00391,85,47.1,57.6,1.64,17,17.2,0
PUMP-00392,142,59.2,62.1,2.03,24,127.5,0
PUMP-00393,37,52.4,58.2,2.23,19,211.5,0
PUMP-00394,54,54.5,58.7,4.6,18,144.4,0
PUMP-00395,116,52.5,52.4,1.89,19,76.1,0
PUMP-00396,96,62.8,58.7,1.74,20,174.5,0
PUMP-00397,109,77.2,65.5,2.69,24,64.7,0
PUMP-00398,70,23.0,48.0,3.63,9,18.0,0
PUMP-00399,22,52.9,61.3,2.06,17,63.0,0
PUMP-00400,36,50.9,54.3,1.42,15,154.8,0
PUMP-00401,101,89.8,57.4,4.02,29,8.9,0
PUMP-00402,50,63.0,56.9,2.55,19,49.7,0
PUMP-00403,80,76.1,58.6,2.26,27,82.9,0
PUMP-00404,111,79.8,62.9,4.14,32,23.1,0
PUMP-00405,33,75.0,57.7,3.09,20,149.0,0
PUMP-00406,19,50.9,56.0,2.08,15,66.7,0
PUMP-00407,23,67.8,61.3,4.02,14,30.8,0
PUMP-00408,78,40.3,53.3,3.94,20,56.5,0
PUMP-00409,144,48.4,51.9,2.74,23,200.6,0
PUMP-00410,76,100.0,62.2,5.99,19,141.4,0
PUMP-00411,48,74.1,53.6,6.02,21,35.5,0
PUMP-00412,46,57.1,55.9,3.49,23,140.8,0
PUMP-00413,41,61.7,59.6,2.22,21,6.9,0
PUMP-00414,60,15.5,51.6,4.51,12,92.4,0
PUMP-00415,90,68.6,56.6,2.71,19,73.0,0
PUMP-00416,76,42.4,53.9,2.98,20,73.9,0
PUMP-00417,77,93.7,70.9,3.49,26,82.2,1
PUMP-00418,27,64.4,48.2,3.33,23,80.7,0
PUMP-00419,133,15.0,47.0,4.67,9,39.9,0
PUMP-00420,42,46.5,47.2,4.3,13,225.7,0
PUMP-00421,118,42.8,61.3,4.74,19,144.8,1
PUMP-00422,33,39.6,59.0,1.52,24,55.8,0
PUMP-00423,64,77.0,56.5,3.96,13,62.6,0
PUMP-00424,90,43.4,56.2,1.75,11,21.2,0
PUMP-00425,33,43.6,56.9,2.01,19,25.1,0
PUMP-00426,89,80.9,56.3,2.04,22,49.8,0
PUMP-00427,116,66.7,60.5,5.49,17,28.6,0
PUMP-00428,117,49.2,59.0,3.86,17,41.6,0
PUMP-00429,124,84.2,59.8,3.25,17,4.9,0
PUMP-00430,12,50.2,51.0,4.02,17,51.0,0
PUMP-00431,8,15.0,53.3,3.86,14,72.9,0
PUMP-00432,92,62.3,58.0,1.86,15,40.2,0
PUMP-00433,60,32.0,49.9,1.56,17,29.7,0
PUMP-00434,113,58.1,55.0,2.08,23,108.2,0
PUMP-00435,98,51.8,50.3,2.12,15,55.7,0
PUMP-00436,122,50.9,62.1,2.63,19,33.8,0
PUMP-00437,129,84.8,60.1,4.07,17,59.5,0
PUMP-00438,31,54.6,58.4,2.77,25,163.3,0
PUMP-00439,45,60.1,56.2,3.72,23,35.6,0
PUMP-00440,87,63.4,64.1,2.91,23,74.5,1
PUMP-00441,10,77.3,58.3,3.59,19,95.1,0
PUMP-00442,65,26.6,49.3,3.05,13,41.7,1
PUMP-00443,11,61.7,58.6,2.27,18,90.6,0
PUMP-00444,25,15.0,58.2,1.49,18,57.7,0
PUMP-00445,21,63.1,57.1,2.44,19,100.2,0
PUMP-00446,136,43.9,60.6,3.13,17,32.2,0
PUMP-00447,25,77.1,47.2,6.34,18,47.0,0
PUMP-00448,29,76.9,61.4,1.39,21,61.7,0
PUMP-00449,132,52.7,55.9,3.5,23,134.3,0
PUMP-00450,45,36.9,56.2,2.75,16,92.3,0
PUMP-00451,9,100.0,58.7,5.04,18,112.8,0
PUMP-00452,61,75.5,62.5,7.25,22,97.4,0
PUMP-00453,43,74.3,54.9,2.62,19,27.2,0
PUMP-00454,139,54.6,63.1,3.88,18,74.0,0
PUMP-00455,121,45.9,56.8,1.67,23,89.9,0
PUMP-00456,4,62.2,58.0,3.44,22,69.7,0
PUMP-00457,47,70.7,60.0,3.61,30,95.6,0
PUMP-00458,24,100.0,57.5,3.4,15,126.2,1
PUMP-00459,26,53.1,60.3,3.47,11,14.9,0
PUMP-00460,120,55.7,56.7,2.79,16,50.3,0
PUMP-00461,48,53.4,45.5,1.2,20,199.7,0
PUMP-00462,104,51.3,54.2,1.85,22,158.4,0
PUMP-00463,30,90.9,56.8,3.08,25,30.2,0
PUMP-00464,76,70.4,61.3,3.72,23,33.3,0
PUMP-00465,47,77.7,55.8,1.93,22,6.9,0
PUMP-00466,123,48.2,58.0,4.27,15,38.2,0
PUMP-00467,6,71.2,56.9,3.28,22,86.6,0
PUMP-00468,129,63.5,60.1,4.31,23,244.6,0
PUMP-00469,92,68.5,61.1,3.06,22,127.2,0
PUMP-00470,9,46.7,58.0,3.32,20,53.2,0
PUMP-00471,136,89.4,51.0,2.58,25,12.0,0
PUMP-00472,85,64.0,51.5,4.12,19,76.0,0
PUMP-00473,51,80.4,54.6,3.28,22,156.8,0
PUMP-00474,36,89.6,68.2,1.64,34,63.7,0
PUMP-00475,57,77.7,59.0,3.79,24,19.2,0
PUMP-00476,17,32.6,47.2,3.63,25,54.7,0
PUMP-00477,23,67.2,62.5,3.04,18,31.1,0
PUMP-00478,23,34.1,61.4,2.12,20,35.7,0
PUMP-00479,109,60.9,59.2,2.11,26,47.6,0
PUMP-00480,85,93.1,60.5,2.26,26,61.4,0
PUMP-00481,41,72.8,58.8,4.23,14,121.4,0
PUMP-00482,97,48.9,51.3,3.56,17,26.1,0
PUMP-00483,108,87.5,55.6,2.63,26,27.1,0
PUMP-00484,28,83.5,64.0,2.61,19,26.9,0
PUMP-00485,71,62.6,64.3,4.34,27,109.9,1
PUMP-00486,99,37.1,53.4,2.67,23,29.9,0
PUMP-00487,8,76.0,57.6,1.62,20,45.2,0
PUMP-00488,15,51.5,53.2,1.42,16,73.2,0
PUMP-00489,91,55.4,58.7,1.61,25,131.3,0
PUMP-00490,132,29.4,57.2,1.63,17,110.9,0
PUMP-00491,101,54.2,55.5,3.9,21,57.8,0
PUMP-00492,82,89.9,65.5,5.89,14,52.1,1
PUMP-00493,47,79.1,56.3,3.06,22,89.4,0
PUMP-00494,82,42.8,59.6,1.99,14,177.4,0
PUMP-00495,54,56.4,60.6,2.57,16,123.9,0
PUMP-00496,126,78.2,59.2,3.57,24,49.2,0
PUMP-00497,9,64.4,54.0,1.58,31,51.7,0
PUMP-00498,8,71.0,60.2,1.7,23,87.7,0
PUMP-00499,114,44.2,55.2,5.01,15,17.1,0
PUMP-00500,73,37.2,56.7,2.72,20,101.5,0
PUMP-00501,105,46.8,57.3,4.35,16,148.5,0
PUMP-00502,107,57.5,64.1,3.38,15,49.0,0
PUMP-00503,112,41.5,54.7,3.5,18,169.5,0
PUMP-00504,23,60.0,61.6,6.78,16,155.3,0
PUMP-00505,133,91.8,60.6,3.85,20,25.0,0
PUMP-00506,99,45.5,57.6,3.52,20,236.8,0
PUMP-00507,124,54.1,60.8,1.78,19,43.8,0
PUMP-00508,70,49.0,63.7,2.67,21,44.7,0
PUMP-00509,111,50.3,61.5,4.84,18,109.1,0
PUMP-00510,28,49.9,48.1,2.23,16,62.6,0
PUMP-00511,87,68.9,51.5,5.81,17,140.4,1
PUMP-00512,72,62.9,58.8,1.83,20,161.1,0
PUMP-00513,62,37.6,53.2,1.7,24,298.3,0
PUMP-00514,75,44.1,55.7,4.33,12,95.7,0
PUMP-00515,91,46.9,55.0,5.2,12,143.9,0
PUMP-00516,121,76.1,59.8,4.34,17,212.8,1
PUMP-00517,41,55.1,57.3,1.85,15,52.4,0
PUMP-00518,124,63.0,60.1,3.82,23,92.2,0
PUMP-00519,22,74.1,60.0,5.41,18,51.8,0
PUMP-00520,143,60.1,62.9,4.29,18,84.1,0
PUMP-00521,138,91.0,64.8,5.93,19,88.6,1
PUMP-00522,57,61.9,53.3,3.72,21,15.6,0
PUMP-00523,120,67.5,58.0,4.61,25,135.1,1
PUMP-00524,59,64.6,53.5,1.59,16,20.6,0
PUMP-00525,19,73.1,61.7,5.66,19,149.7,1
PUMP-00526,125,85.7,65.7,6.58,21,97.5,0
PUMP-00527,8,53.0,50.1,4.94,15,57.7,0
PUMP-00528,53,51.5,58.2,2.11,13,26.1,0
PUMP-00529,114,59.6,56.5,3.79,25,100.4,0
PUMP-00530,36,79.7,57.5,2.42,21,37.5,0
PUMP-00531,137,83.8,68.8,2.9,25,54.4,1
PUMP-00532,117,40.8,57.2,2.47,12,112.5,0
PUMP-00533,14,47.6,52.4,2.27,14,24.5,0
PUMP-00534,13,41.4,49.8,3.11,19,12.5,0
PUMP-00535,54,70.4,58.6,4.26,28,36.4,0
PUMP-00536,26,45.9,46.3,2.46,11,48.0,0
PUMP-00537,33,59.4,61.8,2.26,21,24.0,0
PUMP-00538,125,71.4,59.3,2.24,23,19.9,0
PUMP-00539,50,69.1,60.7,4.81,22,111.9,1
PUMP-00540,101,61.2,52.4,3.51,19,80.4,0
PUMP-00541,22,29.2,48.9,0.93,12,68.9,0
PUMP-00542,68,59.0,48.7,3.43,22,76.7,0
PUMP-00543,89,37.0,43.4,2.8,17,58.5,0
PUMP-00544,141,85.5,64.7,2.56,22,48.7,0
PUMP-00545,75,60.5,62.8,2.91,25,41.0,0
PUMP-00546,79,40.1,54.1,1.98,19,16.6,0
PUMP-00547,86,41.7,56.3,2.21,17,74.7,0
PUMP-00548,100,65.6,57.0,2.04,14,141.6,1
PUMP-00549,110,81.4,61.5,4.0,31,62.2,0
PUMP-00550,53,61.3,65.5,3.0,27,44.7,0
PUMP-00551,139,44.4,53.0,2.38,19,29.9,0
PUMP-00552,13,41.8,49.9,2.21,15,18.7,0
PUMP-00553,82,66.8,59.6,1.87,23,157.1,0
PUMP-00554,4,64.6,50.6,1.02,17,47.4,0
PUMP-00555,121,44.8,55.9,2.22,16,173.5,0
PUMP-00556,70,60.1,62.2,5.66,28,68.6,1
PUMP-00557,96,74.8,55.2,2.43,22,21.6,0
PUMP-00558,75,32.5,50.8,3.47,19,72.1,0
PUMP-00559,103,61.6,57.1,2.39,16,135.5,0
PUMP-00560,35,60.2,63.2,1.52,18,107.2,0
PUMP-00561,31,52.6,59.4,1.52,25,85.4,0
PUMP-00562,34,61.2,47.3,4.03,18,93.3,0
PUMP-00563,107,70.2,59.1,3.99,24,89.0,0
PUMP-00564,4,39.0,54.4,2.67,19,112.7,0
PUMP-00565,25,44.8,49.9,3.24,21,24.3,0
PUMP-00566,116,72.6,60.1,4.21,19,48.4,1
PUMP-00567,63,47.8,60.2,1.72,24,33.4,0
PUMP-00568,103,54.4,52.2,1.7,24,172.8,0
PUMP-00569,3,97.6,64.0,3.12,20,140.6,0
PUMP-00570,86,71.0,56.8,5.07,18,19.6,0
PUMP-00571,52,54.4,55.7,2.15,15,36.4,0
PUMP-00572,96,69.5,53.2,2.05,20,222.4,0
PUMP-00573,60,57.7,55.4,3.75,18,316.5,0
PUMP-00574,28,44.5,47.4,3.18,16,87.4,0
PUMP-00575,97,71.3,59.6,2.73,14,174.6,0
PUMP-00576,50,62.4,55.1,4.52,16,108.9,0
PUMP-00577,67,61.7,60.1,2.18,22,42.7,0
PUMP-00578,5,58.1,51.6,1.64,17,94.7,0
PUMP-00579,114,46.6,58.0,1.81,17,76.3,0
PUMP-00580,142,35.6,51.0,2.5,19,49.5,0
PUMP-00581,25,44.2,51.4,3.26,24,103.7,0
PUMP-00582,122,15.0,48.0,2.4,25,114.8,0
PUMP-00583,62,59.2,59.6,2.97,27,34.4,0
PUMP-00584,118,67.5,60.9,5.0,22,66.2,1
PUMP-00585,109,60.4,57.3,3.01,23,174.2,0
PUMP-00586,101,87.4,65.9,3.87,24,46.3,0
PUMP-00587,125,65.6,62.5,3.16,21,10.0,0
PUMP-00588,87,55.9,54.2,4.01,22,54.2,0
PUMP-00589,117,62.1,58.8,3.15,24,74.2,0
PUMP-00590,81,58.5,48.3,3.41,14,99.6,0
PUMP-00591,30,89.2,67.3,2.35,22,47.9,0
PUMP-00592,13,44.8,53.1,2.4,18,33.2,0
PUMP-00593,124,58.7,49.6,2.68,18,120.4,0
PUMP-00594,119,99.1,65.6,3.29,27,197.9,0
PUMP-00595,71,66.0,62.3,2.06,16,185.3,0
PUMP-00596,33,40.8,56.6,3.48,19,53.6,0
PUMP-00597,3,73.9,56.9,2.47,21,60.7,0
PUMP-00598,12,59.5,59.2,1.27,18,38.3,0
PUMP-00599,71,91.5,58.1,2.57,20,127.8,0
PUMP-00600,70,79.6,52.7,2.75,22,130.0,0
PUMP-00601,108,89.4,61.2,5.45,17,31.3,0
PUMP-00602,72,65.1,60.1,5.02,24,95.2,0
PUMP-00603,120,39.6,59.0,2.67,25,70.6,0
PUMP-00604,20,57.8,54.1,2.24,21,82.6,0
PUMP-00605,45,69.5,60.9,2.01,17,86.6,0
PUMP-00606,17,59.9,63.0,2.67,20,64.3,0
PUMP-00607,57,40.9,54.7,1.86,15,79.2,0
PUMP-00608,108,71.1,54.7,3.67,20,73.8,0
PUMP-00609,123,93.3,65.4,4.76,34,75.3,0
PUMP-00610,62,74.2,59.8,2.91,18,61.7,0
PUMP-00611,48,75.0,58.5,4.0,16,234.2,0
PUMP-00612,132,58.9,54.6,4.88,26,34.5,0
PUMP-00613,130,41.7,62.3,2.94,14,43.7,0
PUMP-00614,53,81.9,59.1,3.42,28,85.9,0
PUMP-00615,43,50.7,59.7,3.3,19,30.1,0
PUMP-00616,59,88.1,62.8,7.1,35,151.2,0
PUMP-00617,126,68.9,60.8,4.29,18,75.1,0
PUMP-00618,124,69.1,57.4,7.13,22,183.7,1
PUMP-00619,24,69.0,50.6,2.76,23,182.7,0
PUMP-00620,39,66.2,57.3,5.37,12,18.2,0
PUMP-00621,48,54.6,55.3,5.49,21,37.6,0
PUMP-00622,54,75.3,61.8,6.35,20,62.1,1
PUMP-00623,22,60.6,58.3,3.92,19,115.0,0
PUMP-00624,27,78.4,65.9,2.67,16,37.8,0
PUMP-00625,17,31.9,49.8,2.21,10,49.2,0
PUMP-00626,137,52.3,55.3,2.11,23,365.0,0
PUMP-00627,96,25.3,52.2,3.39,16,66.6,0
PUMP-00628,125,57.6,56.1,2.41,18,140.6,0
PUMP-00629,73,72.8,53.9,4.91,24,172.2,1
PUMP-00630,107,50.9,53.1,2.69,19,115.0,0
PUMP-00631,89,47.4,56.6,4.63,14,72.6,0
PUMP-00632,101,72.1,62.5,9.86,26,29.1,1
PUMP-00633,92,70.5,61.1,3.5,22,66.1,0
PUMP-00634,98,46.7,54.2,1.89,18,211.2,0
PUMP-00635,91,91.4,57.3,3.22,15,92.7,0
PUMP-00636,86,66.0,66.8,2.26,16,99.8,0
PUMP-00637,95,58.3,50.0,2.07,17,24.8,0
PUMP-00638,105,48.7,64.3,4.05,17,129.5,0
PUMP-00639,84,65.1,54.7,3.77,14,72.8,1
PUMP-00640,46,69.8,56.3,3.38,21,70.9,0
PUMP-00641,24,46.3,59.6,2.34,18,77.1,0
PUMP-00642,86,56.3,63.9,5.52,14,52.6,0
PUMP-00643,70,51.4,52.4,2.02,22,57.1,0
PUMP-00644,103,64.5,62.4,4.35,24,123.2,1
PUMP-00645,49,50.4,52.2,2.99,14,106.5,0
PUMP-00646,56,45.1,55.1,5.43,14,95.6,0
PUMP-00647,108,80.4,53.3,2.56,17,27.8,0
PUMP-00648,37,46.1,47.9,4.83,22,93.8,0
PUMP-00649,143,57.2,50.9,3.23,25,122.6,0
PUMP-00650,91,90.2,66.3,4.14,21,44.8,0
PUMP-00651,87,64.9,56.7,2.23,16,174.0,0
PUMP-00652,69,73.0,52.2,3.52,22,39.8,0
PUMP-00653,106,72.8,52.1,2.9,25,32.1,0
PUMP-00654,22,51.6,50.3,3.54,15,35.9,0
PUMP-00655,103,50.5,53.9,1.98,16,43.7,0
PUMP-00656,117,44.4,61.4,7.64,22,134.5,1
PUMP-00657,107,54.3,58.9,2.6,19,45.1,0
PUMP-00658,105,51.3,61.6,4.38,15,88.5,0
PUMP-00659,56,57.3,54.1,4.57,18,61.0,0
PUMP-00660,86,87.8,59.3,3.3,13,115.5,0
PUMP-00661,76,61.5,60.6,2.35,19,63.3,0
PUMP-00662,32,53.8,60.4,6.57,20,59.7,0
PUMP-00663,132,57.8,57.1,2.09,17,70.9,0
PUMP-00664,119,41.2,58.0,5.49,12,44.0,0
PUMP-00665,83,43.0,56.5,3.71,16,23.4,0
PUMP-00666,142,91.1,58.1,3.23,18,80.2,0
PUMP-00667,122,57.7,60.9,3.98,11,3.6,0
PUMP-00668,58,63.5,59.0,4.29,19,299.3,0
PUMP-00669,66,90.7,58.4,4.69,23,82.2,1
PUMP-00670,98,64.4,68.5,2.3,23,213.5,0
PUMP-00671,35,47.8,53.7,2.8,16,56.8,0
PUMP-00672,2,63.8,60.4,1.89,17,101.9,0
PUMP-00673,93,75.0,56.3,4.92,14,104.6,0
PUMP-00674,62,61.0,55.3,1.75,18,53.6,0
PUMP-00675,94,74.3,61.9,6.8,12,65.9,1
PUMP-00676,82,68.2,50.3,2.35,16,45.2,0
PUMP-00677,6,66.0,66.5,3.95,14,24.9,0
PUMP-00678,34,54.9,58.7,1.78,22,59.4,0
PUMP-00679,64,51.0,55.0,3.47,23,37.9,0
PUMP-00680,27,82.3,67.7,2.21,17,23.7,0
PUMP-00681,58,56.7,59.9,5.22,13,44.4,0
PUMP-00682,62,62.7,69.4,3.2,15,58.2,0
PUMP-00683,40,58.8,52.9,3.98,20,55.9,0
PUMP-00684,83,76.6,58.4,2.45,24,77.9,0
PUMP-00685,99,46.5,59.4,2.19,18,157.9,0
PUMP-00686,26,49.4,57.9,1.12,17,121.4,0
PUMP-00687,40,83.1,63.3,1.95,14,22.1,0
PUMP-00688,95,77.7,58.6,3.31,32,117.0,0
PUMP-00689,23,53.6,57.9,3.36,20,63.4,0
PUMP-00690,117,52.9,62.3,6.84,21,112.9,0
PUMP-00691,33,48.1,56.5,3.61,10,55.1,0
PUMP-00692,31,72.0,64.3,4.8,22,85.3,0
PUMP-00693,22,51.9,49.8,2.93,20,105.8,0
PUMP-00694,33,86.3,47.1,2.71,22,182.2,0
PUMP-00695,126,42.4,51.5,2.76,14,108.9,0
PUMP-00696,136,73.6,60.5,5.61,18,48.5,1
PUMP-00697,50,72.4,65.9,2.21,12,79.2,0
PUMP-00698,62,64.5,56.6,2.74,20,187.5,0
PUMP-00699,24,58.2,59.1,1.89,22,143.7,0
PUMP-00700,16,28.5,54.8,2.53,19,261.3,0
PUMP-00701,87,68.0,57.9,2.8,27,37.4,0
PUMP-00702,121,73.0,60.0,3.93,23,90.8,0
PUMP-00703,143,81.5,68.3,3.12,14,216.6,0
PUMP-00704,9,30.6,50.3,2.77,15,122.0,0
PUMP-00705,108,50.8,63.9,6.2,18,157.0,1
PUMP-00706,111,93.3,67.5,2.94,23,123.4,0
PUMP-00707,101,92.0,65.2,3.21,28,62.0,1
PUMP-00708,113,51.7,52.4,3.04,11,71.0,0
PUMP-00709,18,49.0,50.6,1.42,18,223.7,0
PUMP-00710,61,46.5,53.1,4.08,13,101.4,0
PUMP-00711,29,74.2,65.1,3.36,17,212.6,0
PUMP-00712,134,63.5,62.9,2.23,21,150.0,0
PUMP-00713,53,65.1,54.5,3.45,20,30.1,0
PUMP-00714,116,68.8,66.2,2.41,19,60.9,0
PUMP-00715,46,30.4,47.9,1.0,16,59.7,0
PUMP-00716,47,77.7,61.0,4.88,20,141.3,0
PUMP-00717,127,62.3,52.9,3.86,32,145.9,0
PUMP-00718,80,42.1,60.9,1.82,15,101.3,0
PUMP-00719,36,43.0,48.1,1.47,18,102.1,0
PUMP-00720,5,67.5,53.3,3.92,26,107.6,0
PUMP-00721,3,71.2,60.0,2.21,23,75.4,0
PUMP-00722,90,66.0,54.9,3.53,24,100.5,0
PUMP-00723,21,30.2,49.0,1.21,13,80.7,0
PUMP-00724,66,58.2,65.4,3.29,21,99.3,0
PUMP-00725,115,76.5,59.6,1.85,16,193.1,0
PUMP-00726,28,54.8,60.0,3.35,16,45.4,0
PUMP-00727,128,65.0,63.3,6.12,24,32.6,1
PUMP-00728,74,79.2,57.6,5.91,27,155.4,0
PUMP-00729,49,43.3,57.4,2.65,17,210.3,0
PUMP-00730,142,27.7,56.5,2.11,11,60.1,0
PUMP-00731,53,90.0,66.5,5.67,17,83.5,0
PUMP-00732,137,68.8,59.1,3.54,25,40.5,0
PUMP-00733,93,61.3,53.9,2.31,22,51.2,0
PUMP-00734,123,81.8,63.8,5.55,19,30.5,0
PUMP-00735,70,72.3,61.2,4.59,17,83.0,0
PUMP-00736,20,34.1,52.4,2.27,18,29.8,0
PUMP-00737,47,83.9,56.9,4.94,17,49.3,1
PUMP-00738,8,36.8,51.4,3.51,14,80.7,0
PUMP-00739,22,46.3,49.7,6.28,21,11.7,0
PUMP-00740,140,44.3,56.4,3.72,19,24.5,0
PUMP-00741,74,36.0,52.4,1.56,16,54.6,0
PUMP-00742,48,59.8,56.3,3.49,24,94.3,0
PUMP-00743,48,56.3,52.2,5.4,16,134.9,0
PUMP-00744,125,54.7,52.7,2.7,29,22.6,0
PUMP-00745,8,54.1,59.6,3.08,17,83.3,0
PUMP-00746,54,75.2,60.8,3.83,20,25.4,0
PUMP-00747,39,61.2,56.1,2.23,15,118.5,0
PUMP-00748,19,55.3,49.3,2.46,18,187.4,0
PUMP-00749,68,72.1,66.9,2.74,23,83.4,0
PUMP-00750,116,59.0,51.7,5.96,26,46.9,0
PUMP-00751,18,48.2,51.0,2.07,12,192.2,0
PUMP-00752,118,68.6,54.2,6.46,18,100.7,1
PUMP-00753,2,65.9,44.4,2.1,18,90.2,0
PUMP-00754,53,42.8,47.0,1.62,21,50.6,0
PUMP-00755,104,67.9,54.0,4.46,26,150.7,1
PUMP-00756,99,43.0,56.2,2.7,13,43.3,0
PUMP-00757,5,57.3,53.0,1.79,21,98.3,0
PUMP-00758,13,96.8,61.0,2.27,34,100.6,0
PUMP-00759,48,74.9,59.0,1.95,20,44.7,0
PUMP-00760,86,72.2,61.3,2.96,18,126.8,0
PUMP-00761,81,88.6,65.6,2.02,29,98.6,0
PUMP-00762,9,45.1,50.0,3.05,16,118.4,0
PUMP-00763,37,61.5,56.0,2.73,16,151.7,0
PUMP-00764,40,72.9,56.8,5.41,20,84.7,0
PUMP-00765,46,89.9,58.0,2.23,23,39.6,0
PUMP-00766,35,46.0,54.3,1.38,12,102.5,0
PUMP-00767,65,63.6,58.2,2.42,17,41.6,0
PUMP-00768,103,58.1,70.0,5.09,12,91.8,1
PUMP-00769,27,72.2,59.4,1.37,21,35.8,0
PUMP-00770,88,80.5,61.6,4.95,21,102.3,0
PUMP-00771,72,91.5,56.8,3.92,19,17.3,0
PUMP-00772,94,78.5,64.3,3.47,13,141.6,0
PUMP-00773,121,48.2,58.8,5.57,13,34.8,0
PUMP-00774,94,65.2,60.2,2.26,13,100.7,0
PUMP-00775,91,69.2,57.7,3.93,11,76.8,0
PUMP-00776,43,54.0,62.0,3.48,16,32.4,0
PUMP-00777,106,67.8,58.8,4.04,22,64.0,0
PUMP-00778,23,57.0,54.4,1.65,24,83.9,0
PUMP-00779,43,19.8,52.4,1.12,8,69.4,0
PUMP-00780,103,48.4,54.3,2.47,14,39.9,0
PUMP-00781,127,47.9,62.9,5.46,14,129.5,0
PUMP-00782,59,41.6,51.5,2.25,21,42.2,0
PUMP-00783,69,91.5,70.1,3.88,32,114.7,0
PUMP-00784,113,47.6,54.0,4.7,14,48.2,0
PUMP-00785,125,62.9,56.3,2.4,14,63.4,0
PUMP-00786,5,55.7,52.4,1.05,21,34.4,0
PUMP-00787,98,100.0,70.6,3.25,17,157.9,0
PUMP-00788,82,40.7,56.6,4.36,19,79.5,0
PUMP-00789,101,67.6,55.0,3.05,15,113.6,0
PUMP-00790,91,74.1,59.0,2.23,26,24.0,0
PUMP-00791,77,49.6,59.8,3.8,21,47.0,0
PUMP-00792,18,29.2,49.8,2.9,20,145.2,0
PUMP-00793,130,76.6,62.0,3.25,25,89.5,0
PUMP-00794,61,52.5,56.2,4.68,25,63.1,0
PUMP-00795,102,33.2,49.9,3.06,22,119.2,0
PUMP-00796,15,48.7,54.2,1.4,17,139.0,0
PUMP-00797,55,92.1,63.0,4.33,25,83.6,0
PUMP-00798,87,89.2,57.6,4.59,21,11.0,0
PUMP-00799,121,67.1,61.9,3.82,15,39.0,0
PUMP-00800,21,50.5,47.6,3.12,14,116.4,0
PUMP-00801,65,52.0,62.1,1.6,15,141.0,0
PUMP-00802,27,67.0,65.3,1.48,23,26.9,0
PUMP-00803,50,66.8,62.2,3.93,19,8.4,0
PUMP-00804,76,58.7,55.5,1.84,25,9.1,0
PUMP-00805,28,43.5,59.4,1.72,13,159.7,0
PUMP-00806,61,43.2,50.8,1.29,17,50.3,0
PUMP-00807,36,68.2,57.2,2.88,24,56.7,0
PUMP-00808,10,74.4,55.4,3.38,25,57.3,0
PUMP-00809,38,25.0,54.2,1.24,10,89.5,0
PUMP-00810,14,59.1,56.4,1.33,17,16.2,0
PUMP-00811,45,28.9,59.3,4.23,17,60.5,0
PUMP-00812,42,70.1,53.2,3.66,16,90.4,1
PUMP-00813,16,90.6,70.0,6.16,20,64.1,1
PUMP-00814,27,59.3,57.2,2.65,18,90.5,0
PUMP-00815,82,65.8,60.7,7.82,17,186.7,0
PUMP-00816,9,88.7,57.6,2.14,28,67.1,0
PUMP-00817,18,63.1,52.1,1.83,17,98.6,0
PUMP-00818,16,50.2,58.8,1.55,23,17.2,0
PUMP-00819,62,86.2,65.5,6.83,19,71.4,0
PUMP-00820,142,47.7,61.3,7.5,21,101.3,1
PUMP-00821,95,47.3,53.4,2.17,19,61.9,0
PUMP-00822,120,53.6,54.9,2.85,15,197.3,0
PUMP-00823,29,86.9,57.9,1.68,26,327.7,0
PUMP-00824,16,43.1,54.5,1.29,10,146.8,0
PUMP-00825,73,64.3,55.2,3.81,18,11.4,0
PUMP-00826,134,40.9,60.0,3.84,26,73.2,0
PUMP-00827,141,100.0,65.2,3.86,21,92.7,0
PUMP-00828,132,92.9,67.3,3.01,21,120.8,0
PUMP-00829,23,46.7,53.2,2.94,21,8.8,0
PUMP-00830,27,85.6,58.3,2.77,11,105.1,0
PUMP-00831,11,59.8,57.9,5.47,24,185.3,0
PUMP-00832,92,76.6,65.4,2.86,23,85.4,0
PUMP-00833,83,100.0,64.6,5.09,22,114.7,0
PUMP-00834,30,46.6,54.8,3.33,19,5.5,0
PUMP-00835,84,63.6,55.4,1.93,21,45.3,0
PUMP-00836,71,42.6,59.9,2.92,14,108.3,0
PUMP-00837,130,43.3,59.4,4.87,16,101.7,1
PUMP-00838,9,79.6,64.4,1.55,21,101.3,0
PUMP-00839,103,94.9,68.0,3.77,24,130.7,1
PUMP-00840,91,86.2,62.8,2.46,19,245.0,0
PUMP-00841,28,84.3,60.1,2.24,12,127.6,0
PUMP-00842,10,47.9,53.8,2.64,18,137.9,0
PUMP-00843,76,65.1,62.3,2.15,18,19.5,0
PUMP-00844,117,38.1,55.6,4.05,20,170.0,0
PUMP-00845,87,56.9,57.9,3.06,20,92.2,0
PUMP-00846,76,55.5,53.0,3.03,16,233.6,0
PUMP-00847,3,60.6,55.2,5.08,20,48.2,0
PUMP-00848,123,56.7,60.6,2.16,18,73.9,0
PUMP-00849,110,78.3,57.3,2.09,29,122.0,0
PUMP-00850,53,42.6,46.1,2.32,24,13.0,0
PUMP-00851,59,53.5,61.2,1.72,19,72.2,0
PUMP-00852,57,17.8,44.5,1.38,16,117.7,0
PUMP-00853,103,52.1,56.7,2.66,20,65.6,0
PUMP-00854,44,72.5,53.3,4.49,18,174.8,0
PUMP-00855,118,68.7,55.3,2.94,24,19.6,0
PUMP-00856,93,55.2,55.5,4.54,19,162.2,1
PUMP-00857,33,44.5,50.2,1.57,17,120.4,0
PUMP-00858,71,100.0,63.5,2.41,15,107.9,0
PUMP-00859,82,62.4,52.9,3.47,24,3.4,0
PUMP-00860,80,53.9,61.1,2.51,18,77.7,0
PUMP-00861,122,71.0,61.0,2.72,19,43.2,0
PUMP-00862,66,93.5,61.8,2.29,25,75.6,0
PUMP-00863,74,15.0,48.5,2.69,12,232.2,0
PUMP-00864,20,44.6,50.4,0.82,18,62.8,0
PUMP-00865,20,32.6,45.2,2.22,7,146.2,0
PUMP-00866,92,81.9,54.7,3.32,12,185.1,0
PUMP-00867,68,54.4,47.4,1.48,21,63.6,0
PUMP-00868,90,55.0,50.6,3.28,18,159.8,0
PUMP-00869,32,80.2,57.3,1.41,19,24.6,0
PUMP-00870,117,63.5,66.9,3.46,22,64.8,0
PUMP-00871,47,40.3,56.1,2.51,16,123.8,0
PUMP-00872,82,45.3,58.4,2.9,22,62.4,0
PUMP-00873,89,58.3,54.8,3.87,15,131.0,0
PUMP-00874,94,66.9,59.0,3.42,18,66.0,0
PUMP-00875,118,97.5,63.9,4.37,26,28.1,0
PUMP-00876,125,59.0,50.4,7.0,13,26.6,0
PUMP-00877,23,49.7,55.2,2.01,11,18.7,0
PUMP-00878,75,84.3,51.2,2.81,12,31.5,0
PUMP-00879,89,73.4,62.2,5.4,21,57.2,0
PUMP-00880,44,83.6,61.9,4.27,20,46.7,0
PUMP-00881,49,58.8,52.3,2.08,16,38.5,0
PUMP-00882,109,46.1,56.6,3.47,20,58.0,0
PUMP-00883,94,57.6,54.1,2.11,26,94.8,0
PUMP-00884,57,67.4,61.6,3.41,23,48.7,0
PUMP-00885,10,90.6,59.7,3.45,24,132.3,0
PUMP-00886,22,52.8,57.1,3.81,12,108.1,0
PUMP-00887,46,66.8,53.3,2.29,19,47.7,0
PUMP-00888,47,70.0,60.2,2.11,24,70.9,0
PUMP-00889,76,69.4,53.4,4.73,18,177.6,0
PUMP-00890,67,19.6,47.1,7.21,9,18.5,0
PUMP-00891,119,82.4,65.3,4.45,26,14.4,0
PUMP-00892,44,53.2,55.2,1.8,14,199.7,0
PUMP-00893,61,74.2,49.6,2.15,14,43.2,0
PUMP-00894,60,49.3,60.1,3.74,16,31.0,0
PUMP-00895,97,22.3,51.5,5.19,14,68.9,0
PUMP-00896,17,75.8,64.1,4.23,26,60.9,1
PUMP-00897,20,37.9,52.5,3.4,20,52.6,0
PUMP-00898,3,52.9,59.4,3.89,27,68.0,1
PUMP-00899,69,46.3,58.6,2.76,20,63.8,0
PUMP-00900,89,45.2,44.1,2.24,19,25.3,0
PUMP-00901,113,64.8,54.8,4.43,27,102.4,0
PUMP-00902,95,38.6,56.2,2.13,13,76.8,0
PUMP-00903,117,48.0,61.6,2.19,18,56.0,0
PUMP-00904,18,52.0,51.0,2.46,19,88.6,0
PUMP-00905,4,73.4,62.2,1.82,21,77.8,0
PUMP-00906,139,43.3,54.8,2.68,11,83.2,0
PUMP-00907,89,97.1,67.0,3.31,24,102.3,0
PUMP-00908,29,31.7,50.1,2.19,14,77.2,0
PUMP-00909,15,31.8,47.4,4.78,15,47.6,0
PUMP-00910,6,54.2,55.4,1.28,13,168.7,0
PUMP-00911,3,83.6,49.5,3.31,22,79.6,0
PUMP-00912,78,83.3,68.9,4.94,22,58.5,0
PUMP-00913,35,46.3,50.1,1.98,13,69.6,0
PUMP-00914,139,55.4,60.1,5.68,19,125.9,0
PUMP-00915,19,50.7,63.0,3.13,18,38.0,0
PUMP-00916,67,67.5,63.6,3.02,18,158.1,0
PUMP-00917,132,97.5,64.2,3.64,17,135.5,0
PUMP-00918,52,20.4,45.0,5.56,13,194.5,0
PUMP-00919,44,49.3,51.8,3.73,12,92.0,0
PUMP-00920,115,48.3,54.2,2.9,16,54.2,0
PUMP-00921,57,83.0,63.9,4.18,17,85.3,1
PUMP-00922,55,62.4,56.0,5.51,19,75.4,0
PUMP-00923,111,75.0,56.3,3.62,21,56.4,0
PUMP-00924,72,69.3,61.9,6.88,30,43.9,1
PUMP-00925,17,66.5,54.0,1.55,18,118.7,0
PUMP-00926,34,61.2,63.7,1.93,16,223.8,0
PUMP-00927,104,60.1,62.5,5.19,16,120.3,1
PUMP-00928,39,66.3,47.4,3.83,13,47.0,0
PUMP-00929,66,45.4,58.2,1.86,17,90.8,0
PUMP-00930,50,50.9,54.3,1.8,14,37.7,0
PUMP-00931,91,80.2,59.2,4.92,25,93.8,1
PUMP-00932,122,76.9,63.3,2.01,20,57.4,0
PUMP-00933,72,53.0,64.2,4.14,20,127.6,0
PUMP-00934,135,84.8,61.5,3.29,20,49.6,0
PUMP-00935,55,74.5,61.3,2.48,21,75.8,0
PUMP-00936,91,50.8,63.3,2.49,18,116.3,0
PUMP-00937,12,60.1,54.9,1.46,22,79.0,0
PUMP-00938,134,58.3,60.4,4.35,17,153.5,0
PUMP-00939,52,52.8,62.3,5.19,15,48.0,0
PUMP-00940,64,44.6,58.3,5.47,20,120.0,0
PUMP-00941,56,83.3,69.6,4.4,21,15.8,0
PUMP-00942,92,48.5,57.8,1.66,15,51.7,0
PUMP-00943,79,59.4,50.3,3.61,22,36.4,0
PUMP-00944,37,52.7,52.6,2.47,14,10.7,0
PUMP-00945,11,51.6,57.0,1.88,13,105.8,0
PUMP-00946,75,74.9,58.9,3.42,22,68.3,0
PUMP-00947,33,46.3,55.4,2.24,11,41.7,0
PUMP-00948,92,33.8,47.4,3.2,15,265.2,0
PUMP-00949,77,83.6,56.2,2.23,25,170.5,0
PUMP-00950,34,39.7,61.8,7.89,24,126.7,0
PUMP-00951,35,53.3,53.9,1.61,19,67.9,0
PUMP-00952,74,66.6,53.0,5.25,14,142.9,0
PUMP-00953,34,54.9,60.2,4.41,18,45.1,0
PUMP-00954,95,62.7,62.5,3.74,28,48.3,1
PUMP-00955,62,77.6,65.3,3.54,20,125.5,0
PUMP-00956,140,49.5,55.7,3.0,11,76.7,0
PUMP-00957,96,66.3,57.2,3.86,16,150.8,0
PUMP-00958,21,49.2,51.4,4.93,16,37.3,0
PUMP-00959,24,65.7,58.5,2.71,20,13.5,0
PUMP-00960,142,90.9,60.5,4.23,35,31.1,0
PUMP-00961,86,37.2,53.8,6.18,10,100.8,0
PUMP-00962,49,71.0,54.5,2.92,22,37.9,0
PUMP-00963,137,63.4,50.4,3.74,18,36.1,0
PUMP-00964,22,49.3,52.9,4.95,20,116.1,0
PUMP-00965,117,56.7,64.7,6.9,24,60.8,1
PUMP-00966,86,44.8,58.6,5.24,22,90.4,0
PUMP-00967,30,77.8,55.3,2.04,21,94.0,0
PUMP-00968,142,65.4,60.0,5.25,20,25.5,0
PUMP-00969,108,41.2,57.0,3.98,13,28.4,0
PUMP-00970,119,32.5,51.0,1.9,20,173.7,0
PUMP-00971,19,39.9,50.2,1.57,17,108.8,0
PUMP-00972,30,75.6,59.6,3.04,20,69.5,0
PUMP-00973,75,43.0,60.9,3.41,24,44.7,0
PUMP-00974,63,16.0,49.8,3.62,12,47.2,0
PUMP-00975,121,61.4,56.6,2.12,17,13.5,0
PUMP-00976,125,27.3,54.2,2.99,24,132.3,0
PUMP-00977,78,51.7,61.0,1.39,19,39.5,0
PUMP-00978,6,81.2,56.0,1.55,27,39.6,0
PUMP-00979,22,82.7,59.6,3.15,21,32.9,0
PUMP-00980,53,72.0,55.1,2.88,20,79.7,0
PUMP-00981,56,60.4,56.1,4.74,20,84.7,0
PUMP-00982,121,60.7,64.9,2.3,13,19.1,0
PUMP-00983,75,55.1,58.9,2.76,14,85.7,0
PUMP-00984,20,53.5,57.9,1.34,22,98.6,0
PUMP-00985,35,60.5,50.9,8.33,16,37.1,0
PUMP-00986,65,56.1,54.7,1.44,22,126.6,0
PUMP-00987,4,70.5,58.3,8.73,27,85.4,0
PUMP-00988,127,84.5,62.3,3.11,29,70.2,0
PUMP-00989,22,72.1,57.4,3.8,20,167.8,0
PUMP-00990,20,78.8,51.7,1.72,28,67.9,0
PUMP-00991,70,64.6,57.4,3.15,24,97.2,0
PUMP-00992,35,70.3,56.7,3.04,23,67.0,0
PUMP-00993,57,46.6,56.6,3.55,18,12.0,0
PUMP-00994,137,38.8,55.7,1.78,18,145.7,0
PUMP-00995,102,37.4,53.4,2.1,19,92.1,0
PUMP-00996,31,69.5,60.5,2.71,17,84.1,0
PUMP-00997,75,50.5,55.3,2.79,25,44.5,0
PUMP-00998,133,60.5,61.4,2.6,18,365.0,0
PUMP-00999,19,46.6,55.6,3.43,19,171.2,0
PUMP-01000,123,80.8,66.8,3.04,17,33.5,0
PUMP-01001,6,59.2,51.5,1.4,16,70.1,0
PUMP-01002,59,77.4,67.5,2.06,14,39.6,0
PUMP-01003,72,45.6,63.2,4.15,22,43.9,0
PUMP-01004,15,87.6,60.0,2.52,16,64.9,0
PUMP-01005,56,36.2,58.5,1.37,12,26.5,0
PUMP-01006,21,64.7,56.7,4.46,25,42.1,0
PUMP-01007,68,91.9,65.4,2.93,24,153.9,0
PUMP-01008,77,59.2,56.7,3.15,18,42.5,0
PUMP-01009,133,54.6,52.2,4.56,20,37.9,0
PUMP-01010,104,78.2,48.9,2.34,20,130.8,0
PUMP-01011,102,57.6,55.0,4.07,18,52.3,0
PUMP-01012,27,74.0,60.3,4.35,13,75.4,0
PUMP-01013,94,74.6,52.4,3.31,20,44.0,0
PUMP-01014,115,57.5,47.3,2.31,9,96.9,0
PUMP-01015,51,78.2,58.2,2.24,31,2.8,0
PUMP-01016,138,60.3,52.8,3.25,17,104.3,0
PUMP-01017,107,73.8,61.2,4.43,13,15.8,0
PUMP-01018,55,55.1,56.2,2.29,23,117.1,0
PUMP-01019,37,53.1,65.3,3.58,15,106.1,0
PUMP-01020,86,66.2,57.1,2.59,31,61.4,0
PUMP-01021,21,50.6,54.1,1.56,17,263.7,0
PUMP-01022,50,15.0,44.1,1.22,11,67.6,0
PUMP-01023,79,66.2,54.8,4.4,18,217.6,0
PUMP-01024,91,46.2,57.8,6.19,22,72.6,0
PUMP-01025,39,70.2,56.4,1.81,33,83.8,0
PUMP-01026,69,22.4,54.0,2.49,13,116.0,0
PUMP-01027,130,81.5,63.0,6.08,22,106.2,1
PUMP-01028,99,78.8,61.7,7.1,19,36.5,0
PUMP-01029,41,67.7,52.9,4.98,16,27.6,0
PUMP-01030,76,60.3,53.2,2.08,18,35.4,0
PUMP-01031,20,57.5,53.0,2.79,15,57.7,0
PUMP-01032,69,22.5,49.0,2.09,18,170.7,0
PUMP-01033,70,35.6,48.6,1.65,13,13.3,0
PUMP-01034,126,67.8,59.2,2.01,22,92.2,0
PUMP-01035,104,15.0,55.3,4.12,19,77.7,0
PUMP-01036,63,52.3,52.8,3.64,11,81.3,0
PUMP-01037,104,89.4,64.9,2.97,22,46.8,0
PUMP-01038,10,94.1,65.2,1.88,30,111.4,0
PUMP-01039,2,65.4,60.9,3.36,27,33.7,0
PUMP-01040,142,84.7,61.6,5.04,24,116.2,1
PUMP-01041,9,100.0,69.5,3.56,26,145.7,0
PUMP-01042,92,55.6,55.5,1.94,20,40.0,0
PUMP-01043,53,63.8,63.8,2.14,22,52.1,0
PUMP-01044,114,60.8,58.0,6.64,15,91.9,1
PUMP-01045,80,61.0,56.1,2.84,21,111.1,0
PUMP-01046,8,58.4,52.0,1.78,31,117.8,0
PUMP-01047,46,87.6,59.2,5.89,29,47.9,0
PUMP-01048,65,51.5,62.8,2.37,17,20.4,0
PUMP-01049,84,68.8,58.1,5.43,23,94.2,0
PUMP-01050,25,76.2,59.3,4.09,23,138.4,0
PUMP-01051,132,47.3,62.4,2.82,18,84.4,0
PUMP-01052,17,31.7,48.9,1.13,23,109.3,0
PUMP-01053,32,68.9,57.7,1.21,19,63.4,0
PUMP-01054,140,52.0,51.1,3.12,16,46.1,0
PUMP-01055,13,52.0,55.7,2.74,23,128.0,0
PUMP-01056,2,87.9,62.4,2.38,18,40.3,0
PUMP-01057,127,46.2,52.8,3.24,12,52.2,0
PUMP-01058,101,70.8,63.9,2.38,28,33.8,0
PUMP-01059,109,57.4,55.4,2.72,14,77.2,0
PUMP-01060,66,73.9,60.6,1.83,20,98.3,0
PUMP-01061,127,32.1,54.7,2.92,17,143.0,0
PUMP-01062,114,38.2,61.1,3.98,21,81.0,0
PUMP-01063,13,65.9,59.0,5.96,18,72.9,0
PUMP-01064,43,64.2,55.0,3.52,15,164.6,0
PUMP-01065,12,75.0,57.5,2.18,20,181.1,0
PUMP-01066,65,34.6,51.9,2.86,16,47.3,0
PUMP-01067,80,65.7,63.9,3.28,18,106.1,0
PUMP-01068,115,56.4,59.1,3.05,20,91.2,0
PUMP-01069,15,61.2,51.3,2.46,18,46.8,0
PUMP-01070,62,66.2,59.0,1.73,23,106.6,0
PUMP-01071,66,58.2,59.2,3.89,21,84.4,0
PUMP-01072,28,67.0,63.3,1.54,31,136.1,0
PUMP-01073,129,74.8,62.1,3.09,21,16.6,0
PUMP-01074,98,65.7,61.6,5.57,22,187.2,0
PUMP-01075,109,66.0,55.8,4.21,20,45.4,0
PUMP-01076,6,35.8,53.8,3.28,16,227.9,0
PUMP-01077,144,83.8,64.0,3.19,20,49.9,0
PUMP-01078,84,34.7,55.3,1.45,23,71.4,0
PUMP-01079,22,30.0,46.1,2.26,16,237.0,0
PUMP-01080,136,67.1,52.3,4.84,15,29.0,0
PUMP-01081,20,77.9,59.0,1.28,18,60.8,0
PUMP-01082,2,58.2,54.9,2.29,17,158.4,0
PUMP-01083,122,67.9,50.1,3.07,22,77.0,0
PUMP-01084,76,33.3,63.9,3.49,15,78.4,0
PUMP-01085,47,63.6,54.2,2.03,21,47.7,0
PUMP-01086,17,66.2,59.6,1.78,17,55.8,0
PUMP-01087,24,71.3,53.2,2.56,20,90.5,0
PUMP-01088,88,51.4,59.6,2.47,17,55.4,0
PUMP-01089,124,47.9,57.7,5.07,16,85.6,0
PUMP-01090,13,72.0,51.5,1.9,20,27.4,0
PUMP-01091,88,81.5,66.1,4.45,23,64.5,0
PUMP-01092,132,28.6,60.8,2.96,15,71.6,0
PUMP-01093,88,51.6,61.0,3.34,17,76.4,0
PUMP-01094,5,49.2,52.1,3.61,24,228.5,0
PUMP-01095,3,66.8,59.1,4.07,18,91.8,0
PUMP-01096,101,75.1,61.3,2.58,15,132.9,0
PUMP-01097,107,21.3,48.7,4.06,19,48.3,0
PUMP-01098,76,77.6,60.5,8.01,15,57.2,1
PUMP-01099,113,58.7,56.5,2.73,16,12.2,0
PUMP-01100,107,15.0,45.7,2.81,14,176.4,0
PUMP-01101,88,64.4,57.0,1.67,24,27.3,0
PUMP-01102,4,56.9,54.3,2.46,19,349.1,0
PUMP-01103,140,100.0,67.1,2.89,24,49.8,0
PUMP-01104,49,72.8,51.6,3.0,21,85.3,0
PUMP-01105,127,91.3,64.8,4.11,23,118.1,0
PUMP-01106,30,37.2,48.9,3.23,10,54.6,0
PUMP-01107,91,81.1,64.0,2.85,22,75.8,0
PUMP-01108,121,64.0,60.1,2.7,15,72.2,0
PUMP-01109,35,71.9,62.7,2.16,24,75.4,0
PUMP-01110,14,82.1,53.2,4.68,29,36.2,0
PUMP-01111,23,53.9,51.3,4.89,23,89.0,0
PUMP-01112,3,82.1,66.4,4.16,30,31.2,0
PUMP-01113,125,49.1,60.4,3.96,17,59.1,0
PUMP-01114,51,57.6,51.2,3.1,17,84.2,0
PUMP-01115,51,83.0,56.9,2.64,24,68.7,0
PUMP-01116,102,47.0,47.8,3.95,20,102.4,0
PUMP-01117,95,38.4,54.8,2.01,22,44.7,0
PUMP-01118,113,41.8,54.1,2.5,20,22.1,0
PUMP-01119,67,41.3,48.6,1.78,17,47.3,0
PUMP-01120,67,66.5,57.5,2.83,18,125.6,0
PUMP-01121,21,69.4,66.3,2.91,25,78.4,0
PUMP-01122,134,81.2,61.0,2.68,23,24.0,0
PUMP-01123,40,55.9,51.6,2.18,19,73.2,0
PUMP-01124,84,76.9,54.2,2.76,22,138.4,0
PUMP-01125,9,36.3,47.9,1.24,9,86.4,0
PUMP-01126,144,84.1,65.6,5.33,20,80.8,1
PUMP-01127,61,68.1,68.4,2.88,20,141.0,0
PUMP-01128,100,75.0,57.2,3.47,17,116.4,0
PUMP-01129,23,30.6,50.5,0.87,12,15.3,0
PUMP-01130,12,74.2,65.1,2.97,21,200.5,0
PUMP-01131,62,77.6,64.2,3.36,9,155.1,0
PUMP-01132,105,45.9,56.1,5.88,23,52.2,0
PUMP-01133,48,26.4,50.6,2.98,20,35.1,0
PUMP-01134,8,92.7,66.2,4.41,23,66.8,0
PUMP-01135,135,74.2,52.7,2.6,22,103.1,0
PUMP-01136,88,51.4,60.4,3.98,23,64.5,0
PUMP-01137,65,59.0,59.3,2.89,21,63.7,0
PUMP-01138,7,51.5,47.5,2.39,19,76.1,0
PUMP-01139,136,47.6,53.8,5.15,27,67.2,0
PUMP-01140,143,52.7,50.5,2.27,11,83.9,0
PUMP-01141,67,63.5,53.7,4.52,24,35.3,0
PUMP-01142,56,62.1,58.5,1.81,22,253.4,0
PUMP-01143,20,24.9,48.0,2.9,19,25.4,0
PUMP-01144,39,83.0,63.8,4.66,15,105.3,0
PUMP-01145,49,30.2,60.6,3.09,14,180.3,0
PUMP-01146,19,43.4,51.6,1.46,13,70.5,0
PUMP-01147,52,62.0,51.2,6.47,25,28.3,0
PUMP-01148,34,73.6,55.4,2.95,28,22.9,0
PUMP-01149,120,77.7,64.1,3.71,21,61.8,0
PUMP-01150,123,53.7,57.0,1.77,13,265.4,0
PUMP-01151,35,72.9,62.7,1.74,24,119.9,0
PUMP-01152,131,66.9,65.5,2.58,31,27.0,0
PUMP-01153,3,53.1,56.1,0.89,22,114.1,0
PUMP-01154,38,41.2,54.3,1.62,14,203.9,0
PUMP-01155,118,44.5,54.3,2.09,15,76.6,0
PUMP-01156,114,53.0,56.2,3.87,18,108.2,0
PUMP-01157,137,62.8,51.0,2.69,24,135.8,0
PUMP-01158,12,50.2,56.7,4.2,13,112.3,0
PUMP-01159,128,74.8,65.4,5.12,23,94.7,1
PUMP-01160,8,71.6,65.4,3.83,25,65.5,0
PUMP-01161,25,48.0,56.0,1.36,19,172.3,0
PUMP-01162,105,42.3,56.9,2.81,18,77.7,0
PUMP-01163,20,68.4,58.2,1.6,19,164.6,0
PUMP-01164,35,61.6,55.9,1.49,18,77.3,0
PUMP-01165,120,43.0,53.2,4.72,18,61.1,0
PUMP-01166,19,55.0,53.3,5.43,27,79.2,0
PUMP-01167,127,72.3,62.2,3.34,27,202.7,0
PUMP-01168,42,72.2,56.8,1.92,27,43.2,0
PUMP-01169,16,66.1,51.1,4.1,17,80.2,0
PUMP-01170,63,42.3,49.0,1.79,18,141.4,0
PUMP-01171,127,88.5,62.2,5.33,16,40.4,1
PUMP-01172,95,59.8,58.2,2.47,19,55.9,0
PUMP-01173,116,50.9,52.8,3.27,18,66.7,0
PUMP-01174,58,59.9,62.1,1.78,16,59.9,0
PUMP-01175,87,33.5,59.2,2.19,18,163.3,0
PUMP-01176,85,84.2,63.7,3.34,22,89.6,0
PUMP-01177,31,78.1,58.2,2.37,19,57.2,0
PUMP-01178,140,27.9,58.9,2.75,19,44.4,0
PUMP-01179,133,83.4,57.9,3.07,27,146.4,0
PUMP-01180,5,63.0,49.6,4.33,21,203.6,1
PUMP-01181,68,92.6,67.4,4.45,24,57.2,0
PUMP-01182,89,34.6,52.3,2.03,15,70.9,0
PUMP-01183,59,34.0,51.8,1.44,19,69.4,0
PUMP-01184,79,49.1,58.1,1.76,16,11.0,0
PUMP-01185,128,73.8,56.2,4.14,16,71.4,1
PUMP-01186,57,58.5,55.5,2.99,20,74.7,0
PUMP-01187,114,67.2,55.3,2.29,27,235.0,0
PUMP-01188,90,67.0,66.1,3.48,25,38.7,0
PUMP-01189,116,49.1,51.5,2.96,24,43.9,0
PUMP-01190,107,49.5,52.7,1.65,26,174.0,0
PUMP-01191,135,61.7,58.7,3.24,19,145.7,0
PUMP-01192,10,62.2,58.4,2.92,15,148.4,0
PUMP-01193,142,75.2,50.9,7.37,24,202.1,1
PUMP-01194,106,56.8,61.4,2.86,26,108.6,0
PUMP-01195,44,60.6,59.2,1.67,20,38.4,0
PUMP-01196,85,22.7,60.6,1.85,14,48.5,0
PUMP-01197,131,49.9,59.8,3.52,15,56.0,0
PUMP-01198,105,26.8,52.8,5.13,9,57.3,0
PUMP-01199,101,50.5,63.7,4.52,19,41.7,0
PUMP-01200,13,69.2,60.9,2.34,23,97.7,0
PUMP-01201,19,81.6,59.3,4.21,19,38.5,0
PUMP-01202,100,47.7,54.6,3.9,23,139.2,1
PUMP-01203,90,80.9,57.8,6.73,33,32.3,0
PUMP-01204,31,82.5,61.5,4.22,20,55.5,0
PUMP-01205,91,60.4,58.3,3.16,18,123.5,1
PUMP-01206,117,60.3,59.1,7.58,30,44.7,0
PUMP-01207,24,53.6,45.7,1.74,15,55.4,0
PUMP-01208,54,49.5,55.5,5.0,16,68.5,0
PUMP-01209,20,57.0,58.6,2.1,18,35.4,0
PUMP-01210,57,80.0,62.5,3.28,32,96.3,0
PUMP-01211,79,49.0,54.3,2.66,22,60.3,0
PUMP-01212,97,85.6,65.2,3.03,21,115.2,0
PUMP-01213,76,72.6,55.2,2.57,13,34.2,0
PUMP-01214,26,75.1,63.3,5.24,20,124.8,0
PUMP-01215,61,45.7,52.1,1.37,29,41.2,0
PUMP-01216,75,92.3,65.6,3.46,25,91.1,0
PUMP-01217,90,88.7,55.9,2.24,19,13.5,0
PUMP-01218,3,67.6,53.1,2.55,24,38.1,0
PUMP-01219,51,44.0,53.7,2.93,10,44.5,0
PUMP-01220,98,41.9,57.4,3.99,18,77.7,0
PUMP-01221,78,58.8,62.8,4.16,14,18.0,0
PUMP-01222,51,54.8,54.9,3.7,19,87.8,0
PUMP-01223,55,63.8,52.6,1.31,20,41.0,0
PUMP-01224,19,46.6,53.1,2.19,16,24.4,0
PUMP-01225,58,42.8,63.1,1.52,19,93.9,0
PUMP-01226,94,76.9,47.6,2.99,21,114.1,0
PUMP-01227,130,87.8,64.4,3.76,22,55.7,0
PUMP-01228,15,49.7,56.8,1.73,15,59.0,0
PUMP-01229,38,53.8,52.3,1.69,20,13.6,0
PUMP-01230,59,77.1,51.8,3.55,29,106.5,0
PUMP-01231,69,60.8,61.2,1.76,19,56.5,0
PUMP-01232,76,42.8,54.9,1.78,20,182.2,0
PUMP-01233,110,40.7,47.9,1.88,16,94.4,0
PUMP-01234,112,72.0,56.2,2.49,18,103.5,0
PUMP-01235,130,38.5,58.6,2.62,15,18.0,0
PUMP-01236,94,52.5,58.8,2.73,13,74.9,0
PUMP-01237,121,47.3,57.4,4.1,14,168.8,0
PUMP-01238,12,24.1,49.1,0.71,17,84.2,0
PUMP-01239,20,54.3,48.6,3.69,14,55.2,0
PUMP-01240,133,58.3,65.5,6.15,15,129.1,0
PUMP-01241,25,100.0,60.4,2.14,18,54.3,0
PUMP-01242,19,70.0,49.3,5.83,25,99.7,0
PUMP-01243,137,69.3,62.1,3.2,23,180.8,0
PUMP-01244,68,49.1,62.1,5.64,17,106.4,0
PUMP-01245,21,30.3,58.6,1.58,20,15.1,0
PUMP-01246,83,55.6,59.8,4.56,13,36.6,0
PUMP-01247,22,43.1,53.7,3.08,11,48.0,0
PUMP-01248,112,56.2,57.2,3.37,15,70.8,0
PUMP-01249,126,60.9,63.3,3.7,18,45.9,0
PUMP-01250,19,69.5,60.9,2.28,21,44.4,0
PUMP-01251,63,72.6,54.3,5.72,24,156.1,0
PUMP-01252,83,73.5,56.5,4.52,24,10.2,0
PUMP-01253,86,78.7,64.2,2.12,23,38.3,0
PUMP-01254,27,41.0,51.8,3.19,16,81.3,0
PUMP-01255,89,61.7,60.3,5.61,18,27.9,1
PUMP-01256,66,46.0,52.8,4.75,24,19.1,0
PUMP-01257,12,75.7,50.1,3.19,16,93.8,0
PUMP-01258,140,90.5,72.9,6.48,35,73.8,1
PUMP-01259,64,65.1,54.0,2.64,18,31.2,0
PUMP-01260,87,89.7,66.1,4.72,15,14.0,0
PUMP-01261,74,77.1,59.4,3.62,22,100.6,0
PUMP-01262,64,60.6,53.8,1.62,20,121.0,0
PUMP-01263,9,48.4,49.9,1.38,14,48.6,0
PUMP-01264,8,53.3,54.9,1.79,26,137.2,0
PUMP-01265,69,45.5,57.7,7.04,25,73.3,1
PUMP-01266,128,59.2,66.3,4.24,16,181.5,0
PUMP-01267,72,61.9,61.7,2.05,22,52.2,0
PUMP-01268,57,90.6,64.6,7.67,28,81.9,1
PUMP-01269,91,52.8,53.5,2.68,22,39.9,0
PUMP-01270,10,85.7,64.8,1.74,19,71.1,0
PUMP-01271,24,41.3,54.0,1.1,11,19.1,0
PUMP-01272,92,59.7,48.1,4.35,18,181.9,1
PUMP-01273,23,65.6,67.4,3.72,28,70.5,0
PUMP-01274,64,97.5,63.2,2.69,30,82.3,0
PUMP-01275,13,48.6,54.5,1.53,26,103.7,0
PUMP-01276,89,65.9,56.8,5.39,18,97.4,0
PUMP-01277,95,73.7,51.6,3.42,22,42.8,0
PUMP-01278,91,38.2,54.6,2.09,16,224.1,0
PUMP-01279,44,54.8,55.2,2.4,23,202.3,0
PUMP-01280,48,74.1,59.8,2.76,22,48.5,0
PUMP-01281,45,88.4,58.9,2.51,24,102.6,0
PUMP-01282,82,27.4,44.5,2.3,20,26.3,0
PUMP-01283,18,58.3,62.2,2.71,25,76.7,0
PUMP-01284,93,70.5,60.0,2.91,10,89.3,0
PUMP-01285,14,49.0,61.0,1.98,19,151.7,0
PUMP-01286,92,51.7,55.7,3.66,13,92.8,0
PUMP-01287,125,54.8,52.9,2.1,21,47.3,0
PUMP-01288,85,78.7,61.3,3.67,21,76.9,0
PUMP-01289,98,58.8,60.5,3.14,14,55.5,0
PUMP-01290,13,82.3,57.3,3.57,22,36.5,0
PUMP-01291,55,52.7,53.3,2.2,12,163.6,0
PUMP-01292,138,50.7,54.7,4.06,18,29.2,1
PUMP-01293,81,45.4,63.3,3.36,17,72.7,1
PUMP-01294,62,44.4,59.7,1.54,17,103.2,0
PUMP-01295,13,59.6,62.8,1.52,19,25.2,0
PUMP-01296,6,64.9,51.7,4.58,18,58.6,0
PUMP-01297,2,70.3,63.4,3.12,18,70.9,0
PUMP-01298,80,61.6,70.7,3.17,26,69.7,0
PUMP-01299,85,71.6,62.6,4.21,20,25.4,0
PUMP-01300,26,71.8,52.7,3.88,25,35.1,0
PUMP-01301,14,57.7,58.1,1.57,22,155.9,0
PUMP-01302,86,53.2,54.5,2.76,24,181.5,0
PUMP-01303,84,68.5,56.1,2.76,23,136.9,0
PUMP-01304,106,70.2,68.4,3.5,17,188.8,0
PUMP-01305,137,80.9,64.6,3.27,26,46.3,0
PUMP-01306,137,86.7,63.4,2.59,22,58.6,0
PUMP-01307,143,68.6,56.7,4.91,23,267.1,1
PUMP-01308,139,29.2,51.5,5.77,16,36.8,0
PUMP-01309,102,64.6,57.2,3.8,19,70.9,0
PUMP-01310,91,82.3,64.8,2.72,21,65.6,0
PUMP-01311,96,43.1,58.0,1.86,10,81.5,0
PUMP-01312,62,33.2,48.2,3.91,21,197.0,0
PUMP-01313,63,47.8,56.2,3.74,22,365.0,0
PUMP-01314,73,69.4,58.7,6.73,23,79.7,0
PUMP-01315,91,80.0,58.0,6.5,21,24.0,1
PUMP-01316,63,55.9,59.5,1.97,25,63.1,0
PUMP-01317,35,85.3,54.7,1.95,23,108.6,0
PUMP-01318,35,64.1,72.9,2.68,21,20.0,0
PUMP-01319,39,80.1,64.2,6.43,28,35.7,0
PUMP-01320,16,71.7,50.9,2.83,24,48.0,0
PUMP-01321,61,68.0,51.4,3.09,20,144.8,0
PUMP-01322,60,81.4,63.1,1.8,22,76.0,0
PUMP-01323,41,49.8,53.0,5.09,12,95.1,0
PUMP-01324,127,72.3,55.7,2.47,21,96.6,0
PUMP-01325,142,44.8,55.9,3.68,22,68.3,1
PUMP-01326,142,56.6,64.0,3.04,13,27.8,0
PUMP-01327,144,42.8,59.2,3.27,17,27.2,0
PUMP-01328,140,46.0,54.1,4.1,18,53.8,0
PUMP-01329,125,91.3,59.1,3.41,23,105.7,0
PUMP-01330,74,58.1,59.7,5.04,23,140.4,0
PUMP-01331,20,64.2,64.1,1.71,21,89.1,0
PUMP-01332,79,73.2,57.4,2.96,19,94.1,0
PUMP-01333,19,64.5,53.8,1.8,21,122.5,0
PUMP-01334,29,46.0,52.6,2.31,17,76.3,0
PUMP-01335,84,25.0,43.3,1.5,14,114.9,0
PUMP-01336,6,73.6,64.7,4.25,20,48.8,0
PUMP-01337,30,41.2,60.1,1.6,20,37.5,0
PUMP-01338,55,44.7,55.7,2.69,20,34.0,0
PUMP-01339,42,96.0,64.3,4.96,37,91.3,0
PUMP-01340,90,42.9,56.5,2.01,23,22.4,0
PUMP-01341,3,49.9,52.4,0.94,16,103.7,0
PUMP-01342,41,67.0,59.4,3.11,13,224.2,0
PUMP-01343,59,73.7,62.0,3.61,21,13.9,0
PUMP-01344,18,79.8,44.7,5.51,22,181.3,0
PUMP-01345,24,71.7,55.2,4.55,16,18.1,0
PUMP-01346,57,59.1,51.0,1.6,13,76.2,0
PUMP-01347,131,77.8,55.9,2.75,29,49.4,0
PUMP-01348,26,74.0,56.5,1.44,18,86.9,0
PUMP-01349,136,60.6,63.8,4.88,29,116.5,0
PUMP-01350,88,29.6,48.9,1.86,21,44.7,0
PUMP-01351,31,67.8,63.2,1.55,16,92.3,0
PUMP-01352,43,58.5,57.4,2.61,23,40.3,0
PUMP-01353,68,62.5,50.3,3.86,22,102.7,0
PUMP-01354,69,68.3,59.6,3.37,15,110.2,0
PUMP-01355,56,38.2,58.1,1.22,19,177.4,0
PUMP-01356,126,46.6,60.8,5.93,25,43.7,0
PUMP-01357,112,59.7,55.1,3.03,28,99.0,0
PUMP-01358,61,50.7,52.8,3.31,16,50.1,0
PUMP-01359,115,53.5,61.9,4.54,25,137.6,0
PUMP-01360,114,26.3,56.6,2.18,13,37.8,0
PUMP-01361,33,82.8,63.0,2.47,14,193.4,0
PUMP-01362,68,61.8,68.4,2.22,19,123.3,0
PUMP-01363,69,57.0,54.1,2.75,31,39.6,0
PUMP-01364,58,45.1,51.4,2.51,17,22.6,0
PUMP-01365,27,67.5,57.2,2.85,20,160.6,0
PUMP-01366,103,86.6,59.2,4.36,20,23.7,0
PUMP-01367,8,77.8,58.8,3.03,21,25.5,0
PUMP-01368,69,53.9,55.2,2.46,18,129.0,0
PUMP-01369,115,44.1,56.1,5.25,17,36.1,0
PUMP-01370,31,54.1,55.2,4.96,10,95.2,0
PUMP-01371,12,65.7,58.0,5.18,20,28.4,0
PUMP-01372,120,50.3,58.7,4.61,16,120.8,1
PUMP-01373,27,78.5,52.1,1.83,26,74.4,0
PUMP-01374,142,73.1,56.0,3.65,22,90.4,0
PUMP-01375,33,54.3,49.8,3.07,12,84.6,0
PUMP-01376,140,40.2,52.0,2.21,11,17.8,0
PUMP-01377,53,47.6,48.7,3.33,17,59.3,0
PUMP-01378,4,84.7,58.1,1.85,22,306.3,0
PUMP-01379,37,75.0,64.7,2.47,28,134.5,0
PUMP-01380,62,49.2,50.2,2.5,8,44.2,0
PUMP-01381,125,71.0,65.8,3.77,21,27.1,0
PUMP-01382,32,58.8,61.0,2.03,24,43.2,0
PUMP-01383,69,64.8,54.3,5.01,16,36.5,0
PUMP-01384,143,51.2,66.0,4.15,18,56.2,0
PUMP-01385,56,46.2,60.3,2.67,20,53.8,0
PUMP-01386,140,68.2,56.4,5.27,24,55.1,0
PUMP-01387,129,36.9,51.5,2.52,19,22.8,0
PUMP-01388,72,90.7,72.7,3.36,25,159.0,0
PUMP-01389,106,100.0,63.9,5.21,23,80.0,0
PUMP-01390,49,60.8,55.2,2.43,20,59.7,0
PUMP-01391,140,70.3,64.1,2.57,18,46.1,0
PUMP-01392,65,66.3,54.6,4.46,19,25.5,0
PUMP-01393,133,39.3,57.1,3.61,17,134.9,0
PUMP-01394,60,49.1,60.5,3.0,14,40.6,0
PUMP-01395,25,34.3,48.5,7.46,15,57.6,0
PUMP-01396,65,16.3,49.5,5.7,17,63.6,0
PUMP-01397,103,56.8,54.7,5.32,21,84.8,0
PUMP-01398,61,46.2,54.5,1.6,20,160.6,0
PUMP-01399,134,61.0,54.7,4.98,14,49.6,0
PUMP-01400,72,45.4,55.3,2.28,15,44.3,0
PUMP-01401,131,65.4,62.6,4.09,17,47.2,0
PUMP-01402,2,58.0,55.3,1.6,21,29.6,0
PUMP-01403,60,36.4,53.5,1.6,12,17.4,0
PUMP-01404,126,74.4,61.7,9.26,26,63.6,1
PUMP-01405,3,47.2,58.6,3.11,17,63.3,0
PUMP-01406,56,56.4,51.7,4.64,23,76.6,0
PUMP-01407,44,100.0,65.6,3.27,26,124.1,0
PUMP-01408,112,41.7,51.2,2.44,14,65.6,0
PUMP-01409,94,52.5,58.8,5.7,22,32.7,0
PUMP-01410,101,52.3,55.0,1.78,23,36.1,0
PUMP-01411,61,64.4,56.1,2.77,17,133.4,0
PUMP-01412,141,49.6,61.2,4.86,12,116.0,0
PUMP-01413,53,83.2,73.4,2.05,17,59.0,0
PUMP-01414,114,68.0,59.5,3.03,24,179.6,0
PUMP-01415,31,53.6,51.7,4.79,14,62.6,0
PUMP-01416,94,60.0,51.3,7.99,18,62.3,0
PUMP-01417,115,64.3,55.9,2.02,21,30.2,0
PUMP-01418,80,84.2,60.0,3.13,17,85.5,0
PUMP-01419,25,68.2,54.5,2.18,22,182.4,0
PUMP-01420,121,40.5,53.6,6.12,26,37.2,0
PUMP-01421,81,74.9,64.7,4.82,25,226.8,1
PUMP-01422,119,82.3,62.5,5.61,13,34.0,1
PUMP-01423,53,66.8,64.3,2.55,24,118.4,0
PUMP-01424,107,86.6,65.0,4.96,13,52.9,0
PUMP-01425,13,41.3,56.3,2.19,17,65.2,0
PUMP-01426,123,41.4,54.7,4.26,16,174.9,0
PUMP-01427,105,46.4,45.8,4.63,13,79.1,0
PUMP-01428,67,69.5,63.7,1.83,10,135.7,0
PUMP-01429,42,44.0,55.1,9.14,19,98.4,0
PUMP-01430,80,61.0,57.4,2.39,13,50.2,0
PUMP-01431,34,42.9,59.9,2.16,20,68.2,0
PUMP-01432,112,45.9,58.3,3.27,23,36.1,0
PUMP-01433,78,68.8,55.9,2.73,17,238.5,0
PUMP-01434,16,71.0,64.1,3.39,18,129.9,0
PUMP-01435,46,90.0,57.7,1.81,25,60.5,0
PUMP-01436,100,54.3,50.0,2.77,17,8.7,0
PUMP-01437,80,87.1,60.2,4.08,20,85.0,1
PUMP-01438,113,97.0,62.6,3.28,22,12.2,0
PUMP-01439,122,81.4,69.7,5.27,25,156.0,0
PUMP-01440,22,32.2,51.6,1.19,10,100.4,0
PUMP-01441,69,56.8,54.3,2.16,16,82.2,0
PUMP-01442,85,45.7,54.7,2.85,13,27.3,0
PUMP-01443,34,65.6,58.0,4.62,28,49.9,0
PUMP-01444,133,62.4,54.0,5.5,17,30.8,1
PUMP-01445,114,59.4,55.4,4.5,17,35.2,0
PUMP-01446,57,39.1,50.9,1.9,20,56.7,0
PUMP-01447,114,54.7,56.1,5.19,20,154.7,0
PUMP-01448,113,53.3,50.8,3.67,14,134.2,0
PUMP-01449,111,67.0,53.3,2.58,26,172.9,0
PUMP-01450,59,60.7,55.5,2.06,19,36.5,0
PUMP-01451,67,44.2,53.3,1.22,19,174.0,0
PUMP-01452,102,47.7,54.3,2.13,14,112.3,0
PUMP-01453,22,69.9,63.3,1.93,20,120.3,0
PUMP-01454,26,75.4,58.0,1.66,15,133.3,0
PUMP-01455,86,70.4,61.0,1.76,12,108.4,0
PUMP-01456,10,83.4,55.5,1.81,23,54.4,0
PUMP-01457,10,67.1,54.1,2.02,21,24.2,0
PUMP-01458,129,75.5,66.6,3.73,17,140.0,0
PUMP-01459,16,54.1,58.5,1.83,22,79.0,0
PUMP-01460,99,80.0,64.0,5.96,26,44.4,0
PUMP-01461,101,75.8,58.3,3.01,17,60.1,0
PUMP-01462,88,51.1,63.1,2.87,22,64.5,0
PUMP-01463,143,85.2,57.3,2.88,14,76.4,0
PUMP-01464,37,57.9,55.5,3.3,13,22.7,0
PUMP-01465,8,39.7,54.6,1.34,13,210.3,0
PUMP-01466,127,64.9,62.5,4.39,28,62.5,1
PUMP-01467,115,68.8,60.0,2.72,14,33.9,0
PUMP-01468,65,72.2,61.5,1.88,19,71.9,0
PUMP-01469,104,100.0,56.9,2.26,20,64.5,0
PUMP-01470,106,75.6,55.1,8.48,20,52.4,0
PUMP-01471,85,88.4,68.2,2.51,23,52.7,0
PUMP-01472,37,40.3,54.0,2.47,17,74.2,0
PUMP-01473,26,60.4,59.1,2.14,9,148.4,0
PUMP-01474,81,97.6,64.7,3.61,26,67.3,0
PUMP-01475,67,75.3,60.3,2.06,13,179.4,0
PUMP-01476,69,96.8,64.1,2.65,21,29.5,0
PUMP-01477,91,59.0,55.6,3.78,16,121.3,0
PUMP-01478,46,92.7,62.7,1.56,28,33.0,0
PUMP-01479,133,63.2,65.7,4.0,18,25.1,0
PUMP-01480,64,50.7,57.4,5.56,21,29.9,1
PUMP-01481,109,81.1,61.1,5.21,19,86.6,0
PUMP-01482,103,96.2,59.7,2.61,25,47.1,0
PUMP-01483,97,100.0,62.9,6.38,31,99.2,0
PUMP-01484,134,83.4,63.8,7.31,24,105.6,1
PUMP-01485,32,52.1,52.4,1.08,14,27.5,0
PUMP-01486,9,61.7,50.4,4.88,28,61.7,0
PUMP-01487,126,24.1,50.0,4.19,27,73.1,0
PUMP-01488,86,52.0,53.6,4.15,15,140.6,0
PUMP-01489,63,70.0,64.2,5.25,19,85.7,0
PUMP-01490,45,68.6,61.7,1.93,23,102.9,0
PUMP-01491,112,68.1,56.8,2.58,19,147.7,0
PUMP-01492,38,80.4,60.7,3.18,16,116.9,0
PUMP-01493,55,79.9,65.8,1.72,19,206.5,0
PUMP-01494,83,57.1,65.7,1.72,23,179.8,0
PUMP-01495,125,44.1,51.2,2.62,18,20.1,0
PUMP-01496,25,100.0,61.1,3.47,20,60.4,0
PUMP-01497,92,80.1,58.1,3.22,26,58.2,0
PUMP-01498,118,70.3,62.5,2.49,15,89.5,0
PUMP-01499,32,15.0,53.7,3.26,15,107.6,0
PUMP-01500,58,51.3,56.7,1.76,15,51.4,0
PUMP-01501,19,80.1,55.1,3.27,18,105.6,0
PUMP-01502,82,74.0,55.0,2.26,21,46.7,0
PUMP-01503,57,28.5,51.5,2.33,8,7.8,0
PUMP-01504,48,38.0,54.7,3.74,14,51.1,0
PUMP-01505,54,55.6,59.7,1.23,23,41.2,0
PUMP-01506,56,74.7,65.2,3.39,16,86.7,0
PUMP-01507,118,45.5,62.1,5.03,16,12.2,0
PUMP-01508,33,67.9,53.2,1.37,18,62.5,0
PUMP-01509,8,83.5,60.7,2.45,22,160.2,0
PUMP-01510,143,92.6,64.3,4.7,22,107.3,1
PUMP-01511,51,70.3,53.2,3.65,21,311.4,0
PUMP-01512,34,41.3,50.9,5.65,29,51.6,0
PUMP-01513,50,40.9,54.7,1.39,20,22.1,0
PUMP-01514,38,65.1,58.9,2.97,25,106.7,0
PUMP-01515,8,83.6,59.2,2.28,29,46.5,1
PUMP-01516,130,62.4,57.0,4.07,11,84.6,0
PUMP-01517,35,39.5,55.4,1.24,21,80.8,0
PUMP-01518,18,62.1,60.8,1.22,31,108.0,0
PUMP-01519,67,82.5,62.5,5.79,15,123.0,0
PUMP-01520,120,74.4,58.1,5.0,21,39.6,0
PUMP-01521,37,53.6,55.3,2.18,18,120.5,0
PUMP-01522,71,56.7,56.0,2.62,14,129.4,0
PUMP-01523,4,54.5,55.8,3.49,10,92.5,0
PUMP-01524,139,67.6,62.2,4.13,24,48.0,0
PUMP-01525,108,53.9,56.6,2.61,11,51.0,0
PUMP-01526,18,50.6,58.1,2.25,23,39.5,0
PUMP-01527,39,76.5,60.1,3.78,23,35.4,0
PUMP-01528,143,67.4,55.4,3.95,20,116.9,1
PUMP-01529,16,67.3,45.0,2.17,22,111.8,0
PUMP-01530,30,56.5,54.1,2.27,12,80.4,0
PUMP-01531,112,56.1,59.0,5.2,18,102.9,1
PUMP-01532,126,60.7,66.1,4.01,19,91.8,0
PUMP-01533,31,96.1,63.0,6.88,24,18.5,0
PUMP-01534,55,75.6,65.1,3.1,30,45.2,0
PUMP-01535,97,23.3,53.6,1.86,11,8.9,0
PUMP-01536,133,65.5,57.7,4.01,24,7.1,0
PUMP-01537,49,67.3,59.4,3.02,24,52.8,0
PUMP-01538,116,46.7,58.5,5.51,18,28.5,0
PUMP-01539,69,20.9,53.7,3.45,17,20.7,0
PUMP-01540,17,49.1,60.2,1.99,20,103.9,0
PUMP-01541,96,68.0,71.7,3.77,28,93.2,1
PUMP-01542,13,45.4,59.2,2.0,12,150.2,0
PUMP-01543,27,33.7,46.5,1.58,18,73.9,0
PUMP-01544,11,94.4,58.7,4.77,20,52.9,0
PUMP-01545,96,84.7,62.1,3.27,19,23.5,0
PUMP-01546,138,74.7,67.8,4.3,18,150.4,0
PUMP-01547,129,60.3,58.2,4.55,16,24.8,0
PUMP-01548,36,38.4,51.2,2.9,12,113.2,0
PUMP-01549,101,36.4,61.7,4.65,17,42.6,0
PUMP-01550,24,60.7,55.8,4.91,14,140.5,0
PUMP-01551,66,61.7,52.3,2.06,27,104.2,0
PUMP-01552,101,47.3,55.1,4.2,20,82.0,0
PUMP-01553,36,78.4,56.5,3.7,16,70.1,0
PUMP-01554,39,55.7,50.5,5.21,14,47.6,0
PUMP-01555,140,35.6,56.0,2.77,22,71.8,0
PUMP-01556,94,70.1,58.4,1.75,18,66.6,0
PUMP-01557,78,37.8,55.9,1.46,19,106.9,0
PUMP-01558,33,71.7,61.4,4.4,21,31.9,0
PUMP-01559,30,55.1,57.6,2.31,27,97.1,0
PUMP-01560,109,83.0,57.8,5.32,23,61.4,0
PUMP-01561,11,37.7,59.0,1.25,15,87.6,0
PUMP-01562,137,59.1,63.8,3.03,22,115.6,0
PUMP-01563,130,32.0,53.3,2.4,17,84.7,0
PUMP-01564,94,59.9,47.1,3.26,18,68.8,0
PUMP-01565,6,77.3,66.4,2.8,28,105.8,0
PUMP-01566,13,33.5,49.7,2.51,17,41.6,0
PUMP-01567,66,90.0,62.0,5.74,31,97.2,0
PUMP-01568,129,29.9,54.3,2.5,18,109.7,0
PUMP-01569,126,54.1,60.9,3.04,18,36.2,0
PUMP-01570,85,48.9,60.9,2.79,23,75.1,0
PUMP-01571,83,52.6,59.1,3.81,20,113.9,0
PUMP-01572,107,57.0,60.1,3.72,16,132.5,0
PUMP-01573,78,59.5,54.7,2.75,18,37.1,0
PUMP-01574,86,46.7,49.8,2.77,19,29.9,0
PUMP-01575,52,50.4,51.6,3.9,23,93.0,0
PUMP-01576,78,75.6,63.7,4.09,15,96.0,0
PUMP-01577,71,67.7,47.1,1.77,15,76.2,0
PUMP-01578,20,64.2,53.7,2.03,20,67.7,0
PUMP-01579,117,40.2,54.8,2.17,18,154.8,0
PUMP-01580,69,66.6,61.1,8.01,20,46.7,0
PUMP-01581,120,69.1,58.0,5.1,18,25.5,0
PUMP-01582,49,56.0,61.6,3.47,20,16.3,0
PUMP-01583,19,54.8,54.3,3.04,24,50.4,0
PUMP-01584,27,83.9,60.9,4.48,22,51.6,0
PUMP-01585,116,58.9,56.2,5.13,14,297.3,0
PUMP-01586,133,38.3,59.8,8.88,13,83.8,1
PUMP-01587,109,71.9,58.4,3.93,20,100.1,0
PUMP-01588,98,83.3,58.2,2.62,28,50.6,0
PUMP-01589,19,73.5,65.4,1.87,20,61.2,0
PUMP-01590,47,56.9,60.0,5.09,16,16.4,0
PUMP-01591,37,70.0,61.4,3.66,15,221.2,0
PUMP-01592,48,46.6,55.6,3.35,14,190.7,0
PUMP-01593,140,74.9,67.3,4.66,19,152.2,0
PUMP-01594,91,76.4,60.6,2.89,27,23.4,0
PUMP-01595,40,69.8,65.8,2.27,17,118.5,0
PUMP-01596,95,38.0,58.3,3.05,16,175.7,0
PUMP-01597,58,60.0,55.8,2.46,18,169.0,0
PUMP-01598,87,41.5,52.6,1.68,13,84.6,0
PUMP-01599,99,47.3,62.2,5.02,27,100.5,0
PUMP-01600,89,34.3,59.5,2.83,6,73.3,0
PUMP-01601,141,53.5,59.4,4.21,17,133.7,0
PUMP-01602,120,81.4,62.7,2.25,18,48.7,0
PUMP-01603,48,46.1,62.9,1.27,18,72.2,0
PUMP-01604,68,67.2,54.4,1.88,17,54.0,0
PUMP-01605,122,63.5,56.0,2.5,18,83.3,0
PUMP-01606,143,74.2,60.2,6.06,21,76.9,0
PUMP-01607,113,55.8,59.3,4.67,20,88.2,0
PUMP-01608,92,67.3,66.6,3.01,21,96.6,1
PUMP-01609,94,49.3,63.8,4.96,15,101.4,0
PUMP-01610,81,71.2,67.9,2.71,19,82.8,0
PUMP-01611,107,24.1,56.8,2.57,15,130.4,0
PUMP-01612,125,43.3,58.6,2.54,11,93.2,0
PUMP-01613,49,58.8,58.8,6.23,19,173.5,0
PUMP-01614,127,44.4,61.9,2.01,12,189.3,0
PUMP-01615,56,71.1,57.8,1.68,28,124.4,0
PUMP-01616,88,57.8,50.5,4.79,20,17.7,0
PUMP-01617,93,33.1,56.3,3.07,16,113.7,0
PUMP-01618,107,55.6,56.4,2.12,20,47.5,0
PUMP-01619,82,48.6,55.4,3.44,17,118.2,0
PUMP-01620,80,84.0,64.5,3.05,24,125.0,1
PUMP-01621,34,84.3,59.6,4.39,32,119.3,0
PUMP-01622,27,59.2,63.5,3.36,23,129.9,0
PUMP-01623,141,75.5,65.2,4.08,24,23.9,0
PUMP-01624,42,61.0,57.2,2.12,18,118.9,0
PUMP-01625,17,87.2,58.9,3.24,17,134.5,0
PUMP-01626,64,51.3,62.0,5.04,19,90.5,0
PUMP-01627,140,37.2,54.7,2.67,19,185.1,0
PUMP-01628,128,81.1,58.9,2.4,23,89.4,0
PUMP-01629,125,53.6,60.0,3.84,21,261.8,0
PUMP-01630,105,35.7,54.1,3.0,23,73.4,0
PUMP-01631,113,55.2,57.4,2.46,11,66.5,0
PUMP-01632,95,52.0,60.0,2.26,16,76.5,0
PUMP-01633,89,93.1,68.2,3.75,22,232.7,0
PUMP-01634,48,62.9,50.3,1.94,16,256.1,0
PUMP-01635,45,77.2,62.9,1.6,21,261.0,0
PUMP-01636,60,61.6,57.3,2.85,14,72.3,0
PUMP-01637,116,71.4,68.3,3.02,28,322.9,0
PUMP-01638,71,82.8,62.1,3.7,25,21.8,0
PUMP-01639,72,85.7,61.2,2.7,18,45.5,0
PUMP-01640,9,58.3,58.8,4.4,23,54.5,0
PUMP-01641,4,68.9,55.3,4.72,25,66.6,0
PUMP-01642,19,90.2,59.6,2.92,26,166.7,0
PUMP-01643,53,42.1,56.3,3.51,17,102.3,0
PUMP-01644,90,84.4,64.9,3.26,16,96.7,0
PUMP-01645,58,69.4,57.9,3.32,14,83.5,0
PUMP-01646,132,98.2,62.5,3.08,24,54.0,0
PUMP-01647,76,69.9,57.1,3.59,16,86.7,0
PUMP-01648,26,77.4,62.4,1.55,16,12.2,0
PUMP-01649,22,70.1,57.2,2.18,18,37.5,0
PUMP-01650,23,65.9,61.2,2.51,16,28.5,0
PUMP-01651,42,68.4,54.2,2.39,14,114.0,0
PUMP-01652,53,29.4,55.4,2.23,10,38.9,0
PUMP-01653,2,47.7,50.8,1.15,26,86.2,0
PUMP-01654,109,69.2,64.1,2.63,19,114.3,0
PUMP-01655,103,53.3,48.6,2.61,18,52.7,0
PUMP-01656,67,54.5,51.3,1.44,16,57.8,0
PUMP-01657,33,89.8,59.9,2.39,20,22.7,0
PUMP-01658,53,78.1,52.1,3.17,28,55.8,0
PUMP-01659,71,36.0,54.0,4.82,13,90.4,0
PUMP-01660,134,75.5,60.2,2.96,35,26.2,0
PUMP-01661,108,28.8,53.4,4.64,15,24.9,0
PUMP-01662,43,79.0,58.5,3.48,22,50.7,0
PUMP-01663,98,73.0,63.7,4.06,17,59.5,0
PUMP-01664,35,40.2,52.5,5.39,15,46.9,0
PUMP-01665,77,100.0,59.9,2.76,27,40.5,0
PUMP-01666,31,84.6,63.1,3.35,23,95.4,0
PUMP-01667,86,53.7,53.4,3.85,22,285.6,0
PUMP-01668,28,51.4,55.8,4.51,17,103.3,0
PUMP-01669,99,65.2,58.5,2.26,14,13.6,0
PUMP-01670,52,90.5,61.9,2.62,25,31.0,0
PUMP-01671,105,48.9,57.1,3.62,17,119.9,1
PUMP-01672,79,93.5,61.7,1.83,20,34.1,0
PUMP-01673,69,54.2,58.8,2.94,25,29.0,0
PUMP-01674,53,37.8,57.5,1.45,10,29.6,0
PUMP-01675,27,70.3,63.5,1.35,22,87.4,0
PUMP-01676,65,75.7,54.9,3.8,26,11.5,0
PUMP-01677,57,31.3,55.2,1.73,16,75.8,0
PUMP-01678,105,45.4,62.5,2.58,27,113.0,0
PUMP-01679,61,39.6,48.7,2.16,14,15.9,0
PUMP-01680,70,96.4,66.5,4.37,18,59.6,0
PUMP-01681,77,28.6,49.4,1.7,12,157.9,0
PUMP-01682,142,15.0,55.5,3.34,14,44.7,0
PUMP-01683,10,59.2,54.6,2.78,17,116.1,0
PUMP-01684,119,43.8,51.8,6.59,20,77.8,0
PUMP-01685,75,21.9,44.9,2.65,10,47.8,0
PUMP-01686,63,72.5,59.2,2.06,22,87.8,0
PUMP-01687,97,99.4,68.1,3.53,27,45.0,0
PUMP-01688,3,43.6,48.6,1.03,22,271.0,0
PUMP-01689,121,26.7,50.7,2.65,20,157.1,0
PUMP-01690,127,47.5,48.7,4.98,13,76.2,0
PUMP-01691,142,88.4,67.5,2.71,18,12.7,0
PUMP-01692,75,40.4,51.3,3.36,13,44.4,0
PUMP-01693,74,30.1,55.5,4.59,18,57.9,0
PUMP-01694,21,48.8,58.3,2.64,19,113.6,0
PUMP-01695,135,77.7,63.4,2.99,31,40.2,0
PUMP-01696,41,41.1,54.8,1.75,14,144.5,0
PUMP-01697,122,76.4,60.3,4.71,19,197.8,0
PUMP-01698,49,62.6,56.4,2.75,19,108.5,0
PUMP-01699,73,84.6,57.6,4.32,21,126.8,0
PUMP-01700,87,63.5,54.8,2.15,16,74.9,0
PUMP-01701,109,72.6,65.6,3.71,21,92.8,0
PUMP-01702,50,57.5,59.1,2.28,27,138.9,0
PUMP-01703,6,38.9,47.1,1.39,10,59.4,0
PUMP-01704,103,74.0,56.4,3.27,22,60.6,0
PUMP-01705,100,58.8,67.2,4.13,15,41.3,0
PUMP-01706,112,15.0,54.7,1.24,11,269.1,0
PUMP-01707,49,86.4,59.9,3.53,22,50.9,0
PUMP-01708,74,67.9,64.3,3.46,27,12.1,0
PUMP-01709,26,34.0,48.4,4.71,17,56.9,0
PUMP-01710,113,51.7,56.6,2.24,17,223.3,0
PUMP-01711,42,28.2,45.2,3.42,15,39.4,0
PUMP-01712,100,45.7,59.8,3.37,13,26.5,0
PUMP-01713,51,71.6,53.3,1.49,15,59.6,0
PUMP-01714,124,52.4,54.6,3.25,13,35.8,0
PUMP-01715,141,52.1,64.5,2.6,19,13.9,0
PUMP-01716,13,25.8,48.8,0.96,17,204.0,0
PUMP-01717,92,57.3,55.9,1.84,19,28.5,0
PUMP-01718,100,48.6,49.0,2.02,17,16.3,0
PUMP-01719,96,58.0,53.0,3.24,21,48.0,0
PUMP-01720,10,90.3,64.2,1.51,19,87.5,0
PUMP-01721,44,28.6,49.7,2.61,14,45.0,0
PUMP-01722,14,67.7,60.4,2.36,26,138.6,0
PUMP-01723,66,79.8,63.7,3.3,18,35.2,0
PUMP-01724,101,93.1,62.2,3.4,24,48.5,0
PUMP-01725,25,40.7,56.3,1.53,19,73.3,0
PUMP-01726,42,66.9,62.3,1.58,27,72.1,0
PUMP-01727,132,74.2,57.9,2.58,24,15.3,1
PUMP-01728,31,71.5,53.7,5.97,23,63.9,0
PUMP-01729,111,77.7,61.8,5.17,20,7.9,0
PUMP-01730,142,76.4,74.4,4.13,23,90.9,0
PUMP-01731,83,78.7,60.0,3.84,23,57.5,0
PUMP-01732,33,56.3,66.0,2.15,22,38.2,0
PUMP-01733,74,50.0,53.0,4.86,21,21.5,0
PUMP-01734,2,64.4,59.3,5.54,11,46.8,0
PUMP-01735,71,94.3,62.2,4.33,27,45.8,0
PUMP-01736,11,57.2,50.6,1.64,20,56.8,0
PUMP-01737,29,40.3,47.4,2.6,11,180.8,0
PUMP-01738,11,52.7,62.3,2.41,18,108.5,0
PUMP-01739,65,60.9,54.6,2.77,19,74.7,0
PUMP-01740,76,66.4,65.7,5.09,20,63.2,0
PUMP-01741,120,78.8,61.0,7.77,19,17.7,0
PUMP-01742,123,92.5,63.1,4.8,28,62.1,0
PUMP-01743,123,41.4,51.9,5.04,18,17.5,0
PUMP-01744,5,100.0,57.3,2.76,21,190.3,0
PUMP-01745,114,77.4,56.7,3.22,20,174.1,0
PUMP-01746,74,28.8,54.6,4.9,15,88.8,0
PUMP-01747,31,69.7,55.9,4.78,19,64.8,1
PUMP-01748,38,44.1,48.2,3.11,18,37.8,0
PUMP-01749,26,86.6,59.6,3.6,27,43.6,0
PUMP-01750,127,84.2,63.9,5.86,32,139.9,1
PUMP-01751,10,56.8,53.3,2.48,20,69.6,0
PUMP-01752,106,83.2,65.4,2.86,26,33.4,0
PUMP-01753,131,73.3,67.1,4.88,21,114.0,1
PUMP-01754,28,56.0,54.3,1.93,16,144.5,0
PUMP-01755,126,80.2,62.9,2.61,25,112.9,0
PUMP-01756,74,74.3,62.9,7.08,25,85.6,0
PUMP-01757,28,35.4,50.7,4.5,20,3.7,0
PUMP-01758,58,93.7,59.1,2.27,30,155.1,0
PUMP-01759,39,64.9,66.9,3.63,21,46.1,0
PUMP-01760,95,86.0,56.2,2.25,25,51.0,0
PUMP-01761,125,54.3,62.2,3.51,18,61.0,0
PUMP-01762,118,46.2,51.0,5.81,13,68.1,0
PUMP-01763,138,57.4,60.3,5.94,25,28.2,0
PUMP-01764,14,53.4,58.8,1.2,15,106.2,0
PUMP-01765,20,68.9,59.3,2.76,18,109.7,0
PUMP-01766,74,87.2,61.9,3.69,23,99.7,0
PUMP-01767,6,41.1,57.5,0.92,20,74.0,0
PUMP-01768,91,24.4,50.1,3.26,17,34.2,0
PUMP-01769,128,49.1,54.5,3.17,13,136.4,0
PUMP-01770,123,71.2,58.0,4.36,20,55.3,0
PUMP-01771,86,46.2,52.4,2.73,19,82.7,0
PUMP-01772,29,67.6,58.1,4.44,18,3.8,0
PUMP-01773,66,64.9,59.5,4.38,23,40.5,0
PUMP-01774,44,86.0,68.7,2.02,20,70.8,0
PUMP-01775,35,33.3,51.9,1.51,23,46.3,0
PUMP-01776,20,15.0,50.3,2.13,8,46.3,0
PUMP-01777,102,67.2,60.7,3.15,13,25.3,1
PUMP-01778,127,85.0,63.2,3.82,24,35.9,0
PUMP-01779,43,68.6,61.3,3.15,18,330.9,0
PUMP-01780,50,47.6,62.5,5.76,22,26.6,0
PUMP-01781,107,95.6,62.5,3.72,17,122.8,0
PUMP-01782,32,55.1,52.6,5.42,18,76.3,0
PUMP-01783,109,32.7,52.5,6.75,21,55.3,0
PUMP-01784,121,58.7,59.6,7.29,27,121.4,1
PUMP-01785,86,59.7,64.1,2.98,24,87.9,0
PUMP-01786,115,49.1,55.1,2.06,23,82.3,0
PUMP-01787,33,66.6,58.1,1.4,17,254.2,0
PUMP-01788,16,48.9,52.7,2.12,17,258.7,0
PUMP-01789,40,59.4,56.1,2.77,16,36.5,0
PUMP-01790,24,43.7,50.0,1.22,16,72.2,0
PUMP-01791,137,96.4,72.1,4.95,22,81.5,0
PUMP-01792,68,74.6,48.9,2.63,19,43.7,0
PUMP-01793,58,64.3,56.6,3.58,12,27.6,0
PUMP-01794,23,72.3,52.8,2.52,19,66.3,0
PUMP-01795,111,77.5,63.5,8.14,18,112.6,0
PUMP-01796,86,69.1,60.3,4.28,19,59.8,0
PUMP-01797,84,61.8,62.3,2.1,18,168.6,0
PUMP-01798,22,71.8,54.7,2.45,21,48.9,0
PUMP-01799,70,49.2,55.1,2.18,14,84.0,0
PUMP-01800,31,90.2,65.0,2.96,13,182.3,0
PUMP-01801,99,77.6,55.6,8.28,20,24.2,0
PUMP-01802,93,81.4,61.7,5.48,16,20.8,1
PUMP-01803,144,66.4,55.9,2.74,23,104.8,0
PUMP-01804,4,84.1,64.5,2.75,24,60.8,0
PUMP-01805,63,66.8,62.4,2.0,16,55.0,0
PUMP-01806,101,65.5,61.8,3.16,17,115.8,0
PUMP-01807,114,73.8,58.0,4.31,15,34.3,0
PUMP-01808,101,68.1,62.5,4.79,24,57.5,1
PUMP-01809,56,70.7,54.3,2.01,23,34.7,0
PUMP-01810,123,55.8,58.2,3.65,26,28.7,0
PUMP-01811,18,60.6,59.7,6.22,22,68.5,0
PUMP-01812,30,59.3,57.9,2.59,17,90.2,0
PUMP-01813,19,42.5,54.6,1.84,27,185.4,0
PUMP-01814,108,32.7,64.5,2.81,12,106.7,0
PUMP-01815,41,92.6,65.2,1.96,19,35.4,0
PUMP-01816,118,23.4,58.8,2.55,12,71.7,0
PUMP-01817,52,32.9,58.8,1.23,22,68.5,0
PUMP-01818,110,47.7,59.0,4.4,17,80.5,0
PUMP-01819,13,50.9,55.0,2.83,18,90.1,0
PUMP-01820,2,51.1,60.3,5.46,16,110.6,0
PUMP-01821,112,58.4,54.9,3.53,20,29.6,0
PUMP-01822,41,92.6,67.5,2.6,19,138.2,0
PUMP-01823,132,61.2,60.5,2.24,24,9.6,0
PUMP-01824,123,41.5,55.4,1.86,13,43.5,0
PUMP-01825,99,67.7,65.4,2.13,25,147.8,0
PUMP-01826,33,59.3,61.9,2.5,25,45.9,0
PUMP-01827,136,35.9,58.6,2.45,12,18.3,0
PUMP-01828,123,80.0,61.2,5.8,25,78.8,1
PUMP-01829,103,74.7,64.1,2.48,18,95.2,0
PUMP-01830,109,59.5,58.2,3.58,17,40.6,1
PUMP-01831,94,58.1,61.1,4.4,24,120.6,0
PUMP-01832,66,15.0,55.0,1.73,23,46.5,0
PUMP-01833,97,47.6,59.6,2.75,29,76.8,0
PUMP-01834,114,70.1,61.5,3.76,19,24.6,0
PUMP-01835,71,94.7,55.5,3.0,19,62.3,0
PUMP-01836,37,34.9,55.2,6.5,10,52.3,0
PUMP-01837,109,42.3,56.8,3.65,20,33.2,0
PUMP-01838,27,85.3,72.8,5.6,32,119.5,0
PUMP-01839,54,56.3,64.6,3.06,16,17.7,0
PUMP-01840,73,61.8,65.7,6.09,23,52.1,0
PUMP-01841,75,53.8,56.3,1.65,27,84.7,0
PUMP-01842,75,71.3,63.3,2.18,19,53.8,0
PUMP-01843,107,70.8,55.2,4.16,22,6.4,0
PUMP-01844,24,60.2,56.2,2.98,18,50.4,0
PUMP-01845,116,57.0,58.7,3.82,14,72.9,0
PUMP-01846,60,100.0,69.5,5.65,23,121.5,1
PUMP-01847,55,43.3,53.0,3.12,18,44.3,0
PUMP-01848,60,87.0,60.0,3.29,25,72.2,0
PUMP-01849,136,57.0,58.4,5.99,19,55.4,0
PUMP-01850,23,97.5,58.4,4.71,33,48.8,0
PUMP-01851,142,39.5,50.1,3.09,18,107.2,0
PUMP-01852,12,76.0,49.5,1.69,17,113.0,0
PUMP-01853,34,69.0,57.4,2.05,13,117.2,0
PUMP-01854,90,67.6,59.8,2.36,14,20.0,0
PUMP-01855,45,68.6,64.1,1.79,26,28.7,0
PUMP-01856,136,75.1,69.1,3.26,17,185.2,0
PUMP-01857,80,59.5,62.8,2.67,23,56.6,0
PUMP-01858,102,75.2,61.1,5.65,17,32.0,0
PUMP-01859,50,28.2,52.2,2.8,17,172.1,0
PUMP-01860,110,92.7,63.5,3.79,16,91.1,0
PUMP-01861,98,55.4,59.6,3.95,18,39.4,0
PUMP-01862,17,43.4,60.0,2.39,25,132.3,0
PUMP-01863,128,76.8,58.1,2.29,18,32.1,0
PUMP-01864,71,36.0,54.8,1.74,14,54.4,0
PUMP-01865,63,42.4,52.3,3.47,9,88.5,0
PUMP-01866,3,53.5,59.8,4.78,17,42.5,0
PUMP-01867,27,51.8,57.5,2.34,23,107.0,0
PUMP-01868,69,48.9,53.9,1.48,22,64.7,0
PUMP-01869,123,66.2,53.3,4.77,22,134.9,0
PUMP-01870,77,58.2,56.0,2.41,16,164.7,0
PUMP-01871,77,63.7,63.3,3.36,23,28.8,0
PUMP-01872,144,90.5,62.0,3.4,21,18.5,0
PUMP-01873,34,56.3,64.5,2.09,9,34.5,0
PUMP-01874,62,82.0,54.3,3.69,26,208.0,0
PUMP-01875,45,56.1,56.7,3.3,27,18.0,0
PUMP-01876,16,57.6,48.1,1.95,16,129.8,0
PUMP-01877,25,32.8,54.1,1.62,12,42.3,0
PUMP-01878,106,53.8,61.0,3.36,18,75.9,0
PUMP-01879,118,38.6,52.9,5.0,19,58.4,1
PUMP-01880,81,48.7,48.8,3.38,19,138.1,0
PUMP-01881,108,20.1,51.6,3.52,9,91.2,0
PUMP-01882,136,56.7,54.8,4.82,18,48.1,0
PUMP-01883,94,82.4,64.6,3.61,24,93.9,0
PUMP-01884,124,83.0,61.4,2.68,18,19.1,0
PUMP-01885,5,27.7,50.5,0.9,17,190.5,0
PUMP-01886,98,38.9,52.1,4.45,19,38.3,0
PUMP-01887,29,70.6,56.2,3.6,22,63.8,0
PUMP-01888,4,50.0,63.1,2.96,22,40.6,1
PUMP-01889,67,65.0,51.0,3.59,24,35.7,0
PUMP-01890,130,34.7,54.0,2.92,10,35.5,0
PUMP-01891,125,81.0,59.3,4.44,12,179.5,0
PUMP-01892,129,74.5,67.2,4.28,28,46.2,0
PUMP-01893,100,38.6,58.6,3.78,19,59.8,0
PUMP-01894,115,31.0,56.6,3.45,11,130.2,0
PUMP-01895,91,43.9,51.2,2.88,17,77.3,0
PUMP-01896,112,66.8,56.6,5.68,18,25.9,0
PUMP-01897,11,44.2,51.9,3.71,17,50.4,0
PUMP-01898,122,78.2,52.1,2.64,28,69.7,0
PUMP-01899,38,66.4,62.5,5.35,22,98.0,0
PUMP-01900,33,83.5,62.3,7.52,19,39.2,0
PUMP-01901,106,68.0,58.5,4.56,19,206.4,0
PUMP-01902,105,24.1,51.9,1.23,10,20.8,0
PUMP-01903,107,38.5,49.3,4.12,19,76.8,0
PUMP-01904,2,33.3,53.0,1.85,18,86.6,0
PUMP-01905,34,85.4,56.2,2.34,32,51.8,0
PUMP-01906,9,62.3,52.5,4.12,19,118.6,0
PUMP-01907,9,74.4,48.2,2.85,20,137.0,0
PUMP-01908,38,64.1,58.9,3.76,14,178.0,0
PUMP-01909,92,65.4,53.3,2.29,19,32.1,0
PUMP-01910,13,58.7,54.9,1.27,19,132.4,0
PUMP-01911,11,64.0,55.1,8.19,21,75.8,0
PUMP-01912,103,64.8,59.3,3.56,16,82.7,0
PUMP-01913,25,60.3,50.8,3.0,12,82.1,0
PUMP-01914,31,49.1,53.9,3.43,16,11.6,0
PUMP-01915,112,68.1,61.9,3.02,10,96.2,0
PUMP-01916,75,26.2,47.5,2.6,23,33.3,0
PUMP-01917,104,66.0,63.4,3.82,21,119.0,0
PUMP-01918,113,69.0,57.4,3.18,24,86.2,0
PUMP-01919,132,65.9,60.1,6.33,18,35.1,0
PUMP-01920,36,84.1,63.3,2.38,28,72.0,0
PUMP-01921,10,57.2,59.6,3.72,12,81.4,0
PUMP-01922,44,69.7,57.9,2.48,25,74.8,0
PUMP-01923,91,38.6,58.3,2.98,17,125.1,0
PUMP-01924,69,70.7,57.2,4.79,18,50.4,0
PUMP-01925,132,42.8,54.1,3.28,18,59.3,0
PUMP-01926,69,44.7,51.0,5.8,17,55.0,0
PUMP-01927,13,66.0,61.4,6.31,19,42.2,0
PUMP-01928,91,88.9,61.9,3.89,23,20.0,0
PUMP-01929,105,84.8,62.3,1.89,19,72.0,0
PUMP-01930,115,50.5,64.1,2.86,17,172.3,0
PUMP-01931,10,66.1,57.2,1.41,14,48.3,0
PUMP-01932,62,38.8,59.2,5.13,17,120.2,0
PUMP-01933,42,35.0,46.1,2.31,17,65.0,0
PUMP-01934,71,76.6,61.6,2.95,21,52.3,0
PUMP-01935,22,53.2,55.9,1.2,17,43.8,0
PUMP-01936,94,21.9,44.4,2.86,17,47.3,0
PUMP-01937,79,51.3,58.2,2.48,22,114.7,0
PUMP-01938,9,56.1,50.7,0.82,8,62.0,0
PUMP-01939,88,80.8,60.6,2.98,15,282.3,0
PUMP-01940,21,47.8,46.4,2.23,16,45.0,0
PUMP-01941,73,59.7,53.0,2.81,23,77.4,0
PUMP-01942,39,85.1,58.1,2.83,17,118.3,0
PUMP-01943,60,68.0,57.5,1.82,22,148.1,0
PUMP-01944,110,47.7,57.3,3.24,14,77.7,0
PUMP-01945,67,66.8,59.1,3.84,26,55.5,0
PUMP-01946,126,59.1,63.4,2.85,19,212.6,0
PUMP-01947,13,70.6,55.0,1.68,24,61.4,0
PUMP-01948,12,85.9,56.0,3.55,26,77.9,0
PUMP-01949,51,57.3,52.7,2.47,20,176.4,0
PUMP-01950,58,81.3,65.7,2.46,23,63.1,0
PUMP-01951,84,56.5,68.7,1.8,14,64.4,0
PUMP-01952,67,85.2,64.6,3.3,23,5.4,0
PUMP-01953,110,54.7,52.8,5.79,26,99.0,0
PUMP-01954,20,35.3,50.5,1.84,13,61.0,0
PUMP-01955,74,89.4,65.3,2.39,17,126.9,0
PUMP-01956,138,77.9,63.2,4.43,23,63.3,0
PUMP-01957,84,35.6,51.4,2.35,8,12.5,0
PUMP-01958,56,58.4,55.7,5.71,16,70.8,0
PUMP-01959,44,76.0,63.3,4.11,23,61.9,0
PUMP-01960,26,40.2,59.0,5.06,13,58.2,0
PUMP-01961,125,78.8,67.2,9.36,24,247.7,0
PUMP-01962,72,78.5,66.4,1.93,15,184.0,1
PUMP-01963,26,80.7,56.7,3.54,27,111.5,0
PUMP-01964,127,78.4,58.9,2.22,19,102.0,0
PUMP-01965,72,66.0,59.1,2.65,17,47.4,0
PUMP-01966,138,59.1,54.0,2.25,29,27.3,0
PUMP-01967,60,31.8,53.8,2.26,17,24.6,0
PUMP-01968,9,76.8,66.2,3.25,21,19.5,0
PUMP-01969,127,83.3,61.4,5.16,19,31.0,0
PUMP-01970,77,74.9,68.2,3.49,13,243.8,0
PUMP-01971,26,97.0,63.2,1.95,29,56.5,0
PUMP-01972,47,81.4,61.3,3.56,25,54.4,0
PUMP-01973,54,51.5,54.3,4.51,19,117.8,0
PUMP-01974,18,62.6,52.5,5.66,27,153.6,1
PUMP-01975,66,84.2,62.4,3.64,29,75.7,0
PUMP-01976,92,82.7,64.2,4.56,17,112.2,1
PUMP-01977,92,50.7,60.2,2.91,23,76.2,0
PUMP-01978,57,100.0,65.8,3.16,20,94.6,0
PUMP-01979,111,100.0,61.4,3.62,28,222.9,0
PUMP-01980,86,90.3,63.7,2.49,21,97.4,0
PUMP-01981,128,69.0,67.5,4.75,21,125.9,0
PUMP-01982,140,65.8,54.8,3.7,20,133.2,0
PUMP-01983,89,68.6,53.8,3.18,21,33.5,0
PUMP-01984,32,75.1,61.1,4.8,16,66.5,0
PUMP-01985,99,66.6,68.3,3.6,25,10.7,0
PUMP-01986,89,53.0,53.3,2.66,16,19.9,0
PUMP-01987,131,74.1,61.6,5.63,22,83.8,0
PUMP-01988,128,60.5,60.9,2.07,23,3.5,0
PUMP-01989,113,52.4,57.2,3.42,17,77.3,0
PUMP-01990,88,60.6,58.4,5.2,28,19.6,0
PUMP-01991,46,69.4,59.7,4.07,25,97.5,0
PUMP-01992,96,51.3,48.7,3.1,25,56.3,0
PUMP-01993,115,39.0,57.8,4.96,21,84.3,1
PUMP-01994,4,49.4,55.6,1.73,20,29.0,0
PUMP-01995,4,64.5,53.0,1.61,25,50.7,0
PUMP-01996,13,33.4,55.7,3.74,15,114.9,0
PUMP-01997,69,56.0,53.8,3.23,22,171.2,0
PUMP-01998,35,75.3,59.1,3.74,31,221.5,0
PUMP-01999,18,73.9,53.7,2.02,19,154.3,0
PUMP-02000,144,84.6,56.3,7.06,24,42.5,0
PUMP-02001,80,66.4,54.8,1.5,27,107.8,0
PUMP-02002,47,55.6,59.7,3.38,19,163.2,0
PUMP-02003,69,77.3,60.9,6.26,23,113.4,0
PUMP-02004,63,91.4,65.2,2.67,24,44.2,0
PUMP-02005,132,48.0,53.0,2.32,9,44.4,0
PUMP-02006,86,69.0,58.7,5.22,26,46.5,0
PUMP-02007,28,34.8,51.6,4.25,21,64.4,0
PUMP-02008,5,84.3,58.9,5.65,23,26.1,1
PUMP-02009,16,49.3,55.8,5.8,18,109.2,0
PUMP-02010,19,82.7,63.7,3.74,33,111.9,0
PUMP-02011,7,85.8,55.5,1.54,26,145.5,0
PUMP-02012,102,58.1,66.2,5.02,19,51.6,0
PUMP-02013,37,78.7,59.2,2.7,25,61.8,0
PUMP-02014,139,67.4,54.7,3.18,26,38.8,0
PUMP-02015,65,94.3,51.6,1.72,27,258.4,0
PUMP-02016,123,61.9,54.6,2.13,13,116.2,1
PUMP-02017,77,21.3,51.8,3.05,19,58.8,0
PUMP-02018,107,46.7,58.4,3.88,20,143.6,0
PUMP-02019,10,39.6,59.9,2.28,21,31.4,0
PUMP-02020,84,34.8,54.5,2.1,14,31.4,0
PUMP-02021,40,52.7,53.0,2.03,20,118.1,0
PUMP-02022,123,64.8,59.3,3.14,23,31.2,0
PUMP-02023,34,68.3,53.9,1.55,12,91.9,0
PUMP-02024,57,94.2,62.2,4.18,14,194.8,1
PUMP-02025,18,71.5,58.3,5.1,26,147.7,0
PUMP-02026,62,44.8,64.3,3.01,12,49.9,0
PUMP-02027,139,45.0,56.6,4.9,18,55.9,0
PUMP-02028,92,93.5,62.6,3.51,20,150.8,0
PUMP-02029,42,90.2,64.9,5.86,19,144.0,0
PUMP-02030,141,44.2,60.3,2.77,16,179.4,0
PUMP-02031,17,99.5,61.8,2.62,19,80.5,0
PUMP-02032,2,50.2,65.8,1.09,26,24.6,0
PUMP-02033,73,46.5,57.2,3.19,25,36.6,0
PUMP-02034,86,33.1,51.1,2.2,13,45.4,0
PUMP-02035,52,47.7,60.3,5.79,19,10.9,0
PUMP-02036,47,46.8,54.0,5.39,20,97.9,0
PUMP-02037,143,66.8,54.3,7.78,19,122.4,1
PUMP-02038,112,76.4,61.3,3.46,17,14.0,0
PUMP-02039,17,87.5,61.8,2.51,17,52.7,0
PUMP-02040,123,48.5,47.4,2.64,20,84.0,0
PUMP-02041,115,71.3,60.7,4.48,20,280.4,0
PUMP-02042,65,69.3,62.7,3.24,21,122.5,0
PUMP-02043,92,51.4,49.0,3.43,10,106.6,0
PUMP-02044,66,86.3,65.4,3.12,19,56.8,0
PUMP-02045,133,40.6,56.0,2.35,17,137.7,0
PUMP-02046,85,43.9,56.3,3.59,19,163.0,0
PUMP-02047,6,78.5,55.1,3.73,20,22.9,0
PUMP-02048,42,26.8,55.5,1.02,14,124.0,0
PUMP-02049,103,50.3,53.9,3.96,14,45.9,0
PUMP-02050,110,35.9,58.0,7.79,23,200.3,1
PUMP-02051,99,67.0,56.3,2.12,14,111.1,0
PUMP-02052,112,40.5,57.8,2.81,11,27.6,0
PUMP-02053,75,87.8,56.3,2.54,23,72.3,0
PUMP-02054,21,80.9,63.3,2.06,22,112.3,0
PUMP-02055,124,55.2,52.9,2.14,16,74.6,0
PUMP-02056,49,54.3,52.7,4.99,16,26.5,0
PUMP-02057,122,70.9,52.0,3.37,17,64.8,0
PUMP-02058,137,46.9,61.7,2.14,16,97.1,0
PUMP-02059,46,66.6,59.2,1.81,27,78.2,0
PUMP-02060,36,30.5,50.8,1.35,19,123.3,0
PUMP-02061,58,53.3,54.3,4.4,22,56.2,0
PUMP-02062,54,56.9,56.0,4.18,10,269.0,0
PUMP-02063,64,66.0,58.6,2.85,23,10.0,0
PUMP-02064,101,73.3,56.4,3.07,18,119.4,0
PUMP-02065,139,87.0,65.1,2.86,20,57.0,0
PUMP-02066,88,63.1,49.1,2.83,22,113.9,0
PUMP-02067,78,37.8,57.6,2.05,14,52.3,0
PUMP-02068,98,48.3,54.9,1.9,16,37.7,0
PUMP-02069,55,62.9,50.6,1.78,22,33.3,0
PUMP-02070,10,85.9,61.4,2.09,16,66.4,0
PUMP-02071,82,75.7,68.8,3.85,18,117.5,0
PUMP-02072,43,76.4,60.3,3.83,29,110.8,0
PUMP-02073,39,40.9,54.0,2.43,16,34.4,0
PUMP-02074,109,35.7,60.1,3.36,9,14.0,0
PUMP-02075,41,79.9,61.3,8.39,19,48.6,1
PUMP-02076,26,68.6,58.5,1.43,12,41.9,0
PUMP-02077,16,21.9,47.9,1.67,15,111.9,0
PUMP-02078,88,61.6,63.3,2.46,16,205.1,0
PUMP-02079,23,76.0,58.7,3.09,14,12.0,0
PUMP-02080,99,84.2,57.1,2.64,18,84.4,0
PUMP-02081,50,42.4,63.3,1.66,21,75.5,0
PUMP-02082,76,27.2,49.6,2.66,11,94.4,0
PUMP-02083,104,59.5,62.0,2.55,19,51.8,1
PUMP-02084,124,89.7,58.1,6.43,24,154.1,0
PUMP-02085,5,52.8,58.7,1.57,24,75.7,0
PUMP-02086,140,48.7,68.2,3.77,24,24.1,1
PUMP-02087,91,37.7,69.9,2.1,21,104.2,0
PUMP-02088,66,83.2,62.3,3.59,23,226.9,0
PUMP-02089,53,47.9,53.8,3.52,22,44.1,0
PUMP-02090,116,52.9,60.7,2.17,25,24.9,0
PUMP-02091,56,75.5,57.8,3.89,28,94.0,0
PUMP-02092,19,89.3,62.1,2.33,28,41.6,0
PUMP-02093,7,78.9,61.2,3.03,28,131.0,0
PUMP-02094,16,46.4,55.7,1.31,15,87.8,0
PUMP-02095,39,69.7,58.1,2.54,24,30.5,0
PUMP-02096,133,58.1,66.3,4.89,23,66.8,0
PUMP-02097,102,44.7,60.8,1.51,14,18.0,0
PUMP-02098,56,62.5,49.8,1.62,12,20.8,0
PUMP-02099,44,63.5,56.8,2.78,16,85.7,0
PUMP-02100,132,51.5,61.8,3.0,12,159.9,1
PUMP-02101,111,35.2,48.2,1.98,12,56.4,0
PUMP-02102,72,73.8,56.4,2.89,27,98.0,0
PUMP-02103,141,71.3,65.4,5.44,26,126.8,1
PUMP-02104,33,50.8,64.9,1.97,15,42.9,0
PUMP-02105,9,67.2,59.8,2.52,28,227.2,0
PUMP-02106,142,44.5,57.3,2.47,16,39.0,0
PUMP-02107,49,70.6,56.9,1.75,17,29.0,0
PUMP-02108,92,59.0,64.4,3.07,17,35.5,0
PUMP-02109,132,71.9,60.7,2.91,17,281.5,0
PUMP-02110,67,64.5,64.7,4.39,20,31.9,0
PUMP-02111,39,64.2,56.9,1.8,18,123.7,0
PUMP-02112,55,58.8,58.8,4.98,19,18.5,0
PUMP-02113,32,24.0,49.9,2.02,16,132.0,0
PUMP-02114,76,76.9,58.7,2.81,20,71.6,0
PUMP-02115,143,82.4,71.2,3.74,22,23.3,0
PUMP-02116,52,58.9,57.5,2.57,24,56.7,0
PUMP-02117,67,43.7,55.2,3.0,14,71.7,0
PUMP-02118,118,63.1,68.7,4.18,20,60.7,1
PUMP-02119,53,74.8,60.1,2.34,17,207.1,0
PUMP-02120,77,67.0,54.7,2.79,22,11.6,0
PUMP-02121,19,82.7,60.7,4.41,19,130.5,0
PUMP-02122,17,64.5,56.7,3.2,21,62.9,0
PUMP-02123,65,67.2,60.7,5.62,24,45.8,0
PUMP-02124,116,100.0,58.9,3.3,17,31.6,0
PUMP-02125,46,74.9,59.2,2.18,23,171.9,0
PUMP-02126,85,56.3,54.6,2.03,16,11.1,0
PUMP-02127,91,73.7,61.5,2.88,28,116.8,0
PUMP-02128,9,47.8,55.0,2.64,19,50.5,0
PUMP-02129,43,58.4,51.7,2.73,18,19.7,0
PUMP-02130,103,82.7,67.7,4.62,23,9.4,0
PUMP-02131,49,64.0,61.0,1.61,30,26.4,0
PUMP-02132,72,49.6,57.7,2.61,19,75.0,0
PUMP-02133,40,70.7,66.4,2.14,18,132.9,0
PUMP-02134,35,71.2,55.7,2.8,18,110.7,0
PUMP-02135,79,66.8,63.7,3.9,25,16.4,0
PUMP-02136,69,70.1,64.8,2.64,20,91.0,0
PUMP-02137,58,15.2,47.2,3.34,11,89.7,0
PUMP-02138,36,84.8,65.4,2.18,24,57.1,0
PUMP-02139,92,45.5,48.0,3.32,13,41.7,0
PUMP-02140,110,79.0,61.3,4.16,21,39.3,0
PUMP-02141,120,80.7,66.2,6.0,25,99.8,1
PUMP-02142,96,63.4,61.8,3.9,19,49.3,0
PUMP-02143,44,61.6,54.2,1.83,24,57.2,0
PUMP-02144,128,41.2,50.1,3.13,16,309.2,0
PUMP-02145,31,60.1,57.7,3.57,19,59.3,0
PUMP-02146,60,51.9,55.2,3.68,15,60.3,0
PUMP-02147,103,80.8,53.1,3.04,21,100.2,0
PUMP-02148,128,97.7,64.9,2.43,25,64.7,0
PUMP-02149,115,93.6,71.6,6.59,26,48.1,1
PUMP-02150,46,43.5,53.9,1.92,25,49.2,0
PUMP-02151,122,42.0,51.9,3.48,14,103.5,0
PUMP-02152,6,36.7,55.3,2.45,24,129.6,0
PUMP-02153,51,70.2,54.4,1.67,16,77.0,0
PUMP-02154,39,61.8,59.6,1.35,16,35.7,0
PUMP-02155,62,54.3,54.9,2.8,20,16.8,0
PUMP-02156,71,69.0,56.3,2.65,16,202.6,0
PUMP-02157,118,68.1,58.3,2.14,20,58.5,0
PUMP-02158,104,78.6,62.0,2.27,15,50.2,0
PUMP-02159,16,66.1,62.3,3.19,19,180.7,0
PUMP-02160,82,64.9,57.7,2.74,15,86.4,0
PUMP-02161,71,64.2,60.8,2.26,22,217.3,0
PUMP-02162,100,99.4,61.3,4.48,28,116.8,0
PUMP-02163,75,91.5,56.0,4.66,20,99.7,0
PUMP-02164,25,68.5,56.2,3.83,20,37.6,0
PUMP-02165,21,67.1,62.5,1.35,13,131.0,0
PUMP-02166,20,74.2,53.4,1.26,22,123.6,0
PUMP-02167,104,74.2,60.2,3.12,19,28.4,0
PUMP-02168,81,57.8,59.9,2.76,17,108.9,0
PUMP-02169,132,70.8,66.2,5.16,14,251.9,0
PUMP-02170,22,48.7,46.8,4.53,26,28.2,0
PUMP-02171,134,49.3,55.5,2.44,23,173.0,0
PUMP-02172,116,63.3,56.9,4.03,19,91.4,0
PUMP-02173,59,100.0,66.2,5.19,30,81.7,0
PUMP-02174,114,53.3,58.5,2.75,26,178.9,0
PUMP-02175,114,73.6,61.4,7.52,18,60.9,0
PUMP-02176,68,67.7,55.7,3.69,17,83.9,0
PUMP-02177,95,46.8,53.6,4.72,20,228.8,0
PUMP-02178,132,51.5,60.3,3.29,19,32.5,0
PUMP-02179,52,69.3,56.0,2.53,20,127.0,0
PUMP-02180,39,62.2,52.7,1.89,16,62.0,0
PUMP-02181,128,69.9,61.1,4.01,33,115.0,0
PUMP-02182,58,64.7,58.6,3.26,22,41.1,0
PUMP-02183,37,57.7,53.8,3.06,23,40.2,0
PUMP-02184,97,54.2,57.8,1.79,16,22.5,0
PUMP-02185,138,57.0,65.7,4.06,20,60.5,0
PUMP-02186,65,54.6,54.5,1.77,10,36.6,0
PUMP-02187,41,50.2,58.9,2.12,20,96.9,0
PUMP-02188,31,29.4,54.0,3.41,14,105.0,0
PUMP-02189,21,73.6,54.5,2.17,16,37.2,0
PUMP-02190,37,62.9,60.4,5.22,27,95.9,0
PUMP-02191,122,44.8,62.2,3.43,11,205.8,1
PUMP-02192,61,89.7,70.5,4.09,28,144.4,1
PUMP-02193,58,62.5,66.6,4.23,14,186.2,0
PUMP-02194,86,60.4,61.4,2.61,13,57.0,0
PUMP-02195,47,59.0,41.6,5.02,19,37.7,0
PUMP-02196,94,89.6,60.5,3.12,21,176.3,0
PUMP-02197,89,84.0,61.0,2.9,23,48.1,0
PUMP-02198,104,74.0,68.1,4.6,13,56.7,0
PUMP-02199,58,70.7,54.0,2.58,20,41.7,0
PUMP-02200,83,67.8,57.1,3.69,28,63.6,0
PUMP-02201,99,47.1,58.4,5.9,14,126.8,0
PUMP-02202,83,52.9,56.4,3.65,23,119.8,1
PUMP-02203,98,65.3,61.6,3.53,18,29.3,0
PUMP-02204,34,61.3,61.8,3.09,18,41.1,0
PUMP-02205,113,69.2,69.3,4.3,18,59.3,0
PUMP-02206,9,68.3,61.5,3.39,19,243.5,0
PUMP-02207,143,73.5,64.5,3.26,29,141.1,0
PUMP-02208,59,54.9,61.3,1.8,20,30.1,0
PUMP-02209,138,94.9,65.8,2.94,21,7.3,0
PUMP-02210,60,71.1,56.2,2.54,25,106.7,0
PUMP-02211,46,68.2,60.8,2.65,18,72.6,0
PUMP-02212,133,94.4,67.3,4.59,22,65.2,0
PUMP-02213,115,28.3,49.8,3.0,14,29.5,0
PUMP-02214,44,57.8,59.8,1.61,15,67.5,0
PUMP-02215,33,96.1,67.7,2.53,19,112.3,0
PUMP-02216,81,92.5,59.6,3.23,26,57.2,0
PUMP-02217,109,40.8,48.9,1.92,14,58.5,0
PUMP-02218,20,90.4,55.5,4.65,22,45.6,0
PUMP-02219,68,48.7,53.7,2.8,16,71.3,0
PUMP-02220,109,65.2,60.6,5.93,25,21.9,0
PUMP-02221,86,74.4,56.7,3.22,26,124.8,0
PUMP-02222,48,39.9,60.6,3.41,14,127.8,0
PUMP-02223,135,67.5,60.6,3.07,21,217.5,0
PUMP-02224,83,76.6,49.9,2.93,25,39.3,0
PUMP-02225,88,41.8,54.4,2.78,17,48.6,0
PUMP-02226,4,81.6,63.8,2.53,24,63.8,0
PUMP-02227,33,60.5,56.4,4.67,12,16.2,0
PUMP-02228,64,45.6,54.8,1.3,22,32.3,0
PUMP-02229,79,68.9,56.4,5.12,15,38.2,0
PUMP-02230,44,50.6,61.5,1.51,24,40.8,0
PUMP-02231,24,94.0,55.8,3.31,33,29.6,0
PUMP-02232,74,51.6,53.9,2.65,22,89.0,0
PUMP-02233,93,59.1,54.8,3.85,17,22.2,0
PUMP-02234,70,78.9,57.1,3.59,19,57.8,0
PUMP-02235,102,80.6,60.4,1.8,27,172.3,0
PUMP-02236,133,64.6,64.7,2.1,11,78.2,0
PUMP-02237,116,71.8,58.1,2.85,24,104.4,0
PUMP-02238,22,83.0,55.2,1.5,39,34.2,0
PUMP-02239,60,44.3,57.9,2.59,15,80.8,0
PUMP-02240,12,69.9,63.6,2.39,22,73.5,0
PUMP-02241,14,49.6,48.4,3.55,13,36.2,0
PUMP-02242,69,57.5,55.3,4.41,17,90.3,0
PUMP-02243,89,63.2,57.4,2.42,25,44.4,0
PUMP-02244,4,49.4,62.2,2.06,15,160.1,0
PUMP-02245,144,59.6,54.1,4.28,15,70.5,0
PUMP-02246,131,49.7,59.2,4.99,21,19.1,0
PUMP-02247,54,69.3,49.5,3.33,17,140.5,0
PUMP-02248,108,40.7,62.2,2.73,18,96.9,0
PUMP-02249,98,82.5,58.8,4.23,22,89.8,0
PUMP-02250,128,37.4,51.1,1.95,17,66.7,0
PUMP-02251,14,50.9,48.4,1.46,17,50.1,0
PUMP-02252,111,43.5,57.1,2.39,16,58.7,0
PUMP-02253,5,25.0,51.0,5.44,16,21.8,0
PUMP-02254,21,67.8,56.2,3.07,35,79.2,0
PUMP-02255,104,67.5,50.0,2.74,20,29.4,0
PUMP-02256,23,66.8,51.1,1.76,14,75.1,0
PUMP-02257,11,91.4,56.1,4.7,19,71.3,0
PUMP-02258,16,26.4,54.0,1.52,17,45.7,0
PUMP-02259,143,59.5,50.6,6.74,20,21.9,0
PUMP-02260,25,77.1,57.2,1.79,18,199.3,0
PUMP-02261,79,97.7,59.5,4.7,27,118.9,1
PUMP-02262,131,72.2,62.9,7.03,17,179.1,0
PUMP-02263,75,38.2,56.6,1.64,14,138.0,0
PUMP-02264,77,51.6,56.5,2.2,14,65.7,0
PUMP-02265,59,42.3,53.7,9.84,20,152.2,0
PUMP-02266,77,78.5,64.5,2.18,16,8.2,0
PUMP-02267,62,68.3,56.5,5.11,18,268.4,0
PUMP-02268,140,39.1,55.3,2.23,16,48.8,0
PUMP-02269,6,90.6,60.8,2.42,19,22.8,0
PUMP-02270,63,89.5,59.3,6.12,16,219.1,0
PUMP-02271,7,31.4,48.0,2.22,20,92.8,0
PUMP-02272,132,44.3,53.8,3.17,16,54.0,0
PUMP-02273,113,72.3,57.6,3.59,15,131.8,0
PUMP-02274,94,52.9,62.7,2.63,15,102.9,0
PUMP-02275,33,62.6,48.4,2.14,17,99.9,0
PUMP-02276,10,42.5,45.3,4.54,19,47.3,0
PUMP-02277,136,53.7,60.7,3.22,21,69.9,0
PUMP-02278,23,58.2,50.1,1.09,21,14.4,0
PUMP-02279,72,61.5,59.2,3.72,18,61.0,0
PUMP-02280,14,32.7,51.9,2.49,20,182.7,0
PUMP-02281,38,59.7,61.8,2.15,13,89.3,0
PUMP-02282,84,89.8,54.9,4.3,20,179.4,0
PUMP-02283,127,64.6,56.4,6.37,28,85.0,0
PUMP-02284,50,71.1,59.6,2.58,24,54.0,0
PUMP-02285,54,42.3,58.4,2.93,21,120.5,0
PUMP-02286,129,41.1,52.6,5.01,12,57.8,0
PUMP-02287,55,64.4,57.5,6.21,18,43.4,0
PUMP-02288,128,76.6,55.7,3.03,26,67.7,0
PUMP-02289,89,48.4,54.5,5.23,19,31.4,1
PUMP-02290,126,67.2,55.4,4.0,13,253.2,0
PUMP-02291,17,66.7,61.8,2.85,26,43.9,0
PUMP-02292,113,15.0,59.7,3.68,13,151.3,0
PUMP-02293,46,80.4,58.6,2.0,23,140.4,0
PUMP-02294,45,25.9,53.4,0.95,15,111.9,0
PUMP-02295,27,66.5,47.3,5.1,24,92.0,0
PUMP-02296,10,80.6,65.0,3.3,23,175.4,0
PUMP-02297,112,54.5,52.0,3.94,26,48.1,1
PUMP-02298,12,46.3,56.6,2.3,15,69.5,0
PUMP-02299,131,86.4,59.0,4.48,26,69.0,0
PUMP-02300,116,86.0,69.6,2.77,23,217.8,0
PUMP-02301,118,88.8,64.7,6.95,26,44.0,1
PUMP-02302,79,60.1,61.8,2.03,28,115.7,0
PUMP-02303,134,86.3,70.0,2.33,20,45.6,0
PUMP-02304,11,75.1,59.3,1.04,25,34.1,0
PUMP-02305,120,84.5,66.5,3.37,17,53.4,0
PUMP-02306,7,66.2,48.3,1.37,18,61.0,0
PUMP-02307,85,24.7,49.7,1.76,13,38.9,0
PUMP-02308,111,37.6,52.7,1.92,21,154.7,0
PUMP-02309,58,74.5,51.2,2.32,18,58.7,0
PUMP-02310,114,43.4,61.2,1.91,15,29.5,0
PUMP-02311,141,55.5,59.1,3.74,15,6.0,0
PUMP-02312,88,86.5,61.1,3.17,20,102.1,0
PUMP-02313,63,57.1,60.5,3.17,19,54.0,0
PUMP-02314,30,72.4,54.0,3.71,25,35.5,0
PUMP-02315,140,80.8,61.7,7.17,23,27.1,1
PUMP-02316,58,59.5,54.8,2.2,16,169.7,0
PUMP-02317,6,47.1,63.7,1.69,13,79.1,0
PUMP-02318,49,48.5,61.5,2.5,13,43.5,0
PUMP-02319,13,52.5,55.1,4.45,12,145.8,0
PUMP-02320,77,26.5,58.9,1.27,8,20.7,0
PUMP-02321,21,27.3,52.5,4.65,19,56.0,0
PUMP-02322,14,34.8,53.5,1.64,13,29.0,0
PUMP-02323,127,66.7,53.0,1.98,22,102.0,0
PUMP-02324,43,39.3,47.4,4.55,24,65.6,0
PUMP-02325,109,80.1,62.2,2.48,20,160.8,0
PUMP-02326,58,34.2,51.4,2.98,13,56.9,0
PUMP-02327,18,60.8,50.7,1.6,13,67.1,0
PUMP-02328,70,61.4,65.0,5.31,17,16.0,0
PUMP-02329,4,66.5,53.0,2.25,25,80.8,0
PUMP-02330,128,62.7,59.3,1.97,18,21.7,0
PUMP-02331,49,100.0,57.6,3.63,31,30.5,0
PUMP-02332,97,35.2,56.1,3.47,19,85.8,0
PUMP-02333,31,47.8,50.9,1.76,19,49.6,0
PUMP-02334,139,66.4,64.1,3.5,15,22.0,0
PUMP-02335,46,66.1,56.6,6.41,22,22.9,0
PUMP-02336,28,63.7,53.0,3.33,23,73.1,0
PUMP-02337,136,100.0,58.2,3.91,26,72.8,0
PUMP-02338,60,53.6,52.4,2.36,17,46.5,0
PUMP-02339,34,68.3,60.2,1.47,24,89.4,0
PUMP-02340,132,67.3,58.0,2.05,20,76.9,0
PUMP-02341,108,40.5,58.5,3.93,19,23.8,0
PUMP-02342,111,89.0,59.0,3.23,27,47.0,0
PUMP-02343,35,65.1,60.9,2.68,27,26.1,0
PUMP-02344,136,42.1,54.7,2.22,21,119.0,0
PUMP-02345,28,80.5,54.4,7.21,23,17.0,0
PUMP-02346,122,47.0,51.1,3.01,17,32.7,0
PUMP-02347,105,65.1,50.9,2.15,23,49.9,0
PUMP-02348,50,79.4,58.9,1.43,14,112.7,0
PUMP-02349,62,41.5,58.0,2.72,13,160.1,0
PUMP-02350,2,62.9,56.1,3.29,24,129.2,0
PUMP-02351,44,40.6,56.9,3.24,9,139.4,0
PUMP-02352,117,68.5,63.2,4.98,26,195.8,0
PUMP-02353,27,54.8,56.4,3.02,18,27.0,0
PUMP-02354,130,61.2,60.4,3.09,25,44.8,0
PUMP-02355,115,40.3,63.7,5.7,16,128.1,0
PUMP-02356,105,43.8,49.2,1.77,10,76.3,0
PUMP-02357,16,76.9,63.3,2.71,24,75.5,0
PUMP-02358,8,84.9,59.3,3.6,23,9.9,0
PUMP-02359,81,48.5,55.9,4.23,16,89.0,0
PUMP-02360,5,15.0,48.4,2.96,9,83.4,0
PUMP-02361,58,40.5,50.6,4.83,12,118.6,0
PUMP-02362,16,75.6,64.8,2.48,17,141.1,1
PUMP-02363,93,74.7,57.3,3.35,32,92.4,0
PUMP-02364,60,78.7,65.2,2.59,23,64.6,0
PUMP-02365,12,83.2,54.8,2.93,25,27.4,0
PUMP-02366,52,55.4,49.1,2.15,12,106.9,0
PUMP-02367,117,65.7,49.1,2.7,18,39.0,0
PUMP-02368,130,65.8,58.1,4.16,19,154.4,0
PUMP-02369,143,52.4,56.0,4.09,22,86.2,0
PUMP-02370,58,37.2,50.4,2.5,12,96.2,0
PUMP-02371,80,52.5,53.9,6.37,16,45.0,0
PUMP-02372,143,92.0,65.3,3.45,28,45.9,0
PUMP-02373,66,60.9,54.3,7.09,15,104.5,1
PUMP-02374,103,36.1,46.8,4.74,17,69.5,0
PUMP-02375,69,54.0,55.1,5.62,21,122.1,0
PUMP-02376,73,34.9,52.5,4.76,13,41.1,0
PUMP-02377,63,55.0,54.1,1.85,20,87.7,0
PUMP-02378,75,66.4,50.4,6.05,23,161.9,0
PUMP-02379,102,44.6,51.9,2.94,24,82.1,0
PUMP-02380,66,75.4,64.0,2.59,23,61.3,0
PUMP-02381,34,61.2,62.4,1.27,17,238.4,0
PUMP-02382,143,46.4,63.2,2.37,14,70.3,0
PUMP-02383,95,37.6,54.9,1.99,12,76.5,0
PUMP-02384,77,59.5,54.5,3.14,23,178.6,0
PUMP-02385,120,64.6,61.9,2.99,11,7.2,0
PUMP-02386,21,70.2,50.8,2.13,21,115.5,0
PUMP-02387,8,57.0,64.8,1.17,20,65.6,0
PUMP-02388,83,91.1,62.0,5.46,26,18.2,0
PUMP-02389,60,65.3,51.9,3.05,21,122.2,0
PUMP-02390,7,77.9,59.1,2.92,23,56.1,0
PUMP-02391,28,95.7,62.9,4.96,19,7.3,0
PUMP-02392,29,67.5,63.6,3.96,20,116.5,0
PUMP-02393,135,82.7,61.1,5.02,20,43.4,0
PUMP-02394,132,46.1,56.2,4.97,22,145.2,0
PUMP-02395,132,66.1,56.5,2.99,27,59.7,1
PUMP-02396,79,79.8,55.2,5.28,28,91.8,0
PUMP-02397,92,49.2,48.9,3.22,17,89.9,0
PUMP-02398,124,78.3,58.6,3.85,19,44.2,0
PUMP-02399,31,76.6,61.1,2.23,25,45.3,0
PUMP-02400,140,50.3,61.1,3.13,16,95.1,1
PUMP-02401,63,76.3,67.8,2.48,23,81.9,0
PUMP-02402,115,69.1,64.7,4.81,27,327.7,1
PUMP-02403,20,22.9,45.7,3.08,14,80.7,0
PUMP-02404,142,55.5,60.2,4.91,19,40.3,0
PUMP-02405,110,53.1,57.3,3.62,21,141.2,0
PUMP-02406,87,64.4,63.8,4.08,23,163.7,0
PUMP-02407,68,78.8,61.2,2.97,24,103.5,0
PUMP-02408,34,53.6,56.5,2.48,22,41.9,0
PUMP-02409,139,73.9,64.7,4.01,21,77.2,1
PUMP-02410,87,48.6,48.0,3.6,21,110.2,0
PUMP-02411,134,86.1,55.2,5.11,22,19.0,0
PUMP-02412,109,69.0,54.1,3.51,18,25.8,0
PUMP-02413,132,28.8,48.4,4.61,21,24.8,0
PUMP-02414,27,100.0,59.6,4.99,24,127.2,0
PUMP-02415,119,64.8,59.9,5.22,19,72.8,0
PUMP-02416,73,69.6,64.3,2.6,20,43.7,0
PUMP-02417,9,56.5,60.2,4.89,20,131.8,0
PUMP-02418,68,50.2,54.4,1.95,19,35.8,0
PUMP-02419,136,65.4,65.7,4.69,17,45.9,1
PUMP-02420,7,61.9,61.6,1.57,15,73.6,0
PUMP-02421,54,97.9,71.2,3.26,20,178.8,0
PUMP-02422,60,100.0,59.6,2.09,19,37.1,0
PUMP-02423,18,83.0,68.8,2.26,28,72.0,0
PUMP-02424,129,44.8,52.0,2.97,18,105.9,0
PUMP-02425,142,79.3,58.9,3.7,27,32.9,0
PUMP-02426,17,46.7,58.0,1.55,23,133.4,0
PUMP-02427,126,73.7,67.2,2.55,14,60.5,0
PUMP-02428,28,73.3,51.6,2.88,19,29.0,0
PUMP-02429,11,63.3,65.5,1.81,21,76.8,0
PUMP-02430,60,87.8,69.1,2.34,20,82.2,0
PUMP-02431,81,65.6,61.9,1.6,14,70.0,0
PUMP-02432,16,70.1,57.2,2.34,25,30.0,0
PUMP-02433,139,91.0,58.8,5.11,20,94.4,0
PUMP-02434,26,53.6,55.8,4.56,18,44.3,0
PUMP-02435,66,25.1,51.2,2.95,18,36.5,0
PUMP-02436,118,55.9,59.1,2.39,20,56.3,0
PUMP-02437,105,78.9,61.8,2.53,23,117.7,0
PUMP-02438,89,62.1,66.2,2.9,15,80.8,0
PUMP-02439,28,71.3,65.2,3.29,18,53.8,0
PUMP-02440,55,58.3,51.2,1.87,16,62.8,0
PUMP-02441,48,46.3,47.9,3.8,18,119.5,0
PUMP-02442,131,43.2,54.1,3.91,18,86.6,0
PUMP-02443,90,20.4,44.8,2.45,12,90.6,0
PUMP-02444,113,73.8,55.8,3.16,14,143.6,1
PUMP-02445,94,47.1,54.3,2.38,10,41.8,0
PUMP-02446,125,57.3,59.4,3.01,24,20.4,0
PUMP-02447,116,79.7,62.7,3.46,24,127.0,0
PUMP-02448,14,60.2,55.6,1.34,25,99.8,0
PUMP-02449,69,54.9,53.7,2.56,27,53.5,0
PUMP-02450,44,34.8,56.3,2.95,15,73.8,0
PUMP-02451,82,78.4,64.8,4.99,28,137.2,1
PUMP-02452,41,100.0,57.8,2.81,22,130.2,0
PUMP-02453,62,61.8,60.7,3.44,18,41.4,0
PUMP-02454,51,88.1,58.8,3.1,26,33.0,0
PUMP-02455,110,67.9,59.9,4.56,13,97.9,1
PUMP-02456,112,34.3,56.0,3.96,11,58.0,0
PUMP-02457,52,81.3,60.2,2.9,14,335.1,0
PUMP-02458,117,25.2,54.7,6.62,16,309.2,0
PUMP-02459,89,53.4,52.8,3.47,15,152.8,0
PUMP-02460,137,76.1,57.2,2.85,20,64.8,0
PUMP-02461,128,76.0,59.6,2.94,18,108.8,0
PUMP-02462,89,57.4,66.6,6.8,22,239.8,1
PUMP-02463,142,94.7,61.7,5.54,19,199.8,0
PUMP-02464,128,34.2,59.0,5.48,10,22.1,0
PUMP-02465,73,35.5,63.5,3.67,9,31.1,0
PUMP-02466,55,65.0,54.8,3.43,20,40.1,0
PUMP-02467,73,77.1,57.2,2.88,27,22.5,0
PUMP-02468,136,34.9,48.0,3.94,14,62.2,0
PUMP-02469,38,80.7,65.4,2.68,23,29.7,0
PUMP-02470,70,73.1,56.8,5.04,25,72.8,0
PUMP-02471,67,68.3,63.9,5.5,20,34.4,0
PUMP-02472,133,74.9,65.1,3.62,30,9.1,0
PUMP-02473,50,95.3,61.1,3.72,20,152.6,0
PUMP-02474,19,54.8,51.4,2.29,28,46.3,0
PUMP-02475,32,51.2,54.6,2.99,16,77.7,1
PUMP-02476,85,60.5,63.9,3.15,18,191.5,0
PUMP-02477,90,46.8,54.3,3.0,18,97.8,0
PUMP-02478,20,72.0,58.2,1.5,21,40.7,0
PUMP-02479,20,65.6,59.2,1.83,16,46.7,0
PUMP-02480,55,47.5,52.1,2.83,13,145.3,0
PUMP-02481,112,63.2,57.0,2.39,12,16.5,0
PUMP-02482,134,71.7,60.1,2.26,18,30.5,0
PUMP-02483,27,63.0,53.9,2.32,21,16.7,0
PUMP-02484,112,74.5,58.2,3.75,25,102.2,0
PUMP-02485,112,71.5,60.7,5.41,18,77.9,0
PUMP-02486,131,78.7,58.6,5.06,19,154.5,0
PUMP-02487,142,58.9,50.7,2.87,23,60.1,0
PUMP-02488,116,77.0,57.4,3.08,19,169.6,0
PUMP-02489,21,100.0,65.6,5.76,21,126.2,0
PUMP-02490,121,77.9,60.0,3.73,25,42.6,0
PUMP-02491,38,49.9,53.3,2.28,18,14.2,0
PUMP-02492,112,59.0,60.7,3.85,25,178.5,0
PUMP-02493,67,37.4,60.2,1.5,20,13.4,0
PUMP-02494,31,52.0,57.6,3.29,23,30.0,0
PUMP-02495,136,89.9,53.6,3.41,27,102.4,1
PUMP-02496,99,45.8,46.4,2.36,15,27.5,0
PUMP-02497,18,61.3,50.3,2.48,13,72.9,0
PUMP-02498,77,44.8,52.7,2.16,9,36.3,0
PUMP-02499,34,75.3,56.7,6.53,30,64.3,0
PUMP-02500,73,68.8,53.0,1.85,16,165.0,0
PUMP-02501,32,59.1,49.6,4.85,22,60.8,0
PUMP-02502,61,52.7,51.8,3.42,23,132.4,0
PUMP-02503,52,37.1,58.0,3.85,15,138.8,0
PUMP-02504,133,57.1,62.4,4.05,31,236.4,1
PUMP-02505,114,60.2,56.1,3.23,12,114.6,0
PUMP-02506,5,41.3,56.7,4.48,19,37.0,0
PUMP-02507,33,40.4,56.3,2.79,19,52.6,0
PUMP-02508,89,77.0,57.6,2.26,19,201.7,0
PUMP-02509,79,56.0,54.3,2.37,17,191.1,0
PUMP-02510,47,53.7,54.3,2.59,23,55.2,0
PUMP-02511,35,69.1,66.4,5.15,16,82.8,0
PUMP-02512,75,76.8,55.4,1.91,17,53.0,0
PUMP-02513,54,83.3,58.0,3.23,14,40.4,0
PUMP-02514,39,76.4,69.4,3.24,27,88.4,0
PUMP-02515,19,74.9,53.8,1.35,21,143.9,0
PUMP-02516,140,58.2,63.9,3.55,20,87.8,0
PUMP-02517,59,66.9,58.7,1.66,19,74.6,0
PUMP-02518,2,39.4,44.5,2.22,18,86.2,0
PUMP-02519,34,60.2,48.8,4.95,18,41.4,0
PUMP-02520,24,61.9,61.9,3.62,12,47.2,0
PUMP-02521,115,47.4,64.7,5.0,25,89.2,1
PUMP-02522,78,83.0,60.6,3.66,18,101.7,1
PUMP-02523,74,49.1,54.7,2.59,13,115.0,0
PUMP-02524,10,100.0,57.4,2.42,29,30.1,0
PUMP-02525,78,72.6,62.8,2.42,19,130.8,0
PUMP-02526,25,92.9,57.2,2.6,24,165.0,0
PUMP-02527,95,77.2,58.5,2.74,20,10.6,0
PUMP-02528,100,43.4,54.2,6.95,22,83.9,0
PUMP-02529,100,39.5,52.9,1.53,20,85.0,0
PUMP-02530,120,54.3,63.4,1.82,18,53.9,0
PUMP-02531,138,100.0,66.5,4.96,24,72.6,0
PUMP-02532,76,69.4,67.5,4.57,21,92.9,0
PUMP-02533,114,49.0,57.0,3.61,18,52.7,0
PUMP-02534,66,32.1,48.4,2.33,25,107.8,0
PUMP-02535,9,79.6,66.8,2.53,18,62.5,0
PUMP-02536,128,64.1,57.8,2.26,25,122.1,0
PUMP-02537,57,100.0,66.0,3.64,32,206.4,1
PUMP-02538,133,72.7,60.0,3.48,27,54.0,0
PUMP-02539,38,78.9,59.8,2.68,20,79.4,0
PUMP-02540,97,52.9,58.1,1.88,20,26.7,0
PUMP-02541,88,61.6,55.3,3.18,17,57.6,0
PUMP-02542,126,59.0,61.9,4.09,17,92.8,0
PUMP-02543,93,59.9,54.3,3.74,21,108.8,0
PUMP-02544,72,49.1,63.3,2.26,12,119.0,0
PUMP-02545,105,42.9,49.6,2.62,14,59.0,0
PUMP-02546,43,86.7,65.1,2.86,16,102.3,0
PUMP-02547,97,59.1,57.8,3.35,23,98.7,0
PUMP-02548,104,41.4,59.9,3.58,12,2.5,0
PUMP-02549,98,71.4,64.2,7.34,27,199.1,0
PUMP-02550,53,43.9,47.1,2.54,16,127.0,0
PUMP-02551,104,48.1,53.9,3.16,17,86.3,0
PUMP-02552,33,100.0,62.0,3.06,29,32.6,0
PUMP-02553,97,35.7,55.6,3.51,10,62.5,0
PUMP-02554,98,58.5,53.1,1.95,9,68.4,0
PUMP-02555,30,82.9,58.3,2.84,21,35.6,0
PUMP-02556,118,40.7,57.4,5.25,16,73.4,1
PUMP-02557,92,60.4,60.5,2.34,23,62.2,0
PUMP-02558,127,47.0,47.1,2.23,14,27.9,0
PUMP-02559,60,78.8,54.3,2.29,16,82.6,0
PUMP-02560,55,71.8,55.9,2.19,13,74.7,0
PUMP-02561,71,73.5,59.1,4.26,21,30.5,0
PUMP-02562,46,76.3,64.4,1.78,23,126.6,0
PUMP-02563,44,15.0,50.0,1.87,15,97.7,0
PUMP-02564,104,51.7,63.1,3.93,13,28.4,0
PUMP-02565,5,62.0,55.8,3.37,19,70.0,0
PUMP-02566,13,47.9,50.7,2.17,12,109.8,0
PUMP-02567,110,53.6,56.9,1.92,23,134.3,0
PUMP-02568,96,54.9,54.1,2.82,24,110.5,0
PUMP-02569,95,67.6,63.7,3.65,21,155.3,0
PUMP-02570,65,48.6,56.1,3.76,19,98.6,0
PUMP-02571,133,82.7,59.6,3.44,21,17.1,0
PUMP-02572,47,94.6,57.4,3.04,22,182.1,0
PUMP-02573,82,39.5,55.6,5.3,16,78.2,0
PUMP-02574,93,46.9,55.8,4.15,21,96.7,0
PUMP-02575,55,80.8,56.9,3.08,25,144.7,0
PUMP-02576,66,83.5,51.2,2.91,19,311.0,0
PUMP-02577,4,72.4,57.3,4.9,25,258.0,0
PUMP-02578,11,88.8,67.9,2.66,24,77.2,0
PUMP-02579,68,65.5,54.1,2.95,17,53.8,0
PUMP-02580,64,28.8,53.6,2.2,18,65.9,0
PUMP-02581,73,57.1,53.3,3.61,12,225.9,0
PUMP-02582,45,71.2,65.0,2.48,14,61.0,0
PUMP-02583,50,60.0,61.8,3.33,15,76.2,0
PUMP-02584,74,91.6,67.1,5.22,21,138.8,1
PUMP-02585,66,75.8,60.5,2.28,18,64.5,0
PUMP-02586,141,90.3,67.4,3.0,14,67.3,0
PUMP-02587,132,68.4,62.9,3.73,20,28.3,0
PUMP-02588,17,24.0,38.8,2.05,12,243.0,0
PUMP-02589,99,64.6,64.9,2.97,22,65.1,0
PUMP-02590,143,66.4,62.9,2.67,22,59.6,0
PUMP-02591,32,79.9,59.9,2.47,24,156.0,0
PUMP-02592,122,64.0,57.8,3.4,18,36.0,0
PUMP-02593,74,68.8,62.8,5.37,22,59.2,1
PUMP-02594,79,40.0,47.3,7.15,17,75.3,0
PUMP-02595,68,80.0,62.8,4.41,20,174.5,0
PUMP-02596,98,44.7,53.1,2.1,18,34.6,0
PUMP-02597,54,15.0,48.1,3.12,12,113.1,0
PUMP-02598,116,83.1,64.4,4.38,29,212.7,0
PUMP-02599,97,76.3,70.1,2.88,16,58.9,0
PUMP-02600,46,36.2,52.3,1.87,16,21.0,0
PUMP-02601,144,40.6,54.0,2.42,23,102.7,0
PUMP-02602,33,29.3,52.3,1.0,18,216.3,0
PUMP-02603,111,70.9,51.2,2.02,24,34.3,0
PUMP-02604,62,24.9,46.2,2.65,16,97.3,0
PUMP-02605,62,74.8,54.4,2.89,16,89.2,0
PUMP-02606,22,78.7,58.3,2.66,16,131.5,0
PUMP-02607,111,82.9,61.6,3.28,29,107.8,0
PUMP-02608,37,53.4,60.5,5.1,17,138.1,0
PUMP-02609,45,66.0,55.3,2.69,32,306.4,0
PUMP-02610,85,35.3,54.0,4.81,17,8.5,0
PUMP-02611,9,65.6,51.8,2.5,16,26.5,0
PUMP-02612,5,77.8,65.1,2.72,19,42.6,0
PUMP-02613,20,63.6,58.2,2.0,26,68.4,0
PUMP-02614,101,28.6,52.0,2.32,10,86.5,0
PUMP-02615,32,86.8,57.4,3.41,30,42.8,0
PUMP-02616,61,94.3,57.8,2.37,26,132.9,0
PUMP-02617,87,36.1,53.0,2.14,22,74.2,0
PUMP-02618,60,74.7,61.0,3.72,20,43.8,0
PUMP-02619,114,62.8,62.9,5.01,24,142.8,0
PUMP-02620,56,90.8,67.2,3.21,23,60.8,0
PUMP-02621,103,61.4,57.3,2.98,13,23.7,0
PUMP-02622,64,40.7,61.1,2.05,12,103.3,0
PUMP-02623,31,64.3,54.9,3.25,15,112.9,0
PUMP-02624,42,69.1,55.0,2.79,19,116.5,0
PUMP-02625,37,62.9,61.9,2.57,18,141.3,0
PUMP-02626,74,66.0,55.8,4.86,29,28.8,0
PUMP-02627,30,81.6,59.8,3.27,21,90.8,0
PUMP-02628,66,43.3,50.8,2.91,25,80.0,0
PUMP-02629,68,45.2,57.9,1.97,21,178.5,0
PUMP-02630,13,82.2,55.2,3.49,24,23.5,0
PUMP-02631,102,72.9,58.4,3.09,23,28.8,0
PUMP-02632,120,36.3,56.1,5.37,17,142.0,1
PUMP-02633,52,41.4,58.2,1.81,23,80.3,0
PUMP-02634,3,62.9,61.5,6.03,17,118.5,0
PUMP-02635,117,66.3,53.3,4.23,15,64.3,0
PUMP-02636,39,45.3,55.3,4.7,24,98.5,0
PUMP-02637,45,85.2,53.9,2.33,22,9.7,0
PUMP-02638,50,49.0,52.1,7.4,18,84.8,0
PUMP-02639,56,81.5,59.8,3.04,14,21.7,0
PUMP-02640,4,64.3,60.1,2.19,25,19.4,0
PUMP-02641,62,74.8,60.6,2.3,23,111.6,0
PUMP-02642,17,15.0,53.2,2.03,16,31.8,0
PUMP-02643,70,53.6,54.4,4.37,17,25.0,0
PUMP-02644,14,76.8,65.0,2.86,26,81.2,1
PUMP-02645,105,59.6,53.3,5.47,16,7.7,0
PUMP-02646,31,41.0,58.2,7.19,12,49.2,0
PUMP-02647,30,60.2,60.1,2.57,22,151.1,0
PUMP-02648,61,76.0,63.6,2.55,20,134.8,0
PUMP-02649,6,65.6,63.6,3.17,24,207.5,0
PUMP-02650,65,56.9,53.8,3.39,21,86.6,0
PUMP-02651,91,43.7,51.5,1.82,19,23.1,0
PUMP-02652,12,55.2,55.9,3.44,17,56.8,0
PUMP-02653,69,83.4,58.7,4.5,13,66.7,0
PUMP-02654,13,54.7,58.6,4.16,18,112.4,0
PUMP-02655,124,71.5,60.0,5.25,21,37.3,0
PUMP-02656,65,58.4,60.9,2.17,18,118.0,0
PUMP-02657,89,42.4,46.0,5.43,11,203.8,0
PUMP-02658,110,63.3,56.4,2.89,18,65.8,0
PUMP-02659,27,49.0,44.4,2.84,14,54.6,0
PUMP-02660,23,39.5,45.9,1.66,17,92.3,0
PUMP-02661,43,43.7,54.0,5.58,11,87.6,0
PUMP-02662,49,93.3,59.7,2.53,22,99.4,0
PUMP-02663,124,35.1,53.1,2.78,23,35.0,0
PUMP-02664,31,51.5,53.8,1.05,20,125.8,0
PUMP-02665,138,28.9,42.6,2.9,11,193.0,0
PUMP-02666,106,63.3,55.7,2.41,28,78.0,0
PUMP-02667,46,67.8,61.2,2.81,24,64.1,0
PUMP-02668,89,73.2,62.2,2.94,21,75.3,0
PUMP-02669,70,68.0,55.8,4.12,23,45.0,0
PUMP-02670,37,76.5,58.5,3.8,21,32.0,0
PUMP-02671,72,79.7,65.2,1.96,17,83.6,0
PUMP-02672,24,51.9,52.7,2.62,20,44.4,0
PUMP-02673,119,86.8,60.4,3.79,16,29.0,0
PUMP-02674,9,65.9,60.1,2.01,17,139.8,0
PUMP-02675,91,60.2,63.2,1.73,23,9.6,0
PUMP-02676,7,35.8,54.5,5.3,20,120.0,0
PUMP-02677,137,90.4,68.6,2.68,26,26.4,0
PUMP-02678,73,50.0,57.8,2.33,15,112.5,0
PUMP-02679,26,61.9,65.9,1.64,23,200.9,0
PUMP-02680,135,82.9,64.0,2.59,21,47.6,0
PUMP-02681,140,61.2,56.0,5.34,25,200.3,1
PUMP-02682,60,37.8,49.7,4.58,12,50.5,0
PUMP-02683,11,61.9,55.4,11.1,17,65.6,0
PUMP-02684,65,71.2,55.0,5.06,28,93.1,0
PUMP-02685,113,47.9,61.3,3.22,18,45.5,1
PUMP-02686,45,28.0,52.6,2.44,25,151.6,0
PUMP-02687,33,64.7,56.5,1.69,24,162.5,0
PUMP-02688,134,43.5,52.0,6.02,19,141.3,0
PUMP-02689,38,53.0,52.4,1.92,11,66.5,0
PUMP-02690,42,47.2,60.7,3.37,19,10.5,0
PUMP-02691,31,66.8,56.6,1.59,22,30.8,0
PUMP-02692,43,63.6,58.4,2.08,21,53.4,0
PUMP-02693,36,100.0,66.8,3.79,23,74.8,0
PUMP-02694,104,73.5,55.8,3.76,20,37.6,0
PUMP-02695,122,55.7,54.0,2.81,19,59.9,0
PUMP-02696,80,52.4,58.5,4.98,24,26.1,0
PUMP-02697,115,58.5,65.6,2.73,22,49.7,0
PUMP-02698,119,73.3,57.7,4.05,28,118.2,1
PUMP-02699,98,48.2,52.6,2.31,13,106.8,0
PUMP-02700,80,77.4,66.3,2.65,19,72.0,0
PUMP-02701,112,54.3,63.4,4.55,22,73.1,0
PUMP-02702,45,51.4,55.1,3.23,23,180.7,0
PUMP-02703,88,44.3,59.3,2.96,12,188.6,0
PUMP-02704,79,45.6,57.8,1.43,17,22.3,0
PUMP-02705,45,59.1,59.5,1.6,16,39.9,0
PUMP-02706,24,58.4,51.6,4.64,20,57.7,0
PUMP-02707,49,81.1,59.8,2.56,25,137.5,0
PUMP-02708,19,51.8,50.3,1.49,20,97.4,0
PUMP-02709,126,60.0,64.3,4.44,22,23.5,0
PUMP-02710,50,90.8,64.6,5.11,32,217.2,0
PUMP-02711,66,78.0,52.6,3.94,25,87.4,0
PUMP-02712,72,77.4,61.6,3.89,26,35.6,0
PUMP-02713,49,86.6,57.8,2.05,17,46.6,0
PUMP-02714,115,66.8,58.8,3.98,14,35.4,0
PUMP-02715,22,92.0,61.1,2.01,27,82.7,0
PUMP-02716,21,75.0,64.9,2.11,27,129.8,0
PUMP-02717,112,84.0,72.0,12.0,21,81.9,1
PUMP-02718,47,77.1,60.7,3.17,20,83.2,0
PUMP-02719,66,65.6,46.6,2.09,25,75.6,0
PUMP-02720,85,61.4,51.5,3.09,21,159.4,0
PUMP-02721,130,100.0,68.5,3.76,29,58.3,0
PUMP-02722,56,94.6,70.1,4.11,26,4.6,1
PUMP-02723,32,79.3,56.6,2.6,23,87.3,1
PUMP-02724,122,41.8,54.5,3.58,24,50.3,0
PUMP-02725,96,79.8,59.8,2.37,29,54.9,0
PUMP-02726,41,58.0,64.3,2.04,20,38.2,0
PUMP-02727,28,55.4,60.2,1.86,15,94.0,0
PUMP-02728,116,46.5,61.0,5.71,28,60.6,0
PUMP-02729,135,85.0,56.7,3.76,20,31.3,0
PUMP-02730,28,63.1,55.7,4.89,15,31.7,0
PUMP-02731,42,47.7,57.6,1.94,18,179.8,0
PUMP-02732,124,77.9,66.6,2.79,22,77.1,0
PUMP-02733,111,54.6,58.6,3.71,24,46.9,0
PUMP-02734,47,100.0,59.2,4.82,25,69.1,0
PUMP-02735,108,59.1,62.2,3.3,22,184.3,0
PUMP-02736,21,33.8,49.8,0.88,19,7.5,0
PUMP-02737,72,85.9,64.0,5.57,20,47.4,1
PUMP-02738,34,47.5,48.1,4.03,21,57.1,0
PUMP-02739,65,62.9,62.7,3.61,17,84.9,0
PUMP-02740,35,50.6,46.9,2.02,28,106.5,0
PUMP-02741,91,90.5,64.5,4.75,24,50.5,1
PUMP-02742,18,63.9,49.9,1.34,19,129.4,0
PUMP-02743,18,72.6,54.8,5.49,20,45.2,0
PUMP-02744,88,56.9,55.7,4.1,24,24.4,0
PUMP-02745,49,46.6,57.4,1.84,18,153.5,0
PUMP-02746,63,68.8,60.6,4.59,27,49.5,0
PUMP-02747,31,84.9,68.6,4.09,18,32.5,0
PUMP-02748,87,60.5,61.7,2.37,26,102.5,0
PUMP-02749,21,68.2,57.8,1.43,16,48.4,0
PUMP-02750,8,50.4,60.4,1.48,15,126.3,0
PUMP-02751,82,35.3,54.4,2.14,18,40.5,0
PUMP-02752,48,81.4,55.7,5.49,33,213.5,1
PUMP-02753,11,64.5,58.1,4.16,29,19.3,0
PUMP-02754,75,76.1,66.7,7.57,28,93.0,1
PUMP-02755,134,61.3,63.0,2.42,21,156.7,0
PUMP-02756,103,62.5,64.6,3.88,20,33.2,0
PUMP-02757,51,64.0,55.0,3.43,26,94.5,0
PUMP-02758,86,88.4,74.6,2.51,22,81.0,0
PUMP-02759,141,63.7,59.9,5.31,14,47.7,0
PUMP-02760,118,63.2,58.9,3.26,15,153.6,0
PUMP-02761,22,37.6,50.7,1.36,18,100.1,0
PUMP-02762,43,64.0,57.8,3.74,18,99.4,0
PUMP-02763,62,42.1,52.6,5.18,10,46.7,0
PUMP-02764,130,49.1,57.8,2.78,20,203.5,0
PUMP-02765,73,100.0,65.2,3.49,29,35.9,0
PUMP-02766,136,49.4,53.4,2.94,15,39.2,0
PUMP-02767,71,45.9,58.7,1.8,19,109.3,0
PUMP-02768,105,79.1,55.2,5.6,30,153.1,0
PUMP-02769,142,50.2,63.7,2.3,11,106.2,0
PUMP-02770,102,75.3,64.8,2.55,19,74.2,0
PUMP-02771,90,64.9,59.0,4.02,23,138.6,0
PUMP-02772,142,71.5,58.5,2.97,27,32.2,0
PUMP-02773,92,61.9,56.8,2.59,14,112.5,0
PUMP-02774,33,78.6,57.8,5.73,26,94.8,0
PUMP-02775,104,37.4,62.4,3.5,9,67.3,0
PUMP-02776,126,60.2,51.5,3.56,22,110.1,0
PUMP-02777,51,71.7,66.8,1.3,23,102.5,0
PUMP-02778,37,62.8,62.2,1.28,23,96.7,0
PUMP-02779,6,72.2,56.7,1.88,18,61.1,0
PUMP-02780,135,75.6,59.6,4.62,16,57.8,1
PUMP-02781,111,55.2,56.2,2.14,18,54.3,0
PUMP-02782,35,47.3,54.1,2.73,21,98.8,0
PUMP-02783,87,54.2,57.9,2.43,19,31.7,0
PUMP-02784,132,62.7,53.3,4.58,23,14.0,0
PUMP-02785,26,84.3,59.9,2.24,25,39.2,0
PUMP-02786,7,57.4,47.3,1.84,18,115.8,0
PUMP-02787,42,55.7,59.5,10.73,16,18.7,0
PUMP-02788,132,48.0,56.2,4.87,12,91.1,0
PUMP-02789,68,67.4,54.1,5.53,18,111.7,0
PUMP-02790,122,76.7,60.2,4.8,27,110.7,0
PUMP-02791,120,35.8,56.1,3.12,16,172.1,0
PUMP-02792,22,61.6,48.9,4.66,10,46.6,0
PUMP-02793,105,44.3,55.9,3.69,17,213.1,0
PUMP-02794,92,58.6,58.1,2.73,21,105.8,1
PUMP-02795,86,47.0,56.1,3.41,14,91.5,0
PUMP-02796,81,58.5,55.8,1.51,19,157.4,0
PUMP-02797,133,76.3,57.9,4.12,26,17.9,0
PUMP-02798,139,52.8,59.6,3.16,13,16.5,0
PUMP-02799,118,65.2,59.1,3.93,17,50.2,0
PUMP-02800,104,56.7,49.0,4.0,16,91.0,0
PUMP-02801,108,54.6,58.3,3.03,13,26.8,0
PUMP-02802,45,57.0,56.8,2.08,23,43.6,0
PUMP-02803,123,68.1,57.9,5.28,25,45.1,1
PUMP-02804,39,78.1,56.1,2.24,23,19.6,0
PUMP-02805,112,79.6,55.1,3.2,21,111.7,0
PUMP-02806,110,78.3,62.5,3.0,25,53.1,0
PUMP-02807,18,80.7,56.3,5.5,23,99.0,0
PUMP-02808,123,44.4,60.9,7.34,14,104.0,0
PUMP-02809,41,48.6,52.5,2.41,25,132.9,0
PUMP-02810,26,55.5,55.8,2.7,19,119.9,0
PUMP-02811,55,42.1,55.0,1.64,16,35.8,0
PUMP-02812,74,50.4,53.2,2.07,13,29.1,1
PUMP-02813,32,46.2,58.6,2.71,16,101.9,0
PUMP-02814,42,38.1,51.6,3.76,27,34.8,0
PUMP-02815,22,67.4,52.8,3.95,27,114.0,0
PUMP-02816,50,68.8,64.2,2.85,18,39.3,0
PUMP-02817,44,69.8,54.1,4.71,18,202.1,0
PUMP-02818,30,75.5,63.1,5.07,13,86.9,0
PUMP-02819,92,65.9,61.0,2.51,27,75.9,0
PUMP-02820,98,70.0,67.7,3.0,25,48.4,1
PUMP-02821,29,42.5,56.2,3.16,24,186.0,0
PUMP-02822,99,78.9,59.2,3.92,26,54.1,0
PUMP-02823,25,64.9,67.0,2.35,28,16.0,0
PUMP-02824,15,62.5,53.4,2.07,20,100.1,0
PUMP-02825,84,63.8,68.6,1.87,18,130.5,0
PUMP-02826,118,60.9,54.3,3.92,20,107.4,0
PUMP-02827,19,33.4,49.1,1.8,12,243.9,0
PUMP-02828,131,45.9,67.7,5.4,19,57.3,1
PUMP-02829,8,55.2,61.0,2.31,17,84.9,0
PUMP-02830,109,61.4,61.6,4.6,20,165.2,1
PUMP-02831,7,63.6,54.2,2.32,14,3.4,0
PUMP-02832,81,24.9,46.2,1.59,14,157.7,0
PUMP-02833,139,71.0,60.9,2.66,26,96.8,0
PUMP-02834,129,59.4,58.1,2.63,17,128.0,0
PUMP-02835,82,42.4,53.0,5.86,18,47.5,0
PUMP-02836,96,57.9,60.3,3.54,16,200.1,0
PUMP-02837,83,81.5,62.4,3.05,27,149.6,0
PUMP-02838,116,65.8,58.4,2.33,13,26.5,0
PUMP-02839,57,70.3,61.7,3.14,32,16.5,0
PUMP-02840,91,59.4,64.5,5.65,17,40.1,1
PUMP-02841,32,94.4,50.9,2.25,24,127.2,0
PUMP-02842,55,48.1,56.7,4.57,15,96.3,1
PUMP-02843,8,28.2,53.9,5.91,13,73.5,0
PUMP-02844,63,58.2,57.8,6.68,12,105.3,1
PUMP-02845,9,81.7,53.5,3.49,25,87.5,0
PUMP-02846,77,59.0,57.1,3.57,21,189.5,0
PUMP-02847,45,73.1,58.6,2.08,22,75.4,0
PUMP-02848,23,51.6,61.5,3.98,25,99.6,0
PUMP-02849,70,90.4,61.9,6.84,35,49.4,0
PUMP-02850,131,88.9,62.6,5.8,22,131.7,0
PUMP-02851,33,63.3,62.0,2.85,18,44.8,0
PUMP-02852,60,60.1,59.6,2.28,19,45.5,0
PUMP-02853,49,79.9,58.8,4.89,18,37.5,0
PUMP-02854,38,98.0,56.5,3.22,28,58.8,0
PUMP-02855,37,82.0,65.3,2.31,26,119.8,0
PUMP-02856,22,100.0,69.4,3.74,29,124.0,0
PUMP-02857,61,72.2,58.2,4.2,28,18.8,0
PUMP-02858,135,59.8,61.0,2.67,15,250.0,0
PUMP-02859,61,53.1,48.1,4.9,17,128.7,0
PUMP-02860,62,90.4,59.3,2.54,29,49.1,0
PUMP-02861,136,84.5,58.7,4.88,28,131.4,0
PUMP-02862,70,70.0,60.8,3.97,17,92.6,0
PUMP-02863,117,41.9,64.2,2.28,8,53.1,0
PUMP-02864,47,36.3,52.4,8.42,23,93.2,0
PUMP-02865,80,70.6,59.9,1.83,19,33.8,0
PUMP-02866,45,28.5,49.5,3.52,17,105.4,0
PUMP-02867,77,61.9,54.5,4.6,14,29.9,0
PUMP-02868,139,46.7,51.9,2.4,16,76.2,0
PUMP-02869,25,85.0,64.9,4.35,21,118.0,0
PUMP-02870,40,79.6,60.4,1.85,19,11.4,0
PUMP-02871,22,60.5,57.3,1.75,16,161.3,0
PUMP-02872,34,59.4,49.6,1.65,18,18.8,0
PUMP-02873,80,75.8,58.8,3.41,22,22.7,0
PUMP-02874,81,36.5,49.7,3.3,12,69.7,0
PUMP-02875,99,17.4,51.1,1.77,12,135.0,0
PUMP-02876,98,78.9,60.5,2.72,16,254.5,0
PUMP-02877,63,59.1,51.2,4.91,19,66.9,0
PUMP-02878,86,89.6,60.9,3.55,33,159.3,0
PUMP-02879,88,98.1,64.0,3.44,14,245.9,1
PUMP-02880,140,57.8,59.0,2.54,20,18.2,0
PUMP-02881,36,85.7,60.3,1.78,20,89.8,0
PUMP-02882,42,60.6,61.5,4.09,17,59.5,0
PUMP-02883,122,62.3,63.2,3.3,27,26.7,0
PUMP-02884,28,73.9,62.5,1.68,24,120.0,0
PUMP-02885,17,68.3,58.0,2.1,17,241.8,0
PUMP-02886,39,100.0,63.8,2.8,16,84.8,0
PUMP-02887,52,67.8,50.7,3.54,18,147.6,0
PUMP-02888,61,57.4,56.6,5.37,19,31.6,0
PUMP-02889,30,72.3,61.3,2.34,24,77.8,0
PUMP-02890,111,68.8,53.0,4.74,23,8.5,0
PUMP-02891,17,59.4,55.5,2.73,28,50.2,0
PUMP-02892,41,46.5,50.5,4.7,16,61.7,0
PUMP-02893,34,38.2,49.5,3.38,16,114.0,0
PUMP-02894,79,46.8,56.1,3.5,15,70.4,0
PUMP-02895,74,70.3,62.5,2.78,18,21.5,0
PUMP-02896,73,22.2,49.9,2.28,12,76.9,0
PUMP-02897,69,58.0,61.2,3.13,22,129.8,1
PUMP-02898,122,85.2,57.8,2.57,27,159.8,0
PUMP-02899,90,56.1,55.1,4.81,17,85.8,0
PUMP-02900,44,98.7,65.7,3.9,26,156.5,0
PUMP-02901,38,66.0,60.1,2.3,22,25.7,0
PUMP-02902,63,52.8,48.0,3.55,21,47.6,0
PUMP-02903,63,27.7,57.1,2.85,12,78.2,0
PUMP-02904,16,67.2,58.8,5.87,19,89.4,0
PUMP-02905,128,48.3,57.6,4.77,14,190.7,1
PUMP-02906,49,56.5,53.1,1.72,32,65.6,0
PUMP-02907,128,45.9,51.9,2.0,27,57.4,0
PUMP-02908,86,66.7,61.2,4.23,24,54.0,0
PUMP-02909,29,55.5,52.1,3.69,19,13.5,0
PUMP-02910,123,58.5,59.3,3.21,13,91.5,0
PUMP-02911,112,74.6,64.1,4.26,20,202.2,0
PUMP-02912,27,100.0,67.5,3.53,26,136.4,0
PUMP-02913,47,55.2,50.0,2.05,17,68.3,0
PUMP-02914,55,64.4,62.6,3.55,20,65.5,0
PUMP-02915,32,51.9,57.4,1.57,20,114.0,0
PUMP-02916,35,35.7,48.5,2.49,16,19.2,0
PUMP-02917,140,74.3,52.5,4.22,22,87.0,0
PUMP-02918,88,62.4,58.0,2.91,14,143.4,0
PUMP-02919,83,69.9,62.5,3.3,30,80.8,0
PUMP-02920,99,55.8,60.5,6.11,19,128.0,0
PUMP-02921,56,55.6,53.9,1.35,18,88.3,0
PUMP-02922,30,44.4,50.7,2.92,12,47.5,0
PUMP-02923,28,20.3,54.0,5.86,17,67.8,0
PUMP-02924,28,65.2,61.8,1.16,24,32.6,0
PUMP-02925,35,61.7,53.1,1.67,17,52.1,0
PUMP-02926,43,81.4,62.6,2.51,22,72.1,0
PUMP-02927,13,93.1,60.6,3.44,27,143.6,0
PUMP-02928,116,50.0,52.7,2.84,17,77.2,0
PUMP-02929,12,46.1,50.0,2.01,13,66.5,0
PUMP-02930,72,53.2,54.7,6.78,20,65.2,0
PUMP-02931,12,52.1,62.0,2.46,20,29.6,0
PUMP-02932,28,71.2,56.5,2.44,19,134.2,0
PUMP-02933,135,51.2,60.6,4.51,21,64.3,0
PUMP-02934,93,54.2,59.4,2.68,16,23.1,0
PUMP-02935,127,78.4,59.6,6.11,19,198.5,1
PUMP-02936,109,90.7,58.4,4.58,32,13.8,0
PUMP-02937,24,77.2,53.0,3.21,22,53.5,0
PUMP-02938,72,68.7,58.6,1.79,26,69.8,0
PUMP-02939,23,68.6,52.9,3.8,21,24.3,0
PUMP-02940,14,44.8,57.5,1.8,9,64.7,0
PUMP-02941,73,79.3,64.4,4.38,13,59.6,0
PUMP-02942,103,61.6,55.3,4.61,24,162.0,0
PUMP-02943,32,82.2,64.7,4.65,22,67.7,1
PUMP-02944,135,50.4,57.5,2.32,18,145.5,0
PUMP-02945,112,62.7,56.6,2.15,18,139.3,0
PUMP-02946,17,65.3,56.7,4.63,20,45.3,0
PUMP-02947,53,34.9,54.4,4.48,15,73.3,0
PUMP-02948,77,56.7,47.2,2.73,16,11.9,0
PUMP-02949,135,40.2,59.1,3.4,26,73.9,0
PUMP-02950,125,90.4,61.9,3.71,22,101.9,0
PUMP-02951,136,76.9,57.8,4.32,20,91.5,0
PUMP-02952,27,69.2,57.2,2.51,23,126.1,0
PUMP-02953,25,55.2,59.1,4.7,14,80.1,0
PUMP-02954,88,65.6,64.9,2.8,15,218.2,0
PUMP-02955,51,52.0,41.8,5.18,14,118.1,0
PUMP-02956,116,80.9,65.7,3.63,15,86.6,1
PUMP-02957,16,27.6,48.8,5.79,18,134.4,0
PUMP-02958,23,86.5,67.6,3.4,20,145.7,0
PUMP-02959,121,39.0,56.2,2.44,23,54.9,0
PUMP-02960,125,55.1,59.4,3.23,17,95.3,0
PUMP-02961,29,70.1,56.1,2.67,22,163.2,0
PUMP-02962,108,72.7,54.2,2.14,11,70.2,0
PUMP-02963,74,64.8,56.6,3.5,14,203.8,1
PUMP-02964,84,60.8,59.9,4.77,22,143.7,0
PUMP-02965,22,51.4,49.6,3.56,18,31.6,0
PUMP-02966,62,37.3,51.1,2.75,19,157.9,0
PUMP-02967,46,43.7,58.3,1.68,10,155.9,0
PUMP-02968,45,42.2,53.9,2.89,15,75.2,0
PUMP-02969,125,45.8,49.3,2.41,16,27.4,0
PUMP-02970,113,84.6,58.6,2.53,21,78.8,0
PUMP-02971,144,56.8,57.5,3.47,23,45.1,0
PUMP-02972,63,67.1,58.4,2.2,16,42.3,0
PUMP-02973,63,55.3,56.9,1.37,18,46.5,0
PUMP-02974,61,71.0,57.2,8.8,13,90.0,0
PUMP-02975,71,78.1,58.2,2.53,23,39.4,0
PUMP-02976,142,51.4,61.6,7.75,14,23.7,0
PUMP-02977,70,65.2,64.1,5.94,19,26.0,0
PUMP-02978,58,61.2,48.6,1.97,24,100.8,0
PUMP-02979,98,48.5,54.6,2.34,22,23.0,0
PUMP-02980,142,76.6,60.5,8.52,12,69.7,1
PUMP-02981,77,50.7,63.1,5.29,27,31.6,1
PUMP-02982,101,73.9,60.4,6.98,26,130.0,1
PUMP-02983,126,82.4,56.8,3.97,31,152.9,0
PUMP-02984,109,50.0,52.9,2.6,19,67.4,0
PUMP-02985,19,70.4,51.6,2.87,19,92.9,1
PUMP-02986,9,66.9,58.0,1.61,15,83.7,0
PUMP-02987,67,66.1,55.1,1.91,23,99.0,0
PUMP-02988,125,57.9,54.2,4.04,19,172.6,0
PUMP-02989,77,74.8,56.0,1.93,24,36.3,0
PUMP-02990,126,69.1,59.0,5.4,14,103.3,0
PUMP-02991,100,62.4,62.3,2.45,15,97.7,0
PUMP-02992,2,64.0,69.8,1.93,18,6.9,0
PUMP-02993,19,27.3,54.0,1.04,12,142.1,0
PUMP-02994,25,91.8,58.4,3.24,14,28.0,0
PUMP-02995,10,45.0,57.4,2.17,17,82.5,0
PUMP-02996,104,54.2,57.4,6.96,16,69.7,0
PUMP-02997,18,77.0,58.8,2.61,20,187.9,0
PUMP-02998,7,45.6,55.1,2.66,19,6.5,0
PUMP-02999,123,75.0,57.9,8.27,21,68.8,0
PUMP-03000,92,36.5,51.1,2.67,21,145.2,0
PUMP-03001,128,88.9,59.9,4.41,22,26.3,0
PUMP-03002,101,58.3,56.9,4.23,20,102.8,0
PUMP-03003,19,70.9,54.8,2.09,16,62.8,0
PUMP-03004,109,63.4,65.1,3.66,20,170.4,1
PUMP-03005,27,38.6,51.7,1.62,17,123.5,0
PUMP-03006,41,40.4,55.5,1.94,19,187.2,0
PUMP-03007,59,72.2,58.9,1.8,22,40.8,0
PUMP-03008,103,65.7,56.8,4.7,16,62.1,0
PUMP-03009,89,54.7,57.6,2.7,21,63.2,0
PUMP-03010,39,55.2,61.9,2.21,17,43.5,0
PUMP-03011,55,73.7,69.5,3.55,18,96.9,0
PUMP-03012,65,71.3,64.1,2.66,20,138.9,0
PUMP-03013,115,84.6,61.3,4.46,28,22.7,0
PUMP-03014,117,56.2,54.6,2.09,14,70.6,0
PUMP-03015,131,53.8,61.1,4.47,16,55.2,0
PUMP-03016,113,62.9,53.8,2.79,21,138.3,0
PUMP-03017,80,46.6,48.8,4.3,14,159.0,0
PUMP-03018,88,46.1,53.8,4.42,20,54.8,0
PUMP-03019,69,41.4,57.4,5.64,17,111.9,0
PUMP-03020,55,40.3,54.0,2.99,21,119.2,0
PUMP-03021,102,63.3,57.2,3.57,18,29.4,0
PUMP-03022,7,47.5,59.0,3.74,30,117.4,0
PUMP-03023,101,48.9,53.6,4.28,13,151.8,0
PUMP-03024,30,63.9,49.7,3.05,12,104.9,0
PUMP-03025,136,48.2,56.6,2.81,18,40.8,0
PUMP-03026,28,34.4,51.8,2.79,13,123.4,0
PUMP-03027,84,60.5,50.7,3.43,23,157.9,0
PUMP-03028,135,52.1,53.9,2.45,16,26.6,0
PUMP-03029,100,73.9,56.3,2.42,24,17.4,0
PUMP-03030,100,78.2,59.9,2.43,14,98.3,0
PUMP-03031,11,69.3,52.5,3.04,22,292.6,0
PUMP-03032,104,44.7,62.2,2.14,10,188.9,1
PUMP-03033,9,65.8,52.6,2.22,18,51.4,0
PUMP-03034,7,48.3,51.2,0.88,14,170.7,0
PUMP-03035,130,70.5,60.7,4.05,20,38.3,0
PUMP-03036,11,72.4,60.4,4.43,22,57.6,0
PUMP-03037,138,65.8,56.7,2.76,23,138.2,0
PUMP-03038,112,47.5,56.0,7.71,19,41.3,0
PUMP-03039,126,86.2,61.2,5.64,26,26.5,1
PUMP-03040,45,64.4,70.7,2.71,17,118.0,0
PUMP-03041,75,79.8,61.7,4.17,35,21.0,0
PUMP-03042,142,43.0,60.1,2.9,10,136.9,0
PUMP-03043,92,67.0,54.9,4.0,15,111.9,0
PUMP-03044,64,60.2,54.3,2.89,17,20.7,0
PUMP-03045,2,49.6,48.7,3.39,22,82.8,0
PUMP-03046,55,63.7,54.2,3.86,20,117.9,0
PUMP-03047,111,40.5,57.0,2.42,20,51.8,0
PUMP-03048,21,65.0,57.3,2.65,21,166.9,0
PUMP-03049,99,72.6,61.5,3.36,13,39.0,0
PUMP-03050,111,43.8,51.5,4.03,22,40.6,0
PUMP-03051,129,81.9,70.7,4.36,23,157.0,0
PUMP-03052,6,60.8,61.1,1.75,16,341.1,0
PUMP-03053,90,56.7,54.0,2.2,20,74.4,0
PUMP-03054,45,73.7,57.6,2.01,22,145.7,0
PUMP-03055,35,81.2,67.3,2.81,14,56.2,0
PUMP-03056,138,58.3,56.4,3.31,20,159.8,0
PUMP-03057,44,41.3,58.1,0.99,12,29.2,0
PUMP-03058,123,74.3,57.8,6.26,13,168.5,0
PUMP-03059,43,100.0,65.4,6.43,14,21.4,0
PUMP-03060,56,55.4,53.4,1.91,17,87.3,0
PUMP-03061,141,83.2,62.3,4.05,23,20.6,0
PUMP-03062,144,67.6,58.4,5.04,24,217.7,0
PUMP-03063,82,68.0,57.8,4.37,20,92.3,0
PUMP-03064,111,68.4,63.7,4.07,18,39.0,0
PUMP-03065,17,82.4,62.8,2.25,18,85.5,0
PUMP-03066,74,65.3,54.5,2.98,11,35.2,0
PUMP-03067,29,68.0,57.8,2.36,27,57.6,0
PUMP-03068,40,60.9,44.2,1.41,16,29.1,0
PUMP-03069,92,53.2,64.1,2.29,16,80.2,0
PUMP-03070,14,84.4,61.8,3.09,17,78.8,0
PUMP-03071,103,46.5,58.8,2.27,18,101.0,0
PUMP-03072,139,89.6,62.8,6.2,29,60.5,0
PUMP-03073,96,63.3,58.8,3.15,24,91.4,0
PUMP-03074,95,93.3,64.2,6.43,29,101.2,0
PUMP-03075,73,87.3,64.5,2.91,25,30.4,0
PUMP-03076,24,85.9,51.9,2.25,17,105.2,0
PUMP-03077,19,90.3,63.3,1.68,17,136.1,0
PUMP-03078,113,62.7,58.4,3.48,18,87.1,0
PUMP-03079,62,40.9,47.7,3.82,19,154.0,0
PUMP-03080,116,72.5,64.5,2.22,15,25.9,0
PUMP-03081,134,92.6,67.5,2.62,18,37.1,0
PUMP-03082,108,49.5,54.1,2.48,16,54.6,0
PUMP-03083,143,52.5,65.6,4.86,25,213.2,1
PUMP-03084,17,53.9,53.9,1.69,15,21.1,0
PUMP-03085,57,66.4,52.8,5.47,21,82.5,0
PUMP-03086,110,57.2,60.8,5.85,13,60.3,1
PUMP-03087,77,47.3,60.1,4.84,30,64.4,0
PUMP-03088,3,68.2,62.8,1.92,23,52.6,0
PUMP-03089,21,61.2,54.1,1.91,19,307.5,0
PUMP-03090,78,99.7,68.2,4.63,24,94.7,1
PUMP-03091,79,43.7,45.4,2.03,15,43.9,0
PUMP-03092,127,56.7,55.8,2.64,18,74.5,0
PUMP-03093,125,49.0,49.6,2.72,23,133.6,0
PUMP-03094,116,91.5,66.0,6.99,30,143.6,0
PUMP-03095,131,47.8,52.3,2.16,16,168.6,1
PUMP-03096,74,65.1,60.5,1.46,24,91.0,0
PUMP-03097,140,72.4,59.4,3.81,25,138.4,0
PUMP-03098,34,32.7,47.8,3.48,13,125.0,0
PUMP-03099,20,63.1,62.1,3.24,25,272.6,0
PUMP-03100,23,63.4,63.3,1.47,25,86.9,0
PUMP-03101,91,70.9,53.6,10.16,31,36.2,0
PUMP-03102,67,57.4,68.4,3.82,16,60.6,0
PUMP-03103,99,72.0,69.9,2.6,21,130.9,0
PUMP-03104,134,97.5,62.0,3.71,21,110.4,0
PUMP-03105,135,63.8,61.9,3.81,22,106.5,0
PUMP-03106,3,91.8,68.6,1.87,20,20.3,0
PUMP-03107,64,73.7,59.9,4.36,20,49.4,0
PUMP-03108,30,65.9,61.6,2.06,30,131.3,0
PUMP-03109,28,71.3,65.7,1.35,17,18.9,0
PUMP-03110,81,62.4,58.0,2.33,19,149.4,0
PUMP-03111,137,81.9,61.6,5.12,21,48.9,0
PUMP-03112,126,55.0,52.5,3.0,19,49.1,0
PUMP-03113,102,22.4,54.8,3.76,12,102.0,0
PUMP-03114,98,50.4,56.1,4.73,18,43.3,1
PUMP-03115,120,70.6,58.7,4.87,16,167.7,0
PUMP-03116,137,61.5,60.4,4.85,22,174.5,1
PUMP-03117,132,66.1,69.7,2.45,32,38.2,0
PUMP-03118,55,62.3,60.0,2.22,18,36.4,0
PUMP-03119,130,53.9,60.6,4.05,18,47.7,0
PUMP-03120,81,77.7,59.8,4.3,20,23.4,0
PUMP-03121,95,54.0,52.0,2.45,14,64.7,0
PUMP-03122,54,50.7,50.9,1.58,26,80.9,0
PUMP-03123,46,45.9,51.9,2.09,20,152.0,0
PUMP-03124,101,86.1,55.8,6.52,18,88.6,0
PUMP-03125,19,34.2,52.5,1.59,9,126.1,0
PUMP-03126,82,66.8,62.1,7.97,17,78.6,0
PUMP-03127,11,71.2,53.3,2.07,22,67.0,0
PUMP-03128,92,52.9,55.5,2.26,18,61.6,0
PUMP-03129,30,89.7,53.4,3.09,21,173.8,0
PUMP-03130,21,44.4,59.1,2.27,11,96.2,0
PUMP-03131,7,36.5,52.3,3.36,12,24.8,0
PUMP-03132,114,70.3,67.7,6.95,24,114.9,0
PUMP-03133,26,64.4,65.2,2.45,16,74.9,0
PUMP-03134,86,67.8,55.0,2.83,22,125.3,0
PUMP-03135,37,53.8,56.5,1.63,21,21.4,0
PUMP-03136,120,65.8,58.4,3.52,24,16.5,0
PUMP-03137,83,100.0,67.5,2.93,21,148.6,0
PUMP-03138,53,67.7,51.5,1.92,25,54.2,0
PUMP-03139,45,89.5,67.6,3.06,19,50.1,0
PUMP-03140,132,30.5,60.7,3.64,8,90.0,0
PUMP-03141,46,74.7,53.7,1.84,23,15.1,0
PUMP-03142,5,70.9,52.4,3.42,21,9.3,0
PUMP-03143,138,42.5,59.2,4.39,21,20.8,0
PUMP-03144,49,75.8,63.6,1.84,24,87.0,0
PUMP-03145,66,73.8,63.5,2.97,23,115.5,0
PUMP-03146,49,46.0,63.8,3.34,15,53.7,0
PUMP-03147,117,43.0,53.7,1.69,9,70.2,0
PUMP-03148,124,39.1,55.9,4.53,17,94.1,0
PUMP-03149,94,56.7,61.8,3.9,16,106.9,0
PUMP-03150,75,60.0,51.4,4.56,24,230.6,0
PUMP-03151,9,65.4,62.1,1.89,21,37.3,0
PUMP-03152,88,61.3,72.9,6.08,22,65.9,1
PUMP-03153,23,54.9,53.6,1.88,19,55.8,0
PUMP-03154,68,93.6,63.4,4.96,24,98.9,0
PUMP-03155,26,54.3,43.6,2.84,14,29.1,0
PUMP-03156,104,68.4,54.5,2.75,26,57.9,0
PUMP-03157,70,77.2,67.4,1.89,18,75.0,0
PUMP-03158,117,68.3,59.7,3.66,20,144.2,0
PUMP-03159,11,54.3,56.3,2.94,13,63.7,0
PUMP-03160,75,74.7,54.8,6.25,24,52.7,0
PUMP-03161,129,79.7,55.4,4.06,20,36.9,0
PUMP-03162,100,49.9,61.9,2.42,17,112.1,0
PUMP-03163,92,39.9,62.4,1.87,15,110.7,0
PUMP-03164,94,86.7,54.4,5.29,29,89.5,0
PUMP-03165,99,68.2,58.6,7.06,16,91.2,1
PUMP-03166,19,61.4,64.7,1.6,9,90.7,0
PUMP-03167,28,54.9,54.6,1.5,21,211.0,0
PUMP-03168,125,75.1,56.0,3.42,13,18.6,0
PUMP-03169,126,48.7,68.3,4.79,16,209.7,1
PUMP-03170,105,100.0,64.4,3.99,24,167.9,0
PUMP-03171,115,26.5,48.4,1.48,12,7.8,0
PUMP-03172,73,36.5,57.0,2.27,15,33.1,0
PUMP-03173,64,95.2,63.4,2.12,14,54.4,0
PUMP-03174,26,80.2,60.9,2.85,20,81.7,0
PUMP-03175,77,31.7,50.2,1.93,16,117.5,0
PUMP-03176,20,52.4,49.9,1.96,19,11.0,0
PUMP-03177,53,69.6,47.6,2.72,16,41.2,0
PUMP-03178,9,60.3,45.1,5.14,18,93.8,0
PUMP-03179,24,59.9,52.6,4.47,14,39.7,0
PUMP-03180,112,83.6,59.6,2.58,26,43.0,0
PUMP-03181,3,52.1,51.9,2.01,20,64.3,0
PUMP-03182,20,58.1,53.1,4.23,16,60.7,0
PUMP-03183,104,60.0,59.2,1.96,22,122.0,0
PUMP-03184,35,33.6,59.1,4.3,16,12.1,0
PUMP-03185,59,55.9,58.1,2.71,18,71.2,0
PUMP-03186,19,89.1,64.6,1.53,27,14.6,0
PUMP-03187,98,51.2,57.3,6.35,24,47.5,0
PUMP-03188,100,69.9,62.7,5.13,27,169.7,0
PUMP-03189,141,47.8,60.1,3.68,12,9.6,0
PUMP-03190,39,70.8,70.2,3.46,15,62.8,0
PUMP-03191,111,64.6,57.2,2.98,19,63.7,0
PUMP-03192,123,53.3,60.0,6.45,23,14.5,1
PUMP-03193,61,68.0,57.9,2.46,22,110.6,0
PUMP-03194,89,61.1,55.1,1.85,19,36.0,0
PUMP-03195,3,48.4,48.6,4.32,17,52.0,0
PUMP-03196,20,46.5,57.2,2.66,16,55.0,0
PUMP-03197,82,47.6,63.0,4.81,13,25.2,1
PUMP-03198,72,64.6,63.1,3.75,17,58.3,0
PUMP-03199,112,79.3,61.1,4.22,15,92.4,0
PUMP-03200,100,60.3,71.1,5.17,21,4.6,0
PUMP-03201,87,85.4,54.7,3.2,21,48.9,0
PUMP-03202,49,71.0,59.2,1.61,28,91.1,0
PUMP-03203,140,70.3,61.3,3.45,24,42.5,0
PUMP-03204,31,75.6,59.3,2.22,20,81.3,0
PUMP-03205,130,97.6,68.6,3.81,26,56.1,0
PUMP-03206,67,48.6,50.1,4.38,20,46.3,0
PUMP-03207,134,73.1,65.0,2.88,20,279.3,0
PUMP-03208,72,39.3,55.5,1.69,16,120.3,0
PUMP-03209,90,76.0,61.0,2.59,20,119.0,0
PUMP-03210,47,63.6,61.7,5.72,23,66.4,0
PUMP-03211,64,85.2,66.2,2.2,26,36.6,0
PUMP-03212,99,79.6,65.0,6.57,21,74.4,1
PUMP-03213,37,32.9,49.6,1.9,13,18.9,0
PUMP-03214,118,52.7,55.7,7.32,16,29.5,0
PUMP-03215,30,26.7,47.5,3.48,19,92.9,1
PUMP-03216,31,30.7,51.5,5.46,14,95.1,0
PUMP-03217,24,55.0,55.3,3.44,16,30.3,0
PUMP-03218,75,64.8,55.9,6.33,18,150.8,0
PUMP-03219,13,77.5,57.4,1.5,19,83.4,0
PUMP-03220,28,66.3,56.0,3.29,19,186.4,0
PUMP-03221,39,42.1,46.5,1.82,18,71.3,0
PUMP-03222,26,39.7,58.8,1.58,34,186.6,0
PUMP-03223,51,48.8,53.0,1.37,14,47.0,0
PUMP-03224,80,64.8,59.7,2.57,20,121.5,0
PUMP-03225,38,16.2,50.3,1.37,12,34.0,0
PUMP-03226,19,26.0,57.4,1.95,18,89.9,0
PUMP-03227,81,48.3,49.9,3.14,14,44.1,0
PUMP-03228,72,61.1,60.3,2.69,14,66.6,0
PUMP-03229,134,45.1,66.1,3.2,11,46.9,0
PUMP-03230,78,78.1,59.0,5.9,22,72.6,0
PUMP-03231,22,32.3,46.3,0.62,24,21.1,0
PUMP-03232,10,54.7,58.2,2.33,25,41.9,0
PUMP-03233,127,61.0,62.0,2.17,19,160.5,0
PUMP-03234,136,65.5,55.4,2.54,21,58.6,0
PUMP-03235,79,79.2,59.0,4.01,24,63.3,0
PUMP-03236,71,40.8,46.3,1.76,11,61.9,0
PUMP-03237,125,55.8,51.9,2.52,15,43.9,0
PUMP-03238,68,55.3,56.7,2.45,8,189.9,0
PUMP-03239,95,75.1,55.9,3.26,14,42.7,0
PUMP-03240,25,30.7,56.9,1.34,20,112.1,0
PUMP-03241,62,73.6,71.9,3.47,18,68.6,0
PUMP-03242,141,48.3,54.7,5.76,18,127.5,0
PUMP-03243,44,73.1,65.0,2.67,22,56.1,0
PUMP-03244,36,41.8,55.5,1.06,12,110.9,0
PUMP-03245,101,50.1,49.0,7.01,19,53.6,0
PUMP-03246,84,68.9,67.2,3.75,18,130.2,0
PUMP-03247,37,41.5,48.4,4.53,13,29.0,0
PUMP-03248,44,77.9,58.2,2.47,24,50.7,0
PUMP-03249,94,84.7,57.4,5.13,23,39.7,0
PUMP-03250,46,52.5,51.3,3.42,16,73.7,0
PUMP-03251,3,83.7,61.3,1.97,19,95.2,0
PUMP-03252,31,67.7,57.6,2.3,17,104.4,0
PUMP-03253,42,76.9,64.8,4.1,30,49.7,0
PUMP-03254,129,58.6,67.5,3.1,28,173.1,0
PUMP-03255,52,66.3,64.0,4.96,22,28.9,0
PUMP-03256,63,55.7,60.8,1.24,15,11.6,0
PUMP-03257,6,76.0,55.9,3.11,19,8.5,0
PUMP-03258,7,76.8,63.0,2.21,22,105.9,0
PUMP-03259,51,60.6,64.6,2.73,18,51.4,0
PUMP-03260,86,47.9,58.6,4.31,6,30.6,0
PUMP-03261,130,73.1,63.7,7.29,18,88.6,1
PUMP-03262,121,54.0,58.6,2.73,20,59.3,0
PUMP-03263,62,66.1,55.2,3.93,28,95.2,0
PUMP-03264,42,35.8,54.7,2.09,14,113.2,0
PUMP-03265,117,42.7,53.9,3.49,16,82.6,0
PUMP-03266,95,68.4,62.1,4.86,27,157.8,0
PUMP-03267,126,68.2,62.9,6.6,16,13.1,0
PUMP-03268,100,85.7,67.4,3.97,16,68.6,0
PUMP-03269,98,76.3,57.7,2.02,13,65.5,0
PUMP-03270,21,23.3,47.3,1.53,10,65.4,0
PUMP-03271,136,59.5,59.4,4.66,24,99.2,0
PUMP-03272,70,51.6,55.9,4.67,13,5.1,0
PUMP-03273,13,47.9,55.3,1.08,17,97.8,0
PUMP-03274,65,46.3,59.9,3.34,12,17.7,0
PUMP-03275,57,49.9,58.4,5.77,13,20.5,0
PUMP-03276,73,90.3,61.5,5.49,18,22.9,0
PUMP-03277,108,60.6,55.5,3.29,16,91.0,0
PUMP-03278,29,66.5,52.9,2.16,27,60.2,0
PUMP-03279,78,69.6,54.5,4.34,20,234.4,1
PUMP-03280,107,69.6,51.7,2.63,24,30.6,0
PUMP-03281,73,45.4,57.3,4.55,26,105.1,0
PUMP-03282,107,83.2,57.7,5.39,28,11.1,0
PUMP-03283,57,65.4,61.6,2.78,21,99.0,0
PUMP-03284,122,100.0,67.1,2.65,24,39.9,0
PUMP-03285,22,45.1,55.3,2.29,16,96.0,0
PUMP-03286,88,77.3,55.4,3.57,22,120.7,0
PUMP-03287,25,54.6,49.0,4.68,20,100.5,0
PUMP-03288,84,54.1,50.8,2.86,18,56.8,0
PUMP-03289,6,68.3,58.7,1.12,14,104.6,0
PUMP-03290,131,53.8,62.2,2.96,23,143.6,0
PUMP-03291,121,71.3,62.9,2.01,15,51.7,0
PUMP-03292,42,35.0,49.2,4.72,15,38.3,0
PUMP-03293,36,54.4,54.3,4.05,21,162.4,0
PUMP-03294,75,55.0,55.9,4.18,17,110.1,0
PUMP-03295,51,77.9,58.8,4.01,16,33.0,0
PUMP-03296,44,56.0,56.6,2.25,16,50.9,0
PUMP-03297,31,69.5,61.6,1.47,14,65.2,0
PUMP-03298,140,45.3,55.3,1.88,24,51.6,0
PUMP-03299,19,68.6,53.1,1.86,23,13.8,0
PUMP-03300,86,60.1,46.4,2.92,23,96.7,0
PUMP-03301,34,55.7,55.6,1.28,16,40.5,0
PUMP-03302,110,57.0,52.8,3.86,24,43.8,0
PUMP-03303,108,65.5,60.3,4.43,18,53.3,0
PUMP-03304,94,37.2,52.1,2.53,19,116.6,0
PUMP-03305,46,47.8,55.1,2.58,13,44.2,0
PUMP-03306,101,46.4,44.4,3.49,28,69.1,0
PUMP-03307,76,61.0,55.0,4.21,16,142.2,0
PUMP-03308,17,86.0,57.2,2.72,16,214.6,0
PUMP-03309,99,46.0,57.8,5.95,22,113.1,0
PUMP-03310,13,76.4,57.7,8.33,22,56.9,0
PUMP-03311,27,85.9,58.2,1.41,19,20.6,0
PUMP-03312,49,63.3,54.9,2.36,15,29.1,0
PUMP-03313,129,35.7,55.1,1.91,19,120.9,0
PUMP-03314,29,74.9,65.1,1.41,19,143.3,0
PUMP-03315,126,80.0,58.2,7.18,25,86.3,0
PUMP-03316,75,74.2,59.8,1.96,27,85.0,0
PUMP-03317,75,75.7,63.6,5.57,17,147.4,1
PUMP-03318,120,26.0,45.4,2.63,19,75.6,0
PUMP-03319,21,70.9,57.8,3.5,16,98.5,0
PUMP-03320,55,74.0,54.3,3.65,18,44.8,0
PUMP-03321,48,59.5,55.2,4.5,17,63.4,0
PUMP-03322,144,56.4,56.1,2.89,15,20.8,0
PUMP-03323,44,40.6,56.2,1.96,14,63.5,0
PUMP-03324,103,91.6,71.6,3.07,25,31.5,0
PUMP-03325,89,84.0,64.8,3.43,18,79.1,0
PUMP-03326,71,51.7,52.5,3.47,17,205.9,0
PUMP-03327,40,55.3,54.6,1.6,20,77.9,0
PUMP-03328,68,77.5,55.6,2.28,26,70.8,0
PUMP-03329,37,90.1,59.7,2.54,19,127.3,0
PUMP-03330,144,90.6,56.5,3.82,26,100.0,1
PUMP-03331,43,95.9,62.2,3.82,25,88.0,0
PUMP-03332,59,62.5,54.1,6.12,17,41.2,0
PUMP-03333,144,75.6,56.3,4.23,17,98.0,1
PUMP-03334,93,53.0,54.3,2.34,14,74.1,0
PUMP-03335,123,57.1,57.4,1.9,21,117.9,0
PUMP-03336,128,59.3,57.4,2.74,16,111.8,0
PUMP-03337,83,45.5,53.8,3.04,14,31.1,0
PUMP-03338,143,31.5,55.5,2.59,15,102.4,0
PUMP-03339,67,72.4,63.7,2.9,19,22.5,1
PUMP-03340,136,47.4,64.0,4.01,10,64.3,0
PUMP-03341,134,79.3,50.8,3.79,24,132.7,0
PUMP-03342,143,49.6,56.7,2.36,16,42.2,0
PUMP-03343,23,92.5,59.2,1.9,18,23.9,0
PUMP-03344,142,15.3,55.1,4.9,13,127.3,1
PUMP-03345,76,37.4,48.7,2.05,17,25.0,0
PUMP-03346,134,75.7,60.1,3.85,30,51.8,1
PUMP-03347,110,71.6,62.2,4.18,21,71.0,0
PUMP-03348,133,74.8,60.7,4.31,19,131.3,0
PUMP-03349,74,39.2,57.5,1.9,12,236.9,0
PUMP-03350,70,51.5,59.2,2.23,20,107.7,0
PUMP-03351,39,72.3,57.4,2.07,21,39.3,0
PUMP-03352,76,57.1,55.8,2.17,11,63.4,0
PUMP-03353,90,44.3,53.2,3.69,24,12.9,0
PUMP-03354,66,90.3,58.4,2.88,19,30.4,0
PUMP-03355,9,80.2,51.8,2.07,26,81.4,0
PUMP-03356,55,26.3,52.5,3.08,14,99.8,0
PUMP-03357,141,64.6,57.1,3.32,16,110.8,0
PUMP-03358,50,57.4,56.9,2.46,20,34.0,0
PUMP-03359,74,27.7,49.1,2.04,19,39.5,0
PUMP-03360,142,59.6,56.1,2.6,17,89.7,0
PUMP-03361,41,75.4,65.8,1.78,24,184.5,0
PUMP-03362,117,61.7,55.5,3.03,30,65.2,0
PUMP-03363,143,64.9,59.8,2.71,23,85.1,0
PUMP-03364,31,40.5,48.5,1.61,16,79.7,0
PUMP-03365,115,70.6,61.2,5.14,19,81.8,0
PUMP-03366,141,54.2,62.1,2.69,19,140.1,0
PUMP-03367,118,42.2,59.0,3.11,16,65.0,0
PUMP-03368,52,67.0,58.8,3.15,27,51.4,0
PUMP-03369,133,74.2,65.2,4.56,23,91.4,0
PUMP-03370,59,54.9,53.8,2.73,9,194.2,0
PUMP-03371,22,83.8,53.8,3.82,25,27.3,0
PUMP-03372,111,56.4,61.3,5.33,12,244.0,0
PUMP-03373,79,84.9,68.3,4.72,22,38.6,0
PUMP-03374,43,34.1,47.0,1.22,19,160.9,0
PUMP-03375,132,94.6,66.2,3.7,34,92.4,0
PUMP-03376,30,58.3,57.7,2.11,24,188.9,0
PUMP-03377,131,87.5,60.2,5.13,30,126.1,0
PUMP-03378,76,90.3,57.2,5.1,28,24.8,0
PUMP-03379,85,41.2,59.4,7.48,11,165.0,0
PUMP-03380,16,38.1,50.7,2.13,18,72.9,0
PUMP-03381,65,51.5,54.3,3.75,21,71.5,0
PUMP-03382,16,58.4,64.1,1.47,20,160.1,0
PUMP-03383,41,50.1,56.6,3.51,9,141.0,0
PUMP-03384,101,44.3,61.1,8.84,17,186.0,1
PUMP-03385,83,51.1,52.9,4.04,17,12.8,0
PUMP-03386,15,72.2,59.6,5.33,31,210.5,1
PUMP-03387,86,63.5,52.2,4.76,24,58.2,0
PUMP-03388,41,56.1,61.2,2.88,18,77.8,0
PUMP-03389,33,73.1,52.8,3.19,19,64.8,0
PUMP-03390,137,70.4,71.9,10.13,10,47.5,0
PUMP-03391,138,65.5,63.5,3.69,20,75.6,0
PUMP-03392,3,57.0,48.1,2.24,20,72.0,0
PUMP-03393,35,86.7,64.6,1.81,28,120.4,0
PUMP-03394,51,74.2,62.4,3.62,17,49.7,0
PUMP-03395,106,83.3,61.4,3.16,28,70.4,0
PUMP-03396,12,52.6,58.6,2.68,17,73.3,0
PUMP-03397,47,45.5,59.5,1.97,17,12.1,0
PUMP-03398,8,51.2,55.8,3.67,26,23.1,0
PUMP-03399,40,53.6,57.6,1.83,23,156.8,0
PUMP-03400,31,90.8,63.0,4.86,25,105.3,0
PUMP-03401,62,60.0,58.5,3.25,19,75.5,0
PUMP-03402,3,54.9,52.0,2.39,14,73.7,0
PUMP-03403,62,84.8,65.4,3.61,27,8.8,0
PUMP-03404,86,48.3,45.6,4.83,26,115.9,0
PUMP-03405,101,27.8,59.6,1.3,14,37.2,0
PUMP-03406,88,92.7,62.8,2.59,27,124.8,0
PUMP-03407,80,39.5,47.3,2.41,21,80.7,0
PUMP-03408,77,58.4,58.6,2.78,19,82.0,0
PUMP-03409,141,62.9,59.8,2.05,18,125.5,1
PUMP-03410,8,72.0,57.9,5.19,15,156.4,0
PUMP-03411,54,24.7,51.4,1.18,16,177.0,0
PUMP-03412,60,48.5,59.0,1.73,20,74.6,0
PUMP-03413,102,40.4,47.3,3.95,12,32.5,0
PUMP-03414,63,42.3,57.2,2.63,12,21.8,0
PUMP-03415,20,67.1,53.8,2.67,20,108.3,0
PUMP-03416,49,100.0,63.4,5.28,25,57.6,0
PUMP-03417,101,84.4,61.2,3.93,19,47.5,0
PUMP-03418,118,58.0,61.7,3.06,19,63.7,0
PUMP-03419,93,92.3,63.3,6.94,17,137.7,1
PUMP-03420,18,51.7,57.1,0.94,16,101.3,0
PUMP-03421,104,81.6,54.1,2.31,21,84.3,0
PUMP-03422,86,57.1,56.6,1.89,19,36.8,0
PUMP-03423,11,35.6,58.7,2.64,13,103.8,0
PUMP-03424,97,58.5,57.8,3.82,15,129.0,0
PUMP-03425,35,72.9,60.8,1.76,17,84.7,0
PUMP-03426,57,66.6,62.3,3.13,17,127.9,0
PUMP-03427,50,78.2,54.1,3.86,21,96.5,0
PUMP-03428,120,57.4,63.3,3.28,17,40.5,0
PUMP-03429,54,76.5,63.2,2.52,25,37.3,0
PUMP-03430,79,58.7,59.8,3.85,20,181.6,0
PUMP-03431,70,66.6,61.6,4.31,22,41.1,0
PUMP-03432,14,61.8,53.1,2.31,15,138.9,0
PUMP-03433,4,53.2,61.7,8.49,23,112.1,1
PUMP-03434,5,68.0,57.6,3.09,19,71.7,0
PUMP-03435,92,66.3,62.5,3.08,23,159.2,0
PUMP-03436,107,71.5,52.2,3.11,16,113.2,0
PUMP-03437,132,66.0,58.3,4.37,20,44.9,1
PUMP-03438,28,65.9,59.2,5.28,18,248.4,1
PUMP-03439,144,72.6,60.7,6.13,14,27.7,1
PUMP-03440,13,53.1,62.6,2.66,23,63.1,0
PUMP-03441,35,53.9,55.3,2.87,15,196.0,0
PUMP-03442,21,66.2,66.8,1.25,17,38.2,0
PUMP-03443,76,65.9,60.7,2.69,11,167.9,0
PUMP-03444,127,69.2,63.3,2.8,17,52.3,0
PUMP-03445,141,54.0,60.2,2.43,21,34.1,0
PUMP-03446,130,51.3,61.5,6.14,19,69.1,1
PUMP-03447,124,75.2,56.6,3.12,23,73.5,0
PUMP-03448,72,60.7,64.7,1.55,24,40.3,0
PUMP-03449,3,53.8,60.5,1.52,18,51.6,0
PUMP-03450,16,68.0,59.3,1.28,20,33.6,0
PUMP-03451,106,77.5,58.4,3.78,20,99.9,0
PUMP-03452,84,66.8,54.8,2.73,15,57.9,0
PUMP-03453,2,54.0,53.7,2.5,11,37.4,0
PUMP-03454,45,40.2,54.4,4.97,15,106.0,0
PUMP-03455,125,70.3,67.2,3.71,17,100.2,0
PUMP-03456,116,55.9,59.8,5.64,24,11.1,1
PUMP-03457,104,63.1,59.0,2.32,15,41.7,0
PUMP-03458,51,47.6,59.2,1.56,18,105.2,0
PUMP-03459,85,75.5,54.3,3.23,20,212.4,0
PUMP-03460,15,89.2,57.4,2.55,29,60.7,0
PUMP-03461,52,52.7,58.4,3.03,19,27.6,0
PUMP-03462,105,33.9,69.5,4.15,18,66.7,1
PUMP-03463,105,55.4,56.3,3.83,22,66.6,0
PUMP-03464,130,77.3,61.8,2.89,21,106.1,0
PUMP-03465,20,53.2,55.3,2.65,23,62.3,0
PUMP-03466,142,34.0,59.0,3.78,12,70.9,0
PUMP-03467,92,67.6,62.0,4.98,25,29.6,1
PUMP-03468,58,52.3,43.7,6.83,9,65.5,0
PUMP-03469,134,56.6,56.7,6.83,27,51.7,0
PUMP-03470,75,62.8,51.4,2.54,18,98.8,0
PUMP-03471,58,44.0,63.1,4.09,20,61.5,0
PUMP-03472,9,71.9,53.9,1.38,18,49.5,0
PUMP-03473,12,50.8,58.3,2.3,19,41.8,0
PUMP-03474,74,33.9,52.8,4.01,16,61.3,0
PUMP-03475,118,90.0,69.4,2.69,17,31.6,0
PUMP-03476,143,49.0,57.3,6.4,23,125.4,1
PUMP-03477,57,72.9,53.2,2.85,13,15.4,0
PUMP-03478,66,71.0,54.5,4.23,28,58.5,0
PUMP-03479,136,46.4,52.9,4.05,18,17.9,0
PUMP-03480,79,27.8,51.9,3.58,8,151.2,0
PUMP-03481,11,67.3,57.7,4.01,19,121.4,0
PUMP-03482,80,50.2,46.6,4.81,8,97.8,0
PUMP-03483,129,74.5,58.1,8.56,20,339.0,1
PUMP-03484,5,37.9,52.4,5.92,19,75.6,0
PUMP-03485,108,60.7,53.7,2.63,24,11.4,0
PUMP-03486,4,78.1,65.5,2.32,30,64.7,0
PUMP-03487,26,62.3,61.8,3.0,14,6.3,0
PUMP-03488,55,77.3,61.8,1.98,20,113.2,0
PUMP-03489,70,64.0,56.7,2.39,26,131.8,0
PUMP-03490,100,59.6,53.0,3.95,23,73.3,0
PUMP-03491,84,58.7,60.3,5.07,22,51.6,0
PUMP-03492,28,49.9,62.9,1.96,30,136.1,0
PUMP-03493,15,52.7,64.4,3.22,15,18.3,0
PUMP-03494,108,66.8,55.8,4.31,15,45.5,0
PUMP-03495,93,67.8,65.1,2.13,16,53.6,0
PUMP-03496,127,50.3,55.2,2.91,23,51.3,0
PUMP-03497,137,66.3,63.1,2.7,23,138.8,0
PUMP-03498,129,79.8,57.1,4.12,22,8.5,0
PUMP-03499,15,53.0,48.3,2.12,24,99.7,0
PUMP-03500,76,82.3,63.7,2.68,17,166.7,0
PUMP-03501,36,69.4,63.3,3.26,14,102.0,1
PUMP-03502,121,74.8,56.8,3.35,13,72.7,0
PUMP-03503,93,97.3,56.3,6.02,23,119.6,0
PUMP-03504,17,31.2,60.0,1.04,14,87.2,0
PUMP-03505,110,82.3,62.8,4.31,23,8.3,0
PUMP-03506,21,78.0,56.3,3.39,24,58.6,0
PUMP-03507,10,40.2,59.4,1.16,14,49.1,0
PUMP-03508,30,73.4,67.5,3.05,13,109.6,0
PUMP-03509,119,66.5,55.4,4.0,18,17.1,0
PUMP-03510,15,100.0,62.6,4.77,25,49.1,0
PUMP-03511,118,53.1,61.0,3.23,16,58.3,0
PUMP-03512,82,72.5,50.1,3.04,18,71.2,0
PUMP-03513,43,63.4,55.6,3.0,25,59.1,0
PUMP-03514,108,60.3,54.1,6.27,18,53.0,0
PUMP-03515,16,77.7,51.6,3.09,29,128.3,0
PUMP-03516,35,27.1,47.7,2.57,13,142.0,0
PUMP-03517,57,38.1,52.7,6.95,16,58.3,0
PUMP-03518,138,67.5,65.5,2.45,29,119.1,0
PUMP-03519,108,67.1,58.0,4.77,16,115.3,0
PUMP-03520,113,41.6,59.0,3.63,15,58.4,0
PUMP-03521,78,38.2,58.7,2.33,17,22.5,0
PUMP-03522,18,67.2,59.4,1.68,20,89.1,0
PUMP-03523,56,54.6,48.1,4.92,11,62.6,0
PUMP-03524,32,50.3,58.1,1.71,18,61.0,0
PUMP-03525,33,81.0,56.1,1.41,29,62.0,0
PUMP-03526,116,47.4,60.6,3.15,17,147.1,0
PUMP-03527,121,15.0,41.8,2.76,17,23.0,0
PUMP-03528,42,76.3,61.2,2.1,25,27.2,0
PUMP-03529,141,40.7,58.6,2.32,23,143.1,1
PUMP-03530,17,76.2,51.2,3.75,17,77.6,0
PUMP-03531,82,70.4,54.0,1.97,20,128.9,0
PUMP-03532,109,63.3,53.9,4.92,16,83.4,0
PUMP-03533,43,64.2,55.5,2.31,22,88.1,0
PUMP-03534,42,79.5,61.1,2.81,22,109.8,0
PUMP-03535,98,52.7,63.5,2.95,23,99.9,0
PUMP-03536,34,67.6,53.6,3.41,19,46.5,0
PUMP-03537,76,53.5,58.8,1.74,14,82.5,0
PUMP-03538,22,47.0,53.8,2.95,19,50.1,0
PUMP-03539,35,37.3,52.0,1.36,15,85.6,0
PUMP-03540,20,94.5,56.5,3.66,25,53.0,0
PUMP-03541,11,65.1,59.4,2.64,13,29.0,0
PUMP-03542,13,88.5,59.8,5.13,27,73.5,0
PUMP-03543,67,25.4,47.8,1.97,8,9.4,0
PUMP-03544,121,63.7,50.4,2.77,23,19.6,0
PUMP-03545,60,41.2,61.6,1.79,15,23.0,0
PUMP-03546,26,66.2,58.2,2.16,28,50.5,0
PUMP-03547,120,41.0,52.8,3.18,14,104.9,0
PUMP-03548,4,60.9,53.6,4.59,19,98.8,0
PUMP-03549,113,100.0,67.1,4.18,14,206.2,0
PUMP-03550,85,65.4,60.1,1.76,18,21.9,0
PUMP-03551,132,64.1,59.5,3.24,22,70.9,0
PUMP-03552,107,73.9,57.6,3.53,17,149.7,0
PUMP-03553,27,90.3,61.8,2.31,24,68.8,0
PUMP-03554,87,64.0,62.2,2.58,28,45.4,0
PUMP-03555,62,52.2,53.6,3.81,16,93.6,0
PUMP-03556,10,67.0,57.6,3.12,27,33.3,0
PUMP-03557,90,94.6,75.0,2.28,29,14.5,0
PUMP-03558,140,56.5,56.3,3.74,15,60.2,1
PUMP-03559,45,77.7,58.7,2.84,25,9.5,0
PUMP-03560,93,100.0,63.3,2.55,19,104.4,0
PUMP-03561,75,59.0,61.1,1.76,28,25.9,0
PUMP-03562,29,88.8,62.5,2.08,24,150.5,0
PUMP-03563,87,33.4,56.1,2.25,16,4.9,0
PUMP-03564,78,84.0,64.7,4.04,22,133.9,0
PUMP-03565,7,49.2,55.0,0.86,17,177.6,0
PUMP-03566,93,81.3,62.4,1.94,13,163.4,0
PUMP-03567,77,56.4,46.5,3.15,20,119.9,0
PUMP-03568,36,40.1,49.9,1.88,14,29.4,0
PUMP-03569,104,82.1,60.6,2.88,24,47.8,0
PUMP-03570,60,55.0,60.7,4.3,21,96.9,0
PUMP-03571,103,98.9,68.4,5.6,34,12.0,0
PUMP-03572,32,64.7,50.1,2.24,19,2.0,0
PUMP-03573,45,59.3,53.3,1.89,21,116.7,0
PUMP-03574,62,52.9,66.3,3.45,24,37.4,1
PUMP-03575,22,76.1,56.3,6.34,17,84.5,1
PUMP-03576,95,89.6,61.0,2.65,21,106.8,0
PUMP-03577,85,65.1,58.7,2.35,27,19.2,0
PUMP-03578,70,70.4,54.6,2.75,19,168.3,0
PUMP-03579,66,95.7,59.5,4.34,27,12.5,0
PUMP-03580,49,58.5,56.8,1.59,19,48.7,0
PUMP-03581,16,41.3,52.7,3.39,14,49.5,0
PUMP-03582,63,42.0,52.8,2.32,16,51.9,0
PUMP-03583,91,39.4,49.3,5.04,15,42.7,0
PUMP-03584,81,54.4,52.1,5.49,22,34.8,0
PUMP-03585,28,62.7,46.4,5.17,22,45.1,0
PUMP-03586,123,32.1,59.6,4.15,19,26.8,0
PUMP-03587,93,42.7,54.7,1.36,20,118.9,0
PUMP-03588,2,44.2,50.6,2.43,16,30.0,0
PUMP-03589,89,18.6,50.2,3.93,15,41.7,0
PUMP-03590,115,58.5,56.0,4.95,16,36.3,0
PUMP-03591,12,65.8,61.9,5.18,11,85.7,0
PUMP-03592,25,52.1,58.5,2.71,18,143.3,0
PUMP-03593,15,77.5,69.6,2.68,26,27.0,0
PUMP-03594,11,77.3,57.1,1.89,25,42.4,0
PUMP-03595,66,31.6,48.5,2.88,18,85.7,0
PUMP-03596,73,50.9,60.8,2.49,17,22.0,0
PUMP-03597,121,57.1,58.2,3.02,20,37.1,0
PUMP-03598,55,71.2,63.7,4.68,20,81.8,0
PUMP-03599,70,38.4,44.9,2.65,15,45.7,0
PUMP-03600,10,45.5,43.8,1.95,18,61.5,0
PUMP-03601,43,79.6,58.0,6.16,22,58.4,0
PUMP-03602,133,48.3,56.2,3.09,21,18.1,0
PUMP-03603,73,72.7,64.7,2.45,21,18.1,0
PUMP-03604,5,68.5,55.2,3.95,18,78.7,0
PUMP-03605,118,70.3,62.1,6.6,19,96.1,0
PUMP-03606,123,38.2,57.4,3.69,21,85.1,0
PUMP-03607,133,59.1,58.0,3.73,24,106.5,0
PUMP-03608,124,50.1,55.4,2.4,17,86.7,0
PUMP-03609,109,65.0,67.2,3.62,14,17.6,0
PUMP-03610,122,94.0,60.6,3.4,22,57.4,0
PUMP-03611,20,82.5,55.1,2.53,19,150.9,0
PUMP-03612,118,59.4,63.1,4.22,20,80.1,0
PUMP-03613,54,77.9,61.6,3.87,20,90.7,0
PUMP-03614,40,48.4,54.8,2.16,16,19.8,0
PUMP-03615,25,32.8,47.6,0.92,14,48.1,0
PUMP-03616,110,59.7,60.9,3.35,16,31.5,0
PUMP-03617,6,62.0,55.2,3.18,15,10.4,0
PUMP-03618,127,82.6,62.0,3.93,17,188.1,0
PUMP-03619,118,58.7,55.5,2.77,16,60.3,1
PUMP-03620,7,65.7,56.4,6.12,15,163.5,0
PUMP-03621,26,75.1,63.9,1.77,13,79.8,0
PUMP-03622,130,82.0,68.3,2.53,24,16.1,0
PUMP-03623,31,47.6,50.3,3.47,20,141.1,0
PUMP-03624,35,56.0,51.9,3.19,16,123.1,0
PUMP-03625,41,39.5,54.2,3.36,11,145.0,0
PUMP-03626,109,35.6,50.6,5.47,17,5.1,0
PUMP-03627,26,50.0,57.8,1.75,14,53.2,0
PUMP-03628,129,77.3,65.0,3.39,16,45.5,0
PUMP-03629,102,82.8,58.9,3.14,26,347.0,0
PUMP-03630,106,71.7,60.3,3.09,19,109.8,0
PUMP-03631,51,40.9,52.0,2.46,13,68.9,0
PUMP-03632,120,70.0,59.5,3.07,17,61.8,0
PUMP-03633,109,39.6,54.9,3.04,21,85.2,0
PUMP-03634,99,45.3,56.9,4.88,13,58.7,0
PUMP-03635,35,86.2,58.6,3.58,24,172.3,0
PUMP-03636,74,37.7,53.3,3.22,10,53.0,0
PUMP-03637,80,97.5,65.3,5.63,24,90.2,0
PUMP-03638,90,53.7,51.1,2.4,13,284.3,0
PUMP-03639,40,64.5,61.3,4.83,17,68.9,0
PUMP-03640,118,59.8,63.5,5.1,18,15.7,0
PUMP-03641,112,58.2,54.2,4.37,24,65.0,0
PUMP-03642,13,65.6,54.8,2.87,22,71.6,0
PUMP-03643,77,65.6,52.5,2.64,20,96.6,0
PUMP-03644,31,72.6,51.3,2.19,22,15.2,0
PUMP-03645,41,51.3,51.2,2.83,11,25.9,0
PUMP-03646,19,62.0,57.4,1.44,16,32.2,0
PUMP-03647,45,36.7,51.8,1.81,16,52.1,0
PUMP-03648,61,69.9,56.6,3.05,21,109.9,0
PUMP-03649,26,27.9,45.6,0.98,21,68.3,0
PUMP-03650,107,44.5,55.1,5.97,22,125.7,0
PUMP-03651,136,82.6,53.9,4.08,19,81.4,0
PUMP-03652,110,48.2,65.8,4.6,17,29.2,1
PUMP-03653,9,72.3,55.3,6.3,21,146.2,0
PUMP-03654,144,34.8,59.9,3.93,17,79.0,0
PUMP-03655,59,48.7,53.9,1.72,20,25.5,0
PUMP-03656,130,78.7,65.4,3.82,23,106.9,0
PUMP-03657,46,50.8,57.5,2.69,22,60.4,0
PUMP-03658,82,58.7,60.2,3.29,22,66.2,0
PUMP-03659,16,68.8,52.1,2.16,17,117.0,0
PUMP-03660,110,76.0,59.7,2.59,26,53.1,0
PUMP-03661,137,72.0,58.8,4.39,23,59.8,0
PUMP-03662,33,73.1,61.5,2.87,18,108.0,0
PUMP-03663,116,64.3,63.2,3.09,13,44.2,0
PUMP-03664,7,64.3,53.4,1.79,22,99.0,0
PUMP-03665,109,61.3,52.6,3.28,22,50.9,0
PUMP-03666,65,50.9,50.5,4.66,9,54.4,0
PUMP-03667,11,56.7,56.7,2.32,19,54.1,0
PUMP-03668,107,100.0,65.3,6.59,13,91.0,0
PUMP-03669,54,37.5,44.4,6.42,16,74.7,0
PUMP-03670,38,85.7,66.9,1.9,26,79.2,0
PUMP-03671,98,55.0,56.4,3.35,13,110.3,0
PUMP-03672,59,100.0,59.8,5.66,25,115.1,0
PUMP-03673,119,84.4,66.6,2.29,27,49.1,0
PUMP-03674,27,58.6,49.7,2.54,15,46.8,0
PUMP-03675,59,46.1,54.6,1.45,15,51.9,0
PUMP-03676,54,37.7,54.4,1.21,19,91.3,0
PUMP-03677,55,40.3,54.5,3.62,20,15.5,0
PUMP-03678,137,50.9,55.9,2.62,26,22.9,0
PUMP-03679,8,77.9,57.5,3.5,14,34.9,0
PUMP-03680,77,69.0,49.5,1.73,23,131.3,0
PUMP-03681,137,67.4,53.1,2.4,19,69.2,0
PUMP-03682,96,68.4,65.0,2.25,22,14.2,0
PUMP-03683,113,65.6,66.3,3.34,20,118.0,0
PUMP-03684,35,55.0,48.1,1.67,17,65.5,0
PUMP-03685,27,58.8,56.9,1.99,21,170.8,0
PUMP-03686,61,41.2,53.7,3.5,15,56.9,0
PUMP-03687,142,53.2,56.3,2.86,19,40.1,0
PUMP-03688,22,58.5,54.6,5.13,16,59.1,0
PUMP-03689,112,73.4,67.4,3.77,25,126.6,0
PUMP-03690,23,52.5,50.2,2.69,14,34.4,0
PUMP-03691,51,39.8,55.4,2.58,20,26.0,0
PUMP-03692,15,89.2,60.2,4.24,22,27.7,0
PUMP-03693,69,100.0,64.6,5.16,18,51.5,0
PUMP-03694,28,51.4,53.6,1.35,13,56.1,0
PUMP-03695,140,44.3,56.0,3.74,20,27.5,0
PUMP-03696,6,37.9,50.1,2.89,21,52.3,0
PUMP-03697,5,60.9,58.7,2.26,20,187.7,0
PUMP-03698,116,66.4,56.0,5.08,21,82.7,0
PUMP-03699,46,95.9,58.3,4.19,13,22.4,0
PUMP-03700,91,100.0,63.5,6.25,22,55.8,1
PUMP-03701,92,68.2,61.4,2.46,21,36.7,0
PUMP-03702,68,53.9,54.7,3.48,18,229.1,0
PUMP-03703,38,36.8,52.7,2.68,15,80.3,0
PUMP-03704,11,64.4,58.4,1.8,20,129.9,0
PUMP-03705,126,60.5,60.5,4.31,22,173.4,0
PUMP-03706,15,53.8,58.3,2.84,19,53.9,0
PUMP-03707,64,84.0,53.7,3.47,23,102.0,0
PUMP-03708,74,71.4,62.7,4.05,14,12.2,0
PUMP-03709,110,48.2,50.6,2.62,14,55.6,0
PUMP-03710,53,78.2,52.6,3.45,20,54.0,0
PUMP-03711,111,58.6,56.2,3.58,20,89.7,0
PUMP-03712,4,94.9,66.0,3.91,19,93.2,0
PUMP-03713,35,49.1,58.5,3.21,18,22.0,0
PUMP-03714,105,57.8,52.1,2.3,16,57.3,0
PUMP-03715,128,68.7,60.2,2.61,18,63.2,0
PUMP-03716,66,38.6,61.2,1.6,13,73.2,0
PUMP-03717,57,45.2,54.4,3.1,14,102.1,0
PUMP-03718,89,52.6,62.1,1.62,18,27.6,0
PUMP-03719,2,48.1,60.1,3.13,23,90.8,0
PUMP-03720,135,20.5,52.5,2.65,15,110.1,0
PUMP-03721,82,51.6,48.0,3.23,22,65.3,0
PUMP-03722,89,81.1,51.3,4.47,26,83.2,0
PUMP-03723,28,94.4,54.1,4.67,20,94.2,0
PUMP-03724,18,95.2,55.2,2.88,20,82.7,0
PUMP-03725,123,43.8,55.0,4.54,19,33.8,0
PUMP-03726,67,65.3,60.4,1.66,20,18.6,0
PUMP-03727,128,82.9,69.1,4.82,25,136.6,1
PUMP-03728,117,38.5,58.8,4.64,16,108.0,0
PUMP-03729,119,45.0,53.9,3.67,14,48.8,0
PUMP-03730,129,33.0,58.7,2.61,16,41.1,0
PUMP-03731,49,36.9,52.9,3.66,17,22.8,0
PUMP-03732,89,77.3,62.6,2.02,26,40.0,0
PUMP-03733,30,74.8,69.1,2.66,21,50.6,0
PUMP-03734,116,88.2,59.5,2.92,17,28.5,0
PUMP-03735,36,33.4,50.0,1.21,14,195.3,0
PUMP-03736,122,65.6,60.8,2.62,19,78.1,0
PUMP-03737,76,89.3,65.5,2.35,24,64.7,0
PUMP-03738,59,82.3,58.2,4.88,25,87.4,0
PUMP-03739,65,58.2,62.8,2.18,21,83.4,0
PUMP-03740,31,64.7,58.3,1.09,18,128.6,0
PUMP-03741,90,70.4,56.2,2.89,27,38.6,0
PUMP-03742,100,31.0,56.2,2.81,16,65.0,0
PUMP-03743,96,68.5,55.7,6.29,17,231.9,0
PUMP-03744,47,50.0,53.3,4.49,17,56.4,0
PUMP-03745,98,85.5,61.1,3.45,25,13.0,0
PUMP-03746,11,76.5,65.3,1.55,23,72.8,0
PUMP-03747,111,47.8,54.6,3.45,20,44.3,0
PUMP-03748,25,51.7,55.4,3.91,27,50.0,0
PUMP-03749,38,54.6,61.2,6.47,20,197.3,0
PUMP-03750,128,79.4,64.4,3.04,26,59.4,0
PUMP-03751,58,58.3,61.2,1.39,24,101.9,0
PUMP-03752,99,86.0,66.1,3.92,24,30.7,0
PUMP-03753,35,76.3,63.4,2.38,16,21.3,0
PUMP-03754,111,45.0,56.2,1.97,17,125.2,0
PUMP-03755,66,32.3,57.7,3.53,19,52.8,0
PUMP-03756,30,52.1,54.9,2.47,24,57.5,0
PUMP-03757,36,51.7,65.6,1.9,25,88.5,0
PUMP-03758,46,42.7,61.0,2.27,20,47.5,0
PUMP-03759,3,77.0,62.6,1.41,20,29.4,0
PUMP-03760,78,44.3,51.8,3.23,14,59.8,0
PUMP-03761,8,21.1,59.8,8.53,10,59.3,0
PUMP-03762,42,47.0,53.8,2.55,19,203.4,0
PUMP-03763,43,68.3,59.0,1.91,23,55.4,0
PUMP-03764,26,87.9,63.5,2.85,34,21.8,0
PUMP-03765,14,31.0,54.7,1.44,13,183.3,0
PUMP-03766,14,81.9,62.5,2.28,23,97.0,0
PUMP-03767,103,60.8,64.5,3.65,16,110.1,1
PUMP-03768,111,65.8,60.6,4.47,25,172.1,1
PUMP-03769,7,59.7,49.4,2.92,20,106.1,0
PUMP-03770,26,60.3,49.6,3.76,15,53.6,0
PUMP-03771,44,70.0,62.7,2.83,18,90.3,0
PUMP-03772,112,59.3,59.6,3.07,18,44.5,0
PUMP-03773,69,79.0,64.0,3.25,16,169.9,0
PUMP-03774,101,49.0,59.7,2.39,14,120.5,0
PUMP-03775,107,92.4,62.1,3.64,18,60.1,1
PUMP-03776,20,44.8,58.5,1.22,16,84.0,0
PUMP-03777,21,40.6,56.7,2.36,25,52.2,0
PUMP-03778,140,100.0,64.5,2.53,27,75.8,0
PUMP-03779,76,53.0,55.3,4.1,23,88.4,0
PUMP-03780,41,69.9,62.7,3.3,18,53.2,0
PUMP-03781,12,41.3,49.6,4.4,19,138.7,0
PUMP-03782,118,60.1,57.4,2.84,24,254.8,0
PUMP-03783,32,69.4,55.5,2.0,12,71.7,0
PUMP-03784,23,94.3,61.9,2.78,29,32.5,0
PUMP-03785,124,59.4,58.3,5.14,20,54.2,0
PUMP-03786,97,62.6,55.2,3.43,20,106.0,0
PUMP-03787,107,75.4,51.2,4.86,27,96.0,0
PUMP-03788,39,67.5,57.7,2.26,21,59.5,0
PUMP-03789,7,53.7,51.2,4.11,18,77.8,0
PUMP-03790,16,71.4,64.4,2.99,28,75.8,0
PUMP-03791,69,88.7,55.9,3.14,27,106.1,0
PUMP-03792,25,95.4,62.7,2.2,23,10.5,0
PUMP-03793,41,45.7,52.1,1.69,13,198.1,0
PUMP-03794,38,52.9,56.4,2.72,14,38.0,0
PUMP-03795,3,53.5,43.5,3.42,15,173.4,0
PUMP-03796,43,86.0,60.9,5.05,22,49.0,0
PUMP-03797,43,67.1,55.9,2.51,27,60.1,0
PUMP-03798,78,62.9,51.8,3.33,23,91.1,0
PUMP-03799,17,46.4,48.4,1.77,23,56.0,0
PUMP-03800,66,43.2,51.2,3.37,22,33.3,0
PUMP-03801,127,58.2,54.4,2.98,26,48.8,1
PUMP-03802,78,84.2,59.7,2.16,26,101.3,0
PUMP-03803,32,86.7,60.2,1.61,18,2.6,0
PUMP-03804,12,57.9,60.4,3.99,12,25.6,0
PUMP-03805,65,32.0,48.2,3.95,13,119.8,0
PUMP-03806,130,47.9,65.8,2.12,16,51.9,0
PUMP-03807,131,80.5,62.4,3.81,16,29.8,0
PUMP-03808,35,35.6,48.5,1.98,18,29.3,0
PUMP-03809,139,61.0,54.3,5.7,20,38.7,0
PUMP-03810,93,52.8,58.8,3.23,24,60.1,0
PUMP-03811,42,49.4,53.2,3.19,12,165.0,0
PUMP-03812,138,29.8,52.9,4.25,17,33.2,0
PUMP-03813,144,75.2,63.2,3.7,18,292.1,1
PUMP-03814,108,23.5,46.3,7.02,12,106.7,0
PUMP-03815,53,71.9,62.1,5.74,26,9.5,0
PUMP-03816,18,65.9,49.6,3.28,23,43.9,0
PUMP-03817,68,99.7,67.0,3.2,25,86.9,0
PUMP-03818,63,16.5,52.3,4.52,11,127.6,0
PUMP-03819,50,62.4,65.1,3.51,14,46.0,0
PUMP-03820,52,62.5,45.2,4.63,18,42.1,0
PUMP-03821,44,57.8,57.5,1.86,20,156.5,0
PUMP-03822,72,35.4,51.0,2.24,25,70.2,0
PUMP-03823,37,50.6,52.2,2.48,16,142.8,0
PUMP-03824,125,85.4,66.5,7.16,28,114.9,1
PUMP-03825,68,100.0,68.2,3.9,15,105.4,0
PUMP-03826,90,68.8,54.6,6.04,19,58.0,0
PUMP-03827,5,43.1,53.4,1.6,24,62.8,0
PUMP-03828,126,52.8,58.4,3.12,15,52.5,0
PUMP-03829,88,82.0,59.1,3.41,22,89.1,0
PUMP-03830,28,46.2,59.8,2.6,19,184.8,0
PUMP-03831,8,57.4,65.0,2.21,23,30.3,0
PUMP-03832,121,63.3,62.8,2.42,22,99.5,0
PUMP-03833,25,32.8,57.5,1.63,12,16.1,0
PUMP-03834,90,79.2,64.8,5.17,21,113.4,0
PUMP-03835,58,85.1,54.3,2.5,19,35.1,0
PUMP-03836,19,100.0,61.5,2.8,22,322.4,0
PUMP-03837,30,73.6,54.3,3.46,23,36.0,0
PUMP-03838,110,41.1,51.3,2.56,17,30.4,0
PUMP-03839,77,63.5,52.2,2.42,20,33.2,0
PUMP-03840,91,45.4,63.6,2.24,19,150.2,0
PUMP-03841,3,84.3,56.6,3.87,30,48.2,0
PUMP-03842,36,56.4,61.8,4.92,11,42.1,0
PUMP-03843,121,61.2,54.9,3.79,19,64.1,0
PUMP-03844,120,67.9,63.7,3.45,25,143.7,0
PUMP-03845,22,63.8,55.5,1.98,11,56.9,0
PUMP-03846,31,49.7,62.6,4.21,19,81.4,1
PUMP-03847,98,44.4,57.5,3.71,14,24.7,0
PUMP-03848,98,39.7,55.8,4.02,15,105.2,0
PUMP-03849,95,70.7,66.1,5.29,16,34.1,0
PUMP-03850,33,90.5,63.8,3.87,20,52.0,0
PUMP-03851,93,37.1,59.8,3.64,16,32.0,0
PUMP-03852,35,37.5,49.1,3.42,26,100.5,0
PUMP-03853,63,58.1,61.7,3.58,23,68.6,0
PUMP-03854,35,66.4,59.0,9.1,18,159.1,0
PUMP-03855,142,62.0,44.5,3.26,21,59.1,0
PUMP-03856,3,58.9,56.8,1.55,16,93.5,0
PUMP-03857,117,59.1,60.9,5.48,24,72.1,1
PUMP-03858,113,64.6,64.2,3.51,10,262.7,0
PUMP-03859,15,39.6,56.4,2.14,15,166.7,0
PUMP-03860,46,66.8,58.2,3.66,14,98.2,0
PUMP-03861,103,67.6,55.1,2.3,16,37.2,0
PUMP-03862,107,45.2,55.4,8.83,15,153.8,0
PUMP-03863,118,59.0,52.8,7.34,16,87.0,1
PUMP-03864,72,66.1,68.7,2.89,11,27.3,1
PUMP-03865,139,52.8,59.1,2.7,19,43.9,0
PUMP-03866,20,58.0,59.4,2.86,22,18.9,0
PUMP-03867,133,35.0,49.3,2.74,25,189.4,0
PUMP-03868,54,44.3,51.8,2.9,16,69.6,1
PUMP-03869,54,76.7,51.6,5.4,30,139.4,0
PUMP-03870,24,66.5,60.8,2.69,21,162.7,0
PUMP-03871,144,63.3,63.8,6.12,16,56.8,0
PUMP-03872,70,52.9,60.2,5.58,18,189.3,0
PUMP-03873,71,53.8,52.6,2.81,13,247.8,0
PUMP-03874,65,54.0,60.3,6.11,20,26.8,0
PUMP-03875,35,66.4,65.0,3.52,28,45.8,0
PUMP-03876,11,75.4,63.8,2.0,35,71.9,0
PUMP-03877,82,43.2,51.9,1.9,29,227.8,0
PUMP-03878,70,37.9,53.1,1.81,15,124.2,0
PUMP-03879,64,66.5,56.5,3.13,16,53.3,0
PUMP-03880,125,61.8,59.8,3.28,20,95.9,0
PUMP-03881,65,67.7,58.8,3.24,16,37.5,0
PUMP-03882,101,21.6,51.3,3.99,14,58.2,0
PUMP-03883,132,77.9,59.8,3.14,19,15.3,0
PUMP-03884,44,50.1,52.2,2.53,11,33.4,0
PUMP-03885,24,81.0,60.7,2.63,22,47.6,0
PUMP-03886,56,63.2,60.3,3.23,19,160.3,0
PUMP-03887,68,64.0,58.8,3.22,21,33.0,0
PUMP-03888,120,31.1,58.2,6.75,11,46.7,0
PUMP-03889,10,39.6,50.9,1.9,8,36.3,0
PUMP-03890,131,29.3,50.5,7.68,17,210.5,0
PUMP-03891,61,56.2,58.4,3.04,21,68.9,0
PUMP-03892,105,36.4,53.0,4.12,21,43.6,0
PUMP-03893,120,46.7,51.4,4.07,6,62.6,0
PUMP-03894,80,18.9,49.4,3.51,13,82.3,0
PUMP-03895,27,65.4,61.8,3.16,18,110.0,0
PUMP-03896,39,60.6,58.0,4.3,17,53.8,0
PUMP-03897,50,20.9,57.9,4.28,11,88.2,0
PUMP-03898,49,65.4,57.9,1.55,18,109.2,0
PUMP-03899,86,79.5,55.8,2.11,27,62.3,0
PUMP-03900,23,88.6,58.4,2.18,21,64.9,0
PUMP-03901,38,60.0,55.5,1.44,17,334.4,0
PUMP-03902,20,74.8,55.8,2.66,12,80.7,0
PUMP-03903,45,57.2,56.4,6.31,19,113.9,1
PUMP-03904,87,37.5,56.1,2.06,12,33.0,0
PUMP-03905,66,93.5,61.8,2.09,16,70.4,0
PUMP-03906,144,49.9,61.2,3.13,14,20.1,0
PUMP-03907,83,81.7,59.4,2.34,23,72.0,0
PUMP-03908,17,66.6,55.6,5.17,23,65.5,0
PUMP-03909,85,73.1,54.5,1.64,20,234.0,0
PUMP-03910,79,66.8,63.9,3.71,13,67.3,0
PUMP-03911,51,60.5,57.6,2.03,25,117.1,0
PUMP-03912,126,51.0,62.5,2.95,15,159.6,1
PUMP-03913,91,51.3,62.2,2.2,16,20.4,0
PUMP-03914,13,84.4,52.7,3.15,22,60.0,0
PUMP-03915,76,82.4,62.2,2.8,19,28.9,0
PUMP-03916,31,53.4,58.1,3.25,21,51.8,0
PUMP-03917,104,59.2,57.7,6.81,16,185.8,0
PUMP-03918,105,89.5,58.2,3.44,17,69.0,1
PUMP-03919,124,56.2,57.2,2.83,13,57.2,0
PUMP-03920,50,58.1,61.4,2.07,13,95.4,0
PUMP-03921,83,78.6,62.3,3.45,25,7.7,0
PUMP-03922,84,54.4,54.4,1.82,18,187.7,0
PUMP-03923,120,73.9,66.8,4.99,22,43.2,0
PUMP-03924,47,33.9,50.7,1.14,14,16.6,0
PUMP-03925,116,74.9,53.2,2.26,30,89.9,0
PUMP-03926,123,78.3,55.7,4.52,29,71.9,1
PUMP-03927,33,67.2,56.1,2.63,22,11.2,0
PUMP-03928,93,83.5,63.9,4.56,20,45.2,0
PUMP-03929,64,100.0,62.7,2.14,16,109.6,0
PUMP-03930,41,85.6,57.7,2.65,24,26.1,0
PUMP-03931,11,70.2,58.0,2.22,16,76.5,0
PUMP-03932,22,50.3,57.8,1.78,23,57.8,0
PUMP-03933,49,47.2,53.9,1.37,22,171.0,0
PUMP-03934,19,27.2,52.1,0.7,11,89.1,0
PUMP-03935,8,47.8,51.2,2.59,26,145.2,0
PUMP-03936,35,41.0,55.2,1.99,20,74.9,0
PUMP-03937,83,85.4,78.7,4.24,16,30.0,0
PUMP-03938,8,27.4,51.9,1.93,12,44.7,0
PUMP-03939,132,46.0,59.9,2.29,19,16.6,0
PUMP-03940,119,60.9,63.9,3.64,24,92.1,0
PUMP-03941,104,57.8,64.5,3.08,20,62.6,0
PUMP-03942,23,36.2,45.4,3.81,11,148.9,0
PUMP-03943,33,49.1,57.0,2.35,26,82.2,0
PUMP-03944,56,17.5,54.0,2.56,13,110.4,0
PUMP-03945,5,91.8,63.1,2.44,26,78.6,0
PUMP-03946,41,38.5,43.5,2.74,17,64.4,0
PUMP-03947,49,43.1,63.7,1.82,21,29.1,0
PUMP-03948,17,45.7,53.3,3.09,15,52.9,0
PUMP-03949,63,86.3,61.8,1.9,15,29.2,0
PUMP-03950,119,83.3,61.6,2.53,22,48.1,0
PUMP-03951,45,39.3,50.6,1.35,22,4.2,0
PUMP-03952,144,63.4,52.8,2.93,22,12.2,1
PUMP-03953,74,72.3,58.2,2.98,17,70.8,0
PUMP-03954,13,70.3,51.9,2.36,27,53.2,0
PUMP-03955,75,58.7,55.2,5.81,19,19.6,0
PUMP-03956,66,68.4,51.7,2.52,21,16.1,0
PUMP-03957,80,51.0,59.7,3.56,19,132.6,0
PUMP-03958,26,50.0,43.6,7.23,20,174.4,0
PUMP-03959,97,55.3,56.6,5.64,17,85.2,0
PUMP-03960,141,85.2,54.2,2.94,20,18.3,0
PUMP-03961,93,77.5,66.4,2.72,22,88.9,0
PUMP-03962,119,71.0,61.2,3.52,16,84.3,0
PUMP-03963,74,59.7,64.1,4.36,23,196.3,0
PUMP-03964,142,65.5,52.5,6.27,20,87.2,0
PUMP-03965,30,77.7,54.0,3.35,21,99.5,0
PUMP-03966,108,56.4,62.7,3.68,24,142.8,0
PUMP-03967,129,34.8,48.5,6.66,24,19.6,0
PUMP-03968,64,72.3,60.2,2.87,19,82.0,0
PUMP-03969,110,60.6,60.3,1.74,22,112.0,1
PUMP-03970,24,65.7,53.0,1.7,16,60.0,0
PUMP-03971,15,68.6,57.1,2.46,24,168.4,0
PUMP-03972,140,43.6,54.3,2.44,15,26.0,0
PUMP-03973,141,75.8,64.6,2.17,13,31.5,0
PUMP-03974,69,66.2,64.8,2.28,15,81.6,0
PUMP-03975,36,53.9,60.6,3.43,21,133.7,0
PUMP-03976,17,100.0,58.8,4.63,19,70.9,1
PUMP-03977,89,41.6,53.8,4.5,24,188.3,1
PUMP-03978,132,44.1,47.9,2.87,14,168.5,0
PUMP-03979,70,59.9,58.6,1.72,28,71.3,0
PUMP-03980,43,83.6,61.5,7.98,19,128.1,0
PUMP-03981,100,46.9,48.6,3.58,12,175.5,0
PUMP-03982,10,72.4,59.2,3.31,22,52.4,0
PUMP-03983,93,46.2,58.7,2.05,12,70.5,0
PUMP-03984,140,79.3,62.9,4.24,19,53.3,0
PUMP-03985,64,50.4,50.6,9.16,12,86.5,1
PUMP-03986,52,56.3,52.1,2.38,18,42.5,0
PUMP-03987,74,55.6,55.7,3.42,17,78.3,0
PUMP-03988,14,65.5,51.1,3.64,29,116.7,0
PUMP-03989,102,66.0,62.7,4.48,23,27.9,0
PUMP-03990,5,59.7,63.3,2.3,12,35.2,0
PUMP-03991,48,74.2,58.5,3.59,26,41.4,0
PUMP-03992,106,64.6,58.2,3.6,14,77.1,0
PUMP-03993,134,89.1,68.4,4.69,18,78.2,0
PUMP-03994,143,70.1,55.3,2.99,16,175.5,0
PUMP-03995,139,66.0,62.5,3.77,12,127.6,0
PUMP-03996,128,87.3,65.5,3.54,22,29.1,0
PUMP-03997,64,73.4,60.0,2.08,14,41.9,0
PUMP-03998,136,65.5,62.7,2.4,17,39.1,0
PUMP-03999,143,59.6,49.1,3.17,22,178.8,0
PUMP-04000,25,65.0,64.0,2.45,21,62.5,0
PUMP-04001,131,57.7,57.1,3.34,22,306.7,0
PUMP-04002,129,49.4,58.4,4.09,17,41.8,1
PUMP-04003,46,49.9,50.6,2.18,20,143.2,0
PUMP-04004,15,31.7,53.2,3.57,23,66.0,0
PUMP-04005,32,85.3,59.6,2.5,18,104.5,0
PUMP-04006,44,53.8,55.5,5.77,16,41.5,0
PUMP-04007,47,37.9,44.1,2.61,22,56.2,0
PUMP-04008,66,60.2,60.9,4.79,22,51.4,0
PUMP-04009,27,44.8,42.0,1.35,13,38.2,0
PUMP-04010,81,86.1,66.9,3.61,25,5.8,0
PUMP-04011,113,94.5,64.0,3.08,24,55.9,1
PUMP-04012,138,41.8,49.6,2.09,12,12.5,0
PUMP-04013,58,69.1,67.9,3.06,18,65.1,0
PUMP-04014,107,56.7,57.3,4.12,23,52.1,0
PUMP-04015,120,49.7,56.7,7.29,14,17.8,0
PUMP-04016,20,27.0,43.2,1.02,22,98.1,0
PUMP-04017,104,59.7,52.8,2.24,13,179.4,0
PUMP-04018,46,57.9,61.4,3.32,20,16.5,0
PUMP-04019,2,49.7,57.2,2.59,24,31.6,0
PUMP-04020,78,93.4,68.4,2.5,22,9.5,0
PUMP-04021,94,94.5,60.0,6.22,24,14.0,0
PUMP-04022,104,44.8,56.6,4.81,19,72.5,0
PUMP-04023,112,61.2,55.7,3.41,25,124.5,0
PUMP-04024,66,76.7,69.8,2.21,24,99.1,0
PUMP-04025,84,84.1,68.0,5.65,23,113.2,1
PUMP-04026,98,65.4,52.3,2.03,24,71.6,0
PUMP-04027,60,72.0,62.1,2.36,24,21.8,0
PUMP-04028,104,36.9,52.8,4.31,16,19.7,0
PUMP-04029,2,76.3,57.9,1.98,21,101.0,0
PUMP-04030,18,57.9,54.4,2.3,19,63.9,0
PUMP-04031,67,93.7,58.8,3.52,23,32.5,0
PUMP-04032,59,46.3,63.9,4.63,13,19.5,0
PUMP-04033,55,28.1,50.3,2.13,20,33.7,0
PUMP-04034,115,62.1,66.6,3.31,20,172.2,0
PUMP-04035,127,75.4,63.6,5.24,30,65.8,1
PUMP-04036,32,43.0,55.4,3.55,25,49.4,0
PUMP-04037,96,63.6,59.7,3.55,17,158.2,0
PUMP-04038,12,76.0,54.7,3.31,16,42.2,0
PUMP-04039,89,38.0,58.8,3.25,18,177.7,0
PUMP-04040,126,61.2,63.0,4.3,14,180.7,0
PUMP-04041,79,51.3,53.5,4.08,17,63.5,0
PUMP-04042,61,100.0,64.9,2.25,27,46.3,0
PUMP-04043,34,58.1,50.5,3.31,23,48.9,0
PUMP-04044,83,77.0,65.2,6.59,17,14.5,0
PUMP-04045,66,97.5,63.5,4.44,33,30.9,0
PUMP-04046,42,73.0,61.2,3.02,16,26.5,0
PUMP-04047,131,51.6,55.9,2.29,23,43.1,0
PUMP-04048,133,58.0,53.9,3.17,21,25.1,0
PUMP-04049,54,49.3,54.7,2.06,10,69.3,0
PUMP-04050,61,58.5,51.5,2.18,24,35.6,0
PUMP-04051,112,44.8,55.2,2.73,20,68.9,0
PUMP-04052,51,39.4,60.4,2.22,14,42.0,0
PUMP-04053,91,70.6,54.2,3.24,26,13.0,0
PUMP-04054,76,68.6,63.6,3.1,28,56.3,0
PUMP-04055,37,92.4,61.3,2.65,24,75.0,0
PUMP-04056,91,67.6,52.5,4.05,22,140.9,0
PUMP-04057,62,66.5,57.6,2.99,14,79.4,0
PUMP-04058,15,70.3,54.8,1.44,24,71.4,0
PUMP-04059,8,63.4,65.0,2.36,14,28.1,0
PUMP-04060,139,58.9,53.2,4.06,10,32.5,0
PUMP-04061,18,39.3,53.5,2.29,19,40.8,0
PUMP-04062,57,68.9,51.7,3.59,18,55.0,0
PUMP-04063,132,87.5,61.1,3.01,19,100.8,0
PUMP-04064,114,90.9,62.6,4.36,19,74.9,0
PUMP-04065,135,36.5,56.5,2.3,24,40.2,0
PUMP-04066,55,53.2,55.7,4.04,20,40.1,0
PUMP-04067,100,79.9,63.3,3.93,26,94.1,0
PUMP-04068,37,41.3,49.6,3.36,11,130.9,0
PUMP-04069,141,73.6,52.2,5.65,31,103.6,0
PUMP-04070,71,80.3,61.0,4.14,17,38.8,0
PUMP-04071,28,76.6,58.8,3.14,22,122.6,0
PUMP-04072,113,39.6,56.3,6.23,13,84.6,1
PUMP-04073,89,79.3,58.2,2.72,22,92.7,0
PUMP-04074,76,59.0,58.8,3.12,20,61.9,0
PUMP-04075,113,37.2,61.8,3.81,17,20.3,0
PUMP-04076,89,76.5,64.8,3.53,18,76.3,0
PUMP-04077,90,53.7,53.0,3.3,18,162.2,0
PUMP-04078,57,75.8,57.2,2.78,22,128.5,0
PUMP-04079,132,43.8,60.6,3.25,20,77.1,0
PUMP-04080,29,82.6,54.9,4.43,26,57.0,0
PUMP-04081,27,55.0,58.3,3.42,17,154.5,0
PUMP-04082,26,35.0,48.7,2.05,12,37.4,0
PUMP-04083,113,60.5,60.3,4.49,17,91.5,0
PUMP-04084,113,87.1,61.4,3.63,29,112.0,0
PUMP-04085,119,60.8,55.8,2.57,23,20.5,0
PUMP-04086,10,56.2,57.9,1.69,18,108.5,0
PUMP-04087,20,56.3,53.7,3.6,22,15.9,0
PUMP-04088,65,84.2,65.5,3.98,21,55.6,0
PUMP-04089,22,37.9,47.2,6.09,15,54.1,0
PUMP-04090,141,56.5,56.7,3.02,21,152.1,0
PUMP-04091,69,78.9,54.0,6.81,31,93.0,0
PUMP-04092,81,30.5,50.7,3.75,14,18.8,0
PUMP-04093,140,30.2,57.2,5.19,13,76.4,0
PUMP-04094,130,64.9,61.3,3.15,25,84.7,0
PUMP-04095,80,100.0,58.8,3.72,20,152.9,0
PUMP-04096,3,79.5,56.9,2.47,20,43.7,0
PUMP-04097,31,49.2,56.9,2.26,15,59.7,0
PUMP-04098,127,68.9,64.6,2.57,14,93.7,0
PUMP-04099,129,21.4,53.2,1.89,22,43.1,0
PUMP-04100,53,59.5,58.3,3.74,23,53.2,0
PUMP-04101,71,61.7,50.2,4.3,23,128.2,0
PUMP-04102,63,61.5,53.6,2.79,19,106.2,0
PUMP-04103,19,67.1,60.4,1.35,13,106.6,0
PUMP-04104,3,97.0,65.5,3.51,31,41.6,0
PUMP-04105,8,40.1,48.6,1.11,17,16.1,0
PUMP-04106,115,51.0,49.1,2.19,13,58.3,0
PUMP-04107,53,58.4,60.0,1.91,25,24.7,0
PUMP-04108,37,83.6,57.2,2.53,17,42.0,0
PUMP-04109,140,87.2,64.0,2.29,25,63.6,0
PUMP-04110,20,76.8,51.4,3.71,18,71.6,0
PUMP-04111,21,52.4,49.0,2.59,19,243.8,0
PUMP-04112,91,25.0,55.3,1.88,13,31.2,0
PUMP-04113,118,77.4,59.0,3.79,22,39.9,0
PUMP-04114,19,80.8,51.3,1.82,15,64.5,0
PUMP-04115,87,86.2,65.7,2.69,17,54.8,0
PUMP-04116,120,62.9,58.5,2.62,15,5.8,0
PUMP-04117,68,54.6,50.2,3.33,20,32.2,0
PUMP-04118,9,39.4,52.8,0.69,14,116.3,0
PUMP-04119,92,15.6,56.3,1.15,13,93.4,0
PUMP-04120,90,47.8,57.1,1.88,19,42.2,0
PUMP-04121,95,100.0,57.6,4.57,29,26.2,0
PUMP-04122,40,87.0,60.0,4.21,21,95.6,0
PUMP-04123,11,50.5,57.0,3.32,18,179.0,0
PUMP-04124,140,64.4,57.5,6.46,26,329.1,0
PUMP-04125,127,51.8,53.0,2.55,17,14.3,1
PUMP-04126,71,81.8,60.6,2.14,19,3.7,0
PUMP-04127,67,76.8,64.8,2.27,21,18.7,0
PUMP-04128,123,43.5,46.1,5.83,9,150.0,0
PUMP-04129,129,44.8,64.4,5.26,16,162.7,1
PUMP-04130,5,47.3,54.9,1.28,19,35.4,0
PUMP-04131,95,57.5,57.4,2.13,31,86.1,0
PUMP-04132,63,69.6,59.9,3.73,24,88.5,0
PUMP-04133,45,57.7,58.9,2.71,19,84.0,0
PUMP-04134,6,73.5,52.3,1.79,14,107.3,0
PUMP-04135,9,52.9,59.4,1.48,18,119.6,0
PUMP-04136,138,64.9,58.7,2.66,22,92.7,0
PUMP-04137,139,76.7,52.2,4.84,19,84.0,0
PUMP-04138,71,73.8,57.1,3.33,22,34.0,0
PUMP-04139,40,56.2,58.4,2.44,21,21.1,0
PUMP-04140,26,42.2,51.9,2.39,19,97.4,0
PUMP-04141,138,81.2,62.8,4.02,26,100.6,0
PUMP-04142,66,31.3,54.2,1.04,19,40.1,0
PUMP-04143,34,58.3,62.0,1.21,17,89.6,0
PUMP-04144,26,66.0,60.3,2.2,16,19.7,0
PUMP-04145,20,55.4,55.0,4.3,22,48.4,0
PUMP-04146,9,55.6,57.4,4.2,16,111.0,0
PUMP-04147,4,58.4,54.7,7.75,26,56.5,0
PUMP-04148,49,76.0,63.9,1.63,22,45.5,0
PUMP-04149,49,83.7,53.8,4.36,24,86.3,0
PUMP-04150,116,75.5,67.7,2.42,35,43.5,0
PUMP-04151,72,52.8,60.4,1.98,19,213.1,0
PUMP-04152,136,81.7,71.7,4.22,24,121.6,1
PUMP-04153,129,70.0,56.3,4.76,16,116.7,0
PUMP-04154,40,100.0,61.3,4.06,27,81.4,0
PUMP-04155,27,61.0,52.1,2.71,25,93.9,0
PUMP-04156,55,57.3,49.0,3.85,24,12.5,0
PUMP-04157,36,76.2,54.6,5.25,16,7.6,0
PUMP-04158,101,56.9,60.7,2.86,20,79.7,0
PUMP-04159,54,41.4,55.4,1.74,16,122.2,0
PUMP-04160,7,71.1,54.8,2.44,14,208.9,0
PUMP-04161,144,55.6,62.3,2.78,17,49.4,0
PUMP-04162,79,63.9,62.1,6.24,21,144.5,1
PUMP-04163,26,77.8,62.2,1.76,23,21.6,0
PUMP-04164,67,53.5,54.3,2.23,15,124.4,0
PUMP-04165,102,53.9,60.9,2.59,20,112.5,0
PUMP-04166,20,60.7,53.5,4.76,10,141.9,0
PUMP-04167,9,46.8,51.3,3.11,17,72.8,0
PUMP-04168,141,48.2,62.7,3.6,23,86.8,0
PUMP-04169,103,79.1,60.9,2.43,17,51.9,0
PUMP-04170,30,76.0,55.9,3.61,18,144.0,0
PUMP-04171,64,61.5,60.9,1.93,24,46.3,0
PUMP-04172,25,54.8,59.1,1.08,18,41.3,0
PUMP-04173,65,48.2,50.7,3.86,17,83.3,0
PUMP-04174,119,65.7,62.9,2.74,21,21.4,0
PUMP-04175,78,74.1,52.5,5.81,12,112.1,0
PUMP-04176,105,49.8,50.5,2.85,22,16.4,0
PUMP-04177,118,74.7,60.8,4.94,29,24.6,0
PUMP-04178,53,62.8,62.8,1.62,23,83.5,0
PUMP-04179,115,52.4,54.2,1.83,16,98.4,0
PUMP-04180,51,49.3,54.4,4.26,22,108.4,0
PUMP-04181,90,48.0,52.1,3.47,20,26.4,0
PUMP-04182,107,76.7,61.8,3.15,23,158.0,0
PUMP-04183,80,66.2,66.5,4.24,15,167.8,0
PUMP-04184,68,50.8,56.3,4.56,20,25.3,0
PUMP-04185,130,73.8,66.2,6.37,27,52.5,1
PUMP-04186,108,45.3,56.0,2.17,15,70.4,0
PUMP-04187,19,40.8,51.0,1.3,16,48.5,0
PUMP-04188,107,19.5,53.6,1.43,16,125.1,0
PUMP-04189,67,49.0,55.6,2.38,26,116.7,0
PUMP-04190,100,57.1,47.8,2.74,11,48.0,0
PUMP-04191,27,47.3,48.0,1.14,13,78.9,0
PUMP-04192,12,72.9,57.4,2.63,16,87.1,0
PUMP-04193,132,72.5,56.6,2.37,23,9.6,0
PUMP-04194,70,56.3,60.0,3.26,22,58.9,0
PUMP-04195,71,76.3,59.4,5.46,24,34.5,0
PUMP-04196,82,60.0,61.7,6.26,26,80.9,0
PUMP-04197,25,62.0,58.8,1.92,28,24.8,0
PUMP-04198,111,87.5,67.7,9.5,18,67.0,0
PUMP-04199,32,35.4,59.2,1.16,10,160.6,0
PUMP-04200,93,54.8,51.7,3.87,16,86.3,0
PUMP-04201,8,66.9,55.4,4.25,24,24.8,0
PUMP-04202,130,76.1,63.8,2.86,24,145.5,0
PUMP-04203,87,57.4,54.1,4.82,18,116.9,0
PUMP-04204,104,73.9,59.8,2.28,15,83.6,0
PUMP-04205,123,82.7,67.9,3.78,20,73.3,0
PUMP-04206,97,30.8,60.8,5.39,21,113.6,0
PUMP-04207,59,59.9,52.5,2.29,20,28.5,0
PUMP-04208,9,45.2,55.8,1.02,20,255.2,0
PUMP-04209,4,41.2,52.4,5.03,21,113.0,0
PUMP-04210,90,51.9,51.0,4.32,22,44.2,0
PUMP-04211,93,95.9,65.8,2.95,26,117.3,0
PUMP-04212,103,71.7,63.1,4.18,18,117.5,1
PUMP-04213,62,71.1,59.8,3.87,17,47.6,0
PUMP-04214,77,71.5,68.3,1.97,18,115.9,0
PUMP-04215,144,60.8,54.0,2.54,28,144.3,0
PUMP-04216,82,76.4,60.7,2.24,21,120.7,0
PUMP-04217,60,61.7,61.6,4.75,10,140.1,0
PUMP-04218,31,75.9,58.3,3.14,33,142.4,0
PUMP-04219,35,61.4,63.1,2.7,19,241.1,0
PUMP-04220,41,45.5,60.2,3.36,14,39.3,0
PUMP-04221,53,44.7,52.6,1.15,20,57.3,0
PUMP-04222,74,72.7,58.9,2.13,19,139.0,0
PUMP-04223,9,100.0,61.8,2.7,29,63.1,0
PUMP-04224,35,51.6,53.9,3.67,18,83.9,0
PUMP-04225,66,67.8,49.2,1.82,13,27.6,0
PUMP-04226,88,91.1,69.2,2.12,30,89.5,0
PUMP-04227,96,92.8,66.2,2.72,23,114.2,0
PUMP-04228,76,65.6,56.6,4.61,22,33.4,0
PUMP-04229,78,77.2,53.6,2.31,25,120.9,0
PUMP-04230,66,67.7,53.8,3.5,24,85.7,0
PUMP-04231,110,45.6,58.2,4.7,21,7.9,0
PUMP-04232,95,80.1,67.8,4.19,25,45.7,0
PUMP-04233,123,49.1,54.9,5.89,18,109.2,1
PUMP-04234,76,75.3,63.4,2.72,25,131.9,0
PUMP-04235,27,32.4,52.8,1.17,19,154.5,0
PUMP-04236,103,67.7,54.1,4.8,21,14.1,0
PUMP-04237,74,42.8,59.9,2.57,18,18.6,0
PUMP-04238,100,57.9,60.5,2.96,20,159.1,0
PUMP-04239,83,73.7,55.7,4.61,31,81.5,0
PUMP-04240,89,51.4,58.2,1.81,21,80.5,0
PUMP-04241,123,44.3,64.1,4.98,21,44.3,0
PUMP-04242,97,68.4,59.6,5.06,24,131.6,0
PUMP-04243,136,59.3,59.0,3.08,18,13.2,0
PUMP-04244,74,79.5,57.9,1.77,23,75.8,0
PUMP-04245,78,72.6,55.4,4.47,24,136.4,0
PUMP-04246,85,66.9,66.2,2.51,19,33.1,0
PUMP-04247,76,43.5,57.0,2.45,20,39.0,0
PUMP-04248,65,29.5,53.0,3.17,17,83.9,0
PUMP-04249,10,83.2,62.4,1.3,21,62.0,0
PUMP-04250,78,58.1,62.4,2.79,23,17.9,0
PUMP-04251,67,93.3,65.4,3.75,17,42.7,0
PUMP-04252,98,61.9,65.4,2.35,16,165.0,1
PUMP-04253,58,54.1,55.8,1.43,18,77.4,0
PUMP-04254,100,65.5,67.5,6.53,23,66.7,0
PUMP-04255,94,71.2,51.1,3.27,20,32.6,0
PUMP-04256,136,64.7,61.4,5.68,20,37.3,0
PUMP-04257,77,65.9,53.7,4.91,17,32.6,0
PUMP-04258,80,50.7,57.8,3.35,20,63.4,0
PUMP-04259,64,68.2,64.2,4.81,25,63.2,0
PUMP-04260,53,100.0,59.6,5.53,21,58.6,0
PUMP-04261,126,36.5,50.2,1.78,20,42.8,0
PUMP-04262,78,60.8,56.7,3.6,24,140.9,0
PUMP-04263,91,59.8,59.0,3.09,22,73.9,0
PUMP-04264,16,90.5,59.4,5.33,27,21.3,0
PUMP-04265,80,57.3,57.3,6.53,23,56.2,0
PUMP-04266,69,44.1,55.8,3.67,21,52.4,0
PUMP-04267,10,57.1,50.7,6.86,24,30.4,0
PUMP-04268,65,87.1,58.1,2.06,17,71.1,0
PUMP-04269,115,82.1,68.0,2.48,23,105.0,0
PUMP-04270,105,69.6,58.3,3.06,21,58.4,0
PUMP-04271,43,59.6,64.6,2.03,24,102.9,0
PUMP-04272,34,81.3,55.7,3.87,11,77.2,0
PUMP-04273,136,39.8,56.5,2.43,12,64.4,0
PUMP-04274,128,78.6,58.3,6.42,21,86.0,0
PUMP-04275,115,55.9,63.0,3.0,18,51.0,0
PUMP-04276,69,37.4,53.9,1.95,10,163.4,0
PUMP-04277,95,73.4,57.0,2.67,22,16.1,0
PUMP-04278,79,57.5,54.2,2.68,19,79.5,0
PUMP-04279,4,34.2,49.1,1.43,18,82.9,0
PUMP-04280,141,51.7,61.1,3.08,17,160.8,0
PUMP-04281,44,63.3,50.6,1.4,12,74.3,0
PUMP-04282,58,65.3,52.1,3.61,20,37.8,0
PUMP-04283,24,57.3,51.4,6.69,20,91.7,0
PUMP-04284,54,72.8,53.7,3.59,16,182.4,0
PUMP-04285,112,52.4,61.7,2.45,14,86.2,0
PUMP-04286,72,44.3,54.6,3.19,13,116.6,0
PUMP-04287,76,50.9,61.8,3.22,16,37.9,0
PUMP-04288,31,60.8,61.5,2.6,22,110.0,0
PUMP-04289,12,61.3,55.8,3.17,25,67.1,0
PUMP-04290,91,56.6,62.9,1.79,18,84.5,0
PUMP-04291,96,61.5,64.1,1.62,27,35.5,0
PUMP-04292,115,83.1,60.8,3.45,31,117.0,0
PUMP-04293,72,71.2,58.2,2.15,21,69.9,0
PUMP-04294,124,60.7,59.5,2.89,15,148.7,0
PUMP-04295,67,43.5,52.1,2.6,21,52.6,0
PUMP-04296,12,82.7,66.9,1.5,29,105.3,0
PUMP-04297,21,70.0,57.5,1.42,22,52.6,0
PUMP-04298,123,46.6,53.7,1.72,9,54.0,0
PUMP-04299,90,88.9,62.4,3.51,24,112.0,0
PUMP-04300,66,42.5,46.2,2.35,14,74.3,0
PUMP-04301,95,46.7,47.1,1.71,15,51.7,0
PUMP-04302,60,55.9,60.6,4.68,13,29.0,0
PUMP-04303,131,58.8,51.5,3.0,19,43.0,0
PUMP-04304,33,73.9,55.7,5.96,19,45.0,1
PUMP-04305,125,52.4,62.1,3.32,15,109.2,0
PUMP-04306,97,77.3,69.0,3.94,32,87.0,0
PUMP-04307,80,67.9,54.9,4.88,17,63.2,0
PUMP-04308,14,84.7,59.4,1.51,13,48.4,0
PUMP-04309,113,44.9,54.5,5.34,14,75.3,0
PUMP-04310,138,42.2,56.7,2.68,22,65.0,0
PUMP-04311,64,49.4,49.8,4.79,20,23.1,0
PUMP-04312,119,73.8,62.7,3.33,22,61.3,0
PUMP-04313,125,53.2,52.7,3.58,20,114.8,0
PUMP-04314,30,58.2,55.0,2.47,17,35.5,0
PUMP-04315,82,56.7,57.7,1.71,16,59.1,0
PUMP-04316,80,51.7,55.3,2.06,16,11.4,0
PUMP-04317,132,55.9,54.1,2.09,25,13.8,0
PUMP-04318,129,42.6,62.5,2.36,15,15.5,0
PUMP-04319,110,58.8,63.0,3.73,21,4.0,0
PUMP-04320,25,46.3,48.1,2.19,23,114.6,0
PUMP-04321,128,62.9,53.6,3.71,17,82.6,0
PUMP-04322,83,37.5,60.8,1.96,24,110.3,0
PUMP-04323,57,52.5,55.2,1.34,29,65.7,0
PUMP-04324,110,84.3,66.6,4.75,14,69.7,0
PUMP-04325,140,74.5,63.0,2.91,17,35.4,0
PUMP-04326,11,60.9,61.6,4.06,16,103.0,0
PUMP-04327,4,64.9,58.6,2.45,18,15.8,0
PUMP-04328,100,42.6,56.1,1.93,12,108.3,0
PUMP-04329,21,81.3,53.6,2.14,23,101.0,0
PUMP-04330,97,82.0,66.1,3.72,17,53.8,0
PUMP-04331,37,87.7,56.5,4.69,19,34.2,0
PUMP-04332,81,73.9,52.4,5.09,25,57.3,0
PUMP-04333,42,65.7,55.4,1.63,25,62.3,0
PUMP-04334,130,77.1,61.6,2.58,17,90.4,0
PUMP-04335,37,87.9,53.8,2.09,22,87.0,0
PUMP-04336,47,58.2,51.0,6.42,25,169.6,0
PUMP-04337,57,50.1,54.8,4.35,13,20.5,0
PUMP-04338,66,55.0,56.9,5.46,19,33.0,1
PUMP-04339,9,63.5,50.3,2.52,22,58.7,0
PUMP-04340,37,70.3,57.0,6.84,10,84.0,0
PUMP-04341,112,63.5,56.8,3.31,22,113.8,0
PUMP-04342,138,52.5,64.6,2.01,21,272.4,0
PUMP-04343,37,77.1,63.7,2.49,22,95.0,0
PUMP-04344,17,38.3,56.5,4.75,18,75.8,0
PUMP-04345,22,80.5,58.1,1.69,15,148.3,0
PUMP-04346,49,58.3,59.6,2.5,23,41.6,0
PUMP-04347,17,81.0,59.4,1.37,19,23.0,0
PUMP-04348,52,85.7,65.5,2.49,26,63.9,0
PUMP-04349,90,100.0,68.6,2.9,23,56.3,0
PUMP-04350,68,45.1,53.2,1.41,13,15.9,0
PUMP-04351,9,58.0,63.3,1.53,27,146.5,0
PUMP-04352,95,93.4,59.0,2.86,24,86.7,0
PUMP-04353,80,42.6,53.2,1.7,14,97.3,0
PUMP-04354,24,44.5,53.2,1.79,23,95.9,0
PUMP-04355,117,47.0,52.8,3.44,25,27.4,0
PUMP-04356,26,62.6,60.9,5.34,16,26.6,0
PUMP-04357,47,70.9,59.4,7.17,25,162.7,1
PUMP-04358,68,74.1,60.1,3.59,22,46.3,0
PUMP-04359,130,51.0,64.8,4.32,21,74.9,1
PUMP-04360,20,48.4,54.6,3.6,17,98.2,0
PUMP-04361,28,51.0,58.4,1.11,21,38.4,0
PUMP-04362,17,73.8,61.1,2.33,24,83.1,0
PUMP-04363,109,56.4,58.2,3.61,25,113.3,0
PUMP-04364,95,73.6,63.9,3.4,23,38.3,0
PUMP-04365,99,52.8,59.8,2.65,21,28.9,0
PUMP-04366,9,52.0,54.2,4.88,18,102.0,0
PUMP-04367,2,98.0,64.6,2.28,17,128.3,0
PUMP-04368,122,81.2,55.0,2.4,34,85.5,0
PUMP-04369,99,74.8,54.3,3.01,22,85.0,0
PUMP-04370,124,62.5,62.7,3.13,16,119.6,1
PUMP-04371,83,62.4,63.4,2.21,20,15.3,0
PUMP-04372,63,56.9,57.8,3.41,21,26.1,0
PUMP-04373,107,34.4,49.9,2.48,15,166.3,0
PUMP-04374,50,58.9,61.4,3.66,18,117.6,0
PUMP-04375,112,40.3,48.3,3.8,13,149.3,0
PUMP-04376,14,51.7,59.8,1.89,15,38.6,0
PUMP-04377,25,61.7,54.4,2.61,25,96.1,0
PUMP-04378,52,67.6,61.1,1.57,21,51.8,0
PUMP-04379,39,36.6,53.6,6.6,20,138.5,0
PUMP-04380,60,82.3,62.3,2.47,19,60.7,1
PUMP-04381,40,41.2,55.8,3.17,11,12.2,0
PUMP-04382,65,61.0,59.3,2.27,27,43.1,0
PUMP-04383,63,93.8,58.6,5.02,24,277.5,0
PUMP-04384,15,71.2,56.2,2.11,13,121.3,0
PUMP-04385,97,43.8,63.2,3.32,14,33.3,1
PUMP-04386,53,100.0,57.5,2.63,25,81.1,0
PUMP-04387,113,35.6,54.7,5.11,22,15.1,0
PUMP-04388,3,51.0,52.4,8.36,12,183.6,0
PUMP-04389,137,65.6,57.6,4.76,24,31.7,0
PUMP-04390,120,65.7,69.2,3.26,25,211.1,1
PUMP-04391,12,100.0,65.4,2.67,33,224.8,0
PUMP-04392,58,69.6,51.4,2.72,16,172.0,0
PUMP-04393,23,47.0,58.3,1.11,23,33.0,0
PUMP-04394,141,90.3,64.2,3.51,18,22.8,0
PUMP-04395,18,57.7,61.2,2.96,21,86.7,0
PUMP-04396,22,49.4,42.3,2.51,20,153.2,0
PUMP-04397,95,52.7,61.3,2.04,13,10.1,0
PUMP-04398,66,69.0,65.1,2.6,19,74.0,0
PUMP-04399,15,62.1,55.0,2.14,24,95.4,0
PUMP-04400,68,41.0,60.9,3.49,14,102.6,0
PUMP-04401,5,74.8,47.7,2.4,22,128.1,0
PUMP-04402,113,38.5,54.1,2.81,16,193.4,1
PUMP-04403,9,73.3,56.9,1.68,16,75.2,0
PUMP-04404,48,63.9,54.2,5.83,22,43.4,0
PUMP-04405,89,66.9,58.9,5.06,15,67.3,0
PUMP-04406,62,48.2,52.5,2.36,17,32.1,0
PUMP-04407,37,51.5,51.1,3.18,21,58.4,0
PUMP-04408,66,50.8,54.0,2.27,22,85.5,1
PUMP-04409,131,64.6,71.0,6.58,12,129.0,1
PUMP-04410,15,57.6,61.7,2.35,17,25.9,0
PUMP-04411,80,39.5,60.8,1.67,14,43.6,0
PUMP-04412,122,34.9,57.4,2.24,13,84.2,0
PUMP-04413,5,49.7,53.7,5.6,18,93.4,0
PUMP-04414,92,59.1,57.2,3.57,20,182.2,0
PUMP-04415,123,68.1,60.5,2.79,18,90.7,0
PUMP-04416,117,100.0,62.9,4.04,23,172.9,0
PUMP-04417,50,73.3,56.3,2.63,19,204.1,0
PUMP-04418,12,55.9,58.9,2.16,22,87.9,0
PUMP-04419,60,86.5,56.3,2.66,27,58.9,0
PUMP-04420,2,48.7,53.0,7.74,25,152.8,1
PUMP-04421,85,66.4,60.4,3.56,20,78.0,0
PUMP-04422,26,35.6,54.5,2.48,18,118.6,0
PUMP-04423,30,73.9,59.8,6.21,21,37.0,0
PUMP-04424,41,38.3,63.1,3.05,17,69.8,0
PUMP-04425,129,38.0,59.5,4.62,12,173.1,1
PUMP-04426,83,66.7,56.4,2.84,22,143.9,0
PUMP-04427,38,33.8,39.1,5.13,13,7.0,0
PUMP-04428,113,56.4,55.2,3.29,20,38.7,0
PUMP-04429,128,69.5,65.7,2.83,21,78.7,0
PUMP-04430,142,38.8,51.6,2.44,11,97.9,0
PUMP-04431,61,42.2,54.9,1.72,15,16.9,0
PUMP-04432,54,66.2,61.0,3.56,16,202.4,0
PUMP-04433,25,53.0,55.0,5.75,21,34.8,0
PUMP-04434,121,53.0,60.0,2.72,17,82.6,0
PUMP-04435,120,73.1,58.8,3.02,18,42.1,0
PUMP-04436,86,100.0,60.8,6.59,40,74.1,0
PUMP-04437,81,74.0,56.6,2.79,22,121.7,0
PUMP-04438,18,24.1,54.3,1.06,22,67.7,0
PUMP-04439,89,54.3,66.5,3.06,28,40.8,0
PUMP-04440,131,54.3,59.4,2.44,10,61.1,0
PUMP-04441,35,79.9,65.2,3.85,27,98.3,0
PUMP-04442,53,54.8,58.6,2.28,17,226.9,0
PUMP-04443,101,52.6,54.2,3.04,20,17.6,0
PUMP-04444,48,47.7,62.9,1.33,20,88.2,0
PUMP-04445,112,61.3,64.1,4.1,24,95.8,0
PUMP-04446,20,65.9,50.2,1.45,19,31.2,0
PUMP-04447,20,59.0,54.6,2.27,22,83.3,0
PUMP-04448,120,65.8,53.3,4.64,15,100.3,0
PUMP-04449,121,70.3,61.8,5.8,19,60.5,0
PUMP-04450,53,57.7,55.2,3.61,21,38.2,0
PUMP-04451,109,67.6,63.6,2.86,16,86.9,0
PUMP-04452,106,68.2,65.1,2.9,22,62.7,0
PUMP-04453,39,65.3,59.2,3.09,24,52.6,0
PUMP-04454,144,89.5,55.5,4.55,19,51.5,1
PUMP-04455,62,80.0,58.1,5.8,23,97.7,1
PUMP-04456,98,74.2,60.5,3.21,24,33.9,0
PUMP-04457,41,56.8,56.5,1.52,13,24.2,0
PUMP-04458,13,91.5,58.5,4.2,17,71.8,0
PUMP-04459,38,69.9,63.0,2.97,21,75.3,0
PUMP-04460,83,52.6,64.6,1.79,20,76.1,0
PUMP-04461,91,62.0,57.9,2.75,13,110.4,0
PUMP-04462,76,46.4,52.2,3.68,20,163.5,0
PUMP-04463,103,51.0,55.1,4.3,28,42.8,0
PUMP-04464,60,55.1,56.1,1.58,20,89.4,0
PUMP-04465,93,34.7,47.5,3.54,28,143.2,0
PUMP-04466,56,61.6,56.4,3.28,17,65.6,0
PUMP-04467,36,70.2,56.1,4.06,25,46.8,1
PUMP-04468,20,15.2,52.1,0.72,13,35.6,0
PUMP-04469,57,55.7,54.3,1.54,18,48.9,0
PUMP-04470,52,79.1,62.3,2.55,26,57.1,0
PUMP-04471,141,77.4,71.8,2.95,24,31.9,1
PUMP-04472,96,58.2,58.6,3.6,20,44.3,0
PUMP-04473,136,74.9,60.2,2.45,29,47.9,0
PUMP-04474,59,42.7,53.4,2.99,17,80.5,0
PUMP-04475,79,75.5,62.4,2.8,23,15.7,0
PUMP-04476,57,72.5,61.0,2.78,20,68.4,0
PUMP-04477,114,43.4,56.4,4.14,23,35.8,0
PUMP-04478,8,66.1,52.0,3.0,24,238.9,0
PUMP-04479,130,24.7,49.0,3.3,13,125.5,0
PUMP-04480,47,43.8,58.0,1.97,16,75.9,0
PUMP-04481,60,48.7,54.7,2.19,16,89.2,0
PUMP-04482,123,74.2,57.8,3.51,21,75.3,1
PUMP-04483,80,85.9,68.7,7.41,21,26.9,1
PUMP-04484,97,67.2,63.2,2.92,14,248.7,0
PUMP-04485,68,79.9,60.8,2.15,21,125.4,0
PUMP-04486,126,72.2,65.1,4.13,25,12.7,0
PUMP-04487,142,82.3,62.5,3.71,21,36.3,0
PUMP-04488,117,46.8,52.0,2.05,23,188.3,0
PUMP-04489,19,69.8,53.8,5.37,25,164.1,0
PUMP-04490,113,59.8,68.1,2.05,21,5.7,0
PUMP-04491,92,59.3,56.1,2.68,20,42.4,0
PUMP-04492,34,49.9,51.6,2.98,13,29.8,0
PUMP-04493,116,59.7,56.3,2.5,23,157.0,0
PUMP-04494,38,74.0,62.0,2.17,24,91.0,0
PUMP-04495,61,49.3,43.9,1.15,25,77.6,0
PUMP-04496,57,65.8,56.9,2.12,18,57.9,0
PUMP-04497,34,70.9,56.1,1.36,15,5.5,0
PUMP-04498,52,38.7,55.2,1.2,20,100.7,0
PUMP-04499,107,56.5,59.7,4.72,22,182.6,1
PUMP-04500,43,67.9,55.9,5.01,17,37.2,0
PUMP-04501,5,74.5,58.7,6.56,20,37.5,0
PUMP-04502,142,46.3,54.6,2.74,20,36.4,0
PUMP-04503,138,77.9,63.6,3.87,24,14.6,0
PUMP-04504,65,59.0,51.7,4.97,24,68.1,0
PUMP-04505,92,38.3,50.3,1.59,19,119.4,0
PUMP-04506,21,85.9,65.9,1.97,19,112.0,0
PUMP-04507,137,73.5,58.8,6.76,23,39.5,0
PUMP-04508,78,50.2,64.3,3.59,16,196.5,1
PUMP-04509,116,74.2,53.8,5.91,21,156.9,0
PUMP-04510,125,48.6,65.0,4.81,17,44.2,0
PUMP-04511,117,70.1,59.4,1.97,24,87.0,0
PUMP-04512,27,15.0,42.4,1.5,14,52.6,0
PUMP-04513,142,68.5,64.6,2.61,23,33.7,0
PUMP-04514,108,65.6,55.4,2.98,20,42.5,0
PUMP-04515,35,57.5,55.3,5.05,21,107.9,0
PUMP-04516,45,71.5,62.3,4.82,17,55.3,0
PUMP-04517,31,85.8,63.0,2.03,25,63.6,0
PUMP-04518,60,67.8,59.1,3.02,15,68.9,0
PUMP-04519,62,58.4,58.6,2.08,18,37.6,0
PUMP-04520,40,43.4,50.8,3.73,21,129.9,0
PUMP-04521,135,88.1,60.1,4.85,20,158.2,1
PUMP-04522,136,30.2,54.3,5.26,16,36.8,0
PUMP-04523,45,72.1,60.2,2.77,17,17.2,0
PUMP-04524,12,56.3,54.6,2.91,18,14.0,0
PUMP-04525,29,73.6,65.6,7.88,22,26.1,0
PUMP-04526,93,48.4,61.0,4.89,27,43.2,0
PUMP-04527,27,38.7,57.6,4.36,21,50.8,0
PUMP-04528,9,55.5,51.4,2.05,20,46.8,0
PUMP-04529,46,74.8,64.0,1.63,20,101.2,0
PUMP-04530,98,56.9,63.0,1.97,21,44.5,0
PUMP-04531,25,59.3,61.8,3.86,8,266.3,0
PUMP-04532,72,81.4,59.1,2.9,17,125.8,0
PUMP-04533,110,60.6,62.2,2.81,18,11.2,0
PUMP-04534,122,55.9,63.6,3.19,19,111.0,1
PUMP-04535,110,83.4,67.7,3.13,26,94.1,0
PUMP-04536,75,69.5,53.4,2.67,19,82.4,0
PUMP-04537,79,71.8,57.8,5.9,14,12.3,0
PUMP-04538,20,73.1,57.8,4.02,24,19.9,0
PUMP-04539,12,45.5,56.8,1.99,17,73.1,0
PUMP-04540,61,54.2,50.1,3.1,17,49.6,0
PUMP-04541,124,69.9,61.9,3.31,27,130.2,0
PUMP-04542,74,88.6,65.3,4.8,26,95.9,0
PUMP-04543,26,73.5,56.7,6.08,23,76.1,0
PUMP-04544,27,100.0,64.4,2.64,27,53.9,0
PUMP-04545,35,28.7,52.1,2.76,18,64.9,0
PUMP-04546,37,50.5,49.1,7.91,22,8.5,0
PUMP-04547,61,15.0,48.6,3.2,21,93.8,0
PUMP-04548,73,84.9,49.7,2.68,26,28.6,0
PUMP-04549,135,67.6,65.6,2.28,20,76.1,0
PUMP-04550,129,57.8,66.1,5.81,17,167.4,1
PUMP-04551,24,59.8,54.3,3.83,20,145.9,0
PUMP-04552,107,70.4,58.8,2.45,26,19.9,0
PUMP-04553,71,44.1,56.4,3.49,20,107.8,0
PUMP-04554,59,66.3,59.3,1.71,24,223.8,0
PUMP-04555,51,93.3,62.1,2.21,21,46.0,0
PUMP-04556,52,57.4,53.7,3.52,17,81.0,0
PUMP-04557,141,61.3,66.1,4.73,19,2.6,0
PUMP-04558,103,58.4,59.0,2.07,18,111.0,0
PUMP-04559,96,79.2,61.7,2.74,18,184.4,0
PUMP-04560,110,71.5,58.7,8.54,22,217.3,1
PUMP-04561,19,46.9,50.0,1.02,15,68.6,0
PUMP-04562,83,56.8,57.0,1.75,18,94.9,0
PUMP-04563,134,32.7,60.9,2.33,15,202.5,0
PUMP-04564,84,47.1,53.6,5.62,9,28.6,1
PUMP-04565,5,62.9,55.2,1.57,13,123.8,0
PUMP-04566,93,58.0,54.7,1.76,19,76.6,0
PUMP-04567,130,60.9,63.6,4.28,17,200.0,0
PUMP-04568,24,69.0,60.9,2.05,19,84.0,0
PUMP-04569,60,69.6,53.3,4.78,27,71.9,0
PUMP-04570,114,78.8,58.8,4.46,27,75.1,0
PUMP-04571,90,54.9,54.8,1.72,11,40.6,0
PUMP-04572,89,87.7,65.0,2.49,25,26.7,0
PUMP-04573,16,52.0,60.9,2.48,16,77.9,0
PUMP-04574,77,79.0,58.5,3.15,24,57.3,0
PUMP-04575,92,70.6,71.6,3.17,25,61.7,0
PUMP-04576,112,56.8,53.8,4.09,35,18.4,0
PUMP-04577,102,90.3,64.9,6.13,16,133.8,1
PUMP-04578,38,44.9,54.7,0.97,16,22.8,0
PUMP-04579,8,54.3,56.6,4.31,24,151.0,0
PUMP-04580,23,55.9,58.6,2.93,21,20.2,0
PUMP-04581,78,29.7,52.3,4.2,14,20.7,0
PUMP-04582,74,50.6,61.3,3.1,21,135.9,0
PUMP-04583,68,59.9,56.1,2.41,19,86.1,0
PUMP-04584,81,83.5,60.1,1.84,17,103.7,0
PUMP-04585,48,39.0,48.7,2.21,16,99.0,1
PUMP-04586,117,70.3,57.6,2.37,22,21.3,0
PUMP-04587,24,54.7,53.0,0.98,22,110.0,0
PUMP-04588,7,26.8,50.3,0.89,21,36.1,0
PUMP-04589,11,55.9,53.2,2.39,13,86.5,0
PUMP-04590,67,51.1,55.1,5.51,15,165.3,0
PUMP-04591,137,75.2,70.0,4.22,11,81.8,1
PUMP-04592,64,25.4,45.0,3.59,17,85.2,0
PUMP-04593,24,87.8,63.3,4.73,23,29.7,1
PUMP-04594,111,100.0,65.1,3.26,30,329.9,0
PUMP-04595,85,63.5,51.4,5.57,22,154.0,0
PUMP-04596,32,53.9,55.8,2.76,19,185.4,0
PUMP-04597,138,50.0,61.9,3.08,20,26.5,0
PUMP-04598,26,43.4,60.3,3.49,20,33.3,0
PUMP-04599,141,49.9,53.8,2.9,12,163.7,0
PUMP-04600,114,70.9,59.6,3.5,21,193.6,1
PUMP-04601,136,58.2,58.8,7.32,20,121.8,0
PUMP-04602,114,60.3,54.4,4.33,17,167.4,0
PUMP-04603,51,70.6,56.4,1.91,19,118.9,0
PUMP-04604,86,41.3,56.1,2.64,17,58.5,0
PUMP-04605,118,81.9,71.0,2.56,21,49.0,0
PUMP-04606,49,32.3,60.7,1.95,19,145.5,0
PUMP-04607,118,72.7,59.6,3.62,17,142.8,0
PUMP-04608,119,59.1,60.5,2.9,17,130.3,0
PUMP-04609,11,48.4,49.1,2.74,10,99.3,0
PUMP-04610,46,46.1,54.6,4.88,15,218.1,0
PUMP-04611,110,67.7,56.0,4.06,22,23.3,0
PUMP-04612,10,61.2,47.3,3.57,22,14.4,0
PUMP-04613,39,77.0,61.3,1.88,24,47.9,0
PUMP-04614,114,43.2,53.4,5.7,18,103.4,0
PUMP-04615,63,84.5,66.0,3.63,34,138.4,1
PUMP-04616,98,52.3,55.7,2.97,18,49.5,0
PUMP-04617,65,74.1,62.7,1.64,26,48.4,0
PUMP-04618,27,47.0,59.7,1.75,12,8.2,0
PUMP-04619,93,56.3,52.8,5.77,21,158.1,0
PUMP-04620,71,33.9,55.9,2.14,14,89.4,0
PUMP-04621,144,47.8,56.0,4.03,14,15.3,0
PUMP-04622,74,21.8,56.1,1.76,18,101.3,0
PUMP-04623,124,91.9,57.1,6.77,23,129.2,0
PUMP-04624,134,61.7,61.1,2.97,19,65.4,0
PUMP-04625,21,96.5,54.3,3.37,24,173.5,0
PUMP-04626,44,56.0,52.0,3.4,21,4.7,0
PUMP-04627,3,63.3,51.6,1.48,25,9.8,0
PUMP-04628,139,70.4,50.6,2.88,20,172.3,0
PUMP-04629,132,57.7,52.6,4.65,18,119.3,0
PUMP-04630,43,64.7,59.0,4.33,22,44.3,0
PUMP-04631,115,81.3,59.2,2.85,21,19.0,0
PUMP-04632,50,63.7,61.1,2.77,18,37.9,0
PUMP-04633,97,57.9,59.0,2.69,24,125.3,0
PUMP-04634,16,85.2,59.3,4.39,34,51.3,0
PUMP-04635,23,56.4,56.2,2.66,26,14.5,0
PUMP-04636,93,82.6,61.1,3.71,23,93.2,1
PUMP-04637,103,86.7,61.8,2.9,26,61.7,0
PUMP-04638,75,60.6,60.5,4.6,15,63.9,0
PUMP-04639,52,76.7,61.9,5.44,20,29.0,0
PUMP-04640,110,73.3,56.2,2.37,13,31.6,0
PUMP-04641,2,66.2,52.5,1.31,26,57.3,0
PUMP-04642,134,66.8,55.7,2.54,19,187.4,0
PUMP-04643,104,53.7,49.9,2.87,15,131.4,0
PUMP-04644,70,74.4,53.2,4.12,18,146.4,0
PUMP-04645,28,64.7,58.4,6.38,11,172.6,1
PUMP-04646,130,75.6,65.9,4.68,21,103.0,0
PUMP-04647,109,73.4,61.3,4.9,22,59.5,0
PUMP-04648,48,56.6,67.2,2.5,13,41.1,0
PUMP-04649,53,39.1,54.7,5.02,18,46.9,0
PUMP-04650,127,79.7,59.7,3.71,20,42.0,0
PUMP-04651,119,58.7,54.5,2.02,27,58.7,0
PUMP-04652,68,100.0,61.1,2.83,24,36.7,0
PUMP-04653,30,39.5,48.3,0.96,12,89.8,0
PUMP-04654,102,56.9,57.8,2.22,24,9.1,0
PUMP-04655,15,49.3,48.6,1.93,18,19.5,0
PUMP-04656,35,55.0,60.7,3.53,19,149.8,0
PUMP-04657,6,63.1,53.8,4.11,26,14.9,0
PUMP-04658,68,58.1,52.5,4.49,22,127.5,0
PUMP-04659,70,63.8,61.7,2.17,32,58.4,0
PUMP-04660,79,55.4,55.2,2.8,20,58.0,0
PUMP-04661,21,76.2,54.6,1.27,22,72.6,0
PUMP-04662,100,75.7,67.3,3.99,24,95.8,0
PUMP-04663,97,65.5,62.9,5.39,17,93.1,0
PUMP-04664,12,63.1,59.9,1.3,21,74.3,0
PUMP-04665,78,100.0,61.2,4.02,23,42.9,0
PUMP-04666,34,76.3,54.9,2.36,24,63.3,0
PUMP-04667,26,59.3,54.7,4.89,23,29.1,0
PUMP-04668,55,100.0,58.4,2.27,34,19.3,0
PUMP-04669,3,65.0,60.2,4.54,18,73.2,0
PUMP-04670,102,60.8,55.7,6.01,19,92.0,1
PUMP-04671,54,60.9,62.8,3.07,17,239.9,0
PUMP-04672,36,62.0,54.4,5.69,24,15.1,0
PUMP-04673,47,67.2,62.8,3.94,21,165.6,0
PUMP-04674,57,75.6,54.5,7.42,19,79.3,0
PUMP-04675,84,67.5,61.7,1.98,20,24.1,0
PUMP-04676,116,100.0,62.2,3.36,22,88.4,0
PUMP-04677,75,59.2,62.9,4.62,17,41.7,0
PUMP-04678,10,62.6,51.6,2.99,26,126.0,0
PUMP-04679,18,56.5,52.6,3.04,10,14.7,0
PUMP-04680,40,56.1,63.1,1.69,17,220.2,0
PUMP-04681,121,66.4,56.8,3.15,22,56.1,0
PUMP-04682,87,47.7,51.9,2.4,28,110.5,0
PUMP-04683,135,67.7,65.0,3.41,21,29.8,0
PUMP-04684,8,55.0,53.6,2.51,18,148.7,0
PUMP-04685,116,56.1,61.5,3.5,20,107.1,0
PUMP-04686,111,54.9,57.5,2.54,21,152.7,0
PUMP-04687,40,52.2,60.2,1.61,22,84.5,0
PUMP-04688,121,55.4,63.1,5.42,12,79.5,0
PUMP-04689,8,83.6,59.8,2.5,13,97.3,0
PUMP-04690,61,37.9,55.8,2.67,19,19.1,0
PUMP-04691,124,51.8,51.2,2.29,16,10.3,0
PUMP-04692,117,61.9,58.0,2.6,20,55.8,0
PUMP-04693,2,87.7,63.8,4.72,25,11.2,0
PUMP-04694,7,29.9,50.9,0.97,12,40.5,0
PUMP-04695,114,50.7,62.5,2.66,21,15.4,0
PUMP-04696,58,57.6,56.2,3.66,23,21.3,0
PUMP-04697,29,66.3,55.8,2.13,23,27.3,0
PUMP-04698,73,68.4,55.3,3.47,27,70.2,1
PUMP-04699,103,90.2,66.3,3.1,19,43.4,0
PUMP-04700,6,43.9,50.5,3.57,12,92.2,0
PUMP-04701,62,56.5,59.6,1.44,18,54.8,0
PUMP-04702,118,47.9,51.4,2.68,16,156.4,0
PUMP-04703,131,99.7,67.3,3.89,20,28.0,0
PUMP-04704,2,67.9,49.2,5.56,22,142.2,0
PUMP-04705,39,58.2,59.1,7.72,17,70.3,0
PUMP-04706,30,57.6,62.8,5.28,18,23.0,0
PUMP-04707,8,76.4,54.0,3.15,29,104.8,0
PUMP-04708,73,76.1,61.5,6.74,27,167.2,0
PUMP-04709,144,53.3,61.1,3.05,16,62.4,0
PUMP-04710,34,78.2,54.7,1.81,32,46.6,0
PUMP-04711,4,36.8,52.3,1.2,15,25.8,0
PUMP-04712,128,54.5,53.6,2.69,21,26.0,0
PUMP-04713,118,78.1,56.3,4.3,24,134.3,0
PUMP-04714,51,68.9,52.8,2.65,20,201.5,0
PUMP-04715,136,58.3,62.0,4.02,18,44.0,0
PUMP-04716,7,66.0,57.7,3.18,15,60.5,0
PUMP-04717,70,73.9,57.1,2.68,24,97.0,0
PUMP-04718,88,75.8,60.6,3.89,27,73.0,0
PUMP-04719,15,92.9,60.1,1.87,22,196.6,0
PUMP-04720,134,94.9,67.1,5.19,26,137.0,0
PUMP-04721,121,81.9,75.2,4.29,25,72.4,0
PUMP-04722,123,69.9,58.7,3.2,18,43.2,0
PUMP-04723,95,92.0,58.2,3.84,24,191.2,0
PUMP-04724,58,62.2,59.6,1.88,33,95.7,0
PUMP-04725,63,86.7,60.8,3.67,28,161.7,0
PUMP-04726,79,45.4,50.6,2.04,28,194.5,1
PUMP-04727,97,58.8,57.3,3.86,18,41.9,0
PUMP-04728,24,61.3,64.6,1.31,18,28.7,0
PUMP-04729,21,67.3,61.8,2.62,21,44.1,0
PUMP-04730,121,40.0,48.6,5.19,17,118.2,0
PUMP-04731,116,77.2,65.8,3.43,25,40.4,0
PUMP-04732,38,62.1,59.5,1.28,19,88.5,0
PUMP-04733,102,39.5,57.9,4.88,20,39.8,0
PUMP-04734,84,38.8,56.6,2.21,7,46.7,0
PUMP-04735,43,69.6,59.5,3.67,25,96.6,0
PUMP-04736,14,25.8,41.9,2.94,17,2.5,0
PUMP-04737,133,76.2,58.3,2.28,19,60.4,0
PUMP-04738,43,67.0,56.4,1.37,19,151.5,0
PUMP-04739,123,91.0,69.1,3.6,22,93.5,1
PUMP-04740,25,51.4,55.2,1.54,18,22.6,0
PUMP-04741,14,42.0,51.2,1.72,15,62.0,0
PUMP-04742,6,66.7,59.7,3.23,20,81.4,0
PUMP-04743,105,66.0,70.9,3.38,26,116.1,0
PUMP-04744,101,51.3,57.6,2.74,16,81.8,0
PUMP-04745,70,43.0,57.1,2.74,18,85.6,0
PUMP-04746,112,77.8,59.6,3.66,21,90.4,0
PUMP-04747,40,77.3,59.2,2.19,19,136.0,0
PUMP-04748,133,47.9,63.7,3.73,12,77.4,0
PUMP-04749,8,65.1,55.5,1.29,20,60.8,0
PUMP-04750,17,60.5,57.9,4.37,23,75.4,0
PUMP-04751,19,53.7,60.0,1.89,25,122.5,0
PUMP-04752,127,56.3,56.7,5.79,24,166.4,0
PUMP-04753,121,77.3,50.0,2.94,25,69.9,0
PUMP-04754,123,17.8,48.7,2.98,15,128.5,0
PUMP-04755,128,46.0,53.9,4.5,15,46.6,0
PUMP-04756,41,55.0,57.6,3.9,10,66.8,0
PUMP-04757,119,58.3,56.5,3.39,19,43.1,0
PUMP-04758,80,66.4,57.5,6.05,23,88.3,0
PUMP-04759,95,51.6,50.5,1.6,25,68.0,0
PUMP-04760,48,79.0,65.4,2.55,18,85.0,0
PUMP-04761,22,78.3,64.5,2.73,16,94.4,0
PUMP-04762,25,58.6,52.5,2.94,14,82.7,0
PUMP-04763,120,82.9,62.2,2.21,21,76.4,0
PUMP-04764,104,78.6,59.7,5.52,25,268.3,0
PUMP-04765,134,88.4,61.9,3.66,26,66.9,0
PUMP-04766,29,72.8,56.6,2.24,22,119.4,0
PUMP-04767,4,85.9,57.5,2.95,23,100.1,0
PUMP-04768,84,36.7,51.1,5.05,18,177.5,0
PUMP-04769,90,62.6,66.0,3.59,11,40.0,0
PUMP-04770,100,74.4,64.5,5.73,13,116.7,0
PUMP-04771,81,52.1,49.5,4.37,19,26.9,0
PUMP-04772,117,15.0,52.4,3.57,16,132.8,1
PUMP-04773,89,25.6,49.9,4.84,7,68.9,0
PUMP-04774,55,57.5,55.2,1.96,22,45.6,0
PUMP-04775,42,37.3,46.5,1.31,13,103.9,0
PUMP-04776,24,51.0,53.8,1.37,16,74.7,0
PUMP-04777,86,70.4,60.7,2.29,24,67.0,0
PUMP-04778,118,29.0,56.4,3.95,13,104.0,0
PUMP-04779,55,70.2,60.8,2.85,15,97.0,0
PUMP-04780,20,76.6,60.9,3.5,21,28.7,0
PUMP-04781,91,85.5,72.0,6.94,14,50.8,1
PUMP-04782,23,58.3,52.0,2.8,23,54.4,0
PUMP-04783,120,73.2,65.5,3.11,24,85.2,0
PUMP-04784,67,56.6,51.9,2.9,21,84.8,0
PUMP-04785,7,56.3,55.4,1.02,14,81.1,0
PUMP-04786,41,57.3,52.0,3.67,22,11.0,0
PUMP-04787,27,45.5,50.3,2.63,23,79.2,0
PUMP-04788,27,61.2,62.0,1.75,23,36.5,0
PUMP-04789,123,83.6,63.6,3.16,24,30.9,0
PUMP-04790,10,71.0,59.1,5.31,11,19.7,0
PUMP-04791,74,84.1,63.0,2.31,19,36.0,0
PUMP-04792,26,67.3,55.0,2.82,17,109.7,0
PUMP-04793,143,74.1,58.0,4.43,25,38.9,0
PUMP-04794,82,55.3,56.4,2.6,24,69.7,0
PUMP-04795,64,56.4,61.4,3.38,12,274.3,0
PUMP-04796,131,54.7,51.6,1.88,15,37.4,0
PUMP-04797,78,92.9,57.7,2.16,19,56.1,0
PUMP-04798,17,82.0,57.7,1.63,22,69.0,0
PUMP-04799,14,62.6,50.0,1.74,19,110.7,0
PUMP-04800,117,59.7,56.5,2.89,12,85.5,0
PUMP-04801,45,45.8,58.9,2.64,21,7.3,0
PUMP-04802,144,86.5,66.5,4.1,28,20.6,1
PUMP-04803,66,25.1,59.9,3.55,13,42.1,0
PUMP-04804,13,31.6,55.3,4.77,18,132.3,0
PUMP-04805,91,28.4,47.5,1.83,16,125.8,0
PUMP-04806,134,48.7,56.5,2.87,18,133.6,0
PUMP-04807,136,65.8,55.3,2.59,13,105.5,0
PUMP-04808,17,41.9,58.1,1.0,14,12.3,0
PUMP-04809,113,70.1,55.7,2.33,22,74.0,0
PUMP-04810,143,41.6,54.9,2.71,14,106.9,0
PUMP-04811,80,83.9,66.7,4.9,24,120.0,0
PUMP-04812,31,51.3,53.5,2.11,26,17.1,0
PUMP-04813,105,79.0,57.4,3.54,28,40.6,0
PUMP-04814,61,57.5,54.0,3.64,22,96.5,0
PUMP-04815,79,45.8,54.9,1.71,25,26.3,0
PUMP-04816,8,63.7,58.9,3.88,28,30.1,0
PUMP-04817,117,100.0,63.5,2.51,25,34.9,0
PUMP-04818,142,61.5,64.3,4.44,24,50.6,0
PUMP-04819,84,77.4,58.4,3.58,29,24.6,0
PUMP-04820,121,70.4,57.0,4.15,21,33.4,0
PUMP-04821,87,21.7,49.8,2.63,16,34.0,0
PUMP-04822,44,77.6,58.3,2.92,24,18.7,1
PUMP-04823,82,70.2,55.1,2.94,26,192.2,0
PUMP-04824,108,53.1,55.2,3.1,18,48.8,0
PUMP-04825,111,75.8,53.5,2.33,27,47.1,0
PUMP-04826,106,63.6,59.9,3.69,23,137.6,0
PUMP-04827,57,59.8,51.4,1.98,22,147.7,0
PUMP-04828,85,54.7,63.7,2.42,15,134.9,0
PUMP-04829,102,70.5,59.9,4.58,30,49.7,1
PUMP-04830,73,63.7,54.1,2.33,24,23.2,0
PUMP-04831,18,46.8,52.4,3.55,21,56.7,0
PUMP-04832,88,48.1,55.3,2.06,15,38.1,0
PUMP-04833,112,47.2,59.2,2.61,18,52.0,0
PUMP-04834,102,62.8,54.5,7.88,14,52.8,0
PUMP-04835,22,66.0,61.3,5.02,21,162.0,0
PUMP-04836,69,93.8,61.0,4.2,24,309.5,0
PUMP-04837,112,57.5,61.4,3.62,11,102.9,0
PUMP-04838,39,76.6,56.0,3.07,18,146.7,0
PUMP-04839,122,98.0,63.6,3.58,19,25.7,0
PUMP-04840,73,74.3,58.5,1.73,24,19.5,0
PUMP-04841,115,57.3,54.8,2.99,21,131.1,0
PUMP-04842,2,61.4,58.3,1.6,19,199.0,0
PUMP-04843,98,89.8,65.1,2.31,25,151.6,0
PUMP-04844,49,24.2,55.0,3.98,22,89.6,0
PUMP-04845,59,32.2,45.4,3.47,20,112.4,0
PUMP-04846,38,54.0,56.4,3.42,22,150.3,0
PUMP-04847,83,76.5,62.5,3.39,17,65.2,0
PUMP-04848,51,57.0,55.5,4.98,16,114.1,0
PUMP-04849,115,52.5,53.8,1.95,20,49.6,0
PUMP-04850,114,78.9,64.6,4.64,19,167.8,0
PUMP-04851,44,61.0,60.9,1.72,18,74.5,0
PUMP-04852,46,70.6,58.2,2.91,14,83.7,0
PUMP-04853,78,27.2,57.3,2.08,21,188.0,0
PUMP-04854,47,96.4,69.0,2.78,30,182.1,0
PUMP-04855,97,100.0,62.6,2.5,27,261.3,0
PUMP-04856,104,33.7,51.2,1.69,15,31.8,0
PUMP-04857,69,51.3,52.8,1.64,20,69.7,0
PUMP-04858,97,68.3,66.2,2.12,21,61.2,0
PUMP-04859,97,46.8,64.7,5.48,19,75.9,1
PUMP-04860,20,69.0,59.0,1.88,23,90.8,0
PUMP-04861,50,84.7,66.6,3.6,14,42.2,0
PUMP-04862,20,58.3,50.6,3.59,25,59.3,0
PUMP-04863,126,66.3,68.9,3.41,26,17.4,0
PUMP-04864,66,61.0,52.1,3.68,23,80.7,0
PUMP-04865,131,31.6,58.8,3.4,18,83.1,0
PUMP-04866,54,89.1,54.1,3.96,31,144.5,0
PUMP-04867,24,54.3,60.9,2.89,15,92.8,0
PUMP-04868,31,60.0,52.3,1.9,9,70.0,0
PUMP-04869,115,30.8,58.0,2.51,19,4.7,0
PUMP-04870,106,46.1,57.8,3.38,15,69.5,0
PUMP-04871,39,80.5,60.4,2.18,15,56.2,0
PUMP-04872,3,56.8,53.5,1.32,22,62.2,0
PUMP-04873,96,48.6,47.4,3.89,16,72.1,0
PUMP-04874,43,83.7,59.6,2.69,25,5.2,0
PUMP-04875,136,66.9,61.8,4.18,23,78.8,0
PUMP-04876,51,64.3,60.7,1.82,17,34.6,0
PUMP-04877,28,76.1,60.5,2.19,16,168.0,0
PUMP-04878,38,85.6,63.0,2.87,23,61.1,0
PUMP-04879,125,32.2,56.1,10.72,12,123.9,0
PUMP-04880,60,46.0,65.7,1.44,20,18.2,0
PUMP-04881,114,78.8,61.0,4.85,19,150.6,0
PUMP-04882,92,64.4,62.6,3.75,19,192.4,0
PUMP-04883,112,94.4,67.4,3.39,25,84.2,0
PUMP-04884,42,35.5,57.4,4.38,16,94.8,0
PUMP-04885,7,65.3,59.7,4.13,20,34.4,0
PUMP-04886,49,43.9,55.6,1.84,17,235.6,0
PUMP-04887,90,84.5,63.7,2.01,20,56.7,0
PUMP-04888,125,72.5,66.1,5.59,22,32.8,0
PUMP-04889,69,69.4,58.1,6.02,18,107.1,0
PUMP-04890,143,76.8,60.7,4.1,19,172.8,1
PUMP-04891,101,78.0,61.1,1.84,18,43.4,0
PUMP-04892,112,57.1,62.0,1.92,26,46.4,0
PUMP-04893,114,71.3,61.1,3.88,19,142.2,0
PUMP-04894,36,75.6,60.8,2.01,20,169.6,0
PUMP-04895,99,74.4,59.0,5.33,29,30.6,0
PUMP-04896,62,46.0,59.5,1.38,13,51.6,0
PUMP-04897,7,67.6,53.9,2.78,24,108.4,0
PUMP-04898,97,93.9,60.1,2.27,18,100.9,0
PUMP-04899,117,51.6,62.1,4.13,21,66.3,0
PUMP-04900,19,78.3,63.2,4.15,20,39.6,0
PUMP-04901,50,59.7,61.2,3.93,11,53.7,0
PUMP-04902,31,54.7,50.5,2.81,20,86.9,0
PUMP-04903,42,96.9,61.3,1.97,20,53.1,0
PUMP-04904,63,65.3,58.0,1.57,18,55.0,0
PUMP-04905,128,60.5,66.6,2.61,20,19.7,0
PUMP-04906,140,85.1,56.1,5.81,15,4.4,1
PUMP-04907,63,52.8,54.9,1.9,20,172.2,0
PUMP-04908,7,85.0,49.2,1.71,23,45.1,0
PUMP-04909,86,60.7,58.6,2.22,21,87.6,0
PUMP-04910,37,38.5,45.4,5.65,13,46.2,0
PUMP-04911,61,71.1,54.1,2.15,18,94.9,0
PUMP-04912,30,61.3,60.7,3.05,20,45.3,0
PUMP-04913,31,71.9,53.8,1.64,24,140.8,0
PUMP-04914,74,65.6,63.4,3.24,19,101.4,0
PUMP-04915,82,57.1,60.0,4.49,21,152.3,0
PUMP-04916,50,39.2,58.2,1.61,16,71.3,0
PUMP-04917,48,71.7,50.5,2.41,14,118.2,0
PUMP-04918,85,37.6,45.0,4.13,16,55.3,0
PUMP-04919,114,62.9,68.3,2.14,18,76.7,0
PUMP-04920,138,82.9,59.8,4.13,17,29.1,0
PUMP-04921,41,75.1,59.1,2.94,16,63.9,0
PUMP-04922,60,61.9,60.6,3.44,13,184.7,0
PUMP-04923,86,60.5,60.5,2.11,17,124.2,0
PUMP-04924,115,67.8,65.3,2.9,20,60.5,0
PUMP-04925,38,68.6,60.4,2.17,21,87.8,0
PUMP-04926,124,75.6,64.2,2.29,19,97.4,0
PUMP-04927,20,63.5,65.4,1.86,18,71.7,0
PUMP-04928,78,44.8,56.2,4.53,26,61.7,0
PUMP-04929,48,69.3,53.1,4.75,24,149.7,0
PUMP-04930,68,57.1,58.5,2.65,24,81.6,0
PUMP-04931,108,83.2,59.1,2.04,18,46.1,0
PUMP-04932,78,63.5,62.2,4.16,22,94.7,0
PUMP-04933,34,77.1,58.3,3.65,17,72.7,0
PUMP-04934,125,69.3,60.6,3.77,22,40.9,0
PUMP-04935,135,59.3,61.7,3.83,27,15.3,0
PUMP-04936,69,92.4,65.0,5.42,20,90.9,1
PUMP-04937,25,45.2,48.3,2.03,15,58.4,0
PUMP-04938,65,93.0,63.4,4.81,20,34.2,1
PUMP-04939,82,62.0,62.3,2.1,12,194.4,0
PUMP-04940,25,75.8,58.4,2.11,24,23.8,0
PUMP-04941,25,79.6,50.2,2.66,27,47.0,0
PUMP-04942,94,17.3,44.8,2.5,14,36.6,0
PUMP-04943,101,82.7,66.6,3.17,24,74.2,0
PUMP-04944,122,33.8,50.2,2.61,16,74.3,0
PUMP-04945,53,67.5,57.1,4.48,17,104.3,0
PUMP-04946,18,48.8,58.1,1.69,18,237.9,0
PUMP-04947,20,67.5,58.9,2.36,20,218.1,0
PUMP-04948,12,55.7,57.1,4.72,14,41.2,0
PUMP-04949,127,66.2,56.0,2.62,15,72.2,0
PUMP-04950,62,83.5,61.1,3.48,24,21.5,0
PUMP-04951,2,71.2,54.2,2.28,25,13.8,0
PUMP-04952,102,54.8,64.3,2.58,15,3.7,0
PUMP-04953,61,68.3,54.0,3.13,21,39.2,0
PUMP-04954,45,49.9,59.6,1.46,11,65.3,0
PUMP-04955,100,59.3,59.7,5.64,23,38.9,0
PUMP-04956,3,70.7,59.3,3.81,26,26.1,0
PUMP-04957,77,81.7,64.4,3.67,17,61.9,0
PUMP-04958,130,47.5,62.6,5.06,13,82.8,0
PUMP-04959,36,64.3,53.4,1.6,23,19.8,0
PUMP-04960,17,55.8,55.6,2.18,14,35.8,0
PUMP-04961,26,75.8,56.2,6.11,15,18.5,0
PUMP-04962,138,47.1,61.0,5.92,15,29.1,1
PUMP-04963,139,58.7,59.2,3.63,17,283.3,0
PUMP-04964,27,41.9,57.1,5.26,14,113.4,0
PUMP-04965,117,91.9,68.7,3.49,27,39.5,0
PUMP-04966,115,43.3,54.6,1.87,25,110.6,0
PUMP-04967,107,64.8,57.9,2.22,21,84.4,0
PUMP-04968,4,62.2,50.8,3.83,21,53.7,0
PUMP-04969,128,54.0,60.9,2.23,22,77.1,0
PUMP-04970,94,61.2,65.9,2.13,18,22.5,0
PUMP-04971,132,55.3,56.5,5.72,19,18.7,0
PUMP-04972,104,49.2,47.1,3.31,14,103.9,0
PUMP-04973,123,55.1,54.1,1.99,21,77.4,0
PUMP-04974,61,53.9,58.0,3.43,15,28.1,0
PUMP-04975,124,57.7,58.9,3.78,12,155.6,0
PUMP-04976,127,61.1,60.4,6.61,20,31.8,0
PUMP-04977,102,48.4,56.6,4.95,12,103.5,0
PUMP-04978,60,39.9,56.6,1.52,23,168.4,0
PUMP-04979,124,41.8,55.7,3.96,21,84.9,0
PUMP-04980,29,91.4,69.1,2.04,24,28.9,0
PUMP-04981,93,100.0,65.9,3.39,26,45.1,0
PUMP-04982,59,48.5,53.3,4.09,20,77.2,0
PUMP-04983,40,65.1,59.9,3.11,20,57.0,0
PUMP-04984,51,94.2,58.6,2.92,25,132.8,0
PUMP-04985,119,53.8,56.6,3.49,17,37.2,0
PUMP-04986,93,62.9,65.2,5.37,19,60.7,0
PUMP-04987,93,62.4,63.3,3.5,16,43.2,0
PUMP-04988,66,61.7,63.0,2.52,17,20.8,0
PUMP-04989,63,78.6,56.0,3.19,15,28.4,0
PUMP-04990,35,77.8,57.3,4.28,22,38.4,0
PUMP-04991,3,22.1,45.7,0.65,14,33.2,0
PUMP-04992,133,54.1,56.5,4.37,20,67.1,0
PUMP-04993,105,69.1,54.1,2.26,20,107.5,0
PUMP-04994,26,65.0,54.6,4.61,15,72.2,0
PUMP-04995,92,59.2,51.5,2.98,17,122.0,0
PUMP-04996,102,75.9,61.3,3.82,22,150.0,0
PUMP-04997,98,58.6,58.3,3.02,24,62.8,0
PUMP-04998,12,59.1,55.7,1.15,15,54.4,0
PUMP-04999,116,77.7,63.0,5.51,27,343.2,1
PUMP-05000,52,80.9,59.3,3.17,20,154.2,0
